L -1116.4782, -867.8413, 0.0000, -1092.3391, -863.4793, 0.0000, 84, 74, 62
L -1092.3391, -863.4793, 0.0000, -1068.2001, -861.9343, 0.0000, 84, 74, 62
L -1068.2001, -861.9343, 0.0000, -1044.0610, -857.1247, 0.0000, 84, 74, 62
L -1044.0610, -857.1247, 0.0000, -1019.9220, -859.8882, 0.0000, 84, 74, 62
L -1019.9220, -859.8882, 0.0000, -995.7830, -857.3550, 0.0000, 84, 74, 62
L -995.7830, -857.3550, 0.0000, -971.6440, -861.3003, 0.0000, 84, 74, 62
L -971.6440, -861.3003, 0.0000, -947.5050, -864.6703, 0.0000, 84, 74, 62
L -947.5050, -864.6703, 0.0000, -923.3659, -868.7943, 0.0000, 84, 74, 62
L -923.3659, -868.7943, 0.0000, -899.2269, -871.7544, 0.0000, 84, 74, 62
L -899.2269, -871.7544, 0.0000, -875.0879, -874.4308, 0.0000, 84, 74, 62
L -875.0879, -874.4308, 0.0000, -850.9488, -878.8407, 0.0000, 84, 74, 62
L -850.9488, -878.8407, 0.0000, -826.8098, -878.8496, 0.0000, 84, 74, 62
L -826.8098, -878.8496, 0.0000, -802.6708, -874.1531, 0.0000, 84, 74, 62
L -802.6708, -874.1531, 0.0000, -778.5317, -873.3403, 0.0000, 84, 74, 62
L -778.5317, -873.3403, 0.0000, -754.3927, -869.8769, 0.0000, 84, 74, 62
L -754.3927, -869.8769, 0.0000, -730.2536, -865.9125, 0.0000, 84, 74, 62
L -730.2536, -865.9125, 0.0000, -706.1146, -863.3259, 0.0000, 84, 74, 62
L -706.1146, -863.3259, 0.0000, -681.9757, -859.0835, 0.0000, 84, 74, 62
L -681.9757, -859.0835, 0.0000, -657.8366, -856.7560, 0.0000, 84, 74, 62
L -657.8366, -856.7560, 0.0000, -633.6976, -856.4587, 0.0000, 84, 74, 62
L -633.6976, -856.4587, 0.0000, -609.5585, -859.1423, 0.0000, 84, 74, 62
L -609.5585, -859.1423, 0.0000, -585.4195, -862.1525, 0.0000, 84, 74, 62
L -585.4195, -862.1525, 0.0000, -561.2805, -866.3963, 0.0000, 84, 74, 62
L -561.2805, -866.3963, 0.0000, -537.1414, -870.2136, 0.0000, 84, 74, 62
L -537.1414, -870.2136, 0.0000, -513.0024, -874.7288, 0.0000, 84, 74, 62
L -513.0024, -874.7288, 0.0000, -488.8633, -875.9947, 0.0000, 84, 74, 62
L -488.8633, -875.9947, 0.0000, -464.7243, -877.1553, 0.0000, 84, 74, 62
L -464.7243, -877.1553, 0.0000, -440.5853, -877.7096, 0.0000, 84, 74, 62
L -440.5853, -877.7096, 0.0000, -416.4462, -876.3736, 0.0000, 84, 74, 62
L -416.4462, -876.3736, 0.0000, -392.3072, -872.2039, 0.0000, 84, 74, 62
L -392.3072, -872.2039, 0.0000, -368.1683, -868.2403, 0.0000, 84, 74, 62
L -368.1683, -868.2403, 0.0000, -344.0292, -864.2250, 0.0000, 84, 74, 62
L -344.0292, -864.2250, 0.0000, -319.8902, -860.9477, 0.0000, 84, 74, 62
L -319.8902, -860.9477, 0.0000, -295.7511, -859.1166, 0.0000, 84, 74, 62
L -295.7511, -859.1166, 0.0000, -271.6121, -857.7012, 0.0000, 84, 74, 62
L -271.6121, -857.7012, 0.0000, -247.4731, -860.4541, 0.0000, 84, 74, 62
L -247.4731, -860.4541, 0.0000, -223.3340, -859.7277, 0.0000, 84, 74, 62
L -223.3340, -859.7277, 0.0000, -199.1950, -863.9619, 0.0000, 84, 74, 62
L -199.1950, -863.9619, 0.0000, -175.0559, -868.2390, 0.0000, 84, 74, 62
L -175.0559, -868.2390, 0.0000, -150.9169, -872.8551, 0.0000, 84, 74, 62
L -150.9169, -872.8551, 0.0000, -126.7779, -876.4744, 0.0000, 84, 74, 62
L -126.7779, -876.4744, 0.0000, -102.6388, -875.1413, 0.0000, 84, 74, 62
L -102.6388, -875.1413, 0.0000, -78.4998, -878.6331, 0.0000, 84, 74, 62
L -78.4998, -878.6331, 0.0000, -54.3609, -874.1717, 0.0000, 84, 74, 62
L -54.3609, -874.1717, 0.0000, -30.2218, -874.0273, 0.0000, 84, 74, 62
L -30.2218, -874.0273, 0.0000, -6.0828, -870.7543, 0.0000, 84, 74, 62
L -6.0828, -870.7543, 0.0000, 18.0563, -866.4386, 0.0000, 84, 74, 62
L 18.0563, -866.4386, 0.0000, 42.1953, -861.9721, 0.0000, 84, 74, 62
L 42.1953, -861.9721, 0.0000, 66.3343, -860.1046, 0.0000, 84, 74, 62
L 66.3343, -860.1046, 0.0000, 90.4734, -859.1399, 0.0000, 84, 74, 62
L 90.4734, -859.1399, 0.0000, 114.6124, -858.1505, 0.0000, 84, 74, 62
L 114.6124, -858.1505, 0.0000, 138.7515, -860.3325, 0.0000, 84, 74, 62
L 138.7515, -860.3325, 0.0000, 162.8905, -862.5831, 0.0000, 84, 74, 62
L 162.8905, -862.5831, 0.0000, 187.0295, -866.4926, 0.0000, 84, 74, 62
L 187.0295, -866.4926, 0.0000, 211.1686, -869.7914, 0.0000, 84, 74, 62
L 211.1686, -869.7914, 0.0000, 235.3075, -872.4152, 0.0000, 84, 74, 62
L 235.3075, -872.4152, 0.0000, 259.4466, -876.8437, 0.0000, 84, 74, 62
L 259.4466, -876.8437, 0.0000, 283.5856, -875.3988, 0.0000, 84, 74, 62
L 283.5856, -875.3988, 0.0000, 307.7246, -878.5799, 0.0000, 84, 74, 62
L 307.7246, -878.5799, 0.0000, 331.8637, -876.3382, 0.0000, 84, 74, 62
L 331.8637, -876.3382, 0.0000, 356.0027, -872.6272, 0.0000, 84, 74, 62
L 356.0027, -872.6272, 0.0000, 380.1417, -868.5679, 0.0000, 84, 74, 62
L 380.1417, -868.5679, 0.0000, 404.2808, -864.5601, 0.0000, 84, 74, 62
L 404.2808, -864.5601, 0.0000, 428.4198, -861.9208, 0.0000, 84, 74, 62
L 428.4198, -861.9208, 0.0000, 452.5589, -858.1801, 0.0000, 84, 74, 62
L 452.5589, -858.1801, 0.0000, 476.6979, -860.5380, 0.0000, 84, 74, 62
L 476.6979, -860.5380, 0.0000, 500.8369, -856.8131, 0.0000, 84, 74, 62
L 500.8369, -856.8131, 0.0000, 524.9760, -860.8317, 0.0000, 84, 74, 62
L 524.9760, -860.8317, 0.0000, 549.1149, -864.1730, 0.0000, 84, 74, 62
L 549.1149, -864.1730, 0.0000, 573.2540, -867.8413, 0.0000, 84, 74, 62
L 573.2540, -867.8413, 0.0000, 570.3522, -841.7401, 0.0000, 84, 74, 62
L 570.3522, -841.7401, 0.0000, 565.4427, -815.6390, 0.0000, 84, 74, 62
L 565.4427, -815.6390, 0.0000, 565.5057, -789.5379, 0.0000, 84, 74, 62
L 565.5057, -789.5379, 0.0000, 565.3369, -763.4367, 0.0000, 84, 74, 62
L 565.3369, -763.4367, 0.0000, 563.7688, -737.3356, 0.0000, 84, 74, 62
L 563.7688, -737.3356, 0.0000, 567.2674, -711.2344, 0.0000, 84, 74, 62
L 567.2674, -711.2344, 0.0000, 570.6362, -685.1333, 0.0000, 84, 74, 62
L 570.6362, -685.1333, 0.0000, 574.0654, -659.0320, 0.0000, 84, 74, 62
L 574.0654, -659.0320, 0.0000, 578.6039, -632.9309, 0.0000, 84, 74, 62
L 578.6039, -632.9309, 0.0000, 580.3393, -606.8297, 0.0000, 84, 74, 62
L 580.3393, -606.8297, 0.0000, 584.3482, -580.7286, 0.0000, 84, 74, 62
L 584.3482, -580.7286, 0.0000, 582.8656, -554.6274, 0.0000, 84, 74, 62
L 582.8656, -554.6274, 0.0000, 580.3957, -528.5263, 0.0000, 84, 74, 62
L 676.6669, -509.0771, 0.0000, 675.1820, -480.0488, 0.0000, 84, 74, 62
L 675.1820, -480.0488, 0.0000, 671.3310, -451.0205, 0.0000, 84, 74, 62
L 671.3310, -451.0205, 0.0000, 667.1676, -421.9922, 0.0000, 84, 74, 62
L 667.1676, -421.9922, 0.0000, 662.7140, -392.9638, 0.0000, 84, 74, 62
L 662.7140, -392.9638, 0.0000, 658.9876, -363.9355, 0.0000, 84, 74, 62
L 658.9876, -363.9355, 0.0000, 656.8649, -334.9072, 0.0000, 84, 74, 62
L 656.8649, -334.9072, 0.0000, 656.2209, -305.8789, 0.0000, 84, 74, 62
L 656.2209, -305.8789, 0.0000, 661.2713, -276.8506, 0.0000, 84, 74, 62
L 661.2713, -276.8506, 0.0000, 663.4762, -247.8223, 0.0000, 84, 74, 62
L 663.4762, -247.8223, 0.0000, 667.4870, -218.7940, 0.0000, 84, 74, 62
L 667.4870, -218.7940, 0.0000, 672.0354, -189.7657, 0.0000, 84, 74, 62
L 672.0354, -189.7657, 0.0000, 673.7247, -160.7374, 0.0000, 84, 74, 62
L 673.7247, -160.7374, 0.0000, 677.1179, -131.7090, 0.0000, 84, 74, 62
L 677.1179, -131.7090, 0.0000, 680.6818, -102.6807, 0.0000, 84, 74, 62
L 680.6818, -102.6807, 0.0000, 678.9525, -73.6524, 0.0000, 84, 74, 62
L 678.9525, -73.6524, 0.0000, 677.9912, -44.6241, 0.0000, 84, 74, 62
L 677.9912, -44.6241, 0.0000, 673.3604, -15.5958, 0.0000, 84, 74, 62
L 673.3604, -15.5958, 0.0000, 669.1373, 13.4325, 0.0000, 84, 74, 62
L 669.1373, 13.4325, 0.0000, 664.7510, 42.4608, 0.0000, 84, 74, 62
L 664.7510, 42.4608, 0.0000, 663.0005, 71.4891, 0.0000, 84, 74, 62
L 663.0005, 71.4891, 0.0000, 659.7828, 100.5174, 0.0000, 84, 74, 62
L 659.7828, 100.5174, 0.0000, 659.6685, 129.5458, 0.0000, 84, 74, 62
L 659.6685, 129.5458, 0.0000, 658.2601, 158.5741, 0.0000, 84, 74, 62
L 658.2601, 158.5741, 0.0000, 660.1530, 187.6024, 0.0000, 84, 74, 62
L 660.1530, 187.6024, 0.0000, 664.1969, 216.6307, 0.0000, 84, 74, 62
L 664.1969, 216.6307, 0.0000, 669.1239, 245.6590, 0.0000, 84, 74, 62
L 669.1239, 245.6590, 0.0000, 672.3616, 274.6873, 0.0000, 84, 74, 62
L 672.3616, 274.6873, 0.0000, 677.2242, 303.7156, 0.0000, 84, 74, 62
L 677.2242, 303.7156, 0.0000, 676.6515, 332.7439, 0.0000, 84, 74, 62
L 676.6515, 332.7439, 0.0000, 677.9678, 361.7722, 0.0000, 84, 74, 62
L 677.9678, 361.7722, 0.0000, 680.2091, 390.8006, 0.0000, 84, 74, 62
L 680.2091, 390.8006, 0.0000, 673.8808, 419.8289, 0.0000, 84, 74, 62
L 673.8808, 419.8289, 0.0000, 671.0168, 448.8572, 0.0000, 84, 74, 62
L 671.0168, 448.8572, 0.0000, 667.6096, 477.8855, 0.0000, 84, 74, 62
L 667.6096, 477.8855, 0.0000, 662.5619, 506.9138, 0.0000, 84, 74, 62
L 662.5619, 506.9138, 0.0000, 662.2852, 535.9421, 0.0000, 84, 74, 62
L 662.2852, 535.9421, 0.0000, 659.0644, 564.9704, 0.0000, 84, 74, 62
L 659.0644, 564.9704, 0.0000, 659.8510, 593.9987, 0.0000, 84, 74, 62
L 659.8510, 593.9987, 0.0000, 657.8686, 623.0271, 0.0000, 84, 74, 62
L 657.8686, 623.0271, 0.0000, 661.9869, 652.0554, 0.0000, 84, 74, 62
L 661.9869, 652.0554, 0.0000, 666.7397, 681.0837, 0.0000, 84, 74, 62
L 666.7397, 681.0837, 0.0000, 670.6100, 710.1120, 0.0000, 84, 74, 62
L 670.6100, 710.1120, 0.0000, 674.2616, 739.1403, 0.0000, 84, 74, 62
L 674.2616, 739.1403, 0.0000, 678.3472, 768.1686, 0.0000, 84, 74, 62
L 678.3472, 768.1686, 0.0000, 680.1363, 797.1969, 0.0000, 84, 74, 62
L 680.1363, 797.1969, 0.0000, 680.2848, 826.2252, 0.0000, 84, 74, 62
L 680.2848, 826.2252, 0.0000, 678.7277, 855.2535, 0.0000, 84, 74, 62
L 678.7277, 855.2535, 0.0000, 672.6708, 884.2819, 0.0000, 84, 74, 62
L 672.6708, 884.2819, 0.0000, 669.7772, 913.3102, 0.0000, 84, 74, 62
L 669.7772, 913.3102, 0.0000, 665.2803, 942.3385, 0.0000, 84, 74, 62
L 665.2803, 942.3385, 0.0000, 661.2546, 971.3668, 0.0000, 84, 74, 62
L 661.2546, 971.3668, 0.0000, 659.7377, 1000.3951, 0.0000, 84, 74, 62
L 659.7377, 1000.3951, 0.0000, 660.2797, 1029.4234, 0.0000, 84, 74, 62
L 660.2797, 1029.4234, 0.0000, 656.8024, 1058.4517, 0.0000, 84, 74, 62
L 656.8024, 1058.4517, 0.0000, 661.2475, 1087.4800, 0.0000, 84, 74, 62
L 661.2475, 1087.4800, 0.0000, 665.4477, 1116.5083, 0.0000, 84, 74, 62
L 665.4477, 1116.5083, 0.0000, 668.7243, 1145.5367, 0.0000, 84, 74, 62
L 668.7243, 1145.5367, 0.0000, 641.8781, 1140.6015, 0.0000, 84, 74, 62
L 641.8781, 1140.6015, 0.0000, 615.0320, 1137.2713, 0.0000, 84, 74, 62
L 615.0320, 1137.2713, 0.0000, 588.1858, 1137.0896, 0.0000, 84, 74, 62
L 588.1858, 1137.0896, 0.0000, 561.3397, 1133.2327, 0.0000, 84, 74, 62
L 561.3397, 1133.2327, 0.0000, 534.4936, 1136.8018, 0.0000, 84, 74, 62
L 534.4936, 1136.8018, 0.0000, 507.6474, 1138.3298, 0.0000, 84, 74, 62
L 507.6474, 1138.3298, 0.0000, 480.8013, 1142.7048, 0.0000, 84, 74, 62
L 480.8013, 1142.7048, 0.0000, 453.9551, 1146.6789, 0.0000, 84, 74, 62
L 453.9551, 1146.6789, 0.0000, 427.1090, 1151.5645, 0.0000, 84, 74, 62
L 427.1090, 1151.5645, 0.0000, 400.2629, 1152.2487, 0.0000, 84, 74, 62
L 400.2629, 1152.2487, 0.0000, 373.4167, 1153.1802, 0.0000, 84, 74, 62
L 373.4167, 1153.1802, 0.0000, 346.5706, 1154.5924, 0.0000, 84, 74, 62
L 346.5706, 1154.5924, 0.0000, 319.7245, 1153.0516, 0.0000, 84, 74, 62
L 319.7245, 1153.0516, 0.0000, 292.8783, 1151.6547, 0.0000, 84, 74, 62
L 292.8783, 1151.6547, 0.0000, 266.0322, 1147.8686, 0.0000, 84, 74, 62
L 266.0322, 1147.8686, 0.0000, 239.1860, 1143.3910, 0.0000, 84, 74, 62
L 239.1860, 1143.3910, 0.0000, 212.3399, 1138.5365, 0.0000, 84, 74, 62
L 212.3399, 1138.5365, 0.0000, 185.4938, 1135.0042, 0.0000, 84, 74, 62
L 185.4938, 1135.0042, 0.0000, 158.6476, 1134.9493, 0.0000, 84, 74, 62
L 158.6476, 1134.9493, 0.0000, 131.8015, 1134.7019, 0.0000, 84, 74, 62
L 131.8015, 1134.7019, 0.0000, 104.9553, 1137.4054, 0.0000, 84, 74, 62
L 104.9553, 1137.4054, 0.0000, 78.1092, 1140.6784, 0.0000, 84, 74, 62
L 78.1092, 1140.6784, 0.0000, 51.2631, 1144.2702, 0.0000, 84, 74, 62
L 51.2631, 1144.2702, 0.0000, 24.4169, 1148.1489, 0.0000, 84, 74, 62
L 24.4169, 1148.1489, 0.0000, -2.4292, 1151.8714, 0.0000, 84, 74, 62
L -2.4292, 1151.8714, 0.0000, -29.2754, 1152.9814, 0.0000, 84, 74, 62
L -29.2754, 1152.9814, 0.0000, -56.1215, 1158.0675, 0.0000, 84, 74, 62
L -56.1215, 1158.0675, 0.0000, -82.9676, 1155.8606, 0.0000, 84, 74, 62
L -82.9676, 1155.8606, 0.0000, -109.8138, 1152.3904, 0.0000, 84, 74, 62
L -109.8138, 1152.3904, 0.0000, -136.6599, 1150.8933, 0.0000, 84, 74, 62
L -136.6599, 1150.8933, 0.0000, -163.5060, 1145.9510, 0.0000, 84, 74, 62
L -163.5060, 1145.9510, 0.0000, -190.3522, 1141.5919, 0.0000, 84, 74, 62
L -190.3522, 1141.5919, 0.0000, -217.1983, 1138.7001, 0.0000, 84, 74, 62
L -217.1983, 1138.7001, 0.0000, -244.0445, 1136.5521, 0.0000, 84, 74, 62
L -244.0445, 1136.5521, 0.0000, -270.8906, 1136.4969, 0.0000, 84, 74, 62
L -270.8906, 1136.4969, 0.0000, -297.7367, 1137.8572, 0.0000, 84, 74, 62
L -297.7367, 1137.8572, 0.0000, -324.5829, 1139.3651, 0.0000, 84, 74, 62
L -324.5829, 1139.3651, 0.0000, -351.4290, 1141.5377, 0.0000, 84, 74, 62
L -351.4290, 1141.5377, 0.0000, -378.2752, 1145.9412, 0.0000, 84, 74, 62
L -378.2752, 1145.9412, 0.0000, -405.1213, 1149.8595, 0.0000, 84, 74, 62
L -405.1213, 1149.8595, 0.0000, -431.9674, 1154.3858, 0.0000, 84, 74, 62
L -431.9674, 1154.3858, 0.0000, -458.8136, 1154.6414, 0.0000, 84, 74, 62
L -458.8136, 1154.6414, 0.0000, -485.6597, 1154.5684, 0.0000, 84, 74, 62
L -485.6597, 1154.5684, 0.0000, -512.5058, 1154.7308, 0.0000, 84, 74, 62
L -512.5058, 1154.7308, 0.0000, -539.3520, 1152.6946, 0.0000, 84, 74, 62
L -539.3520, 1152.6946, 0.0000, -566.1981, 1148.5491, 0.0000, 84, 74, 62
L -566.1981, 1148.5491, 0.0000, -593.0443, 1143.9620, 0.0000, 84, 74, 62
L -593.0443, 1143.9620, 0.0000, -619.8904, 1141.3308, 0.0000, 84, 74, 62
L -619.8904, 1141.3308, 0.0000, -646.7365, 1138.8535, 0.0000, 84, 74, 62
L -646.7365, 1138.8535, 0.0000, -673.5827, 1134.1170, 0.0000, 84, 74, 62
L -673.5827, 1134.1170, 0.0000, -700.4288, 1136.5171, 0.0000, 84, 74, 62
L -700.4288, 1136.5171, 0.0000, -727.2750, 1137.6139, 0.0000, 84, 74, 62
L -727.2750, 1137.6139, 0.0000, -754.1211, 1139.5696, 0.0000, 84, 74, 62
L -754.1211, 1139.5696, 0.0000, -780.9672, 1143.2298, 0.0000, 84, 74, 62
L -780.9672, 1143.2298, 0.0000, -807.8134, 1147.9368, 0.0000, 84, 74, 62
L -807.8134, 1147.9368, 0.0000, -834.6595, 1150.2075, 0.0000, 84, 74, 62
L -834.6595, 1150.2075, 0.0000, -861.5057, 1153.5594, 0.0000, 84, 74, 62
L -861.5057, 1153.5594, 0.0000, -888.3518, 1156.2834, 0.0000, 84, 74, 62
L -888.3518, 1156.2834, 0.0000, -915.1979, 1157.6074, 0.0000, 84, 74, 62
L -915.1979, 1157.6074, 0.0000, -942.0441, 1155.4598, 0.0000, 84, 74, 62
L -942.0441, 1155.4598, 0.0000, -968.8902, 1150.2416, 0.0000, 84, 74, 62
L -968.8902, 1150.2416, 0.0000, -995.7363, 1146.3865, 0.0000, 84, 74, 62
L -995.7363, 1146.3865, 0.0000, -1022.5825, 1142.3586, 0.0000, 84, 74, 62
L -1022.5825, 1142.3586, 0.0000, -1049.4286, 1139.0802, 0.0000, 84, 74, 62
L -1049.4286, 1139.0802, 0.0000, -1076.2748, 1136.8032, 0.0000, 84, 74, 62
L -1076.2748, 1136.8032, 0.0000, -1103.1209, 1133.0632, 0.0000, 84, 74, 62
L -1103.1209, 1133.0632, 0.0000, -1129.9670, 1134.2813, 0.0000, 84, 74, 62
L -1129.9670, 1134.2813, 0.0000, -1156.8132, 1137.5511, 0.0000, 84, 74, 62
L -1156.8132, 1137.5511, 0.0000, -1183.6593, 1142.2784, 0.0000, 84, 74, 62
L -1183.6593, 1142.2784, 0.0000, -1210.5055, 1145.5367, 0.0000, 84, 74, 62
L -1210.5055, 1145.5367, 0.0000, -1205.7345, 1116.5083, 0.0000, 84, 74, 62
L -1205.7345, 1116.5083, 0.0000, -1204.5325, 1087.4800, 0.0000, 84, 74, 62
L -1204.5325, 1087.4800, 0.0000, -1201.4517, 1058.4517, 0.0000, 84, 74, 62
L -1201.4517, 1058.4517, 0.0000, -1198.8202, 1029.4234, 0.0000, 84, 74, 62
L -1198.8202, 1029.4234, 0.0000, -1200.4982, 1000.3951, 0.0000, 84, 74, 62
L -1200.4982, 1000.3951, 0.0000, -1204.0510, 971.3668, 0.0000, 84, 74, 62
L -1204.0510, 971.3668, 0.0000, -1206.5394, 942.3385, 0.0000, 84, 74, 62
L -1206.5394, 942.3385, 0.0000, -1211.6198, 913.3102, 0.0000, 84, 74, 62
L -1211.6198, 913.3102, 0.0000, -1215.2560, 884.2819, 0.0000, 84, 74, 62
L -1215.2560, 884.2819, 0.0000, -1217.4750, 855.2535, 0.0000, 84, 74, 62
L -1217.4750, 855.2535, 0.0000, -1219.6314, 826.2252, 0.0000, 84, 74, 62
L -1219.6314, 826.2252, 0.0000, -1221.2718, 797.1969, 0.0000, 84, 74, 62
L -1221.2718, 797.1969, 0.0000, -1221.0815, 768.1686, 0.0000, 84, 74, 62
L -1221.0815, 768.1686, 0.0000, -1216.3597, 739.1403, 0.0000, 84, 74, 62
L -1216.3597, 739.1403, 0.0000, -1212.5703, 710.1120, 0.0000, 84, 74, 62
L -1212.5703, 710.1120, 0.0000, -1208.8774, 681.0837, 0.0000, 84, 74, 62
L -1208.8774, 681.0837, 0.0000, -1205.8070, 652.0554, 0.0000, 84, 74, 62
L -1205.8070, 652.0554, 0.0000, -1202.0364, 623.0271, 0.0000, 84, 74, 62
L -1202.0364, 623.0271, 0.0000, -1200.1135, 593.9987, 0.0000, 84, 74, 62
L -1200.1135, 593.9987, 0.0000, -1200.6393, 564.9704, 0.0000, 84, 74, 62
L -1200.6393, 564.9704, 0.0000, -1201.9814, 535.9421, 0.0000, 84, 74, 62
L -1201.9814, 535.9421, 0.0000, -1203.8828, 506.9138, 0.0000, 84, 74, 62
L -1203.8828, 506.9138, 0.0000, -1208.7675, 477.8855, 0.0000, 84, 74, 62
L -1208.7675, 477.8855, 0.0000, -1213.5903, 448.8572, 0.0000, 84, 74, 62
L -1213.5903, 448.8572, 0.0000, -1215.7296, 419.8289, 0.0000, 84, 74, 62
L -1215.7296, 419.8289, 0.0000, -1220.0517, 390.8006, 0.0000, 84, 74, 62
L -1220.0517, 390.8006, 0.0000, -1219.8376, 361.7722, 0.0000, 84, 74, 62
L -1219.8376, 361.7722, 0.0000, -1221.0876, 332.7439, 0.0000, 84, 74, 62
L -1221.0876, 332.7439, 0.0000, -1218.7226, 303.7156, 0.0000, 84, 74, 62
L -1218.7226, 303.7156, 0.0000, -1215.1830, 274.6873, 0.0000, 84, 74, 62
L -1215.1830, 274.6873, 0.0000, -1211.0435, 245.6590, 0.0000, 84, 74, 62
L -1211.0435, 245.6590, 0.0000, -1207.6521, 216.6307, 0.0000, 84, 74, 62
L -1207.6521, 216.6307, 0.0000, -1204.0254, 187.6024, 0.0000, 84, 74, 62
L -1204.0254, 187.6024, 0.0000, -1201.3023, 158.5741, 0.0000, 84, 74, 62
L -1201.3023, 158.5741, 0.0000, -1199.4720, 129.5458, 0.0000, 84, 74, 62
L -1199.4720, 129.5458, 0.0000, -1201.3821, 100.5174, 0.0000, 84, 74, 62
L -1201.3821, 100.5174, 0.0000, -1202.0185, 71.4891, 0.0000, 84, 74, 62
L -1202.0185, 71.4891, 0.0000, -1206.6926, 42.4608, 0.0000, 84, 74, 62
L -1206.6926, 42.4608, 0.0000, -1210.9135, 13.4325, 0.0000, 84, 74, 62
L -1210.9135, 13.4325, 0.0000, -1213.9762, -15.5958, 0.0000, 84, 74, 62
L -1213.9762, -15.5958, 0.0000, -1219.6191, -44.6241, 0.0000, 84, 74, 62
L -1219.6191, -44.6241, 0.0000, -1220.4420, -73.6524, 0.0000, 84, 74, 62
L -1220.4420, -73.6524, 0.0000, -1219.1124, -102.6807, 0.0000, 84, 74, 62
L -1219.1124, -102.6807, 0.0000, -1217.5657, -131.7090, 0.0000, 84, 74, 62
L -1217.5657, -131.7090, 0.0000, -1217.9136, -160.7374, 0.0000, 84, 74, 62
L -1217.9136, -160.7374, 0.0000, -1212.9767, -189.7657, 0.0000, 84, 74, 62
L -1212.9767, -189.7657, 0.0000, -1209.3310, -218.7940, 0.0000, 84, 74, 62
L -1209.3310, -218.7940, 0.0000, -1205.7324, -247.8223, 0.0000, 84, 74, 62
L -1205.7324, -247.8223, 0.0000, -1203.3492, -276.8506, 0.0000, 84, 74, 62
L -1203.3492, -276.8506, 0.0000, -1199.0337, -305.8789, 0.0000, 84, 74, 62
L -1199.0337, -305.8789, 0.0000, -1198.0985, -334.9072, 0.0000, 84, 74, 62
L -1198.0985, -334.9072, 0.0000, -1199.7587, -363.9355, 0.0000, 84, 74, 62
L -1199.7587, -363.9355, 0.0000, -1205.0557, -392.9638, 0.0000, 84, 74, 62
L -1205.0557, -392.9638, 0.0000, -1208.6520, -421.9922, 0.0000, 84, 74, 62
L -1208.6520, -421.9922, 0.0000, -1212.9529, -451.0205, 0.0000, 84, 74, 62
L -1212.9529, -451.0205, 0.0000, -1215.1595, -480.0488, 0.0000, 84, 74, 62
L -1215.1595, -480.0488, 0.0000, -1218.0801, -509.0771, 0.0000, 84, 74, 62
L -1123.2890, -528.5263, 0.0000, -1126.1294, -554.6274, 0.0000, 84, 74, 62
L -1126.1294, -554.6274, 0.0000, -1124.6112, -580.7286, 0.0000, 84, 74, 62
L -1124.6112, -580.7286, 0.0000, -1125.3963, -606.8297, 0.0000, 84, 74, 62
L -1125.3963, -606.8297, 0.0000, -1119.9279, -632.9309, 0.0000, 84, 74, 62
L -1119.9279, -632.9309, 0.0000, -1117.3977, -659.0320, 0.0000, 84, 74, 62
L -1117.3977, -659.0320, 0.0000, -1113.9730, -685.1333, 0.0000, 84, 74, 62
L -1113.9730, -685.1333, 0.0000, -1110.6022, -711.2344, 0.0000, 84, 74, 62
L -1110.6022, -711.2344, 0.0000, -1107.2649, -737.3356, 0.0000, 84, 74, 62
L -1107.2649, -737.3356, 0.0000, -1105.6393, -763.4367, 0.0000, 84, 74, 62
L -1105.6393, -763.4367, 0.0000, -1108.4000, -789.5379, 0.0000, 84, 74, 62
L -1108.4000, -789.5379, 0.0000, -1111.2635, -815.6390, 0.0000, 84, 74, 62
L -1111.2635, -815.6390, 0.0000, -1112.9695, -841.7401, 0.0000, 84, 74, 62
L -1112.9695, -841.7401, 0.0000, -1116.4782, -867.8413, 0.0000, 84, 74, 62
L -1092.7499, -844.1130, 0.0000, 549.5257, -844.1130, 0.0000, 112, 100, 84
L 642.3349, -860.0558, 0.0000, 642.3349, 1119.1473, 0.0000, 112, 100, 84
L 642.3349, 1119.1473, 0.0000, -1184.1161, 1119.1473, 0.0000, 112, 100, 84
L -1184.1161, 1119.1473, 0.0000, -1184.1161, -860.0558, 0.0000, 112, 100, 84
L -747.7607, -543.3833, 0.0000, -747.7607, 921.2270, 0.0000, 158, 146, 128
L -986.1958, -299.2816, 0.0000, 444.4146, -299.2816, 0.0000, 158, 146, 128
L -509.3257, -543.3833, 0.0000, -509.3257, 921.2270, 0.0000, 158, 146, 128
L -986.1958, -55.1799, 0.0000, 444.4146, -55.1799, 0.0000, 158, 146, 128
L -270.8906, -543.3833, 0.0000, -270.8906, 921.2270, 0.0000, 158, 146, 128
L -986.1958, 188.9218, 0.0000, 444.4146, 188.9218, 0.0000, 158, 146, 128
L -32.4555, -543.3833, 0.0000, -32.4555, 921.2270, 0.0000, 158, 146, 128
L -986.1958, 433.0236, 0.0000, 444.4146, 433.0236, 0.0000, 158, 146, 128
L 205.9795, -543.3833, 0.0000, 205.9795, 921.2270, 0.0000, 158, 146, 128
L -986.1958, 677.1253, 0.0000, 444.4146, 677.1253, 0.0000, 158, 146, 128
L -914.7874, -559.3731, 0.0000, 371.5632, -559.3731, 0.0000, 112, 100, 84
L 444.4146, -543.3833, 0.0000, 444.4146, 921.2270, 0.0000, 112, 100, 84
L 444.4146, 921.2270, 0.0000, -986.1958, 921.2270, 0.0000, 112, 100, 84
L -986.1958, 921.2270, 0.0000, -986.1958, -543.3833, 0.0000, 112, 100, 84
L -1029.7382, 481.8439, 0.0000, -1031.6266, 496.1871, 0.0000, 112, 100, 84
L -1031.6266, 496.1871, 0.0000, -1037.1628, 509.5527, 0.0000, 112, 100, 84
L -1037.1628, 509.5527, 0.0000, -1045.9697, 521.0301, 0.0000, 112, 100, 84
L -1045.9697, 521.0301, 0.0000, -1057.4471, 529.8370, 0.0000, 112, 100, 84
L -1057.4471, 529.8370, 0.0000, -1070.8128, 535.3733, 0.0000, 112, 100, 84
L -1070.8128, 535.3733, 0.0000, -1085.1559, 537.2616, 0.0000, 112, 100, 84
L -1085.1559, 537.2616, 0.0000, -1099.4991, 535.3733, 0.0000, 112, 100, 84
L -1099.4991, 535.3733, 0.0000, -1112.8648, 529.8370, 0.0000, 112, 100, 84
L -1112.8648, 529.8370, 0.0000, -1124.3422, 521.0301, 0.0000, 112, 100, 84
L -1124.3422, 521.0301, 0.0000, -1133.1491, 509.5527, 0.0000, 112, 100, 84
L -1133.1491, 509.5527, 0.0000, -1138.6853, 496.1871, 0.0000, 112, 100, 84
L -1138.6853, 496.1871, 0.0000, -1140.5736, 481.8439, 0.0000, 112, 100, 84
L -1140.5736, 481.8439, 0.0000, -1138.6853, 467.5007, 0.0000, 112, 100, 84
L -1138.6853, 467.5007, 0.0000, -1133.1491, 454.1351, 0.0000, 112, 100, 84
L -1133.1491, 454.1351, 0.0000, -1124.3422, 442.6577, 0.0000, 112, 100, 84
L -1124.3422, 442.6577, 0.0000, -1112.8648, 433.8508, 0.0000, 112, 100, 84
L -1112.8648, 433.8508, 0.0000, -1099.4991, 428.3145, 0.0000, 112, 100, 84
L -1099.4991, 428.3145, 0.0000, -1085.1559, 426.4262, 0.0000, 112, 100, 84
L -1085.1559, 426.4262, 0.0000, -1070.8128, 428.3145, 0.0000, 112, 100, 84
L -1070.8128, 428.3145, 0.0000, -1057.4471, 433.8508, 0.0000, 112, 100, 84
L -1057.4471, 433.8508, 0.0000, -1045.9697, 442.6577, 0.0000, 112, 100, 84
L -1045.9697, 442.6577, 0.0000, -1037.1628, 454.1351, 0.0000, 112, 100, 84
L -1037.1628, 454.1351, 0.0000, -1031.6266, 467.5007, 0.0000, 112, 100, 84
L -1031.6266, 467.5007, 0.0000, -1029.7382, 481.8439, 0.0000, 112, 100, 84
L -1085.1559, 481.8439, 0.0000, -1085.1559, 436.4014, 0.0000, 140, 70, 40
L -1085.1559, 481.8439, 0.0000, -1039.7134, 481.8439, 0.0000, 140, 70, 40
L -1085.1559, 481.8439, 0.0000, -1085.1559, 527.2864, 0.0000, 140, 70, 40
L -1085.1559, 481.8439, 0.0000, -1130.5984, 481.8439, 0.0000, 140, 70, 40
L -1085.1559, 436.4014, 0.0000, -1090.6977, 449.7016, 0.0000, 140, 70, 40
L -1085.1559, 436.4014, 0.0000, -1079.6142, 449.7016, 0.0000, 140, 70, 40
L -688.3288, -729.6312, 0.0000, -710.5830, -751.4955, 0.0000, 140, 70, 40
L -710.5830, -751.4955, 0.0000, -750.6407, -741.6268, 0.0000, 140, 70, 40
L -750.6407, -741.6268, 0.0000, -772.8950, -695.3097, 0.0000, 140, 70, 40
L -772.8950, -695.3097, 0.0000, -772.8950, -641.3600, 0.0000, 140, 70, 40
L -772.8950, -641.3600, 0.0000, -750.6407, -606.7525, 0.0000, 140, 70, 40
L -750.6407, -606.7525, 0.0000, -710.5830, -616.6212, 0.0000, 140, 70, 40
L -658.7014, -628.1228, 0.0000, -658.7014, -762.9971, 0.0000, 140, 70, 40
L -658.7014, -762.9971, 0.0000, -596.3894, -774.9014, 0.0000, 140, 70, 40
L -596.3894, -774.9014, 0.0000, -574.1352, -751.6731, 0.0000, 140, 70, 40
L -574.1352, -751.6731, 0.0000, -596.3894, -714.2079, 0.0000, 140, 70, 40
L -596.3894, -714.2079, 0.0000, -658.7014, -702.3037, 0.0000, 140, 70, 40
L -627.5454, -708.5163, 0.0000, -569.6843, -644.4910, 0.0000, 140, 70, 40
L -544.5078, -783.2231, 0.0000, -544.5078, -675.3237, 0.0000, 140, 70, 40
L -544.5078, -675.3237, 0.0000, -526.7044, -650.8715, 0.0000, 140, 70, 40
L -526.7044, -650.8715, 0.0000, -473.2942, -657.4187, 0.0000, 140, 70, 40
L -473.2942, -657.4187, 0.0000, -455.4907, -686.2357, 0.0000, 140, 70, 40
L -455.4907, -686.2357, 0.0000, -455.4907, -794.1352, 0.0000, 140, 70, 40
L -341.2972, -781.6748, 0.0000, -359.1006, -801.1550, 0.0000, 140, 70, 40
L -359.1006, -801.1550, 0.0000, -412.5108, -797.8814, 0.0000, 140, 70, 40
L -412.5108, -797.8814, 0.0000, -430.3142, -772.1725, 0.0000, 140, 70, 40
L -430.3142, -772.1725, 0.0000, -430.3142, -742.5002, 0.0000, 140, 70, 40
L -430.3142, -742.5002, 0.0000, -412.5108, -730.4442, 0.0000, 140, 70, 40
L -412.5108, -730.4442, 0.0000, -359.1006, -733.7179, 0.0000, 140, 70, 40
L -359.1006, -733.7179, 0.0000, -341.2972, -718.2838, 0.0000, 140, 70, 40
L -341.2972, -718.2838, 0.0000, -341.2972, -688.6115, 0.0000, 140, 70, 40
L -341.2972, -688.6115, 0.0000, -359.1006, -666.2807, 0.0000, 140, 70, 40
L -359.1006, -666.2807, 0.0000, -412.5108, -663.0070, 0.0000, 140, 70, 40
L -412.5108, -663.0070, 0.0000, -430.3142, -683.1555, 0.0000, 140, 70, 40
L -316.1206, -667.8032, 0.0000, -316.1206, -802.6775, 0.0000, 140, 70, 40
L -227.1036, -667.8032, 0.0000, -227.1036, -802.6775, 0.0000, 140, 70, 40
L -316.1206, -735.2403, 0.0000, -227.1036, -735.2403, 0.0000, 140, 70, 40
L -201.9270, -667.0316, 0.0000, -201.9270, -801.9059, 0.0000, 140, 70, 40
L -201.9270, -801.9059, 0.0000, -139.6151, -798.5333, 0.0000, 140, 70, 40
L -139.6151, -798.5333, 0.0000, -121.8117, -770.2120, 0.0000, 140, 70, 40
L -121.8117, -770.2120, 0.0000, -139.6151, -737.8398, 0.0000, 140, 70, 40
L -139.6151, -737.8398, 0.0000, -201.9270, -741.2125, 0.0000, 140, 70, 40
L -201.9270, -741.2125, 0.0000, -135.1642, -737.5192, 0.0000, 140, 70, 40
L -135.1642, -737.5192, 0.0000, -117.3608, -702.4117, 0.0000, 140, 70, 40
L -117.3608, -702.4117, 0.0000, -139.6151, -663.6589, 0.0000, 140, 70, 40
L -139.6151, -663.6589, 0.0000, -201.9270, -667.0316, 0.0000, 140, 70, 40
L -65.4792, -656.9316, 0.0000, -20.9706, -651.4756, 0.0000, 140, 70, 40
L -20.9706, -651.4756, 0.0000, 1.2836, -688.8111, 0.0000, 140, 70, 40
L 1.2836, -688.8111, 0.0000, 1.2836, -742.7608, 0.0000, 140, 70, 40
L 1.2836, -742.7608, 0.0000, -20.9706, -786.3499, 0.0000, 140, 70, 40
L -20.9706, -786.3499, 0.0000, -65.4792, -791.8059, 0.0000, 140, 70, 40
L -65.4792, -791.8059, 0.0000, -87.7334, -753.6729, 0.0000, 140, 70, 40
L -87.7334, -753.6729, 0.0000, -87.7334, -699.7232, 0.0000, 140, 70, 40
L -87.7334, -699.7232, 0.0000, -65.4792, -656.9316, 0.0000, 140, 70, 40
L 26.4602, -644.4910, 0.0000, 26.4602, -779.3653, 0.0000, 140, 70, 40
L 26.4602, -779.3653, 0.0000, 115.4772, -628.1228, 0.0000, 140, 70, 40
L 115.4772, -628.1228, 0.0000, 115.4772, -762.9971, 0.0000, 140, 70, 40
L 229.6708, -735.7720, 0.0000, 140.6537, -757.5962, 0.0000, 140, 70, 40
L 140.6537, -757.5962, 0.0000, 140.6537, -622.7219, 0.0000, 140, 70, 40
L 140.6537, -622.7219, 0.0000, 229.6708, -600.8977, 0.0000, 140, 70, 40
L 140.6537, -690.1590, 0.0000, 202.9657, -675.3287, 0.0000, 140, 70, 40
L -359.2254, -483.9151, 0.0000, -354.3316, -482.4361, 0.0000, 104, 94, 80
L -353.2877, -483.9151, 0.0000, -346.1374, -482.3486, 0.0000, 104, 94, 80
L -400.7886, -477.9775, 0.0000, -395.8823, -478.5827, 0.0000, 104, 94, 80
L -388.9134, -477.9775, 0.0000, -383.2909, -477.4027, 0.0000, 104, 94, 80
L -382.9758, -477.9775, 0.0000, -377.3526, -479.5828, 0.0000, 104, 94, 80
L -377.0382, -477.9775, 0.0000, -372.1846, -479.1031, 0.0000, 104, 94, 80
L -365.1630, -477.9775, 0.0000, -361.1460, -477.3912, 0.0000, 104, 94, 80
L -347.3501, -477.9775, 0.0000, -340.5853, -479.9106, 0.0000, 104, 94, 80
L -341.4125, -477.9775, 0.0000, -335.3945, -476.9762, 0.0000, 104, 94, 80
L -412.6638, -472.0399, 0.0000, -408.2683, -472.7285, 0.0000, 104, 94, 80
L -365.1630, -472.0399, 0.0000, -360.9153, -471.3374, 0.0000, 104, 94, 80
L -359.2254, -472.0399, 0.0000, -354.0367, -471.8312, 0.0000, 104, 94, 80
L -353.2877, -472.0399, 0.0000, -347.4599, -473.6665, 0.0000, 104, 94, 80
L -341.4125, -472.0399, 0.0000, -336.3321, -470.5526, 0.0000, 104, 94, 80
L -335.4749, -472.0399, 0.0000, -331.6155, -471.1163, 0.0000, 104, 94, 80
L -329.5373, -472.0399, 0.0000, -322.7904, -474.0617, 0.0000, 104, 94, 80
L -430.4767, -466.1023, 0.0000, -424.5936, -466.4454, 0.0000, 104, 94, 80
L -424.5391, -466.1023, 0.0000, -416.9781, -465.6078, 0.0000, 104, 94, 80
L -418.6014, -466.1023, 0.0000, -413.4169, -466.7494, 0.0000, 104, 94, 80
L -412.6638, -466.1023, 0.0000, -408.0266, -466.3492, 0.0000, 104, 94, 80
L -406.7262, -466.1023, 0.0000, -399.0730, -465.6515, 0.0000, 104, 94, 80
L -341.4125, -466.1023, 0.0000, -335.7699, -466.8865, 0.0000, 104, 94, 80
L -335.4749, -466.1023, 0.0000, -331.1823, -465.0863, 0.0000, 104, 94, 80
L -323.5997, -466.1023, 0.0000, -319.1465, -465.1600, 0.0000, 104, 94, 80
L -436.4143, -460.1647, 0.0000, -431.5777, -459.5542, 0.0000, 104, 94, 80
L -430.4767, -460.1647, 0.0000, -425.2682, -461.6627, 0.0000, 104, 94, 80
L -335.4749, -460.1647, 0.0000, -330.6247, -459.1170, 0.0000, 104, 94, 80
L -317.6621, -460.1647, 0.0000, -311.1284, -461.4936, 0.0000, 104, 94, 80
L -311.7245, -460.1647, 0.0000, -305.1761, -461.1939, 0.0000, 104, 94, 80
L -436.4143, -454.2271, 0.0000, -432.1307, -453.5708, 0.0000, 104, 94, 80
L -323.5997, -454.2271, 0.0000, -319.8710, -454.5684, 0.0000, 104, 94, 80
L -448.2895, -448.2895, 0.0000, -443.5517, -448.6451, 0.0000, 104, 94, 80
L -442.3519, -448.2895, 0.0000, -438.4145, -448.0696, 0.0000, 104, 94, 80
L -311.7245, -448.2895, 0.0000, -306.5178, -449.8051, 0.0000, 104, 94, 80
L -299.8493, -448.2895, 0.0000, -294.3695, -449.5887, 0.0000, 104, 94, 80
L -293.9117, -448.2895, 0.0000, -287.0045, -447.5262, 0.0000, 104, 94, 80
L -287.9740, -448.2895, 0.0000, -284.2704, -447.3735, 0.0000, 104, 94, 80
L -460.1647, -442.3519, 0.0000, -454.6564, -442.5264, 0.0000, 104, 94, 80
L -454.2271, -442.3519, 0.0000, -447.9411, -440.8555, 0.0000, 104, 94, 80
L -448.2895, -442.3519, 0.0000, -442.2705, -440.9826, 0.0000, 104, 94, 80
L -305.7869, -442.3519, 0.0000, -298.1517, -441.4264, 0.0000, 104, 94, 80
L -299.8493, -442.3519, 0.0000, -292.7372, -442.0594, 0.0000, 104, 94, 80
L -287.9740, -442.3519, 0.0000, -281.5961, -443.7698, 0.0000, 104, 94, 80
L -472.0399, -436.4143, 0.0000, -464.6778, -436.5962, 0.0000, 104, 94, 80
L -454.2271, -436.4143, 0.0000, -449.8517, -435.2926, 0.0000, 104, 94, 80
L -293.9117, -436.4143, 0.0000, -288.6864, -437.9094, 0.0000, 104, 94, 80
L -276.0988, -436.4143, 0.0000, -270.5291, -436.5062, 0.0000, 104, 94, 80
L -270.1612, -436.4143, 0.0000, -262.7299, -436.3807, 0.0000, 104, 94, 80
L -477.9775, -430.4767, 0.0000, -470.7607, -430.2294, 0.0000, 104, 94, 80
L -466.1023, -430.4767, 0.0000, -459.8131, -430.5914, 0.0000, 104, 94, 80
L -460.1647, -430.4767, 0.0000, -454.8441, -429.9015, 0.0000, 104, 94, 80
L -287.9740, -430.4767, 0.0000, -284.2257, -431.3695, 0.0000, 104, 94, 80
L -264.2236, -430.4767, 0.0000, -260.5781, -431.2984, 0.0000, 104, 94, 80
L -276.0988, -424.5391, 0.0000, -270.9256, -424.4095, 0.0000, 104, 94, 80
L -270.1612, -424.5391, 0.0000, -263.7574, -425.4531, 0.0000, 104, 94, 80
L -258.2860, -424.5391, 0.0000, -251.4961, -423.9215, 0.0000, 104, 94, 80
L -507.6656, -418.6014, 0.0000, -500.4435, -416.4707, 0.0000, 104, 94, 80
L -495.7904, -418.6014, 0.0000, -489.8136, -418.2452, 0.0000, 104, 94, 80
L -483.9151, -418.6014, 0.0000, -477.8367, -419.4163, 0.0000, 104, 94, 80
L -258.2860, -418.6014, 0.0000, -251.4595, -418.0941, 0.0000, 104, 94, 80
L -519.5408, -412.6638, 0.0000, -514.7153, -412.6001, 0.0000, 104, 94, 80
L -513.6032, -412.6638, 0.0000, -507.2144, -414.4560, 0.0000, 104, 94, 80
L -495.7904, -412.6638, 0.0000, -490.6566, -412.4149, 0.0000, 104, 94, 80
L -489.8528, -412.6638, 0.0000, -484.4492, -411.3230, 0.0000, 104, 94, 80
L -264.2236, -412.6638, 0.0000, -257.1752, -411.8877, 0.0000, 104, 94, 80
L -258.2860, -412.6638, 0.0000, -251.1284, -412.8403, 0.0000, 104, 94, 80
L -537.3536, -406.7262, 0.0000, -530.3821, -406.4296, 0.0000, 104, 94, 80
L -519.5408, -406.7262, 0.0000, -513.9913, -405.5814, 0.0000, 104, 94, 80
L -513.6032, -406.7262, 0.0000, -507.8896, -406.3873, 0.0000, 104, 94, 80
L -507.6656, -406.7262, 0.0000, -501.5518, -404.8551, 0.0000, 104, 94, 80
L -240.4732, -406.7262, 0.0000, -234.3218, -406.7630, 0.0000, 104, 94, 80
L -549.2288, -400.7886, 0.0000, -541.5659, -400.0968, 0.0000, 104, 94, 80
L -525.4784, -400.7886, 0.0000, -520.8818, -400.5493, 0.0000, 104, 94, 80
L -519.5408, -400.7886, 0.0000, -515.8508, -400.7027, 0.0000, 104, 94, 80
L -252.3484, -400.7886, 0.0000, -245.1493, -401.9835, 0.0000, 104, 94, 80
L -240.4732, -400.7886, 0.0000, -236.9014, -401.5617, 0.0000, 104, 94, 80
L -228.5980, -400.7886, 0.0000, -222.7413, -400.0383, 0.0000, 104, 94, 80
L -567.0417, -394.8510, 0.0000, -559.8402, -396.0168, 0.0000, 104, 94, 80
L -543.2912, -394.8510, 0.0000, -536.2670, -394.9211, 0.0000, 104, 94, 80
L -240.4732, -394.8510, 0.0000, -236.2268, -394.4891, 0.0000, 104, 94, 80
L -234.5356, -394.8510, 0.0000, -228.7594, -393.1016, 0.0000, 104, 94, 80
L 8.9064, -394.8510, 0.0000, 14.9113, -393.7947, 0.0000, 104, 94, 80
L 26.7192, -394.8510, 0.0000, 34.4113, -395.0960, 0.0000, 104, 94, 80
L -555.1665, -388.9134, 0.0000, -548.0181, -390.9975, 0.0000, 104, 94, 80
L -228.5980, -388.9134, 0.0000, -222.5301, -388.9678, 0.0000, 104, 94, 80
L -216.7227, -388.9134, 0.0000, -209.5643, -389.5131, 0.0000, 104, 94, 80
L -32.6569, -388.9134, 0.0000, -27.7933, -388.3184, 0.0000, 104, 94, 80
L -2.9688, -388.9134, 0.0000, 4.6599, -388.1064, 0.0000, 104, 94, 80
L 20.7816, -388.9134, 0.0000, 24.3655, -388.6458, 0.0000, 104, 94, 80
L 26.7192, -388.9134, 0.0000, 33.1611, -387.5266, 0.0000, 104, 94, 80
L 32.6569, -388.9134, 0.0000, 37.3643, -388.8840, 0.0000, 104, 94, 80
L -578.9169, -382.9758, 0.0000, -574.9331, -382.2896, 0.0000, 104, 94, 80
L -228.5980, -382.9758, 0.0000, -223.8300, -382.5683, 0.0000, 104, 94, 80
L -222.6603, -382.9758, 0.0000, -215.3624, -383.1446, 0.0000, 104, 94, 80
L -38.5945, -382.9758, 0.0000, -31.7433, -382.5979, 0.0000, 104, 94, 80
L -26.7192, -382.9758, 0.0000, -20.3449, -382.2526, 0.0000, 104, 94, 80
L -20.7816, -382.9758, 0.0000, -13.4842, -381.3004, 0.0000, 104, 94, 80
L -2.9688, -382.9758, 0.0000, 4.7174, -383.6457, 0.0000, 104, 94, 80
L 14.8440, -382.9758, 0.0000, 20.8651, -384.1445, 0.0000, 104, 94, 80
L 44.5321, -382.9758, 0.0000, 49.7959, -382.2111, 0.0000, 104, 94, 80
L 56.4073, -382.9758, 0.0000, 61.0593, -383.4855, 0.0000, 104, 94, 80
L -584.8545, -377.0382, 0.0000, -579.4687, -377.3383, 0.0000, 104, 94, 80
L -222.6603, -377.0382, 0.0000, -217.6065, -376.6032, 0.0000, 104, 94, 80
L -204.8475, -377.0382, 0.0000, -199.8056, -376.1434, 0.0000, 104, 94, 80
L -56.4073, -377.0382, 0.0000, -50.8585, -376.3489, 0.0000, 104, 94, 80
L -50.4697, -377.0382, 0.0000, -44.3731, -378.2208, 0.0000, 104, 94, 80
L -44.5321, -377.0382, 0.0000, -40.3728, -376.8823, 0.0000, 104, 94, 80
L -32.6569, -377.0382, 0.0000, -28.5364, -375.9251, 0.0000, 104, 94, 80
L 38.5945, -377.0382, 0.0000, 43.7325, -375.8565, 0.0000, 104, 94, 80
L 44.5321, -377.0382, 0.0000, 48.8159, -377.7538, 0.0000, 104, 94, 80
L 62.3449, -377.0382, 0.0000, 66.6309, -378.2040, 0.0000, 104, 94, 80
L -590.7921, -371.1006, 0.0000, -583.8657, -370.2996, 0.0000, 104, 94, 80
L -578.9169, -371.1006, 0.0000, -571.8265, -372.8679, 0.0000, 104, 94, 80
L -204.8475, -371.1006, 0.0000, -201.2751, -371.7876, 0.0000, 104, 94, 80
L -74.2201, -371.1006, 0.0000, -67.8691, -369.5954, 0.0000, 104, 94, 80
L -68.2825, -371.1006, 0.0000, -64.4990, -371.3993, 0.0000, 104, 94, 80
L -56.4073, -371.1006, 0.0000, -51.8481, -372.3006, 0.0000, 104, 94, 80
L -50.4697, -371.1006, 0.0000, -44.9132, -370.9857, 0.0000, 104, 94, 80
L -44.5321, -371.1006, 0.0000, -40.0920, -371.1714, 0.0000, 104, 94, 80
L 56.4073, -371.1006, 0.0000, 60.9372, -372.0108, 0.0000, 104, 94, 80
L -590.7921, -365.1630, 0.0000, -586.6906, -364.9002, 0.0000, 104, 94, 80
L -584.8545, -365.1630, 0.0000, -578.4010, -366.9924, 0.0000, 104, 94, 80
L -210.7851, -365.1630, 0.0000, -205.4156, -364.8365, 0.0000, 104, 94, 80
L -204.8475, -365.1630, 0.0000, -198.7485, -365.2697, 0.0000, 104, 94, 80
L -198.9099, -365.1630, 0.0000, -194.1846, -365.2241, 0.0000, 104, 94, 80
L -97.9706, -365.1630, 0.0000, -92.8373, -365.1342, 0.0000, 104, 94, 80
L -80.1577, -365.1630, 0.0000, -76.2237, -365.0437, 0.0000, 104, 94, 80
L -74.2201, -365.1630, 0.0000, -68.9029, -365.6061, 0.0000, 104, 94, 80
L 56.4073, -365.1630, 0.0000, 60.7699, -365.0773, 0.0000, 104, 94, 80
L 68.2825, -365.1630, 0.0000, 74.8300, -367.0554, 0.0000, 104, 94, 80
L -584.8545, -359.2254, 0.0000, -580.0499, -359.5850, 0.0000, 104, 94, 80
L -204.8475, -359.2254, 0.0000, -199.4734, -359.0705, 0.0000, 104, 94, 80
L -198.9099, -359.2254, 0.0000, -191.6413, -361.3619, 0.0000, 104, 94, 80
L -115.7834, -359.2254, 0.0000, -108.2885, -358.8093, 0.0000, 104, 94, 80
L -109.8458, -359.2254, 0.0000, -103.5662, -359.1840, 0.0000, 104, 94, 80
L -68.2825, -359.2254, 0.0000, -63.1272, -359.1107, 0.0000, 104, 94, 80
L 74.2201, -359.2254, 0.0000, 79.8509, -357.8227, 0.0000, 104, 94, 80
L -584.8545, -353.2877, 0.0000, -578.9316, -353.9911, 0.0000, 104, 94, 80
L -204.8475, -353.2877, 0.0000, -200.2739, -352.9309, 0.0000, 104, 94, 80
L -92.0329, -353.2877, 0.0000, -87.6519, -353.0020, 0.0000, 104, 94, 80
L 80.1577, -353.2877, 0.0000, 84.3916, -353.6561, 0.0000, 104, 94, 80
L 86.0953, -353.2877, 0.0000, 91.6477, -353.7392, 0.0000, 104, 94, 80
L -590.7921, -347.3501, 0.0000, -586.5113, -346.3120, 0.0000, 104, 94, 80
L -578.9169, -347.3501, 0.0000, -574.5273, -348.4913, 0.0000, 104, 94, 80
L -210.7851, -347.3501, 0.0000, -206.0750, -346.6860, 0.0000, 104, 94, 80
L -204.8475, -347.3501, 0.0000, -198.6391, -346.7978, 0.0000, 104, 94, 80
L -198.9099, -347.3501, 0.0000, -194.7763, -348.1427, 0.0000, 104, 94, 80
L -181.0971, -347.3501, 0.0000, -175.1404, -348.4583, 0.0000, 104, 94, 80
L -175.1595, -347.3501, 0.0000, -170.1978, -347.0549, 0.0000, 104, 94, 80
L -157.3466, -347.3501, 0.0000, -152.4368, -346.0913, 0.0000, 104, 94, 80
L -145.4714, -347.3501, 0.0000, -140.7186, -346.0721, 0.0000, 104, 94, 80
L -139.5338, -347.3501, 0.0000, -135.4172, -346.6525, 0.0000, 104, 94, 80
L -121.7210, -347.3501, 0.0000, -115.7705, -346.3899, 0.0000, 104, 94, 80
L -109.8458, -347.3501, 0.0000, -104.6648, -347.8691, 0.0000, 104, 94, 80
L 80.1577, -347.3501, 0.0000, 84.9553, -348.3706, 0.0000, 104, 94, 80
L 86.0953, -347.3501, 0.0000, 92.2380, -347.7641, 0.0000, 104, 94, 80
L -584.8545, -341.4125, 0.0000, -580.2445, -341.0460, 0.0000, 104, 94, 80
L -198.9099, -341.4125, 0.0000, -192.8289, -340.9793, 0.0000, 104, 94, 80
L -192.9723, -341.4125, 0.0000, -189.1607, -341.2055, 0.0000, 104, 94, 80
L -187.0347, -341.4125, 0.0000, -179.6354, -341.7395, 0.0000, 104, 94, 80
L -175.1595, -341.4125, 0.0000, -168.3408, -341.5206, 0.0000, 104, 94, 80
L -169.2219, -341.4125, 0.0000, -165.6305, -342.3582, 0.0000, 104, 94, 80
L -157.3466, -341.4125, 0.0000, -153.4797, -341.1836, 0.0000, 104, 94, 80
L -151.4090, -341.4125, 0.0000, -145.0436, -343.0634, 0.0000, 104, 94, 80
L -145.4714, -341.4125, 0.0000, -140.1783, -341.6135, 0.0000, 104, 94, 80
L -139.5338, -341.4125, 0.0000, -134.5969, -340.9903, 0.0000, 104, 94, 80
L 92.0329, -341.4125, 0.0000, 98.0827, -343.0805, 0.0000, 104, 94, 80
L 97.9706, -341.4125, 0.0000, 104.6446, -343.3745, 0.0000, 104, 94, 80
L -187.0347, -335.4749, 0.0000, -179.5859, -334.8826, 0.0000, 104, 94, 80
L -163.2843, -335.4749, 0.0000, -158.5825, -336.6835, 0.0000, 104, 94, 80
L 92.0329, -335.4749, 0.0000, 97.3141, -334.4948, 0.0000, 104, 94, 80
L 103.9082, -335.4749, 0.0000, 108.0479, -335.4072, 0.0000, 104, 94, 80
L -584.8545, -329.5373, 0.0000, -580.3034, -329.4245, 0.0000, 104, 94, 80
L -210.7851, -329.5373, 0.0000, -205.9637, -328.2908, 0.0000, 104, 94, 80
L 92.0329, -329.5373, 0.0000, 99.5605, -330.7808, 0.0000, 104, 94, 80
L 103.9082, -329.5373, 0.0000, 109.2487, -329.5769, 0.0000, 104, 94, 80
L 109.8458, -329.5373, 0.0000, 117.1575, -327.2788, 0.0000, 104, 94, 80
L 115.7834, -329.5373, 0.0000, 119.9155, -329.4037, 0.0000, 104, 94, 80
L 115.7834, -323.5997, 0.0000, 120.2877, -323.8178, 0.0000, 104, 94, 80
L 127.6586, -323.5997, 0.0000, 134.9059, -323.2250, 0.0000, 104, 94, 80
L -602.6673, -317.6621, 0.0000, -597.4449, -317.5835, 0.0000, 104, 94, 80
L -596.7297, -317.6621, 0.0000, -590.8519, -315.9212, 0.0000, 104, 94, 80
L -590.7921, -317.6621, 0.0000, -583.1370, -317.1594, 0.0000, 104, 94, 80
L 109.8458, -317.6621, 0.0000, 116.9477, -316.7071, 0.0000, 104, 94, 80
L 127.6586, -317.6621, 0.0000, 132.9161, -318.0907, 0.0000, 104, 94, 80
L -602.6673, -311.7245, 0.0000, -595.8424, -311.8672, 0.0000, 104, 94, 80
L -596.7297, -311.7245, 0.0000, -589.6018, -309.7084, 0.0000, 104, 94, 80
L 121.7210, -311.7245, 0.0000, 125.6027, -311.9495, 0.0000, 104, 94, 80
L 133.5962, -311.7245, 0.0000, 139.1457, -311.0863, 0.0000, 104, 94, 80
L 145.4714, -311.7245, 0.0000, 150.5244, -310.2462, 0.0000, 104, 94, 80
L 151.4090, -311.7245, 0.0000, 156.9288, -310.2465, 0.0000, 104, 94, 80
L 157.3466, -311.7245, 0.0000, 162.7495, -312.0721, 0.0000, 104, 94, 80
L 163.2843, -311.7245, 0.0000, 167.5956, -310.6141, 0.0000, 104, 94, 80
L 169.2219, -311.7245, 0.0000, 175.0347, -310.5468, 0.0000, 104, 94, 80
L -644.2306, -305.7869, 0.0000, -640.5316, -306.1889, 0.0000, 104, 94, 80
L 151.4090, -305.7869, 0.0000, 156.4177, -307.1043, 0.0000, 104, 94, 80
L 157.3466, -305.7869, 0.0000, 161.7877, -306.8964, 0.0000, 104, 94, 80
L 163.2843, -305.7869, 0.0000, 168.3677, -306.5375, 0.0000, 104, 94, 80
L 169.2219, -305.7869, 0.0000, 175.7202, -307.6863, 0.0000, 104, 94, 80
L 181.0971, -305.7869, 0.0000, 188.1666, -304.3112, 0.0000, 104, 94, 80
L -656.1058, -299.8493, 0.0000, -649.4883, -299.1691, 0.0000, 104, 94, 80
L 163.2843, -299.8493, 0.0000, 167.4967, -299.6625, 0.0000, 104, 94, 80
L 169.2219, -299.8493, 0.0000, 175.8210, -299.4965, 0.0000, 104, 94, 80
L 175.1595, -299.8493, 0.0000, 181.9850, -299.0297, 0.0000, 104, 94, 80
L 181.0971, -299.8493, 0.0000, 188.3778, -299.7237, 0.0000, 104, 94, 80
L 192.9723, -299.8493, 0.0000, 200.0614, -300.4081, 0.0000, 104, 94, 80
L -667.9810, -293.9117, 0.0000, -662.5083, -295.3498, 0.0000, 104, 94, 80
L -650.1682, -293.9117, 0.0000, -643.4525, -294.6142, 0.0000, 104, 94, 80
L -644.2306, -293.9117, 0.0000, -639.3524, -294.5440, 0.0000, 104, 94, 80
L 175.1595, -293.9117, 0.0000, 178.9611, -292.8318, 0.0000, 104, 94, 80
L 181.0971, -293.9117, 0.0000, 186.1785, -293.7189, 0.0000, 104, 94, 80
L -673.9186, -287.9740, 0.0000, -666.5355, -287.2643, 0.0000, 104, 94, 80
L -662.0434, -287.9740, 0.0000, -655.9530, -287.1356, 0.0000, 104, 94, 80
L -650.1682, -287.9740, 0.0000, -643.8892, -289.8804, 0.0000, 104, 94, 80
L 187.0347, -287.9740, 0.0000, 191.3447, -286.6447, 0.0000, 104, 94, 80
L 192.9723, -287.9740, 0.0000, 198.3615, -286.7981, 0.0000, 104, 94, 80
L 204.8475, -287.9740, 0.0000, 211.1028, -286.9814, 0.0000, 104, 94, 80
L -667.9810, -282.0364, 0.0000, -662.3369, -281.8781, 0.0000, 104, 94, 80
L 192.9723, -282.0364, 0.0000, 198.2747, -280.5936, 0.0000, 104, 94, 80
L 198.9099, -282.0364, 0.0000, 203.0439, -282.4062, 0.0000, 104, 94, 80
L 210.7851, -282.0364, 0.0000, 215.4770, -282.8195, 0.0000, 104, 94, 80
L -697.6691, -276.0988, 0.0000, -692.8821, -274.8567, 0.0000, 104, 94, 80
L -691.7315, -276.0988, 0.0000, -687.1550, -277.2174, 0.0000, 104, 94, 80
L -673.9186, -276.0988, 0.0000, -666.6472, -274.5498, 0.0000, 104, 94, 80
L 198.9099, -276.0988, 0.0000, 206.1527, -276.2233, 0.0000, 104, 94, 80
L 216.7227, -276.0988, 0.0000, 221.3964, -276.2068, 0.0000, 104, 94, 80
L 204.8475, -270.1612, 0.0000, 210.6024, -270.7617, 0.0000, 104, 94, 80
L 216.7227, -270.1612, 0.0000, 221.4001, -271.1393, 0.0000, 104, 94, 80
L 222.6603, -270.1612, 0.0000, 228.9398, -268.4444, 0.0000, 104, 94, 80
L 228.5980, -270.1612, 0.0000, 232.6331, -270.0813, 0.0000, 104, 94, 80
L -709.5443, -264.2236, 0.0000, -705.4014, -264.5582, 0.0000, 104, 94, 80
L -691.7315, -264.2236, 0.0000, -685.4261, -265.6117, 0.0000, 104, 94, 80
L 228.5980, -264.2236, 0.0000, 233.3641, -264.3842, 0.0000, 104, 94, 80
L -703.6067, -258.2860, 0.0000, -696.6958, -257.1005, 0.0000, 104, 94, 80
L -697.6691, -258.2860, 0.0000, -693.1608, -256.9354, 0.0000, 104, 94, 80
L -709.5443, -252.3484, 0.0000, -703.5487, -253.9223, 0.0000, 104, 94, 80
L -703.6067, -252.3484, 0.0000, -699.9883, -252.0393, 0.0000, 104, 94, 80
L 228.5980, -252.3484, 0.0000, 235.4164, -250.5155, 0.0000, 104, 94, 80
L 234.5356, -252.3484, 0.0000, 239.9109, -251.7285, 0.0000, 104, 94, 80
L -721.4195, -246.4108, 0.0000, -713.9650, -244.6666, 0.0000, 104, 94, 80
L 240.4732, -246.4108, 0.0000, 246.9905, -247.1810, 0.0000, 104, 94, 80
L 246.4108, -246.4108, 0.0000, 253.8758, -246.3769, 0.0000, 104, 94, 80
L 264.2236, -246.4108, 0.0000, 269.2142, -246.3797, 0.0000, 104, 94, 80
L 270.1612, -246.4108, 0.0000, 277.7512, -245.1493, 0.0000, 104, 94, 80
L -727.3571, -240.4732, 0.0000, -723.5129, -240.8238, 0.0000, 104, 94, 80
L 234.5356, -240.4732, 0.0000, 239.2736, -240.4083, 0.0000, 104, 94, 80
L 246.4108, -240.4732, 0.0000, 253.1117, -241.0222, 0.0000, 104, 94, 80
L 276.0988, -240.4732, 0.0000, 280.4712, -239.2330, 0.0000, 104, 94, 80
L -727.3571, -234.5356, 0.0000, -723.0263, -234.6444, 0.0000, 104, 94, 80
L -721.4195, -234.5356, 0.0000, -715.9039, -235.7086, 0.0000, 104, 94, 80
L -715.4819, -234.5356, 0.0000, -709.2837, -234.6822, 0.0000, 104, 94, 80
L 234.5356, -234.5356, 0.0000, 240.4739, -234.9473, 0.0000, 104, 94, 80
L 258.2860, -234.5356, 0.0000, 264.2538, -233.4700, 0.0000, 104, 94, 80
L 264.2236, -234.5356, 0.0000, 270.4670, -234.1444, 0.0000, 104, 94, 80
L 270.1612, -234.5356, 0.0000, 276.3930, -234.1623, 0.0000, 104, 94, 80
L 282.0364, -234.5356, 0.0000, 287.5656, -235.1731, 0.0000, 104, 94, 80
L -727.3571, -228.5980, 0.0000, -721.7673, -230.2352, 0.0000, 104, 94, 80
L -721.4195, -228.5980, 0.0000, -716.2974, -230.0851, 0.0000, 104, 94, 80
L 282.0364, -228.5980, 0.0000, 288.8469, -230.3029, 0.0000, 104, 94, 80
L -721.4195, -222.6603, 0.0000, -717.9076, -223.6437, 0.0000, 104, 94, 80
L 287.9740, -222.6603, 0.0000, 293.5095, -224.3002, 0.0000, 104, 94, 80
L 299.8493, -222.6603, 0.0000, 306.3147, -221.2256, 0.0000, 104, 94, 80
L -739.2323, -216.7227, 0.0000, -733.5201, -216.0551, 0.0000, 104, 94, 80
L -733.2947, -216.7227, 0.0000, -729.3424, -215.8998, 0.0000, 104, 94, 80
L 299.8493, -216.7227, 0.0000, 305.6062, -216.6772, 0.0000, 104, 94, 80
L -745.1699, -210.7851, 0.0000, -740.7649, -211.3779, 0.0000, 104, 94, 80
L -745.1699, -204.8475, 0.0000, -737.9110, -204.2099, 0.0000, 104, 94, 80
L -733.2947, -204.8475, 0.0000, -727.6187, -204.1397, 0.0000, 104, 94, 80
L 299.8493, -204.8475, 0.0000, 305.0568, -204.2575, 0.0000, 104, 94, 80
L 305.7869, -204.8475, 0.0000, 311.4715, -203.3755, 0.0000, 104, 94, 80
L 317.6621, -204.8475, 0.0000, 323.1278, -205.5920, 0.0000, 104, 94, 80
L -762.9828, -198.9099, 0.0000, -758.7728, -199.7321, 0.0000, 104, 94, 80
L -757.0452, -198.9099, 0.0000, -753.4324, -199.1504, 0.0000, 104, 94, 80
L -751.1076, -198.9099, 0.0000, -745.9103, -197.9692, 0.0000, 104, 94, 80
L -739.2323, -198.9099, 0.0000, -735.5632, -199.6080, 0.0000, 104, 94, 80
L -786.7332, -192.9723, 0.0000, -782.2581, -191.9145, 0.0000, 104, 94, 80
L -757.0452, -192.9723, 0.0000, -753.4075, -193.9435, 0.0000, 104, 94, 80
L -751.1076, -192.9723, 0.0000, -744.0304, -191.2093, 0.0000, 104, 94, 80
L -798.6084, -187.0347, 0.0000, -792.1620, -187.4501, 0.0000, 104, 94, 80
L -774.8580, -187.0347, 0.0000, -769.8445, -188.1735, 0.0000, 104, 94, 80
L -768.9204, -187.0347, 0.0000, -762.0552, -184.9782, 0.0000, 104, 94, 80
L -762.9828, -187.0347, 0.0000, -758.7407, -186.3786, 0.0000, 104, 94, 80
L -757.0452, -187.0347, 0.0000, -753.2414, -186.0587, 0.0000, 104, 94, 80
L 311.7245, -187.0347, 0.0000, 318.6666, -188.0623, 0.0000, 104, 94, 80
L 317.6621, -187.0347, 0.0000, 323.8814, -186.0710, 0.0000, 104, 94, 80
L 323.5997, -187.0347, 0.0000, 330.6903, -188.7688, 0.0000, 104, 94, 80
L -786.7332, -181.0971, 0.0000, -782.5450, -181.5670, 0.0000, 104, 94, 80
L -798.6084, -175.1595, 0.0000, -793.3499, -175.9422, 0.0000, 104, 94, 80
L 317.6621, -175.1595, 0.0000, 324.1774, -176.8984, 0.0000, 104, 94, 80
L 323.5997, -175.1595, 0.0000, 329.2604, -175.9153, 0.0000, 104, 94, 80
L 329.5373, -175.1595, 0.0000, 336.2860, -175.1394, 0.0000, 104, 94, 80
L -798.6084, -169.2219, 0.0000, -792.7594, -169.5430, 0.0000, 104, 94, 80
L -810.4836, -163.2843, 0.0000, -806.1107, -162.4195, 0.0000, 104, 94, 80
L -804.5460, -163.2843, 0.0000, -797.1276, -162.5863, 0.0000, 104, 94, 80
L 323.5997, -163.2843, 0.0000, 327.4346, -163.6014, 0.0000, 104, 94, 80
L 329.5373, -163.2843, 0.0000, 335.7654, -163.6546, 0.0000, 104, 94, 80
L -840.1717, -157.3466, 0.0000, -833.8762, -155.8217, 0.0000, 104, 94, 80
L 347.3501, -157.3466, 0.0000, 352.4497, -157.1712, 0.0000, 104, 94, 80
L -857.9845, -151.4090, 0.0000, -854.1153, -152.5840, 0.0000, 104, 94, 80
L -852.0469, -151.4090, 0.0000, -847.2160, -151.2079, 0.0000, 104, 94, 80
L -840.1717, -151.4090, 0.0000, -834.2420, -152.1770, 0.0000, 104, 94, 80
L -834.2341, -151.4090, 0.0000, -827.6140, -151.7429, 0.0000, 104, 94, 80
L -828.2965, -151.4090, 0.0000, -824.2683, -151.0316, 0.0000, 104, 94, 80
L -822.3589, -151.4090, 0.0000, -818.6832, -152.4157, 0.0000, 104, 94, 80
L 329.5373, -151.4090, 0.0000, 334.5651, -150.2205, 0.0000, 104, 94, 80
L 341.4125, -151.4090, 0.0000, 348.9368, -152.3390, 0.0000, 104, 94, 80
L 347.3501, -151.4090, 0.0000, 351.9133, -150.4904, 0.0000, 104, 94, 80
L 353.2877, -151.4090, 0.0000, 358.8308, -151.0118, 0.0000, 104, 94, 80
L 359.2254, -151.4090, 0.0000, 366.3149, -153.2815, 0.0000, 104, 94, 80
L -863.9221, -145.4714, 0.0000, -858.2834, -146.2085, 0.0000, 104, 94, 80
L -852.0469, -145.4714, 0.0000, -845.5543, -146.9847, 0.0000, 104, 94, 80
L -846.1093, -145.4714, 0.0000, -840.7227, -144.6385, 0.0000, 104, 94, 80
L 341.4125, -145.4714, 0.0000, 346.2101, -144.1075, 0.0000, 104, 94, 80
L 353.2877, -145.4714, 0.0000, 358.0561, -146.3201, 0.0000, 104, 94, 80
L 359.2254, -145.4714, 0.0000, 363.3387, -145.3950, 0.0000, 104, 94, 80
L 371.1006, -145.4714, 0.0000, 378.1148, -144.8625, 0.0000, 104, 94, 80
L -875.7973, -139.5338, 0.0000, -871.8511, -138.3177, 0.0000, 104, 94, 80
L -852.0469, -139.5338, 0.0000, -846.1598, -138.1161, 0.0000, 104, 94, 80
L 353.2877, -139.5338, 0.0000, 359.0153, -140.2116, 0.0000, 104, 94, 80
L 359.2254, -139.5338, 0.0000, 365.9000, -140.0297, 0.0000, 104, 94, 80
L 365.1630, -139.5338, 0.0000, 371.3204, -139.3229, 0.0000, 104, 94, 80
L 371.1006, -139.5338, 0.0000, 378.3466, -137.6486, 0.0000, 104, 94, 80
L 377.0382, -139.5338, 0.0000, 383.2281, -137.8501, 0.0000, 104, 94, 80
L -875.7973, -133.5962, 0.0000, -870.1186, -132.8175, 0.0000, 104, 94, 80
L -863.9221, -133.5962, 0.0000, -858.3013, -133.2482, 0.0000, 104, 94, 80
L -887.6726, -127.6586, 0.0000, -881.3157, -126.8219, 0.0000, 104, 94, 80
L -881.7350, -127.6586, 0.0000, -875.1268, -127.7356, 0.0000, 104, 94, 80
L -875.7973, -127.6586, 0.0000, -868.1432, -127.8303, 0.0000, 104, 94, 80
L 382.9758, -127.6586, 0.0000, 388.7677, -128.7465, 0.0000, 104, 94, 80
L 377.0382, -121.7210, 0.0000, 381.4897, -122.0346, 0.0000, 104, 94, 80
L 382.9758, -121.7210, 0.0000, 386.6319, -122.1940, 0.0000, 104, 94, 80
L 388.9134, -121.7210, 0.0000, 393.5297, -121.8026, 0.0000, 104, 94, 80
L -905.4854, -115.7834, 0.0000, -899.6367, -115.1510, 0.0000, 104, 94, 80
L -893.6102, -115.7834, 0.0000, -886.2455, -115.5546, 0.0000, 104, 94, 80
L -887.6726, -115.7834, 0.0000, -883.7297, -114.7213, 0.0000, 104, 94, 80
L -881.7350, -115.7834, 0.0000, -876.7133, -114.7529, 0.0000, 104, 94, 80
L 382.9758, -115.7834, 0.0000, 388.5287, -115.3686, 0.0000, 104, 94, 80
L -899.5478, -109.8458, 0.0000, -893.9630, -109.0849, 0.0000, 104, 94, 80
L 377.0382, -109.8458, 0.0000, 380.6699, -110.7020, 0.0000, 104, 94, 80
L -905.4854, -103.9082, 0.0000, -900.5575, -104.0853, 0.0000, 104, 94, 80
L -899.5478, -103.9082, 0.0000, -895.7551, -104.7196, 0.0000, 104, 94, 80
L 382.9758, -103.9082, 0.0000, 389.0614, -104.8699, 0.0000, 104, 94, 80
L 377.0382, -97.9706, 0.0000, 383.2766, -97.9819, 0.0000, 104, 94, 80
L -905.4854, -92.0329, 0.0000, -898.2905, -92.6630, 0.0000, 104, 94, 80
L 365.1630, -92.0329, 0.0000, 372.7542, -90.6860, 0.0000, 104, 94, 80
L -911.4230, -86.0953, 0.0000, -905.7730, -87.4786, 0.0000, 104, 94, 80
L 371.1006, -86.0953, 0.0000, 376.6869, -86.3324, 0.0000, 104, 94, 80
L -917.3606, -80.1577, 0.0000, -912.1522, -81.4302, 0.0000, 104, 94, 80
L 365.1630, -80.1577, 0.0000, 369.6943, -80.0318, 0.0000, 104, 94, 80
L 359.2254, -74.2201, 0.0000, 364.0083, -75.4535, 0.0000, 104, 94, 80
L -923.2982, -68.2825, 0.0000, -917.3294, -70.0263, 0.0000, 104, 94, 80
L 371.1006, -68.2825, 0.0000, 377.8080, -67.0672, 0.0000, 104, 94, 80
L -923.2982, -56.4073, 0.0000, -919.6738, -55.8554, 0.0000, 104, 94, 80
L 347.3501, -56.4073, 0.0000, 351.6553, -55.8332, 0.0000, 104, 94, 80
L 353.2877, -50.4697, 0.0000, 359.2551, -50.0403, 0.0000, 104, 94, 80
L 347.3501, -44.5321, 0.0000, 354.6018, -46.6460, 0.0000, 104, 94, 80
L 353.2877, -44.5321, 0.0000, 357.6105, -44.2695, 0.0000, 104, 94, 80
L -923.2982, -38.5945, 0.0000, -919.3639, -39.2676, 0.0000, 104, 94, 80
L -917.3606, -38.5945, 0.0000, -913.7108, -37.7687, 0.0000, 104, 94, 80
L -911.4230, -38.5945, 0.0000, -907.2683, -37.5591, 0.0000, 104, 94, 80
L -911.4230, -32.6569, 0.0000, -907.5974, -31.6928, 0.0000, 104, 94, 80
L -911.4230, -26.7192, 0.0000, -904.2341, -27.0242, 0.0000, 104, 94, 80
L -905.4854, -26.7192, 0.0000, -898.4932, -27.4375, 0.0000, 104, 94, 80
L 335.4749, -26.7192, 0.0000, 341.4511, -25.7264, 0.0000, 104, 94, 80
L 341.4125, -26.7192, 0.0000, 348.3504, -28.3639, 0.0000, 104, 94, 80
L -917.3606, -20.7816, 0.0000, -913.6714, -21.5252, 0.0000, 104, 94, 80
L -905.4854, -20.7816, 0.0000, -899.2984, -19.3439, 0.0000, 104, 94, 80
L -905.4854, -14.8440, 0.0000, -901.3933, -15.9009, 0.0000, 104, 94, 80
L 335.4749, -14.8440, 0.0000, 340.8479, -14.2097, 0.0000, 104, 94, 80
L 341.4125, -14.8440, 0.0000, 348.0006, -15.2661, 0.0000, 104, 94, 80
L 317.6621, -8.9064, 0.0000, 321.8563, -8.9103, 0.0000, 104, 94, 80
L 323.5997, -8.9064, 0.0000, 330.1820, -10.3352, 0.0000, 104, 94, 80
L 329.5373, -8.9064, 0.0000, 334.1526, -9.6994, 0.0000, 104, 94, 80
L 335.4749, -8.9064, 0.0000, 339.5795, -9.2371, 0.0000, 104, 94, 80
L -911.4230, 2.9688, 0.0000, -903.9852, 4.7457, 0.0000, 104, 94, 80
L -905.4854, 2.9688, 0.0000, -898.3360, 1.9397, 0.0000, 104, 94, 80
L -899.5478, 2.9688, 0.0000, -895.1174, 3.3951, 0.0000, 104, 94, 80
L 293.9117, 2.9688, 0.0000, 300.3954, 4.1022, 0.0000, 104, 94, 80
L 305.7869, 2.9688, 0.0000, 309.8925, 2.6291, 0.0000, 104, 94, 80
L 317.6621, 2.9688, 0.0000, 321.1955, 3.8525, 0.0000, 104, 94, 80
L -911.4230, 8.9064, 0.0000, -904.7936, 7.3073, 0.0000, 104, 94, 80
L -905.4854, 8.9064, 0.0000, -900.0647, 7.6501, 0.0000, 104, 94, 80
L -899.5478, 8.9064, 0.0000, -895.7896, 8.2689, 0.0000, 104, 94, 80
L 282.0364, 8.9064, 0.0000, 289.3873, 7.9517, 0.0000, 104, 94, 80
L -911.4230, 14.8440, 0.0000, -904.9448, 14.7777, 0.0000, 104, 94, 80
L 293.9117, 14.8440, 0.0000, 299.5127, 15.6744, 0.0000, 104, 94, 80
L 299.8493, 14.8440, 0.0000, 304.4931, 14.6402, 0.0000, 104, 94, 80
L 276.0988, 20.7816, 0.0000, 282.9154, 21.9121, 0.0000, 104, 94, 80
L -911.4230, 26.7192, 0.0000, -904.9035, 27.7285, 0.0000, 104, 94, 80
L 258.2860, 26.7192, 0.0000, 262.1375, 27.5233, 0.0000, 104, 94, 80
L 276.0988, 26.7192, 0.0000, 279.8397, 25.6998, 0.0000, 104, 94, 80
L 282.0364, 26.7192, 0.0000, 289.4398, 26.0914, 0.0000, 104, 94, 80
L -899.5478, 32.6569, 0.0000, -892.3976, 34.3716, 0.0000, 104, 94, 80
L -905.4854, 38.5945, 0.0000, -900.0776, 38.6569, 0.0000, 104, 94, 80
L -899.5478, 38.5945, 0.0000, -895.9798, 39.6847, 0.0000, 104, 94, 80
L -881.7350, 38.5945, 0.0000, -877.5046, 39.0908, 0.0000, 104, 94, 80
L 246.4108, 38.5945, 0.0000, 251.4570, 40.0914, 0.0000, 104, 94, 80
L -905.4854, 44.5321, 0.0000, -901.1073, 43.8605, 0.0000, 104, 94, 80
L -887.6726, 44.5321, 0.0000, -884.0650, 45.4381, 0.0000, 104, 94, 80
L -881.7350, 44.5321, 0.0000, -877.9468, 45.1803, 0.0000, 104, 94, 80
L -881.7350, 50.4697, 0.0000, -876.1058, 50.4901, 0.0000, 104, 94, 80
L -869.8597, 50.4697, 0.0000, -865.4122, 50.6432, 0.0000, 104, 94, 80
L 228.5980, 50.4697, 0.0000, 235.1346, 48.9755, 0.0000, 104, 94, 80
L 234.5356, 50.4697, 0.0000, 242.1474, 51.3105, 0.0000, 104, 94, 80
L 240.4732, 50.4697, 0.0000, 245.9502, 49.5408, 0.0000, 104, 94, 80
L 246.4108, 50.4697, 0.0000, 253.7333, 52.1023, 0.0000, 104, 94, 80
L -863.9221, 56.4073, 0.0000, -856.9394, 55.3985, 0.0000, 104, 94, 80
L -852.0469, 56.4073, 0.0000, -847.9336, 55.4211, 0.0000, 104, 94, 80
L 228.5980, 56.4073, 0.0000, 234.7196, 56.7112, 0.0000, 104, 94, 80
L 234.5356, 56.4073, 0.0000, 240.4238, 57.5437, 0.0000, 104, 94, 80
L -869.8597, 62.3449, 0.0000, -864.4714, 61.0487, 0.0000, 104, 94, 80
L 222.6603, 62.3449, 0.0000, 228.4351, 62.6248, 0.0000, 104, 94, 80
L -857.9845, 68.2825, 0.0000, -851.3610, 67.6998, 0.0000, 104, 94, 80
L -846.1093, 68.2825, 0.0000, -838.9454, 66.1282, 0.0000, 104, 94, 80
L -828.2965, 68.2825, 0.0000, -822.6308, 69.5412, 0.0000, 104, 94, 80
L 216.7227, 68.2825, 0.0000, 221.4740, 66.9293, 0.0000, 104, 94, 80
L -834.2341, 74.2201, 0.0000, -830.6664, 73.1402, 0.0000, 104, 94, 80
L -822.3589, 74.2201, 0.0000, -818.7225, 73.2172, 0.0000, 104, 94, 80
L 216.7227, 74.2201, 0.0000, 220.9047, 73.8818, 0.0000, 104, 94, 80
L -834.2341, 80.1577, 0.0000, -828.1523, 80.5044, 0.0000, 104, 94, 80
L -828.2965, 80.1577, 0.0000, -823.1983, 78.7159, 0.0000, 104, 94, 80
L -822.3589, 80.1577, 0.0000, -815.0021, 79.0144, 0.0000, 104, 94, 80
L 204.8475, 80.1577, 0.0000, 211.3545, 80.8655, 0.0000, 104, 94, 80
L -828.2965, 86.0953, 0.0000, -822.9548, 84.6552, 0.0000, 104, 94, 80
L -822.3589, 86.0953, 0.0000, -818.4256, 86.7820, 0.0000, 104, 94, 80
L -816.4213, 86.0953, 0.0000, -811.4073, 84.6268, 0.0000, 104, 94, 80
L -822.3589, 92.0329, 0.0000, -815.0345, 93.7398, 0.0000, 104, 94, 80
L 204.8475, 92.0329, 0.0000, 211.8355, 91.0928, 0.0000, 104, 94, 80
L 210.7851, 92.0329, 0.0000, 215.3023, 92.9113, 0.0000, 104, 94, 80
L -822.3589, 97.9706, 0.0000, -816.4034, 98.5880, 0.0000, 104, 94, 80
L -816.4213, 97.9706, 0.0000, -808.9173, 99.4168, 0.0000, 104, 94, 80
L 198.9099, 97.9706, 0.0000, 205.0485, 97.8000, 0.0000, 104, 94, 80
L 204.8475, 97.9706, 0.0000, 212.3508, 99.0440, 0.0000, 104, 94, 80
L -816.4213, 103.9082, 0.0000, -810.9437, 102.7559, 0.0000, 104, 94, 80
L 192.9723, 103.9082, 0.0000, 197.8281, 103.8698, 0.0000, 104, 94, 80
L -810.4836, 109.8458, 0.0000, -803.9289, 109.5213, 0.0000, 104, 94, 80
L -804.5460, 109.8458, 0.0000, -799.9348, 109.6222, 0.0000, 104, 94, 80
L -798.6084, 109.8458, 0.0000, -794.5436, 110.3875, 0.0000, 104, 94, 80
L 187.0347, 109.8458, 0.0000, 193.2299, 108.4565, 0.0000, 104, 94, 80
L 192.9723, 109.8458, 0.0000, 198.3517, 109.2193, 0.0000, 104, 94, 80
L -816.4213, 115.7834, 0.0000, -812.3492, 115.2472, 0.0000, 104, 94, 80
L -804.5460, 115.7834, 0.0000, -799.9856, 116.8572, 0.0000, 104, 94, 80
L -810.4836, 121.7210, 0.0000, -805.8591, 121.6114, 0.0000, 104, 94, 80
L 181.0971, 121.7210, 0.0000, 187.5423, 123.0218, 0.0000, 104, 94, 80
L 192.9723, 121.7210, 0.0000, 198.2067, 121.0672, 0.0000, 104, 94, 80
L -810.4836, 127.6586, 0.0000, -806.4255, 128.0046, 0.0000, 104, 94, 80
L 192.9723, 127.6586, 0.0000, 200.3191, 128.4308, 0.0000, 104, 94, 80
L -816.4213, 133.5962, 0.0000, -811.4815, 134.2347, 0.0000, 104, 94, 80
L -804.5460, 133.5962, 0.0000, -800.9303, 134.1514, 0.0000, 104, 94, 80
L -810.4836, 139.5338, 0.0000, -803.6811, 140.0850, 0.0000, 104, 94, 80
L 175.1595, 139.5338, 0.0000, 179.7215, 138.5278, 0.0000, 104, 94, 80
L 181.0971, 139.5338, 0.0000, 184.9654, 138.9761, 0.0000, 104, 94, 80
L -810.4836, 145.4714, 0.0000, -806.5931, 144.3853, 0.0000, 104, 94, 80
L -798.6084, 145.4714, 0.0000, -794.8397, 145.4488, 0.0000, 104, 94, 80
L 175.1595, 145.4714, 0.0000, 181.2781, 147.1929, 0.0000, 104, 94, 80
L 181.0971, 145.4714, 0.0000, 187.4805, 147.2407, 0.0000, 104, 94, 80
L -798.6084, 151.4090, 0.0000, -793.3054, 150.7058, 0.0000, 104, 94, 80
L 175.1595, 151.4090, 0.0000, 181.9604, 150.0552, 0.0000, 104, 94, 80
L 187.0347, 151.4090, 0.0000, 194.4133, 151.9126, 0.0000, 104, 94, 80
L -804.5460, 157.3466, 0.0000, -797.3509, 159.3859, 0.0000, 104, 94, 80
L 175.1595, 157.3466, 0.0000, 180.3960, 157.1216, 0.0000, 104, 94, 80
L -786.7332, 163.2843, 0.0000, -780.9332, 161.9806, 0.0000, 104, 94, 80
L -798.6084, 169.2219, 0.0000, -795.0913, 169.9604, 0.0000, 104, 94, 80
L 175.1595, 169.2219, 0.0000, 181.5429, 168.1796, 0.0000, 104, 94, 80
L -786.7332, 175.1595, 0.0000, -780.6345, 176.3649, 0.0000, 104, 94, 80
L 175.1595, 175.1595, 0.0000, 182.2894, 175.2070, 0.0000, 104, 94, 80
L 181.0971, 175.1595, 0.0000, 186.6509, 176.3113, 0.0000, 104, 94, 80
L -804.5460, 181.0971, 0.0000, -800.3606, 179.8386, 0.0000, 104, 94, 80
L -798.6084, 181.0971, 0.0000, -791.0852, 182.3666, 0.0000, 104, 94, 80
L -792.6708, 181.0971, 0.0000, -787.4425, 179.5865, 0.0000, 104, 94, 80
L 181.0971, 181.0971, 0.0000, 187.4239, 182.4449, 0.0000, 104, 94, 80
L -792.6708, 187.0347, 0.0000, -786.7477, 185.4750, 0.0000, 104, 94, 80
L 175.1595, 187.0347, 0.0000, 180.7458, 188.0907, 0.0000, 104, 94, 80
L -804.5460, 192.9723, 0.0000, -800.8703, 192.0193, 0.0000, 104, 94, 80
L -798.6084, 192.9723, 0.0000, -792.7276, 192.6139, 0.0000, 104, 94, 80
L 175.1595, 192.9723, 0.0000, 178.8696, 192.2988, 0.0000, 104, 94, 80
L 181.0971, 192.9723, 0.0000, 185.4121, 193.5391, 0.0000, 104, 94, 80
L 187.0347, 198.9099, 0.0000, 193.0283, 199.7861, 0.0000, 104, 94, 80
L -798.6084, 204.8475, 0.0000, -793.3194, 203.2160, 0.0000, 104, 94, 80
L 181.0971, 204.8475, 0.0000, 184.8185, 205.5137, 0.0000, 104, 94, 80
L 187.0347, 204.8475, 0.0000, 194.2809, 204.9732, 0.0000, 104, 94, 80
L -804.5460, 210.7851, 0.0000, -800.4555, 211.0216, 0.0000, 104, 94, 80
L -810.4836, 216.7227, 0.0000, -805.3034, 217.4701, 0.0000, 104, 94, 80
L -804.5460, 216.7227, 0.0000, -798.2269, 216.6823, 0.0000, 104, 94, 80
L 175.1595, 216.7227, 0.0000, 180.4163, 216.5498, 0.0000, 104, 94, 80
L -810.4836, 222.6603, 0.0000, -804.3438, 223.6014, 0.0000, 104, 94, 80
L -804.5460, 222.6603, 0.0000, -799.7828, 221.4190, 0.0000, 104, 94, 80
L 175.1595, 222.6603, 0.0000, 181.7132, 222.2264, 0.0000, 104, 94, 80
L -816.4213, 228.5980, 0.0000, -809.2364, 230.6237, 0.0000, 104, 94, 80
L 175.1595, 228.5980, 0.0000, 181.5120, 229.2871, 0.0000, 104, 94, 80
L 169.2219, 234.5356, 0.0000, 175.5535, 236.4226, 0.0000, 104, 94, 80
L -816.4213, 240.4732, 0.0000, -812.5693, 240.9490, 0.0000, 104, 94, 80
L 169.2219, 240.4732, 0.0000, 176.7736, 241.2073, 0.0000, 104, 94, 80
L -792.6708, 246.4108, 0.0000, -788.8418, 247.1672, 0.0000, 104, 94, 80
L 175.1595, 246.4108, 0.0000, 180.4845, 245.5306, 0.0000, 104, 94, 80
L -792.6708, 252.3484, 0.0000, -786.7509, 251.5644, 0.0000, 104, 94, 80
L -786.7332, 252.3484, 0.0000, -781.3183, 253.3247, 0.0000, 104, 94, 80
L 163.2843, 252.3484, 0.0000, 169.9928, 253.0676, 0.0000, 104, 94, 80
L 175.1595, 252.3484, 0.0000, 180.7342, 251.4066, 0.0000, 104, 94, 80
L -792.6708, 258.2860, 0.0000, -785.3796, 260.4318, 0.0000, 104, 94, 80
L -780.7956, 258.2860, 0.0000, -776.1661, 259.3115, 0.0000, 104, 94, 80
L -774.8580, 258.2860, 0.0000, -769.9802, 258.1443, 0.0000, 104, 94, 80
L 163.2843, 258.2860, 0.0000, 170.1559, 256.5282, 0.0000, 104, 94, 80
L -786.7332, 264.2236, 0.0000, -779.6564, 263.1196, 0.0000, 104, 94, 80
L -762.9828, 264.2236, 0.0000, -759.4306, 263.6739, 0.0000, 104, 94, 80
L -757.0452, 264.2236, 0.0000, -752.1373, 265.2931, 0.0000, 104, 94, 80
L -751.1076, 264.2236, 0.0000, -744.5410, 265.6419, 0.0000, 104, 94, 80
L 169.2219, 264.2236, 0.0000, 173.0063, 264.1465, 0.0000, 104, 94, 80
L -768.9204, 270.1612, 0.0000, -764.7009, 269.5265, 0.0000, 104, 94, 80
L -757.0452, 270.1612, 0.0000, -752.0233, 271.5138, 0.0000, 104, 94, 80
L -745.1699, 270.1612, 0.0000, -738.7161, 271.5628, 0.0000, 104, 94, 80
L 169.2219, 270.1612, 0.0000, 173.6796, 269.9104, 0.0000, 104, 94, 80
L -757.0452, 276.0988, 0.0000, -750.2587, 275.0622, 0.0000, 104, 94, 80
L -751.1076, 276.0988, 0.0000, -745.4565, 277.8112, 0.0000, 104, 94, 80
L -739.2323, 276.0988, 0.0000, -735.1071, 277.1642, 0.0000, 104, 94, 80
L 163.2843, 276.0988, 0.0000, 170.4039, 277.2995, 0.0000, 104, 94, 80
L -745.1699, 282.0364, 0.0000, -737.9552, 282.9535, 0.0000, 104, 94, 80
L -703.6067, 282.0364, 0.0000, -697.3881, 283.4755, 0.0000, 104, 94, 80
L 157.3466, 282.0364, 0.0000, 161.2766, 281.8820, 0.0000, 104, 94, 80
L -733.2947, 287.9740, 0.0000, -729.2525, 288.4488, 0.0000, 104, 94, 80
L -727.3571, 287.9740, 0.0000, -720.0254, 286.0523, 0.0000, 104, 94, 80
L -715.4819, 287.9740, 0.0000, -708.3203, 289.0781, 0.0000, 104, 94, 80
L -703.6067, 287.9740, 0.0000, -697.3203, 286.6290, 0.0000, 104, 94, 80
L -697.6691, 287.9740, 0.0000, -694.1169, 288.5728, 0.0000, 104, 94, 80
L -691.7315, 287.9740, 0.0000, -686.2561, 286.7058, 0.0000, 104, 94, 80
L 157.3466, 287.9740, 0.0000, 161.6880, 289.2842, 0.0000, 104, 94, 80
L -709.5443, 293.9117, 0.0000, -702.6472, 294.4311, 0.0000, 104, 94, 80
L -703.6067, 293.9117, 0.0000, -696.2067, 292.3805, 0.0000, 104, 94, 80
L -679.8562, 293.9117, 0.0000, -674.8071, 294.4831, 0.0000, 104, 94, 80
L -662.0434, 293.9117, 0.0000, -658.4388, 292.9967, 0.0000, 104, 94, 80
L 157.3466, 293.9117, 0.0000, 162.5424, 294.2188, 0.0000, 104, 94, 80
L 163.2843, 293.9117, 0.0000, 169.9604, 295.6991, 0.0000, 104, 94, 80
L -691.7315, 299.8493, 0.0000, -687.0641, 299.7965, 0.0000, 104, 94, 80
L -673.9186, 299.8493, 0.0000, -667.1485, 299.6038, 0.0000, 104, 94, 80
L -662.0434, 299.8493, 0.0000, -656.0176, 301.4757, 0.0000, 104, 94, 80
L 157.3466, 299.8493, 0.0000, 161.4393, 300.6430, 0.0000, 104, 94, 80
L -667.9810, 305.7869, 0.0000, -661.4339, 306.8873, 0.0000, 104, 94, 80
L -662.0434, 305.7869, 0.0000, -655.4746, 304.3690, 0.0000, 104, 94, 80
L 151.4090, 305.7869, 0.0000, 156.4986, 307.3536, 0.0000, 104, 94, 80
L 157.3466, 305.7869, 0.0000, 164.6060, 307.3721, 0.0000, 104, 94, 80
L 163.2843, 305.7869, 0.0000, 169.2414, 304.8789, 0.0000, 104, 94, 80
L -650.1682, 311.7245, 0.0000, -642.8972, 310.9455, 0.0000, 104, 94, 80
L -656.1058, 317.6621, 0.0000, -652.0383, 317.0343, 0.0000, 104, 94, 80
L -638.2930, 317.6621, 0.0000, -633.9137, 318.9491, 0.0000, 104, 94, 80
L 163.2843, 317.6621, 0.0000, 168.5238, 319.1066, 0.0000, 104, 94, 80
L -644.2306, 323.5997, 0.0000, -637.5012, 324.4880, 0.0000, 104, 94, 80
L 151.4090, 323.5997, 0.0000, 158.6238, 321.8510, 0.0000, 104, 94, 80
L 157.3466, 323.5997, 0.0000, 164.4638, 324.5935, 0.0000, 104, 94, 80
L -632.3554, 329.5373, 0.0000, -627.0622, 328.8111, 0.0000, 104, 94, 80
L 151.4090, 329.5373, 0.0000, 157.4705, 328.1546, 0.0000, 104, 94, 80
L -632.3554, 335.4749, 0.0000, -627.9869, 335.1847, 0.0000, 104, 94, 80
L -626.4178, 335.4749, 0.0000, -622.7077, 335.8003, 0.0000, 104, 94, 80
L 151.4090, 335.4749, 0.0000, 156.2499, 334.8979, 0.0000, 104, 94, 80
L 157.3466, 335.4749, 0.0000, 161.2262, 334.8508, 0.0000, 104, 94, 80
L 163.2843, 335.4749, 0.0000, 166.9252, 335.6805, 0.0000, 104, 94, 80
L -626.4178, 341.4125, 0.0000, -621.5212, 341.4838, 0.0000, 104, 94, 80
L 157.3466, 341.4125, 0.0000, 162.3305, 342.1389, 0.0000, 104, 94, 80
L -638.2930, 347.3501, 0.0000, -634.6523, 348.3180, 0.0000, 104, 94, 80
L 163.2843, 347.3501, 0.0000, 166.8520, 347.1907, 0.0000, 104, 94, 80
L 163.2843, 353.2877, 0.0000, 166.8638, 353.6025, 0.0000, 104, 94, 80
L 169.2219, 353.2877, 0.0000, 173.4089, 352.8279, 0.0000, 104, 94, 80
L -632.3554, 359.2254, 0.0000, -626.2513, 357.8472, 0.0000, 104, 94, 80
L 157.3466, 359.2254, 0.0000, 161.2011, 359.4788, 0.0000, 104, 94, 80
L 163.2843, 359.2254, 0.0000, 166.9154, 360.3363, 0.0000, 104, 94, 80
L 169.2219, 359.2254, 0.0000, 175.7044, 358.9031, 0.0000, 104, 94, 80
L -638.2930, 365.1630, 0.0000, -634.2759, 366.2040, 0.0000, 104, 94, 80
L 163.2843, 365.1630, 0.0000, 167.2228, 365.1682, 0.0000, 104, 94, 80
L 169.2219, 365.1630, 0.0000, 175.9777, 365.5021, 0.0000, 104, 94, 80
L 175.1595, 365.1630, 0.0000, 180.0167, 366.4020, 0.0000, 104, 94, 80
L 163.2843, 371.1006, 0.0000, 170.7739, 371.6285, 0.0000, 104, 94, 80
L -632.3554, 377.0382, 0.0000, -626.3014, 376.5830, 0.0000, 104, 94, 80
L -644.2306, 382.9758, 0.0000, -640.5808, 381.8901, 0.0000, 104, 94, 80
L -632.3554, 382.9758, 0.0000, -626.8726, 381.4311, 0.0000, 104, 94, 80
L -644.2306, 388.9134, 0.0000, -638.9712, 387.7535, 0.0000, 104, 94, 80
L -632.3554, 388.9134, 0.0000, -625.1717, 390.0971, 0.0000, 104, 94, 80
L -644.2306, 394.8510, 0.0000, -639.3955, 393.8584, 0.0000, 104, 94, 80
L -644.2306, 400.7886, 0.0000, -637.6896, 400.7748, 0.0000, 104, 94, 80
L -638.2930, 400.7886, 0.0000, -633.2112, 399.7874, 0.0000, 104, 94, 80
L -632.3554, 400.7886, 0.0000, -626.1495, 400.8520, 0.0000, 104, 94, 80
L 163.2843, 400.7886, 0.0000, 170.8965, 400.1356, 0.0000, 104, 94, 80
L 169.2219, 400.7886, 0.0000, 175.4037, 399.6954, 0.0000, 104, 94, 80
L -632.3554, 406.7262, 0.0000, -628.6927, 407.1927, 0.0000, 104, 94, 80
L -632.3554, 418.6014, 0.0000, -625.3924, 420.0870, 0.0000, 104, 94, 80
L 169.2219, 418.6014, 0.0000, 173.9387, 419.9574, 0.0000, 104, 94, 80
L -650.1682, 424.5391, 0.0000, -643.4166, 425.9674, 0.0000, 104, 94, 80
L -638.2930, 424.5391, 0.0000, -634.4609, 423.9417, 0.0000, 104, 94, 80
L -632.3554, 424.5391, 0.0000, -626.9461, 426.1626, 0.0000, 104, 94, 80
L 157.3466, 424.5391, 0.0000, 163.6415, 424.1538, 0.0000, 104, 94, 80
L 163.2843, 424.5391, 0.0000, 168.7395, 424.4097, 0.0000, 104, 94, 80
L -650.1682, 430.4767, 0.0000, -644.0600, 429.3151, 0.0000, 104, 94, 80
L -638.2930, 430.4767, 0.0000, -633.5207, 430.7193, 0.0000, 104, 94, 80
L -632.3554, 430.4767, 0.0000, -626.2100, 431.7087, 0.0000, 104, 94, 80
L 157.3466, 430.4767, 0.0000, 164.3360, 428.3643, 0.0000, 104, 94, 80
L 163.2843, 430.4767, 0.0000, 169.1826, 429.0986, 0.0000, 104, 94, 80
L -656.1058, 436.4143, 0.0000, -649.4779, 437.5110, 0.0000, 104, 94, 80
L -650.1682, 436.4143, 0.0000, -642.7578, 435.8614, 0.0000, 104, 94, 80
L -644.2306, 436.4143, 0.0000, -637.1266, 438.0472, 0.0000, 104, 94, 80
L -650.1682, 442.3519, 0.0000, -643.3727, 442.2482, 0.0000, 104, 94, 80
L -644.2306, 442.3519, 0.0000, -640.4245, 441.2013, 0.0000, 104, 94, 80
L -644.2306, 448.2895, 0.0000, -639.9237, 448.7760, 0.0000, 104, 94, 80
L 151.4090, 448.2895, 0.0000, 155.4480, 448.2206, 0.0000, 104, 94, 80
L 157.3466, 448.2895, 0.0000, 160.9023, 447.2182, 0.0000, 104, 94, 80
L -650.1682, 454.2271, 0.0000, -643.1453, 453.0843, 0.0000, 104, 94, 80
L -644.2306, 454.2271, 0.0000, -636.7579, 454.5356, 0.0000, 104, 94, 80
L 145.4714, 454.2271, 0.0000, 149.1460, 454.8734, 0.0000, 104, 94, 80
L 151.4090, 454.2271, 0.0000, 158.2089, 454.3517, 0.0000, 104, 94, 80
L -650.1682, 460.1647, 0.0000, -644.6808, 460.5362, 0.0000, 104, 94, 80
L -644.2306, 460.1647, 0.0000, -637.7295, 460.1941, 0.0000, 104, 94, 80
L 115.7834, 460.1647, 0.0000, 119.2327, 461.1063, 0.0000, 104, 94, 80
L 121.7210, 460.1647, 0.0000, 128.6508, 461.8435, 0.0000, 104, 94, 80
L 133.5962, 460.1647, 0.0000, 140.3631, 460.5191, 0.0000, 104, 94, 80
L -644.2306, 466.1023, 0.0000, -638.2216, 464.4914, 0.0000, 104, 94, 80
L 103.9082, 466.1023, 0.0000, 110.5504, 466.2484, 0.0000, 104, 94, 80
L 109.8458, 466.1023, 0.0000, 116.4552, 464.0712, 0.0000, 104, 94, 80
L 92.0329, 472.0399, 0.0000, 95.9133, 472.3522, 0.0000, 104, 94, 80
L 109.8458, 472.0399, 0.0000, 117.0264, 469.8292, 0.0000, 104, 94, 80
L 115.7834, 472.0399, 0.0000, 122.4079, 472.7108, 0.0000, 104, 94, 80
L -656.1058, 477.9775, 0.0000, -650.3134, 477.4299, 0.0000, 104, 94, 80
L -644.2306, 477.9775, 0.0000, -640.4402, 478.5585, 0.0000, 104, 94, 80
L 86.0953, 477.9775, 0.0000, 90.7885, 478.4806, 0.0000, 104, 94, 80
L 92.0329, 477.9775, 0.0000, 98.4016, 477.6822, 0.0000, 104, 94, 80
L -656.1058, 483.9151, 0.0000, -648.6062, 484.9232, 0.0000, 104, 94, 80
L -644.2306, 483.9151, 0.0000, -636.7943, 483.9132, 0.0000, 104, 94, 80
L -644.2306, 489.8528, 0.0000, -640.5898, 490.1456, 0.0000, 104, 94, 80
L 68.2825, 489.8528, 0.0000, 73.3088, 488.7886, 0.0000, 104, 94, 80
L 44.5321, 495.7904, 0.0000, 48.8550, 496.9370, 0.0000, 104, 94, 80
L 62.3449, 495.7904, 0.0000, 66.2042, 494.9786, 0.0000, 104, 94, 80
L 38.5945, 501.7280, 0.0000, 45.7626, 502.5172, 0.0000, 104, 94, 80
L 50.4697, 501.7280, 0.0000, 56.5592, 503.3840, 0.0000, 104, 94, 80
L 56.4073, 501.7280, 0.0000, 62.5723, 501.4379, 0.0000, 104, 94, 80
L -638.2930, 507.6656, 0.0000, -631.4225, 507.9038, 0.0000, 104, 94, 80
L -133.5962, 507.6656, 0.0000, -127.4426, 508.2208, 0.0000, 104, 94, 80
L -127.6586, 507.6656, 0.0000, -123.3830, 508.1448, 0.0000, 104, 94, 80
L 8.9064, 507.6656, 0.0000, 15.5147, 508.9197, 0.0000, 104, 94, 80
L 14.8440, 507.6656, 0.0000, 21.7078, 508.2938, 0.0000, 104, 94, 80
L 26.7192, 507.6656, 0.0000, 33.4160, 509.5006, 0.0000, 104, 94, 80
L 32.6569, 507.6656, 0.0000, 37.6806, 508.9433, 0.0000, 104, 94, 80
L 44.5321, 507.6656, 0.0000, 49.2649, 508.1947, 0.0000, 104, 94, 80
L 50.4697, 507.6656, 0.0000, 57.4360, 508.9514, 0.0000, 104, 94, 80
L -650.1682, 513.6032, 0.0000, -644.6324, 512.3657, 0.0000, 104, 94, 80
L -163.2843, 513.6032, 0.0000, -156.0363, 514.7202, 0.0000, 104, 94, 80
L -157.3466, 513.6032, 0.0000, -153.5889, 513.8554, 0.0000, 104, 94, 80
L -151.4090, 513.6032, 0.0000, -144.0238, 513.4111, 0.0000, 104, 94, 80
L -145.4714, 513.6032, 0.0000, -141.0698, 514.3596, 0.0000, 104, 94, 80
L -121.7210, 513.6032, 0.0000, -117.7996, 512.4820, 0.0000, 104, 94, 80
L -8.9064, 513.6032, 0.0000, -3.2290, 512.0244, 0.0000, 104, 94, 80
L -2.9688, 513.6032, 0.0000, 4.5623, 513.7986, 0.0000, 104, 94, 80
L 2.9688, 513.6032, 0.0000, 8.8602, 512.0861, 0.0000, 104, 94, 80
L 8.9064, 513.6032, 0.0000, 15.8961, 513.6997, 0.0000, 104, 94, 80
L 20.7816, 513.6032, 0.0000, 26.7809, 512.9837, 0.0000, 104, 94, 80
L 32.6569, 513.6032, 0.0000, 36.8474, 513.2644, 0.0000, 104, 94, 80
L -638.2930, 519.5408, 0.0000, -631.4169, 519.4798, 0.0000, 104, 94, 80
L -181.0971, 519.5408, 0.0000, -174.1957, 518.8935, 0.0000, 104, 94, 80
L -163.2843, 519.5408, 0.0000, -159.0733, 520.3494, 0.0000, 104, 94, 80
L -151.4090, 519.5408, 0.0000, -145.7485, 519.3343, 0.0000, 104, 94, 80
L -133.5962, 519.5408, 0.0000, -128.3663, 520.7105, 0.0000, 104, 94, 80
L -127.6586, 519.5408, 0.0000, -121.3788, 518.7049, 0.0000, 104, 94, 80
L -121.7210, 519.5408, 0.0000, -114.6402, 517.8782, 0.0000, 104, 94, 80
L -115.7834, 519.5408, 0.0000, -111.6511, 520.5462, 0.0000, 104, 94, 80
L -14.8440, 519.5408, 0.0000, -10.4746, 519.1609, 0.0000, 104, 94, 80
L -8.9064, 519.5408, 0.0000, -3.5433, 520.1635, 0.0000, 104, 94, 80
L -2.9688, 519.5408, 0.0000, 2.0434, 519.1173, 0.0000, 104, 94, 80
L 2.9688, 519.5408, 0.0000, 10.1419, 518.0294, 0.0000, 104, 94, 80
L 20.7816, 519.5408, 0.0000, 26.3130, 518.2524, 0.0000, 104, 94, 80
L 26.7192, 519.5408, 0.0000, 30.5357, 518.3633, 0.0000, 104, 94, 80
L -650.1682, 525.4784, 0.0000, -645.5436, 526.5483, 0.0000, 104, 94, 80
L -192.9723, 525.4784, 0.0000, -188.9605, 524.3046, 0.0000, 104, 94, 80
L -187.0347, 525.4784, 0.0000, -183.2008, 524.7823, 0.0000, 104, 94, 80
L -181.0971, 525.4784, 0.0000, -177.1530, 524.5635, 0.0000, 104, 94, 80
L -175.1595, 525.4784, 0.0000, -168.5717, 526.1766, 0.0000, 104, 94, 80
L -121.7210, 525.4784, 0.0000, -116.7982, 525.9130, 0.0000, 104, 94, 80
L -115.7834, 525.4784, 0.0000, -109.1025, 527.5433, 0.0000, 104, 94, 80
L -103.9082, 525.4784, 0.0000, -97.7701, 527.3639, 0.0000, 104, 94, 80
L -50.4697, 525.4784, 0.0000, -43.5447, 523.7771, 0.0000, 104, 94, 80
L -44.5321, 525.4784, 0.0000, -39.9279, 526.1692, 0.0000, 104, 94, 80
L -32.6569, 525.4784, 0.0000, -26.8153, 526.8308, 0.0000, 104, 94, 80
L -14.8440, 525.4784, 0.0000, -10.7488, 525.5603, 0.0000, 104, 94, 80
L -650.1682, 531.4160, 0.0000, -645.8779, 532.6284, 0.0000, 104, 94, 80
L -638.2930, 531.4160, 0.0000, -633.9470, 530.4655, 0.0000, 104, 94, 80
L -365.1630, 531.4160, 0.0000, -360.9757, 531.4013, 0.0000, 104, 94, 80
L -353.2877, 531.4160, 0.0000, -347.2986, 532.7232, 0.0000, 104, 94, 80
L -347.3501, 531.4160, 0.0000, -340.2093, 531.1579, 0.0000, 104, 94, 80
L -341.4125, 531.4160, 0.0000, -337.1382, 530.8849, 0.0000, 104, 94, 80
L -335.4749, 531.4160, 0.0000, -330.8133, 531.8947, 0.0000, 104, 94, 80
L -299.8493, 531.4160, 0.0000, -294.8278, 530.9472, 0.0000, 104, 94, 80
L -287.9740, 531.4160, 0.0000, -281.9437, 530.2548, 0.0000, 104, 94, 80
L -216.7227, 531.4160, 0.0000, -212.2554, 532.7334, 0.0000, 104, 94, 80
L -187.0347, 531.4160, 0.0000, -180.3331, 530.3240, 0.0000, 104, 94, 80
L -644.2306, 537.3536, 0.0000, -637.1238, 538.6736, 0.0000, 104, 94, 80
L -632.3554, 537.3536, 0.0000, -628.0632, 536.8532, 0.0000, 104, 94, 80
L -365.1630, 537.3536, 0.0000, -358.4129, 535.5735, 0.0000, 104, 94, 80
L -347.3501, 537.3536, 0.0000, -342.0375, 535.8602, 0.0000, 104, 94, 80
L -341.4125, 537.3536, 0.0000, -336.9286, 536.1849, 0.0000, 104, 94, 80
L -317.6621, 537.3536, 0.0000, -311.3272, 538.7361, 0.0000, 104, 94, 80
L -305.7869, 537.3536, 0.0000, -299.3747, 535.5735, 0.0000, 104, 94, 80
L -299.8493, 537.3536, 0.0000, -293.8673, 536.4523, 0.0000, 104, 94, 80
L -287.9740, 537.3536, 0.0000, -281.7497, 537.7029, 0.0000, 104, 94, 80
L -210.7851, 537.3536, 0.0000, -206.3382, 536.5005, 0.0000, 104, 94, 80
L -187.0347, 537.3536, 0.0000, -181.1920, 537.1564, 0.0000, 104, 94, 80
L -97.9706, 537.3536, 0.0000, -93.5531, 537.8186, 0.0000, 104, 94, 80
L -92.0329, 537.3536, 0.0000, -87.6015, 537.5852, 0.0000, 104, 94, 80
L -62.3449, 537.3536, 0.0000, -54.7808, 537.5037, 0.0000, 104, 94, 80
L -50.4697, 537.3536, 0.0000, -44.0996, 537.1255, 0.0000, 104, 94, 80
L -335.4749, 543.2912, 0.0000, -329.4415, 542.5039, 0.0000, 104, 94, 80
L -329.5373, 543.2912, 0.0000, -324.0351, 544.1852, 0.0000, 104, 94, 80
L -317.6621, 543.2912, 0.0000, -312.5624, 544.4401, 0.0000, 104, 94, 80
L -299.8493, 543.2912, 0.0000, -293.8701, 542.3066, 0.0000, 104, 94, 80
L -216.7227, 543.2912, 0.0000, -213.1123, 543.0776, 0.0000, 104, 94, 80
L -210.7851, 543.2912, 0.0000, -206.5874, 544.5650, 0.0000, 104, 94, 80
L -204.8475, 543.2912, 0.0000, -197.2368, 542.6425, 0.0000, 104, 94, 80
L -68.2825, 543.2912, 0.0000, -63.0560, 542.9021, 0.0000, 104, 94, 80
L -62.3449, 543.2912, 0.0000, -55.7618, 543.0298, 0.0000, 104, 94, 80
L -626.4178, 549.2288, 0.0000, -621.8827, 548.2087, 0.0000, 104, 94, 80
L -382.9758, 549.2288, 0.0000, -376.6606, 548.4416, 0.0000, 104, 94, 80
L -377.0382, 549.2288, 0.0000, -372.8169, 548.7970, 0.0000, 104, 94, 80
L -299.8493, 549.2288, 0.0000, -294.9390, 550.0100, 0.0000, 104, 94, 80
L -293.9117, 549.2288, 0.0000, -290.0687, 548.6732, 0.0000, 104, 94, 80
L -216.7227, 549.2288, 0.0000, -210.8014, 548.4753, 0.0000, 104, 94, 80
L -210.7851, 549.2288, 0.0000, -205.6329, 548.0173, 0.0000, 104, 94, 80
L -204.8475, 549.2288, 0.0000, -199.4837, 550.7946, 0.0000, 104, 94, 80
L -181.0971, 549.2288, 0.0000, -177.1412, 549.3311, 0.0000, 104, 94, 80
L -175.1595, 549.2288, 0.0000, -167.7051, 549.3186, 0.0000, 104, 94, 80
L -163.2843, 549.2288, 0.0000, -156.2437, 547.0897, 0.0000, 104, 94, 80
L -139.5338, 549.2288, 0.0000, -132.0035, 548.4747, 0.0000, 104, 94, 80
L -86.0953, 549.2288, 0.0000, -81.1868, 550.1640, 0.0000, 104, 94, 80
L -80.1577, 549.2288, 0.0000, -73.6722, 547.8466, 0.0000, 104, 94, 80
L -638.2930, 555.1665, 0.0000, -633.2932, 554.3549, 0.0000, 104, 94, 80
L -388.9134, 555.1665, 0.0000, -381.6646, 557.3940, 0.0000, 104, 94, 80
L -377.0382, 555.1665, 0.0000, -369.4298, 555.6195, 0.0000, 104, 94, 80
L -204.8475, 555.1665, 0.0000, -199.8357, 555.4467, 0.0000, 104, 94, 80
L -187.0347, 555.1665, 0.0000, -179.5532, 553.8362, 0.0000, 104, 94, 80
L -181.0971, 555.1665, 0.0000, -175.4642, 556.5694, 0.0000, 104, 94, 80
L -175.1595, 555.1665, 0.0000, -167.9766, 554.5256, 0.0000, 104, 94, 80
L -157.3466, 555.1665, 0.0000, -151.7667, 555.2042, 0.0000, 104, 94, 80
L -127.6586, 555.1665, 0.0000, -121.8508, 556.7472, 0.0000, 104, 94, 80
L -632.3554, 561.1041, 0.0000, -627.1506, 560.7741, 0.0000, 104, 94, 80
L -406.7262, 561.1041, 0.0000, -399.8376, 559.9743, 0.0000, 104, 94, 80
L -394.8510, 561.1041, 0.0000, -388.2344, 561.3024, 0.0000, 104, 94, 80
L -382.9758, 561.1041, 0.0000, -378.6943, 561.8812, 0.0000, 104, 94, 80
L -216.7227, 561.1041, 0.0000, -211.2663, 562.4578, 0.0000, 104, 94, 80
L -198.9099, 561.1041, 0.0000, -191.8325, 559.0521, 0.0000, 104, 94, 80
L -192.9723, 561.1041, 0.0000, -185.7443, 562.6764, 0.0000, 104, 94, 80
L -187.0347, 561.1041, 0.0000, -180.7837, 562.6326, 0.0000, 104, 94, 80
L -163.2843, 561.1041, 0.0000, -157.0992, 562.2511, 0.0000, 104, 94, 80
L -632.3554, 567.0417, 0.0000, -626.9746, 568.3202, 0.0000, 104, 94, 80
L -626.4178, 567.0417, 0.0000, -618.8787, 565.9866, 0.0000, 104, 94, 80
L -412.6638, 567.0417, 0.0000, -408.2183, 567.9162, 0.0000, 104, 94, 80
L -394.8510, 567.0417, 0.0000, -391.2957, 567.5848, 0.0000, 104, 94, 80
L -287.9740, 567.0417, 0.0000, -284.1698, 566.2449, 0.0000, 104, 94, 80
L -282.0364, 567.0417, 0.0000, -275.7960, 565.7305, 0.0000, 104, 94, 80
L -133.5962, 567.0417, 0.0000, -127.3676, 567.2191, 0.0000, 104, 94, 80
L -127.6586, 567.0417, 0.0000, -120.0990, 567.7758, 0.0000, 104, 94, 80
L -626.4178, 572.9793, 0.0000, -622.5642, 573.8593, 0.0000, 104, 94, 80
L -614.5425, 572.9793, 0.0000, -608.7375, 573.6175, 0.0000, 104, 94, 80
L -400.7886, 572.9793, 0.0000, -394.6060, 571.0709, 0.0000, 104, 94, 80
L -282.0364, 572.9793, 0.0000, -277.1893, 573.8046, 0.0000, 104, 94, 80
L -133.5962, 572.9793, 0.0000, -129.9189, 573.2987, 0.0000, 104, 94, 80
L -121.7210, 572.9793, 0.0000, -117.2750, 572.2197, 0.0000, 104, 94, 80
L -620.4802, 578.9169, 0.0000, -616.8786, 579.7940, 0.0000, 104, 94, 80
L -293.9117, 578.9169, 0.0000, -290.2580, 578.5593, 0.0000, 104, 94, 80
L -282.0364, 578.9169, 0.0000, -275.8556, 578.3140, 0.0000, 104, 94, 80
L -436.4143, 584.8545, 0.0000, -429.5154, 586.7298, 0.0000, 104, 94, 80
L -293.9117, 584.8545, 0.0000, -288.6623, 586.2222, 0.0000, 104, 94, 80
L -287.9740, 584.8545, 0.0000, -282.1068, 583.0752, 0.0000, 104, 94, 80
L -121.7210, 584.8545, 0.0000, -117.7317, 584.7862, 0.0000, 104, 94, 80
L -620.4802, 590.7921, 0.0000, -616.8875, 591.5419, 0.0000, 104, 94, 80
L -442.3519, 590.7921, 0.0000, -436.1123, 590.7332, 0.0000, 104, 94, 80
L -424.5391, 590.7921, 0.0000, -418.6623, 590.2502, 0.0000, 104, 94, 80
L -293.9117, 590.7921, 0.0000, -289.3731, 591.7204, 0.0000, 104, 94, 80
L -133.5962, 590.7921, 0.0000, -129.2305, 592.0047, 0.0000, 104, 94, 80
L -121.7210, 590.7921, 0.0000, -114.9815, 592.6316, 0.0000, 104, 94, 80
L -614.5425, 596.7297, 0.0000, -607.3635, 596.5628, 0.0000, 104, 94, 80
L -602.6673, 596.7297, 0.0000, -597.0266, 595.6031, 0.0000, 104, 94, 80
L -436.4143, 596.7297, 0.0000, -430.4108, 596.4527, 0.0000, 104, 94, 80
L -430.4767, 596.7297, 0.0000, -425.5697, 597.4971, 0.0000, 104, 94, 80
L -133.5962, 596.7297, 0.0000, -128.8750, 597.8371, 0.0000, 104, 94, 80
L -442.3519, 602.6673, 0.0000, -436.6728, 602.6659, 0.0000, 104, 94, 80
L -287.9740, 602.6673, 0.0000, -280.5487, 602.5612, 0.0000, 104, 94, 80
L -127.6586, 602.6673, 0.0000, -122.8745, 601.6404, 0.0000, 104, 94, 80
L -121.7210, 602.6673, 0.0000, -117.6673, 603.8032, 0.0000, 104, 94, 80
L -608.6049, 608.6049, 0.0000, -603.3700, 608.3182, 0.0000, 104, 94, 80
L -460.1647, 608.6049, 0.0000, -456.6782, 609.4545, 0.0000, 104, 94, 80
L -282.0364, 608.6049, 0.0000, -276.2767, 610.2294, 0.0000, 104, 94, 80
L -133.5962, 608.6049, 0.0000, -129.9270, 609.5374, 0.0000, 104, 94, 80
L -121.7210, 608.6049, 0.0000, -117.1400, 609.8684, 0.0000, 104, 94, 80
L -608.6049, 614.5425, 0.0000, -604.7513, 615.5360, 0.0000, 104, 94, 80
L -584.8545, 614.5425, 0.0000, -579.6248, 615.2474, 0.0000, 104, 94, 80
L -466.1023, 614.5425, 0.0000, -461.5628, 614.6483, 0.0000, 104, 94, 80
L -460.1647, 614.5425, 0.0000, -456.4914, 613.7536, 0.0000, 104, 94, 80
L -293.9117, 614.5425, 0.0000, -290.0161, 615.6163, 0.0000, 104, 94, 80
L -127.6586, 614.5425, 0.0000, -123.4915, 614.1306, 0.0000, 104, 94, 80
L -121.7210, 614.5425, 0.0000, -116.6386, 613.0154, 0.0000, 104, 94, 80
L -602.6673, 620.4802, 0.0000, -597.3093, 619.1835, 0.0000, 104, 94, 80
L -584.8545, 620.4802, 0.0000, -578.1181, 621.0479, 0.0000, 104, 94, 80
L -567.0417, 620.4802, 0.0000, -562.6742, 621.1759, 0.0000, 104, 94, 80
L -555.1665, 620.4802, 0.0000, -551.7425, 621.5016, 0.0000, 104, 94, 80
L -466.1023, 620.4802, 0.0000, -458.7273, 620.4041, 0.0000, 104, 94, 80
L -460.1647, 620.4802, 0.0000, -455.4772, 620.4119, 0.0000, 104, 94, 80
L -127.6586, 620.4802, 0.0000, -122.1428, 620.1888, 0.0000, 104, 94, 80
L -121.7210, 620.4802, 0.0000, -115.3313, 621.5970, 0.0000, 104, 94, 80
L -584.8545, 626.4178, 0.0000, -580.6020, 626.8435, 0.0000, 104, 94, 80
L -578.9169, 626.4178, 0.0000, -571.8344, 626.4069, 0.0000, 104, 94, 80
L -572.9793, 626.4178, 0.0000, -566.5300, 627.9681, 0.0000, 104, 94, 80
L -567.0417, 626.4178, 0.0000, -561.9293, 627.0106, 0.0000, 104, 94, 80
L -561.1041, 626.4178, 0.0000, -554.2476, 626.8437, 0.0000, 104, 94, 80
L -555.1665, 626.4178, 0.0000, -548.6487, 628.2692, 0.0000, 104, 94, 80
L -531.4160, 626.4178, 0.0000, -527.8204, 627.4844, 0.0000, 104, 94, 80
L -525.4784, 626.4178, 0.0000, -520.2470, 625.2800, 0.0000, 104, 94, 80
L -489.8528, 626.4178, 0.0000, -483.6168, 626.6757, 0.0000, 104, 94, 80
L -477.9775, 626.4178, 0.0000, -471.7890, 626.4625, 0.0000, 104, 94, 80
L -472.0399, 626.4178, 0.0000, -464.5850, 626.1559, 0.0000, 104, 94, 80
L -127.6586, 626.4178, 0.0000, -123.2786, 625.8088, 0.0000, 104, 94, 80
L -561.1041, 632.3554, 0.0000, -554.3997, 631.5686, 0.0000, 104, 94, 80
L -549.2288, 632.3554, 0.0000, -543.2475, 633.3485, 0.0000, 104, 94, 80
L -543.2912, 632.3554, 0.0000, -537.5238, 632.9424, 0.0000, 104, 94, 80
L -531.4160, 632.3554, 0.0000, -525.1942, 630.9988, 0.0000, 104, 94, 80
L -270.1612, 632.3554, 0.0000, -264.2826, 631.4457, 0.0000, 104, 94, 80
L -258.2860, 632.3554, 0.0000, -253.2468, 631.9719, 0.0000, 104, 94, 80
L -246.4108, 632.3554, 0.0000, -242.7331, 632.9709, 0.0000, 104, 94, 80
L -228.5980, 632.3554, 0.0000, -223.1603, 632.9455, 0.0000, 104, 94, 80
L -216.7227, 632.3554, 0.0000, -210.8831, 631.6464, 0.0000, 104, 94, 80
L -210.7851, 632.3554, 0.0000, -205.1324, 632.2358, 0.0000, 104, 94, 80
L -204.8475, 632.3554, 0.0000, -198.3436, 633.4821, 0.0000, 104, 94, 80
L -198.9099, 632.3554, 0.0000, -193.9850, 631.7345, 0.0000, 104, 94, 80
L -133.5962, 632.3554, 0.0000, -127.6043, 632.0689, 0.0000, 104, 94, 80
L -127.6586, 632.3554, 0.0000, -122.0519, 631.4117, 0.0000, 104, 94, 80
L -507.6656, 638.2930, 0.0000, -501.9212, 638.1425, 0.0000, 104, 94, 80
L -501.7280, 638.2930, 0.0000, -498.1960, 639.0524, 0.0000, 104, 94, 80
L -495.7904, 638.2930, 0.0000, -491.0168, 637.8373, 0.0000, 104, 94, 80
L -483.9151, 638.2930, 0.0000, -477.2432, 637.3797, 0.0000, 104, 94, 80
L -282.0364, 638.2930, 0.0000, -276.0950, 637.5238, 0.0000, 104, 94, 80
L -276.0988, 638.2930, 0.0000, -270.3552, 639.6177, 0.0000, 104, 94, 80
L -270.1612, 638.2930, 0.0000, -266.5962, 637.8410, 0.0000, 104, 94, 80
L -264.2236, 638.2930, 0.0000, -257.1205, 637.1957, 0.0000, 104, 94, 80
L -252.3484, 638.2930, 0.0000, -246.8379, 639.9127, 0.0000, 104, 94, 80
L -240.4732, 638.2930, 0.0000, -233.0018, 638.2965, 0.0000, 104, 94, 80
L -234.5356, 638.2930, 0.0000, -228.4733, 637.6131, 0.0000, 104, 94, 80
L -228.5980, 638.2930, 0.0000, -224.5739, 638.2643, 0.0000, 104, 94, 80
L -210.7851, 638.2930, 0.0000, -204.9866, 639.5999, 0.0000, 104, 94, 80
L -198.9099, 638.2930, 0.0000, -194.0805, 638.3086, 0.0000, 104, 94, 80
L -133.5962, 638.2930, 0.0000, -129.1679, 637.3341, 0.0000, 104, 94, 80
L -127.6586, 638.2930, 0.0000, -120.2532, 637.9109, 0.0000, 104, 94, 80
L -252.3484, 644.2306, 0.0000, -246.8463, 643.7967, 0.0000, 104, 94, 80
L -246.4108, 644.2306, 0.0000, -239.9772, 643.6227, 0.0000, 104, 94, 80
L -234.5356, 644.2306, 0.0000, -229.5697, 643.0933, 0.0000, 104, 94, 80
L -222.6603, 644.2306, 0.0000, -217.5651, 644.8829, 0.0000, 104, 94, 80
L -204.8475, 644.2306, 0.0000, -199.4808, 642.8336, 0.0000, 104, 94, 80
L -198.9099, 644.2306, 0.0000, -195.3725, 644.8847, 0.0000, 104, 94, 80
L -121.7210, 644.2306, 0.0000, -116.1309, 645.7620, 0.0000, 104, 94, 80
L -204.8475, 650.1682, 0.0000, -200.8998, 651.0706, 0.0000, 104, 94, 80
L -192.9723, 650.1682, 0.0000, -186.0267, 652.1410, 0.0000, 104, 94, 80
L -133.5962, 650.1682, 0.0000, -128.9816, 651.2642, 0.0000, 104, 94, 80
L -192.9723, 656.1058, 0.0000, -188.6938, 656.6557, 0.0000, 104, 94, 80
L -133.5962, 656.1058, 0.0000, -128.3953, 657.0497, 0.0000, 104, 94, 80
L -198.9099, 662.0434, 0.0000, -192.7995, 661.0632, 0.0000, 104, 94, 80
L -192.9723, 662.0434, 0.0000, -189.0162, 663.1169, 0.0000, 104, 94, 80
L -133.5962, 662.0434, 0.0000, -127.7781, 663.3659, 0.0000, 104, 94, 80
L -127.6586, 662.0434, 0.0000, -122.0725, 663.1955, 0.0000, 104, 94, 80
L -133.5962, 667.9810, 0.0000, -128.7874, 668.9967, 0.0000, 104, 94, 80
L -121.7210, 667.9810, 0.0000, -117.1526, 667.6638, 0.0000, 104, 94, 80
L -204.8475, 673.9186, 0.0000, -200.8678, 674.4219, 0.0000, 104, 94, 80
L -127.6586, 673.9186, 0.0000, -123.0538, 673.5454, 0.0000, 104, 94, 80
L -121.7210, 673.9186, 0.0000, -117.9917, 672.8505, 0.0000, 104, 94, 80
L -198.9099, 679.8562, 0.0000, -193.8893, 679.0046, 0.0000, 104, 94, 80
L -192.9723, 679.8562, 0.0000, -188.6847, 681.0630, 0.0000, 104, 94, 80
L -133.5962, 679.8562, 0.0000, -129.7654, 680.5873, 0.0000, 104, 94, 80
L -127.6586, 679.8562, 0.0000, -122.7379, 680.1457, 0.0000, 104, 94, 80
L -192.9723, 685.7939, 0.0000, -188.5670, 686.3031, 0.0000, 104, 94, 80
L -204.8475, 691.7315, 0.0000, -198.3594, 690.5674, 0.0000, 104, 94, 80
L -127.6586, 691.7315, 0.0000, -122.9304, 690.9900, 0.0000, 104, 94, 80
L -121.7210, 697.6691, 0.0000, -117.7271, 697.5435, 0.0000, 104, 94, 80
L -204.8475, 703.6067, 0.0000, -198.9386, 704.1432, 0.0000, 104, 94, 80
L -133.5962, 703.6067, 0.0000, -126.9505, 703.9380, 0.0000, 104, 94, 80
L -127.6586, 703.6067, 0.0000, -120.6255, 702.5720, 0.0000, 104, 94, 80
L -121.7210, 703.6067, 0.0000, -118.1764, 704.6601, 0.0000, 104, 94, 80
L -264.2236, 709.5443, 0.0000, -258.9025, 710.6319, 0.0000, 104, 94, 80
L -252.3484, 709.5443, 0.0000, -246.1237, 710.6319, 0.0000, 104, 94, 80
L -216.7227, 709.5443, 0.0000, -212.6464, 708.5474, 0.0000, 104, 94, 80
L -210.7851, 709.5443, 0.0000, -206.1904, 708.3182, 0.0000, 104, 94, 80
L -204.8475, 709.5443, 0.0000, -198.8502, 709.3096, 0.0000, 104, 94, 80
L -198.9099, 709.5443, 0.0000, -191.9339, 711.0788, 0.0000, 104, 94, 80
L -192.9723, 709.5443, 0.0000, -186.0575, 711.5121, 0.0000, 104, 94, 80
L -258.2860, 715.4819, 0.0000, -252.5752, 716.5780, 0.0000, 104, 94, 80
L -252.3484, 715.4819, 0.0000, -247.4405, 714.1563, 0.0000, 104, 94, 80
L -246.4108, 715.4819, 0.0000, -241.9871, 715.2500, 0.0000, 104, 94, 80
L -198.9099, 715.4819, 0.0000, -191.5687, 715.3836, 0.0000, 104, 94, 80
L -192.9723, 715.4819, 0.0000, -185.8451, 716.1967, 0.0000, 104, 94, 80
L -133.5962, 715.4819, 0.0000, -127.6592, 714.6934, 0.0000, 104, 94, 80
L -127.6586, 715.4819, 0.0000, -123.7135, 715.7827, 0.0000, 104, 94, 80
L -276.0988, 721.4195, 0.0000, -271.7809, 721.8995, 0.0000, 104, 94, 80
L -270.1612, 721.4195, 0.0000, -266.0837, 720.6702, 0.0000, 104, 94, 80
L -264.2236, 721.4195, 0.0000, -259.0266, 721.1484, 0.0000, 104, 94, 80
L -246.4108, 721.4195, 0.0000, -240.1816, 721.6981, 0.0000, 104, 94, 80
L -228.5980, 721.4195, 0.0000, -222.5360, 722.5062, 0.0000, 104, 94, 80
L -216.7227, 721.4195, 0.0000, -210.1432, 722.5786, 0.0000, 104, 94, 80
L -210.7851, 721.4195, 0.0000, -203.5783, 719.3172, 0.0000, 104, 94, 80
L -192.9723, 721.4195, 0.0000, -188.1438, 720.0642, 0.0000, 104, 94, 80
L -133.5962, 721.4195, 0.0000, -126.1914, 723.0057, 0.0000, 104, 94, 80
L -127.6586, 721.4195, 0.0000, -120.8866, 720.2243, 0.0000, 104, 94, 80
L -276.0988, 727.3571, 0.0000, -269.5450, 728.9484, 0.0000, 104, 94, 80
L -121.7210, 727.3571, 0.0000, -115.5301, 727.8945, 0.0000, 104, 94, 80
L -270.1612, 739.2323, 0.0000, -264.4657, 739.6493, 0.0000, 104, 94, 80
L -133.5962, 739.2323, 0.0000, -128.1692, 739.3054, 0.0000, 104, 94, 80
L -121.7210, 739.2323, 0.0000, -114.6042, 738.0942, 0.0000, 104, 94, 80
L -270.1612, 745.1699, 0.0000, -262.7195, 746.4852, 0.0000, 104, 94, 80
L -133.5962, 745.1699, 0.0000, -128.4016, 744.9123, 0.0000, 104, 94, 80
L -121.7210, 745.1699, 0.0000, -118.0357, 745.3381, 0.0000, 104, 94, 80
L -276.0988, 751.1076, 0.0000, -270.8357, 749.5264, 0.0000, 104, 94, 80
L -133.5962, 751.1076, 0.0000, -129.8803, 752.1105, 0.0000, 104, 94, 80
L -127.6586, 751.1076, 0.0000, -122.1891, 751.7315, 0.0000, 104, 94, 80
L -276.0988, 757.0452, 0.0000, -271.5903, 757.4523, 0.0000, 104, 94, 80
L -282.0364, 768.9204, 0.0000, -275.5959, 770.6795, 0.0000, 104, 94, 80
L -270.1612, 768.9204, 0.0000, -265.9425, 767.7576, 0.0000, 104, 94, 80
L -127.6586, 768.9204, 0.0000, -122.5200, 768.2401, 0.0000, 104, 94, 80
L -276.0988, 774.8580, 0.0000, -268.8005, 773.3065, 0.0000, 104, 94, 80
L -270.1612, 774.8580, 0.0000, -265.9654, 774.8706, 0.0000, 104, 94, 80
L -222.6603, 780.7956, 0.0000, -219.0297, 780.2138, 0.0000, 104, 94, 80
L -198.9099, 780.7956, 0.0000, -194.5900, 781.8499, 0.0000, 104, 94, 80
L -192.9723, 780.7956, 0.0000, -186.0271, 780.9929, 0.0000, 104, 94, 80
L -175.1595, 780.7956, 0.0000, -169.7738, 780.8428, 0.0000, 104, 94, 80
L -163.2843, 780.7956, 0.0000, -157.5916, 781.1271, 0.0000, 104, 94, 80
L -151.4090, 780.7956, 0.0000, -146.8830, 780.0634, 0.0000, 104, 94, 80
L -133.5962, 780.7956, 0.0000, -127.7148, 779.2847, 0.0000, 104, 94, 80
L -270.1612, 786.7332, 0.0000, -265.8245, 787.5193, 0.0000, 104, 94, 80
L -216.7227, 786.7332, 0.0000, -212.4952, 785.8988, 0.0000, 104, 94, 80
L -192.9723, 786.7332, 0.0000, -188.3785, 785.8774, 0.0000, 104, 94, 80
L -181.0971, 786.7332, 0.0000, -175.2147, 785.2149, 0.0000, 104, 94, 80
L -169.2219, 786.7332, 0.0000, -163.6957, 785.6661, 0.0000, 104, 94, 80
L -145.4714, 786.7332, 0.0000, -139.8688, 785.5585, 0.0000, 104, 94, 80
L -282.0364, 792.6708, 0.0000, -277.2802, 791.3889, 0.0000, 104, 94, 80
L -210.7851, 792.6708, 0.0000, -205.8929, 792.5188, 0.0000, 104, 94, 80
L -204.8475, 792.6708, 0.0000, -197.8350, 793.4674, 0.0000, 104, 94, 80
L -192.9723, 792.6708, 0.0000, -187.0008, 793.6535, 0.0000, 104, 94, 80
L -175.1595, 792.6708, 0.0000, -169.1686, 793.5096, 0.0000, 104, 94, 80
L -169.2219, 792.6708, 0.0000, -164.1284, 792.8077, 0.0000, 104, 94, 80
L -157.3466, 792.6708, 0.0000, -151.3727, 793.5758, 0.0000, 104, 94, 80
L -145.4714, 792.6708, 0.0000, -141.5566, 792.4850, 0.0000, 104, 94, 80
L -139.5338, 792.6708, 0.0000, -135.8179, 793.6479, 0.0000, 104, 94, 80
L -276.0988, 798.6084, 0.0000, -270.2668, 800.0131, 0.0000, 104, 94, 80
L -276.0988, 804.5460, 0.0000, -271.1872, 804.8009, 0.0000, 104, 94, 80
L -270.1612, 804.5460, 0.0000, -263.1455, 803.7142, 0.0000, 104, 94, 80
L -222.6603, 804.5460, 0.0000, -217.0160, 804.8362, 0.0000, 104, 94, 80
L -216.7227, 804.5460, 0.0000, -212.3212, 805.3593, 0.0000, 104, 94, 80
L -270.1612, 810.4836, 0.0000, -264.7631, 811.7451, 0.0000, 104, 94, 80
L -222.6603, 810.4836, 0.0000, -216.2087, 812.0393, 0.0000, 104, 94, 80
L -210.7851, 810.4836, 0.0000, -204.7045, 810.7889, 0.0000, 104, 94, 80
L -210.7851, 816.4213, 0.0000, -203.6868, 816.1663, 0.0000, 104, 94, 80
L -282.0364, 822.3589, 0.0000, -274.8361, 821.5834, 0.0000, 104, 94, 80
L -276.0988, 822.3589, 0.0000, -269.5391, 821.3357, 0.0000, 104, 94, 80
L -216.7227, 822.3589, 0.0000, -211.5516, 821.5285, 0.0000, 104, 94, 80
L -216.7227, 828.2965, 0.0000, -212.4268, 827.8096, 0.0000, 104, 94, 80
L -210.7851, 828.2965, 0.0000, -203.8523, 826.2726, 0.0000, 104, 94, 80
L -282.0364, 834.2341, 0.0000, -275.9506, 835.6801, 0.0000, 104, 94, 80
L -276.0988, 834.2341, 0.0000, -272.3784, 834.0718, 0.0000, 104, 94, 80
L -222.6603, 834.2341, 0.0000, -216.3204, 832.6799, 0.0000, 104, 94, 80
L -216.7227, 834.2341, 0.0000, -209.4628, 832.9388, 0.0000, 104, 94, 80
L -282.0364, 840.1717, 0.0000, -278.4266, 841.1863, 0.0000, 104, 94, 80
L -210.7851, 840.1717, 0.0000, -205.0064, 840.5481, 0.0000, 104, 94, 80
L -282.0364, 846.1093, 0.0000, -276.7053, 847.3259, 0.0000, 104, 94, 80
L -270.1612, 846.1093, 0.0000, -264.0828, 846.6538, 0.0000, 104, 94, 80
L -222.6603, 846.1093, 0.0000, -215.5574, 847.5353, 0.0000, 104, 94, 80
L -216.7227, 846.1093, 0.0000, -212.9328, 846.2678, 0.0000, 104, 94, 80
L -258.2860, 852.0469, 0.0000, -253.3551, 852.1276, 0.0000, 104, 94, 80
L -246.4108, 852.0469, 0.0000, -242.8198, 851.6994, 0.0000, 104, 94, 80
L -234.5356, 852.0469, 0.0000, -227.9982, 850.3906, 0.0000, 104, 94, 80
L -228.5980, 852.0469, 0.0000, -225.0190, 852.9493, 0.0000, 104, 94, 80
L -222.6603, 852.0469, 0.0000, -217.2066, 851.9724, 0.0000, 104, 94, 80
L -276.0988, 857.9845, 0.0000, -268.4867, 859.0196, 0.0000, 104, 94, 80
L -264.2236, 857.9845, 0.0000, -259.0327, 856.5087, 0.0000, 104, 94, 80
L -252.3484, 857.9845, 0.0000, -244.8312, 856.5536, 0.0000, 104, 94, 80
L -240.4732, 857.9845, 0.0000, -236.1136, 858.6745, 0.0000, 104, 94, 80
L -234.5356, 857.9845, 0.0000, -229.4223, 858.2661, 0.0000, 104, 94, 80
L -216.7227, 857.9845, 0.0000, -212.5264, 858.3786, 0.0000, 104, 94, 80
L -234.5356, 863.9221, 0.0000, -227.8580, 864.7565, 0.0000, 104, 94, 80
L -28.6181, 569.5290, 0.0000, -27.3718, 574.7844, 0.0000, 86, 132, 70
L -27.3718, 574.7844, 0.0000, -32.3483, 578.3245, 0.0000, 86, 132, 70
L -32.3483, 578.3245, 0.0000, -35.8332, 581.6965, 0.0000, 86, 132, 70
L -35.8332, 581.6965, 0.0000, -38.2279, 586.9538, 0.0000, 86, 132, 70
L -38.2279, 586.9538, 0.0000, -44.0730, 587.8778, 0.0000, 86, 132, 70
L -44.0730, 587.8778, 0.0000, -49.6600, 586.1941, 0.0000, 86, 132, 70
L -49.6600, 586.1941, 0.0000, -55.2470, 587.8778, 0.0000, 86, 132, 70
L -55.2470, 587.8778, 0.0000, -61.0921, 586.9538, 0.0000, 86, 132, 70
L -61.0921, 586.9538, 0.0000, -63.4868, 581.6965, 0.0000, 86, 132, 70
L -63.4868, 581.6965, 0.0000, -66.9717, 578.3245, 0.0000, 86, 132, 70
L -66.9717, 578.3245, 0.0000, -71.9481, 574.7844, 0.0000, 86, 132, 70
L -71.9481, 574.7844, 0.0000, -70.7019, 569.5290, 0.0000, 86, 132, 70
L -70.7019, 569.5290, 0.0000, -68.0217, 565.1994, 0.0000, 86, 132, 70
L -68.0217, 565.1994, 0.0000, -68.7939, 559.8076, 0.0000, 86, 132, 70
L -68.7939, 559.8076, 0.0000, -65.5909, 555.5097, 0.0000, 86, 132, 70
L -65.5909, 555.5097, 0.0000, -59.2698, 554.8816, 0.0000, 86, 132, 70
L -59.2698, 554.8816, 0.0000, -54.9651, 552.1060, 0.0000, 86, 132, 70
L -54.9651, 552.1060, 0.0000, -49.6600, 549.1604, 0.0000, 86, 132, 70
L -49.6600, 549.1604, 0.0000, -44.3549, 552.1060, 0.0000, 86, 132, 70
L -44.3549, 552.1060, 0.0000, -40.0502, 554.8816, 0.0000, 86, 132, 70
L -40.0502, 554.8816, 0.0000, -33.7290, 555.5097, 0.0000, 86, 132, 70
L -33.7290, 555.5097, 0.0000, -30.5260, 559.8076, 0.0000, 86, 132, 70
L -30.5260, 559.8076, 0.0000, -31.2983, 565.1994, 0.0000, 86, 132, 70
L -31.2983, 565.1994, 0.0000, -28.6181, 569.5290, 0.0000, 86, 132, 70
L -49.6600, 586.7833, 0.0000, -49.6600, 601.7107, 0.0000, 62, 104, 56
L 260.4760, 993.5687, 0.0000, 260.4760, 984.7226, 0.0000, 62, 104, 56
L 243.8896, 986.3813, 0.0000, 260.4760, 973.2504, 0.0000, 86, 132, 70
L 260.4760, 973.2504, 0.0000, 277.0624, 986.3813, 0.0000, 86, 132, 70
L 243.8896, 986.3813, 0.0000, 277.0624, 986.3813, 0.0000, 86, 132, 70
L 246.4605, 975.3237, 0.0000, 260.4760, 962.1928, 0.0000, 86, 132, 70
L 260.4760, 962.1928, 0.0000, 274.4915, 975.3237, 0.0000, 86, 132, 70
L 246.4605, 975.3237, 0.0000, 274.4915, 975.3237, 0.0000, 86, 132, 70
L 249.0314, 964.2661, 0.0000, 260.4760, 951.1352, 0.0000, 86, 132, 70
L 260.4760, 951.1352, 0.0000, 271.9206, 964.2661, 0.0000, 86, 132, 70
L 249.0314, 964.2661, 0.0000, 271.9206, 964.2661, 0.0000, 86, 132, 70
L 251.6023, 953.2085, 0.0000, 260.4760, 940.0776, 0.0000, 86, 132, 70
L 260.4760, 940.0776, 0.0000, 269.3497, 953.2085, 0.0000, 86, 132, 70
L 251.6023, 953.2085, 0.0000, 269.3497, 953.2085, 0.0000, 86, 132, 70
L 187.1769, 917.4877, 0.0000, 182.6903, 922.6159, 0.0000, 86, 132, 70
L 182.6903, 922.6159, 0.0000, 180.5615, 927.4560, 0.0000, 86, 132, 70
L 180.5615, 927.4560, 0.0000, 179.5402, 933.8545, 0.0000, 86, 132, 70
L 179.5402, 933.8545, 0.0000, 173.0792, 935.9879, 0.0000, 86, 132, 70
L 173.0792, 935.9879, 0.0000, 166.5521, 935.9137, 0.0000, 86, 132, 70
L 166.5521, 935.9137, 0.0000, 160.9416, 939.5311, 0.0000, 86, 132, 70
L 160.9416, 939.5311, 0.0000, 154.2378, 939.5045, 0.0000, 86, 132, 70
L 154.2378, 939.5045, 0.0000, 149.8974, 934.3214, 0.0000, 86, 132, 70
L 149.8974, 934.3214, 0.0000, 144.5297, 931.9302, 0.0000, 86, 132, 70
L 144.5297, 931.9302, 0.0000, 138.0416, 929.1225, 0.0000, 86, 132, 70
L 138.0416, 929.1225, 0.0000, 138.0996, 922.8737, 0.0000, 86, 132, 70
L 138.0996, 922.8737, 0.0000, 139.0798, 917.4877, 0.0000, 86, 132, 70
L 139.0798, 917.4877, 0.0000, 136.2321, 911.6613, 0.0000, 86, 132, 70
L 136.2321, 911.6613, 0.0000, 138.9083, 906.2933, 0.0000, 86, 132, 70
L 138.9083, 906.2933, 0.0000, 145.5305, 903.9259, 0.0000, 86, 132, 70
L 145.5305, 903.9259, 0.0000, 149.0307, 899.3330, 0.0000, 86, 132, 70
L 149.0307, 899.3330, 0.0000, 154.1037, 895.0305, 0.0000, 86, 132, 70
L 154.1037, 895.0305, 0.0000, 160.9416, 897.2057, 0.0000, 86, 132, 70
L 160.9416, 897.2057, 0.0000, 166.6862, 898.6213, 0.0000, 86, 132, 70
L 166.6862, 898.6213, 0.0000, 173.9459, 897.6665, 0.0000, 86, 132, 70
L 173.9459, 897.6665, 0.0000, 178.5395, 902.0016, 0.0000, 86, 132, 70
L 178.5395, 902.0016, 0.0000, 179.6949, 907.9598, 0.0000, 86, 132, 70
L 179.6949, 907.9598, 0.0000, 184.5578, 911.9191, 0.0000, 86, 132, 70
L 184.5578, 911.9191, 0.0000, 187.1769, 917.4877, 0.0000, 86, 132, 70
L 160.9416, 937.2075, 0.0000, 160.9416, 954.2678, 0.0000, 62, 104, 56
L -1095.4225, 27.2924, 0.0000, -1098.7312, 32.0033, 0.0000, 86, 132, 70
L -1098.7312, 32.0033, 0.0000, -1098.0818, 37.7730, 0.0000, 86, 132, 70
L -1098.0818, 37.7730, 0.0000, -1101.1737, 42.7245, 0.0000, 86, 132, 70
L -1101.1737, 42.7245, 0.0000, -1108.1318, 43.4161, 0.0000, 86, 132, 70
L -1108.1318, 43.4161, 0.0000, -1113.0001, 46.0456, 0.0000, 86, 132, 70
L -1113.0001, 46.0456, 0.0000, -1118.7102, 49.5009, 0.0000, 86, 132, 70
L -1118.7102, 49.5009, 0.0000, -1124.5823, 46.5777, 0.0000, 86, 132, 70
L -1124.5823, 46.5777, 0.0000, -1129.1266, 43.1691, 0.0000, 86, 132, 70
L -1129.1266, 43.1691, 0.0000, -1135.9226, 42.4393, 0.0000, 86, 132, 70
L -1135.9226, 42.4393, 0.0000, -1139.8247, 38.0200, 0.0000, 86, 132, 70
L -1139.8247, 38.0200, 0.0000, -1138.8513, 32.0416, 0.0000, 86, 132, 70
L -1138.8513, 32.0416, 0.0000, -1141.3498, 27.2924, 0.0000, 86, 132, 70
L -1141.3498, 27.2924, 0.0000, -1143.0935, 21.5429, 0.0000, 86, 132, 70
L -1143.0935, 21.5429, 0.0000, -1137.8559, 17.5651, 0.0000, 86, 132, 70
L -1137.8559, 17.5651, 0.0000, -1133.6492, 14.1461, 0.0000, 86, 132, 70
L -1133.6492, 14.1461, 0.0000, -1131.0954, 8.4148, 0.0000, 86, 132, 70
L -1131.0954, 8.4148, 0.0000, -1124.8869, 7.0068, 0.0000, 86, 132, 70
L -1124.8869, 7.0068, 0.0000, -1118.7102, 9.0850, 0.0000, 86, 132, 70
L -1118.7102, 9.0850, 0.0000, -1112.6955, 7.5389, 0.0000, 86, 132, 70
L -1112.6955, 7.5389, 0.0000, -1106.1630, 8.1678, 0.0000, 86, 132, 70
L -1106.1630, 8.1678, 0.0000, -1103.4471, 13.8609, 0.0000, 86, 132, 70
L -1103.4471, 13.8609, 0.0000, -1100.0506, 17.8120, 0.0000, 86, 132, 70
L -1100.0506, 17.8120, 0.0000, -1094.4890, 21.5811, 0.0000, 86, 132, 70
L -1094.4890, 21.5811, 0.0000, -1095.4225, 27.2924, 0.0000, 86, 132, 70
L -1118.7102, 46.1225, 0.0000, -1118.7102, 62.4132, 0.0000, 62, 104, 56
L 527.1788, 420.4653, 0.0000, 527.1788, 409.3876, 0.0000, 62, 104, 56
L 506.4082, 411.4647, 0.0000, 527.1788, 395.0213, 0.0000, 86, 132, 70
L 527.1788, 395.0213, 0.0000, 547.9494, 411.4647, 0.0000, 86, 132, 70
L 506.4082, 411.4647, 0.0000, 547.9494, 411.4647, 0.0000, 86, 132, 70
L 509.6276, 397.6176, 0.0000, 527.1788, 381.1742, 0.0000, 86, 132, 70
L 527.1788, 381.1742, 0.0000, 544.7300, 397.6176, 0.0000, 86, 132, 70
L 509.6276, 397.6176, 0.0000, 544.7300, 397.6176, 0.0000, 86, 132, 70
L 512.8471, 383.7705, 0.0000, 527.1788, 367.3271, 0.0000, 86, 132, 70
L 527.1788, 367.3271, 0.0000, 541.5105, 383.7705, 0.0000, 86, 132, 70
L 512.8471, 383.7705, 0.0000, 541.5105, 383.7705, 0.0000, 86, 132, 70
L 516.0665, 369.9234, 0.0000, 527.1788, 353.4800, 0.0000, 86, 132, 70
L 527.1788, 353.4800, 0.0000, 538.2911, 369.9234, 0.0000, 86, 132, 70
L 516.0665, 369.9234, 0.0000, 538.2911, 369.9234, 0.0000, 86, 132, 70
L 377.2643, -633.4709, 0.0000, 377.2643, -643.9528, 0.0000, 62, 104, 56
L 357.6109, -641.9874, 0.0000, 377.2643, -657.5464, 0.0000, 86, 132, 70
L 377.2643, -657.5464, 0.0000, 396.9177, -641.9874, 0.0000, 86, 132, 70
L 357.6109, -641.9874, 0.0000, 396.9177, -641.9874, 0.0000, 86, 132, 70
L 360.6571, -655.0897, 0.0000, 377.2643, -670.6487, 0.0000, 86, 132, 70
L 377.2643, -670.6487, 0.0000, 393.8715, -655.0897, 0.0000, 86, 132, 70
L 360.6571, -655.0897, 0.0000, 393.8715, -655.0897, 0.0000, 86, 132, 70
L 363.7034, -668.1920, 0.0000, 377.2643, -683.7510, 0.0000, 86, 132, 70
L 377.2643, -683.7510, 0.0000, 390.8252, -668.1920, 0.0000, 86, 132, 70
L 363.7034, -668.1920, 0.0000, 390.8252, -668.1920, 0.0000, 86, 132, 70
L 366.7497, -681.2943, 0.0000, 377.2643, -696.8533, 0.0000, 86, 132, 70
L 377.2643, -696.8533, 0.0000, 387.7788, -681.2943, 0.0000, 86, 132, 70
L 366.7497, -681.2943, 0.0000, 387.7788, -681.2943, 0.0000, 86, 132, 70
L -1125.2418, -458.3576, 0.0000, -1123.1882, -452.6686, 0.0000, 86, 132, 70
L -1123.1882, -452.6686, 0.0000, -1128.1179, -448.6041, 0.0000, 86, 132, 70
L -1128.1179, -448.6041, 0.0000, -1132.6657, -445.4661, 0.0000, 86, 132, 70
L -1132.6657, -445.4661, 0.0000, -1135.1757, -439.8547, 0.0000, 86, 132, 70
L -1135.1757, -439.8547, 0.0000, -1141.1332, -438.0551, 0.0000, 86, 132, 70
L -1141.1332, -438.0551, 0.0000, -1147.3150, -440.2935, 0.0000, 86, 132, 70
L -1147.3150, -440.2935, 0.0000, -1153.1797, -439.0970, 0.0000, 86, 132, 70
L -1153.1797, -439.0970, 0.0000, -1159.7716, -439.3712, 0.0000, 86, 132, 70
L -1159.7716, -439.3712, 0.0000, -1162.5989, -444.9078, 0.0000, 86, 132, 70
L -1162.5989, -444.9078, 0.0000, -1165.5605, -449.0876, 0.0000, 86, 132, 70
L -1165.5605, -449.0876, 0.0000, -1171.1246, -452.7434, 0.0000, 86, 132, 70
L -1171.1246, -452.7434, 0.0000, -1170.6572, -458.3576, 0.0000, 86, 132, 70
L -1170.6572, -458.3576, 0.0000, -1167.0561, -463.0124, 0.0000, 86, 132, 70
L -1167.0561, -463.0124, 0.0000, -1167.4487, -468.5869, 0.0000, 86, 132, 70
L -1167.4487, -468.5869, 0.0000, -1164.7792, -473.7260, 0.0000, 86, 132, 70
L -1164.7792, -473.7260, 0.0000, -1157.8834, -474.4659, 0.0000, 86, 132, 70
L -1157.8834, -474.4659, 0.0000, -1152.8876, -476.6588, 0.0000, 86, 132, 70
L -1152.8876, -476.6588, 0.0000, -1147.3150, -480.2590, 0.0000, 86, 132, 70
L -1147.3150, -480.2590, 0.0000, -1141.4253, -477.7007, 0.0000, 86, 132, 70
L -1141.4253, -477.7007, 0.0000, -1137.0639, -473.9824, 0.0000, 86, 132, 70
L -1137.0639, -473.9824, 0.0000, -1130.4854, -473.1677, 0.0000, 86, 132, 70
L -1130.4854, -473.1677, 0.0000, -1126.2296, -469.0704, 0.0000, 86, 132, 70
L -1126.2296, -469.0704, 0.0000, -1127.2568, -463.0872, 0.0000, 86, 132, 70
L -1127.2568, -463.0872, 0.0000, -1125.2418, -458.3576, 0.0000, 86, 132, 70
L -1147.3150, -439.7373, 0.0000, -1147.3150, -423.6282, 0.0000, 62, 104, 56
L -646.8663, 912.4966, 0.0000, -647.7686, 917.2284, 0.0000, 86, 132, 70
L -647.7686, 917.2284, 0.0000, -652.4071, 920.3355, 0.0000, 86, 132, 70
L -652.4071, 920.3355, 0.0000, -654.0176, 924.6567, 0.0000, 86, 132, 70
L -654.0176, 924.6567, 0.0000, -657.0319, 928.9641, 0.0000, 86, 132, 70
L -657.0319, 928.9641, 0.0000, -662.9670, 928.4872, 0.0000, 86, 132, 70
L -662.9670, 928.4872, 0.0000, -667.8359, 928.5069, 0.0000, 86, 132, 70
L -667.8359, 928.5069, 0.0000, -673.3512, 930.6100, 0.0000, 86, 132, 70
L -673.3512, 930.6100, 0.0000, -677.9935, 927.9789, 0.0000, 86, 132, 70
L -677.9935, 927.9789, 0.0000, -680.3615, 923.5191, 0.0000, 86, 132, 70
L -680.3615, 923.5191, 0.0000, -685.2038, 921.3207, 0.0000, 86, 132, 70
L -685.2038, 921.3207, 0.0000, -688.5496, 917.3808, 0.0000, 86, 132, 70
L -688.5496, 917.3808, 0.0000, -686.2201, 912.4966, 0.0000, 86, 132, 70
L -686.2201, 912.4966, 0.0000, -685.7814, 908.2652, 0.0000, 86, 132, 70
L -685.7814, 908.2652, 0.0000, -686.4885, 903.0198, 0.0000, 86, 132, 70
L -686.4885, 903.0198, 0.0000, -681.8449, 900.1687, 0.0000, 86, 132, 70
L -681.8449, 900.1687, 0.0000, -676.7088, 898.9725, 0.0000, 86, 132, 70
L -676.7088, 898.9725, 0.0000, -673.1525, 895.0359, 0.0000, 86, 132, 70
L -673.1525, 895.0359, 0.0000, -667.8359, 893.8755, 0.0000, 86, 132, 70
L -667.8359, 893.8755, 0.0000, -663.1657, 897.1588, 0.0000, 86, 132, 70
L -663.1657, 897.1588, 0.0000, -658.3166, 897.9873, 0.0000, 86, 132, 70
L -658.3166, 897.9873, 0.0000, -652.5342, 899.0311, 0.0000, 86, 132, 70
L -652.5342, 899.0311, 0.0000, -651.1224, 904.0050, 0.0000, 86, 132, 70
L -651.1224, 904.0050, 0.0000, -650.5368, 908.4176, 0.0000, 86, 132, 70
L -650.5368, 908.4176, 0.0000, -646.8663, 912.4966, 0.0000, 86, 132, 70
L -667.8359, 928.6317, 0.0000, -667.8359, 942.5907, 0.0000, 62, 104, 56
L 176.0282, -576.4267, 0.0000, 173.2921, -572.9334, 0.0000, 86, 132, 70
L 173.2921, -572.9334, 0.0000, 171.2239, -569.9504, 0.0000, 86, 132, 70
L 171.2239, -569.9504, 0.0000, 170.6766, -565.6912, 0.0000, 86, 132, 70
L 170.6766, -565.6912, 0.0000, 166.7570, -563.8064, 0.0000, 86, 132, 70
L 166.7570, -563.8064, 0.0000, 162.2001, -564.1996, 0.0000, 86, 132, 70
L 162.2001, -564.1996, 0.0000, 158.4771, -562.1677, 0.0000, 86, 132, 70
L 158.4771, -562.1677, 0.0000, 153.9640, -561.6048, 0.0000, 86, 132, 70
L 153.9640, -561.6048, 0.0000, 150.9873, -565.0106, 0.0000, 86, 132, 70
L 150.9873, -565.0106, 0.0000, 147.8577, -567.0816, 0.0000, 86, 132, 70
L 147.8577, -567.0816, 0.0000, 143.3600, -568.7463, 0.0000, 86, 132, 70
L 143.3600, -568.7463, 0.0000, 142.8721, -572.7471, 0.0000, 86, 132, 70
L 142.8721, -572.7471, 0.0000, 144.0862, -576.4267, 0.0000, 86, 132, 70
L 144.0862, -576.4267, 0.0000, 142.4384, -580.2085, 0.0000, 86, 132, 70
L 142.4384, -580.2085, 0.0000, 143.5614, -584.0049, 0.0000, 86, 132, 70
L 143.5614, -584.0049, 0.0000, 148.0901, -585.5672, 0.0000, 86, 132, 70
L 148.0901, -585.5672, 0.0000, 150.7860, -588.1495, 0.0000, 86, 132, 70
L 150.7860, -588.1495, 0.0000, 153.9329, -591.3507, 0.0000, 86, 132, 70
L 153.9329, -591.3507, 0.0000, 158.4771, -590.2767, 0.0000, 86, 132, 70
L 158.4771, -590.2767, 0.0000, 162.2312, -588.7560, 0.0000, 86, 132, 70
L 162.2312, -588.7560, 0.0000, 166.9583, -589.3537, 0.0000, 86, 132, 70
L 166.9583, -589.3537, 0.0000, 170.4442, -586.9577, 0.0000, 86, 132, 70
L 170.4442, -586.9577, 0.0000, 171.0227, -582.8007, 0.0000, 86, 132, 70
L 171.0227, -582.8007, 0.0000, 173.7257, -580.0223, 0.0000, 86, 132, 70
L 173.7257, -580.0223, 0.0000, 176.0282, -576.4267, 0.0000, 86, 132, 70
L 158.4771, -563.3304, 0.0000, 158.4771, -552.0004, 0.0000, 62, 104, 56
L -1167.7265, 854.8300, 0.0000, -1167.7265, 842.3612, 0.0000, 62, 104, 56
L -1191.1056, 844.6991, 0.0000, -1167.7265, 826.1907, 0.0000, 86, 132, 70
L -1167.7265, 826.1907, 0.0000, -1144.3475, 844.6991, 0.0000, 86, 132, 70
L -1191.1056, 844.6991, 0.0000, -1144.3475, 844.6991, 0.0000, 86, 132, 70
L -1187.4818, 829.1130, 0.0000, -1167.7265, 810.6046, 0.0000, 86, 132, 70
L -1167.7265, 810.6046, 0.0000, -1147.9712, 829.1130, 0.0000, 86, 132, 70
L -1187.4818, 829.1130, 0.0000, -1147.9712, 829.1130, 0.0000, 86, 132, 70
L -1183.8581, 813.5270, 0.0000, -1167.7265, 795.0186, 0.0000, 86, 132, 70
L -1167.7265, 795.0186, 0.0000, -1151.5950, 813.5270, 0.0000, 86, 132, 70
L -1183.8581, 813.5270, 0.0000, -1151.5950, 813.5270, 0.0000, 86, 132, 70
L -1180.2343, 797.9410, 0.0000, -1167.7265, 779.4325, 0.0000, 86, 132, 70
L -1167.7265, 779.4325, 0.0000, -1155.2187, 797.9410, 0.0000, 86, 132, 70
L -1180.2343, 797.9410, 0.0000, -1155.2187, 797.9410, 0.0000, 86, 132, 70
L -793.8870, -426.0665, 0.0000, -793.8870, -436.7010, 0.0000, 62, 104, 56
L -813.8267, -434.7070, 0.0000, -793.8870, -450.4927, 0.0000, 86, 132, 70
L -793.8870, -450.4927, 0.0000, -773.9473, -434.7070, 0.0000, 86, 132, 70
L -813.8267, -434.7070, 0.0000, -773.9473, -434.7070, 0.0000, 86, 132, 70
L -810.7361, -448.0002, 0.0000, -793.8870, -463.7858, 0.0000, 86, 132, 70
L -793.8870, -463.7858, 0.0000, -777.0379, -448.0002, 0.0000, 86, 132, 70
L -810.7361, -448.0002, 0.0000, -777.0379, -448.0002, 0.0000, 86, 132, 70
L -807.6454, -461.2933, 0.0000, -793.8870, -477.0789, 0.0000, 86, 132, 70
L -807.6454, -461.2933, 0.0000, -780.1286, -461.2933, 0.0000, 86, 132, 70
L -804.5548, -474.5865, 0.0000, -793.8870, -490.3721, 0.0000, 86, 132, 70
L -804.5548, -474.5865, 0.0000, -783.2193, -474.5865, 0.0000, 86, 132, 70
L 597.4971, 856.7887, 0.0000, 597.4971, 844.7310, 0.0000, 62, 104, 56
L 574.8888, 846.9918, 0.0000, 597.4971, 829.0935, 0.0000, 86, 132, 70
L 597.4971, 829.0935, 0.0000, 620.1054, 846.9918, 0.0000, 86, 132, 70
L 574.8888, 846.9918, 0.0000, 620.1054, 846.9918, 0.0000, 86, 132, 70
L 578.3931, 831.9196, 0.0000, 597.4971, 814.0213, 0.0000, 86, 132, 70
L 597.4971, 814.0213, 0.0000, 616.6011, 831.9196, 0.0000, 86, 132, 70
L 578.3931, 831.9196, 0.0000, 616.6011, 831.9196, 0.0000, 86, 132, 70
L 581.8974, 816.8474, 0.0000, 597.4971, 798.9491, 0.0000, 86, 132, 70
L 597.4971, 798.9491, 0.0000, 613.0969, 816.8474, 0.0000, 86, 132, 70
L 581.8974, 816.8474, 0.0000, 613.0969, 816.8474, 0.0000, 86, 132, 70
L 585.4017, 801.7752, 0.0000, 597.4971, 783.8769, 0.0000, 86, 132, 70
L 597.4971, 783.8769, 0.0000, 609.5926, 801.7752, 0.0000, 86, 132, 70
L 585.4017, 801.7752, 0.0000, 609.5926, 801.7752, 0.0000, 86, 132, 70
L -630.0331, 998.2079, 0.0000, -627.6575, 1003.5125, 0.0000, 86, 132, 70
L -627.6575, 1003.5125, 0.0000, -631.6621, 1007.6032, 0.0000, 86, 132, 70
L -631.6621, 1007.6032, 0.0000, -636.5873, 1010.1469, 0.0000, 86, 132, 70
L -636.5873, 1010.1469, 0.0000, -639.0316, 1015.1612, 0.0000, 86, 132, 70
L -639.0316, 1015.1612, 0.0000, -644.2459, 1017.6124, 0.0000, 86, 132, 70
L -644.2459, 1017.6124, 0.0000, -650.1543, 1015.3396, 0.0000, 86, 132, 70
L -650.1543, 1015.3396, 0.0000, -655.4923, 1015.7390, 0.0000, 86, 132, 70
L -655.4923, 1015.7390, 0.0000, -661.8474, 1016.0306, 0.0000, 86, 132, 70
L -661.8474, 1016.0306, 0.0000, -664.8621, 1011.1508, 0.0000, 86, 132, 70
L -664.8621, 1011.1508, 0.0000, -666.9352, 1006.7337, 0.0000, 86, 132, 70
L -666.9352, 1006.7337, 0.0000, -672.0806, 1003.3780, 0.0000, 86, 132, 70
L -672.0806, 1003.3780, 0.0000, -672.5572, 998.2079, 0.0000, 86, 132, 70
L -672.5572, 998.2079, 0.0000, -668.7326, 993.8272, 0.0000, 86, 132, 70
L -668.7326, 993.8272, 0.0000, -668.4890, 988.8926, 0.0000, 86, 132, 70
L -668.4890, 988.8926, 0.0000, -666.6563, 983.6861, 0.0000, 86, 132, 70
L -666.6563, 983.6861, 0.0000, -660.2936, 982.7535, 0.0000, 86, 132, 70
L -660.2936, 982.7535, 0.0000, -655.2519, 981.4663, 0.0000, 86, 132, 70
L -655.2519, 981.4663, 0.0000, -650.1543, 977.9184, 0.0000, 86, 132, 70
L -650.1543, 977.9184, 0.0000, -644.4862, 979.5929, 0.0000, 86, 132, 70
L -644.4862, 979.5929, 0.0000, -640.5854, 983.6230, 0.0000, 86, 132, 70
L -640.5854, 983.6230, 0.0000, -634.7931, 984.6901, 0.0000, 86, 132, 70
L -634.7931, 984.6901, 0.0000, -630.1083, 988.0232, 0.0000, 86, 132, 70
L -630.1083, 988.0232, 0.0000, -631.0055, 993.6927, 0.0000, 86, 132, 70
L -631.0055, 993.6927, 0.0000, -630.0331, 998.2079, 0.0000, 86, 132, 70
L -650.1543, 1015.6428, 0.0000, -650.1543, 1030.7263, 0.0000, 62, 104, 56
L -802.3057, 990.6897, 0.0000, -802.3057, 978.1598, 0.0000, 62, 104, 56
L -825.7992, 980.5092, 0.0000, -802.3057, 961.9101, 0.0000, 86, 132, 70
L -802.3057, 961.9101, 0.0000, -778.8121, 980.5092, 0.0000, 86, 132, 70
L -825.7992, 980.5092, 0.0000, -778.8121, 980.5092, 0.0000, 86, 132, 70
L -822.1577, 964.8468, 0.0000, -802.3057, 946.2478, 0.0000, 86, 132, 70
L -802.3057, 946.2478, 0.0000, -782.4536, 964.8468, 0.0000, 86, 132, 70
L -822.1577, 964.8468, 0.0000, -782.4536, 964.8468, 0.0000, 86, 132, 70
L -818.5162, 949.1845, 0.0000, -802.3057, 930.5854, 0.0000, 86, 132, 70
L -802.3057, 930.5854, 0.0000, -786.0951, 949.1845, 0.0000, 86, 132, 70
L -818.5162, 949.1845, 0.0000, -786.0951, 949.1845, 0.0000, 86, 132, 70
L -814.8747, 933.5221, 0.0000, -802.3057, 914.9230, 0.0000, 86, 132, 70
L -802.3057, 914.9230, 0.0000, -789.7366, 933.5221, 0.0000, 86, 132, 70
L -814.8747, 933.5221, 0.0000, -789.7366, 933.5221, 0.0000, 86, 132, 70
L 72.2766, 1040.6589, 0.0000, 72.2766, 1031.9312, 0.0000, 62, 104, 56
L 55.9121, 1033.5676, 0.0000, 72.2766, 1020.6124, 0.0000, 86, 132, 70
L 72.2766, 1020.6124, 0.0000, 88.6412, 1033.5676, 0.0000, 86, 132, 70
L 55.9121, 1033.5676, 0.0000, 88.6412, 1033.5676, 0.0000, 86, 132, 70
L 58.4486, 1022.6579, 0.0000, 72.2766, 1009.7027, 0.0000, 86, 132, 70
L 72.2766, 1009.7027, 0.0000, 86.1047, 1022.6579, 0.0000, 86, 132, 70
L 58.4486, 1022.6579, 0.0000, 86.1047, 1022.6579, 0.0000, 86, 132, 70
L 60.9851, 1011.7483, 0.0000, 72.2766, 998.7930, 0.0000, 86, 132, 70
L 72.2766, 998.7930, 0.0000, 83.5682, 1011.7483, 0.0000, 86, 132, 70
L 60.9851, 1011.7483, 0.0000, 83.5682, 1011.7483, 0.0000, 86, 132, 70
L 63.5216, 1000.8386, 0.0000, 72.2766, 987.8833, 0.0000, 86, 132, 70
L 72.2766, 987.8833, 0.0000, 81.0317, 1000.8386, 0.0000, 86, 132, 70
L 63.5216, 1000.8386, 0.0000, 81.0317, 1000.8386, 0.0000, 86, 132, 70
L 462.7805, -299.1562, 0.0000, 458.4242, -294.3093, 0.0000, 86, 132, 70
L 458.4242, -294.3093, 0.0000, 457.7543, -289.0529, 0.0000, 86, 132, 70
L 457.7543, -289.0529, 0.0000, 456.0575, -283.1500, 0.0000, 86, 132, 70
L 456.0575, -283.1500, 0.0000, 449.1749, -281.9232, 0.0000, 86, 132, 70
L 449.1749, -281.9232, 0.0000, 443.4233, -280.9135, 0.0000, 86, 132, 70
L 443.4233, -280.9135, 0.0000, 437.8687, -277.0086, 0.0000, 86, 132, 70
L 437.8687, -277.0086, 0.0000, 431.5535, -278.4157, 0.0000, 86, 132, 70
L 431.5535, -278.4157, 0.0000, 427.3230, -283.0824, 0.0000, 86, 132, 70
L 427.3230, -283.0824, 0.0000, 421.2009, -284.4886, 0.0000, 86, 132, 70
L 421.2009, -284.4886, 0.0000, 415.7014, -287.8937, 0.0000, 86, 132, 70
L 415.7014, -287.8937, 0.0000, 416.5526, -294.1299, 0.0000, 86, 132, 70
L 416.5526, -294.1299, 0.0000, 415.9990, -299.1562, 0.0000, 86, 132, 70
L 415.9990, -299.1562, 0.0000, 413.2367, -304.9643, 0.0000, 86, 132, 70
L 413.2367, -304.9643, 0.0000, 417.2403, -309.6368, 0.0000, 86, 132, 70
L 417.2403, -309.6368, 0.0000, 422.9779, -312.2601, 0.0000, 86, 132, 70
L 422.9779, -312.2601, 0.0000, 425.7841, -317.5755, 0.0000, 86, 132, 70
L 425.7841, -317.5755, 0.0000, 431.3154, -320.6785, 0.0000, 86, 132, 70
L 431.3154, -320.6785, 0.0000, 437.8687, -318.1763, 0.0000, 86, 132, 70
L 437.8687, -318.1763, 0.0000, 443.6614, -318.1807, 0.0000, 86, 132, 70
L 443.6614, -318.1807, 0.0000, 450.7138, -318.7348, 0.0000, 86, 132, 70
L 450.7138, -318.7348, 0.0000, 454.2805, -313.5986, 0.0000, 86, 132, 70
L 454.2805, -313.5986, 0.0000, 456.2154, -308.4776, 0.0000, 86, 132, 70
L 456.2154, -308.4776, 0.0000, 461.7401, -304.7850, 0.0000, 86, 132, 70
L 461.7401, -304.7850, 0.0000, 462.7805, -299.1562, 0.0000, 86, 132, 70
L 437.8687, -279.9757, 0.0000, 437.8687, -263.3820, 0.0000, 62, 104, 56
L -475.4096, -573.7171, 0.0000, -477.2889, -569.2385, 0.0000, 86, 132, 70
L -477.2889, -569.2385, 0.0000, -476.3150, -563.5721, 0.0000, 86, 132, 70
L -476.3150, -563.5721, 0.0000, -480.3660, -559.7104, 0.0000, 86, 132, 70
L -480.3660, -559.7104, 0.0000, -486.5827, -558.9324, 0.0000, 86, 132, 70
L -496.2828, -590.8187, 0.0000, -490.4277, -592.9464, 0.0000, 86, 132, 70
L -490.4277, -592.9464, 0.0000, -484.8003, -591.2187, 0.0000, 86, 132, 70
L -484.8003, -591.2187, 0.0000, -482.4242, -585.9127, 0.0000, 86, 132, 70
L -482.4242, -585.9127, 0.0000, -478.0974, -582.9565, 0.0000, 86, 132, 70
L -478.0974, -582.9565, 0.0000, -473.4482, -579.1014, 0.0000, 86, 132, 70
L -473.4482, -579.1014, 0.0000, -475.4096, -573.7171, 0.0000, 86, 132, 70
L -845.0603, -717.8703, 0.0000, -845.0603, -728.1975, 0.0000, 62, 104, 56
L -864.4237, -726.2611, 0.0000, -845.0603, -741.5905, 0.0000, 86, 132, 70
L -845.0603, -741.5905, 0.0000, -825.6968, -726.2611, 0.0000, 86, 132, 70
L -864.4237, -726.2611, 0.0000, -825.6968, -726.2611, 0.0000, 86, 132, 70
L -861.4224, -739.1701, 0.0000, -845.0603, -754.4995, 0.0000, 86, 132, 70
L -845.0603, -754.4995, 0.0000, -828.6981, -739.1701, 0.0000, 86, 132, 70
L -861.4224, -739.1701, 0.0000, -828.6981, -739.1701, 0.0000, 86, 132, 70
L -858.4210, -752.0790, 0.0000, -845.0603, -767.4085, 0.0000, 86, 132, 70
L -845.0603, -767.4085, 0.0000, -831.6995, -752.0790, 0.0000, 86, 132, 70
L -858.4210, -752.0790, 0.0000, -831.6995, -752.0790, 0.0000, 86, 132, 70
L -855.4197, -764.9880, 0.0000, -845.0603, -780.3174, 0.0000, 86, 132, 70
L -845.0603, -780.3174, 0.0000, -834.7009, -764.9880, 0.0000, 86, 132, 70
L -855.4197, -764.9880, 0.0000, -834.7009, -764.9880, 0.0000, 86, 132, 70
L 323.5691, 57.0413, 0.0000, 326.3398, 62.6717, 0.0000, 86, 132, 70
L 326.3398, 62.6717, 0.0000, 322.8584, 67.4043, 0.0000, 86, 132, 70
L 322.8584, 67.4043, 0.0000, 316.9883, 69.8249, 0.0000, 86, 132, 70
L 316.9883, 69.8249, 0.0000, 314.0963, 74.7751, 0.0000, 86, 132, 70
L 314.0963, 74.7751, 0.0000, 308.8976, 78.1786, 0.0000, 86, 132, 70
L 308.8976, 78.1786, 0.0000, 302.4616, 75.7981, 0.0000, 86, 132, 70
L 302.4616, 75.7981, 0.0000, 296.8825, 75.3642, 0.0000, 86, 132, 70
L 296.8825, 75.3642, 0.0000, 289.9698, 76.0812, 0.0000, 86, 132, 70
L 289.9698, 76.0812, 0.0000, 286.2209, 71.3331, 0.0000, 86, 132, 70
L 286.2209, 71.3331, 0.0000, 284.6355, 66.0982, 0.0000, 86, 132, 70
L 284.6355, 66.0982, 0.0000, 279.4402, 62.4697, 0.0000, 86, 132, 70
L 279.4402, 62.4697, 0.0000, 277.9263, 57.0413, 0.0000, 86, 132, 70
L 277.9263, 57.0413, 0.0000, 282.2522, 52.2761, 0.0000, 86, 132, 70
L 282.2522, 52.2761, 0.0000, 283.3305, 47.3214, 0.0000, 86, 132, 70
L 283.3305, 47.3214, 0.0000, 284.7140, 41.4235, 0.0000, 86, 132, 70
L 284.7140, 41.4235, 0.0000, 291.2749, 39.9906, 0.0000, 86, 132, 70
L 291.2749, 39.9906, 0.0000, 297.0843, 39.3815, 0.0000, 86, 132, 70
L 297.0843, 39.3815, 0.0000, 302.4616, 35.6324, 0.0000, 86, 132, 70
L 302.4616, 35.6324, 0.0000, 308.6957, 36.5671, 0.0000, 86, 132, 70
L 308.6957, 36.5671, 0.0000, 312.7913, 41.2967, 0.0000, 86, 132, 70
L 312.7913, 41.2967, 0.0000, 318.4953, 42.9316, 0.0000, 86, 132, 70
L 318.4953, 42.9316, 0.0000, 324.1634, 46.0153, 0.0000, 86, 132, 70
L 324.1634, 46.0153, 0.0000, 323.5278, 52.0740, 0.0000, 86, 132, 70
L 323.5278, 52.0740, 0.0000, 323.5691, 57.0413, 0.0000, 86, 132, 70
L 302.4616, 75.7549, 0.0000, 302.4616, 91.9447, 0.0000, 62, 104, 56
L 497.3590, -792.0993, 0.0000, 497.3590, -803.0848, 0.0000, 62, 104, 56
L 476.7612, -801.0250, 0.0000, 497.3590, -817.3317, 0.0000, 86, 132, 70
L 497.3590, -817.3317, 0.0000, 517.9568, -801.0250, 0.0000, 86, 132, 70
L 476.7612, -801.0250, 0.0000, 517.9568, -801.0250, 0.0000, 86, 132, 70
L 479.9538, -814.7569, 0.0000, 497.3590, -831.0635, 0.0000, 86, 132, 70
L 497.3590, -831.0635, 0.0000, 514.7642, -814.7569, 0.0000, 86, 132, 70
L 479.9538, -814.7569, 0.0000, 514.7642, -814.7569, 0.0000, 86, 132, 70
L 483.1465, -828.4888, 0.0000, 497.3590, -844.7954, 0.0000, 86, 132, 70
L 497.3590, -844.7954, 0.0000, 511.5715, -828.4888, 0.0000, 86, 132, 70
L 483.1465, -828.4888, 0.0000, 511.5715, -828.4888, 0.0000, 86, 132, 70
L 486.3391, -842.2207, 0.0000, 497.3590, -858.5273, 0.0000, 86, 132, 70
L 497.3590, -858.5273, 0.0000, 508.3789, -842.2207, 0.0000, 86, 132, 70
L 486.3391, -842.2207, 0.0000, 508.3789, -842.2207, 0.0000, 86, 132, 70
L 205.5571, 765.4729, 0.0000, 202.8527, 771.1548, 0.0000, 86, 132, 70
L 202.8527, 771.1548, 0.0000, 197.9091, 775.2040, 0.0000, 86, 132, 70
L 197.9091, 775.2040, 0.0000, 196.7417, 781.3004, 0.0000, 86, 132, 70
L 196.7417, 781.3004, 0.0000, 192.0299, 785.7053, 0.0000, 86, 132, 70
L 192.0299, 785.7053, 0.0000, 184.6188, 784.7281, 0.0000, 86, 132, 70
L 184.6188, 784.7281, 0.0000, 178.7558, 786.2029, 0.0000, 86, 132, 70
L 178.7558, 786.2029, 0.0000, 171.7718, 788.4099, 0.0000, 86, 132, 70
L 171.7718, 788.4099, 0.0000, 166.6028, 783.9965, 0.0000, 86, 132, 70
L 166.6028, 783.9965, 0.0000, 163.0121, 779.3274, 0.0000, 86, 132, 70
L 163.0121, 779.3274, 0.0000, 156.2394, 776.9128, 0.0000, 86, 132, 70
L 156.2394, 776.9128, 0.0000, 153.5379, 771.4191, 0.0000, 86, 132, 70
L 153.5379, 771.4191, 0.0000, 156.4388, 765.4729, 0.0000, 86, 132, 70
L 156.4388, 765.4729, 0.0000, 155.4081, 759.9676, 0.0000, 86, 132, 70
L 155.4081, 759.9676, 0.0000, 155.3714, 753.5920, 0.0000, 86, 132, 70
L 155.3714, 753.5920, 0.0000, 162.0099, 750.7364, 0.0000, 86, 132, 70
L 162.0099, 750.7364, 0.0000, 167.4708, 748.2721, 0.0000, 86, 132, 70
L 167.4708, 748.2721, 0.0000, 171.9061, 742.9768, 0.0000, 86, 132, 70
L 171.9061, 742.9768, 0.0000, 178.7558, 742.9789, 0.0000, 86, 132, 70
L 178.7558, 742.9789, 0.0000, 184.4845, 746.6586, 0.0000, 86, 132, 70
L 184.4845, 746.6586, 0.0000, 191.1619, 746.5634, 0.0000, 86, 132, 70
L 191.1619, 746.5634, 0.0000, 197.7439, 748.7633, 0.0000, 86, 132, 70
L 197.7439, 748.7633, 0.0000, 198.7770, 755.3007, 0.0000, 86, 132, 70
L 198.7770, 755.3007, 0.0000, 200.9825, 760.2319, 0.0000, 86, 132, 70
L 200.9825, 760.2319, 0.0000, 205.5571, 765.4729, 0.0000, 86, 132, 70
L 178.7558, 785.6113, 0.0000, 178.7558, 803.0339, 0.0000, 62, 104, 56
L -1112.1972, 654.4660, 0.0000, -1116.7853, 659.5623, 0.0000, 86, 132, 70
L -1116.7853, 659.5623, 0.0000, -1118.4031, 664.6251, 0.0000, 86, 132, 70
L -1118.4031, 664.6251, 0.0000, -1119.6282, 670.9840, 0.0000, 86, 132, 70
L -1119.6282, 670.9840, 0.0000, -1126.3771, 672.7893, 0.0000, 86, 132, 70
L -1126.3771, 672.7893, 0.0000, -1132.7353, 673.0659, 0.0000, 86, 132, 70
L -1132.7353, 673.0659, 0.0000, -1138.3987, 676.9086, 0.0000, 86, 132, 70
L -1138.3987, 676.9086, 0.0000, -1145.0736, 676.3877, 0.0000, 86, 132, 70
L -1145.0736, 676.3877, 0.0000, -1149.4089, 671.2477, 0.0000, 86, 132, 70
L -1149.4089, 671.2477, 0.0000, -1155.1463, 669.2038, 0.0000, 86, 132, 70
L -1155.1463, 669.2038, 0.0000, -1161.4287, 666.1668, 0.0000, 86, 132, 70
L -1161.4287, 666.1668, 0.0000, -1161.0236, 659.8008, 0.0000, 86, 132, 70
L -1161.0236, 659.8008, 0.0000, -1160.5544, 654.4660, 0.0000, 86, 132, 70
L -1160.5544, 654.4660, 0.0000, -1163.4948, 648.5484, 0.0000, 86, 132, 70
L -1163.4948, 648.5484, 0.0000, -1160.2818, 643.3479, 0.0000, 86, 132, 70
L -1160.2818, 643.3479, 0.0000, -1153.8220, 640.8935, 0.0000, 86, 132, 70
L -1153.8220, 640.8935, 0.0000, -1150.5558, 635.9361, 0.0000, 86, 132, 70
L -1150.5558, 635.9361, 0.0000, -1145.2511, 631.9615, 0.0000, 86, 132, 70
L -1145.2511, 631.9615, 0.0000, -1138.3987, 634.3542, 0.0000, 86, 132, 70
L -1138.3987, 634.3542, 0.0000, -1132.5578, 635.2833, 0.0000, 86, 132, 70
L -1132.5578, 635.2833, 0.0000, -1125.2302, 634.3945, 0.0000, 86, 132, 70
L -1125.2302, 634.3945, 0.0000, -1120.9526, 639.1133, 0.0000, 86, 132, 70
L -1120.9526, 639.1133, 0.0000, -1119.5501, 644.8896, 0.0000, 86, 132, 70
L -1119.5501, 644.8896, 0.0000, -1114.3141, 648.7869, 0.0000, 86, 132, 70
L -1114.3141, 648.7869, 0.0000, -1112.1972, 654.4660, 0.0000, 86, 132, 70
L -1138.3987, 674.2924, 0.0000, -1138.3987, 691.4451, 0.0000, 62, 104, 56
L -1046.0313, -781.0621, 0.0000, -1048.5792, -776.9090, 0.0000, 86, 132, 70
L -1048.5792, -776.9090, 0.0000, -1047.8297, -771.7328, 0.0000, 86, 132, 70
L -1047.8297, -771.7328, 0.0000, -1050.9236, -767.6260, 0.0000, 86, 132, 70
L -1050.9236, -767.6260, 0.0000, -1056.9808, -767.0226, 0.0000, 86, 132, 70
L -1056.9808, -767.0226, 0.0000, -1061.1000, -764.3393, 0.0000, 86, 132, 70
L -1061.1000, -764.3393, 0.0000, -1066.1918, -761.5294, 0.0000, 86, 132, 70
L -1066.1918, -761.5294, 0.0000, -1071.2748, -764.3687, 0.0000, 86, 132, 70
L -1071.2748, -764.3687, 0.0000, -1075.4119, -767.0089, 0.0000, 86, 132, 70
L -1075.4119, -767.0089, 0.0000, -1081.4781, -767.6103, 0.0000, 86, 132, 70
L -1081.4781, -767.6103, 0.0000, -1084.5273, -771.7465, 0.0000, 86, 132, 70
L -1084.5273, -771.7465, 0.0000, -1083.7957, -776.9112, 0.0000, 86, 132, 70
L -1083.7957, -776.9112, 0.0000, -1086.3882, -781.0621, 0.0000, 86, 132, 70
L -1086.3882, -781.0621, 0.0000, -1087.5610, -786.1008, 0.0000, 86, 132, 70
L -1087.5610, -786.1008, 0.0000, -1082.7799, -789.4899, 0.0000, 86, 132, 70
L -1082.7799, -789.4899, 0.0000, -1079.4602, -792.7382, 0.0000, 86, 132, 70
L -1079.4602, -792.7382, 0.0000, -1077.1593, -797.7787, 0.0000, 86, 132, 70
L -1077.1593, -797.7787, 0.0000, -1071.5452, -798.6433, 0.0000, 86, 132, 70
L -1071.5452, -798.6433, 0.0000, -1066.1918, -797.0435, 0.0000, 86, 132, 70
L -1066.1918, -797.0435, 0.0000, -1060.8297, -798.6726, 0.0000, 86, 132, 70
L -1060.8297, -798.6726, 0.0000, -1055.2334, -797.7651, 0.0000, 86, 132, 70
L -1055.2334, -797.7651, 0.0000, -1052.9413, -792.7225, 0.0000, 86, 132, 70
L -1052.9413, -792.7225, 0.0000, -1049.5771, -789.5035, 0.0000, 86, 132, 70
L -1049.5771, -789.5035, 0.0000, -1044.8139, -786.1029, 0.0000, 86, 132, 70
L -1044.8139, -786.1029, 0.0000, -1046.0313, -781.0621, 0.0000, 86, 132, 70
L -1066.1918, -764.5157, 0.0000, -1066.1918, -750.2009, 0.0000, 62, 104, 56
L -825.3933, 985.2422, 0.0000, -824.9162, 990.0380, 0.0000, 86, 132, 70
L -824.9162, 990.0380, 0.0000, -824.5865, 995.7433, 0.0000, 86, 132, 70
L -824.5865, 995.7433, 0.0000, -830.2524, 998.4446, 0.0000, 86, 132, 70
L -830.2524, 998.4446, 0.0000, -835.3658, 1000.3155, 0.0000, 86, 132, 70
L -835.3658, 1000.3155, 0.0000, -839.2577, 1004.9390, 0.0000, 86, 132, 70
L -839.2577, 1004.9390, 0.0000, -845.2552, 1005.3538, 0.0000, 86, 132, 70
L -845.2552, 1005.3538, 0.0000, -850.3345, 1001.9239, 0.0000, 86, 132, 70
L -850.3345, 1001.9239, 0.0000, -856.0626, 1001.7148, 0.0000, 86, 132, 70
L -856.0626, 1001.7148, 0.0000, -862.0941, 1000.0604, 0.0000, 86, 132, 70
L -862.0941, 1000.0604, 0.0000, -863.1697, 994.3440, 0.0000, 86, 132, 70
L -863.1697, 994.3440, 0.0000, -864.6761, 989.8215, 0.0000, 86, 132, 70
L -864.6761, 989.8215, 0.0000, -868.7893, 985.2422, 0.0000, 86, 132, 70
L -868.7893, 985.2422, 0.0000, -866.8335, 980.1541, 0.0000, 86, 132, 70
L -866.8335, 980.1541, 0.0000, -862.1684, 976.6491, 0.0000, 86, 132, 70
L -862.1684, 976.6491, 0.0000, -860.9379, 971.4413, 0.0000, 86, 132, 70
L -860.9379, 971.4413, 0.0000, -857.0638, 967.2434, 0.0000, 86, 132, 70
L -857.0638, 967.2434, 0.0000, -850.4894, 968.0518, 0.0000, 86, 132, 70
L -850.4894, 968.0518, 0.0000, -845.2552, 967.1654, 0.0000, 86, 132, 70
L -845.2552, 967.1654, 0.0000, -839.1028, 965.0367, 0.0000, 86, 132, 70
L -839.1028, 965.0367, 0.0000, -834.3646, 968.6427, 0.0000, 86, 132, 70
L -834.3646, 968.6427, 0.0000, -831.4085, 973.0571, 0.0000, 86, 132, 70
L -831.4085, 973.0571, 0.0000, -825.5877, 975.2498, 0.0000, 86, 132, 70
L -825.5877, 975.2498, 0.0000, -822.7588, 979.9376, 0.0000, 86, 132, 70
L -822.7588, 979.9376, 0.0000, -825.3933, 985.2422, 0.0000, 86, 132, 70
L -845.2552, 1003.0345, 0.0000, -845.2552, 1018.4273, 0.0000, 62, 104, 56
L -801.0314, 601.8105, 0.0000, -798.9250, 606.1127, 0.0000, 86, 132, 70
L -798.9250, 606.1127, 0.0000, -800.9225, 610.0655, 0.0000, 86, 132, 70
L -800.9225, 610.0655, 0.0000, -805.8019, 611.8147, 0.0000, 86, 132, 70
L -805.8019, 611.8147, 0.0000, -808.3731, 615.2192, 0.0000, 86, 132, 70
L -808.3731, 615.2192, 0.0000, -812.1251, 618.3799, 0.0000, 86, 132, 70
L -812.1251, 618.3799, 0.0000, -817.1703, 616.7645, 0.0000, 86, 132, 70
L -817.1703, 616.7645, 0.0000, -821.4119, 615.7409, 0.0000, 86, 132, 70
L -821.4119, 615.7409, 0.0000, -826.7710, 616.4439, 0.0000, 86, 132, 70
L -826.7710, 616.4439, 0.0000, -830.1457, 613.2289, 0.0000, 86, 132, 70
L -830.1457, 613.2289, 0.0000, -831.0075, 608.8407, 0.0000, 86, 132, 70
L -831.0075, 608.8407, 0.0000, -834.6121, 605.9232, 0.0000, 86, 132, 70
L -834.6121, 605.9232, 0.0000, -836.5232, 601.8105, 0.0000, 86, 132, 70
L -836.5232, 601.8105, 0.0000, -833.2075, 598.0290, 0.0000, 86, 132, 70
L -833.2075, 598.0290, 0.0000, -831.6594, 594.4490, 0.0000, 86, 132, 70
L -831.6594, 594.4490, 0.0000, -830.8984, 589.7297, 0.0000, 86, 132, 70
L -830.8984, 589.7297, 0.0000, -826.1191, 588.1707, 0.0000, 86, 132, 70
L -826.1191, 588.1707, 0.0000, -821.3111, 588.2113, 0.0000, 86, 132, 70
L -821.3111, 588.2113, 0.0000, -817.1703, 585.5317, 0.0000, 86, 132, 70
L -817.1703, 585.5317, 0.0000, -812.2260, 585.5723, 0.0000, 86, 132, 70
L -812.2260, 585.5723, 0.0000, -809.0250, 589.3955, 0.0000, 86, 132, 70
L -809.0250, 589.3955, 0.0000, -805.0492, 591.1439, 0.0000, 86, 132, 70
L -805.0492, 591.1439, 0.0000, -800.2706, 593.2243, 0.0000, 86, 132, 70
L -800.2706, 593.2243, 0.0000, -800.3296, 597.8395, 0.0000, 86, 132, 70
L -800.3296, 597.8395, 0.0000, -801.0314, 601.8105, 0.0000, 86, 132, 70
L -817.1703, 616.3622, 0.0000, -817.1703, 628.9513, 0.0000, 62, 104, 56
L 521.6502, 963.1175, 0.0000, 523.1036, 967.9721, 0.0000, 86, 132, 70
L 523.1036, 967.9721, 0.0000, 518.6691, 971.3247, 0.0000, 86, 132, 70
L 518.6691, 971.3247, 0.0000, 515.1379, 974.2253, 0.0000, 86, 132, 70
L 515.1379, 974.2253, 0.0000, 512.9793, 979.0665, 0.0000, 86, 132, 70
L 512.9793, 979.0665, 0.0000, 507.7272, 980.2341, 0.0000, 86, 132, 70
L 507.7272, 980.2341, 0.0000, 502.5154, 978.4905, 0.0000, 86, 132, 70
L 502.5154, 978.4905, 0.0000, 497.4320, 979.8127, 0.0000, 86, 132, 70
L 497.4320, 979.8127, 0.0000, 491.9233, 979.2621, 0.0000, 86, 132, 70
L 491.9233, 979.2621, 0.0000, 489.6363, 974.4511, 0.0000, 86, 132, 70
L 489.6363, 974.4511, 0.0000, 486.7467, 971.1291, 0.0000, 86, 132, 70
L 486.7467, 971.1291, 0.0000, 482.0556, 967.9419, 0.0000, 86, 132, 70
L 482.0556, 967.9419, 0.0000, 482.8674, 963.1175, 0.0000, 86, 132, 70
L 482.8674, 963.1175, 0.0000, 485.6422, 959.1389, 0.0000, 86, 132, 70
L 485.6422, 959.1389, 0.0000, 485.0822, 954.2602, 0.0000, 86, 132, 70
L 485.0822, 954.2602, 0.0000, 487.7143, 950.0925, 0.0000, 86, 132, 70
L 487.7143, 950.0925, 0.0000, 493.5878, 949.5100, 0.0000, 86, 132, 70
L 493.5878, 949.5100, 0.0000, 497.6895, 947.2681, 0.0000, 86, 132, 70
L 497.6895, 947.2681, 0.0000, 502.5154, 944.3616, 0.0000, 86, 132, 70
L 502.5154, 944.3616, 0.0000, 507.4697, 946.8467, 0.0000, 86, 132, 70
L 507.4697, 946.8467, 0.0000, 511.3147, 949.7056, 0.0000, 86, 132, 70
L 511.3147, 949.7056, 0.0000, 517.0600, 950.3183, 0.0000, 86, 132, 70
L 517.0600, 950.3183, 0.0000, 520.3337, 954.0646, 0.0000, 86, 132, 70
L 520.3337, 954.0646, 0.0000, 519.5170, 959.1086, 0.0000, 86, 132, 70
L 519.5170, 959.1086, 0.0000, 521.6502, 963.1175, 0.0000, 86, 132, 70
L 502.5154, 979.0185, 0.0000, 502.5154, 992.7750, 0.0000, 62, 104, 56
L -204.5573, 636.6708, 0.0000, -205.9600, 641.4966, 0.0000, 86, 132, 70
L -205.9600, 641.4966, 0.0000, -210.5602, 644.7316, 0.0000, 86, 132, 70
L -210.5602, 644.7316, 0.0000, -211.9405, 649.4179, 0.0000, 86, 132, 70
L -211.9405, 649.4179, 0.0000, -215.3097, 653.6140, 0.0000, 86, 132, 70
L -215.3097, 653.6140, 0.0000, -221.4661, 652.9594, 0.0000, 86, 132, 70
L -221.4661, 652.9594, 0.0000, -226.4258, 653.3949, 0.0000, 86, 132, 70
L -226.4258, 653.3949, 0.0000, -232.1602, 655.5037, 0.0000, 86, 132, 70
L -232.1602, 655.5037, 0.0000, -236.7672, 652.4332, 0.0000, 86, 132, 70
L -236.7672, 652.4332, 0.0000, -239.3616, 648.0543, 0.0000, 86, 132, 70
L -239.3616, 648.0543, 0.0000, -244.6156, 645.9125, 0.0000, 86, 132, 70
L -244.6156, 645.9125, 0.0000, -247.6663, 641.6793, 0.0000, 86, 132, 70
L -247.6663, 641.6793, 0.0000, -245.1954, 636.6708, 0.0000, 86, 132, 70
L -245.1954, 636.6708, 0.0000, -245.2135, 632.2408, 0.0000, 86, 132, 70
L -245.2135, 632.2408, 0.0000, -245.7539, 626.8508, 0.0000, 86, 132, 70
L -245.7539, 626.8508, 0.0000, -240.6761, 624.1306, 0.0000, 86, 132, 70
L -240.6761, 624.1306, 0.0000, -235.6288, 622.6436, 0.0000, 86, 132, 70
L -235.6288, 622.6436, 0.0000, -231.9841, 618.4163, 0.0000, 86, 132, 70
L -231.9841, 618.4163, 0.0000, -226.4258, 617.6333, 0.0000, 86, 132, 70
L -226.4258, 617.6333, 0.0000, -221.6422, 620.9607, 0.0000, 86, 132, 70
L -221.6422, 620.9607, 0.0000, -216.4481, 621.4627, 0.0000, 86, 132, 70
L -216.4481, 621.4627, 0.0000, -210.6261, 622.7671, 0.0000, 86, 132, 70
L -210.6261, 622.7671, 0.0000, -209.4219, 628.0317, 0.0000, 86, 132, 70
L -209.4219, 628.0317, 0.0000, -208.4129, 632.4235, 0.0000, 86, 132, 70
L -208.4129, 632.4235, 0.0000, -204.5573, 636.6708, 0.0000, 86, 132, 70
L -226.4258, 653.3325, 0.0000, -226.4258, 667.7471, 0.0000, 62, 104, 56
L -976.4196, 614.6209, 0.0000, -976.4196, 606.4957, 0.0000, 62, 104, 56
L -991.6543, 608.0192, 0.0000, -976.4196, 595.9583, 0.0000, 86, 132, 70
L -976.4196, 595.9583, 0.0000, -961.1848, 608.0192, 0.0000, 86, 132, 70
L -991.6543, 608.0192, 0.0000, -961.1848, 608.0192, 0.0000, 86, 132, 70
L -989.2929, 597.8627, 0.0000, -976.4196, 585.8018, 0.0000, 86, 132, 70
L -976.4196, 585.8018, 0.0000, -963.5462, 597.8627, 0.0000, 86, 132, 70
L -989.2929, 597.8627, 0.0000, -963.5462, 597.8627, 0.0000, 86, 132, 70
L -986.9315, 587.7062, 0.0000, -976.4196, 575.6453, 0.0000, 86, 132, 70
L -976.4196, 575.6453, 0.0000, -965.9076, 587.7062, 0.0000, 86, 132, 70
L -986.9315, 587.7062, 0.0000, -965.9076, 587.7062, 0.0000, 86, 132, 70
L -984.5702, 577.5497, 0.0000, -976.4196, 565.4888, 0.0000, 86, 132, 70
L -976.4196, 565.4888, 0.0000, -968.2690, 577.5497, 0.0000, 86, 132, 70
L -984.5702, 577.5497, 0.0000, -968.2690, 577.5497, 0.0000, 86, 132, 70
L 264.1357, 831.9617, 0.0000, 264.1357, 823.6826, 0.0000, 62, 104, 56
L 248.6123, 825.2349, 0.0000, 264.1357, 812.9456, 0.0000, 86, 132, 70
L 264.1357, 812.9456, 0.0000, 279.6591, 825.2349, 0.0000, 86, 132, 70
L 248.6123, 825.2349, 0.0000, 279.6591, 825.2349, 0.0000, 86, 132, 70
L 251.0185, 814.8860, 0.0000, 264.1357, 802.5967, 0.0000, 86, 132, 70
L 264.1357, 802.5967, 0.0000, 277.2530, 814.8860, 0.0000, 86, 132, 70
L 251.0185, 814.8860, 0.0000, 277.2530, 814.8860, 0.0000, 86, 132, 70
L 253.4246, 804.5371, 0.0000, 264.1357, 792.2477, 0.0000, 86, 132, 70
L 264.1357, 792.2477, 0.0000, 274.8469, 804.5371, 0.0000, 86, 132, 70
L 253.4246, 804.5371, 0.0000, 274.8469, 804.5371, 0.0000, 86, 132, 70
L 255.8307, 794.1882, 0.0000, 264.1357, 781.8988, 0.0000, 86, 132, 70
L 264.1357, 781.8988, 0.0000, 272.4407, 794.1882, 0.0000, 86, 132, 70
L 255.8307, 794.1882, 0.0000, 272.4407, 794.1882, 0.0000, 86, 132, 70
L -1085.1982, 967.7016, 0.0000, -1085.6414, 972.2621, 0.0000, 86, 132, 70
L -1085.6414, 972.2621, 0.0000, -1084.8898, 977.9100, 0.0000, 86, 132, 70
L -1084.8898, 977.9100, 0.0000, -1089.9090, 980.9662, 0.0000, 86, 132, 70
L -1089.9090, 980.9662, 0.0000, -1095.4251, 982.2688, 0.0000, 86, 132, 70
L -1095.4251, 982.2688, 0.0000, -1099.2524, 986.5197, 0.0000, 86, 132, 70
L -1099.2524, 986.5197, 0.0000, -1104.9823, 987.7441, 0.0000, 86, 132, 70
L -1104.9823, 987.7441, 0.0000, -1110.0090, 984.2104, 0.0000, 86, 132, 70
L -1110.0090, 984.2104, 0.0000, -1115.2427, 983.3405, 0.0000, 86, 132, 70
L -1115.2427, 983.3405, 0.0000, -1121.4619, 982.2037, 0.0000, 86, 132, 70
L -1121.4619, 982.2037, 0.0000, -1122.9654, 976.8383, 0.0000, 86, 132, 70
L -1122.9654, 976.8383, 0.0000, -1123.6201, 972.0963, 0.0000, 86, 132, 70
L -1123.6201, 972.0963, 0.0000, -1127.5789, 967.7016, 0.0000, 86, 132, 70
L -1127.5789, 967.7016, 0.0000, -1126.5780, 962.6095, 0.0000, 86, 132, 70
L -1126.5780, 962.6095, 0.0000, -1121.5926, 959.2625, 0.0000, 86, 132, 70
L -1121.5926, 959.2625, 0.0000, -1119.8767, 954.5946, 0.0000, 86, 132, 70
L -1119.8767, 954.5946, 0.0000, -1116.6154, 949.9703, 0.0000, 86, 132, 70
L -1116.6154, 949.9703, 0.0000, -1110.2214, 950.4954, 0.0000, 86, 132, 70
L -1110.2214, 950.4954, 0.0000, -1104.9823, 950.4491, 0.0000, 86, 132, 70
L -1104.9823, 950.4491, 0.0000, -1099.0401, 948.1862, 0.0000, 86, 132, 70
L -1099.0401, 948.1862, 0.0000, -1094.0523, 951.0421, 0.0000, 86, 132, 70
L -1094.0523, 951.0421, 0.0000, -1091.4942, 955.8321, 0.0000, 86, 132, 70
L -1091.4942, 955.8321, 0.0000, -1086.2626, 958.1908, 0.0000, 86, 132, 70
L -1086.2626, 958.1908, 0.0000, -1082.6834, 962.4437, 0.0000, 86, 132, 70
L -1082.6834, 962.4437, 0.0000, -1085.1982, 967.7016, 0.0000, 86, 132, 70
L -1104.9823, 985.0778, 0.0000, -1104.9823, 1000.1105, 0.0000, 62, 104, 56
L -987.6133, -214.0063, 0.0000, -985.4038, -208.9631, 0.0000, 86, 132, 70
L -985.4038, -208.9631, 0.0000, -986.9269, -203.9135, 0.0000, 86, 132, 70
L -986.9269, -203.9135, 0.0000, -992.9593, -201.8335, 0.0000, 86, 132, 70
L -992.9593, -201.8335, 0.0000, -996.5348, -198.3723, 0.0000, 86, 132, 70
L -996.5348, -198.3723, 0.0000, -1000.7363, -194.1182, 0.0000, 86, 132, 70
L -1000.7363, -194.1182, 0.0000, -1006.7920, -195.5676, 0.0000, 86, 132, 70
L -1006.7920, -195.5676, 0.0000, -1011.7964, -197.5710, 0.0000, 86, 132, 70
L -1011.7964, -197.5710, 0.0000, -1018.1005, -196.7698, 0.0000, 86, 132, 70
L -1018.1005, -196.7698, 0.0000, -1022.7275, -199.9832, 0.0000, 86, 132, 70
L -1022.7275, -199.9832, 0.0000, -1023.5031, -205.5160, 0.0000, 86, 132, 70
L -1023.5031, -205.5160, 0.0000, -1027.1289, -209.2110, 0.0000, 86, 132, 70
L -1027.1289, -209.2110, 0.0000, -1030.1761, -214.0063, 0.0000, 86, 132, 70
L -1030.1761, -214.0063, 0.0000, -1026.5163, -218.6572, 0.0000, 86, 132, 70
L -1026.5163, -218.6572, 0.0000, -1023.7874, -222.6411, 0.0000, 86, 132, 70
L -1023.7874, -222.6411, 0.0000, -1023.0557, -228.3184, 0.0000, 86, 132, 70
L -1023.0557, -228.3184, 0.0000, -1017.8163, -230.8095, 0.0000, 86, 132, 70
L -1017.8163, -230.8095, 0.0000, -1011.7524, -230.2972, 0.0000, 86, 132, 70
L -1011.7524, -230.2972, 0.0000, -1006.7920, -233.0228, 0.0000, 86, 132, 70
L -1006.7920, -233.0228, 0.0000, -1000.7803, -233.7500, 0.0000, 86, 132, 70
L -1000.7803, -233.7500, 0.0000, -996.8191, -229.2071, 0.0000, 86, 132, 70
L -996.8191, -229.2071, 0.0000, -992.6310, -226.4680, 0.0000, 86, 132, 70
L -992.6310, -226.4680, 0.0000, -986.6426, -224.2436, 0.0000, 86, 132, 70
L -986.6426, -224.2436, 0.0000, -986.0164, -218.9051, 0.0000, 86, 132, 70
L -986.0164, -218.9051, 0.0000, -987.6133, -214.0063, 0.0000, 86, 132, 70
L -1006.7920, -196.5556, 0.0000, -1006.7920, -181.4583, 0.0000, 62, 104, 56
L -54.5084, 919.0795, 0.0000, -52.7175, 923.4834, 0.0000, 86, 132, 70
L -52.7175, 923.4834, 0.0000, -56.3188, 926.7388, 0.0000, 86, 132, 70
L -56.3188, 926.7388, 0.0000, -60.1117, 929.0080, 0.0000, 86, 132, 70
L -60.1117, 929.0080, 0.0000, -62.0766, 933.2814, 0.0000, 86, 132, 70
L -62.0766, 933.2814, 0.0000, -66.5543, 934.9748, 0.0000, 86, 132, 70
L -66.5543, 934.9748, 0.0000, -71.3942, 933.1481, 0.0000, 86, 132, 70
L -71.3942, 933.1481, 0.0000, -75.8787, 933.8073, 0.0000, 86, 132, 70
L -75.8787, 933.8073, 0.0000, -81.0673, 933.8233, 0.0000, 86, 132, 70
L -81.0673, 933.8233, 0.0000, -83.3876, 929.6337, 0.0000, 86, 132, 70
L -83.3876, 929.6337, 0.0000, -85.4032, 926.1970, 0.0000, 86, 132, 70
L -85.4032, 926.1970, 0.0000, -89.7154, 923.3995, 0.0000, 86, 132, 70
L -89.7154, 923.3995, 0.0000, -89.7019, 919.0795, 0.0000, 86, 132, 70
L -89.7019, 919.0795, 0.0000, -86.7118, 915.4677, 0.0000, 86, 132, 70
L -86.7118, 915.4677, 0.0000, -86.7972, 911.2537, 0.0000, 86, 132, 70
L -86.7972, 911.2537, 0.0000, -84.9973, 907.1088, 0.0000, 86, 132, 70
L -84.9973, 907.1088, 0.0000, -79.6733, 906.4604, 0.0000, 86, 132, 70
L -79.6733, 906.4604, 0.0000, -75.6630, 905.0599, 0.0000, 86, 132, 70
L -75.6630, 905.0599, 0.0000, -71.3942, 902.1779, 0.0000, 86, 132, 70
L -71.3942, 902.1779, 0.0000, -66.7699, 903.8924, 0.0000, 86, 132, 70
L -66.7699, 903.8924, 0.0000, -63.4706, 907.0023, 0.0000, 86, 132, 70
L -63.4706, 907.0023, 0.0000, -58.5021, 907.7344, 0.0000, 86, 132, 70
L -58.5021, 907.7344, 0.0000, -54.9248, 910.7119, 0.0000, 86, 132, 70
L -54.9248, 910.7119, 0.0000, -55.7211, 915.3838, 0.0000, 86, 132, 70
L -55.7211, 915.3838, 0.0000, -54.5084, 919.0795, 0.0000, 86, 132, 70
L -71.3942, 933.5088, 0.0000, -71.3942, 945.9921, 0.0000, 62, 104, 56
L -540.9092, 931.7410, 0.0000, -541.3401, 935.8989, 0.0000, 86, 132, 70
L -541.3401, 935.8989, 0.0000, -545.4734, 938.5999, 0.0000, 86, 132, 70
L -545.4734, 938.5999, 0.0000, -547.1097, 942.1810, 0.0000, 86, 132, 70
L -547.1097, 942.1810, 0.0000, -549.5588, 946.0906, 0.0000, 86, 132, 70
L -549.5588, 946.0906, 0.0000, -554.6826, 945.8324, 0.0000, 86, 132, 70
L -554.6826, 945.8324, 0.0000, -558.9733, 945.5499, 0.0000, 86, 132, 70
L -558.9733, 945.5499, 0.0000, -563.7360, 947.3827, 0.0000, 86, 132, 70
L -563.7360, 947.3827, 0.0000, -567.9158, 945.3712, 0.0000, 86, 132, 70
L -567.9158, 945.3712, 0.0000, -569.8929, 941.3503, 0.0000, 86, 132, 70
L -569.8929, 941.3503, 0.0000, -573.8893, 939.3194, 0.0000, 86, 132, 70
L -573.8893, 939.3194, 0.0000, -577.0786, 936.0102, 0.0000, 86, 132, 70
L -577.0786, 936.0102, 0.0000, -575.1493, 931.7410, 0.0000, 86, 132, 70
L -575.1493, 931.7410, 0.0000, -574.4135, 928.1003, 0.0000, 86, 132, 70
L -574.4135, 928.1003, 0.0000, -575.1262, 923.5343, 0.0000, 86, 132, 70
L -575.1262, 923.5343, 0.0000, -571.3211, 920.8750, 0.0000, 86, 132, 70
L -571.3211, 920.8750, 0.0000, -566.6789, 919.9961, 0.0000, 86, 132, 70
L -566.6789, 919.9961, 0.0000, -563.5447, 916.7278, 0.0000, 86, 132, 70
L -563.5447, 916.7278, 0.0000, -558.9733, 915.4186, 0.0000, 86, 132, 70
L -558.9733, 915.4186, 0.0000, -554.8740, 918.2780, 0.0000, 86, 132, 70
L -554.8740, 918.2780, 0.0000, -550.7957, 919.2767, 0.0000, 86, 132, 70
L -550.7957, 919.2767, 0.0000, -545.6815, 920.0442, 0.0000, 86, 132, 70
L -545.6815, 920.0442, 0.0000, -544.2365, 924.2537, 0.0000, 86, 132, 70
L -544.2365, 924.2537, 0.0000, -544.0051, 928.2116, 0.0000, 86, 132, 70
L -544.0051, 928.2116, 0.0000, -540.9092, 931.7410, 0.0000, 86, 132, 70
L -558.9733, 945.7795, 0.0000, -558.9733, 957.9247, 0.0000, 62, 104, 56
L -936.5186, -596.7116, 0.0000, -939.5516, -593.2290, 0.0000, 86, 132, 70
L -939.5516, -593.2290, 0.0000, -939.7281, -589.2972, 0.0000, 86, 132, 70
L -939.7281, -589.2972, 0.0000, -941.2008, -585.1655, 0.0000, 86, 132, 70
L -941.2008, -585.1655, 0.0000, -946.2649, -584.4320, 0.0000, 86, 132, 70
L -946.2649, -584.4320, 0.0000, -950.2649, -583.3896, 0.0000, 86, 132, 70
L -950.2649, -583.3896, 0.0000, -954.3214, -580.5698, 0.0000, 86, 132, 70
L -954.3214, -580.5698, 0.0000, -958.8251, -581.9206, 0.0000, 86, 132, 70
L -958.8251, -581.9206, 0.0000, -961.9306, -585.1137, 0.0000, 86, 132, 70
L -961.9306, -585.1137, 0.0000, -966.5474, -585.9527, 0.0000, 86, 132, 70
L -966.5474, -585.9527, 0.0000, -970.2566, -588.6155, 0.0000, 86, 132, 70
L -970.2566, -588.6155, 0.0000, -969.5385, -593.1235, 0.0000, 86, 132, 70
L -969.5385, -593.1235, 0.0000, -970.3351, -596.7116, 0.0000, 86, 132, 70
L -970.3351, -596.7116, 0.0000, -972.2157, -600.9310, 0.0000, 86, 132, 70
L -972.2157, -600.9310, 0.0000, -969.0140, -604.1765, 0.0000, 86, 132, 70
L -969.0140, -604.1765, 0.0000, -965.1126, -606.2080, 0.0000, 86, 132, 70
L -965.1126, -606.2080, 0.0000, -963.1731, -610.2035, 0.0000, 86, 132, 70
L -963.1731, -610.2035, 0.0000, -959.0173, -612.1340, 0.0000, 86, 132, 70
L -959.0173, -612.1340, 0.0000, -954.3214, -610.3283, 0.0000, 86, 132, 70
L -954.3214, -610.3283, 0.0000, -950.0728, -610.6650, 0.0000, 86, 132, 70
L -950.0728, -610.6650, 0.0000, -945.0224, -610.8852, 0.0000, 86, 132, 70
L -945.0224, -610.8852, 0.0000, -942.6356, -606.9952, 0.0000, 86, 132, 70
L -942.6356, -606.9952, 0.0000, -940.9707, -603.4947, 0.0000, 86, 132, 70
L -940.9707, -603.4947, 0.0000, -936.8743, -600.8256, 0.0000, 86, 132, 70
L -936.8743, -600.8256, 0.0000, -936.5186, -596.7116, 0.0000, 86, 132, 70
L -954.3214, -582.8469, 0.0000, -954.3214, -570.8520, 0.0000, 62, 104, 56
L 94.9031, 1059.1871, 0.0000, 93.1908, 1064.7413, 0.0000, 86, 132, 70
L 93.1908, 1064.7413, 0.0000, 94.3775, 1071.7578, 0.0000, 86, 132, 70
L 94.3775, 1071.7578, 0.0000, 88.9292, 1076.1657, 0.0000, 86, 132, 70
L 88.9292, 1076.1657, 0.0000, 81.5188, 1077.2999, 0.0000, 86, 132, 70
L 81.5188, 1077.2999, 0.0000, 76.5904, 1082.0291, 0.0000, 86, 132, 70
L 76.5904, 1082.0291, 0.0000, 69.6353, 1084.5167, 0.0000, 86, 132, 70
L 69.6353, 1084.5167, 0.0000, 63.2454, 1080.1730, 0.0000, 86, 132, 70
L 63.2454, 1080.1730, 0.0000, 57.1866, 1078.1614, 0.0000, 86, 132, 70
L 57.1866, 1078.1614, 0.0000, 49.2111, 1077.1604, 0.0000, 86, 132, 70
L 49.2111, 1077.1604, 0.0000, 46.5886, 1070.8963, 0.0000, 86, 132, 70
L 46.5886, 1070.8963, 0.0000, 46.6450, 1064.6081, 0.0000, 86, 132, 70
L 46.6450, 1064.6081, 0.0000, 42.1068, 1059.1871, 0.0000, 86, 132, 70
L 42.1068, 1059.1871, 0.0000, 42.1935, 1052.7164, 0.0000, 86, 132, 70
L 42.1935, 1052.7164, 0.0000, 48.6546, 1048.5274, 0.0000, 86, 132, 70
L 48.6546, 1048.5274, 0.0000, 51.5966, 1043.3130, 0.0000, 86, 132, 70
L 51.5966, 1043.3130, 0.0000, 55.1207, 1037.0638, 0.0000, 86, 132, 70
L 55.1207, 1037.0638, 0.0000, 62.9257, 1037.1515, 0.0000, 86, 132, 70
L 62.9257, 1037.1515, 0.0000, 69.6353, 1038.0560, 0.0000, 86, 132, 70
L 69.6353, 1038.0560, 0.0000, 76.9100, 1035.2954, 0.0000, 86, 132, 70
L 76.9100, 1035.2954, 0.0000, 83.5848, 1037.9252, 0.0000, 86, 132, 70
L 83.5848, 1037.9252, 0.0000, 86.5437, 1044.3077, 0.0000, 86, 132, 70
L 86.5437, 1044.3077, 0.0000, 92.3115, 1047.6660, 0.0000, 86, 132, 70
L 92.3115, 1047.6660, 0.0000, 97.6423, 1052.5831, 0.0000, 86, 132, 70
L 97.6423, 1052.5831, 0.0000, 94.9031, 1059.1871, 0.0000, 86, 132, 70
L 69.6353, 1080.8335, 0.0000, 69.6353, 1099.5607, 0.0000, 62, 104, 56
L 621.6034, 167.1717, 0.0000, 623.0232, 171.3748, 0.0000, 86, 132, 70
L 623.0232, 171.3748, 0.0000, 622.4252, 175.9244, 0.0000, 86, 132, 70
L 622.4252, 175.9244, 0.0000, 617.2889, 177.8119, 0.0000, 86, 132, 70
L 617.2889, 177.8119, 0.0000, 613.7512, 180.2089, 0.0000, 86, 132, 70
L 613.7512, 180.2089, 0.0000, 610.3473, 184.0837, 0.0000, 86, 132, 70
L 610.3473, 184.0837, 0.0000, 605.1978, 183.4032, 0.0000, 86, 132, 70
L 605.1978, 183.4032, 0.0000, 600.9514, 181.1177, 0.0000, 86, 132, 70
L 600.9514, 181.1177, 0.0000, 595.7412, 181.5854, 0.0000, 86, 132, 70
L 595.7412, 181.5854, 0.0000, 591.3004, 179.4013, 0.0000, 86, 132, 70
L 591.3004, 179.4013, 0.0000, 590.6796, 174.5479, 0.0000, 86, 132, 70
L 590.6796, 174.5479, 0.0000, 588.2755, 171.1619, 0.0000, 86, 132, 70
L 588.2755, 171.1619, 0.0000, 585.1797, 167.1717, 0.0000, 86, 132, 70
L 585.1797, 167.1717, 0.0000, 587.8406, 163.0789, 0.0000, 86, 132, 70
L 587.8406, 163.0789, 0.0000, 590.8814, 159.8980, 0.0000, 86, 132, 70
L 590.8814, 159.8980, 0.0000, 591.5335, 155.1471, 0.0000, 86, 132, 70
L 591.5335, 155.1471, 0.0000, 595.5394, 152.4503, 0.0000, 86, 132, 70
L 595.5394, 152.4503, 0.0000, 600.9201, 153.1231, 0.0000, 86, 132, 70
L 600.9201, 153.1231, 0.0000, 605.1978, 151.3504, 0.0000, 86, 132, 70
L 605.1978, 151.3504, 0.0000, 610.3785, 150.1571, 0.0000, 86, 132, 70
L 610.3785, 150.1571, 0.0000, 613.9530, 153.8269, 0.0000, 86, 132, 70
L 613.9530, 153.8269, 0.0000, 617.0558, 156.7366, 0.0000, 86, 132, 70
L 617.0558, 156.7366, 0.0000, 622.2234, 158.5215, 0.0000, 86, 132, 70
L 622.2234, 158.5215, 0.0000, 623.4580, 162.8660, 0.0000, 86, 132, 70
L 623.4580, 162.8660, 0.0000, 621.6034, 167.1717, 0.0000, 86, 132, 70
L 605.1978, 182.1054, 0.0000, 605.1978, 195.0250, 0.0000, 62, 104, 56
L -77.8128, 727.6017, 0.0000, -74.7987, 733.9582, 0.0000, 86, 132, 70
L -74.7987, 733.9582, 0.0000, -79.2074, 739.0581, 0.0000, 86, 132, 70
L -79.2074, 739.0581, 0.0000, -85.4640, 741.9390, 0.0000, 86, 132, 70
L -85.4640, 741.9390, 0.0000, -88.5247, 747.7695, 0.0000, 86, 132, 70
L -88.5247, 747.7695, 0.0000, -94.5902, 751.1371, 0.0000, 86, 132, 70
L -94.5902, 751.1371, 0.0000, -101.7564, 748.3976, 0.0000, 86, 132, 70
L -101.7564, 748.3976, 0.0000, -108.0992, 748.4328, 0.0000, 86, 132, 70
L -108.0992, 748.4328, 0.0000, -115.8115, 749.0246, 0.0000, 86, 132, 70
L -115.8115, 749.0246, 0.0000, -119.6957, 743.3883, 0.0000, 86, 132, 70
L -119.6957, 743.3883, 0.0000, -121.8351, 737.8031, 0.0000, 86, 132, 70
L -121.8351, 737.8031, 0.0000, -127.8907, 733.7641, 0.0000, 86, 132, 70
L -127.8907, 733.7641, 0.0000, -128.9937, 727.6017, 0.0000, 86, 132, 70
L -128.9937, 727.6017, 0.0000, -124.2357, 722.3012, 0.0000, 86, 132, 70
L -124.2357, 722.3012, 0.0000, -123.5315, 716.5385, 0.0000, 86, 132, 70
L -123.5315, 716.5385, 0.0000, -121.6544, 710.0915, 0.0000, 86, 132, 70
L -121.6544, 710.0915, 0.0000, -114.1152, 708.7644, 0.0000, 86, 132, 70
L -114.1152, 708.7644, 0.0000, -107.8368, 707.6325, 0.0000, 86, 132, 70
L -107.8368, 707.6325, 0.0000, -101.7564, 703.3584, 0.0000, 86, 132, 70
L -101.7564, 703.3584, 0.0000, -94.8526, 704.9282, 0.0000, 86, 132, 70
L -94.8526, 704.9282, 0.0000, -90.2210, 710.0194, 0.0000, 86, 132, 70
L -90.2210, 710.0194, 0.0000, -83.5053, 711.5407, 0.0000, 86, 132, 70
L -83.5053, 711.5407, 0.0000, -77.5111, 715.2834, 0.0000, 86, 132, 70
L -77.5111, 715.2834, 0.0000, -78.4537, 722.1070, 0.0000, 86, 132, 70
L -78.4537, 722.1070, 0.0000, -77.8128, 727.6017, 0.0000, 86, 132, 70
L -101.7564, 748.5859, 0.0000, -101.7564, 766.7401, 0.0000, 62, 104, 56
L -1070.6449, 942.0517, 0.0000, -1070.6449, 930.9384, 0.0000, 62, 104, 56
L -1091.4823, 933.0222, 0.0000, -1070.6449, 916.5259, 0.0000, 86, 132, 70
L -1070.6449, 916.5259, 0.0000, -1049.8076, 933.0222, 0.0000, 86, 132, 70
L -1091.4823, 933.0222, 0.0000, -1049.8076, 933.0222, 0.0000, 86, 132, 70
L -1088.2525, 919.1306, 0.0000, -1070.6449, 902.6344, 0.0000, 86, 132, 70
L -1070.6449, 902.6344, 0.0000, -1053.0374, 919.1306, 0.0000, 86, 132, 70
L -1088.2525, 919.1306, 0.0000, -1053.0374, 919.1306, 0.0000, 86, 132, 70
L -1085.0227, 905.2390, 0.0000, -1070.6449, 888.7428, 0.0000, 86, 132, 70
L -1070.6449, 888.7428, 0.0000, -1056.2672, 905.2390, 0.0000, 86, 132, 70
L -1085.0227, 905.2390, 0.0000, -1056.2672, 905.2390, 0.0000, 86, 132, 70
L -1081.7929, 891.3475, 0.0000, -1070.6449, 874.8512, 0.0000, 86, 132, 70
L -1070.6449, 874.8512, 0.0000, -1059.4970, 891.3475, 0.0000, 86, 132, 70
L -1081.7929, 891.3475, 0.0000, -1059.4970, 891.3475, 0.0000, 86, 132, 70
L -1086.6045, 81.5225, 0.0000, -1089.6106, 86.8068, 0.0000, 86, 132, 70
L -1089.6106, 86.8068, 0.0000, -1093.8881, 90.7353, 0.0000, 86, 132, 70
L -1093.8881, 90.7353, 0.0000, -1094.8207, 96.6589, 0.0000, 86, 132, 70
L -1094.8207, 96.6589, 0.0000, -1099.6038, 100.4492, 0.0000, 86, 132, 70
L -1099.6038, 100.4492, 0.0000, -1106.5383, 99.5293, 0.0000, 86, 132, 70
L -1106.5383, 99.5293, 0.0000, -1112.0212, 101.3790, 0.0000, 86, 132, 70
L -1112.0212, 101.3790, 0.0000, -1118.6212, 103.1983, 0.0000, 86, 132, 70
L -1118.6212, 103.1983, 0.0000, -1123.3215, 98.7464, 0.0000, 86, 132, 70
L -1123.3215, 98.7464, 0.0000, -1126.9874, 94.6927, 0.0000, 86, 132, 70
L -1126.9874, 94.6927, 0.0000, -1133.5058, 92.4381, 0.0000, 86, 132, 70
L -1133.5058, 92.4381, 0.0000, -1135.5489, 87.0702, 0.0000, 86, 132, 70
L -1135.5489, 87.0702, 0.0000, -1132.9692, 81.5225, 0.0000, 86, 132, 70
L -1132.9692, 81.5225, 0.0000, -1134.3955, 76.2467, 0.0000, 86, 132, 70
L -1134.3955, 76.2467, 0.0000, -1134.0411, 70.3348, 0.0000, 86, 132, 70
L -1134.0411, 70.3348, 0.0000, -1127.6055, 67.8083, 0.0000, 86, 132, 70
L -1127.6055, 67.8083, 0.0000, -1122.7861, 65.1145, 0.0000, 86, 132, 70
L -1122.7861, 65.1145, 0.0000, -1118.5384, 60.1186, 0.0000, 86, 132, 70
L -1118.5384, 60.1186, 0.0000, -1112.0212, 60.5780, 0.0000, 86, 132, 70
L -1112.0212, 60.5780, 0.0000, -1106.6211, 63.7876, 0.0000, 86, 132, 70
L -1106.6211, 63.7876, 0.0000, -1100.1391, 63.4117, 0.0000, 86, 132, 70
L -1100.1391, 63.4117, 0.0000, -1094.2026, 65.8421, 0.0000, 86, 132, 70
L -1094.2026, 65.8421, 0.0000, -1093.3527, 72.0376, 0.0000, 86, 132, 70
L -1093.3527, 72.0376, 0.0000, -1090.7641, 76.5101, 0.0000, 86, 132, 70
L -1090.7641, 76.5101, 0.0000, -1086.6045, 81.5225, 0.0000, 86, 132, 70
L -1112.0212, 100.5320, 0.0000, -1112.0212, 116.9778, 0.0000, 62, 104, 56
L 297.2071, -632.9477, 0.0000, 293.4949, -628.8582, 0.0000, 86, 132, 70
L 293.4949, -628.8582, 0.0000, 292.5926, -624.5946, 0.0000, 86, 132, 70
L 292.5926, -624.5946, 0.0000, 291.3912, -619.5369, 0.0000, 86, 132, 70
L 291.3912, -619.5369, 0.0000, 285.7485, -618.3201, 0.0000, 86, 132, 70
L 285.7485, -618.3201, 0.0000, 280.7708, -617.7777, 0.0000, 86, 132, 70
L 280.7708, -617.7777, 0.0000, 276.1517, -614.5537, 0.0000, 86, 132, 70
L 276.1517, -614.5537, 0.0000, 270.8025, -615.3800, 0.0000, 86, 132, 70
L 270.8025, -615.3800, 0.0000, 267.2849, -619.4329, 0.0000, 86, 132, 70
L 267.2849, -619.4329, 0.0000, 262.3722, -620.8218, 0.0000, 86, 132, 70
L 262.3722, -620.8218, 0.0000, 257.5206, -623.4819, 0.0000, 86, 132, 70
L 257.5206, -623.4819, 0.0000, 258.0784, -628.6860, 0.0000, 86, 132, 70
L 258.0784, -628.6860, 0.0000, 258.0164, -632.9477, 0.0000, 86, 132, 70
L 258.0164, -632.9477, 0.0000, 255.6397, -637.7843, 0.0000, 86, 132, 70
L 255.6397, -637.7843, 0.0000, 258.6524, -641.8384, 0.0000, 86, 132, 70
L 258.6524, -641.8384, 0.0000, 263.6792, -643.9235, 0.0000, 86, 132, 70
L 263.6792, -643.9235, 0.0000, 266.1531, -648.1875, 0.0000, 86, 132, 70
L 266.1531, -648.1875, 0.0000, 270.6274, -651.0903, 0.0000, 86, 132, 70
L 270.6274, -651.0903, 0.0000, 276.1517, -649.0415, 0.0000, 86, 132, 70
L 276.1517, -649.0415, 0.0000, 280.9459, -648.6927, 0.0000, 86, 132, 70
L 280.9459, -648.6927, 0.0000, 286.8803, -649.3002, 0.0000, 86, 132, 70
L 286.8803, -649.3002, 0.0000, 290.0842, -645.2083, 0.0000, 86, 132, 70
L 290.0842, -645.2083, 0.0000, 291.4608, -640.7257, 0.0000, 86, 132, 70
L 291.4608, -640.7257, 0.0000, 295.9336, -637.6122, 0.0000, 86, 132, 70
L 295.9336, -637.6122, 0.0000, 297.2071, -632.9477, 0.0000, 86, 132, 70
L 276.1517, -616.8795, 0.0000, 276.1517, -602.9783, 0.0000, 62, 104, 56
L 146.1196, 1007.9185, 0.0000, 146.1196, 997.6697, 0.0000, 62, 104, 56
L 126.9031, 999.5914, 0.0000, 146.1196, 984.3783, 0.0000, 86, 132, 70
L 146.1196, 984.3783, 0.0000, 165.3361, 999.5914, 0.0000, 86, 132, 70
L 126.9031, 999.5914, 0.0000, 165.3361, 999.5914, 0.0000, 86, 132, 70
L 129.8817, 986.7804, 0.0000, 146.1196, 971.5673, 0.0000, 86, 132, 70
L 146.1196, 971.5673, 0.0000, 162.3576, 986.7804, 0.0000, 86, 132, 70
L 129.8817, 986.7804, 0.0000, 162.3576, 986.7804, 0.0000, 86, 132, 70
L 132.8602, 973.9694, 0.0000, 146.1196, 958.7563, 0.0000, 86, 132, 70
L 146.1196, 958.7563, 0.0000, 159.3790, 973.9694, 0.0000, 86, 132, 70
L 132.8602, 973.9694, 0.0000, 159.3790, 973.9694, 0.0000, 86, 132, 70
L 135.8388, 961.1584, 0.0000, 146.1196, 945.9453, 0.0000, 86, 132, 70
L 146.1196, 945.9453, 0.0000, 156.4005, 961.1584, 0.0000, 86, 132, 70
L 135.8388, 961.1584, 0.0000, 156.4005, 961.1584, 0.0000, 86, 132, 70
L -36.1638, 691.9747, 0.0000, -36.1638, 679.4190, 0.0000, 62, 104, 56
L -59.7058, 681.7732, 0.0000, -36.1638, 663.1359, 0.0000, 86, 132, 70
L -36.1638, 663.1359, 0.0000, -12.6219, 681.7732, 0.0000, 86, 132, 70
L -59.7058, 681.7732, 0.0000, -12.6219, 681.7732, 0.0000, 86, 132, 70
L -56.0568, 666.0786, 0.0000, -36.1638, 647.4412, 0.0000, 86, 132, 70
L -36.1638, 647.4412, 0.0000, -16.2709, 666.0786, 0.0000, 86, 132, 70
L -56.0568, 666.0786, 0.0000, -16.2709, 666.0786, 0.0000, 86, 132, 70
L -52.4078, 650.3840, 0.0000, -36.1638, 631.7466, 0.0000, 86, 132, 70
L -36.1638, 631.7466, 0.0000, -19.9199, 650.3840, 0.0000, 86, 132, 70
L -52.4078, 650.3840, 0.0000, -19.9199, 650.3840, 0.0000, 86, 132, 70
L -48.7588, 634.6894, 0.0000, -36.1638, 616.0520, 0.0000, 86, 132, 70
L -36.1638, 616.0520, 0.0000, -23.5689, 634.6894, 0.0000, 86, 132, 70
L -48.7588, 634.6894, 0.0000, -23.5689, 634.6894, 0.0000, 86, 132, 70
L -978.9797, 1.7442, 0.0000, -978.9797, -8.6401, 0.0000, 62, 104, 56
L -998.4504, -6.6930, 0.0000, -978.9797, -22.1073, 0.0000, 86, 132, 70
L -978.9797, -22.1073, 0.0000, -959.5091, -6.6930, 0.0000, 86, 132, 70
L -998.4504, -6.6930, 0.0000, -959.5091, -6.6930, 0.0000, 86, 132, 70
L -995.4324, -19.6735, 0.0000, -978.9797, -35.0877, 0.0000, 86, 132, 70
L -978.9797, -35.0877, 0.0000, -962.5270, -19.6735, 0.0000, 86, 132, 70
L -995.4324, -19.6735, 0.0000, -962.5270, -19.6735, 0.0000, 86, 132, 70
L -992.4145, -32.6539, 0.0000, -978.9797, -48.0682, 0.0000, 86, 132, 70
L -978.9797, -48.0682, 0.0000, -965.5450, -32.6539, 0.0000, 86, 132, 70
L -992.4145, -32.6539, 0.0000, -965.5450, -32.6539, 0.0000, 86, 132, 70
L -989.3965, -45.6343, 0.0000, -978.9797, -61.0486, 0.0000, 86, 132, 70
L -978.9797, -61.0486, 0.0000, -968.5629, -45.6343, 0.0000, 86, 132, 70
L -989.3965, -45.6343, 0.0000, -968.5629, -45.6343, 0.0000, 86, 132, 70
L -880.1792, 769.0198, 0.0000, -878.9223, 774.5252, 0.0000, 86, 132, 70
L -878.9223, 774.5252, 0.0000, -884.1567, 778.2228, 0.0000, 86, 132, 70
L -884.1567, 778.2228, 0.0000, -887.7602, 781.7889, 0.0000, 86, 132, 70
L -887.7602, 781.7889, 0.0000, -890.2799, 787.2960, 0.0000, 86, 132, 70
L -890.2799, 787.2960, 0.0000, -896.4251, 788.2176, 0.0000, 86, 132, 70
L -896.4251, 788.2176, 0.0000, -902.2706, 786.4855, 0.0000, 86, 132, 70
L -902.2706, 786.4855, 0.0000, -908.1356, 788.2817, 0.0000, 86, 132, 70
L -908.1356, 788.2817, 0.0000, -914.2417, 787.2662, 0.0000, 86, 132, 70
L -914.2417, 787.2662, 0.0000, -916.7420, 781.7546, 0.0000, 86, 132, 70
L -916.7420, 781.7546, 0.0000, -920.4430, 778.2526, 0.0000, 86, 132, 70
L -920.4430, 778.2526, 0.0000, -925.6384, 774.5298, 0.0000, 86, 132, 70
L -925.6384, 774.5298, 0.0000, -924.2839, 769.0198, 0.0000, 86, 132, 70
L -924.2839, 769.0198, 0.0000, -921.5240, 764.4799, 0.0000, 86, 132, 70
L -921.5240, 764.4799, 0.0000, -922.3525, 758.8168, 0.0000, 86, 132, 70
L -922.3525, 758.8168, 0.0000, -918.9468, 754.3447, 0.0000, 86, 132, 70
L -918.9468, 754.3447, 0.0000, -912.3322, 753.6838, 0.0000, 86, 132, 70
L -912.3322, 753.6838, 0.0000, -907.8402, 750.7280, 0.0000, 86, 132, 70
L -907.8402, 750.7280, 0.0000, -902.2706, 747.6734, 0.0000, 86, 132, 70
L -902.2706, 747.6734, 0.0000, -896.7205, 750.7921, 0.0000, 86, 132, 70
L -896.7205, 750.7921, 0.0000, -892.1894, 753.6540, 0.0000, 86, 132, 70
L -892.1894, 753.6540, 0.0000, -885.5553, 754.3103, 0.0000, 86, 132, 70
L -885.5553, 754.3103, 0.0000, -882.2473, 758.8466, 0.0000, 86, 132, 70
L -882.2473, 758.8466, 0.0000, -883.0366, 764.4845, 0.0000, 86, 132, 70
L -883.0366, 764.4845, 0.0000, -880.1792, 769.0198, 0.0000, 86, 132, 70
L -902.2706, 787.1027, 0.0000, -902.2706, 802.7468, 0.0000, 62, 104, 56
L 653.5560, 781.2399, 0.0000, 651.3927, 786.7841, 0.0000, 86, 132, 70
L 651.3927, 786.7841, 0.0000, 646.3240, 790.6107, 0.0000, 86, 132, 70
L 646.3240, 790.6107, 0.0000, 644.9972, 796.3030, 0.0000, 86, 132, 70
L 644.9972, 796.3030, 0.0000, 640.7529, 800.8608, 0.0000, 86, 132, 70
L 640.7529, 800.8608, 0.0000, 633.5843, 799.9737, 0.0000, 86, 132, 70
L 633.5843, 799.9737, 0.0000, 627.8801, 800.9690, 0.0000, 86, 132, 70
L 627.8801, 800.9690, 0.0000, 621.1691, 803.2800, 0.0000, 86, 132, 70
L 621.1691, 803.2800, 0.0000, 616.0139, 799.3263, 0.0000, 86, 132, 70
L 616.0139, 799.3263, 0.0000, 612.7764, 794.5311, 0.0000, 86, 132, 70
L 612.7764, 794.5311, 0.0000, 606.4159, 792.1452, 0.0000, 86, 132, 70
L 606.4159, 792.1452, 0.0000, 603.3607, 787.0215, 0.0000, 86, 132, 70
L 603.3607, 787.0215, 0.0000, 606.2310, 781.2399, 0.0000, 86, 132, 70
L 606.2310, 781.2399, 0.0000, 605.6803, 776.0053, 0.0000, 86, 132, 70
L 605.6803, 776.0053, 0.0000, 605.3394, 769.7877, 0.0000, 86, 132, 70
L 605.3394, 769.7877, 0.0000, 611.5334, 766.8548, 0.0000, 86, 132, 70
L 611.5334, 766.8548, 0.0000, 617.0904, 764.7943, 0.0000, 86, 132, 70
L 617.0904, 764.7943, 0.0000, 621.3357, 759.7468, 0.0000, 86, 132, 70
L 621.3357, 759.7468, 0.0000, 627.8801, 759.3230, 0.0000, 86, 132, 70
L 627.8801, 759.3230, 0.0000, 633.4177, 763.0531, 0.0000, 86, 132, 70
L 633.4177, 763.0531, 0.0000, 639.6764, 763.2599, 0.0000, 86, 132, 70
L 639.6764, 763.2599, 0.0000, 646.2402, 765.0830, 0.0000, 86, 132, 70
L 646.2402, 765.0830, 0.0000, 647.4005, 771.3222, 0.0000, 86, 132, 70
L 647.4005, 771.3222, 0.0000, 649.0731, 776.2427, 0.0000, 86, 132, 70
L 649.0731, 776.2427, 0.0000, 653.5560, 781.2399, 0.0000, 86, 132, 70
L 627.8801, 800.6431, 0.0000, 627.8801, 817.4296, 0.0000, 62, 104, 56
L 606.8210, 9.5414, 0.0000, 603.2391, 13.6175, 0.0000, 86, 132, 70
L 603.2391, 13.6175, 0.0000, 601.5937, 17.4883, 0.0000, 86, 132, 70
L 601.5937, 17.4883, 0.0000, 600.7648, 22.5764, 0.0000, 86, 132, 70
L 600.7648, 22.5764, 0.0000, 595.5969, 24.2416, 0.0000, 86, 132, 70
L 595.5969, 24.2416, 0.0000, 590.4198, 24.2134, 0.0000, 86, 132, 70
L 590.4198, 24.2134, 0.0000, 585.9523, 27.1147, 0.0000, 86, 132, 70
L 585.9523, 27.1147, 0.0000, 580.6218, 27.0480, 0.0000, 86, 132, 70
L 580.6218, 27.0480, 0.0000, 577.1709, 22.9261, 0.0000, 86, 132, 70
L 577.1709, 22.9261, 0.0000, 572.8661, 21.0573, 0.0000, 86, 132, 70
L 572.8661, 21.0573, 0.0000, 567.7216, 18.8038, 0.0000, 86, 132, 70
L 567.7216, 18.8038, 0.0000, 567.8025, 13.8210, 0.0000, 86, 132, 70
L 567.8025, 13.8210, 0.0000, 568.5362, 9.5414, 0.0000, 86, 132, 70
L 568.5362, 9.5414, 0.0000, 566.2587, 4.8977, 0.0000, 86, 132, 70
L 566.2587, 4.8977, 0.0000, 568.4381, 0.6429, 0.0000, 86, 132, 70
L 568.4381, 0.6429, 0.0000, 573.6934, -1.2465, 0.0000, 86, 132, 70
L 573.6934, -1.2465, 0.0000, 576.4545, -4.9353, 0.0000, 86, 132, 70
L 576.4545, -4.9353, 0.0000, 580.5109, -8.3293, 0.0000, 86, 132, 70
L 580.5109, -8.3293, 0.0000, 585.9523, -6.5759, 0.0000, 86, 132, 70
L 585.9523, -6.5759, 0.0000, 590.5306, -5.4946, 0.0000, 86, 132, 70
L 590.5306, -5.4946, 0.0000, 596.3133, -6.2509, 0.0000, 86, 132, 70
L 596.3133, -6.2509, 0.0000, 599.9376, -2.7656, 0.0000, 86, 132, 70
L 599.9376, -2.7656, 0.0000, 600.8773, 1.9585, 0.0000, 86, 132, 70
L 600.8773, 1.9585, 0.0000, 604.7828, 5.1012, 0.0000, 86, 132, 70
L 604.7828, 5.1012, 0.0000, 606.8210, 9.5414, 0.0000, 86, 132, 70
L 585.9523, 25.2382, 0.0000, 585.9523, 38.8180, 0.0000, 62, 104, 56
L -470.1944, 1049.8848, 0.0000, -473.2970, 1054.3649, 0.0000, 86, 132, 70
L -473.2970, 1054.3649, 0.0000, -472.6534, 1059.8650, 0.0000, 86, 132, 70
L -472.6534, 1059.8650, 0.0000, -475.6406, 1064.5423, 0.0000, 86, 132, 70
L -475.6406, 1064.5423, 0.0000, -482.2512, 1065.1964, 0.0000, 86, 132, 70
L -482.2512, 1065.1964, 0.0000, -486.8587, 1067.7447, 0.0000, 86, 132, 70
L -486.8587, 1067.7447, 0.0000, -492.2968, 1071.0041, 0.0000, 86, 132, 70
L -492.2968, 1071.0041, 0.0000, -497.8699, 1068.1878, 0.0000, 86, 132, 70
L -497.8699, 1068.1878, 0.0000, -502.2076, 1064.9908, 0.0000, 86, 132, 70
L -502.2076, 1064.9908, 0.0000, -508.6832, 1064.3048, 0.0000, 86, 132, 70
L -508.6832, 1064.3048, 0.0000, -512.3449, 1060.0706, 0.0000, 86, 132, 70
L -512.3449, 1060.0706, 0.0000, -511.4316, 1054.3967, 0.0000, 86, 132, 70
L -511.4316, 1054.3967, 0.0000, -513.8597, 1049.8848, 0.0000, 86, 132, 70
L -513.8597, 1049.8848, 0.0000, -515.4744, 1044.4196, 0.0000, 86, 132, 70
L -515.4744, 1044.4196, 0.0000, -510.4687, 1040.6523, 0.0000, 86, 132, 70
L -510.4687, 1040.6523, 0.0000, -506.5167, 1037.3713, 0.0000, 86, 132, 70
L -506.5167, 1037.3713, 0.0000, -504.0838, 1031.9190, 0.0000, 86, 132, 70
L -504.0838, 1031.9190, 0.0000, -498.1601, 1030.6286, 0.0000, 86, 132, 70
L -498.1601, 1030.6286, 0.0000, -492.2968, 1032.5786, 0.0000, 86, 132, 70
L -492.2968, 1032.5786, 0.0000, -486.5684, 1031.0716, 0.0000, 86, 132, 70
L -486.5684, 1031.0716, 0.0000, -480.3749, 1031.7134, 0.0000, 86, 132, 70
L -480.3749, 1031.7134, 0.0000, -477.8072, 1037.1339, 0.0000, 86, 132, 70
L -477.8072, 1037.1339, 0.0000, -474.5297, 1040.8579, 0.0000, 86, 132, 70
L -474.5297, 1040.8579, 0.0000, -469.2541, 1044.4515, 0.0000, 86, 132, 70
L -469.2541, 1044.4515, 0.0000, -470.1944, 1049.8848, 0.0000, 86, 132, 70
L -492.2968, 1067.7876, 0.0000, -492.2968, 1083.2759, 0.0000, 62, 104, 56
L 556.8063, 377.4847, 0.0000, 556.8063, 367.7868, 0.0000, 62, 104, 56
L 538.6227, 369.6051, 0.0000, 556.8063, 355.2098, 0.0000, 86, 132, 70
L 556.8063, 355.2098, 0.0000, 574.9899, 369.6051, 0.0000, 86, 132, 70
L 538.6227, 369.6051, 0.0000, 574.9899, 369.6051, 0.0000, 86, 132, 70
L 541.4412, 357.4828, 0.0000, 556.8063, 343.0874, 0.0000, 86, 132, 70
L 556.8063, 343.0874, 0.0000, 572.1714, 357.4828, 0.0000, 86, 132, 70
L 541.4412, 357.4828, 0.0000, 572.1714, 357.4828, 0.0000, 86, 132, 70
L 544.2596, 345.3604, 0.0000, 556.8063, 330.9650, 0.0000, 86, 132, 70
L 556.8063, 330.9650, 0.0000, 569.3530, 345.3604, 0.0000, 86, 132, 70
L 544.2596, 345.3604, 0.0000, 569.3530, 345.3604, 0.0000, 86, 132, 70
L 547.0781, 333.2380, 0.0000, 556.8063, 318.8426, 0.0000, 86, 132, 70
L 556.8063, 318.8426, 0.0000, 566.5345, 333.2380, 0.0000, 86, 132, 70
L 547.0781, 333.2380, 0.0000, 566.5345, 333.2380, 0.0000, 86, 132, 70
L -990.4949, -348.8587, 0.0000, -987.9957, -343.5597, 0.0000, 86, 132, 70
L -987.9957, -343.5597, 0.0000, -990.0552, -338.4873, 0.0000, 86, 132, 70
L -990.0552, -338.4873, 0.0000, -996.2408, -336.3383, 0.0000, 86, 132, 70
L -996.2408, -336.3383, 0.0000, -999.6679, -332.3963, 0.0000, 86, 132, 70
L -999.6679, -332.3963, 0.0000, -1004.1831, -328.2158, 0.0000, 86, 132, 70
L -1004.1831, -328.2158, 0.0000, -1010.4686, -330.0128, 0.0000, 86, 132, 70
L -1010.4686, -330.0128, 0.0000, -1015.7011, -331.6738, 0.0000, 86, 132, 70
L -1015.7011, -331.6738, 0.0000, -1022.3221, -330.7914, 0.0000, 86, 132, 70
L -1022.3221, -330.7914, 0.0000, -1026.8022, -334.4851, 0.0000, 86, 132, 70
L -1026.8022, -334.4851, 0.0000, -1027.7232, -340.0922, 0.0000, 86, 132, 70
L -1027.7232, -340.0922, 0.0000, -1031.8885, -343.8080, 0.0000, 86, 132, 70
L -1031.8885, -343.8080, 0.0000, -1034.6539, -348.8587, 0.0000, 86, 132, 70
L -1034.6539, -348.8587, 0.0000, -1030.6500, -353.6174, 0.0000, 86, 132, 70
L -1030.6500, -353.6174, 0.0000, -1028.2979, -357.9173, 0.0000, 86, 132, 70
L -1028.2979, -357.9173, 0.0000, -1027.4659, -363.8163, 0.0000, 86, 132, 70
L -1027.4659, -363.8163, 0.0000, -1021.7474, -366.0499, 0.0000, 86, 132, 70
L -1021.7474, -366.0499, 0.0000, -1015.6122, -365.7516, 0.0000, 86, 132, 70
L -1015.6122, -365.7516, 0.0000, -1010.4686, -368.8727, 0.0000, 86, 132, 70
L -1010.4686, -368.8727, 0.0000, -1004.2720, -369.2096, 0.0000, 86, 132, 70
L -1004.2720, -369.2096, 0.0000, -1000.2427, -364.4451, 0.0000, 86, 132, 70
L -1000.2427, -364.4451, 0.0000, -995.5771, -361.9632, 0.0000, 86, 132, 70
L -995.5771, -361.9632, 0.0000, -989.4804, -359.5221, 0.0000, 86, 132, 70
L -989.4804, -359.5221, 0.0000, -989.2342, -353.8657, 0.0000, 86, 132, 70
L -989.2342, -353.8657, 0.0000, -990.4949, -348.8587, 0.0000, 86, 132, 70
L -1010.4686, -330.7536, 0.0000, -1010.4686, -315.0901, 0.0000, 62, 104, 56
L -520.5119, 688.0946, 0.0000, -520.5119, 677.9503, 0.0000, 62, 104, 56
L -539.5324, 679.8524, 0.0000, -520.5119, 664.7945, 0.0000, 86, 132, 70
L -520.5119, 664.7945, 0.0000, -501.4915, 679.8524, 0.0000, 86, 132, 70
L -539.5324, 679.8524, 0.0000, -501.4915, 679.8524, 0.0000, 86, 132, 70
L -536.5842, 667.1720, 0.0000, -520.5119, 652.1142, 0.0000, 86, 132, 70
L -520.5119, 652.1142, 0.0000, -504.4396, 667.1720, 0.0000, 86, 132, 70
L -536.5842, 667.1720, 0.0000, -504.4396, 667.1720, 0.0000, 86, 132, 70
L -533.6360, 654.4917, 0.0000, -520.5119, 639.4339, 0.0000, 86, 132, 70
L -520.5119, 639.4339, 0.0000, -507.3878, 654.4917, 0.0000, 86, 132, 70
L -533.6360, 654.4917, 0.0000, -507.3878, 654.4917, 0.0000, 86, 132, 70
L -530.6879, 641.8114, 0.0000, -520.5119, 626.7536, 0.0000, 86, 132, 70
L -520.5119, 626.7536, 0.0000, -510.3360, 641.8114, 0.0000, 86, 132, 70
L -530.6879, 641.8114, 0.0000, -510.3360, 641.8114, 0.0000, 86, 132, 70
L 247.4283, 475.8943, 0.0000, 246.3584, 481.1798, 0.0000, 86, 132, 70
L 246.3584, 481.1798, 0.0000, 241.1906, 484.6573, 0.0000, 86, 132, 70
L 241.1906, 484.6573, 0.0000, 239.4273, 489.5206, 0.0000, 86, 132, 70
L 239.4273, 489.5206, 0.0000, 236.0241, 494.3086, 0.0000, 86, 132, 70
L 236.0241, 494.3086, 0.0000, 229.3802, 493.7515, 0.0000, 86, 132, 70
L 229.3802, 493.7515, 0.0000, 223.9429, 493.8258, 0.0000, 86, 132, 70
L 223.9429, 493.8258, 0.0000, 217.7680, 496.1739, 0.0000, 86, 132, 70
L 217.7680, 496.1739, 0.0000, 212.5993, 493.1843, 0.0000, 86, 132, 70
L 212.5993, 493.1843, 0.0000, 209.9337, 488.2224, 0.0000, 86, 132, 70
L 209.9337, 488.2224, 0.0000, 204.4825, 485.7816, 0.0000, 86, 132, 70
L 204.4825, 485.7816, 0.0000, 200.7898, 481.3537, 0.0000, 86, 132, 70
L 200.7898, 481.3537, 0.0000, 203.4079, 475.8943, 0.0000, 86, 132, 70
L 203.4079, 475.8943, 0.0000, 203.8380, 471.1537, 0.0000, 86, 132, 70
L 203.8380, 471.1537, 0.0000, 203.0678, 465.2884, 0.0000, 86, 132, 70
L 203.0678, 465.2884, 0.0000, 208.3002, 462.1287, 0.0000, 86, 132, 70
L 208.3002, 462.1287, 0.0000, 214.0139, 460.7605, 0.0000, 86, 132, 70
L 214.0139, 460.7605, 0.0000, 217.9869, 456.3335, 0.0000, 86, 132, 70
L 217.9869, 456.3335, 0.0000, 223.9429, 455.0879, 0.0000, 86, 132, 70
L 223.9429, 455.0879, 0.0000, 229.1613, 458.7559, 0.0000, 86, 132, 70
L 229.1613, 458.7559, 0.0000, 234.6095, 459.6363, 0.0000, 86, 132, 70
L 234.6095, 459.6363, 0.0000, 241.0608, 460.8306, 0.0000, 86, 132, 70
L 241.0608, 460.8306, 0.0000, 242.6052, 466.4126, 0.0000, 86, 132, 70
L 242.6052, 466.4126, 0.0000, 243.3102, 471.3276, 0.0000, 86, 132, 70
L 243.3102, 471.3276, 0.0000, 247.4283, 475.8943, 0.0000, 86, 132, 70
L 223.9429, 493.9427, 0.0000, 223.9429, 509.5570, 0.0000, 62, 104, 56
L 49.3775, 601.7357, 0.0000, 45.4458, 606.7094, 0.0000, 86, 132, 70
L 45.4458, 606.7094, 0.0000, 42.5539, 610.9831, 0.0000, 86, 132, 70
L 42.5539, 610.9831, 0.0000, 41.7681, 617.0612, 0.0000, 86, 132, 70
L 41.7681, 617.0612, 0.0000, 36.1425, 619.7058, 0.0000, 86, 132, 70
L 36.1425, 619.7058, 0.0000, 29.6613, 619.1701, 0.0000, 86, 132, 70
L 29.6613, 619.1701, 0.0000, 24.3527, 622.1066, 0.0000, 86, 132, 70
L 24.3527, 622.1066, 0.0000, 17.9205, 622.8604, 0.0000, 86, 132, 70
L 17.9205, 622.8604, 0.0000, 13.6865, 617.9931, 0.0000, 86, 132, 70
L 13.6865, 617.9931, 0.0000, 9.1846, 615.0836, 0.0000, 86, 132, 70
L 9.1846, 615.0836, 0.0000, 2.7806, 612.6958, 0.0000, 86, 132, 70
L 2.7806, 612.6958, 0.0000, 2.1359, 606.9743, 0.0000, 86, 132, 70
L 2.1359, 606.9743, 0.0000, 3.8225, 601.7357, 0.0000, 86, 132, 70
L 3.8225, 601.7357, 0.0000, 1.4432, 596.3337, 0.0000, 86, 132, 70
L 1.4432, 596.3337, 0.0000, 3.1021, 590.9390, 0.0000, 86, 132, 70
L 3.1021, 590.9390, 0.0000, 9.5559, 588.7145, 0.0000, 86, 132, 70
L 9.5559, 588.7145, 0.0000, 13.3650, 584.9882, 0.0000, 86, 132, 70
L 13.3650, 584.9882, 0.0000, 17.8708, 580.4477, 0.0000, 86, 132, 70
L 17.8708, 580.4477, 0.0000, 24.3527, 582.0182, 0.0000, 86, 132, 70
L 24.3527, 582.0182, 0.0000, 29.7110, 584.1380, 0.0000, 86, 132, 70
L 29.7110, 584.1380, 0.0000, 36.4640, 583.2756, 0.0000, 86, 132, 70
L 36.4640, 583.2756, 0.0000, 41.3968, 586.7369, 0.0000, 86, 132, 70
L 41.3968, 586.7369, 0.0000, 42.2323, 592.6516, 0.0000, 86, 132, 70
L 42.2323, 592.6516, 0.0000, 46.1386, 596.5987, 0.0000, 86, 132, 70
L 46.1386, 596.5987, 0.0000, 49.3775, 601.7357, 0.0000, 86, 132, 70
L 24.3527, 620.4132, 0.0000, 24.3527, 636.5718, 0.0000, 62, 104, 56
L -1125.3483, 184.9325, 0.0000, -1129.3738, 189.8138, 0.0000, 86, 132, 70
L -1129.3738, 189.8138, 0.0000, -1129.2372, 195.5197, 0.0000, 86, 132, 70
L -1129.2372, 195.5197, 0.0000, -1131.6937, 201.1085, 0.0000, 86, 132, 70
L -1131.6937, 201.1085, 0.0000, -1138.8931, 201.9767, 0.0000, 86, 132, 70
L -1138.8931, 201.9767, 0.0000, -1144.3011, 203.8967, 0.0000, 86, 132, 70
L -1144.3011, 203.8967, 0.0000, -1150.0755, 207.7857, 0.0000, 86, 132, 70
L -1150.0755, 207.7857, 0.0000, -1156.3207, 205.4431, 0.0000, 86, 132, 70
L -1156.3207, 205.4431, 0.0000, -1160.7870, 201.2590, 0.0000, 86, 132, 70
L -1160.7870, 201.2590, 0.0000, -1167.5156, 200.2797, 0.0000, 86, 132, 70
L -1167.5156, 200.2797, 0.0000, -1172.3264, 196.2374, 0.0000, 86, 132, 70
L -1172.3264, 196.2374, 0.0000, -1171.2480, 189.9249, 0.0000, 86, 132, 70
L -1171.2480, 189.9249, 0.0000, -1172.9192, 184.9325, 0.0000, 86, 132, 70
L -1172.9192, 184.9325, 0.0000, -1175.3238, 178.9791, 0.0000, 86, 132, 70
L -1175.3238, 178.9791, 0.0000, -1170.4348, 174.5886, 0.0000, 86, 132, 70
L -1170.4348, 174.5886, 0.0000, -1165.3314, 171.5073, 0.0000, 86, 132, 70
L -1165.3314, 171.5073, 0.0000, -1162.6786, 165.7228, 0.0000, 86, 132, 70
L -1162.6786, 165.7228, 0.0000, -1156.6134, 163.4608, 0.0000, 86, 132, 70
L -1156.6134, 163.4608, 0.0000, -1150.0755, 165.9234, 0.0000, 86, 132, 70
L -1150.0755, 165.9234, 0.0000, -1144.0085, 165.0072, 0.0000, 86, 132, 70
L -1144.0085, 165.0072, 0.0000, -1137.0016, 165.0051, 0.0000, 86, 132, 70
L -1137.0016, 165.0051, 0.0000, -1133.8779, 170.6786, 0.0000, 86, 132, 70
L -1133.8779, 170.6786, 0.0000, -1131.1288, 175.3062, 0.0000, 86, 132, 70
L -1131.1288, 175.3062, 0.0000, -1125.2981, 179.0901, 0.0000, 86, 132, 70
L -1125.2981, 179.0901, 0.0000, -1125.3483, 184.9325, 0.0000, 86, 132, 70
L -1150.0755, 204.4365, 0.0000, -1150.0755, 221.3102, 0.0000, 62, 104, 56
L -696.9917, 428.0116, 0.0000, -697.9906, 433.1211, 0.0000, 86, 132, 70
L -697.9906, 433.1211, 0.0000, -696.9984, 439.5252, 0.0000, 86, 132, 70
L -696.9984, 439.5252, 0.0000, -702.3576, 443.2376, 0.0000, 86, 132, 70
L -702.3576, 443.2376, 0.0000, -708.8526, 444.4841, 0.0000, 86, 132, 70
L -708.8526, 444.4841, 0.0000, -713.2436, 449.0837, 0.0000, 86, 132, 70
L -713.2436, 449.0837, 0.0000, -719.6598, 450.8924, 0.0000, 86, 132, 70
L -719.6598, 450.8924, 0.0000, -725.4052, 446.8806, 0.0000, 86, 132, 70
L -725.4052, 446.8806, 0.0000, -731.1379, 445.5066, 0.0000, 86, 132, 70
L -731.1379, 445.5066, 0.0000, -738.3037, 444.4182, 0.0000, 86, 132, 70
L -738.3037, 444.4182, 0.0000, -740.3089, 438.5027, 0.0000, 86, 132, 70
L -740.3089, 438.5027, 0.0000, -740.6583, 432.9629, 0.0000, 86, 132, 70
L -740.6583, 432.9629, 0.0000, -745.0112, 428.0116, 0.0000, 86, 132, 70
L -745.0112, 428.0116, 0.0000, -744.3738, 422.1842, 0.0000, 86, 132, 70
L -744.3738, 422.1842, 0.0000, -738.5845, 418.3966, 0.0000, 86, 132, 70
L -738.5845, 418.3966, 0.0000, -736.3125, 413.3572, 0.0000, 86, 132, 70
L -736.3125, 413.3572, 0.0000, -732.8623, 407.8883, 0.0000, 86, 132, 70
L -732.8623, 407.8883, 0.0000, -725.6720, 408.2665, 0.0000, 86, 132, 70
L -725.6720, 408.2665, 0.0000, -719.6598, 408.6352, 0.0000, 86, 132, 70
L -719.6598, 408.6352, 0.0000, -712.9769, 406.0633, 0.0000, 86, 132, 70
L -712.9769, 406.0633, 0.0000, -707.1282, 408.9108, 0.0000, 86, 132, 70
L -707.1282, 408.9108, 0.0000, -704.3488, 414.5379, 0.0000, 86, 132, 70
L -704.3488, 414.5379, 0.0000, -698.7227, 417.3741, 0.0000, 86, 132, 70
L -698.7227, 417.3741, 0.0000, -694.2750, 422.0260, 0.0000, 86, 132, 70
L -694.2750, 422.0260, 0.0000, -696.9917, 428.0116, 0.0000, 86, 132, 70
L -719.6598, 447.6996, 0.0000, -719.6598, 464.7324, 0.0000, 62, 104, 56
L -316.5883, 712.2523, 0.0000, -314.4178, 717.7192, 0.0000, 86, 132, 70
L -314.4178, 717.7192, 0.0000, -315.6538, 723.4039, 0.0000, 86, 132, 70
L -315.6538, 723.4039, 0.0000, -322.2856, 725.7313, 0.0000, 86, 132, 70
L -322.2856, 725.7313, 0.0000, -326.4895, 729.1911, 0.0000, 86, 132, 70
L -326.4895, 729.1911, 0.0000, -330.9726, 734.0270, 0.0000, 86, 132, 70
L -330.9726, 734.0270, 0.0000, -337.6027, 732.7537, 0.0000, 86, 132, 70
L -337.6027, 732.7537, 0.0000, -343.0657, 730.1939, 0.0000, 86, 132, 70
L -343.0657, 730.1939, 0.0000, -349.8830, 730.9700, 0.0000, 86, 132, 70
L -349.8830, 730.9700, 0.0000, -355.2541, 727.7855, 0.0000, 86, 132, 70
L -355.2541, 727.7855, 0.0000, -356.0502, 721.6249, 0.0000, 86, 132, 70
L -356.0502, 721.6249, 0.0000, -359.6205, 717.4440, 0.0000, 86, 132, 70
L -359.6205, 717.4440, 0.0000, -363.2857, 712.2523, 0.0000, 86, 132, 70
L -363.2857, 712.2523, 0.0000, -359.5241, 707.0834, 0.0000, 86, 132, 70
L -359.5241, 707.0834, 0.0000, -356.0949, 702.8570, 0.0000, 86, 132, 70
L -356.0949, 702.8570, 0.0000, -355.3057, 696.6737, 0.0000, 86, 132, 70
L -355.3057, 696.6737, 0.0000, -349.8383, 693.6028, 0.0000, 86, 132, 70
L -349.8383, 693.6028, 0.0000, -343.0588, 694.3335, 0.0000, 86, 132, 70
L -343.0588, 694.3335, 0.0000, -337.6027, 691.6600, 0.0000, 86, 132, 70
L -337.6027, 691.6600, 0.0000, -330.9795, 690.5003, 0.0000, 86, 132, 70
L -330.9795, 690.5003, 0.0000, -326.5343, 695.3818, 0.0000, 86, 132, 70
L -326.5343, 695.3818, 0.0000, -322.2340, 698.7278, 0.0000, 86, 132, 70
L -322.2340, 698.7278, 0.0000, -315.6090, 701.0780, 0.0000, 86, 132, 70
L -315.6090, 701.0780, 0.0000, -314.5142, 706.8082, 0.0000, 86, 132, 70
L -314.5142, 706.8082, 0.0000, -316.5883, 712.2523, 0.0000, 86, 132, 70
L -337.6027, 731.3983, 0.0000, -337.6027, 747.9621, 0.0000, 62, 104, 56
L -520.1215, 765.7296, 0.0000, -517.7037, 771.1800, 0.0000, 86, 132, 70
L -517.7037, 771.1800, 0.0000, -521.8607, 775.3615, 0.0000, 86, 132, 70
L -521.8607, 775.3615, 0.0000, -526.8792, 777.9962, 0.0000, 86, 132, 70
L -526.8792, 777.9962, 0.0000, -529.3786, 783.1665, 0.0000, 86, 132, 70
L -529.3786, 783.1665, 0.0000, -534.7575, 785.6354, 0.0000, 86, 132, 70
L -534.7575, 785.6354, 0.0000, -540.8186, 783.3057, 0.0000, 86, 132, 70
L -540.8186, 783.3057, 0.0000, -546.3102, 783.7653, 0.0000, 86, 132, 70
L -546.3102, 783.7653, 0.0000, -552.8280, 784.0344, 0.0000, 86, 132, 70
L -552.8280, 784.0344, 0.0000, -555.8968, 778.9984, 0.0000, 86, 132, 70
L -555.8968, 778.9984, 0.0000, -558.0681, 774.4936, 0.0000, 86, 132, 70
L -558.0681, 774.4936, 0.0000, -563.3640, 771.0457, 0.0000, 86, 132, 70
L -563.3640, 771.0457, 0.0000, -563.7933, 765.7296, 0.0000, 86, 132, 70
L -563.7933, 765.7296, 0.0000, -559.8874, 761.2333, 0.0000, 86, 132, 70
L -559.8874, 761.2333, 0.0000, -559.6816, 756.1459, 0.0000, 86, 132, 70
L -559.6816, 756.1459, 0.0000, -557.7599, 750.8213, 0.0000, 86, 132, 70
L -557.7599, 750.8213, 0.0000, -551.2145, 749.8841, 0.0000, 86, 132, 70
L -551.2145, 749.8841, 0.0000, -546.0606, 748.5137, 0.0000, 86, 132, 70
L -546.0606, 748.5137, 0.0000, -540.8186, 744.8745, 0.0000, 86, 132, 70
L -540.8186, 744.8745, 0.0000, -535.0071, 746.6436, 0.0000, 86, 132, 70
L -535.0071, 746.6436, 0.0000, -530.9921, 750.7520, 0.0000, 86, 132, 70
L -530.9921, 750.7520, 0.0000, -525.0161, 751.8235, 0.0000, 86, 132, 70
L -525.0161, 751.8235, 0.0000, -520.2472, 755.2780, 0.0000, 86, 132, 70
L -520.2472, 755.2780, 0.0000, -521.1803, 761.0990, 0.0000, 86, 132, 70
L -521.1803, 761.0990, 0.0000, -520.1215, 765.7296, 0.0000, 86, 132, 70
L -540.8186, 783.6351, 0.0000, -540.8186, 799.1257, 0.0000, 62, 104, 56
L 412.9202, 471.0305, 0.0000, 412.8404, 475.2437, 0.0000, 86, 132, 70
L 412.8404, 475.2437, 0.0000, 408.6333, 477.9712, 0.0000, 86, 132, 70
L 408.6333, 477.9712, 0.0000, 406.7343, 481.3809, 0.0000, 86, 132, 70
L 406.7343, 481.3809, 0.0000, 404.4289, 485.4441, 0.0000, 86, 132, 70
L 404.4289, 485.4441, 0.0000, 399.3397, 485.3733, 0.0000, 86, 132, 70
L 399.3397, 485.3733, 0.0000, 394.9724, 484.8026, 0.0000, 86, 132, 70
L 394.9724, 484.8026, 0.0000, 390.2302, 486.6051, 0.0000, 86, 132, 70
L 390.2302, 486.6051, 0.0000, 385.8910, 484.8724, 0.0000, 86, 132, 70
L 385.8910, 484.8724, 0.0000, 383.9607, 480.7208, 0.0000, 86, 132, 70
L 383.9607, 480.7208, 0.0000, 380.1864, 478.5428, 0.0000, 86, 132, 70
L 380.1864, 478.5428, 0.0000, 376.7294, 475.3321, 0.0000, 86, 132, 70
L 376.7294, 475.3321, 0.0000, 378.5249, 471.0305, 0.0000, 86, 132, 70
L 378.5249, 471.0305, 0.0000, 379.6172, 467.4098, 0.0000, 86, 132, 70
L 379.6172, 467.4098, 0.0000, 378.8462, 462.8372, 0.0000, 86, 132, 70
L 378.8462, 462.8372, 0.0000, 382.4132, 459.9783, 0.0000, 86, 132, 70
L 382.4132, 459.9783, 0.0000, 387.2313, 459.2314, 0.0000, 86, 132, 70
L 387.2313, 459.2314, 0.0000, 390.4375, 456.1368, 0.0000, 86, 132, 70
L 390.4375, 456.1368, 0.0000, 394.9724, 454.5347, 0.0000, 86, 132, 70
L 394.9724, 454.5347, 0.0000, 399.1323, 457.3686, 0.0000, 86, 132, 70
L 399.1323, 457.3686, 0.0000, 403.0887, 458.6597, 0.0000, 86, 132, 70
L 403.0887, 458.6597, 0.0000, 408.2818, 459.3182, 0.0000, 86, 132, 70
L 408.2818, 459.3182, 0.0000, 409.9736, 463.4089, 0.0000, 86, 132, 70
L 409.9736, 463.4089, 0.0000, 409.9527, 467.4982, 0.0000, 86, 132, 70
L 409.9527, 467.4982, 0.0000, 412.9202, 471.0305, 0.0000, 86, 132, 70
L 394.9724, 485.1325, 0.0000, 394.9724, 497.3327, 0.0000, 62, 104, 56
L 586.1587, 1021.0374, 0.0000, 586.1587, 1010.8770, 0.0000, 62, 104, 56
L 567.1080, 1012.7821, 0.0000, 586.1587, 997.7003, 0.0000, 86, 132, 70
L 586.1587, 997.7003, 0.0000, 605.2093, 1012.7821, 0.0000, 86, 132, 70
L 567.1080, 1012.7821, 0.0000, 605.2093, 1012.7821, 0.0000, 86, 132, 70
L 570.0609, 1000.0816, 0.0000, 586.1587, 984.9999, 0.0000, 86, 132, 70
L 586.1587, 984.9999, 0.0000, 602.2565, 1000.0816, 0.0000, 86, 132, 70
L 570.0609, 1000.0816, 0.0000, 602.2565, 1000.0816, 0.0000, 86, 132, 70
L 573.0137, 987.3812, 0.0000, 586.1587, 972.2994, 0.0000, 86, 132, 70
L 586.1587, 972.2994, 0.0000, 599.3036, 987.3812, 0.0000, 86, 132, 70
L 573.0137, 987.3812, 0.0000, 599.3036, 987.3812, 0.0000, 86, 132, 70
L 575.9666, 974.6808, 0.0000, 586.1587, 959.5990, 0.0000, 86, 132, 70
L 586.1587, 959.5990, 0.0000, 596.3508, 974.6808, 0.0000, 86, 132, 70
L 575.9666, 974.6808, 0.0000, 596.3508, 974.6808, 0.0000, 86, 132, 70
L 516.4234, 85.0976, 0.0000, 516.4234, 73.3063, 0.0000, 62, 104, 56
L 494.3147, 75.5172, 0.0000, 516.4234, 58.0145, 0.0000, 86, 132, 70
L 516.4234, 58.0145, 0.0000, 538.5321, 75.5172, 0.0000, 86, 132, 70
L 494.3147, 75.5172, 0.0000, 538.5321, 75.5172, 0.0000, 86, 132, 70
L 497.7415, 60.7781, 0.0000, 516.4234, 43.2754, 0.0000, 86, 132, 70
L 516.4234, 43.2754, 0.0000, 535.1052, 60.7781, 0.0000, 86, 132, 70
L 497.7415, 60.7781, 0.0000, 535.1052, 60.7781, 0.0000, 86, 132, 70
L 501.1684, 46.0390, 0.0000, 516.4234, 28.5362, 0.0000, 86, 132, 70
L 516.4234, 28.5362, 0.0000, 531.6784, 46.0390, 0.0000, 86, 132, 70
L 501.1684, 46.0390, 0.0000, 531.6784, 46.0390, 0.0000, 86, 132, 70
L 504.5952, 31.2998, 0.0000, 516.4234, 13.7971, 0.0000, 86, 132, 70
L 516.4234, 13.7971, 0.0000, 528.2515, 31.2998, 0.0000, 86, 132, 70
L 504.5952, 31.2998, 0.0000, 528.2515, 31.2998, 0.0000, 86, 132, 70
L 73.6872, 558.5525, 0.0000, 73.6872, 546.7862, 0.0000, 62, 104, 56
L 51.6254, 548.9924, 0.0000, 73.6872, 531.5267, 0.0000, 86, 132, 70
L 73.6872, 531.5267, 0.0000, 95.7491, 548.9924, 0.0000, 86, 132, 70
L 51.6254, 548.9924, 0.0000, 95.7491, 548.9924, 0.0000, 86, 132, 70
L 55.0450, 534.2844, 0.0000, 73.6872, 516.8188, 0.0000, 86, 132, 70
L 73.6872, 516.8188, 0.0000, 92.3295, 534.2844, 0.0000, 86, 132, 70
L 55.0450, 534.2844, 0.0000, 92.3295, 534.2844, 0.0000, 86, 132, 70
L 58.4645, 519.5765, 0.0000, 73.6872, 502.1109, 0.0000, 86, 132, 70
L 73.6872, 502.1109, 0.0000, 88.9099, 519.5765, 0.0000, 86, 132, 70
L 58.4645, 519.5765, 0.0000, 88.9099, 519.5765, 0.0000, 86, 132, 70
L 61.8841, 504.8686, 0.0000, 73.6872, 487.4029, 0.0000, 86, 132, 70
L 73.6872, 487.4029, 0.0000, 85.4903, 504.8686, 0.0000, 86, 132, 70
L 61.8841, 504.8686, 0.0000, 85.4903, 504.8686, 0.0000, 86, 132, 70
L 116.6426, -556.6392, 0.0000, 117.7111, -552.7521, 0.0000, 86, 132, 70
L 117.7111, -552.7521, 0.0000, 117.4323, -548.4052, 0.0000, 86, 132, 70
L 117.4323, -548.4052, 0.0000, 112.6888, -546.5517, 0.0000, 86, 132, 70
L 112.6888, -546.5517, 0.0000, 109.1556, -544.5524, 0.0000, 86, 132, 70
L 109.1556, -544.5524, 0.0000, 106.0254, -540.8765, 0.0000, 86, 132, 70
L 106.0254, -540.8765, 0.0000, 101.2258, -541.2339, 0.0000, 86, 132, 70
L 101.2258, -541.2339, 0.0000, 97.2506, -543.5838, 0.0000, 86, 132, 70
L 97.2506, -543.5838, 0.0000, 92.4716, -543.2959, 0.0000, 86, 132, 70
L 92.4716, -543.2959, 0.0000, 88.1140, -545.1008, 0.0000, 86, 132, 70
L 88.1140, -545.1008, 0.0000, 87.4924, -549.6617, 0.0000, 86, 132, 70
L 87.4924, -549.6617, 0.0000, 85.5649, -552.9465, 0.0000, 86, 132, 70
L 85.5649, -552.9465, 0.0000, 82.5115, -556.6392, 0.0000, 86, 132, 70
L 82.5115, -556.6392, 0.0000, 84.7429, -560.5258, 0.0000, 86, 132, 70
L 84.7429, -560.5258, 0.0000, 87.8738, -563.4229, 0.0000, 86, 132, 70
L 87.8738, -563.4229, 0.0000, 88.5545, -567.7900, 0.0000, 86, 132, 70
L 88.5545, -567.7900, 0.0000, 92.0901, -570.5639, 0.0000, 86, 132, 70
L 92.0901, -570.5639, 0.0000, 97.1916, -569.8884, 0.0000, 86, 132, 70
L 97.1916, -569.8884, 0.0000, 101.2258, -571.2693, 0.0000, 86, 132, 70
L 101.2258, -571.2693, 0.0000, 106.0844, -572.5958, 0.0000, 86, 132, 70
L 106.0844, -572.5958, 0.0000, 109.5372, -569.3073, 0.0000, 86, 132, 70
L 109.5372, -569.3073, 0.0000, 112.2484, -566.3391, 0.0000, 86, 132, 70
L 112.2484, -566.3391, 0.0000, 117.0508, -564.6794, 0.0000, 86, 132, 70
L 117.0508, -564.6794, 0.0000, 118.5330, -560.7202, 0.0000, 86, 132, 70
L 118.5330, -560.7202, 0.0000, 116.6426, -556.6392, 0.0000, 86, 132, 70
L 101.2258, -542.6455, 0.0000, 101.2258, -530.5389, 0.0000, 62, 104, 56
L 233.7956, 287.4216, 0.0000, 233.7956, 278.7553, 0.0000, 62, 104, 56
L 217.5463, 280.3802, 0.0000, 233.7956, 267.5162, 0.0000, 86, 132, 70
L 233.7956, 267.5162, 0.0000, 250.0449, 280.3802, 0.0000, 86, 132, 70
L 217.5463, 280.3802, 0.0000, 250.0449, 280.3802, 0.0000, 86, 132, 70
L 220.0649, 269.5473, 0.0000, 233.7956, 256.6833, 0.0000, 86, 132, 70
L 233.7956, 256.6833, 0.0000, 247.5263, 269.5473, 0.0000, 86, 132, 70
L 220.0649, 269.5473, 0.0000, 247.5263, 269.5473, 0.0000, 86, 132, 70
L 222.5836, 258.7145, 0.0000, 233.7956, 245.8504, 0.0000, 86, 132, 70
L 233.7956, 245.8504, 0.0000, 245.0076, 258.7145, 0.0000, 86, 132, 70
L 222.5836, 258.7145, 0.0000, 245.0076, 258.7145, 0.0000, 86, 132, 70
L 225.1022, 247.8816, 0.0000, 233.7956, 235.0175, 0.0000, 86, 132, 70
L 233.7956, 235.0175, 0.0000, 242.4890, 247.8816, 0.0000, 86, 132, 70
L 225.1022, 247.8816, 0.0000, 242.4890, 247.8816, 0.0000, 86, 132, 70
L -5.2864, 531.0389, 0.0000, -4.5865, 535.7397, 0.0000, 86, 132, 70
L -4.5865, 535.7397, 0.0000, -9.1828, 538.8324, 0.0000, 86, 132, 70
L -9.1828, 538.8324, 0.0000, -11.9186, 542.1301, 0.0000, 86, 132, 70
L -11.9186, 542.1301, 0.0000, -14.1757, 546.8090, 0.0000, 86, 132, 70
L -14.1757, 546.8090, 0.0000, -19.5797, 547.2709, 0.0000, 86, 132, 70
L -19.5797, 547.2709, 0.0000, -24.5222, 546.0464, 0.0000, 86, 132, 70
L -24.5222, 546.0464, 0.0000, -29.6229, 547.7908, 0.0000, 86, 132, 70
L -29.6229, 547.7908, 0.0000, -34.7103, 546.5677, 0.0000, 86, 132, 70
L -34.7103, 546.5677, 0.0000, -36.8091, 541.8514, 0.0000, 86, 132, 70
L -36.8091, 541.8514, 0.0000, -40.3365, 539.0737, 0.0000, 86, 132, 70
L -40.3365, 539.0737, 0.0000, -44.6161, 535.7770, 0.0000, 86, 132, 70
L -44.6161, 535.7770, 0.0000, -43.1247, 531.0389, 0.0000, 86, 132, 70
L -43.1247, 531.0389, 0.0000, -41.1356, 527.1216, 0.0000, 86, 132, 70
L -41.1356, 527.1216, 0.0000, -41.9518, 522.1835, 0.0000, 86, 132, 70
L -41.9518, 522.1835, 0.0000, -38.6744, 518.5850, 0.0000, 86, 132, 70
L -38.6744, 518.5850, 0.0000, -33.0949, 517.9723, 0.0000, 86, 132, 70
L -33.0949, 517.9723, 0.0000, -29.3730, 515.1077, 0.0000, 86, 132, 70
L -29.3730, 515.1077, 0.0000, -24.5222, 512.7486, 0.0000, 86, 132, 70
L -24.5222, 512.7486, 0.0000, -19.8296, 515.6276, 0.0000, 86, 132, 70
L -19.8296, 515.6276, 0.0000, -15.7911, 517.7310, 0.0000, 86, 132, 70
L -15.7911, 517.7310, 0.0000, -10.0533, 518.3064, 0.0000, 86, 132, 70
L -10.0533, 518.3064, 0.0000, -7.5675, 522.4248, 0.0000, 86, 132, 70
L -7.5675, 522.4248, 0.0000, -8.0671, 527.1589, 0.0000, 86, 132, 70
L -8.0671, 527.1589, 0.0000, -5.2864, 531.0389, 0.0000, 86, 132, 70
L -24.5222, 546.5527, 0.0000, -24.5222, 559.9742, 0.0000, 62, 104, 56
L -1036.1782, -551.2649, 0.0000, -1036.1782, -559.0566, 0.0000, 62, 104, 56
L -1050.7875, -557.5957, 0.0000, -1036.1782, -569.1614, 0.0000, 86, 132, 70
L -1036.1782, -569.1614, 0.0000, -1021.5689, -557.5957, 0.0000, 86, 132, 70
L -1050.7875, -557.5957, 0.0000, -1021.5689, -557.5957, 0.0000, 86, 132, 70
L -1048.5230, -567.3352, 0.0000, -1036.1782, -578.9009, 0.0000, 86, 132, 70
L -1036.1782, -578.9009, 0.0000, -1023.8333, -567.3352, 0.0000, 86, 132, 70
L -1048.5230, -567.3352, 0.0000, -1023.8333, -567.3352, 0.0000, 86, 132, 70
L -1046.2586, -577.0747, 0.0000, -1036.1782, -588.6405, 0.0000, 86, 132, 70
L -1036.1782, -588.6405, 0.0000, -1026.0977, -577.0747, 0.0000, 86, 132, 70
L -1046.2586, -577.0747, 0.0000, -1026.0977, -577.0747, 0.0000, 86, 132, 70
L -1043.9941, -586.8143, 0.0000, -1036.1782, -598.3800, 0.0000, 86, 132, 70
L -1036.1782, -598.3800, 0.0000, -1028.3621, -586.8143, 0.0000, 86, 132, 70
L -1043.9941, -586.8143, 0.0000, -1028.3621, -586.8143, 0.0000, 86, 132, 70
L -755.9444, 463.4518, 0.0000, -759.5743, 467.4756, 0.0000, 86, 132, 70
L -759.5743, 467.4756, 0.0000, -760.8054, 471.4964, 0.0000, 86, 132, 70
L -760.8054, 471.4964, 0.0000, -761.7955, 476.5142, 0.0000, 86, 132, 70
L -761.7955, 476.5142, 0.0000, -767.1524, 477.9116, 0.0000, 86, 132, 70
L -767.1524, 477.9116, 0.0000, -772.1592, 478.1652, 0.0000, 86, 132, 70
L -772.1592, 478.1652, 0.0000, -776.6392, 481.2185, 0.0000, 86, 132, 70
L -776.6392, 481.2185, 0.0000, -781.9095, 480.7604, 0.0000, 86, 132, 70
L -781.9095, 480.7604, 0.0000, -785.3358, 476.7071, 0.0000, 86, 132, 70
L -785.3358, 476.7071, 0.0000, -789.9025, 475.1234, 0.0000, 86, 132, 70
L -789.9025, 475.1234, 0.0000, -794.8436, 472.7009, 0.0000, 86, 132, 70
L -794.8436, 472.7009, 0.0000, -794.4943, 467.6619, 0.0000, 86, 132, 70
L -794.4943, 467.6619, 0.0000, -794.1732, 463.4518, 0.0000, 86, 132, 70
L -794.1732, 463.4518, 0.0000, -796.5005, 458.7686, 0.0000, 86, 132, 70
L -796.5005, 458.7686, 0.0000, -793.9126, 454.6757, 0.0000, 86, 132, 70
L -793.9126, 454.6757, 0.0000, -788.8274, 452.7262, 0.0000, 86, 132, 70
L -788.8274, 452.7262, 0.0000, -786.2668, 448.7773, 0.0000, 86, 132, 70
L -786.2668, 448.7773, 0.0000, -782.0535, 445.6701, 0.0000, 86, 132, 70
L -782.0535, 445.6701, 0.0000, -776.6392, 447.5772, 0.0000, 86, 132, 70
L -776.6392, 447.5772, 0.0000, -772.0151, 448.2653, 0.0000, 86, 132, 70
L -772.0151, 448.2653, 0.0000, -766.2214, 447.5729, 0.0000, 86, 132, 70
L -766.2214, 447.5729, 0.0000, -762.8706, 451.3354, 0.0000, 86, 132, 70
L -762.8706, 451.3354, 0.0000, -761.7365, 455.8802, 0.0000, 86, 132, 70
L -761.7365, 455.8802, 0.0000, -757.5681, 458.9549, 0.0000, 86, 132, 70
L -757.5681, 458.9549, 0.0000, -755.9444, 463.4518, 0.0000, 86, 132, 70
L -776.6392, 479.1256, 0.0000, -776.6392, 492.6856, 0.0000, 62, 104, 56
L -993.2526, -597.7896, 0.0000, -993.2526, -607.4851, 0.0000, 62, 104, 56
L -1011.4320, -605.6672, 0.0000, -993.2526, -620.0592, 0.0000, 86, 132, 70
L -993.2526, -620.0592, 0.0000, -975.0734, -605.6672, 0.0000, 86, 132, 70
L -1011.4320, -605.6672, 0.0000, -975.0734, -605.6672, 0.0000, 86, 132, 70
L -1008.6142, -617.7868, 0.0000, -993.2526, -632.1787, 0.0000, 86, 132, 70
L -993.2526, -632.1787, 0.0000, -977.8912, -617.7868, 0.0000, 86, 132, 70
L -1008.6142, -617.7868, 0.0000, -977.8912, -617.7868, 0.0000, 86, 132, 70
L -1005.7964, -629.9064, 0.0000, -993.2526, -644.2984, 0.0000, 86, 132, 70
L -993.2526, -644.2984, 0.0000, -980.7090, -629.9064, 0.0000, 86, 132, 70
L -1005.7964, -629.9064, 0.0000, -980.7090, -629.9064, 0.0000, 86, 132, 70
L -1002.9786, -642.0259, 0.0000, -993.2526, -656.4179, 0.0000, 86, 132, 70
L -993.2526, -656.4179, 0.0000, -983.5268, -642.0259, 0.0000, 86, 132, 70
L -1002.9786, -642.0259, 0.0000, -983.5268, -642.0259, 0.0000, 86, 132, 70
L -742.7832, 916.8857, 0.0000, -742.7832, 908.6848, 0.0000, 62, 104, 56
L -758.1599, 910.2225, 0.0000, -742.7832, 898.0492, 0.0000, 86, 132, 70
L -742.7832, 898.0492, 0.0000, -727.4065, 910.2225, 0.0000, 86, 132, 70
L -758.1599, 910.2225, 0.0000, -727.4065, 910.2225, 0.0000, 86, 132, 70
L -755.7765, 899.9713, 0.0000, -742.7832, 887.7981, 0.0000, 86, 132, 70
L -742.7832, 887.7981, 0.0000, -729.7899, 899.9713, 0.0000, 86, 132, 70
L -755.7765, 899.9713, 0.0000, -729.7899, 899.9713, 0.0000, 86, 132, 70
L -753.3932, 889.7202, 0.0000, -742.7832, 877.5469, 0.0000, 86, 132, 70
L -742.7832, 877.5469, 0.0000, -732.1733, 889.7202, 0.0000, 86, 132, 70
L -753.3932, 889.7202, 0.0000, -732.1733, 889.7202, 0.0000, 86, 132, 70
L -751.0098, 879.4690, 0.0000, -742.7832, 867.2958, 0.0000, 86, 132, 70
L -742.7832, 867.2958, 0.0000, -734.5567, 879.4690, 0.0000, 86, 132, 70
L -751.0098, 879.4690, 0.0000, -734.5567, 879.4690, 0.0000, 86, 132, 70
L -1169.7322, -55.2378, 0.0000, -1169.7322, -65.7213, 0.0000, 62, 104, 56
L -1189.3889, -63.7556, 0.0000, -1169.7322, -79.3171, 0.0000, 86, 132, 70
L -1169.7322, -79.3171, 0.0000, -1150.0756, -63.7556, 0.0000, 86, 132, 70
L -1189.3889, -63.7556, 0.0000, -1150.0756, -63.7556, 0.0000, 86, 132, 70
L -1186.3421, -76.8600, 0.0000, -1169.7322, -92.4215, 0.0000, 86, 132, 70
L -1169.7322, -92.4215, 0.0000, -1153.1224, -76.8600, 0.0000, 86, 132, 70
L -1186.3421, -76.8600, 0.0000, -1153.1224, -76.8600, 0.0000, 86, 132, 70
L -1183.2953, -89.9645, 0.0000, -1169.7322, -105.5259, 0.0000, 86, 132, 70
L -1169.7322, -105.5259, 0.0000, -1156.1692, -89.9645, 0.0000, 86, 132, 70
L -1183.2953, -89.9645, 0.0000, -1156.1692, -89.9645, 0.0000, 86, 132, 70
L -1180.2485, -103.0689, 0.0000, -1169.7322, -118.6304, 0.0000, 86, 132, 70
L -1169.7322, -118.6304, 0.0000, -1159.2160, -103.0689, 0.0000, 86, 132, 70
L -1180.2485, -103.0689, 0.0000, -1159.2160, -103.0689, 0.0000, 86, 132, 70
L -963.7803, 776.6497, 0.0000, -963.7803, 766.2330, 0.0000, 62, 104, 56
L -983.3117, 768.1861, 0.0000, -963.7803, 752.7238, 0.0000, 86, 132, 70
L -963.7803, 752.7238, 0.0000, -944.2489, 768.1861, 0.0000, 86, 132, 70
L -983.3117, 768.1861, 0.0000, -944.2489, 768.1861, 0.0000, 86, 132, 70
L -980.2844, 755.1652, 0.0000, -963.7803, 739.7028, 0.0000, 86, 132, 70
L -963.7803, 739.7028, 0.0000, -947.2763, 755.1652, 0.0000, 86, 132, 70
L -980.2844, 755.1652, 0.0000, -947.2763, 755.1652, 0.0000, 86, 132, 70
L -977.2570, 742.1442, 0.0000, -963.7803, 726.6819, 0.0000, 86, 132, 70
L -963.7803, 726.6819, 0.0000, -950.3036, 742.1442, 0.0000, 86, 132, 70
L -977.2570, 742.1442, 0.0000, -950.3036, 742.1442, 0.0000, 86, 132, 70
L -974.2296, 729.1233, 0.0000, -963.7803, 713.6609, 0.0000, 86, 132, 70
L -963.7803, 713.6609, 0.0000, -953.3310, 729.1233, 0.0000, 86, 132, 70
L -974.2296, 729.1233, 0.0000, -953.3310, 729.1233, 0.0000, 86, 132, 70
L -125.2724, 1024.5212, 0.0000, -125.2724, 1012.6786, 0.0000, 62, 104, 56
L -147.4773, 1014.8991, 0.0000, -125.2724, 997.3202, 0.0000, 86, 132, 70
L -125.2724, 997.3202, 0.0000, -103.0675, 1014.8991, 0.0000, 86, 132, 70
L -147.4773, 1014.8991, 0.0000, -103.0675, 1014.8991, 0.0000, 86, 132, 70
L -144.0356, 1000.0958, 0.0000, -125.2724, 982.5169, 0.0000, 86, 132, 70
L -125.2724, 982.5169, 0.0000, -106.5092, 1000.0958, 0.0000, 86, 132, 70
L -144.0356, 1000.0958, 0.0000, -106.5092, 1000.0958, 0.0000, 86, 132, 70
L -140.5938, 985.2925, 0.0000, -125.2724, 967.7136, 0.0000, 86, 132, 70
L -125.2724, 967.7136, 0.0000, -109.9510, 985.2925, 0.0000, 86, 132, 70
L -140.5938, 985.2925, 0.0000, -109.9510, 985.2925, 0.0000, 86, 132, 70
L -137.1520, 970.4892, 0.0000, -125.2724, 952.9103, 0.0000, 86, 132, 70
L -125.2724, 952.9103, 0.0000, -113.3927, 970.4892, 0.0000, 86, 132, 70
L -137.1520, 970.4892, 0.0000, -113.3927, 970.4892, 0.0000, 86, 132, 70
L 314.7552, 376.3575, 0.0000, 311.0626, 380.7321, 0.0000, 86, 132, 70
L 311.0626, 380.7321, 0.0000, 308.9248, 384.6972, 0.0000, 86, 132, 70
L 308.9248, 384.6972, 0.0000, 308.1536, 390.1236, 0.0000, 86, 132, 70
L 308.1536, 390.1236, 0.0000, 302.8780, 392.1599, 0.0000, 86, 132, 70
L 302.8780, 392.1599, 0.0000, 297.2428, 391.8996, 0.0000, 86, 132, 70
L 297.2428, 391.8996, 0.0000, 292.5104, 394.7853, 0.0000, 86, 132, 70
L 292.5104, 394.7853, 0.0000, 286.8121, 395.0719, 0.0000, 86, 132, 70
L 286.8121, 395.0719, 0.0000, 283.1087, 390.6877, 0.0000, 86, 132, 70
L 283.1087, 390.6877, 0.0000, 278.7991, 388.4235, 0.0000, 86, 132, 70
L 278.7991, 388.4235, 0.0000, 273.1982, 386.1695, 0.0000, 86, 132, 70
L 273.1982, 386.1695, 0.0000, 272.9923, 380.9598, 0.0000, 86, 132, 70
L 272.9923, 380.9598, 0.0000, 274.1293, 376.3575, 0.0000, 86, 132, 70
L 274.1293, 376.3575, 0.0000, 271.8210, 371.4791, 0.0000, 86, 132, 70
L 271.8210, 371.4791, 0.0000, 273.7418, 366.8218, 0.0000, 86, 132, 70
L 273.7418, 366.8218, 0.0000, 279.4268, 364.8440, 0.0000, 86, 132, 70
L 279.4268, 364.8440, 0.0000, 282.5651, 361.1989, 0.0000, 86, 132, 70
L 282.5651, 361.1989, 0.0000, 286.7280, 357.3670, 0.0000, 86, 132, 70
L 286.7280, 357.3670, 0.0000, 292.5104, 359.0346, 0.0000, 86, 132, 70
L 292.5104, 359.0346, 0.0000, 297.3269, 360.5393, 0.0000, 86, 132, 70
L 297.3269, 360.5393, 0.0000, 303.4217, 359.7266, 0.0000, 86, 132, 70
L 303.4217, 359.7266, 0.0000, 307.5259, 363.1439, 0.0000, 86, 132, 70
L 307.5259, 363.1439, 0.0000, 308.3812, 368.2941, 0.0000, 86, 132, 70
L 308.3812, 368.2941, 0.0000, 312.2339, 371.7068, 0.0000, 86, 132, 70
L 312.2339, 371.7068, 0.0000, 314.7552, 376.3575, 0.0000, 86, 132, 70
L 292.5104, 393.0142, 0.0000, 292.5104, 407.4244, 0.0000, 62, 104, 56
L -75.9537, 221.0738, 0.0000, -79.3388, 225.5205, 0.0000, 86, 132, 70
L -79.3388, 225.5205, 0.0000, -78.9150, 230.8704, 0.0000, 86, 132, 70
L -78.9150, 230.8704, 0.0000, -81.5335, 235.7376, 0.0000, 86, 132, 70
L -81.5335, 235.7376, 0.0000, -88.1215, 236.4308, 0.0000, 86, 132, 70
L -88.1215, 236.4308, 0.0000, -92.8607, 238.5992, 0.0000, 86, 132, 70
L -92.8607, 238.5992, 0.0000, -98.1969, 242.0098, 0.0000, 86, 132, 70
L -98.1969, 242.0098, 0.0000, -103.8085, 239.5033, 0.0000, 86, 132, 70
L -103.8085, 239.5033, 0.0000, -107.9970, 236.0112, 0.0000, 86, 132, 70
L -107.9970, 236.0112, 0.0000, -114.3097, 235.2531, 0.0000, 86, 132, 70
L -114.3097, 235.2531, 0.0000, -118.3048, 231.2900, 0.0000, 86, 132, 70
L -118.3048, 231.2900, 0.0000, -117.3304, 225.5854, 0.0000, 86, 132, 70
L -117.3304, 225.5854, 0.0000, -119.3389, 221.0738, 0.0000, 86, 132, 70
L -119.3389, 221.0738, 0.0000, -121.2457, 215.6390, 0.0000, 86, 132, 70
L -121.2457, 215.6390, 0.0000, -116.4877, 211.7809, 0.0000, 86, 132, 70
L -116.4877, 211.7809, 0.0000, -112.2115, 208.7410, 0.0000, 86, 132, 70
L -112.2115, 208.7410, 0.0000, -109.8141, 203.3668, 0.0000, 86, 132, 70
L -109.8141, 203.3668, 0.0000, -104.0896, 201.7211, 0.0000, 86, 132, 70
L -104.0896, 201.7211, 0.0000, -98.1969, 203.8308, 0.0000, 86, 132, 70
L -98.1969, 203.8308, 0.0000, -92.5796, 202.6253, 0.0000, 86, 132, 70
L -92.5796, 202.6253, 0.0000, -86.3044, 202.9472, 0.0000, 86, 132, 70
L -86.3044, 202.9472, 0.0000, -83.6318, 208.2565, 0.0000, 86, 132, 70
L -83.6318, 208.2565, 0.0000, -80.7321, 212.2005, 0.0000, 86, 132, 70
L -80.7321, 212.2005, 0.0000, -75.4235, 215.7040, 0.0000, 86, 132, 70
L -75.4235, 215.7040, 0.0000, -75.9537, 221.0738, 0.0000, 86, 132, 70
L -98.1969, 238.8618, 0.0000, -98.1969, 254.2508, 0.0000, 62, 104, 56
L 384.7905, -862.6681, 0.0000, 384.4094, -858.1464, 0.0000, 86, 132, 70
L 384.4094, -858.1464, 0.0000, 385.1331, -852.5573, 0.0000, 86, 132, 70
L 385.1331, -852.5573, 0.0000, 380.1283, -849.5601, 0.0000, 86, 132, 70
L 380.1283, -849.5601, 0.0000, 374.6978, -848.2415, 0.0000, 86, 132, 70
L 374.6978, -848.2415, 0.0000, 370.9136, -844.0112, 0.0000, 86, 132, 70
L 370.9136, -844.0112, 0.0000, 365.2328, -842.8491, 0.0000, 86, 132, 70
L 365.2328, -842.8491, 0.0000, 360.2619, -846.3424, 0.0000, 86, 132, 70
L 360.2619, -846.3424, 0.0000, 355.0580, -847.1595, 0.0000, 86, 132, 70
L 355.0580, -847.1595, 0.0000, 348.9177, -848.3107, 0.0000, 86, 132, 70
L 348.9177, -848.3107, 0.0000, 347.4620, -853.6393, 0.0000, 86, 132, 70
L 347.4620, -853.6393, 0.0000, 346.7662, -858.3137, 0.0000, 86, 132, 70
L 346.7662, -858.3137, 0.0000, 342.8358, -862.6681, 0.0000, 86, 132, 70
L 342.8358, -862.6681, 0.0000, 343.8843, -867.7019, 0.0000, 86, 132, 70
L 343.8843, -867.7019, 0.0000, 348.7994, -871.0173, 0.0000, 86, 132, 70
L 348.7994, -871.0173, 0.0000, 350.4620, -875.6664, 0.0000, 86, 132, 70
L 350.4620, -875.6664, 0.0000, 353.7205, -880.2151, 0.0000, 86, 132, 70
L 353.7205, -880.2151, 0.0000, 360.0550, -879.6732, 0.0000, 86, 132, 70
L 360.0550, -879.6732, 0.0000, 365.2328, -879.7690, 0.0000, 86, 132, 70
L 365.2328, -879.7690, 0.0000, 371.1205, -882.0044, 0.0000, 86, 132, 70
L 371.1205, -882.0044, 0.0000, 376.0352, -879.1332, 0.0000, 86, 132, 70
L 376.0352, -879.1332, 0.0000, 378.5840, -874.4171, 0.0000, 86, 132, 70
L 378.5840, -874.4171, 0.0000, 383.7957, -872.0993, 0.0000, 86, 132, 70
L 383.7957, -872.0993, 0.0000, 387.2911, -867.8694, 0.0000, 86, 132, 70
L 387.2911, -867.8694, 0.0000, 384.7905, -862.6681, 0.0000, 86, 132, 70
L 365.2328, -845.4667, 0.0000, 365.2328, -830.5851, 0.0000, 62, 104, 56
L -976.6617, 258.0644, 0.0000, -976.6617, 246.5738, 0.0000, 62, 104, 56
L -998.2065, 248.7283, 0.0000, -976.6617, 231.6720, 0.0000, 86, 132, 70
L -976.6617, 231.6720, 0.0000, -955.1169, 248.7283, 0.0000, 86, 132, 70
L -998.2065, 248.7283, 0.0000, -955.1169, 248.7283, 0.0000, 86, 132, 70
L -994.8671, 234.3651, 0.0000, -976.6617, 217.3088, 0.0000, 86, 132, 70
L -976.6617, 217.3088, 0.0000, -958.4564, 234.3651, 0.0000, 86, 132, 70
L -994.8671, 234.3651, 0.0000, -958.4564, 234.3651, 0.0000, 86, 132, 70
L -991.5276, 220.0019, 0.0000, -976.6617, 202.9456, 0.0000, 86, 132, 70
L -976.6617, 202.9456, 0.0000, -961.7958, 220.0019, 0.0000, 86, 132, 70
L -991.5276, 220.0019, 0.0000, -961.7958, 220.0019, 0.0000, 86, 132, 70
L -988.1882, 205.6387, 0.0000, -976.6617, 188.5824, 0.0000, 86, 132, 70
L -976.6617, 188.5824, 0.0000, -965.1353, 205.6387, 0.0000, 86, 132, 70
L -988.1882, 205.6387, 0.0000, -965.1353, 205.6387, 0.0000, 86, 132, 70
L -37.8613, 893.6462, 0.0000, -37.8613, 882.2215, 0.0000, 62, 104, 56
L -59.2826, 884.3636, 0.0000, -37.8613, 867.4051, 0.0000, 86, 132, 70
L -37.8613, 867.4051, 0.0000, -16.4400, 884.3636, 0.0000, 86, 132, 70
L -59.2826, 884.3636, 0.0000, -16.4400, 884.3636, 0.0000, 86, 132, 70
L -55.9623, 870.0827, 0.0000, -37.8613, 853.1242, 0.0000, 86, 132, 70
L -37.8613, 853.1242, 0.0000, -19.7603, 870.0827, 0.0000, 86, 132, 70
L -55.9623, 870.0827, 0.0000, -19.7603, 870.0827, 0.0000, 86, 132, 70
L -52.6420, 855.8019, 0.0000, -37.8613, 838.8433, 0.0000, 86, 132, 70
L -37.8613, 838.8433, 0.0000, -23.0806, 855.8019, 0.0000, 86, 132, 70
L -52.6420, 855.8019, 0.0000, -23.0806, 855.8019, 0.0000, 86, 132, 70
L -49.3217, 841.5210, 0.0000, -37.8613, 824.5625, 0.0000, 86, 132, 70
L -37.8613, 824.5625, 0.0000, -26.4009, 841.5210, 0.0000, 86, 132, 70
L -49.3217, 841.5210, 0.0000, -26.4009, 841.5210, 0.0000, 86, 132, 70
L -763.5029, -277.6265, 0.0000, -763.5029, -287.1948, 0.0000, 62, 104, 56
L -781.4436, -285.4008, 0.0000, -763.5029, -299.6038, 0.0000, 86, 132, 70
L -763.5029, -299.6038, 0.0000, -745.5622, -285.4008, 0.0000, 86, 132, 70
L -781.4436, -285.4008, 0.0000, -745.5622, -285.4008, 0.0000, 86, 132, 70
L -778.6628, -297.3612, 0.0000, -763.5029, -311.5642, 0.0000, 86, 132, 70
L -763.5029, -311.5642, 0.0000, -748.3430, -297.3612, 0.0000, 86, 132, 70
L -778.6628, -297.3612, 0.0000, -748.3430, -297.3612, 0.0000, 86, 132, 70
L -775.8820, -309.3217, 0.0000, -763.5029, -323.5247, 0.0000, 86, 132, 70
L -763.5029, -323.5247, 0.0000, -751.1238, -309.3217, 0.0000, 86, 132, 70
L -775.8820, -309.3217, 0.0000, -751.1238, -309.3217, 0.0000, 86, 132, 70
L -773.1012, -321.2821, 0.0000, -763.5029, -335.4851, 0.0000, 86, 132, 70
L -763.5029, -335.4851, 0.0000, -753.9046, -321.2821, 0.0000, 86, 132, 70
L -773.1012, -321.2821, 0.0000, -753.9046, -321.2821, 0.0000, 86, 132, 70
L 605.2496, -140.9446, 0.0000, 601.4678, -135.7781, 0.0000, 86, 132, 70
L 601.4678, -135.7781, 0.0000, 598.0658, -131.5407, 0.0000, 86, 132, 70
L 598.0658, -131.5407, 0.0000, 597.2770, -125.3508, 0.0000, 86, 132, 70
L 597.2770, -125.3508, 0.0000, 591.7882, -122.3014, 0.0000, 86, 132, 70
L 591.7882, -122.3014, 0.0000, 585.0138, -123.0227, 0.0000, 86, 132, 70
L 585.0138, -123.0227, 0.0000, 579.5568, -120.3258, 0.0000, 86, 132, 70
L 579.5568, -120.3258, 0.0000, 572.9325, -119.1889, 0.0000, 86, 132, 70
L 572.9325, -119.1889, 0.0000, 568.4928, -124.0807, 0.0000, 86, 132, 70
L 568.4928, -124.0807, 0.0000, 564.1713, -127.4053, 0.0000, 86, 132, 70
L 564.1713, -127.4053, 0.0000, 557.5458, -129.7615, 0.0000, 86, 132, 70
L 557.5458, -129.7615, 0.0000, 556.4785, -135.5028, 0.0000, 86, 132, 70
L 556.4785, -135.5028, 0.0000, 558.5334, -140.9446, 0.0000, 86, 132, 70
L 558.5334, -140.9446, 0.0000, 556.3435, -146.4182, 0.0000, 86, 132, 70
L 556.3435, -146.4182, 0.0000, 557.6085, -152.0958, 0.0000, 86, 132, 70
L 557.6085, -152.0958, 0.0000, 564.2437, -154.4201, 0.0000, 86, 132, 70
L 564.2437, -154.4201, 0.0000, 568.4301, -157.9039, 0.0000, 86, 132, 70
L 568.4301, -157.9039, 0.0000, 572.9228, -162.7321, 0.0000, 86, 132, 70
L 572.9228, -162.7321, 0.0000, 579.5568, -161.4360, 0.0000, 86, 132, 70
L 579.5568, -161.4360, 0.0000, 585.0235, -158.8983, 0.0000, 86, 132, 70
L 585.0235, -158.8983, 0.0000, 591.8509, -159.6832, 0.0000, 86, 132, 70
L 591.8509, -159.6832, 0.0000, 597.2046, -156.4747, 0.0000, 86, 132, 70
L 597.2046, -156.4747, 0.0000, 598.0032, -150.3166, 0.0000, 86, 132, 70
L 598.0032, -150.3166, 0.0000, 601.6028, -146.1429, 0.0000, 86, 132, 70
L 601.6028, -146.1429, 0.0000, 605.2496, -140.9446, 0.0000, 86, 132, 70
L 579.5568, -121.7910, 0.0000, 579.5568, -105.2205, 0.0000, 62, 104, 56
L 586.1300, 898.3262, 0.0000, 581.5597, 903.6013, 0.0000, 86, 132, 70
L 581.5597, 903.6013, 0.0000, 581.3439, 909.5828, 0.0000, 86, 132, 70
L 581.3439, 909.5828, 0.0000, 579.0652, 915.8180, 0.0000, 86, 132, 70
L 579.0652, 915.8180, 0.0000, 571.3780, 916.9060, 0.0000, 86, 132, 70
L 571.3780, 916.9060, 0.0000, 565.3439, 918.5427, 0.0000, 86, 132, 70
L 565.3439, 918.5427, 0.0000, 559.1882, 922.8104, 0.0000, 86, 132, 70
L 559.1882, 922.8104, 0.0000, 552.3740, 920.7055, 0.0000, 86, 132, 70
L 552.3740, 920.7055, 0.0000, 547.6568, 915.9023, 0.0000, 86, 132, 70
L 547.6568, 915.9023, 0.0000, 540.6282, 914.6590, 0.0000, 86, 132, 70
L 540.6282, 914.6590, 0.0000, 535.0568, 910.5866, 0.0000, 86, 132, 70
L 535.0568, 910.5866, 0.0000, 536.1581, 903.7566, 0.0000, 86, 132, 70
L 536.1581, 903.7566, 0.0000, 534.8804, 898.3262, 0.0000, 86, 132, 70
L 534.8804, 898.3262, 0.0000, 532.0564, 891.9287, 0.0000, 86, 132, 70
L 532.0564, 891.9287, 0.0000, 536.9605, 887.0330, 0.0000, 86, 132, 70
L 536.9605, 887.0330, 0.0000, 542.8263, 883.9278, 0.0000, 86, 132, 70
L 542.8263, 883.9278, 0.0000, 545.7532, 877.8486, 0.0000, 86, 132, 70
L 545.7532, 877.8486, 0.0000, 552.0795, 874.9798, 0.0000, 86, 132, 70
L 552.0795, 874.9798, 0.0000, 559.1882, 877.7107, 0.0000, 86, 132, 70
L 559.1882, 877.7107, 0.0000, 565.6383, 877.1425, 0.0000, 86, 132, 70
L 565.6383, 877.1425, 0.0000, 573.2816, 876.8449, 0.0000, 86, 132, 70
L 573.2816, 876.8449, 0.0000, 576.8671, 882.7687, 0.0000, 86, 132, 70
L 576.8671, 882.7687, 0.0000, 579.4403, 888.0367, 0.0000, 86, 132, 70
L 579.4403, 888.0367, 0.0000, 585.6614, 892.0839, 0.0000, 86, 132, 70
L 585.6614, 892.0839, 0.0000, 586.1300, 898.3262, 0.0000, 86, 132, 70
L 559.1882, 919.3385, 0.0000, 559.1882, 937.5171, 0.0000, 62, 104, 56
L 616.2030, 88.2422, 0.0000, 614.8177, 92.9378, 0.0000, 86, 132, 70
L 614.8177, 92.9378, 0.0000, 615.8139, 98.8659, 0.0000, 86, 132, 70
L 615.8139, 98.8659, 0.0000, 611.1682, 102.5547, 0.0000, 86, 132, 70
L 611.1682, 102.5547, 0.0000, 604.9363, 103.5334, 0.0000, 86, 132, 70
L 604.9363, 103.5334, 0.0000, 600.7865, 107.5615, 0.0000, 86, 132, 70
L 600.7865, 107.5615, 0.0000, 594.9040, 109.6138, 0.0000, 86, 132, 70
L 594.9040, 109.6138, 0.0000, 589.5165, 105.9360, 0.0000, 86, 132, 70
L 589.5165, 105.9360, 0.0000, 584.3769, 104.2878, 0.0000, 86, 132, 70
L 584.3769, 104.2878, 0.0000, 577.6500, 103.4258, 0.0000, 86, 132, 70
L 577.6500, 103.4258, 0.0000, 575.4790, 98.1115, 0.0000, 86, 132, 70
L 575.4790, 98.1115, 0.0000, 575.4853, 92.8210, 0.0000, 86, 132, 70
L 575.4853, 92.8210, 0.0000, 571.6253, 88.2422, 0.0000, 86, 132, 70
L 571.6253, 88.2422, 0.0000, 571.7589, 82.7847, 0.0000, 86, 132, 70
L 571.7589, 82.7847, 0.0000, 577.2084, 79.2516, 0.0000, 86, 132, 70
L 577.2084, 79.2516, 0.0000, 579.6470, 74.8160, 0.0000, 86, 132, 70
L 579.6470, 74.8160, 0.0000, 582.6474, 69.5606, 0.0000, 86, 132, 70
L 582.6474, 69.5606, 0.0000, 589.2489, 69.6697, 0.0000, 86, 132, 70
L 589.2489, 69.6697, 0.0000, 594.9040, 70.3854, 0.0000, 86, 132, 70
L 594.9040, 70.3854, 0.0000, 601.0541, 68.0442, 0.0000, 86, 132, 70
L 601.0541, 68.0442, 0.0000, 606.6657, 70.3150, 0.0000, 86, 132, 70
L 606.6657, 70.3150, 0.0000, 609.1712, 75.6871, 0.0000, 86, 132, 70
L 609.1712, 75.6871, 0.0000, 614.0845, 78.4973, 0.0000, 86, 132, 70
L 614.0845, 78.4973, 0.0000, 618.5442, 82.6680, 0.0000, 86, 132, 70
L 618.5442, 82.6680, 0.0000, 616.2030, 88.2422, 0.0000, 86, 132, 70
L 594.9040, 106.5191, 0.0000, 594.9040, 122.3311, 0.0000, 62, 104, 56
L -928.7779, 328.5582, 0.0000, -926.7613, 334.3960, 0.0000, 86, 132, 70
L -926.7613, 334.3960, 0.0000, -927.6483, 340.6862, 0.0000, 86, 132, 70
L -927.6483, 340.6862, 0.0000, -934.7795, 343.2890, 0.0000, 86, 132, 70
L -934.7795, 343.2890, 0.0000, -939.6418, 346.6616, 0.0000, 86, 132, 70
L -939.6418, 346.6616, 0.0000, -944.3749, 352.0210, 0.0000, 86, 132, 70
L -944.3749, 352.0210, 0.0000, -951.5191, 351.0242, 0.0000, 86, 132, 70
L -951.5191, 351.0242, 0.0000, -957.4084, 347.8999, 0.0000, 86, 132, 70
L -957.4084, 347.8999, 0.0000, -964.6512, 348.5742, 0.0000, 86, 132, 70
L -964.6512, 348.5742, 0.0000, -970.7683, 345.4975, 0.0000, 86, 132, 70
L -970.7683, 345.4975, 0.0000, -971.6254, 338.7736, 0.0000, 86, 132, 70
L -971.6254, 338.7736, 0.0000, -975.0220, 334.1001, 0.0000, 86, 132, 70
L -975.0220, 334.1001, 0.0000, -979.2795, 328.5582, 0.0000, 86, 132, 70
L -979.2795, 328.5582, 0.0000, -975.5421, 322.8937, 0.0000, 86, 132, 70
L -975.5421, 322.8937, 0.0000, -971.3840, 318.4655, 0.0000, 86, 132, 70
L -971.3840, 318.4655, 0.0000, -970.4895, 311.8642, 0.0000, 86, 132, 70
L -970.4895, 311.8642, 0.0000, -964.8926, 308.1742, 0.0000, 86, 132, 70
L -964.8926, 308.1742, 0.0000, -957.4457, 309.0939, 0.0000, 86, 132, 70
L -957.4457, 309.0939, 0.0000, -951.5191, 306.5828, 0.0000, 86, 132, 70
L -951.5191, 306.5828, 0.0000, -944.3376, 304.9728, 0.0000, 86, 132, 70
L -944.3376, 304.9728, 0.0000, -939.4004, 310.0868, 0.0000, 86, 132, 70
L -939.4004, 310.0868, 0.0000, -935.0582, 314.0727, 0.0000, 86, 132, 70
L -935.0582, 314.0727, 0.0000, -927.8897, 316.5529, 0.0000, 86, 132, 70
L -927.8897, 316.5529, 0.0000, -926.2412, 322.5978, 0.0000, 86, 132, 70
L -926.2412, 322.5978, 0.0000, -928.7779, 328.5582, 0.0000, 86, 132, 70
L -951.5191, 349.2638, 0.0000, -951.5191, 367.1771, 0.0000, 62, 104, 56
L 236.1981, 767.7356, 0.0000, 236.1981, 756.2657, 0.0000, 62, 104, 56
L 214.6921, 758.4163, 0.0000, 236.1981, 741.3907, 0.0000, 86, 132, 70
L 236.1981, 741.3907, 0.0000, 257.7041, 758.4163, 0.0000, 86, 132, 70
L 214.6921, 758.4163, 0.0000, 257.7041, 758.4163, 0.0000, 86, 132, 70
L 218.0255, 744.0790, 0.0000, 236.1981, 727.0534, 0.0000, 86, 132, 70
L 236.1981, 727.0534, 0.0000, 254.3707, 744.0790, 0.0000, 86, 132, 70
L 218.0255, 744.0790, 0.0000, 254.3707, 744.0790, 0.0000, 86, 132, 70
L 221.3589, 729.7417, 0.0000, 236.1981, 712.7160, 0.0000, 86, 132, 70
L 236.1981, 712.7160, 0.0000, 251.0372, 729.7417, 0.0000, 86, 132, 70
L 221.3589, 729.7417, 0.0000, 251.0372, 729.7417, 0.0000, 86, 132, 70
L 224.6924, 715.4043, 0.0000, 236.1981, 698.3787, 0.0000, 86, 132, 70
L 236.1981, 698.3787, 0.0000, 247.7038, 715.4043, 0.0000, 86, 132, 70
L 224.6924, 715.4043, 0.0000, 247.7038, 715.4043, 0.0000, 86, 132, 70
L 236.5598, -367.1325, 0.0000, 236.5598, -377.5658, 0.0000, 62, 104, 56
L 216.9974, -375.6095, 0.0000, 236.5598, -391.0964, 0.0000, 86, 132, 70
L 236.5598, -391.0964, 0.0000, 256.1222, -375.6095, 0.0000, 86, 132, 70
L 216.9974, -375.6095, 0.0000, 256.1222, -375.6095, 0.0000, 86, 132, 70
L 220.0296, -388.6511, 0.0000, 236.5598, -404.1380, 0.0000, 86, 132, 70
L 236.5598, -404.1380, 0.0000, 253.0900, -388.6511, 0.0000, 86, 132, 70
L 220.0296, -388.6511, 0.0000, 253.0900, -388.6511, 0.0000, 86, 132, 70
L 223.0618, -401.6927, 0.0000, 236.5598, -417.1796, 0.0000, 86, 132, 70
L 236.5598, -417.1796, 0.0000, 250.0578, -401.6927, 0.0000, 86, 132, 70
L 223.0618, -401.6927, 0.0000, 250.0578, -401.6927, 0.0000, 86, 132, 70
L 226.0939, -414.7343, 0.0000, 236.5598, -430.2212, 0.0000, 86, 132, 70
L 236.5598, -430.2212, 0.0000, 247.0257, -414.7343, 0.0000, 86, 132, 70
L 226.0939, -414.7343, 0.0000, 247.0257, -414.7343, 0.0000, 86, 132, 70
L 609.0249, -274.3190, 0.0000, 609.0249, -286.0528, 0.0000, 62, 104, 56
L 587.0240, -283.8528, 0.0000, 609.0249, -301.2701, 0.0000, 86, 132, 70
L 609.0249, -301.2701, 0.0000, 631.0257, -283.8528, 0.0000, 86, 132, 70
L 587.0240, -283.8528, 0.0000, 631.0257, -283.8528, 0.0000, 86, 132, 70
L 590.4341, -298.5200, 0.0000, 609.0249, -315.9373, 0.0000, 86, 132, 70
L 609.0249, -315.9373, 0.0000, 627.6156, -298.5200, 0.0000, 86, 132, 70
L 590.4341, -298.5200, 0.0000, 627.6156, -298.5200, 0.0000, 86, 132, 70
L 593.8443, -313.1872, 0.0000, 609.0249, -330.6046, 0.0000, 86, 132, 70
L 609.0249, -330.6046, 0.0000, 624.2055, -313.1872, 0.0000, 86, 132, 70
L 593.8443, -313.1872, 0.0000, 624.2055, -313.1872, 0.0000, 86, 132, 70
L 597.2544, -327.8545, 0.0000, 609.0249, -345.2718, 0.0000, 86, 132, 70
L 609.0249, -345.2718, 0.0000, 620.7953, -327.8545, 0.0000, 86, 132, 70
L 597.2544, -327.8545, 0.0000, 620.7953, -327.8545, 0.0000, 86, 132, 70
L -1088.2627, -380.5235, 0.0000, -1090.0697, -376.9212, 0.0000, 86, 132, 70
L -1090.0697, -376.9212, 0.0000, -1089.3155, -372.3783, 0.0000, 86, 132, 70
L -1089.3155, -372.3783, 0.0000, -1092.3473, -369.0836, 0.0000, 86, 132, 70
L -1092.3473, -369.0836, 0.0000, -1097.4696, -368.5166, 0.0000, 86, 132, 70
L -1097.4696, -368.5166, 0.0000, -1100.8842, -365.8664, 0.0000, 86, 132, 70
L -1100.8842, -365.8664, 0.0000, -1105.3471, -363.7133, 0.0000, 86, 132, 70
L -1105.3471, -363.7133, 0.0000, -1109.6569, -366.3692, 0.0000, 86, 132, 70
L -1109.6569, -366.3692, 0.0000, -1113.3777, -368.2832, 0.0000, 86, 132, 70
L -1113.3777, -368.2832, 0.0000, -1118.6532, -368.8141, 0.0000, 86, 132, 70
L -1118.6532, -368.8141, 0.0000, -1120.9194, -372.6117, 0.0000, 86, 132, 70
L -1120.9194, -372.6117, 0.0000, -1120.4714, -376.9573, 0.0000, 86, 132, 70
L -1120.4714, -376.9573, 0.0000, -1123.0439, -380.5235, 0.0000, 86, 132, 70
L -1123.0439, -380.5235, 0.0000, -1123.6658, -384.8429, 0.0000, 86, 132, 70
L -1123.6658, -384.8429, 0.0000, -1119.4369, -387.6820, 0.0000, 86, 132, 70
L -1119.4369, -387.6820, 0.0000, -1116.9413, -390.7263, 0.0000, 86, 132, 70
L -1116.9413, -390.7263, 0.0000, -1114.8602, -395.0234, 0.0000, 86, 132, 70
L -1114.8602, -395.0234, 0.0000, -1109.8862, -395.4310, 0.0000, 86, 132, 70
L -1109.8862, -395.4310, 0.0000, -1105.3471, -394.3207, 0.0000, 86, 132, 70
L -1105.3471, -394.3207, 0.0000, -1100.6549, -395.9338, 0.0000, 86, 132, 70
L -1100.6549, -395.9338, 0.0000, -1095.9871, -394.7901, 0.0000, 86, 132, 70
L -1095.9871, -394.7901, 0.0000, -1094.0591, -390.4569, 0.0000, 86, 132, 70
L -1094.0591, -390.4569, 0.0000, -1090.7980, -387.9154, 0.0000, 86, 132, 70
L -1090.7980, -387.9154, 0.0000, -1086.8753, -384.8790, 0.0000, 86, 132, 70
L -1086.8753, -384.8790, 0.0000, -1088.2627, -380.5235, 0.0000, 86, 132, 70
L -1105.3471, -366.2632, 0.0000, -1105.3471, -353.9261, 0.0000, 62, 104, 56
L -331.1063, 909.8706, 0.0000, -330.1184, 914.7446, 0.0000, 86, 132, 70
L -330.1184, 914.7446, 0.0000, -330.1469, 920.3580, 0.0000, 86, 132, 70
L -330.1469, 920.3580, 0.0000, -336.0404, 922.8491, 0.0000, 86, 132, 70
L -336.0404, 922.8491, 0.0000, -340.8071, 925.0845, 0.0000, 86, 132, 70
L -340.8071, 925.0845, 0.0000, -344.7313, 929.7641, 0.0000, 86, 132, 70
L -344.7313, 929.7641, 0.0000, -350.7886, 929.6855, 0.0000, 86, 132, 70
L -350.7886, 929.6855, 0.0000, -355.8447, 926.4758, 0.0000, 86, 132, 70
L -355.8447, 926.4758, 0.0000, -361.7714, 926.6106, 0.0000, 86, 132, 70
L -361.7714, 926.6106, 0.0000, -367.5394, 924.6113, 0.0000, 86, 132, 70
L -367.5394, 924.6113, 0.0000, -368.4266, 918.8319, 0.0000, 86, 132, 70
L -368.4266, 918.8319, 0.0000, -370.4576, 914.5085, 0.0000, 86, 132, 70
L -370.4576, 914.5085, 0.0000, -374.4760, 909.8706, 0.0000, 86, 132, 70
L -374.4760, 909.8706, 0.0000, -372.0102, 904.8667, 0.0000, 86, 132, 70
L -372.0102, 904.8667, 0.0000, -367.7061, 901.2754, 0.0000, 86, 132, 70
L -367.7061, 901.2754, 0.0000, -366.7073, 895.8621, 0.0000, 86, 132, 70
L -366.7073, 895.8621, 0.0000, -362.4920, 892.0324, 0.0000, 86, 132, 70
L -362.4920, 892.0324, 0.0000, -355.9562, 892.8993, 0.0000, 86, 132, 70
L -355.9562, 892.8993, 0.0000, -350.7886, 891.5202, 0.0000, 86, 132, 70
L -350.7886, 891.5202, 0.0000, -344.6198, 889.6110, 0.0000, 86, 132, 70
L -344.6198, 889.6110, 0.0000, -340.0866, 893.5585, 0.0000, 86, 132, 70
L -340.0866, 893.5585, 0.0000, -336.8724, 897.6244, 0.0000, 86, 132, 70
L -336.8724, 897.6244, 0.0000, -330.8674, 899.7493, 0.0000, 86, 132, 70
L -330.8674, 899.7493, 0.0000, -328.5658, 904.6306, 0.0000, 86, 132, 70
L -328.5658, 904.6306, 0.0000, -331.1063, 909.8706, 0.0000, 86, 132, 70
L -350.7886, 927.6522, 0.0000, -350.7886, 943.0356, 0.0000, 62, 104, 56
L 447.0454, 185.8867, 0.0000, 449.6492, 191.1267, 0.0000, 86, 132, 70
L 449.6492, 191.1267, 0.0000, 446.7284, 195.6934, 0.0000, 86, 132, 70
L 446.7284, 195.6934, 0.0000, 441.0540, 197.8790, 0.0000, 86, 132, 70
L 441.0540, 197.8790, 0.0000, 438.2024, 202.3116, 0.0000, 86, 132, 70
L 438.2024, 202.3116, 0.0000, 433.4795, 205.7666, 0.0000, 86, 132, 70
L 433.4795, 205.7666, 0.0000, 427.4263, 203.6256, 0.0000, 86, 132, 70
L 427.4263, 203.6256, 0.0000, 422.2515, 202.8820, 0.0000, 86, 132, 70
L 422.2515, 202.8820, 0.0000, 415.7719, 203.6504, 0.0000, 86, 132, 70
L 415.7719, 203.6504, 0.0000, 412.0420, 199.4249, 0.0000, 86, 132, 70
L 412.0420, 199.4249, 0.0000, 410.7593, 194.3547, 0.0000, 86, 132, 70
L 410.7593, 194.3547, 0.0000, 406.0818, 190.9196, 0.0000, 86, 132, 70
L 406.0818, 190.9196, 0.0000, 404.2939, 185.8867, 0.0000, 86, 132, 70
L 404.2939, 185.8867, 0.0000, 408.3544, 181.3896, 0.0000, 86, 132, 70
L 408.3544, 181.3896, 0.0000, 409.7045, 176.8828, 0.0000, 86, 132, 70
L 409.7045, 176.8828, 0.0000, 410.8241, 171.2767, 0.0000, 86, 132, 70
L 410.8241, 171.2767, 0.0000, 416.8266, 169.7305, 0.0000, 86, 132, 70
L 416.8266, 169.7305, 0.0000, 422.4146, 169.4272, 0.0000, 86, 132, 70
L 422.4146, 169.4272, 0.0000, 427.4263, 166.0042, 0.0000, 86, 132, 70
L 427.4263, 166.0042, 0.0000, 433.3164, 166.5425, 0.0000, 86, 132, 70
L 433.3164, 166.5425, 0.0000, 437.1477, 171.0693, 0.0000, 86, 132, 70
L 437.1477, 171.0693, 0.0000, 442.2719, 172.8226, 0.0000, 86, 132, 70
L 442.2719, 172.8226, 0.0000, 447.7832, 175.5440, 0.0000, 86, 132, 70
L 447.7832, 175.5440, 0.0000, 447.3766, 181.1825, 0.0000, 86, 132, 70
L 447.3766, 181.1825, 0.0000, 447.0454, 185.8867, 0.0000, 86, 132, 70
L 427.4263, 203.4148, 0.0000, 427.4263, 218.5790, 0.0000, 62, 104, 56
L -303.5094, 933.5491, 0.0000, -303.5094, 924.4078, 0.0000, 62, 104, 56
L -320.6492, 926.1218, 0.0000, -303.5094, 912.5528, 0.0000, 86, 132, 70
L -303.5094, 912.5528, 0.0000, -286.3696, 926.1218, 0.0000, 86, 132, 70
L -320.6492, 926.1218, 0.0000, -286.3696, 926.1218, 0.0000, 86, 132, 70
L -317.9925, 914.6953, 0.0000, -303.5094, 901.1263, 0.0000, 86, 132, 70
L -303.5094, 901.1263, 0.0000, -289.0263, 914.6953, 0.0000, 86, 132, 70
L -317.9925, 914.6953, 0.0000, -289.0263, 914.6953, 0.0000, 86, 132, 70
L -315.3359, 903.2688, 0.0000, -303.5094, 889.6998, 0.0000, 86, 132, 70
L -303.5094, 889.6998, 0.0000, -291.6829, 903.2688, 0.0000, 86, 132, 70
L -315.3359, 903.2688, 0.0000, -291.6829, 903.2688, 0.0000, 86, 132, 70
L -312.6792, 891.8422, 0.0000, -303.5094, 878.2732, 0.0000, 86, 132, 70
L -303.5094, 878.2732, 0.0000, -294.3396, 891.8422, 0.0000, 86, 132, 70
L -312.6792, 891.8422, 0.0000, -294.3396, 891.8422, 0.0000, 86, 132, 70
L 362.5536, -463.1954, 0.0000, 362.5536, -473.9189, 0.0000, 62, 104, 56
L 342.4469, -471.9082, 0.0000, 362.5536, -487.8260, 0.0000, 86, 132, 70
L 362.5536, -487.8260, 0.0000, 382.6602, -471.9082, 0.0000, 86, 132, 70
L 342.4469, -471.9082, 0.0000, 382.6602, -471.9082, 0.0000, 86, 132, 70
L 345.5635, -485.3127, 0.0000, 362.5536, -501.2304, 0.0000, 86, 132, 70
L 362.5536, -501.2304, 0.0000, 379.5437, -485.3127, 0.0000, 86, 132, 70
L 345.5635, -485.3127, 0.0000, 379.5437, -485.3127, 0.0000, 86, 132, 70
L 285.4823, -519.2110, 0.0000, 297.9569, -533.5236, 0.0000, 86, 132, 70
L 297.9569, -533.5236, 0.0000, 310.4315, -519.2110, 0.0000, 86, 132, 70
L 348.6800, -498.7171, 0.0000, 376.4271, -498.7171, 0.0000, 86, 132, 70
L 288.2846, -531.2637, 0.0000, 297.9569, -545.5764, 0.0000, 86, 132, 70
L 297.9569, -545.5764, 0.0000, 307.6292, -531.2637, 0.0000, 86, 132, 70
L 288.2846, -531.2637, 0.0000, 307.6292, -531.2637, 0.0000, 86, 132, 70
L -616.6336, 745.0128, 0.0000, -620.1923, 749.0457, 0.0000, 86, 132, 70
L -620.1923, 749.0457, 0.0000, -621.7740, 752.8989, 0.0000, 86, 132, 70
L -621.7740, 752.8989, 0.0000, -622.6117, 757.9347, 0.0000, 86, 132, 70
L -622.6117, 757.9347, 0.0000, -627.7565, 759.5523, 0.0000, 86, 132, 70
L -627.7565, 759.5523, 0.0000, -632.8676, 759.5554, 0.0000, 86, 132, 70
L -632.8676, 759.5554, 0.0000, -637.2957, 762.4511, 0.0000, 86, 132, 70
L -637.2957, 762.4511, 0.0000, -642.5715, 762.3397, 0.0000, 86, 132, 70
L -642.5715, 762.3397, 0.0000, -645.9870, 758.2601, 0.0000, 86, 132, 70
L -645.9870, 758.2601, 0.0000, -650.2841, 756.4426, 0.0000, 86, 132, 70
L -650.2841, 756.4426, 0.0000, -655.3607, 754.1911, 0.0000, 86, 132, 70
L -655.3607, 754.1911, 0.0000, -655.2468, 749.2456, 0.0000, 86, 132, 70
L -655.2468, 749.2456, 0.0000, -654.5665, 745.0128, 0.0000, 86, 132, 70
L -654.5665, 745.0128, 0.0000, -656.8326, 740.4061, 0.0000, 86, 132, 70
L -656.8326, 740.4061, 0.0000, -654.6248, 736.2084, 0.0000, 86, 132, 70
L -654.6248, 736.2084, 0.0000, -649.4342, 734.3308, 0.0000, 86, 132, 70
L -649.4342, 734.3308, 0.0000, -646.7230, 730.6436, 0.0000, 86, 132, 70
L -646.7230, 730.6436, 0.0000, -642.6854, 727.3119, 0.0000, 86, 132, 70
L -642.6854, 727.3119, 0.0000, -637.2957, 729.0702, 0.0000, 86, 132, 70
L -637.2957, 729.0702, 0.0000, -632.7538, 730.0962, 0.0000, 86, 132, 70
L -632.7538, 730.0962, 0.0000, -627.0206, 729.3514, 0.0000, 86, 132, 70
L -627.0206, 729.3514, 0.0000, -623.4615, 732.8387, 0.0000, 86, 132, 70
L -623.4615, 732.8387, 0.0000, -622.5099, 737.5006, 0.0000, 86, 132, 70
L -622.5099, 737.5006, 0.0000, -618.6065, 740.6060, 0.0000, 86, 132, 70
L -618.6065, 740.6060, 0.0000, -616.6336, 745.0128, 0.0000, 86, 132, 70
L -637.2957, 760.5652, 0.0000, -637.2957, 774.0202, 0.0000, 62, 104, 56
L -1052.0196, 786.2353, 0.0000, -1052.0196, 775.3474, 0.0000, 62, 104, 56
L -1072.4344, 777.3889, 0.0000, -1052.0196, 761.2271, 0.0000, 86, 132, 70
L -1052.0196, 761.2271, 0.0000, -1031.6048, 777.3889, 0.0000, 86, 132, 70
L -1072.4344, 777.3889, 0.0000, -1031.6048, 777.3889, 0.0000, 86, 132, 70
L -1069.2701, 763.7790, 0.0000, -1052.0196, 747.6173, 0.0000, 86, 132, 70
L -1052.0196, 747.6173, 0.0000, -1034.7691, 763.7790, 0.0000, 86, 132, 70
L -1069.2701, 763.7790, 0.0000, -1034.7691, 763.7790, 0.0000, 86, 132, 70
L -1066.1058, 750.1691, 0.0000, -1052.0196, 734.0074, 0.0000, 86, 132, 70
L -1052.0196, 734.0074, 0.0000, -1037.9334, 750.1691, 0.0000, 86, 132, 70
L -1066.1058, 750.1691, 0.0000, -1037.9334, 750.1691, 0.0000, 86, 132, 70
L -1062.9415, 736.5592, 0.0000, -1052.0196, 720.3975, 0.0000, 86, 132, 70
L -1052.0196, 720.3975, 0.0000, -1041.0977, 736.5592, 0.0000, 86, 132, 70
L -1062.9415, 736.5592, 0.0000, -1041.0977, 736.5592, 0.0000, 86, 132, 70
L -635.8412, 645.2260, 0.0000, -635.7367, 649.8752, 0.0000, 86, 132, 70
L -635.7367, 649.8752, 0.0000, -635.2125, 655.5100, 0.0000, 86, 132, 70
L -635.2125, 655.5100, 0.0000, -640.5760, 658.3185, 0.0000, 86, 132, 70
L -640.5760, 658.3185, 0.0000, -645.8100, 659.9252, 0.0000, 86, 132, 70
L -645.8100, 659.9252, 0.0000, -649.6233, 664.3745, 0.0000, 86, 132, 70
L -649.6233, 664.3745, 0.0000, -655.4538, 665.1167, 0.0000, 86, 132, 70
L -655.4538, 665.1167, 0.0000, -660.4553, 661.6519, 0.0000, 86, 132, 70
L -660.4553, 661.6519, 0.0000, -665.9266, 661.1887, 0.0000, 86, 132, 70
L -665.9266, 661.1887, 0.0000, -671.9896, 659.7775, 0.0000, 86, 132, 70
L -671.9896, 659.7775, 0.0000, -673.2082, 654.2464, 0.0000, 86, 132, 70
L -673.2082, 654.2464, 0.0000, -674.3419, 649.6797, 0.0000, 86, 132, 70
L -674.3419, 649.6797, 0.0000, -678.3824, 645.2260, 0.0000, 86, 132, 70
L -678.3824, 645.2260, 0.0000, -676.8284, 640.1860, 0.0000, 86, 132, 70
L -676.8284, 640.1860, 0.0000, -672.0542, 636.7919, 0.0000, 86, 132, 70
L -672.0542, 636.7919, 0.0000, -670.6571, 631.8471, 0.0000, 86, 132, 70
L -670.6571, 631.8471, 0.0000, -667.0806, 627.5044, 0.0000, 86, 132, 70
L -667.0806, 627.5044, 0.0000, -660.6338, 628.2138, 0.0000, 86, 132, 70
L -660.6338, 628.2138, 0.0000, -655.4538, 627.6805, 0.0000, 86, 132, 70
L -655.4538, 627.6805, 0.0000, -649.4448, 625.4913, 0.0000, 86, 132, 70
L -649.4448, 625.4913, 0.0000, -644.6560, 628.7680, 0.0000, 86, 132, 70
L -644.6560, 628.7680, 0.0000, -641.9085, 633.3061, 0.0000, 86, 132, 70
L -641.9085, 633.3061, 0.0000, -636.3665, 635.5283, 0.0000, 86, 132, 70
L -636.3665, 635.5283, 0.0000, -633.2503, 639.9905, 0.0000, 86, 132, 70
L -633.2503, 639.9905, 0.0000, -635.8412, 645.2260, 0.0000, 86, 132, 70
L -655.4538, 662.6679, 0.0000, -655.4538, 677.7575, 0.0000, 62, 104, 56
L 393.0858, -581.7103, 0.0000, 393.0858, -590.5339, 0.0000, 62, 104, 56
L 376.5413, -588.8795, 0.0000, 393.0858, -601.9772, 0.0000, 86, 132, 70
L 393.0858, -601.9772, 0.0000, 409.6303, -588.8795, 0.0000, 86, 132, 70
L 376.5413, -588.8795, 0.0000, 409.6303, -588.8795, 0.0000, 86, 132, 70
L 379.1057, -599.9091, 0.0000, 393.0858, -613.0069, 0.0000, 86, 132, 70
L 393.0858, -613.0069, 0.0000, 407.0659, -599.9091, 0.0000, 86, 132, 70
L 379.1057, -599.9091, 0.0000, 407.0659, -599.9091, 0.0000, 86, 132, 70
L 381.6701, -610.9388, 0.0000, 393.0858, -624.0365, 0.0000, 86, 132, 70
L 393.0858, -624.0365, 0.0000, 404.5014, -610.9388, 0.0000, 86, 132, 70
L 381.6701, -610.9388, 0.0000, 404.5014, -610.9388, 0.0000, 86, 132, 70
L 384.2345, -621.9685, 0.0000, 393.0858, -635.0661, 0.0000, 86, 132, 70
L 393.0858, -635.0661, 0.0000, 401.9370, -621.9685, 0.0000, 86, 132, 70
L 384.2345, -621.9685, 0.0000, 401.9370, -621.9685, 0.0000, 86, 132, 70
L -894.5620, 297.1992, 0.0000, -894.5620, 284.6842, 0.0000, 62, 104, 56
L -918.0276, 287.0308, 0.0000, -894.5620, 268.4538, 0.0000, 86, 132, 70
L -894.5620, 268.4538, 0.0000, -871.0964, 287.0308, 0.0000, 86, 132, 70
L -918.0276, 287.0308, 0.0000, -871.0964, 287.0308, 0.0000, 86, 132, 70
L -914.3904, 271.3870, 0.0000, -894.5620, 252.8101, 0.0000, 86, 132, 70
L -894.5620, 252.8101, 0.0000, -874.7335, 271.3870, 0.0000, 86, 132, 70
L -914.3904, 271.3870, 0.0000, -874.7335, 271.3870, 0.0000, 86, 132, 70
L -910.7533, 255.7433, 0.0000, -894.5620, 237.1663, 0.0000, 86, 132, 70
L -894.5620, 237.1663, 0.0000, -878.3707, 255.7433, 0.0000, 86, 132, 70
L -910.7533, 255.7433, 0.0000, -878.3707, 255.7433, 0.0000, 86, 132, 70
L -907.1161, 240.0995, 0.0000, -894.5620, 221.5226, 0.0000, 86, 132, 70
L -894.5620, 221.5226, 0.0000, -882.0079, 240.0995, 0.0000, 86, 132, 70
L -907.1161, 240.0995, 0.0000, -882.0079, 240.0995, 0.0000, 86, 132, 70
L -756.8726, 753.6528, 0.0000, -756.8726, 741.7081, 0.0000, 62, 104, 56
L -779.2689, 743.9477, 0.0000, -756.8726, 726.2173, 0.0000, 86, 132, 70
L -756.8726, 726.2173, 0.0000, -734.4762, 743.9477, 0.0000, 86, 132, 70
L -779.2689, 743.9477, 0.0000, -734.4762, 743.9477, 0.0000, 86, 132, 70
L -775.7975, 729.0168, 0.0000, -756.8726, 711.2864, 0.0000, 86, 132, 70
L -756.8726, 711.2864, 0.0000, -737.9477, 729.0168, 0.0000, 86, 132, 70
L -775.7975, 729.0168, 0.0000, -737.9477, 729.0168, 0.0000, 86, 132, 70
L -772.3260, 714.0859, 0.0000, -756.8726, 696.3555, 0.0000, 86, 132, 70
L -756.8726, 696.3555, 0.0000, -741.4191, 714.0859, 0.0000, 86, 132, 70
L -772.3260, 714.0859, 0.0000, -741.4191, 714.0859, 0.0000, 86, 132, 70
L -768.8546, 699.1550, 0.0000, -756.8726, 681.4246, 0.0000, 86, 132, 70
L -756.8726, 681.4246, 0.0000, -744.8905, 699.1550, 0.0000, 86, 132, 70
L -768.8546, 699.1550, 0.0000, -744.8905, 699.1550, 0.0000, 86, 132, 70
L 277.6491, 416.4861, 0.0000, 273.9498, 421.1245, 0.0000, 86, 132, 70
L 273.9498, 421.1245, 0.0000, 271.3021, 425.1353, 0.0000, 86, 132, 70
L 271.3021, 425.1353, 0.0000, 270.5625, 430.8161, 0.0000, 86, 132, 70
L 270.5625, 430.8161, 0.0000, 265.2742, 433.2461, 0.0000, 86, 132, 70
L 265.2742, 433.2461, 0.0000, 259.2365, 432.7698, 0.0000, 86, 132, 70
L 259.2365, 432.7698, 0.0000, 254.2783, 435.5485, 0.0000, 86, 132, 70
L 254.2783, 435.5485, 0.0000, 248.2736, 436.2065, 0.0000, 86, 132, 70
L 248.2736, 436.2065, 0.0000, 244.3288, 431.6512, 0.0000, 86, 132, 70
L 244.3288, 431.6512, 0.0000, 240.0870, 428.9744, 0.0000, 86, 132, 70
L 240.0870, 428.9744, 0.0000, 234.1151, 426.7303, 0.0000, 86, 132, 70
L 234.1151, 426.7303, 0.0000, 233.5603, 421.3712, 0.0000, 86, 132, 70
L 233.5603, 421.3712, 0.0000, 235.0932, 416.4861, 0.0000, 86, 132, 70
L 235.0932, 416.4861, 0.0000, 232.8439, 411.4319, 0.0000, 86, 132, 70
L 232.8439, 411.4319, 0.0000, 234.4476, 406.4107, 0.0000, 86, 132, 70
L 234.4476, 406.4107, 0.0000, 240.4709, 404.3355, 0.0000, 86, 132, 70
L 240.4709, 404.3355, 0.0000, 243.9963, 400.8142, 0.0000, 86, 132, 70
L 243.9963, 400.8142, 0.0000, 248.2222, 396.5966, 0.0000, 86, 132, 70
L 248.2222, 396.5966, 0.0000, 254.2783, 398.0993, 0.0000, 86, 132, 70
L 254.2783, 398.0993, 0.0000, 259.2879, 400.0334, 0.0000, 86, 132, 70
L 259.2879, 400.0334, 0.0000, 265.6067, 399.2192, 0.0000, 86, 132, 70
L 265.6067, 399.2192, 0.0000, 270.1786, 402.4938, 0.0000, 86, 132, 70
L 270.1786, 402.4938, 0.0000, 270.9696, 408.0057, 0.0000, 86, 132, 70
L 270.9696, 408.0057, 0.0000, 274.6662, 411.6787, 0.0000, 86, 132, 70
L 274.6662, 411.6787, 0.0000, 277.6491, 416.4861, 0.0000, 86, 132, 70
L 254.2783, 433.9340, 0.0000, 254.2783, 449.0288, 0.0000, 62, 104, 56
L 590.7737, 1102.7001, 0.0000, 590.7737, 1090.8061, 0.0000, 62, 104, 56
L 568.4724, 1093.0362, 0.0000, 590.7737, 1075.3811, 0.0000, 86, 132, 70
L 590.7737, 1075.3811, 0.0000, 613.0750, 1093.0362, 0.0000, 86, 132, 70
L 568.4724, 1093.0362, 0.0000, 613.0750, 1093.0362, 0.0000, 86, 132, 70
L 571.9291, 1078.1687, 0.0000, 590.7737, 1060.5135, 0.0000, 86, 132, 70
L 590.7737, 1060.5135, 0.0000, 609.6183, 1078.1687, 0.0000, 86, 132, 70
L 571.9291, 1078.1687, 0.0000, 609.6183, 1078.1687, 0.0000, 86, 132, 70
L 575.3858, 1063.3012, 0.0000, 590.7737, 1045.6460, 0.0000, 86, 132, 70
L 590.7737, 1045.6460, 0.0000, 606.1616, 1063.3012, 0.0000, 86, 132, 70
L 575.3858, 1063.3012, 0.0000, 606.1616, 1063.3012, 0.0000, 86, 132, 70
L 578.8425, 1048.4337, 0.0000, 590.7737, 1030.7785, 0.0000, 86, 132, 70
L 590.7737, 1030.7785, 0.0000, 602.7049, 1048.4337, 0.0000, 86, 132, 70
L 578.8425, 1048.4337, 0.0000, 602.7049, 1048.4337, 0.0000, 86, 132, 70
L 364.6315, -450.8470, 0.0000, 363.8162, -446.3733, 0.0000, 86, 132, 70
L 363.8162, -446.3733, 0.0000, 364.6702, -440.7735, 0.0000, 86, 132, 70
L 364.6702, -440.7735, 0.0000, 359.9449, -437.5575, 0.0000, 86, 132, 70
L 359.9449, -437.5575, 0.0000, 354.2936, -436.4427, 0.0000, 86, 132, 70
L 354.2936, -436.4427, 0.0000, 350.4620, -432.3936, 0.0000, 86, 132, 70
L 350.4620, -432.3936, 0.0000, 344.8432, -430.8606, 0.0000, 86, 132, 70
L 344.8432, -430.8606, 0.0000, 339.8262, -434.3701, 0.0000, 86, 132, 70
L 339.8262, -434.3701, 0.0000, 334.7910, -435.5254, 0.0000, 86, 132, 70
L 334.7910, -435.5254, 0.0000, 328.5379, -436.4983, 0.0000, 86, 132, 70
L 328.5379, -436.4983, 0.0000, 326.8217, -441.6908, 0.0000, 86, 132, 70
L 326.8217, -441.6908, 0.0000, 326.4721, -446.5152, 0.0000, 86, 132, 70
L 326.4721, -446.5152, 0.0000, 322.6476, -450.8470, 0.0000, 86, 132, 70
L 322.6476, -450.8470, 0.0000, 323.2628, -455.9355, 0.0000, 86, 132, 70
L 323.2628, -455.9355, 0.0000, 328.3111, -459.2464, 0.0000, 86, 132, 70
L 328.3111, -459.2464, 0.0000, 330.2578, -463.6822, 0.0000, 86, 132, 70
L 330.2578, -463.6822, 0.0000, 333.3016, -468.4388, 0.0000, 86, 132, 70
L 333.3016, -468.4388, 0.0000, 339.5958, -468.0806, 0.0000, 86, 132, 70
L 339.5958, -468.0806, 0.0000, 344.8432, -467.8065, 0.0000, 86, 132, 70
L 344.8432, -467.8065, 0.0000, 350.6925, -470.0571, 0.0000, 86, 132, 70
L 350.6925, -470.0571, 0.0000, 355.7830, -467.5215, 0.0000, 86, 132, 70
L 355.7830, -467.5215, 0.0000, 358.2250, -462.6230, 0.0000, 86, 132, 70
L 358.2250, -462.6230, 0.0000, 363.1808, -460.1637, 0.0000, 86, 132, 70
L 363.1808, -460.1637, 0.0000, 367.0255, -456.0775, 0.0000, 86, 132, 70
L 367.0255, -456.0775, 0.0000, 364.6315, -450.8470, 0.0000, 86, 132, 70
L 344.8432, -433.6336, 0.0000, 344.8432, -418.7416, 0.0000, 62, 104, 56
L 13.2897, 975.5789, 0.0000, 15.5841, 981.2706, 0.0000, 86, 132, 70
L 15.5841, 981.2706, 0.0000, 14.2401, 987.1600, 0.0000, 86, 132, 70
L 14.2401, 987.1600, 0.0000, 7.3456, 989.5708, 0.0000, 86, 132, 70
L 7.3456, 989.5708, 0.0000, 3.0158, 993.2140, 0.0000, 86, 132, 70
L 3.0158, 993.2140, 0.0000, -1.6603, 998.2201, 0.0000, 86, 132, 70
L -1.6603, 998.2201, 0.0000, -8.5543, 996.8505, 0.0000, 86, 132, 70
L -8.5543, 996.8505, 0.0000, -14.2357, 994.2380, 0.0000, 86, 132, 70
L -14.2357, 994.2380, 0.0000, -21.3368, 995.0621, 0.0000, 86, 132, 70
L -21.3368, 995.0621, 0.0000, -26.8791, 991.7048, 0.0000, 86, 132, 70
L -26.8791, 991.7048, 0.0000, -27.7112, 985.3119, 0.0000, 86, 132, 70
L -27.7112, 985.3119, 0.0000, -31.4801, 980.9847, 0.0000, 86, 132, 70
L -31.4801, 980.9847, 0.0000, -35.2481, 975.5789, 0.0000, 86, 132, 70
L -35.2481, 975.5789, 0.0000, -31.2998, 970.2156, 0.0000, 86, 132, 70
L -31.2998, 970.2156, 0.0000, -27.7949, 965.8034, 0.0000, 86, 132, 70
L -27.7949, 965.8034, 0.0000, -26.9758, 959.3680, 0.0000, 86, 132, 70
L -26.9758, 959.3680, 0.0000, -21.2531, 956.2233, 0.0000, 86, 132, 70
L -21.2531, 956.2233, 0.0000, -14.2228, 956.9623, 0.0000, 86, 132, 70
L -14.2228, 956.9623, 0.0000, -8.5543, 954.1372, 0.0000, 86, 132, 70
L -8.5543, 954.1372, 0.0000, -1.6732, 952.9802, 0.0000, 86, 132, 70
L -1.6732, 952.9802, 0.0000, 2.9321, 958.0713, 0.0000, 86, 132, 70
L 2.9321, 958.0713, 0.0000, 7.4423, 961.5019, 0.0000, 86, 132, 70
L 7.4423, 961.5019, 0.0000, 14.3238, 963.9553, 0.0000, 86, 132, 70
L 14.3238, 963.9553, 0.0000, 15.4037, 969.9297, 0.0000, 86, 132, 70
L 15.4037, 969.9297, 0.0000, 13.2897, 975.5789, 0.0000, 86, 132, 70
L -8.5543, 995.4794, 0.0000, -8.5543, 1012.6960, 0.0000, 62, 104, 56
L -882.7325, 315.4801, 0.0000, -880.5761, 320.3898, 0.0000, 86, 132, 70
L -880.5761, 320.3898, 0.0000, -884.3585, 324.1374, 0.0000, 86, 132, 70
L -884.3585, 324.1374, 0.0000, -888.8411, 326.5304, 0.0000, 86, 132, 70
L -888.8411, 326.5304, 0.0000, -891.0823, 331.2036, 0.0000, 86, 132, 70
L -891.0823, 331.2036, 0.0000, -895.9470, 333.3829, 0.0000, 86, 132, 70
L -895.9470, 333.3829, 0.0000, -901.3982, 331.2900, 0.0000, 86, 132, 70
L -901.3982, 331.2900, 0.0000, -906.3516, 331.7480, 0.0000, 86, 132, 70
L -906.3516, 331.7480, 0.0000, -912.2118, 331.9623, 0.0000, 86, 132, 70
L -912.2118, 331.9623, 0.0000, -914.9509, 327.4065, 0.0000, 86, 132, 70
L -914.9509, 327.4065, 0.0000, -916.9445, 323.3787, 0.0000, 86, 132, 70
L -916.9445, 323.3787, 0.0000, -921.7225, 320.2725, 0.0000, 86, 132, 70
L -921.7225, 320.2725, 0.0000, -922.0550, 315.4801, 0.0000, 86, 132, 70
L -922.0550, 315.4801, 0.0000, -918.5587, 311.4337, 0.0000, 86, 132, 70
L -918.5587, 311.4337, 0.0000, -918.4128, 306.8355, 0.0000, 86, 132, 70
L -918.4128, 306.8355, 0.0000, -916.6463, 302.0617, 0.0000, 86, 132, 70
L -916.6463, 302.0617, 0.0000, -910.7436, 301.2358, 0.0000, 86, 132, 70
L -910.7436, 301.2358, 0.0000, -906.1244, 299.9581, 0.0000, 86, 132, 70
L -906.1244, 299.9581, 0.0000, -901.3982, 296.6862, 0.0000, 86, 132, 70
L -901.3982, 296.6862, 0.0000, -896.1741, 298.3233, 0.0000, 86, 132, 70
L -896.1741, 298.3233, 0.0000, -892.5506, 301.9945, 0.0000, 86, 132, 70
L -892.5506, 301.9945, 0.0000, -887.1456, 302.9379, 0.0000, 86, 132, 70
L -887.1456, 302.9379, 0.0000, -882.8902, 306.0768, 0.0000, 86, 132, 70
L -882.8902, 306.0768, 0.0000, -883.7398, 311.3163, 0.0000, 86, 132, 70
L -883.7398, 311.3163, 0.0000, -882.7325, 315.4801, 0.0000, 86, 132, 70
L -901.3982, 331.6023, 0.0000, -901.3982, 345.5503, 0.0000, 62, 104, 56
L -410.9104, -549.2337, 0.0000, -410.9104, -559.3150, 0.0000, 62, 104, 56
L -429.8128, -557.4248, 0.0000, -410.9104, -572.3893, 0.0000, 86, 132, 70
L -410.9104, -572.3893, 0.0000, -392.0078, -557.4248, 0.0000, 86, 132, 70
L -429.8128, -557.4248, 0.0000, -392.0078, -557.4248, 0.0000, 86, 132, 70
L -426.8829, -570.0265, 0.0000, -410.9104, -584.9910, 0.0000, 86, 132, 70
L -410.9104, -584.9910, 0.0000, -394.9377, -570.0265, 0.0000, 86, 132, 70
L -426.8829, -570.0265, 0.0000, -394.9377, -570.0265, 0.0000, 86, 132, 70
L -423.9531, -582.6282, 0.0000, -410.9104, -597.5926, 0.0000, 86, 132, 70
L -410.9104, -597.5926, 0.0000, -397.8676, -582.6282, 0.0000, 86, 132, 70
L -423.9531, -582.6282, 0.0000, -397.8676, -582.6282, 0.0000, 86, 132, 70
L -421.0232, -595.2298, 0.0000, -410.9104, -610.1943, 0.0000, 86, 132, 70
L -410.9104, -610.1943, 0.0000, -400.7975, -595.2298, 0.0000, 86, 132, 70
L -421.0232, -595.2298, 0.0000, -400.7975, -595.2298, 0.0000, 86, 132, 70
L -976.1282, -106.3560, 0.0000, -976.1282, -118.7302, 0.0000, 62, 104, 56
L -999.3299, -116.4101, 0.0000, -976.1282, -134.7781, 0.0000, 86, 132, 70
L -976.1282, -134.7781, 0.0000, -952.9265, -116.4101, 0.0000, 86, 132, 70
L -999.3299, -116.4101, 0.0000, -952.9265, -116.4101, 0.0000, 86, 132, 70
L -995.7337, -131.8779, 0.0000, -976.1282, -150.2459, 0.0000, 86, 132, 70
L -976.1282, -150.2459, 0.0000, -956.5228, -131.8779, 0.0000, 86, 132, 70
L -995.7337, -131.8779, 0.0000, -956.5228, -131.8779, 0.0000, 86, 132, 70
L -992.1374, -147.3457, 0.0000, -976.1282, -165.7137, 0.0000, 86, 132, 70
L -976.1282, -165.7137, 0.0000, -960.1191, -147.3457, 0.0000, 86, 132, 70
L -992.1374, -147.3457, 0.0000, -960.1191, -147.3457, 0.0000, 86, 132, 70
L -988.5412, -162.8135, 0.0000, -976.1282, -181.1815, 0.0000, 86, 132, 70
L -976.1282, -181.1815, 0.0000, -963.7153, -162.8135, 0.0000, 86, 132, 70
L -988.5412, -162.8135, 0.0000, -963.7153, -162.8135, 0.0000, 86, 132, 70
L -964.3439, -731.1773, 0.0000, -964.3439, -740.4099, 0.0000, 62, 104, 56
L -981.6551, -738.6788, 0.0000, -964.3439, -752.3835, 0.0000, 86, 132, 70
L -964.3439, -752.3835, 0.0000, -947.0327, -738.6788, 0.0000, 86, 132, 70
L -981.6551, -738.6788, 0.0000, -947.0327, -738.6788, 0.0000, 86, 132, 70
L -978.9719, -750.2197, 0.0000, -964.3439, -763.9243, 0.0000, 86, 132, 70
L -964.3439, -763.9243, 0.0000, -949.7159, -750.2197, 0.0000, 86, 132, 70
L -978.9719, -750.2197, 0.0000, -949.7159, -750.2197, 0.0000, 86, 132, 70
L -976.2887, -761.7604, 0.0000, -964.3439, -775.4652, 0.0000, 86, 132, 70
L -964.3439, -775.4652, 0.0000, -952.3992, -761.7604, 0.0000, 86, 132, 70
L -976.2887, -761.7604, 0.0000, -952.3992, -761.7604, 0.0000, 86, 132, 70
L -973.6054, -773.3012, 0.0000, -964.3439, -787.0059, 0.0000, 86, 132, 70
L -964.3439, -787.0059, 0.0000, -955.0824, -773.3012, 0.0000, 86, 132, 70
L -973.6054, -773.3012, 0.0000, -955.0824, -773.3012, 0.0000, 86, 132, 70
L 340.9386, -596.3743, 0.0000, 340.9386, -604.1665, 0.0000, 62, 104, 56
L 326.3282, -602.7055, 0.0000, 340.9386, -614.2720, 0.0000, 86, 132, 70
L 340.9386, -614.2720, 0.0000, 355.5490, -602.7055, 0.0000, 86, 132, 70
L 326.3282, -602.7055, 0.0000, 355.5490, -602.7055, 0.0000, 86, 132, 70
L 328.5928, -612.4457, 0.0000, 340.9386, -624.0123, 0.0000, 86, 132, 70
L 340.9386, -624.0123, 0.0000, 353.2844, -612.4457, 0.0000, 86, 132, 70
L 328.5928, -612.4457, 0.0000, 353.2844, -612.4457, 0.0000, 86, 132, 70
L 330.8575, -622.1860, 0.0000, 340.9386, -633.7525, 0.0000, 86, 132, 70
L 340.9386, -633.7525, 0.0000, 351.0198, -622.1860, 0.0000, 86, 132, 70
L 330.8575, -622.1860, 0.0000, 351.0198, -622.1860, 0.0000, 86, 132, 70
L 333.1221, -631.9262, 0.0000, 340.9386, -643.4928, 0.0000, 86, 132, 70
L 340.9386, -643.4928, 0.0000, 348.7552, -631.9262, 0.0000, 86, 132, 70
L 333.1221, -631.9262, 0.0000, 348.7552, -631.9262, 0.0000, 86, 132, 70
L -66.3007, 68.2205, 0.0000, -64.5656, 74.3340, 0.0000, 86, 132, 70
L -64.5656, 74.3340, 0.0000, -65.0601, 81.1420, 0.0000, 86, 132, 70
L -65.0601, 81.1420, 0.0000, -72.5250, 84.0321, 0.0000, 86, 132, 70
L -72.5250, 84.0321, 0.0000, -78.0262, 87.2221, 0.0000, 86, 132, 70
L -78.0262, 87.2221, 0.0000, -82.9515, 92.9873, 0.0000, 86, 132, 70
L -82.9515, 92.9873, 0.0000, -90.4927, 92.3659, 0.0000, 86, 132, 70
L -90.4927, 92.3659, 0.0000, -96.7337, 88.7174, 0.0000, 86, 132, 70
L -96.7337, 88.7174, 0.0000, -104.2594, 89.2037, 0.0000, 86, 132, 70
L -104.2594, 89.2037, 0.0000, -111.0607, 86.3203, 0.0000, 86, 132, 70
L -111.0607, 86.3203, 0.0000, -112.0248, 79.1603, 0.0000, 86, 132, 70
L -112.0248, 79.1603, 0.0000, -115.1197, 74.0274, 0.0000, 86, 132, 70
L -115.1197, 74.0274, 0.0000, -119.8853, 68.2205, 0.0000, 86, 132, 70
L -119.8853, 68.2205, 0.0000, -116.3243, 62.1295, 0.0000, 86, 132, 70
L -116.3243, 62.1295, 0.0000, -111.4657, 57.5648, 0.0000, 86, 132, 70
L -111.4657, 57.5648, 0.0000, -110.4151, 50.6888, 0.0000, 86, 132, 70
L -110.4151, 50.6888, 0.0000, -104.8185, 46.3851, 0.0000, 86, 132, 70
L -104.8185, 46.3851, 0.0000, -96.8202, 47.4396, 0.0000, 86, 132, 70
L -96.8202, 47.4396, 0.0000, -90.4927, 45.2114, 0.0000, 86, 132, 70
L -90.4927, 45.2114, 0.0000, -82.8650, 43.1697, 0.0000, 86, 132, 70
L -82.8650, 43.1697, 0.0000, -77.4671, 48.3668, 0.0000, 86, 132, 70
L -77.4671, 48.3668, 0.0000, -73.1706, 52.9771, 0.0000, 86, 132, 70
L -73.1706, 52.9771, 0.0000, -65.6192, 55.5831, 0.0000, 86, 132, 70
L -65.6192, 55.5831, 0.0000, -63.3609, 61.8230, 0.0000, 86, 132, 70
L -63.3609, 61.8230, 0.0000, -66.3007, 68.2205, 0.0000, 86, 132, 70
L -90.4927, 90.1902, 0.0000, -90.4927, 109.1970, 0.0000, 62, 104, 56
L 535.7053, -144.4912, 0.0000, 537.9474, -139.9068, 0.0000, 86, 132, 70
L 537.9474, -139.9068, 0.0000, 535.0292, -136.0957, 0.0000, 86, 132, 70
L 535.0292, -136.0957, 0.0000, 530.3101, -134.1026, 0.0000, 86, 132, 70
L 530.3101, -134.1026, 0.0000, 527.9937, -130.0283, 0.0000, 86, 132, 70
L 527.9937, -130.0283, 0.0000, 523.7282, -127.3365, 0.0000, 86, 132, 70
L 523.7282, -127.3365, 0.0000, 518.5048, -129.2884, 0.0000, 86, 132, 70
L 518.5048, -129.2884, 0.0000, 513.9558, -129.5513, 0.0000, 86, 132, 70
L 513.9558, -129.5513, 0.0000, 508.3416, -129.0004, 0.0000, 86, 132, 70
L 508.3416, -129.0004, 0.0000, 505.3508, -132.9157, 0.0000, 86, 132, 70
L 505.3508, -132.9157, 0.0000, 504.0037, -137.1236, 0.0000, 86, 132, 70
L 504.0037, -137.1236, 0.0000, 499.7367, -140.0658, 0.0000, 86, 132, 70
L 499.7367, -140.0658, 0.0000, 498.6067, -144.4912, 0.0000, 86, 132, 70
L 498.6067, -144.4912, 0.0000, 502.1129, -148.3564, 0.0000, 86, 132, 70
L 502.1129, -148.3564, 0.0000, 502.9009, -152.4191, 0.0000, 86, 132, 70
L 502.9009, -152.4191, 0.0000, 504.0774, -157.1874, 0.0000, 86, 132, 70
L 504.0774, -157.1874, 0.0000, 509.4444, -158.3012, 0.0000, 86, 132, 70
L 509.4444, -158.3012, 0.0000, 514.1264, -158.8708, 0.0000, 86, 132, 70
L 514.1264, -158.8708, 0.0000, 518.5048, -161.9352, 0.0000, 86, 132, 70
L 518.5048, -161.9352, 0.0000, 523.5576, -161.0857, 0.0000, 86, 132, 70
L 523.5576, -161.0857, 0.0000, 526.8909, -157.2733, 0.0000, 86, 132, 70
L 526.8909, -157.2733, 0.0000, 531.5835, -156.0004, 0.0000, 86, 132, 70
L 531.5835, -156.0004, 0.0000, 536.1320, -153.4470, 0.0000, 86, 132, 70
L 536.1320, -153.4470, 0.0000, 535.5712, -148.5154, 0.0000, 86, 132, 70
L 535.5712, -148.5154, 0.0000, 535.7053, -144.4912, 0.0000, 86, 132, 70
L 518.5048, -129.2808, 0.0000, 518.5048, -116.1217, 0.0000, 62, 104, 56
L -713.3633, 618.8791, 0.0000, -713.3633, 610.7295, 0.0000, 62, 104, 56
L -728.6438, 612.2576, 0.0000, -713.3633, 600.1605, 0.0000, 86, 132, 70
L -713.3633, 600.1605, 0.0000, -698.0828, 612.2576, 0.0000, 86, 132, 70
L -728.6438, 612.2576, 0.0000, -698.0828, 612.2576, 0.0000, 86, 132, 70
L -726.2753, 602.0706, 0.0000, -713.3633, 589.9735, 0.0000, 86, 132, 70
L -713.3633, 589.9735, 0.0000, -700.4513, 602.0706, 0.0000, 86, 132, 70
L -726.2753, 602.0706, 0.0000, -700.4513, 602.0706, 0.0000, 86, 132, 70
L -723.9068, 591.8836, 0.0000, -713.3633, 579.7865, 0.0000, 86, 132, 70
L -713.3633, 579.7865, 0.0000, -702.8197, 591.8836, 0.0000, 86, 132, 70
L -723.9068, 591.8836, 0.0000, -702.8197, 591.8836, 0.0000, 86, 132, 70
L -721.5383, 581.6966, 0.0000, -713.3633, 569.5995, 0.0000, 86, 132, 70
L -713.3633, 569.5995, 0.0000, -705.1882, 581.6966, 0.0000, 86, 132, 70
L -721.5383, 581.6966, 0.0000, -705.1882, 581.6966, 0.0000, 86, 132, 70
L -933.3094, -613.1277, 0.0000, -933.3094, -622.0636, 0.0000, 62, 104, 56
L -950.0641, -620.3881, 0.0000, -933.3094, -633.6523, 0.0000, 86, 132, 70
L -933.3094, -633.6523, 0.0000, -916.5545, -620.3881, 0.0000, 86, 132, 70
L -950.0641, -620.3881, 0.0000, -916.5545, -620.3881, 0.0000, 86, 132, 70
L -947.4671, -631.5579, 0.0000, -933.3094, -644.8221, 0.0000, 86, 132, 70
L -933.3094, -644.8221, 0.0000, -919.1516, -631.5579, 0.0000, 86, 132, 70
L -947.4671, -631.5579, 0.0000, -919.1516, -631.5579, 0.0000, 86, 132, 70
L -944.8702, -642.7278, 0.0000, -933.3094, -655.9920, 0.0000, 86, 132, 70
L -933.3094, -655.9920, 0.0000, -921.7486, -642.7278, 0.0000, 86, 132, 70
L -944.8702, -642.7278, 0.0000, -921.7486, -642.7278, 0.0000, 86, 132, 70
L -942.2731, -653.8976, 0.0000, -933.3094, -667.1618, 0.0000, 86, 132, 70
L -933.3094, -667.1618, 0.0000, -924.3455, -653.8976, 0.0000, 86, 132, 70
L -942.2731, -653.8976, 0.0000, -924.3455, -653.8976, 0.0000, 86, 132, 70
L 434.9586, 52.7210, 0.0000, 430.1530, 58.0387, 0.0000, 86, 132, 70
L 430.1530, 58.0387, 0.0000, 428.5870, 63.3835, 0.0000, 86, 132, 70
L 428.5870, 63.3835, 0.0000, 427.2475, 70.0102, 0.0000, 86, 132, 70
L 427.2475, 70.0102, 0.0000, 420.1312, 71.8202, 0.0000, 86, 132, 70
L 420.1312, 71.8202, 0.0000, 413.5325, 72.2026, 0.0000, 86, 132, 70
L 413.5325, 72.2026, 0.0000, 407.6006, 76.2624, 0.0000, 86, 132, 70
L 407.6006, 76.2624, 0.0000, 400.6358, 75.5948, 0.0000, 86, 132, 70
L 400.6358, 75.5948, 0.0000, 396.1028, 70.2459, 0.0000, 86, 132, 70
L 396.1028, 70.2459, 0.0000, 390.0194, 68.1924, 0.0000, 86, 132, 70
L 390.0194, 68.1924, 0.0000, 383.5156, 64.9578, 0.0000, 86, 132, 70
L 383.5156, 64.9578, 0.0000, 384.0153, 58.2823, 0.0000, 86, 132, 70
L 384.0153, 58.2823, 0.0000, 384.3740, 52.7210, 0.0000, 86, 132, 70
L 384.3740, 52.7210, 0.0000, 381.2921, 46.5175, 0.0000, 86, 132, 70
L 381.2921, 46.5175, 0.0000, 384.7795, 41.1263, 0.0000, 86, 132, 70
L 384.7795, 41.1263, 0.0000, 391.4788, 38.5338, 0.0000, 86, 132, 70
L 391.4788, 38.5338, 0.0000, 394.8390, 33.2696, 0.0000, 86, 132, 70
L 394.8390, 33.2696, 0.0000, 400.4403, 29.2050, 0.0000, 86, 132, 70
L 400.4403, 29.2050, 0.0000, 407.6006, 31.7480, 0.0000, 86, 132, 70
L 407.6006, 31.7480, 0.0000, 413.7280, 32.5972, 0.0000, 86, 132, 70
L 413.7280, 32.5972, 0.0000, 421.3951, 31.6953, 0.0000, 86, 132, 70
L 421.3951, 31.6953, 0.0000, 425.7881, 36.7159, 0.0000, 86, 132, 70
L 425.7881, 36.7159, 0.0000, 427.3231, 42.7006, 0.0000, 86, 132, 70
L 427.3231, 42.7006, 0.0000, 432.8762, 46.7611, 0.0000, 86, 132, 70
L 432.8762, 46.7611, 0.0000, 434.9586, 52.7210, 0.0000, 86, 132, 70
L 407.6006, 73.4606, 0.0000, 407.6006, 91.4033, 0.0000, 62, 104, 56
L -569.0019, 677.7837, 0.0000, -571.4459, 681.9196, 0.0000, 86, 132, 70
L -571.4459, 681.9196, 0.0000, -570.6674, 687.0909, 0.0000, 86, 132, 70
L -570.6674, 687.0909, 0.0000, -573.8341, 691.1176, 0.0000, 86, 132, 70
L -573.8341, 691.1176, 0.0000, -579.8402, 691.7242, 0.0000, 86, 132, 70
L -579.8402, 691.7242, 0.0000, -583.9031, 694.4780, 0.0000, 86, 132, 70
L -583.9031, 694.4780, 0.0000, -588.9863, 697.2128, 0.0000, 86, 132, 70
L -588.9863, 697.2128, 0.0000, -594.0251, 694.3321, 0.0000, 86, 132, 70
L -594.0251, 694.3321, 0.0000, -598.1767, 691.7918, 0.0000, 86, 132, 70
L -598.1767, 691.7918, 0.0000, -604.2272, 691.1958, 0.0000, 86, 132, 70
L -604.2272, 691.1958, 0.0000, -607.1719, 687.0233, 0.0000, 86, 132, 70
L -607.1719, 687.0233, 0.0000, -606.4823, 681.9092, 0.0000, 86, 132, 70
L -606.4823, 681.9092, 0.0000, -609.1483, 677.7837, 0.0000, 86, 132, 70
L -609.1483, 677.7837, 0.0000, -610.2243, 672.7759, 0.0000, 86, 132, 70
L -610.2243, 672.7759, 0.0000, -605.4352, 669.4265, 0.0000, 86, 132, 70
L -605.4352, 669.4265, 0.0000, -602.2219, 666.1364, 0.0000, 86, 132, 70
L -602.2219, 666.1364, 0.0000, -599.9134, 661.1285, 0.0000, 86, 132, 70
L -599.9134, 661.1285, 0.0000, -594.2937, 660.3529, 0.0000, 86, 132, 70
L -594.2937, 660.3529, 0.0000, -588.9863, 661.8840, 0.0000, 86, 132, 70
L -588.9863, 661.8840, 0.0000, -583.6344, 660.2071, 0.0000, 86, 132, 70
L -583.6344, 660.2071, 0.0000, -578.1035, 661.1962, 0.0000, 86, 132, 70
L -578.1035, 661.1962, 0.0000, -575.8394, 666.2145, 0.0000, 86, 132, 70
L -575.8394, 666.2145, 0.0000, -572.4041, 669.3588, 0.0000, 86, 132, 70
L -572.4041, 669.3588, 0.0000, -567.7038, 672.7654, 0.0000, 86, 132, 70
L -567.7038, 672.7654, 0.0000, -569.0019, 677.7837, 0.0000, 86, 132, 70
L -588.9863, 694.2437, 0.0000, -588.9863, 708.4839, 0.0000, 62, 104, 56
L -1099.9371, 538.8862, 0.0000, -1099.4044, 543.2450, 0.0000, 86, 132, 70
L -1099.4044, 543.2450, 0.0000, -1099.1690, 548.3977, 0.0000, 86, 132, 70
L -1099.1690, 548.3977, 0.0000, -1104.3496, 550.8016, 0.0000, 86, 132, 70
L -1104.3496, 550.8016, 0.0000, -1108.9163, 552.5637, 0.0000, 86, 132, 70
L -1108.9163, 552.5637, 0.0000, -1112.4450, 556.7682, 0.0000, 86, 132, 70
L -1112.4450, 556.7682, 0.0000, -1117.8898, 557.0488, 0.0000, 86, 132, 70
L -1117.8898, 557.0488, 0.0000, -1122.4852, 553.9783, 0.0000, 86, 132, 70
L -1122.4852, 553.9783, 0.0000, -1127.7128, 553.8585, 0.0000, 86, 132, 70
L -1127.7128, 553.8585, 0.0000, -1133.1290, 552.2967, 0.0000, 86, 132, 70
L -1133.1290, 552.2967, 0.0000, -1134.0621, 547.1029, 0.0000, 86, 132, 70
L -1134.0621, 547.1029, 0.0000, -1135.5258, 543.0447, 0.0000, 86, 132, 70
L -1135.5258, 543.0447, 0.0000, -1139.2406, 538.8862, 0.0000, 86, 132, 70
L -1139.2406, 538.8862, 0.0000, -1137.3686, 534.2932, 0.0000, 86, 132, 70
L -1137.3686, 534.2932, 0.0000, -1133.2068, 531.1041, 0.0000, 86, 132, 70
L -1133.2068, 531.1041, 0.0000, -1132.1414, 526.3448, 0.0000, 86, 132, 70
L -1132.1414, 526.3448, 0.0000, -1128.5681, 522.6104, 0.0000, 86, 132, 70
L -1128.5681, 522.6104, 0.0000, -1122.6175, 523.3596, 0.0000, 86, 132, 70
L -1122.6175, 523.3596, 0.0000, -1117.8898, 522.4618, 0.0000, 86, 132, 70
L -1117.8898, 522.4618, 0.0000, -1112.3127, 520.5697, 0.0000, 86, 132, 70
L -1112.3127, 520.5697, 0.0000, -1108.0611, 523.9052, 0.0000, 86, 132, 70
L -1108.0611, 523.9052, 0.0000, -1105.3372, 527.8399, 0.0000, 86, 132, 70
L -1105.3372, 527.8399, 0.0000, -1100.0243, 529.8093, 0.0000, 86, 132, 70
L -1100.0243, 529.8093, 0.0000, -1097.5615, 534.0929, 0.0000, 86, 132, 70
L -1097.5615, 534.0929, 0.0000, -1099.9371, 538.8862, 0.0000, 86, 132, 70
L -1117.8898, 555.0007, 0.0000, -1117.8898, 568.9418, 0.0000, 62, 104, 56
L 560.6349, 453.3030, 0.0000, 562.9771, 458.0579, 0.0000, 86, 132, 70
L 562.9771, 458.0579, 0.0000, 560.6747, 462.3785, 0.0000, 86, 132, 70
L 560.6747, 462.3785, 0.0000, 555.3293, 464.3183, 0.0000, 86, 132, 70
L 555.3293, 464.3183, 0.0000, 552.5450, 468.1383, 0.0000, 86, 132, 70
L 552.5450, 468.1383, 0.0000, 548.3705, 471.5588, 0.0000, 86, 132, 70
L 548.3705, 471.5588, 0.0000, 542.8119, 469.7345, 0.0000, 86, 132, 70
L 542.8119, 469.7345, 0.0000, 538.1238, 468.6996, 0.0000, 86, 132, 70
L 538.1238, 468.6996, 0.0000, 532.2082, 469.4652, 0.0000, 86, 132, 70
L 532.2082, 469.4652, 0.0000, 528.5533, 465.8506, 0.0000, 86, 132, 70
L 528.5533, 465.8506, 0.0000, 527.5609, 461.0515, 0.0000, 86, 132, 70
L 527.5609, 461.0515, 0.0000, 523.5172, 457.8526, 0.0000, 86, 132, 70
L 523.5172, 457.8526, 0.0000, 521.5064, 453.3030, 0.0000, 86, 132, 70
L 521.5064, 453.3030, 0.0000, 525.1819, 449.1459, 0.0000, 86, 132, 70
L 525.1819, 449.1459, 0.0000, 526.7884, 445.1620, 0.0000, 86, 132, 70
L 526.7884, 445.1620, 0.0000, 527.6612, 439.9704, 0.0000, 86, 132, 70
L 527.6612, 439.9704, 0.0000, 532.9807, 438.3183, 0.0000, 86, 132, 70
L 532.9807, 438.3183, 0.0000, 538.2433, 438.2990, 0.0000, 86, 132, 70
L 538.2433, 438.2990, 0.0000, 542.8119, 435.3014, 0.0000, 86, 132, 70
L 542.8119, 435.3014, 0.0000, 548.2510, 435.4397, 0.0000, 86, 132, 70
L 548.2510, 435.4397, 0.0000, 551.7724, 439.6453, 0.0000, 86, 132, 70
L 551.7724, 439.6453, 0.0000, 556.2213, 441.5027, 0.0000, 86, 132, 70
L 556.2213, 441.5027, 0.0000, 561.4472, 443.8350, 0.0000, 86, 132, 70
L 561.4472, 443.8350, 0.0000, 561.3125, 448.9407, 0.0000, 86, 132, 70
L 561.3125, 448.9407, 0.0000, 560.6349, 453.3030, 0.0000, 86, 132, 70
L 542.8119, 469.3457, 0.0000, 542.8119, 483.2248, 0.0000, 62, 104, 56
L 601.2986, 418.9792, 0.0000, 602.8246, 424.3626, 0.0000, 86, 132, 70
L 602.8246, 424.3626, 0.0000, 597.8550, 428.0539, 0.0000, 86, 132, 70
L 597.8550, 428.0539, 0.0000, 594.0313, 431.3321, 0.0000, 86, 132, 70
L 594.0313, 431.3321, 0.0000, 591.6257, 436.7084, 0.0000, 86, 132, 70
L 591.6257, 436.7084, 0.0000, 585.7578, 437.9089, 0.0000, 86, 132, 70
L 585.7578, 437.9089, 0.0000, 579.9940, 436.0270, 0.0000, 86, 132, 70
L 579.9940, 436.0270, 0.0000, 574.3346, 437.5656, 0.0000, 86, 132, 70
L 574.3346, 437.5656, 0.0000, 568.2577, 436.8677, 0.0000, 86, 132, 70
L 568.2577, 436.8677, 0.0000, 565.7475, 431.5161, 0.0000, 86, 132, 70
L 565.7475, 431.5161, 0.0000, 562.4465, 427.8945, 0.0000, 86, 132, 70
L 562.4465, 427.8945, 0.0000, 557.2678, 424.3379, 0.0000, 86, 132, 70
L 557.2678, 424.3379, 0.0000, 558.2712, 418.9792, 0.0000, 86, 132, 70
L 558.2712, 418.9792, 0.0000, 561.2633, 414.5626, 0.0000, 86, 132, 70
L 561.2633, 414.5626, 0.0000, 560.5922, 409.1218, 0.0000, 86, 132, 70
L 560.5922, 409.1218, 0.0000, 563.6063, 404.5581, 0.0000, 86, 132, 70
L 563.6063, 404.5581, 0.0000, 570.1120, 403.9171, 0.0000, 86, 132, 70
L 570.1120, 403.9171, 0.0000, 574.6215, 401.3349, 0.0000, 86, 132, 70
L 574.6215, 401.3349, 0.0000, 579.9940, 398.1629, 0.0000, 86, 132, 70
L 579.9940, 398.1629, 0.0000, 585.4710, 400.9916, 0.0000, 86, 132, 70
L 585.4710, 400.9916, 0.0000, 589.7714, 404.0764, 0.0000, 86, 132, 70
L 589.7714, 404.0764, 0.0000, 596.1725, 404.7421, 0.0000, 86, 132, 70
L 596.1725, 404.7421, 0.0000, 599.7094, 408.9624, 0.0000, 86, 132, 70
L 599.7094, 408.9624, 0.0000, 598.8291, 414.5380, 0.0000, 86, 132, 70
L 598.8291, 414.5380, 0.0000, 601.2986, 418.9792, 0.0000, 86, 132, 70
L 579.9940, 436.6205, 0.0000, 579.9940, 451.8826, 0.0000, 62, 104, 56
L 390.8373, 122.7636, 0.0000, 388.8459, 129.1013, 0.0000, 86, 132, 70
L 388.8459, 129.1013, 0.0000, 382.8558, 133.3760, 0.0000, 86, 132, 70
L 382.8558, 133.3760, 0.0000, 381.1174, 139.6149, 0.0000, 86, 132, 70
L 381.1174, 139.6149, 0.0000, 376.5955, 145.0587, 0.0000, 86, 132, 70
L 376.5955, 145.0587, 0.0000, 368.4819, 144.1564, 0.0000, 86, 132, 70
L 368.4819, 144.1564, 0.0000, 361.9681, 144.8601, 0.0000, 86, 132, 70
L 361.9681, 144.8601, 0.0000, 354.4036, 147.6068, 0.0000, 86, 132, 70
L 354.4036, 147.6068, 0.0000, 348.3913, 143.4573, 0.0000, 86, 132, 70
L 348.3913, 143.4573, 0.0000, 344.9201, 137.7659, 0.0000, 86, 132, 70
L 344.9201, 137.7659, 0.0000, 337.9285, 134.9773, 0.0000, 86, 132, 70
L 337.9285, 134.9773, 0.0000, 334.0397, 129.3490, 0.0000, 86, 132, 70
L 334.0397, 129.3490, 0.0000, 337.3014, 122.7636, 0.0000, 86, 132, 70
L 337.3014, 122.7636, 0.0000, 337.1342, 116.9079, 0.0000, 86, 132, 70
L 337.1342, 116.9079, 0.0000, 336.4924, 109.8202, 0.0000, 86, 132, 70
L 336.4924, 109.8202, 0.0000, 343.2617, 106.3020, 0.0000, 86, 132, 70
L 343.2617, 106.3020, 0.0000, 349.8275, 104.2588, 0.0000, 86, 132, 70
L 349.8275, 104.2588, 0.0000, 354.6258, 98.6500, 0.0000, 86, 132, 70
L 354.6258, 98.6500, 0.0000, 361.9681, 97.7485, 0.0000, 86, 132, 70
L 361.9681, 97.7485, 0.0000, 368.2598, 102.1005, 0.0000, 86, 132, 70
L 368.2598, 102.1005, 0.0000, 375.1593, 102.6575, 0.0000, 86, 132, 70
L 375.1593, 102.6575, 0.0000, 382.7757, 104.4529, 0.0000, 86, 132, 70
L 382.7757, 104.4529, 0.0000, 384.2920, 111.4215, 0.0000, 86, 132, 70
L 384.2920, 111.4215, 0.0000, 385.7514, 117.1556, 0.0000, 86, 132, 70
L 385.7514, 117.1556, 0.0000, 390.8373, 122.7636, 0.0000, 86, 132, 70
L 361.9681, 144.7133, 0.0000, 361.9681, 163.7028, 0.0000, 62, 104, 56
L -923.8887, -774.0136, 0.0000, -923.8887, -781.7872, 0.0000, 62, 104, 56
L -938.4642, -780.3296, 0.0000, -923.8887, -791.8686, 0.0000, 86, 132, 70
L -923.8887, -791.8686, 0.0000, -909.3131, -780.3296, 0.0000, 86, 132, 70
L -938.4642, -780.3296, 0.0000, -909.3131, -780.3296, 0.0000, 86, 132, 70
L -936.2050, -790.0467, 0.0000, -923.8887, -801.5856, 0.0000, 86, 132, 70
L -923.8887, -801.5856, 0.0000, -911.5723, -790.0467, 0.0000, 86, 132, 70
L -936.2050, -790.0467, 0.0000, -911.5723, -790.0467, 0.0000, 86, 132, 70
L -933.9458, -799.7637, 0.0000, -923.8887, -811.3027, 0.0000, 86, 132, 70
L -923.8887, -811.3027, 0.0000, -913.8315, -799.7637, 0.0000, 86, 132, 70
L -933.9458, -799.7637, 0.0000, -913.8315, -799.7637, 0.0000, 86, 132, 70
L -931.6865, -809.4807, 0.0000, -923.8887, -821.0198, 0.0000, 86, 132, 70
L -923.8887, -821.0198, 0.0000, -916.0907, -809.4807, 0.0000, 86, 132, 70
L -931.6865, -809.4807, 0.0000, -916.0907, -809.4807, 0.0000, 86, 132, 70
L -304.1985, 860.2913, 0.0000, -307.2673, 864.3680, 0.0000, 86, 132, 70
L -307.2673, 864.3680, 0.0000, -306.8499, 869.2875, 0.0000, 86, 132, 70
L -306.8499, 869.2875, 0.0000, -309.2926, 873.7236, 0.0000, 86, 132, 70
L -309.2926, 873.7236, 0.0000, -315.3319, 874.3516, 0.0000, 86, 132, 70
L -315.3319, 874.3516, 0.0000, -319.6565, 876.3844, 0.0000, 86, 132, 70
L -319.6565, 876.3844, 0.0000, -324.5566, 879.4926, 0.0000, 86, 132, 70
L -324.5566, 879.4926, 0.0000, -329.6921, 877.1573, 0.0000, 86, 132, 70
L -329.6921, 877.1573, 0.0000, -333.5460, 873.9929, 0.0000, 86, 132, 70
L -333.5460, 873.9929, 0.0000, -339.3500, 873.3094, 0.0000, 86, 132, 70
L -339.3500, 873.3094, 0.0000, -342.9693, 869.6462, 0.0000, 86, 132, 70
L -342.9693, 869.6462, 0.0000, -342.0813, 864.4235, 0.0000, 86, 132, 70
L -342.0813, 864.4235, 0.0000, -343.9734, 860.2913, 0.0000, 86, 132, 70
L -343.9734, 860.2913, 0.0000, -345.6869, 855.3089, 0.0000, 86, 132, 70
L -345.6869, 855.3089, 0.0000, -341.2960, 851.7866, 0.0000, 86, 132, 70
L -341.2960, 851.7866, 0.0000, -337.4177, 848.9735, 0.0000, 86, 132, 70
L -337.4177, 848.9735, 0.0000, -335.2194, 844.0391, 0.0000, 86, 132, 70
L -335.2194, 844.0391, 0.0000, -329.9510, 842.5752, 0.0000, 86, 132, 70
L -329.9510, 842.5752, 0.0000, -324.5566, 844.4907, 0.0000, 86, 132, 70
L -324.5566, 844.4907, 0.0000, -319.3976, 843.3480, 0.0000, 86, 132, 70
L -319.3976, 843.3480, 0.0000, -313.6585, 843.6804, 0.0000, 86, 132, 70
L -313.6585, 843.6804, 0.0000, -311.2249, 848.5594, 0.0000, 86, 132, 70
L -311.2249, 848.5594, 0.0000, -308.5233, 852.1453, 0.0000, 86, 132, 70
L -308.5233, 852.1453, 0.0000, -303.6617, 855.3644, 0.0000, 86, 132, 70
L -303.6617, 855.3644, 0.0000, -304.1985, 860.2913, 0.0000, 86, 132, 70
L -324.5566, 876.5990, 0.0000, -324.5566, 890.7074, 0.0000, 62, 104, 56
L -830.5397, -552.9893, 0.0000, -830.5397, -561.4769, 0.0000, 62, 104, 56
L -846.4539, -559.8855, 0.0000, -830.5397, -572.4843, 0.0000, 86, 132, 70
L -830.5397, -572.4843, 0.0000, -814.6255, -559.8855, 0.0000, 86, 132, 70
L -846.4539, -559.8855, 0.0000, -814.6255, -559.8855, 0.0000, 86, 132, 70
L -843.9872, -570.4949, 0.0000, -830.5397, -583.0937, 0.0000, 86, 132, 70
L -830.5397, -583.0937, 0.0000, -817.0922, -570.4949, 0.0000, 86, 132, 70
L -843.9872, -570.4949, 0.0000, -817.0922, -570.4949, 0.0000, 86, 132, 70
L -841.5205, -581.1044, 0.0000, -830.5397, -593.7031, 0.0000, 86, 132, 70
L -830.5397, -593.7031, 0.0000, -819.5589, -581.1044, 0.0000, 86, 132, 70
L -841.5205, -581.1044, 0.0000, -819.5589, -581.1044, 0.0000, 86, 132, 70
L -839.0538, -591.7139, 0.0000, -830.5397, -604.3126, 0.0000, 86, 132, 70
L -830.5397, -604.3126, 0.0000, -822.0256, -591.7139, 0.0000, 86, 132, 70
L -839.0538, -591.7139, 0.0000, -822.0256, -591.7139, 0.0000, 86, 132, 70
L -713.5850, -305.0887, 0.0000, -713.5850, -317.4503, 0.0000, 62, 104, 56
L -736.7628, -315.1325, 0.0000, -713.5850, -333.4816, 0.0000, 86, 132, 70
L -713.5850, -333.4816, 0.0000, -690.4071, -315.1325, 0.0000, 86, 132, 70
L -736.7628, -315.1325, 0.0000, -690.4071, -315.1325, 0.0000, 86, 132, 70
L -733.1702, -330.5844, 0.0000, -713.5850, -348.9335, 0.0000, 86, 132, 70
L -713.5850, -348.9335, 0.0000, -693.9997, -330.5844, 0.0000, 86, 132, 70
L -733.1702, -330.5844, 0.0000, -693.9997, -330.5844, 0.0000, 86, 132, 70
L -729.5777, -346.0363, 0.0000, -713.5850, -364.3854, 0.0000, 86, 132, 70
L -713.5850, -364.3854, 0.0000, -697.5922, -346.0363, 0.0000, 86, 132, 70
L -729.5777, -346.0363, 0.0000, -697.5922, -346.0363, 0.0000, 86, 132, 70
L -725.9851, -361.4882, 0.0000, -713.5850, -379.8373, 0.0000, 86, 132, 70
L -713.5850, -379.8373, 0.0000, -701.1848, -361.4882, 0.0000, 86, 132, 70
L -725.9851, -361.4882, 0.0000, -701.1848, -361.4882, 0.0000, 86, 132, 70
L -862.8360, -313.7923, 0.0000, -861.0567, -309.2916, 0.0000, 86, 132, 70
L -861.0567, -309.2916, 0.0000, -864.7986, -305.9958, 0.0000, 86, 132, 70
L -864.7986, -305.9958, 0.0000, -868.6016, -303.6350, 0.0000, 86, 132, 70
L -868.6016, -303.6350, 0.0000, -870.6004, -299.2459, 0.0000, 86, 132, 70
L -870.6004, -299.2459, 0.0000, -875.2128, -297.5974, 0.0000, 86, 132, 70
L -875.2128, -297.5974, 0.0000, -880.1440, -299.4424, 0.0000, 86, 132, 70
L -880.1440, -299.4424, 0.0000, -884.7413, -298.6937, 0.0000, 86, 132, 70
L -884.7413, -298.6937, 0.0000, -890.0214, -298.7371, 0.0000, 86, 132, 70
L -890.0214, -298.7371, 0.0000, -892.3540, -303.0475, 0.0000, 86, 132, 70
L -892.3540, -303.0475, 0.0000, -894.4880, -306.5046, 0.0000, 86, 132, 70
L -894.4880, -306.5046, 0.0000, -898.8974, -309.3703, 0.0000, 86, 132, 70
L -898.8974, -309.3703, 0.0000, -898.7873, -313.7923, 0.0000, 86, 132, 70
L -898.7873, -313.7923, 0.0000, -895.7831, -317.4799, 0.0000, 86, 132, 70
L -895.7831, -317.4799, 0.0000, -895.9334, -321.8144, 0.0000, 86, 132, 70
L -895.9334, -321.8144, 0.0000, -894.0230, -326.0059, 0.0000, 86, 132, 70
L -894.0230, -326.0059, 0.0000, -888.5760, -326.6445, 0.0000, 86, 132, 70
L -888.5760, -326.6445, 0.0000, -884.5177, -328.1566, 0.0000, 86, 132, 70
L -884.5177, -328.1566, 0.0000, -880.1440, -331.0796, 0.0000, 86, 132, 70
L -880.1440, -331.0796, 0.0000, -875.4364, -329.2529, 0.0000, 86, 132, 70
L -875.4364, -329.2529, 0.0000, -872.0458, -326.1357, 0.0000, 86, 132, 70
L -872.0458, -326.1357, 0.0000, -866.9326, -325.4183, 0.0000, 86, 132, 70
L -866.9326, -325.4183, 0.0000, -863.3532, -322.3232, 0.0000, 86, 132, 70
L -863.3532, -322.3232, 0.0000, -864.1711, -317.5586, 0.0000, 86, 132, 70
L -864.1711, -317.5586, 0.0000, -862.8360, -313.7923, 0.0000, 86, 132, 70
L -880.1440, -299.0523, 0.0000, -880.1440, -286.3001, 0.0000, 62, 104, 56
L -506.7562, 984.7650, 0.0000, -506.7562, 973.4729, 0.0000, 62, 104, 56
L -527.9289, 975.5902, 0.0000, -506.7562, 958.8285, 0.0000, 86, 132, 70
L -506.7562, 958.8285, 0.0000, -485.5836, 975.5902, 0.0000, 86, 132, 70
L -527.9289, 975.5902, 0.0000, -485.5836, 975.5902, 0.0000, 86, 132, 70
L -524.6471, 961.4750, 0.0000, -506.7562, 944.7134, 0.0000, 86, 132, 70
L -506.7562, 944.7134, 0.0000, -488.8653, 961.4750, 0.0000, 86, 132, 70
L -524.6471, 961.4750, 0.0000, -488.8653, 961.4750, 0.0000, 86, 132, 70
L -521.3654, 947.3599, 0.0000, -506.7562, 930.5982, 0.0000, 86, 132, 70
L -506.7562, 930.5982, 0.0000, -492.1471, 947.3599, 0.0000, 86, 132, 70
L -521.3654, 947.3599, 0.0000, -492.1471, 947.3599, 0.0000, 86, 132, 70
L -518.0836, 933.2448, 0.0000, -506.7562, 916.4831, 0.0000, 86, 132, 70
L -506.7562, 916.4831, 0.0000, -495.4288, 933.2448, 0.0000, 86, 132, 70
L -518.0836, 933.2448, 0.0000, -495.4288, 933.2448, 0.0000, 86, 132, 70
L -299.9823, 969.0339, 0.0000, -303.2212, 973.4089, 0.0000, 86, 132, 70
L -303.2212, 973.4089, 0.0000, -306.0584, 977.0191, 0.0000, 86, 132, 70
L -306.0584, 977.0191, 0.0000, -306.7269, 982.2764, 0.0000, 86, 132, 70
L -306.7269, 982.2764, 0.0000, -311.4152, 984.8246, 0.0000, 86, 132, 70
L -311.4152, 984.8246, 0.0000, -317.1482, 984.2299, 0.0000, 86, 132, 70
L -317.1482, 984.2299, 0.0000, -321.7752, 986.5550, 0.0000, 86, 132, 70
L -321.7752, 986.5550, 0.0000, -327.3917, 987.4797, 0.0000, 86, 132, 70
L -327.3917, 987.4797, 0.0000, -331.1456, 983.3164, 0.0000, 86, 132, 70
L -331.1456, 983.3164, 0.0000, -334.8444, 980.5348, 0.0000, 86, 132, 70
L -334.8444, 980.5348, 0.0000, -340.4606, 978.5273, 0.0000, 86, 132, 70
L -340.4606, 978.5273, 0.0000, -341.3188, 973.6422, 0.0000, 86, 132, 70
L -341.3188, 973.6422, 0.0000, -339.6101, 969.0339, 0.0000, 86, 132, 70
L -339.6101, 969.0339, 0.0000, -341.4987, 964.3832, 0.0000, 86, 132, 70
L -341.4987, 964.3832, 0.0000, -340.3771, 959.5829, 0.0000, 86, 132, 70
L -340.3771, 959.5829, 0.0000, -334.7480, 957.6178, 0.0000, 86, 132, 70
L -334.7480, 957.6178, 0.0000, -331.2291, 954.6242, 0.0000, 86, 132, 70
L -331.2291, 954.6242, 0.0000, -327.4046, 950.5457, 0.0000, 86, 132, 70
L -327.4046, 950.5457, 0.0000, -321.7752, 951.6825, 0.0000, 86, 132, 70
L -321.7752, 951.6825, 0.0000, -317.1353, 953.7955, 0.0000, 86, 132, 70
L -317.1353, 953.7955, 0.0000, -311.3317, 953.1159, 0.0000, 86, 132, 70
L -311.3317, 953.1159, 0.0000, -306.8233, 955.8763, 0.0000, 86, 132, 70
L -306.8233, 955.8763, 0.0000, -306.1419, 961.0911, 0.0000, 86, 132, 70
L -306.1419, 961.0911, 0.0000, -303.0412, 964.6165, 0.0000, 86, 132, 70
L -303.0412, 964.6165, 0.0000, -299.9823, 969.0339, 0.0000, 86, 132, 70
L -321.7752, 985.2813, 0.0000, -321.7752, 999.3375, 0.0000, 62, 104, 56
L -940.1345, 431.7206, 0.0000, -943.2645, 435.3532, 0.0000, 86, 132, 70
L -943.2645, 435.3532, 0.0000, -943.3780, 439.4900, 0.0000, 86, 132, 70
L -943.3780, 439.4900, 0.0000, -944.9807, 443.7674, 0.0000, 86, 132, 70
L -944.9807, 443.7674, 0.0000, -950.2851, 444.5012, 0.0000, 86, 132, 70
L -950.2851, 444.5012, 0.0000, -954.4233, 445.6682, 0.0000, 86, 132, 70
L -954.4233, 445.6682, 0.0000, -958.6702, 448.6038, 0.0000, 86, 132, 70
L -958.6702, 448.6038, 0.0000, -963.3573, 447.1140, 0.0000, 86, 132, 70
L -963.3573, 447.1140, 0.0000, -966.6151, 443.8302, 0.0000, 86, 132, 70
L -966.6151, 443.8302, 0.0000, -971.4793, 442.9925, 0.0000, 86, 132, 70
L -971.4793, 442.9925, 0.0000, -975.2831, 440.1610, 0.0000, 86, 132, 70
L -975.2831, 440.1610, 0.0000, -974.5162, 435.4570, 0.0000, 86, 132, 70
L -974.5162, 435.4570, 0.0000, -975.4450, 431.7206, 0.0000, 86, 132, 70
L -975.4450, 431.7206, 0.0000, -977.3718, 427.3108, 0.0000, 86, 132, 70
L -977.3718, 427.3108, 0.0000, -973.9578, 423.9534, 0.0000, 86, 132, 70
L -973.9578, 423.9534, 0.0000, -969.9490, 421.7953, 0.0000, 86, 132, 70
L -969.9490, 421.7953, 0.0000, -967.9404, 417.5910, 0.0000, 86, 132, 70
L -967.9404, 417.5910, 0.0000, -963.5624, 415.6537, 0.0000, 86, 132, 70
L -963.5624, 415.6537, 0.0000, -958.6702, 417.5306, 0.0000, 86, 132, 70
L -958.6702, 417.5306, 0.0000, -954.2183, 417.0996, 0.0000, 86, 132, 70
L -954.2183, 417.0996, 0.0000, -948.9598, 416.9199, 0.0000, 86, 132, 70
L -948.9598, 416.9199, 0.0000, -946.5110, 421.0204, 0.0000, 86, 132, 70
L -946.5110, 421.0204, 0.0000, -944.7033, 424.6244, 0.0000, 86, 132, 70
L -944.7033, 424.6244, 0.0000, -940.4089, 427.4146, 0.0000, 86, 132, 70
L -940.4089, 427.4146, 0.0000, -940.1345, 431.7206, 0.0000, 86, 132, 70
L -958.6702, 446.1979, 0.0000, -958.6702, 458.7227, 0.0000, 62, 104, 56
L -424.9418, 1015.8673, 0.0000, -426.4387, 1021.1799, 0.0000, 86, 132, 70
L -426.4387, 1021.1799, 0.0000, -425.3206, 1027.8825, 0.0000, 86, 132, 70
L -425.3206, 1027.8825, 0.0000, -430.6212, 1032.0137, 0.0000, 86, 132, 70
L -430.6212, 1032.0137, 0.0000, -437.6344, 1033.1441, 0.0000, 86, 132, 70
L -437.6344, 1033.1441, 0.0000, -442.3110, 1037.7347, 0.0000, 86, 132, 70
L -442.3110, 1037.7347, 0.0000, -448.9693, 1039.9989, 0.0000, 86, 132, 70
L -448.9693, 1039.9989, 0.0000, -455.0485, 1035.8326, 0.0000, 86, 132, 70
L -455.0485, 1035.8326, 0.0000, -460.8834, 1034.0269, 0.0000, 86, 132, 70
L -460.8834, 1034.0269, 0.0000, -468.4758, 1033.0330, 0.0000, 86, 132, 70
L -468.4758, 1033.0330, 0.0000, -470.8806, 1026.9997, 0.0000, 86, 132, 70
L -470.8806, 1026.9997, 0.0000, -470.9208, 1021.0434, 0.0000, 86, 132, 70
L -470.9208, 1021.0434, 0.0000, -475.3135, 1015.8673, 0.0000, 86, 132, 70
L -475.3135, 1015.8673, 0.0000, -475.0940, 1009.7072, 0.0000, 86, 132, 70
L -475.0940, 1009.7072, 0.0000, -468.9438, 1005.7189, 0.0000, 86, 132, 70
L -468.9438, 1005.7189, 0.0000, -466.2394, 1000.6697, 0.0000, 86, 132, 70
L -466.2394, 1000.6697, 0.0000, -462.8202, 994.7557, 0.0000, 86, 132, 70
L -462.8202, 994.7557, 0.0000, -455.3481, 994.9180, 0.0000, 86, 132, 70
L -455.3481, 994.9180, 0.0000, -448.9693, 995.6718, 0.0000, 86, 132, 70
L -448.9693, 995.6718, 0.0000, -442.0113, 993.0159, 0.0000, 86, 132, 70
L -442.0113, 993.0159, 0.0000, -435.6976, 995.6384, 0.0000, 86, 132, 70
L -435.6976, 995.6384, 0.0000, -432.8576, 1001.6890, 0.0000, 86, 132, 70
L -432.8576, 1001.6890, 0.0000, -427.2574, 1004.8362, 0.0000, 86, 132, 70
L -427.2574, 1004.8362, 0.0000, -422.2654, 1009.5707, 0.0000, 86, 132, 70
L -422.2654, 1009.5707, 0.0000, -424.9418, 1015.8673, 0.0000, 86, 132, 70
L -448.9693, 1036.5197, 0.0000, -448.9693, 1054.3869, 0.0000, 62, 104, 56
L 166.8432, 522.0087, 0.0000, 168.6126, 527.0225, 0.0000, 86, 132, 70
L 168.6126, 527.0225, 0.0000, 167.8020, 532.4000, 0.0000, 86, 132, 70
L 167.8020, 532.4000, 0.0000, 161.6805, 534.6200, 0.0000, 86, 132, 70
L 161.6805, 534.6200, 0.0000, 157.5483, 537.5537, 0.0000, 86, 132, 70
L 157.5483, 537.5537, 0.0000, 153.4783, 542.1366, 0.0000, 86, 132, 70
L 153.4783, 542.1366, 0.0000, 147.3496, 541.2368, 0.0000, 86, 132, 70
L 147.3496, 541.2368, 0.0000, 142.2987, 538.5969, 0.0000, 86, 132, 70
L 142.2987, 538.5969, 0.0000, 136.0730, 539.1965, 0.0000, 86, 132, 70
L 136.0730, 539.1965, 0.0000, 130.8630, 536.5169, 0.0000, 86, 132, 70
L 130.8630, 536.5169, 0.0000, 130.1305, 530.7572, 0.0000, 86, 132, 70
L 130.1305, 530.7572, 0.0000, 127.1643, 526.7683, 0.0000, 86, 132, 70
L 127.1643, 526.7683, 0.0000, 123.5448, 522.0087, 0.0000, 86, 132, 70
L 123.5448, 522.0087, 0.0000, 126.7895, 517.1608, 0.0000, 86, 132, 70
L 126.7895, 517.1608, 0.0000, 130.3045, 513.3487, 0.0000, 86, 132, 70
L 130.3045, 513.3487, 0.0000, 131.0639, 507.6773, 0.0000, 86, 132, 70
L 131.0639, 507.6773, 0.0000, 135.8991, 504.5559, 0.0000, 86, 132, 70
L 135.8991, 504.5559, 0.0000, 142.2718, 505.3322, 0.0000, 86, 132, 70
L 142.2718, 505.3322, 0.0000, 147.3496, 503.1342, 0.0000, 86, 132, 70
L 147.3496, 503.1342, 0.0000, 153.5052, 501.7926, 0.0000, 86, 132, 70
L 153.5052, 501.7926, 0.0000, 157.7223, 506.1986, 0.0000, 86, 132, 70
L 157.7223, 506.1986, 0.0000, 161.4797, 509.5743, 0.0000, 86, 132, 70
L 161.4797, 509.5743, 0.0000, 167.6281, 511.7059, 0.0000, 86, 132, 70
L 167.6281, 511.7059, 0.0000, 168.9874, 516.9066, 0.0000, 86, 132, 70
L 168.9874, 516.9066, 0.0000, 166.8432, 522.0087, 0.0000, 86, 132, 70
L 147.3496, 539.7611, 0.0000, 147.3496, 555.1193, 0.0000, 62, 104, 56
L -854.2778, -413.9748, 0.0000, -851.4741, -407.9853, 0.0000, 86, 132, 70
L -851.4741, -407.9853, 0.0000, -855.7293, -403.2311, 0.0000, 86, 132, 70
L -855.7293, -403.2311, 0.0000, -861.5377, -400.4776, 0.0000, 86, 132, 70
L -861.5377, -400.4776, 0.0000, -864.3844, -394.9358, 0.0000, 86, 132, 70
L -864.3844, -394.9358, 0.0000, -870.1449, -391.8700, 0.0000, 86, 132, 70
L -870.1449, -391.8700, 0.0000, -876.8756, -394.4526, 0.0000, 86, 132, 70
L -876.8756, -394.4526, 0.0000, -882.8644, -394.3061, 0.0000, 86, 132, 70
L -882.8644, -394.3061, 0.0000, -890.1085, -393.8052, 0.0000, 86, 132, 70
L -890.1085, -393.8052, 0.0000, -893.6969, -399.1721, 0.0000, 86, 132, 70
L -893.6969, -399.1721, 0.0000, -895.7965, -404.3617, 0.0000, 86, 132, 70
L -895.7965, -404.3617, 0.0000, -901.5353, -408.1602, 0.0000, 86, 132, 70
L -901.5353, -408.1602, 0.0000, -902.4404, -413.9748, 0.0000, 86, 132, 70
L -902.4404, -413.9748, 0.0000, -897.9956, -418.9548, 0.0000, 86, 132, 70
L -897.9956, -418.9548, 0.0000, -897.4393, -424.4226, 0.0000, 86, 132, 70
L -897.4393, -424.4226, 0.0000, -895.5938, -430.4469, 0.0000, 86, 132, 70
L -895.5938, -430.4469, 0.0000, -888.4657, -431.6406, 0.0000, 86, 132, 70
L -888.4657, -431.6406, 0.0000, -882.6103, -432.8089, 0.0000, 86, 132, 70
L -882.6103, -432.8089, 0.0000, -876.8756, -436.8357, 0.0000, 86, 132, 70
L -876.8756, -436.8357, 0.0000, -870.3991, -435.2450, 0.0000, 86, 132, 70
L -870.3991, -435.2450, 0.0000, -866.0272, -430.5100, 0.0000, 86, 132, 70
L -866.0272, -430.5100, 0.0000, -859.6408, -429.1414, 0.0000, 86, 132, 70
L -859.6408, -429.1414, 0.0000, -854.0865, -425.5532, 0.0000, 86, 132, 70
L -854.0865, -425.5532, 0.0000, -855.0138, -419.1297, 0.0000, 86, 132, 70
L -855.0138, -419.1297, 0.0000, -854.2778, -413.9748, 0.0000, 86, 132, 70
L -876.8756, -394.2282, 0.0000, -876.8756, -377.1446, 0.0000, 62, 104, 56
L 39.0555, 989.7246, 0.0000, 39.0555, 979.9125, 0.0000, 62, 104, 56
L 20.6577, 981.7523, 0.0000, 39.0555, 967.1874, 0.0000, 86, 132, 70
L 39.0555, 967.1874, 0.0000, 57.4533, 981.7523, 0.0000, 86, 132, 70
L 20.6577, 981.7523, 0.0000, 57.4533, 981.7523, 0.0000, 86, 132, 70
L 23.5094, 969.4871, 0.0000, 39.0555, 954.9222, 0.0000, 86, 132, 70
L 39.0555, 954.9222, 0.0000, 54.6016, 969.4871, 0.0000, 86, 132, 70
L 23.5094, 969.4871, 0.0000, 54.6016, 969.4871, 0.0000, 86, 132, 70
L 26.3610, 957.2219, 0.0000, 39.0555, 942.6570, 0.0000, 86, 132, 70
L 39.0555, 942.6570, 0.0000, 51.7500, 957.2219, 0.0000, 86, 132, 70
L 26.3610, 957.2219, 0.0000, 51.7500, 957.2219, 0.0000, 86, 132, 70
L 29.2127, 944.9567, 0.0000, 39.0555, 930.3918, 0.0000, 86, 132, 70
L 39.0555, 930.3918, 0.0000, 48.8983, 944.9567, 0.0000, 86, 132, 70
L 29.2127, 944.9567, 0.0000, 48.8983, 944.9567, 0.0000, 86, 132, 70
L -1039.4380, 644.3429, 0.0000, -1042.1143, 648.8804, 0.0000, 86, 132, 70
L -1042.1143, 648.8804, 0.0000, -1045.7155, 652.2900, 0.0000, 86, 132, 70
L -1045.7155, 652.2900, 0.0000, -1046.4925, 657.4240, 0.0000, 86, 132, 70
L -1046.4925, 657.4240, 0.0000, -1050.6824, 660.6137, 0.0000, 86, 132, 70
L -1050.6824, 660.6137, 0.0000, -1056.6417, 659.8300, 0.0000, 86, 132, 70
L -1056.6417, 659.8300, 0.0000, -1061.3573, 661.5136, 0.0000, 86, 132, 70
L -1061.3573, 661.5136, 0.0000, -1067.0444, 663.0205, 0.0000, 86, 132, 70
L -1067.0444, 663.0205, 0.0000, -1071.0607, 659.1329, 0.0000, 86, 132, 70
L -1071.0607, 659.1329, 0.0000, -1074.2791, 655.7142, 0.0000, 86, 132, 70
L -1074.2791, 655.7142, 0.0000, -1079.9135, 653.7708, 0.0000, 86, 132, 70
L -1079.9135, 653.7708, 0.0000, -1081.5718, 649.1094, 0.0000, 86, 132, 70
L -1081.5718, 649.1094, 0.0000, -1079.3907, 644.3429, 0.0000, 86, 132, 70
L -1079.3907, 644.3429, 0.0000, -1080.7056, 639.7807, 0.0000, 86, 132, 70
L -1080.7056, 639.7807, 0.0000, -1080.3155, 634.7109, 0.0000, 86, 132, 70
L -1080.3155, 634.7109, 0.0000, -1074.7433, 632.5633, 0.0000, 86, 132, 70
L -1074.7433, 632.5633, 0.0000, -1070.6587, 630.1657, 0.0000, 86, 132, 70
L -1070.6587, 630.1657, 0.0000, -1066.9822, 625.8696, 0.0000, 86, 132, 70
L -1066.9822, 625.8696, 0.0000, -1061.3573, 626.3553, 0.0000, 86, 132, 70
L -1061.3573, 626.3553, 0.0000, -1056.7039, 629.0602, 0.0000, 86, 132, 70
L -1056.7039, 629.0602, 0.0000, -1051.0844, 628.6849, 0.0000, 86, 132, 70
L -1051.0844, 628.6849, 0.0000, -1046.0283, 630.8535, 0.0000, 86, 132, 70
L -1046.0283, 630.8535, 0.0000, -1045.3135, 636.1916, 0.0000, 86, 132, 70
L -1045.3135, 636.1916, 0.0000, -1042.9805, 640.0098, 0.0000, 86, 132, 70
L -1042.9805, 640.0098, 0.0000, -1039.4380, 644.3429, 0.0000, 86, 132, 70
L -1061.3573, 660.7235, 0.0000, -1061.3573, 674.8950, 0.0000, 62, 104, 56
L -183.7383, 1085.6542, 0.0000, -183.7383, 1074.6497, 0.0000, 62, 104, 56
L -204.3717, 1076.7131, 0.0000, -183.7383, 1060.3783, 0.0000, 86, 132, 70
L -183.7383, 1060.3783, 0.0000, -163.1049, 1076.7131, 0.0000, 86, 132, 70
L -204.3717, 1076.7131, 0.0000, -163.1049, 1076.7131, 0.0000, 86, 132, 70
L -201.1735, 1062.9575, 0.0000, -183.7383, 1046.6227, 0.0000, 86, 132, 70
L -183.7383, 1046.6227, 0.0000, -166.3031, 1062.9575, 0.0000, 86, 132, 70
L -201.1735, 1062.9575, 0.0000, -166.3031, 1062.9575, 0.0000, 86, 132, 70
L -197.9754, 1049.2019, 0.0000, -183.7383, 1032.8671, 0.0000, 86, 132, 70
L -183.7383, 1032.8671, 0.0000, -169.5013, 1049.2019, 0.0000, 86, 132, 70
L -197.9754, 1049.2019, 0.0000, -169.5013, 1049.2019, 0.0000, 86, 132, 70
L -194.7772, 1035.4463, 0.0000, -183.7383, 1019.1115, 0.0000, 86, 132, 70
L -183.7383, 1019.1115, 0.0000, -172.6994, 1035.4463, 0.0000, 86, 132, 70
L -194.7772, 1035.4463, 0.0000, -172.6994, 1035.4463, 0.0000, 86, 132, 70
L 449.1405, -762.0119, 0.0000, 447.5381, -758.7366, 0.0000, 86, 132, 70
L 447.5381, -758.7366, 0.0000, 448.2300, -754.6030, 0.0000, 86, 132, 70
L 448.2300, -754.6030, 0.0000, 445.4410, -751.6336, 0.0000, 86, 132, 70
L 445.4410, -751.6336, 0.0000, 440.7993, -751.1112, 0.0000, 86, 132, 70
L 440.7993, -751.1112, 0.0000, 437.7091, -748.6728, 0.0000, 86, 132, 70
L 437.7091, -748.6728, 0.0000, 433.6475, -746.7451, 0.0000, 86, 132, 70
L 433.6475, -746.7451, 0.0000, 429.7388, -749.1747, 0.0000, 86, 132, 70
L 429.7388, -749.1747, 0.0000, 426.3430, -750.8783, 0.0000, 86, 132, 70
L 426.3430, -750.8783, 0.0000, 421.5484, -751.3646, 0.0000, 86, 132, 70
L 421.5484, -751.3646, 0.0000, 419.5236, -754.8360, 0.0000, 86, 132, 70
L 419.5236, -754.8360, 0.0000, 419.9098, -758.7726, 0.0000, 86, 132, 70
L 419.9098, -758.7726, 0.0000, 417.5433, -762.0119, 0.0000, 86, 132, 70
L 417.5433, -762.0119, 0.0000, 417.0174, -765.9332, 0.0000, 86, 132, 70
L 417.0174, -765.9332, 0.0000, 420.8659, -768.5058, 0.0000, 86, 132, 70
L 420.8659, -768.5058, 0.0000, 423.0984, -771.2951, 0.0000, 86, 132, 70
L 423.0984, -771.2951, 0.0000, 425.0006, -775.1915, 0.0000, 86, 132, 70
L 425.0006, -775.1915, 0.0000, 429.5312, -775.5310, 0.0000, 86, 132, 70
L 429.5312, -775.5310, 0.0000, 433.6475, -774.5507, 0.0000, 86, 132, 70
L 433.6475, -774.5507, 0.0000, 437.9168, -776.0330, 0.0000, 86, 132, 70
L 437.9168, -776.0330, 0.0000, 442.1416, -774.9587, 0.0000, 86, 132, 70
L 442.1416, -774.9587, 0.0000, 443.8910, -771.0262, 0.0000, 86, 132, 70
L 443.8910, -771.0262, 0.0000, 446.8877, -768.7388, 0.0000, 86, 132, 70
L 446.8877, -768.7388, 0.0000, 450.4305, -765.9692, 0.0000, 86, 132, 70
L 450.4305, -765.9692, 0.0000, 449.1405, -762.0119, 0.0000, 86, 132, 70
L 433.6475, -749.0570, 0.0000, 433.6475, -737.8492, 0.0000, 62, 104, 56
L -1079.8378, 1011.0943, 0.0000, -1078.6018, 1016.9017, 0.0000, 86, 132, 70
L -1078.6018, 1016.9017, 0.0000, -1078.6849, 1023.5653, 0.0000, 86, 132, 70
L -1078.6849, 1023.5653, 0.0000, -1085.7190, 1026.5048, 0.0000, 86, 132, 70
L -1085.7190, 1026.5048, 0.0000, -1091.3448, 1029.2111, 0.0000, 86, 132, 70
L -1091.3448, 1029.2111, 0.0000, -1096.0191, 1034.7791, 0.0000, 86, 132, 70
L -1096.0191, 1034.7791, 0.0000, -1103.2309, 1034.6249, 0.0000, 86, 132, 70
L -1103.2309, 1034.6249, 0.0000, -1109.2432, 1030.8398, 0.0000, 86, 132, 70
L -1109.2432, 1030.8398, 0.0000, -1116.3164, 1031.0393, 0.0000, 86, 132, 70
L -1116.3164, 1031.0393, 0.0000, -1123.1417, 1028.6158, 0.0000, 86, 132, 70
L -1123.1417, 1028.6158, 0.0000, -1124.1784, 1021.7371, 0.0000, 86, 132, 70
L -1124.1784, 1021.7371, 0.0000, -1126.6605, 1016.6189, 0.0000, 86, 132, 70
L -1126.6605, 1016.6189, 0.0000, -1131.4218, 1011.0943, 0.0000, 86, 132, 70
L -1131.4218, 1011.0943, 0.0000, -1128.4282, 1005.1529, 0.0000, 86, 132, 70
L -1128.4282, 1005.1529, 0.0000, -1123.3580, 1000.8683, 0.0000, 86, 132, 70
L -1123.3580, 1000.8683, 0.0000, -1122.1944, 994.4064, 0.0000, 86, 132, 70
L -1122.1944, 994.4064, 0.0000, -1117.1368, 989.8988, 0.0000, 86, 132, 70
L -1117.1368, 989.8988, 0.0000, -1109.3701, 990.9319, 0.0000, 86, 132, 70
L -1109.3701, 990.9319, 0.0000, -1103.2309, 989.2310, 0.0000, 86, 132, 70
L -1103.2309, 989.2310, 0.0000, -1095.8922, 986.9927, 0.0000, 86, 132, 70
L -1095.8922, 986.9927, 0.0000, -1090.5244, 991.7270, 0.0000, 86, 132, 70
L -1090.5244, 991.7270, 0.0000, -1086.6663, 996.5175, 0.0000, 86, 132, 70
L -1086.6663, 996.5175, 0.0000, -1079.5053, 999.0401, 0.0000, 86, 132, 70
L -1079.5053, 999.0401, 0.0000, -1076.8341, 1004.8701, 0.0000, 86, 132, 70
L -1076.8341, 1004.8701, 0.0000, -1079.8378, 1011.0943, 0.0000, 86, 132, 70
L -1103.2309, 1032.2437, 0.0000, -1103.2309, 1050.5409, 0.0000, 62, 104, 56
L -828.6583, 114.1781, 0.0000, -826.0907, 119.3477, 0.0000, 86, 132, 70
L -826.0907, 119.3477, 0.0000, -829.0215, 123.8279, 0.0000, 86, 132, 70
L -829.0215, 123.8279, 0.0000, -834.5889, 125.9928, 0.0000, 86, 132, 70
L -834.5889, 125.9928, 0.0000, -837.3762, 130.3934, 0.0000, 86, 132, 70
L -837.3762, 130.3934, 0.0000, -842.0526, 133.7592, 0.0000, 86, 132, 70
L -842.0526, 133.7592, 0.0000, -848.0148, 131.6333, 0.0000, 86, 132, 70
L -848.0148, 131.6333, 0.0000, -853.1221, 130.9516, 0.0000, 86, 132, 70
L -853.1221, 130.9516, 0.0000, -859.5082, 131.6964, 0.0000, 86, 132, 70
L -859.5082, 131.6964, 0.0000, -863.1503, 127.4974, 0.0000, 86, 132, 70
L -863.1503, 127.4974, 0.0000, -864.4434, 122.5250, 0.0000, 86, 132, 70
L -864.4434, 122.5250, 0.0000, -869.0839, 119.1461, 0.0000, 86, 132, 70
L -869.0839, 119.1461, 0.0000, -870.7907, 114.1781, 0.0000, 86, 132, 70
L -870.7907, 114.1781, 0.0000, -866.7874, 109.7516, 0.0000, 86, 132, 70
L -866.7874, 109.7516, 0.0000, -865.5092, 105.2897, 0.0000, 86, 132, 70
L -865.5092, 105.2897, 0.0000, -864.3810, 99.7758, 0.0000, 86, 132, 70
L -864.3810, 99.7758, 0.0000, -858.4424, 98.2843, 0.0000, 86, 132, 70
L -858.4424, 98.2843, 0.0000, -852.9572, 97.9461, 0.0000, 86, 132, 70
L -852.9572, 97.9461, 0.0000, -848.0148, 94.5569, 0.0000, 86, 132, 70
L -848.0148, 94.5569, 0.0000, -842.2174, 95.1385, 0.0000, 86, 132, 70
L -842.2174, 95.1385, 0.0000, -838.4420, 99.5873, 0.0000, 86, 132, 70
L -838.4420, 99.5873, 0.0000, -833.3582, 101.2804, 0.0000, 86, 132, 70
L -833.3582, 101.2804, 0.0000, -827.9557, 103.9867, 0.0000, 86, 132, 70
L -827.9557, 103.9867, 0.0000, -828.3872, 109.5500, 0.0000, 86, 132, 70
L -828.3872, 109.5500, 0.0000, -828.6583, 114.1781, 0.0000, 86, 132, 70
L -848.0148, 131.4523, 0.0000, -848.0148, 146.3969, 0.0000, 62, 104, 56
L -1019.0687, -233.8964, 0.0000, -1019.0687, -243.2576, 0.0000, 62, 104, 56
L -1036.6208, -241.5024, 0.0000, -1019.0687, -255.3978, 0.0000, 86, 132, 70
L -1019.0687, -255.3978, 0.0000, -1001.5165, -241.5024, 0.0000, 86, 132, 70
L -1036.6208, -241.5024, 0.0000, -1001.5165, -241.5024, 0.0000, 86, 132, 70
L -1033.9002, -253.2038, 0.0000, -1019.0687, -267.0993, 0.0000, 86, 132, 70
L -1019.0687, -267.0993, 0.0000, -1004.2371, -253.2038, 0.0000, 86, 132, 70
L -1033.9002, -253.2038, 0.0000, -1004.2371, -253.2038, 0.0000, 86, 132, 70
L -1031.1796, -264.9053, 0.0000, -1019.0687, -278.8007, 0.0000, 86, 132, 70
L -1019.0687, -278.8007, 0.0000, -1006.9577, -264.9053, 0.0000, 86, 132, 70
L -1031.1796, -264.9053, 0.0000, -1006.9577, -264.9053, 0.0000, 86, 132, 70
L -1028.4591, -276.6067, 0.0000, -1019.0687, -290.5022, 0.0000, 86, 132, 70
L -1019.0687, -290.5022, 0.0000, -1009.6782, -276.6067, 0.0000, 86, 132, 70
L -1028.4591, -276.6067, 0.0000, -1009.6782, -276.6067, 0.0000, 86, 132, 70
L 487.4799, 321.4810, 0.0000, 487.4799, 309.2088, 0.0000, 62, 104, 56
L 464.4695, 311.5098, 0.0000, 487.4799, 293.2932, 0.0000, 86, 132, 70
L 487.4799, 293.2932, 0.0000, 510.4903, 311.5098, 0.0000, 86, 132, 70
L 464.4695, 311.5098, 0.0000, 510.4903, 311.5098, 0.0000, 86, 132, 70
L 468.0361, 296.1695, 0.0000, 487.4799, 277.9529, 0.0000, 86, 132, 70
L 487.4799, 277.9529, 0.0000, 506.9237, 296.1695, 0.0000, 86, 132, 70
L 468.0361, 296.1695, 0.0000, 506.9237, 296.1695, 0.0000, 86, 132, 70
L 471.6027, 280.8292, 0.0000, 487.4799, 262.6127, 0.0000, 86, 132, 70
L 487.4799, 262.6127, 0.0000, 503.3571, 280.8292, 0.0000, 86, 132, 70
L 471.6027, 280.8292, 0.0000, 503.3571, 280.8292, 0.0000, 86, 132, 70
L 475.1693, 265.4890, 0.0000, 487.4799, 247.2724, 0.0000, 86, 132, 70
L 487.4799, 247.2724, 0.0000, 499.7905, 265.4890, 0.0000, 86, 132, 70
L 475.1693, 265.4890, 0.0000, 499.7905, 265.4890, 0.0000, 86, 132, 70
L -933.7145, -278.8269, 0.0000, -938.7189, -273.1775, 0.0000, 86, 132, 70
L -938.7189, -273.1775, 0.0000, -940.8697, -267.7468, 0.0000, 86, 132, 70
L -940.8697, -267.7468, 0.0000, -942.0688, -260.6908, 0.0000, 86, 132, 70
L -942.0688, -260.6908, 0.0000, -949.3199, -258.4664, 0.0000, 86, 132, 70
L -949.3199, -258.4664, 0.0000, -956.4637, -258.4179, 0.0000, 86, 132, 70
L -956.4637, -258.4179, 0.0000, -962.6780, -254.3273, 0.0000, 86, 132, 70
L -962.6780, -254.3273, 0.0000, -970.0708, -254.5473, 0.0000, 86, 132, 70
L -970.0708, -254.5473, 0.0000, -974.8575, -260.2628, 0.0000, 86, 132, 70
L -974.8575, -260.2628, 0.0000, -980.9300, -262.7651, 0.0000, 86, 132, 70
L -980.9300, -262.7651, 0.0000, -988.0220, -265.9504, 0.0000, 86, 132, 70
L -988.0220, -265.9504, 0.0000, -987.8157, -272.8996, 0.0000, 86, 132, 70
L -987.8157, -272.8996, 0.0000, -986.9272, -278.8269, 0.0000, 86, 132, 70
L -986.9272, -278.8269, 0.0000, -990.1185, -285.2972, 0.0000, 86, 132, 70
L -990.1185, -285.2972, 0.0000, -986.9533, -291.1604, 0.0000, 86, 132, 70
L -986.9533, -291.1604, 0.0000, -979.6959, -293.8027, 0.0000, 86, 132, 70
L -979.6959, -293.8027, 0.0000, -975.9263, -299.0200, 0.0000, 86, 132, 70
L -975.9263, -299.0200, 0.0000, -970.2362, -303.6495, 0.0000, 86, 132, 70
L -970.2362, -303.6495, 0.0000, -962.6780, -301.1545, 0.0000, 86, 132, 70
L -962.6780, -301.1545, 0.0000, -956.2984, -299.7789, 0.0000, 86, 132, 70
L -956.2984, -299.7789, 0.0000, -948.2512, -300.8164, 0.0000, 86, 132, 70
L -948.2512, -300.8164, 0.0000, -943.3029, -295.8770, 0.0000, 86, 132, 70
L -943.3029, -295.8770, 0.0000, -941.9384, -289.3640, 0.0000, 86, 132, 70
L -941.9384, -289.3640, 0.0000, -936.4161, -285.0193, 0.0000, 86, 132, 70
L -936.4161, -285.0193, 0.0000, -933.7145, -278.8269, 0.0000, 86, 132, 70
L -962.6780, -257.0097, 0.0000, -962.6780, -238.1348, 0.0000, 62, 104, 56
L -995.2885, 634.3879, 0.0000, -997.7360, 638.0280, 0.0000, 86, 132, 70
L -997.7360, 638.0280, 0.0000, -997.1732, 642.5172, 0.0000, 86, 132, 70
L -997.1732, 642.5172, 0.0000, -999.6764, 646.2654, 0.0000, 86, 132, 70
L -999.6764, 646.2654, 0.0000, -1005.0349, 646.7929, 0.0000, 86, 132, 70
L -1005.0349, 646.7929, 0.0000, -1008.7426, 648.9401, 0.0000, 86, 132, 70
L -1008.7426, 648.9401, 0.0000, -1013.1736, 651.5429, 0.0000, 86, 132, 70
L -1013.1736, 651.5429, 0.0000, -1017.6829, 649.1974, 0.0000, 86, 132, 70
L -1017.6829, 649.1974, 0.0000, -1021.2340, 646.6735, 0.0000, 86, 132, 70
L -1021.2340, 646.6735, 0.0000, -1026.5141, 646.1275, 0.0000, 86, 132, 70
L -1026.5141, 646.1275, 0.0000, -1029.4090, 642.6366, 0.0000, 86, 132, 70
L -1029.4090, 642.6366, 0.0000, -1028.6895, 638.0464, 0.0000, 86, 132, 70
L -1028.6895, 638.0464, 0.0000, -1030.7453, 634.3879, 0.0000, 86, 132, 70
L -1030.7453, 634.3879, 0.0000, -1031.9847, 629.9523, 0.0000, 86, 132, 70
L -1031.9847, 629.9523, 0.0000, -1027.8797, 626.9162, 0.0000, 86, 132, 70
L -1027.8797, 626.9162, 0.0000, -1024.7482, 624.2022, 0.0000, 86, 132, 70
L -1024.7482, 624.2022, 0.0000, -1022.7633, 619.7712, 0.0000, 86, 132, 70
L -1022.7633, 619.7712, 0.0000, -1017.9195, 618.8014, 0.0000, 86, 132, 70
L -1017.9195, 618.8014, 0.0000, -1013.1736, 620.3409, 0.0000, 86, 132, 70
L -1013.1736, 620.3409, 0.0000, -1008.5060, 619.0586, 0.0000, 86, 132, 70
L -1008.5060, 619.0586, 0.0000, -1003.5056, 619.6518, 0.0000, 86, 132, 70
L -1003.5056, 619.6518, 0.0000, -1001.4423, 624.0644, 0.0000, 86, 132, 70
L -1001.4423, 624.0644, 0.0000, -998.7025, 627.0356, 0.0000, 86, 132, 70
L -998.7025, 627.0356, 0.0000, -994.4408, 629.9708, 0.0000, 86, 132, 70
L -994.4408, 629.9708, 0.0000, -995.2885, 634.3879, 0.0000, 86, 132, 70
L -1013.1736, 648.9252, 0.0000, -1013.1736, 661.5019, 0.0000, 62, 104, 56
L -792.1418, -319.9237, 0.0000, -791.9852, -315.3995, 0.0000, 86, 132, 70
L -791.9852, -315.3995, 0.0000, -791.5038, -309.9309, 0.0000, 86, 132, 70
L -791.5038, -309.9309, 0.0000, -796.7445, -307.2274, 0.0000, 86, 132, 70
L -796.7445, -307.2274, 0.0000, -801.7966, -305.6337, 0.0000, 86, 132, 70
L -801.7966, -305.6337, 0.0000, -805.5003, -301.2968, 0.0000, 86, 132, 70
L -805.5003, -301.2968, 0.0000, -811.1720, -300.6259, 0.0000, 86, 132, 70
L -811.1720, -300.6259, 0.0000, -816.0270, -303.9788, 0.0000, 86, 132, 70
L -816.0270, -303.9788, 0.0000, -821.3640, -304.3889, 0.0000, 86, 132, 70
L -821.3640, -304.3889, 0.0000, -827.2328, -305.7901, 0.0000, 86, 132, 70
L -827.2328, -305.7901, 0.0000, -828.3902, -311.1756, 0.0000, 86, 132, 70
L -828.3902, -311.1756, 0.0000, -829.5421, -315.5921, 0.0000, 86, 132, 70
L -829.5421, -315.5921, 0.0000, -833.4688, -319.9237, 0.0000, 86, 132, 70
L -833.4688, -319.9237, 0.0000, -831.9041, -324.8122, 0.0000, 86, 132, 70
L -831.9041, -324.8122, 0.0000, -827.2941, -328.1148, 0.0000, 86, 132, 70
L -827.2941, -328.1148, 0.0000, -825.9671, -332.9433, 0.0000, 86, 132, 70
L -825.9671, -332.9433, 0.0000, -822.4602, -337.1291, 0.0000, 86, 132, 70
L -822.4602, -337.1291, 0.0000, -816.1966, -336.4254, 0.0000, 86, 132, 70
L -816.1966, -336.4254, 0.0000, -811.1720, -336.9937, 0.0000, 86, 132, 70
L -811.1720, -336.9937, 0.0000, -805.3308, -339.1075, 0.0000, 86, 132, 70
L -805.3308, -339.1075, 0.0000, -800.7005, -335.8844, 0.0000, 86, 132, 70
L -800.7005, -335.8844, 0.0000, -798.0102, -331.5060, 0.0000, 86, 132, 70
L -798.0102, -331.5060, 0.0000, -792.5999, -329.3595, 0.0000, 86, 132, 70
L -792.5999, -329.3595, 0.0000, -789.6233, -325.0047, 0.0000, 86, 132, 70
L -789.6233, -325.0047, 0.0000, -792.1418, -319.9237, 0.0000, 86, 132, 70
L -811.1720, -302.9796, 0.0000, -811.1720, -288.3206, 0.0000, 62, 104, 56
L 442.0958, 430.4707, 0.0000, 442.0958, 422.0700, 0.0000, 62, 104, 56
L 426.3446, 423.6452, 0.0000, 442.0958, 411.1755, 0.0000, 86, 132, 70
L 442.0958, 411.1755, 0.0000, 457.8469, 423.6452, 0.0000, 86, 132, 70
L 426.3446, 423.6452, 0.0000, 457.8469, 423.6452, 0.0000, 86, 132, 70
L 428.7860, 413.1444, 0.0000, 442.0958, 400.6747, 0.0000, 86, 132, 70
L 442.0958, 400.6747, 0.0000, 455.4055, 413.1444, 0.0000, 86, 132, 70
L 428.7860, 413.1444, 0.0000, 455.4055, 413.1444, 0.0000, 86, 132, 70
L 431.2275, 402.6436, 0.0000, 442.0958, 390.1739, 0.0000, 86, 132, 70
L 442.0958, 390.1739, 0.0000, 452.9641, 402.6436, 0.0000, 86, 132, 70
L 431.2275, 402.6436, 0.0000, 452.9641, 402.6436, 0.0000, 86, 132, 70
L 433.6689, 392.1428, 0.0000, 442.0958, 379.6732, 0.0000, 86, 132, 70
L 442.0958, 379.6732, 0.0000, 450.5226, 392.1428, 0.0000, 86, 132, 70
L 433.6689, 392.1428, 0.0000, 450.5226, 392.1428, 0.0000, 86, 132, 70
L -663.7603, 699.3846, 0.0000, -661.5531, 705.8692, 0.0000, 86, 132, 70
L -661.5531, 705.8692, 0.0000, -667.2864, 710.4441, 0.0000, 86, 132, 70
L -667.2864, 710.4441, 0.0000, -672.3066, 714.1225, 0.0000, 86, 132, 70
L -672.3066, 714.1225, 0.0000, -675.1684, 720.5493, 0.0000, 86, 132, 70
L -675.1684, 720.5493, 0.0000, -682.0385, 722.4256, 0.0000, 86, 132, 70
L -682.0385, 722.4256, 0.0000, -689.0542, 719.9448, 0.0000, 86, 132, 70
L -689.0542, 719.9448, 0.0000, -695.7747, 721.4563, 0.0000, 86, 132, 70
L -695.7747, 721.4563, 0.0000, -703.2351, 720.9992, 0.0000, 86, 132, 70
L -703.2351, 720.9992, 0.0000, -706.3920, 714.6419, 0.0000, 86, 132, 70
L -706.3920, 714.6419, 0.0000, -709.9365, 709.9942, 0.0000, 86, 132, 70
L -709.9365, 709.9942, 0.0000, -716.2601, 705.7996, 0.0000, 86, 132, 70
L -716.2601, 705.7996, 0.0000, -715.5286, 699.3846, 0.0000, 86, 132, 70
L -715.5286, 699.3846, 0.0000, -711.5573, 694.0785, 0.0000, 86, 132, 70
L -711.5573, 694.0785, 0.0000, -712.1190, 687.6661, 0.0000, 86, 132, 70
L -712.1190, 687.6661, 0.0000, -708.9122, 681.9095, 0.0000, 86, 132, 70
L -708.9122, 681.9095, 0.0000, -701.0525, 681.0967, 0.0000, 86, 132, 70
L -701.0525, 681.0967, 0.0000, -695.4371, 678.4218, 0.0000, 86, 132, 70
L -695.4371, 678.4218, 0.0000, -689.0542, 674.3888, 0.0000, 86, 132, 70
L -689.0542, 674.3888, 0.0000, -682.3761, 677.4525, 0.0000, 86, 132, 70
L -682.3761, 677.4525, 0.0000, -677.3510, 681.5465, 0.0000, 86, 132, 70
L -677.3510, 681.5465, 0.0000, -669.7864, 682.4289, 0.0000, 86, 132, 70
L -669.7864, 682.4289, 0.0000, -665.1039, 687.2162, 0.0000, 86, 132, 70
L -665.1039, 687.2162, 0.0000, -666.2558, 694.0089, 0.0000, 86, 132, 70
L -666.2558, 694.0089, 0.0000, -663.7603, 699.3846, 0.0000, 86, 132, 70
L -689.0542, 720.6096, 0.0000, -689.0542, 738.9721, 0.0000, 62, 104, 56
L 203.9436, 241.2956, 0.0000, 203.9436, 232.8919, 0.0000, 62, 104, 56
L 188.1867, 234.4676, 0.0000, 203.9436, 221.9933, 0.0000, 86, 132, 70
L 203.9436, 221.9933, 0.0000, 219.7005, 234.4676, 0.0000, 86, 132, 70
L 188.1867, 234.4676, 0.0000, 219.7005, 234.4676, 0.0000, 86, 132, 70
L 190.6290, 223.9629, 0.0000, 203.9436, 211.4887, 0.0000, 86, 132, 70
L 203.9436, 211.4887, 0.0000, 217.2582, 223.9629, 0.0000, 86, 132, 70
L 190.6290, 223.9629, 0.0000, 217.2582, 223.9629, 0.0000, 86, 132, 70
L 193.0713, 213.4583, 0.0000, 203.9436, 200.9841, 0.0000, 86, 132, 70
L 203.9436, 200.9841, 0.0000, 214.8159, 213.4583, 0.0000, 86, 132, 70
L 193.0713, 213.4583, 0.0000, 214.8159, 213.4583, 0.0000, 86, 132, 70
L 195.5136, 202.9537, 0.0000, 203.9436, 190.4795, 0.0000, 86, 132, 70
L 203.9436, 190.4795, 0.0000, 212.3736, 202.9537, 0.0000, 86, 132, 70
L 195.5136, 202.9537, 0.0000, 212.3736, 202.9537, 0.0000, 86, 132, 70
L -916.1751, -178.0064, 0.0000, -919.4475, -173.9382, 0.0000, 86, 132, 70
L -919.4475, -173.9382, 0.0000, -921.7260, -170.3983, 0.0000, 86, 132, 70
L -921.7260, -170.3983, 0.0000, -922.3815, -165.4055, 0.0000, 86, 132, 70
L -922.3815, -165.4055, 0.0000, -927.0561, -163.3061, 0.0000, 86, 132, 70
L -927.0561, -163.3061, 0.0000, -932.3453, -163.7027, 0.0000, 86, 132, 70
L -932.3453, -163.7027, 0.0000, -936.7006, -161.2310, 0.0000, 86, 132, 70
L -936.7006, -161.2310, 0.0000, -941.9721, -160.6938, 0.0000, 86, 132, 70
L -941.9721, -160.6938, 0.0000, -945.4290, -164.7026, 0.0000, 86, 132, 70
L -945.4290, -164.7026, 0.0000, -949.1874, -167.0180, 0.0000, 86, 132, 70
L -949.1874, -167.0180, 0.0000, -954.4238, -169.0018, 0.0000, 86, 132, 70
L -954.4238, -169.0018, 0.0000, -954.8699, -173.7221, 0.0000, 86, 132, 70
L -954.8699, -173.7221, 0.0000, -953.5614, -178.0064, 0.0000, 86, 132, 70
L -953.5614, -178.0064, 0.0000, -955.5599, -182.4533, 0.0000, 86, 132, 70
L -955.5599, -182.4533, 0.0000, -954.1035, -186.8483, 0.0000, 86, 132, 70
L -954.1035, -186.8483, 0.0000, -948.8176, -188.6693, 0.0000, 86, 132, 70
L -948.8176, -188.6693, 0.0000, -945.7492, -191.7983, 0.0000, 86, 132, 70
L -945.7492, -191.7983, 0.0000, -942.0216, -195.4817, 0.0000, 86, 132, 70
L -942.0216, -195.4817, 0.0000, -936.7006, -194.1310, 0.0000, 86, 132, 70
L -936.7006, -194.1310, 0.0000, -932.2958, -192.4727, 0.0000, 86, 132, 70
L -932.2958, -192.4727, 0.0000, -926.7358, -193.1948, 0.0000, 86, 132, 70
L -926.7358, -193.1948, 0.0000, -922.7512, -190.2818, 0.0000, 86, 132, 70
L -922.7512, -190.2818, 0.0000, -922.0463, -185.4518, 0.0000, 86, 132, 70
L -922.0463, -185.4518, 0.0000, -918.7575, -182.2373, 0.0000, 86, 132, 70
L -918.7575, -182.2373, 0.0000, -916.1751, -178.0064, 0.0000, 86, 132, 70
L -936.7006, -162.6780, 0.0000, -936.7006, -149.4168, 0.0000, 62, 104, 56
L 396.7446, 977.3068, 0.0000, 393.5370, 981.2608, 0.0000, 86, 132, 70
L 393.5370, 981.2608, 0.0000, 393.7147, 985.9167, 0.0000, 86, 132, 70
L 393.7147, 985.9167, 0.0000, 391.6467, 990.3998, 0.0000, 86, 132, 70
L 391.6467, 990.3998, 0.0000, 385.8037, 991.0787, 0.0000, 86, 132, 70
L 385.8037, 991.0787, 0.0000, 381.4620, 992.7220, 0.0000, 86, 132, 70
L 381.4620, 992.7220, 0.0000, 376.7682, 995.8504, 0.0000, 86, 132, 70
L 376.7682, 995.8504, 0.0000, 371.7244, 993.8716, 0.0000, 86, 132, 70
L 371.7244, 993.8716, 0.0000, 368.0828, 990.5452, 0.0000, 86, 132, 70
L 368.0828, 990.5452, 0.0000, 362.5898, 989.7838, 0.0000, 86, 132, 70
L 362.5898, 989.7838, 0.0000, 358.7717, 986.4502, 0.0000, 86, 132, 70
L 358.7717, 986.4502, 0.0000, 359.6494, 981.3433, 0.0000, 86, 132, 70
L 359.6494, 981.3433, 0.0000, 358.1920, 977.3068, 0.0000, 86, 132, 70
L 358.1920, 977.3068, 0.0000, 356.2980, 972.4800, 0.0000, 86, 132, 70
L 356.2980, 972.4800, 0.0000, 360.3271, 968.9535, 0.0000, 86, 132, 70
L 360.3271, 968.9535, 0.0000, 364.3858, 966.4103, 0.0000, 86, 132, 70
L 364.3858, 966.4103, 0.0000, 366.5274, 961.6976, 0.0000, 86, 132, 70
L 366.5274, 961.6976, 0.0000, 371.4838, 959.9517, 0.0000, 86, 132, 70
L 371.4838, 959.9517, 0.0000, 376.7682, 961.9241, 0.0000, 86, 132, 70
L 376.7682, 961.9241, 0.0000, 381.7026, 961.1013, 0.0000, 86, 132, 70
L 381.7026, 961.1013, 0.0000, 387.3591, 961.1641, 0.0000, 86, 132, 70
L 387.3591, 961.1641, 0.0000, 389.8507, 965.7942, 0.0000, 86, 132, 70
L 389.8507, 965.7942, 0.0000, 392.1593, 969.4871, 0.0000, 86, 132, 70
L 392.1593, 969.4871, 0.0000, 396.8884, 972.5625, 0.0000, 86, 132, 70
L 396.8884, 972.5625, 0.0000, 396.7446, 977.3068, 0.0000, 86, 132, 70
L 376.7682, 993.1134, 0.0000, 376.7682, 1006.7882, 0.0000, 62, 104, 56
L -207.8626, -555.5137, 0.0000, -208.4256, -552.1832, 0.0000, 86, 132, 70
L -208.4256, -552.1832, 0.0000, -207.8014, -548.0204, 0.0000, 86, 132, 70
L -207.8014, -548.0204, 0.0000, -211.3433, -545.6517, 0.0000, 86, 132, 70
L -211.3433, -545.6517, 0.0000, -215.5237, -544.8040, 0.0000, 86, 132, 70
L -215.5237, -544.8040, 0.0000, -218.3667, -541.7740, 0.0000, 86, 132, 70
L -218.3667, -541.7740, 0.0000, -222.5502, -540.6706, 0.0000, 86, 132, 70
L -222.5502, -540.6706, 0.0000, -226.2752, -543.2803, 0.0000, 86, 132, 70
L -226.2752, -543.2803, 0.0000, -230.0353, -544.1050, 0.0000, 86, 132, 70
L -230.0353, -544.1050, 0.0000, -234.6744, -544.8446, 0.0000, 86, 132, 70
L -234.6744, -544.8446, 0.0000, -235.9232, -548.7194, 0.0000, 86, 132, 70
L -235.9232, -548.7194, 0.0000, -236.2162, -552.2914, 0.0000, 86, 132, 70
L -236.2162, -552.2914, 0.0000, -239.0724, -555.5137, 0.0000, 86, 132, 70
L -239.0724, -555.5137, 0.0000, -238.5719, -559.2917, 0.0000, 86, 132, 70
L -238.5719, -559.2917, 0.0000, -234.8299, -561.7527, 0.0000, 86, 132, 70
L -234.8299, -561.7527, 0.0000, -233.4119, -565.0721, 0.0000, 86, 132, 70
L -233.4119, -565.0721, 0.0000, -231.1287, -568.5891, 0.0000, 86, 132, 70
L -231.1287, -568.5891, 0.0000, -226.4443, -568.3028, 0.0000, 86, 132, 70
L -226.4443, -568.3028, 0.0000, -222.5502, -568.1351, 0.0000, 86, 132, 70
L -222.5502, -568.1351, 0.0000, -218.1975, -569.8090, 0.0000, 86, 132, 70
L -218.1975, -569.8090, 0.0000, -214.4304, -567.8900, 0.0000, 86, 132, 70
L -214.4304, -567.8900, 0.0000, -212.6057, -564.2649, 0.0000, 86, 132, 70
L -212.6057, -564.2649, 0.0000, -208.8947, -562.4517, 0.0000, 86, 132, 70
L -208.8947, -562.4517, 0.0000, -206.0698, -559.3997, 0.0000, 86, 132, 70
L -206.0698, -559.3997, 0.0000, -207.8626, -555.5137, 0.0000, 86, 132, 70
L -222.5502, -542.7178, 0.0000, -222.5502, -531.6475, 0.0000, 62, 104, 56
L 540.7410, 667.4065, 0.0000, 543.1145, 673.2095, 0.0000, 86, 132, 70
L 543.1145, 673.2095, 0.0000, 541.6858, 679.1844, 0.0000, 86, 132, 70
L 541.6858, 679.1844, 0.0000, 534.6677, 681.6305, 0.0000, 86, 132, 70
L 534.6677, 681.6305, 0.0000, 530.3006, 685.3868, 0.0000, 86, 132, 70
L 530.3006, 685.3868, 0.0000, 525.5238, 690.4607, 0.0000, 86, 132, 70
L 525.5238, 690.4607, 0.0000, 518.5040, 689.0202, 0.0000, 86, 132, 70
L 518.5040, 689.0202, 0.0000, 512.7174, 686.4109, 0.0000, 86, 132, 70
L 512.7174, 686.4109, 0.0000, 505.4744, 687.2663, 0.0000, 86, 132, 70
L 505.4744, 687.2663, 0.0000, 499.8742, 683.8007, 0.0000, 86, 132, 70
L 499.8742, 683.8007, 0.0000, 499.0217, 677.3049, 0.0000, 86, 132, 70
L 499.0217, 677.3049, 0.0000, 495.1266, 672.9188, 0.0000, 86, 132, 70
L 495.1266, 672.9188, 0.0000, 491.3347, 667.4065, 0.0000, 86, 132, 70
L 491.3347, 667.4065, 0.0000, 495.3917, 661.9567, 0.0000, 86, 132, 70
L 495.3917, 661.9567, 0.0000, 498.8986, 657.4456, 0.0000, 86, 132, 70
L 498.8986, 657.4456, 0.0000, 499.7321, 650.8872, 0.0000, 86, 132, 70
L 499.7321, 650.8872, 0.0000, 505.5974, 647.7341, 0.0000, 86, 132, 70
L 505.5974, 647.7341, 0.0000, 512.7365, 648.4646, 0.0000, 86, 132, 70
L 512.7365, 648.4646, 0.0000, 518.5040, 645.5427, 0.0000, 86, 132, 70
L 518.5040, 645.5427, 0.0000, 525.5047, 644.4148, 0.0000, 86, 132, 70
L 525.5047, 644.4148, 0.0000, 530.1776, 649.6136, 0.0000, 86, 132, 70
L 530.1776, 649.6136, 0.0000, 534.8097, 653.0575, 0.0000, 86, 132, 70
L 534.8097, 653.0575, 0.0000, 541.8088, 655.5661, 0.0000, 86, 132, 70
L 541.8088, 655.5661, 0.0000, 542.8495, 661.6659, 0.0000, 86, 132, 70
L 542.8495, 661.6659, 0.0000, 540.7410, 667.4065, 0.0000, 86, 132, 70
L 518.5040, 687.6631, 0.0000, 518.5040, 705.1878, 0.0000, 62, 104, 56
L 496.9427, 19.8892, 0.0000, 499.3204, 25.3598, 0.0000, 86, 132, 70
L 499.3204, 25.3598, 0.0000, 495.0645, 29.5144, 0.0000, 86, 132, 70
L 495.0645, 29.5144, 0.0000, 490.1127, 32.2029, 0.0000, 86, 132, 70
L 490.1127, 32.2029, 0.0000, 487.6261, 37.4271, 0.0000, 86, 132, 70
L 487.6261, 37.4271, 0.0000, 482.1840, 39.8054, 0.0000, 86, 132, 70
L 482.1840, 39.8054, 0.0000, 476.1198, 37.4808, 0.0000, 86, 132, 70
L 476.1198, 37.4808, 0.0000, 470.5932, 38.0397, 0.0000, 86, 132, 70
L 470.5932, 38.0397, 0.0000, 464.0759, 38.2465, 0.0000, 86, 132, 70
L 464.0759, 38.2465, 0.0000, 461.0517, 33.1491, 0.0000, 86, 132, 70
L 461.0517, 33.1491, 0.0000, 458.7879, 28.6949, 0.0000, 86, 132, 70
L 458.7879, 28.6949, 0.0000, 453.4568, 25.2330, 0.0000, 86, 132, 70
L 453.4568, 25.2330, 0.0000, 453.1464, 19.8892, 0.0000, 86, 132, 70
L 453.1464, 19.8892, 0.0000, 457.0165, 15.3847, 0.0000, 86, 132, 70
L 457.0165, 15.3847, 0.0000, 457.1359, 10.2440, 0.0000, 86, 132, 70
L 457.1359, 10.2440, 0.0000, 459.1440, 4.9505, 0.0000, 86, 132, 70
L 459.1440, 4.9505, 0.0000, 465.7280, 4.0499, 0.0000, 86, 132, 70
L 465.7280, 4.0499, 0.0000, 470.8487, 2.5780, 0.0000, 86, 132, 70
L 470.8487, 2.5780, 0.0000, 476.1198, -1.0599, 0.0000, 86, 132, 70
L 476.1198, -1.0599, 0.0000, 481.9285, 0.8123, 0.0000, 86, 132, 70
L 481.9285, 0.8123, 0.0000, 485.9740, 4.8693, 0.0000, 86, 132, 70
L 485.9740, 4.8693, 0.0000, 492.0203, 5.8967, 0.0000, 86, 132, 70
L 492.0203, 5.8967, 0.0000, 496.7166, 9.4246, 0.0000, 86, 132, 70
L 496.7166, 9.4246, 0.0000, 495.7607, 15.2579, 0.0000, 86, 132, 70
L 495.7607, 15.2579, 0.0000, 496.9427, 19.8892, 0.0000, 86, 132, 70
L 476.1198, 37.8456, 0.0000, 476.1198, 53.3804, 0.0000, 62, 104, 56
L 210.6276, 981.5511, 0.0000, 210.6276, 969.8701, 0.0000, 62, 104, 56
L 188.7257, 972.0603, 0.0000, 210.6276, 954.7213, 0.0000, 86, 132, 70
L 210.6276, 954.7213, 0.0000, 232.5294, 972.0603, 0.0000, 86, 132, 70
L 188.7257, 972.0603, 0.0000, 232.5294, 972.0603, 0.0000, 86, 132, 70
L 192.1205, 957.4590, 0.0000, 210.6276, 940.1201, 0.0000, 86, 132, 70
L 210.6276, 940.1201, 0.0000, 229.1346, 957.4590, 0.0000, 86, 132, 70
L 192.1205, 957.4590, 0.0000, 229.1346, 957.4590, 0.0000, 86, 132, 70
L 195.5153, 942.8578, 0.0000, 210.6276, 925.5188, 0.0000, 86, 132, 70
L 210.6276, 925.5188, 0.0000, 225.7399, 942.8578, 0.0000, 86, 132, 70
L 195.5153, 942.8578, 0.0000, 225.7399, 942.8578, 0.0000, 86, 132, 70
L 198.9101, 928.2565, 0.0000, 210.6276, 910.9176, 0.0000, 86, 132, 70
L 210.6276, 910.9176, 0.0000, 222.3451, 928.2565, 0.0000, 86, 132, 70
L 198.9101, 928.2565, 0.0000, 222.3451, 928.2565, 0.0000, 86, 132, 70
L -183.9648, 1007.4352, 0.0000, -187.8377, 1013.1813, 0.0000, 86, 132, 70
L -187.8377, 1013.1813, 0.0000, -191.9775, 1017.7129, 0.0000, 86, 132, 70
L -191.9775, 1017.7129, 0.0000, -192.8744, 1024.4475, 0.0000, 86, 132, 70
L -192.8744, 1024.4475, 0.0000, -198.6321, 1028.1255, 0.0000, 86, 132, 70
L -198.6321, 1028.1255, 0.0000, -206.1847, 1027.2120, 0.0000, 86, 132, 70
L -206.1847, 1027.2120, 0.0000, -212.2065, 1029.8461, 0.0000, 86, 132, 70
L -212.2065, 1029.8461, 0.0000, -219.5079, 1031.4144, 0.0000, 86, 132, 70
L -219.5079, 1031.4144, 0.0000, -224.5014, 1026.1751, 0.0000, 86, 132, 70
L -224.5014, 1026.1751, 0.0000, -228.9794, 1022.1954, 0.0000, 86, 132, 70
L -228.9794, 1022.1954, 0.0000, -236.2743, 1019.6633, 0.0000, 86, 132, 70
L -236.2743, 1019.6633, 0.0000, -237.8549, 1013.4830, 0.0000, 86, 132, 70
L -237.8549, 1013.4830, 0.0000, -235.3299, 1007.4352, 0.0000, 86, 132, 70
L -235.3299, 1007.4352, 0.0000, -237.4526, 1001.4823, 0.0000, 86, 132, 70
L -237.4526, 1001.4823, 0.0000, -236.4610, 995.1123, 0.0000, 86, 132, 70
L -236.4610, 995.1123, 0.0000, -229.1950, 992.4853, 0.0000, 86, 132, 70
L -229.1950, 992.4853, 0.0000, -224.3146, 988.9800, 0.0000, 86, 132, 70
L -224.3146, 988.9800, 0.0000, -219.4790, 983.5509, 0.0000, 86, 132, 70
L -219.4790, 983.5509, 0.0000, -212.2065, 984.6449, 0.0000, 86, 132, 70
L -212.2065, 984.6449, 0.0000, -206.2136, 987.7534, 0.0000, 86, 132, 70
L -206.2136, 987.7534, 0.0000, -198.8188, 987.0297, 0.0000, 86, 132, 70
L -198.8188, 987.0297, 0.0000, -192.6588, 990.2333, 0.0000, 86, 132, 70
L -192.6588, 990.2333, 0.0000, -191.7908, 997.0627, 0.0000, 86, 132, 70
L -191.7908, 997.0627, 0.0000, -188.2401, 1001.7841, 0.0000, 86, 132, 70
L -188.2401, 1001.7841, 0.0000, -183.9648, 1007.4352, 0.0000, 86, 132, 70
L -212.2065, 1028.4949, 0.0000, -212.2065, 1046.7144, 0.0000, 62, 104, 56
L -1111.7523, 279.8943, 0.0000, -1111.7523, 271.2140, 0.0000, 62, 104, 56
L -1128.0280, 272.8415, 0.0000, -1111.7523, 259.9566, 0.0000, 86, 132, 70
L -1111.7523, 259.9566, 0.0000, -1095.4765, 272.8415, 0.0000, 86, 132, 70
L -1128.0280, 272.8415, 0.0000, -1095.4765, 272.8415, 0.0000, 86, 132, 70
L -1125.5052, 261.9910, 0.0000, -1111.7523, 249.1061, 0.0000, 86, 132, 70
L -1111.7523, 249.1061, 0.0000, -1097.9993, 261.9910, 0.0000, 86, 132, 70
L -1125.5052, 261.9910, 0.0000, -1097.9993, 261.9910, 0.0000, 86, 132, 70
L -1122.9825, 251.1406, 0.0000, -1111.7523, 238.2556, 0.0000, 86, 132, 70
L -1111.7523, 238.2556, 0.0000, -1100.5220, 251.1406, 0.0000, 86, 132, 70
L -1122.9825, 251.1406, 0.0000, -1100.5220, 251.1406, 0.0000, 86, 132, 70
L -1120.4598, 240.2901, 0.0000, -1111.7523, 227.4052, 0.0000, 86, 132, 70
L -1111.7523, 227.4052, 0.0000, -1103.0448, 240.2901, 0.0000, 86, 132, 70
L -1120.4598, 240.2901, 0.0000, -1103.0448, 240.2901, 0.0000, 86, 132, 70
L 181.0691, -375.1429, 0.0000, 181.0691, -384.5569, 0.0000, 62, 104, 56
L 163.4178, -382.7918, 0.0000, 181.0691, -396.7658, 0.0000, 86, 132, 70
L 181.0691, -396.7658, 0.0000, 198.7204, -382.7918, 0.0000, 86, 132, 70
L 163.4178, -382.7918, 0.0000, 198.7204, -382.7918, 0.0000, 86, 132, 70
L 166.1537, -394.5593, 0.0000, 181.0691, -408.5333, 0.0000, 86, 132, 70
L 181.0691, -408.5333, 0.0000, 195.9845, -394.5593, 0.0000, 86, 132, 70
L 166.1537, -394.5593, 0.0000, 195.9845, -394.5593, 0.0000, 86, 132, 70
L 168.8897, -406.3269, 0.0000, 181.0691, -420.3009, 0.0000, 86, 132, 70
L 181.0691, -420.3009, 0.0000, 193.2485, -406.3269, 0.0000, 86, 132, 70
L 168.8897, -406.3269, 0.0000, 193.2485, -406.3269, 0.0000, 86, 132, 70
L 171.6257, -418.0944, 0.0000, 181.0691, -432.0684, 0.0000, 86, 132, 70
L 181.0691, -432.0684, 0.0000, 190.5126, -418.0944, 0.0000, 86, 132, 70
L 171.6257, -418.0944, 0.0000, 190.5126, -418.0944, 0.0000, 86, 132, 70
L 358.8325, 360.2789, 0.0000, 358.8325, 350.9335, 0.0000, 62, 104, 56
L 341.3099, 352.6858, 0.0000, 358.8325, 338.8137, 0.0000, 86, 132, 70
L 358.8325, 338.8137, 0.0000, 376.3551, 352.6858, 0.0000, 86, 132, 70
L 341.3099, 352.6858, 0.0000, 376.3551, 352.6858, 0.0000, 86, 132, 70
L 344.0259, 341.0040, 0.0000, 358.8325, 327.1320, 0.0000, 86, 132, 70
L 358.8325, 327.1320, 0.0000, 373.6391, 341.0040, 0.0000, 86, 132, 70
L 344.0259, 341.0040, 0.0000, 373.6391, 341.0040, 0.0000, 86, 132, 70
L 346.7419, 329.3223, 0.0000, 358.8325, 315.4502, 0.0000, 86, 132, 70
L 358.8325, 315.4502, 0.0000, 370.9231, 329.3223, 0.0000, 86, 132, 70
L 346.7419, 329.3223, 0.0000, 370.9231, 329.3223, 0.0000, 86, 132, 70
L 349.4579, 317.6406, 0.0000, 358.8325, 303.7685, 0.0000, 86, 132, 70
L 358.8325, 303.7685, 0.0000, 368.2071, 317.6406, 0.0000, 86, 132, 70
L 349.4579, 317.6406, 0.0000, 368.2071, 317.6406, 0.0000, 86, 132, 70
L -970.8395, 521.1078, 0.0000, -970.1369, 526.5504, 0.0000, 86, 132, 70
L -970.1369, 526.5504, 0.0000, -975.4847, 530.1181, 0.0000, 86, 132, 70
L -975.4847, 530.1181, 0.0000, -978.5604, 534.0075, 0.0000, 86, 132, 70
L -978.5604, 534.0075, 0.0000, -981.2100, 539.4123, 0.0000, 86, 132, 70
L -981.2100, 539.4123, 0.0000, -987.5086, 539.8624, 0.0000, 86, 132, 70
L -987.5086, 539.8624, 0.0000, -993.2192, 538.5211, 0.0000, 86, 132, 70
L -993.2192, 538.5211, 0.0000, -999.1515, 540.5906, 0.0000, 86, 132, 70
L -999.1515, 540.5906, 0.0000, -1005.0067, 539.0743, 0.0000, 86, 132, 70
L -1005.0067, 539.0743, 0.0000, -1007.4345, 533.6173, 0.0000, 86, 132, 70
L -1007.4345, 533.6173, 0.0000, -1011.6188, 530.4560, 0.0000, 86, 132, 70
L -1011.6188, 530.4560, 0.0000, -1016.5232, 526.6027, 0.0000, 86, 132, 70
L -1016.5232, 526.6027, 0.0000, -1014.7119, 521.1078, 0.0000, 86, 132, 70
L -1014.7119, 521.1078, 0.0000, -1012.5144, 516.5580, 0.0000, 86, 132, 70
L -1012.5144, 516.5580, 0.0000, -1013.4793, 510.8142, 0.0000, 86, 132, 70
L -1013.4793, 510.8142, 0.0000, -1009.5829, 506.7077, 0.0000, 86, 132, 70
L -1009.5829, 506.7077, 0.0000, -1003.1462, 505.9770, 0.0000, 86, 132, 70
L -1003.1462, 505.9770, 0.0000, -998.8636, 502.5702, 0.0000, 86, 132, 70
L -998.8636, 502.5702, 0.0000, -993.2192, 499.9134, 0.0000, 86, 132, 70
L -993.2192, 499.9134, 0.0000, -987.7965, 503.2984, 0.0000, 86, 132, 70
L -987.7965, 503.2984, 0.0000, -983.0705, 505.6390, 0.0000, 86, 132, 70
L -983.0705, 505.6390, 0.0000, -976.4121, 506.3175, 0.0000, 86, 132, 70
L -976.4121, 506.3175, 0.0000, -973.6242, 511.1522, 0.0000, 86, 132, 70
L -973.6242, 511.1522, 0.0000, -974.1457, 516.6103, 0.0000, 86, 132, 70
L -974.1457, 516.6103, 0.0000, -970.8395, 521.1078, 0.0000, 86, 132, 70
L -993.2192, 539.0954, 0.0000, -993.2192, 554.6572, 0.0000, 62, 104, 56
L 473.4001, -491.1192, 0.0000, 470.8331, -486.0798, 0.0000, 86, 132, 70
L 470.8331, -486.0798, 0.0000, 466.5500, -482.4369, 0.0000, 86, 132, 70
L 466.5500, -482.4369, 0.0000, 465.5722, -476.9415, 0.0000, 86, 132, 70
L 465.5722, -476.9415, 0.0000, 461.2601, -473.1351, 0.0000, 86, 132, 70
L 461.2601, -473.1351, 0.0000, 454.6698, -474.0127, 0.0000, 86, 132, 70
L 454.6698, -474.0127, 0.0000, 449.4611, -472.5431, 0.0000, 86, 132, 70
L 449.4611, -472.5431, 0.0000, 443.2306, -470.6570, 0.0000, 86, 132, 70
L 443.2306, -470.6570, 0.0000, 438.6838, -474.6925, 0.0000, 86, 132, 70
L 438.6838, -474.6925, 0.0000, 435.3935, -478.7398, 0.0000, 86, 132, 70
L 435.3935, -478.7398, 0.0000, 429.3068, -480.8795, 0.0000, 86, 132, 70
L 429.3068, -480.8795, 0.0000, 427.0673, -485.8389, 0.0000, 86, 132, 70
L 427.0673, -485.8389, 0.0000, 429.6092, -491.1192, 0.0000, 86, 132, 70
L 429.6092, -491.1192, 0.0000, 428.5343, -496.0537, 0.0000, 86, 132, 70
L 428.5343, -496.0537, 0.0000, 428.6260, -501.7049, 0.0000, 86, 132, 70
L 428.6260, -501.7049, 0.0000, 434.6074, -504.1905, 0.0000, 86, 132, 70
L 362.7450, -524.1324, 0.0000, 367.0226, -526.2165, 0.0000, 86, 132, 70
L 367.0226, -526.2165, 0.0000, 370.5933, -530.4671, 0.0000, 86, 132, 70
L 370.5933, -530.4671, 0.0000, 376.1009, -530.3263, 0.0000, 86, 132, 70
L 376.1009, -530.3263, 0.0000, 380.6897, -527.4498, 0.0000, 86, 132, 70
L 380.6897, -527.4498, 0.0000, 386.0979, -527.6168, 0.0000, 86, 132, 70
L 386.0979, -527.6168, 0.0000, 391.2942, -525.7494, 0.0000, 86, 132, 70
L 466.3583, -505.9888, 0.0000, 467.2308, -500.1475, 0.0000, 86, 132, 70
L 467.2308, -500.1475, 0.0000, 469.3661, -495.8127, 0.0000, 86, 132, 70
L 469.3661, -495.8127, 0.0000, 473.4001, -491.1192, 0.0000, 86, 132, 70
L 449.4611, -473.1650, 0.0000, 449.4611, -457.6321, 0.0000, 62, 104, 56
L 78.4307, 810.2261, 0.0000, 74.8987, 814.1289, 0.0000, 86, 132, 70
L 74.8987, 814.1289, 0.0000, 73.7940, 818.0743, 0.0000, 86, 132, 70
L 73.7940, 818.0743, 0.0000, 72.7875, 822.9337, 0.0000, 86, 132, 70
L 72.7875, 822.9337, 0.0000, 67.5383, 824.2355, 0.0000, 86, 132, 70
L 67.5383, 824.2355, 0.0000, 62.7089, 824.5514, 0.0000, 86, 132, 70
L 62.7089, 824.5514, 0.0000, 58.3470, 827.5481, 0.0000, 86, 132, 70
L 58.3470, 827.5481, 0.0000, 53.2358, 827.0124, 0.0000, 86, 132, 70
L 53.2358, 827.0124, 0.0000, 49.9051, 823.0934, 0.0000, 86, 132, 70
L 49.9051, 823.0934, 0.0000, 45.4053, 821.6149, 0.0000, 86, 132, 70
L 45.4053, 821.6149, 0.0000, 40.6520, 819.2164, 0.0000, 86, 132, 70
L 40.6520, 819.2164, 0.0000, 41.0461, 814.3056, 0.0000, 86, 132, 70
L 41.0461, 814.3056, 0.0000, 41.2607, 810.2261, 0.0000, 86, 132, 70
L 41.2607, 810.2261, 0.0000, 38.9952, 805.6631, 0.0000, 86, 132, 70
L 38.9952, 805.6631, 0.0000, 41.6039, 801.7195, 0.0000, 86, 132, 70
L 41.6039, 801.7195, 0.0000, 46.5043, 799.8046, 0.0000, 86, 132, 70
L 46.5043, 799.8046, 0.0000, 48.9533, 795.9082, 0.0000, 86, 132, 70
L 48.9533, 795.9082, 0.0000, 53.0886, 792.9563, 0.0000, 86, 132, 70
L 53.0886, 792.9563, 0.0000, 58.3470, 794.8385, 0.0000, 86, 132, 70
L 58.3470, 794.8385, 0.0000, 62.8562, 795.4173, 0.0000, 86, 132, 70
L 62.8562, 795.4173, 0.0000, 68.4901, 794.7660, 0.0000, 86, 132, 70
L 68.4901, 794.7660, 0.0000, 71.6884, 798.4857, 0.0000, 86, 132, 70
L 71.6884, 798.4857, 0.0000, 72.8422, 802.8616, 0.0000, 86, 132, 70
L 72.8422, 802.8616, 0.0000, 76.9495, 805.8398, 0.0000, 86, 132, 70
L 76.9495, 805.8398, 0.0000, 78.4307, 810.2261, 0.0000, 86, 132, 70
L 58.3470, 825.4658, 0.0000, 58.3470, 838.6503, 0.0000, 62, 104, 56
L 297.0796, 957.3208, 0.0000, 297.0796, 946.8265, 0.0000, 62, 104, 56
L 277.4029, 948.7942, 0.0000, 297.0796, 933.2167, 0.0000, 86, 132, 70
L 297.0796, 933.2167, 0.0000, 316.7564, 948.7942, 0.0000, 86, 132, 70
L 277.4029, 948.7942, 0.0000, 316.7564, 948.7942, 0.0000, 86, 132, 70
L 280.4528, 935.6763, 0.0000, 297.0796, 920.0989, 0.0000, 86, 132, 70
L 297.0796, 920.0989, 0.0000, 313.7065, 935.6763, 0.0000, 86, 132, 70
L 280.4528, 935.6763, 0.0000, 313.7065, 935.6763, 0.0000, 86, 132, 70
L 283.5027, 922.5585, 0.0000, 297.0796, 906.9810, 0.0000, 86, 132, 70
L 297.0796, 906.9810, 0.0000, 310.6566, 922.5585, 0.0000, 86, 132, 70
L 283.5027, 922.5585, 0.0000, 310.6566, 922.5585, 0.0000, 86, 132, 70
L 286.5526, 909.4406, 0.0000, 297.0796, 893.8632, 0.0000, 86, 132, 70
L 297.0796, 893.8632, 0.0000, 307.6067, 909.4406, 0.0000, 86, 132, 70
L 286.5526, 909.4406, 0.0000, 307.6067, 909.4406, 0.0000, 86, 132, 70
L 501.6773, -310.6203, 0.0000, 501.6773, -320.2200, 0.0000, 62, 104, 56
L 483.6779, -318.4200, 0.0000, 501.6773, -332.6696, 0.0000, 86, 132, 70
L 501.6773, -332.6696, 0.0000, 519.6767, -318.4200, 0.0000, 86, 132, 70
L 483.6779, -318.4200, 0.0000, 519.6767, -318.4200, 0.0000, 86, 132, 70
L 486.4678, -330.4196, 0.0000, 501.6773, -344.6692, 0.0000, 86, 132, 70
L 501.6773, -344.6692, 0.0000, 516.8868, -330.4196, 0.0000, 86, 132, 70
L 486.4678, -330.4196, 0.0000, 516.8868, -330.4196, 0.0000, 86, 132, 70
L 489.2577, -342.4193, 0.0000, 501.6773, -356.6688, 0.0000, 86, 132, 70
L 501.6773, -356.6688, 0.0000, 514.0969, -342.4193, 0.0000, 86, 132, 70
L 489.2577, -342.4193, 0.0000, 514.0969, -342.4193, 0.0000, 86, 132, 70
L 492.0476, -354.4189, 0.0000, 501.6773, -368.6684, 0.0000, 86, 132, 70
L 501.6773, -368.6684, 0.0000, 511.3070, -354.4189, 0.0000, 86, 132, 70
L 492.0476, -354.4189, 0.0000, 511.3070, -354.4189, 0.0000, 86, 132, 70
L 202.5615, 432.3440, 0.0000, 204.8450, 436.9683, 0.0000, 86, 132, 70
L 204.8450, 436.9683, 0.0000, 202.5599, 441.1471, 0.0000, 86, 132, 70
L 202.5599, 441.1471, 0.0000, 197.3851, 443.0376, 0.0000, 86, 132, 70
L 197.3851, 443.0376, 0.0000, 194.7045, 446.7800, 0.0000, 86, 132, 70
L 194.7045, 446.7800, 0.0000, 190.6309, 450.0707, 0.0000, 86, 132, 70
L 190.6309, 450.0707, 0.0000, 185.2333, 448.2787, 0.0000, 86, 132, 70
L 185.2333, 448.2787, 0.0000, 180.6736, 447.3190, 0.0000, 86, 132, 70
L 180.6736, 447.3190, 0.0000, 174.9242, 448.0571, 0.0000, 86, 132, 70
L 174.9242, 448.0571, 0.0000, 171.4057, 444.5122, 0.0000, 86, 132, 70
L 171.4057, 444.5122, 0.0000, 170.4202, 439.8700, 0.0000, 86, 132, 70
L 170.4202, 439.8700, 0.0000, 166.4594, 436.7707, 0.0000, 86, 132, 70
L 166.4594, 436.7707, 0.0000, 164.5535, 432.3440, 0.0000, 86, 132, 70
L 164.5535, 432.3440, 0.0000, 168.1320, 428.3116, 0.0000, 86, 132, 70
L 168.1320, 428.3116, 0.0000, 169.6440, 424.4235, 0.0000, 86, 132, 70
L 169.6440, 424.4235, 0.0000, 170.5094, 419.3869, 0.0000, 86, 132, 70
L 170.5094, 419.3869, 0.0000, 175.7004, 417.8140, 0.0000, 86, 132, 70
L 175.7004, 417.8140, 0.0000, 180.7936, 417.7633, 0.0000, 86, 132, 70
L 180.7936, 417.7633, 0.0000, 185.2333, 414.8316, 0.0000, 86, 132, 70
L 185.2333, 414.8316, 0.0000, 190.5108, 415.0116, 0.0000, 86, 132, 70
L 190.5108, 415.0116, 0.0000, 193.9282, 419.0911, 0.0000, 86, 132, 70
L 193.9282, 419.0911, 0.0000, 198.2814, 420.8616, 0.0000, 86, 132, 70
L 198.2814, 420.8616, 0.0000, 203.3362, 423.1464, 0.0000, 86, 132, 70
L 203.3362, 423.1464, 0.0000, 203.1724, 428.1140, 0.0000, 86, 132, 70
L 203.1724, 428.1140, 0.0000, 202.5615, 432.3440, 0.0000, 86, 132, 70
L 185.2333, 447.9273, 0.0000, 185.2333, 461.4089, 0.0000, 62, 104, 56
L 66.9356, 790.0940, 0.0000, 66.9356, 780.9578, 0.0000, 62, 104, 56
L 49.8054, 782.6709, 0.0000, 66.9356, 769.1094, 0.0000, 86, 132, 70
L 66.9356, 769.1094, 0.0000, 84.0659, 782.6709, 0.0000, 86, 132, 70
L 49.8054, 782.6709, 0.0000, 84.0659, 782.6709, 0.0000, 86, 132, 70
L 52.4606, 771.2507, 0.0000, 66.9356, 757.6892, 0.0000, 86, 132, 70
L 66.9356, 757.6892, 0.0000, 81.4107, 771.2507, 0.0000, 86, 132, 70
L 52.4606, 771.2507, 0.0000, 81.4107, 771.2507, 0.0000, 86, 132, 70
L 55.1158, 759.8305, 0.0000, 66.9356, 746.2691, 0.0000, 86, 132, 70
L 66.9356, 746.2691, 0.0000, 78.7555, 759.8305, 0.0000, 86, 132, 70
L 55.1158, 759.8305, 0.0000, 78.7555, 759.8305, 0.0000, 86, 132, 70
L 57.7709, 748.4103, 0.0000, 66.9356, 734.8489, 0.0000, 86, 132, 70
L 66.9356, 734.8489, 0.0000, 76.1003, 748.4103, 0.0000, 86, 132, 70
L 57.7709, 748.4103, 0.0000, 76.1003, 748.4103, 0.0000, 86, 132, 70
L 462.6071, -408.9252, 0.0000, 461.1483, -404.4500, 0.0000, 86, 132, 70
L 461.1483, -404.4500, 0.0000, 456.9379, -401.4217, 0.0000, 86, 132, 70
L 456.9379, -401.4217, 0.0000, 455.7358, -396.9866, 0.0000, 86, 132, 70
L 455.7358, -396.9866, 0.0000, 452.5079, -393.1669, 0.0000, 86, 132, 70
L 452.5079, -393.1669, 0.0000, 446.7691, -393.8181, 0.0000, 86, 132, 70
L 446.7691, -393.8181, 0.0000, 442.1692, -393.2744, 0.0000, 86, 132, 70
L 442.1692, -393.2744, 0.0000, 436.8159, -391.3441, 0.0000, 86, 132, 70
L 436.8159, -391.3441, 0.0000, 432.5838, -394.3151, 0.0000, 86, 132, 70
L 432.5838, -394.3151, 0.0000, 430.1092, -398.3124, 0.0000, 86, 132, 70
L 430.1092, -398.3124, 0.0000, 425.1406, -400.2735, 0.0000, 86, 132, 70
L 425.1406, -400.2735, 0.0000, 422.4367, -404.2724, 0.0000, 86, 132, 70
L 422.4367, -404.2724, 0.0000, 424.7444, -408.9252, 0.0000, 86, 132, 70
L 424.7444, -408.9252, 0.0000, 424.5758, -413.0736, 0.0000, 86, 132, 70
L 424.5758, -413.0736, 0.0000, 424.1478, -418.0813, 0.0000, 86, 132, 70
L 424.1478, -418.0813, 0.0000, 428.9628, -420.5468, 0.0000, 86, 132, 70
L 428.9628, -420.5468, 0.0000, 433.5765, -422.0221, 0.0000, 86, 132, 70
L 433.5765, -422.0221, 0.0000, 436.9695, -426.0019, 0.0000, 86, 132, 70
L 436.9695, -426.0019, 0.0000, 442.1692, -426.5935, 0.0000, 86, 132, 70
L 442.1692, -426.5935, 0.0000, 446.6155, -423.5279, 0.0000, 86, 132, 70
L 446.6155, -423.5279, 0.0000, 451.5151, -423.1703, 0.0000, 86, 132, 70
L 451.5151, -423.1703, 0.0000, 456.8821, -421.8726, 0.0000, 86, 132, 70
L 456.8821, -421.8726, 0.0000, 457.9306, -416.9331, 0.0000, 86, 132, 70
L 457.9306, -416.9331, 0.0000, 459.0092, -412.8960, 0.0000, 86, 132, 70
L 459.0092, -412.8960, 0.0000, 462.6071, -408.9252, 0.0000, 86, 132, 70
L 442.1692, -393.4015, 0.0000, 442.1692, -379.9714, 0.0000, 62, 104, 56
L -431.9356, -543.8564, 0.0000, -434.8615, -540.4325, 0.0000, 86, 132, 70
L -434.8615, -540.4325, 0.0000, -436.4578, -537.2900, 0.0000, 86, 132, 70
L -436.4578, -537.2900, 0.0000, -437.0827, -533.0330, 0.0000, 86, 132, 70
L -437.0827, -533.0330, 0.0000, -441.2700, -531.4918, 0.0000, 86, 132, 70
L -441.2700, -531.4918, 0.0000, -445.6656, -531.6506, 0.0000, 86, 132, 70
L -445.6656, -531.6506, 0.0000, -449.3821, -529.3413, 0.0000, 86, 132, 70
L -449.3821, -529.3413, 0.0000, -453.8478, -529.1901, 0.0000, 86, 132, 70
L -453.8478, -529.1901, 0.0000, -456.7451, -532.6337, 0.0000, 86, 132, 70
L -456.7451, -532.6337, 0.0000, -460.1831, -534.3515, 0.0000, 86, 132, 70
L -460.1831, -534.3515, 0.0000, -464.5539, -536.1480, 0.0000, 86, 132, 70
L -464.5539, -536.1480, 0.0000, -464.6519, -540.2559, 0.0000, 86, 132, 70
L -464.6519, -540.2559, 0.0000, -463.8319, -543.8564, 0.0000, 86, 132, 70
L -463.8319, -543.8564, 0.0000, -465.6711, -547.6972, 0.0000, 86, 132, 70
L -465.6711, -547.6972, 0.0000, -464.0809, -551.3244, 0.0000, 86, 132, 70
L -464.0809, -551.3244, 0.0000, -459.6369, -552.8805, 0.0000, 86, 132, 70
L -459.6369, -552.8805, 0.0000, -457.2181, -555.8001, 0.0000, 86, 132, 70
L -457.2181, -555.8001, 0.0000, -453.9210, -558.7630, 0.0000, 86, 132, 70
L -453.9210, -558.7630, 0.0000, -449.3821, -557.4101, 0.0000, 86, 132, 70
L -449.3821, -557.4101, 0.0000, -445.5924, -556.3025, 0.0000, 86, 132, 70
L -445.5924, -556.3025, 0.0000, -440.7969, -556.9420, 0.0000, 86, 132, 70
L -440.7969, -556.9420, 0.0000, -437.6290, -554.1992, 0.0000, 86, 132, 70
L -437.6290, -554.1992, 0.0000, -436.9309, -550.1824, 0.0000, 86, 132, 70
L -436.9309, -550.1824, 0.0000, -433.8423, -547.5205, 0.0000, 86, 132, 70
L -433.8423, -547.5205, 0.0000, -431.9356, -543.8564, 0.0000, 86, 132, 70
L -449.3821, -530.7789, 0.0000, -449.3821, -519.4651, 0.0000, 62, 104, 56
L -846.6714, 354.6519, 0.0000, -850.0864, 359.2417, 0.0000, 86, 132, 70
L -850.0864, 359.2417, 0.0000, -849.5848, 364.7964, 0.0000, 86, 132, 70
L -849.5848, 364.7964, 0.0000, -852.3825, 369.7609, 0.0000, 86, 132, 70
L -852.3825, 369.7609, 0.0000, -859.1802, 370.4602, 0.0000, 86, 132, 70
L -859.1802, 370.4602, 0.0000, -864.0262, 372.7990, 0.0000, 86, 132, 70
L -864.0262, 372.7990, 0.0000, -869.5518, 376.2765, 0.0000, 86, 132, 70
L -869.5518, 376.2765, 0.0000, -875.3230, 373.6057, 0.0000, 86, 132, 70
L -875.3230, 373.6057, 0.0000, -879.6777, 370.0858, 0.0000, 86, 132, 70
L -879.6777, 370.0858, 0.0000, -886.2298, 369.3285, 0.0000, 86, 132, 70
L -886.2298, 369.3285, 0.0000, -890.2556, 365.1708, 0.0000, 86, 132, 70
L -890.2556, 365.1708, 0.0000, -889.2628, 359.2996, 0.0000, 86, 132, 70
L -889.2628, 359.2996, 0.0000, -891.4496, 354.6519, 0.0000, 86, 132, 70
L -891.4496, 354.6519, 0.0000, -893.3388, 349.0430, 0.0000, 86, 132, 70
L -893.3388, 349.0430, 0.0000, -888.3639, 345.0940, 0.0000, 86, 132, 70
L -888.3639, 345.0940, 0.0000, -884.0455, 341.8974, 0.0000, 86, 132, 70
L -884.0455, 341.8974, 0.0000, -881.5694, 336.3346, 0.0000, 86, 132, 70
L -881.5694, 336.3346, 0.0000, -875.6156, 334.7369, 0.0000, 86, 132, 70
L -875.6156, 334.7369, 0.0000, -869.5518, 336.8717, 0.0000, 86, 132, 70
L -869.5518, 336.8717, 0.0000, -863.7335, 335.5436, 0.0000, 86, 132, 70
L -863.7335, 335.5436, 0.0000, -857.2885, 335.9602, 0.0000, 86, 132, 70
L -857.2885, 335.9602, 0.0000, -854.5668, 341.4651, 0.0000, 86, 132, 70
L -854.5668, 341.4651, 0.0000, -851.4765, 345.4684, 0.0000, 86, 132, 70
L -851.4765, 345.4684, 0.0000, -846.0103, 349.1009, 0.0000, 86, 132, 70
L -846.0103, 349.1009, 0.0000, -846.6714, 354.6519, 0.0000, 86, 132, 70
L -869.5518, 373.0109, 0.0000, -869.5518, 388.8940, 0.0000, 62, 104, 56
L -1058.0777, 258.2218, 0.0000, -1058.0777, 249.6381, 0.0000, 62, 104, 56
L -1074.1721, 251.2475, 0.0000, -1058.0777, 238.5061, 0.0000, 86, 132, 70
L -1058.0777, 238.5061, 0.0000, -1041.9833, 251.2475, 0.0000, 86, 132, 70
L -1074.1721, 251.2475, 0.0000, -1041.9833, 251.2475, 0.0000, 86, 132, 70
L -1071.6775, 240.5179, 0.0000, -1058.0777, 227.7765, 0.0000, 86, 132, 70
L -1058.0777, 227.7765, 0.0000, -1044.4779, 240.5179, 0.0000, 86, 132, 70
L -1071.6775, 240.5179, 0.0000, -1044.4779, 240.5179, 0.0000, 86, 132, 70
L -1069.1828, 229.7883, 0.0000, -1058.0777, 217.0469, 0.0000, 86, 132, 70
L -1058.0777, 217.0469, 0.0000, -1046.9725, 229.7883, 0.0000, 86, 132, 70
L -1069.1828, 229.7883, 0.0000, -1046.9725, 229.7883, 0.0000, 86, 132, 70
L -1066.6882, 219.0587, 0.0000, -1058.0777, 206.3173, 0.0000, 86, 132, 70
L -1058.0777, 206.3173, 0.0000, -1049.4672, 219.0587, 0.0000, 86, 132, 70
L -1066.6882, 219.0587, 0.0000, -1049.4672, 219.0587, 0.0000, 86, 132, 70
L 341.7590, 838.0930, 0.0000, 343.9209, 842.8809, 0.0000, 86, 132, 70
L 343.9209, 842.8809, 0.0000, 342.3284, 847.6004, 0.0000, 86, 132, 70
L 342.3284, 847.6004, 0.0000, 336.6449, 849.5587, 0.0000, 86, 132, 70
L 336.6449, 849.5587, 0.0000, 333.3591, 852.9440, 0.0000, 86, 132, 70
L 333.3591, 852.9440, 0.0000, 329.3406, 856.8948, 0.0000, 86, 132, 70
L 329.3406, 856.8948, 0.0000, 323.6157, 855.4254, 0.0000, 86, 132, 70
L 323.6157, 855.4254, 0.0000, 318.8747, 853.6635, 0.0000, 86, 132, 70
L 318.8747, 853.6635, 0.0000, 312.8884, 854.4437, 0.0000, 86, 132, 70
L 312.8884, 854.4437, 0.0000, 308.6187, 851.2904, 0.0000, 86, 132, 70
L 308.6187, 851.2904, 0.0000, 307.8546, 846.1008, 0.0000, 86, 132, 70
L 307.8546, 846.1008, 0.0000, 304.2943, 842.6489, 0.0000, 86, 132, 70
L 304.2943, 842.6489, 0.0000, 301.5368, 838.0930, 0.0000, 86, 132, 70
L 301.5368, 838.0930, 0.0000, 305.0692, 833.7199, 0.0000, 86, 132, 70
L 305.0692, 833.7199, 0.0000, 307.4949, 829.9026, 0.0000, 86, 132, 70
L 307.4949, 829.9026, 0.0000, 308.2034, 824.5303, 0.0000, 86, 132, 70
L 308.2034, 824.5303, 0.0000, 313.2480, 822.2906, 0.0000, 86, 132, 70
L 313.2480, 822.2906, 0.0000, 318.9303, 822.7053, 0.0000, 86, 132, 70
L 318.9303, 822.7053, 0.0000, 323.6157, 820.0298, 0.0000, 86, 132, 70
L 323.6157, 820.0298, 0.0000, 329.2849, 819.4740, 0.0000, 86, 132, 70
L 329.2849, 819.4740, 0.0000, 332.9995, 823.7902, 0.0000, 86, 132, 70
L 332.9995, 823.7902, 0.0000, 337.0601, 826.2619, 0.0000, 86, 132, 70
L 337.0601, 826.2619, 0.0000, 342.6881, 828.4030, 0.0000, 86, 132, 70
L 342.6881, 828.4030, 0.0000, 343.1460, 833.4879, 0.0000, 86, 132, 70
L 343.1460, 833.4879, 0.0000, 341.7590, 838.0930, 0.0000, 86, 132, 70
L 323.6157, 854.5842, 0.0000, 323.6157, 868.8512, 0.0000, 62, 104, 56
L 568.9550, -481.2277, 0.0000, 568.9550, -491.1037, 0.0000, 62, 104, 56
L 550.4375, -489.2519, 0.0000, 568.9550, -503.9117, 0.0000, 86, 132, 70
L 568.9550, -503.9117, 0.0000, 587.4726, -489.2519, 0.0000, 86, 132, 70
L 550.4375, -489.2519, 0.0000, 587.4726, -489.2519, 0.0000, 86, 132, 70
L 469.4758, -521.8005, 0.0000, 483.5453, -534.9820, 0.0000, 86, 132, 70
L 483.5453, -534.9820, 0.0000, 497.6148, -521.8005, 0.0000, 86, 132, 70
L 553.3077, -501.5970, 0.0000, 584.6024, -501.5970, 0.0000, 86, 132, 70
L 472.0566, -532.9007, 0.0000, 483.5453, -546.0822, 0.0000, 86, 132, 70
L 483.5453, -546.0822, 0.0000, 495.0340, -532.9007, 0.0000, 86, 132, 70
L 472.0566, -532.9007, 0.0000, 495.0340, -532.9007, 0.0000, 86, 132, 70
L 474.6373, -544.0009, 0.0000, 483.5453, -557.1824, 0.0000, 86, 132, 70
L 483.5453, -557.1824, 0.0000, 492.4533, -544.0009, 0.0000, 86, 132, 70
L 474.6373, -544.0009, 0.0000, 492.4533, -544.0009, 0.0000, 86, 132, 70
L -1031.5542, -629.2737, 0.0000, -1031.5542, -639.6049, 0.0000, 62, 104, 56
L -1050.9252, -637.6678, 0.0000, -1031.5542, -653.0032, 0.0000, 86, 132, 70
L -1031.5542, -653.0032, 0.0000, -1012.1831, -637.6678, 0.0000, 86, 132, 70
L -1050.9252, -637.6678, 0.0000, -1012.1831, -637.6678, 0.0000, 86, 132, 70
L -1047.9228, -650.5819, 0.0000, -1031.5542, -665.9173, 0.0000, 86, 132, 70
L -1031.5542, -665.9173, 0.0000, -1015.1857, -650.5819, 0.0000, 86, 132, 70
L -1047.9228, -650.5819, 0.0000, -1015.1857, -650.5819, 0.0000, 86, 132, 70
L -1044.9203, -663.4959, 0.0000, -1031.5542, -678.8313, 0.0000, 86, 132, 70
L -1031.5542, -678.8313, 0.0000, -1018.1882, -663.4959, 0.0000, 86, 132, 70
L -1044.9203, -663.4959, 0.0000, -1018.1882, -663.4959, 0.0000, 86, 132, 70
L -1041.9177, -676.4100, 0.0000, -1031.5542, -691.7454, 0.0000, 86, 132, 70
L -1031.5542, -691.7454, 0.0000, -1021.1907, -676.4100, 0.0000, 86, 132, 70
L -1041.9177, -676.4100, 0.0000, -1021.1907, -676.4100, 0.0000, 86, 132, 70
L -761.0874, -528.9811, 0.0000, -764.4153, -524.5350, 0.0000, 86, 132, 70
L -818.9600, -504.6382, 0.0000, -822.1170, -500.5325, 0.0000, 86, 132, 70
L -822.1170, -500.5325, 0.0000, -822.8741, -494.5735, 0.0000, 86, 132, 70
L -822.8741, -494.5735, 0.0000, -828.2185, -491.7319, 0.0000, 86, 132, 70
L -828.2185, -491.7319, 0.0000, -834.6936, -492.3850, 0.0000, 86, 132, 70
L -834.6936, -492.3850, 0.0000, -839.9302, -489.7109, 0.0000, 86, 132, 70
L -839.9302, -489.7109, 0.0000, -846.2859, -488.7094, 0.0000, 86, 132, 70
L -846.2859, -488.7094, 0.0000, -850.5226, -493.4378, 0.0000, 86, 132, 70
L -850.5226, -493.4378, 0.0000, -854.7479, -496.5432, 0.0000, 86, 132, 70
L -854.7479, -496.5432, 0.0000, -861.1009, -498.8267, 0.0000, 86, 132, 70
L -861.1009, -498.8267, 0.0000, -862.0195, -504.3743, 0.0000, 86, 132, 70
L -803.1328, -524.2977, 0.0000, -801.4292, -528.9811, 0.0000, 86, 132, 70
L -801.4292, -528.9811, 0.0000, -803.3825, -533.7233, 0.0000, 86, 132, 70
L -803.3825, -533.7233, 0.0000, -802.1909, -538.5938, 0.0000, 86, 132, 70
L -802.1909, -538.5938, 0.0000, -796.4607, -540.5880, 0.0000, 86, 132, 70
L -796.4607, -540.5880, 0.0000, -792.9111, -543.6747, 0.0000, 86, 132, 70
L -792.9111, -543.6747, 0.0000, -789.0036, -547.8085, 0.0000, 86, 132, 70
L -789.0036, -547.8085, 0.0000, -783.2709, -546.6137, 0.0000, 86, 132, 70
L -783.2709, -546.6137, 0.0000, -778.5445, -544.5036, 0.0000, 86, 132, 70
L -778.5445, -544.5036, 0.0000, -772.6243, -545.2085, 0.0000, 86, 132, 70
L -772.6243, -545.2085, 0.0000, -768.0685, -542.3592, 0.0000, 86, 132, 70
L -768.0685, -542.3592, 0.0000, -767.3698, -537.0599, 0.0000, 86, 132, 70
L -767.3698, -537.0599, 0.0000, -764.1656, -533.4860, 0.0000, 86, 132, 70
L -764.1656, -533.4860, 0.0000, -761.0874, -528.9811, 0.0000, 86, 132, 70
L -839.9302, -491.1878, 0.0000, -839.9302, -475.2736, 0.0000, 62, 104, 56
L -1037.3541, 66.0227, 0.0000, -1041.2288, 70.5460, 0.0000, 86, 132, 70
L -1041.2288, 70.5460, 0.0000, -1041.3272, 75.7190, 0.0000, 86, 132, 70
L -1041.3272, 75.7190, 0.0000, -1043.3649, 81.0240, 0.0000, 86, 132, 70
L -1043.3649, 81.0240, 0.0000, -1049.9825, 81.9191, 0.0000, 86, 132, 70
L -1049.9825, 81.9191, 0.0000, -1055.1139, 83.4222, 0.0000, 86, 132, 70
L -1055.1139, 83.4222, 0.0000, -1060.4118, 87.0726, 0.0000, 86, 132, 70
L -1060.4118, 87.0726, 0.0000, -1066.2412, 85.1677, 0.0000, 86, 132, 70
L -1066.2412, 85.1677, 0.0000, -1070.3096, 81.1090, 0.0000, 86, 132, 70
L -1070.3096, 81.1090, 0.0000, -1076.3957, 80.0885, 0.0000, 86, 132, 70
L -1076.3957, 80.0885, 0.0000, -1081.0908, 76.5291, 0.0000, 86, 132, 70
L -1081.0908, 76.5291, 0.0000, -1080.1263, 70.6713, 0.0000, 86, 132, 70
L -1080.1263, 70.6713, 0.0000, -1081.3436, 66.0227, 0.0000, 86, 132, 70
L -1081.3436, 66.0227, 0.0000, -1083.7194, 60.5269, 0.0000, 86, 132, 70
L -1083.7194, 60.5269, 0.0000, -1079.4233, 56.3636, 0.0000, 86, 132, 70
L -1079.4233, 56.3636, 0.0000, -1074.4702, 53.6513, 0.0000, 86, 132, 70
L -1074.4702, 53.6513, 0.0000, -1071.9772, 48.3946, 0.0000, 86, 132, 70
L -1071.9772, 48.3946, 0.0000, -1066.4992, 46.0305, 0.0000, 86, 132, 70
L -1066.4992, 46.0305, 0.0000, -1060.4118, 48.3618, 0.0000, 86, 132, 70
L -1060.4118, 48.3618, 0.0000, -1054.8559, 47.7760, 0.0000, 86, 132, 70
L -1054.8559, 47.7760, 0.0000, -1048.3149, 47.5845, 0.0000, 86, 132, 70
L -1048.3149, 47.5845, 0.0000, -1045.2904, 52.7159, 0.0000, 86, 132, 70
L -1045.2904, 52.7159, 0.0000, -1042.9948, 57.1737, 0.0000, 86, 132, 70
L -1042.9948, 57.1737, 0.0000, -1037.6357, 60.6522, 0.0000, 86, 132, 70
L -1037.6357, 60.6522, 0.0000, -1037.3541, 66.0227, 0.0000, 86, 132, 70
L -1060.4118, 84.0584, 0.0000, -1060.4118, 99.6617, 0.0000, 62, 104, 56
L 331.4714, 1022.3920, 0.0000, 331.4714, 1011.2001, 0.0000, 62, 104, 56
L 310.4866, 1013.2986, 0.0000, 331.4714, 996.6857, 0.0000, 86, 132, 70
L 331.4714, 996.6857, 0.0000, 352.4562, 1013.2986, 0.0000, 86, 132, 70
L 310.4866, 1013.2986, 0.0000, 352.4562, 1013.2986, 0.0000, 86, 132, 70
L 313.7393, 999.3088, 0.0000, 331.4714, 982.6958, 0.0000, 86, 132, 70
L 331.4714, 982.6958, 0.0000, 349.2036, 999.3088, 0.0000, 86, 132, 70
L 313.7393, 999.3088, 0.0000, 349.2036, 999.3088, 0.0000, 86, 132, 70
L 316.9919, 985.3189, 0.0000, 331.4714, 968.7059, 0.0000, 86, 132, 70
L 331.4714, 968.7059, 0.0000, 345.9509, 985.3189, 0.0000, 86, 132, 70
L 316.9919, 985.3189, 0.0000, 345.9509, 985.3189, 0.0000, 86, 132, 70
L 320.2446, 971.3290, 0.0000, 331.4714, 954.7161, 0.0000, 86, 132, 70
L 331.4714, 954.7161, 0.0000, 342.6983, 971.3290, 0.0000, 86, 132, 70
L 320.2446, 971.3290, 0.0000, 342.6983, 971.3290, 0.0000, 86, 132, 70
L -597.6985, 813.6898, 0.0000, -597.6985, 801.4150, 0.0000, 62, 104, 56
L -620.7138, 803.7165, 0.0000, -597.6985, 785.4961, 0.0000, 86, 132, 70
L -597.6985, 785.4961, 0.0000, -574.6831, 803.7165, 0.0000, 86, 132, 70
L -620.7138, 803.7165, 0.0000, -574.6831, 803.7165, 0.0000, 86, 132, 70
L -617.1464, 788.3730, 0.0000, -597.6985, 770.1525, 0.0000, 86, 132, 70
L -597.6985, 770.1525, 0.0000, -578.2505, 788.3730, 0.0000, 86, 132, 70
L -617.1464, 788.3730, 0.0000, -578.2505, 788.3730, 0.0000, 86, 132, 70
L -613.5790, 773.0295, 0.0000, -597.6985, 754.8090, 0.0000, 86, 132, 70
L -597.6985, 754.8090, 0.0000, -581.8179, 773.0295, 0.0000, 86, 132, 70
L -613.5790, 773.0295, 0.0000, -581.8179, 773.0295, 0.0000, 86, 132, 70
L -610.0116, 757.6859, 0.0000, -597.6985, 739.4655, 0.0000, 86, 132, 70
L -597.6985, 739.4655, 0.0000, -585.3853, 757.6859, 0.0000, 86, 132, 70
L -610.0116, 757.6859, 0.0000, -585.3853, 757.6859, 0.0000, 86, 132, 70
L -9.5553, 962.8377, 0.0000, -9.5553, 951.8098, 0.0000, 62, 104, 56
L -30.2324, 953.8776, 0.0000, -9.5553, 937.5081, 0.0000, 86, 132, 70
L -9.5553, 937.5081, 0.0000, 11.1219, 953.8776, 0.0000, 86, 132, 70
L -30.2324, 953.8776, 0.0000, 11.1219, 953.8776, 0.0000, 86, 132, 70
L -27.0275, 940.0928, 0.0000, -9.5553, 923.7234, 0.0000, 86, 132, 70
L -9.5553, 923.7234, 0.0000, 7.9169, 940.0928, 0.0000, 86, 132, 70
L -27.0275, 940.0928, 0.0000, 7.9169, 940.0928, 0.0000, 86, 132, 70
L -23.8225, 926.3080, 0.0000, -9.5553, 909.9386, 0.0000, 86, 132, 70
L -9.5553, 909.9386, 0.0000, 4.7120, 926.3080, 0.0000, 86, 132, 70
L -23.8225, 926.3080, 0.0000, 4.7120, 926.3080, 0.0000, 86, 132, 70
L -20.6175, 912.5232, 0.0000, -9.5553, 896.1538, 0.0000, 86, 132, 70
L -9.5553, 896.1538, 0.0000, 1.5070, 912.5232, 0.0000, 86, 132, 70
L -20.6175, 912.5232, 0.0000, 1.5070, 912.5232, 0.0000, 86, 132, 70
L -989.4816, -468.9381, 0.0000, -989.4816, -478.3140, 0.0000, 62, 104, 56
L -1007.0615, -476.5560, 0.0000, -989.4816, -490.4735, 0.0000, 86, 132, 70
L -989.4816, -490.4735, 0.0000, -971.9017, -476.5560, 0.0000, 86, 132, 70
L -1007.0615, -476.5560, 0.0000, -971.9017, -476.5560, 0.0000, 86, 132, 70
L -1004.3366, -488.2760, 0.0000, -989.4816, -502.1934, 0.0000, 86, 132, 70
L -989.4816, -502.1934, 0.0000, -974.6266, -488.2760, 0.0000, 86, 132, 70
L -1004.3366, -488.2760, 0.0000, -974.6266, -488.2760, 0.0000, 86, 132, 70
L -928.6488, -520.3608, 0.0000, -917.7419, -532.8748, 0.0000, 86, 132, 70
L -917.7419, -532.8748, 0.0000, -906.8349, -520.3608, 0.0000, 86, 132, 70
L -1001.6117, -499.9959, 0.0000, -977.3514, -499.9959, 0.0000, 86, 132, 70
L -926.1987, -530.8990, 0.0000, -917.7419, -543.4130, 0.0000, 86, 132, 70
L -917.7419, -543.4130, 0.0000, -909.2850, -530.8990, 0.0000, 86, 132, 70
L -926.1987, -530.8990, 0.0000, -909.2850, -530.8990, 0.0000, 86, 132, 70
L -827.3465, -669.2493, 0.0000, -827.3465, -677.1437, 0.0000, 62, 104, 56
L -842.1486, -675.6635, 0.0000, -827.3465, -687.3818, 0.0000, 86, 132, 70
L -827.3465, -687.3818, 0.0000, -812.5444, -675.6635, 0.0000, 86, 132, 70
L -842.1486, -675.6635, 0.0000, -812.5444, -675.6635, 0.0000, 86, 132, 70
L -839.8543, -685.5316, 0.0000, -827.3465, -697.2499, 0.0000, 86, 132, 70
L -827.3465, -697.2499, 0.0000, -814.8387, -685.5316, 0.0000, 86, 132, 70
L -839.8543, -685.5316, 0.0000, -814.8387, -685.5316, 0.0000, 86, 132, 70
L -837.5600, -695.3996, 0.0000, -827.3465, -707.1180, 0.0000, 86, 132, 70
L -827.3465, -707.1180, 0.0000, -817.1330, -695.3996, 0.0000, 86, 132, 70
L -837.5600, -695.3996, 0.0000, -817.1330, -695.3996, 0.0000, 86, 132, 70
L -835.2656, -705.2678, 0.0000, -827.3465, -716.9861, 0.0000, 86, 132, 70
L -827.3465, -716.9861, 0.0000, -819.4274, -705.2678, 0.0000, 86, 132, 70
L -835.2656, -705.2678, 0.0000, -819.4274, -705.2678, 0.0000, 86, 132, 70
L 177.9833, 713.5477, 0.0000, 173.8170, 718.1466, 0.0000, 86, 132, 70
L 173.8170, 718.1466, 0.0000, 172.9560, 723.0196, 0.0000, 86, 132, 70
L 172.9560, 723.0196, 0.0000, 171.5058, 728.6773, 0.0000, 86, 132, 70
L 171.5058, 728.6773, 0.0000, 165.0813, 729.9606, 0.0000, 86, 132, 70
L 165.0813, 729.9606, 0.0000, 159.5380, 730.7070, 0.0000, 86, 132, 70
L 159.5380, 730.7070, 0.0000, 154.3132, 734.3714, 0.0000, 86, 132, 70
L 154.3132, 734.3714, 0.0000, 148.3052, 733.2792, 0.0000, 86, 132, 70
L 148.3052, 733.2792, 0.0000, 144.3282, 728.7668, 0.0000, 86, 132, 70
L 144.3282, 728.7668, 0.0000, 138.6869, 727.2988, 0.0000, 86, 132, 70
L 138.6869, 727.2988, 0.0000, 133.3207, 724.2133, 0.0000, 86, 132, 70
L 133.3207, 724.2133, 0.0000, 134.0261, 718.3313, 0.0000, 86, 132, 70
L 134.0261, 718.3313, 0.0000, 133.7758, 713.5477, 0.0000, 86, 132, 70
L 133.7758, 713.5477, 0.0000, 131.1159, 708.0779, 0.0000, 86, 132, 70
L 131.1159, 708.0779, 0.0000, 134.6713, 703.5683, 0.0000, 86, 132, 70
L 134.6713, 703.5683, 0.0000, 140.2464, 701.1690, 0.0000, 86, 132, 70
L 140.2464, 701.1690, 0.0000, 142.9776, 696.2700, 0.0000, 86, 132, 70
L 142.9776, 696.2700, 0.0000, 148.0962, 693.1300, 0.0000, 86, 132, 70
L 148.0962, 693.1300, 0.0000, 154.3132, 695.4688, 0.0000, 86, 132, 70
L 154.3132, 695.4688, 0.0000, 159.7469, 695.7022, 0.0000, 86, 132, 70
L 159.7469, 695.7022, 0.0000, 166.4319, 695.0763, 0.0000, 86, 132, 70
L 166.4319, 695.0763, 0.0000, 169.9463, 699.7906, 0.0000, 86, 132, 70
L 169.9463, 699.7906, 0.0000, 171.6054, 704.7621, 0.0000, 86, 132, 70
L 171.6054, 704.7621, 0.0000, 176.7272, 708.2626, 0.0000, 86, 132, 70
L 176.7272, 708.2626, 0.0000, 177.9833, 713.5477, 0.0000, 86, 132, 70
L 154.3132, 731.6728, 0.0000, 154.3132, 747.3534, 0.0000, 62, 104, 56
L 275.8138, 545.6892, 0.0000, 275.8138, 533.0957, 0.0000, 62, 104, 56
L 252.2010, 535.4570, 0.0000, 275.8138, 516.7635, 0.0000, 86, 132, 70
L 275.8138, 516.7635, 0.0000, 299.4267, 535.4570, 0.0000, 86, 132, 70
L 252.2010, 535.4570, 0.0000, 299.4267, 535.4570, 0.0000, 86, 132, 70
L 255.8610, 519.7151, 0.0000, 275.8138, 501.0216, 0.0000, 86, 132, 70
L 275.8138, 501.0216, 0.0000, 295.7667, 519.7151, 0.0000, 86, 132, 70
L 255.8610, 519.7151, 0.0000, 295.7667, 519.7151, 0.0000, 86, 132, 70
L 259.5210, 503.9732, 0.0000, 275.8138, 485.2797, 0.0000, 86, 132, 70
L 275.8138, 485.2797, 0.0000, 292.1067, 503.9732, 0.0000, 86, 132, 70
L 259.5210, 503.9732, 0.0000, 292.1067, 503.9732, 0.0000, 86, 132, 70
L 263.1810, 488.2313, 0.0000, 275.8138, 469.5378, 0.0000, 86, 132, 70
L 275.8138, 469.5378, 0.0000, 288.4467, 488.2313, 0.0000, 86, 132, 70
L 263.1810, 488.2313, 0.0000, 288.4467, 488.2313, 0.0000, 86, 132, 70
L -913.6526, -651.5985, 0.0000, -913.6526, -659.6989, 0.0000, 62, 104, 56
L -928.8409, -658.1801, 0.0000, -913.6526, -670.2042, 0.0000, 86, 132, 70
L -913.6526, -670.2042, 0.0000, -898.4642, -658.1801, 0.0000, 86, 132, 70
L -928.8409, -658.1801, 0.0000, -898.4642, -658.1801, 0.0000, 86, 132, 70
L -926.4867, -668.3056, 0.0000, -913.6526, -680.3298, 0.0000, 86, 132, 70
L -913.6526, -680.3298, 0.0000, -900.8184, -668.3056, 0.0000, 86, 132, 70
L -926.4867, -668.3056, 0.0000, -900.8184, -668.3056, 0.0000, 86, 132, 70
L -924.1325, -678.4312, 0.0000, -913.6526, -690.4553, 0.0000, 86, 132, 70
L -913.6526, -690.4553, 0.0000, -903.1726, -678.4312, 0.0000, 86, 132, 70
L -924.1325, -678.4312, 0.0000, -903.1726, -678.4312, 0.0000, 86, 132, 70
L -921.7783, -688.5567, 0.0000, -913.6526, -700.5809, 0.0000, 86, 132, 70
L -913.6526, -700.5809, 0.0000, -905.5268, -688.5567, 0.0000, 86, 132, 70
L -921.7783, -688.5567, 0.0000, -905.5268, -688.5567, 0.0000, 86, 132, 70
L -1054.8940, -443.7648, 0.0000, -1054.8940, -454.6956, 0.0000, 62, 104, 56
L -1075.3893, -452.6461, 0.0000, -1054.8940, -468.8715, 0.0000, 86, 132, 70
L -1054.8940, -468.8715, 0.0000, -1034.3987, -452.6461, 0.0000, 86, 132, 70
L -1075.3893, -452.6461, 0.0000, -1034.3987, -452.6461, 0.0000, 86, 132, 70
L -1072.2125, -466.3096, 0.0000, -1054.8940, -482.5350, 0.0000, 86, 132, 70
L -1054.8940, -482.5350, 0.0000, -1037.5755, -466.3096, 0.0000, 86, 132, 70
L -1072.2125, -466.3096, 0.0000, -1037.5755, -466.3096, 0.0000, 86, 132, 70
L -1069.0358, -479.9731, 0.0000, -1054.8940, -496.1986, 0.0000, 86, 132, 70
L -1054.8940, -496.1986, 0.0000, -1040.7523, -479.9731, 0.0000, 86, 132, 70
L -1069.0358, -479.9731, 0.0000, -1040.7523, -479.9731, 0.0000, 86, 132, 70
L -1065.8590, -493.6367, 0.0000, -1054.8940, -509.8621, 0.0000, 86, 132, 70
L -1054.8940, -509.8621, 0.0000, -1043.9290, -493.6367, 0.0000, 86, 132, 70
L -1065.8590, -493.6367, 0.0000, -1043.9290, -493.6367, 0.0000, 86, 132, 70
L -994.2172, -98.7178, 0.0000, -992.9279, -92.3085, 0.0000, 86, 132, 70
L -992.9279, -92.3085, 0.0000, -999.0907, -88.0387, 0.0000, 86, 132, 70
L -999.0907, -88.0387, 0.0000, -1003.1209, -83.7677, 0.0000, 86, 132, 70
L -1003.1209, -83.7677, 0.0000, -1006.0984, -77.3618, 0.0000, 86, 132, 70
L -1006.0984, -77.3618, 0.0000, -1013.3290, -76.4486, 0.0000, 86, 132, 70
L -1013.3290, -76.4486, 0.0000, -1020.1097, -78.3494, 0.0000, 86, 132, 70
L -1020.1097, -78.3494, 0.0000, -1026.9813, -76.1499, 0.0000, 86, 132, 70
L -1026.9813, -76.1499, 0.0000, -1034.0300, -77.5004, 0.0000, 86, 132, 70
L -1034.0300, -77.5004, 0.0000, -1036.9165, -83.9278, 0.0000, 86, 132, 70
L -1036.9165, -83.9278, 0.0000, -1041.4016, -87.9001, 0.0000, 86, 132, 70
L -1041.4016, -87.9001, 0.0000, -1047.3824, -92.2870, 0.0000, 86, 132, 70
L -1047.3824, -92.2870, 0.0000, -1045.6383, -98.7178, 0.0000, 86, 132, 70
L -1045.6383, -98.7178, 0.0000, -1042.5968, -104.0202, 0.0000, 86, 132, 70
L -1042.5968, -104.0202, 0.0000, -1043.6226, -110.6640, 0.0000, 86, 132, 70
L -1043.6226, -110.6640, 0.0000, -1039.4811, -115.7647, 0.0000, 86, 132, 70
L -1039.4811, -115.7647, 0.0000, -1031.8090, -116.5499, 0.0000, 86, 132, 70
L -1031.8090, -116.5499, 0.0000, -1026.6377, -120.1573, 0.0000, 86, 132, 70
L -1026.6377, -120.1573, 0.0000, -1020.1097, -123.5999, 0.0000, 86, 132, 70
L -1020.1097, -123.5999, 0.0000, -1013.6726, -119.8586, 0.0000, 86, 132, 70
L -1013.6726, -119.8586, 0.0000, -1008.3195, -116.6885, 0.0000, 86, 132, 70
L -1008.3195, -116.6885, 0.0000, -1000.5563, -115.9248, 0.0000, 86, 132, 70
L -1000.5563, -115.9248, 0.0000, -996.8696, -110.5253, 0.0000, 86, 132, 70
L -996.8696, -110.5253, 0.0000, -997.7135, -103.9987, 0.0000, 86, 132, 70
L -997.7135, -103.9987, 0.0000, -994.2172, -98.7178, 0.0000, 86, 132, 70
L -1020.1097, -77.6352, 0.0000, -1020.1097, -59.3958, 0.0000, 62, 104, 56
L -959.3265, 319.1358, 0.0000, -959.3265, 309.8236, 0.0000, 62, 104, 56
L -976.7868, 311.5696, 0.0000, -959.3265, 297.7469, 0.0000, 86, 132, 70
L -959.3265, 297.7469, 0.0000, -941.8661, 311.5696, 0.0000, 86, 132, 70
L -976.7868, 311.5696, 0.0000, -941.8661, 311.5696, 0.0000, 86, 132, 70
L -974.0805, 299.9294, 0.0000, -959.3265, 286.1066, 0.0000, 86, 132, 70
L -959.3265, 286.1066, 0.0000, -944.5725, 299.9294, 0.0000, 86, 132, 70
L -974.0805, 299.9294, 0.0000, -944.5725, 299.9294, 0.0000, 86, 132, 70
L -971.3741, 288.2892, 0.0000, -959.3265, 274.4664, 0.0000, 86, 132, 70
L -959.3265, 274.4664, 0.0000, -947.2788, 288.2892, 0.0000, 86, 132, 70
L -971.3741, 288.2892, 0.0000, -947.2788, 288.2892, 0.0000, 86, 132, 70
L -968.6678, 276.6489, 0.0000, -959.3265, 262.8261, 0.0000, 86, 132, 70
L -959.3265, 262.8261, 0.0000, -949.9852, 276.6489, 0.0000, 86, 132, 70
L -968.6678, 276.6489, 0.0000, -949.9852, 276.6489, 0.0000, 86, 132, 70
L -278.9725, 1033.1084, 0.0000, -278.9725, 1024.1417, 0.0000, 62, 104, 56
L -295.7850, 1025.8230, 0.0000, -278.9725, 1012.5131, 0.0000, 86, 132, 70
L -278.9725, 1012.5131, 0.0000, -262.1600, 1025.8230, 0.0000, 86, 132, 70
L -295.7850, 1025.8230, 0.0000, -262.1600, 1025.8230, 0.0000, 86, 132, 70
L -293.1791, 1014.6146, 0.0000, -278.9725, 1001.3048, 0.0000, 86, 132, 70
L -278.9725, 1001.3048, 0.0000, -264.7660, 1014.6146, 0.0000, 86, 132, 70
L -293.1791, 1014.6146, 0.0000, -264.7660, 1014.6146, 0.0000, 86, 132, 70
L -290.5731, 1003.4063, 0.0000, -278.9725, 990.0964, 0.0000, 86, 132, 70
L -278.9725, 990.0964, 0.0000, -267.3719, 1003.4063, 0.0000, 86, 132, 70
L -290.5731, 1003.4063, 0.0000, -267.3719, 1003.4063, 0.0000, 86, 132, 70
L -287.9672, 992.1980, 0.0000, -278.9725, 978.8881, 0.0000, 86, 132, 70
L -278.9725, 978.8881, 0.0000, -269.9778, 992.1980, 0.0000, 86, 132, 70
L -287.9672, 992.1980, 0.0000, -269.9778, 992.1980, 0.0000, 86, 132, 70
L 218.6618, 528.3387, 0.0000, 215.7035, 532.8072, 0.0000, 86, 132, 70
L 215.7035, 532.8072, 0.0000, 216.4176, 538.3299, 0.0000, 86, 132, 70
L 216.4176, 538.3299, 0.0000, 213.2979, 542.8987, 0.0000, 86, 132, 70
L 213.2979, 542.8987, 0.0000, 206.7290, 543.5450, 0.0000, 86, 132, 70
L 206.7290, 543.5450, 0.0000, 202.1993, 546.2275, 0.0000, 86, 132, 70
L 202.1993, 546.2275, 0.0000, 196.7524, 549.3933, 0.0000, 86, 132, 70
L 196.7524, 549.3933, 0.0000, 191.2285, 546.4801, 0.0000, 86, 132, 70
L 191.2285, 546.4801, 0.0000, 186.8527, 543.4278, 0.0000, 86, 132, 70
L 186.8527, 543.4278, 0.0000, 180.3607, 542.7633, 0.0000, 86, 132, 70
L 180.3607, 542.7633, 0.0000, 176.8564, 538.4472, 0.0000, 86, 132, 70
L 176.8564, 538.4472, 0.0000, 177.7244, 532.8254, 0.0000, 86, 132, 70
L 177.7244, 532.8254, 0.0000, 175.1506, 528.3387, 0.0000, 86, 132, 70
L 175.1506, 528.3387, 0.0000, 173.6749, 522.8971, 0.0000, 86, 132, 70
L 173.6749, 522.8971, 0.0000, 178.7358, 519.1850, 0.0000, 86, 132, 70
L 178.7358, 519.1850, 0.0000, 182.5308, 515.8237, 0.0000, 86, 132, 70
L 182.5308, 515.8237, 0.0000, 184.9734, 510.3850, 0.0000, 86, 132, 70
L 184.9734, 510.3850, 0.0000, 190.9378, 509.2423, 0.0000, 86, 132, 70
L 190.9378, 509.2423, 0.0000, 196.7524, 511.1034, 0.0000, 86, 132, 70
L 196.7524, 511.1034, 0.0000, 202.4900, 509.4950, 0.0000, 86, 132, 70
L 202.4900, 509.4950, 0.0000, 208.6083, 510.2678, 0.0000, 86, 132, 70
L 208.6083, 510.2678, 0.0000, 211.1278, 515.6883, 0.0000, 86, 132, 70
L 211.1278, 515.6883, 0.0000, 214.5382, 519.3023, 0.0000, 86, 132, 70
L 214.5382, 519.3023, 0.0000, 219.7530, 522.9152, 0.0000, 86, 132, 70
L 219.7530, 522.9152, 0.0000, 218.6618, 528.3387, 0.0000, 86, 132, 70
L 196.7524, 546.1783, 0.0000, 196.7524, 561.6119, 0.0000, 62, 104, 56
L -1063.3945, -53.1495, 0.0000, -1063.2075, -49.1409, 0.0000, 86, 132, 70
L -1063.2075, -49.1409, 0.0000, -1062.8071, -44.3088, 0.0000, 86, 132, 70
L -1062.8071, -44.3088, 0.0000, -1067.4688, -41.9392, 0.0000, 86, 132, 70
L -1067.4688, -41.9392, 0.0000, -1071.9087, -40.5001, 0.0000, 86, 132, 70
L -1071.9087, -40.5001, 0.0000, -1075.1844, -36.6517, 0.0000, 86, 132, 70
L -1075.1844, -36.6517, 0.0000, -1080.2078, -36.1027, 0.0000, 86, 132, 70
L -1080.2078, -36.1027, 0.0000, -1084.4990, -39.0562, 0.0000, 86, 132, 70
L -1084.4990, -39.0562, 0.0000, -1089.2390, -39.3841, 0.0000, 86, 132, 70
L -1089.2390, -39.3841, 0.0000, -1094.4110, -40.6506, 0.0000, 86, 132, 70
L -1094.4110, -40.6506, 0.0000, -1095.4120, -45.4247, 0.0000, 86, 132, 70
L -1095.4120, -45.4247, 0.0000, -1096.4759, -49.3136, 0.0000, 86, 132, 70
L -1096.4759, -49.3136, 0.0000, -1099.9496, -53.1495, 0.0000, 86, 132, 70
L -1099.9496, -53.1495, 0.0000, -1098.5170, -57.4667, 0.0000, 86, 132, 70
L -1098.5170, -57.4667, 0.0000, -1094.4647, -60.3930, 0.0000, 86, 132, 70
L -1094.4647, -60.3930, 0.0000, -1093.3172, -64.6858, 0.0000, 86, 132, 70
L -1093.3172, -64.6858, 0.0000, -1090.1863, -68.3588, 0.0000, 86, 132, 70
L -1090.1863, -68.3588, 0.0000, -1084.6455, -67.7241, 0.0000, 86, 132, 70
L -1084.6455, -67.7241, 0.0000, -1080.2078, -68.2712, 0.0000, 86, 132, 70
L -1080.2078, -68.2712, 0.0000, -1075.0378, -70.1286, 0.0000, 86, 132, 70
L -1075.0378, -70.1286, 0.0000, -1070.9614, -67.2428, 0.0000, 86, 132, 70
L -1070.9614, -67.2428, 0.0000, -1068.5627, -63.3972, 0.0000, 86, 132, 70
L -1068.5627, -63.3972, 0.0000, -1063.7544, -61.5090, 0.0000, 86, 132, 70
L -1063.7544, -61.5090, 0.0000, -1061.1664, -57.6394, 0.0000, 86, 132, 70
L -1061.1664, -57.6394, 0.0000, -1063.3945, -53.1495, 0.0000, 86, 132, 70
L -1080.2078, -38.1619, 0.0000, -1080.2078, -25.1956, 0.0000, 62, 104, 56
L -998.0795, 85.7189, 0.0000, -998.0795, 75.0212, 0.0000, 62, 104, 56
L -1018.1378, 77.0270, 0.0000, -998.0795, 61.1475, 0.0000, 86, 132, 70
L -998.0795, 61.1475, 0.0000, -978.0212, 77.0270, 0.0000, 86, 132, 70
L -1018.1378, 77.0270, 0.0000, -978.0212, 77.0270, 0.0000, 86, 132, 70
L -1015.0288, 63.6548, 0.0000, -998.0795, 47.7753, 0.0000, 86, 132, 70
L -998.0795, 47.7753, 0.0000, -981.1303, 63.6548, 0.0000, 86, 132, 70
L -1015.0288, 63.6548, 0.0000, -981.1303, 63.6548, 0.0000, 86, 132, 70
L -1011.9197, 50.2826, 0.0000, -998.0795, 34.4032, 0.0000, 86, 132, 70
L -998.0795, 34.4032, 0.0000, -984.2393, 50.2826, 0.0000, 86, 132, 70
L -1011.9197, 50.2826, 0.0000, -984.2393, 50.2826, 0.0000, 86, 132, 70
L -1008.8107, 36.9104, 0.0000, -998.0795, 21.0310, 0.0000, 86, 132, 70
L -998.0795, 21.0310, 0.0000, -987.3483, 36.9104, 0.0000, 86, 132, 70
L -1008.8107, 36.9104, 0.0000, -987.3483, 36.9104, 0.0000, 86, 132, 70
L -777.4521, 1055.7701, 0.0000, -777.4521, 1044.0464, 0.0000, 62, 104, 56
L -799.4341, 1046.2446, 0.0000, -777.4521, 1028.8422, 0.0000, 86, 132, 70
L -777.4521, 1028.8422, 0.0000, -755.4701, 1046.2446, 0.0000, 86, 132, 70
L -799.4341, 1046.2446, 0.0000, -755.4701, 1046.2446, 0.0000, 86, 132, 70
L -796.0269, 1031.5899, 0.0000, -777.4521, 1014.1875, 0.0000, 86, 132, 70
L -777.4521, 1014.1875, 0.0000, -758.8773, 1031.5899, 0.0000, 86, 132, 70
L -796.0269, 1031.5899, 0.0000, -758.8773, 1031.5899, 0.0000, 86, 132, 70
L -792.6197, 1016.9353, 0.0000, -777.4521, 999.5329, 0.0000, 86, 132, 70
L -777.4521, 999.5329, 0.0000, -762.2846, 1016.9353, 0.0000, 86, 132, 70
L -792.6197, 1016.9353, 0.0000, -762.2846, 1016.9353, 0.0000, 86, 132, 70
L -789.2125, 1002.2806, 0.0000, -777.4521, 984.8782, 0.0000, 86, 132, 70
L -777.4521, 984.8782, 0.0000, -765.6918, 1002.2806, 0.0000, 86, 132, 70
L -789.2125, 1002.2806, 0.0000, -765.6918, 1002.2806, 0.0000, 86, 132, 70
L -464.0087, 673.2872, 0.0000, -464.0087, 662.6327, 0.0000, 62, 104, 56
L -483.9858, 664.6304, 0.0000, -464.0087, 648.8152, 0.0000, 86, 132, 70
L -464.0087, 648.8152, 0.0000, -444.0315, 664.6304, 0.0000, 86, 132, 70
L -483.9858, 664.6304, 0.0000, -444.0315, 664.6304, 0.0000, 86, 132, 70
L -480.8893, 651.3123, 0.0000, -464.0087, 635.4971, 0.0000, 86, 132, 70
L -464.0087, 635.4971, 0.0000, -447.1280, 651.3123, 0.0000, 86, 132, 70
L -480.8893, 651.3123, 0.0000, -447.1280, 651.3123, 0.0000, 86, 132, 70
L -477.7929, 637.9942, 0.0000, -464.0087, 622.1790, 0.0000, 86, 132, 70
L -464.0087, 622.1790, 0.0000, -450.2244, 637.9942, 0.0000, 86, 132, 70
L -477.7929, 637.9942, 0.0000, -450.2244, 637.9942, 0.0000, 86, 132, 70
L -474.6964, 624.6761, 0.0000, -464.0087, 608.8609, 0.0000, 86, 132, 70
L -464.0087, 608.8609, 0.0000, -453.3209, 624.6761, 0.0000, 86, 132, 70
L -474.6964, 624.6761, 0.0000, -453.3209, 624.6761, 0.0000, 86, 132, 70
L -366.1517, 281.1502, 0.0000, -369.7303, 285.5625, 0.0000, 86, 132, 70
L -369.7303, 285.5625, 0.0000, -372.1539, 289.4261, 0.0000, 86, 132, 70
L -372.1539, 289.4261, 0.0000, -372.8729, 294.8518, 0.0000, 86, 132, 70
L -372.8729, 294.8518, 0.0000, -377.9823, 297.0944, 0.0000, 86, 132, 70
L -377.9823, 297.0944, 0.0000, -383.7119, 296.6878, 0.0000, 86, 132, 70
L -383.7119, 296.6878, 0.0000, -388.4429, 299.4057, 0.0000, 86, 132, 70
L -388.4429, 299.4057, 0.0000, -394.1656, 299.9445, 0.0000, 86, 132, 70
L -394.1656, 299.9445, 0.0000, -397.9120, 295.5829, 0.0000, 86, 132, 70
L -397.9120, 295.5829, 0.0000, -402.0297, 293.1065, 0.0000, 86, 132, 70
L -402.0297, 293.1065, 0.0000, -407.7068, 290.9376, 0.0000, 86, 132, 70
L -407.7068, 290.9376, 0.0000, -408.1472, 285.7964, 0.0000, 86, 132, 70
L -408.1472, 285.7964, 0.0000, -406.7677, 281.1502, 0.0000, 86, 132, 70
L -406.7677, 281.1502, 0.0000, -408.9624, 276.3118, 0.0000, 86, 132, 70
L -408.9624, 276.3118, 0.0000, -407.3285, 271.5551, 0.0000, 86, 132, 70
L -407.3285, 271.5551, 0.0000, -401.5928, 269.5783, 0.0000, 86, 132, 70
L -401.5928, 269.5783, 0.0000, -398.2903, 266.1408, 0.0000, 86, 132, 70
L -398.2903, 266.1408, 0.0000, -394.2241, 262.1636, 0.0000, 86, 132, 70
L -394.2241, 262.1636, 0.0000, -388.4429, 263.6636, 0.0000, 86, 132, 70
L -388.4429, 263.6636, 0.0000, -383.6534, 265.4203, 0.0000, 86, 132, 70
L -383.6534, 265.4203, 0.0000, -377.6039, 264.6293, 0.0000, 86, 132, 70
L -377.6039, 264.6293, 0.0000, -373.3098, 267.8330, 0.0000, 86, 132, 70
L -373.3098, 267.8330, 0.0000, -372.5323, 273.0665, 0.0000, 86, 132, 70
L -372.5323, 273.0665, 0.0000, -368.9151, 276.5456, 0.0000, 86, 132, 70
L -368.9151, 276.5456, 0.0000, -366.1517, 281.1502, 0.0000, 86, 132, 70
L -388.4429, 297.8028, 0.0000, -388.4429, 312.2095, 0.0000, 62, 104, 56
L -400.1706, 820.5919, 0.0000, -404.4528, 825.9170, 0.0000, 86, 132, 70
L -404.4528, 825.9170, 0.0000, -404.1698, 832.2096, 0.0000, 86, 132, 70
L -404.1698, 832.2096, 0.0000, -407.0080, 838.2167, 0.0000, 86, 132, 70
L -407.0080, 838.2167, 0.0000, -414.8831, 839.1158, 0.0000, 86, 132, 70
L -414.8831, 839.1158, 0.0000, -420.7040, 841.3882, 0.0000, 86, 132, 70
L -420.7040, 841.3882, 0.0000, -427.0362, 845.5849, 0.0000, 86, 132, 70
L -427.0362, 845.5849, 0.0000, -433.8185, 842.8661, 0.0000, 86, 132, 70
L -433.8185, 842.8661, 0.0000, -438.7394, 838.4299, 0.0000, 86, 132, 70
L -438.7394, 838.4299, 0.0000, -446.1644, 837.4247, 0.0000, 86, 132, 70
L -446.1644, 837.4247, 0.0000, -451.2527, 832.8955, 0.0000, 86, 132, 70
L -451.2527, 832.8955, 0.0000, -450.0696, 826.0231, 0.0000, 86, 132, 70
L -450.0696, 826.0231, 0.0000, -452.1018, 820.5919, 0.0000, 86, 132, 70
L -452.1018, 820.5919, 0.0000, -454.6145, 814.0891, 0.0000, 86, 132, 70
L -454.6145, 814.0891, 0.0000, -449.1434, 809.3599, 0.0000, 86, 132, 70
L -449.1434, 809.3599, 0.0000, -443.7288, 805.9024, 0.0000, 86, 132, 70
L -443.7288, 805.9024, 0.0000, -440.8486, 799.5390, 0.0000, 86, 132, 70
L -440.8486, 799.5390, 0.0000, -434.1448, 797.2460, 0.0000, 86, 132, 70
L -434.1448, 797.2460, 0.0000, -427.0362, 799.8855, 0.0000, 86, 132, 70
L -427.0362, 799.8855, 0.0000, -420.3777, 798.7239, 0.0000, 86, 132, 70
L -420.3777, 798.7239, 0.0000, -412.7738, 798.8530, 0.0000, 86, 132, 70
L -412.7738, 798.8530, 0.0000, -409.4436, 805.1104, 0.0000, 86, 132, 70
L -409.4436, 805.1104, 0.0000, -406.2790, 810.0458, 0.0000, 86, 132, 70
L -406.2790, 810.0458, 0.0000, -399.9080, 814.1952, 0.0000, 86, 132, 70
L -399.9080, 814.1952, 0.0000, -400.1706, 820.5919, 0.0000, 86, 132, 70
L -427.0362, 841.8837, 0.0000, -427.0362, 860.3039, 0.0000, 62, 104, 56
L 190.3682, 894.6177, 0.0000, 190.3682, 883.7000, 0.0000, 62, 104, 56
L 169.8975, 885.7471, 0.0000, 190.3682, 869.5411, 0.0000, 86, 132, 70
L 190.3682, 869.5411, 0.0000, 210.8389, 885.7471, 0.0000, 86, 132, 70
L 169.8975, 885.7471, 0.0000, 210.8389, 885.7471, 0.0000, 86, 132, 70
L 173.0704, 872.0999, 0.0000, 190.3682, 855.8939, 0.0000, 86, 132, 70
L 190.3682, 855.8939, 0.0000, 207.6660, 872.0999, 0.0000, 86, 132, 70
L 173.0704, 872.0999, 0.0000, 207.6660, 872.0999, 0.0000, 86, 132, 70
L 176.2434, 858.4528, 0.0000, 190.3682, 842.2468, 0.0000, 86, 132, 70
L 190.3682, 842.2468, 0.0000, 204.4930, 858.4528, 0.0000, 86, 132, 70
L 176.2434, 858.4528, 0.0000, 204.4930, 858.4528, 0.0000, 86, 132, 70
L 179.4164, 844.8056, 0.0000, 190.3682, 828.5996, 0.0000, 86, 132, 70
L 190.3682, 828.5996, 0.0000, 201.3200, 844.8056, 0.0000, 86, 132, 70
L 179.4164, 844.8056, 0.0000, 201.3200, 844.8056, 0.0000, 86, 132, 70
L -904.1208, 678.1248, 0.0000, -904.1208, 669.8604, 0.0000, 62, 104, 56
L -919.6165, 671.4100, 0.0000, -904.1208, 659.1425, 0.0000, 86, 132, 70
L -904.1208, 659.1425, 0.0000, -888.6250, 671.4100, 0.0000, 86, 132, 70
L -919.6165, 671.4100, 0.0000, -888.6250, 671.4100, 0.0000, 86, 132, 70
L -917.2147, 661.0795, 0.0000, -904.1208, 648.8120, 0.0000, 86, 132, 70
L -904.1208, 648.8120, 0.0000, -891.0269, 661.0795, 0.0000, 86, 132, 70
L -917.2147, 661.0795, 0.0000, -891.0269, 661.0795, 0.0000, 86, 132, 70
L -914.8128, 650.7490, 0.0000, -904.1208, 638.4815, 0.0000, 86, 132, 70
L -904.1208, 638.4815, 0.0000, -893.4287, 650.7490, 0.0000, 86, 132, 70
L -914.8128, 650.7490, 0.0000, -893.4287, 650.7490, 0.0000, 86, 132, 70
L -912.4110, 640.4185, 0.0000, -904.1208, 628.1510, 0.0000, 86, 132, 70
L -904.1208, 628.1510, 0.0000, -895.8306, 640.4185, 0.0000, 86, 132, 70
L -912.4110, 640.4185, 0.0000, -895.8306, 640.4185, 0.0000, 86, 132, 70
L 618.6503, -423.6919, 0.0000, 618.6503, -435.4167, 0.0000, 62, 104, 56
L 596.6663, -433.2183, 0.0000, 618.6503, -450.6222, 0.0000, 86, 132, 70
L 618.6503, -450.6222, 0.0000, 640.6342, -433.2183, 0.0000, 86, 132, 70
L 596.6663, -433.2183, 0.0000, 640.6342, -433.2183, 0.0000, 86, 132, 70
L 600.0738, -447.8742, 0.0000, 618.6503, -465.2782, 0.0000, 86, 132, 70
L 618.6503, -465.2782, 0.0000, 637.2267, -447.8742, 0.0000, 86, 132, 70
L 600.0738, -447.8742, 0.0000, 637.2267, -447.8742, 0.0000, 86, 132, 70
L 603.4814, -462.5302, 0.0000, 618.6503, -479.9341, 0.0000, 86, 132, 70
L 618.6503, -479.9341, 0.0000, 633.8192, -462.5302, 0.0000, 86, 132, 70
L 603.4814, -462.5302, 0.0000, 633.8192, -462.5302, 0.0000, 86, 132, 70
L 606.8889, -477.1862, 0.0000, 618.6503, -494.5901, 0.0000, 86, 132, 70
L 618.6503, -494.5901, 0.0000, 630.4117, -477.1862, 0.0000, 86, 132, 70
L 606.8889, -477.1862, 0.0000, 630.4117, -477.1862, 0.0000, 86, 132, 70
L 444.4593, 882.0184, 0.0000, 444.4593, 872.0518, 0.0000, 62, 104, 56
L 425.7719, 873.9205, 0.0000, 444.4593, 859.1263, 0.0000, 86, 132, 70
L 444.4593, 859.1263, 0.0000, 463.1467, 873.9205, 0.0000, 86, 132, 70
L 425.7719, 873.9205, 0.0000, 463.1467, 873.9205, 0.0000, 86, 132, 70
L 428.6684, 861.4623, 0.0000, 444.4593, 846.6681, 0.0000, 86, 132, 70
L 444.4593, 846.6681, 0.0000, 460.2501, 861.4623, 0.0000, 86, 132, 70
L 428.6684, 861.4623, 0.0000, 460.2501, 861.4623, 0.0000, 86, 132, 70
L 431.5650, 849.0040, 0.0000, 444.4593, 834.2098, 0.0000, 86, 132, 70
L 444.4593, 834.2098, 0.0000, 457.3536, 849.0040, 0.0000, 86, 132, 70
L 431.5650, 849.0040, 0.0000, 457.3536, 849.0040, 0.0000, 86, 132, 70
L 434.4615, 836.5457, 0.0000, 444.4593, 821.7515, 0.0000, 86, 132, 70
L 444.4593, 821.7515, 0.0000, 454.4570, 836.5457, 0.0000, 86, 132, 70
L 434.4615, 836.5457, 0.0000, 454.4570, 836.5457, 0.0000, 86, 132, 70
L -897.3501, 165.3225, 0.0000, -897.3501, 157.1237, 0.0000, 62, 104, 56
L -912.7229, 158.6610, 0.0000, -897.3501, 146.4909, 0.0000, 86, 132, 70
L -897.3501, 146.4909, 0.0000, -881.9773, 158.6610, 0.0000, 86, 132, 70
L -912.7229, 158.6610, 0.0000, -881.9773, 158.6610, 0.0000, 86, 132, 70
L -910.3401, 148.4125, 0.0000, -897.3501, 136.2423, 0.0000, 86, 132, 70
L -897.3501, 136.2423, 0.0000, -884.3601, 148.4125, 0.0000, 86, 132, 70
L -910.3401, 148.4125, 0.0000, -884.3601, 148.4125, 0.0000, 86, 132, 70
L -907.9574, 138.1639, 0.0000, -897.3501, 125.9938, 0.0000, 86, 132, 70
L -897.3501, 125.9938, 0.0000, -886.7429, 138.1639, 0.0000, 86, 132, 70
L -907.9574, 138.1639, 0.0000, -886.7429, 138.1639, 0.0000, 86, 132, 70
L -905.5746, 127.9154, 0.0000, -897.3501, 115.7453, 0.0000, 86, 132, 70
L -897.3501, 115.7453, 0.0000, -889.1257, 127.9154, 0.0000, 86, 132, 70
L -905.5746, 127.9154, 0.0000, -889.1257, 127.9154, 0.0000, 86, 132, 70
L 584.0939, 524.0247, 0.0000, 584.0939, 512.8406, 0.0000, 62, 104, 56
L 563.1235, 514.9376, 0.0000, 584.0939, 498.3360, 0.0000, 86, 132, 70
L 584.0939, 498.3360, 0.0000, 605.0643, 514.9376, 0.0000, 86, 132, 70
L 563.1235, 514.9376, 0.0000, 605.0643, 514.9376, 0.0000, 86, 132, 70
L 566.3739, 500.9573, 0.0000, 584.0939, 484.3558, 0.0000, 86, 132, 70
L 584.0939, 484.3558, 0.0000, 601.8139, 500.9573, 0.0000, 86, 132, 70
L 566.3739, 500.9573, 0.0000, 601.8139, 500.9573, 0.0000, 86, 132, 70
L 569.6243, 486.9771, 0.0000, 584.0939, 470.3755, 0.0000, 86, 132, 70
L 584.0939, 470.3755, 0.0000, 598.5634, 486.9771, 0.0000, 86, 132, 70
L 569.6243, 486.9771, 0.0000, 598.5634, 486.9771, 0.0000, 86, 132, 70
L 572.8747, 472.9968, 0.0000, 584.0939, 456.3953, 0.0000, 86, 132, 70
L 584.0939, 456.3953, 0.0000, 595.3130, 472.9968, 0.0000, 86, 132, 70
L 572.8747, 472.9968, 0.0000, 595.3130, 472.9968, 0.0000, 86, 132, 70
L -1101.9962, -94.0738, 0.0000, -1101.9962, -104.1763, 0.0000, 62, 104, 56
L -1120.9384, -102.2821, 0.0000, -1101.9962, -117.2780, 0.0000, 86, 132, 70
L -1101.9962, -117.2780, 0.0000, -1083.0539, -102.2821, 0.0000, 86, 132, 70
L -1120.9384, -102.2821, 0.0000, -1083.0539, -102.2821, 0.0000, 86, 132, 70
L -1118.0024, -114.9102, 0.0000, -1101.9962, -129.9062, 0.0000, 86, 132, 70
L -1101.9962, -129.9062, 0.0000, -1085.9900, -114.9102, 0.0000, 86, 132, 70
L -1118.0024, -114.9102, 0.0000, -1085.9900, -114.9102, 0.0000, 86, 132, 70
L -1115.0663, -127.5384, 0.0000, -1101.9962, -142.5344, 0.0000, 86, 132, 70
L -1101.9962, -142.5344, 0.0000, -1088.9260, -127.5384, 0.0000, 86, 132, 70
L -1115.0663, -127.5384, 0.0000, -1088.9260, -127.5384, 0.0000, 86, 132, 70
L -1112.1303, -140.1666, 0.0000, -1101.9962, -155.1625, 0.0000, 86, 132, 70
L -1101.9962, -155.1625, 0.0000, -1091.8621, -140.1666, 0.0000, 86, 132, 70
L -1112.1303, -140.1666, 0.0000, -1091.8621, -140.1666, 0.0000, 86, 132, 70
L 561.2441, 1044.0368, 0.0000, 562.9819, 1049.8060, 0.0000, 86, 132, 70
L 562.9819, 1049.8060, 0.0000, 562.4080, 1056.1763, 0.0000, 86, 132, 70
L 562.4080, 1056.1763, 0.0000, 555.3574, 1058.8585, 0.0000, 86, 132, 70
L 555.3574, 1058.8585, 0.0000, 550.2704, 1061.9551, 0.0000, 86, 132, 70
L 550.2704, 1061.9551, 0.0000, 545.6169, 1067.3624, 0.0000, 86, 132, 70
L 545.6169, 1067.3624, 0.0000, 538.5145, 1066.6660, 0.0000, 86, 132, 70
L 538.5145, 1066.6660, 0.0000, 532.6448, 1063.3143, 0.0000, 86, 132, 70
L 532.6448, 1063.3143, 0.0000, 525.5260, 1063.8339, 0.0000, 86, 132, 70
L 525.5260, 1063.8339, 0.0000, 519.2064, 1061.0279, 0.0000, 86, 132, 70
L 519.2064, 1061.0279, 0.0000, 518.3188, 1054.2976, 0.0000, 86, 132, 70
L 518.3188, 1054.2976, 0.0000, 515.2798, 1049.5154, 0.0000, 86, 132, 70
L 515.2798, 1049.5154, 0.0000, 510.8545, 1044.0368, 0.0000, 86, 132, 70
L 510.8545, 1044.0368, 0.0000, 514.3092, 1038.3292, 0.0000, 86, 132, 70
L 514.3092, 1038.3292, 0.0000, 518.7693, 1034.0048, 0.0000, 86, 132, 70
L 518.7693, 1034.0048, 0.0000, 519.7265, 1027.5033, 0.0000, 86, 132, 70
L 519.7265, 1027.5033, 0.0000, 525.0756, 1023.5530, 0.0000, 86, 132, 70
L 525.0756, 1023.5530, 0.0000, 532.5751, 1024.5304, 0.0000, 86, 132, 70
L 532.5751, 1024.5304, 0.0000, 538.5145, 1022.3230, 0.0000, 86, 132, 70
L 538.5145, 1022.3230, 0.0000, 545.6866, 1020.4823, 0.0000, 86, 132, 70
L 545.6866, 1020.4823, 0.0000, 550.7209, 1025.4318, 0.0000, 86, 132, 70
L 550.7209, 1025.4318, 0.0000, 554.8373, 1029.6727, 0.0000, 86, 132, 70
L 554.8373, 1029.6727, 0.0000, 561.9576, 1032.1261, 0.0000, 86, 132, 70
L 561.9576, 1032.1261, 0.0000, 563.9525, 1038.0386, 0.0000, 86, 132, 70
L 563.9525, 1038.0386, 0.0000, 561.2441, 1044.0368, 0.0000, 86, 132, 70
L 538.5145, 1064.6965, 0.0000, 538.5145, 1082.5700, 0.0000, 62, 104, 56
L -363.1904, 590.8196, 0.0000, -363.1904, 581.9456, 0.0000, 62, 104, 56
L -379.8291, 583.6095, 0.0000, -363.1904, 570.4372, 0.0000, 86, 132, 70
L -363.1904, 570.4372, 0.0000, -346.5517, 583.6095, 0.0000, 86, 132, 70
L -379.8291, 583.6095, 0.0000, -346.5517, 583.6095, 0.0000, 86, 132, 70
L -377.2501, 572.5170, 0.0000, -363.1904, 559.3447, 0.0000, 86, 132, 70
L -363.1904, 559.3447, 0.0000, -349.1307, 572.5170, 0.0000, 86, 132, 70
L -377.2501, 572.5170, 0.0000, -349.1307, 572.5170, 0.0000, 86, 132, 70
L -374.6711, 561.4246, 0.0000, -363.1904, 548.2523, 0.0000, 86, 132, 70
L -363.1904, 548.2523, 0.0000, -351.7097, 561.4246, 0.0000, 86, 132, 70
L -374.6711, 561.4246, 0.0000, -351.7097, 561.4246, 0.0000, 86, 132, 70
L -372.0921, 550.3321, 0.0000, -363.1904, 537.1598, 0.0000, 86, 132, 70
L -363.1904, 537.1598, 0.0000, -354.2887, 550.3321, 0.0000, 86, 132, 70
L -372.0921, 550.3321, 0.0000, -354.2887, 550.3321, 0.0000, 86, 132, 70
L 519.5159, -301.8553, 0.0000, 520.2744, -295.4850, 0.0000, 86, 132, 70
L 520.2744, -295.4850, 0.0000, 514.0013, -291.3163, 0.0000, 86, 132, 70
L 514.0013, -291.3163, 0.0000, 510.4550, -286.7220, 0.0000, 86, 132, 70
L 510.4550, -286.7220, 0.0000, 507.3315, -280.4046, 0.0000, 86, 132, 70
L 507.3315, -280.4046, 0.0000, 499.9352, -279.9266, 0.0000, 86, 132, 70
L 499.9352, -279.9266, 0.0000, 493.2582, -281.4506, 0.0000, 86, 132, 70
L 493.2582, -281.4506, 0.0000, 486.2992, -279.0007, 0.0000, 86, 132, 70
L 486.2992, -279.0007, 0.0000, 479.4667, -280.8343, 0.0000, 86, 132, 70
L 479.4667, -280.8343, 0.0000, 476.6252, -287.2182, 0.0000, 86, 132, 70
L 476.6252, -287.2182, 0.0000, 471.6692, -290.8866, 0.0000, 86, 132, 70
L 471.6692, -290.8866, 0.0000, 465.9600, -295.4185, 0.0000, 86, 132, 70
L 465.9600, -295.4185, 0.0000, 468.1282, -301.8553, 0.0000, 86, 132, 70
L 468.1282, -301.8553, 0.0000, 470.6377, -307.1891, 0.0000, 86, 132, 70
L 470.6377, -307.1891, 0.0000, 469.4983, -313.9269, 0.0000, 86, 132, 70
L 469.4983, -313.9269, 0.0000, 474.1184, -318.6982, 0.0000, 86, 132, 70
L 474.1184, -318.6982, 0.0000, 481.6377, -319.5673, 0.0000, 86, 132, 70
L 481.6377, -319.5673, 0.0000, 486.6351, -323.6069, 0.0000, 86, 132, 70
L 486.6351, -323.6069, 0.0000, 493.2582, -326.6718, 0.0000, 86, 132, 70
L 493.2582, -326.6718, 0.0000, 499.5993, -322.6810, 0.0000, 86, 132, 70
L 499.5993, -322.6810, 0.0000, 505.1606, -319.9970, 0.0000, 86, 132, 70
L 505.1606, -319.9970, 0.0000, 512.9618, -319.1944, 0.0000, 86, 132, 70
L 512.9618, -319.1944, 0.0000, 516.1722, -313.4972, 0.0000, 86, 132, 70
L 516.1722, -313.4972, 0.0000, 515.5967, -307.1226, 0.0000, 86, 132, 70
L 515.5967, -307.1226, 0.0000, 519.5159, -301.8553, 0.0000, 86, 132, 70
L 493.2582, -280.7863, 0.0000, 493.2582, -262.5588, 0.0000, 62, 104, 56
L -961.9792, -708.7273, 0.0000, -964.3921, -704.0907, 0.0000, 86, 132, 70
L -964.3921, -704.0907, 0.0000, -968.3003, -700.7222, 0.0000, 86, 132, 70
L -968.3003, -700.7222, 0.0000, -969.1837, -695.6395, 0.0000, 86, 132, 70
L -969.1837, -695.6395, 0.0000, -973.1924, -692.1688, 0.0000, 86, 132, 70
L -973.1924, -692.1688, 0.0000, -979.2607, -692.9780, 0.0000, 86, 132, 70
L -979.2607, -692.9780, 0.0000, -984.0562, -691.5763, 0.0000, 86, 132, 70
L -984.0562, -691.5763, 0.0000, -989.7997, -689.8645, 0.0000, 86, 132, 70
L -989.7997, -689.8645, 0.0000, -993.9719, -693.6137, 0.0000, 86, 132, 70
L -993.9719, -693.6137, 0.0000, -997.0326, -697.3080, 0.0000, 86, 132, 70
L -997.0326, -697.3080, 0.0000, -1002.6561, -699.2773, 0.0000, 86, 132, 70
L -1002.6561, -699.2773, 0.0000, -1004.6682, -703.8670, 0.0000, 86, 132, 70
L -1004.6682, -703.8670, 0.0000, -1002.3410, -708.7273, 0.0000, 86, 132, 70
L -1002.3410, -708.7273, 0.0000, -1003.3786, -713.2834, 0.0000, 86, 132, 70
L -1003.3786, -713.2834, 0.0000, -1003.2546, -718.4815, 0.0000, 86, 132, 70
L -1003.2546, -718.4815, 0.0000, -997.7237, -720.7548, 0.0000, 86, 132, 70
L -997.7237, -720.7548, 0.0000, -993.3733, -722.9286, 0.0000, 86, 132, 70
L -993.3733, -722.9286, 0.0000, -989.7071, -727.2861, 0.0000, 86, 132, 70
L -989.7071, -727.2861, 0.0000, -984.0562, -727.0947, 0.0000, 86, 132, 70
L -984.0562, -727.0947, 0.0000, -979.3533, -724.1725, 0.0000, 86, 132, 70
L -979.3533, -724.1725, 0.0000, -973.7910, -724.3736, 0.0000, 86, 132, 70
L -973.7910, -724.3736, 0.0000, -968.4925, -722.4233, 0.0000, 86, 132, 70
L -968.4925, -722.4233, 0.0000, -967.7018, -717.0364, 0.0000, 86, 132, 70
L -967.7018, -717.0364, 0.0000, -965.6817, -713.0599, 0.0000, 86, 132, 70
L -965.6817, -713.0599, 0.0000, -961.9792, -708.7273, 0.0000, 86, 132, 70
L -984.0562, -692.1790, 0.0000, -984.0562, -677.8624, 0.0000, 62, 104, 56
L 570.6874, -332.6812, 0.0000, 570.6874, -342.1474, 0.0000, 62, 104, 56
L 552.9382, -340.3725, 0.0000, 570.6874, -354.4239, 0.0000, 86, 132, 70
L 570.6874, -354.4239, 0.0000, 588.4365, -340.3725, 0.0000, 86, 132, 70
L 552.9382, -340.3725, 0.0000, 588.4365, -340.3725, 0.0000, 86, 132, 70
L 555.6893, -352.2053, 0.0000, 570.6874, -366.2567, 0.0000, 86, 132, 70
L 570.6874, -366.2567, 0.0000, 585.6854, -352.2053, 0.0000, 86, 132, 70
L 555.6893, -352.2053, 0.0000, 585.6854, -352.2053, 0.0000, 86, 132, 70
L 558.4404, -364.0381, 0.0000, 570.6874, -378.0895, 0.0000, 86, 132, 70
L 570.6874, -378.0895, 0.0000, 582.9343, -364.0381, 0.0000, 86, 132, 70
L 558.4404, -364.0381, 0.0000, 582.9343, -364.0381, 0.0000, 86, 132, 70
L 561.1915, -375.8709, 0.0000, 570.6874, -389.9223, 0.0000, 86, 132, 70
L 570.6874, -389.9223, 0.0000, 580.1832, -375.8709, 0.0000, 86, 132, 70
L 561.1915, -375.8709, 0.0000, 580.1832, -375.8709, 0.0000, 86, 132, 70
L 406.8698, 9.7244, 0.0000, 406.8698, 0.3884, 0.0000, 62, 104, 56
L 389.3648, 2.1389, 0.0000, 406.8698, -11.7192, 0.0000, 86, 132, 70
L 406.8698, -11.7192, 0.0000, 424.3748, 2.1389, 0.0000, 86, 132, 70
L 389.3648, 2.1389, 0.0000, 424.3748, 2.1389, 0.0000, 86, 132, 70
L 392.0781, -9.5311, 0.0000, 406.8698, -23.3893, 0.0000, 86, 132, 70
L 406.8698, -23.3893, 0.0000, 421.6615, -9.5311, 0.0000, 86, 132, 70
L 392.0781, -9.5311, 0.0000, 421.6615, -9.5311, 0.0000, 86, 132, 70
L 394.7914, -21.2011, 0.0000, 406.8698, -35.0593, 0.0000, 86, 132, 70
L 406.8698, -35.0593, 0.0000, 418.9483, -21.2011, 0.0000, 86, 132, 70
L 394.7914, -21.2011, 0.0000, 418.9483, -21.2011, 0.0000, 86, 132, 70
L 397.5046, -32.8711, 0.0000, 406.8698, -46.7293, 0.0000, 86, 132, 70
L 406.8698, -46.7293, 0.0000, 416.2350, -32.8711, 0.0000, 86, 132, 70
L 397.5046, -32.8711, 0.0000, 416.2350, -32.8711, 0.0000, 86, 132, 70
L 346.6972, -791.4594, 0.0000, 347.3075, -787.2332, 0.0000, 86, 132, 70
L 347.3075, -787.2332, 0.0000, 347.4712, -782.2702, 0.0000, 86, 132, 70
L 347.4712, -782.2702, 0.0000, 342.4210, -779.9875, 0.0000, 86, 132, 70
L 342.4210, -779.9875, 0.0000, 338.0718, -778.2185, 0.0000, 86, 132, 70
L 338.0718, -778.2185, 0.0000, 334.6574, -774.1428, 0.0000, 86, 132, 70
L 334.6574, -774.1428, 0.0000, 329.3847, -773.9630, 0.0000, 86, 132, 70
L 329.3847, -773.9630, 0.0000, 324.9492, -776.8920, 0.0000, 86, 132, 70
L 324.9492, -776.8920, 0.0000, 319.8606, -776.9426, 0.0000, 86, 132, 70
L 319.8606, -776.9426, 0.0000, 314.6743, -778.5141, 0.0000, 86, 132, 70
L 314.6743, -778.5141, 0.0000, 313.8097, -783.5462, 0.0000, 86, 132, 70
L 313.8097, -783.5462, 0.0000, 312.2990, -787.4306, 0.0000, 86, 132, 70
L 312.2990, -787.4306, 0.0000, 308.7238, -791.4594, 0.0000, 86, 132, 70
L 308.7238, -791.4594, 0.0000, 310.6281, -795.8821, 0.0000, 86, 132, 70
L 310.6281, -795.8821, 0.0000, 314.5852, -798.9785, 0.0000, 86, 132, 70
L 314.5852, -798.9785, 0.0000, 315.5697, -803.6166, 0.0000, 86, 132, 70
L 315.5697, -803.6166, 0.0000, 319.0851, -807.1581, 0.0000, 86, 132, 70
L 319.0851, -807.1581, 0.0000, 324.8292, -806.4207, 0.0000, 86, 132, 70
L 324.8292, -806.4207, 0.0000, 329.3847, -807.3797, 0.0000, 86, 132, 70
L 329.3847, -807.3797, 0.0000, 334.7774, -809.1700, 0.0000, 86, 132, 70
L 334.7774, -809.1700, 0.0000, 338.8473, -805.8822, 0.0000, 86, 132, 70
L 338.8473, -805.8822, 0.0000, 341.5255, -802.1432, 0.0000, 86, 132, 70
L 341.5255, -802.1432, 0.0000, 346.6957, -800.2544, 0.0000, 86, 132, 70
L 346.6957, -800.2544, 0.0000, 348.9785, -796.0794, 0.0000, 86, 132, 70
L 348.9785, -796.0794, 0.0000, 346.6972, -791.4594, 0.0000, 86, 132, 70
L 329.3847, -775.8903, 0.0000, 329.3847, -762.4208, 0.0000, 62, 104, 56
L -44.9767, -454.8656, 0.0000, -41.7772, -448.3991, 0.0000, 86, 132, 70
L -41.7772, -448.3991, 0.0000, -45.0363, -442.5881, 0.0000, 86, 132, 70
L -45.0363, -442.5881, 0.0000, -52.2384, -439.9383, 0.0000, 86, 132, 70
L -52.2384, -439.9383, 0.0000, -55.9496, -434.6673, 0.0000, 86, 132, 70
L -55.9496, -434.6673, 0.0000, -61.6654, -430.1165, 0.0000, 86, 132, 70
L -61.6654, -430.1165, 0.0000, -69.2012, -432.6462, 0.0000, 86, 132, 70
L -69.2012, -432.6462, 0.0000, -75.5781, -433.9228, 0.0000, 86, 132, 70
L -75.5781, -433.9228, 0.0000, -83.6119, -432.9008, 0.0000, 86, 132, 70
L -83.6119, -432.9008, 0.0000, -88.4820, -437.8985, 0.0000, 86, 132, 70
L -88.4820, -437.8985, 0.0000, -89.8893, -444.3546, 0.0000, 86, 132, 70
L -89.8893, -444.3546, 0.0000, -95.4663, -448.6724, 0.0000, 86, 132, 70
L -95.4663, -448.6724, 0.0000, -98.0616, -454.8656, 0.0000, 86, 132, 70
L -98.0616, -454.8656, 0.0000, -93.0533, -460.4898, 0.0000, 86, 132, 70
L -93.0533, -460.4898, 0.0000, -91.0091, -465.9455, 0.0000, 86, 132, 70
L -91.0091, -465.9455, 0.0000, -89.7751, -472.9706, 0.0000, 86, 132, 70
L -89.7751, -472.9706, 0.0000, -82.4920, -475.1234, 0.0000, 86, 132, 70
L -82.4920, -475.1234, 0.0000, -75.4048, -475.2394, 0.0000, 86, 132, 70
L -75.4048, -475.2394, 0.0000, -69.2012, -479.3608, 0.0000, 86, 132, 70
L -69.2012, -479.3608, 0.0000, -61.8387, -479.0457, 0.0000, 86, 132, 70
L -61.8387, -479.0457, 0.0000, -57.0694, -473.3569, 0.0000, 86, 132, 70
L -57.0694, -473.3569, 0.0000, -50.9453, -470.9308, 0.0000, 86, 132, 70
L -50.9453, -470.9308, 0.0000, -43.9164, -467.7120, 0.0000, 86, 132, 70
L -43.9164, -467.7120, 0.0000, -44.1902, -460.7630, 0.0000, 86, 132, 70
L -44.1902, -460.7630, 0.0000, -44.9767, -454.8656, 0.0000, 86, 132, 70
L -69.2012, -433.1008, 0.0000, -69.2012, -414.2713, 0.0000, 62, 104, 56
L 471.2810, -662.1252, 0.0000, 472.3651, -658.0661, 0.0000, 86, 132, 70
L 472.3651, -658.0661, 0.0000, 468.5808, -655.3015, 0.0000, 86, 132, 70
L 468.5808, -655.3015, 0.0000, 465.7672, -652.7821, 0.0000, 86, 132, 70
L 465.7672, -652.7821, 0.0000, 463.9422, -648.7242, 0.0000, 86, 132, 70
L 463.9422, -648.7242, 0.0000, 459.4847, -647.8893, 0.0000, 86, 132, 70
L 459.4847, -647.8893, 0.0000, 455.1500, -649.2671, 0.0000, 86, 132, 70
L 455.1500, -649.2671, 0.0000, 450.8656, -648.0542, 0.0000, 86, 132, 70
L 450.8656, -648.0542, 0.0000, 446.3076, -648.6477, 0.0000, 86, 132, 70
L 446.3076, -648.6477, 0.0000, 444.4323, -652.6937, 0.0000, 86, 132, 70
L 444.4323, -652.6937, 0.0000, 441.8699, -655.3781, 0.0000, 86, 132, 70
L 441.8699, -655.3781, 0.0000, 437.9852, -658.0778, 0.0000, 86, 132, 70
L 437.9852, -658.0778, 0.0000, 438.8181, -662.1252, 0.0000, 86, 132, 70
L 438.8181, -662.1252, 0.0000, 441.0081, -665.4598, 0.0000, 86, 132, 70
L 441.0081, -665.4598, 0.0000, 440.4669, -669.5852, 0.0000, 86, 132, 70
L 440.4669, -669.5852, 0.0000, 442.8123, -672.9824, 0.0000, 86, 132, 70
L 442.8123, -672.9824, 0.0000, 447.7106, -673.4644, 0.0000, 86, 132, 70
L 447.7106, -673.4644, 0.0000, 451.0826, -675.4834, 0.0000, 86, 132, 70
L 451.0826, -675.4834, 0.0000, 455.1500, -677.8346, 0.0000, 86, 132, 70
L 455.1500, -677.8346, 0.0000, 459.2676, -675.6484, 0.0000, 86, 132, 70
L 459.2676, -675.6484, 0.0000, 462.5391, -673.3878, 0.0000, 86, 132, 70
L 462.5391, -673.3878, 0.0000, 467.3872, -672.8940, 0.0000, 86, 132, 70
L 467.3872, -672.8940, 0.0000, 469.9837, -669.6618, 0.0000, 86, 132, 70
L 469.9837, -669.6618, 0.0000, 469.3420, -665.4716, 0.0000, 86, 132, 70
L 469.3420, -665.4716, 0.0000, 471.2810, -662.1252, 0.0000, 86, 132, 70
L 455.1500, -648.8154, 0.0000, 455.1500, -637.3005, 0.0000, 62, 104, 56
L 457.0205, 529.4880, 0.0000, 455.3860, 534.3283, 0.0000, 86, 132, 70
L 455.3860, 534.3283, 0.0000, 450.8536, 537.6147, 0.0000, 86, 132, 70
L 450.8536, 537.6147, 0.0000, 449.5804, 542.4435, 0.0000, 86, 132, 70
L 449.5804, 542.4435, 0.0000, 446.0511, 546.5481, 0.0000, 86, 132, 70
L 446.0511, 546.5481, 0.0000, 439.8340, 545.8294, 0.0000, 86, 132, 70
L 439.8340, 545.8294, 0.0000, 434.8582, 546.4682, 0.0000, 86, 132, 70
L 434.8582, 546.4682, 0.0000, 429.0555, 548.5452, 0.0000, 86, 132, 70
L 429.0555, 548.5452, 0.0000, 424.4923, 545.2878, 0.0000, 86, 132, 70
L 424.4923, 545.2878, 0.0000, 421.7898, 540.9881, 0.0000, 86, 132, 70
L 421.7898, 540.9881, 0.0000, 416.3821, 538.8751, 0.0000, 86, 132, 70
L 416.3821, 538.8751, 0.0000, 413.5036, 534.5233, 0.0000, 86, 132, 70
L 413.5036, 534.5233, 0.0000, 416.0036, 529.4880, 0.0000, 86, 132, 70
L 416.0036, 529.4880, 0.0000, 415.7666, 524.9863, 0.0000, 86, 132, 70
L 415.7666, 524.9863, 0.0000, 415.3318, 519.5672, 0.0000, 86, 132, 70
L 415.3318, 519.5672, 0.0000, 420.5771, 516.9206, 0.0000, 86, 132, 70
L 420.5771, 516.9206, 0.0000, 425.5426, 515.2890, 0.0000, 86, 132, 70
L 425.5426, 515.2890, 0.0000, 429.2180, 510.9644, 0.0000, 86, 132, 70
L 429.2180, 510.9644, 0.0000, 434.8582, 510.3733, 0.0000, 86, 132, 70
L 434.8582, 510.3733, 0.0000, 439.6715, 513.6801, 0.0000, 86, 132, 70
L 439.6715, 513.6801, 0.0000, 445.0008, 514.0286, 0.0000, 86, 132, 70
L 445.0008, 514.0286, 0.0000, 450.7932, 515.4652, 0.0000, 86, 132, 70
L 450.7932, 515.4652, 0.0000, 451.9038, 520.8276, 0.0000, 86, 132, 70
L 451.9038, 520.8276, 0.0000, 453.1229, 525.1812, 0.0000, 86, 132, 70
L 453.1229, 525.1812, 0.0000, 457.0205, 529.4880, 0.0000, 86, 132, 70
L 434.8582, 546.3049, 0.0000, 434.8582, 560.8539, 0.0000, 62, 104, 56
L -891.1536, -424.2658, 0.0000, -891.1536, -433.0086, 0.0000, 62, 104, 56
L -907.5464, -431.3693, 0.0000, -891.1536, -444.3469, 0.0000, 86, 132, 70
L -891.1536, -444.3469, 0.0000, -874.7608, -431.3693, 0.0000, 86, 132, 70
L -907.5464, -431.3693, 0.0000, -874.7608, -431.3693, 0.0000, 86, 132, 70
L -905.0055, -442.2978, 0.0000, -891.1536, -455.2754, 0.0000, 86, 132, 70
L -891.1536, -455.2754, 0.0000, -877.3017, -442.2978, 0.0000, 86, 132, 70
L -905.0055, -442.2978, 0.0000, -877.3017, -442.2978, 0.0000, 86, 132, 70
L -902.4646, -453.2263, 0.0000, -891.1536, -466.2039, 0.0000, 86, 132, 70
L -891.1536, -466.2039, 0.0000, -879.8426, -453.2263, 0.0000, 86, 132, 70
L -902.4646, -453.2263, 0.0000, -879.8426, -453.2263, 0.0000, 86, 132, 70
L -899.9237, -464.1548, 0.0000, -891.1536, -477.1325, 0.0000, 86, 132, 70
L -891.1536, -477.1325, 0.0000, -882.3834, -464.1548, 0.0000, 86, 132, 70
L -899.9237, -464.1548, 0.0000, -882.3834, -464.1548, 0.0000, 86, 132, 70
L -696.8580, 1002.0114, 0.0000, -696.8580, 992.8079, 0.0000, 62, 104, 56
L -714.1147, 994.5336, 0.0000, -696.8580, 980.8721, 0.0000, 86, 132, 70
L -696.8580, 980.8721, 0.0000, -679.6014, 994.5336, 0.0000, 86, 132, 70
L -714.1147, 994.5336, 0.0000, -679.6014, 994.5336, 0.0000, 86, 132, 70
L -711.4399, 983.0291, 0.0000, -696.8580, 969.3676, 0.0000, 86, 132, 70
L -696.8580, 969.3676, 0.0000, -682.2762, 983.0291, 0.0000, 86, 132, 70
L -711.4399, 983.0291, 0.0000, -682.2762, 983.0291, 0.0000, 86, 132, 70
L -708.7651, 971.5247, 0.0000, -696.8580, 957.8632, 0.0000, 86, 132, 70
L -696.8580, 957.8632, 0.0000, -684.9510, 971.5247, 0.0000, 86, 132, 70
L -708.7651, 971.5247, 0.0000, -684.9510, 971.5247, 0.0000, 86, 132, 70
L -706.0903, 960.0203, 0.0000, -696.8580, 946.3588, 0.0000, 86, 132, 70
L -696.8580, 946.3588, 0.0000, -687.6257, 960.0203, 0.0000, 86, 132, 70
L -706.0903, 960.0203, 0.0000, -687.6257, 960.0203, 0.0000, 86, 132, 70
L -11.8293, -551.6430, 0.0000, -12.0007, -547.9129, 0.0000, 86, 132, 70
L -12.0007, -547.9129, 0.0000, -11.4606, -543.3313, 0.0000, 86, 132, 70
L -11.4606, -543.3313, 0.0000, -15.6558, -540.9384, 0.0000, 86, 132, 70
L -15.6558, -540.9384, 0.0000, -20.0383, -539.7820, 0.0000, 86, 132, 70
L -20.0383, -539.7820, 0.0000, -23.1356, -536.2581, 0.0000, 86, 132, 70
L -23.1356, -536.2581, 0.0000, -27.8201, -535.4279, 0.0000, 86, 132, 70
L -27.8201, -535.4279, 0.0000, -31.8891, -538.2799, 0.0000, 86, 132, 70
L -31.8891, -538.2799, 0.0000, -36.2175, -538.8436, 0.0000, 86, 132, 70
L -36.2175, -538.8436, 0.0000, -41.2156, -539.8549, 0.0000, 86, 132, 70
L -41.2156, -539.8549, 0.0000, -42.3329, -544.2695, 0.0000, 86, 132, 70
L -42.3329, -544.2695, 0.0000, -43.0240, -548.0580, 0.0000, 86, 132, 70
L -43.0240, -548.0580, 0.0000, -46.2733, -551.6430, 0.0000, 86, 132, 70
L -46.2733, -551.6430, 0.0000, -45.2711, -555.7579, 0.0000, 86, 132, 70
L -45.2711, -555.7579, 0.0000, -41.2900, -558.4866, 0.0000, 86, 132, 70
L -41.2900, -558.4866, 0.0000, -40.0115, -562.3714, 0.0000, 86, 132, 70
L -40.0115, -562.3714, 0.0000, -37.2604, -566.0319, 0.0000, 86, 132, 70
L -37.2604, -566.0319, 0.0000, -32.0504, -565.5361, 0.0000, 86, 132, 70
L -32.0504, -565.5361, 0.0000, -27.8201, -565.7387, 0.0000, 86, 132, 70
L -27.8201, -565.7387, 0.0000, -22.9743, -567.5578, 0.0000, 86, 132, 70
L -22.9743, -567.5578, 0.0000, -18.9955, -565.0936, 0.0000, 86, 132, 70
L -18.9955, -565.0936, 0.0000, -16.8600, -561.2879, 0.0000, 86, 132, 70
L -16.8600, -561.2879, 0.0000, -12.5034, -559.4249, 0.0000, 86, 132, 70
L -12.5034, -559.4249, 0.0000, -9.7535, -555.9030, 0.0000, 86, 132, 70
L -9.7535, -555.9030, 0.0000, -11.8293, -551.6430, 0.0000, 86, 132, 70
L -27.8201, -537.5210, 0.0000, -27.8201, -525.3034, 0.0000, 62, 104, 56
L -905.6101, 86.1928, 0.0000, -903.7506, 90.2740, 0.0000, 86, 132, 70
L -903.7506, 90.2740, 0.0000, -905.1497, 94.2758, 0.0000, 86, 132, 70
L -905.1497, 94.2758, 0.0000, -909.9810, 95.9415, 0.0000, 86, 132, 70
L -909.9810, 95.9415, 0.0000, -912.7516, 98.8550, 0.0000, 86, 132, 70
L -912.7516, 98.8550, 0.0000, -916.1860, 102.1967, 0.0000, 86, 132, 70
L -916.1860, 102.1967, 0.0000, -921.0590, 100.9189, 0.0000, 86, 132, 70
L -921.0590, 100.9189, 0.0000, -925.0979, 99.4572, 0.0000, 86, 132, 70
L -925.0979, 99.4572, 0.0000, -930.2006, 100.1264, 0.0000, 86, 132, 70
L -930.2006, 100.1264, 0.0000, -933.8054, 97.4096, 0.0000, 86, 132, 70
L -933.8054, 97.4096, 0.0000, -934.4659, 93.0044, 0.0000, 86, 132, 70
L -934.4659, 93.0044, 0.0000, -937.5333, 90.0773, 0.0000, 86, 132, 70
L -937.5333, 90.0773, 0.0000, -939.8446, 86.1928, 0.0000, 86, 132, 70
L -939.8446, 86.1928, 0.0000, -936.8186, 82.4768, 0.0000, 86, 132, 70
L -936.8186, 82.4768, 0.0000, -934.7976, 79.2126, 0.0000, 86, 132, 70
L -934.7976, 79.2126, 0.0000, -934.1884, 74.6389, 0.0000, 86, 132, 70
L -934.1884, 74.6389, 0.0000, -929.8689, 72.7648, 0.0000, 86, 132, 70
L -929.8689, 72.7648, 0.0000, -925.0466, 73.0969, 0.0000, 86, 132, 70
L -925.0466, 73.0969, 0.0000, -921.0590, 70.7925, 0.0000, 86, 132, 70
L -921.0590, 70.7925, 0.0000, -916.2373, 70.3574, 0.0000, 86, 132, 70
L -916.2373, 70.3574, 0.0000, -913.0833, 74.0362, 0.0000, 86, 132, 70
L -913.0833, 74.0362, 0.0000, -909.5980, 76.1070, 0.0000, 86, 132, 70
L -909.5980, 76.1070, 0.0000, -904.8180, 77.9412, 0.0000, 86, 132, 70
L -904.8180, 77.9412, 0.0000, -904.4653, 82.2801, 0.0000, 86, 132, 70
L -904.4653, 82.2801, 0.0000, -905.6101, 86.1928, 0.0000, 86, 132, 70
L -921.0590, 100.2289, 0.0000, -921.0590, 112.3721, 0.0000, 62, 104, 56
L -113.4323, 893.8900, 0.0000, -110.8920, 900.5167, 0.0000, 86, 132, 70
L -110.8920, 900.5167, 0.0000, -116.4888, 905.3250, 0.0000, 86, 132, 70
L -116.4888, 905.3250, 0.0000, -121.9792, 908.8645, 0.0000, 86, 132, 70
L -121.9792, 908.8645, 0.0000, -124.9121, 915.3562, 0.0000, 86, 132, 70
L -124.9121, 915.3562, 0.0000, -131.7571, 917.6627, 0.0000, 86, 132, 70
L -131.7571, 917.6627, 0.0000, -138.9956, 914.9823, 0.0000, 86, 132, 70
L -138.9956, 914.9823, 0.0000, -145.7866, 916.1929, 0.0000, 86, 132, 70
L -145.7866, 916.1929, 0.0000, -153.5267, 916.0384, 0.0000, 86, 132, 70
L -153.5267, 916.0384, 0.0000, -156.9072, 909.6521, 0.0000, 86, 132, 70
L -156.9072, 909.6521, 0.0000, -160.1598, 904.6428, 0.0000, 86, 132, 70
L -160.1598, 904.6428, 0.0000, -166.6517, 900.4112, 0.0000, 86, 132, 70
L -166.6517, 900.4112, 0.0000, -166.3491, 893.8900, 0.0000, 86, 132, 70
L -166.3491, 893.8900, 0.0000, -162.0056, 888.4643, 0.0000, 86, 132, 70
L -162.0056, 888.4643, 0.0000, -162.3161, 882.0416, 0.0000, 86, 132, 70
L -162.3161, 882.0416, 0.0000, -159.3970, 875.9368, 0.0000, 86, 132, 70
L -159.3970, 875.9368, 0.0000, -151.3705, 875.0282, 0.0000, 86, 132, 70
L -151.3705, 875.0282, 0.0000, -145.4530, 872.6827, 0.0000, 86, 132, 70
L -145.4530, 872.6827, 0.0000, -138.9956, 868.4156, 0.0000, 86, 132, 70
L -138.9956, 868.4156, 0.0000, -132.0907, 871.2128, 0.0000, 86, 132, 70
L -132.0907, 871.2128, 0.0000, -127.0683, 875.7104, 0.0000, 86, 132, 70
L -127.0683, 875.7104, 0.0000, -119.4894, 876.7245, 0.0000, 86, 132, 70
L -119.4894, 876.7245, 0.0000, -114.3325, 881.3595, 0.0000, 86, 132, 70
L -114.3325, 881.3595, 0.0000, -115.5381, 888.3588, 0.0000, 86, 132, 70
L -115.5381, 888.3588, 0.0000, -113.4323, 893.8900, 0.0000, 86, 132, 70
L -138.9956, 915.5859, 0.0000, -138.9956, 934.3558, 0.0000, 62, 104, 56
L -889.1079, -353.6685, 0.0000, -889.8144, -348.9541, 0.0000, 86, 132, 70
L -889.8144, -348.9541, 0.0000, -894.4718, -345.8766, 0.0000, 86, 132, 70
L -894.4718, -345.8766, 0.0000, -896.1907, -341.6852, 0.0000, 86, 132, 70
L -896.1907, -341.6852, 0.0000, -899.0850, -337.3243, 0.0000, 86, 132, 70
L -899.0850, -337.3243, 0.0000, -904.9515, -337.7185, 0.0000, 86, 132, 70
L -904.9515, -337.7185, 0.0000, -909.8080, -337.8600, 0.0000, 86, 132, 70
L -909.8080, -337.8600, 0.0000, -915.2588, -335.7670, 0.0000, 86, 132, 70
L -915.2588, -335.7670, 0.0000, -919.9369, -338.2300, 0.0000, 86, 132, 70
L -919.9369, -338.2300, 0.0000, -922.2369, -342.7310, 0.0000, 86, 132, 70
L -922.2369, -342.7310, 0.0000, -926.9269, -344.9709, 0.0000, 86, 132, 70
L -926.9269, -344.9709, 0.0000, -930.3959, -348.8140, 0.0000, 86, 132, 70
L -930.3959, -348.8140, 0.0000, -928.1314, -353.6685, 0.0000, 86, 132, 70
L -928.1314, -353.6685, 0.0000, -927.5082, -357.8421, 0.0000, 86, 132, 70
L -927.5082, -357.8421, 0.0000, -928.2671, -363.0469, 0.0000, 86, 132, 70
L -928.2671, -363.0469, 0.0000, -923.7845, -365.9677, 0.0000, 86, 132, 70
L -923.7845, -365.9677, 0.0000, -918.5967, -367.0642, 0.0000, 86, 132, 70
L -918.5967, -367.0642, 0.0000, -915.0515, -370.8890, 0.0000, 86, 132, 70
L -915.0515, -370.8890, 0.0000, -909.8080, -372.2006, 0.0000, 86, 132, 70
L -909.8080, -372.2006, 0.0000, -905.1588, -368.9375, 0.0000, 86, 132, 70
L -905.1588, -368.9375, 0.0000, -900.4252, -367.9699, 0.0000, 86, 132, 70
L -900.4252, -367.9699, 0.0000, -894.6432, -367.0135, 0.0000, 86, 132, 70
L -894.6432, -367.0135, 0.0000, -893.1316, -362.1412, 0.0000, 86, 132, 70
L -893.1316, -362.1412, 0.0000, -892.7021, -357.7020, 0.0000, 86, 132, 70
L -892.7021, -357.7020, 0.0000, -889.1079, -353.6685, 0.0000, 86, 132, 70
L -909.8080, -337.6689, 0.0000, -909.8080, -323.8270, 0.0000, 62, 104, 56
L 456.2766, -365.9077, 0.0000, 452.3848, -360.7634, 0.0000, 86, 132, 70
L 452.3848, -360.7634, 0.0000, 449.1526, -356.4654, 0.0000, 86, 132, 70
L 449.1526, -356.4654, 0.0000, 448.3624, -350.2485, 0.0000, 86, 132, 70
L 448.3624, -350.2485, 0.0000, 442.7548, -347.3323, 0.0000, 86, 132, 70
L 442.7548, -347.3323, 0.0000, 436.0233, -347.9910, 0.0000, 86, 132, 70
L 436.0233, -347.9910, 0.0000, 430.5679, -345.1613, 0.0000, 86, 132, 70
L 430.5679, -345.1613, 0.0000, 423.9476, -344.1655, 0.0000, 86, 132, 70
L 423.9476, -344.1655, 0.0000, 419.5457, -349.1077, 0.0000, 86, 132, 70
L 419.5457, -349.1077, 0.0000, 415.1030, -352.2986, 0.0000, 86, 132, 70
L 415.1030, -352.2986, 0.0000, 408.4887, -354.6900, 0.0000, 86, 132, 70
L 408.4887, -354.6900, 0.0000, 407.5862, -360.4887, 0.0000, 86, 132, 70
L 407.5862, -360.4887, 0.0000, 409.5184, -365.9077, 0.0000, 86, 132, 70
L 409.5184, -365.9077, 0.0000, 407.2197, -371.4131, 0.0000, 86, 132, 70
L 407.2197, -371.4131, 0.0000, 408.6587, -377.0390, 0.0000, 86, 132, 70
L 408.6587, -377.0390, 0.0000, 415.2993, -379.3440, 0.0000, 86, 132, 70
L 415.2993, -379.3440, 0.0000, 419.3757, -382.9669, 0.0000, 86, 132, 70
L 419.3757, -382.9669, 0.0000, 423.9213, -387.7363, 0.0000, 86, 132, 70
L 423.9213, -387.7363, 0.0000, 430.5679, -386.3085, 0.0000, 86, 132, 70
L 430.5679, -386.3085, 0.0000, 436.0496, -383.9107, 0.0000, 86, 132, 70
L 436.0496, -383.9107, 0.0000, 442.9249, -384.7423, 0.0000, 86, 132, 70
L 442.9249, -384.7423, 0.0000, 448.1661, -381.3941, 0.0000, 86, 132, 70
L 448.1661, -381.3941, 0.0000, 448.9825, -375.2636, 0.0000, 86, 132, 70
L 448.9825, -375.2636, 0.0000, 452.7512, -371.1384, 0.0000, 86, 132, 70
L 452.7512, -371.1384, 0.0000, 456.2766, -365.9077, 0.0000, 86, 132, 70
L 430.5679, -346.7368, 0.0000, 430.5679, -330.1514, 0.0000, 62, 104, 56
L 368.6489, 261.8105, 0.0000, 365.3541, 265.6806, 0.0000, 86, 132, 70
L 365.3541, 265.6806, 0.0000, 365.3061, 270.1249, 0.0000, 86, 132, 70
L 365.3061, 270.1249, 0.0000, 363.5264, 274.6453, 0.0000, 86, 132, 70
L 363.5264, 274.6453, 0.0000, 357.8545, 275.3958, 0.0000, 86, 132, 70
L 357.8545, 275.3958, 0.0000, 353.4826, 276.7246, 0.0000, 86, 132, 70
L 353.4826, 276.7246, 0.0000, 348.9414, 279.8426, 0.0000, 86, 132, 70
L 348.9414, 279.8426, 0.0000, 343.9600, 278.1706, 0.0000, 86, 132, 70
L 343.9600, 278.1706, 0.0000, 340.4687, 274.7247, 0.0000, 86, 132, 70
L 340.4687, 274.7247, 0.0000, 335.2371, 273.8704, 0.0000, 86, 132, 70
L 335.2371, 273.8704, 0.0000, 331.2559, 270.7960, 0.0000, 86, 132, 70
L 331.2559, 270.7960, 0.0000, 332.0885, 265.7844, 0.0000, 86, 132, 70
L 332.0885, 265.7844, 0.0000, 330.9951, 261.8105, 0.0000, 86, 132, 70
L 330.9951, 261.8105, 0.0000, 328.9833, 257.1045, 0.0000, 86, 132, 70
L 328.9833, 257.1045, 0.0000, 332.6970, 253.5573, 0.0000, 86, 132, 70
L 332.6970, 253.5573, 0.0000, 336.9011, 251.2151, 0.0000, 86, 132, 70
L 336.9011, 251.2151, 0.0000, 339.0276, 246.6998, 0.0000, 86, 132, 70
L 339.0276, 246.6998, 0.0000, 343.7371, 244.7183, 0.0000, 86, 132, 70
L 343.7371, 244.7183, 0.0000, 348.9414, 246.7073, 0.0000, 86, 132, 70
L 348.9414, 246.7073, 0.0000, 353.7055, 246.1643, 0.0000, 86, 132, 70
L 353.7055, 246.1643, 0.0000, 359.2956, 246.0287, 0.0000, 86, 132, 70
L 359.2956, 246.0287, 0.0000, 361.8623, 250.4402, 0.0000, 86, 132, 70
L 361.8623, 250.4402, 0.0000, 363.8650, 254.2284, 0.0000, 86, 132, 70
L 363.8650, 254.2284, 0.0000, 368.4593, 257.2083, 0.0000, 86, 132, 70
L 368.4593, 257.2083, 0.0000, 368.6489, 261.8105, 0.0000, 86, 132, 70
L 348.9414, 277.2486, 0.0000, 348.9414, 290.6046, 0.0000, 62, 104, 56
L 465.4363, 105.1898, 0.0000, 464.1374, 110.2797, 0.0000, 86, 132, 70
L 464.1374, 110.2797, 0.0000, 465.1879, 116.6907, 0.0000, 86, 132, 70
L 465.1879, 116.6907, 0.0000, 460.0265, 120.5679, 0.0000, 86, 132, 70
L 460.0265, 120.5679, 0.0000, 453.3815, 121.6970, 0.0000, 86, 132, 70
L 453.3815, 121.6970, 0.0000, 448.9354, 126.1559, 0.0000, 86, 132, 70
L 448.9354, 126.1559, 0.0000, 442.5515, 128.2134, 0.0000, 86, 132, 70
L 442.5515, 128.2134, 0.0000, 436.7584, 124.2153, 0.0000, 86, 132, 70
L 436.7584, 124.2153, 0.0000, 431.1305, 122.5977, 0.0000, 86, 132, 70
L 431.1305, 122.5977, 0.0000, 423.8946, 121.6078, 0.0000, 86, 132, 70
L 423.8946, 121.6078, 0.0000, 421.6877, 115.7901, 0.0000, 86, 132, 70
L 421.6877, 115.7901, 0.0000, 421.5564, 110.1404, 0.0000, 86, 132, 70
L 421.5564, 110.1404, 0.0000, 417.3030, 105.1898, 0.0000, 86, 132, 70
L 417.3030, 105.1898, 0.0000, 417.6442, 99.3168, 0.0000, 86, 132, 70
L 417.6442, 99.3168, 0.0000, 423.5033, 95.5121, 0.0000, 86, 132, 70
L 423.5033, 95.5121, 0.0000, 425.9911, 90.6168, 0.0000, 86, 132, 70
L 425.9911, 90.6168, 0.0000, 429.3149, 85.0146, 0.0000, 86, 132, 70
L 429.3149, 85.0146, 0.0000, 436.4776, 85.2419, 0.0000, 86, 132, 70
L 436.4776, 85.2419, 0.0000, 442.5515, 85.8561, 0.0000, 86, 132, 70
L 442.5515, 85.8561, 0.0000, 449.2162, 83.3013, 0.0000, 86, 132, 70
L 449.2162, 83.3013, 0.0000, 455.1971, 85.9152, 0.0000, 86, 132, 70
L 455.1971, 85.9152, 0.0000, 457.9300, 91.6567, 0.0000, 86, 132, 70
L 457.9300, 91.6567, 0.0000, 463.3723, 94.6114, 0.0000, 86, 132, 70
L 463.3723, 94.6114, 0.0000, 468.0496, 99.1775, 0.0000, 86, 132, 70
L 468.0496, 99.1775, 0.0000, 465.4363, 105.1898, 0.0000, 86, 132, 70
L 442.5515, 124.9245, 0.0000, 442.5515, 141.9976, 0.0000, 62, 104, 56
L -956.4425, 117.5876, 0.0000, -954.5145, 122.8364, 0.0000, 86, 132, 70
L -954.5145, 122.8364, 0.0000, -955.4662, 128.4137, 0.0000, 86, 132, 70
L -955.4662, 128.4137, 0.0000, -961.8657, 130.7074, 0.0000, 86, 132, 70
L -961.8657, 130.7074, 0.0000, -966.1010, 133.8563, 0.0000, 86, 132, 70
L -966.1010, 133.8563, 0.0000, -970.3736, 138.6098, 0.0000, 86, 132, 70
L -970.3736, 138.6098, 0.0000, -976.7746, 137.5785, 0.0000, 86, 132, 70
L -976.7746, 137.5785, 0.0000, -982.0481, 134.9069, 0.0000, 86, 132, 70
L -982.0481, 134.9069, 0.0000, -988.5757, 135.5749, 0.0000, 86, 132, 70
L -988.5757, 135.5749, 0.0000, -993.9385, 132.6918, 0.0000, 86, 132, 70
L -993.9385, 132.6918, 0.0000, -994.7006, 126.6952, 0.0000, 86, 132, 70
L -994.7006, 126.6952, 0.0000, -997.9072, 122.5706, 0.0000, 86, 132, 70
L -997.9072, 122.5706, 0.0000, -1001.6166, 117.5876, 0.0000, 86, 132, 70
L -1001.6166, 117.5876, 0.0000, -998.1494, 112.5475, 0.0000, 86, 132, 70
L -998.1494, 112.5475, 0.0000, -994.5881, 108.5371, 0.0000, 86, 132, 70
L -994.5881, 108.5371, 0.0000, -993.8086, 102.5976, 0.0000, 86, 132, 70
L -993.8086, 102.5976, 0.0000, -988.6881, 99.4290, 0.0000, 86, 132, 70
L -988.6881, 99.4290, 0.0000, -982.0655, 100.2111, 0.0000, 86, 132, 70
L -982.0655, 100.2111, 0.0000, -976.7746, 97.8252, 0.0000, 86, 132, 70
L -976.7746, 97.8252, 0.0000, -970.3562, 96.5083, 0.0000, 86, 132, 70
L -970.3562, 96.5083, 0.0000, -965.9886, 101.1475, 0.0000, 86, 132, 70
L -965.9886, 101.1475, 0.0000, -961.9955, 104.5820, 0.0000, 86, 132, 70
L -961.9955, 104.5820, 0.0000, -955.5786, 106.8186, 0.0000, 86, 132, 70
L -955.5786, 106.8186, 0.0000, -954.2723, 112.2817, 0.0000, 86, 132, 70
L -954.2723, 112.2817, 0.0000, -956.4425, 117.5876, 0.0000, 86, 132, 70
L -976.7746, 136.1090, 0.0000, -976.7746, 152.1325, 0.0000, 62, 104, 56
L -223.2639, 911.7703, 0.0000, -220.6714, 917.3899, 0.0000, 86, 132, 70
L -220.6714, 917.3899, 0.0000, -224.7565, 921.8033, 0.0000, 86, 132, 70
L -224.7565, 921.8033, 0.0000, -230.1230, 924.4254, 0.0000, 86, 132, 70
L -230.1230, 924.4254, 0.0000, -232.7617, 929.6677, 0.0000, 86, 132, 70
L -232.7617, 929.6677, 0.0000, -238.2093, 932.4427, 0.0000, 86, 132, 70
L -238.2093, 932.4427, 0.0000, -244.5037, 930.0221, 0.0000, 86, 132, 70
L -244.5037, 930.0221, 0.0000, -250.1350, 930.2646, 0.0000, 86, 132, 70
L -250.1350, 930.2646, 0.0000, -256.9090, 930.6785, 0.0000, 86, 132, 70
L -256.9090, 930.6785, 0.0000, -260.2109, 925.5926, 0.0000, 86, 132, 70
L -260.2109, 925.5926, 0.0000, -262.2614, 920.7924, 0.0000, 86, 132, 70
L -262.2614, 920.7924, 0.0000, -267.6729, 917.2335, 0.0000, 86, 132, 70
L -267.6729, 917.2335, 0.0000, -268.3964, 911.7703, 0.0000, 86, 132, 70
L -268.3964, 911.7703, 0.0000, -264.2661, 907.1105, 0.0000, 86, 132, 70
L -264.2661, 907.1105, 0.0000, -263.8425, 901.9449, 0.0000, 86, 132, 70
L -263.8425, 901.9449, 0.0000, -262.0365, 896.3415, 0.0000, 86, 132, 70
L -262.0365, 896.3415, 0.0000, -255.3279, 895.2721, 0.0000, 86, 132, 70
L -255.3279, 895.2721, 0.0000, -249.8904, 894.0793, 0.0000, 86, 132, 70
L -249.8904, 894.0793, 0.0000, -244.5037, 890.3054, 0.0000, 86, 132, 70
L -244.5037, 890.3054, 0.0000, -238.4539, 891.9013, 0.0000, 86, 132, 70
L -238.4539, 891.9013, 0.0000, -234.3427, 896.2829, 0.0000, 86, 132, 70
L -234.3427, 896.2829, 0.0000, -228.2973, 897.5087, 0.0000, 86, 132, 70
L -228.2973, 897.5087, 0.0000, -223.1755, 900.9341, 0.0000, 86, 132, 70
L -223.1755, 900.9341, 0.0000, -224.0782, 906.9541, 0.0000, 86, 132, 70
L -224.0782, 906.9541, 0.0000, -223.2639, 911.7703, 0.0000, 86, 132, 70
L -244.5037, 930.2747, 0.0000, -244.5037, 946.2835, 0.0000, 62, 104, 56
L 482.8508, -210.8582, 0.0000, 482.8508, -223.1662, 0.0000, 62, 104, 56
L 459.7733, -220.8584, 0.0000, 482.8508, -239.1281, 0.0000, 86, 132, 70
L 482.8508, -239.1281, 0.0000, 505.9283, -220.8584, 0.0000, 86, 132, 70
L 459.7733, -220.8584, 0.0000, 505.9283, -220.8584, 0.0000, 86, 132, 70
L 463.3503, -236.2434, 0.0000, 482.8508, -254.5131, 0.0000, 86, 132, 70
L 482.8508, -254.5131, 0.0000, 502.3513, -236.2434, 0.0000, 86, 132, 70
L 463.3503, -236.2434, 0.0000, 502.3513, -236.2434, 0.0000, 86, 132, 70
L 466.9274, -251.6284, 0.0000, 482.8508, -269.8981, 0.0000, 86, 132, 70
L 482.8508, -269.8981, 0.0000, 498.7743, -251.6284, 0.0000, 86, 132, 70
L 466.9274, -251.6284, 0.0000, 498.7743, -251.6284, 0.0000, 86, 132, 70
L 470.5044, -267.0134, 0.0000, 482.8508, -285.2830, 0.0000, 86, 132, 70
L 482.8508, -285.2830, 0.0000, 495.1973, -267.0134, 0.0000, 86, 132, 70
L 470.5044, -267.0134, 0.0000, 495.1973, -267.0134, 0.0000, 86, 132, 70
L 313.6869, 151.4360, 0.0000, 310.5467, 156.5807, 0.0000, 86, 132, 70
L 310.5467, 156.5807, 0.0000, 306.5477, 160.4895, 0.0000, 86, 132, 70
L 306.5477, 160.4895, 0.0000, 305.6904, 166.3628, 0.0000, 86, 132, 70
L 305.6904, 166.3628, 0.0000, 300.8452, 169.9048, 0.0000, 86, 132, 70
L 300.8452, 169.9048, 0.0000, 294.0844, 169.0268, 0.0000, 86, 132, 70
L 294.0844, 169.0268, 0.0000, 288.7282, 171.0433, 0.0000, 86, 132, 70
L 288.7282, 171.0433, 0.0000, 282.2580, 172.6857, 0.0000, 86, 132, 70
L 282.2580, 172.6857, 0.0000, 277.7253, 168.2067, 0.0000, 86, 132, 70
L 277.7253, 168.2067, 0.0000, 273.9942, 164.4020, 0.0000, 86, 132, 70
L 273.9942, 164.4020, 0.0000, 267.5666, 162.1876, 0.0000, 86, 132, 70
L 267.5666, 162.1876, 0.0000, 265.7957, 156.8434, 0.0000, 86, 132, 70
L 265.7957, 156.8434, 0.0000, 268.2258, 151.4360, 0.0000, 86, 132, 70
L 268.2258, 151.4360, 0.0000, 266.6346, 146.2265, 0.0000, 86, 132, 70
L 266.6346, 146.2265, 0.0000, 267.1772, 140.4867, 0.0000, 86, 132, 70
L 267.1772, 140.4867, 0.0000, 273.5446, 138.0745, 0.0000, 86, 132, 70
L 273.5446, 138.0745, 0.0000, 278.1147, 135.2588, 0.0000, 86, 132, 70
L 278.1147, 135.2588, 0.0000, 282.3182, 130.3842, 0.0000, 86, 132, 70
L 282.3182, 130.3842, 0.0000, 288.7282, 131.0375, 0.0000, 86, 132, 70
L 288.7282, 131.0375, 0.0000, 294.0242, 134.0431, 0.0000, 86, 132, 70
L 294.0242, 134.0431, 0.0000, 300.4559, 133.5607, 0.0000, 86, 132, 70
L 300.4559, 133.5607, 0.0000, 306.1400, 136.1137, 0.0000, 86, 132, 70
L 306.1400, 136.1137, 0.0000, 306.9370, 142.1847, 0.0000, 86, 132, 70
L 306.9370, 142.1847, 0.0000, 309.7078, 146.4892, 0.0000, 86, 132, 70
L 309.7078, 146.4892, 0.0000, 313.6869, 151.4360, 0.0000, 86, 132, 70
L 288.7282, 170.0751, 0.0000, 288.7282, 186.2004, 0.0000, 62, 104, 56
L -137.7292, 129.8796, 0.0000, -137.7292, 120.0124, 0.0000, 62, 104, 56
L -156.2302, 121.8625, 0.0000, -137.7292, 107.2158, 0.0000, 86, 132, 70
L -137.7292, 107.2158, 0.0000, -119.2282, 121.8625, 0.0000, 86, 132, 70
L -156.2302, 121.8625, 0.0000, -119.2282, 121.8625, 0.0000, 86, 132, 70
L -153.3625, 109.5285, 0.0000, -137.7292, 94.8818, 0.0000, 86, 132, 70
L -137.7292, 94.8818, 0.0000, -122.0958, 109.5285, 0.0000, 86, 132, 70
L -153.3625, 109.5285, 0.0000, -122.0958, 109.5285, 0.0000, 86, 132, 70
L -150.4949, 97.1945, 0.0000, -137.7292, 82.5478, 0.0000, 86, 132, 70
L -137.7292, 82.5478, 0.0000, -124.9635, 97.1945, 0.0000, 86, 132, 70
L -150.4949, 97.1945, 0.0000, -124.9635, 97.1945, 0.0000, 86, 132, 70
L -147.6272, 84.8605, 0.0000, -137.7292, 70.2138, 0.0000, 86, 132, 70
L -137.7292, 70.2138, 0.0000, -127.8312, 84.8605, 0.0000, 86, 132, 70
L -147.6272, 84.8605, 0.0000, -127.8312, 84.8605, 0.0000, 86, 132, 70
L -659.4555, 606.3467, 0.0000, -659.4555, 595.6371, 0.0000, 62, 104, 56
L -679.5359, 597.6452, 0.0000, -659.4555, 581.7482, 0.0000, 86, 132, 70
L -659.4555, 581.7482, 0.0000, -639.3751, 597.6452, 0.0000, 86, 132, 70
L -679.5359, 597.6452, 0.0000, -639.3751, 597.6452, 0.0000, 86, 132, 70
L -676.4235, 584.2582, 0.0000, -659.4555, 568.3612, 0.0000, 86, 132, 70
L -659.4555, 568.3612, 0.0000, -642.4875, 584.2582, 0.0000, 86, 132, 70
L -676.4235, 584.2582, 0.0000, -642.4875, 584.2582, 0.0000, 86, 132, 70
L -673.3110, 570.8713, 0.0000, -659.4555, 554.9743, 0.0000, 86, 132, 70
L -659.4555, 554.9743, 0.0000, -645.6000, 570.8713, 0.0000, 86, 132, 70
L -673.3110, 570.8713, 0.0000, -645.6000, 570.8713, 0.0000, 86, 132, 70
L -670.1985, 557.4843, 0.0000, -659.4555, 541.5873, 0.0000, 86, 132, 70
L -659.4555, 541.5873, 0.0000, -648.7125, 557.4843, 0.0000, 86, 132, 70
L -670.1985, 557.4843, 0.0000, -648.7125, 557.4843, 0.0000, 86, 132, 70
L 213.8886, 301.5632, 0.0000, 215.0146, 306.4036, 0.0000, 86, 132, 70
L 215.0146, 306.4036, 0.0000, 214.8619, 311.9153, 0.0000, 86, 132, 70
L 214.8619, 311.9153, 0.0000, 208.9819, 314.3191, 0.0000, 86, 132, 70
L 208.9819, 314.3191, 0.0000, 204.3824, 316.6465, 0.0000, 86, 132, 70
L 204.3824, 316.6465, 0.0000, 200.4875, 321.2716, 0.0000, 86, 132, 70
L 200.4875, 321.2716, 0.0000, 194.4865, 321.0436, 0.0000, 86, 132, 70
L 194.4865, 321.0436, 0.0000, 189.4950, 317.9563, 0.0000, 86, 132, 70
L 189.4950, 317.9563, 0.0000, 183.5811, 318.1852, 0.0000, 86, 132, 70
L 183.5811, 318.1852, 0.0000, 177.9721, 316.0958, 0.0000, 86, 132, 70
L 177.9721, 316.0958, 0.0000, 177.1396, 310.3766, 0.0000, 86, 132, 70
L 177.1396, 310.3766, 0.0000, 174.9678, 306.1656, 0.0000, 86, 132, 70
L 174.9678, 306.1656, 0.0000, 171.0464, 301.5632, 0.0000, 86, 132, 70
L 171.0464, 301.5632, 0.0000, 173.6322, 296.6458, 0.0000, 86, 132, 70
L 173.6322, 296.6458, 0.0000, 177.7594, 293.0647, 0.0000, 86, 132, 70
L 177.7594, 293.0647, 0.0000, 178.6879, 287.6604, 0.0000, 86, 132, 70
L 178.6879, 287.6604, 0.0000, 182.9613, 283.9963, 0.0000, 86, 132, 70
L 182.9613, 283.9963, 0.0000, 189.3991, 284.8551, 0.0000, 86, 132, 70
L 189.3991, 284.8551, 0.0000, 194.4865, 283.3424, 0.0000, 86, 132, 70
L 194.4865, 283.3424, 0.0000, 200.5834, 281.5397, 0.0000, 86, 132, 70
L 200.5834, 281.5397, 0.0000, 205.0022, 285.5350, 0.0000, 86, 132, 70
L 205.0022, 285.5350, 0.0000, 208.2661, 289.4371, 0.0000, 86, 132, 70
L 208.2661, 289.4371, 0.0000, 214.2420, 291.5260, 0.0000, 86, 132, 70
L 214.2420, 291.5260, 0.0000, 216.3503, 296.4078, 0.0000, 86, 132, 70
L 216.3503, 296.4078, 0.0000, 213.8886, 301.5632, 0.0000, 86, 132, 70
L 194.4865, 319.1285, 0.0000, 194.4865, 334.3249, 0.0000, 62, 104, 56
L -963.9262, 1064.1115, 0.0000, -960.9787, 1070.0582, 0.0000, 86, 132, 70
L -960.9787, 1070.0582, 0.0000, -964.4625, 1075.1547, 0.0000, 86, 132, 70
L -964.4625, 1075.1547, 0.0000, -970.7943, 1077.6669, 0.0000, 86, 132, 70
L -970.7943, 1077.6669, 0.0000, -973.9428, 1082.7911, 0.0000, 86, 132, 70
L -973.9428, 1082.7911, 0.0000, -979.3619, 1086.5631, 0.0000, 86, 132, 70
L -979.3619, 1086.5631, 0.0000, -986.1981, 1084.0893, 0.0000, 86, 132, 70
L -986.1981, 1084.0893, 0.0000, -992.0786, 1083.4243, 0.0000, 86, 132, 70
L -992.0786, 1083.4243, 0.0000, -999.4091, 1084.2479, 0.0000, 86, 132, 70
L -999.4091, 1084.2479, 0.0000, -1003.5134, 1079.3490, 0.0000, 86, 132, 70
L -1003.5134, 1079.3490, 0.0000, -1005.0664, 1073.6979, 0.0000, 86, 132, 70
L -1005.0664, 1073.6979, 0.0000, -1010.4617, 1069.8328, 0.0000, 86, 132, 70
L -1010.4617, 1069.8328, 0.0000, -1012.2930, 1064.1115, 0.0000, 86, 132, 70
L -1012.2930, 1064.1115, 0.0000, -1007.6974, 1059.0421, 0.0000, 86, 132, 70
L -1007.6974, 1059.0421, 0.0000, -1006.3494, 1053.8733, 0.0000, 86, 132, 70
L -1006.3494, 1053.8733, 0.0000, -1004.9948, 1047.5705, 0.0000, 86, 132, 70
L -1004.9948, 1047.5705, 0.0000, -998.1262, 1045.9307, 0.0000, 86, 132, 70
L -998.1262, 1045.9307, 0.0000, -991.8801, 1045.4507, 0.0000, 86, 132, 70
L -991.8801, 1045.4507, 0.0000, -986.1981, 1041.5265, 0.0000, 86, 132, 70
L -986.1981, 1041.5265, 0.0000, -979.5603, 1042.3118, 0.0000, 86, 132, 70
L -979.5603, 1042.3118, 0.0000, -975.2257, 1047.3874, 0.0000, 86, 132, 70
L -975.2257, 1047.3874, 0.0000, -969.3129, 1049.2526, 0.0000, 86, 132, 70
L -969.3129, 1049.2526, 0.0000, -963.1796, 1052.4166, 0.0000, 86, 132, 70
L -963.1796, 1052.4166, 0.0000, -963.7430, 1058.8167, 0.0000, 86, 132, 70
L -963.7430, 1058.8167, 0.0000, -963.9262, 1064.1115, 0.0000, 86, 132, 70
L -986.1981, 1083.9419, 0.0000, -986.1981, 1101.0979, 0.0000, 62, 104, 56
L -34.9503, 796.0535, 0.0000, -33.9738, 801.1420, 0.0000, 86, 132, 70
L -33.9738, 801.1420, 0.0000, -38.8833, 804.5233, 0.0000, 86, 132, 70
L -38.8833, 804.5233, 0.0000, -42.0395, 807.9461, 0.0000, 86, 132, 70
L -42.0395, 807.9461, 0.0000, -44.4163, 813.0294, 0.0000, 86, 132, 70
L -44.4163, 813.0294, 0.0000, -50.1768, 813.7127, 0.0000, 86, 132, 70
L -50.1768, 813.7127, 0.0000, -55.5538, 812.2356, 0.0000, 86, 132, 70
L -55.5538, 812.2356, 0.0000, -61.0211, 814.0091, 0.0000, 86, 132, 70
L -61.0211, 814.0091, 0.0000, -66.6011, 812.8918, 0.0000, 86, 132, 70
L -66.6011, 812.8918, 0.0000, -68.8877, 807.7873, 0.0000, 86, 132, 70
L -68.8877, 807.7873, 0.0000, -72.4952, 804.6609, 0.0000, 86, 132, 70
L -72.4952, 804.6609, 0.0000, -77.2241, 801.1632, 0.0000, 86, 132, 70
L -77.2241, 801.1632, 0.0000, -75.7963, 796.0535, 0.0000, 86, 132, 70
L -75.7963, 796.0535, 0.0000, -73.4281, 791.8388, 0.0000, 86, 132, 70
L -73.4281, 791.8388, 0.0000, -74.2570, 786.5510, 0.0000, 86, 132, 70
L -74.2570, 786.5510, 0.0000, -70.9220, 782.5295, 0.0000, 86, 132, 70
L -70.9220, 782.5295, 0.0000, -64.8393, 781.9005, 0.0000, 86, 132, 70
L -64.8393, 781.9005, 0.0000, -60.7486, 778.9929, 0.0000, 86, 132, 70
L -60.7486, 778.9929, 0.0000, -55.5538, 776.2910, 0.0000, 86, 132, 70
L -55.5538, 776.2910, 0.0000, -50.4494, 779.2894, 0.0000, 86, 132, 70
L -50.4494, 779.2894, 0.0000, -46.1781, 781.7629, 0.0000, 86, 132, 70
L -46.1781, 781.7629, 0.0000, -40.0052, 782.3706, 0.0000, 86, 132, 70
L -40.0052, 782.3706, 0.0000, -37.1215, 786.6886, 0.0000, 86, 132, 70
L -37.1215, 786.6886, 0.0000, -37.7699, 791.8601, 0.0000, 86, 132, 70
L -37.7699, 791.8601, 0.0000, -34.9503, 796.0535, 0.0000, 86, 132, 70
L -55.5538, 812.8004, 0.0000, -55.5538, 827.2887, 0.0000, 62, 104, 56
L -877.2035, 517.6275, 0.0000, -877.2035, 508.6488, 0.0000, 62, 104, 56
L -894.0384, 510.3323, 0.0000, -877.2035, 497.0047, 0.0000, 86, 132, 70
L -877.2035, 497.0047, 0.0000, -860.3686, 510.3323, 0.0000, 86, 132, 70
L -894.0384, 510.3323, 0.0000, -860.3686, 510.3323, 0.0000, 86, 132, 70
L -891.4290, 499.1091, 0.0000, -877.2035, 485.7814, 0.0000, 86, 132, 70
L -877.2035, 485.7814, 0.0000, -862.9780, 499.1091, 0.0000, 86, 132, 70
L -891.4290, 499.1091, 0.0000, -862.9780, 499.1091, 0.0000, 86, 132, 70
L -888.8196, 487.8858, 0.0000, -877.2035, 474.5582, 0.0000, 86, 132, 70
L -877.2035, 474.5582, 0.0000, -865.5874, 487.8858, 0.0000, 86, 132, 70
L -888.8196, 487.8858, 0.0000, -865.5874, 487.8858, 0.0000, 86, 132, 70
L -886.2102, 476.6625, 0.0000, -877.2035, 463.3349, 0.0000, 86, 132, 70
L -877.2035, 463.3349, 0.0000, -868.1968, 476.6625, 0.0000, 86, 132, 70
L -886.2102, 476.6625, 0.0000, -868.1968, 476.6625, 0.0000, 86, 132, 70
L 401.7952, 948.6549, 0.0000, 401.7952, 939.1830, 0.0000, 62, 104, 56
L 384.0353, 940.9590, 0.0000, 401.7952, 926.8992, 0.0000, 86, 132, 70
L 401.7952, 926.8992, 0.0000, 419.5550, 940.9590, 0.0000, 86, 132, 70
L 384.0353, 940.9590, 0.0000, 419.5550, 940.9590, 0.0000, 86, 132, 70
L 386.7881, 929.1191, 0.0000, 401.7952, 915.0593, 0.0000, 86, 132, 70
L 401.7952, 915.0593, 0.0000, 416.8022, 929.1191, 0.0000, 86, 132, 70
L 386.7881, 929.1191, 0.0000, 416.8022, 929.1191, 0.0000, 86, 132, 70
L 389.5409, 917.2792, 0.0000, 401.7952, 903.2194, 0.0000, 86, 132, 70
L 401.7952, 903.2194, 0.0000, 414.0495, 917.2792, 0.0000, 86, 132, 70
L 389.5409, 917.2792, 0.0000, 414.0495, 917.2792, 0.0000, 86, 132, 70
L 392.2937, 905.4394, 0.0000, 401.7952, 891.3795, 0.0000, 86, 132, 70
L 401.7952, 891.3795, 0.0000, 411.2967, 905.4394, 0.0000, 86, 132, 70
L 392.2937, 905.4394, 0.0000, 411.2967, 905.4394, 0.0000, 86, 132, 70
L 499.4309, -607.0648, 0.0000, 499.4309, -614.4809, 0.0000, 62, 104, 56
L 485.5258, -613.0904, 0.0000, 499.4309, -624.0987, 0.0000, 86, 132, 70
L 499.4309, -624.0987, 0.0000, 513.3362, -613.0904, 0.0000, 86, 132, 70
L 485.5258, -613.0904, 0.0000, 513.3362, -613.0904, 0.0000, 86, 132, 70
L 487.6810, -622.3605, 0.0000, 499.4309, -633.3689, 0.0000, 86, 132, 70
L 499.4309, -633.3689, 0.0000, 511.1808, -622.3605, 0.0000, 86, 132, 70
L 487.6810, -622.3605, 0.0000, 511.1808, -622.3605, 0.0000, 86, 132, 70
L 489.8363, -631.6307, 0.0000, 499.4309, -642.6390, 0.0000, 86, 132, 70
L 499.4309, -642.6390, 0.0000, 509.0255, -631.6307, 0.0000, 86, 132, 70
L 489.8363, -631.6307, 0.0000, 509.0255, -631.6307, 0.0000, 86, 132, 70
L 491.9916, -640.9008, 0.0000, 499.4309, -651.9091, 0.0000, 86, 132, 70
L 499.4309, -651.9091, 0.0000, 506.8702, -640.9008, 0.0000, 86, 132, 70
L 491.9916, -640.9008, 0.0000, 506.8702, -640.9008, 0.0000, 86, 132, 70
L 364.6470, 444.6123, 0.0000, 364.6470, 434.4129, 0.0000, 62, 104, 56
L 345.5232, 436.3253, 0.0000, 364.6470, 421.1856, 0.0000, 86, 132, 70
L 364.6470, 421.1856, 0.0000, 383.7708, 436.3253, 0.0000, 86, 132, 70
L 345.5232, 436.3253, 0.0000, 383.7708, 436.3253, 0.0000, 86, 132, 70
L 348.4874, 423.5761, 0.0000, 364.6470, 408.4365, 0.0000, 86, 132, 70
L 364.6470, 408.4365, 0.0000, 380.8066, 423.5761, 0.0000, 86, 132, 70
L 348.4874, 423.5761, 0.0000, 380.8066, 423.5761, 0.0000, 86, 132, 70
L 351.4516, 410.8269, 0.0000, 364.6470, 395.6873, 0.0000, 86, 132, 70
L 364.6470, 395.6873, 0.0000, 377.8424, 410.8269, 0.0000, 86, 132, 70
L 351.4516, 410.8269, 0.0000, 377.8424, 410.8269, 0.0000, 86, 132, 70
L 354.4158, 398.0777, 0.0000, 364.6470, 382.9381, 0.0000, 86, 132, 70
L 364.6470, 382.9381, 0.0000, 374.8782, 398.0777, 0.0000, 86, 132, 70
L 354.4158, 398.0777, 0.0000, 374.8782, 398.0777, 0.0000, 86, 132, 70
L -413.4414, 788.9535, 0.0000, -413.4414, 780.4381, 0.0000, 62, 104, 56
L -429.4077, 782.0347, 0.0000, -413.4414, 769.3947, 0.0000, 86, 132, 70
L -413.4414, 769.3947, 0.0000, -397.4750, 782.0347, 0.0000, 86, 132, 70
L -429.4077, 782.0347, 0.0000, -397.4750, 782.0347, 0.0000, 86, 132, 70
L -426.9329, 771.3905, 0.0000, -413.4414, 758.7504, 0.0000, 86, 132, 70
L -413.4414, 758.7504, 0.0000, -399.9498, 771.3905, 0.0000, 86, 132, 70
L -426.9329, 771.3905, 0.0000, -399.9498, 771.3905, 0.0000, 86, 132, 70
L -424.4582, 760.7462, 0.0000, -413.4414, 748.1062, 0.0000, 86, 132, 70
L -413.4414, 748.1062, 0.0000, -402.4246, 760.7462, 0.0000, 86, 132, 70
L -424.4582, 760.7462, 0.0000, -402.4246, 760.7462, 0.0000, 86, 132, 70
L -421.9834, 750.1020, 0.0000, -413.4414, 737.4619, 0.0000, 86, 132, 70
L -413.4414, 737.4619, 0.0000, -404.8994, 750.1020, 0.0000, 86, 132, 70
L -421.9834, 750.1020, 0.0000, -404.8994, 750.1020, 0.0000, 86, 132, 70
L 229.6034, -586.9805, 0.0000, 231.4430, -581.3363, 0.0000, 86, 132, 70
L 231.4430, -581.3363, 0.0000, 226.3901, -577.3863, 0.0000, 86, 132, 70
L 226.3901, -577.3863, 0.0000, 222.1163, -574.1239, 0.0000, 86, 132, 70
L 222.1163, -574.1239, 0.0000, 219.6211, -568.5152, 0.0000, 86, 132, 70
L 219.6211, -568.5152, 0.0000, 213.5955, -566.9830, 0.0000, 86, 132, 70
L 213.5955, -566.9830, 0.0000, 207.5064, -569.0970, 0.0000, 86, 132, 70
L 207.5064, -569.0970, 0.0000, 201.6355, -567.6987, 0.0000, 86, 132, 70
L 201.6355, -567.6987, 0.0000, 195.1738, -568.1830, 0.0000, 86, 132, 70
L 195.1738, -568.1830, 0.0000, 192.4608, -573.7403, 0.0000, 86, 132, 70
L 192.4608, -573.7403, 0.0000, 189.2767, -577.7185, 0.0000, 86, 132, 70
L 189.2767, -577.7185, 0.0000, 183.7878, -581.3877, 0.0000, 86, 132, 70
L 183.7878, -581.3877, 0.0000, 184.5378, -586.9805, 0.0000, 86, 132, 70
L 184.5378, -586.9805, 0.0000, 187.9131, -591.6004, 0.0000, 86, 132, 70
L 187.9131, -591.6004, 0.0000, 187.3622, -597.2152, 0.0000, 86, 132, 70
L 187.3622, -597.2152, 0.0000, 190.2501, -602.1660, 0.0000, 86, 132, 70
L 190.2501, -602.1660, 0.0000, 197.0884, -602.8597, 0.0000, 86, 132, 70
L 197.0884, -602.8597, 0.0000, 201.9316, -605.2894, 0.0000, 86, 132, 70
L 201.9316, -605.2894, 0.0000, 207.5064, -608.7547, 0.0000, 86, 132, 70
L 207.5064, -608.7547, 0.0000, 213.2993, -606.0052, 0.0000, 86, 132, 70
L 213.2993, -606.0052, 0.0000, 217.7066, -602.5276, 0.0000, 86, 132, 70
L 217.7066, -602.5276, 0.0000, 224.3270, -601.7825, 0.0000, 86, 132, 70
L 224.3270, -601.7825, 0.0000, 228.3046, -597.5473, 0.0000, 86, 132, 70
L 228.3046, -597.5473, 0.0000, 227.3179, -591.6519, 0.0000, 86, 132, 70
L 227.3179, -591.6519, 0.0000, 229.6034, -586.9805, 0.0000, 86, 132, 70
L 207.5064, -568.5036, 0.0000, 207.5064, -552.5185, 0.0000, 62, 104, 56
L 271.8503, 632.2706, 0.0000, 270.7803, 636.5599, 0.0000, 86, 132, 70
L 270.7803, 636.5599, 0.0000, 266.6375, 639.4078, 0.0000, 86, 132, 70
L 266.6375, 639.4078, 0.0000, 265.3184, 643.4718, 0.0000, 86, 132, 70
L 265.3184, 643.4718, 0.0000, 262.4352, 647.2771, 0.0000, 86, 132, 70
L 262.4352, 647.2771, 0.0000, 256.9990, 646.7516, 0.0000, 86, 132, 70
L 256.9990, 646.7516, 0.0000, 252.5898, 646.9846, 0.0000, 86, 132, 70
L 252.5898, 646.9846, 0.0000, 247.5328, 648.8787, 0.0000, 86, 132, 70
L 247.5328, 648.8787, 0.0000, 243.3920, 646.2899, 0.0000, 86, 132, 70
L 243.3920, 646.2899, 0.0000, 241.1565, 642.3319, 0.0000, 86, 132, 70
L 241.1565, 642.3319, 0.0000, 236.5989, 640.3951, 0.0000, 86, 132, 70
L 236.5989, 640.3951, 0.0000, 233.7515, 636.7126, 0.0000, 86, 132, 70
L 233.7515, 636.7126, 0.0000, 235.9200, 632.2706, 0.0000, 86, 132, 70
L 235.9200, 632.2706, 0.0000, 236.0742, 628.3763, 0.0000, 86, 132, 70
L 236.0742, 628.3763, 0.0000, 235.5209, 623.5985, 0.0000, 86, 132, 70
L 235.5209, 623.5985, 0.0000, 239.9118, 621.1140, 0.0000, 86, 132, 70
L 239.9118, 621.1140, 0.0000, 244.4700, 619.8945, 0.0000, 86, 132, 70
L 244.4700, 619.8945, 0.0000, 247.6996, 616.2102, 0.0000, 86, 132, 70
L 247.6996, 616.2102, 0.0000, 252.5898, 615.3659, 0.0000, 86, 132, 70
L 252.5898, 615.3659, 0.0000, 256.8323, 618.3374, 0.0000, 86, 132, 70
L 256.8323, 618.3374, 0.0000, 261.3572, 618.9072, 0.0000, 86, 132, 70
L 261.3572, 618.9072, 0.0000, 266.5631, 619.9740, 0.0000, 86, 132, 70
L 266.5631, 619.9740, 0.0000, 267.7155, 624.5857, 0.0000, 86, 132, 70
L 267.7155, 624.5857, 0.0000, 268.4576, 628.5291, 0.0000, 86, 132, 70
L 268.4576, 628.5291, 0.0000, 271.8503, 632.2706, 0.0000, 86, 132, 70
L 252.5898, 647.0021, 0.0000, 252.5898, 659.7468, 0.0000, 62, 104, 56
L 273.9961, -756.4425, 0.0000, 273.9961, -766.8684, 0.0000, 62, 104, 56
L 254.4474, -764.9136, 0.0000, 273.9961, -780.3896, 0.0000, 86, 132, 70
L 273.9961, -780.3896, 0.0000, 293.5448, -764.9136, 0.0000, 86, 132, 70
L 254.4474, -764.9136, 0.0000, 293.5448, -764.9136, 0.0000, 86, 132, 70
L 257.4774, -777.9460, 0.0000, 273.9961, -793.4221, 0.0000, 86, 132, 70
L 273.9961, -793.4221, 0.0000, 290.5147, -777.9460, 0.0000, 86, 132, 70
L 257.4774, -777.9460, 0.0000, 290.5147, -777.9460, 0.0000, 86, 132, 70
L 260.5075, -790.9785, 0.0000, 273.9961, -806.4545, 0.0000, 86, 132, 70
L 273.9961, -806.4545, 0.0000, 287.4847, -790.9785, 0.0000, 86, 132, 70
L 260.5075, -790.9785, 0.0000, 287.4847, -790.9785, 0.0000, 86, 132, 70
L 263.5375, -804.0109, 0.0000, 273.9961, -819.4870, 0.0000, 86, 132, 70
L 273.9961, -819.4870, 0.0000, 284.4546, -804.0109, 0.0000, 86, 132, 70
L 263.5375, -804.0109, 0.0000, 284.4546, -804.0109, 0.0000, 86, 132, 70
L -78.4666, 605.5877, 0.0000, -81.3556, 609.2131, 0.0000, 86, 132, 70
L -81.3556, 609.2131, 0.0000, -81.1336, 613.5122, 0.0000, 86, 132, 70
L -81.1336, 613.5122, 0.0000, -83.1024, 617.5808, 0.0000, 86, 132, 70
L -83.1024, 617.5808, 0.0000, -88.4674, 618.1831, 0.0000, 86, 132, 70
L -88.4674, 618.1831, 0.0000, -92.4125, 619.7706, 0.0000, 86, 132, 70
L -92.4125, 619.7706, 0.0000, -96.7310, 622.6157, 0.0000, 86, 132, 70
L -96.7310, 622.6157, 0.0000, -101.3412, 620.7286, 0.0000, 86, 132, 70
L -101.3412, 620.7286, 0.0000, -104.7029, 617.7385, 0.0000, 86, 132, 70
L -104.7029, 617.7385, 0.0000, -109.7762, 617.0674, 0.0000, 86, 132, 70
L -109.7762, 617.0674, 0.0000, -113.2035, 613.9568, 0.0000, 86, 132, 70
L -113.2035, 613.9568, 0.0000, -112.3981, 609.2819, 0.0000, 86, 132, 70
L -112.3981, 609.2819, 0.0000, -113.8286, 605.5877, 0.0000, 86, 132, 70
L -113.8286, 605.5877, 0.0000, -115.5126, 601.1590, 0.0000, 86, 132, 70
L -115.5126, 601.1590, 0.0000, -111.7580, 597.9529, 0.0000, 86, 132, 70
L -111.7580, 597.9529, 0.0000, -108.1071, 595.5767, 0.0000, 86, 132, 70
L -108.1071, 595.5767, 0.0000, -106.1484, 591.2336, 0.0000, 86, 132, 70
L -106.1484, 591.2336, 0.0000, -101.5648, 589.7123, 0.0000, 86, 132, 70
L -101.5648, 589.7123, 0.0000, -96.7310, 591.4972, 0.0000, 86, 132, 70
L -96.7310, 591.4972, 0.0000, -92.1889, 590.6703, 0.0000, 86, 132, 70
L -92.1889, 590.6703, 0.0000, -87.0219, 590.7890, 0.0000, 86, 132, 70
L -87.0219, 590.7890, 0.0000, -84.7715, 595.0633, 0.0000, 86, 132, 70
L -84.7715, 595.0633, 0.0000, -82.5791, 598.3975, 0.0000, 86, 132, 70
L -82.5791, 598.3975, 0.0000, -78.2410, 601.2278, 0.0000, 86, 132, 70
L -78.2410, 601.2278, 0.0000, -78.4666, 605.5877, 0.0000, 86, 132, 70
L -96.7310, 620.0861, 0.0000, -96.7310, 632.6292, 0.0000, 62, 104, 56
L -1035.6519, -378.0863, 0.0000, -1036.4490, -372.5029, 0.0000, 86, 132, 70
L -1036.4490, -372.5029, 0.0000, -1035.4447, -365.5453, 0.0000, 86, 132, 70
L -1035.4447, -365.5453, 0.0000, -1041.4608, -361.6589, 0.0000, 86, 132, 70
L -1041.4608, -361.6589, 0.0000, -1048.3781, -360.1765, 0.0000, 86, 132, 70
L -1048.3781, -360.1765, 0.0000, -1053.1134, -355.0478, 0.0000, 86, 132, 70
L -1053.1134, -355.0478, 0.0000, -1060.1283, -353.3250, 0.0000, 86, 132, 70
L -1060.1283, -353.3250, 0.0000, -1066.3398, -357.6865, 0.0000, 86, 132, 70
L -1066.3398, -357.6865, 0.0000, -1072.6821, -358.9519, 0.0000, 86, 132, 70
L -1072.6821, -358.9519, 0.0000, -1080.4028, -360.2448, 0.0000, 86, 132, 70
L -1080.4028, -360.2448, 0.0000, -1082.4016, -366.7700, 0.0000, 86, 132, 70
L -1082.4016, -366.7700, 0.0000, -1083.0042, -372.6923, 0.0000, 86, 132, 70
L -1083.0042, -372.6923, 0.0000, -1087.8186, -378.0863, 0.0000, 86, 132, 70
L -1087.8186, -378.0863, 0.0000, -1086.8381, -384.3844, 0.0000, 86, 132, 70
L -1086.8381, -384.3844, 0.0000, -1080.6223, -388.4987, 0.0000, 86, 132, 70
L -1080.6223, -388.4987, 0.0000, -1078.3482, -394.1198, 0.0000, 86, 132, 70
L -1078.3482, -394.1198, 0.0000, -1074.4614, -399.9328, 0.0000, 86, 132, 70
L -1074.4614, -399.9328, 0.0000, -1066.6151, -399.3902, 0.0000, 86, 132, 70
L -1066.6151, -399.3902, 0.0000, -1060.1283, -399.2316, 0.0000, 86, 132, 70
L -1060.1283, -399.2316, 0.0000, -1052.8381, -402.0289, 0.0000, 86, 132, 70
L -1052.8381, -402.0289, 0.0000, -1046.5987, -398.7082, 0.0000, 86, 132, 70
L -1046.5987, -398.7082, 0.0000, -1043.5154, -392.7057, 0.0000, 86, 132, 70
L -1043.5154, -392.7057, 0.0000, -1037.2240, -389.7233, 0.0000, 86, 132, 70
L -1037.2240, -389.7233, 0.0000, -1032.6151, -384.5738, 0.0000, 86, 132, 70
L -1032.6151, -384.5738, 0.0000, -1035.6519, -378.0863, 0.0000, 86, 132, 70
L -1060.1283, -356.6980, 0.0000, -1060.1283, -338.1942, 0.0000, 62, 104, 56
L -988.8974, -806.8295, 0.0000, -988.8974, -814.4028, 0.0000, 62, 104, 56
L -1003.0975, -812.9828, 0.0000, -988.8974, -824.2246, 0.0000, 86, 132, 70
L -988.8974, -824.2246, 0.0000, -974.6973, -812.9828, 0.0000, 86, 132, 70
L -1003.0975, -812.9828, 0.0000, -974.6973, -812.9828, 0.0000, 86, 132, 70
L -1000.8964, -822.4495, 0.0000, -988.8974, -833.6912, 0.0000, 86, 132, 70
L -988.8974, -833.6912, 0.0000, -976.8984, -822.4495, 0.0000, 86, 132, 70
L -1000.8964, -822.4495, 0.0000, -976.8984, -822.4495, 0.0000, 86, 132, 70
L -998.6954, -831.9163, 0.0000, -988.8974, -843.1579, 0.0000, 86, 132, 70
L -988.8974, -843.1579, 0.0000, -979.0994, -831.9163, 0.0000, 86, 132, 70
L -998.6954, -831.9163, 0.0000, -979.0994, -831.9163, 0.0000, 86, 132, 70
L -996.4945, -841.3829, 0.0000, -988.8974, -852.6246, 0.0000, 86, 132, 70
L -988.8974, -852.6246, 0.0000, -981.3003, -841.3829, 0.0000, 86, 132, 70
L -996.4945, -841.3829, 0.0000, -981.3003, -841.3829, 0.0000, 86, 132, 70
L -986.3761, -455.3162, 0.0000, -983.7048, -449.0312, 0.0000, 86, 132, 70
L -983.7048, -449.0312, 0.0000, -988.6876, -444.3056, 0.0000, 86, 132, 70
L -988.6876, -444.3056, 0.0000, -994.2773, -441.1642, 0.0000, 86, 132, 70
L -994.2773, -441.1642, 0.0000, -997.1120, -435.1248, 0.0000, 86, 132, 70
L -997.1120, -435.1248, 0.0000, -1003.4141, -432.5073, 0.0000, 86, 132, 70
L -1003.4141, -432.5073, 0.0000, -1010.3591, -435.1582, 0.0000, 86, 132, 70
L -1010.3591, -435.1582, 0.0000, -1016.7261, -434.4057, 0.0000, 86, 132, 70
L -1016.7261, -434.4057, 0.0000, -1024.1843, -434.2438, 0.0000, 86, 132, 70
L -1024.1843, -434.2438, 0.0000, -1027.5970, -440.1468, 0.0000, 86, 132, 70
L -1027.5970, -440.1468, 0.0000, -1030.2965, -445.1866, 0.0000, 86, 132, 70
L -1030.2965, -445.1866, 0.0000, -1036.4354, -449.1675, 0.0000, 86, 132, 70
L -1036.4354, -449.1675, 0.0000, -1036.6543, -455.3162, 0.0000, 86, 132, 70
L -1036.6543, -455.3162, 0.0000, -1032.2698, -460.4826, 0.0000, 86, 132, 70
L -1032.2698, -460.4826, 0.0000, -1032.2298, -466.4280, 0.0000, 86, 132, 70
L -1032.2298, -466.4280, 0.0000, -1029.8293, -472.4500, 0.0000, 86, 132, 70
L -1029.8293, -472.4500, 0.0000, -1022.2511, -473.4420, 0.0000, 86, 132, 70
L -1022.2511, -473.4420, 0.0000, -1016.4270, -475.2445, 0.0000, 86, 132, 70
L -1016.4270, -475.2445, 0.0000, -1010.3591, -479.4030, 0.0000, 86, 132, 70
L -1010.3591, -479.4030, 0.0000, -1003.7131, -477.1429, 0.0000, 86, 132, 70
L -1003.7131, -477.1429, 0.0000, -999.0452, -472.5609, 0.0000, 86, 132, 70
L -999.0452, -472.5609, 0.0000, -992.0450, -471.4326, 0.0000, 86, 132, 70
L -992.0450, -471.4326, 0.0000, -986.7543, -467.3090, 0.0000, 86, 132, 70
L -986.7543, -467.3090, 0.0000, -987.8703, -460.6189, 0.0000, 86, 132, 70
L -987.8703, -460.6189, 0.0000, -986.3761, -455.3162, 0.0000, 86, 132, 70
L -1010.3591, -434.7021, 0.0000, -1010.3591, -416.8681, 0.0000, 62, 104, 56
L 69.7278, -423.0471, 0.0000, 69.7278, -434.3058, 0.0000, 62, 104, 56
L 48.6177, -432.1948, 0.0000, 69.7278, -448.9069, 0.0000, 86, 132, 70
L 69.7278, -448.9069, 0.0000, 90.8379, -432.1948, 0.0000, 86, 132, 70
L 48.6177, -432.1948, 0.0000, 90.8379, -432.1948, 0.0000, 86, 132, 70
L 51.8898, -446.2682, 0.0000, 69.7278, -462.9803, 0.0000, 86, 132, 70
L 69.7278, -462.9803, 0.0000, 87.5658, -446.2682, 0.0000, 86, 132, 70
L 51.8898, -446.2682, 0.0000, 87.5658, -446.2682, 0.0000, 86, 132, 70
L 55.1618, -460.3415, 0.0000, 69.7278, -477.0537, 0.0000, 86, 132, 70
L 69.7278, -477.0537, 0.0000, 84.2937, -460.3415, 0.0000, 86, 132, 70
L 55.1618, -460.3415, 0.0000, 84.2937, -460.3415, 0.0000, 86, 132, 70
L 58.4339, -474.4149, 0.0000, 69.7278, -491.1271, 0.0000, 86, 132, 70
L 69.7278, -491.1271, 0.0000, 81.0217, -474.4149, 0.0000, 86, 132, 70
L 58.4339, -474.4149, 0.0000, 81.0217, -474.4149, 0.0000, 86, 132, 70
L -322.7864, 613.5472, 0.0000, -326.6933, 619.1889, 0.0000, 86, 132, 70
L -326.6933, 619.1889, 0.0000, -330.6532, 623.6914, 0.0000, 86, 132, 70
L -330.6532, 623.6914, 0.0000, -331.5235, 630.3516, 0.0000, 86, 132, 70
L -331.5235, 630.3516, 0.0000, -337.2815, 633.8770, 0.0000, 86, 132, 70
L -337.2815, 633.8770, 0.0000, -344.6936, 633.0091, 0.0000, 86, 132, 70
L -344.6936, 633.0091, 0.0000, -350.6195, 635.7078, 0.0000, 86, 132, 70
L -350.6195, 635.7078, 0.0000, -357.8092, 637.1596, 0.0000, 86, 132, 70
L -357.8092, 637.1596, 0.0000, -362.6936, 631.9507, 0.0000, 86, 132, 70
L -362.6936, 631.9507, 0.0000, -367.1879, 628.1274, 0.0000, 86, 132, 70
L -367.1879, 628.1274, 0.0000, -374.3771, 625.6177, 0.0000, 86, 132, 70
L -374.3771, 625.6177, 0.0000, -375.8094, 619.4869, 0.0000, 86, 132, 70
L -375.8094, 619.4869, 0.0000, -373.3974, 613.5472, 0.0000, 86, 132, 70
L -373.3974, 613.5472, 0.0000, -375.5798, 607.6617, 0.0000, 86, 132, 70
L -375.5798, 607.6617, 0.0000, -374.4837, 601.4226, 0.0000, 86, 132, 70
L -374.4837, 601.4226, 0.0000, -367.3109, 598.8587, 0.0000, 86, 132, 70
L -367.3109, 598.8587, 0.0000, -362.5870, 595.3061, 0.0000, 86, 132, 70
L -362.5870, 595.3061, 0.0000, -357.7927, 589.9889, 0.0000, 86, 132, 70
L -357.7927, 589.9889, 0.0000, -350.6195, 591.1700, 0.0000, 86, 132, 70
L -350.6195, 591.1700, 0.0000, -344.7100, 594.1394, 0.0000, 86, 132, 70
L -344.7100, 594.1394, 0.0000, -337.3881, 593.3799, 0.0000, 86, 132, 70
L -337.3881, 593.3799, 0.0000, -331.4004, 596.6344, 0.0000, 86, 132, 70
L -331.4004, 596.6344, 0.0000, -330.5466, 603.3488, 0.0000, 86, 132, 70
L -330.5466, 603.3488, 0.0000, -326.9229, 607.9597, 0.0000, 86, 132, 70
L -326.9229, 607.9597, 0.0000, -322.7864, 613.5472, 0.0000, 86, 132, 70
L -350.6195, 634.2977, 0.0000, -350.6195, 652.2498, 0.0000, 62, 104, 56
L -911.0432, -821.7069, 0.0000, -911.0432, -831.9693, 0.0000, 62, 104, 56
L -930.2852, -830.0451, 0.0000, -911.0432, -845.2784, 0.0000, 86, 132, 70
L -911.0432, -845.2784, 0.0000, -891.8012, -830.0451, 0.0000, 86, 132, 70
L -930.2852, -830.0451, 0.0000, -891.8012, -830.0451, 0.0000, 86, 132, 70
L -927.3027, -842.8731, 0.0000, -911.0432, -858.1062, 0.0000, 86, 132, 70
L -911.0432, -858.1062, 0.0000, -894.7838, -842.8731, 0.0000, 86, 132, 70
L -927.3027, -842.8731, 0.0000, -894.7838, -842.8731, 0.0000, 86, 132, 70
L -924.3202, -855.7010, 0.0000, -911.0432, -870.9342, 0.0000, 86, 132, 70
L -911.0432, -870.9342, 0.0000, -897.7663, -855.7010, 0.0000, 86, 132, 70
L -924.3202, -855.7010, 0.0000, -897.7663, -855.7010, 0.0000, 86, 132, 70
L -921.3376, -868.5290, 0.0000, -911.0432, -883.7622, 0.0000, 86, 132, 70
L -911.0432, -883.7622, 0.0000, -900.7488, -868.5290, 0.0000, 86, 132, 70
L -921.3376, -868.5290, 0.0000, -900.7488, -868.5290, 0.0000, 86, 132, 70
L 436.8988, -726.2218, 0.0000, 435.2404, -721.5435, 0.0000, 86, 132, 70
L 435.2404, -721.5435, 0.0000, 436.2563, -715.6252, 0.0000, 86, 132, 70
L 436.2563, -715.6252, 0.0000, 431.8102, -711.7806, 0.0000, 86, 132, 70
L 431.8102, -711.7806, 0.0000, 425.4588, -710.8895, 0.0000, 86, 132, 70
L 425.4588, -710.8895, 0.0000, 421.2472, -707.0174, 0.0000, 86, 132, 70
L 421.2472, -707.0174, 0.0000, 415.3997, -704.7485, 0.0000, 86, 132, 70
L 415.3997, -704.7485, 0.0000, 409.9668, -708.3793, 0.0000, 86, 132, 70
L 409.9668, -708.3793, 0.0000, 404.9258, -710.2575, 0.0000, 86, 132, 70
L 404.9258, -710.2575, 0.0000, 398.1598, -711.0508, 0.0000, 86, 132, 70
L 398.1598, -711.0508, 0.0000, 395.7870, -716.2572, 0.0000, 86, 132, 70
L 395.7870, -716.2572, 0.0000, 395.9736, -721.6412, 0.0000, 86, 132, 70
L 395.9736, -721.6412, 0.0000, 392.2419, -726.2218, 0.0000, 86, 132, 70
L 392.2419, -726.2218, 0.0000, 392.1051, -731.7145, 0.0000, 86, 132, 70
L 392.1051, -731.7145, 0.0000, 397.5824, -735.2742, 0.0000, 86, 132, 70
L 397.5824, -735.2742, 0.0000, 400.2329, -739.5685, 0.0000, 86, 132, 70
L 400.2329, -739.5685, 0.0000, 403.1304, -744.9226, 0.0000, 86, 132, 70
L 403.1304, -744.9226, 0.0000, 409.6891, -744.9765, 0.0000, 86, 132, 70
L 409.6891, -744.9765, 0.0000, 415.3997, -744.0465, 0.0000, 86, 132, 70
L 415.3997, -744.0465, 0.0000, 421.5249, -746.3383, 0.0000, 86, 132, 70
L 421.5249, -746.3383, 0.0000, 427.2542, -744.2906, 0.0000, 86, 132, 70
L 427.2542, -744.2906, 0.0000, 429.7371, -738.8387, 0.0000, 86, 132, 70
L 429.7371, -738.8387, 0.0000, 434.4610, -735.9063, 0.0000, 86, 132, 70
L 434.4610, -735.9063, 0.0000, 439.1088, -731.8123, 0.0000, 86, 132, 70
L 439.1088, -731.8123, 0.0000, 436.8988, -726.2218, 0.0000, 86, 132, 70
L 415.3997, -707.9125, 0.0000, 415.3997, -692.0725, 0.0000, 62, 104, 56
L -837.4225, -820.3198, 0.0000, -837.4225, -829.1784, 0.0000, 62, 104, 56
L -854.0324, -827.5174, 0.0000, -837.4225, -840.6668, 0.0000, 86, 132, 70
L -837.4225, -840.6668, 0.0000, -820.8127, -827.5174, 0.0000, 86, 132, 70
L -854.0324, -827.5174, 0.0000, -820.8127, -827.5174, 0.0000, 86, 132, 70
L -851.4579, -838.5907, 0.0000, -837.4225, -851.7401, 0.0000, 86, 132, 70
L -837.4225, -851.7401, 0.0000, -823.3871, -838.5907, 0.0000, 86, 132, 70
L -851.4579, -838.5907, 0.0000, -823.3871, -838.5907, 0.0000, 86, 132, 70
L -848.8833, -849.6638, 0.0000, -837.4225, -862.8134, 0.0000, 86, 132, 70
L -837.4225, -862.8134, 0.0000, -825.9617, -849.6638, 0.0000, 86, 132, 70
L -848.8833, -849.6638, 0.0000, -825.9617, -849.6638, 0.0000, 86, 132, 70
L -846.3088, -860.7371, 0.0000, -837.4225, -873.8866, 0.0000, 86, 132, 70
L -837.4225, -873.8866, 0.0000, -828.5363, -860.7371, 0.0000, 86, 132, 70
L -846.3088, -860.7371, 0.0000, -828.5363, -860.7371, 0.0000, 86, 132, 70
L -1065.6475, 328.3701, 0.0000, -1065.6475, 315.7344, 0.0000, 62, 104, 56
L -1089.3396, 318.1036, 0.0000, -1065.6475, 299.3473, 0.0000, 86, 132, 70
L -1065.6475, 299.3473, 0.0000, -1041.9555, 318.1036, 0.0000, 86, 132, 70
L -1089.3396, 318.1036, 0.0000, -1041.9555, 318.1036, 0.0000, 86, 132, 70
L -1085.6673, 302.3089, 0.0000, -1065.6475, 283.5526, 0.0000, 86, 132, 70
L -1065.6475, 283.5526, 0.0000, -1045.6277, 302.3089, 0.0000, 86, 132, 70
L -1085.6673, 302.3089, 0.0000, -1045.6277, 302.3089, 0.0000, 86, 132, 70
L -1081.9951, 286.5141, 0.0000, -1065.6475, 267.7579, 0.0000, 86, 132, 70
L -1065.6475, 267.7579, 0.0000, -1049.3000, 286.5141, 0.0000, 86, 132, 70
L -1081.9951, 286.5141, 0.0000, -1049.3000, 286.5141, 0.0000, 86, 132, 70
L -1078.3228, 270.7194, 0.0000, -1065.6475, 251.9632, 0.0000, 86, 132, 70
L -1065.6475, 251.9632, 0.0000, -1052.9723, 270.7194, 0.0000, 86, 132, 70
L -1078.3228, 270.7194, 0.0000, -1052.9723, 270.7194, 0.0000, 86, 132, 70
L -1043.2837, 201.7397, 0.0000, -1043.2837, 191.3650, 0.0000, 62, 104, 56
L -1062.7363, 193.3102, 0.0000, -1043.2837, 177.9103, 0.0000, 86, 132, 70
L -1043.2837, 177.9103, 0.0000, -1023.8312, 193.3102, 0.0000, 86, 132, 70
L -1062.7363, 193.3102, 0.0000, -1023.8312, 193.3102, 0.0000, 86, 132, 70
L -1059.7211, 180.3419, 0.0000, -1043.2837, 164.9420, 0.0000, 86, 132, 70
L -1043.2837, 164.9420, 0.0000, -1026.8464, 180.3419, 0.0000, 86, 132, 70
L -1059.7211, 180.3419, 0.0000, -1026.8464, 180.3419, 0.0000, 86, 132, 70
L -1056.7060, 167.3735, 0.0000, -1043.2837, 151.9736, 0.0000, 86, 132, 70
L -1043.2837, 151.9736, 0.0000, -1029.8615, 167.3735, 0.0000, 86, 132, 70
L -1056.7060, 167.3735, 0.0000, -1029.8615, 167.3735, 0.0000, 86, 132, 70
L -1053.6908, 154.4052, 0.0000, -1043.2837, 139.0053, 0.0000, 86, 132, 70
L -1043.2837, 139.0053, 0.0000, -1032.8766, 154.4052, 0.0000, 86, 132, 70
L -1053.6908, 154.4052, 0.0000, -1032.8766, 154.4052, 0.0000, 86, 132, 70
L -338.5158, -602.1510, 0.0000, -341.3293, -596.8556, 0.0000, 86, 132, 70
L -341.3293, -596.8556, 0.0000, -345.7548, -592.9894, 0.0000, 86, 132, 70
L -345.7548, -592.9894, 0.0000, -346.7458, -587.1545, 0.0000, 86, 132, 70
L -346.7458, -587.1545, 0.0000, -351.3715, -583.2269, 0.0000, 86, 132, 70
L -351.3715, -583.2269, 0.0000, -358.3069, -584.1522, 0.0000, 86, 132, 70
L -358.3069, -584.1522, 0.0000, -363.7873, -582.4950, 0.0000, 86, 132, 70
L -363.7873, -582.4950, 0.0000, -370.3592, -580.5676, 0.0000, 86, 132, 70
L -370.3592, -580.5676, 0.0000, -375.1116, -584.8905, 0.0000, 86, 132, 70
L -375.1116, -584.8905, 0.0000, -378.6458, -589.0755, 0.0000, 86, 132, 70
L -378.6458, -589.0755, 0.0000, -385.0941, -591.3257, 0.0000, 86, 132, 70
L -385.0941, -591.3257, 0.0000, -387.3367, -596.5983, 0.0000, 86, 132, 70
L -387.3367, -596.5983, 0.0000, -384.6930, -602.1510, 0.0000, 86, 132, 70
L -384.6930, -602.1510, 0.0000, -385.9331, -607.3729, 0.0000, 86, 132, 70
L -385.9331, -607.3729, 0.0000, -385.7455, -613.3074, 0.0000, 86, 132, 70
L -385.7455, -613.3074, 0.0000, -379.3981, -615.8885, 0.0000, 86, 132, 70
L -379.3981, -615.8885, 0.0000, -374.4601, -618.4188, 0.0000, 86, 132, 70
L -374.4601, -618.4188, 0.0000, -370.2584, -623.4035, 0.0000, 86, 132, 70
L -370.2584, -623.4035, 0.0000, -363.7873, -623.1310, 0.0000, 86, 132, 70
L -363.7873, -623.1310, 0.0000, -358.4077, -619.8190, 0.0000, 86, 132, 70
L -358.4077, -619.8190, 0.0000, -352.0230, -620.0823, 0.0000, 86, 132, 70
L -352.0230, -620.0823, 0.0000, -345.9937, -617.8095, 0.0000, 86, 132, 70
L -345.9937, -617.8095, 0.0000, -345.1034, -611.6438, 0.0000, 86, 132, 70
L -345.1034, -611.6438, 0.0000, -342.7329, -607.1156, 0.0000, 86, 132, 70
L -342.7329, -607.1156, 0.0000, -338.5158, -602.1510, 0.0000, 86, 132, 70
L -363.7873, -583.2185, 0.0000, -363.7873, -566.8390, 0.0000, 62, 104, 56
L -975.7740, 808.8978, 0.0000, -977.8833, 812.6914, 0.0000, 86, 132, 70
L -977.8833, 812.6914, 0.0000, -977.1314, 817.4539, 0.0000, 86, 132, 70
L -977.1314, 817.4539, 0.0000, -980.1526, 821.0588, 0.0000, 86, 132, 70
L -980.1526, 821.0588, 0.0000, -985.6203, 821.6275, 0.0000, 86, 132, 70
L -985.6203, 821.6275, 0.0000, -989.2936, 824.2625, 0.0000, 86, 132, 70
L -989.2936, 824.2625, 0.0000, -993.9720, 826.6787, 0.0000, 86, 132, 70
L -993.9720, 826.6787, 0.0000, -998.5611, 823.9691, 0.0000, 86, 132, 70
L -998.5611, 823.9691, 0.0000, -1002.4130, 821.7636, 0.0000, 86, 132, 70
L -1002.4130, 821.7636, 0.0000, -1007.9701, 821.2160, 0.0000, 86, 132, 70
L -1007.9701, 821.2160, 0.0000, -1010.5446, 817.3178, 0.0000, 86, 132, 70
L -1010.5446, 817.3178, 0.0000, -1009.9714, 812.6703, 0.0000, 86, 132, 70
L -1009.9714, 812.6703, 0.0000, -1012.5273, 808.8978, 0.0000, 86, 132, 70
L -1012.5273, 808.8978, 0.0000, -1013.3843, 804.3205, 0.0000, 86, 132, 70
L -1013.3843, 804.3205, 0.0000, -1008.9607, 801.2825, 0.0000, 86, 132, 70
L -1008.9607, 801.2825, 0.0000, -1006.1411, 798.1890, 0.0000, 86, 132, 70
L -1006.1411, 798.1890, 0.0000, -1003.9970, 793.6177, 0.0000, 86, 132, 70
L -1003.9970, 793.6177, 0.0000, -998.8061, 793.0217, 0.0000, 86, 132, 70
L -998.8061, 793.0217, 0.0000, -993.9720, 794.3358, 0.0000, 86, 132, 70
L -993.9720, 794.3358, 0.0000, -989.0486, 792.7283, 0.0000, 86, 132, 70
L -989.0486, 792.7283, 0.0000, -984.0364, 793.7538, 0.0000, 86, 132, 70
L -984.0364, 793.7538, 0.0000, -981.9816, 798.3462, 0.0000, 86, 132, 70
L -981.9816, 798.3462, 0.0000, -978.7154, 801.1463, 0.0000, 86, 132, 70
L -978.7154, 801.1463, 0.0000, -974.4704, 804.2994, 0.0000, 86, 132, 70
L -974.4704, 804.2994, 0.0000, -975.7740, 808.8978, 0.0000, 86, 132, 70
L -993.9720, 823.9666, 0.0000, -993.9720, 837.0032, 0.0000, 62, 104, 56
L -636.1367, -365.3104, 0.0000, -635.3518, -360.2579, 0.0000, 86, 132, 70
L -635.3518, -360.2579, 0.0000, -635.1959, -354.3445, 0.0000, 86, 132, 70
L -635.1959, -354.3445, 0.0000, -641.2485, -351.6433, 0.0000, 86, 132, 70
L -641.2485, -351.6433, 0.0000, -646.4012, -349.4920, 0.0000, 86, 132, 70
L -646.4012, -349.4920, 0.0000, -650.4797, -344.6211, 0.0000, 86, 132, 70
L -650.4797, -344.6211, 0.0000, -656.7793, -344.4611, 0.0000, 86, 132, 70
L -656.7793, -344.4611, 0.0000, -662.0706, -347.9328, 0.0000, 86, 132, 70
L -662.0706, -347.9328, 0.0000, -668.1657, -347.9551, 0.0000, 86, 132, 70
L -668.1657, -347.9551, 0.0000, -674.3267, -349.8686, 0.0000, 86, 132, 70
L -674.3267, -349.8686, 0.0000, -675.3376, -355.8815, 0.0000, 86, 132, 70
L -675.3376, -355.8815, 0.0000, -677.1984, -360.4957, 0.0000, 86, 132, 70
L -677.1984, -360.4957, 0.0000, -681.4553, -365.3104, 0.0000, 86, 132, 70
L -681.4553, -365.3104, 0.0000, -679.1262, -370.5797, 0.0000, 86, 132, 70
L -679.1262, -370.5797, 0.0000, -674.4429, -374.2847, 0.0000, 86, 132, 70
L -633.4240, -370.8175, 0.0000, -636.1367, -365.3104, 0.0000, 86, 132, 70
L -656.7793, -346.7298, 0.0000, -656.7793, -330.6550, 0.0000, 62, 104, 56
L -1024.3226, 376.7417, 0.0000, -1024.3226, 365.7280, 0.0000, 62, 104, 56
L -1044.9734, 367.7930, 0.0000, -1024.3226, 351.4445, 0.0000, 86, 132, 70
L -1024.3226, 351.4445, 0.0000, -1003.6718, 367.7930, 0.0000, 86, 132, 70
L -1044.9734, 367.7930, 0.0000, -1003.6718, 367.7930, 0.0000, 86, 132, 70
L -1041.7725, 354.0258, 0.0000, -1024.3226, 337.6773, 0.0000, 86, 132, 70
L -1024.3226, 337.6773, 0.0000, -1006.8726, 354.0258, 0.0000, 86, 132, 70
L -1041.7725, 354.0258, 0.0000, -1006.8726, 354.0258, 0.0000, 86, 132, 70
L -1038.5717, 340.2586, 0.0000, -1024.3226, 323.9101, 0.0000, 86, 132, 70
L -1024.3226, 323.9101, 0.0000, -1010.0735, 340.2586, 0.0000, 86, 132, 70
L -1038.5717, 340.2586, 0.0000, -1010.0735, 340.2586, 0.0000, 86, 132, 70
L -1035.3708, 326.4914, 0.0000, -1024.3226, 310.1428, 0.0000, 86, 132, 70
L -1024.3226, 310.1428, 0.0000, -1013.2744, 326.4914, 0.0000, 86, 132, 70
L -1035.3708, 326.4914, 0.0000, -1013.2744, 326.4914, 0.0000, 86, 132, 70
L -853.6264, -238.5520, 0.0000, -851.9188, -231.9499, 0.0000, 86, 132, 70
L -851.9188, -231.9499, 0.0000, -858.1026, -227.4682, 0.0000, 86, 132, 70
L -858.1026, -227.4682, 0.0000, -862.6220, -223.3315, 0.0000, 86, 132, 70
L -862.6220, -223.3315, 0.0000, -865.6006, -216.7293, 0.0000, 86, 132, 70
L -865.6006, -216.7293, 0.0000, -872.8771, -215.4282, 0.0000, 86, 132, 70
L -872.8771, -215.4282, 0.0000, -879.9180, -217.6343, 0.0000, 86, 132, 70
L -879.9180, -217.6343, 0.0000, -886.9005, -215.6199, 0.0000, 86, 132, 70
L -886.9005, -215.6199, 0.0000, -894.2938, -216.6404, 0.0000, 86, 132, 70
L -894.2938, -216.6404, 0.0000, -897.3308, -223.2287, 0.0000, 86, 132, 70
L -897.3308, -223.2287, 0.0000, -901.5584, -227.5572, 0.0000, 86, 132, 70
L -901.5584, -227.5572, 0.0000, -907.8589, -231.9636, 0.0000, 86, 132, 70
L -907.8589, -231.9636, 0.0000, -906.4431, -238.5520, 0.0000, 86, 132, 70
L -906.4431, -238.5520, 0.0000, -902.9358, -243.9794, 0.0000, 86, 132, 70
L -902.9358, -243.9794, 0.0000, -903.8431, -250.7076, 0.0000, 86, 132, 70
L -903.8431, -250.7076, 0.0000, -899.9690, -256.1969, 0.0000, 86, 132, 70
L -899.9690, -256.1969, 0.0000, -892.0090, -256.9811, 0.0000, 86, 132, 70
L -892.0090, -256.9811, 0.0000, -886.5471, -260.3232, 0.0000, 86, 132, 70
L -886.5471, -260.3232, 0.0000, -879.9180, -264.1130, 0.0000, 86, 132, 70
L -879.9180, -264.1130, 0.0000, -873.2306, -260.5149, 0.0000, 86, 132, 70
L -873.2306, -260.5149, 0.0000, -867.8854, -256.8921, 0.0000, 86, 132, 70
L -867.8854, -256.8921, 0.0000, -859.9838, -256.0941, 0.0000, 86, 132, 70
L -859.9838, -256.0941, 0.0000, -855.8178, -250.7965, 0.0000, 86, 132, 70
L -855.8178, -250.7965, 0.0000, -856.8419, -243.9932, 0.0000, 86, 132, 70
L -856.8419, -243.9932, 0.0000, -853.6264, -238.5520, 0.0000, 86, 132, 70
L -879.9180, -216.8971, 0.0000, -879.9180, -198.1627, 0.0000, 62, 104, 56
L 393.9029, 756.3847, 0.0000, 391.7239, 762.6209, 0.0000, 86, 132, 70
L 391.7239, 762.6209, 0.0000, 385.9134, 766.8696, 0.0000, 86, 132, 70
L 385.9134, 766.8696, 0.0000, 384.3073, 773.1318, 0.0000, 86, 132, 70
L 384.3073, 773.1318, 0.0000, 379.7106, 778.3851, 0.0000, 86, 132, 70
L 379.7106, 778.3851, 0.0000, 371.6881, 777.4414, 0.0000, 86, 132, 70
L 371.6881, 777.4414, 0.0000, 365.2766, 778.3300, 0.0000, 86, 132, 70
L 365.2766, 778.3300, 0.0000, 357.7844, 780.9908, 0.0000, 86, 132, 70
L 357.7844, 780.9908, 0.0000, 351.9234, 776.7377, 0.0000, 86, 132, 70
L 351.9234, 776.7377, 0.0000, 348.4074, 771.2296, 0.0000, 86, 132, 70
L 348.4074, 771.2296, 0.0000, 341.3975, 768.5170, 0.0000, 86, 132, 70
L 341.3975, 768.5170, 0.0000, 337.7485, 762.8757, 0.0000, 86, 132, 70
L 337.7485, 762.8757, 0.0000, 340.9734, 756.3847, 0.0000, 86, 132, 70
L 340.9734, 756.3847, 0.0000, 340.5979, 750.5656, 0.0000, 86, 132, 70
L 340.5979, 750.5656, 0.0000, 340.0751, 743.5806, 0.0000, 86, 132, 70
L 340.0751, 743.5806, 0.0000, 346.8805, 740.1961, 0.0000, 86, 132, 70
L 346.8805, 740.1961, 0.0000, 353.2458, 738.0473, 0.0000, 86, 132, 70
L 353.2458, 738.0473, 0.0000, 357.9889, 732.4505, 0.0000, 86, 132, 70
L 357.9889, 732.4505, 0.0000, 365.2766, 731.7520, 0.0000, 86, 132, 70
L 365.2766, 731.7520, 0.0000, 371.4835, 735.9999, 0.0000, 86, 132, 70
L 371.4835, 735.9999, 0.0000, 378.3882, 736.4000, 0.0000, 86, 132, 70
L 378.3882, 736.4000, 0.0000, 385.8343, 738.2940, 0.0000, 86, 132, 70
L 385.8343, 738.2940, 0.0000, 387.2358, 745.2279, 0.0000, 86, 132, 70
L 387.2358, 745.2279, 0.0000, 388.8746, 750.8204, 0.0000, 86, 132, 70
L 388.8746, 750.8204, 0.0000, 393.9029, 756.3847, 0.0000, 86, 132, 70
L 365.2766, 778.0859, 0.0000, 365.2766, 796.8603, 0.0000, 62, 104, 56
L -970.5947, 881.8963, 0.0000, -970.5947, 872.2550, 0.0000, 62, 104, 56
L -988.6720, 874.0628, 0.0000, -970.5947, 859.7515, 0.0000, 86, 132, 70
L -970.5947, 859.7515, 0.0000, -952.5173, 874.0628, 0.0000, 86, 132, 70
L -988.6720, 874.0628, 0.0000, -952.5173, 874.0628, 0.0000, 86, 132, 70
L -985.8700, 862.0112, 0.0000, -970.5947, 847.7000, 0.0000, 86, 132, 70
L -970.5947, 847.7000, 0.0000, -955.3193, 862.0112, 0.0000, 86, 132, 70
L -985.8700, 862.0112, 0.0000, -955.3193, 862.0112, 0.0000, 86, 132, 70
L -983.0680, 849.9597, 0.0000, -970.5947, 835.6485, 0.0000, 86, 132, 70
L -970.5947, 835.6485, 0.0000, -958.1213, 849.9597, 0.0000, 86, 132, 70
L -983.0680, 849.9597, 0.0000, -958.1213, 849.9597, 0.0000, 86, 132, 70
L -980.2660, 837.9081, 0.0000, -970.5947, 823.5969, 0.0000, 86, 132, 70
L -970.5947, 823.5969, 0.0000, -960.9233, 837.9081, 0.0000, 86, 132, 70
L -980.2660, 837.9081, 0.0000, -960.9233, 837.9081, 0.0000, 86, 132, 70
L -441.3641, 785.6771, 0.0000, -445.3356, 791.1474, 0.0000, 86, 132, 70
L -445.3356, 791.1474, 0.0000, -444.6656, 797.8045, 0.0000, 86, 132, 70
L -444.6656, 797.8045, 0.0000, -448.1135, 803.6482, 0.0000, 86, 132, 70
L -448.1135, 803.6482, 0.0000, -456.2082, 804.4660, 0.0000, 86, 132, 70
L -456.2082, 804.4660, 0.0000, -461.9293, 807.3725, 0.0000, 86, 132, 70
L -461.9293, 807.3725, 0.0000, -468.5353, 811.4612, 0.0000, 86, 132, 70
L -468.5353, 811.4612, 0.0000, -475.3877, 808.1818, 0.0000, 86, 132, 70
L -475.3877, 808.1818, 0.0000, -480.6158, 804.0903, 0.0000, 86, 132, 70
L -480.6158, 804.0903, 0.0000, -488.4641, 803.2145, 0.0000, 86, 132, 70
L -488.4641, 803.2145, 0.0000, -493.1443, 798.1801, 0.0000, 86, 132, 70
L -493.1443, 798.1801, 0.0000, -491.9814, 791.2056, 0.0000, 86, 132, 70
L -491.9814, 791.2056, 0.0000, -494.7206, 785.6771, 0.0000, 86, 132, 70
L -494.7206, 785.6771, 0.0000, -496.8739, 778.9949, 0.0000, 86, 132, 70
L -496.8739, 778.9949, 0.0000, -490.8736, 774.3276, 0.0000, 86, 132, 70
L -490.8736, 774.3276, 0.0000, -485.8422, 770.4469, 0.0000, 86, 132, 70
L -485.8422, 770.4469, 0.0000, -482.8865, 763.8029, 0.0000, 86, 132, 70
L -482.8865, 763.8029, 0.0000, -475.7389, 762.0187, 0.0000, 86, 132, 70
L -475.7389, 762.0187, 0.0000, -468.5353, 764.5075, 0.0000, 86, 132, 70
L -468.5353, 764.5075, 0.0000, -461.5780, 762.8280, 0.0000, 86, 132, 70
L -461.5780, 762.8280, 0.0000, -453.9376, 763.4273, 0.0000, 86, 132, 70
L -453.9376, 763.4273, 0.0000, -450.7354, 770.0132, 0.0000, 86, 132, 70
L -450.7354, 770.0132, 0.0000, -446.9362, 774.7033, 0.0000, 86, 132, 70
L -446.9362, 774.7033, 0.0000, -440.4430, 779.0530, 0.0000, 86, 132, 70
L -440.4430, 779.0530, 0.0000, -441.3641, 785.6771, 0.0000, 86, 132, 70
L -468.5353, 807.5532, 0.0000, -468.5353, 826.4791, 0.0000, 62, 104, 56
L 506.5291, -61.8477, 0.0000, 506.5291, -73.5661, 0.0000, 62, 104, 56
L 484.5572, -71.3689, 0.0000, 506.5291, -88.7634, 0.0000, 86, 132, 70
L 506.5291, -88.7634, 0.0000, 528.5011, -71.3689, 0.0000, 86, 132, 70
L 484.5572, -71.3689, 0.0000, 528.5011, -71.3689, 0.0000, 86, 132, 70
L 487.9628, -86.0169, 0.0000, 506.5291, -103.4114, 0.0000, 86, 132, 70
L 506.5291, -103.4114, 0.0000, 525.0955, -86.0169, 0.0000, 86, 132, 70
L 487.9628, -86.0169, 0.0000, 525.0955, -86.0169, 0.0000, 86, 132, 70
L 491.3685, -100.6649, 0.0000, 506.5291, -118.0593, 0.0000, 86, 132, 70
L 506.5291, -118.0593, 0.0000, 521.6898, -100.6649, 0.0000, 86, 132, 70
L 491.3685, -100.6649, 0.0000, 521.6898, -100.6649, 0.0000, 86, 132, 70
L 494.7741, -115.3128, 0.0000, 506.5291, -132.7073, 0.0000, 86, 132, 70
L 506.5291, -132.7073, 0.0000, 518.2841, -115.3128, 0.0000, 86, 132, 70
L 494.7741, -115.3128, 0.0000, 518.2841, -115.3128, 0.0000, 86, 132, 70
L -711.2459, 362.7887, 0.0000, -711.2459, 353.3035, 0.0000, 62, 104, 56
L -729.0307, 355.0820, 0.0000, -711.2459, 341.0023, 0.0000, 86, 132, 70
L -711.2459, 341.0023, 0.0000, -693.4611, 355.0820, 0.0000, 86, 132, 70
L -729.0307, 355.0820, 0.0000, -693.4611, 355.0820, 0.0000, 86, 132, 70
L -726.2741, 343.2254, 0.0000, -711.2459, 329.1458, 0.0000, 86, 132, 70
L -711.2459, 329.1458, 0.0000, -696.2178, 343.2254, 0.0000, 86, 132, 70
L -726.2741, 343.2254, 0.0000, -696.2178, 343.2254, 0.0000, 86, 132, 70
L -723.5174, 331.3689, 0.0000, -711.2459, 317.2893, 0.0000, 86, 132, 70
L -711.2459, 317.2893, 0.0000, -698.9744, 331.3689, 0.0000, 86, 132, 70
L -723.5174, 331.3689, 0.0000, -698.9744, 331.3689, 0.0000, 86, 132, 70
L -720.7608, 319.5124, 0.0000, -711.2459, 305.4327, 0.0000, 86, 132, 70
L -711.2459, 305.4327, 0.0000, -701.7311, 319.5124, 0.0000, 86, 132, 70
L -720.7608, 319.5124, 0.0000, -701.7311, 319.5124, 0.0000, 86, 132, 70
L -1081.5702, 710.9830, 0.0000, -1079.0848, 717.5730, 0.0000, 86, 132, 70
L -1079.0848, 717.5730, 0.0000, -1084.6929, 722.3331, 0.0000, 86, 132, 70
L -1084.6929, 722.3331, 0.0000, -1090.0983, 725.8853, 0.0000, 86, 132, 70
L -1090.0983, 725.8853, 0.0000, -1093.0112, 732.3546, 0.0000, 86, 132, 70
L -1093.0112, 732.3546, 0.0000, -1099.8451, 734.5884, 0.0000, 86, 132, 70
L -1099.8451, 734.5884, 0.0000, -1107.0327, 731.9424, 0.0000, 86, 132, 70
L -1107.0327, 731.9424, 0.0000, -1113.7972, 733.1991, 0.0000, 86, 132, 70
L -1113.7972, 733.1991, 0.0000, -1121.4772, 732.9994, 0.0000, 86, 132, 70
L -1121.4772, 732.9994, 0.0000, -1124.8132, 726.6298, 0.0000, 86, 132, 70
L -1124.8132, 726.6298, 0.0000, -1128.1034, 721.6883, 0.0000, 86, 132, 70
L -1128.1034, 721.6883, 0.0000, -1134.5576, 717.4732, 0.0000, 86, 132, 70
L -1134.5576, 717.4732, 0.0000, -1134.1874, 710.9830, 0.0000, 86, 132, 70
L -1134.1874, 710.9830, 0.0000, -1129.9091, 705.5888, 0.0000, 86, 132, 70
L -1129.9091, 705.5888, 0.0000, -1130.2607, 699.1816, 0.0000, 86, 132, 70
L -1130.2607, 699.1816, 0.0000, -1127.3043, 693.1440, 0.0000, 86, 132, 70
L -1127.3043, 693.1440, 0.0000, -1119.3198, 692.2549, 0.0000, 86, 132, 70
L -1119.3198, 692.2549, 0.0000, -1113.4635, 689.8630, 0.0000, 86, 132, 70
L -1113.4635, 689.8630, 0.0000, -1107.0327, 685.6392, 0.0000, 86, 132, 70
L -1107.0327, 685.6392, 0.0000, -1100.1789, 688.4737, 0.0000, 86, 132, 70
L -1100.1789, 688.4737, 0.0000, -1095.1686, 692.8997, 0.0000, 86, 132, 70
L -1095.1686, 692.8997, 0.0000, -1087.6072, 693.8885, 0.0000, 86, 132, 70
L -1087.6072, 693.8885, 0.0000, -1082.5355, 698.5368, 0.0000, 86, 132, 70
L -1082.5355, 698.5368, 0.0000, -1083.7332, 705.4891, 0.0000, 86, 132, 70
L -1083.7332, 705.4891, 0.0000, -1081.5702, 710.9830, 0.0000, 86, 132, 70
L -1107.0327, 732.5560, 0.0000, -1107.0327, 751.2197, 0.0000, 62, 104, 56
L -878.7244, 977.3742, 0.0000, -878.7244, 968.7752, 0.0000, 62, 104, 56
L -894.8476, 970.3875, 0.0000, -878.7244, 957.6234, 0.0000, 86, 132, 70
L -878.7244, 957.6234, 0.0000, -862.6013, 970.3875, 0.0000, 86, 132, 70
L -894.8476, 970.3875, 0.0000, -862.6013, 970.3875, 0.0000, 86, 132, 70
L -892.3485, 959.6388, 0.0000, -878.7244, 946.8747, 0.0000, 86, 132, 70
L -878.7244, 946.8747, 0.0000, -865.1004, 959.6388, 0.0000, 86, 132, 70
L -892.3485, 959.6388, 0.0000, -865.1004, 959.6388, 0.0000, 86, 132, 70
L -889.8494, 948.8900, 0.0000, -878.7244, 936.1259, 0.0000, 86, 132, 70
L -878.7244, 936.1259, 0.0000, -867.5995, 948.8900, 0.0000, 86, 132, 70
L -889.8494, 948.8900, 0.0000, -867.5995, 948.8900, 0.0000, 86, 132, 70
L -887.3503, 938.1413, 0.0000, -878.7244, 925.3772, 0.0000, 86, 132, 70
L -878.7244, 925.3772, 0.0000, -870.0986, 938.1413, 0.0000, 86, 132, 70
L -887.3503, 938.1413, 0.0000, -870.0986, 938.1413, 0.0000, 86, 132, 70
L -1063.9433, -443.6097, 0.0000, -1067.7438, -438.6377, 0.0000, 86, 132, 70
L -1067.7438, -438.6377, 0.0000, -1070.8168, -434.4578, 0.0000, 86, 132, 70
L -1070.8168, -434.4578, 0.0000, -1071.5837, -428.4331, 0.0000, 86, 132, 70
L -1071.5837, -428.4331, 0.0000, -1077.0491, -425.6534, 0.0000, 86, 132, 70
L -1077.0491, -425.6534, 0.0000, -1083.5499, -426.2692, 0.0000, 86, 132, 70
L -1083.5499, -426.2692, 0.0000, -1088.8299, -423.4887, 0.0000, 86, 132, 70
L -1088.8299, -423.4887, 0.0000, -1095.2358, -422.5716, 0.0000, 86, 132, 70
L -1095.2358, -422.5716, 0.0000, -1099.4848, -427.3695, 0.0000, 86, 132, 70
L -1099.4848, -427.3695, 0.0000, -1103.8243, -430.4147, 0.0000, 86, 132, 70
L -1103.8243, -430.4147, 0.0000, -1110.2207, -432.7418, 0.0000, 86, 132, 70
L -1110.2207, -432.7418, 0.0000, -1111.0419, -438.3723, 0.0000, 86, 132, 70
L -1111.0419, -438.3723, 0.0000, -1109.2130, -443.6097, 0.0000, 86, 132, 70
L -1109.2130, -443.6097, 0.0000, -1111.4710, -448.9484, 0.0000, 86, 132, 70
L -1111.4710, -448.9484, 0.0000, -1110.0215, -454.3765, 0.0000, 86, 132, 70
L -1110.0215, -454.3765, 0.0000, -1103.5943, -456.6024, 0.0000, 86, 132, 70
L -1103.5943, -456.6024, 0.0000, -1099.6840, -460.1536, 0.0000, 86, 132, 70
L -1099.6840, -460.1536, 0.0000, -1095.2666, -464.7491, 0.0000, 86, 132, 70
L -1095.2666, -464.7491, 0.0000, -1088.8299, -463.3260, 0.0000, 86, 132, 70
L -1088.8299, -463.3260, 0.0000, -1083.5191, -461.0515, 0.0000, 86, 132, 70
L -1083.5191, -461.0515, 0.0000, -1076.8499, -461.8697, 0.0000, 86, 132, 70
L -1076.8499, -461.8697, 0.0000, -1071.8138, -458.5840, 0.0000, 86, 132, 70
L -1071.8138, -458.5840, 0.0000, -1071.0160, -452.6604, 0.0000, 86, 132, 70
L -1071.0160, -452.6604, 0.0000, -1067.3146, -448.6829, 0.0000, 86, 132, 70
L -1067.3146, -448.6829, 0.0000, -1063.9433, -443.6097, 0.0000, 86, 132, 70
L -1088.8299, -425.0492, 0.0000, -1088.8299, -408.9917, 0.0000, 62, 104, 56
L 635.4222, 654.0042, 0.0000, 631.0987, 659.1155, 0.0000, 86, 132, 70
L 631.0987, 659.1155, 0.0000, 631.0826, 665.0094, 0.0000, 86, 132, 70
L 631.0826, 665.0094, 0.0000, 628.6834, 670.9545, 0.0000, 86, 132, 70
L 628.6834, 670.9545, 0.0000, 621.1800, 671.9262, 0.0000, 86, 132, 70
L 621.1800, 671.9262, 0.0000, 615.4303, 673.7379, 0.0000, 86, 132, 70
L 615.4303, 673.7379, 0.0000, 609.4217, 677.8479, 0.0000, 86, 132, 70
L 609.4217, 677.8479, 0.0000, 602.8508, 675.5843, 0.0000, 86, 132, 70
L 602.8508, 675.5843, 0.0000, 598.2256, 671.0693, 0.0000, 86, 132, 70
L 598.2256, 671.0693, 0.0000, 591.2843, 669.9651, 0.0000, 86, 132, 70
L 591.2843, 669.9651, 0.0000, 586.0742, 665.8663, 0.0000, 86, 132, 70
L 586.0742, 665.8663, 0.0000, 587.1824, 659.2481, 0.0000, 86, 132, 70
L 587.1824, 659.2481, 0.0000, 585.6699, 654.0042, 0.0000, 86, 132, 70
L 585.6699, 654.0042, 0.0000, 583.0417, 647.7839, 0.0000, 86, 132, 70
L 583.0417, 647.7839, 0.0000, 587.9959, 643.1184, 0.0000, 86, 132, 70
L 587.9959, 643.1184, 0.0000, 593.5033, 639.9960, 0.0000, 86, 132, 70
L 593.5033, 639.9960, 0.0000, 596.3038, 634.0100, 0.0000, 86, 132, 70
L 596.3038, 634.0100, 0.0000, 602.5535, 631.4478, 0.0000, 86, 132, 70
L 602.5535, 631.4478, 0.0000, 609.4217, 634.0659, 0.0000, 86, 132, 70
L 609.4217, 634.0659, 0.0000, 615.7276, 633.2941, 0.0000, 86, 132, 70
L 615.7276, 633.2941, 0.0000, 623.1017, 633.1531, 0.0000, 86, 132, 70
L 623.1017, 633.1531, 0.0000, 626.4644, 639.0066, 0.0000, 86, 132, 70
L 626.4644, 639.0066, 0.0000, 629.1608, 643.9753, 0.0000, 86, 132, 70
L 629.1608, 643.9753, 0.0000, 635.2394, 647.9165, 0.0000, 86, 132, 70
L 635.2394, 647.9165, 0.0000, 635.4222, 654.0042, 0.0000, 86, 132, 70
L 609.4217, 674.4026, 0.0000, 609.4217, 692.0500, 0.0000, 62, 104, 56
L -808.1158, 1047.1062, 0.0000, -809.0594, 1051.0069, 0.0000, 86, 132, 70
L -809.0594, 1051.0069, 0.0000, -808.2635, 1055.9153, 0.0000, 86, 132, 70
L -808.2635, 1055.9153, 0.0000, -812.2501, 1058.8559, 0.0000, 86, 132, 70
L -812.2501, 1058.8559, 0.0000, -817.3135, 1059.7396, 0.0000, 86, 132, 70
L -817.3135, 1059.7396, 0.0000, -820.7081, 1063.1789, 0.0000, 86, 132, 70
L -820.7081, 1063.1789, 0.0000, -825.6020, 1064.7125, 0.0000, 86, 132, 70
L -825.6020, 1064.7125, 0.0000, -830.0296, 1061.6473, 0.0000, 86, 132, 70
L -830.0296, 1061.6473, 0.0000, -834.3569, 1060.4504, 0.0000, 86, 132, 70
L -834.3569, 1060.4504, 0.0000, -839.8866, 1059.6767, 0.0000, 86, 132, 70
L -839.8866, 1059.6767, 0.0000, -841.5415, 1055.2045, 0.0000, 86, 132, 70
L -841.5415, 1055.2045, 0.0000, -841.6783, 1050.8969, 0.0000, 86, 132, 70
L -841.6783, 1050.8969, 0.0000, -844.9536, 1047.1062, 0.0000, 86, 132, 70
L -844.9536, 1047.1062, 0.0000, -844.6420, 1042.6167, 0.0000, 86, 132, 70
L -844.6420, 1042.6167, 0.0000, -840.1660, 1039.7067, 0.0000, 86, 132, 70
L -840.1660, 1039.7067, 0.0000, -838.2984, 1035.9334, 0.0000, 86, 132, 70
L -838.2984, 1035.9334, 0.0000, -835.7324, 1031.6654, 0.0000, 86, 132, 70
L -835.7324, 1031.6654, 0.0000, -830.2424, 1031.8662, 0.0000, 86, 132, 70
L -830.2424, 1031.8662, 0.0000, -825.6020, 1032.2952, 0.0000, 86, 132, 70
L -825.6020, 1032.2952, 0.0000, -820.4953, 1030.3346, 0.0000, 86, 132, 70
L -820.4953, 1030.3346, 0.0000, -815.9380, 1032.3763, 0.0000, 86, 132, 70
L -815.9380, 1032.3763, 0.0000, -813.8384, 1036.7542, 0.0000, 86, 132, 70
L -813.8384, 1036.7542, 0.0000, -809.6390, 1038.9959, 0.0000, 86, 132, 70
L -809.6390, 1038.9959, 0.0000, -806.0957, 1042.5067, 0.0000, 86, 132, 70
L -806.0957, 1042.5067, 0.0000, -808.1158, 1047.1062, 0.0000, 86, 132, 70
L -825.6020, 1062.2097, 0.0000, -825.6020, 1075.2763, 0.0000, 62, 104, 56
L 620.7523, 598.5979, 0.0000, 620.7523, 587.0429, 0.0000, 62, 104, 56
L 599.0867, 589.2095, 0.0000, 620.7523, 572.0575, 0.0000, 86, 132, 70
L 620.7523, 572.0575, 0.0000, 642.4179, 589.2095, 0.0000, 86, 132, 70
L 599.0867, 589.2095, 0.0000, 642.4179, 589.2095, 0.0000, 86, 132, 70
L 602.4449, 574.7657, 0.0000, 620.7523, 557.6138, 0.0000, 86, 132, 70
L 620.7523, 557.6138, 0.0000, 639.0597, 574.7657, 0.0000, 86, 132, 70
L 602.4449, 574.7657, 0.0000, 639.0597, 574.7657, 0.0000, 86, 132, 70
L 605.8030, 560.3220, 0.0000, 620.7523, 543.1701, 0.0000, 86, 132, 70
L 620.7523, 543.1701, 0.0000, 635.7016, 560.3220, 0.0000, 86, 132, 70
L 605.8030, 560.3220, 0.0000, 635.7016, 560.3220, 0.0000, 86, 132, 70
L 609.1612, 545.8783, 0.0000, 620.7523, 528.7264, 0.0000, 86, 132, 70
L 620.7523, 528.7264, 0.0000, 632.3434, 545.8783, 0.0000, 86, 132, 70
L 609.1612, 545.8783, 0.0000, 632.3434, 545.8783, 0.0000, 86, 132, 70
L 506.4353, 751.5404, 0.0000, 508.9369, 757.0063, 0.0000, 86, 132, 70
L 508.9369, 757.0063, 0.0000, 504.9191, 761.2765, 0.0000, 86, 132, 70
L 504.9191, 761.2765, 0.0000, 499.7403, 763.8465, 0.0000, 86, 132, 70
L 499.7403, 763.8465, 0.0000, 497.1884, 768.9655, 0.0000, 86, 132, 70
L 497.1884, 768.9655, 0.0000, 491.8686, 771.6152, 0.0000, 86, 132, 70
L 491.8686, 771.6152, 0.0000, 485.7561, 769.2633, 0.0000, 86, 132, 70
L 485.7561, 769.2633, 0.0000, 480.2724, 769.5498, 0.0000, 86, 132, 70
L 480.2724, 769.5498, 0.0000, 473.6949, 769.9241, 0.0000, 86, 132, 70
L 473.6949, 769.9241, 0.0000, 470.5141, 764.9533, 0.0000, 86, 132, 70
L 470.5141, 764.9533, 0.0000, 468.4797, 760.3179, 0.0000, 86, 132, 70
L 468.4797, 760.3179, 0.0000, 463.2041, 756.8580, 0.0000, 86, 132, 70
L 463.2041, 756.8580, 0.0000, 462.5613, 751.5404, 0.0000, 86, 132, 70
L 462.5613, 751.5404, 0.0000, 466.5579, 747.0135, 0.0000, 86, 132, 70
L 466.5579, 747.0135, 0.0000, 466.9232, 741.9720, 0.0000, 86, 132, 70
L 466.9232, 741.9720, 0.0000, 468.7168, 736.5458, 0.0000, 86, 132, 70
L 468.7168, 736.5458, 0.0000, 475.2514, 735.5291, 0.0000, 86, 132, 70
L 475.2514, 735.5291, 0.0000, 480.5132, 734.3217, 0.0000, 86, 132, 70
L 480.5132, 734.3217, 0.0000, 485.7561, 730.6542, 0.0000, 86, 132, 70
L 485.7561, 730.6542, 0.0000, 491.6278, 732.2563, 0.0000, 86, 132, 70
L 491.6278, 732.2563, 0.0000, 495.6319, 736.4876, 0.0000, 86, 132, 70
L 495.6319, 736.4876, 0.0000, 501.5376, 737.6526, 0.0000, 86, 132, 70
L 501.5376, 737.6526, 0.0000, 506.4756, 741.0134, 0.0000, 86, 132, 70
L 506.4756, 741.0134, 0.0000, 505.5831, 746.8652, 0.0000, 86, 132, 70
L 505.5831, 746.8652, 0.0000, 506.4353, 751.5404, 0.0000, 86, 132, 70
L 485.7561, 769.5287, 0.0000, 485.7561, 785.0910, 0.0000, 62, 104, 56
L -949.8972, -561.1631, 0.0000, -949.7815, -555.2197, 0.0000, 86, 132, 70
L -949.7815, -555.2197, 0.0000, -955.7098, -551.3690, 0.0000, 86, 132, 70
L -955.7098, -551.3690, 0.0000, -958.5540, -546.7020, 0.0000, 86, 132, 70
L -958.5540, -546.7020, 0.0000, -961.7032, -540.9158, 0.0000, 86, 132, 70
L -961.7032, -540.9158, 0.0000, -968.8103, -540.8778, 0.0000, 86, 132, 70
L -968.8103, -540.8778, 0.0000, -974.9870, -541.8594, 0.0000, 86, 132, 70
L -974.9870, -541.8594, 0.0000, -981.6224, -539.3709, 0.0000, 86, 132, 70
L -981.6224, -539.3709, 0.0000, -987.8120, -541.6151, 0.0000, 86, 132, 70
L -987.8120, -541.6151, 0.0000, -990.5024, -547.5096, 0.0000, 86, 132, 70
L -990.5024, -547.5096, 0.0000, -995.6406, -550.6696, 0.0000, 86, 132, 70
L -995.6406, -550.6696, 0.0000, -1000.6514, -555.1115, 0.0000, 86, 132, 70
L -1000.6514, -555.1115, 0.0000, -998.2414, -561.1631, 0.0000, 86, 132, 70
L -998.2414, -561.1631, 0.0000, -996.4785, -566.2307, 0.0000, 86, 132, 70
L -996.4785, -566.2307, 0.0000, -997.5772, -572.6404, 0.0000, 86, 132, 70
L -997.5772, -572.6404, 0.0000, -992.7386, -576.7844, 0.0000, 86, 132, 70
L -992.7386, -576.7844, 0.0000, -985.8754, -577.7591, 0.0000, 86, 132, 70
L -985.8754, -577.7591, 0.0000, -981.3228, -581.9712, 0.0000, 86, 132, 70
L -981.3228, -581.9712, 0.0000, -974.9870, -584.4025, 0.0000, 86, 132, 70
L -974.9870, -584.4025, 0.0000, -969.1099, -580.4643, 0.0000, 86, 132, 70
L -969.1099, -580.4643, 0.0000, -963.6398, -578.4585, 0.0000, 86, 132, 70
L -963.6398, -578.4585, 0.0000, -956.3177, -577.5920, 0.0000, 86, 132, 70
L -956.3177, -577.5920, 0.0000, -953.7732, -571.9411, 0.0000, 86, 132, 70
L -953.7732, -571.9411, 0.0000, -953.9543, -566.1224, 0.0000, 86, 132, 70
L -953.9543, -566.1224, 0.0000, -949.8972, -561.1631, 0.0000, 86, 132, 70
L -974.9870, -541.3419, 0.0000, -974.9870, -524.1939, 0.0000, 62, 104, 56
L -1152.0436, -251.7949, 0.0000, -1152.0436, -261.1093, 0.0000, 62, 104, 56
L -1169.5081, -259.3628, 0.0000, -1152.0436, -273.1889, 0.0000, 86, 132, 70
L -1152.0436, -273.1889, 0.0000, -1134.5791, -259.3628, 0.0000, 86, 132, 70
L -1169.5081, -259.3628, 0.0000, -1134.5791, -259.3628, 0.0000, 86, 132, 70
L -1166.8011, -271.0058, 0.0000, -1152.0436, -284.8319, 0.0000, 86, 132, 70
L -1152.0436, -284.8319, 0.0000, -1137.2861, -271.0058, 0.0000, 86, 132, 70
L -1166.8011, -271.0058, 0.0000, -1137.2861, -271.0058, 0.0000, 86, 132, 70
L -1164.0941, -282.6489, 0.0000, -1152.0436, -296.4749, 0.0000, 86, 132, 70
L -1152.0436, -296.4749, 0.0000, -1139.9931, -282.6489, 0.0000, 86, 132, 70
L -1164.0941, -282.6489, 0.0000, -1139.9931, -282.6489, 0.0000, 86, 132, 70
L -1161.3871, -294.2919, 0.0000, -1152.0436, -308.1180, 0.0000, 86, 132, 70
L -1152.0436, -308.1180, 0.0000, -1142.7001, -294.2919, 0.0000, 86, 132, 70
L -1161.3871, -294.2919, 0.0000, -1142.7001, -294.2919, 0.0000, 86, 132, 70
L 470.3060, 241.1851, 0.0000, 470.3060, 228.8075, 0.0000, 62, 104, 56
L 447.0980, 231.1283, 0.0000, 470.3060, 212.7553, 0.0000, 86, 132, 70
L 470.3060, 212.7553, 0.0000, 493.5139, 231.1283, 0.0000, 86, 132, 70
L 447.0980, 231.1283, 0.0000, 493.5139, 231.1283, 0.0000, 86, 132, 70
L 450.6952, 215.6563, 0.0000, 470.3060, 197.2834, 0.0000, 86, 132, 70
L 470.3060, 197.2834, 0.0000, 489.9167, 215.6563, 0.0000, 86, 132, 70
L 450.6952, 215.6563, 0.0000, 489.9167, 215.6563, 0.0000, 86, 132, 70
L 454.2925, 200.1844, 0.0000, 470.3060, 181.8114, 0.0000, 86, 132, 70
L 470.3060, 181.8114, 0.0000, 486.3195, 200.1844, 0.0000, 86, 132, 70
L 454.2925, 200.1844, 0.0000, 486.3195, 200.1844, 0.0000, 86, 132, 70
L 457.8897, 184.7124, 0.0000, 470.3060, 166.3394, 0.0000, 86, 132, 70
L 470.3060, 166.3394, 0.0000, 482.7222, 184.7124, 0.0000, 86, 132, 70
L 457.8897, 184.7124, 0.0000, 482.7222, 184.7124, 0.0000, 86, 132, 70
L -886.4006, -690.7110, 0.0000, -886.4006, -699.5199, 0.0000, 62, 104, 56
L -902.9172, -697.8682, 0.0000, -886.4006, -710.9439, 0.0000, 86, 132, 70
L -886.4006, -710.9439, 0.0000, -869.8840, -697.8682, 0.0000, 86, 132, 70
L -902.9172, -697.8682, 0.0000, -869.8840, -697.8682, 0.0000, 86, 132, 70
L -900.3571, -708.8793, 0.0000, -886.4006, -721.9549, 0.0000, 86, 132, 70
L -886.4006, -721.9549, 0.0000, -872.4441, -708.8793, 0.0000, 86, 132, 70
L -900.3571, -708.8793, 0.0000, -872.4441, -708.8793, 0.0000, 86, 132, 70
L -897.7970, -719.8904, 0.0000, -886.4006, -732.9661, 0.0000, 86, 132, 70
L -886.4006, -732.9661, 0.0000, -875.0041, -719.8904, 0.0000, 86, 132, 70
L -897.7970, -719.8904, 0.0000, -875.0041, -719.8904, 0.0000, 86, 132, 70
L -895.2369, -730.9014, 0.0000, -886.4006, -743.9771, 0.0000, 86, 132, 70
L -886.4006, -743.9771, 0.0000, -877.5642, -730.9014, 0.0000, 86, 132, 70
L -895.2369, -730.9014, 0.0000, -877.5642, -730.9014, 0.0000, 86, 132, 70
L 335.6366, 606.7685, 0.0000, 335.6366, 595.6430, 0.0000, 62, 104, 56
L 314.7763, 597.7290, 0.0000, 335.6366, 581.2146, 0.0000, 86, 132, 70
L 335.6366, 581.2146, 0.0000, 356.4969, 597.7290, 0.0000, 86, 132, 70
L 314.7763, 597.7290, 0.0000, 356.4969, 597.7290, 0.0000, 86, 132, 70
L 318.0096, 583.8222, 0.0000, 335.6366, 567.3077, 0.0000, 86, 132, 70
L 335.6366, 567.3077, 0.0000, 353.2636, 583.8222, 0.0000, 86, 132, 70
L 318.0096, 583.8222, 0.0000, 353.2636, 583.8222, 0.0000, 86, 132, 70
L 321.2430, 569.9153, 0.0000, 335.6366, 553.4009, 0.0000, 86, 132, 70
L 335.6366, 553.4009, 0.0000, 350.0302, 569.9153, 0.0000, 86, 132, 70
L 321.2430, 569.9153, 0.0000, 350.0302, 569.9153, 0.0000, 86, 132, 70
L 324.4763, 556.0084, 0.0000, 335.6366, 539.4940, 0.0000, 86, 132, 70
L 335.6366, 539.4940, 0.0000, 346.7969, 556.0084, 0.0000, 86, 132, 70
L 324.4763, 556.0084, 0.0000, 346.7969, 556.0084, 0.0000, 86, 132, 70
L -118.7467, -401.4908, 0.0000, -118.7467, -413.1612, 0.0000, 62, 104, 56
L -140.6287, -410.9730, 0.0000, -118.7467, -428.2963, 0.0000, 86, 132, 70
L -118.7467, -428.2963, 0.0000, -96.8646, -410.9730, 0.0000, 86, 132, 70
L -140.6287, -410.9730, 0.0000, -96.8646, -410.9730, 0.0000, 86, 132, 70
L -137.2370, -425.5611, 0.0000, -118.7467, -442.8844, 0.0000, 86, 132, 70
L -118.7467, -442.8844, 0.0000, -100.2563, -425.5611, 0.0000, 86, 132, 70
L -137.2370, -425.5611, 0.0000, -100.2563, -425.5611, 0.0000, 86, 132, 70
L -133.8453, -440.1491, 0.0000, -118.7467, -457.4724, 0.0000, 86, 132, 70
L -118.7467, -457.4724, 0.0000, -103.6480, -440.1491, 0.0000, 86, 132, 70
L -133.8453, -440.1491, 0.0000, -103.6480, -440.1491, 0.0000, 86, 132, 70
L -130.4536, -454.7371, 0.0000, -118.7467, -472.0604, 0.0000, 86, 132, 70
L -118.7467, -472.0604, 0.0000, -107.0398, -454.7371, 0.0000, 86, 132, 70
L -130.4536, -454.7371, 0.0000, -107.0398, -454.7371, 0.0000, 86, 132, 70
L 442.9759, -826.4683, 0.0000, 443.8896, -821.4622, 0.0000, 86, 132, 70
L 443.8896, -821.4622, 0.0000, 439.0438, -818.1435, 0.0000, 86, 132, 70
L 439.0438, -818.1435, 0.0000, 435.9814, -814.7442, 0.0000, 86, 132, 70
L 435.9814, -814.7442, 0.0000, 433.6296, -809.7463, 0.0000, 86, 132, 70
L 433.6296, -809.7463, 0.0000, 427.9426, -809.1147, 0.0000, 86, 132, 70
L 427.9426, -809.1147, 0.0000, 422.6587, -810.5359, 0.0000, 86, 132, 70
L 422.6587, -810.5359, 0.0000, 417.2681, -808.7647, 0.0000, 86, 132, 70
L 417.2681, -808.7647, 0.0000, 411.7943, -809.9087, 0.0000, 86, 132, 70
L 411.7943, -809.9087, 0.0000, 409.5490, -814.9318, 0.0000, 86, 132, 70
L 409.5490, -814.9318, 0.0000, 405.9538, -817.9810, 0.0000, 86, 132, 70
L 405.9538, -817.9810, 0.0000, 401.3211, -821.4370, 0.0000, 86, 132, 70
L 401.3211, -821.4370, 0.0000, 402.7677, -826.4683, 0.0000, 86, 132, 70
L 402.7677, -826.4683, 0.0000, 405.0515, -830.6199, 0.0000, 86, 132, 70
L 405.0515, -830.6199, 0.0000, 404.2225, -835.8351, 0.0000, 86, 132, 70
L 404.2225, -835.8351, 0.0000, 407.5500, -839.7640, 0.0000, 86, 132, 70
L 407.5500, -839.7640, 0.0000, 413.5255, -840.3891, 0.0000, 86, 132, 70
L 413.5255, -840.3891, 0.0000, 417.5360, -843.2923, 0.0000, 86, 132, 70
L 417.5360, -843.2923, 0.0000, 422.6587, -845.9191, 0.0000, 86, 132, 70
L 422.6587, -845.9191, 0.0000, 427.6747, -842.9422, 0.0000, 86, 132, 70
L 427.6747, -842.9422, 0.0000, 431.8984, -840.5515, 0.0000, 86, 132, 70
L 431.8984, -840.5515, 0.0000, 437.9805, -839.9515, 0.0000, 86, 132, 70
L 437.9805, -839.9515, 0.0000, 440.7751, -835.6727, 0.0000, 86, 132, 70
L 440.7751, -835.6727, 0.0000, 440.1592, -830.5949, 0.0000, 86, 132, 70
L 440.1592, -830.5949, 0.0000, 442.9759, -826.4683, 0.0000, 86, 132, 70
L 422.6587, -809.9829, 0.0000, 422.6587, -795.7209, 0.0000, 62, 104, 56
L -271.4558, -603.8255, 0.0000, -273.7680, -598.6608, 0.0000, 86, 132, 70
L -273.7680, -598.6608, 0.0000, -278.3428, -595.0214, 0.0000, 86, 132, 70
L -278.3428, -595.0214, 0.0000, -279.4579, -589.5576, 0.0000, 86, 132, 70
L -279.4579, -589.5576, 0.0000, -283.6291, -585.4707, 0.0000, 86, 132, 70
L -283.6291, -585.4707, 0.0000, -290.3484, -586.3436, 0.0000, 86, 132, 70
L -290.3484, -586.3436, 0.0000, -295.6714, -585.1410, 0.0000, 86, 132, 70
L -295.6714, -585.1410, 0.0000, -301.9880, -583.0803, 0.0000, 86, 132, 70
L -301.9880, -583.0803, 0.0000, -306.7200, -586.9851, 0.0000, 86, 132, 70
L -306.7200, -586.9851, 0.0000, -309.8976, -591.3064, 0.0000, 86, 132, 70
L -309.8976, -591.3064, 0.0000, -315.9809, -593.5068, 0.0000, 86, 132, 70
L -315.9809, -593.5068, 0.0000, -318.5683, -598.4265, 0.0000, 86, 132, 70
L -318.5683, -598.4265, 0.0000, -315.9125, -603.8255, 0.0000, 86, 132, 70
L -315.9125, -603.8255, 0.0000, -316.7099, -608.7863, 0.0000, 86, 132, 70
L -316.7099, -608.7863, 0.0000, -316.8434, -614.5823, 0.0000, 86, 132, 70
L -316.8434, -614.5823, 0.0000, -310.8935, -617.2210, 0.0000, 86, 132, 70
L -310.8935, -617.2210, 0.0000, -305.8575, -619.3512, 0.0000, 86, 132, 70
L -305.8575, -619.3512, 0.0000, -301.8546, -624.1324, 0.0000, 86, 132, 70
L -301.8546, -624.1324, 0.0000, -295.6714, -624.2629, 0.0000, 86, 132, 70
L -295.6714, -624.2629, 0.0000, -290.4818, -620.8692, 0.0000, 86, 132, 70
L -290.4818, -620.8692, 0.0000, -284.4917, -620.8657, 0.0000, 86, 132, 70
L -284.4917, -620.8657, 0.0000, -278.4620, -618.9698, 0.0000, 86, 132, 70
L -278.4620, -618.9698, 0.0000, -277.4802, -613.0678, 0.0000, 86, 132, 70
L -277.4802, -613.0678, 0.0000, -275.6265, -608.5520, 0.0000, 86, 132, 70
L -275.6265, -608.5520, 0.0000, -271.4558, -603.8255, 0.0000, 86, 132, 70
L -295.6714, -585.5983, 0.0000, -295.6714, -569.8292, 0.0000, 62, 104, 56
L 494.9736, 535.3347, 0.0000, 494.9736, 526.8706, 0.0000, 62, 104, 56
L 479.1033, 528.4576, 0.0000, 494.9736, 515.8936, 0.0000, 86, 132, 70
L 494.9736, 515.8936, 0.0000, 510.8439, 528.4576, 0.0000, 86, 132, 70
L 479.1033, 528.4576, 0.0000, 510.8439, 528.4576, 0.0000, 86, 132, 70
L 481.5632, 517.8774, 0.0000, 494.9736, 505.3134, 0.0000, 86, 132, 70
L 494.9736, 505.3134, 0.0000, 508.3840, 517.8774, 0.0000, 86, 132, 70
L 481.5632, 517.8774, 0.0000, 508.3840, 517.8774, 0.0000, 86, 132, 70
L 484.0231, 507.2972, 0.0000, 494.9736, 494.7333, 0.0000, 86, 132, 70
L 494.9736, 494.7333, 0.0000, 505.9241, 507.2972, 0.0000, 86, 132, 70
L 484.0231, 507.2972, 0.0000, 505.9241, 507.2972, 0.0000, 86, 132, 70
L 486.4830, 496.7171, 0.0000, 494.9736, 484.1531, 0.0000, 86, 132, 70
L 494.9736, 484.1531, 0.0000, 503.4642, 496.7171, 0.0000, 86, 132, 70
L 486.4830, 496.7171, 0.0000, 503.4642, 496.7171, 0.0000, 86, 132, 70
L 129.1115, 647.5488, 0.0000, 129.1115, 639.3114, 0.0000, 62, 104, 56
L 113.6665, 640.8559, 0.0000, 129.1115, 628.6286, 0.0000, 86, 132, 70
L 129.1115, 628.6286, 0.0000, 144.5566, 640.8559, 0.0000, 86, 132, 70
L 113.6665, 640.8559, 0.0000, 144.5566, 640.8559, 0.0000, 86, 132, 70
L 116.0605, 630.5593, 0.0000, 129.1115, 618.3319, 0.0000, 86, 132, 70
L 129.1115, 618.3319, 0.0000, 142.1626, 630.5593, 0.0000, 86, 132, 70
L 116.0605, 630.5593, 0.0000, 142.1626, 630.5593, 0.0000, 86, 132, 70
L 118.4545, 620.2626, 0.0000, 129.1115, 608.0353, 0.0000, 86, 132, 70
L 129.1115, 608.0353, 0.0000, 139.7686, 620.2626, 0.0000, 86, 132, 70
L 118.4545, 620.2626, 0.0000, 139.7686, 620.2626, 0.0000, 86, 132, 70
L 120.8484, 609.9659, 0.0000, 129.1115, 597.7386, 0.0000, 86, 132, 70
L 129.1115, 597.7386, 0.0000, 137.3746, 609.9659, 0.0000, 86, 132, 70
L 120.8484, 609.9659, 0.0000, 137.3746, 609.9659, 0.0000, 86, 132, 70
L 631.3248, -243.5737, 0.0000, 631.6185, -239.4034, 0.0000, 86, 132, 70
L 631.6185, -239.4034, 0.0000, 631.9789, -234.4048, 0.0000, 86, 132, 70
L 631.9789, -234.4048, 0.0000, 627.0930, -231.9922, 0.0000, 86, 132, 70
L 627.0930, -231.9922, 0.0000, 622.5504, -230.4379, 0.0000, 86, 132, 70
L 622.5504, -230.4379, 0.0000, 619.1538, -226.4248, 0.0000, 86, 132, 70
L 619.1538, -226.4248, 0.0000, 613.9322, -225.9477, 0.0000, 86, 132, 70
L 613.9322, -225.9477, 0.0000, 609.4893, -228.9822, 0.0000, 86, 132, 70
L 609.4893, -228.9822, 0.0000, 604.5354, -229.2510, 0.0000, 86, 132, 70
L 604.5354, -229.2510, 0.0000, 599.2141, -230.6218, 0.0000, 86, 132, 70
L 599.2141, -230.6218, 0.0000, 598.2216, -235.5917, 0.0000, 86, 132, 70
L 598.2216, -235.5917, 0.0000, 597.0246, -239.5870, 0.0000, 86, 132, 70
L 597.0246, -239.5870, 0.0000, 593.4249, -243.5737, 0.0000, 86, 132, 70
L 593.4249, -243.5737, 0.0000, 595.0100, -248.0355, 0.0000, 86, 132, 70
L 595.0100, -248.0355, 0.0000, 599.1566, -251.0807, 0.0000, 86, 132, 70
L 599.1566, -251.0807, 0.0000, 600.2937, -255.5756, 0.0000, 86, 132, 70
L 600.2937, -255.5756, 0.0000, 603.6004, -259.3215, 0.0000, 86, 132, 70
L 603.6004, -259.3215, 0.0000, 609.3446, -258.6403, 0.0000, 86, 132, 70
L 609.3446, -258.6403, 0.0000, 613.9322, -259.2996, 0.0000, 86, 132, 70
L 613.9322, -259.2996, 0.0000, 619.2985, -261.1977, 0.0000, 86, 132, 70
L 619.2985, -261.1977, 0.0000, 623.4853, -258.1346, 0.0000, 86, 132, 70
L 623.4853, -258.1346, 0.0000, 626.0134, -254.2051, 0.0000, 86, 132, 70
L 626.0134, -254.2051, 0.0000, 631.0439, -252.2676, 0.0000, 86, 132, 70
L 631.0439, -252.2676, 0.0000, 633.6331, -248.2191, 0.0000, 86, 132, 70
L 633.6331, -248.2191, 0.0000, 631.3248, -243.5737, 0.0000, 86, 132, 70
L 613.9322, -228.0348, 0.0000, 613.9322, -214.5914, 0.0000, 62, 104, 56
L -385.6903, 906.8360, 0.0000, -383.3925, 911.5754, 0.0000, 86, 132, 70
L -383.3925, 911.5754, 0.0000, -385.4743, 915.9904, 0.0000, 86, 132, 70
L -385.4743, 915.9904, 0.0000, -390.9056, 917.9123, 0.0000, 86, 132, 70
L -390.9056, 917.9123, 0.0000, -393.8127, 921.5899, 0.0000, 86, 132, 70
L -393.8127, 921.5899, 0.0000, -397.9129, 925.1602, 0.0000, 86, 132, 70
L -397.9129, 925.1602, 0.0000, -403.4924, 923.4334, 0.0000, 86, 132, 70
L -403.4924, 923.4334, 0.0000, -408.1664, 922.1860, 0.0000, 86, 132, 70
L -408.1664, 922.1860, 0.0000, -414.0778, 922.9702, 0.0000, 86, 132, 70
L -414.0778, 922.9702, 0.0000, -417.8904, 919.5062, 0.0000, 86, 132, 70
L -417.8904, 919.5062, 0.0000, -418.7938, 914.6101, 0.0000, 86, 132, 70
L -418.7938, 914.6101, 0.0000, -422.6868, 911.3619, 0.0000, 86, 132, 70
L -422.6868, 911.3619, 0.0000, -424.9169, 906.8360, 0.0000, 86, 132, 70
L -424.9169, 906.8360, 0.0000, -421.2824, 902.6412, 0.0000, 86, 132, 70
L -421.2824, 902.6412, 0.0000, -419.4456, 898.7307, 0.0000, 86, 132, 70
L -419.4456, 898.7307, 0.0000, -418.6430, 893.5034, 0.0000, 86, 132, 70
L -418.6430, 893.5034, 0.0000, -413.4260, 891.6952, 0.0000, 86, 132, 70
L -413.4260, 891.6952, 0.0000, -408.0655, 891.8170, 0.0000, 86, 132, 70
L -408.0655, 891.8170, 0.0000, -403.4924, 888.9140, 0.0000, 86, 132, 70
L -403.4924, 888.9140, 0.0000, -398.0138, 888.8429, 0.0000, 86, 132, 70
L -398.0138, 888.8429, 0.0000, -394.4645, 893.0755, 0.0000, 86, 132, 70
L -394.4645, 893.0755, 0.0000, -390.1530, 895.0973, 0.0000, 86, 132, 70
L -390.1530, 895.0973, 0.0000, -384.8226, 897.3504, 0.0000, 86, 132, 70
L -384.8226, 897.3504, 0.0000, -384.7969, 902.4276, 0.0000, 86, 132, 70
L -384.7969, 902.4276, 0.0000, -385.6903, 906.8360, 0.0000, 86, 132, 70
L -403.4924, 922.9189, 0.0000, -403.4924, 936.8328, 0.0000, 62, 104, 56
L 554.8139, 594.2239, 0.0000, 556.6591, 600.0169, 0.0000, 86, 132, 70
L 556.6591, 600.0169, 0.0000, 551.4418, 604.0553, 0.0000, 86, 132, 70
L 551.4418, 604.0553, 0.0000, 547.1045, 607.4355, 0.0000, 86, 132, 70
L 547.1045, 607.4355, 0.0000, 544.5403, 613.1987, 0.0000, 86, 132, 70
L 544.5403, 613.1987, 0.0000, 538.3321, 614.7198, 0.0000, 86, 132, 70
L 538.3321, 614.7198, 0.0000, 532.0913, 612.5745, 0.0000, 86, 132, 70
L 532.0913, 612.5745, 0.0000, 526.0542, 614.0511, 0.0000, 86, 132, 70
L 526.0542, 614.0511, 0.0000, 519.4388, 613.5090, 0.0000, 86, 132, 70
L 519.4388, 613.5090, 0.0000, 516.6710, 607.7938, 0.0000, 86, 132, 70
L 516.6710, 607.7938, 0.0000, 513.3517, 603.7449, 0.0000, 86, 132, 70
L 513.3517, 603.7449, 0.0000, 507.7272, 599.9689, 0.0000, 86, 132, 70
L 507.7272, 599.9689, 0.0000, 508.5544, 594.2239, 0.0000, 86, 132, 70
L 508.5544, 594.2239, 0.0000, 511.9759, 589.4808, 0.0000, 86, 132, 70
L 511.9759, 589.4808, 0.0000, 511.3799, 583.7011, 0.0000, 86, 132, 70
L 511.3799, 583.7011, 0.0000, 514.3941, 578.6504, 0.0000, 86, 132, 70
L 514.3941, 578.6504, 0.0000, 521.4106, 577.9443, 0.0000, 86, 132, 70
L 521.4106, 577.9443, 0.0000, 526.3593, 575.3985, 0.0000, 86, 132, 70
L 526.3593, 575.3985, 0.0000, 532.0913, 571.8661, 0.0000, 86, 132, 70
L 532.0913, 571.8661, 0.0000, 538.0270, 574.7299, 0.0000, 86, 132, 70
L 538.0270, 574.7299, 0.0000, 542.5685, 578.2546, 0.0000, 86, 132, 70
L 542.5685, 578.2546, 0.0000, 549.3814, 579.0087, 0.0000, 86, 132, 70
L 549.3814, 579.0087, 0.0000, 553.4136, 583.3908, 0.0000, 86, 132, 70
L 553.4136, 583.3908, 0.0000, 552.4104, 589.4328, 0.0000, 86, 132, 70
L 552.4104, 589.4328, 0.0000, 554.8139, 594.2239, 0.0000, 86, 132, 70
L 532.0913, 613.1903, 0.0000, 532.0913, 629.5988, 0.0000, 62, 104, 56
L -570.3806, 656.4598, 0.0000, -570.3806, 645.9115, 0.0000, 62, 104, 56
L -590.1586, 647.8893, 0.0000, -570.3806, 632.2317, 0.0000, 86, 132, 70
L -570.3806, 632.2317, 0.0000, -550.6025, 647.8893, 0.0000, 86, 132, 70
L -590.1586, 647.8893, 0.0000, -550.6025, 647.8893, 0.0000, 86, 132, 70
L -587.0930, 634.7039, 0.0000, -570.3806, 619.0463, 0.0000, 86, 132, 70
L -570.3806, 619.0463, 0.0000, -553.6681, 634.7039, 0.0000, 86, 132, 70
L -587.0930, 634.7039, 0.0000, -553.6681, 634.7039, 0.0000, 86, 132, 70
L -584.0274, 621.5186, 0.0000, -570.3806, 605.8610, 0.0000, 86, 132, 70
L -570.3806, 605.8610, 0.0000, -556.7337, 621.5186, 0.0000, 86, 132, 70
L -584.0274, 621.5186, 0.0000, -556.7337, 621.5186, 0.0000, 86, 132, 70
L -580.9618, 608.3332, 0.0000, -570.3806, 592.6756, 0.0000, 86, 132, 70
L -570.3806, 592.6756, 0.0000, -559.7993, 608.3332, 0.0000, 86, 132, 70
L -580.9618, 608.3332, 0.0000, -559.7993, 608.3332, 0.0000, 86, 132, 70
L -1074.3505, -503.4686, 0.0000, -1077.6551, -499.4572, 0.0000, 86, 132, 70
L -1077.6551, -499.4572, 0.0000, -1079.7709, -495.9002, 0.0000, 86, 132, 70
L -1079.7709, -495.9002, 0.0000, -1080.4414, -490.9499, 0.0000, 86, 132, 70
L -1080.4414, -490.9499, 0.0000, -1085.1574, -488.9737, 0.0000, 86, 132, 70
L -1085.1574, -488.9737, 0.0000, -1090.3525, -489.2981, 0.0000, 86, 132, 70
L -1090.3525, -489.2981, 0.0000, -1094.6672, -486.7615, 0.0000, 86, 132, 70
L -1094.6672, -486.7615, 0.0000, -1099.8788, -486.3527, 0.0000, 86, 132, 70
L -1099.8788, -486.3527, 0.0000, -1103.2801, -490.3407, 0.0000, 86, 132, 70
L -1103.2801, -490.3407, 0.0000, -1107.0992, -492.5284, 0.0000, 86, 132, 70
L -1107.0992, -492.5284, 0.0000, -1112.2540, -494.5332, 0.0000, 86, 132, 70
L -1112.2540, -494.5332, 0.0000, -1112.5762, -499.2457, 0.0000, 86, 132, 70
L -1112.5762, -499.2457, 0.0000, -1111.3965, -503.4686, 0.0000, 86, 132, 70
L -1027.3632, -523.4833, 0.0000, -1029.1995, -527.4632, 0.0000, 86, 132, 70
L -1029.1995, -527.4632, 0.0000, -1027.7742, -531.3347, 0.0000, 86, 132, 70
L -1027.7742, -531.3347, 0.0000, -1023.0836, -532.9546, 0.0000, 86, 132, 70
L -1023.0836, -532.9546, 0.0000, -1020.4252, -535.8360, 0.0000, 86, 132, 70
L -1020.4252, -535.8360, 0.0000, -1017.0625, -539.0561, 0.0000, 86, 132, 70
L -1017.0625, -539.0561, 0.0000, -1012.3208, -537.7741, 0.0000, 86, 132, 70
L -1012.3208, -537.7741, 0.0000, -1008.3854, -536.4077, 0.0000, 86, 132, 70
L -1008.3854, -536.4077, 0.0000, -1003.4100, -537.0652, 0.0000, 86, 132, 70
L -1003.4100, -537.0652, 0.0000, -999.9452, -534.3738, 0.0000, 86, 132, 70
L -999.9452, -534.3738, 0.0000, -999.2865, -530.1056, 0.0000, 86, 132, 70
L -999.2865, -530.1056, 0.0000, -996.2485, -527.2730, 0.0000, 86, 132, 70
L -996.2485, -527.2730, 0.0000, -994.0528, -523.4833, 0.0000, 86, 132, 70
L -1094.6672, -488.2797, 0.0000, -1094.6672, -475.1392, 0.0000, 62, 104, 56
L -1063.1020, -648.5143, 0.0000, -1065.8630, -645.0163, 0.0000, 86, 132, 70
L -1065.8630, -645.0163, 0.0000, -1065.6212, -640.8544, 0.0000, 86, 132, 70
L -1065.6212, -640.8544, 0.0000, -1067.5561, -636.9497, 0.0000, 86, 132, 70
L -1067.5561, -636.9497, 0.0000, -1072.7351, -636.3775, 0.0000, 86, 132, 70
L -1072.7351, -636.3775, 0.0000, -1076.5240, -634.8070, 0.0000, 86, 132, 70
L -1076.5240, -634.8070, 0.0000, -1080.6978, -632.0743, 0.0000, 86, 132, 70
L -1080.6978, -632.0743, 0.0000, -1085.1386, -633.9295, 0.0000, 86, 132, 70
L -1085.1386, -633.9295, 0.0000, -1088.3932, -636.7847, 0.0000, 86, 132, 70
L -1088.3932, -636.7847, 0.0000, -1093.3050, -637.4199, 0.0000, 86, 132, 70
L -1093.3050, -637.4199, 0.0000, -1096.5758, -640.4472, 0.0000, 86, 132, 70
L -1096.5758, -640.4472, 0.0000, -1095.7996, -644.9533, 0.0000, 86, 132, 70
L -1095.7996, -644.9533, 0.0000, -1097.2248, -648.5143, 0.0000, 86, 132, 70
L -1097.2248, -648.5143, 0.0000, -1098.8232, -652.7882, 0.0000, 86, 132, 70
L -1098.8232, -652.7882, 0.0000, -1095.1726, -655.8684, 0.0000, 86, 132, 70
L -1095.1726, -655.8684, 0.0000, -1091.6847, -658.1828, 0.0000, 86, 132, 70
L -1091.6847, -658.1828, 0.0000, -1089.7965, -662.3826, 0.0000, 86, 132, 70
L -1089.7965, -662.3826, 0.0000, -1085.3557, -663.8120, 0.0000, 86, 132, 70
L -1085.3557, -663.8120, 0.0000, -1080.6978, -662.1025, 0.0000, 86, 132, 70
L -1080.6978, -662.1025, 0.0000, -1076.3070, -662.9345, 0.0000, 86, 132, 70
L -1076.3070, -662.9345, 0.0000, -1071.3318, -662.7898, 0.0000, 86, 132, 70
L -1071.3318, -662.7898, 0.0000, -1069.1764, -658.6530, 0.0000, 86, 132, 70
L -1069.1764, -658.6530, 0.0000, -1067.0245, -655.4612, 0.0000, 86, 132, 70
L -1067.0245, -655.4612, 0.0000, -1062.8395, -652.7251, 0.0000, 86, 132, 70
L -1062.8395, -652.7251, 0.0000, -1063.1020, -648.5143, 0.0000, 86, 132, 70
L -1080.6978, -634.5239, 0.0000, -1080.6978, -622.4203, 0.0000, 62, 104, 56
L 401.6164, -227.3509, 0.0000, 401.6164, -235.4304, 0.0000, 62, 104, 56
L 386.4675, -233.9155, 0.0000, 401.6164, -245.9084, 0.0000, 86, 132, 70
L 401.6164, -245.9084, 0.0000, 416.7653, -233.9155, 0.0000, 86, 132, 70
L 386.4675, -233.9155, 0.0000, 416.7653, -233.9155, 0.0000, 86, 132, 70
L 388.8156, -244.0148, 0.0000, 401.6164, -256.0077, 0.0000, 86, 132, 70
L 401.6164, -256.0077, 0.0000, 414.4173, -244.0148, 0.0000, 86, 132, 70
L 388.8156, -244.0148, 0.0000, 414.4173, -244.0148, 0.0000, 86, 132, 70
L 391.1637, -254.1140, 0.0000, 401.6164, -266.1069, 0.0000, 86, 132, 70
L 401.6164, -266.1069, 0.0000, 412.0692, -254.1140, 0.0000, 86, 132, 70
L 391.1637, -254.1140, 0.0000, 412.0692, -254.1140, 0.0000, 86, 132, 70
L 393.5117, -264.2133, 0.0000, 401.6164, -276.2062, 0.0000, 86, 132, 70
L 401.6164, -276.2062, 0.0000, 409.7211, -264.2133, 0.0000, 86, 132, 70
L 393.5117, -264.2133, 0.0000, 409.7211, -264.2133, 0.0000, 86, 132, 70
L -1141.4486, -380.7901, 0.0000, -1138.7810, -374.5222, 0.0000, 86, 132, 70
L -1138.7810, -374.5222, 0.0000, -1140.5146, -368.1655, 0.0000, 86, 132, 70
L -1140.5146, -368.1655, 0.0000, -1148.0530, -365.5573, 0.0000, 86, 132, 70
L -1148.0530, -365.5573, 0.0000, -1152.6190, -361.3658, 0.0000, 86, 132, 70
L -1152.6190, -361.3658, 0.0000, -1157.8109, -355.9880, 0.0000, 86, 132, 70
L -1157.8109, -355.9880, 0.0000, -1165.3629, -357.6811, 0.0000, 86, 132, 70
L -1165.3629, -357.6811, 0.0000, -1171.5952, -360.3217, 0.0000, 86, 132, 70
L -1171.5952, -360.3217, 0.0000, -1179.4263, -359.3546, 0.0000, 86, 132, 70
L -1179.4263, -359.3546, 0.0000, -1185.3119, -363.2349, 0.0000, 86, 132, 70
L -1185.3119, -363.2349, 0.0000, -1186.2524, -370.1767, 0.0000, 86, 132, 70
L -1186.2524, -370.1767, 0.0000, -1190.6252, -374.8333, 0.0000, 86, 132, 70
L -1190.6252, -374.8333, 0.0000, -1194.5553, -380.7901, 0.0000, 86, 132, 70
L -1194.5553, -380.7901, 0.0000, -1190.0781, -386.6178, 0.0000, 86, 132, 70
L -1190.0781, -386.6178, 0.0000, -1186.5064, -391.5324, 0.0000, 86, 132, 70
L -1186.5064, -391.5324, 0.0000, -1185.6051, -398.6032, 0.0000, 86, 132, 70
L -1185.6051, -398.6032, 0.0000, -1179.1723, -401.8385, 0.0000, 86, 132, 70
L -1179.1723, -401.8385, 0.0000, -1171.5560, -401.1294, 0.0000, 86, 132, 70
L -1171.5560, -401.1294, 0.0000, -1165.3629, -404.4150, 0.0000, 86, 132, 70
L -1165.3629, -404.4150, 0.0000, -1157.8502, -405.4631, 0.0000, 86, 132, 70
L -1157.8502, -405.4631, 0.0000, -1152.8729, -399.8273, 0.0000, 86, 132, 70
L -1152.8729, -399.8273, 0.0000, -1147.7598, -396.2808, 0.0000, 86, 132, 70
L -1147.7598, -396.2808, 0.0000, -1140.2607, -393.5437, 0.0000, 86, 132, 70
L -1140.2607, -393.5437, 0.0000, -1139.3281, -386.9289, 0.0000, 86, 132, 70
L -1139.3281, -386.9289, 0.0000, -1141.4486, -380.7901, 0.0000, 86, 132, 70
L -1165.3629, -359.0163, 0.0000, -1165.3629, -340.1791, 0.0000, 62, 104, 56
L -402.8242, 169.7781, 0.0000, -402.8242, 157.8857, 0.0000, 62, 104, 56
L -425.1223, 160.1156, 0.0000, -402.8242, 142.4629, 0.0000, 86, 132, 70
L -402.8242, 142.4629, 0.0000, -380.5261, 160.1156, 0.0000, 86, 132, 70
L -425.1223, 160.1156, 0.0000, -380.5261, 160.1156, 0.0000, 86, 132, 70
L -421.6661, 145.2501, 0.0000, -402.8242, 127.5975, 0.0000, 86, 132, 70
L -402.8242, 127.5975, 0.0000, -383.9823, 145.2501, 0.0000, 86, 132, 70
L -421.6661, 145.2501, 0.0000, -383.9823, 145.2501, 0.0000, 86, 132, 70
L -418.2099, 130.3847, 0.0000, -402.8242, 112.7321, 0.0000, 86, 132, 70
L -402.8242, 112.7321, 0.0000, -387.4385, 130.3847, 0.0000, 86, 132, 70
L -418.2099, 130.3847, 0.0000, -387.4385, 130.3847, 0.0000, 86, 132, 70
L -414.7537, 115.5193, 0.0000, -402.8242, 97.8667, 0.0000, 86, 132, 70
L -402.8242, 97.8667, 0.0000, -390.8947, 115.5193, 0.0000, 86, 132, 70
L -414.7537, 115.5193, 0.0000, -390.8947, 115.5193, 0.0000, 86, 132, 70
L 623.7210, 366.3707, 0.0000, 623.7210, 357.3842, 0.0000, 62, 104, 56
L 606.8713, 359.0692, 0.0000, 623.7210, 345.7298, 0.0000, 86, 132, 70
L 623.7210, 345.7298, 0.0000, 640.5707, 359.0692, 0.0000, 86, 132, 70
L 606.8713, 359.0692, 0.0000, 640.5707, 359.0692, 0.0000, 86, 132, 70
L 609.4830, 347.8361, 0.0000, 623.7210, 334.4967, 0.0000, 86, 132, 70
L 623.7210, 334.4967, 0.0000, 637.9590, 347.8361, 0.0000, 86, 132, 70
L 609.4830, 347.8361, 0.0000, 637.9590, 347.8361, 0.0000, 86, 132, 70
L 612.0947, 336.6029, 0.0000, 623.7210, 323.2636, 0.0000, 86, 132, 70
L 623.7210, 323.2636, 0.0000, 635.3473, 336.6029, 0.0000, 86, 132, 70
L 612.0947, 336.6029, 0.0000, 635.3473, 336.6029, 0.0000, 86, 132, 70
L 614.7064, 325.3698, 0.0000, 623.7210, 312.0304, 0.0000, 86, 132, 70
L 623.7210, 312.0304, 0.0000, 632.7356, 325.3698, 0.0000, 86, 132, 70
L 614.7064, 325.3698, 0.0000, 632.7356, 325.3698, 0.0000, 86, 132, 70
L 431.6880, 282.1805, 0.0000, 431.6880, 273.6185, 0.0000, 62, 104, 56
L 415.6343, 275.2239, 0.0000, 431.6880, 262.5147, 0.0000, 86, 132, 70
L 431.6880, 262.5147, 0.0000, 447.7417, 275.2239, 0.0000, 86, 132, 70
L 415.6343, 275.2239, 0.0000, 447.7417, 275.2239, 0.0000, 86, 132, 70
L 418.1226, 264.5214, 0.0000, 431.6880, 251.8123, 0.0000, 86, 132, 70
L 431.6880, 251.8123, 0.0000, 445.2533, 264.5214, 0.0000, 86, 132, 70
L 418.1226, 264.5214, 0.0000, 445.2533, 264.5214, 0.0000, 86, 132, 70
L 420.6109, 253.8190, 0.0000, 431.6880, 241.1098, 0.0000, 86, 132, 70
L 431.6880, 241.1098, 0.0000, 442.7650, 253.8190, 0.0000, 86, 132, 70
L 420.6109, 253.8190, 0.0000, 442.7650, 253.8190, 0.0000, 86, 132, 70
L 423.0993, 243.1165, 0.0000, 431.6880, 230.4073, 0.0000, 86, 132, 70
L 431.6880, 230.4073, 0.0000, 440.2767, 243.1165, 0.0000, 86, 132, 70
L 423.0993, 243.1165, 0.0000, 440.2767, 243.1165, 0.0000, 86, 132, 70
L -1088.1409, 889.0037, 0.0000, -1088.1409, 877.8582, 0.0000, 62, 104, 56
L -1109.0387, 879.9480, 0.0000, -1088.1409, 863.4038, 0.0000, 86, 132, 70
L -1088.1409, 863.4038, 0.0000, -1067.2430, 879.9480, 0.0000, 86, 132, 70
L -1109.0387, 879.9480, 0.0000, -1067.2430, 879.9480, 0.0000, 86, 132, 70
L -1105.7996, 866.0160, 0.0000, -1088.1409, 849.4719, 0.0000, 86, 132, 70
L -1088.1409, 849.4719, 0.0000, -1070.4822, 866.0160, 0.0000, 86, 132, 70
L -1105.7996, 866.0160, 0.0000, -1070.4822, 866.0160, 0.0000, 86, 132, 70
L -1102.5604, 852.0841, 0.0000, -1088.1409, 835.5400, 0.0000, 86, 132, 70
L -1088.1409, 835.5400, 0.0000, -1073.7213, 852.0841, 0.0000, 86, 132, 70
L -1102.5604, 852.0841, 0.0000, -1073.7213, 852.0841, 0.0000, 86, 132, 70
L -1099.3212, 838.1522, 0.0000, -1088.1409, 821.6081, 0.0000, 86, 132, 70
L -1088.1409, 821.6081, 0.0000, -1076.9605, 838.1522, 0.0000, 86, 132, 70
L -1099.3212, 838.1522, 0.0000, -1076.9605, 838.1522, 0.0000, 86, 132, 70
L -266.8685, 654.4356, 0.0000, -268.2564, 658.5020, 0.0000, 86, 132, 70
L -268.2564, 658.5020, 0.0000, -267.3763, 663.6445, 0.0000, 86, 132, 70
L -267.3763, 663.6445, 0.0000, -271.2769, 666.9533, 0.0000, 86, 132, 70
L -271.2769, 666.9533, 0.0000, -276.7708, 667.7431, 0.0000, 86, 132, 70
L -276.7708, 667.7431, 0.0000, -280.4161, 671.1372, 0.0000, 86, 132, 70
L -280.4161, 671.1372, 0.0000, -285.5015, 673.0666, 0.0000, 86, 132, 70
L -285.5015, 673.0666, 0.0000, -290.2111, 669.9027, 0.0000, 86, 132, 70
L -290.2111, 669.9027, 0.0000, -294.6082, 668.3160, 0.0000, 86, 132, 70
L -294.6082, 668.3160, 0.0000, -300.4779, 667.6149, 0.0000, 86, 132, 70
L -300.4779, 667.6149, 0.0000, -302.4991, 663.0716, 0.0000, 86, 132, 70
L -302.4991, 663.0716, 0.0000, -302.3708, 658.4133, 0.0000, 86, 132, 70
L -302.3708, 658.4133, 0.0000, -305.6381, 654.4356, 0.0000, 86, 132, 70
L -305.6381, 654.4356, 0.0000, -305.7050, 649.6718, 0.0000, 86, 132, 70
L -305.7050, 649.6718, 0.0000, -300.9517, 646.5859, 0.0000, 86, 132, 70
L -300.9517, 646.5859, 0.0000, -298.6912, 642.8288, 0.0000, 86, 132, 70
L -298.6912, 642.8288, 0.0000, -296.1556, 638.1967, 0.0000, 86, 132, 70
L -296.1556, 638.1967, 0.0000, -290.4504, 638.1824, 0.0000, 86, 132, 70
L -290.4504, 638.1824, 0.0000, -285.5015, 638.9494, 0.0000, 86, 132, 70
L -285.5015, 638.9494, 0.0000, -280.1767, 636.9479, 0.0000, 86, 132, 70
L -280.1767, 636.9479, 0.0000, -275.2234, 638.7696, 0.0000, 86, 132, 70
L -275.2234, 638.7696, 0.0000, -273.0637, 643.4903, 0.0000, 86, 132, 70
L -273.0637, 643.4903, 0.0000, -268.9237, 646.0130, 0.0000, 86, 132, 70
L -268.9237, 646.0130, 0.0000, -264.9222, 649.5831, 0.0000, 86, 132, 70
L -264.9222, 649.5831, 0.0000, -266.8685, 654.4356, 0.0000, 86, 132, 70
L -285.5015, 670.3312, 0.0000, -285.5015, 684.0830, 0.0000, 62, 104, 56
L -908.6544, 968.3316, 0.0000, -906.9541, 973.6801, 0.0000, 86, 132, 70
L -906.9541, 973.6801, 0.0000, -907.5870, 979.5344, 0.0000, 86, 132, 70
L -907.5870, 979.5344, 0.0000, -914.1253, 981.9817, 0.0000, 86, 132, 70
L -914.1253, 981.9817, 0.0000, -918.7454, 984.9323, 0.0000, 86, 132, 70
L -918.7454, 984.9323, 0.0000, -923.0662, 989.9107, 0.0000, 86, 132, 70
L -923.0662, 989.9107, 0.0000, -929.6367, 989.1655, 0.0000, 86, 132, 70
L -929.6367, 989.1655, 0.0000, -935.0608, 986.1454, 0.0000, 86, 132, 70
L -935.0608, 986.1454, 0.0000, -941.6745, 986.6797, 0.0000, 86, 132, 70
L -941.6745, 986.6797, 0.0000, -947.4411, 983.9995, 0.0000, 86, 132, 70
L -947.4411, 983.9995, 0.0000, -948.2470, 977.7869, 0.0000, 86, 132, 70
L -948.2470, 977.7869, 0.0000, -951.1728, 973.4097, 0.0000, 86, 132, 70
L -951.1728, 973.4097, 0.0000, -955.2049, 968.3316, 0.0000, 86, 132, 70
L -955.2049, 968.3316, 0.0000, -951.9185, 963.0777, 0.0000, 86, 132, 70
L -951.9185, 963.0777, 0.0000, -947.9009, 959.0522, 0.0000, 86, 132, 70
L -947.9009, 959.0522, 0.0000, -947.0415, 953.0154, 0.0000, 86, 132, 70
L -947.0415, 953.0154, 0.0000, -942.0206, 949.4560, 0.0000, 86, 132, 70
L -942.0206, 949.4560, 0.0000, -935.1143, 950.3420, 0.0000, 86, 132, 70
L -935.1143, 950.3420, 0.0000, -929.6367, 948.2011, 0.0000, 86, 132, 70
L -929.6367, 948.2011, 0.0000, -923.0126, 946.5768, 0.0000, 86, 132, 70
L -923.0126, 946.5768, 0.0000, -918.3993, 951.2035, 0.0000, 86, 132, 70
L -918.3993, 951.2035, 0.0000, -914.5249, 955.0332, 0.0000, 86, 132, 70
L -914.5249, 955.0332, 0.0000, -907.9331, 957.3047, 0.0000, 86, 132, 70
L -907.9331, 957.3047, 0.0000, -906.2085, 962.8074, 0.0000, 86, 132, 70
L -906.2085, 962.8074, 0.0000, -908.6544, 968.3316, 0.0000, 86, 132, 70
L -929.6367, 987.4173, 0.0000, -929.6367, 1003.9291, 0.0000, 62, 104, 56
L -773.1531, 401.1913, 0.0000, -773.1531, 390.3568, 0.0000, 62, 104, 56
L -793.4678, 392.3883, 0.0000, -773.1531, 376.3058, 0.0000, 86, 132, 70
L -773.1531, 376.3058, 0.0000, -752.8385, 392.3883, 0.0000, 86, 132, 70
L -793.4678, 392.3883, 0.0000, -752.8385, 392.3883, 0.0000, 86, 132, 70
L -790.3190, 378.8452, 0.0000, -773.1531, 362.7627, 0.0000, 86, 132, 70
L -773.1531, 362.7627, 0.0000, -755.9872, 378.8452, 0.0000, 86, 132, 70
L -790.3190, 378.8452, 0.0000, -755.9872, 378.8452, 0.0000, 86, 132, 70
L -787.1702, 365.3021, 0.0000, -773.1531, 349.2196, 0.0000, 86, 132, 70
L -773.1531, 349.2196, 0.0000, -759.1360, 365.3021, 0.0000, 86, 132, 70
L -787.1702, 365.3021, 0.0000, -759.1360, 365.3021, 0.0000, 86, 132, 70
L -784.0215, 351.7590, 0.0000, -773.1531, 335.6765, 0.0000, 86, 132, 70
L -773.1531, 335.6765, 0.0000, -762.2848, 351.7590, 0.0000, 86, 132, 70
L -784.0215, 351.7590, 0.0000, -762.2848, 351.7590, 0.0000, 86, 132, 70
L 54.1737, 77.3252, 0.0000, 54.1737, 69.1519, 0.0000, 62, 104, 56
L 38.8488, 70.6844, 0.0000, 54.1737, 58.5522, 0.0000, 86, 132, 70
L 54.1737, 58.5522, 0.0000, 69.4987, 70.6844, 0.0000, 86, 132, 70
L 38.8488, 70.6844, 0.0000, 69.4987, 70.6844, 0.0000, 86, 132, 70
L 41.2242, 60.4678, 0.0000, 54.1737, 48.3356, 0.0000, 86, 132, 70
L 54.1737, 48.3356, 0.0000, 67.1233, 60.4678, 0.0000, 86, 132, 70
L 41.2242, 60.4678, 0.0000, 67.1233, 60.4678, 0.0000, 86, 132, 70
L 43.5995, 50.2512, 0.0000, 54.1737, 38.1190, 0.0000, 86, 132, 70
L 54.1737, 38.1190, 0.0000, 64.7479, 50.2512, 0.0000, 86, 132, 70
L 43.5995, 50.2512, 0.0000, 64.7479, 50.2512, 0.0000, 86, 132, 70
L 45.9749, 40.0346, 0.0000, 54.1737, 27.9024, 0.0000, 86, 132, 70
L 54.1737, 27.9024, 0.0000, 62.3726, 40.0346, 0.0000, 86, 132, 70
L 45.9749, 40.0346, 0.0000, 62.3726, 40.0346, 0.0000, 86, 132, 70
L 562.7158, -31.1149, 0.0000, 559.4005, -24.9997, 0.0000, 86, 132, 70
L 559.4005, -24.9997, 0.0000, 554.3347, -20.5123, 0.0000, 86, 132, 70
L 554.3347, -20.5123, 0.0000, 553.2101, -13.7403, 0.0000, 86, 132, 70
L 553.2101, -13.7403, 0.0000, 547.8133, -9.2469, 0.0000, 86, 132, 70
L 547.8133, -9.2469, 0.0000, 539.7993, -10.3156, 0.0000, 86, 132, 70
L 539.7993, -10.3156, 0.0000, 533.4662, -8.3369, 0.0000, 86, 132, 70
L 533.4662, -8.3369, 0.0000, 525.8629, -6.1442, 0.0000, 86, 132, 70
L 525.8629, -6.1442, 0.0000, 520.3892, -11.1828, 0.0000, 86, 132, 70
L 520.3892, -11.1828, 0.0000, 516.2625, -15.9757, 0.0000, 86, 132, 70
L 516.2625, -15.9757, 0.0000, 508.7873, -18.5763, 0.0000, 86, 132, 70
L 508.7873, -18.5763, 0.0000, 506.2618, -24.7002, 0.0000, 86, 132, 70
L 506.2618, -24.7002, 0.0000, 509.2970, -31.1149, 0.0000, 86, 132, 70
L 509.2970, -31.1149, 0.0000, 507.8018, -37.1664, 0.0000, 86, 132, 70
L 507.8018, -37.1664, 0.0000, 508.0726, -44.0165, 0.0000, 86, 132, 70
L 508.0726, -44.0165, 0.0000, 515.4372, -46.9803, 0.0000, 86, 132, 70
L 515.4372, -46.9803, 0.0000, 521.1039, -49.9575, 0.0000, 86, 132, 70
L 521.1039, -49.9575, 0.0000, 525.9735, -55.7224, 0.0000, 86, 132, 70
L 525.9735, -55.7224, 0.0000, 533.4662, -55.3454, 0.0000, 86, 132, 70
L 533.4662, -55.3454, 0.0000, 539.6887, -51.5510, 0.0000, 86, 132, 70
L 539.6887, -51.5510, 0.0000, 547.0986, -51.8934, 0.0000, 86, 132, 70
L 547.0986, -51.8934, 0.0000, 554.0354, -49.2158, 0.0000, 86, 132, 70
L 554.0354, -49.2158, 0.0000, 555.0494, -42.0806, 0.0000, 86, 132, 70
L 555.0494, -42.0806, 0.0000, 557.8604, -36.8669, 0.0000, 86, 132, 70
L 557.8604, -36.8669, 0.0000, 562.7158, -31.1149, 0.0000, 86, 132, 70
L 533.4662, -9.2131, 0.0000, 533.4662, 9.7348, 0.0000, 62, 104, 56
L 70.1700, 890.6114, 0.0000, 65.8554, 895.3660, 0.0000, 86, 132, 70
L 65.8554, 895.3660, 0.0000, 64.6722, 900.2550, 0.0000, 86, 132, 70
L 64.6722, 900.2550, 0.0000, 63.3557, 906.1562, 0.0000, 86, 132, 70
L 63.3557, 906.1562, 0.0000, 56.8679, 907.6471, 0.0000, 86, 132, 70
L 56.8679, 907.6471, 0.0000, 51.0357, 908.1640, 0.0000, 86, 132, 70
L 51.0357, 908.1640, 0.0000, 45.6911, 911.8718, 0.0000, 86, 132, 70
L 45.6911, 911.8718, 0.0000, 39.4674, 911.0513, 0.0000, 86, 132, 70
L 39.4674, 911.0513, 0.0000, 35.3935, 906.3071, 0.0000, 86, 132, 70
L 35.3935, 906.3071, 0.0000, 29.7849, 904.6089, 0.0000, 86, 132, 70
L 29.7849, 904.6089, 0.0000, 24.0727, 901.5950, 0.0000, 86, 132, 70
L 24.0727, 901.5950, 0.0000, 24.6477, 895.5733, 0.0000, 86, 132, 70
L 24.6477, 895.5733, 0.0000, 24.7288, 890.6114, 0.0000, 86, 132, 70
L 24.7288, 890.6114, 0.0000, 21.9626, 885.0163, 0.0000, 86, 132, 70
L 21.9626, 885.0163, 0.0000, 25.3189, 880.2609, 0.0000, 86, 132, 70
L 25.3189, 880.2609, 0.0000, 31.2239, 877.8802, 0.0000, 86, 132, 70
L 31.2239, 877.8802, 0.0000, 34.1473, 873.0162, 0.0000, 86, 132, 70
L 34.1473, 873.0162, 0.0000, 39.2747, 869.5383, 0.0000, 86, 132, 70
L 39.2747, 869.5383, 0.0000, 45.6911, 871.8835, 0.0000, 86, 132, 70
L 45.6911, 871.8835, 0.0000, 51.2285, 872.4256, 0.0000, 86, 132, 70
L 51.2285, 872.4256, 0.0000, 58.1141, 871.6762, 0.0000, 86, 132, 70
L 58.1141, 871.6762, 0.0000, 61.9167, 876.3329, 0.0000, 86, 132, 70
L 61.9167, 876.3329, 0.0000, 63.4260, 881.6009, 0.0000, 86, 132, 70
L 63.4260, 881.6009, 0.0000, 68.5406, 885.2236, 0.0000, 86, 132, 70
L 68.5406, 885.2236, 0.0000, 70.1700, 890.6114, 0.0000, 86, 132, 70
L 45.6911, 909.2423, 0.0000, 45.6911, 925.3605, 0.0000, 62, 104, 56
L -628.1145, 849.8133, 0.0000, -631.0071, 855.1293, 0.0000, 86, 132, 70
L -631.0071, 855.1293, 0.0000, -629.9382, 861.8108, 0.0000, 86, 132, 70
L -629.9382, 861.8108, 0.0000, -634.2257, 866.8206, 0.0000, 86, 132, 70
L -634.2257, 866.8206, 0.0000, -641.8665, 867.6248, 0.0000, 86, 132, 70
L -641.8665, 867.6248, 0.0000, -646.9894, 871.3670, 0.0000, 86, 132, 70
L -646.9894, 871.3670, 0.0000, -653.5523, 874.7080, 0.0000, 86, 132, 70
L -653.5523, 874.7080, 0.0000, -659.9674, 870.8819, 0.0000, 86, 132, 70
L -659.9674, 870.8819, 0.0000, -665.3858, 867.8500, 0.0000, 86, 132, 70
L -665.3858, 867.8500, 0.0000, -673.1742, 867.0806, 0.0000, 86, 132, 70
L -673.1742, 867.0806, 0.0000, -676.7232, 861.5857, 0.0000, 86, 132, 70
L -676.7232, 861.5857, 0.0000, -675.9497, 855.0945, 0.0000, 86, 132, 70
L -675.9497, 855.0945, 0.0000, -679.5809, 849.8133, 0.0000, 86, 132, 70
L -679.5809, 849.8133, 0.0000, -680.7198, 843.4073, 0.0000, 86, 132, 70
L -680.7198, 843.4073, 0.0000, -674.5093, 839.1656, 0.0000, 86, 132, 70
L -674.5093, 839.1656, 0.0000, -670.6179, 834.7955, 0.0000, 86, 132, 70
L -670.6179, 834.7955, 0.0000, -667.5996, 828.4022, 0.0000, 86, 132, 70
L -667.5996, 828.4022, 0.0000, -660.3099, 827.6199, 0.0000, 86, 132, 70
L -660.3099, 827.6199, 0.0000, -653.5523, 829.4176, 0.0000, 86, 132, 70
L -653.5523, 829.4176, 0.0000, -646.6469, 827.1347, 0.0000, 86, 132, 70
L -646.6469, 827.1347, 0.0000, -639.6526, 828.6274, 0.0000, 86, 132, 70
L -639.6526, 828.6274, 0.0000, -636.7820, 835.0555, 0.0000, 86, 132, 70
L -636.7820, 835.0555, 0.0000, -632.1520, 838.9405, 0.0000, 86, 132, 70
L -632.1520, 838.9405, 0.0000, -626.2370, 843.3725, 0.0000, 86, 132, 70
L -626.2370, 843.3725, 0.0000, -628.1145, 849.8133, 0.0000, 86, 132, 70
L -653.5523, 870.9145, 0.0000, -653.5523, 889.1699, 0.0000, 62, 104, 56
L 380.9622, 1052.6682, 0.0000, 381.6314, 1056.6964, 0.0000, 86, 132, 70
L 381.6314, 1056.6964, 0.0000, 381.7237, 1061.3946, 0.0000, 86, 132, 70
L 381.7237, 1061.3946, 0.0000, 376.8868, 1063.5264, 0.0000, 86, 132, 70
L 376.8868, 1063.5264, 0.0000, 372.8162, 1065.2708, 0.0000, 86, 132, 70
L 372.8162, 1065.2708, 0.0000, 369.5670, 1069.1519, 0.0000, 86, 132, 70
L 369.5670, 1069.1519, 0.0000, 364.5479, 1069.2362, 0.0000, 86, 132, 70
L 364.5479, 1069.2362, 0.0000, 360.3385, 1066.4929, 0.0000, 86, 132, 70
L 360.3385, 1066.4929, 0.0000, 355.4700, 1066.5048, 0.0000, 86, 132, 70
L 355.4700, 1066.5048, 0.0000, 350.5898, 1064.9514, 0.0000, 86, 132, 70
L 350.5898, 1064.9514, 0.0000, 349.8012, 1060.1605, 0.0000, 86, 132, 70
L 349.8012, 1060.1605, 0.0000, 348.2742, 1056.5055, 0.0000, 86, 132, 70
L 348.2742, 1056.5055, 0.0000, 344.8950, 1052.6682, 0.0000, 86, 132, 70
L 344.8950, 1052.6682, 0.0000, 346.7931, 1048.4817, 0.0000, 86, 132, 70
L 346.7931, 1048.4817, 0.0000, 350.4885, 1045.5250, 0.0000, 86, 132, 70
L 350.4885, 1045.5250, 0.0000, 351.3834, 1041.0834, 0.0000, 86, 132, 70
L 351.3834, 1041.0834, 0.0000, 354.7826, 1037.7839, 0.0000, 86, 132, 70
L 354.7826, 1037.7839, 0.0000, 360.2322, 1038.4943, 0.0000, 86, 132, 70
L 360.2322, 1038.4943, 0.0000, 364.5479, 1037.4971, 0.0000, 86, 132, 70
L 364.5479, 1037.4971, 0.0000, 369.6734, 1035.8352, 0.0000, 86, 132, 70
L 369.6734, 1035.8352, 0.0000, 373.5036, 1039.0179, 0.0000, 86, 132, 70
L 373.5036, 1039.0179, 0.0000, 376.0931, 1042.5084, 0.0000, 86, 132, 70
L 376.0931, 1042.5084, 0.0000, 381.0363, 1044.2910, 0.0000, 86, 132, 70
L 381.0363, 1044.2910, 0.0000, 383.1124, 1048.2908, 0.0000, 86, 132, 70
L 383.1124, 1048.2908, 0.0000, 380.9622, 1052.6682, 0.0000, 86, 132, 70
L 364.5479, 1067.4557, 0.0000, 364.5479, 1080.2490, 0.0000, 62, 104, 56
L -935.4375, 580.4670, 0.0000, -935.4375, 570.3811, 0.0000, 62, 104, 56
L -954.3485, 572.2722, 0.0000, -935.4375, 557.3010, 0.0000, 86, 132, 70
L -935.4375, 557.3010, 0.0000, -916.5265, 572.2722, 0.0000, 86, 132, 70
L -954.3485, 572.2722, 0.0000, -916.5265, 572.2722, 0.0000, 86, 132, 70
L -951.4173, 559.6649, 0.0000, -935.4375, 544.6937, 0.0000, 86, 132, 70
L -935.4375, 544.6937, 0.0000, -919.4577, 559.6649, 0.0000, 86, 132, 70
L -951.4173, 559.6649, 0.0000, -919.4577, 559.6649, 0.0000, 86, 132, 70
L -948.4861, 547.0576, 0.0000, -935.4375, 532.0864, 0.0000, 86, 132, 70
L -935.4375, 532.0864, 0.0000, -922.3889, 547.0576, 0.0000, 86, 132, 70
L -948.4861, 547.0576, 0.0000, -922.3889, 547.0576, 0.0000, 86, 132, 70
L -945.5549, 534.4502, 0.0000, -935.4375, 519.4791, 0.0000, 86, 132, 70
L -935.4375, 519.4791, 0.0000, -925.3201, 534.4502, 0.0000, 86, 132, 70
L -945.5549, 534.4502, 0.0000, -925.3201, 534.4502, 0.0000, 86, 132, 70
L -933.8430, 636.4090, 0.0000, -933.8430, 627.4393, 0.0000, 62, 104, 56
L -950.6613, 629.1211, 0.0000, -933.8430, 615.8066, 0.0000, 86, 132, 70
L -933.8430, 615.8066, 0.0000, -917.0248, 629.1211, 0.0000, 86, 132, 70
L -950.6613, 629.1211, 0.0000, -917.0248, 629.1211, 0.0000, 86, 132, 70
L -948.0544, 617.9089, 0.0000, -933.8430, 604.5945, 0.0000, 86, 132, 70
L -933.8430, 604.5945, 0.0000, -919.6316, 617.9089, 0.0000, 86, 132, 70
L -948.0544, 617.9089, 0.0000, -919.6316, 617.9089, 0.0000, 86, 132, 70
L -945.4476, 606.6968, 0.0000, -933.8430, 593.3823, 0.0000, 86, 132, 70
L -933.8430, 593.3823, 0.0000, -922.2384, 606.6968, 0.0000, 86, 132, 70
L -945.4476, 606.6968, 0.0000, -922.2384, 606.6968, 0.0000, 86, 132, 70
L -942.8408, 595.4846, 0.0000, -933.8430, 582.1702, 0.0000, 86, 132, 70
L -933.8430, 582.1702, 0.0000, -924.8453, 595.4846, 0.0000, 86, 132, 70
L -942.8408, 595.4846, 0.0000, -924.8453, 595.4846, 0.0000, 86, 132, 70
L -1142.8114, 271.8264, 0.0000, -1144.7078, 277.0781, 0.0000, 86, 132, 70
L -1144.7078, 277.0781, 0.0000, -1149.5758, 280.6689, 0.0000, 86, 132, 70
L -1149.5758, 280.6689, 0.0000, -1150.9002, 285.9766, 0.0000, 86, 132, 70
L -1150.9002, 285.9766, 0.0000, -1154.8135, 290.3707, 0.0000, 86, 132, 70
L -1154.8135, 290.3707, 0.0000, -1161.5798, 289.5619, 0.0000, 86, 132, 70
L -1161.5798, 289.5619, 0.0000, -1166.9800, 290.3657, 0.0000, 86, 132, 70
L -1166.9800, 290.3657, 0.0000, -1173.3032, 292.5928, 0.0000, 86, 132, 70
L -1173.3032, 292.5928, 0.0000, -1178.2237, 288.9640, 0.0000, 86, 132, 70
L -1178.2237, 288.9640, 0.0000, -1181.2141, 284.3523, 0.0000, 86, 132, 70
L -1181.2141, 284.3523, 0.0000, -1187.1529, 282.0756, 0.0000, 86, 132, 70
L -1187.1529, 282.0756, 0.0000, -1190.1751, 277.2957, 0.0000, 86, 132, 70
L -1190.1751, 277.2957, 0.0000, -1187.4572, 271.8264, 0.0000, 86, 132, 70
L -1187.4572, 271.8264, 0.0000, -1187.8323, 266.9095, 0.0000, 86, 132, 70
L -1187.8323, 266.9095, 0.0000, -1188.2402, 261.0248, 0.0000, 86, 132, 70
L -1188.2402, 261.0248, 0.0000, -1182.4696, 258.1956, 0.0000, 86, 132, 70
L -1182.4696, 258.1956, 0.0000, -1177.1364, 256.3460, 0.0000, 86, 132, 70
L -1177.1364, 256.3460, 0.0000, -1173.1349, 251.6123, 0.0000, 86, 132, 70
L -1173.1349, 251.6123, 0.0000, -1166.9800, 251.0774, 0.0000, 86, 132, 70
L -1166.9800, 251.0774, 0.0000, -1161.7480, 254.6433, 0.0000, 86, 132, 70
L -1161.7480, 254.6433, 0.0000, -1155.9008, 254.9394, 0.0000, 86, 132, 70
L -1155.9008, 254.9394, 0.0000, -1149.6447, 256.5713, 0.0000, 86, 132, 70
L -1149.6447, 256.5713, 0.0000, -1148.4885, 262.4314, 0.0000, 86, 132, 70
L -1148.4885, 262.4314, 0.0000, -1147.0506, 267.1271, 0.0000, 86, 132, 70
L -1147.0506, 267.1271, 0.0000, -1142.8114, 271.8264, 0.0000, 86, 132, 70
L -1166.9800, 290.1311, 0.0000, -1166.9800, 305.9673, 0.0000, 62, 104, 56
L -798.7002, 882.8653, 0.0000, -803.2339, 888.0847, 0.0000, 86, 132, 70
L -803.2339, 888.0847, 0.0000, -805.4897, 892.9654, 0.0000, 86, 132, 70
L -805.4897, 892.9654, 0.0000, -806.4981, 899.4718, 0.0000, 86, 132, 70
L -806.4981, 899.4718, 0.0000, -813.0108, 901.7019, 0.0000, 86, 132, 70
L -813.0108, 901.7019, 0.0000, -819.6741, 901.5691, 0.0000, 86, 132, 70
L -819.6741, 901.5691, 0.0000, -825.3691, 905.1990, 0.0000, 86, 132, 70
L -825.3691, 905.1990, 0.0000, -832.1876, 905.2587, 0.0000, 86, 132, 70
L -832.1876, 905.2587, 0.0000, -836.6040, 899.9896, 0.0000, 86, 132, 70
L -836.6040, 899.9896, 0.0000, -841.9932, 897.4945, 0.0000, 86, 132, 70
L -841.9932, 897.4945, 0.0000, -848.6188, 894.6778, 0.0000, 86, 132, 70
L -848.6188, 894.6778, 0.0000, -848.6278, 888.3496, 0.0000, 86, 132, 70
L -848.6278, 888.3496, 0.0000, -847.5443, 882.8653, 0.0000, 86, 132, 70
L -847.5443, 882.8653, 0.0000, -850.4137, 876.9599, 0.0000, 86, 132, 70
L -850.4137, 876.9599, 0.0000, -847.7900, 871.4740, 0.0000, 86, 132, 70
L -847.7900, 871.4740, 0.0000, -841.0362, 869.0783, 0.0000, 86, 132, 70
L -841.0362, 869.0783, 0.0000, -837.4329, 864.4777, 0.0000, 86, 132, 70
L -837.4329, 864.4777, 0.0000, -832.3159, 860.0508, 0.0000, 86, 132, 70
L -832.3159, 860.0508, 0.0000, -825.3691, 862.2161, 0.0000, 86, 132, 70
L -825.3691, 862.2161, 0.0000, -819.5458, 863.7404, 0.0000, 86, 132, 70
L -819.5458, 863.7404, 0.0000, -812.1820, 862.7654, 0.0000, 86, 132, 70
L -812.1820, 862.7654, 0.0000, -807.4552, 867.1011, 0.0000, 86, 132, 70
L -807.4552, 867.1011, 0.0000, -806.3186, 873.1863, 0.0000, 86, 132, 70
L -806.3186, 873.1863, 0.0000, -801.4480, 877.2248, 0.0000, 86, 132, 70
L -801.4480, 877.2248, 0.0000, -798.7002, 882.8653, 0.0000, 86, 132, 70
L -825.3691, 902.8914, 0.0000, -825.3691, 920.2167, 0.0000, 62, 104, 56
L -774.8073, 344.0170, 0.0000, -774.8073, 331.7168, 0.0000, 62, 104, 56
L -797.8703, 334.0231, 0.0000, -774.8073, 315.7649, 0.0000, 86, 132, 70
L -774.8073, 315.7649, 0.0000, -751.7444, 334.0231, 0.0000, 86, 132, 70
L -797.8703, 334.0231, 0.0000, -751.7444, 334.0231, 0.0000, 86, 132, 70
L -794.2955, 318.6478, 0.0000, -774.8073, 300.3896, 0.0000, 86, 132, 70
L -774.8073, 300.3896, 0.0000, -755.3191, 318.6478, 0.0000, 86, 132, 70
L -794.2955, 318.6478, 0.0000, -755.3191, 318.6478, 0.0000, 86, 132, 70
L -790.7208, 303.2725, 0.0000, -774.8073, 285.0143, 0.0000, 86, 132, 70
L -774.8073, 285.0143, 0.0000, -758.8939, 303.2725, 0.0000, 86, 132, 70
L -790.7208, 303.2725, 0.0000, -758.8939, 303.2725, 0.0000, 86, 132, 70
L -787.1460, 287.8972, 0.0000, -774.8073, 269.6390, 0.0000, 86, 132, 70
L -774.8073, 269.6390, 0.0000, -762.4687, 287.8972, 0.0000, 86, 132, 70
L -787.1460, 287.8972, 0.0000, -762.4687, 287.8972, 0.0000, 86, 132, 70
L 568.9970, 276.8443, 0.0000, 568.9087, 281.0995, 0.0000, 86, 132, 70
L 568.9087, 281.0995, 0.0000, 569.4777, 286.3021, 0.0000, 86, 132, 70
L 569.4777, 286.3021, 0.0000, 564.6447, 288.9726, 0.0000, 86, 132, 70
L 564.6447, 288.9726, 0.0000, 559.7205, 290.3458, 0.0000, 86, 132, 70
L 559.7205, 290.3458, 0.0000, 556.2042, 294.3876, 0.0000, 86, 132, 70
L 556.2042, 294.3876, 0.0000, 550.8625, 295.2370, 0.0000, 86, 132, 70
L 550.8625, 295.2370, 0.0000, 546.2445, 292.0107, 0.0000, 86, 132, 70
L 546.2445, 292.0107, 0.0000, 541.2807, 291.4489, 0.0000, 86, 132, 70
L 541.2807, 291.4489, 0.0000, 535.6327, 290.2465, 0.0000, 86, 132, 70
L 535.6327, 290.2465, 0.0000, 534.4185, 285.1989, 0.0000, 86, 132, 70
L 534.4185, 285.1989, 0.0000, 533.5401, 280.9288, 0.0000, 86, 132, 70
L 533.5401, 280.9288, 0.0000, 529.8330, 276.8443, 0.0000, 86, 132, 70
L 529.8330, 276.8443, 0.0000, 531.0791, 272.1795, 0.0000, 86, 132, 70
L 531.0791, 272.1795, 0.0000, 535.5606, 269.0699, 0.0000, 86, 132, 70
L 535.5606, 269.0699, 0.0000, 536.9516, 264.6027, 0.0000, 86, 132, 70
L 536.9516, 264.6027, 0.0000, 540.1385, 260.4988, 0.0000, 86, 132, 70
L 540.1385, 260.4988, 0.0000, 546.0678, 261.0976, 0.0000, 86, 132, 70
L 546.0678, 261.0976, 0.0000, 550.8625, 260.7727, 0.0000, 86, 132, 70
L 550.8625, 260.7727, 0.0000, 556.3809, 258.7207, 0.0000, 86, 132, 70
L 556.3809, 258.7207, 0.0000, 560.8627, 261.6019, 0.0000, 86, 132, 70
L 560.8627, 261.6019, 0.0000, 563.3259, 265.8765, 0.0000, 86, 132, 70
L 563.3259, 265.8765, 0.0000, 568.3356, 267.9668, 0.0000, 86, 132, 70
L 568.3356, 267.9668, 0.0000, 571.3696, 272.0088, 0.0000, 86, 132, 70
L 571.3696, 272.0088, 0.0000, 568.9970, 276.8443, 0.0000, 86, 132, 70
L 550.8625, 292.9015, 0.0000, 550.8625, 306.7932, 0.0000, 62, 104, 56
L -1168.5520, -116.3896, 0.0000, -1168.5520, -124.5933, 0.0000, 62, 104, 56
L -1183.9341, -123.0551, 0.0000, -1168.5520, -135.2326, 0.0000, 86, 132, 70
L -1168.5520, -135.2326, 0.0000, -1153.1700, -123.0551, 0.0000, 86, 132, 70
L -1183.9341, -123.0551, 0.0000, -1153.1700, -123.0551, 0.0000, 86, 132, 70
L -1181.5499, -133.3099, 0.0000, -1168.5520, -145.4873, 0.0000, 86, 132, 70
L -1168.5520, -145.4873, 0.0000, -1155.5542, -133.3099, 0.0000, 86, 132, 70
L -1181.5499, -133.3099, 0.0000, -1155.5542, -133.3099, 0.0000, 86, 132, 70
L -1179.1657, -143.5646, 0.0000, -1168.5520, -155.7420, 0.0000, 86, 132, 70
L -1168.5520, -155.7420, 0.0000, -1157.9384, -143.5646, 0.0000, 86, 132, 70
L -1179.1657, -143.5646, 0.0000, -1157.9384, -143.5646, 0.0000, 86, 132, 70
L -1176.7814, -153.8193, 0.0000, -1168.5520, -165.9967, 0.0000, 86, 132, 70
L -1168.5520, -165.9967, 0.0000, -1160.3226, -153.8193, 0.0000, 86, 132, 70
L -1176.7814, -153.8193, 0.0000, -1160.3226, -153.8193, 0.0000, 86, 132, 70
L 269.2105, -818.2016, 0.0000, 269.2105, -829.4802, 0.0000, 62, 104, 56
L 248.0632, -827.3654, 0.0000, 269.2105, -844.1070, 0.0000, 86, 132, 70
L 269.2105, -844.1070, 0.0000, 290.3579, -827.3654, 0.0000, 86, 132, 70
L 248.0632, -827.3654, 0.0000, 290.3579, -827.3654, 0.0000, 86, 132, 70
L 251.3410, -841.4636, 0.0000, 269.2105, -858.2052, 0.0000, 86, 132, 70
L 269.2105, -858.2052, 0.0000, 287.0800, -841.4636, 0.0000, 86, 132, 70
L 251.3410, -841.4636, 0.0000, 287.0800, -841.4636, 0.0000, 86, 132, 70
L 254.6189, -855.5618, 0.0000, 269.2105, -872.3034, 0.0000, 86, 132, 70
L 269.2105, -872.3034, 0.0000, 283.8021, -855.5618, 0.0000, 86, 132, 70
L 254.6189, -855.5618, 0.0000, 283.8021, -855.5618, 0.0000, 86, 132, 70
L 257.8967, -869.6600, 0.0000, 269.2105, -886.4016, 0.0000, 86, 132, 70
L 269.2105, -886.4016, 0.0000, 280.5243, -869.6600, 0.0000, 86, 132, 70
L 257.8967, -869.6600, 0.0000, 280.5243, -869.6600, 0.0000, 86, 132, 70
L 466.9592, 301.4769, 0.0000, 465.8449, 307.9117, 0.0000, 86, 132, 70
L 465.8449, 307.9117, 0.0000, 459.5143, 312.1256, 0.0000, 86, 132, 70
L 459.5143, 312.1256, 0.0000, 457.2581, 317.9356, 0.0000, 86, 132, 70
L 457.2581, 317.9356, 0.0000, 453.2236, 323.8348, 0.0000, 86, 132, 70
L 453.2236, 323.8348, 0.0000, 445.1793, 323.2323, 0.0000, 86, 132, 70
L 445.1793, 323.2323, 0.0000, 438.5551, 323.1642, 0.0000, 86, 132, 70
L 438.5551, 323.1642, 0.0000, 431.0806, 326.0246, 0.0000, 86, 132, 70
L 431.0806, 326.0246, 0.0000, 424.7367, 322.5389, 0.0000, 86, 132, 70
L 424.7367, 322.5389, 0.0000, 421.5524, 316.4393, 0.0000, 86, 132, 70
L 421.5524, 316.4393, 0.0000, 415.0453, 313.4215, 0.0000, 86, 132, 70
L 415.0453, 313.4215, 0.0000, 410.4151, 308.1122, 0.0000, 86, 132, 70
L 410.4151, 308.1122, 0.0000, 413.5517, 301.4769, 0.0000, 86, 132, 70
L 413.5517, 301.4769, 0.0000, 414.2572, 295.7476, 0.0000, 86, 132, 70
L 414.2572, 295.7476, 0.0000, 413.2621, 288.6264, 0.0000, 86, 132, 70
L 413.2621, 288.6264, 0.0000, 419.4934, 284.7026, 0.0000, 86, 132, 70
L 419.4934, 284.7026, 0.0000, 426.5199, 283.1328, 0.0000, 86, 132, 70
L 426.5199, 283.1328, 0.0000, 431.3565, 277.8352, 0.0000, 86, 132, 70
L 431.3565, 277.8352, 0.0000, 438.5551, 276.1657, 0.0000, 86, 132, 70
L 438.5551, 276.1657, 0.0000, 444.9035, 280.6275, 0.0000, 86, 132, 70
L 444.9035, 280.6275, 0.0000, 451.4404, 281.8370, 0.0000, 86, 132, 70
L 451.4404, 281.8370, 0.0000, 459.3171, 283.2063, 0.0000, 86, 132, 70
L 459.3171, 283.2063, 0.0000, 461.2974, 289.9222, 0.0000, 86, 132, 70
L 461.2974, 289.9222, 0.0000, 462.0027, 295.9481, 0.0000, 86, 132, 70
L 462.0027, 295.9481, 0.0000, 466.9592, 301.4769, 0.0000, 86, 132, 70
L 438.5551, 323.3740, 0.0000, 438.5551, 342.3179, 0.0000, 62, 104, 56
L -601.9451, 1068.4178, 0.0000, -601.9451, 1056.3635, 0.0000, 62, 104, 56
L -624.5469, 1058.6237, 0.0000, -601.9451, 1040.7306, 0.0000, 86, 132, 70
L -601.9451, 1040.7306, 0.0000, -579.3432, 1058.6237, 0.0000, 86, 132, 70
L -624.5469, 1058.6237, 0.0000, -579.3432, 1058.6237, 0.0000, 86, 132, 70
L -621.0436, 1043.5558, 0.0000, -601.9451, 1025.6627, 0.0000, 86, 132, 70
L -601.9451, 1025.6627, 0.0000, -582.8465, 1043.5558, 0.0000, 86, 132, 70
L -621.0436, 1043.5558, 0.0000, -582.8465, 1043.5558, 0.0000, 86, 132, 70
L -617.5403, 1028.4879, 0.0000, -601.9451, 1010.5948, 0.0000, 86, 132, 70
L -601.9451, 1010.5948, 0.0000, -586.3498, 1028.4879, 0.0000, 86, 132, 70
L -617.5403, 1028.4879, 0.0000, -586.3498, 1028.4879, 0.0000, 86, 132, 70
L -614.0371, 1013.4200, 0.0000, -601.9451, 995.5269, 0.0000, 86, 132, 70
L -601.9451, 995.5269, 0.0000, -589.8531, 1013.4200, 0.0000, 86, 132, 70
L -614.0371, 1013.4200, 0.0000, -589.8531, 1013.4200, 0.0000, 86, 132, 70
L -826.0549, -667.4533, 0.0000, -830.1174, -662.6176, 0.0000, 86, 132, 70
L -830.1174, -662.6176, 0.0000, -830.0887, -657.0193, 0.0000, 86, 132, 70
L -830.0887, -657.0193, 0.0000, -832.4048, -651.4191, 0.0000, 86, 132, 70
L -832.4048, -651.4191, 0.0000, -839.5143, -650.5176, 0.0000, 86, 132, 70
L -839.5143, -650.5176, 0.0000, -844.9305, -648.7500, 0.0000, 86, 132, 70
L -844.9305, -648.7500, 0.0000, -850.6255, -644.8704, 0.0000, 86, 132, 70
L -850.6255, -644.8704, 0.0000, -856.8338, -647.0638, 0.0000, 86, 132, 70
L -856.8338, -647.0638, 0.0000, -861.2233, -651.3001, 0.0000, 86, 132, 70
L -861.2233, -651.3001, 0.0000, -867.8193, -652.3227, 0.0000, 86, 132, 70
L -867.8193, -652.3227, 0.0000, -872.7025, -656.2367, 0.0000, 86, 132, 70
L -872.7025, -656.2367, 0.0000, -871.6470, -662.4966, 0.0000, 86, 132, 70
L -871.6470, -662.4966, 0.0000, -873.1425, -667.4533, 0.0000, 86, 132, 70
L -873.1425, -667.4533, 0.0000, -875.6005, -673.3424, 0.0000, 86, 132, 70
L -875.6005, -673.3424, 0.0000, -870.8678, -677.7377, 0.0000, 86, 132, 70
L -870.8678, -677.7377, 0.0000, -865.7007, -680.7195, 0.0000, 86, 132, 70
L -865.7007, -680.7195, 0.0000, -863.0581, -686.4032, 0.0000, 86, 132, 70
L -863.0581, -686.4032, 0.0000, -857.1177, -688.7751, 0.0000, 86, 132, 70
L -857.1177, -688.7751, 0.0000, -850.6255, -686.3075, 0.0000, 86, 132, 70
L -850.6255, -686.3075, 0.0000, -844.6467, -687.0889, 0.0000, 86, 132, 70
L -844.6467, -687.0889, 0.0000, -837.6795, -687.1857, 0.0000, 86, 132, 70
L -837.6795, -687.1857, 0.0000, -834.5234, -681.6232, 0.0000, 86, 132, 70
L -834.5234, -681.6232, 0.0000, -831.9235, -676.9552, 0.0000, 86, 132, 70
L -831.9235, -676.9552, 0.0000, -826.1639, -673.2213, 0.0000, 86, 132, 70
L -826.1639, -673.2213, 0.0000, -826.0549, -667.4533, 0.0000, 86, 132, 70
L -850.6255, -648.1475, 0.0000, -850.6255, -631.4452, 0.0000, 62, 104, 56
L 523.3736, -436.1949, 0.0000, 522.3038, -431.5153, 0.0000, 86, 132, 70
L 522.3038, -431.5153, 0.0000, 523.2467, -425.6327, 0.0000, 86, 132, 70
L 523.2467, -425.6327, 0.0000, 518.4272, -422.1417, 0.0000, 86, 132, 70
L 518.4272, -422.1417, 0.0000, 512.3881, -421.0589, 0.0000, 86, 132, 70
L 512.3881, -421.0589, 0.0000, 508.3306, -416.9069, 0.0000, 86, 132, 70
L 508.3306, -416.9069, 0.0000, 502.4577, -415.1192, 0.0000, 86, 132, 70
L 502.4577, -415.1192, 0.0000, 497.1602, -418.7969, 0.0000, 86, 132, 70
L 497.1602, -418.7969, 0.0000, 491.9518, -420.1817, 0.0000, 86, 132, 70
L 491.9518, -420.1817, 0.0000, 485.3372, -421.1289, 0.0000, 86, 132, 70
L 485.3372, -421.1289, 0.0000, 483.3952, -426.5098, 0.0000, 86, 132, 70
L 483.3952, -426.5098, 0.0000, 483.1871, -431.6510, 0.0000, 86, 132, 70
L 483.1871, -431.6510, 0.0000, 479.2398, -436.1949, 0.0000, 86, 132, 70
L 479.2398, -436.1949, 0.0000, 479.6738, -441.5672, 0.0000, 86, 132, 70
L 479.6738, -441.5672, 0.0000, 485.0257, -445.0516, 0.0000, 86, 132, 70
L 485.0257, -445.0516, 0.0000, 487.2199, -449.6041, 0.0000, 86, 132, 70
L 487.2199, -449.6041, 0.0000, 490.3212, -454.6933, 0.0000, 86, 132, 70
L 490.3212, -454.6933, 0.0000, 496.9080, -454.4213, 0.0000, 86, 132, 70
L 496.9080, -454.4213, 0.0000, 502.4577, -453.9570, 0.0000, 86, 132, 70
L 502.4577, -453.9570, 0.0000, 508.5829, -456.3113, 0.0000, 86, 132, 70
L 508.5829, -456.3113, 0.0000, 514.0187, -453.8162, 0.0000, 86, 132, 70
L 514.0187, -453.8162, 0.0000, 516.5445, -448.5913, 0.0000, 86, 132, 70
L 516.5445, -448.5913, 0.0000, 521.6161, -445.9287, 0.0000, 86, 132, 70
L 521.6161, -445.9287, 0.0000, 525.8171, -441.7029, 0.0000, 86, 132, 70
L 525.8171, -441.7029, 0.0000, 523.3736, -436.1949, 0.0000, 86, 132, 70
L 502.4577, -418.1001, 0.0000, 502.4577, -402.4455, 0.0000, 62, 104, 56
L 459.4666, 973.8696, 0.0000, 461.8150, 980.0336, 0.0000, 86, 132, 70
L 461.8150, 980.0336, 0.0000, 460.5753, 986.5214, 0.0000, 86, 132, 70
L 460.5753, 986.5214, 0.0000, 453.0743, 989.1824, 0.0000, 86, 132, 70
L 453.0743, 989.1824, 0.0000, 448.2055, 992.9710, 0.0000, 86, 132, 70
L 448.2055, 992.9710, 0.0000, 443.1724, 998.4979, 0.0000, 86, 132, 70
L 443.1724, 998.4979, 0.0000, 435.6734, 997.1848, 0.0000, 86, 132, 70
L 435.6734, 997.1848, 0.0000, 429.4959, 994.1578, 0.0000, 86, 132, 70
L 429.4959, 994.1578, 0.0000, 421.8199, 994.9852, 0.0000, 86, 132, 70
L 421.8199, 994.9852, 0.0000, 415.6295, 991.5082, 0.0000, 86, 132, 70
L 415.6295, 991.5082, 0.0000, 414.7359, 984.5072, 0.0000, 86, 132, 70
L 414.7359, 984.5072, 0.0000, 410.8533, 979.7220, 0.0000, 86, 132, 70
L 410.8533, 979.7220, 0.0000, 406.5943, 973.8696, 0.0000, 86, 132, 70
L 406.5943, 973.8696, 0.0000, 410.7443, 967.9914, 0.0000, 86, 132, 70
L 410.7443, 967.9914, 0.0000, 414.7865, 963.2576, 0.0000, 86, 132, 70
L 414.7865, 963.2576, 0.0000, 415.6879, 956.2823, 0.0000, 86, 132, 70
L 415.6879, 956.2823, 0.0000, 421.7693, 952.6768, 0.0000, 86, 132, 70
L 421.7693, 952.6768, 0.0000, 429.4881, 953.5556, 0.0000, 86, 132, 70
L 429.4881, 953.5556, 0.0000, 435.6734, 950.6571, 0.0000, 86, 132, 70
L 435.6734, 950.6571, 0.0000, 443.1803, 949.2156, 0.0000, 86, 132, 70
L 443.1803, 949.2156, 0.0000, 448.2561, 954.6910, 0.0000, 86, 132, 70
L 448.2561, 954.6910, 0.0000, 453.0159, 958.6082, 0.0000, 86, 132, 70
L 453.0159, 958.6082, 0.0000, 460.5247, 961.2434, 0.0000, 86, 132, 70
L 460.5247, 961.2434, 0.0000, 461.9240, 967.6798, 0.0000, 86, 132, 70
L 461.9240, 967.6798, 0.0000, 459.4666, 973.8696, 0.0000, 86, 132, 70
L 435.6734, 995.5472, 0.0000, 435.6734, 1014.3014, 0.0000, 62, 104, 56
L -85.8150, 1104.5088, 0.0000, -85.8150, 1093.7876, 0.0000, 62, 104, 56
L -105.9174, 1095.7978, 0.0000, -85.8150, 1079.8834, 0.0000, 86, 132, 70
L -85.8150, 1079.8834, 0.0000, -65.7126, 1095.7978, 0.0000, 86, 132, 70
L -105.9174, 1095.7978, 0.0000, -65.7126, 1095.7978, 0.0000, 86, 132, 70
L -102.8015, 1082.3962, 0.0000, -85.8150, 1066.4818, 0.0000, 86, 132, 70
L -85.8150, 1066.4818, 0.0000, -68.8285, 1082.3962, 0.0000, 86, 132, 70
L -102.8015, 1082.3962, 0.0000, -68.8285, 1082.3962, 0.0000, 86, 132, 70
L -99.6856, 1068.9946, 0.0000, -85.8150, 1053.0802, 0.0000, 86, 132, 70
L -85.8150, 1053.0802, 0.0000, -71.9443, 1068.9946, 0.0000, 86, 132, 70
L -99.6856, 1068.9946, 0.0000, -71.9443, 1068.9946, 0.0000, 86, 132, 70
L -96.5698, 1055.5930, 0.0000, -85.8150, 1039.6786, 0.0000, 86, 132, 70
L -85.8150, 1039.6786, 0.0000, -75.0602, 1055.5930, 0.0000, 86, 132, 70
L -96.5698, 1055.5930, 0.0000, -75.0602, 1055.5930, 0.0000, 86, 132, 70
L 336.8608, 214.6022, 0.0000, 336.9004, 219.2119, 0.0000, 86, 132, 70
L 336.9004, 219.2119, 0.0000, 332.3000, 222.1973, 0.0000, 86, 132, 70
L 332.3000, 222.1973, 0.0000, 330.1310, 225.8486, 0.0000, 86, 132, 70
L 330.1310, 225.8486, 0.0000, 327.6664, 230.3249, 0.0000, 86, 132, 70
L 327.6664, 230.3249, 0.0000, 322.1379, 230.3233, 0.0000, 86, 132, 70
L 322.1379, 230.3233, 0.0000, 317.3510, 229.6005, 0.0000, 86, 132, 70
L 317.3510, 229.6005, 0.0000, 312.1926, 231.5435, 0.0000, 86, 132, 70
L 312.1926, 231.5435, 0.0000, 307.4072, 229.7586, 0.0000, 86, 132, 70
L 307.4072, 229.7586, 0.0000, 305.3141, 225.1947, 0.0000, 86, 132, 70
L 305.3141, 225.1947, 0.0000, 301.2874, 222.7636, 0.0000, 86, 132, 70
L 301.2874, 222.7636, 0.0000, 297.4301, 219.2995, 0.0000, 86, 132, 70
L 297.4301, 219.2995, 0.0000, 299.3273, 214.6022, 0.0000, 86, 132, 70
L 299.3273, 214.6022, 0.0000, 300.6458, 210.6632, 0.0000, 86, 132, 70
L 300.6458, 210.6632, 0.0000, 299.7950, 205.6826, 0.0000, 86, 132, 70
L 299.7950, 205.6826, 0.0000, 303.5908, 202.4932, 0.0000, 86, 132, 70
L 303.5908, 202.4932, 0.0000, 308.8996, 201.7205, 0.0000, 86, 132, 70
L 308.8996, 201.7205, 0.0000, 312.4235, 198.4192, 0.0000, 86, 132, 70
L 312.4235, 198.4192, 0.0000, 317.3510, 196.5710, 0.0000, 86, 132, 70
L 317.3510, 196.5710, 0.0000, 321.9070, 199.6394, 0.0000, 86, 132, 70
L 321.9070, 199.6394, 0.0000, 326.1739, 201.1542, 0.0000, 86, 132, 70
L 326.1739, 201.1542, 0.0000, 331.8543, 201.8393, 0.0000, 86, 132, 70
L 331.8543, 201.8393, 0.0000, 333.7924, 206.2489, 0.0000, 86, 132, 70
L 333.7924, 206.2489, 0.0000, 333.6847, 210.7508, 0.0000, 86, 132, 70
L 333.6847, 210.7508, 0.0000, 336.8608, 214.6022, 0.0000, 86, 132, 70
L 317.3510, 229.9910, 0.0000, 317.3510, 243.3043, 0.0000, 62, 104, 56
L -748.4165, -566.6929, 0.0000, -750.9747, -562.6356, 0.0000, 86, 132, 70
L -750.9747, -562.6356, 0.0000, -754.0599, -559.5180, 0.0000, 86, 132, 70
L -754.0599, -559.5180, 0.0000, -754.7198, -554.8464, 0.0000, 86, 132, 70
L -754.7198, -554.8464, 0.0000, -758.6160, -552.1126, 0.0000, 86, 132, 70
L -758.6160, -552.1126, 0.0000, -763.9497, -552.7937, 0.0000, 86, 132, 70
L -763.9497, -552.7937, 0.0000, -768.1819, -551.1194, 0.0000, 86, 132, 70
L -768.1819, -551.1194, 0.0000, -773.3016, -549.8790, 0.0000, 86, 132, 70
L -773.3016, -549.8790, 0.0000, -776.8603, -553.4653, 0.0000, 86, 132, 70
L -776.8603, -553.4653, 0.0000, -779.8690, -556.4083, 0.0000, 86, 132, 70
L -779.8690, -556.4083, 0.0000, -784.9663, -558.1653, 0.0000, 86, 132, 70
L -784.9663, -558.1653, 0.0000, -786.2765, -562.4263, 0.0000, 86, 132, 70
L -786.2765, -562.4263, 0.0000, -784.3972, -566.6929, 0.0000, 86, 132, 70
L -784.3972, -566.6929, 0.0000, -785.7294, -570.8305, 0.0000, 86, 132, 70
L -785.7294, -570.8305, 0.0000, -785.2201, -575.3495, 0.0000, 86, 132, 70
L -785.2201, -575.3495, 0.0000, -780.1621, -577.2355, 0.0000, 86, 132, 70
L -780.1621, -577.2355, 0.0000, -776.6063, -579.5335, 0.0000, 86, 132, 70
L -776.6063, -579.5335, 0.0000, -773.2623, -583.3779, 0.0000, 86, 132, 70
L -773.2623, -583.3779, 0.0000, -768.1819, -582.7824, 0.0000, 86, 132, 70
L -768.1819, -582.7824, 0.0000, -763.9890, -580.4632, 0.0000, 86, 132, 70
L -763.9890, -580.4632, 0.0000, -758.8699, -580.8863, 0.0000, 86, 132, 70
L -758.8699, -580.8863, 0.0000, -754.4267, -578.7975, 0.0000, 86, 132, 70
L -754.4267, -578.7975, 0.0000, -753.8061, -573.9968, 0.0000, 86, 132, 70
L -753.8061, -573.9968, 0.0000, -751.5218, -570.6213, 0.0000, 86, 132, 70
L -751.5218, -570.6213, 0.0000, -748.4165, -566.6929, 0.0000, 86, 132, 70
L -768.1819, -551.9408, 0.0000, -768.1819, -539.1783, 0.0000, 62, 104, 56
L -442.8809, 902.5634, 0.0000, -446.8090, 906.9195, 0.0000, 86, 132, 70
L -446.8090, 906.9195, 0.0000, -447.4814, 911.6078, 0.0000, 86, 132, 70
L -447.4814, 911.6078, 0.0000, -448.9546, 916.9323, 0.0000, 86, 132, 70
L -448.9546, 916.9323, 0.0000, -455.1084, 918.0715, 0.0000, 86, 132, 70
L -455.1084, 918.0715, 0.0000, -460.3052, 918.9113, 0.0000, 86, 132, 70
L -460.3052, 918.9113, 0.0000, -465.2830, 922.4102, 0.0000, 86, 132, 70
L -465.2830, 922.4102, 0.0000, -470.9643, 921.2219, 0.0000, 86, 132, 70
L -470.9643, 921.2219, 0.0000, -474.7540, 916.9991, 0.0000, 86, 132, 70
L -474.7540, 916.9991, 0.0000, -480.2043, 915.6941, 0.0000, 86, 132, 70
L -480.2043, 915.6941, 0.0000, -485.1952, 912.6802, 0.0000, 86, 132, 70
L -485.1952, 912.6802, 0.0000, -484.4606, 907.0854, 0.0000, 86, 132, 70
L -484.4606, 907.0854, 0.0000, -484.8709, 902.5634, 0.0000, 86, 132, 70
L -484.8709, 902.5634, 0.0000, -487.3682, 897.3558, 0.0000, 86, 132, 70
L -487.3682, 897.3558, 0.0000, -483.8458, 893.1322, 0.0000, 86, 132, 70
L -483.8458, 893.1322, 0.0000, -478.6461, 890.8039, 0.0000, 86, 132, 70
L -478.6461, 890.8039, 0.0000, -476.1034, 886.0708, 0.0000, 86, 132, 70
L -476.1034, 886.0708, 0.0000, -471.1731, 883.2192, 0.0000, 86, 132, 70
L -471.1731, 883.2192, 0.0000, -465.2830, 885.4590, 0.0000, 86, 132, 70
L -465.2830, 885.4590, 0.0000, -460.0965, 885.5298, 0.0000, 86, 132, 70
L -460.0965, 885.5298, 0.0000, -453.7590, 884.9984, 0.0000, 86, 132, 70
L -453.7590, 884.9984, 0.0000, -450.5128, 889.5656, 0.0000, 86, 132, 70
L -450.5128, 889.5656, 0.0000, -448.8308, 894.2045, 0.0000, 86, 132, 70
L -448.8308, 894.2045, 0.0000, -443.9013, 897.5217, 0.0000, 86, 132, 70
L -443.9013, 897.5217, 0.0000, -442.8809, 902.5634, 0.0000, 86, 132, 70
L -465.2830, 919.7793, 0.0000, -465.2830, 934.6734, 0.0000, 62, 104, 56
L -386.0257, 713.7867, 0.0000, -386.0257, 702.4286, 0.0000, 62, 104, 56
L -407.3222, 704.5582, 0.0000, -386.0257, 687.6985, 0.0000, 86, 132, 70
L -386.0257, 687.6985, 0.0000, -364.7292, 704.5582, 0.0000, 86, 132, 70
L -407.3222, 704.5582, 0.0000, -364.7292, 704.5582, 0.0000, 86, 132, 70
L -404.0213, 690.3605, 0.0000, -386.0257, 673.5008, 0.0000, 86, 132, 70
L -386.0257, 673.5008, 0.0000, -368.0301, 690.3605, 0.0000, 86, 132, 70
L -404.0213, 690.3605, 0.0000, -368.0301, 690.3605, 0.0000, 86, 132, 70
L -400.7203, 676.1629, 0.0000, -386.0257, 659.3031, 0.0000, 86, 132, 70
L -386.0257, 659.3031, 0.0000, -371.3311, 676.1629, 0.0000, 86, 132, 70
L -400.7203, 676.1629, 0.0000, -371.3311, 676.1629, 0.0000, 86, 132, 70
L -397.4193, 661.9652, 0.0000, -386.0257, 645.1054, 0.0000, 86, 132, 70
L -386.0257, 645.1054, 0.0000, -374.6321, 661.9652, 0.0000, 86, 132, 70
L -397.4193, 661.9652, 0.0000, -374.6321, 661.9652, 0.0000, 86, 132, 70
L 10.6549, 846.6904, 0.0000, 10.6549, 834.2653, 0.0000, 62, 104, 56
L -12.6423, 836.5950, 0.0000, 10.6549, 818.1514, 0.0000, 86, 132, 70
L 10.6549, 818.1514, 0.0000, 33.9520, 836.5950, 0.0000, 86, 132, 70
L -12.6423, 836.5950, 0.0000, 33.9520, 836.5950, 0.0000, 86, 132, 70
L -9.0312, 821.0635, 0.0000, 10.6549, 802.6200, 0.0000, 86, 132, 70
L 10.6549, 802.6200, 0.0000, 30.3410, 821.0635, 0.0000, 86, 132, 70
L -9.0312, 821.0635, 0.0000, 30.3410, 821.0635, 0.0000, 86, 132, 70
L -5.4201, 805.5321, 0.0000, 10.6549, 787.0885, 0.0000, 86, 132, 70
L 10.6549, 787.0885, 0.0000, 26.7299, 805.5321, 0.0000, 86, 132, 70
L -5.4201, 805.5321, 0.0000, 26.7299, 805.5321, 0.0000, 86, 132, 70
L -1.8091, 790.0007, 0.0000, 10.6549, 771.5571, 0.0000, 86, 132, 70
L 10.6549, 771.5571, 0.0000, 23.1189, 790.0007, 0.0000, 86, 132, 70
L -1.8091, 790.0007, 0.0000, 23.1189, 790.0007, 0.0000, 86, 132, 70
L 625.0605, 318.4632, 0.0000, 625.0605, 309.2507, 0.0000, 62, 104, 56
L 607.7871, 310.9780, 0.0000, 625.0605, 297.3032, 0.0000, 86, 132, 70
L 625.0605, 297.3032, 0.0000, 642.3340, 310.9780, 0.0000, 86, 132, 70
L 607.7871, 310.9780, 0.0000, 642.3340, 310.9780, 0.0000, 86, 132, 70
L 610.4644, 299.4624, 0.0000, 625.0605, 285.7875, 0.0000, 86, 132, 70
L 625.0605, 285.7875, 0.0000, 639.6566, 299.4624, 0.0000, 86, 132, 70
L 610.4644, 299.4624, 0.0000, 639.6566, 299.4624, 0.0000, 86, 132, 70
L 613.1418, 287.9467, 0.0000, 625.0605, 274.2719, 0.0000, 86, 132, 70
L 625.0605, 274.2719, 0.0000, 636.9792, 287.9467, 0.0000, 86, 132, 70
L 613.1418, 287.9467, 0.0000, 636.9792, 287.9467, 0.0000, 86, 132, 70
L 615.8192, 276.4311, 0.0000, 625.0605, 262.7562, 0.0000, 86, 132, 70
L 625.0605, 262.7562, 0.0000, 634.3019, 276.4311, 0.0000, 86, 132, 70
L 615.8192, 276.4311, 0.0000, 634.3019, 276.4311, 0.0000, 86, 132, 70
L 60.7923, -563.7253, 0.0000, 60.7923, -573.8319, 0.0000, 62, 104, 56
L 41.8426, -571.9369, 0.0000, 60.7923, -586.9389, 0.0000, 86, 132, 70
L 60.7923, -586.9389, 0.0000, 79.7422, -571.9369, 0.0000, 86, 132, 70
L 41.8426, -571.9369, 0.0000, 79.7422, -571.9369, 0.0000, 86, 132, 70
L 44.7798, -584.5702, 0.0000, 60.7923, -599.5721, 0.0000, 86, 132, 70
L 60.7923, -599.5721, 0.0000, 76.8050, -584.5702, 0.0000, 86, 132, 70
L 44.7798, -584.5702, 0.0000, 76.8050, -584.5702, 0.0000, 86, 132, 70
L 47.7170, -597.2034, 0.0000, 60.7923, -612.2053, 0.0000, 86, 132, 70
L 60.7923, -612.2053, 0.0000, 73.8678, -597.2034, 0.0000, 86, 132, 70
L 47.7170, -597.2034, 0.0000, 73.8678, -597.2034, 0.0000, 86, 132, 70
L 50.6542, -609.8365, 0.0000, 60.7923, -624.8385, 0.0000, 86, 132, 70
L 60.7923, -624.8385, 0.0000, 70.9305, -609.8365, 0.0000, 86, 132, 70
L 50.6542, -609.8365, 0.0000, 70.9305, -609.8365, 0.0000, 86, 132, 70
L 126.3338, 951.3761, 0.0000, 124.3711, 955.6514, 0.0000, 86, 132, 70
L 124.3711, 955.6514, 0.0000, 120.6106, 958.6776, 0.0000, 86, 132, 70
L 120.6106, 958.6776, 0.0000, 119.7058, 963.2264, 0.0000, 86, 132, 70
L 119.7058, 963.2264, 0.0000, 116.2160, 966.5823, 0.0000, 86, 132, 70
L 116.2160, 966.5823, 0.0000, 110.6478, 965.8541, 0.0000, 86, 132, 70
L 110.6478, 965.8541, 0.0000, 106.2395, 966.8954, 0.0000, 86, 132, 70
L 106.2395, 966.8954, 0.0000, 101.0000, 968.5836, 0.0000, 86, 132, 70
L 101.0000, 968.5836, 0.0000, 97.0940, 965.3156, 0.0000, 86, 132, 70
L 97.0940, 965.3156, 0.0000, 94.4354, 961.7637, 0.0000, 86, 132, 70
L 94.4354, 961.7637, 0.0000, 89.3750, 959.9444, 0.0000, 86, 132, 70
L 89.3750, 959.9444, 0.0000, 87.2767, 955.8474, 0.0000, 86, 132, 70
L 87.2767, 955.8474, 0.0000, 89.4696, 951.3761, 0.0000, 86, 132, 70
L 89.4696, 951.3761, 0.0000, 88.7630, 947.2552, 0.0000, 86, 132, 70
L 88.7630, 947.2552, 0.0000, 88.6852, 942.4573, 0.0000, 86, 132, 70
L 88.6852, 942.4573, 0.0000, 93.6388, 940.2875, 0.0000, 86, 132, 70
L 93.6388, 940.2875, 0.0000, 97.7839, 938.4880, 0.0000, 86, 132, 70
L 97.7839, 938.4880, 0.0000, 101.1067, 934.5190, 0.0000, 86, 132, 70
L 101.1067, 934.5190, 0.0000, 106.2395, 934.4549, 0.0000, 86, 132, 70
L 106.2395, 934.4549, 0.0000, 110.5411, 937.2485, 0.0000, 86, 132, 70
L 110.5411, 937.2485, 0.0000, 115.5262, 937.2213, 0.0000, 86, 132, 70
L 115.5262, 937.2213, 0.0000, 120.5023, 938.8248, 0.0000, 86, 132, 70
L 120.5023, 938.8248, 0.0000, 121.3004, 943.7241, 0.0000, 86, 132, 70
L 121.3004, 943.7241, 0.0000, 122.8848, 947.4512, 0.0000, 86, 132, 70
L 122.8848, 947.4512, 0.0000, 126.3338, 951.3761, 0.0000, 86, 132, 70
L 106.2395, 966.4904, 0.0000, 106.2395, 979.5664, 0.0000, 62, 104, 56
L 228.0264, 643.8702, 0.0000, 223.6485, 648.7504, 0.0000, 86, 132, 70
L 223.6485, 648.7504, 0.0000, 222.0152, 653.5557, 0.0000, 86, 132, 70
L 222.0152, 653.5557, 0.0000, 220.8820, 659.6488, 0.0000, 86, 132, 70
L 220.8820, 659.6488, 0.0000, 214.4718, 661.4292, 0.0000, 86, 132, 70
L 214.4718, 661.4292, 0.0000, 208.3597, 661.6312, 0.0000, 86, 132, 70
L 208.3597, 661.6312, 0.0000, 202.9517, 665.2739, 0.0000, 86, 132, 70
L 202.9517, 665.2739, 0.0000, 196.5605, 664.8600, 0.0000, 86, 132, 70
L 196.5605, 664.8600, 0.0000, 192.4147, 659.9307, 0.0000, 86, 132, 70
L 192.4147, 659.9307, 0.0000, 186.9877, 657.9185, 0.0000, 86, 132, 70
L 186.9877, 657.9185, 0.0000, 180.9388, 655.0542, 0.0000, 86, 132, 70
L 180.9388, 655.0542, 0.0000, 181.2717, 648.9822, 0.0000, 86, 132, 70
L 181.2717, 648.9822, 0.0000, 181.8095, 643.8702, 0.0000, 86, 132, 70
L 181.8095, 643.8702, 0.0000, 179.0064, 638.2240, 0.0000, 86, 132, 70
L 179.0064, 638.2240, 0.0000, 181.9901, 633.2203, 0.0000, 86, 132, 70
L 181.9901, 633.2203, 0.0000, 188.2016, 630.8901, 0.0000, 86, 132, 70
L 188.2016, 630.8901, 0.0000, 191.3633, 626.2071, 0.0000, 86, 132, 70
L 191.3633, 626.2071, 0.0000, 196.3979, 622.3461, 0.0000, 86, 132, 70
L 196.3979, 622.3461, 0.0000, 202.9517, 624.6030, 0.0000, 86, 132, 70
L 202.9517, 624.6030, 0.0000, 208.5223, 625.5749, 0.0000, 86, 132, 70
L 208.5223, 625.5749, 0.0000, 215.5232, 624.7086, 0.0000, 86, 132, 70
L 215.5232, 624.7086, 0.0000, 219.6680, 629.1598, 0.0000, 86, 132, 70
L 219.6680, 629.1598, 0.0000, 220.9638, 634.7188, 0.0000, 86, 132, 70
L 220.9638, 634.7188, 0.0000, 225.9139, 638.4558, 0.0000, 86, 132, 70
L 225.9139, 638.4558, 0.0000, 228.0264, 643.8702, 0.0000, 86, 132, 70
L 202.9517, 662.8191, 0.0000, 202.9517, 679.2125, 0.0000, 62, 104, 56
L -524.1491, 849.2471, 0.0000, -527.5290, 854.6118, 0.0000, 86, 132, 70
L -527.5290, 854.6118, 0.0000, -526.5952, 861.2808, 0.0000, 86, 132, 70
L -526.5952, 861.2808, 0.0000, -530.5083, 866.6466, 0.0000, 86, 132, 70
L -530.5083, 866.6466, 0.0000, -538.3556, 867.4229, 0.0000, 86, 132, 70
L -538.3556, 867.4229, 0.0000, -543.7153, 870.8082, 0.0000, 86, 132, 70
L -543.7153, 870.8082, 0.0000, -550.2804, 874.4972, 0.0000, 86, 132, 70
L -550.2804, 874.4972, 0.0000, -556.8686, 870.8839, 0.0000, 86, 132, 70
L -556.8686, 870.8839, 0.0000, -562.1821, 867.3878, 0.0000, 86, 132, 70
L -562.1821, 867.3878, 0.0000, -570.0064, 866.6060, 0.0000, 86, 132, 70
L -570.0064, 866.6060, 0.0000, -574.0348, 861.3159, 0.0000, 86, 132, 70
L -574.0348, 861.3159, 0.0000, -573.0549, 854.6172, 0.0000, 86, 132, 70
L -573.0549, 854.6172, 0.0000, -576.3195, 849.2471, 0.0000, 86, 132, 70
L -576.3195, 849.2471, 0.0000, -577.9217, 842.7294, 0.0000, 86, 132, 70
L -577.9217, 842.7294, 0.0000, -571.7761, 838.3258, 0.0000, 86, 132, 70
L -571.7761, 838.3258, 0.0000, -567.3983, 834.1833, 0.0000, 86, 132, 70
L -567.3983, 834.1833, 0.0000, -564.4408, 827.6637, 0.0000, 86, 132, 70
L -564.4408, 827.6637, 0.0000, -557.2180, 826.4627, 0.0000, 86, 132, 70
L -557.2180, 826.4627, 0.0000, -550.2804, 828.5873, 0.0000, 86, 132, 70
L -550.2804, 828.5873, 0.0000, -543.3659, 826.5384, 0.0000, 86, 132, 70
L -543.3659, 826.5384, 0.0000, -536.0970, 827.6286, 0.0000, 86, 132, 70
L -536.0970, 827.6286, 0.0000, -533.1164, 834.1428, 0.0000, 86, 132, 70
L -533.1164, 834.1428, 0.0000, -528.8539, 838.3610, 0.0000, 86, 132, 70
L -528.8539, 838.3610, 0.0000, -522.6622, 842.7348, 0.0000, 86, 132, 70
L -522.6622, 842.7348, 0.0000, -524.1491, 849.2471, 0.0000, 86, 132, 70
L -550.2804, 870.6369, 0.0000, -550.2804, 889.1421, 0.0000, 62, 104, 56
L -820.4345, 684.7103, 0.0000, -819.9993, 690.0083, 0.0000, 86, 132, 70
L -819.9993, 690.0083, 0.0000, -819.5783, 696.3397, 0.0000, 86, 132, 70
L -819.5783, 696.3397, 0.0000, -825.8069, 699.3718, 0.0000, 86, 132, 70
L -825.8069, 699.3718, 0.0000, -831.5290, 701.3831, 0.0000, 86, 132, 70
L -831.5290, 701.3831, 0.0000, -835.8373, 706.4858, 0.0000, 86, 132, 70
L -835.8373, 706.4858, 0.0000, -842.4677, 707.0325, 0.0000, 86, 132, 70
L -842.4677, 707.0325, 0.0000, -848.0985, 703.2033, 0.0000, 86, 132, 70
L -848.0985, 703.2033, 0.0000, -854.4058, 702.9066, 0.0000, 86, 132, 70
L -854.4058, 702.9066, 0.0000, -861.1274, 701.1309, 0.0000, 86, 132, 70
L -861.1274, 701.1309, 0.0000, -862.3585, 694.8162, 0.0000, 86, 132, 70
L -862.3585, 694.8162, 0.0000, -863.9365, 689.7726, 0.0000, 86, 132, 70
L -863.9365, 689.7726, 0.0000, -868.4988, 684.7103, 0.0000, 86, 132, 70
L -868.4988, 684.7103, 0.0000, -866.4258, 679.0611, 0.0000, 86, 132, 70
L -866.4258, 679.0611, 0.0000, -861.2032, 675.1914, 0.0000, 86, 132, 70
L -861.2032, 675.1914, 0.0000, -859.7934, 669.4637, 0.0000, 86, 132, 70
L -859.7934, 669.4637, 0.0000, -855.5611, 664.7532, 0.0000, 86, 132, 70
L -855.5611, 664.7532, 0.0000, -848.2772, 665.6304, 0.0000, 86, 132, 70
L -848.2772, 665.6304, 0.0000, -842.4677, 664.7360, 0.0000, 86, 132, 70
L -842.4677, 664.7360, 0.0000, -835.6586, 662.3479, 0.0000, 86, 132, 70
L -835.6586, 662.3479, 0.0000, -830.3737, 666.2767, 0.0000, 86, 132, 70
L -830.3737, 666.2767, 0.0000, -827.1408, 671.2227, 0.0000, 86, 132, 70
L -827.1408, 671.2227, 0.0000, -820.7336, 673.6680, 0.0000, 86, 132, 70
L -820.7336, 673.6680, 0.0000, -817.5100, 678.8254, 0.0000, 86, 132, 70
L -817.5100, 678.8254, 0.0000, -820.4345, 684.7103, 0.0000, 86, 132, 70
L -842.4677, 704.4167, 0.0000, -842.4677, 721.4654, 0.0000, 62, 104, 56
L -472.7433, 762.5076, 0.0000, -472.7433, 750.3149, 0.0000, 62, 104, 56
L -495.6047, 752.6010, 0.0000, -472.7433, 734.5025, 0.0000, 86, 132, 70
L -472.7433, 734.5025, 0.0000, -449.8820, 752.6010, 0.0000, 86, 132, 70
L -495.6047, 752.6010, 0.0000, -449.8820, 752.6010, 0.0000, 86, 132, 70
L -492.0611, 737.3601, 0.0000, -472.7433, 719.2616, 0.0000, 86, 132, 70
L -472.7433, 719.2616, 0.0000, -453.4255, 737.3601, 0.0000, 86, 132, 70
L -492.0611, 737.3601, 0.0000, -453.4255, 737.3601, 0.0000, 86, 132, 70
L -488.5176, 722.1192, 0.0000, -472.7433, 704.0207, 0.0000, 86, 132, 70
L -472.7433, 704.0207, 0.0000, -456.9690, 722.1192, 0.0000, 86, 132, 70
L -488.5176, 722.1192, 0.0000, -456.9690, 722.1192, 0.0000, 86, 132, 70
L -484.9741, 706.8783, 0.0000, -472.7433, 688.7798, 0.0000, 86, 132, 70
L -472.7433, 688.7798, 0.0000, -460.5125, 706.8783, 0.0000, 86, 132, 70
L -484.9741, 706.8783, 0.0000, -460.5125, 706.8783, 0.0000, 86, 132, 70
L 442.7267, 774.7767, 0.0000, 444.7958, 781.4307, 0.0000, 86, 132, 70
L 444.7958, 781.4307, 0.0000, 438.7682, 786.0517, 0.0000, 86, 132, 70
L 438.7682, 786.0517, 0.0000, 433.8429, 789.9713, 0.0000, 86, 132, 70
L 433.8429, 789.9713, 0.0000, 430.8929, 796.5981, 0.0000, 86, 132, 70
L 430.8929, 796.5981, 0.0000, 423.7347, 798.2863, 0.0000, 86, 132, 70
L 423.7347, 798.2863, 0.0000, 416.5763, 795.8511, 0.0000, 86, 132, 70
L 416.5763, 795.8511, 0.0000, 409.6287, 797.5943, 0.0000, 86, 132, 70
L 409.6287, 797.5943, 0.0000, 402.0491, 796.9192, 0.0000, 86, 132, 70
L 402.0491, 796.9192, 0.0000, 398.8883, 790.3422, 0.0000, 86, 132, 70
L 398.8883, 790.3422, 0.0000, 395.0166, 785.7305, 0.0000, 86, 132, 70
L 395.0166, 785.7305, 0.0000, 388.5675, 781.3811, 0.0000, 86, 132, 70
L 388.5675, 781.3811, 0.0000, 389.5832, 774.7767, 0.0000, 86, 132, 70
L 389.5832, 774.7767, 0.0000, 393.4631, 769.3267, 0.0000, 86, 132, 70
L 393.4631, 769.3267, 0.0000, 392.7445, 762.6685, 0.0000, 86, 132, 70
L 392.7445, 762.6685, 0.0000, 396.2648, 756.9025, 0.0000, 86, 132, 70
L 396.2648, 756.9025, 0.0000, 404.3211, 756.0973, 0.0000, 86, 132, 70
L 404.3211, 756.0973, 0.0000, 409.9801, 753.1135, 0.0000, 86, 132, 70
L 409.9801, 753.1135, 0.0000, 416.5763, 749.0848, 0.0000, 86, 132, 70
L 416.5763, 749.0848, 0.0000, 423.3832, 752.4215, 0.0000, 86, 132, 70
L 423.3832, 752.4215, 0.0000, 428.6208, 756.4184, 0.0000, 86, 132, 70
L 428.6208, 756.4184, 0.0000, 436.4665, 757.2734, 0.0000, 86, 132, 70
L 436.4665, 757.2734, 0.0000, 441.0402, 762.3474, 0.0000, 86, 132, 70
L 441.0402, 762.3474, 0.0000, 439.9002, 769.2770, 0.0000, 86, 132, 70
L 439.9002, 769.2770, 0.0000, 442.7267, 774.7767, 0.0000, 86, 132, 70
L 416.5763, 796.5656, 0.0000, 416.5763, 815.4159, 0.0000, 62, 104, 56
L -887.5156, -578.6315, 0.0000, -887.5156, -589.3252, 0.0000, 62, 104, 56
L -907.5663, -587.3201, 0.0000, -887.5156, -603.1936, 0.0000, 86, 132, 70
L -887.5156, -603.1936, 0.0000, -867.4648, -587.3201, 0.0000, 86, 132, 70
L -907.5663, -587.3201, 0.0000, -867.4648, -587.3201, 0.0000, 86, 132, 70
L -904.4584, -600.6873, 0.0000, -887.5156, -616.5607, 0.0000, 86, 132, 70
L -887.5156, -616.5607, 0.0000, -870.5727, -600.6873, 0.0000, 86, 132, 70
L -904.4584, -600.6873, 0.0000, -870.5727, -600.6873, 0.0000, 86, 132, 70
L -901.3505, -614.0544, 0.0000, -887.5156, -629.9279, 0.0000, 86, 132, 70
L -887.5156, -629.9279, 0.0000, -873.6805, -614.0544, 0.0000, 86, 132, 70
L -901.3505, -614.0544, 0.0000, -873.6805, -614.0544, 0.0000, 86, 132, 70
L -898.2427, -627.4215, 0.0000, -887.5156, -643.2951, 0.0000, 86, 132, 70
L -887.5156, -643.2951, 0.0000, -876.7884, -627.4215, 0.0000, 86, 132, 70
L -898.2427, -627.4215, 0.0000, -876.7884, -627.4215, 0.0000, 86, 132, 70
L 94.2399, 591.7022, 0.0000, 90.9916, 595.6164, 0.0000, 86, 132, 70
L 90.9916, 595.6164, 0.0000, 88.9701, 599.1092, 0.0000, 86, 132, 70
L 88.9701, 599.1092, 0.0000, 88.3064, 603.9475, 0.0000, 86, 132, 70
L 88.3064, 603.9475, 0.0000, 83.6703, 605.8454, 0.0000, 86, 132, 70
L 83.6703, 605.8454, 0.0000, 78.6083, 605.5519, 0.0000, 86, 132, 70
L 78.6083, 605.5519, 0.0000, 74.3912, 608.0584, 0.0000, 86, 132, 70
L 74.3912, 608.0584, 0.0000, 69.3017, 608.4171, 0.0000, 86, 132, 70
L 69.3017, 608.4171, 0.0000, 65.9845, 604.5157, 0.0000, 86, 132, 70
L 65.9845, 604.5157, 0.0000, 62.2209, 602.4121, 0.0000, 86, 132, 70
L 62.2209, 602.4121, 0.0000, 57.1951, 600.4389, 0.0000, 86, 132, 70
L 57.1951, 600.4389, 0.0000, 56.9184, 595.8222, 0.0000, 86, 132, 70
L 56.9184, 595.8222, 0.0000, 58.0322, 591.7022, 0.0000, 86, 132, 70
L 58.0322, 591.7022, 0.0000, 56.0176, 587.3697, 0.0000, 86, 132, 70
L 56.0176, 587.3697, 0.0000, 57.6132, 583.1778, 0.0000, 86, 132, 70
L 57.6132, 583.1778, 0.0000, 62.7036, 581.4171, 0.0000, 86, 132, 70
L 62.7036, 581.4171, 0.0000, 65.5664, 578.2514, 0.0000, 86, 132, 70
L 65.5664, 578.2514, 0.0000, 69.2370, 574.7748, 0.0000, 86, 132, 70
L 69.2370, 574.7748, 0.0000, 74.3912, 576.1956, 0.0000, 86, 132, 70
L 74.3912, 576.1956, 0.0000, 78.6730, 577.6400, 0.0000, 86, 132, 70
L 78.6730, 577.6400, 0.0000, 84.0884, 576.9217, 0.0000, 86, 132, 70
L 84.0884, 576.9217, 0.0000, 87.8236, 579.8817, 0.0000, 86, 132, 70
L 87.8236, 579.8817, 0.0000, 88.5520, 584.5075, 0.0000, 86, 132, 70
L 88.5520, 584.5075, 0.0000, 91.8924, 587.5755, 0.0000, 86, 132, 70
L 91.8924, 587.5755, 0.0000, 94.2399, 591.7022, 0.0000, 86, 132, 70
L 74.3912, 606.5473, 0.0000, 74.3912, 619.3904, 0.0000, 62, 104, 56
L -1104.5858, -295.8166, 0.0000, -1104.5858, -306.9247, 0.0000, 62, 104, 56
L -1125.4134, -304.8419, 0.0000, -1104.5858, -321.3305, 0.0000, 86, 132, 70
L -1104.5858, -321.3305, 0.0000, -1083.7582, -304.8419, 0.0000, 86, 132, 70
L -1125.4134, -304.8419, 0.0000, -1083.7582, -304.8419, 0.0000, 86, 132, 70
L -1122.1852, -318.7270, 0.0000, -1104.5858, -335.2155, 0.0000, 86, 132, 70
L -1104.5858, -335.2155, 0.0000, -1086.9865, -318.7270, 0.0000, 86, 132, 70
L -1122.1852, -318.7270, 0.0000, -1086.9865, -318.7270, 0.0000, 86, 132, 70
L -1118.9569, -332.6121, 0.0000, -1104.5858, -349.1006, 0.0000, 86, 132, 70
L -1104.5858, -349.1006, 0.0000, -1090.2148, -332.6121, 0.0000, 86, 132, 70
L -1118.9569, -332.6121, 0.0000, -1090.2148, -332.6121, 0.0000, 86, 132, 70
L -1115.7286, -346.4972, 0.0000, -1104.5858, -362.9857, 0.0000, 86, 132, 70
L -1104.5858, -362.9857, 0.0000, -1093.4431, -346.4972, 0.0000, 86, 132, 70
L -1115.7286, -346.4972, 0.0000, -1093.4431, -346.4972, 0.0000, 86, 132, 70
L 328.3089, -530.4482, 0.0000, 328.3089, -537.7895, 0.0000, 62, 104, 56
L 314.5440, -536.4129, 0.0000, 328.3089, -547.3101, 0.0000, 86, 132, 70
L 328.3089, -547.3101, 0.0000, 342.0737, -536.4129, 0.0000, 86, 132, 70
L 314.5440, -536.4129, 0.0000, 342.0737, -536.4129, 0.0000, 86, 132, 70
L 316.6776, -545.5895, 0.0000, 328.3089, -556.4867, 0.0000, 86, 132, 70
L 328.3089, -556.4867, 0.0000, 339.9402, -545.5895, 0.0000, 86, 132, 70
L 316.6776, -545.5895, 0.0000, 339.9402, -545.5895, 0.0000, 86, 132, 70
L 318.8111, -554.7661, 0.0000, 328.3089, -565.6633, 0.0000, 86, 132, 70
L 328.3089, -565.6633, 0.0000, 337.8066, -554.7661, 0.0000, 86, 132, 70
L 318.8111, -554.7661, 0.0000, 337.8066, -554.7661, 0.0000, 86, 132, 70
L 320.9446, -563.9427, 0.0000, 328.3089, -574.8399, 0.0000, 86, 132, 70
L 328.3089, -574.8399, 0.0000, 335.6731, -563.9427, 0.0000, 86, 132, 70
L 320.9446, -563.9427, 0.0000, 335.6731, -563.9427, 0.0000, 86, 132, 70
L 260.0792, 108.3240, 0.0000, 262.4789, 113.8949, 0.0000, 86, 132, 70
L 262.4789, 113.8949, 0.0000, 260.8814, 119.5160, 0.0000, 86, 132, 70
L 260.8814, 119.5160, 0.0000, 254.1953, 121.8254, 0.0000, 86, 132, 70
L 254.1953, 121.8254, 0.0000, 250.1808, 125.5903, 0.0000, 86, 132, 70
L 250.1808, 125.5903, 0.0000, 245.5559, 130.3383, 0.0000, 86, 132, 70
L 245.5559, 130.3383, 0.0000, 238.8528, 128.7944, 0.0000, 86, 132, 70
L 238.8528, 128.7944, 0.0000, 233.3182, 126.5008, 0.0000, 86, 132, 70
L 233.3182, 126.5008, 0.0000, 226.3563, 127.3713, 0.0000, 86, 132, 70
L 226.3563, 127.3713, 0.0000, 221.1733, 123.8820, 0.0000, 86, 132, 70
L 221.1733, 123.8820, 0.0000, 220.3296, 117.7350, 0.0000, 86, 132, 70
L 220.3296, 117.7350, 0.0000, 216.3952, 113.6194, 0.0000, 86, 132, 70
L 216.3952, 113.6194, 0.0000, 212.9525, 108.3240, 0.0000, 86, 132, 70
L 212.9525, 108.3240, 0.0000, 216.9580, 103.1613, 0.0000, 86, 132, 70
L 216.9580, 103.1613, 0.0000, 220.0684, 98.7803, 0.0000, 86, 132, 70
L 220.0684, 98.7803, 0.0000, 220.8717, 92.5006, 0.0000, 86, 132, 70
L 220.8717, 92.5006, 0.0000, 226.6175, 89.6749, 0.0000, 86, 132, 70
L 226.6175, 89.6749, 0.0000, 233.3586, 90.2799, 0.0000, 86, 132, 70
L 233.3586, 90.2799, 0.0000, 238.8528, 87.3228, 0.0000, 86, 132, 70
L 238.8528, 87.3228, 0.0000, 245.5155, 86.4424, 0.0000, 86, 132, 70
L 245.5155, 86.4424, 0.0000, 249.9196, 91.4559, 0.0000, 86, 132, 70
L 249.9196, 91.4559, 0.0000, 254.4969, 94.5572, 0.0000, 86, 132, 70
L 254.4969, 94.5572, 0.0000, 261.1426, 96.9993, 0.0000, 86, 132, 70
L 261.1426, 96.9993, 0.0000, 261.9161, 102.8858, 0.0000, 86, 132, 70
L 261.9161, 102.8858, 0.0000, 260.0792, 108.3240, 0.0000, 86, 132, 70
L 238.8528, 127.6460, 0.0000, 238.8528, 144.3621, 0.0000, 62, 104, 56
L 194.5011, 592.8325, 0.0000, 196.4161, 597.4495, 0.0000, 86, 132, 70
L 196.4161, 597.4495, 0.0000, 192.6891, 600.8873, 0.0000, 86, 132, 70
L 192.6891, 600.8873, 0.0000, 188.6567, 603.2352, 0.0000, 86, 132, 70
L 188.6567, 603.2352, 0.0000, 186.5880, 607.6975, 0.0000, 86, 132, 70
L 186.5880, 607.6975, 0.0000, 181.9214, 609.5360, 0.0000, 86, 132, 70
L 181.9214, 609.5360, 0.0000, 176.8354, 607.6060, 0.0000, 86, 132, 70
L 176.8354, 607.6060, 0.0000, 172.1445, 608.2384, 0.0000, 86, 132, 70
L 172.1445, 608.2384, 0.0000, 166.6877, 608.2997, 0.0000, 86, 132, 70
L 166.6877, 608.2997, 0.0000, 164.2240, 603.9306, 0.0000, 86, 132, 70
L 164.2240, 603.9306, 0.0000, 162.1670, 600.2851, 0.0000, 86, 132, 70
L 162.1670, 600.2851, 0.0000, 157.6498, 597.3564, 0.0000, 86, 132, 70
L 157.6498, 597.3564, 0.0000, 157.5893, 592.8325, 0.0000, 86, 132, 70
L 157.5893, 592.8325, 0.0000, 160.7621, 589.0425, 0.0000, 86, 132, 70
L 160.7621, 589.0425, 0.0000, 160.7226, 584.6461, 0.0000, 86, 132, 70
L 160.7226, 584.6461, 0.0000, 162.5561, 580.2667, 0.0000, 86, 132, 70
L 162.5561, 580.2667, 0.0000, 168.1321, 579.5669, 0.0000, 86, 132, 70
L 168.1321, 579.5669, 0.0000, 172.3679, 578.1605, 0.0000, 86, 132, 70
L 172.3679, 578.1605, 0.0000, 176.8354, 575.1236, 0.0000, 86, 132, 70
L 176.8354, 575.1236, 0.0000, 181.6980, 576.8629, 0.0000, 86, 132, 70
L 181.6980, 576.8629, 0.0000, 185.1436, 580.1691, 0.0000, 86, 132, 70
L 185.1436, 580.1691, 0.0000, 190.3245, 580.9621, 0.0000, 86, 132, 70
L 190.3245, 580.9621, 0.0000, 194.1335, 584.0439, 0.0000, 86, 132, 70
L 194.1335, 584.0439, 0.0000, 193.3038, 588.9493, 0.0000, 86, 132, 70
L 193.3038, 588.9493, 0.0000, 194.5011, 592.8325, 0.0000, 86, 132, 70
L 176.8354, 607.9663, 0.0000, 176.8354, 621.0592, 0.0000, 62, 104, 56
L -347.1314, 1057.1480, 0.0000, -347.5936, 1062.4928, 0.0000, 86, 132, 70
L -347.5936, 1062.4928, 0.0000, -352.9156, 1065.9606, 0.0000, 86, 132, 70
L -352.9156, 1065.9606, 0.0000, -355.0786, 1070.5084, 0.0000, 86, 132, 70
L -355.0786, 1070.5084, 0.0000, -358.1796, 1075.5624, 0.0000, 86, 132, 70
L -358.1796, 1075.5624, 0.0000, -364.7411, 1075.2762, 0.0000, 86, 132, 70
L -364.7411, 1075.2762, 0.0000, -370.2609, 1074.8388, 0.0000, 86, 132, 70
L -370.2609, 1074.8388, 0.0000, -376.3619, 1077.1848, 0.0000, 86, 132, 70
L -376.3619, 1077.1848, 0.0000, -381.7611, 1074.6766, 0.0000, 86, 132, 70
L -381.7611, 1074.6766, 0.0000, -384.2809, 1069.4856, 0.0000, 86, 132, 70
L -384.2809, 1069.4856, 0.0000, -389.3496, 1066.8464, 0.0000, 86, 132, 70
L -389.3496, 1066.8464, 0.0000, -393.5093, 1062.6299, 0.0000, 86, 132, 70
L -393.5093, 1062.6299, 0.0000, -391.0658, 1057.1480, 0.0000, 86, 132, 70
L -391.0658, 1057.1480, 0.0000, -390.0310, 1052.4863, 0.0000, 86, 132, 70
L -390.0310, 1052.4863, 0.0000, -390.9639, 1046.6294, 0.0000, 86, 132, 70
L -390.9639, 1046.6294, 0.0000, -386.1449, 1043.1700, 0.0000, 86, 132, 70
L -386.1449, 1043.1700, 0.0000, -380.1468, 1042.0799, 0.0000, 86, 132, 70
L -380.1468, 1042.0799, 0.0000, -376.1121, 1037.9313, 0.0000, 86, 132, 70
L -376.1121, 1037.9313, 0.0000, -370.2609, 1036.1765, 0.0000, 86, 132, 70
L -370.2609, 1036.1765, 0.0000, -364.9908, 1039.8399, 0.0000, 86, 132, 70
L -364.9908, 1039.8399, 0.0000, -359.7939, 1041.1941, 0.0000, 86, 132, 70
L -359.7939, 1041.1941, 0.0000, -353.2146, 1042.1472, 0.0000, 86, 132, 70
L -353.2146, 1042.1472, 0.0000, -351.3013, 1047.5152, 0.0000, 86, 132, 70
L -351.3013, 1047.5152, 0.0000, -351.0719, 1052.6233, 0.0000, 86, 132, 70
L -351.0719, 1052.6233, 0.0000, -347.1314, 1057.1480, 0.0000, 86, 132, 70
L -370.2609, 1075.1611, 0.0000, -370.2609, 1090.7449, 0.0000, 62, 104, 56
L 426.1489, 1099.6380, 0.0000, 426.1489, 1087.4349, 0.0000, 62, 104, 56
L 403.2681, 1089.7230, 0.0000, 426.1489, 1071.6090, 0.0000, 86, 132, 70
L 426.1489, 1071.6090, 0.0000, 449.0297, 1089.7230, 0.0000, 86, 132, 70
L 403.2681, 1089.7230, 0.0000, 449.0297, 1089.7230, 0.0000, 86, 132, 70
L 406.8146, 1074.4691, 0.0000, 426.1489, 1056.3552, 0.0000, 86, 132, 70
L 426.1489, 1056.3552, 0.0000, 445.4832, 1074.4691, 0.0000, 86, 132, 70
L 406.8146, 1074.4691, 0.0000, 445.4832, 1074.4691, 0.0000, 86, 132, 70
L 410.3612, 1059.2153, 0.0000, 426.1489, 1041.1013, 0.0000, 86, 132, 70
L 426.1489, 1041.1013, 0.0000, 441.9366, 1059.2153, 0.0000, 86, 132, 70
L 410.3612, 1059.2153, 0.0000, 441.9366, 1059.2153, 0.0000, 86, 132, 70
L 413.9077, 1043.9614, 0.0000, 426.1489, 1025.8475, 0.0000, 86, 132, 70
L 426.1489, 1025.8475, 0.0000, 438.3901, 1043.9614, 0.0000, 86, 132, 70
L 413.9077, 1043.9614, 0.0000, 438.3901, 1043.9614, 0.0000, 86, 132, 70
L -945.8517, -406.3223, 0.0000, -945.8517, -417.1225, 0.0000, 62, 104, 56
L -966.1021, -415.0975, 0.0000, -945.8517, -431.1290, 0.0000, 86, 132, 70
L -945.8517, -431.1290, 0.0000, -925.6013, -415.0975, 0.0000, 86, 132, 70
L -966.1021, -415.0975, 0.0000, -925.6013, -415.0975, 0.0000, 86, 132, 70
L -962.9633, -428.5977, 0.0000, -945.8517, -444.6293, 0.0000, 86, 132, 70
L -945.8517, -444.6293, 0.0000, -928.7401, -428.5977, 0.0000, 86, 132, 70
L -962.9633, -428.5977, 0.0000, -928.7401, -428.5977, 0.0000, 86, 132, 70
L -959.8245, -442.0980, 0.0000, -945.8517, -458.1296, 0.0000, 86, 132, 70
L -945.8517, -458.1296, 0.0000, -931.8789, -442.0980, 0.0000, 86, 132, 70
L -959.8245, -442.0980, 0.0000, -931.8789, -442.0980, 0.0000, 86, 132, 70
L -956.6857, -455.5983, 0.0000, -945.8517, -471.6299, 0.0000, 86, 132, 70
L -945.8517, -471.6299, 0.0000, -935.0177, -455.5983, 0.0000, 86, 132, 70
L -956.6857, -455.5983, 0.0000, -935.0177, -455.5983, 0.0000, 86, 132, 70
L 236.7362, 1096.3170, 0.0000, 236.7362, 1083.7368, 0.0000, 62, 104, 56
L 213.1483, 1086.0956, 0.0000, 236.7362, 1067.4219, 0.0000, 86, 132, 70
L 236.7362, 1067.4219, 0.0000, 260.3240, 1086.0956, 0.0000, 86, 132, 70
L 213.1483, 1086.0956, 0.0000, 260.3240, 1086.0956, 0.0000, 86, 132, 70
L 216.8044, 1070.3704, 0.0000, 236.7362, 1051.6967, 0.0000, 86, 132, 70
L 236.7362, 1051.6967, 0.0000, 256.6679, 1070.3704, 0.0000, 86, 132, 70
L 216.8044, 1070.3704, 0.0000, 256.6679, 1070.3704, 0.0000, 86, 132, 70
L 220.4606, 1054.6452, 0.0000, 236.7362, 1035.9715, 0.0000, 86, 132, 70
L 236.7362, 1035.9715, 0.0000, 253.0117, 1054.6452, 0.0000, 86, 132, 70
L 220.4606, 1054.6452, 0.0000, 253.0117, 1054.6452, 0.0000, 86, 132, 70
L 224.1167, 1038.9200, 0.0000, 236.7362, 1020.2463, 0.0000, 86, 132, 70
L 236.7362, 1020.2463, 0.0000, 249.3556, 1038.9200, 0.0000, 86, 132, 70
L 224.1167, 1038.9200, 0.0000, 249.3556, 1038.9200, 0.0000, 86, 132, 70
L 510.0708, 154.4161, 0.0000, 512.1577, 158.7794, 0.0000, 86, 132, 70
L 512.1577, 158.7794, 0.0000, 509.1874, 162.3086, 0.0000, 86, 132, 70
L 509.1874, 162.3086, 0.0000, 504.8461, 164.2660, 0.0000, 86, 132, 70
L 504.8461, 164.2660, 0.0000, 502.7233, 168.2410, 0.0000, 86, 132, 70
L 502.7233, 168.2410, 0.0000, 498.5841, 170.6109, 0.0000, 86, 132, 70
L 498.5841, 170.6109, 0.0000, 493.6530, 168.7330, 0.0000, 86, 132, 70
L 493.6530, 168.7330, 0.0000, 489.3054, 168.6947, 0.0000, 86, 132, 70
L 489.3054, 168.6947, 0.0000, 483.9993, 169.1303, 0.0000, 86, 132, 70
L 483.9993, 169.1303, 0.0000, 481.2930, 165.2929, 0.0000, 86, 132, 70
L 481.2930, 165.2929, 0.0000, 479.8690, 161.4193, 0.0000, 86, 132, 70
L 479.8690, 161.4193, 0.0000, 475.7318, 158.6418, 0.0000, 86, 132, 70
L 475.7318, 158.6418, 0.0000, 474.9013, 154.4161, 0.0000, 86, 132, 70
L 474.9013, 154.4161, 0.0000, 478.1865, 150.7692, 0.0000, 86, 132, 70
L 478.1865, 150.7692, 0.0000, 478.7298, 146.8341, 0.0000, 86, 132, 70
L 478.7298, 146.8341, 0.0000, 479.9775, 142.3816, 0.0000, 86, 132, 70
L 479.9775, 142.3816, 0.0000, 485.1385, 141.4383, 0.0000, 86, 132, 70
L 485.1385, 141.4383, 0.0000, 489.4816, 140.7163, 0.0000, 86, 132, 70
L 489.4816, 140.7163, 0.0000, 493.6530, 137.7839, 0.0000, 86, 132, 70
L 493.6530, 137.7839, 0.0000, 498.4079, 138.8001, 0.0000, 86, 132, 70
L 498.4079, 138.8001, 0.0000, 501.5840, 142.3276, 0.0000, 86, 132, 70
L 501.5840, 142.3276, 0.0000, 506.1616, 143.4086, 0.0000, 86, 132, 70
L 506.1616, 143.4086, 0.0000, 510.3267, 145.9447, 0.0000, 86, 132, 70
L 510.3267, 145.9447, 0.0000, 509.7029, 150.6316, 0.0000, 86, 132, 70
L 509.7029, 150.6316, 0.0000, 510.0708, 154.4161, 0.0000, 86, 132, 70
L 493.6530, 168.8356, 0.0000, 493.6530, 181.3104, 0.0000, 62, 104, 56
L -35.6203, 353.8894, 0.0000, -35.6203, 345.1533, 0.0000, 62, 104, 56
L -52.0003, 346.7913, 0.0000, -35.6203, 333.8238, 0.0000, 86, 132, 70
L -35.6203, 333.8238, 0.0000, -19.2402, 346.7913, 0.0000, 86, 132, 70
L -52.0003, 346.7913, 0.0000, -19.2402, 346.7913, 0.0000, 86, 132, 70
L -49.4614, 335.8713, 0.0000, -35.6203, 322.9038, 0.0000, 86, 132, 70
L -35.6203, 322.9038, 0.0000, -21.7791, 335.8713, 0.0000, 86, 132, 70
L -49.4614, 335.8713, 0.0000, -21.7791, 335.8713, 0.0000, 86, 132, 70
L -46.9225, 324.9513, 0.0000, -35.6203, 311.9838, 0.0000, 86, 132, 70
L -35.6203, 311.9838, 0.0000, -24.3180, 324.9513, 0.0000, 86, 132, 70
L -46.9225, 324.9513, 0.0000, -24.3180, 324.9513, 0.0000, 86, 132, 70
L -44.3836, 314.0313, 0.0000, -35.6203, 301.0637, 0.0000, 86, 132, 70
L -35.6203, 301.0637, 0.0000, -26.8569, 314.0313, 0.0000, 86, 132, 70
L -44.3836, 314.0313, 0.0000, -26.8569, 314.0313, 0.0000, 86, 132, 70
L 425.3839, 680.5881, 0.0000, 425.3839, 672.1829, 0.0000, 62, 104, 56
L 409.6240, 673.7588, 0.0000, 425.3839, 661.2823, 0.0000, 86, 132, 70
L 425.3839, 661.2823, 0.0000, 441.1437, 673.7588, 0.0000, 86, 132, 70
L 409.6240, 673.7588, 0.0000, 441.1437, 673.7588, 0.0000, 86, 132, 70
L 412.0668, 663.2523, 0.0000, 425.3839, 650.7757, 0.0000, 86, 132, 70
L 425.3839, 650.7757, 0.0000, 438.7009, 663.2523, 0.0000, 86, 132, 70
L 412.0668, 663.2523, 0.0000, 438.7009, 663.2523, 0.0000, 86, 132, 70
L 414.5096, 652.7457, 0.0000, 425.3839, 640.2692, 0.0000, 86, 132, 70
L 425.3839, 640.2692, 0.0000, 436.2581, 652.7457, 0.0000, 86, 132, 70
L 414.5096, 652.7457, 0.0000, 436.2581, 652.7457, 0.0000, 86, 132, 70
L 416.9523, 642.2392, 0.0000, 425.3839, 629.7626, 0.0000, 86, 132, 70
L 425.3839, 629.7626, 0.0000, 433.8154, 642.2392, 0.0000, 86, 132, 70
L 416.9523, 642.2392, 0.0000, 433.8154, 642.2392, 0.0000, 86, 132, 70
L 296.1375, 781.6821, 0.0000, 296.1375, 770.7997, 0.0000, 62, 104, 56
L 275.7330, 772.8402, 0.0000, 296.1375, 756.6866, 0.0000, 86, 132, 70
L 296.1375, 756.6866, 0.0000, 316.5420, 772.8402, 0.0000, 86, 132, 70
L 275.7330, 772.8402, 0.0000, 316.5420, 772.8402, 0.0000, 86, 132, 70
L 278.8957, 759.2371, 0.0000, 296.1375, 743.0836, 0.0000, 86, 132, 70
L 296.1375, 743.0836, 0.0000, 313.3793, 759.2371, 0.0000, 86, 132, 70
L 278.8957, 759.2371, 0.0000, 313.3793, 759.2371, 0.0000, 86, 132, 70
L 282.0584, 745.6341, 0.0000, 296.1375, 729.4806, 0.0000, 86, 132, 70
L 296.1375, 729.4806, 0.0000, 310.2166, 745.6341, 0.0000, 86, 132, 70
L 282.0584, 745.6341, 0.0000, 310.2166, 745.6341, 0.0000, 86, 132, 70
L 285.2211, 732.0311, 0.0000, 296.1375, 715.8776, 0.0000, 86, 132, 70
L 296.1375, 715.8776, 0.0000, 307.0539, 732.0311, 0.0000, 86, 132, 70
L 285.2211, 732.0311, 0.0000, 307.0539, 732.0311, 0.0000, 86, 132, 70
L -1083.2585, -834.6217, 0.0000, -1063.5132, -834.6217, 0.0000, 74, 68, 58
L -1065.0197, -834.6217, 0.0000, -1050.6809, -834.6217, 0.0000, 74, 68, 58
L -1055.4448, -834.6217, 0.0000, -1034.6428, -834.6217, 0.0000, 74, 68, 58
L -1045.8882, -834.6217, 0.0000, -1037.0229, -834.6217, 0.0000, 74, 68, 58
L -1036.0698, -834.6217, 0.0000, -1016.9689, -834.6217, 0.0000, 74, 68, 58
L -1019.9450, -834.6217, 0.0000, -1004.4190, -834.6217, 0.0000, 74, 68, 58
L -1009.0717, -834.6217, 0.0000, -992.3011, -834.6217, 0.0000, 74, 68, 58
L -969.4584, -834.6217, 0.0000, -953.7412, -834.6217, 0.0000, 74, 68, 58
L -959.6660, -834.6217, 0.0000, -939.5914, -834.6217, 0.0000, 74, 68, 58
L -947.6356, -834.6217, 0.0000, -939.5495, -834.6217, 0.0000, 74, 68, 58
L -874.8757, -834.6217, 0.0000, -863.6799, -834.6217, 0.0000, 74, 68, 58
L -862.2502, -834.6217, 0.0000, -844.1449, -834.6217, 0.0000, 74, 68, 58
L -814.3972, -834.6217, 0.0000, -794.7922, -834.6217, 0.0000, 74, 68, 58
L -798.9400, -834.6217, 0.0000, -777.6671, -834.6217, 0.0000, 74, 68, 58
L -780.2122, -834.6217, 0.0000, -758.8754, -834.6217, 0.0000, 74, 68, 58
L -767.3478, -834.6217, 0.0000, -751.6471, -834.6217, 0.0000, 74, 68, 58
L -751.8966, -834.6217, 0.0000, -733.5692, -834.6217, 0.0000, 74, 68, 58
L -734.7306, -834.6217, 0.0000, -714.7603, -834.6217, 0.0000, 74, 68, 58
L -716.2092, -834.6217, 0.0000, -694.4037, -834.6217, 0.0000, 74, 68, 58
L -704.3281, -834.6217, 0.0000, -682.3946, -834.6217, 0.0000, 74, 68, 58
L -691.3524, -834.6217, 0.0000, -678.0959, -834.6217, 0.0000, 74, 68, 58
L -673.5383, -834.6217, 0.0000, -658.8679, -834.6217, 0.0000, 74, 68, 58
L -661.1398, -834.6217, 0.0000, -644.0804, -834.6217, 0.0000, 74, 68, 58
L -645.6980, -834.6217, 0.0000, -625.5805, -834.6217, 0.0000, 74, 68, 58
L -628.4977, -834.6217, 0.0000, -611.5568, -834.6217, 0.0000, 74, 68, 58
L -612.0187, -834.6217, 0.0000, -604.8465, -834.6217, 0.0000, 74, 68, 58
L -593.2746, -834.6217, 0.0000, -571.4657, -834.6217, 0.0000, 74, 68, 58
L -575.7581, -834.6217, 0.0000, -564.8851, -834.6217, 0.0000, 74, 68, 58
L -558.9524, -834.6217, 0.0000, -546.9098, -834.6217, 0.0000, 74, 68, 58
L -548.8141, -834.6217, 0.0000, -526.5429, -834.6217, 0.0000, 74, 68, 58
L -531.5567, -834.6217, 0.0000, -510.4956, -834.6217, 0.0000, 74, 68, 58
L -513.4755, -834.6217, 0.0000, -495.8887, -834.6217, 0.0000, 74, 68, 58
L -496.8981, -834.6217, 0.0000, -476.5898, -834.6217, 0.0000, 74, 68, 58
L -481.9427, -834.6217, 0.0000, -459.1447, -834.6217, 0.0000, 74, 68, 58
L -464.0076, -834.6217, 0.0000, -446.0862, -834.6217, 0.0000, 74, 68, 58
L -450.6327, -834.6217, 0.0000, -441.4171, -834.6217, 0.0000, 74, 68, 58
L -438.8024, -834.6217, 0.0000, -429.4288, -834.6217, 0.0000, 74, 68, 58
L -426.8089, -834.6217, 0.0000, -414.7347, -834.6217, 0.0000, 74, 68, 58
L -411.0398, -834.6217, 0.0000, -393.5490, -834.6217, 0.0000, 74, 68, 58
L -398.9820, -834.6217, 0.0000, -376.5098, -834.6217, 0.0000, 74, 68, 58
L -386.5146, -834.6217, 0.0000, -376.2307, -834.6217, 0.0000, 74, 68, 58
L -367.7543, -834.6217, 0.0000, -344.8104, -834.6217, 0.0000, 74, 68, 58
L -356.3025, -834.6217, 0.0000, -337.8448, -834.6217, 0.0000, 74, 68, 58
L -339.7823, -834.6217, 0.0000, -332.0592, -834.6217, 0.0000, 74, 68, 58
L -323.0330, -834.6217, 0.0000, -305.5869, -834.6217, 0.0000, 74, 68, 58
L -307.2154, -834.6217, 0.0000, -286.1730, -834.6217, 0.0000, 74, 68, 58
L -292.8130, -834.6217, 0.0000, -284.9789, -834.6217, 0.0000, 74, 68, 58
L -279.7499, -834.6217, 0.0000, -259.9949, -834.6217, 0.0000, 74, 68, 58
L -267.8673, -834.6217, 0.0000, -256.0223, -834.6217, 0.0000, 74, 68, 58
L -252.7692, -834.6217, 0.0000, -230.6638, -834.6217, 0.0000, 74, 68, 58
L -237.1068, -834.6217, 0.0000, -221.2183, -834.6217, 0.0000, 74, 68, 58
L -219.9968, -834.6217, 0.0000, -204.3566, -834.6217, 0.0000, 74, 68, 58
L -210.2591, -834.6217, 0.0000, -190.3357, -834.6217, 0.0000, 74, 68, 58
L -193.1814, -834.6217, 0.0000, -180.5906, -834.6217, 0.0000, 74, 68, 58
L -180.3209, -834.6217, 0.0000, -158.7859, -834.6217, 0.0000, 74, 68, 58
L -164.9716, -834.6217, 0.0000, -149.0656, -834.6217, 0.0000, 74, 68, 58
L -153.5149, -834.6217, 0.0000, -146.0275, -834.6217, 0.0000, 74, 68, 58
L -134.9251, -834.6217, 0.0000, -119.1208, -834.6217, 0.0000, 74, 68, 58
L -125.1558, -834.6217, 0.0000, -104.2226, -834.6217, 0.0000, 74, 68, 58
L -107.8125, -834.6217, 0.0000, -91.7223, -834.6217, 0.0000, 74, 68, 58
L -93.7139, -834.6217, 0.0000, -75.6805, -834.6217, 0.0000, 74, 68, 58
L -76.3988, -834.6217, 0.0000, -56.7961, -834.6217, 0.0000, 74, 68, 58
L -61.6525, -834.6217, 0.0000, -44.6466, -834.6217, 0.0000, 74, 68, 58
L -50.5029, -834.6217, 0.0000, -36.5859, -834.6217, 0.0000, 74, 68, 58
L -35.1104, -834.6217, 0.0000, -23.6482, -834.6217, 0.0000, 74, 68, 58
L -22.0821, -834.6217, 0.0000, -10.2858, -834.6217, 0.0000, 74, 68, 58
L -9.9840, -834.6217, 0.0000, -0.9350, -834.6217, 0.0000, 74, 68, 58
L 4.3266, -834.6217, 0.0000, 16.3365, -834.6217, 0.0000, 74, 68, 58
L 20.4819, -834.6217, 0.0000, 31.5669, -834.6217, 0.0000, 74, 68, 58
L 36.7464, -834.6217, 0.0000, 56.0651, -834.6217, 0.0000, 74, 68, 58
L 47.1506, -834.6217, 0.0000, 64.8852, -834.6217, 0.0000, 74, 68, 58
L 57.5056, -834.6217, 0.0000, 79.8415, -834.6217, 0.0000, 74, 68, 58
L 73.7758, -834.6217, 0.0000, 93.3023, -834.6217, 0.0000, 74, 68, 58
L 83.5311, -834.6217, 0.0000, 97.1017, -834.6217, 0.0000, 74, 68, 58
L 93.5881, -834.6217, 0.0000, 110.1706, -834.6217, 0.0000, 74, 68, 58
L 104.4305, -834.6217, 0.0000, 112.0206, -834.6217, 0.0000, 74, 68, 58
L 119.3690, -834.6217, 0.0000, 129.9332, -834.6217, 0.0000, 74, 68, 58
L 132.5553, -834.6217, 0.0000, 140.0596, -834.6217, 0.0000, 74, 68, 58
L 146.8523, -834.6217, 0.0000, 155.5059, -834.6217, 0.0000, 74, 68, 58
L 162.4789, -834.6217, 0.0000, 171.6726, -834.6217, 0.0000, 74, 68, 58
L 172.2712, -834.6217, 0.0000, 182.2882, -834.6217, 0.0000, 74, 68, 58
L 190.9311, -834.6217, 0.0000, 198.6603, -834.6217, 0.0000, 74, 68, 58
L 209.7888, -834.6217, 0.0000, 220.2121, -834.6217, 0.0000, 74, 68, 58
L 226.8347, -834.6217, 0.0000, 245.4089, -834.6217, 0.0000, 74, 68, 58
L 237.1882, -834.6217, 0.0000, 252.2135, -834.6217, 0.0000, 74, 68, 58
L 293.7889, -834.6217, 0.0000, 307.8042, -834.6217, 0.0000, 74, 68, 58
L 305.8330, -834.6217, 0.0000, 325.6227, -834.6217, 0.0000, 74, 68, 58
L 323.7642, -834.6217, 0.0000, 336.5427, -834.6217, 0.0000, 74, 68, 58
L 340.9810, -834.6217, 0.0000, 350.5853, -834.6217, 0.0000, 74, 68, 58
L 358.0789, -834.6217, 0.0000, 376.5396, -834.6217, 0.0000, 74, 68, 58
L 376.1229, -834.6217, 0.0000, 384.1601, -834.6217, 0.0000, 74, 68, 58
L 393.1966, -834.6217, 0.0000, 410.2473, -834.6217, 0.0000, 74, 68, 58
L 423.2199, -834.6217, 0.0000, 431.3942, -834.6217, 0.0000, 74, 68, 58
L 448.8336, -834.6217, 0.0000, 463.9070, -834.6217, 0.0000, 74, 68, 58
L 461.0175, -834.6217, 0.0000, 478.0106, -834.6217, 0.0000, 74, 68, 58
L 478.5642, -834.6217, 0.0000, 488.5553, -834.6217, 0.0000, 74, 68, 58
L 526.3135, -834.6217, 0.0000, 536.8850, -834.6217, 0.0000, 74, 68, 58
L 537.0395, -834.6217, 0.0000, 540.0343, -834.6217, 0.0000, 74, 68, 58
L -1083.2585, -823.7066, 0.0000, -1075.8942, -823.7066, 0.0000, 74, 68, 58
L -1067.4090, -823.7066, 0.0000, -1046.8742, -823.7066, 0.0000, 74, 68, 58
L -1050.5851, -823.7066, 0.0000, -1031.3168, -823.7066, 0.0000, 74, 68, 58
L -1035.2198, -823.7066, 0.0000, -1015.0350, -823.7066, 0.0000, 74, 68, 58
L -1019.3507, -823.7066, 0.0000, -997.7274, -823.7066, 0.0000, 74, 68, 58
L -969.6869, -823.7066, 0.0000, -953.1479, -823.7066, 0.0000, 74, 68, 58
L -952.5109, -823.7066, 0.0000, -929.0319, -823.7066, 0.0000, 74, 68, 58
L -936.2365, -823.7066, 0.0000, -925.4150, -823.7066, 0.0000, 74, 68, 58
L -880.9956, -823.7066, 0.0000, -867.5213, -823.7066, 0.0000, 74, 68, 58
L -868.6325, -823.7066, 0.0000, -860.7887, -823.7066, 0.0000, 74, 68, 58
L -803.5553, -823.7066, 0.0000, -792.9353, -823.7066, 0.0000, 74, 68, 58
L 309.8317, -823.7066, 0.0000, 327.7482, -823.7066, 0.0000, 74, 68, 58
L 324.0522, -823.7066, 0.0000, 333.8798, -823.7066, 0.0000, 74, 68, 58
L 337.0149, -823.7066, 0.0000, 351.5071, -823.7066, 0.0000, 74, 68, 58
L 355.0853, -823.7066, 0.0000, 365.1898, -823.7066, 0.0000, 74, 68, 58
L 368.6986, -823.7066, 0.0000, 380.1576, -823.7066, 0.0000, 74, 68, 58
L 382.7282, -823.7066, 0.0000, 400.5519, -823.7066, 0.0000, 74, 68, 58
L 415.8543, -823.7066, 0.0000, 427.6844, -823.7066, 0.0000, 74, 68, 58
L 427.3559, -823.7066, 0.0000, 437.1796, -823.7066, 0.0000, 74, 68, 58
L 463.4842, -823.7066, 0.0000, 473.4809, -823.7066, 0.0000, 74, 68, 58
L 475.5425, -823.7066, 0.0000, 493.8573, -823.7066, 0.0000, 74, 68, 58
L 532.2537, -823.7066, 0.0000, 540.0343, -823.7066, 0.0000, 74, 68, 58
L -1083.2585, -812.7916, 0.0000, -1062.8616, -812.7916, 0.0000, 74, 68, 58
L -1066.9522, -812.7916, 0.0000, -1049.4839, -812.7916, 0.0000, 74, 68, 58
L -1052.2680, -812.7916, 0.0000, -1042.5954, -812.7916, 0.0000, 74, 68, 58
L -1040.2650, -812.7916, 0.0000, -1032.6935, -812.7916, 0.0000, 74, 68, 58
L -1025.1655, -812.7916, 0.0000, -1007.0867, -812.7916, 0.0000, 74, 68, 58
L -1014.2960, -812.7916, 0.0000, -998.6177, -812.7916, 0.0000, 74, 68, 58
L -953.7266, -812.7916, 0.0000, -931.7151, -812.7916, 0.0000, 74, 68, 58
L -895.9915, -812.7916, 0.0000, -884.1395, -812.7916, 0.0000, 74, 68, 58
L -883.9249, -812.7916, 0.0000, -864.9006, -812.7916, 0.0000, 74, 68, 58
L -871.8314, -812.7916, 0.0000, -851.1270, -812.7916, 0.0000, 74, 68, 58
L -862.3136, -812.7916, 0.0000, -840.5375, -812.7916, 0.0000, 74, 68, 58
L -846.9269, -812.7916, 0.0000, -829.5019, -812.7916, 0.0000, 74, 68, 58
L -832.5693, -812.7916, 0.0000, -811.4272, -812.7916, 0.0000, 74, 68, 58
L -820.9750, -812.7916, 0.0000, -807.5837, -812.7916, 0.0000, 74, 68, 58
L -804.2889, -812.7916, 0.0000, -782.1522, -812.7916, 0.0000, 74, 68, 58
L 253.5513, -812.7916, 0.0000, 276.4720, -812.7916, 0.0000, 74, 68, 58
L 290.3370, -812.7916, 0.0000, 310.9533, -812.7916, 0.0000, 74, 68, 58
L 304.8380, -812.7916, 0.0000, 320.9026, -812.7916, 0.0000, 74, 68, 58
L 350.0644, -812.7916, 0.0000, 367.8324, -812.7916, 0.0000, 74, 68, 58
L 360.6804, -812.7916, 0.0000, 374.0186, -812.7916, 0.0000, 74, 68, 58
L 373.5197, -812.7916, 0.0000, 389.7760, -812.7916, 0.0000, 74, 68, 58
L 391.2406, -812.7916, 0.0000, 402.6471, -812.7916, 0.0000, 74, 68, 58
L 453.0351, -812.7916, 0.0000, 476.7433, -812.7916, 0.0000, 74, 68, 58
L 467.5795, -812.7916, 0.0000, 480.3031, -812.7916, 0.0000, 74, 68, 58
L 523.3862, -812.7916, 0.0000, 531.9693, -812.7916, 0.0000, 74, 68, 58
L 539.8806, -812.7916, 0.0000, 540.0343, -812.7916, 0.0000, 74, 68, 58
L -1083.2585, -801.8766, 0.0000, -1066.3820, -801.8766, 0.0000, 74, 68, 58
L -1033.1420, -801.8766, 0.0000, -1011.6253, -801.8766, 0.0000, 74, 68, 58
L -1018.9434, -801.8766, 0.0000, -1007.2151, -801.8766, 0.0000, 74, 68, 58
L -1000.9659, -801.8766, 0.0000, -981.7421, -801.8766, 0.0000, 74, 68, 58
L -982.4992, -801.8766, 0.0000, -971.2104, -801.8766, 0.0000, 74, 68, 58
L -968.4001, -801.8766, 0.0000, -948.2889, -801.8766, 0.0000, 74, 68, 58
L -955.2463, -801.8766, 0.0000, -947.0871, -801.8766, 0.0000, 74, 68, 58
L -894.0448, -801.8766, 0.0000, -881.5851, -801.8766, 0.0000, 74, 68, 58
L -876.4539, -801.8766, 0.0000, -865.8350, -801.8766, 0.0000, 74, 68, 58
L -858.3748, -801.8766, 0.0000, -849.7056, -801.8766, 0.0000, 74, 68, 58
L -841.6906, -801.8766, 0.0000, -830.0325, -801.8766, 0.0000, 74, 68, 58
L -831.2974, -801.8766, 0.0000, -808.2668, -801.8766, 0.0000, 74, 68, 58
L -819.3541, -801.8766, 0.0000, -805.8277, -801.8766, 0.0000, 74, 68, 58
L -801.8510, -801.8766, 0.0000, -792.1213, -801.8766, 0.0000, 74, 68, 58
L 291.8261, -801.8766, 0.0000, 308.5571, -801.8766, 0.0000, 74, 68, 58
L 354.1483, -801.8766, 0.0000, 374.5486, -801.8766, 0.0000, 74, 68, 58
L 368.3949, -801.8766, 0.0000, 388.2400, -801.8766, 0.0000, 74, 68, 58
L 379.8881, -801.8766, 0.0000, 396.8479, -801.8766, 0.0000, 74, 68, 58
L 392.8234, -801.8766, 0.0000, 407.4351, -801.8766, 0.0000, 74, 68, 58
L 408.7485, -801.8766, 0.0000, 429.4661, -801.8766, 0.0000, 74, 68, 58
L 436.4725, -801.8766, 0.0000, 449.8439, -801.8766, 0.0000, 74, 68, 58
L 450.9086, -801.8766, 0.0000, 460.8062, -801.8766, 0.0000, 74, 68, 58
L 461.7596, -801.8766, 0.0000, 480.9215, -801.8766, 0.0000, 74, 68, 58
L 527.3547, -801.8766, 0.0000, 536.7290, -801.8766, 0.0000, 74, 68, 58
L -1032.0437, -790.9616, 0.0000, -1008.4108, -790.9616, 0.0000, 74, 68, 58
L -1016.4775, -790.9616, 0.0000, -992.8802, -790.9616, 0.0000, 74, 68, 58
L -999.2829, -790.9616, 0.0000, -977.8725, -790.9616, 0.0000, 74, 68, 58
L -983.9439, -790.9616, 0.0000, -965.4814, -790.9616, 0.0000, 74, 68, 58
L -951.3382, -790.9616, 0.0000, -935.2091, -790.9616, 0.0000, 74, 68, 58
L -902.0181, -790.9616, 0.0000, -879.6506, -790.9616, 0.0000, 74, 68, 58
L -889.0144, -790.9616, 0.0000, -880.1575, -790.9616, 0.0000, 74, 68, 58
L -871.3112, -790.9616, 0.0000, -863.3816, -790.9616, 0.0000, 74, 68, 58
L -859.0967, -790.9616, 0.0000, -846.9534, -790.9616, 0.0000, 74, 68, 58
L -842.1135, -790.9616, 0.0000, -822.4528, -790.9616, 0.0000, 74, 68, 58
L -825.1098, -790.9616, 0.0000, -804.1070, -790.9616, 0.0000, 74, 68, 58
L -807.4289, -790.9616, 0.0000, -791.3854, -790.9616, 0.0000, 74, 68, 58
L 296.1247, -790.9616, 0.0000, 311.5171, -790.9616, 0.0000, 74, 68, 58
L 336.1619, -790.9616, 0.0000, 345.4287, -790.9616, 0.0000, 74, 68, 58
L 364.5570, -790.9616, 0.0000, 381.8855, -790.9616, 0.0000, 74, 68, 58
L 381.7977, -790.9616, 0.0000, 403.8742, -790.9616, 0.0000, 74, 68, 58
L 391.6437, -790.9616, 0.0000, 400.1758, -790.9616, 0.0000, 74, 68, 58
L 406.7299, -790.9616, 0.0000, 421.9002, -790.9616, 0.0000, 74, 68, 58
L 438.4713, -790.9616, 0.0000, 448.1441, -790.9616, 0.0000, 74, 68, 58
L 451.0697, -790.9616, 0.0000, 473.4427, -790.9616, 0.0000, 74, 68, 58
L 468.5543, -790.9616, 0.0000, 486.0081, -790.9616, 0.0000, 74, 68, 58
L 480.5885, -790.9616, 0.0000, 488.3738, -790.9616, 0.0000, 74, 68, 58
L 506.3148, -790.9616, 0.0000, 525.9854, -790.9616, 0.0000, 74, 68, 58
L 520.5697, -790.9616, 0.0000, 539.9787, -790.9616, 0.0000, 74, 68, 58
L 534.2119, -790.9616, 0.0000, 540.0343, -790.9616, 0.0000, 74, 68, 58
L -1073.6683, -780.0466, 0.0000, -1055.1714, -780.0466, 0.0000, 74, 68, 58
L -1055.1416, -780.0466, 0.0000, -1047.3435, -780.0466, 0.0000, 74, 68, 58
L -1025.1294, -780.0466, 0.0000, -1007.4177, -780.0466, 0.0000, 74, 68, 58
L -1015.1541, -780.0466, 0.0000, -998.5306, -780.0466, 0.0000, 74, 68, 58
L -997.2739, -780.0466, 0.0000, -989.2899, -780.0466, 0.0000, 74, 68, 58
L -983.5265, -780.0466, 0.0000, -965.9536, -780.0466, 0.0000, 74, 68, 58
L -951.9257, -780.0466, 0.0000, -933.5869, -780.0466, 0.0000, 74, 68, 58
L -896.0127, -780.0466, 0.0000, -878.3856, -780.0466, 0.0000, 74, 68, 58
L -882.8181, -780.0466, 0.0000, -860.3347, -780.0466, 0.0000, 74, 68, 58
L -866.1065, -780.0466, 0.0000, -858.4826, -780.0466, 0.0000, 74, 68, 58
L -821.7498, -780.0466, 0.0000, -801.3152, -780.0466, 0.0000, 74, 68, 58
L -807.3588, -780.0466, 0.0000, -787.6644, -780.0466, 0.0000, 74, 68, 58
L 301.6566, -780.0466, 0.0000, 320.1254, -780.0466, 0.0000, 74, 68, 58
L 363.9439, -780.0466, 0.0000, 377.4870, -780.0466, 0.0000, 74, 68, 58
L 374.1806, -780.0466, 0.0000, 396.4661, -780.0466, 0.0000, 74, 68, 58
L 386.9733, -780.0466, 0.0000, 402.5030, -780.0466, 0.0000, 74, 68, 58
L 400.8570, -780.0466, 0.0000, 412.8708, -780.0466, 0.0000, 74, 68, 58
L 416.1479, -780.0466, 0.0000, 431.0481, -780.0466, 0.0000, 74, 68, 58
L 449.7749, -780.0466, 0.0000, 462.1725, -780.0466, 0.0000, 74, 68, 58
L 465.3469, -780.0466, 0.0000, 488.4700, -780.0466, 0.0000, 74, 68, 58
L 475.9592, -780.0466, 0.0000, 494.7018, -780.0466, 0.0000, 74, 68, 58
L 488.4577, -780.0466, 0.0000, 502.8579, -780.0466, 0.0000, 74, 68, 58
L 500.5300, -780.0466, 0.0000, 522.7154, -780.0466, 0.0000, 74, 68, 58
L 510.8720, -780.0466, 0.0000, 528.7139, -780.0466, 0.0000, 74, 68, 58
L 525.0951, -780.0466, 0.0000, 540.0343, -780.0466, 0.0000, 74, 68, 58
L 538.5505, -780.0466, 0.0000, 540.0343, -780.0466, 0.0000, 74, 68, 58
L -1038.2674, -769.1315, 0.0000, -1024.9543, -769.1315, 0.0000, 74, 68, 58
L -1028.2874, -769.1315, 0.0000, -1019.4266, -769.1315, 0.0000, 74, 68, 58
L -1011.1062, -769.1315, 0.0000, -992.0157, -769.1315, 0.0000, 74, 68, 58
L -995.9953, -769.1315, 0.0000, -974.4296, -769.1315, 0.0000, 74, 68, 58
L -979.4903, -769.1315, 0.0000, -970.9369, -769.1315, 0.0000, 74, 68, 58
L -949.2291, -769.1315, 0.0000, -933.5029, -769.1315, 0.0000, 74, 68, 58
L -937.4520, -769.1315, 0.0000, -927.9650, -769.1315, 0.0000, 74, 68, 58
L -908.8020, -769.1315, 0.0000, -887.9224, -769.1315, 0.0000, 74, 68, 58
L -898.2686, -769.1315, 0.0000, -879.7411, -769.1315, 0.0000, 74, 68, 58
L -882.2327, -769.1315, 0.0000, -873.8536, -769.1315, 0.0000, 74, 68, 58
L -871.5856, -769.1315, 0.0000, -855.4238, -769.1315, 0.0000, 74, 68, 58
L -821.6824, -769.1315, 0.0000, -803.0196, -769.1315, 0.0000, 74, 68, 58
L -809.4573, -769.1315, 0.0000, -800.3267, -769.1315, 0.0000, 74, 68, 58
L 301.4252, -769.1315, 0.0000, 315.6415, -769.1315, 0.0000, 74, 68, 58
L 313.9883, -769.1315, 0.0000, 327.8445, -769.1315, 0.0000, 74, 68, 58
L 339.9175, -769.1315, 0.0000, 361.0463, -769.1315, 0.0000, 74, 68, 58
L 353.3791, -769.1315, 0.0000, 366.2325, -769.1315, 0.0000, 74, 68, 58
L 363.4062, -769.1315, 0.0000, 374.7772, -769.1315, 0.0000, 74, 68, 58
L 374.3815, -769.1315, 0.0000, 396.0317, -769.1315, 0.0000, 74, 68, 58
L 388.1972, -769.1315, 0.0000, 405.1019, -769.1315, 0.0000, 74, 68, 58
L 407.1737, -769.1315, 0.0000, 424.4980, -769.1315, 0.0000, 74, 68, 58
L 464.6495, -769.1315, 0.0000, 474.8148, -769.1315, 0.0000, 74, 68, 58
L 477.9616, -769.1315, 0.0000, 493.8411, -769.1315, 0.0000, 74, 68, 58
L 494.5510, -769.1315, 0.0000, 507.7577, -769.1315, 0.0000, 74, 68, 58
L 509.0333, -769.1315, 0.0000, 531.5369, -769.1315, 0.0000, 74, 68, 58
L 527.7742, -769.1315, 0.0000, 540.0343, -769.1315, 0.0000, 74, 68, 58
L -1083.2585, -758.2164, 0.0000, -1067.2445, -758.2164, 0.0000, 74, 68, 58
L -1044.2536, -758.2164, 0.0000, -1024.2972, -758.2164, 0.0000, 74, 68, 58
L -1025.5846, -758.2164, 0.0000, -1017.0427, -758.2164, 0.0000, 74, 68, 58
L -1014.6223, -758.2164, 0.0000, -994.4631, -758.2164, 0.0000, 74, 68, 58
L -999.3415, -758.2164, 0.0000, -977.9706, -758.2164, 0.0000, 74, 68, 58
L -987.8216, -758.2164, 0.0000, -974.9991, -758.2164, 0.0000, 74, 68, 58
L -946.1574, -758.2164, 0.0000, -928.0770, -758.2164, 0.0000, 74, 68, 58
L -931.5507, -758.2164, 0.0000, -911.9862, -758.2164, 0.0000, 74, 68, 58
L -919.3767, -758.2164, 0.0000, -899.8993, -758.2164, 0.0000, 74, 68, 58
L -901.0849, -758.2164, 0.0000, -890.8659, -758.2164, 0.0000, 74, 68, 58
L -887.2662, -758.2164, 0.0000, -868.2473, -758.2164, 0.0000, 74, 68, 58
L -876.3678, -758.2164, 0.0000, -854.1720, -758.2164, 0.0000, 74, 68, 58
L -862.6889, -758.2164, 0.0000, -855.3128, -758.2164, 0.0000, 74, 68, 58
L -817.7285, -758.2164, 0.0000, -809.3408, -758.2164, 0.0000, 74, 68, 58
L -807.7167, -758.2164, 0.0000, -793.6072, -758.2164, 0.0000, 74, 68, 58
L 300.2369, -758.2164, 0.0000, 318.6360, -758.2164, 0.0000, 74, 68, 58
L 311.1405, -758.2164, 0.0000, 328.0305, -758.2164, 0.0000, 74, 68, 58
L 344.3051, -758.2164, 0.0000, 358.2997, -758.2164, 0.0000, 74, 68, 58
L 362.8570, -758.2164, 0.0000, 382.2664, -758.2164, 0.0000, 74, 68, 58
L 381.1216, -758.2164, 0.0000, 403.0373, -758.2164, 0.0000, 74, 68, 58
L 393.2874, -758.2164, 0.0000, 409.0134, -758.2164, 0.0000, 74, 68, 58
L 406.3369, -758.2164, 0.0000, 419.8355, -758.2164, 0.0000, 74, 68, 58
L 437.3893, -758.2164, 0.0000, 454.0025, -758.2164, 0.0000, 74, 68, 58
L 467.4548, -758.2164, 0.0000, 484.6188, -758.2164, 0.0000, 74, 68, 58
L 483.7593, -758.2164, 0.0000, 503.0453, -758.2164, 0.0000, 74, 68, 58
L 497.3502, -758.2164, 0.0000, 519.5051, -758.2164, 0.0000, 74, 68, 58
L 511.1247, -758.2164, 0.0000, 532.0777, -758.2164, 0.0000, 74, 68, 58
L 522.8430, -758.2164, 0.0000, 530.0980, -758.2164, 0.0000, 74, 68, 58
L -1083.2585, -747.3014, 0.0000, -1064.6553, -747.3014, 0.0000, 74, 68, 58
L -1053.9059, -747.3014, 0.0000, -1044.8082, -747.3014, 0.0000, 74, 68, 58
L -1038.8986, -747.3014, 0.0000, -1016.9997, -747.3014, 0.0000, 74, 68, 58
L -1022.8522, -747.3014, 0.0000, -1000.2815, -747.3014, 0.0000, 74, 68, 58
L -1004.8232, -747.3014, 0.0000, -988.2981, -747.3014, 0.0000, 74, 68, 58
L -989.1419, -747.3014, 0.0000, -977.2445, -747.3014, 0.0000, 98, 90, 76
L -942.7624, -747.3014, 0.0000, -922.0797, -747.3014, 0.0000, 98, 90, 76
L -932.6714, -747.3014, 0.0000, -925.0765, -747.3014, 0.0000, 98, 90, 76
L -920.4396, -747.3014, 0.0000, -910.9194, -747.3014, 0.0000, 98, 90, 76
L -908.2885, -747.3014, 0.0000, -887.4169, -747.3014, 0.0000, 98, 90, 76
L -897.1548, -747.3014, 0.0000, -878.8572, -747.3014, 0.0000, 98, 90, 76
L -867.8453, -747.3014, 0.0000, -856.0816, -747.3014, 0.0000, 98, 90, 76
L -819.4112, -747.3014, 0.0000, -805.7303, -747.3014, 0.0000, 98, 90, 76
L -809.2213, -747.3014, 0.0000, -793.4190, -747.3014, 0.0000, 98, 90, 76
L -797.5438, -747.3014, 0.0000, -782.7233, -747.3014, 0.0000, 98, 90, 76
L 257.3032, -747.3014, 0.0000, 279.1983, -747.3014, 0.0000, 98, 90, 76
L 273.5959, -747.3014, 0.0000, 285.8875, -747.3014, 0.0000, 98, 90, 76
L 285.4843, -747.3014, 0.0000, 302.5874, -747.3014, 0.0000, 98, 90, 76
L 300.6483, -747.3014, 0.0000, 320.1467, -747.3014, 0.0000, 98, 90, 76
L 315.9789, -747.3014, 0.0000, 332.0870, -747.3014, 0.0000, 98, 90, 76
L 326.3654, -747.3014, 0.0000, 342.6998, -747.3014, 0.0000, 98, 90, 76
L 340.6539, -747.3014, 0.0000, 355.8765, -747.3014, 0.0000, 98, 90, 76
L 359.0292, -747.3014, 0.0000, 376.0258, -747.3014, 0.0000, 98, 90, 76
L 376.5072, -747.3014, 0.0000, 396.0200, -747.3014, 0.0000, 98, 90, 76
L 387.4072, -747.3014, 0.0000, 408.7288, -747.3014, 0.0000, 98, 90, 76
L 457.3123, -747.3014, 0.0000, 469.8653, -747.3014, 0.0000, 74, 68, 58
L 467.5404, -747.3014, 0.0000, 490.2013, -747.3014, 0.0000, 74, 68, 58
L 482.2265, -747.3014, 0.0000, 504.9804, -747.3014, 0.0000, 74, 68, 58
L 493.5187, -747.3014, 0.0000, 510.0734, -747.3014, 0.0000, 74, 68, 58
L 505.5576, -747.3014, 0.0000, 520.7636, -747.3014, 0.0000, 74, 68, 58
L 524.3428, -747.3014, 0.0000, 531.7443, -747.3014, 0.0000, 74, 68, 58
L -1083.2585, -736.3864, 0.0000, -1074.0984, -736.3864, 0.0000, 74, 68, 58
L -1069.1636, -736.3864, 0.0000, -1060.5260, -736.3864, 0.0000, 74, 68, 58
L -1052.4447, -736.3864, 0.0000, -1036.2435, -736.3864, 0.0000, 74, 68, 58
L -1039.4139, -736.3864, 0.0000, -1016.0421, -736.3864, 0.0000, 74, 68, 58
L -1029.0296, -736.3864, 0.0000, -1016.1561, -736.3864, 0.0000, 74, 68, 58
L -1017.7235, -736.3864, 0.0000, -1001.9040, -736.3864, 0.0000, 74, 68, 58
L -1007.4588, -736.3864, 0.0000, -994.4294, -736.3864, 0.0000, 74, 68, 58
L -991.6256, -736.3864, 0.0000, -983.8748, -736.3864, 0.0000, 98, 90, 76
L -932.4109, -736.3864, 0.0000, -923.7246, -736.3864, 0.0000, 98, 90, 76
L -918.5216, -736.3864, 0.0000, -907.1102, -736.3864, 0.0000, 98, 90, 76
L -901.9582, -736.3864, 0.0000, -882.7190, -736.3864, 0.0000, 98, 90, 76
L -870.4388, -736.3864, 0.0000, -851.6989, -736.3864, 0.0000, 98, 90, 76
L -809.7883, -736.3864, 0.0000, -802.2168, -736.3864, 0.0000, 98, 90, 76
L 259.4810, -736.3864, 0.0000, 281.2243, -736.3864, 0.0000, 98, 90, 76
L 274.0820, -736.3864, 0.0000, 293.2905, -736.3864, 0.0000, 98, 90, 76
L 290.8147, -736.3864, 0.0000, 313.8275, -736.3864, 0.0000, 98, 90, 76
L 306.8315, -736.3864, 0.0000, 324.7514, -736.3864, 0.0000, 98, 90, 76
L 321.7942, -736.3864, 0.0000, 343.5862, -736.3864, 0.0000, 98, 90, 76
L 335.1555, -736.3864, 0.0000, 353.7438, -736.3864, 0.0000, 98, 90, 76
L 348.2681, -736.3864, 0.0000, 364.6170, -736.3864, 0.0000, 98, 90, 76
L 363.1891, -736.3864, 0.0000, 383.2146, -736.3864, 0.0000, 98, 90, 76
L 378.2253, -736.3864, 0.0000, 397.1108, -736.3864, 0.0000, 98, 90, 76
L 410.6379, -736.3864, 0.0000, 431.3404, -736.3864, 0.0000, 98, 90, 76
L 452.6640, -736.3864, 0.0000, 476.0933, -736.3864, 0.0000, 98, 90, 76
L 469.1474, -736.3864, 0.0000, 483.4952, -736.3864, 0.0000, 74, 68, 58
L 480.0686, -736.3864, 0.0000, 490.4161, -736.3864, 0.0000, 74, 68, 58
L 494.1819, -736.3864, 0.0000, 512.1494, -736.3864, 0.0000, 74, 68, 58
L 512.8802, -736.3864, 0.0000, 536.4201, -736.3864, 0.0000, 74, 68, 58
L 530.5251, -736.3864, 0.0000, 539.4545, -736.3864, 0.0000, 74, 68, 58
L -1083.2585, -725.4714, 0.0000, -1060.4373, -725.4714, 0.0000, 74, 68, 58
L -1068.4133, -725.4714, 0.0000, -1060.3472, -725.4714, 0.0000, 74, 68, 58
L -1052.9877, -725.4714, 0.0000, -1042.0980, -725.4714, 0.0000, 74, 68, 58
L -1035.1159, -725.4714, 0.0000, -1013.3493, -725.4714, 0.0000, 74, 68, 58
L -1020.7543, -725.4714, 0.0000, -1004.9040, -725.4714, 0.0000, 74, 68, 58
L -1008.6657, -725.4714, 0.0000, -988.2435, -725.4714, 0.0000, 74, 68, 58
L -960.0762, -725.4714, 0.0000, -945.5260, -725.4714, 0.0000, 98, 90, 76
L -949.0093, -725.4714, 0.0000, -937.0110, -725.4714, 0.0000, 98, 90, 76
L -934.3869, -725.4714, 0.0000, -915.1972, -725.4714, 0.0000, 98, 90, 76
L -921.7864, -725.4714, 0.0000, -907.1702, -725.4714, 0.0000, 98, 90, 76
L -910.8209, -725.4714, 0.0000, -888.6766, -725.4714, 0.0000, 98, 90, 76
L -809.7855, -725.4714, 0.0000, -798.3329, -725.4714, 0.0000, 98, 90, 76
L -797.6971, -725.4714, 0.0000, -782.2560, -725.4714, 0.0000, 98, 90, 76
L 263.2365, -725.4714, 0.0000, 274.9953, -725.4714, 0.0000, 98, 90, 76
L 274.2592, -725.4714, 0.0000, 286.6898, -725.4714, 0.0000, 98, 90, 76
L 292.3230, -725.4714, 0.0000, 304.1309, -725.4714, 0.0000, 98, 90, 76
L 305.9706, -725.4714, 0.0000, 329.4042, -725.4714, 0.0000, 98, 90, 76
L 316.4609, -725.4714, 0.0000, 329.4812, -725.4714, 0.0000, 98, 90, 76
L 329.8139, -725.4714, 0.0000, 337.9642, -725.4714, 0.0000, 98, 90, 76
L 348.7195, -725.4714, 0.0000, 359.5657, -725.4714, 0.0000, 98, 90, 76
L 363.4363, -725.4714, 0.0000, 375.3663, -725.4714, 0.0000, 98, 90, 76
L 373.9586, -725.4714, 0.0000, 395.8667, -725.4714, 0.0000, 98, 90, 76
L 416.3603, -725.4714, 0.0000, 433.7587, -725.4714, 0.0000, 98, 90, 76
L 448.3236, -725.4714, 0.0000, 456.8007, -725.4714, 0.0000, 98, 90, 76
L 464.7244, -725.4714, 0.0000, 484.5521, -725.4714, 0.0000, 74, 68, 58
L 480.7312, -725.4714, 0.0000, 501.8985, -725.4714, 0.0000, 74, 68, 58
L 497.6592, -725.4714, 0.0000, 515.0656, -725.4714, 0.0000, 74, 68, 58
L 515.1407, -725.4714, 0.0000, 522.5732, -725.4714, 0.0000, 74, 68, 58
L 533.0110, -725.4714, 0.0000, 540.0343, -725.4714, 0.0000, 74, 68, 58
L -1083.2585, -714.5564, 0.0000, -1074.6335, -714.5564, 0.0000, 74, 68, 58
L -1064.3183, -714.5564, 0.0000, -1044.0071, -714.5564, 0.0000, 74, 68, 58
L -1052.2302, -714.5564, 0.0000, -1032.7422, -714.5564, 0.0000, 74, 68, 58
L -1035.7425, -714.5564, 0.0000, -1024.6017, -714.5564, 0.0000, 74, 68, 58
L -1018.8826, -714.5564, 0.0000, -1003.8291, -714.5564, 0.0000, 74, 68, 58
L -991.5166, -714.5564, 0.0000, -970.3262, -714.5564, 0.0000, 98, 90, 76
L -980.5976, -714.5564, 0.0000, -961.9304, -714.5564, 0.0000, 98, 90, 76
L -951.2359, -714.5564, 0.0000, -931.4048, -714.5564, 0.0000, 98, 90, 76
L -932.7049, -714.5564, 0.0000, -911.4157, -714.5564, 0.0000, 98, 90, 76
L -917.3575, -714.5564, 0.0000, -896.5087, -714.5564, 0.0000, 98, 90, 76
L -905.6609, -714.5564, 0.0000, -889.5126, -714.5564, 0.0000, 98, 90, 76
L -859.9138, -714.5564, 0.0000, -850.6390, -714.5564, 0.0000, 98, 90, 76
L -815.9477, -714.5564, 0.0000, -797.3032, -714.5564, 0.0000, 98, 90, 76
L -805.5431, -714.5564, 0.0000, -785.6582, -714.5564, 0.0000, 98, 90, 76
L 266.1036, -714.5564, 0.0000, 285.6613, -714.5564, 0.0000, 98, 90, 76
L 277.4578, -714.5564, 0.0000, 291.3864, -714.5564, 0.0000, 98, 90, 76
L 288.9533, -714.5564, 0.0000, 302.1835, -714.5564, 0.0000, 98, 90, 76
L 304.5606, -714.5564, 0.0000, 322.7105, -714.5564, 0.0000, 98, 90, 76
L 315.4229, -714.5564, 0.0000, 335.4806, -714.5564, 0.0000, 98, 90, 76
L 327.7919, -714.5564, 0.0000, 335.8866, -714.5564, 0.0000, 98, 90, 76
L 344.1692, -714.5564, 0.0000, 360.8407, -714.5564, 0.0000, 98, 90, 76
L 353.6910, -714.5564, 0.0000, 365.0749, -714.5564, 0.0000, 98, 90, 76
L 367.9504, -714.5564, 0.0000, 378.3902, -714.5564, 0.0000, 98, 90, 76
L 381.7357, -714.5564, 0.0000, 402.9751, -714.5564, 0.0000, 98, 90, 76
L 451.3201, -714.5564, 0.0000, 472.2895, -714.5564, 0.0000, 98, 90, 76
L 464.3475, -714.5564, 0.0000, 475.6517, -714.5564, 0.0000, 74, 68, 58
L 479.3983, -714.5564, 0.0000, 489.9267, -714.5564, 0.0000, 74, 68, 58
L 490.9654, -714.5564, 0.0000, 513.1652, -714.5564, 0.0000, 74, 68, 58
L 504.5729, -714.5564, 0.0000, 524.6252, -714.5564, 0.0000, 74, 68, 58
L 521.0061, -714.5564, 0.0000, 540.0343, -714.5564, 0.0000, 74, 68, 58
L 533.4678, -714.5564, 0.0000, 540.0343, -714.5564, 0.0000, 74, 68, 58
L -1083.2585, -703.6413, 0.0000, -1072.6442, -703.6413, 0.0000, 74, 68, 58
L -1065.3787, -703.6413, 0.0000, -1047.7039, -703.6413, 0.0000, 74, 68, 58
L -1051.6287, -703.6413, 0.0000, -1030.5602, -703.6413, 0.0000, 74, 68, 58
L -1036.3849, -703.6413, 0.0000, -1014.4694, -703.6413, 0.0000, 74, 68, 58
L -1018.8228, -703.6413, 0.0000, -1008.5378, -703.6413, 0.0000, 74, 68, 58
L -990.8765, -703.6413, 0.0000, -972.3072, -703.6413, 0.0000, 98, 90, 76
L -976.5683, -703.6413, 0.0000, -966.7401, -703.6413, 0.0000, 98, 90, 76
L -948.2707, -703.6413, 0.0000, -935.6280, -703.6413, 0.0000, 98, 90, 76
L -931.2631, -703.6413, 0.0000, -918.2610, -703.6413, 0.0000, 98, 90, 76
L -851.4489, -703.6413, 0.0000, -829.4979, -703.6413, 0.0000, 98, 90, 76
L -802.5679, -703.6413, 0.0000, -784.1563, -703.6413, 0.0000, 98, 90, 76
L 256.1150, -703.6413, 0.0000, 266.2924, -703.6413, 0.0000, 98, 90, 76
L 271.1927, -703.6413, 0.0000, 280.6749, -703.6413, 0.0000, 98, 90, 76
L 281.5801, -703.6413, 0.0000, 290.4502, -703.6413, 0.0000, 98, 90, 76
L 295.0588, -703.6413, 0.0000, 309.3906, -703.6413, 0.0000, 98, 90, 76
L 306.3708, -703.6413, 0.0000, 327.1436, -703.6413, 0.0000, 98, 90, 76
L 320.0233, -703.6413, 0.0000, 339.3638, -703.6413, 0.0000, 98, 90, 76
L 335.0466, -703.6413, 0.0000, 342.7300, -703.6413, 0.0000, 98, 90, 76
L 345.5972, -703.6413, 0.0000, 362.7992, -703.6413, 0.0000, 98, 90, 76
L 363.4286, -703.6413, 0.0000, 377.0598, -703.6413, 0.0000, 98, 90, 76
L 393.1715, -703.6413, 0.0000, 405.2637, -703.6413, 0.0000, 98, 90, 76
L 435.1421, -703.6413, 0.0000, 455.2583, -703.6413, 0.0000, 98, 90, 76
L 450.5636, -703.6413, 0.0000, 462.7234, -703.6413, 0.0000, 98, 90, 76
L 466.9648, -703.6413, 0.0000, 487.2846, -703.6413, 0.0000, 74, 68, 58
L 481.5876, -703.6413, 0.0000, 502.2765, -703.6413, 0.0000, 74, 68, 58
L 497.7603, -703.6413, 0.0000, 511.8481, -703.6413, 0.0000, 74, 68, 58
L 510.2980, -703.6413, 0.0000, 531.4411, -703.6413, 0.0000, 74, 68, 58
L 520.3009, -703.6413, 0.0000, 540.0343, -703.6413, 0.0000, 74, 68, 58
L 530.5896, -703.6413, 0.0000, 540.0343, -703.6413, 0.0000, 74, 68, 58
L -1083.2585, -692.7263, 0.0000, -1073.8185, -692.7263, 0.0000, 74, 68, 58
L -1068.3786, -692.7263, 0.0000, -1050.5394, -692.7263, 0.0000, 74, 68, 58
L -1054.3912, -692.7263, 0.0000, -1045.6952, -692.7263, 0.0000, 74, 68, 58
L -1014.8922, -692.7263, 0.0000, -996.9119, -692.7263, 0.0000, 74, 68, 58
L -959.7321, -692.7263, 0.0000, -951.4109, -692.7263, 0.0000, 98, 90, 76
L -948.2079, -692.7263, 0.0000, -927.3635, -692.7263, 0.0000, 98, 90, 76
L -934.8993, -692.7263, 0.0000, -921.4849, -692.7263, 0.0000, 98, 90, 76
L -808.5281, -692.7263, 0.0000, -786.7583, -692.7263, 0.0000, 98, 90, 76
L 258.8559, -692.7263, 0.0000, 282.2818, -692.7263, 0.0000, 98, 90, 76
L 272.8605, -692.7263, 0.0000, 282.0535, -692.7263, 0.0000, 98, 90, 76
L 287.0948, -692.7263, 0.0000, 299.1889, -692.7263, 0.0000, 98, 90, 76
L 298.8060, -692.7263, 0.0000, 320.4499, -692.7263, 0.0000, 98, 90, 76
L 313.7291, -692.7263, 0.0000, 328.5793, -692.7263, 0.0000, 98, 90, 76
L 326.6583, -692.7263, 0.0000, 346.7984, -692.7263, 0.0000, 98, 90, 76
L 336.5658, -692.7263, 0.0000, 344.1661, -692.7263, 0.0000, 98, 90, 76
L 351.4758, -692.7263, 0.0000, 360.1346, -692.7263, 0.0000, 98, 90, 76
L 400.8455, -692.7263, 0.0000, 423.4645, -692.7263, 0.0000, 98, 90, 76
L 428.7031, -692.7263, 0.0000, 440.3965, -692.7263, 0.0000, 98, 90, 76
L 439.2000, -692.7263, 0.0000, 451.5653, -692.7263, 0.0000, 98, 90, 76
L 456.4121, -692.7263, 0.0000, 479.5056, -692.7263, 0.0000, 74, 68, 58
L 467.0366, -692.7263, 0.0000, 474.3690, -692.7263, 0.0000, 74, 68, 58
L 479.7357, -692.7263, 0.0000, 493.1177, -692.7263, 0.0000, 74, 68, 58
L 494.6604, -692.7263, 0.0000, 516.8271, -692.7263, 0.0000, 74, 68, 58
L 510.1051, -692.7263, 0.0000, 517.5498, -692.7263, 0.0000, 74, 68, 58
L 524.6966, -692.7263, 0.0000, 532.4011, -692.7263, 0.0000, 74, 68, 58
L -1083.2585, -681.8112, 0.0000, -1075.3582, -681.8112, 0.0000, 74, 68, 58
L -1072.0371, -681.8112, 0.0000, -1052.2370, -681.8112, 0.0000, 74, 68, 58
L -1055.4636, -681.8112, 0.0000, -1037.8581, -681.8112, 0.0000, 74, 68, 58
L -1006.6381, -681.8112, 0.0000, -999.2274, -681.8112, 0.0000, 74, 68, 58
L -991.3375, -681.8112, 0.0000, -981.8443, -681.8112, 0.0000, 98, 90, 76
L -972.8118, -681.8112, 0.0000, -962.0605, -681.8112, 0.0000, 98, 90, 76
L -959.2535, -681.8112, 0.0000, -949.6949, -681.8112, 0.0000, 98, 90, 76
L -947.3603, -681.8112, 0.0000, -933.4424, -681.8112, 0.0000, 98, 90, 76
L -931.1603, -681.8112, 0.0000, -919.0048, -681.8112, 0.0000, 98, 90, 76
L -888.4546, -681.8112, 0.0000, -864.9795, -681.8112, 0.0000, 98, 90, 76
L -878.8710, -681.8112, 0.0000, -869.0359, -681.8112, 0.0000, 98, 90, 76
L -808.1796, -681.8112, 0.0000, -796.6359, -681.8112, 0.0000, 98, 90, 76
L 263.7558, -681.8112, 0.0000, 275.4290, -681.8112, 0.0000, 98, 90, 76
L 276.4575, -681.8112, 0.0000, 294.4735, -681.8112, 0.0000, 98, 90, 76
L 287.1487, -681.8112, 0.0000, 298.9878, -681.8112, 0.0000, 98, 90, 76
L 298.5301, -681.8112, 0.0000, 306.2540, -681.8112, 0.0000, 98, 90, 76
L 311.4737, -681.8112, 0.0000, 318.6566, -681.8112, 0.0000, 98, 90, 76
L 323.6563, -681.8112, 0.0000, 331.1063, -681.8112, 0.0000, 98, 90, 76
L 341.5303, -681.8112, 0.0000, 356.9532, -681.8112, 0.0000, 98, 90, 76
L 355.1416, -681.8112, 0.0000, 371.3289, -681.8112, 0.0000, 98, 90, 76
L 410.7448, -681.8112, 0.0000, 420.6803, -681.8112, 0.0000, 98, 90, 76
L 426.8859, -681.8112, 0.0000, 439.7346, -681.8112, 0.0000, 98, 90, 76
L 439.0036, -681.8112, 0.0000, 462.3169, -681.8112, 0.0000, 98, 90, 76
L 464.2469, -681.8112, 0.0000, 474.5415, -681.8112, 0.0000, 74, 68, 58
L 475.6841, -681.8112, 0.0000, 489.9483, -681.8112, 0.0000, 74, 68, 58
L 489.5067, -681.8112, 0.0000, 500.7463, -681.8112, 0.0000, 74, 68, 58
L 499.3314, -681.8112, 0.0000, 517.9417, -681.8112, 0.0000, 74, 68, 58
L 512.3735, -681.8112, 0.0000, 522.6790, -681.8112, 0.0000, 74, 68, 58
L 527.3215, -681.8112, 0.0000, 536.2897, -681.8112, 0.0000, 74, 68, 58
L 538.1855, -681.8112, 0.0000, 540.0343, -681.8112, 0.0000, 74, 68, 58
L -1083.2585, -670.8962, 0.0000, -1069.9109, -670.8962, 0.0000, 74, 68, 58
L -1064.8641, -670.8962, 0.0000, -1054.8293, -670.8962, 0.0000, 74, 68, 58
L -1055.0502, -670.8962, 0.0000, -1035.5654, -670.8962, 0.0000, 74, 68, 58
L -1010.1874, -670.8962, 0.0000, -986.5924, -670.8962, 0.0000, 74, 68, 58
L -993.4950, -670.8962, 0.0000, -975.8309, -670.8962, 0.0000, 98, 90, 76
L -979.8925, -670.8962, 0.0000, -965.2186, -670.8962, 0.0000, 98, 90, 76
L -962.4409, -670.8962, 0.0000, -940.9917, -670.8962, 0.0000, 98, 90, 76
L -948.9339, -670.8962, 0.0000, -934.6584, -670.8962, 0.0000, 98, 90, 76
L -883.4520, -670.8962, 0.0000, -874.4451, -670.8962, 0.0000, 98, 90, 76
L -851.7973, -670.8962, 0.0000, -834.8664, -670.8962, 0.0000, 98, 90, 76
L -801.1494, -670.8962, 0.0000, -779.2545, -670.8962, 0.0000, 98, 90, 76
L 267.1026, -670.8962, 0.0000, 289.4789, -670.8962, 0.0000, 98, 90, 76
L 277.8180, -670.8962, 0.0000, 295.4692, -670.8962, 0.0000, 98, 90, 76
L 289.4614, -670.8962, 0.0000, 310.3188, -670.8962, 0.0000, 98, 90, 76
L 304.1184, -670.8962, 0.0000, 315.8401, -670.8962, 0.0000, 98, 90, 76
L 313.6506, -670.8962, 0.0000, 329.5744, -670.8962, 0.0000, 98, 90, 76
L 330.2599, -670.8962, 0.0000, 341.1705, -670.8962, 0.0000, 98, 90, 76
L 340.8512, -670.8962, 0.0000, 353.4275, -670.8962, 0.0000, 98, 90, 76
L 351.3867, -670.8962, 0.0000, 360.0925, -670.8962, 0.0000, 98, 90, 76
L 402.2605, -670.8962, 0.0000, 423.8056, -670.8962, 0.0000, 98, 90, 76
L 416.6487, -670.8962, 0.0000, 433.9139, -670.8962, 0.0000, 98, 90, 76
L 432.4617, -670.8962, 0.0000, 444.3854, -670.8962, 0.0000, 98, 90, 76
L 481.4000, -670.8962, 0.0000, 499.9955, -670.8962, 0.0000, 74, 68, 58
L 500.2336, -670.8962, 0.0000, 523.3665, -670.8962, 0.0000, 74, 68, 58
L 515.9071, -670.8962, 0.0000, 536.5453, -670.8962, 0.0000, 74, 68, 58
L 533.4705, -670.8962, 0.0000, 540.0343, -670.8962, 0.0000, 74, 68, 58
L -1052.2198, -659.9812, 0.0000, -1037.1960, -659.9812, 0.0000, 74, 68, 58
L -999.9156, -659.9812, 0.0000, -982.3183, -659.9812, 0.0000, 74, 68, 58
L -982.4496, -659.9812, 0.0000, -960.7044, -659.9812, 0.0000, 98, 90, 76
L -966.5188, -659.9812, 0.0000, -957.0082, -659.9812, 0.0000, 98, 90, 76
L -951.3416, -659.9812, 0.0000, -935.4312, -659.9812, 0.0000, 98, 90, 76
L -885.5152, -659.9812, 0.0000, -869.8711, -659.9812, 0.0000, 98, 90, 76
L -857.6171, -659.9812, 0.0000, -834.1257, -659.9812, 0.0000, 98, 90, 76
L -846.5643, -659.9812, 0.0000, -826.1147, -659.9812, 0.0000, 98, 90, 76
L -817.6473, -659.9812, 0.0000, -806.6670, -659.9812, 0.0000, 98, 90, 76
L -807.6095, -659.9812, 0.0000, -799.3478, -659.9812, 0.0000, 98, 90, 76
L 256.1101, -659.9812, 0.0000, 267.4069, -659.9812, 0.0000, 98, 90, 76
L 271.7610, -659.9812, 0.0000, 283.3433, -659.9812, 0.0000, 98, 90, 76
L 281.2599, -659.9812, 0.0000, 302.6980, -659.9812, 0.0000, 98, 90, 76
L 296.1364, -659.9812, 0.0000, 310.2363, -659.9812, 0.0000, 98, 90, 76
L 309.9342, -659.9812, 0.0000, 328.5791, -659.9812, 0.0000, 98, 90, 76
L 328.1740, -659.9812, 0.0000, 350.7298, -659.9812, 0.0000, 98, 90, 76
L 343.2981, -659.9812, 0.0000, 354.2533, -659.9812, 0.0000, 98, 90, 76
L 401.0790, -659.9812, 0.0000, 419.1169, -659.9812, 0.0000, 98, 90, 76
L 414.8153, -659.9812, 0.0000, 434.0909, -659.9812, 0.0000, 98, 90, 76
L 428.8070, -659.9812, 0.0000, 443.1484, -659.9812, 0.0000, 98, 90, 76
L 456.5748, -659.9812, 0.0000, 476.8846, -659.9812, 0.0000, 74, 68, 58
L 486.4356, -659.9812, 0.0000, 510.0355, -659.9812, 0.0000, 74, 68, 58
L 497.5401, -659.9812, 0.0000, 515.7360, -659.9812, 0.0000, 74, 68, 58
L 512.2006, -659.9812, 0.0000, 527.5408, -659.9812, 0.0000, 74, 68, 58
L 526.5320, -659.9812, 0.0000, 535.8493, -659.9812, 0.0000, 74, 68, 58
L -1083.2585, -649.0662, 0.0000, -1061.9556, -649.0662, 0.0000, 74, 68, 58
L -1073.2867, -649.0662, 0.0000, -1057.1626, -649.0662, 0.0000, 74, 68, 58
L -1006.4005, -649.0662, 0.0000, -993.6747, -649.0662, 0.0000, 74, 68, 58
L -970.2450, -649.0662, 0.0000, -954.7300, -649.0662, 0.0000, 98, 90, 76
L -953.3805, -649.0662, 0.0000, -940.0267, -649.0662, 0.0000, 98, 90, 76
L -906.4136, -649.0662, 0.0000, -887.4264, -649.0662, 0.0000, 98, 90, 76
L -896.8461, -649.0662, 0.0000, -876.7495, -649.0662, 0.0000, 98, 90, 76
L -809.0585, -649.0662, 0.0000, -800.0915, -649.0662, 0.0000, 98, 90, 76
L -798.3235, -649.0662, 0.0000, -775.1937, -649.0662, 0.0000, 98, 90, 76
L 253.6733, -649.0662, 0.0000, 270.9101, -649.0662, 0.0000, 98, 90, 76
L 296.9467, -649.0662, 0.0000, 316.8986, -649.0662, 0.0000, 98, 90, 76
L 311.4230, -649.0662, 0.0000, 328.7252, -649.0662, 0.0000, 98, 90, 76
L 323.6767, -649.0662, 0.0000, 335.8153, -649.0662, 0.0000, 98, 90, 76
L 334.4988, -649.0662, 0.0000, 347.3707, -649.0662, 0.0000, 98, 90, 76
L 349.9282, -649.0662, 0.0000, 358.2218, -649.0662, 0.0000, 98, 90, 76
L 401.0424, -649.0662, 0.0000, 419.1524, -649.0662, 0.0000, 98, 90, 76
L 418.2441, -649.0662, 0.0000, 434.4203, -649.0662, 0.0000, 98, 90, 76
L 437.1764, -649.0662, 0.0000, 457.1392, -649.0662, 0.0000, 98, 90, 76
L 480.2506, -649.0662, 0.0000, 499.1603, -649.0662, 0.0000, 74, 68, 58
L 527.0227, -649.0662, 0.0000, 534.6956, -649.0662, 0.0000, 74, 68, 58
L -966.1089, -638.1511, 0.0000, -945.5785, -638.1511, 0.0000, 98, 90, 76
L -954.2802, -638.1511, 0.0000, -937.0561, -638.1511, 0.0000, 98, 90, 76
L -907.9162, -638.1511, 0.0000, -885.9999, -638.1511, 0.0000, 98, 90, 76
L -870.2284, -638.1511, 0.0000, -856.9329, -638.1511, 0.0000, 98, 90, 76
L -839.5379, -638.1511, 0.0000, -832.1865, -638.1511, 0.0000, 98, 90, 76
L -823.7597, -638.1511, 0.0000, -810.2598, -638.1511, 0.0000, 98, 90, 76
L -813.4614, -638.1511, 0.0000, -800.4896, -638.1511, 0.0000, 98, 90, 76
L 273.6479, -638.1511, 0.0000, 283.6720, -638.1511, 0.0000, 98, 90, 76
L 313.0281, -638.1511, 0.0000, 332.7130, -638.1511, 0.0000, 98, 90, 76
L 329.2310, -638.1511, 0.0000, 340.4905, -638.1511, 0.0000, 98, 90, 76
L 413.7521, -638.1511, 0.0000, 428.9914, -638.1511, 0.0000, 98, 90, 76
L 431.9724, -638.1511, 0.0000, 450.2900, -638.1511, 0.0000, 98, 90, 76
L 444.8779, -638.1511, 0.0000, 458.0493, -638.1511, 0.0000, 98, 90, 76
L 472.5231, -638.1511, 0.0000, 486.5593, -638.1511, 0.0000, 74, 68, 58
L 526.1750, -638.1511, 0.0000, 540.0343, -638.1511, 0.0000, 74, 68, 58
L -1072.5699, -627.2361, 0.0000, -1055.6041, -627.2361, 0.0000, 74, 68, 58
L -1054.6618, -627.2361, 0.0000, -1032.9184, -627.2361, 0.0000, 74, 68, 58
L -1042.6809, -627.2361, 0.0000, -1032.6031, -627.2361, 0.0000, 74, 68, 58
L -964.8587, -627.2361, 0.0000, -941.1518, -627.2361, 0.0000, 98, 90, 76
L -867.3267, -627.2361, 0.0000, -844.6078, -627.2361, 0.0000, 98, 90, 76
L -834.0353, -627.2361, 0.0000, -824.6847, -627.2361, 0.0000, 98, 90, 76
L -819.5602, -627.2361, 0.0000, -803.0441, -627.2361, 0.0000, 98, 90, 76
L -801.0378, -627.2361, 0.0000, -787.2117, -627.2361, 0.0000, 98, 90, 76
L 276.3670, -627.2361, 0.0000, 292.0657, -627.2361, 0.0000, 98, 90, 76
L 312.0803, -627.2361, 0.0000, 330.9694, -627.2361, 0.0000, 98, 90, 76
L 366.9495, -627.2361, 0.0000, 374.3842, -627.2361, 0.0000, 98, 90, 76
L 411.8619, -627.2361, 0.0000, 430.2606, -627.2361, 0.0000, 98, 90, 76
L 427.1110, -627.2361, 0.0000, 439.6373, -627.2361, 0.0000, 98, 90, 76
L 439.6010, -627.2361, 0.0000, 459.5274, -627.2361, 0.0000, 98, 90, 76
L 450.0309, -627.2361, 0.0000, 470.5497, -627.2361, 0.0000, 98, 90, 76
L 463.9202, -627.2361, 0.0000, 477.6215, -627.2361, 0.0000, 74, 68, 58
L 482.2568, -627.2361, 0.0000, 505.3897, -627.2361, 0.0000, 74, 68, 58
L 523.2568, -627.2361, 0.0000, 536.6660, -627.2361, 0.0000, 74, 68, 58
L 534.6375, -627.2361, 0.0000, 540.0343, -627.2361, 0.0000, 74, 68, 58
L -1073.6825, -616.3211, 0.0000, -1066.0526, -616.3211, 0.0000, 74, 68, 58
L -1059.9192, -616.3211, 0.0000, -1043.8863, -616.3211, 0.0000, 74, 68, 58
L -1046.4088, -616.3211, 0.0000, -1037.3595, -616.3211, 0.0000, 74, 68, 58
L -1032.2547, -616.3211, 0.0000, -1016.9229, -616.3211, 0.0000, 74, 68, 58
L -1020.2762, -616.3211, 0.0000, -1001.8965, -616.3211, 0.0000, 74, 68, 58
L -862.4916, -616.3211, 0.0000, -848.0176, -616.3211, 0.0000, 98, 90, 76
L -852.5951, -616.3211, 0.0000, -832.1481, -616.3211, 0.0000, 98, 90, 76
L -842.0154, -616.3211, 0.0000, -826.7846, -616.3211, 0.0000, 98, 90, 76
L -830.5297, -616.3211, 0.0000, -815.6063, -616.3211, 0.0000, 98, 90, 76
L -820.6218, -616.3211, 0.0000, -799.3228, -616.3211, 0.0000, 98, 90, 76
L -801.9424, -616.3211, 0.0000, -778.8821, -616.3211, 0.0000, 98, 90, 76
L 306.0679, -616.3211, 0.0000, 316.5719, -616.3211, 0.0000, 98, 90, 76
L 365.3352, -616.3211, 0.0000, 380.2094, -616.3211, 0.0000, 98, 90, 76
L 410.9141, -616.3211, 0.0000, 425.6040, -616.3211, 0.0000, 98, 90, 76
L 425.3300, -616.3211, 0.0000, 443.4133, -616.3211, 0.0000, 98, 90, 76
L 438.9644, -616.3211, 0.0000, 460.4723, -616.3211, 0.0000, 98, 90, 76
L 455.5823, -616.3211, 0.0000, 474.8619, -616.3211, 0.0000, 74, 68, 58
L 471.5654, -616.3211, 0.0000, 487.2239, -616.3211, 0.0000, 74, 68, 58
L 532.9539, -616.3211, 0.0000, 540.0343, -616.3211, 0.0000, 74, 68, 58
L -1083.2585, -605.4061, 0.0000, -1074.1976, -605.4061, 0.0000, 74, 68, 58
L -1067.5220, -605.4061, 0.0000, -1053.3269, -605.4061, 0.0000, 74, 68, 58
L -1056.9833, -605.4061, 0.0000, -1037.4136, -605.4061, 0.0000, 74, 68, 58
L -1040.5151, -605.4061, 0.0000, -1019.2068, -605.4061, 0.0000, 74, 68, 58
L -1024.2520, -605.4061, 0.0000, -1009.5897, -605.4061, 0.0000, 74, 68, 58
L -929.2543, -605.4061, 0.0000, -917.6049, -605.4061, 0.0000, 98, 90, 76
L -916.9112, -605.4061, 0.0000, -894.4864, -605.4061, 0.0000, 98, 90, 76
L -853.0385, -605.4061, 0.0000, -836.1862, -605.4061, 0.0000, 98, 90, 76
L -842.0745, -605.4061, 0.0000, -826.5395, -605.4061, 0.0000, 98, 90, 76
L -813.7737, -605.4061, 0.0000, -794.7539, -605.4061, 0.0000, 98, 90, 76
L -796.8037, -605.4061, 0.0000, -773.6633, -605.4061, 0.0000, 98, 90, 76
L 254.4605, -605.4061, 0.0000, 265.8279, -605.4061, 0.0000, 98, 90, 76
L 283.3641, -605.4061, 0.0000, 294.6553, -605.4061, 0.0000, 98, 90, 76
L 295.1054, -605.4061, 0.0000, 307.4485, -605.4061, 0.0000, 98, 90, 76
L 305.9258, -605.4061, 0.0000, 317.3319, -605.4061, 0.0000, 98, 90, 76
L 367.6668, -605.4061, 0.0000, 380.5298, -605.4061, 0.0000, 98, 90, 76
L 425.4343, -605.4061, 0.0000, 438.8146, -605.4061, 0.0000, 98, 90, 76
L 443.6871, -605.4061, 0.0000, 457.2604, -605.4061, 0.0000, 98, 90, 76
L 461.0738, -605.4061, 0.0000, 472.8946, -605.4061, 0.0000, 74, 68, 58
L 479.4345, -605.4061, 0.0000, 500.4665, -605.4061, 0.0000, 74, 68, 58
L 511.5910, -605.4061, 0.0000, 528.3248, -605.4061, 0.0000, 74, 68, 58
L 527.7056, -605.4061, 0.0000, 540.0343, -605.4061, 0.0000, 74, 68, 58
L 537.8486, -605.4061, 0.0000, 540.0343, -605.4061, 0.0000, 74, 68, 58
L -1083.2585, -594.4911, 0.0000, -1076.1036, -594.4911, 0.0000, 74, 68, 58
L -1068.0033, -594.4911, 0.0000, -1054.5446, -594.4911, 0.0000, 74, 68, 58
L -1057.1697, -594.4911, 0.0000, -1041.2464, -594.4911, 0.0000, 74, 68, 58
L -1011.0446, -594.4911, 0.0000, -998.5938, -594.4911, 0.0000, 74, 68, 58
L -1001.4587, -594.4911, 0.0000, -983.7105, -594.4911, 0.0000, 74, 68, 58
L -953.5898, -594.4911, 0.0000, -939.2005, -594.4911, 0.0000, 98, 90, 76
L -925.5413, -594.4911, 0.0000, -908.0528, -594.4911, 0.0000, 98, 90, 76
L -911.2563, -594.4911, 0.0000, -904.0490, -594.4911, 0.0000, 98, 90, 76
L -853.5682, -594.4911, 0.0000, -843.2456, -594.4911, 0.0000, 98, 90, 76
L -808.5003, -594.4911, 0.0000, -795.8283, -594.4911, 0.0000, 98, 90, 76
L 261.4043, -594.4911, 0.0000, 275.8824, -594.4911, 0.0000, 98, 90, 76
L 275.5941, -594.4911, 0.0000, 284.9283, -594.4911, 0.0000, 98, 90, 76
L 288.9747, -594.4911, 0.0000, 311.4567, -594.4911, 0.0000, 98, 90, 76
L 302.5604, -594.4911, 0.0000, 322.7862, -594.4911, 0.0000, 98, 90, 76
L 313.9813, -594.4911, 0.0000, 329.3234, -594.4911, 0.0000, 98, 90, 76
L 324.3173, -594.4911, 0.0000, 342.3422, -594.4911, 0.0000, 98, 90, 76
L 359.0770, -594.4911, 0.0000, 368.2659, -594.4911, 0.0000, 98, 90, 76
L 426.3634, -594.4911, 0.0000, 441.1479, -594.4911, 0.0000, 98, 90, 76
L 440.3034, -594.4911, 0.0000, 459.6119, -594.4911, 0.0000, 98, 90, 76
L 456.6834, -594.4911, 0.0000, 472.5593, -594.4911, 0.0000, 74, 68, 58
L 467.0526, -594.4911, 0.0000, 484.7684, -594.4911, 0.0000, 74, 68, 58
L 477.8754, -594.4911, 0.0000, 492.8215, -594.4911, 0.0000, 74, 68, 58
L 496.1585, -594.4911, 0.0000, 512.6309, -594.4911, 0.0000, 74, 68, 58
L 511.6343, -594.4911, 0.0000, 529.8842, -594.4911, 0.0000, 74, 68, 58
L 526.4856, -594.4911, 0.0000, 540.0343, -594.4911, 0.0000, 74, 68, 58
L -1083.2585, -583.5760, 0.0000, -1068.7768, -583.5760, 0.0000, 74, 68, 58
L -1073.7605, -583.5760, 0.0000, -1056.1529, -583.5760, 0.0000, 74, 68, 58
L -1063.8069, -583.5760, 0.0000, -1051.0863, -583.5760, 0.0000, 74, 68, 58
L -1004.0009, -583.5760, 0.0000, -993.7714, -583.5760, 0.0000, 74, 68, 58
L -927.3333, -583.5760, 0.0000, -911.0866, -583.5760, 0.0000, 98, 90, 76
L -850.1031, -583.5760, 0.0000, -838.4760, -583.5760, 0.0000, 98, 90, 76
L -809.0118, -583.5760, 0.0000, -787.4285, -583.5760, 0.0000, 98, 90, 76
L 265.0473, -583.5760, 0.0000, 277.5857, -583.5760, 0.0000, 98, 90, 76
L 280.4888, -583.5760, 0.0000, 301.6800, -583.5760, 0.0000, 98, 90, 76
L 299.1403, -583.5760, 0.0000, 318.0772, -583.5760, 0.0000, 98, 90, 76
L 311.8766, -583.5760, 0.0000, 327.2145, -583.5760, 0.0000, 98, 90, 76
L 322.0804, -583.5760, 0.0000, 338.9382, -583.5760, 0.0000, 98, 90, 76
L 339.0928, -583.5760, 0.0000, 349.7119, -583.5760, 0.0000, 98, 90, 76
L 350.5978, -583.5760, 0.0000, 360.0518, -583.5760, 0.0000, 98, 90, 76
L 361.6441, -583.5760, 0.0000, 375.8163, -583.5760, 0.0000, 98, 90, 76
L 417.1553, -583.5760, 0.0000, 425.1066, -583.5760, 0.0000, 98, 90, 76
L 426.6819, -583.5760, 0.0000, 434.2308, -583.5760, 0.0000, 98, 90, 76
L 441.4963, -583.5760, 0.0000, 455.6708, -583.5760, 0.0000, 98, 90, 76
L 452.5448, -583.5760, 0.0000, 475.3726, -583.5760, 0.0000, 98, 90, 76
L 465.2891, -583.5760, 0.0000, 479.2993, -583.5760, 0.0000, 74, 68, 58
L 483.0250, -583.5760, 0.0000, 490.6768, -583.5760, 0.0000, 74, 68, 58
L 500.9568, -583.5760, 0.0000, 508.7189, -583.5760, 0.0000, 74, 68, 58
L 511.8356, -583.5760, 0.0000, 520.1581, -583.5760, 0.0000, 74, 68, 58
L 521.7251, -583.5760, 0.0000, 540.0343, -583.5760, 0.0000, 74, 68, 58
L 535.9527, -583.5760, 0.0000, 540.0343, -583.5760, 0.0000, 74, 68, 58
L -1083.2585, -572.6609, 0.0000, -1075.0798, -572.6609, 0.0000, 74, 68, 58
L -1072.3855, -572.6609, 0.0000, -1061.5235, -572.6609, 0.0000, 74, 68, 58
L -1059.8323, -572.6609, 0.0000, -1042.9169, -572.6609, 0.0000, 74, 68, 58
L -1009.1798, -572.6609, 0.0000, -995.3809, -572.6609, 0.0000, 74, 68, 58
L -978.0341, -572.6609, 0.0000, -966.9417, -572.6609, 0.0000, 98, 90, 76
L -936.2521, -572.6609, 0.0000, -924.2589, -572.6609, 0.0000, 98, 90, 76
L -925.2689, -572.6609, 0.0000, -914.7204, -572.6609, 0.0000, 98, 90, 76
L -912.5893, -572.6609, 0.0000, -901.4996, -572.6609, 0.0000, 98, 90, 76
L -899.4171, -572.6609, 0.0000, -879.9476, -572.6609, 0.0000, 98, 90, 76
L -877.8350, -572.6609, 0.0000, -855.2784, -572.6609, 0.0000, 98, 90, 76
L -864.2722, -572.6609, 0.0000, -845.8381, -572.6609, 0.0000, 98, 90, 76
L -851.4617, -572.6609, 0.0000, -829.0406, -572.6609, 0.0000, 98, 90, 76
L -807.0225, -572.6609, 0.0000, -794.0434, -572.6609, 0.0000, 98, 90, 76
L -794.1093, -572.6609, 0.0000, -773.9679, -572.6609, 0.0000, 98, 90, 76
L -769.5584, -572.6609, 0.0000, -759.1880, -572.6609, 0.0000, 98, 90, 76
L -465.8595, -572.6609, 0.0000, -443.9533, -572.6609, 0.0000, 98, 90, 76
L -450.7413, -572.6609, 0.0000, -430.9388, -572.6609, 0.0000, 98, 90, 76
L -436.8865, -572.6609, 0.0000, -425.5056, -572.6609, 0.0000, 98, 90, 76
L -380.7309, -572.6609, 0.0000, -362.2242, -572.6609, 0.0000, 98, 90, 76
L -352.1040, -572.6609, 0.0000, -337.3189, -572.6609, 0.0000, 98, 90, 76
L -339.6563, -572.6609, 0.0000, -319.3914, -572.6609, 0.0000, 98, 90, 76
L -322.4483, -572.6609, 0.0000, -304.3967, -572.6609, 0.0000, 98, 90, 76
L -308.2263, -572.6609, 0.0000, -289.2389, -572.6609, 0.0000, 98, 90, 76
L -282.1743, -572.6609, 0.0000, -269.3280, -572.6609, 0.0000, 98, 90, 76
L -263.5334, -572.6609, 0.0000, -254.7893, -572.6609, 0.0000, 98, 90, 76
L -250.2227, -572.6609, 0.0000, -234.9107, -572.6609, 0.0000, 98, 90, 76
L -199.5913, -572.6609, 0.0000, -182.2187, -572.6609, 0.0000, 98, 90, 76
L -185.1449, -572.6609, 0.0000, -161.4841, -572.6609, 0.0000, 98, 90, 76
L -169.4027, -572.6609, 0.0000, -156.1230, -572.6609, 0.0000, 98, 90, 76
L -154.6535, -572.6609, 0.0000, -145.1633, -572.6609, 0.0000, 98, 90, 76
L -143.0965, -572.6609, 0.0000, -129.5357, -572.6609, 0.0000, 98, 90, 76
L -131.6095, -572.6609, 0.0000, -120.5276, -572.6609, 0.0000, 98, 90, 76
L -115.8603, -572.6609, 0.0000, -96.4154, -572.6609, 0.0000, 98, 90, 76
L -105.3442, -572.6609, 0.0000, -85.3945, -572.6609, 0.0000, 98, 90, 76
L -88.3088, -572.6609, 0.0000, -67.8104, -572.6609, 0.0000, 98, 90, 76
L -71.4683, -572.6609, 0.0000, -55.7634, -572.6609, 0.0000, 98, 90, 76
L -57.8020, -572.6609, 0.0000, -46.6087, -572.6609, 0.0000, 98, 90, 76
L -40.5858, -572.6609, 0.0000, -18.9862, -572.6609, 0.0000, 98, 90, 76
L -6.8581, -572.6609, 0.0000, 14.3486, -572.6609, 0.0000, 98, 90, 76
L 2.7048, -572.6609, 0.0000, 19.7386, -572.6609, 0.0000, 98, 90, 76
L 16.5784, -572.6609, 0.0000, 36.0241, -572.6609, 0.0000, 98, 90, 76
L 27.0879, -572.6609, 0.0000, 40.0820, -572.6609, 0.0000, 98, 90, 76
L 130.8555, -572.6609, 0.0000, 144.7009, -572.6609, 0.0000, 98, 90, 76
L 158.5753, -572.6609, 0.0000, 180.2668, -572.6609, 0.0000, 98, 90, 76
L 183.9411, -572.6609, 0.0000, 196.4086, -572.6609, 0.0000, 98, 90, 76
L 238.1468, -572.6609, 0.0000, 252.3864, -572.6609, 0.0000, 98, 90, 76
L 251.9995, -572.6609, 0.0000, 264.7835, -572.6609, 0.0000, 98, 90, 76
L 267.0318, -572.6609, 0.0000, 282.5529, -572.6609, 0.0000, 98, 90, 76
L 278.6769, -572.6609, 0.0000, 300.6185, -572.6609, 0.0000, 98, 90, 76
L 291.4981, -572.6609, 0.0000, 305.9213, -572.6609, 0.0000, 98, 90, 76
L 305.1885, -572.6609, 0.0000, 326.3875, -572.6609, 0.0000, 98, 90, 76
L 315.2297, -572.6609, 0.0000, 327.2222, -572.6609, 0.0000, 98, 90, 76
L 339.8086, -572.6609, 0.0000, 355.4380, -572.6609, 0.0000, 98, 90, 76
L 349.6172, -572.6609, 0.0000, 367.3554, -572.6609, 0.0000, 98, 90, 76
L 368.3776, -572.6609, 0.0000, 377.7164, -572.6609, 0.0000, 98, 90, 76
L 385.6582, -572.6609, 0.0000, 397.0180, -572.6609, 0.0000, 98, 90, 76
L 403.2590, -572.6609, 0.0000, 412.2397, -572.6609, 0.0000, 98, 90, 76
L 419.5215, -572.6609, 0.0000, 440.0594, -572.6609, 0.0000, 98, 90, 76
L 437.0013, -572.6609, 0.0000, 452.8172, -572.6609, 0.0000, 98, 90, 76
L 454.6290, -572.6609, 0.0000, 465.6433, -572.6609, 0.0000, 74, 68, 58
L 469.9159, -572.6609, 0.0000, 484.5467, -572.6609, 0.0000, 74, 68, 58
L 484.4700, -572.6609, 0.0000, 499.0977, -572.6609, 0.0000, 74, 68, 58
L 500.7577, -572.6609, 0.0000, 522.6462, -572.6609, 0.0000, 74, 68, 58
L 511.8990, -572.6609, 0.0000, 521.4499, -572.6609, 0.0000, 74, 68, 58
L 529.0152, -572.6609, 0.0000, 540.0343, -572.6609, 0.0000, 74, 68, 58
L -1083.2585, -561.7459, 0.0000, -1065.7335, -561.7459, 0.0000, 74, 68, 58
L -1072.2255, -561.7459, 0.0000, -1051.7666, -561.7459, 0.0000, 74, 68, 58
L -1057.8458, -561.7459, 0.0000, -1046.6993, -561.7459, 0.0000, 74, 68, 58
L -988.9852, -561.7459, 0.0000, -972.8154, -561.7459, 0.0000, 98, 90, 76
L -976.3108, -561.7459, 0.0000, -962.2396, -561.7459, 0.0000, 98, 90, 76
L -930.3985, -561.7459, 0.0000, -919.6242, -561.7459, 0.0000, 98, 90, 76
L 389.0850, -561.7459, 0.0000, 411.2341, -561.7459, 0.0000, 98, 90, 76
L 407.0494, -561.7459, 0.0000, 421.4980, -561.7459, 0.0000, 98, 90, 76
L 417.7006, -561.7459, 0.0000, 431.9969, -561.7459, 0.0000, 98, 90, 76
L 427.9612, -561.7459, 0.0000, 436.3782, -561.7459, 0.0000, 98, 90, 76
L 443.8760, -561.7459, 0.0000, 465.6164, -561.7459, 0.0000, 98, 90, 76
L 455.3884, -561.7459, 0.0000, 474.1948, -561.7459, 0.0000, 74, 68, 58
L 465.8440, -561.7459, 0.0000, 477.3552, -561.7459, 0.0000, 74, 68, 58
L 493.2318, -561.7459, 0.0000, 512.3398, -561.7459, 0.0000, 74, 68, 58
L 503.3213, -561.7459, 0.0000, 515.5745, -561.7459, 0.0000, 74, 68, 58
L 516.8772, -561.7459, 0.0000, 537.3453, -561.7459, 0.0000, 74, 68, 58
L 534.2968, -561.7459, 0.0000, 540.0343, -561.7459, 0.0000, 74, 68, 58
L -1083.2585, -550.8309, 0.0000, -1065.7288, -550.8309, 0.0000, 74, 68, 58
L -1071.2741, -550.8309, 0.0000, -1062.2618, -550.8309, 0.0000, 74, 68, 58
L -1053.1657, -550.8309, 0.0000, -1032.8558, -550.8309, 0.0000, 74, 68, 58
L -1011.9417, -550.8309, 0.0000, -994.1735, -550.8309, 0.0000, 74, 68, 58
L -981.6596, -550.8309, 0.0000, -970.4464, -550.8309, 0.0000, 98, 90, 76
L -965.8475, -550.8309, 0.0000, -956.8924, -550.8309, 0.0000, 98, 90, 76
L -942.4899, -550.8309, 0.0000, -932.4462, -550.8309, 0.0000, 98, 90, 76
L -930.1132, -550.8309, 0.0000, -915.1597, -550.8309, 0.0000, 98, 90, 76
L 382.4718, -550.8309, 0.0000, 393.3249, -550.8309, 0.0000, 98, 90, 76
L 397.8775, -550.8309, 0.0000, 416.1886, -550.8309, 0.0000, 98, 90, 76
L 410.8691, -550.8309, 0.0000, 418.0494, -550.8309, 0.0000, 98, 90, 76
L 428.0302, -550.8309, 0.0000, 444.8576, -550.8309, 0.0000, 98, 90, 76
L 437.8701, -550.8309, 0.0000, 456.3568, -550.8309, 0.0000, 98, 90, 76
L 452.6976, -550.8309, 0.0000, 473.7426, -550.8309, 0.0000, 98, 90, 76
L 462.9266, -550.8309, 0.0000, 473.6611, -550.8309, 0.0000, 74, 68, 58
L 497.7700, -550.8309, 0.0000, 517.0979, -550.8309, 0.0000, 74, 68, 58
L 516.1524, -550.8309, 0.0000, 533.9978, -550.8309, 0.0000, 74, 68, 58
L 530.9565, -550.8309, 0.0000, 540.0343, -550.8309, 0.0000, 74, 68, 58
L -1083.2585, -539.9159, 0.0000, -1068.2492, -539.9159, 0.0000, 74, 68, 58
L -1067.9021, -539.9159, 0.0000, -1044.6222, -539.9159, 0.0000, 74, 68, 58
L -1053.1315, -539.9159, 0.0000, -1045.4454, -539.9159, 0.0000, 74, 68, 58
L -1041.3610, -539.9159, 0.0000, -1032.3896, -539.9159, 0.0000, 74, 68, 58
L -942.0087, -539.9159, 0.0000, -919.6739, -539.9159, 0.0000, 98, 90, 76
L 387.8409, -539.9159, 0.0000, 402.7653, -539.9159, 0.0000, 98, 90, 76
L 399.6399, -539.9159, 0.0000, 413.3337, -539.9159, 0.0000, 98, 90, 76
L 417.8629, -539.9159, 0.0000, 426.9516, -539.9159, 0.0000, 98, 90, 76
L 427.4319, -539.9159, 0.0000, 450.4825, -539.9159, 0.0000, 98, 90, 76
L 439.7220, -539.9159, 0.0000, 449.5916, -539.9159, 0.0000, 98, 90, 76
L 458.5696, -539.9159, 0.0000, 475.6265, -539.9159, 0.0000, 74, 68, 58
L 503.6628, -539.9159, 0.0000, 518.7552, -539.9159, 0.0000, 74, 68, 58
L 521.1802, -539.9159, 0.0000, 540.0343, -539.9159, 0.0000, 74, 68, 58
L 537.0025, -539.9159, 0.0000, 540.0343, -539.9159, 0.0000, 74, 68, 58
L -1083.2585, -529.0009, 0.0000, -1074.6007, -529.0009, 0.0000, 74, 68, 58
L -1067.0501, -529.0009, 0.0000, -1056.7720, -529.0009, 0.0000, 74, 68, 58
L -1048.6404, -529.0009, 0.0000, -1025.7807, -529.0009, 0.0000, 74, 68, 58
L -1013.2994, -529.0009, 0.0000, -994.0971, -529.0009, 0.0000, 74, 68, 58
L -983.7882, -529.0009, 0.0000, -972.6615, -529.0009, 0.0000, 98, 90, 76
L -967.9932, -529.0009, 0.0000, -960.1465, -529.0009, 0.0000, 98, 90, 76
L -954.4445, -529.0009, 0.0000, -945.3978, -529.0009, 0.0000, 98, 90, 76
L -937.9644, -529.0009, 0.0000, -930.0696, -529.0009, 0.0000, 98, 90, 76
L 403.6701, -529.0009, 0.0000, 420.4691, -529.0009, 0.0000, 98, 90, 76
L 420.7415, -529.0009, 0.0000, 443.1888, -529.0009, 0.0000, 98, 90, 76
L 433.0308, -529.0009, 0.0000, 446.9848, -529.0009, 0.0000, 98, 90, 76
L 450.7088, -529.0009, 0.0000, 466.4077, -529.0009, 0.0000, 98, 90, 76
L 464.0548, -529.0009, 0.0000, 480.2062, -529.0009, 0.0000, 74, 68, 58
L 504.6819, -529.0009, 0.0000, 512.5572, -529.0009, 0.0000, 74, 68, 58
L 515.0491, -529.0009, 0.0000, 537.2658, -529.0009, 0.0000, 74, 68, 58
L 532.4581, -529.0009, 0.0000, 540.0343, -529.0009, 0.0000, 74, 68, 58
L -1173.5603, -497.4658, 0.0000, -1163.4046, -497.4658, 0.0000, 74, 68, 58
L -1152.9178, -497.4658, 0.0000, -1142.5818, -497.4658, 0.0000, 74, 68, 58
L -1139.8300, -497.4658, 0.0000, -1121.5755, -497.4658, 0.0000, 74, 68, 58
L -1124.8020, -497.4658, 0.0000, -1114.4444, -497.4658, 0.0000, 74, 68, 58
L -1097.3824, -497.4658, 0.0000, -1079.0245, -497.4658, 0.0000, 74, 68, 58
L -1024.8857, -497.4658, 0.0000, -1008.3338, -497.4658, 0.0000, 98, 90, 76
L -1010.5352, -497.4658, 0.0000, -987.2965, -497.4658, 0.0000, 98, 90, 76
L 481.4749, -497.4658, 0.0000, 496.9602, -497.4658, 0.0000, 98, 90, 76
L 499.5218, -497.4658, 0.0000, 523.3300, -497.4658, 0.0000, 98, 90, 76
L 515.8203, -497.4658, 0.0000, 523.7958, -497.4658, 0.0000, 98, 90, 76
L 527.6922, -497.4658, 0.0000, 542.8654, -497.4658, 0.0000, 98, 90, 76
L 544.6023, -497.4658, 0.0000, 560.4519, -497.4658, 0.0000, 74, 68, 58
L 592.4602, -497.4658, 0.0000, 616.6850, -497.4658, 0.0000, 74, 68, 58
L 603.9514, -497.4658, 0.0000, 616.0550, -497.4658, 0.0000, 74, 68, 58
L -1173.5603, -485.3267, 0.0000, -1154.5914, -485.3267, 0.0000, 74, 68, 58
L -1153.4943, -485.3267, 0.0000, -1131.5308, -485.3267, 0.0000, 74, 68, 58
L -1134.4105, -485.3267, 0.0000, -1125.2404, -485.3267, 0.0000, 74, 68, 58
L -1121.3280, -485.3267, 0.0000, -1096.6068, -485.3267, 0.0000, 74, 68, 58
L -1018.8421, -485.3267, 0.0000, -1006.7232, -485.3267, 0.0000, 98, 90, 76
L 458.6752, -485.3267, 0.0000, 475.6130, -485.3267, 0.0000, 98, 90, 76
L 485.6810, -485.3267, 0.0000, 498.9950, -485.3267, 0.0000, 98, 90, 76
L 500.0181, -485.3267, 0.0000, 524.7741, -485.3267, 0.0000, 98, 90, 76
L 513.8629, -485.3267, 0.0000, 532.8567, -485.3267, 0.0000, 98, 90, 76
L 524.5441, -485.3267, 0.0000, 540.8888, -485.3267, 0.0000, 98, 90, 76
L 536.8437, -485.3267, 0.0000, 549.6117, -485.3267, 0.0000, 74, 68, 58
L -1114.2367, -473.1875, 0.0000, -1095.8756, -473.1875, 0.0000, 74, 68, 58
L -1084.7793, -473.1875, 0.0000, -1068.4429, -473.1875, 0.0000, 74, 68, 58
L 483.3306, -473.1875, 0.0000, 499.4034, -473.1875, 0.0000, 98, 90, 76
L 497.9125, -473.1875, 0.0000, 514.8064, -473.1875, 0.0000, 98, 90, 76
L 512.5274, -473.1875, 0.0000, 530.4000, -473.1875, 0.0000, 98, 90, 76
L 527.8927, -473.1875, 0.0000, 544.7507, -473.1875, 0.0000, 98, 90, 76
L 543.1678, -473.1875, 0.0000, 555.7137, -473.1875, 0.0000, 74, 68, 58
L 562.7350, -473.1875, 0.0000, 577.3111, -473.1875, 0.0000, 74, 68, 58
L 573.5931, -473.1875, 0.0000, 588.7254, -473.1875, 0.0000, 74, 68, 58
L 589.4493, -473.1875, 0.0000, 611.6164, -473.1875, 0.0000, 74, 68, 58
L -1140.3977, -461.0484, 0.0000, -1131.1096, -461.0484, 0.0000, 74, 68, 58
L -1013.5400, -461.0484, 0.0000, -996.2722, -461.0484, 0.0000, 98, 90, 76
L -1001.4830, -461.0484, 0.0000, -987.3184, -461.0484, 0.0000, 98, 90, 76
L 457.1452, -461.0484, 0.0000, 468.9304, -461.0484, 0.0000, 98, 90, 76
L 472.4053, -461.0484, 0.0000, 492.8203, -461.0484, 0.0000, 98, 90, 76
L 528.7010, -461.0484, 0.0000, 549.6353, -461.0484, 0.0000, 98, 90, 76
L 540.4257, -461.0484, 0.0000, 559.1908, -461.0484, 0.0000, 74, 68, 58
L 561.4188, -461.0484, 0.0000, 585.1640, -461.0484, 0.0000, 74, 68, 58
L 581.7094, -461.0484, 0.0000, 594.7829, -461.0484, 0.0000, 74, 68, 58
L -1144.0063, -448.9093, 0.0000, -1125.7745, -448.9093, 0.0000, 74, 68, 58
L -1096.1489, -448.9093, 0.0000, -1077.5837, -448.9093, 0.0000, 74, 68, 58
L 469.4528, -448.9093, 0.0000, 483.4300, -448.9093, 0.0000, 98, 90, 76
L 534.2105, -448.9093, 0.0000, 557.1463, -448.9093, 0.0000, 98, 90, 76
L 545.2790, -448.9093, 0.0000, 561.8920, -448.9093, 0.0000, 74, 68, 58
L 558.2287, -448.9093, 0.0000, 571.5180, -448.9093, 0.0000, 74, 68, 58
L 579.1840, -448.9093, 0.0000, 593.7342, -448.9093, 0.0000, 74, 68, 58
L -1173.5603, -436.7702, 0.0000, -1164.5639, -436.7702, 0.0000, 74, 68, 58
L -1089.5202, -436.7702, 0.0000, -1076.1888, -436.7702, 0.0000, 74, 68, 58
L -1038.4008, -436.7702, 0.0000, -1026.3147, -436.7702, 0.0000, 98, 90, 76
L 453.6899, -436.7702, 0.0000, 474.0754, -436.7702, 0.0000, 98, 90, 76
L 468.0939, -436.7702, 0.0000, 485.2860, -436.7702, 0.0000, 98, 90, 76
L 501.7004, -436.7702, 0.0000, 518.8137, -436.7702, 0.0000, 98, 90, 76
L 513.1948, -436.7702, 0.0000, 538.2920, -436.7702, 0.0000, 98, 90, 76
L 535.2762, -436.7702, 0.0000, 545.2132, -436.7702, 0.0000, 98, 90, 76
L 547.8119, -436.7702, 0.0000, 563.7318, -436.7702, 0.0000, 74, 68, 58
L 560.7001, -436.7702, 0.0000, 579.0347, -436.7702, 0.0000, 74, 68, 58
L 575.4819, -436.7702, 0.0000, 588.8025, -436.7702, 0.0000, 74, 68, 58
L -1173.5603, -424.6311, 0.0000, -1155.3063, -424.6311, 0.0000, 74, 68, 58
L -1138.3153, -424.6311, 0.0000, -1113.4936, -424.6311, 0.0000, 74, 68, 58
L -1117.4765, -424.6311, 0.0000, -1099.2157, -424.6311, 0.0000, 74, 68, 58
L -1051.1975, -424.6311, 0.0000, -1028.8265, -424.6311, 0.0000, 98, 90, 76
L -1033.3408, -424.6311, 0.0000, -1017.8093, -424.6311, 0.0000, 98, 90, 76
L 541.1311, -424.6311, 0.0000, 564.1047, -424.6311, 0.0000, 74, 68, 58
L 560.8356, -424.6311, 0.0000, 577.3725, -424.6311, 0.0000, 74, 68, 58
L 580.2285, -424.6311, 0.0000, 598.8264, -424.6311, 0.0000, 74, 68, 58
L 597.5892, -424.6311, 0.0000, 619.5224, -424.6311, 0.0000, 74, 68, 58
L -1173.5603, -412.4920, 0.0000, -1152.6570, -412.4920, 0.0000, 74, 68, 58
L -1144.2810, -412.4920, 0.0000, -1135.2083, -412.4920, 0.0000, 74, 68, 58
L -1124.4595, -412.4920, 0.0000, -1113.3900, -412.4920, 0.0000, 74, 68, 58
L -1105.7757, -412.4920, 0.0000, -1090.4420, -412.4920, 0.0000, 74, 68, 58
L -1065.2835, -412.4920, 0.0000, -1043.0083, -412.4920, 0.0000, 98, 90, 76
L -1049.7527, -412.4920, 0.0000, -1030.6687, -412.4920, 0.0000, 98, 90, 76
L -1036.9997, -412.4920, 0.0000, -1014.7795, -412.4920, 0.0000, 98, 90, 76
L -1020.0759, -412.4920, 0.0000, -1007.7012, -412.4920, 0.0000, 98, 90, 76
L -1000.2349, -412.4920, 0.0000, -990.6218, -412.4920, 0.0000, 98, 90, 76
L 471.6450, -412.4920, 0.0000, 495.0609, -412.4920, 0.0000, 98, 90, 76
L 519.4535, -412.4920, 0.0000, 543.2533, -412.4920, 0.0000, 98, 90, 76
L 536.9960, -412.4920, 0.0000, 562.1569, -412.4920, 0.0000, 74, 68, 58
L 556.8391, -412.4920, 0.0000, 579.8157, -412.4920, 0.0000, 74, 68, 58
L 573.4189, -412.4920, 0.0000, 587.6294, -412.4920, 0.0000, 74, 68, 58
L 586.4917, -412.4920, 0.0000, 605.8860, -412.4920, 0.0000, 74, 68, 58
L 597.2940, -412.4920, 0.0000, 613.4002, -412.4920, 0.0000, 74, 68, 58
L 613.1261, -412.4920, 0.0000, 623.2376, -412.4920, 0.0000, 74, 68, 58
L 628.1974, -412.4920, 0.0000, 631.7791, -412.4920, 0.0000, 74, 68, 58
L -1132.3978, -400.3529, 0.0000, -1109.5559, -400.3529, 0.0000, 74, 68, 58
L -1028.6358, -400.3529, 0.0000, -1009.9653, -400.3529, 0.0000, 98, 90, 76
L -1009.5473, -400.3529, 0.0000, -996.9794, -400.3529, 0.0000, 98, 90, 76
L 483.6309, -400.3529, 0.0000, 497.1280, -400.3529, 0.0000, 98, 90, 76
L 510.1764, -400.3529, 0.0000, 520.5112, -400.3529, 0.0000, 98, 90, 76
L 521.1405, -400.3529, 0.0000, 531.5597, -400.3529, 0.0000, 98, 90, 76
L 532.5019, -400.3529, 0.0000, 547.3824, -400.3529, 0.0000, 98, 90, 76
L 550.5422, -400.3529, 0.0000, 574.0001, -400.3529, 0.0000, 74, 68, 58
L 561.6817, -400.3529, 0.0000, 571.4465, -400.3529, 0.0000, 74, 68, 58
L 577.8812, -400.3529, 0.0000, 589.3087, -400.3529, 0.0000, 74, 68, 58
L 594.0987, -400.3529, 0.0000, 611.9865, -400.3529, 0.0000, 74, 68, 58
L 604.7691, -400.3529, 0.0000, 628.1891, -400.3529, 0.0000, 74, 68, 58
L 624.6595, -400.3529, 0.0000, 631.7791, -400.3529, 0.0000, 74, 68, 58
L -1173.5603, -388.2138, 0.0000, -1158.6320, -388.2138, 0.0000, 74, 68, 58
L -1156.5815, -388.2138, 0.0000, -1136.1104, -388.2138, 0.0000, 74, 68, 58
L -1067.5152, -388.2138, 0.0000, -1059.1500, -388.2138, 0.0000, 98, 90, 76
L -1055.6173, -388.2138, 0.0000, -1038.8055, -388.2138, 0.0000, 98, 90, 76
L -1023.9434, -388.2138, 0.0000, -1010.9205, -388.2138, 0.0000, 98, 90, 76
L -1011.6438, -388.2138, 0.0000, -997.9449, -388.2138, 0.0000, 98, 90, 76
L -998.8531, -388.2138, 0.0000, -988.2036, -388.2138, 0.0000, 98, 90, 76
L 461.5465, -388.2138, 0.0000, 484.3172, -388.2138, 0.0000, 98, 90, 76
L 479.9682, -388.2138, 0.0000, 491.7444, -388.2138, 0.0000, 98, 90, 76
L 495.8399, -388.2138, 0.0000, 516.3626, -388.2138, 0.0000, 98, 90, 76
L 514.7535, -388.2138, 0.0000, 529.8468, -388.2138, 0.0000, 98, 90, 76
L 529.6695, -388.2138, 0.0000, 553.6466, -388.2138, 0.0000, 98, 90, 76
L 544.9033, -388.2138, 0.0000, 557.7595, -388.2138, 0.0000, 74, 68, 58
L 556.1451, -388.2138, 0.0000, 565.7580, -388.2138, 0.0000, 74, 68, 58
L 588.8121, -388.2138, 0.0000, 598.3816, -388.2138, 0.0000, 74, 68, 58
L 607.3908, -388.2138, 0.0000, 626.3346, -388.2138, 0.0000, 74, 68, 58
L 624.4373, -388.2138, 0.0000, 631.7791, -388.2138, 0.0000, 74, 68, 58
L -1173.5603, -376.0746, 0.0000, -1153.4706, -376.0746, 0.0000, 74, 68, 58
L -1156.4995, -376.0746, 0.0000, -1138.1704, -376.0746, 0.0000, 74, 68, 58
L -1100.6110, -376.0746, 0.0000, -1080.8109, -376.0746, 0.0000, 74, 68, 58
L -1070.5301, -376.0746, 0.0000, -1050.6573, -376.0746, 0.0000, 98, 90, 76
L -1058.2687, -376.0746, 0.0000, -1049.5121, -376.0746, 0.0000, 98, 90, 76
L -1043.6059, -376.0746, 0.0000, -1020.0523, -376.0746, 0.0000, 98, 90, 76
L 463.1666, -376.0746, 0.0000, 489.5270, -376.0746, 0.0000, 98, 90, 76
L 474.9541, -376.0746, 0.0000, 486.3370, -376.0746, 0.0000, 98, 90, 76
L 490.5760, -376.0746, 0.0000, 509.0265, -376.0746, 0.0000, 98, 90, 76
L 522.7204, -376.0746, 0.0000, 547.5238, -376.0746, 0.0000, 98, 90, 76
L 535.4579, -376.0746, 0.0000, 544.2928, -376.0746, 0.0000, 98, 90, 76
L 605.7665, -376.0746, 0.0000, 619.5863, -376.0746, 0.0000, 74, 68, 58
L 623.7326, -376.0746, 0.0000, 631.7791, -376.0746, 0.0000, 74, 68, 58
L -1131.9865, -363.9355, 0.0000, -1111.0539, -363.9355, 0.0000, 74, 68, 58
L 477.8742, -363.9355, 0.0000, 497.3703, -363.9355, 0.0000, 98, 90, 76
L 526.6603, -363.9355, 0.0000, 542.6802, -363.9355, 0.0000, 98, 90, 76
L 540.0394, -363.9355, 0.0000, 551.4785, -363.9355, 0.0000, 74, 68, 58
L 598.0005, -363.9355, 0.0000, 613.2651, -363.9355, 0.0000, 74, 68, 58
L 610.4700, -363.9355, 0.0000, 618.6615, -363.9355, 0.0000, 74, 68, 58
L 622.2181, -363.9355, 0.0000, 631.7791, -363.9355, 0.0000, 74, 68, 58
L -1173.5603, -351.7964, 0.0000, -1161.2102, -351.7964, 0.0000, 74, 68, 58
L -1130.8106, -351.7964, 0.0000, -1109.2768, -351.7964, 0.0000, 74, 68, 58
L -1081.7334, -351.7964, 0.0000, -1069.8961, -351.7964, 0.0000, 74, 68, 58
L -1020.0992, -351.7964, 0.0000, -1005.0806, -351.7964, 0.0000, 98, 90, 76
L -1002.5288, -351.7964, 0.0000, -986.3755, -351.7964, 0.0000, 98, 90, 76
L 456.4663, -351.7964, 0.0000, 480.6180, -351.7964, 0.0000, 98, 90, 76
L 476.9676, -351.7964, 0.0000, 493.7517, -351.7964, 0.0000, 98, 90, 76
L 519.4621, -351.7964, 0.0000, 530.5877, -351.7964, 0.0000, 98, 90, 76
L 539.9957, -351.7964, 0.0000, 564.8949, -351.7964, 0.0000, 74, 68, 58
L 617.9651, -351.7964, 0.0000, 631.7791, -351.7964, 0.0000, 74, 68, 58
L -1173.5603, -339.6573, 0.0000, -1148.0191, -339.6573, 0.0000, 74, 68, 58
L -1144.1033, -339.6573, 0.0000, -1130.5198, -339.6573, 0.0000, 74, 68, 58
L -1128.5964, -339.6573, 0.0000, -1117.3141, -339.6573, 0.0000, 74, 68, 58
L -1071.6015, -339.6573, 0.0000, -1059.5155, -339.6573, 0.0000, 98, 90, 76
L -1051.5350, -339.6573, 0.0000, -1040.2308, -339.6573, 0.0000, 98, 90, 76
L -1017.6488, -339.6573, 0.0000, -994.5242, -339.6573, 0.0000, 98, 90, 76
L 456.6789, -339.6573, 0.0000, 475.0134, -339.6573, 0.0000, 98, 90, 76
L 471.9301, -339.6573, 0.0000, 498.1515, -339.6573, 0.0000, 98, 90, 76
L 525.3563, -339.6573, 0.0000, 546.2280, -339.6573, 0.0000, 98, 90, 76
L 540.1400, -339.6573, 0.0000, 561.8307, -339.6573, 0.0000, 74, 68, 58
L 629.9352, -339.6573, 0.0000, 631.7791, -339.6573, 0.0000, 74, 68, 58
L -1173.5603, -327.5182, 0.0000, -1153.6350, -327.5182, 0.0000, 74, 68, 58
L -1154.4831, -327.5182, 0.0000, -1132.7946, -327.5182, 0.0000, 74, 68, 58
L -1142.1573, -327.5182, 0.0000, -1128.9171, -327.5182, 0.0000, 74, 68, 58
L -1078.1057, -327.5182, 0.0000, -1051.8794, -327.5182, 0.0000, 98, 90, 76
L -1063.6972, -327.5182, 0.0000, -1038.1864, -327.5182, 0.0000, 98, 90, 76
L -1049.7950, -327.5182, 0.0000, -1034.9413, -327.5182, 0.0000, 98, 90, 76
L 456.7473, -327.5182, 0.0000, 474.1970, -327.5182, 0.0000, 98, 90, 76
L 467.4089, -327.5182, 0.0000, 479.5782, -327.5182, 0.0000, 98, 90, 76
L 530.6968, -327.5182, 0.0000, 553.1275, -327.5182, 0.0000, 98, 90, 76
L 543.0821, -327.5182, 0.0000, 568.7226, -327.5182, 0.0000, 74, 68, 58
L 555.8463, -327.5182, 0.0000, 564.0636, -327.5182, 0.0000, 74, 68, 58
L 587.8618, -327.5182, 0.0000, 598.2503, -327.5182, 0.0000, 74, 68, 58
L 631.4597, -327.5182, 0.0000, 631.7791, -327.5182, 0.0000, 74, 68, 58
L -1173.5603, -315.3791, 0.0000, -1162.1601, -315.3791, 0.0000, 74, 68, 58
L -1134.4456, -315.3791, 0.0000, -1108.2907, -315.3791, 0.0000, 74, 68, 58
L -1066.1460, -315.3791, 0.0000, -1052.6606, -315.3791, 0.0000, 98, 90, 76
L -1045.6614, -315.3791, 0.0000, -1032.6567, -315.3791, 0.0000, 98, 90, 76
L -1027.8908, -315.3791, 0.0000, -1002.3670, -315.3791, 0.0000, 98, 90, 76
L 530.7941, -315.3791, 0.0000, 539.8494, -315.3791, 0.0000, 98, 90, 76
L 550.1269, -315.3791, 0.0000, 576.4792, -315.3791, 0.0000, 74, 68, 58
L 563.9794, -315.3791, 0.0000, 584.4077, -315.3791, 0.0000, 74, 68, 58
L 581.8366, -315.3791, 0.0000, 596.1006, -315.3791, 0.0000, 74, 68, 58
L -1173.5603, -303.2400, 0.0000, -1152.0405, -303.2400, 0.0000, 74, 68, 58
L -1133.5330, -303.2400, 0.0000, -1120.3126, -303.2400, 0.0000, 74, 68, 58
L -1071.7515, -303.2400, 0.0000, -1056.7242, -303.2400, 0.0000, 98, 90, 76
L -1055.0132, -303.2400, 0.0000, -1045.3295, -303.2400, 0.0000, 98, 90, 76
L -1038.9776, -303.2400, 0.0000, -1026.6646, -303.2400, 0.0000, 98, 90, 76
L -1021.9178, -303.2400, 0.0000, -1008.5884, -303.2400, 0.0000, 98, 90, 76
L -1004.7272, -303.2400, 0.0000, -989.6442, -303.2400, 0.0000, 98, 90, 76
L 484.7548, -303.2400, 0.0000, 511.0755, -303.2400, 0.0000, 98, 90, 76
L 532.9979, -303.2400, 0.0000, 553.3562, -303.2400, 0.0000, 98, 90, 76
L 551.1189, -303.2400, 0.0000, 560.3104, -303.2400, 0.0000, 74, 68, 58
L 564.3214, -303.2400, 0.0000, 582.6916, -303.2400, 0.0000, 74, 68, 58
L 583.8502, -303.2400, 0.0000, 605.3231, -303.2400, 0.0000, 74, 68, 58
L -1173.5603, -291.1009, 0.0000, -1153.5405, -291.1009, 0.0000, 74, 68, 58
L -1128.9490, -291.1009, 0.0000, -1111.2267, -291.1009, 0.0000, 74, 68, 58
L -1092.9084, -291.1009, 0.0000, -1083.4885, -291.1009, 0.0000, 74, 68, 58
L -1075.9876, -291.1009, 0.0000, -1060.8338, -291.1009, 0.0000, 98, 90, 76
L -1061.8234, -291.1009, 0.0000, -1043.5263, -291.1009, 0.0000, 98, 90, 76
L -1049.6147, -291.1009, 0.0000, -1027.5731, -291.1009, 0.0000, 98, 90, 76
L -1031.1314, -291.1009, 0.0000, -1011.7147, -291.1009, 0.0000, 98, 90, 76
L 489.5818, -291.1009, 0.0000, 512.4481, -291.1009, 0.0000, 98, 90, 76
L 535.0808, -291.1009, 0.0000, 544.9673, -291.1009, 0.0000, 98, 90, 76
L 546.6679, -291.1009, 0.0000, 558.3430, -291.1009, 0.0000, 74, 68, 58
L 566.1021, -291.1009, 0.0000, 587.4741, -291.1009, 0.0000, 74, 68, 58
L 578.5867, -291.1009, 0.0000, 590.2434, -291.1009, 0.0000, 74, 68, 58
L -1173.5603, -278.9618, 0.0000, -1158.5011, -278.9618, 0.0000, 74, 68, 58
L -1122.1906, -278.9618, 0.0000, -1095.8921, -278.9618, 0.0000, 74, 68, 58
L -1101.5171, -278.9618, 0.0000, -1077.7239, -278.9618, 0.0000, 74, 68, 58
L -1088.8981, -278.9618, 0.0000, -1065.2521, -278.9618, 0.0000, 74, 68, 58
L -1070.4108, -278.9618, 0.0000, -1055.8416, -278.9618, 0.0000, 98, 90, 76
L -1058.4286, -278.9618, 0.0000, -1039.9970, -278.9618, 0.0000, 98, 90, 76
L -1038.5475, -278.9618, 0.0000, -1018.8244, -278.9618, 0.0000, 98, 90, 76
L 463.4465, -278.9618, 0.0000, 478.2269, -278.9618, 0.0000, 98, 90, 76
L 520.4368, -278.9618, 0.0000, 535.5635, -278.9618, 0.0000, 98, 90, 76
L 531.2904, -278.9618, 0.0000, 540.7523, -278.9618, 0.0000, 98, 90, 76
L 552.0171, -278.9618, 0.0000, 576.2677, -278.9618, 0.0000, 74, 68, 58
L 567.7254, -278.9618, 0.0000, 579.2330, -278.9618, 0.0000, 74, 68, 58
L -1173.5603, -266.8226, 0.0000, -1156.0108, -266.8226, 0.0000, 74, 68, 58
L -1128.9020, -266.8226, 0.0000, -1108.7800, -266.8226, 0.0000, 74, 68, 58
L -1116.8639, -266.8226, 0.0000, -1097.0272, -266.8226, 0.0000, 74, 68, 58
L -1096.2144, -266.8226, 0.0000, -1084.5658, -266.8226, 0.0000, 74, 68, 58
L -1082.0050, -266.8226, 0.0000, -1063.0659, -266.8226, 0.0000, 74, 68, 58
L -1061.2220, -266.8226, 0.0000, -1037.5304, -266.8226, 0.0000, 98, 90, 76
L -1046.7309, -266.8226, 0.0000, -1023.4767, -266.8226, 0.0000, 98, 90, 76
L 453.7494, -266.8226, 0.0000, 472.1370, -266.8226, 0.0000, 98, 90, 76
L 513.8603, -266.8226, 0.0000, 534.9338, -266.8226, 0.0000, 98, 90, 76
L 525.6062, -266.8226, 0.0000, 535.4317, -266.8226, 0.0000, 98, 90, 76
L 544.3307, -266.8226, 0.0000, 557.4267, -266.8226, 0.0000, 74, 68, 58
L 560.5561, -266.8226, 0.0000, 585.8885, -266.8226, 0.0000, 74, 68, 58
L 574.7799, -266.8226, 0.0000, 584.8955, -266.8226, 0.0000, 74, 68, 58
L 594.1188, -266.8226, 0.0000, 605.9385, -266.8226, 0.0000, 74, 68, 58
L 628.2235, -266.8226, 0.0000, 631.7791, -266.8226, 0.0000, 74, 68, 58
L -1127.8885, -254.6835, 0.0000, -1113.8428, -254.6835, 0.0000, 74, 68, 58
L -1114.2154, -254.6835, 0.0000, -1103.2184, -254.6835, 0.0000, 74, 68, 58
L -1102.3487, -254.6835, 0.0000, -1089.0322, -254.6835, 0.0000, 74, 68, 58
L -1088.6236, -254.6835, 0.0000, -1075.7207, -254.6835, 0.0000, 74, 68, 58
L -1069.9396, -254.6835, 0.0000, -1057.6781, -254.6835, 0.0000, 98, 90, 76
L -1057.8987, -254.6835, 0.0000, -1047.9240, -254.6835, 0.0000, 98, 90, 76
L 518.3559, -254.6835, 0.0000, 532.7264, -254.6835, 0.0000, 98, 90, 76
L 536.5438, -254.6835, 0.0000, 545.4219, -254.6835, 0.0000, 98, 90, 76
L 556.2959, -254.6835, 0.0000, 575.0106, -254.6835, 0.0000, 74, 68, 58
L 576.2203, -254.6835, 0.0000, 588.1118, -254.6835, 0.0000, 74, 68, 58
L 589.5747, -254.6835, 0.0000, 599.3359, -254.6835, 0.0000, 74, 68, 58
L -1173.5603, -242.5444, 0.0000, -1155.7409, -242.5444, 0.0000, 74, 68, 58
L -1158.6077, -242.5444, 0.0000, -1143.6173, -242.5444, 0.0000, 74, 68, 58
L -1146.0001, -242.5444, 0.0000, -1132.4803, -242.5444, 0.0000, 74, 68, 58
L -1125.3630, -242.5444, 0.0000, -1114.2985, -242.5444, 0.0000, 74, 68, 58
L -1114.2100, -242.5444, 0.0000, -1090.3152, -242.5444, 0.0000, 74, 68, 58
L -1095.8531, -242.5444, 0.0000, -1072.5919, -242.5444, 0.0000, 74, 68, 58
L -1078.0403, -242.5444, 0.0000, -1060.0650, -242.5444, 0.0000, 98, 90, 76
L -1066.7104, -242.5444, 0.0000, -1049.0885, -242.5444, 0.0000, 98, 90, 76
L -1053.0800, -242.5444, 0.0000, -1027.5231, -242.5444, 0.0000, 98, 90, 76
L 513.1350, -242.5444, 0.0000, 527.5549, -242.5444, 0.0000, 98, 90, 76
L 529.4585, -242.5444, 0.0000, 542.9001, -242.5444, 0.0000, 98, 90, 76
L 550.0904, -242.5444, 0.0000, 559.6781, -242.5444, 0.0000, 74, 68, 58
L 566.7534, -242.5444, 0.0000, 575.8032, -242.5444, 0.0000, 74, 68, 58
L 621.2917, -242.5444, 0.0000, 631.7791, -242.5444, 0.0000, 74, 68, 58
L -1173.5603, -230.4053, 0.0000, -1161.8842, -230.4053, 0.0000, 74, 68, 58
L -1156.3250, -230.4053, 0.0000, -1141.3590, -230.4053, 0.0000, 74, 68, 58
L -1135.8549, -230.4053, 0.0000, -1110.2614, -230.4053, 0.0000, 74, 68, 58
L -1124.8048, -230.4053, 0.0000, -1098.6000, -230.4053, 0.0000, 74, 68, 58
L -1105.5142, -230.4053, 0.0000, -1089.8644, -230.4053, 0.0000, 74, 68, 58
L -1084.4405, -230.4053, 0.0000, -1068.4697, -230.4053, 0.0000, 74, 68, 58
L -1065.9231, -230.4053, 0.0000, -1042.9066, -230.4053, 0.0000, 98, 90, 76
L -1049.5997, -230.4053, 0.0000, -1031.5977, -230.4053, 0.0000, 98, 90, 76
L -1030.9840, -230.4053, 0.0000, -1021.1059, -230.4053, 0.0000, 98, 90, 76
L 512.4345, -230.4053, 0.0000, 535.0230, -230.4053, 0.0000, 98, 90, 76
L 527.4614, -230.4053, 0.0000, 544.5005, -230.4053, 0.0000, 98, 90, 76
L 540.7367, -230.4053, 0.0000, 553.4378, -230.4053, 0.0000, 74, 68, 58
L 558.7858, -230.4053, 0.0000, 583.9103, -230.4053, 0.0000, 74, 68, 58
L 578.7859, -230.4053, 0.0000, 597.0426, -230.4053, 0.0000, 74, 68, 58
L -1173.5603, -218.2662, 0.0000, -1154.7364, -218.2662, 0.0000, 74, 68, 58
L -1159.7256, -218.2662, 0.0000, -1151.0264, -218.2662, 0.0000, 74, 68, 58
L -1145.7429, -218.2662, 0.0000, -1125.2438, -218.2662, 0.0000, 74, 68, 58
L -1129.8663, -218.2662, 0.0000, -1117.6880, -218.2662, 0.0000, 74, 68, 58
L -1113.3064, -218.2662, 0.0000, -1104.4561, -218.2662, 0.0000, 74, 68, 58
L -1093.3431, -218.2662, 0.0000, -1080.2883, -218.2662, 0.0000, 74, 68, 58
L -1074.0334, -218.2662, 0.0000, -1064.5359, -218.2662, 0.0000, 98, 90, 76
L -1058.6066, -218.2662, 0.0000, -1039.3341, -218.2662, 0.0000, 98, 90, 76
L -1043.5553, -218.2662, 0.0000, -1023.2611, -218.2662, 0.0000, 98, 90, 76
L -1015.4195, -218.2662, 0.0000, -989.4519, -218.2662, 0.0000, 98, 90, 76
L -998.8298, -218.2662, 0.0000, -989.6746, -218.2662, 0.0000, 98, 90, 76
L 527.2988, -218.2662, 0.0000, 535.8811, -218.2662, 0.0000, 98, 90, 76
L 538.7474, -218.2662, 0.0000, 556.8829, -218.2662, 0.0000, 74, 68, 58
L 550.3412, -218.2662, 0.0000, 568.0672, -218.2662, 0.0000, 74, 68, 58
L 562.0211, -218.2662, 0.0000, 587.6673, -218.2662, 0.0000, 74, 68, 58
L 579.3205, -218.2662, 0.0000, 590.6071, -218.2662, 0.0000, 74, 68, 58
L 594.8786, -218.2662, 0.0000, 619.3120, -218.2662, 0.0000, 74, 68, 58
L 626.7650, -218.2662, 0.0000, 631.7791, -218.2662, 0.0000, 74, 68, 58
L -1173.5603, -206.1271, 0.0000, -1147.7682, -206.1271, 0.0000, 74, 68, 58
L -1162.8264, -206.1271, 0.0000, -1152.2113, -206.1271, 0.0000, 74, 68, 58
L -1147.3403, -206.1271, 0.0000, -1127.1249, -206.1271, 0.0000, 74, 68, 58
L -1134.3736, -206.1271, 0.0000, -1125.5536, -206.1271, 0.0000, 74, 68, 58
L -1118.4697, -206.1271, 0.0000, -1107.3672, -206.1271, 0.0000, 74, 68, 58
L -1098.7407, -206.1271, 0.0000, -1081.8939, -206.1271, 0.0000, 74, 68, 58
L -1079.2754, -206.1271, 0.0000, -1054.1456, -206.1271, 0.0000, 74, 68, 58
L -1066.1186, -206.1271, 0.0000, -1045.8594, -206.1271, 0.0000, 98, 90, 76
L -1045.3588, -206.1271, 0.0000, -1023.2433, -206.1271, 0.0000, 98, 90, 76
L 455.5994, -206.1271, 0.0000, 469.4217, -206.1271, 0.0000, 98, 90, 76
L 469.3819, -206.1271, 0.0000, 491.4866, -206.1271, 0.0000, 98, 90, 76
L 497.6058, -206.1271, 0.0000, 523.6569, -206.1271, 0.0000, 98, 90, 76
L 515.2384, -206.1271, 0.0000, 528.8470, -206.1271, 0.0000, 98, 90, 76
L 529.8288, -206.1271, 0.0000, 555.2989, -206.1271, 0.0000, 98, 90, 76
L 549.7732, -206.1271, 0.0000, 558.2267, -206.1271, 0.0000, 74, 68, 58
L 567.7603, -206.1271, 0.0000, 583.1796, -206.1271, 0.0000, 74, 68, 58
L 580.2484, -206.1271, 0.0000, 594.7664, -206.1271, 0.0000, 74, 68, 58
L 594.3721, -206.1271, 0.0000, 606.1842, -206.1271, 0.0000, 74, 68, 58
L 605.9649, -206.1271, 0.0000, 621.5887, -206.1271, 0.0000, 74, 68, 58
L 618.4239, -206.1271, 0.0000, 631.7791, -206.1271, 0.0000, 74, 68, 58
L -1173.5603, -193.9880, 0.0000, -1159.8586, -193.9880, 0.0000, 74, 68, 58
L -1154.2937, -193.9880, 0.0000, -1146.2302, -193.9880, 0.0000, 74, 68, 58
L -1136.8803, -193.9880, 0.0000, -1119.4197, -193.9880, 0.0000, 74, 68, 58
L -1119.9987, -193.9880, 0.0000, -1107.2340, -193.9880, 0.0000, 74, 68, 58
L -1103.6710, -193.9880, 0.0000, -1087.0902, -193.9880, 0.0000, 74, 68, 58
L -1090.6584, -193.9880, 0.0000, -1073.8630, -193.9880, 0.0000, 74, 68, 58
L -1078.7464, -193.9880, 0.0000, -1066.9273, -193.9880, 0.0000, 74, 68, 58
L -1060.0560, -193.9880, 0.0000, -1047.6448, -193.9880, 0.0000, 98, 90, 76
L -1042.2172, -193.9880, 0.0000, -1025.2983, -193.9880, 0.0000, 98, 90, 76
L 453.9308, -193.9880, 0.0000, 463.3433, -193.9880, 0.0000, 98, 90, 76
L 465.0042, -193.9880, 0.0000, 482.6082, -193.9880, 0.0000, 98, 90, 76
L 481.7108, -193.9880, 0.0000, 500.9291, -193.9880, 0.0000, 98, 90, 76
L 493.8664, -193.9880, 0.0000, 510.4231, -193.9880, 0.0000, 98, 90, 76
L 506.5858, -193.9880, 0.0000, 515.6966, -193.9880, 0.0000, 98, 90, 76
L 527.4458, -193.9880, 0.0000, 543.3909, -193.9880, 0.0000, 98, 90, 76
L 547.3020, -193.9880, 0.0000, 560.4909, -193.9880, 0.0000, 74, 68, 58
L 560.4611, -193.9880, 0.0000, 579.6711, -193.9880, 0.0000, 74, 68, 58
L 581.0924, -193.9880, 0.0000, 600.4515, -193.9880, 0.0000, 74, 68, 58
L 593.0618, -193.9880, 0.0000, 601.4212, -193.9880, 0.0000, 74, 68, 58
L 604.5274, -193.9880, 0.0000, 624.1057, -193.9880, 0.0000, 74, 68, 58
L 619.0510, -193.9880, 0.0000, 631.7791, -193.9880, 0.0000, 74, 68, 58
L -1173.5603, -181.8489, 0.0000, -1161.9844, -181.8489, 0.0000, 74, 68, 58
L -1157.3955, -181.8489, 0.0000, -1145.8928, -181.8489, 0.0000, 74, 68, 58
L -1144.3152, -181.8489, 0.0000, -1132.4865, -181.8489, 0.0000, 74, 68, 58
L -1130.1695, -181.8489, 0.0000, -1112.9069, -181.8489, 0.0000, 74, 68, 58
L -1111.5651, -181.8489, 0.0000, -1101.2980, -181.8489, 0.0000, 74, 68, 58
L -1093.6530, -181.8489, 0.0000, -1082.4482, -181.8489, 0.0000, 74, 68, 58
L -1081.7525, -181.8489, 0.0000, -1060.9979, -181.8489, 0.0000, 74, 68, 58
L -1067.8364, -181.8489, 0.0000, -1055.3111, -181.8489, 0.0000, 98, 90, 76
L -1050.5992, -181.8489, 0.0000, -1027.8150, -181.8489, 0.0000, 98, 90, 76
L -1033.3242, -181.8489, 0.0000, -1011.8117, -181.8489, 0.0000, 98, 90, 76
L -1020.6280, -181.8489, 0.0000, -995.6346, -181.8489, 0.0000, 98, 90, 76
L 452.9922, -181.8489, 0.0000, 469.5196, -181.8489, 0.0000, 98, 90, 76
L 467.8324, -181.8489, 0.0000, 490.6555, -181.8489, 0.0000, 98, 90, 76
L 482.3087, -181.8489, 0.0000, 502.1843, -181.8489, 0.0000, 98, 90, 76
L 501.8457, -181.8489, 0.0000, 522.1521, -181.8489, 0.0000, 98, 90, 76
L 516.9990, -181.8489, 0.0000, 543.1542, -181.8489, 0.0000, 98, 90, 76
L 536.3229, -181.8489, 0.0000, 559.5427, -181.8489, 0.0000, 98, 90, 76
L 547.8187, -181.8489, 0.0000, 564.5926, -181.8489, 0.0000, 74, 68, 58
L 562.6578, -181.8489, 0.0000, 579.2010, -181.8489, 0.0000, 74, 68, 58
L 582.4265, -181.8489, 0.0000, 600.7545, -181.8489, 0.0000, 74, 68, 58
L 599.8943, -181.8489, 0.0000, 626.2624, -181.8489, 0.0000, 74, 68, 58
L 617.3736, -181.8489, 0.0000, 631.7791, -181.8489, 0.0000, 74, 68, 58
L -1158.8013, -169.7097, 0.0000, -1146.8492, -169.7097, 0.0000, 74, 68, 58
L -1138.8750, -169.7097, 0.0000, -1113.4682, -169.7097, 0.0000, 74, 68, 58
L -1124.9843, -169.7097, 0.0000, -1101.1443, -169.7097, 0.0000, 74, 68, 58
L -1113.7793, -169.7097, 0.0000, -1100.2259, -169.7097, 0.0000, 74, 68, 58
L -1100.5110, -169.7097, 0.0000, -1089.7103, -169.7097, 0.0000, 74, 68, 58
L -1079.8333, -169.7097, 0.0000, -1063.3540, -169.7097, 0.0000, 74, 68, 58
L -1066.3392, -169.7097, 0.0000, -1054.7404, -169.7097, 0.0000, 98, 90, 76
L -1051.2373, -169.7097, 0.0000, -1038.7590, -169.7097, 0.0000, 98, 90, 76
L -1034.3279, -169.7097, 0.0000, -1013.5963, -169.7097, 0.0000, 98, 90, 76
L -1023.4304, -169.7097, 0.0000, -1000.8733, -169.7097, 0.0000, 98, 90, 76
L -1011.1856, -169.7097, 0.0000, -999.1928, -169.7097, 0.0000, 98, 90, 76
L 468.5944, -169.7097, 0.0000, 482.6201, -169.7097, 0.0000, 98, 90, 76
L 480.7063, -169.7097, 0.0000, 492.4985, -169.7097, 0.0000, 98, 90, 76
L 498.4403, -169.7097, 0.0000, 509.6758, -169.7097, 0.0000, 98, 90, 76
L 534.4546, -169.7097, 0.0000, 545.5003, -169.7097, 0.0000, 98, 90, 76
L 554.2749, -169.7097, 0.0000, 573.7341, -169.7097, 0.0000, 74, 68, 58
L 590.6012, -169.7097, 0.0000, 615.5325, -169.7097, 0.0000, 74, 68, 58
L 602.5302, -169.7097, 0.0000, 621.3467, -169.7097, 0.0000, 74, 68, 58
L 616.3020, -169.7097, 0.0000, 631.7791, -169.7097, 0.0000, 74, 68, 58
L -1141.9655, -157.5706, 0.0000, -1123.4634, -157.5706, 0.0000, 74, 68, 58
L -1124.3814, -157.5706, 0.0000, -1100.8689, -157.5706, 0.0000, 74, 68, 58
L -1090.1574, -157.5706, 0.0000, -1072.3318, -157.5706, 0.0000, 74, 68, 58
L -1075.6336, -157.5706, 0.0000, -1049.4862, -157.5706, 0.0000, 98, 90, 76
L -1059.5322, -157.5706, 0.0000, -1034.9024, -157.5706, 0.0000, 98, 90, 76
L -1043.3793, -157.5706, 0.0000, -1024.3982, -157.5706, 0.0000, 98, 90, 76
L -1031.5689, -157.5706, 0.0000, -1008.5227, -157.5706, 0.0000, 98, 90, 76
L -1020.2452, -157.5706, 0.0000, -998.3268, -157.5706, 0.0000, 98, 90, 76
L -1002.3033, -157.5706, 0.0000, -987.6200, -157.5706, 0.0000, 98, 90, 76
L 457.9804, -157.5706, 0.0000, 477.8354, -157.5706, 0.0000, 98, 90, 76
L 473.4583, -157.5706, 0.0000, 499.0437, -157.5706, 0.0000, 98, 90, 76
L 494.3276, -157.5706, 0.0000, 511.6013, -157.5706, 0.0000, 98, 90, 76
L 605.3296, -157.5706, 0.0000, 621.2575, -157.5706, 0.0000, 74, 68, 58
L 618.5425, -157.5706, 0.0000, 631.7791, -157.5706, 0.0000, 74, 68, 58
L -1134.8630, -145.4315, 0.0000, -1123.2702, -145.4315, 0.0000, 74, 68, 58
L -1118.7825, -145.4315, 0.0000, -1096.7557, -145.4315, 0.0000, 74, 68, 58
L -1077.3496, -145.4315, 0.0000, -1058.5116, -145.4315, 0.0000, 98, 90, 76
L -1062.9170, -145.4315, 0.0000, -1053.4715, -145.4315, 0.0000, 98, 90, 76
L -1042.3119, -145.4315, 0.0000, -1027.0043, -145.4315, 0.0000, 98, 90, 76
L -1021.8927, -145.4315, 0.0000, -996.4429, -145.4315, 0.0000, 98, 90, 76
L -1006.0640, -145.4315, 0.0000, -995.8053, -145.4315, 0.0000, 98, 90, 76
L 466.6189, -145.4315, 0.0000, 478.8390, -145.4315, 0.0000, 98, 90, 76
L 485.2633, -145.4315, 0.0000, 503.9078, -145.4315, 0.0000, 98, 90, 76
L 525.3128, -145.4315, 0.0000, 547.6655, -145.4315, 0.0000, 98, 90, 76
L 545.4627, -145.4315, 0.0000, 568.2174, -145.4315, 0.0000, 74, 68, 58
L 580.2990, -145.4315, 0.0000, 593.9775, -145.4315, 0.0000, 74, 68, 58
L 614.8912, -145.4315, 0.0000, 629.7894, -145.4315, 0.0000, 74, 68, 58
L 626.3693, -145.4315, 0.0000, 631.7791, -145.4315, 0.0000, 74, 68, 58
L -1145.0447, -133.2924, 0.0000, -1132.8784, -133.2924, 0.0000, 74, 68, 58
L -1125.5611, -133.2924, 0.0000, -1099.6699, -133.2924, 0.0000, 74, 68, 58
L -1077.7701, -133.2924, 0.0000, -1059.1984, -133.2924, 0.0000, 98, 90, 76
L -1057.4522, -133.2924, 0.0000, -1048.1493, -133.2924, 0.0000, 98, 90, 76
L -1037.3517, -133.2924, 0.0000, -1016.4814, -133.2924, 0.0000, 98, 90, 76
L -1022.0663, -133.2924, 0.0000, -1008.8797, -133.2924, 0.0000, 98, 90, 76
L -1008.8793, -133.2924, 0.0000, -991.7380, -133.2924, 0.0000, 98, 90, 76
L 467.5431, -133.2924, 0.0000, 492.1119, -133.2924, 0.0000, 98, 90, 76
L 481.3533, -133.2924, 0.0000, 494.4900, -133.2924, 0.0000, 98, 90, 76
L 544.1969, -133.2924, 0.0000, 557.2084, -133.2924, 0.0000, 74, 68, 58
L 580.9859, -133.2924, 0.0000, 596.7808, -133.2924, 0.0000, 74, 68, 58
L 612.7480, -133.2924, 0.0000, 620.8024, -133.2924, 0.0000, 74, 68, 58
L -1140.6228, -121.1533, 0.0000, -1120.7441, -121.1533, 0.0000, 74, 68, 58
L -1125.6662, -121.1533, 0.0000, -1113.2273, -121.1533, 0.0000, 74, 68, 58
L -1078.2726, -121.1533, 0.0000, -1064.6861, -121.1533, 0.0000, 98, 90, 76
L -1062.7681, -121.1533, 0.0000, -1043.0943, -121.1533, 0.0000, 98, 90, 76
L -1050.7807, -121.1533, 0.0000, -1033.4650, -121.1533, 0.0000, 98, 90, 76
L 455.9675, -121.1533, 0.0000, 478.2992, -121.1533, 0.0000, 98, 90, 76
L 476.4790, -121.1533, 0.0000, 499.3619, -121.1533, 0.0000, 98, 90, 76
L 544.9263, -121.1533, 0.0000, 569.0219, -121.1533, 0.0000, 74, 68, 58
L 617.8724, -121.1533, 0.0000, 631.7791, -121.1533, 0.0000, 74, 68, 58
L -1145.4223, -109.0142, 0.0000, -1124.9444, -109.0142, 0.0000, 74, 68, 58
L -1127.4827, -109.0142, 0.0000, -1115.4052, -109.0142, 0.0000, 74, 68, 58
L -1076.6133, -109.0142, 0.0000, -1060.2106, -109.0142, 0.0000, 98, 90, 76
L -1059.4603, -109.0142, 0.0000, -1042.2348, -109.0142, 0.0000, 98, 90, 76
L -1015.6502, -109.0142, 0.0000, -989.4438, -109.0142, 0.0000, 98, 90, 76
L 470.6753, -109.0142, 0.0000, 488.8786, -109.0142, 0.0000, 98, 90, 76
L 483.2085, -109.0142, 0.0000, 508.5882, -109.0142, 0.0000, 98, 90, 76
L 533.4143, -109.0142, 0.0000, 550.9946, -109.0142, 0.0000, 98, 90, 76
L 546.5759, -109.0142, 0.0000, 554.6855, -109.0142, 0.0000, 74, 68, 58
L 559.3457, -109.0142, 0.0000, 579.7788, -109.0142, 0.0000, 74, 68, 58
L 570.9366, -109.0142, 0.0000, 591.6747, -109.0142, 0.0000, 74, 68, 58
L 588.2396, -109.0142, 0.0000, 606.9538, -109.0142, 0.0000, 74, 68, 58
L 601.2810, -109.0142, 0.0000, 624.6091, -109.0142, 0.0000, 74, 68, 58
L 616.0504, -109.0142, 0.0000, 631.7791, -109.0142, 0.0000, 74, 68, 58
L -1141.5958, -96.8751, 0.0000, -1128.6873, -96.8751, 0.0000, 74, 68, 58
L -1129.4968, -96.8751, 0.0000, -1114.2880, -96.8751, 0.0000, 74, 68, 58
L -1066.6094, -96.8751, 0.0000, -1053.0310, -96.8751, 0.0000, 98, 90, 76
L -1032.9028, -96.8751, 0.0000, -1010.2522, -96.8751, 0.0000, 98, 90, 76
L -1012.4892, -96.8751, 0.0000, -988.4914, -96.8751, 0.0000, 98, 90, 76
L 467.7582, -96.8751, 0.0000, 485.5776, -96.8751, 0.0000, 98, 90, 76
L 548.2234, -96.8751, 0.0000, 570.4891, -96.8751, 0.0000, 74, 68, 58
L 562.1389, -96.8751, 0.0000, 582.1074, -96.8751, 0.0000, 74, 68, 58
L 576.4707, -96.8751, 0.0000, 588.8702, -96.8751, 0.0000, 74, 68, 58
L 589.3041, -96.8751, 0.0000, 610.4572, -96.8751, 0.0000, 74, 68, 58
L 601.2089, -96.8751, 0.0000, 624.7126, -96.8751, 0.0000, 74, 68, 58
L 618.1194, -96.8751, 0.0000, 626.9670, -96.8751, 0.0000, 74, 68, 58
L -1140.3314, -84.7360, 0.0000, -1128.2956, -84.7360, 0.0000, 74, 68, 58
L -1122.6543, -84.7360, 0.0000, -1108.1886, -84.7360, 0.0000, 74, 68, 58
L -1101.8602, -84.7360, 0.0000, -1079.2401, -84.7360, 0.0000, 74, 68, 58
L -1089.5569, -84.7360, 0.0000, -1070.7740, -84.7360, 0.0000, 74, 68, 58
L -1075.5076, -84.7360, 0.0000, -1058.6444, -84.7360, 0.0000, 98, 90, 76
L -1054.8876, -84.7360, 0.0000, -1035.3155, -84.7360, 0.0000, 98, 90, 76
L -1027.1211, -84.7360, 0.0000, -1013.8085, -84.7360, 0.0000, 98, 90, 76
L -1014.1912, -84.7360, 0.0000, -991.3938, -84.7360, 0.0000, 98, 90, 76
L 457.6604, -84.7360, 0.0000, 484.0082, -84.7360, 0.0000, 98, 90, 76
L 478.3341, -84.7360, 0.0000, 490.2074, -84.7360, 0.0000, 98, 90, 76
L 538.2695, -84.7360, 0.0000, 553.2871, -84.7360, 0.0000, 74, 68, 58
L 551.7076, -84.7360, 0.0000, 564.2263, -84.7360, 0.0000, 74, 68, 58
L 564.1738, -84.7360, 0.0000, 578.5679, -84.7360, 0.0000, 74, 68, 58
L 583.0871, -84.7360, 0.0000, 604.7907, -84.7360, 0.0000, 74, 68, 58
L 596.1734, -84.7360, 0.0000, 608.9924, -84.7360, 0.0000, 74, 68, 58
L 613.5264, -84.7360, 0.0000, 631.7791, -84.7360, 0.0000, 74, 68, 58
L -1142.4662, -72.5968, 0.0000, -1124.2444, -72.5968, 0.0000, 74, 68, 58
L -1127.9805, -72.5968, 0.0000, -1118.5601, -72.5968, 0.0000, 74, 68, 58
L -1112.2033, -72.5968, 0.0000, -1093.0091, -72.5968, 0.0000, 74, 68, 58
L -1063.5709, -72.5968, 0.0000, -1049.3987, -72.5968, 0.0000, 98, 90, 76
L -1047.3327, -72.5968, 0.0000, -1032.8617, -72.5968, 0.0000, 98, 90, 76
L 461.8052, -72.5968, 0.0000, 484.3972, -72.5968, 0.0000, 98, 90, 76
L 547.5736, -72.5968, 0.0000, 567.3053, -72.5968, 0.0000, 74, 68, 58
L 559.6131, -72.5968, 0.0000, 581.6587, -72.5968, 0.0000, 74, 68, 58
L 578.8253, -72.5968, 0.0000, 589.4881, -72.5968, 0.0000, 74, 68, 58
L 589.8963, -72.5968, 0.0000, 610.1962, -72.5968, 0.0000, 74, 68, 58
L 610.8285, -72.5968, 0.0000, 619.8971, -72.5968, 0.0000, 74, 68, 58
L 628.2945, -72.5968, 0.0000, 631.7791, -72.5968, 0.0000, 74, 68, 58
L -1138.1425, -60.4577, 0.0000, -1124.2116, -60.4577, 0.0000, 74, 68, 58
L -1120.9450, -60.4577, 0.0000, -1105.4282, -60.4577, 0.0000, 74, 68, 58
L -1046.0291, -60.4577, 0.0000, -1020.3959, -60.4577, 0.0000, 98, 90, 76
L -1031.1690, -60.4577, 0.0000, -1014.2259, -60.4577, 0.0000, 98, 90, 76
L 452.3016, -60.4577, 0.0000, 477.9293, -60.4577, 0.0000, 98, 90, 76
L 464.5745, -60.4577, 0.0000, 478.5176, -60.4577, 0.0000, 98, 90, 76
L 482.1834, -60.4577, 0.0000, 504.8345, -60.4577, 0.0000, 98, 90, 76
L 494.9480, -60.4577, 0.0000, 503.5837, -60.4577, 0.0000, 98, 90, 76
L 540.8744, -60.4577, 0.0000, 554.4519, -60.4577, 0.0000, 74, 68, 58
L 561.1679, -60.4577, 0.0000, 577.7766, -60.4577, 0.0000, 74, 68, 58
L 574.2464, -60.4577, 0.0000, 582.7055, -60.4577, 0.0000, 74, 68, 58
L 592.3750, -60.4577, 0.0000, 602.8267, -60.4577, 0.0000, 74, 68, 58
L 605.2551, -60.4577, 0.0000, 625.2938, -60.4577, 0.0000, 74, 68, 58
L 616.9178, -60.4577, 0.0000, 631.7791, -60.4577, 0.0000, 74, 68, 58
L 630.4020, -60.4577, 0.0000, 631.7791, -60.4577, 0.0000, 74, 68, 58
L -1161.5855, -48.3186, 0.0000, -1150.8628, -48.3186, 0.0000, 74, 68, 58
L -1141.6460, -48.3186, 0.0000, -1120.2998, -48.3186, 0.0000, 74, 68, 58
L -1128.4307, -48.3186, 0.0000, -1115.3812, -48.3186, 0.0000, 74, 68, 58
L -1117.1585, -48.3186, 0.0000, -1104.7713, -48.3186, 0.0000, 74, 68, 58
L -1085.7194, -48.3186, 0.0000, -1059.3682, -48.3186, 0.0000, 74, 68, 58
L -1053.4167, -48.3186, 0.0000, -1031.2171, -48.3186, 0.0000, 98, 90, 76
L -1032.9205, -48.3186, 0.0000, -1014.9952, -48.3186, 0.0000, 98, 90, 76
L -1018.8371, -48.3186, 0.0000, -995.9329, -48.3186, 0.0000, 98, 90, 76
L 458.1653, -48.3186, 0.0000, 479.8367, -48.3186, 0.0000, 98, 90, 76
L 475.1891, -48.3186, 0.0000, 496.3552, -48.3186, 0.0000, 98, 90, 76
L 495.4788, -48.3186, 0.0000, 511.1952, -48.3186, 0.0000, 98, 90, 76
L 574.7526, -48.3186, 0.0000, 594.1580, -48.3186, 0.0000, 74, 68, 58
L 589.8203, -48.3186, 0.0000, 599.8775, -48.3186, 0.0000, 74, 68, 58
L 605.8244, -48.3186, 0.0000, 616.9996, -48.3186, 0.0000, 74, 68, 58
L 619.1635, -48.3186, 0.0000, 631.7791, -48.3186, 0.0000, 74, 68, 58
L -1173.5603, -36.1795, 0.0000, -1165.3123, -36.1795, 0.0000, 74, 68, 58
L -1157.2597, -36.1795, 0.0000, -1131.2261, -36.1795, 0.0000, 74, 68, 58
L -1146.5167, -36.1795, 0.0000, -1131.2988, -36.1795, 0.0000, 74, 68, 58
L -1130.0850, -36.1795, 0.0000, -1104.1991, -36.1795, 0.0000, 74, 68, 58
L -1116.5587, -36.1795, 0.0000, -1107.4982, -36.1795, 0.0000, 74, 68, 58
L -1101.1029, -36.1795, 0.0000, -1091.4661, -36.1795, 0.0000, 74, 68, 58
L -1055.0714, -36.1795, 0.0000, -1044.7711, -36.1795, 0.0000, 98, 90, 76
L -1035.7031, -36.1795, 0.0000, -1013.2768, -36.1795, 0.0000, 98, 90, 76
L -1024.6582, -36.1795, 0.0000, -1011.9265, -36.1795, 0.0000, 98, 90, 76
L 453.6790, -36.1795, 0.0000, 474.2231, -36.1795, 0.0000, 98, 90, 76
L 466.7804, -36.1795, 0.0000, 483.4715, -36.1795, 0.0000, 98, 90, 76
L 479.2746, -36.1795, 0.0000, 500.7960, -36.1795, 0.0000, 98, 90, 76
L 492.9567, -36.1795, 0.0000, 517.7151, -36.1795, 0.0000, 98, 90, 76
L 525.1297, -36.1795, 0.0000, 546.5046, -36.1795, 0.0000, 98, 90, 76
L 543.3481, -36.1795, 0.0000, 557.8881, -36.1795, 0.0000, 74, 68, 58
L 577.8610, -36.1795, 0.0000, 601.8048, -36.1795, 0.0000, 74, 68, 58
L 588.4387, -36.1795, 0.0000, 609.5094, -36.1795, 0.0000, 74, 68, 58
L 605.0041, -36.1795, 0.0000, 630.4161, -36.1795, 0.0000, 74, 68, 58
L 616.0909, -36.1795, 0.0000, 631.7791, -36.1795, 0.0000, 74, 68, 58
L -1173.5603, -24.0404, 0.0000, -1164.3402, -24.0404, 0.0000, 74, 68, 58
L -1153.5534, -24.0404, 0.0000, -1132.6541, -24.0404, 0.0000, 74, 68, 58
L -1135.6373, -24.0404, 0.0000, -1113.4255, -24.0404, 0.0000, 74, 68, 58
L -1119.4011, -24.0404, 0.0000, -1099.9394, -24.0404, 0.0000, 74, 68, 58
L -1107.1642, -24.0404, 0.0000, -1081.7856, -24.0404, 0.0000, 74, 68, 58
L -1095.0524, -24.0404, 0.0000, -1083.4936, -24.0404, 0.0000, 74, 68, 58
L -1070.1209, -24.0404, 0.0000, -1045.4608, -24.0404, 0.0000, 98, 90, 76
L -1059.0347, -24.0404, 0.0000, -1050.9688, -24.0404, 0.0000, 98, 90, 76
L -1040.7035, -24.0404, 0.0000, -1023.1288, -24.0404, 0.0000, 98, 90, 76
L -1029.4157, -24.0404, 0.0000, -1018.3358, -24.0404, 0.0000, 98, 90, 76
L -1015.2528, -24.0404, 0.0000, -1006.8935, -24.0404, 0.0000, 98, 90, 76
L 454.1586, -24.0404, 0.0000, 466.1341, -24.0404, 0.0000, 98, 90, 76
L 468.7681, -24.0404, 0.0000, 483.2856, -24.0404, 0.0000, 98, 90, 76
L 488.1688, -24.0404, 0.0000, 498.5344, -24.0404, 0.0000, 98, 90, 76
L 516.3404, -24.0404, 0.0000, 525.3783, -24.0404, 0.0000, 98, 90, 76
L 535.4921, -24.0404, 0.0000, 545.1387, -24.0404, 0.0000, 98, 90, 76
L 569.0091, -24.0404, 0.0000, 577.0646, -24.0404, 0.0000, 74, 68, 58
L 581.4068, -24.0404, 0.0000, 602.7360, -24.0404, 0.0000, 74, 68, 58
L 595.2639, -24.0404, 0.0000, 615.9592, -24.0404, 0.0000, 74, 68, 58
L 614.5890, -24.0404, 0.0000, 625.3666, -24.0404, 0.0000, 74, 68, 58
L -1173.5603, -11.9013, 0.0000, -1160.3604, -11.9013, 0.0000, 74, 68, 58
L -1162.6588, -11.9013, 0.0000, -1143.2839, -11.9013, 0.0000, 74, 68, 58
L -1147.1145, -11.9013, 0.0000, -1133.9378, -11.9013, 0.0000, 74, 68, 58
L -1131.7155, -11.9013, 0.0000, -1113.0996, -11.9013, 0.0000, 74, 68, 58
L -1111.2179, -11.9013, 0.0000, -1093.9189, -11.9013, 0.0000, 74, 68, 58
L -1093.9554, -11.9013, 0.0000, -1069.3730, -11.9013, 0.0000, 74, 68, 58
L -1081.6959, -11.9013, 0.0000, -1072.7970, -11.9013, 0.0000, 74, 68, 58
L -1066.9535, -11.9013, 0.0000, -1041.4533, -11.9013, 0.0000, 98, 90, 76
L -1052.0845, -11.9013, 0.0000, -1037.1091, -11.9013, 0.0000, 98, 90, 76
L -1033.5133, -11.9013, 0.0000, -1019.3731, -11.9013, 0.0000, 98, 90, 76
L -1014.0044, -11.9013, 0.0000, -1003.5565, -11.9013, 0.0000, 98, 90, 76
L 471.5960, -11.9013, 0.0000, 487.4808, -11.9013, 0.0000, 98, 90, 76
L 487.3447, -11.9013, 0.0000, 506.3736, -11.9013, 0.0000, 98, 90, 76
L 499.7870, -11.9013, 0.0000, 522.2602, -11.9013, 0.0000, 98, 90, 76
L 620.3269, -11.9013, 0.0000, 628.7304, -11.9013, 0.0000, 74, 68, 58
L -1173.5603, 0.2378, 0.0000, -1155.0710, 0.2378, 0.0000, 74, 68, 58
L -1153.9668, 0.2378, 0.0000, -1129.2669, 0.2378, 0.0000, 74, 68, 58
L -1133.2724, 0.2378, 0.0000, -1107.4811, 0.2378, 0.0000, 74, 68, 58
L -1118.8084, 0.2378, 0.0000, -1098.1299, 0.2378, 0.0000, 74, 68, 58
L -1103.7472, 0.2378, 0.0000, -1079.5085, 0.2378, 0.0000, 74, 68, 58
L -1083.6022, 0.2378, 0.0000, -1062.9614, 0.2378, 0.0000, 74, 68, 58
L -1065.3303, 0.2378, 0.0000, -1052.0757, 0.2378, 0.0000, 98, 90, 76
L -1045.9614, 0.2378, 0.0000, -1024.4864, 0.2378, 0.0000, 98, 90, 76
L -1025.3435, 0.2378, 0.0000, -1000.3323, 0.2378, 0.0000, 98, 90, 76
L -1009.8194, 0.2378, 0.0000, -997.2563, 0.2378, 0.0000, 98, 90, 76
L 500.4732, 0.2378, 0.0000, 520.4398, 0.2378, 0.0000, 98, 90, 76
L 517.2942, 0.2378, 0.0000, 543.1721, 0.2378, 0.0000, 98, 90, 76
L 546.8382, 0.2378, 0.0000, 567.2512, 0.2378, 0.0000, 74, 68, 58
L 616.2193, 0.2378, 0.0000, 631.7791, 0.2378, 0.0000, 74, 68, 58
L -1173.5603, 12.3769, 0.0000, -1149.6931, 12.3769, 0.0000, 74, 68, 58
L -1157.5490, 12.3769, 0.0000, -1132.0181, 12.3769, 0.0000, 74, 68, 58
L -1092.6241, 12.3769, 0.0000, -1066.7333, 12.3769, 0.0000, 74, 68, 58
L -1077.7902, 12.3769, 0.0000, -1062.3487, 12.3769, 0.0000, 98, 90, 76
L -1064.6535, 12.3769, 0.0000, -1047.9040, 12.3769, 0.0000, 98, 90, 76
L -1050.5399, 12.3769, 0.0000, -1034.5762, 12.3769, 0.0000, 98, 90, 76
L -1037.5484, 12.3769, 0.0000, -1012.2132, 12.3769, 0.0000, 98, 90, 76
L -1019.4663, 12.3769, 0.0000, -1001.2574, 12.3769, 0.0000, 98, 90, 76
L -1000.4525, 12.3769, 0.0000, -986.8233, 12.3769, 0.0000, 98, 90, 76
L 468.2461, 12.3769, 0.0000, 493.3565, 12.3769, 0.0000, 98, 90, 76
L 482.9370, 12.3769, 0.0000, 494.8371, 12.3769, 0.0000, 98, 90, 76
L 548.6175, 12.3769, 0.0000, 564.5401, 12.3769, 0.0000, 74, 68, 58
L 579.7970, 12.3769, 0.0000, 594.3266, 12.3769, 0.0000, 74, 68, 58
L 614.2578, 12.3769, 0.0000, 627.4881, 12.3769, 0.0000, 74, 68, 58
L -1173.5603, 24.5160, 0.0000, -1163.7962, 24.5160, 0.0000, 74, 68, 58
L -1152.8442, 24.5160, 0.0000, -1129.4704, 24.5160, 0.0000, 74, 68, 58
L -1123.9545, 24.5160, 0.0000, -1105.9714, 24.5160, 0.0000, 74, 68, 58
L -1085.8829, 24.5160, 0.0000, -1068.5558, 24.5160, 0.0000, 74, 68, 58
L -1073.8690, 24.5160, 0.0000, -1055.3404, 24.5160, 0.0000, 98, 90, 76
L -1062.4142, 24.5160, 0.0000, -1048.5002, 24.5160, 0.0000, 98, 90, 76
L -1044.7565, 24.5160, 0.0000, -1026.1071, 24.5160, 0.0000, 98, 90, 76
L -1025.9310, 24.5160, 0.0000, -1014.3075, 24.5160, 0.0000, 98, 90, 76
L 480.6303, 24.5160, 0.0000, 495.3460, 24.5160, 0.0000, 98, 90, 76
L 542.0991, 24.5160, 0.0000, 553.5960, 24.5160, 0.0000, 74, 68, 58
L 558.9044, 24.5160, 0.0000, 576.5733, 24.5160, 0.0000, 74, 68, 58
L 613.4542, 24.5160, 0.0000, 623.0048, 24.5160, 0.0000, 74, 68, 58
L 624.6253, 24.5160, 0.0000, 631.7791, 24.5160, 0.0000, 74, 68, 58
L -1173.5603, 36.6552, 0.0000, -1162.4959, 36.6552, 0.0000, 74, 68, 58
L -1162.1301, 36.6552, 0.0000, -1149.0464, 36.6552, 0.0000, 74, 68, 58
L -1148.0025, 36.6552, 0.0000, -1133.7062, 36.6552, 0.0000, 74, 68, 58
L -1081.0608, 36.6552, 0.0000, -1059.1587, 36.6552, 0.0000, 74, 68, 58
L -1062.0770, 36.6552, 0.0000, -1043.6587, 36.6552, 0.0000, 98, 90, 76
L -1051.3034, 36.6552, 0.0000, -1039.8987, 36.6552, 0.0000, 98, 90, 76
L -1034.2362, 36.6552, 0.0000, -1020.3747, 36.6552, 0.0000, 98, 90, 76
L -1019.1713, 36.6552, 0.0000, -1005.9206, 36.6552, 0.0000, 98, 90, 76
L 534.6435, 36.6552, 0.0000, 556.8902, 36.6552, 0.0000, 98, 90, 76
L 545.3611, 36.6552, 0.0000, 557.3632, 36.6552, 0.0000, 74, 68, 58
L 564.3322, 36.6552, 0.0000, 588.9866, 36.6552, 0.0000, 74, 68, 58
L 599.7723, 36.6552, 0.0000, 617.9198, 36.6552, 0.0000, 74, 68, 58
L 613.0373, 36.6552, 0.0000, 626.6580, 36.6552, 0.0000, 74, 68, 58
L 625.9919, 36.6552, 0.0000, 631.7791, 36.6552, 0.0000, 74, 68, 58
L -1173.5603, 48.7943, 0.0000, -1152.5723, 48.7943, 0.0000, 74, 68, 58
L -1156.2638, 48.7943, 0.0000, -1131.1434, 48.7943, 0.0000, 74, 68, 58
L -1031.4453, 48.7943, 0.0000, -1005.1805, 48.7943, 0.0000, 98, 90, 76
L -1020.6581, 48.7943, 0.0000, -1006.4796, 48.7943, 0.0000, 98, 90, 76
L 460.5481, 48.7943, 0.0000, 478.1087, 48.7943, 0.0000, 98, 90, 76
L 493.0157, 48.7943, 0.0000, 518.3492, 48.7943, 0.0000, 98, 90, 76
L 553.6470, 48.7943, 0.0000, 562.8422, 48.7943, 0.0000, 74, 68, 58
L 567.8150, 48.7943, 0.0000, 583.8959, 48.7943, 0.0000, 74, 68, 58
L 588.5240, 48.7943, 0.0000, 613.7233, 48.7943, 0.0000, 74, 68, 58
L 608.9629, 48.7943, 0.0000, 627.6454, 48.7943, 0.0000, 74, 68, 58
L 620.1197, 48.7943, 0.0000, 631.7791, 48.7943, 0.0000, 74, 68, 58
L 631.4307, 48.7943, 0.0000, 631.7791, 48.7943, 0.0000, 74, 68, 58
L -1173.5603, 60.9334, 0.0000, -1155.9344, 60.9334, 0.0000, 74, 68, 58
L -1162.0048, 60.9334, 0.0000, -1152.8520, 60.9334, 0.0000, 74, 68, 58
L -1145.8061, 60.9334, 0.0000, -1125.3462, 60.9334, 0.0000, 74, 68, 58
L -1065.9804, 60.9334, 0.0000, -1046.0403, 60.9334, 0.0000, 98, 90, 76
L 460.4752, 60.9334, 0.0000, 473.1827, 60.9334, 0.0000, 98, 90, 76
L 472.5000, 60.9334, 0.0000, 497.2866, 60.9334, 0.0000, 98, 90, 76
L 483.4400, 60.9334, 0.0000, 502.9563, 60.9334, 0.0000, 98, 90, 76
L 551.6180, 60.9334, 0.0000, 560.1572, 60.9334, 0.0000, 74, 68, 58
L 572.0995, 60.9334, 0.0000, 597.1911, 60.9334, 0.0000, 74, 68, 58
L 593.2040, 60.9334, 0.0000, 611.2119, 60.9334, 0.0000, 74, 68, 58
L 605.6862, 60.9334, 0.0000, 628.6488, 60.9334, 0.0000, 74, 68, 58
L 626.6401, 60.9334, 0.0000, 631.7791, 60.9334, 0.0000, 74, 68, 58
L -1173.5603, 73.0725, 0.0000, -1149.6308, 73.0725, 0.0000, 74, 68, 58
L -1153.8691, 73.0725, 0.0000, -1135.5056, 73.0725, 0.0000, 74, 68, 58
L -1118.8599, 73.0725, 0.0000, -1109.9112, 73.0725, 0.0000, 74, 68, 58
L -1064.6386, 73.0725, 0.0000, -1038.7154, 73.0725, 0.0000, 98, 90, 76
L -1051.0253, 73.0725, 0.0000, -1028.6477, 73.0725, 0.0000, 98, 90, 76
L -1030.8496, 73.0725, 0.0000, -1010.6874, 73.0725, 0.0000, 98, 90, 76
L 460.5453, 73.0725, 0.0000, 478.1044, 73.0725, 0.0000, 98, 90, 76
L 479.1108, 73.0725, 0.0000, 493.1468, 73.0725, 0.0000, 98, 90, 76
L 558.8177, 73.0725, 0.0000, 578.8874, 73.0725, 0.0000, 74, 68, 58
L 570.6830, 73.0725, 0.0000, 590.0361, 73.0725, 0.0000, 74, 68, 58
L 624.6759, 73.0725, 0.0000, 631.7791, 73.0725, 0.0000, 74, 68, 58
L -1173.5603, 85.2116, 0.0000, -1147.8745, 85.2116, 0.0000, 74, 68, 58
L -1160.7399, 85.2116, 0.0000, -1145.3157, 85.2116, 0.0000, 74, 68, 58
L -1147.3263, 85.2116, 0.0000, -1133.5466, 85.2116, 0.0000, 74, 68, 58
L -1110.0189, 85.2116, 0.0000, -1094.9612, 85.2116, 0.0000, 74, 68, 58
L -1019.7466, 85.2116, 0.0000, -994.1488, 85.2116, 0.0000, 98, 90, 76
L 465.2330, 85.2116, 0.0000, 477.8812, 85.2116, 0.0000, 98, 90, 76
L 486.1964, 85.2116, 0.0000, 503.9428, 85.2116, 0.0000, 98, 90, 76
L 504.8092, 85.2116, 0.0000, 515.4804, 85.2116, 0.0000, 98, 90, 76
L 524.9780, 85.2116, 0.0000, 550.2073, 85.2116, 0.0000, 98, 90, 76
L 537.8848, 85.2116, 0.0000, 552.3954, 85.2116, 0.0000, 74, 68, 58
L 557.2160, 85.2116, 0.0000, 575.5698, 85.2116, 0.0000, 74, 68, 58
L 590.8030, 85.2116, 0.0000, 614.6003, 85.2116, 0.0000, 74, 68, 58
L 628.3024, 85.2116, 0.0000, 631.7791, 85.2116, 0.0000, 74, 68, 58
L -1173.5603, 97.3507, 0.0000, -1154.6662, 97.3507, 0.0000, 74, 68, 58
L -1161.6200, 97.3507, 0.0000, -1146.6076, 97.3507, 0.0000, 74, 68, 58
L -1148.0706, 97.3507, 0.0000, -1124.0291, 97.3507, 0.0000, 74, 68, 58
L -1077.8785, 97.3507, 0.0000, -1055.0183, 97.3507, 0.0000, 98, 90, 76
L -1039.0741, 97.3507, 0.0000, -1021.5790, 97.3507, 0.0000, 98, 90, 76
L -1026.5566, 97.3507, 0.0000, -1013.2418, 97.3507, 0.0000, 98, 90, 76
L 485.3259, 97.3507, 0.0000, 497.1399, 97.3507, 0.0000, 98, 90, 76
L 496.4970, 97.3507, 0.0000, 507.4701, 97.3507, 0.0000, 98, 90, 76
L 509.4034, 97.3507, 0.0000, 522.1409, 97.3507, 0.0000, 98, 90, 76
L 524.3297, 97.3507, 0.0000, 540.2392, 97.3507, 0.0000, 98, 90, 76
L 540.2652, 97.3507, 0.0000, 564.7953, 97.3507, 0.0000, 74, 68, 58
L 557.7353, 97.3507, 0.0000, 578.5953, 97.3507, 0.0000, 74, 68, 58
L 631.6371, 97.3507, 0.0000, 631.7791, 97.3507, 0.0000, 74, 68, 58
L -1173.5603, 109.4898, 0.0000, -1150.3284, 109.4898, 0.0000, 74, 68, 58
L -1158.8759, 109.4898, 0.0000, -1144.1867, 109.4898, 0.0000, 74, 68, 58
L -1138.6977, 109.4898, 0.0000, -1123.3339, 109.4898, 0.0000, 74, 68, 58
L -1099.5308, 109.4898, 0.0000, -1085.6799, 109.4898, 0.0000, 74, 68, 58
L -1086.8259, 109.4898, 0.0000, -1067.4917, 109.4898, 0.0000, 74, 68, 58
L -1075.6764, 109.4898, 0.0000, -1058.7288, 109.4898, 0.0000, 98, 90, 76
L -1060.3741, 109.4898, 0.0000, -1047.1062, 109.4898, 0.0000, 98, 90, 76
L -1046.5396, 109.4898, 0.0000, -1020.3477, 109.4898, 0.0000, 98, 90, 76
L -1033.9591, 109.4898, 0.0000, -1010.8000, 109.4898, 0.0000, 98, 90, 76
L -1019.9920, 109.4898, 0.0000, -1009.6072, 109.4898, 0.0000, 98, 90, 76
L 482.7833, 109.4898, 0.0000, 491.1024, 109.4898, 0.0000, 98, 90, 76
L 498.7984, 109.4898, 0.0000, 524.6586, 109.4898, 0.0000, 98, 90, 76
L 514.9620, 109.4898, 0.0000, 533.7900, 109.4898, 0.0000, 98, 90, 76
L 530.9366, 109.4898, 0.0000, 544.8140, 109.4898, 0.0000, 98, 90, 76
L 545.4253, 109.4898, 0.0000, 555.5719, 109.4898, 0.0000, 74, 68, 58
L 556.8707, 109.4898, 0.0000, 578.8633, 109.4898, 0.0000, 74, 68, 58
L 567.7918, 109.4898, 0.0000, 578.0389, 109.4898, 0.0000, 74, 68, 58
L 616.8291, 109.4898, 0.0000, 631.7791, 109.4898, 0.0000, 74, 68, 58
L 630.9611, 109.4898, 0.0000, 631.7791, 109.4898, 0.0000, 74, 68, 58
L -1173.5603, 121.6289, 0.0000, -1155.0780, 121.6289, 0.0000, 74, 68, 58
L -1155.8240, 121.6289, 0.0000, -1131.6929, 121.6289, 0.0000, 74, 68, 58
L -1137.5144, 121.6289, 0.0000, -1117.2515, 121.6289, 0.0000, 74, 68, 58
L -1120.2551, 121.6289, 0.0000, -1101.0913, 121.6289, 0.0000, 74, 68, 58
L -1105.6100, 121.6289, 0.0000, -1085.3101, 121.6289, 0.0000, 74, 68, 58
L -1094.2126, 121.6289, 0.0000, -1085.4933, 121.6289, 0.0000, 74, 68, 58
L -1076.2249, 121.6289, 0.0000, -1061.0979, 121.6289, 0.0000, 98, 90, 76
L -1061.3848, 121.6289, 0.0000, -1043.4415, 121.6289, 0.0000, 98, 90, 76
L -1046.9400, 121.6289, 0.0000, -1029.7188, 121.6289, 0.0000, 98, 90, 76
L -1032.7300, 121.6289, 0.0000, -1021.4540, 121.6289, 0.0000, 98, 90, 76
L -1012.1676, 121.6289, 0.0000, -993.8042, 121.6289, 0.0000, 98, 90, 76
L 479.9555, 121.6289, 0.0000, 496.6384, 121.6289, 0.0000, 98, 90, 76
L 498.6583, 121.6289, 0.0000, 523.9610, 121.6289, 0.0000, 98, 90, 76
L 518.8155, 121.6289, 0.0000, 539.7168, 121.6289, 0.0000, 98, 90, 76
L 536.5958, 121.6289, 0.0000, 558.7437, 121.6289, 0.0000, 98, 90, 76
L 554.2238, 121.6289, 0.0000, 573.3771, 121.6289, 0.0000, 74, 68, 58
L 575.2101, 121.6289, 0.0000, 589.6889, 121.6289, 0.0000, 74, 68, 58
L 604.1800, 121.6289, 0.0000, 618.7051, 121.6289, 0.0000, 74, 68, 58
L 615.6884, 121.6289, 0.0000, 631.7791, 121.6289, 0.0000, 74, 68, 58
L -1173.5603, 133.7681, 0.0000, -1147.9665, 133.7681, 0.0000, 74, 68, 58
L -1158.7118, 133.7681, 0.0000, -1143.5038, 133.7681, 0.0000, 74, 68, 58
L -1145.7632, 133.7681, 0.0000, -1125.4064, 133.7681, 0.0000, 74, 68, 58
L -1128.0303, 133.7681, 0.0000, -1119.9442, 133.7681, 0.0000, 74, 68, 58
L -1113.7949, 133.7681, 0.0000, -1097.3299, 133.7681, 0.0000, 74, 68, 58
L -1098.8172, 133.7681, 0.0000, -1083.6181, 133.7681, 0.0000, 74, 68, 58
L -1079.4898, 133.7681, 0.0000, -1065.2073, 133.7681, 0.0000, 74, 68, 58
L -1064.4060, 133.7681, 0.0000, -1054.1612, 133.7681, 0.0000, 98, 90, 76
L -1051.7155, 133.7681, 0.0000, -1036.8871, 133.7681, 0.0000, 98, 90, 76
L -1037.0180, 133.7681, 0.0000, -1026.2685, 133.7681, 0.0000, 98, 90, 76
L -1023.6355, 133.7681, 0.0000, -1003.7591, 133.7681, 0.0000, 98, 90, 76
L -1011.5827, 133.7681, 0.0000, -994.3734, 133.7681, 0.0000, 98, 90, 76
L 465.6020, 133.7681, 0.0000, 488.4751, 133.7681, 0.0000, 98, 90, 76
L 521.7915, 133.7681, 0.0000, 547.8341, 133.7681, 0.0000, 98, 90, 76
L 535.3730, 133.7681, 0.0000, 552.2248, 133.7681, 0.0000, 98, 90, 76
L 555.3294, 133.7681, 0.0000, 581.4273, 133.7681, 0.0000, 74, 68, 58
L 573.7635, 133.7681, 0.0000, 595.3884, 133.7681, 0.0000, 74, 68, 58
L 588.9692, 133.7681, 0.0000, 602.8272, 133.7681, 0.0000, 74, 68, 58
L 600.6733, 133.7681, 0.0000, 614.6785, 133.7681, 0.0000, 74, 68, 58
L 620.6321, 133.7681, 0.0000, 631.7791, 133.7681, 0.0000, 74, 68, 58
L -1173.5603, 145.9072, 0.0000, -1157.1469, 145.9072, 0.0000, 74, 68, 58
L -1157.4733, 145.9072, 0.0000, -1146.5923, 145.9072, 0.0000, 74, 68, 58
L -1142.0724, 145.9072, 0.0000, -1132.7940, 145.9072, 0.0000, 74, 68, 58
L -1127.1207, 145.9072, 0.0000, -1113.1234, 145.9072, 0.0000, 74, 68, 58
L -1107.1983, 145.9072, 0.0000, -1093.0402, 145.9072, 0.0000, 74, 68, 58
L -1091.9122, 145.9072, 0.0000, -1083.5141, 145.9072, 0.0000, 74, 68, 58
L -1070.9327, 145.9072, 0.0000, -1054.6007, 145.9072, 0.0000, 98, 90, 76
L -1058.3292, 145.9072, 0.0000, -1046.7182, 145.9072, 0.0000, 98, 90, 76
L -1022.0175, 145.9072, 0.0000, -995.6797, 145.9072, 0.0000, 98, 90, 76
L 465.4656, 145.9072, 0.0000, 476.8625, 145.9072, 0.0000, 98, 90, 76
L 524.7252, 145.9072, 0.0000, 548.6070, 145.9072, 0.0000, 98, 90, 76
L 539.6346, 145.9072, 0.0000, 549.2598, 145.9072, 0.0000, 74, 68, 58
L 559.1354, 145.9072, 0.0000, 567.3041, 145.9072, 0.0000, 74, 68, 58
L 578.9401, 145.9072, 0.0000, 588.6252, 145.9072, 0.0000, 74, 68, 58
L 628.9572, 145.9072, 0.0000, 631.7791, 145.9072, 0.0000, 74, 68, 58
L -1173.5603, 158.0463, 0.0000, -1152.1174, 158.0463, 0.0000, 74, 68, 58
L -1128.4478, 158.0463, 0.0000, -1109.8338, 158.0463, 0.0000, 74, 68, 58
L -1113.5714, 158.0463, 0.0000, -1088.5567, 158.0463, 0.0000, 74, 68, 58
L -1095.5885, 158.0463, 0.0000, -1078.9606, 158.0463, 0.0000, 74, 68, 58
L -1077.7926, 158.0463, 0.0000, -1054.1282, 158.0463, 0.0000, 98, 90, 76
L -1062.4394, 158.0463, 0.0000, -1053.2552, 158.0463, 0.0000, 98, 90, 76
L -1007.2919, 158.0463, 0.0000, -989.7412, 158.0463, 0.0000, 98, 90, 76
L 453.5531, 158.0463, 0.0000, 463.0759, 158.0463, 0.0000, 98, 90, 76
L 487.9747, 158.0463, 0.0000, 511.4335, 158.0463, 0.0000, 98, 90, 76
L 538.8914, 158.0463, 0.0000, 560.0041, 158.0463, 0.0000, 74, 68, 58
L 553.5474, 158.0463, 0.0000, 564.1832, 158.0463, 0.0000, 74, 68, 58
L 572.2958, 158.0463, 0.0000, 591.7073, 158.0463, 0.0000, 74, 68, 58
L -1109.7268, 170.1854, 0.0000, -1086.7964, 170.1854, 0.0000, 74, 68, 58
L -1097.7821, 170.1854, 0.0000, -1072.2277, 170.1854, 0.0000, 74, 68, 58
L -1081.7130, 170.1854, 0.0000, -1067.8412, 170.1854, 0.0000, 74, 68, 58
L -1068.4377, 170.1854, 0.0000, -1059.3584, 170.1854, 0.0000, 98, 90, 76
L -1012.4750, 170.1854, 0.0000, -993.1153, 170.1854, 0.0000, 98, 90, 76
L 511.8691, 170.1854, 0.0000, 528.7785, 170.1854, 0.0000, 98, 90, 76
L 530.2003, 170.1854, 0.0000, 549.0243, 170.1854, 0.0000, 98, 90, 76
L 548.0281, 170.1854, 0.0000, 561.6094, 170.1854, 0.0000, 74, 68, 58
L 565.2358, 170.1854, 0.0000, 580.2794, 170.1854, 0.0000, 74, 68, 58
L 600.1464, 170.1854, 0.0000, 616.8185, 170.1854, 0.0000, 74, 68, 58
L -1155.2999, 182.3245, 0.0000, -1145.8951, 182.3245, 0.0000, 74, 68, 58
L -1138.4048, 182.3245, 0.0000, -1123.0127, 182.3245, 0.0000, 74, 68, 58
L -1100.0368, 182.3245, 0.0000, -1088.8484, 182.3245, 0.0000, 74, 68, 58
L -1089.3559, 182.3245, 0.0000, -1066.8309, 182.3245, 0.0000, 74, 68, 58
L -1069.8928, 182.3245, 0.0000, -1057.7913, 182.3245, 0.0000, 98, 90, 76
L -1007.9675, 182.3245, 0.0000, -989.4334, 182.3245, 0.0000, 98, 90, 76
L 514.3159, 182.3245, 0.0000, 536.8521, 182.3245, 0.0000, 98, 90, 76
L 534.5284, 182.3245, 0.0000, 550.3443, 182.3245, 0.0000, 98, 90, 76
L 545.1468, 182.3245, 0.0000, 567.9957, 182.3245, 0.0000, 74, 68, 58
L 561.2027, 182.3245, 0.0000, 579.8889, 182.3245, 0.0000, 74, 68, 58
L 576.7796, 182.3245, 0.0000, 596.0726, 182.3245, 0.0000, 74, 68, 58
L -1152.8496, 194.4636, 0.0000, -1132.4991, 194.4636, 0.0000, 74, 68, 58
L -1120.2884, 194.4636, 0.0000, -1104.8777, 194.4636, 0.0000, 74, 68, 58
L -1104.2769, 194.4636, 0.0000, -1085.8846, 194.4636, 0.0000, 74, 68, 58
L -1085.8362, 194.4636, 0.0000, -1071.9872, 194.4636, 0.0000, 74, 68, 58
L -1070.8396, 194.4636, 0.0000, -1050.7201, 194.4636, 0.0000, 98, 90, 76
L -1014.3085, 194.4636, 0.0000, -1005.1646, 194.4636, 0.0000, 98, 90, 76
L 496.9516, 194.4636, 0.0000, 511.4330, 194.4636, 0.0000, 98, 90, 76
L 517.3416, 194.4636, 0.0000, 529.7875, 194.4636, 0.0000, 98, 90, 76
L 533.7941, 194.4636, 0.0000, 542.3916, 194.4636, 0.0000, 98, 90, 76
L 545.2986, 194.4636, 0.0000, 567.4830, 194.4636, 0.0000, 74, 68, 58
L 562.4420, 194.4636, 0.0000, 581.6371, 194.4636, 0.0000, 74, 68, 58
L 581.5521, 194.4636, 0.0000, 606.2287, 194.4636, 0.0000, 74, 68, 58
L 625.2584, 194.4636, 0.0000, 631.7791, 194.4636, 0.0000, 74, 68, 58
L -1173.5603, 206.6027, 0.0000, -1160.5218, 206.6027, 0.0000, 74, 68, 58
L -1124.8934, 206.6027, 0.0000, -1105.3728, 206.6027, 0.0000, 74, 68, 58
L -1110.6397, 206.6027, 0.0000, -1090.8096, 206.6027, 0.0000, 74, 68, 58
L -1097.7285, 206.6027, 0.0000, -1087.1166, 206.6027, 0.0000, 74, 68, 58
L -1078.8329, 206.6027, 0.0000, -1065.5529, 206.6027, 0.0000, 74, 68, 58
L -1024.6424, 206.6027, 0.0000, -1000.7209, 206.6027, 0.0000, 98, 90, 76
L -1013.2504, 206.6027, 0.0000, -987.9837, 206.6027, 0.0000, 98, 90, 76
L 505.9933, 206.6027, 0.0000, 520.2640, 206.6027, 0.0000, 98, 90, 76
L 521.0157, 206.6027, 0.0000, 544.6181, 206.6027, 0.0000, 98, 90, 76
L 532.4536, 206.6027, 0.0000, 544.1444, 206.6027, 0.0000, 98, 90, 76
L 552.1056, 206.6027, 0.0000, 574.9545, 206.6027, 0.0000, 74, 68, 58
L 565.8765, 206.6027, 0.0000, 586.7284, 206.6027, 0.0000, 74, 68, 58
L 584.4063, 206.6027, 0.0000, 601.9695, 206.6027, 0.0000, 74, 68, 58
L 596.0841, 206.6027, 0.0000, 615.5548, 206.6027, 0.0000, 74, 68, 58
L 616.5947, 206.6027, 0.0000, 631.7791, 206.6027, 0.0000, 74, 68, 58
L 631.7314, 206.6027, 0.0000, 631.7791, 206.6027, 0.0000, 74, 68, 58
L -1173.5603, 218.7418, 0.0000, -1155.8467, 218.7418, 0.0000, 74, 68, 58
L -1134.7537, 218.7418, 0.0000, -1110.9291, 218.7418, 0.0000, 74, 68, 58
L -1123.6455, 218.7418, 0.0000, -1106.0688, 218.7418, 0.0000, 74, 68, 58
L -1111.0737, 218.7418, 0.0000, -1085.2480, 218.7418, 0.0000, 74, 68, 58
L -1098.4651, 218.7418, 0.0000, -1074.5132, 218.7418, 0.0000, 74, 68, 58
L -1081.1485, 218.7418, 0.0000, -1064.3536, 218.7418, 0.0000, 74, 68, 58
L -1028.3952, 218.7418, 0.0000, -1008.7247, 218.7418, 0.0000, 98, 90, 76
L -1014.1380, 218.7418, 0.0000, -991.6156, 218.7418, 0.0000, 98, 90, 76
L 500.7147, 218.7418, 0.0000, 517.5189, 218.7418, 0.0000, 98, 90, 76
L 520.2981, 218.7418, 0.0000, 536.3160, 218.7418, 0.0000, 98, 90, 76
L 534.2416, 218.7418, 0.0000, 553.0211, 218.7418, 0.0000, 98, 90, 76
L 550.6953, 218.7418, 0.0000, 568.5545, 218.7418, 0.0000, 74, 68, 58
L 563.0020, 218.7418, 0.0000, 575.0020, 218.7418, 0.0000, 74, 68, 58
L 576.2586, 218.7418, 0.0000, 602.5808, 218.7418, 0.0000, 74, 68, 58
L 587.8734, 218.7418, 0.0000, 609.0989, 218.7418, 0.0000, 74, 68, 58
L 608.4160, 218.7418, 0.0000, 626.2956, 218.7418, 0.0000, 74, 68, 58
L 627.7938, 218.7418, 0.0000, 631.7791, 218.7418, 0.0000, 74, 68, 58
L -1173.5603, 230.8810, 0.0000, -1150.8454, 230.8810, 0.0000, 74, 68, 58
L -1157.5248, 230.8810, 0.0000, -1140.9445, 230.8810, 0.0000, 74, 68, 58
L -1138.4039, 230.8810, 0.0000, -1124.7007, 230.8810, 0.0000, 74, 68, 58
L -1126.1438, 230.8810, 0.0000, -1110.8192, 230.8810, 0.0000, 74, 68, 58
L -1098.5016, 230.8810, 0.0000, -1085.4139, 230.8810, 0.0000, 74, 68, 58
L -1077.9522, 230.8810, 0.0000, -1062.3569, 230.8810, 0.0000, 98, 90, 76
L -1033.0377, 230.8810, 0.0000, -1019.2676, 230.8810, 0.0000, 98, 90, 76
L -1016.2567, 230.8810, 0.0000, -996.4123, 230.8810, 0.0000, 98, 90, 76
L 502.3974, 230.8810, 0.0000, 525.1387, 230.8810, 0.0000, 98, 90, 76
L 514.0685, 230.8810, 0.0000, 528.9406, 230.8810, 0.0000, 98, 90, 76
L 532.0690, 230.8810, 0.0000, 553.6831, 230.8810, 0.0000, 98, 90, 76
L 545.0903, 230.8810, 0.0000, 562.9277, 230.8810, 0.0000, 74, 68, 58
L 562.1701, 230.8810, 0.0000, 578.7297, 230.8810, 0.0000, 74, 68, 58
L 576.6615, 230.8810, 0.0000, 587.7694, 230.8810, 0.0000, 74, 68, 58
L 594.5406, 230.8810, 0.0000, 613.4503, 230.8810, 0.0000, 74, 68, 58
L 605.4465, 230.8810, 0.0000, 622.0382, 230.8810, 0.0000, 74, 68, 58
L 617.3789, 230.8810, 0.0000, 631.7791, 230.8810, 0.0000, 74, 68, 58
L 631.2044, 230.8810, 0.0000, 631.7791, 230.8810, 0.0000, 74, 68, 58
L -1173.5603, 243.0201, 0.0000, -1159.4658, 243.0201, 0.0000, 74, 68, 58
L -1155.6013, 243.0201, 0.0000, -1142.7153, 243.0201, 0.0000, 74, 68, 58
L -1135.5189, 243.0201, 0.0000, -1122.6506, 243.0201, 0.0000, 74, 68, 58
L -1081.6494, 243.0201, 0.0000, -1069.7360, 243.0201, 0.0000, 74, 68, 58
L -1019.5203, 243.0201, 0.0000, -1001.9255, 243.0201, 0.0000, 98, 90, 76
L -1007.7306, 243.0201, 0.0000, -994.7234, 243.0201, 0.0000, 98, 90, 76
L 456.1603, 243.0201, 0.0000, 471.7621, 243.0201, 0.0000, 98, 90, 76
L 512.6186, 243.0201, 0.0000, 521.6140, 243.0201, 0.0000, 98, 90, 76
L 531.0129, 243.0201, 0.0000, 550.5863, 243.0201, 0.0000, 98, 90, 76
L 550.1452, 243.0201, 0.0000, 566.2758, 243.0201, 0.0000, 74, 68, 58
L 568.2826, 243.0201, 0.0000, 584.5852, 243.0201, 0.0000, 74, 68, 58
L 589.2084, 243.0201, 0.0000, 602.0415, 243.0201, 0.0000, 74, 68, 58
L 604.0322, 243.0201, 0.0000, 627.0210, 243.0201, 0.0000, 74, 68, 58
L 619.9194, 243.0201, 0.0000, 629.9152, 243.0201, 0.0000, 74, 68, 58
L -1088.8798, 255.1592, 0.0000, -1075.1119, 255.1592, 0.0000, 74, 68, 58
L -1023.4960, 255.1592, 0.0000, -1001.6644, 255.1592, 0.0000, 98, 90, 76
L -1008.2260, 255.1592, 0.0000, -994.7870, 255.1592, 0.0000, 98, 90, 76
L 470.8031, 255.1592, 0.0000, 490.5249, 255.1592, 0.0000, 98, 90, 76
L 506.0354, 255.1592, 0.0000, 526.8216, 255.1592, 0.0000, 98, 90, 76
L 526.5264, 255.1592, 0.0000, 548.7892, 255.1592, 0.0000, 98, 90, 76
L 583.2309, 255.1592, 0.0000, 592.5698, 255.1592, 0.0000, 74, 68, 58
L 597.1461, 255.1592, 0.0000, 619.8355, 255.1592, 0.0000, 74, 68, 58
L 609.4038, 255.1592, 0.0000, 620.5887, 255.1592, 0.0000, 74, 68, 58
L -1173.5603, 267.2983, 0.0000, -1160.3035, 267.2983, 0.0000, 74, 68, 58
L -1034.3960, 267.2983, 0.0000, -1017.1300, 267.2983, 0.0000, 98, 90, 76
L -1020.9344, 267.2983, 0.0000, -1008.5849, 267.2983, 0.0000, 98, 90, 76
L -1005.6457, 267.2983, 0.0000, -996.6212, 267.2983, 0.0000, 98, 90, 76
L 457.3082, 267.2983, 0.0000, 473.1402, 267.2983, 0.0000, 98, 90, 76
L 518.9951, 267.2983, 0.0000, 530.4119, 267.2983, 0.0000, 98, 90, 76
L 578.0915, 267.2983, 0.0000, 587.4887, 267.2983, 0.0000, 74, 68, 58
L 596.1484, 267.2983, 0.0000, 607.6343, 267.2983, 0.0000, 74, 68, 58
L -1173.5603, 279.4374, 0.0000, -1165.0163, 279.4374, 0.0000, 74, 68, 58
L -1161.9595, 279.4374, 0.0000, -1138.5753, 279.4374, 0.0000, 74, 68, 58
L -1044.1851, 279.4374, 0.0000, -1035.1201, 279.4374, 0.0000, 98, 90, 76
L -1023.2408, 279.4374, 0.0000, -1003.0967, 279.4374, 0.0000, 98, 90, 76
L -1010.7213, 279.4374, 0.0000, -986.6102, 279.4374, 0.0000, 98, 90, 76
L 516.4636, 279.4374, 0.0000, 524.8175, 279.4374, 0.0000, 98, 90, 76
L 548.8913, 279.4374, 0.0000, 568.0241, 279.4374, 0.0000, 74, 68, 58
L 577.7804, 279.4374, 0.0000, 587.1788, 279.4374, 0.0000, 74, 68, 58
L 592.3678, 279.4374, 0.0000, 608.2031, 279.4374, 0.0000, 74, 68, 58
L 602.9297, 279.4374, 0.0000, 626.0195, 279.4374, 0.0000, 74, 68, 58
L -1140.7969, 291.5765, 0.0000, -1130.3575, 291.5765, 0.0000, 74, 68, 58
L -1123.6470, 291.5765, 0.0000, -1105.4097, 291.5765, 0.0000, 74, 68, 58
L -1109.5270, 291.5765, 0.0000, -1093.9523, 291.5765, 0.0000, 74, 68, 58
L -1094.9646, 291.5765, 0.0000, -1070.2138, 291.5765, 0.0000, 74, 68, 58
L -1033.9096, 291.5765, 0.0000, -1016.4008, 291.5765, 0.0000, 98, 90, 76
L -1021.1706, 291.5765, 0.0000, -1005.9363, 291.5765, 0.0000, 98, 90, 76
L 514.9831, 291.5765, 0.0000, 537.3128, 291.5765, 0.0000, 98, 90, 76
L 525.9144, 291.5765, 0.0000, 542.7033, 291.5765, 0.0000, 98, 90, 76
L 592.6898, 291.5765, 0.0000, 609.1767, 291.5765, 0.0000, 74, 68, 58
L 604.2566, 291.5765, 0.0000, 627.1092, 291.5765, 0.0000, 74, 68, 58
L -1157.9684, 303.7156, 0.0000, -1131.8844, 303.7156, 0.0000, 74, 68, 58
L -1141.4517, 303.7156, 0.0000, -1116.6043, 303.7156, 0.0000, 74, 68, 58
L -1125.4756, 303.7156, 0.0000, -1106.2398, 303.7156, 0.0000, 74, 68, 58
L -1108.1184, 303.7156, 0.0000, -1087.9951, 303.7156, 0.0000, 74, 68, 58
L -1030.2503, 303.7156, 0.0000, -1005.6406, 303.7156, 0.0000, 98, 90, 76
L -1017.1491, 303.7156, 0.0000, -1002.3992, 303.7156, 0.0000, 98, 90, 76
L 457.2909, 303.7156, 0.0000, 473.6074, 303.7156, 0.0000, 98, 90, 76
L 519.4303, 303.7156, 0.0000, 528.4002, 303.7156, 0.0000, 98, 90, 76
L 539.1773, 303.7156, 0.0000, 553.4702, 303.7156, 0.0000, 74, 68, 58
L 573.3913, 303.7156, 0.0000, 596.5538, 303.7156, 0.0000, 74, 68, 58
L 586.0727, 303.7156, 0.0000, 603.7094, 303.7156, 0.0000, 74, 68, 58
L 602.8171, 303.7156, 0.0000, 612.3480, 303.7156, 0.0000, 74, 68, 58
L -1173.5603, 315.8547, 0.0000, -1152.0163, 315.8547, 0.0000, 74, 68, 58
L -1162.5466, 315.8547, 0.0000, -1140.8243, 315.8547, 0.0000, 74, 68, 58
L -1144.5482, 315.8547, 0.0000, -1135.5677, 315.8547, 0.0000, 74, 68, 58
L -1124.7680, 315.8547, 0.0000, -1112.4483, 315.8547, 0.0000, 74, 68, 58
L -1107.0548, 315.8547, 0.0000, -1090.8752, 315.8547, 0.0000, 74, 68, 58
L 517.3081, 315.8547, 0.0000, 536.9788, 315.8547, 0.0000, 98, 90, 76
L 536.3789, 315.8547, 0.0000, 553.4592, 315.8547, 0.0000, 98, 90, 76
L 566.7244, 315.8547, 0.0000, 591.7729, 315.8547, 0.0000, 74, 68, 58
L 584.9899, 315.8547, 0.0000, 605.5599, 315.8547, 0.0000, 74, 68, 58
L -1173.5603, 327.9939, 0.0000, -1154.3174, 327.9939, 0.0000, 74, 68, 58
L -1158.8196, 327.9939, 0.0000, -1141.0167, 327.9939, 0.0000, 74, 68, 58
L -1138.1843, 327.9939, 0.0000, -1127.1373, 327.9939, 0.0000, 74, 68, 58
L -1126.4077, 327.9939, 0.0000, -1107.5951, 327.9939, 0.0000, 74, 68, 58
L -1106.3323, 327.9939, 0.0000, -1084.0804, 327.9939, 0.0000, 74, 68, 58
L -1086.9088, 327.9939, 0.0000, -1068.4895, 327.9939, 0.0000, 74, 68, 58
L -1053.7967, 327.9939, 0.0000, -1027.9423, 327.9939, 0.0000, 98, 90, 76
L 467.6705, 327.9939, 0.0000, 488.4858, 327.9939, 0.0000, 98, 90, 76
L 482.8440, 327.9939, 0.0000, 508.7359, 327.9939, 0.0000, 98, 90, 76
L 496.7107, 327.9939, 0.0000, 506.0180, 327.9939, 0.0000, 98, 90, 76
L 514.2982, 327.9939, 0.0000, 523.3582, 327.9939, 0.0000, 98, 90, 76
L 530.9744, 327.9939, 0.0000, 541.0269, 327.9939, 0.0000, 98, 90, 76
L 581.5287, 327.9939, 0.0000, 605.8639, 327.9939, 0.0000, 74, 68, 58
L 592.3350, 327.9939, 0.0000, 613.5095, 327.9939, 0.0000, 74, 68, 58
L 605.9938, 327.9939, 0.0000, 619.8010, 327.9939, 0.0000, 74, 68, 58
L -1173.5603, 340.1330, 0.0000, -1153.8490, 340.1330, 0.0000, 74, 68, 58
L -1158.6800, 340.1330, 0.0000, -1132.4614, 340.1330, 0.0000, 74, 68, 58
L -1147.5160, 340.1330, 0.0000, -1133.3662, 340.1330, 0.0000, 74, 68, 58
L -1131.5396, 340.1330, 0.0000, -1110.2239, 340.1330, 0.0000, 74, 68, 58
L -1119.3071, 340.1330, 0.0000, -1094.9856, 340.1330, 0.0000, 74, 68, 58
L -1101.3447, 340.1330, 0.0000, -1093.2335, 340.1330, 0.0000, 74, 68, 58
L -1090.2005, 340.1330, 0.0000, -1073.4006, 340.1330, 0.0000, 74, 68, 58
L -1079.3546, 340.1330, 0.0000, -1061.5015, 340.1330, 0.0000, 74, 68, 58
L -1067.5676, 340.1330, 0.0000, -1048.3548, 340.1330, 0.0000, 98, 90, 76
L -1051.3326, 340.1330, 0.0000, -1032.2766, 340.1330, 0.0000, 98, 90, 76
L 458.2004, 340.1330, 0.0000, 466.7997, 340.1330, 0.0000, 98, 90, 76
L 469.1927, 340.1330, 0.0000, 481.5276, 340.1330, 0.0000, 98, 90, 76
L 483.0399, 340.1330, 0.0000, 504.9869, 340.1330, 0.0000, 98, 90, 76
L 499.3514, 340.1330, 0.0000, 515.5415, 340.1330, 0.0000, 98, 90, 76
L 515.2717, 340.1330, 0.0000, 530.9454, 340.1330, 0.0000, 98, 90, 76
L 527.2134, 340.1330, 0.0000, 552.1651, 340.1330, 0.0000, 98, 90, 76
L 588.9209, 340.1330, 0.0000, 604.3583, 340.1330, 0.0000, 74, 68, 58
L -1173.5603, 352.2721, 0.0000, -1151.4739, 352.2721, 0.0000, 74, 68, 58
L -1156.4535, 352.2721, 0.0000, -1144.1026, 352.2721, 0.0000, 74, 68, 58
L -1140.1753, 352.2721, 0.0000, -1117.0323, 352.2721, 0.0000, 74, 68, 58
L -1120.2736, 352.2721, 0.0000, -1098.3031, 352.2721, 0.0000, 74, 68, 58
L -1102.5293, 352.2721, 0.0000, -1090.0882, 352.2721, 0.0000, 74, 68, 58
L -1090.4498, 352.2721, 0.0000, -1082.4986, 352.2721, 0.0000, 74, 68, 58
L -1073.4959, 352.2721, 0.0000, -1057.2859, 352.2721, 0.0000, 98, 90, 76
L -1057.8999, 352.2721, 0.0000, -1049.8064, 352.2721, 0.0000, 98, 90, 76
L 458.2622, 352.2721, 0.0000, 477.0670, 352.2721, 0.0000, 98, 90, 76
L 469.7086, 352.2721, 0.0000, 488.6831, 352.2721, 0.0000, 98, 90, 76
L 480.2770, 352.2721, 0.0000, 491.5994, 352.2721, 0.0000, 98, 90, 76
L 498.1671, 352.2721, 0.0000, 506.1172, 352.2721, 0.0000, 98, 90, 76
L 514.5787, 352.2721, 0.0000, 531.8775, 352.2721, 0.0000, 98, 90, 76
L 585.6077, 352.2721, 0.0000, 606.4337, 352.2721, 0.0000, 74, 68, 58
L 596.4392, 352.2721, 0.0000, 613.4465, 352.2721, 0.0000, 74, 68, 58
L -1173.5603, 364.4112, 0.0000, -1157.4593, 364.4112, 0.0000, 74, 68, 58
L -1157.4863, 364.4112, 0.0000, -1149.3648, 364.4112, 0.0000, 74, 68, 58
L -1144.6367, 364.4112, 0.0000, -1124.0069, 364.4112, 0.0000, 74, 68, 58
L -1125.8882, 364.4112, 0.0000, -1116.1038, 364.4112, 0.0000, 74, 68, 58
L -1114.9152, 364.4112, 0.0000, -1092.0015, 364.4112, 0.0000, 74, 68, 58
L -1096.8011, 364.4112, 0.0000, -1079.8203, 364.4112, 0.0000, 74, 68, 58
L -1081.4858, 364.4112, 0.0000, -1063.4942, 364.4112, 0.0000, 74, 68, 58
L -1066.3281, 364.4112, 0.0000, -1053.0576, 364.4112, 0.0000, 98, 90, 76
L 455.4223, 364.4112, 0.0000, 464.3233, 364.4112, 0.0000, 98, 90, 76
L 475.3757, 364.4112, 0.0000, 494.9354, 364.4112, 0.0000, 98, 90, 76
L 489.5213, 364.4112, 0.0000, 512.1021, 364.4112, 0.0000, 98, 90, 76
L 509.4665, 364.4112, 0.0000, 530.1065, 364.4112, 0.0000, 98, 90, 76
L 600.2522, 364.4112, 0.0000, 623.7160, 364.4112, 0.0000, 74, 68, 58
L -1173.5603, 376.5503, 0.0000, -1152.3493, 376.5503, 0.0000, 74, 68, 58
L -1153.1727, 376.5503, 0.0000, -1136.8097, 376.5503, 0.0000, 74, 68, 58
L -1138.6641, 376.5503, 0.0000, -1125.4010, 376.5503, 0.0000, 74, 68, 58
L -1120.8164, 376.5503, 0.0000, -1096.7379, 376.5503, 0.0000, 74, 68, 58
L -1105.7285, 376.5503, 0.0000, -1088.8950, 376.5503, 0.0000, 74, 68, 58
L -1092.6580, 376.5503, 0.0000, -1074.4923, 376.5503, 0.0000, 74, 68, 58
L -1075.4747, 376.5503, 0.0000, -1062.6326, 376.5503, 0.0000, 98, 90, 76
L -1059.8689, 376.5503, 0.0000, -1051.3728, 376.5503, 0.0000, 98, 90, 76
L -1042.5175, 376.5503, 0.0000, -1033.3318, 376.5503, 0.0000, 98, 90, 76
L 462.6032, 376.5503, 0.0000, 487.0895, 376.5503, 0.0000, 98, 90, 76
L 482.6029, 376.5503, 0.0000, 500.2189, 376.5503, 0.0000, 98, 90, 76
L 501.2600, 376.5503, 0.0000, 526.4486, 376.5503, 0.0000, 98, 90, 76
L 596.1660, 376.5503, 0.0000, 618.0619, 376.5503, 0.0000, 74, 68, 58
L 616.7676, 376.5503, 0.0000, 629.0316, 376.5503, 0.0000, 74, 68, 58
L -1173.5603, 388.6894, 0.0000, -1161.1822, 388.6894, 0.0000, 74, 68, 58
L -1162.1441, 388.6894, 0.0000, -1153.2458, 388.6894, 0.0000, 74, 68, 58
L -1145.7116, 388.6894, 0.0000, -1120.8074, 388.6894, 0.0000, 74, 68, 58
L -1125.8211, 388.6894, 0.0000, -1101.2547, 388.6894, 0.0000, 74, 68, 58
L -1104.9991, 388.6894, 0.0000, -1080.9420, 388.6894, 0.0000, 74, 68, 58
L -1089.6146, 388.6894, 0.0000, -1071.6727, 388.6894, 0.0000, 74, 68, 58
L -1074.7889, 388.6894, 0.0000, -1057.3992, 388.6894, 0.0000, 98, 90, 76
L -1054.8825, 388.6894, 0.0000, -1030.5053, 388.6894, 0.0000, 98, 90, 76
L -1034.5335, 388.6894, 0.0000, -1025.8961, 388.6894, 0.0000, 98, 90, 76
L -1017.0774, 388.6894, 0.0000, -998.5789, 388.6894, 0.0000, 98, 90, 76
L 469.0593, 388.6894, 0.0000, 480.4062, 388.6894, 0.0000, 98, 90, 76
L 485.3504, 388.6894, 0.0000, 505.0358, 388.6894, 0.0000, 98, 90, 76
L 497.6705, 388.6894, 0.0000, 508.6386, 388.6894, 0.0000, 98, 90, 76
L 552.6719, 388.6894, 0.0000, 578.3231, 388.6894, 0.0000, 74, 68, 58
L 569.2905, 388.6894, 0.0000, 578.6573, 388.6894, 0.0000, 74, 68, 58
L 581.8449, 388.6894, 0.0000, 601.3784, 388.6894, 0.0000, 74, 68, 58
L 593.7752, 388.6894, 0.0000, 605.8182, 388.6894, 0.0000, 74, 68, 58
L 606.6002, 388.6894, 0.0000, 623.3193, 388.6894, 0.0000, 74, 68, 58
L 623.5102, 388.6894, 0.0000, 631.7791, 388.6894, 0.0000, 74, 68, 58
L -1173.5603, 400.8285, 0.0000, -1157.3533, 400.8285, 0.0000, 74, 68, 58
L -1156.2421, 400.8285, 0.0000, -1133.9237, 400.8285, 0.0000, 74, 68, 58
L -1137.2458, 400.8285, 0.0000, -1123.1077, 400.8285, 0.0000, 74, 68, 58
L -1116.3216, 400.8285, 0.0000, -1089.9831, 400.8285, 0.0000, 74, 68, 58
L -1100.3654, 400.8285, 0.0000, -1076.2608, 400.8285, 0.0000, 74, 68, 58
L -1088.6614, 400.8285, 0.0000, -1080.1609, 400.8285, 0.0000, 74, 68, 58
L -1068.9805, 400.8285, 0.0000, -1045.4340, 400.8285, 0.0000, 98, 90, 76
L -1047.9743, 400.8285, 0.0000, -1027.7106, 400.8285, 0.0000, 98, 90, 76
L -1035.3234, 400.8285, 0.0000, -1012.7807, 400.8285, 0.0000, 98, 90, 76
L -1015.9252, 400.8285, 0.0000, -999.9653, 400.8285, 0.0000, 98, 90, 76
L 463.1258, 400.8285, 0.0000, 472.5620, 400.8285, 0.0000, 98, 90, 76
L 479.4447, 400.8285, 0.0000, 490.7292, 400.8285, 0.0000, 98, 90, 76
L 497.6760, 400.8285, 0.0000, 513.9434, 400.8285, 0.0000, 98, 90, 76
L 604.8121, 400.8285, 0.0000, 627.5563, 400.8285, 0.0000, 74, 68, 58
L 619.7744, 400.8285, 0.0000, 631.7791, 400.8285, 0.0000, 74, 68, 58
L -1173.5603, 412.9676, 0.0000, -1163.5741, 412.9676, 0.0000, 74, 68, 58
L 463.3227, 412.9676, 0.0000, 471.6223, 412.9676, 0.0000, 98, 90, 76
L 480.9428, 412.9676, 0.0000, 496.6207, 412.9676, 0.0000, 98, 90, 76
L 496.6687, 412.9676, 0.0000, 509.8196, 412.9676, 0.0000, 98, 90, 76
L 572.1525, 412.9676, 0.0000, 583.0866, 412.9676, 0.0000, 74, 68, 58
L 588.3226, 412.9676, 0.0000, 606.0576, 412.9676, 0.0000, 74, 68, 58
L 618.7938, 412.9676, 0.0000, 631.7791, 412.9676, 0.0000, 74, 68, 58
L 630.7746, 412.9676, 0.0000, 631.7791, 412.9676, 0.0000, 74, 68, 58
L -1173.5603, 425.1067, 0.0000, -1165.2221, 425.1067, 0.0000, 74, 68, 58
L 467.6250, 425.1067, 0.0000, 481.1285, 425.1067, 0.0000, 98, 90, 76
L 483.7363, 425.1067, 0.0000, 496.9942, 425.1067, 0.0000, 98, 90, 76
L 502.0630, 425.1067, 0.0000, 514.3024, 425.1067, 0.0000, 98, 90, 76
L 519.8831, 425.1067, 0.0000, 540.5157, 425.1067, 0.0000, 98, 90, 76
L 533.6789, 425.1067, 0.0000, 550.0133, 425.1067, 0.0000, 98, 90, 76
L 549.3518, 425.1067, 0.0000, 560.6614, 425.1067, 0.0000, 74, 68, 58
L 582.9806, 425.1067, 0.0000, 602.5738, 425.1067, 0.0000, 74, 68, 58
L 612.1797, 425.1067, 0.0000, 622.3204, 425.1067, 0.0000, 74, 68, 58
L -1173.5603, 437.2459, 0.0000, -1159.8847, 437.2459, 0.0000, 74, 68, 58
L -1002.7062, 437.2459, 0.0000, -988.9902, 437.2459, 0.0000, 98, 90, 76
L 460.8008, 437.2459, 0.0000, 468.7504, 437.2459, 0.0000, 98, 90, 76
L 477.9728, 437.2459, 0.0000, 490.5286, 437.2459, 0.0000, 98, 90, 76
L 493.4320, 437.2459, 0.0000, 504.6541, 437.2459, 0.0000, 98, 90, 76
L 511.6049, 437.2459, 0.0000, 527.1676, 437.2459, 0.0000, 98, 90, 76
L 600.7271, 437.2459, 0.0000, 618.5697, 437.2459, 0.0000, 74, 68, 58
L 615.5550, 437.2459, 0.0000, 631.7791, 437.2459, 0.0000, 74, 68, 58
L 627.5060, 437.2459, 0.0000, 631.7791, 437.2459, 0.0000, 74, 68, 58
L -1173.5603, 449.3850, 0.0000, -1147.8410, 449.3850, 0.0000, 74, 68, 58
L 470.2948, 449.3850, 0.0000, 482.4146, 449.3850, 0.0000, 98, 90, 76
L 490.3276, 449.3850, 0.0000, 499.9688, 449.3850, 0.0000, 98, 90, 76
L 502.1574, 449.3850, 0.0000, 523.7675, 449.3850, 0.0000, 98, 90, 76
L 534.3188, 449.3850, 0.0000, 551.6300, 449.3850, 0.0000, 98, 90, 76
L 545.7142, 449.3850, 0.0000, 564.5400, 449.3850, 0.0000, 74, 68, 58
L 601.8765, 449.3850, 0.0000, 624.9643, 449.3850, 0.0000, 74, 68, 58
L 616.1298, 449.3850, 0.0000, 630.4801, 449.3850, 0.0000, 74, 68, 58
L -1173.5603, 461.5241, 0.0000, -1150.2523, 461.5241, 0.0000, 74, 68, 58
L -1003.5552, 461.5241, 0.0000, -987.5493, 461.5241, 0.0000, 98, 90, 76
L 470.8400, 461.5241, 0.0000, 482.7765, 461.5241, 0.0000, 98, 90, 76
L 490.7906, 461.5241, 0.0000, 515.4215, 461.5241, 0.0000, 98, 90, 76
L 504.9623, 461.5241, 0.0000, 520.8673, 461.5241, 0.0000, 98, 90, 76
L 608.8057, 461.5241, 0.0000, 631.7791, 461.5241, 0.0000, 74, 68, 58
L 621.1153, 461.5241, 0.0000, 631.7791, 461.5241, 0.0000, 74, 68, 58
L -1173.5603, 473.6632, 0.0000, -1157.1408, 473.6632, 0.0000, 74, 68, 58
L -1000.0721, 473.6632, 0.0000, -990.8194, 473.6632, 0.0000, 98, 90, 76
L 468.4810, 473.6632, 0.0000, 477.9442, 473.6632, 0.0000, 98, 90, 76
L 480.7234, 473.6632, 0.0000, 498.6899, 473.6632, 0.0000, 98, 90, 76
L 500.3727, 473.6632, 0.0000, 510.6586, 473.6632, 0.0000, 98, 90, 76
L 512.1728, 473.6632, 0.0000, 535.9257, 473.6632, 0.0000, 98, 90, 76
L 603.8542, 473.6632, 0.0000, 615.6808, 473.6632, 0.0000, 74, 68, 58
L 617.7454, 473.6632, 0.0000, 631.7791, 473.6632, 0.0000, 74, 68, 58
L -1173.5603, 485.8023, 0.0000, -1156.3327, 485.8023, 0.0000, 74, 68, 58
L 452.3359, 485.8023, 0.0000, 477.2197, 485.8023, 0.0000, 98, 90, 76
L 471.8992, 485.8023, 0.0000, 495.7104, 485.8023, 0.0000, 98, 90, 76
L 506.6432, 485.8023, 0.0000, 531.8706, 485.8023, 0.0000, 98, 90, 76
L 521.7369, 485.8023, 0.0000, 547.9497, 485.8023, 0.0000, 98, 90, 76
L 533.6849, 485.8023, 0.0000, 548.0607, 485.8023, 0.0000, 98, 90, 76
L 552.1392, 485.8023, 0.0000, 570.7467, 485.8023, 0.0000, 74, 68, 58
L 621.9792, 485.8023, 0.0000, 631.7791, 485.8023, 0.0000, 74, 68, 58
L -1173.5603, 497.9414, 0.0000, -1153.3030, 497.9414, 0.0000, 74, 68, 58
L 466.7724, 497.9414, 0.0000, 480.3750, 497.9414, 0.0000, 98, 90, 76
L 511.7981, 497.9414, 0.0000, 526.3760, 497.9414, 0.0000, 98, 90, 76
L 523.9845, 497.9414, 0.0000, 541.6305, 497.9414, 0.0000, 98, 90, 76
L 536.7327, 497.9414, 0.0000, 556.3321, 497.9414, 0.0000, 98, 90, 76
L 547.8278, 497.9414, 0.0000, 570.8739, 497.9414, 0.0000, 74, 68, 58
L 612.6294, 497.9414, 0.0000, 627.0561, 497.9414, 0.0000, 74, 68, 58
L 628.3234, 497.9414, 0.0000, 631.7791, 497.9414, 0.0000, 74, 68, 58
L -1173.5603, 510.0805, 0.0000, -1150.9488, 510.0805, 0.0000, 74, 68, 58
L 469.6612, 510.0805, 0.0000, 482.7813, 510.0805, 0.0000, 98, 90, 76
L 520.7306, 510.0805, 0.0000, 543.7045, 510.0805, 0.0000, 98, 90, 76
L 534.8475, 510.0805, 0.0000, 557.7252, 510.0805, 0.0000, 98, 90, 76
L 554.0986, 510.0805, 0.0000, 565.2200, 510.0805, 0.0000, 74, 68, 58
L 616.0777, 510.0805, 0.0000, 625.5270, 510.0805, 0.0000, 74, 68, 58
L -1173.5603, 522.2196, 0.0000, -1155.1225, 522.2196, 0.0000, 74, 68, 58
L 528.8672, 522.2196, 0.0000, 555.0152, 522.2196, 0.0000, 98, 90, 76
L 549.3087, 522.2196, 0.0000, 563.8692, 522.2196, 0.0000, 74, 68, 58
L 601.7283, 522.2196, 0.0000, 620.4506, 522.2196, 0.0000, 74, 68, 58
L 615.6235, 522.2196, 0.0000, 623.8910, 522.2196, 0.0000, 74, 68, 58
L -1173.5603, 534.3588, 0.0000, -1162.2109, 534.3588, 0.0000, 74, 68, 58
L 471.1164, 534.3588, 0.0000, 490.9405, 534.3588, 0.0000, 98, 90, 76
L 522.3692, 534.3588, 0.0000, 532.6826, 534.3588, 0.0000, 98, 90, 76
L 536.4176, 534.3588, 0.0000, 554.2032, 534.3588, 0.0000, 98, 90, 76
L 547.3932, 534.3588, 0.0000, 558.2214, 534.3588, 0.0000, 74, 68, 58
L 561.2011, 534.3588, 0.0000, 584.8678, 534.3588, 0.0000, 74, 68, 58
L 575.2972, 534.3588, 0.0000, 584.8646, 534.3588, 0.0000, 74, 68, 58
L 592.7655, 534.3588, 0.0000, 611.5495, 534.3588, 0.0000, 74, 68, 58
L -1173.5603, 546.4979, 0.0000, -1161.2790, 546.4979, 0.0000, 74, 68, 58
L 457.8309, 546.4979, 0.0000, 475.1736, 546.4979, 0.0000, 98, 90, 76
L 469.5812, 546.4979, 0.0000, 484.6760, 546.4979, 0.0000, 98, 90, 76
L 489.6949, 546.4979, 0.0000, 515.0094, 546.4979, 0.0000, 98, 90, 76
L 501.2901, 546.4979, 0.0000, 522.0225, 546.4979, 0.0000, 98, 90, 76
L 513.8989, 546.4979, 0.0000, 534.8023, 546.4979, 0.0000, 98, 90, 76
L 531.8815, 546.4979, 0.0000, 554.8201, 546.4979, 0.0000, 98, 90, 76
L 552.9402, 546.4979, 0.0000, 560.8798, 546.4979, 0.0000, 74, 68, 58
L 567.5742, 546.4979, 0.0000, 580.3809, 546.4979, 0.0000, 74, 68, 58
L 583.9543, 546.4979, 0.0000, 604.3895, 546.4979, 0.0000, 74, 68, 58
L -1173.5603, 558.6370, 0.0000, -1154.3368, 558.6370, 0.0000, 74, 68, 58
L 465.8283, 558.6370, 0.0000, 482.8079, 558.6370, 0.0000, 98, 90, 76
L 477.1120, 558.6370, 0.0000, 487.3285, 558.6370, 0.0000, 98, 90, 76
L 493.9185, 558.6370, 0.0000, 502.3004, 558.6370, 0.0000, 98, 90, 76
L 511.6757, 558.6370, 0.0000, 532.5050, 558.6370, 0.0000, 98, 90, 76
L 532.2821, 558.6370, 0.0000, 544.9800, 558.6370, 0.0000, 98, 90, 76
L 547.8130, 558.6370, 0.0000, 561.2439, 558.6370, 0.0000, 74, 68, 58
L 564.9930, 558.6370, 0.0000, 573.3214, 558.6370, 0.0000, 74, 68, 58
L 576.0781, 558.6370, 0.0000, 587.9165, 558.6370, 0.0000, 74, 68, 58
L 588.6411, 558.6370, 0.0000, 597.3069, 558.6370, 0.0000, 74, 68, 58
L -1173.5603, 570.7761, 0.0000, -1154.5456, 570.7761, 0.0000, 74, 68, 58
L -1155.9799, 570.7761, 0.0000, -1135.6179, 570.7761, 0.0000, 74, 68, 58
L -1142.2795, 570.7761, 0.0000, -1131.0031, 570.7761, 0.0000, 74, 68, 58
L -1100.5186, 570.7761, 0.0000, -1083.8973, 570.7761, 0.0000, 74, 68, 58
L -1088.0059, 570.7761, 0.0000, -1066.7709, 570.7761, 0.0000, 74, 68, 58
L -1077.1807, 570.7761, 0.0000, -1067.8467, 570.7761, 0.0000, 98, 90, 76
L -1062.2253, 570.7761, 0.0000, -1052.8424, 570.7761, 0.0000, 98, 90, 76
L -1045.9515, 570.7761, 0.0000, -1034.3621, 570.7761, 0.0000, 98, 90, 76
L -1033.6459, 570.7761, 0.0000, -1025.4934, 570.7761, 0.0000, 98, 90, 76
L -1016.4748, 570.7761, 0.0000, -1004.7783, 570.7761, 0.0000, 98, 90, 76
L -1003.1206, 570.7761, 0.0000, -987.9300, 570.7761, 0.0000, 98, 90, 76
L 467.7399, 570.7761, 0.0000, 489.1130, 570.7761, 0.0000, 98, 90, 76
L 482.4634, 570.7761, 0.0000, 497.8155, 570.7761, 0.0000, 98, 90, 76
L 499.1508, 570.7761, 0.0000, 513.9891, 570.7761, 0.0000, 98, 90, 76
L 546.6536, 570.7761, 0.0000, 570.4587, 570.7761, 0.0000, 74, 68, 58
L 561.8875, 570.7761, 0.0000, 573.5415, 570.7761, 0.0000, 74, 68, 58
L 577.3136, 570.7761, 0.0000, 590.4624, 570.7761, 0.0000, 74, 68, 58
L 594.1100, 570.7761, 0.0000, 619.6331, 570.7761, 0.0000, 74, 68, 58
L -1173.5603, 582.9152, 0.0000, -1158.8350, 582.9152, 0.0000, 74, 68, 58
L -1153.1501, 582.9152, 0.0000, -1142.1331, 582.9152, 0.0000, 74, 68, 58
L -1142.4621, 582.9152, 0.0000, -1124.0501, 582.9152, 0.0000, 74, 68, 58
L -1122.1684, 582.9152, 0.0000, -1096.1940, 582.9152, 0.0000, 74, 68, 58
L -1111.5901, 582.9152, 0.0000, -1086.0788, 582.9152, 0.0000, 74, 68, 58
L -1093.5560, 582.9152, 0.0000, -1069.8231, 582.9152, 0.0000, 74, 68, 58
L -1074.5002, 582.9152, 0.0000, -1065.3016, 582.9152, 0.0000, 98, 90, 76
L -1060.0803, 582.9152, 0.0000, -1041.1427, 582.9152, 0.0000, 98, 90, 76
L -1041.4561, 582.9152, 0.0000, -1023.6341, 582.9152, 0.0000, 98, 90, 76
L -1027.4944, 582.9152, 0.0000, -1014.3216, 582.9152, 0.0000, 98, 90, 76
L -1016.2925, 582.9152, 0.0000, -994.3673, 582.9152, 0.0000, 98, 90, 76
L 462.0031, 582.9152, 0.0000, 487.0323, 582.9152, 0.0000, 98, 90, 76
L 477.5542, 582.9152, 0.0000, 498.3788, 582.9152, 0.0000, 98, 90, 76
L 489.5565, 582.9152, 0.0000, 504.8235, 582.9152, 0.0000, 98, 90, 76
L 502.1698, 582.9152, 0.0000, 525.1156, 582.9152, 0.0000, 98, 90, 76
L 536.1119, 582.9152, 0.0000, 556.7911, 582.9152, 0.0000, 98, 90, 76
L 562.2806, 582.9152, 0.0000, 572.7699, 582.9152, 0.0000, 74, 68, 58
L 579.8078, 582.9152, 0.0000, 589.4787, 582.9152, 0.0000, 74, 68, 58
L -1173.5603, 595.0543, 0.0000, -1148.2863, 595.0543, 0.0000, 74, 68, 58
L -1155.8204, 595.0543, 0.0000, -1141.9079, 595.0543, 0.0000, 74, 68, 58
L -1144.7881, 595.0543, 0.0000, -1118.5827, 595.0543, 0.0000, 74, 68, 58
L -1124.5363, 595.0543, 0.0000, -1105.9222, 595.0543, 0.0000, 74, 68, 58
L -1109.6595, 595.0543, 0.0000, -1101.6025, 595.0543, 0.0000, 74, 68, 58
L -1089.0747, 595.0543, 0.0000, -1073.3222, 595.0543, 0.0000, 74, 68, 58
L -1073.1396, 595.0543, 0.0000, -1063.3876, 595.0543, 0.0000, 98, 90, 76
L -1061.4040, 595.0543, 0.0000, -1043.9823, 595.0543, 0.0000, 98, 90, 76
L -1044.8747, 595.0543, 0.0000, -1023.7980, 595.0543, 0.0000, 98, 90, 76
L -1029.3325, 595.0543, 0.0000, -1004.2075, 595.0543, 0.0000, 98, 90, 76
L -1009.7572, 595.0543, 0.0000, -992.3388, 595.0543, 0.0000, 98, 90, 76
L 452.3510, 595.0543, 0.0000, 472.5561, 595.0543, 0.0000, 98, 90, 76
L 468.1220, 595.0543, 0.0000, 486.8577, 595.0543, 0.0000, 98, 90, 76
L 481.6079, 595.0543, 0.0000, 491.7081, 595.0543, 0.0000, 98, 90, 76
L 492.3027, 595.0543, 0.0000, 507.7731, 595.0543, 0.0000, 98, 90, 76
L 519.1617, 595.0543, 0.0000, 531.0895, 595.0543, 0.0000, 98, 90, 76
L 540.1727, 595.0543, 0.0000, 549.3830, 595.0543, 0.0000, 74, 68, 58
L 574.2402, 595.0543, 0.0000, 582.3281, 595.0543, 0.0000, 74, 68, 58
L -1173.5603, 607.1934, 0.0000, -1150.2776, 607.1934, 0.0000, 74, 68, 58
L -1154.7113, 607.1934, 0.0000, -1132.4806, 607.1934, 0.0000, 74, 68, 58
L -1136.1722, 607.1934, 0.0000, -1116.1941, 607.1934, 0.0000, 74, 68, 58
L -1117.0293, 607.1934, 0.0000, -1094.9553, 607.1934, 0.0000, 74, 68, 58
L -1099.7424, 607.1934, 0.0000, -1082.8105, 607.1934, 0.0000, 74, 68, 58
L -1083.7819, 607.1934, 0.0000, -1074.9887, 607.1934, 0.0000, 74, 68, 58
L -1070.4430, 607.1934, 0.0000, -1056.7525, 607.1934, 0.0000, 98, 90, 76
L -1050.3485, 607.1934, 0.0000, -1037.1429, 607.1934, 0.0000, 98, 90, 76
L -1039.6717, 607.1934, 0.0000, -1030.8998, 607.1934, 0.0000, 98, 90, 76
L -1019.0045, 607.1934, 0.0000, -995.1080, 607.1934, 0.0000, 98, 90, 76
L -1007.2035, 607.1934, 0.0000, -998.2265, 607.1934, 0.0000, 98, 90, 76
L 460.2723, 607.1934, 0.0000, 470.8416, 607.1934, 0.0000, 98, 90, 76
L 478.2834, 607.1934, 0.0000, 501.6799, 607.1934, 0.0000, 98, 90, 76
L 492.3813, 607.1934, 0.0000, 516.3304, 607.1934, 0.0000, 98, 90, 76
L 563.9185, 607.1934, 0.0000, 580.2225, 607.1934, 0.0000, 74, 68, 58
L 574.9754, 607.1934, 0.0000, 595.3949, 607.1934, 0.0000, 74, 68, 58
L 588.5533, 607.1934, 0.0000, 602.5576, 607.1934, 0.0000, 74, 68, 58
L 607.8046, 607.1934, 0.0000, 630.3167, 607.1934, 0.0000, 74, 68, 58
L 628.1542, 607.1934, 0.0000, 631.7791, 607.1934, 0.0000, 74, 68, 58
L -1173.5603, 619.3325, 0.0000, -1162.8335, 619.3325, 0.0000, 74, 68, 58
L -1161.6356, 619.3325, 0.0000, -1147.4447, 619.3325, 0.0000, 74, 68, 58
L -1150.4136, 619.3325, 0.0000, -1125.9398, 619.3325, 0.0000, 74, 68, 58
L -1134.8956, 619.3325, 0.0000, -1126.0365, 619.3325, 0.0000, 74, 68, 58
L -1119.1137, 619.3325, 0.0000, -1099.0990, 619.3325, 0.0000, 74, 68, 58
L -1098.6590, 619.3325, 0.0000, -1089.9886, 619.3325, 0.0000, 74, 68, 58
L -1080.9153, 619.3325, 0.0000, -1065.9223, 619.3325, 0.0000, 74, 68, 58
L -1048.4698, 619.3325, 0.0000, -1038.3509, 619.3325, 0.0000, 98, 90, 76
L -1031.7364, 619.3325, 0.0000, -1023.0906, 619.3325, 0.0000, 98, 90, 76
L 466.5411, 619.3325, 0.0000, 484.6063, 619.3325, 0.0000, 98, 90, 76
L 485.6781, 619.3325, 0.0000, 507.2189, 619.3325, 0.0000, 98, 90, 76
L 500.6944, 619.3325, 0.0000, 520.7167, 619.3325, 0.0000, 98, 90, 76
L 565.9710, 619.3325, 0.0000, 591.8019, 619.3325, 0.0000, 74, 68, 58
L 585.6008, 619.3325, 0.0000, 600.0007, 619.3325, 0.0000, 74, 68, 58
L 603.9935, 619.3325, 0.0000, 620.8409, 619.3325, 0.0000, 74, 68, 58
L 623.4515, 619.3325, 0.0000, 631.7791, 619.3325, 0.0000, 74, 68, 58
L -1173.5603, 631.4717, 0.0000, -1156.3617, 631.4717, 0.0000, 74, 68, 58
L -1109.2416, 631.4717, 0.0000, -1086.2996, 631.4717, 0.0000, 74, 68, 58
L -1091.1808, 631.4717, 0.0000, -1071.2042, 631.4717, 0.0000, 74, 68, 58
L 466.2240, 631.4717, 0.0000, 491.4124, 631.4717, 0.0000, 98, 90, 76
L 477.9534, 631.4717, 0.0000, 497.8805, 631.4717, 0.0000, 98, 90, 76
L 496.9922, 631.4717, 0.0000, 506.0764, 631.4717, 0.0000, 98, 90, 76
L 510.3605, 631.4717, 0.0000, 534.1111, 631.4717, 0.0000, 98, 90, 76
L 547.7126, 631.4717, 0.0000, 564.9914, 631.4717, 0.0000, 74, 68, 58
L 567.6264, 631.4717, 0.0000, 590.7495, 631.4717, 0.0000, 74, 68, 58
L 581.2723, 631.4717, 0.0000, 601.8752, 631.4717, 0.0000, 74, 68, 58
L -1173.5603, 643.6108, 0.0000, -1163.3930, 643.6108, 0.0000, 74, 68, 58
L -1139.0336, 643.6108, 0.0000, -1120.4170, 643.6108, 0.0000, 74, 68, 58
L -1104.5555, 643.6108, 0.0000, -1085.1702, 643.6108, 0.0000, 74, 68, 58
L -1092.5932, 643.6108, 0.0000, -1082.0729, 643.6108, 0.0000, 74, 68, 58
L -1065.9478, 643.6108, 0.0000, -1044.8583, 643.6108, 0.0000, 98, 90, 76
L -1050.8034, 643.6108, 0.0000, -1026.2803, 643.6108, 0.0000, 98, 90, 76
L 460.0047, 643.6108, 0.0000, 473.3417, 643.6108, 0.0000, 98, 90, 76
L 480.4066, 643.6108, 0.0000, 499.3354, 643.6108, 0.0000, 98, 90, 76
L 494.6486, 643.6108, 0.0000, 516.8904, 643.6108, 0.0000, 98, 90, 76
L 538.8648, 643.6108, 0.0000, 555.8399, 643.6108, 0.0000, 74, 68, 58
L 556.8868, 643.6108, 0.0000, 575.2037, 643.6108, 0.0000, 74, 68, 58
L 575.7757, 643.6108, 0.0000, 588.8732, 643.6108, 0.0000, 74, 68, 58
L 607.1213, 643.6108, 0.0000, 626.4567, 643.6108, 0.0000, 74, 68, 58
L 619.9812, 643.6108, 0.0000, 631.7791, 643.6108, 0.0000, 74, 68, 58
L -1173.5603, 655.7499, 0.0000, -1165.5989, 655.7499, 0.0000, 74, 68, 58
L -1137.8422, 655.7499, 0.0000, -1112.7227, 655.7499, 0.0000, 74, 68, 58
L -1103.0445, 655.7499, 0.0000, -1079.9996, 655.7499, 0.0000, 74, 68, 58
L -1025.3210, 655.7499, 0.0000, -1015.4097, 655.7499, 0.0000, 98, 90, 76
L 452.5968, 655.7499, 0.0000, 464.9431, 655.7499, 0.0000, 98, 90, 76
L 466.1469, 655.7499, 0.0000, 480.1021, 655.7499, 0.0000, 98, 90, 76
L 479.6895, 655.7499, 0.0000, 489.7716, 655.7499, 0.0000, 98, 90, 76
L 551.9341, 655.7499, 0.0000, 560.5414, 655.7499, 0.0000, 74, 68, 58
L 564.0483, 655.7499, 0.0000, 579.5110, 655.7499, 0.0000, 74, 68, 58
L 596.9377, 655.7499, 0.0000, 618.7781, 655.7499, 0.0000, 74, 68, 58
L 610.0124, 655.7499, 0.0000, 625.0031, 655.7499, 0.0000, 74, 68, 58
L 620.9371, 655.7499, 0.0000, 631.7791, 655.7499, 0.0000, 74, 68, 58
L -1173.5603, 667.8890, 0.0000, -1152.6824, 667.8890, 0.0000, 74, 68, 58
L -1110.7067, 667.8890, 0.0000, -1095.3546, 667.8890, 0.0000, 74, 68, 58
L -1092.1110, 667.8890, 0.0000, -1073.8144, 667.8890, 0.0000, 74, 68, 58
L -1041.4213, 667.8890, 0.0000, -1031.9186, 667.8890, 0.0000, 98, 90, 76
L -1022.5970, 667.8890, 0.0000, -1000.5184, 667.8890, 0.0000, 98, 90, 76
L -1004.6143, 667.8890, 0.0000, -986.6915, 667.8890, 0.0000, 98, 90, 76
L 457.5180, 667.8890, 0.0000, 477.5758, 667.8890, 0.0000, 98, 90, 76
L 471.1457, 667.8890, 0.0000, 479.8861, 667.8890, 0.0000, 98, 90, 76
L 503.0468, 667.8890, 0.0000, 521.3407, 667.8890, 0.0000, 98, 90, 76
L 521.3357, 667.8890, 0.0000, 532.7439, 667.8890, 0.0000, 98, 90, 76
L 532.3444, 667.8890, 0.0000, 548.0118, 667.8890, 0.0000, 98, 90, 76
L 564.3505, 667.8890, 0.0000, 581.5672, 667.8890, 0.0000, 74, 68, 58
L 575.6750, 667.8890, 0.0000, 594.5134, 667.8890, 0.0000, 74, 68, 58
L -1173.5603, 680.0281, 0.0000, -1160.8921, 680.0281, 0.0000, 74, 68, 58
L -1158.5334, 680.0281, 0.0000, -1142.2408, 680.0281, 0.0000, 74, 68, 58
L -1122.8666, 680.0281, 0.0000, -1108.4503, 680.0281, 0.0000, 74, 68, 58
L -1092.1617, 680.0281, 0.0000, -1074.3262, 680.0281, 0.0000, 74, 68, 58
L -1076.3554, 680.0281, 0.0000, -1056.8611, 680.0281, 0.0000, 98, 90, 76
L -1038.9231, 680.0281, 0.0000, -1017.8784, 680.0281, 0.0000, 98, 90, 76
L -1021.1697, 680.0281, 0.0000, -1002.4316, 680.0281, 0.0000, 98, 90, 76
L -1005.2352, 680.0281, 0.0000, -996.8409, 680.0281, 0.0000, 98, 90, 76
L 468.0513, 680.0281, 0.0000, 493.3290, 680.0281, 0.0000, 98, 90, 76
L 485.0371, 680.0281, 0.0000, 499.3087, 680.0281, 0.0000, 98, 90, 76
L 557.8650, 680.0281, 0.0000, 578.5425, 680.0281, 0.0000, 74, 68, 58
L 569.0837, 680.0281, 0.0000, 583.4035, 680.0281, 0.0000, 74, 68, 58
L 582.4018, 680.0281, 0.0000, 599.7850, 680.0281, 0.0000, 74, 68, 58
L -1173.5603, 692.1672, 0.0000, -1156.6609, 692.1672, 0.0000, 74, 68, 58
L -1157.7503, 692.1672, 0.0000, -1137.3116, 692.1672, 0.0000, 74, 68, 58
L -1063.6590, 692.1672, 0.0000, -1040.7344, 692.1672, 0.0000, 98, 90, 76
L -1047.8157, 692.1672, 0.0000, -1039.5947, 692.1672, 0.0000, 98, 90, 76
L -1035.9871, 692.1672, 0.0000, -1026.3509, 692.1672, 0.0000, 98, 90, 76
L -1021.6089, 692.1672, 0.0000, -1006.6955, 692.1672, 0.0000, 98, 90, 76
L 457.6441, 692.1672, 0.0000, 471.5414, 692.1672, 0.0000, 98, 90, 76
L 477.8832, 692.1672, 0.0000, 490.9596, 692.1672, 0.0000, 98, 90, 76
L 490.3358, 692.1672, 0.0000, 507.6047, 692.1672, 0.0000, 98, 90, 76
L 545.3395, 692.1672, 0.0000, 569.2313, 692.1672, 0.0000, 74, 68, 58
L 563.0412, 692.1672, 0.0000, 571.2188, 692.1672, 0.0000, 74, 68, 58
L 577.2835, 692.1672, 0.0000, 589.9060, 692.1672, 0.0000, 74, 68, 58
L 598.3302, 692.1672, 0.0000, 618.6008, 692.1672, 0.0000, 74, 68, 58
L -1173.5603, 704.3063, 0.0000, -1162.0149, 704.3063, 0.0000, 74, 68, 58
L -1158.4296, 704.3063, 0.0000, -1141.8878, 704.3063, 0.0000, 74, 68, 58
L -1141.5800, 704.3063, 0.0000, -1129.5754, 704.3063, 0.0000, 74, 68, 58
L -1109.3555, 704.3063, 0.0000, -1085.5446, 704.3063, 0.0000, 74, 68, 58
L -1098.6734, 704.3063, 0.0000, -1083.1841, 704.3063, 0.0000, 74, 68, 58
L -1069.1670, 704.3063, 0.0000, -1053.5266, 704.3063, 0.0000, 98, 90, 76
L -1050.3268, 704.3063, 0.0000, -1030.0277, 704.3063, 0.0000, 98, 90, 76
L -1038.2169, 704.3063, 0.0000, -1029.0494, 704.3063, 0.0000, 98, 90, 76
L -1024.8356, 704.3063, 0.0000, -1016.5654, 704.3063, 0.0000, 98, 90, 76
L 460.9136, 704.3063, 0.0000, 476.2891, 704.3063, 0.0000, 98, 90, 76
L 477.7746, 704.3063, 0.0000, 501.2767, 704.3063, 0.0000, 98, 90, 76
L 493.9464, 704.3063, 0.0000, 505.4379, 704.3063, 0.0000, 98, 90, 76
L 544.6639, 704.3063, 0.0000, 558.7848, 704.3063, 0.0000, 74, 68, 58
L 556.1331, 704.3063, 0.0000, 579.9376, 704.3063, 0.0000, 74, 68, 58
L 573.6183, 704.3063, 0.0000, 581.6796, 704.3063, 0.0000, 74, 68, 58
L 586.2015, 704.3063, 0.0000, 596.6634, 704.3063, 0.0000, 74, 68, 58
L 604.5662, 704.3063, 0.0000, 623.3179, 704.3063, 0.0000, 74, 68, 58
L 621.1180, 704.3063, 0.0000, 631.7791, 704.3063, 0.0000, 74, 68, 58
L -1173.5603, 716.4454, 0.0000, -1155.3528, 716.4454, 0.0000, 74, 68, 58
L -1160.8957, 716.4454, 0.0000, -1139.5026, 716.4454, 0.0000, 74, 68, 58
L -1143.9607, 716.4454, 0.0000, -1121.2061, 716.4454, 0.0000, 74, 68, 58
L -1117.5791, 716.4454, 0.0000, -1093.8873, 716.4454, 0.0000, 74, 68, 58
L -1099.4210, 716.4454, 0.0000, -1090.0110, 716.4454, 0.0000, 74, 68, 58
L -1064.8828, 716.4454, 0.0000, -1052.3718, 716.4454, 0.0000, 98, 90, 76
L -1026.9046, 716.4454, 0.0000, -1008.8316, 716.4454, 0.0000, 98, 90, 76
L -1010.9260, 716.4454, 0.0000, -1002.5943, 716.4454, 0.0000, 98, 90, 76
L 459.7376, 716.4454, 0.0000, 470.7119, 716.4454, 0.0000, 98, 90, 76
L 476.7335, 716.4454, 0.0000, 499.0207, 716.4454, 0.0000, 98, 90, 76
L 488.8214, 716.4454, 0.0000, 500.9203, 716.4454, 0.0000, 98, 90, 76
L 502.4210, 716.4454, 0.0000, 528.1844, 716.4454, 0.0000, 98, 90, 76
L 517.2774, 716.4454, 0.0000, 527.3658, 716.4454, 0.0000, 98, 90, 76
L 529.9484, 716.4454, 0.0000, 551.5977, 716.4454, 0.0000, 98, 90, 76
L 543.6233, 716.4454, 0.0000, 562.8163, 716.4454, 0.0000, 74, 68, 58
L 562.0991, 716.4454, 0.0000, 581.6884, 716.4454, 0.0000, 74, 68, 58
L 574.2673, 716.4454, 0.0000, 584.5413, 716.4454, 0.0000, 74, 68, 58
L 590.5788, 716.4454, 0.0000, 602.4270, 716.4454, 0.0000, 74, 68, 58
L 602.5712, 716.4454, 0.0000, 613.0916, 716.4454, 0.0000, 74, 68, 58
L 619.0850, 716.4454, 0.0000, 631.7791, 716.4454, 0.0000, 74, 68, 58
L 630.8802, 716.4454, 0.0000, 631.7791, 716.4454, 0.0000, 74, 68, 58
L -1173.5603, 728.5845, 0.0000, -1153.0008, 728.5845, 0.0000, 74, 68, 58
L -1159.6681, 728.5845, 0.0000, -1133.5013, 728.5845, 0.0000, 74, 68, 58
L -1140.3394, 728.5845, 0.0000, -1114.6274, 728.5845, 0.0000, 74, 68, 58
L -1075.1237, 728.5845, 0.0000, -1066.9643, 728.5845, 0.0000, 98, 90, 76
L -1034.1811, 728.5845, 0.0000, -1011.6950, 728.5845, 0.0000, 98, 90, 76
L -1022.9839, 728.5845, 0.0000, -1006.1921, 728.5845, 0.0000, 98, 90, 76
L -1006.2438, 728.5845, 0.0000, -987.0182, 728.5845, 0.0000, 98, 90, 76
L 453.7660, 728.5845, 0.0000, 467.6627, 728.5845, 0.0000, 98, 90, 76
L 465.5348, 728.5845, 0.0000, 473.8582, 728.5845, 0.0000, 98, 90, 76
L 502.2882, 728.5845, 0.0000, 523.2220, 728.5845, 0.0000, 98, 90, 76
L 518.8736, 728.5845, 0.0000, 535.7649, 728.5845, 0.0000, 98, 90, 76
L 534.7589, 728.5845, 0.0000, 550.1988, 728.5845, 0.0000, 98, 90, 76
L 546.4788, 728.5845, 0.0000, 554.6840, 728.5845, 0.0000, 74, 68, 58
L 562.4542, 728.5845, 0.0000, 575.8355, 728.5845, 0.0000, 74, 68, 58
L 577.6005, 728.5845, 0.0000, 597.5678, 728.5845, 0.0000, 74, 68, 58
L 592.7928, 728.5845, 0.0000, 606.7072, 728.5845, 0.0000, 74, 68, 58
L 612.3118, 728.5845, 0.0000, 631.7791, 728.5845, 0.0000, 74, 68, 58
L 626.4307, 728.5845, 0.0000, 631.7791, 728.5845, 0.0000, 74, 68, 58
L -1173.5603, 740.7237, 0.0000, -1161.9119, 740.7237, 0.0000, 74, 68, 58
L -1159.6907, 740.7237, 0.0000, -1147.1675, 740.7237, 0.0000, 74, 68, 58
L -1143.9669, 740.7237, 0.0000, -1126.4894, 740.7237, 0.0000, 74, 68, 58
L -1131.0342, 740.7237, 0.0000, -1105.8767, 740.7237, 0.0000, 74, 68, 58
L -1091.4060, 740.7237, 0.0000, -1066.1208, 740.7237, 0.0000, 74, 68, 58
L -1070.3393, 740.7237, 0.0000, -1050.1569, 740.7237, 0.0000, 98, 90, 76
L -1032.2060, 740.7237, 0.0000, -1016.2540, 740.7237, 0.0000, 98, 90, 76
L -1021.2753, 740.7237, 0.0000, -1012.6860, 740.7237, 0.0000, 98, 90, 76
L 526.2758, 740.7237, 0.0000, 536.8192, 740.7237, 0.0000, 98, 90, 76
L 539.4287, 740.7237, 0.0000, 557.3131, 740.7237, 0.0000, 74, 68, 58
L 554.3313, 740.7237, 0.0000, 562.6166, 740.7237, 0.0000, 74, 68, 58
L 568.6881, 740.7237, 0.0000, 588.9050, 740.7237, 0.0000, 74, 68, 58
L 583.1196, 740.7237, 0.0000, 604.5133, 740.7237, 0.0000, 74, 68, 58
L 595.2849, 740.7237, 0.0000, 619.5673, 740.7237, 0.0000, 74, 68, 58
L 607.4407, 740.7237, 0.0000, 616.1419, 740.7237, 0.0000, 74, 68, 58
L 622.7925, 740.7237, 0.0000, 631.7791, 740.7237, 0.0000, 74, 68, 58
L -1173.5603, 752.8628, 0.0000, -1163.3419, 752.8628, 0.0000, 74, 68, 58
L -1161.1501, 752.8628, 0.0000, -1135.9095, 752.8628, 0.0000, 74, 68, 58
L -1141.5776, 752.8628, 0.0000, -1116.1299, 752.8628, 0.0000, 74, 68, 58
L -1130.4713, 752.8628, 0.0000, -1105.3875, 752.8628, 0.0000, 74, 68, 58
L -1096.1055, 752.8628, 0.0000, -1087.6950, 752.8628, 0.0000, 74, 68, 58
L -1079.8249, 752.8628, 0.0000, -1069.0332, 752.8628, 0.0000, 74, 68, 58
L -1015.7737, 752.8628, 0.0000, -993.7199, 752.8628, 0.0000, 98, 90, 76
L 476.4597, 752.8628, 0.0000, 501.4099, 752.8628, 0.0000, 98, 90, 76
L 492.9606, 752.8628, 0.0000, 504.4153, 752.8628, 0.0000, 98, 90, 76
L 517.0463, 752.8628, 0.0000, 532.5972, 752.8628, 0.0000, 98, 90, 76
L 536.8974, 752.8628, 0.0000, 548.7956, 752.8628, 0.0000, 74, 68, 58
L 553.9807, 752.8628, 0.0000, 567.0614, 752.8628, 0.0000, 74, 68, 58
L 573.5058, 752.8628, 0.0000, 589.3472, 752.8628, 0.0000, 74, 68, 58
L 585.6939, 752.8628, 0.0000, 603.8005, 752.8628, 0.0000, 74, 68, 58
L 598.5842, 752.8628, 0.0000, 619.5906, 752.8628, 0.0000, 74, 68, 58
L -1173.5603, 765.0019, 0.0000, -1150.9236, 765.0019, 0.0000, 74, 68, 58
L -1154.9161, 765.0019, 0.0000, -1131.6411, 765.0019, 0.0000, 74, 68, 58
L -1140.3365, 765.0019, 0.0000, -1129.2712, 765.0019, 0.0000, 74, 68, 58
L -1122.1481, 765.0019, 0.0000, -1096.2364, 765.0019, 0.0000, 74, 68, 58
L -1104.0040, 765.0019, 0.0000, -1095.6416, 765.0019, 0.0000, 74, 68, 58
L -1092.1200, 765.0019, 0.0000, -1075.0985, 765.0019, 0.0000, 74, 68, 58
L -1010.0869, 765.0019, 0.0000, -997.2734, 765.0019, 0.0000, 98, 90, 76
L 459.5641, 765.0019, 0.0000, 470.4323, 765.0019, 0.0000, 98, 90, 76
L 516.0753, 765.0019, 0.0000, 542.3159, 765.0019, 0.0000, 98, 90, 76
L 532.5290, 765.0019, 0.0000, 555.6485, 765.0019, 0.0000, 98, 90, 76
L 543.8489, 765.0019, 0.0000, 557.7407, 765.0019, 0.0000, 74, 68, 58
L 558.6859, 765.0019, 0.0000, 581.0185, 765.0019, 0.0000, 74, 68, 58
L 577.9153, 765.0019, 0.0000, 594.4910, 765.0019, 0.0000, 74, 68, 58
L 597.4605, 765.0019, 0.0000, 614.4438, 765.0019, 0.0000, 74, 68, 58
L -1159.4009, 777.1410, 0.0000, -1148.9508, 777.1410, 0.0000, 74, 68, 58
L -1138.5604, 777.1410, 0.0000, -1129.0499, 777.1410, 0.0000, 74, 68, 58
L -1117.6841, 777.1410, 0.0000, -1102.4012, 777.1410, 0.0000, 74, 68, 58
L -1106.8748, 777.1410, 0.0000, -1084.2240, 777.1410, 0.0000, 74, 68, 58
L -1093.3179, 777.1410, 0.0000, -1083.3255, 777.1410, 0.0000, 74, 68, 58
L -1020.1638, 777.1410, 0.0000, -1010.1403, 777.1410, 0.0000, 98, 90, 76
L 470.2216, 777.1410, 0.0000, 495.5226, 777.1410, 0.0000, 98, 90, 76
L 508.4383, 777.1410, 0.0000, 530.8312, 777.1410, 0.0000, 98, 90, 76
L 523.6899, 777.1410, 0.0000, 547.4868, 777.1410, 0.0000, 98, 90, 76
L 541.4636, 777.1410, 0.0000, 553.2908, 777.1410, 0.0000, 74, 68, 58
L 559.8075, 777.1410, 0.0000, 577.2049, 777.1410, 0.0000, 74, 68, 58
L 570.9141, 777.1410, 0.0000, 579.2902, 777.1410, 0.0000, 74, 68, 58
L 584.6516, 777.1410, 0.0000, 597.2182, 777.1410, 0.0000, 74, 68, 58
L 626.0947, 777.1410, 0.0000, 631.7791, 777.1410, 0.0000, 74, 68, 58
L -1138.1366, 789.2801, 0.0000, -1125.0664, 789.2801, 0.0000, 74, 68, 58
L -1125.6603, 789.2801, 0.0000, -1107.6507, 789.2801, 0.0000, 74, 68, 58
L -1112.7686, 789.2801, 0.0000, -1090.0537, 789.2801, 0.0000, 74, 68, 58
L -1098.5066, 789.2801, 0.0000, -1084.0739, 789.2801, 0.0000, 74, 68, 58
L -1079.4647, 789.2801, 0.0000, -1066.9008, 789.2801, 0.0000, 74, 68, 58
L -1068.4849, 789.2801, 0.0000, -1044.6929, 789.2801, 0.0000, 98, 90, 76
L -1037.6954, 789.2801, 0.0000, -1019.9067, 789.2801, 0.0000, 98, 90, 76
L -1019.5086, 789.2801, 0.0000, -1004.3187, 789.2801, 0.0000, 98, 90, 76
L 452.6963, 789.2801, 0.0000, 462.0146, 789.2801, 0.0000, 98, 90, 76
L 470.9910, 789.2801, 0.0000, 493.6367, 789.2801, 0.0000, 98, 90, 76
L 500.8158, 789.2801, 0.0000, 526.3624, 789.2801, 0.0000, 98, 90, 76
L 519.3616, 789.2801, 0.0000, 531.6047, 789.2801, 0.0000, 98, 90, 76
L 534.7615, 789.2801, 0.0000, 549.4377, 789.2801, 0.0000, 98, 90, 76
L 552.8969, 789.2801, 0.0000, 577.4935, 789.2801, 0.0000, 74, 68, 58
L 567.7171, 789.2801, 0.0000, 593.9184, 789.2801, 0.0000, 74, 68, 58
L 583.5825, 789.2801, 0.0000, 603.3405, 789.2801, 0.0000, 74, 68, 58
L 629.2887, 789.2801, 0.0000, 631.7791, 789.2801, 0.0000, 74, 68, 58
L -1144.7640, 801.4192, 0.0000, -1130.1662, 801.4192, 0.0000, 74, 68, 58
L -1129.5547, 801.4192, 0.0000, -1107.7522, 801.4192, 0.0000, 74, 68, 58
L -1112.8738, 801.4192, 0.0000, -1101.8482, 801.4192, 0.0000, 74, 68, 58
L -1092.6101, 801.4192, 0.0000, -1079.1534, 801.4192, 0.0000, 74, 68, 58
L -1073.4115, 801.4192, 0.0000, -1048.6449, 801.4192, 0.0000, 98, 90, 76
L -1056.3915, 801.4192, 0.0000, -1041.9436, 801.4192, 0.0000, 98, 90, 76
L -1037.1438, 801.4192, 0.0000, -1017.9810, 801.4192, 0.0000, 98, 90, 76
L -1023.8581, 801.4192, 0.0000, -1000.8500, 801.4192, 0.0000, 98, 90, 76
L 461.3942, 801.4192, 0.0000, 470.7239, 801.4192, 0.0000, 98, 90, 76
L 473.1940, 801.4192, 0.0000, 497.2763, 801.4192, 0.0000, 98, 90, 76
L 484.5209, 801.4192, 0.0000, 499.0643, 801.4192, 0.0000, 98, 90, 76
L 501.3939, 801.4192, 0.0000, 516.1213, 801.4192, 0.0000, 98, 90, 76
L 517.9499, 801.4192, 0.0000, 528.0373, 801.4192, 0.0000, 98, 90, 76
L 535.0920, 801.4192, 0.0000, 551.4011, 801.4192, 0.0000, 98, 90, 76
L 552.0433, 801.4192, 0.0000, 577.3992, 801.4192, 0.0000, 74, 68, 58
L 572.0000, 801.4192, 0.0000, 586.6455, 801.4192, 0.0000, 74, 68, 58
L -1136.0792, 813.5583, 0.0000, -1122.5243, 813.5583, 0.0000, 74, 68, 58
L -1124.0195, 813.5583, 0.0000, -1100.2038, 813.5583, 0.0000, 74, 68, 58
L -1112.3810, 813.5583, 0.0000, -1094.5383, 813.5583, 0.0000, 74, 68, 58
L -1098.7580, 813.5583, 0.0000, -1073.8006, 813.5583, 0.0000, 74, 68, 58
L -1079.8570, 813.5583, 0.0000, -1067.7171, 813.5583, 0.0000, 74, 68, 58
L -1068.5931, 813.5583, 0.0000, -1048.7299, 813.5583, 0.0000, 98, 90, 76
L -1053.4701, 813.5583, 0.0000, -1042.9005, 813.5583, 0.0000, 98, 90, 76
L -1032.3888, 813.5583, 0.0000, -1019.8483, 813.5583, 0.0000, 98, 90, 76
L 457.3243, 813.5583, 0.0000, 476.4287, 813.5583, 0.0000, 98, 90, 76
L 472.1612, 813.5583, 0.0000, 487.3566, 813.5583, 0.0000, 98, 90, 76
L 489.3778, 813.5583, 0.0000, 498.1698, 813.5583, 0.0000, 98, 90, 76
L 506.9619, 813.5583, 0.0000, 518.0160, 813.5583, 0.0000, 98, 90, 76
L 527.3513, 813.5583, 0.0000, 543.0821, 813.5583, 0.0000, 98, 90, 76
L 548.3759, 813.5583, 0.0000, 559.9708, 813.5583, 0.0000, 74, 68, 58
L 563.4095, 813.5583, 0.0000, 574.5374, 813.5583, 0.0000, 74, 68, 58
L -1126.1715, 825.6974, 0.0000, -1102.1380, 825.6974, 0.0000, 74, 68, 58
L -1112.9232, 825.6974, 0.0000, -1098.7277, 825.6974, 0.0000, 74, 68, 58
L -1100.3432, 825.6974, 0.0000, -1085.8607, 825.6974, 0.0000, 74, 68, 58
L -1068.7042, 825.6974, 0.0000, -1054.5725, 825.6974, 0.0000, 98, 90, 76
L -1051.5949, 825.6974, 0.0000, -1028.7625, 825.6974, 0.0000, 98, 90, 76
L -1040.3184, 825.6974, 0.0000, -1016.0744, 825.6974, 0.0000, 98, 90, 76
L -1024.8975, 825.6974, 0.0000, -1006.1919, 825.6974, 0.0000, 98, 90, 76
L 468.3629, 825.6974, 0.0000, 486.2975, 825.6974, 0.0000, 98, 90, 76
L 485.8672, 825.6974, 0.0000, 503.7247, 825.6974, 0.0000, 98, 90, 76
L 499.7569, 825.6974, 0.0000, 523.2459, 825.6974, 0.0000, 98, 90, 76
L 511.4671, 825.6974, 0.0000, 537.6802, 825.6974, 0.0000, 98, 90, 76
L 529.1343, 825.6974, 0.0000, 552.7253, 825.6974, 0.0000, 98, 90, 76
L 547.1662, 825.6974, 0.0000, 555.2164, 825.6974, 0.0000, 74, 68, 58
L 562.1593, 825.6974, 0.0000, 574.2263, 825.6974, 0.0000, 74, 68, 58
L 627.1872, 825.6974, 0.0000, 631.7791, 825.6974, 0.0000, 74, 68, 58
L -1125.1527, 837.8366, 0.0000, -1104.4968, 837.8366, 0.0000, 74, 68, 58
L -1109.1835, 837.8366, 0.0000, -1084.6500, 837.8366, 0.0000, 74, 68, 58
L -1056.8971, 837.8366, 0.0000, -1034.4325, 837.8366, 0.0000, 98, 90, 76
L -1039.5111, 837.8366, 0.0000, -1018.6655, 837.8366, 0.0000, 98, 90, 76
L -1026.6632, 837.8366, 0.0000, -1011.3147, 837.8366, 0.0000, 98, 90, 76
L -1013.0132, 837.8366, 0.0000, -1004.2270, 837.8366, 0.0000, 98, 90, 76
L 463.5543, 837.8366, 0.0000, 485.3413, 837.8366, 0.0000, 98, 90, 76
L 482.7437, 837.8366, 0.0000, 500.9843, 837.8366, 0.0000, 98, 90, 76
L 500.8807, 837.8366, 0.0000, 513.2875, 837.8366, 0.0000, 98, 90, 76
L 518.8750, 837.8366, 0.0000, 528.7070, 837.8366, 0.0000, 98, 90, 76
L 536.2807, 837.8366, 0.0000, 560.0535, 837.8366, 0.0000, 98, 90, 76
L 550.8516, 837.8366, 0.0000, 570.1974, 837.8366, 0.0000, 74, 68, 58
L 571.6066, 837.8366, 0.0000, 597.2396, 837.8366, 0.0000, 74, 68, 58
L 631.3903, 837.8366, 0.0000, 631.7791, 837.8366, 0.0000, 74, 68, 58
L -1130.9621, 849.9757, 0.0000, -1110.2898, 849.9757, 0.0000, 74, 68, 58
L -1117.9840, 849.9757, 0.0000, -1094.6408, 849.9757, 0.0000, 74, 68, 58
L -1051.2932, 849.9757, 0.0000, -1030.3566, 849.9757, 0.0000, 98, 90, 76
L -1034.7146, 849.9757, 0.0000, -1022.2147, 849.9757, 0.0000, 98, 90, 76
L -1017.6285, 849.9757, 0.0000, -998.7231, 849.9757, 0.0000, 98, 90, 76
L 478.5900, 849.9757, 0.0000, 490.9425, 849.9757, 0.0000, 98, 90, 76
L 494.2955, 849.9757, 0.0000, 504.8442, 849.9757, 0.0000, 98, 90, 76
L 508.2269, 849.9757, 0.0000, 523.1431, 849.9757, 0.0000, 98, 90, 76
L 528.8581, 849.9757, 0.0000, 543.2049, 849.9757, 0.0000, 98, 90, 76
L 546.7348, 849.9757, 0.0000, 563.2981, 849.9757, 0.0000, 74, 68, 58
L 563.5586, 849.9757, 0.0000, 583.8345, 849.9757, 0.0000, 74, 68, 58
L -1173.5603, 862.1148, 0.0000, -1150.6039, 862.1148, 0.0000, 74, 68, 58
L -1162.8207, 862.1148, 0.0000, -1143.0083, 862.1148, 0.0000, 74, 68, 58
L -1148.9525, 862.1148, 0.0000, -1131.6962, 862.1148, 0.0000, 74, 68, 58
L -1136.2329, 862.1148, 0.0000, -1123.3589, 862.1148, 0.0000, 74, 68, 58
L -1118.7964, 862.1148, 0.0000, -1100.3516, 862.1148, 0.0000, 74, 68, 58
L -1048.0496, 862.1148, 0.0000, -1027.8314, 862.1148, 0.0000, 98, 90, 76
L -1027.6349, 862.1148, 0.0000, -1001.7073, 862.1148, 0.0000, 98, 90, 76
L -1011.6954, 862.1148, 0.0000, -987.1486, 862.1148, 0.0000, 98, 90, 76
L -995.1738, 862.1148, 0.0000, -987.2338, 862.1148, 0.0000, 98, 90, 76
L 468.3597, 862.1148, 0.0000, 481.8063, 862.1148, 0.0000, 98, 90, 76
L 486.1632, 862.1148, 0.0000, 504.5884, 862.1148, 0.0000, 98, 90, 76
L 499.5849, 862.1148, 0.0000, 508.0468, 862.1148, 0.0000, 98, 90, 76
L 511.6546, 862.1148, 0.0000, 524.4860, 862.1148, 0.0000, 98, 90, 76
L 523.6027, 862.1148, 0.0000, 544.1086, 862.1148, 0.0000, 98, 90, 76
L 539.5751, 862.1148, 0.0000, 551.6210, 862.1148, 0.0000, 74, 68, 58
L 550.4598, 862.1148, 0.0000, 576.0695, 862.1148, 0.0000, 74, 68, 58
L 568.5534, 862.1148, 0.0000, 577.1656, 862.1148, 0.0000, 74, 68, 58
L 583.8389, 862.1148, 0.0000, 604.5655, 862.1148, 0.0000, 74, 68, 58
L 620.9399, 862.1148, 0.0000, 631.7791, 862.1148, 0.0000, 74, 68, 58
L -1173.5603, 874.2539, 0.0000, -1156.9461, 874.2539, 0.0000, 74, 68, 58
L -1153.5522, 874.2539, 0.0000, -1128.3358, 874.2539, 0.0000, 74, 68, 58
L -1135.6915, 874.2539, 0.0000, -1127.1179, 874.2539, 0.0000, 74, 68, 58
L -1118.1375, 874.2539, 0.0000, -1093.9160, 874.2539, 0.0000, 74, 68, 58
L -1059.7089, 874.2539, 0.0000, -1034.5161, 874.2539, 0.0000, 98, 90, 76
L -1039.4024, 874.2539, 0.0000, -1030.1810, 874.2539, 0.0000, 98, 90, 76
L -1020.3934, 874.2539, 0.0000, -1006.8841, 874.2539, 0.0000, 98, 90, 76
L 479.2630, 874.2539, 0.0000, 497.4138, 874.2539, 0.0000, 98, 90, 76
L 496.8394, 874.2539, 0.0000, 507.5304, 874.2539, 0.0000, 98, 90, 76
L 516.6570, 874.2539, 0.0000, 531.1933, 874.2539, 0.0000, 98, 90, 76
L 531.5412, 874.2539, 0.0000, 548.2390, 874.2539, 0.0000, 98, 90, 76
L 592.4255, 874.2539, 0.0000, 608.2391, 874.2539, 0.0000, 74, 68, 58
L 605.2768, 874.2539, 0.0000, 619.6276, 874.2539, 0.0000, 74, 68, 58
L 615.8572, 874.2539, 0.0000, 628.2157, 874.2539, 0.0000, 74, 68, 58
L 629.9770, 874.2539, 0.0000, 631.7791, 874.2539, 0.0000, 74, 68, 58
L -1173.5603, 886.3930, 0.0000, -1154.5392, 886.3930, 0.0000, 74, 68, 58
L -1153.6842, 886.3930, 0.0000, -1128.2530, 886.3930, 0.0000, 74, 68, 58
L -1138.9812, 886.3930, 0.0000, -1122.3151, 886.3930, 0.0000, 74, 68, 58
L -1121.9897, 886.3930, 0.0000, -1106.3008, 886.3930, 0.0000, 74, 68, 58
L -1042.2651, 886.3930, 0.0000, -1029.3953, 886.3930, 0.0000, 98, 90, 76
L -1021.9502, 886.3930, 0.0000, -1008.5476, 886.3930, 0.0000, 98, 90, 76
L -1011.2806, 886.3930, 0.0000, -1003.0457, 886.3930, 0.0000, 98, 90, 76
L 458.2402, 886.3930, 0.0000, 478.5560, 886.3930, 0.0000, 98, 90, 76
L 477.1406, 886.3930, 0.0000, 495.4410, 886.3930, 0.0000, 98, 90, 76
L 497.3717, 886.3930, 0.0000, 514.6312, 886.3930, 0.0000, 98, 90, 76
L 514.4916, 886.3930, 0.0000, 533.6511, 886.3930, 0.0000, 98, 90, 76
L 550.5842, 886.3930, 0.0000, 563.1163, 886.3930, 0.0000, 74, 68, 58
L 566.8348, 886.3930, 0.0000, 588.3633, 886.3930, 0.0000, 74, 68, 58
L 597.6489, 886.3930, 0.0000, 607.6387, 886.3930, 0.0000, 74, 68, 58
L 618.3010, 886.3930, 0.0000, 628.6871, 886.3930, 0.0000, 74, 68, 58
L -1173.5603, 898.5321, 0.0000, -1158.4090, 898.5321, 0.0000, 74, 68, 58
L -1161.7265, 898.5321, 0.0000, -1146.8855, 898.5321, 0.0000, 74, 68, 58
L -1140.7398, 898.5321, 0.0000, -1131.6427, 898.5321, 0.0000, 74, 68, 58
L -1121.3246, 898.5321, 0.0000, -1097.9911, 898.5321, 0.0000, 74, 68, 58
L -1108.2462, 898.5321, 0.0000, -1091.5218, 898.5321, 0.0000, 74, 68, 58
L -1096.6409, 898.5321, 0.0000, -1083.0753, 898.5321, 0.0000, 74, 68, 58
L -1051.3743, 898.5321, 0.0000, -1030.7403, 898.5321, 0.0000, 98, 90, 76
L -1038.5123, 898.5321, 0.0000, -1015.8729, 898.5321, 0.0000, 98, 90, 76
L -1023.0961, 898.5321, 0.0000, -997.8556, 898.5321, 0.0000, 98, 90, 76
L -1006.6363, 898.5321, 0.0000, -988.1486, 898.5321, 0.0000, 98, 90, 76
L 451.7830, 898.5321, 0.0000, 467.2231, 898.5321, 0.0000, 98, 90, 76
L 470.9092, 898.5321, 0.0000, 489.7730, 898.5321, 0.0000, 98, 90, 76
L 490.8441, 898.5321, 0.0000, 503.7842, 898.5321, 0.0000, 98, 90, 76
L 507.4403, 898.5321, 0.0000, 524.7806, 898.5321, 0.0000, 98, 90, 76
L 526.9443, 898.5321, 0.0000, 546.0258, 898.5321, 0.0000, 98, 90, 76
L 555.8735, 898.5321, 0.0000, 571.7001, 898.5321, 0.0000, 74, 68, 58
L 575.0854, 898.5321, 0.0000, 598.4470, 898.5321, 0.0000, 74, 68, 58
L 604.2275, 898.5321, 0.0000, 623.3604, 898.5321, 0.0000, 74, 68, 58
L 624.8566, 898.5321, 0.0000, 631.7791, 898.5321, 0.0000, 74, 68, 58
L -1173.5603, 910.6712, 0.0000, -1160.4415, 910.6712, 0.0000, 74, 68, 58
L -1160.5137, 910.6712, 0.0000, -1144.2822, 910.6712, 0.0000, 74, 68, 58
L -1149.3686, 910.6712, 0.0000, -1129.2177, 910.6712, 0.0000, 74, 68, 58
L -1130.4408, 910.6712, 0.0000, -1109.3165, 910.6712, 0.0000, 74, 68, 58
L -1118.1325, 910.6712, 0.0000, -1099.7999, 910.6712, 0.0000, 74, 68, 58
L -1098.2939, 910.6712, 0.0000, -1076.5841, 910.6712, 0.0000, 74, 68, 58
L -1036.6591, 910.6712, 0.0000, -1024.8108, 910.6712, 0.0000, 98, 90, 76
L -1015.7873, 910.6712, 0.0000, -1000.0837, 910.6712, 0.0000, 98, 90, 76
L -996.5670, 910.6712, 0.0000, -987.8656, 910.6712, 0.0000, 98, 90, 76
L 462.9191, 910.6712, 0.0000, 473.8258, 910.6712, 0.0000, 98, 90, 76
L 476.9210, 910.6712, 0.0000, 491.7986, 910.6712, 0.0000, 98, 90, 76
L 490.3812, 910.6712, 0.0000, 508.1118, 910.6712, 0.0000, 98, 90, 76
L 504.2173, 910.6712, 0.0000, 529.6173, 910.6712, 0.0000, 98, 90, 76
L 524.6282, 910.6712, 0.0000, 549.8922, 910.6712, 0.0000, 98, 90, 76
L 557.9539, 910.6712, 0.0000, 581.1574, 910.6712, 0.0000, 74, 68, 58
L 596.7392, 910.6712, 0.0000, 606.6302, 910.6712, 0.0000, 74, 68, 58
L 611.4813, 910.6712, 0.0000, 619.4525, 910.6712, 0.0000, 74, 68, 58
L -1173.5603, 922.8103, 0.0000, -1148.2212, 922.8103, 0.0000, 74, 68, 58
L -1160.1224, 922.8103, 0.0000, -1136.5168, 922.8103, 0.0000, 74, 68, 58
L -1143.5611, 922.8103, 0.0000, -1130.7318, 922.8103, 0.0000, 74, 68, 58
L -1126.7104, 922.8103, 0.0000, -1118.6961, 922.8103, 0.0000, 74, 68, 58
L -1115.1208, 922.8103, 0.0000, -1101.8428, 922.8103, 0.0000, 74, 68, 58
L -1040.2344, 922.8103, 0.0000, -1018.0829, 922.8103, 0.0000, 98, 90, 76
L -1020.6571, 922.8103, 0.0000, -1007.3081, 922.8103, 0.0000, 98, 90, 76
L -1000.0960, 922.8103, 0.0000, -982.3201, 922.8103, 0.0000, 98, 90, 76
L 460.7924, 922.8103, 0.0000, 473.7175, 922.8103, 0.0000, 98, 90, 76
L 481.4097, 922.8103, 0.0000, 504.1650, 922.8103, 0.0000, 98, 90, 76
L 493.1305, 922.8103, 0.0000, 508.1713, 922.8103, 0.0000, 98, 90, 76
L 508.5961, 922.8103, 0.0000, 526.0699, 922.8103, 0.0000, 98, 90, 76
L 526.3278, 922.8103, 0.0000, 543.3414, 922.8103, 0.0000, 98, 90, 76
L 590.3902, 922.8103, 0.0000, 600.0434, 922.8103, 0.0000, 74, 68, 58
L 608.5948, 922.8103, 0.0000, 621.4450, 922.8103, 0.0000, 74, 68, 58
L 619.4393, 922.8103, 0.0000, 631.7791, 922.8103, 0.0000, 74, 68, 58
L 630.6555, 922.8103, 0.0000, 631.7791, 922.8103, 0.0000, 74, 68, 58
L -1173.5603, 934.9495, 0.0000, -1147.9327, 934.9495, 0.0000, 74, 68, 58
L -1160.3049, 934.9495, 0.0000, -1149.1203, 934.9495, 0.0000, 74, 68, 58
L -1140.4483, 934.9495, 0.0000, -1125.1271, 934.9495, 0.0000, 74, 68, 58
L -1122.8304, 934.9495, 0.0000, -1111.5948, 934.9495, 0.0000, 74, 68, 58
L -1103.4243, 934.9495, 0.0000, -1090.2047, 934.9495, 0.0000, 74, 68, 58
L -1036.1184, 934.9495, 0.0000, -1012.4745, 934.9495, 0.0000, 98, 90, 76
L -1017.0194, 934.9495, 0.0000, -993.4669, 934.9495, 0.0000, 98, 90, 76
L -1003.8607, 934.9495, 0.0000, -987.4561, 934.9495, 0.0000, 98, 90, 76
L -989.4669, 934.9495, 0.0000, -965.2520, 934.9495, 0.0000, 98, 90, 76
L -972.2193, 934.9495, 0.0000, -952.0457, 934.9495, 0.0000, 98, 90, 76
L -961.5147, 934.9495, 0.0000, -952.7798, 934.9495, 0.0000, 98, 90, 76
L -941.8529, 934.9495, 0.0000, -917.3830, 934.9495, 0.0000, 98, 90, 76
L -923.5929, 934.9495, 0.0000, -905.2447, 934.9495, 0.0000, 98, 90, 76
L -903.1461, 934.9495, 0.0000, -894.1904, 934.9495, 0.0000, 98, 90, 76
L -849.2816, 934.9495, 0.0000, -826.0576, 934.9495, 0.0000, 98, 90, 76
L -838.0775, 934.9495, 0.0000, -817.6897, 934.9495, 0.0000, 98, 90, 76
L -778.8202, 934.9495, 0.0000, -765.4636, 934.9495, 0.0000, 98, 90, 76
L -759.8581, 934.9495, 0.0000, -737.9451, 934.9495, 0.0000, 98, 90, 76
L -739.3331, 934.9495, 0.0000, -719.2747, 934.9495, 0.0000, 98, 90, 76
L -718.4196, 934.9495, 0.0000, -699.2027, 934.9495, 0.0000, 98, 90, 76
L -707.7187, 934.9495, 0.0000, -681.4619, 934.9495, 0.0000, 98, 90, 76
L -692.7438, 934.9495, 0.0000, -675.1465, 934.9495, 0.0000, 98, 90, 76
L -640.9436, 934.9495, 0.0000, -627.9701, 934.9495, 0.0000, 98, 90, 76
L -624.1579, 934.9495, 0.0000, -610.7598, 934.9495, 0.0000, 98, 90, 76
L -611.5586, 934.9495, 0.0000, -588.0951, 934.9495, 0.0000, 98, 90, 76
L -590.7061, 934.9495, 0.0000, -573.2389, 934.9495, 0.0000, 98, 90, 76
L -554.3655, 934.9495, 0.0000, -528.5360, 934.9495, 0.0000, 98, 90, 76
L -482.0356, 934.9495, 0.0000, -458.6026, 934.9495, 0.0000, 98, 90, 76
L -455.8979, 934.9495, 0.0000, -443.0195, 934.9495, 0.0000, 98, 90, 76
L -441.1757, 934.9495, 0.0000, -420.9707, 934.9495, 0.0000, 98, 90, 76
L -424.3529, 934.9495, 0.0000, -407.6313, 934.9495, 0.0000, 98, 90, 76
L -412.3138, 934.9495, 0.0000, -394.2006, 934.9495, 0.0000, 98, 90, 76
L -382.4230, 934.9495, 0.0000, -366.5421, 934.9495, 0.0000, 98, 90, 76
L -364.7637, 934.9495, 0.0000, -343.7117, 934.9495, 0.0000, 98, 90, 76
L -325.9422, 934.9495, 0.0000, -315.4759, 934.9495, 0.0000, 98, 90, 76
L -282.2470, 934.9495, 0.0000, -260.9524, 934.9495, 0.0000, 98, 90, 76
L -265.2019, 934.9495, 0.0000, -242.2139, 934.9495, 0.0000, 98, 90, 76
L -220.2132, 934.9495, 0.0000, -195.7414, 934.9495, 0.0000, 98, 90, 76
L -199.5864, 934.9495, 0.0000, -185.2398, 934.9495, 0.0000, 98, 90, 76
L -179.6768, 934.9495, 0.0000, -157.8112, 934.9495, 0.0000, 98, 90, 76
L -160.5257, 934.9495, 0.0000, -141.6314, 934.9495, 0.0000, 98, 90, 76
L -124.2280, 934.9495, 0.0000, -108.1190, 934.9495, 0.0000, 98, 90, 76
L -106.0396, 934.9495, 0.0000, -87.9596, 934.9495, 0.0000, 98, 90, 76
L -94.4915, 934.9495, 0.0000, -83.2988, 934.9495, 0.0000, 98, 90, 76
L -50.7718, 934.9495, 0.0000, -28.5278, 934.9495, 0.0000, 98, 90, 76
L 24.9954, 934.9495, 0.0000, 35.3329, 934.9495, 0.0000, 98, 90, 76
L 59.8576, 934.9495, 0.0000, 68.4495, 934.9495, 0.0000, 98, 90, 76
L 71.3881, 934.9495, 0.0000, 89.9846, 934.9495, 0.0000, 98, 90, 76
L 131.1140, 934.9495, 0.0000, 152.6579, 934.9495, 0.0000, 98, 90, 76
L 187.6449, 934.9495, 0.0000, 200.4099, 934.9495, 0.0000, 98, 90, 76
L 235.4524, 934.9495, 0.0000, 245.3365, 934.9495, 0.0000, 98, 90, 76
L 266.6944, 934.9495, 0.0000, 275.9202, 934.9495, 0.0000, 98, 90, 76
L 330.2094, 934.9495, 0.0000, 347.0055, 934.9495, 0.0000, 98, 90, 76
L 348.5788, 934.9495, 0.0000, 357.5688, 934.9495, 0.0000, 98, 90, 76
L 360.7751, 934.9495, 0.0000, 372.4065, 934.9495, 0.0000, 98, 90, 76
L 374.6921, 934.9495, 0.0000, 392.3212, 934.9495, 0.0000, 98, 90, 76
L 428.0592, 934.9495, 0.0000, 444.3104, 934.9495, 0.0000, 98, 90, 76
L 449.1677, 934.9495, 0.0000, 467.0521, 934.9495, 0.0000, 98, 90, 76
L 465.7013, 934.9495, 0.0000, 488.3365, 934.9495, 0.0000, 98, 90, 76
L 485.3588, 934.9495, 0.0000, 505.5461, 934.9495, 0.0000, 98, 90, 76
L 504.5153, 934.9495, 0.0000, 513.5907, 934.9495, 0.0000, 98, 90, 76
L 517.0242, 934.9495, 0.0000, 531.1743, 934.9495, 0.0000, 98, 90, 76
L 531.6468, 934.9495, 0.0000, 553.9657, 934.9495, 0.0000, 98, 90, 76
L 548.7758, 934.9495, 0.0000, 562.2651, 934.9495, 0.0000, 74, 68, 58
L 578.1064, 934.9495, 0.0000, 598.7004, 934.9495, 0.0000, 74, 68, 58
L 593.6203, 934.9495, 0.0000, 613.5593, 934.9495, 0.0000, 74, 68, 58
L 613.5507, 934.9495, 0.0000, 631.7791, 934.9495, 0.0000, 74, 68, 58
L -1173.5603, 947.0886, 0.0000, -1159.9188, 947.0886, 0.0000, 74, 68, 58
L -1158.9024, 947.0886, 0.0000, -1139.5250, 947.0886, 0.0000, 74, 68, 58
L -1143.4212, 947.0886, 0.0000, -1131.5316, 947.0886, 0.0000, 74, 68, 58
L -1059.2540, 947.0886, 0.0000, -1040.8640, 947.0886, 0.0000, 98, 90, 76
L -1043.8202, 947.0886, 0.0000, -1026.5764, 947.0886, 0.0000, 98, 90, 76
L -1023.8470, 947.0886, 0.0000, -997.6957, 947.0886, 0.0000, 98, 90, 76
L -1006.7662, 947.0886, 0.0000, -986.9071, 947.0886, 0.0000, 98, 90, 76
L -995.3926, 947.0886, 0.0000, -985.7796, 947.0886, 0.0000, 98, 90, 76
L -982.1389, 947.0886, 0.0000, -972.9270, 947.0886, 0.0000, 98, 90, 76
L -971.4574, 947.0886, 0.0000, -954.7355, 947.0886, 0.0000, 98, 90, 76
L -904.2191, 947.0886, 0.0000, -890.6359, 947.0886, 0.0000, 98, 90, 76
L -851.1398, 947.0886, 0.0000, -836.3935, 947.0886, 0.0000, 98, 90, 76
L -835.5040, 947.0886, 0.0000, -819.9671, 947.0886, 0.0000, 98, 90, 76
L -774.9920, 947.0886, 0.0000, -749.9080, 947.0886, 0.0000, 98, 90, 76
L -759.6494, 947.0886, 0.0000, -736.0592, 947.0886, 0.0000, 98, 90, 76
L -740.8552, 947.0886, 0.0000, -727.5286, 947.0886, 0.0000, 98, 90, 76
L -722.6097, 947.0886, 0.0000, -707.4133, 947.0886, 0.0000, 98, 90, 76
L -709.5959, 947.0886, 0.0000, -690.7808, 947.0886, 0.0000, 98, 90, 76
L -681.4996, 947.0886, 0.0000, -663.3763, 947.0886, 0.0000, 98, 90, 76
L -656.9433, 947.0886, 0.0000, -646.6783, 947.0886, 0.0000, 98, 90, 76
L -638.6402, 947.0886, 0.0000, -625.5139, 947.0886, 0.0000, 98, 90, 76
L -622.6709, 947.0886, 0.0000, -612.9930, 947.0886, 0.0000, 98, 90, 76
L -602.5300, 947.0886, 0.0000, -576.5082, 947.0886, 0.0000, 98, 90, 76
L -586.7296, 947.0886, 0.0000, -571.2569, 947.0886, 0.0000, 98, 90, 76
L -531.7789, 947.0886, 0.0000, -508.7505, 947.0886, 0.0000, 98, 90, 76
L -476.1015, 947.0886, 0.0000, -451.9128, 947.0886, 0.0000, 98, 90, 76
L -455.0821, 947.0886, 0.0000, -432.7001, 947.0886, 0.0000, 98, 90, 76
L -436.0344, 947.0886, 0.0000, -411.9727, 947.0886, 0.0000, 98, 90, 76
L -418.9911, 947.0886, 0.0000, -400.4039, 947.0886, 0.0000, 98, 90, 76
L -406.7893, 947.0886, 0.0000, -393.1010, 947.0886, 0.0000, 98, 90, 76
L -387.4478, 947.0886, 0.0000, -377.9517, 947.0886, 0.0000, 98, 90, 76
L -375.4880, 947.0886, 0.0000, -357.4935, 947.0886, 0.0000, 98, 90, 76
L -301.0508, 947.0886, 0.0000, -275.3742, 947.0886, 0.0000, 98, 90, 76
L -280.8697, 947.0886, 0.0000, -261.5296, 947.0886, 0.0000, 98, 90, 76
L -269.4992, 947.0886, 0.0000, -261.5721, 947.0886, 0.0000, 98, 90, 76
L -229.2329, 947.0886, 0.0000, -217.4865, 947.0886, 0.0000, 98, 90, 76
L -215.6278, 947.0886, 0.0000, -190.6063, 947.0886, 0.0000, 98, 90, 76
L -204.5645, 947.0886, 0.0000, -191.2209, 947.0886, 0.0000, 98, 90, 76
L -184.8721, 947.0886, 0.0000, -168.6900, 947.0886, 0.0000, 98, 90, 76
L -168.8022, 947.0886, 0.0000, -144.5765, 947.0886, 0.0000, 98, 90, 76
L -154.8597, 947.0886, 0.0000, -137.9637, 947.0886, 0.0000, 98, 90, 76
L -142.3851, 947.0886, 0.0000, -129.1191, 947.0886, 0.0000, 98, 90, 76
L -104.5382, 947.0886, 0.0000, -90.4531, 947.0886, 0.0000, 98, 90, 76
L -87.7725, 947.0886, 0.0000, -64.2742, 947.0886, 0.0000, 98, 90, 76
L -52.5122, 947.0886, 0.0000, -32.6181, 947.0886, 0.0000, 98, 90, 76
L -38.3775, 947.0886, 0.0000, -26.1545, 947.0886, 0.0000, 98, 90, 76
L 58.4918, 947.0886, 0.0000, 72.3118, 947.0886, 0.0000, 98, 90, 76
L 79.3057, 947.0886, 0.0000, 94.3657, 947.0886, 0.0000, 98, 90, 76
L 105.4762, 947.0886, 0.0000, 114.1067, 947.0886, 0.0000, 98, 90, 76
L 176.7638, 947.0886, 0.0000, 186.6046, 947.0886, 0.0000, 98, 90, 76
L 245.2198, 947.0886, 0.0000, 259.5361, 947.0886, 0.0000, 98, 90, 76
L 336.5134, 947.0886, 0.0000, 352.5739, 947.0886, 0.0000, 98, 90, 76
L 352.9423, 947.0886, 0.0000, 363.1389, 947.0886, 0.0000, 98, 90, 76
L 365.3476, 947.0886, 0.0000, 381.3431, 947.0886, 0.0000, 98, 90, 76
L 467.8557, 947.0886, 0.0000, 475.7953, 947.0886, 0.0000, 98, 90, 76
L 528.7834, 947.0886, 0.0000, 547.8732, 947.0886, 0.0000, 98, 90, 76
L 544.6056, 947.0886, 0.0000, 564.7611, 947.0886, 0.0000, 74, 68, 58
L 565.5435, 947.0886, 0.0000, 583.2428, 947.0886, 0.0000, 74, 68, 58
L 580.3955, 947.0886, 0.0000, 598.3501, 947.0886, 0.0000, 74, 68, 58
L 591.5834, 947.0886, 0.0000, 609.3246, 947.0886, 0.0000, 74, 68, 58
L 608.3114, 947.0886, 0.0000, 625.2804, 947.0886, 0.0000, 74, 68, 58
L 628.0719, 947.0886, 0.0000, 631.7791, 947.0886, 0.0000, 74, 68, 58
L -1173.5603, 959.2277, 0.0000, -1149.8755, 959.2277, 0.0000, 74, 68, 58
L -1156.3369, 959.2277, 0.0000, -1131.5204, 959.2277, 0.0000, 74, 68, 58
L -1144.3614, 959.2277, 0.0000, -1124.4493, 959.2277, 0.0000, 74, 68, 58
L -1111.0468, 959.2277, 0.0000, -1097.4775, 959.2277, 0.0000, 74, 68, 58
L -1059.9617, 959.2277, 0.0000, -1043.6328, 959.2277, 0.0000, 98, 90, 76
L -1040.8230, 959.2277, 0.0000, -1017.8616, 959.2277, 0.0000, 98, 90, 76
L -1024.3230, 959.2277, 0.0000, -1005.2327, 959.2277, 0.0000, 98, 90, 76
L -1006.3527, 959.2277, 0.0000, -990.4813, 959.2277, 0.0000, 98, 90, 76
L -991.9712, 959.2277, 0.0000, -977.2505, 959.2277, 0.0000, 98, 90, 76
L -978.8259, 959.2277, 0.0000, -969.2990, 959.2277, 0.0000, 98, 90, 76
L -967.0770, 959.2277, 0.0000, -951.4938, 959.2277, 0.0000, 98, 90, 76
L -936.5254, 959.2277, 0.0000, -913.7226, 959.2277, 0.0000, 98, 90, 76
L -827.9670, 959.2277, 0.0000, -816.0558, 959.2277, 0.0000, 98, 90, 76
L -773.2986, 959.2277, 0.0000, -751.0830, 959.2277, 0.0000, 98, 90, 76
L -754.9242, 959.2277, 0.0000, -736.0469, 959.2277, 0.0000, 98, 90, 76
L -734.6114, 959.2277, 0.0000, -708.8391, 959.2277, 0.0000, 98, 90, 76
L -715.4303, 959.2277, 0.0000, -693.6502, 959.2277, 0.0000, 98, 90, 76
L -673.1640, 959.2277, 0.0000, -660.9670, 959.2277, 0.0000, 98, 90, 76
L -654.8408, 959.2277, 0.0000, -644.6859, 959.2277, 0.0000, 98, 90, 76
L -639.4106, 959.2277, 0.0000, -619.6519, 959.2277, 0.0000, 98, 90, 76
L -621.9836, 959.2277, 0.0000, -597.3177, 959.2277, 0.0000, 98, 90, 76
L -603.2081, 959.2277, 0.0000, -586.1967, 959.2277, 0.0000, 98, 90, 76
L -585.0413, 959.2277, 0.0000, -562.2529, 959.2277, 0.0000, 98, 90, 76
L -570.3524, 959.2277, 0.0000, -550.4393, 959.2277, 0.0000, 98, 90, 76
L -550.5163, 959.2277, 0.0000, -535.1238, 959.2277, 0.0000, 98, 90, 76
L -539.4895, 959.2277, 0.0000, -525.3433, 959.2277, 0.0000, 98, 90, 76
L -471.0091, 959.2277, 0.0000, -458.7045, 959.2277, 0.0000, 98, 90, 76
L -453.3050, 959.2277, 0.0000, -427.4711, 959.2277, 0.0000, 98, 90, 76
L -441.9645, 959.2277, 0.0000, -431.4818, 959.2277, 0.0000, 98, 90, 76
L -426.6828, 959.2277, 0.0000, -410.5768, 959.2277, 0.0000, 98, 90, 76
L -415.0955, 959.2277, 0.0000, -395.6199, 959.2277, 0.0000, 98, 90, 76
L -402.1799, 959.2277, 0.0000, -381.5764, 959.2277, 0.0000, 98, 90, 76
L -391.4860, 959.2277, 0.0000, -370.9443, 959.2277, 0.0000, 98, 90, 76
L -372.8372, 959.2277, 0.0000, -350.7641, 959.2277, 0.0000, 98, 90, 76
L -351.7527, 959.2277, 0.0000, -327.3654, 959.2277, 0.0000, 98, 90, 76
L -324.3551, 959.2277, 0.0000, -309.4290, 959.2277, 0.0000, 98, 90, 76
L -292.5092, 959.2277, 0.0000, -266.4479, 959.2277, 0.0000, 98, 90, 76
L -276.5401, 959.2277, 0.0000, -252.7313, 959.2277, 0.0000, 98, 90, 76
L -256.5461, 959.2277, 0.0000, -241.3519, 959.2277, 0.0000, 98, 90, 76
L -236.0152, 959.2277, 0.0000, -228.0803, 959.2277, 0.0000, 98, 90, 76
L -221.7478, 959.2277, 0.0000, -195.4299, 959.2277, 0.0000, 98, 90, 76
L -200.8770, 959.2277, 0.0000, -192.5584, 959.2277, 0.0000, 98, 90, 76
L -179.9371, 959.2277, 0.0000, -159.2724, 959.2277, 0.0000, 98, 90, 76
L -165.4988, 959.2277, 0.0000, -144.3378, 959.2277, 0.0000, 98, 90, 76
L -145.9658, 959.2277, 0.0000, -128.7230, 959.2277, 0.0000, 98, 90, 76
L -111.4381, 959.2277, 0.0000, -97.4804, 959.2277, 0.0000, 98, 90, 76
L -98.9835, 959.2277, 0.0000, -84.8442, 959.2277, 0.0000, 98, 90, 76
L -85.9758, 959.2277, 0.0000, -65.3739, 959.2277, 0.0000, 98, 90, 76
L -65.3527, 959.2277, 0.0000, -49.7805, 959.2277, 0.0000, 98, 90, 76
L -46.7255, 959.2277, 0.0000, -36.5417, 959.2277, 0.0000, 98, 90, 76
L 65.4274, 959.2277, 0.0000, 90.8836, 959.2277, 0.0000, 98, 90, 76
L 76.4823, 959.2277, 0.0000, 96.4177, 959.2277, 0.0000, 98, 90, 76
L 168.5187, 959.2277, 0.0000, 184.3837, 959.2277, 0.0000, 98, 90, 76
L 181.0132, 959.2277, 0.0000, 204.9009, 959.2277, 0.0000, 98, 90, 76
L 240.0941, 959.2277, 0.0000, 251.8952, 959.2277, 0.0000, 98, 90, 76
L 307.9179, 959.2277, 0.0000, 330.0953, 959.2277, 0.0000, 98, 90, 76
L 357.3191, 959.2277, 0.0000, 379.7873, 959.2277, 0.0000, 98, 90, 76
L 404.1217, 959.2277, 0.0000, 412.4785, 959.2277, 0.0000, 98, 90, 76
L 439.6874, 959.2277, 0.0000, 450.0735, 959.2277, 0.0000, 98, 90, 76
L 495.5086, 959.2277, 0.0000, 519.4054, 959.2277, 0.0000, 98, 90, 76
L 506.1071, 959.2277, 0.0000, 524.5373, 959.2277, 0.0000, 98, 90, 76
L 533.4012, 959.2277, 0.0000, 544.9659, 959.2277, 0.0000, 98, 90, 76
L 547.7546, 959.2277, 0.0000, 570.1012, 959.2277, 0.0000, 74, 68, 58
L 560.3789, 959.2277, 0.0000, 578.9142, 959.2277, 0.0000, 74, 68, 58
L 594.1005, 959.2277, 0.0000, 610.7288, 959.2277, 0.0000, 74, 68, 58
L 611.0286, 959.2277, 0.0000, 631.7791, 959.2277, 0.0000, 74, 68, 58
L 626.8290, 959.2277, 0.0000, 631.7791, 959.2277, 0.0000, 74, 68, 58
L -1173.5603, 971.3668, 0.0000, -1147.3721, 971.3668, 0.0000, 74, 68, 58
L -1153.4133, 971.3668, 0.0000, -1136.3684, 971.3668, 0.0000, 74, 68, 58
L -1100.5601, 971.3668, 0.0000, -1084.9929, 971.3668, 0.0000, 74, 68, 58
L -1070.9042, 971.3668, 0.0000, -1055.4265, 971.3668, 0.0000, 98, 90, 76
L -1059.5267, 971.3668, 0.0000, -1042.2651, 971.3668, 0.0000, 98, 90, 76
L -1040.0558, 971.3668, 0.0000, -1032.0806, 971.3668, 0.0000, 98, 90, 76
L -1021.7010, 971.3668, 0.0000, -1010.3186, 971.3668, 0.0000, 98, 90, 76
L -1002.6678, 971.3668, 0.0000, -977.4420, 971.3668, 0.0000, 98, 90, 76
L -988.7890, 971.3668, 0.0000, -976.0794, 971.3668, 0.0000, 98, 90, 76
L -977.9117, 971.3668, 0.0000, -956.7506, 971.3668, 0.0000, 98, 90, 76
L -941.0664, 971.3668, 0.0000, -921.3485, 971.3668, 0.0000, 98, 90, 76
L -922.3176, 971.3668, 0.0000, -910.3897, 971.3668, 0.0000, 98, 90, 76
L -764.2182, 971.3668, 0.0000, -755.8317, 971.3668, 0.0000, 98, 90, 76
L -751.3977, 971.3668, 0.0000, -731.2977, 971.3668, 0.0000, 98, 90, 76
L -730.3815, 971.3668, 0.0000, -707.6180, 971.3668, 0.0000, 98, 90, 76
L -662.3737, 971.3668, 0.0000, -640.7995, 971.3668, 0.0000, 98, 90, 76
L -637.4508, 971.3668, 0.0000, -615.1678, 971.3668, 0.0000, 98, 90, 76
L -618.1708, 971.3668, 0.0000, -597.0213, 971.3668, 0.0000, 98, 90, 76
L -599.5407, 971.3668, 0.0000, -591.0627, 971.3668, 0.0000, 98, 90, 76
L -584.2955, 971.3668, 0.0000, -568.1551, 971.3668, 0.0000, 98, 90, 76
L -565.3320, 971.3668, 0.0000, -542.3963, 971.3668, 0.0000, 98, 90, 76
L -550.0517, 971.3668, 0.0000, -541.2248, 971.3668, 0.0000, 98, 90, 76
L -467.4184, 971.3668, 0.0000, -450.7428, 971.3668, 0.0000, 98, 90, 76
L -452.6818, 971.3668, 0.0000, -429.4200, 971.3668, 0.0000, 98, 90, 76
L -441.9453, 971.3668, 0.0000, -433.4068, 971.3668, 0.0000, 98, 90, 76
L -422.2629, 971.3668, 0.0000, -401.8630, 971.3668, 0.0000, 98, 90, 76
L -405.2643, 971.3668, 0.0000, -379.5081, 971.3668, 0.0000, 98, 90, 76
L -392.3027, 971.3668, 0.0000, -369.7800, 971.3668, 0.0000, 98, 90, 76
L -379.5337, 971.3668, 0.0000, -358.0326, 971.3668, 0.0000, 98, 90, 76
L -359.8239, 971.3668, 0.0000, -351.0964, 971.3668, 0.0000, 98, 90, 76
L -330.9710, 971.3668, 0.0000, -319.1818, 971.3668, 0.0000, 98, 90, 76
L -319.9141, 971.3668, 0.0000, -306.9621, 971.3668, 0.0000, 98, 90, 76
L -290.2647, 971.3668, 0.0000, -268.1287, 971.3668, 0.0000, 98, 90, 76
L -271.1027, 971.3668, 0.0000, -257.1297, 971.3668, 0.0000, 98, 90, 76
L -253.4957, 971.3668, 0.0000, -244.3835, 971.3668, 0.0000, 98, 90, 76
L -238.3668, 971.3668, 0.0000, -227.5290, 971.3668, 0.0000, 98, 90, 76
L -226.0428, 971.3668, 0.0000, -204.7831, 971.3668, 0.0000, 98, 90, 76
L -209.3405, 971.3668, 0.0000, -197.5118, 971.3668, 0.0000, 98, 90, 76
L -195.2162, 971.3668, 0.0000, -181.3931, 971.3668, 0.0000, 98, 90, 76
L -175.5137, 971.3668, 0.0000, -158.5839, 971.3668, 0.0000, 98, 90, 76
L -161.6788, 971.3668, 0.0000, -148.2042, 971.3668, 0.0000, 98, 90, 76
L -104.2153, 971.3668, 0.0000, -96.1539, 971.3668, 0.0000, 98, 90, 76
L -84.0059, 971.3668, 0.0000, -71.1527, 971.3668, 0.0000, 98, 90, 76
L -65.6367, 971.3668, 0.0000, -56.4487, 971.3668, 0.0000, 98, 90, 76
L -53.8943, 971.3668, 0.0000, -39.6099, 971.3668, 0.0000, 98, 90, 76
L -4.0587, 971.3668, 0.0000, 8.1756, 971.3668, 0.0000, 98, 90, 76
L 65.4280, 971.3668, 0.0000, 73.8140, 971.3668, 0.0000, 98, 90, 76
L 78.9631, 971.3668, 0.0000, 95.4599, 971.3668, 0.0000, 98, 90, 76
L 168.1163, 971.3668, 0.0000, 181.4918, 971.3668, 0.0000, 98, 90, 76
L 285.2401, 971.3668, 0.0000, 298.1130, 971.3668, 0.0000, 98, 90, 76
L 302.6981, 971.3668, 0.0000, 312.1172, 971.3668, 0.0000, 98, 90, 76
L 418.7800, 971.3668, 0.0000, 433.5293, 971.3668, 0.0000, 98, 90, 76
L 432.8317, 971.3668, 0.0000, 452.9650, 971.3668, 0.0000, 98, 90, 76
L 445.6418, 971.3668, 0.0000, 455.1180, 971.3668, 0.0000, 98, 90, 76
L 540.0754, 971.3668, 0.0000, 554.1044, 971.3668, 0.0000, 74, 68, 58
L 559.0810, 971.3668, 0.0000, 585.2545, 971.3668, 0.0000, 74, 68, 58
L 607.2054, 971.3668, 0.0000, 616.7189, 971.3668, 0.0000, 74, 68, 58
L 622.9352, 971.3668, 0.0000, 631.7791, 971.3668, 0.0000, 74, 68, 58
L -1173.5603, 983.5059, 0.0000, -1156.8379, 983.5059, 0.0000, 74, 68, 58
L -1157.2784, 983.5059, 0.0000, -1149.3023, 983.5059, 0.0000, 74, 68, 58
L -1136.2947, 983.5059, 0.0000, -1119.4656, 983.5059, 0.0000, 74, 68, 58
L -1077.9253, 983.5059, 0.0000, -1064.1835, 983.5059, 0.0000, 98, 90, 76
L -1065.1471, 983.5059, 0.0000, -1053.0066, 983.5059, 0.0000, 98, 90, 76
L -1046.2573, 983.5059, 0.0000, -1037.0610, 983.5059, 0.0000, 98, 90, 76
L -1030.3932, 983.5059, 0.0000, -1016.3709, 983.5059, 0.0000, 98, 90, 76
L -1019.6516, 983.5059, 0.0000, -1004.8293, 983.5059, 0.0000, 98, 90, 76
L -1006.8325, 983.5059, 0.0000, -988.0230, 983.5059, 0.0000, 98, 90, 76
L -989.3816, 983.5059, 0.0000, -965.0721, 983.5059, 0.0000, 98, 90, 76
L -976.3040, 983.5059, 0.0000, -961.2123, 983.5059, 0.0000, 98, 90, 76
L -958.2665, 983.5059, 0.0000, -938.5900, 983.5059, 0.0000, 98, 90, 76
L -891.2571, 983.5059, 0.0000, -864.9944, 983.5059, 0.0000, 98, 90, 76
L -849.2950, 983.5059, 0.0000, -831.0520, 983.5059, 0.0000, 98, 90, 76
L -766.0063, 983.5059, 0.0000, -750.1606, 983.5059, 0.0000, 98, 90, 76
L -752.4157, 983.5059, 0.0000, -728.8235, 983.5059, 0.0000, 98, 90, 76
L -734.9576, 983.5059, 0.0000, -722.6347, 983.5059, 0.0000, 98, 90, 76
L -617.1425, 983.5059, 0.0000, -602.1084, 983.5059, 0.0000, 98, 90, 76
L -596.3001, 983.5059, 0.0000, -574.1194, 983.5059, 0.0000, 98, 90, 76
L -575.5314, 983.5059, 0.0000, -551.4218, 983.5059, 0.0000, 98, 90, 76
L -564.0043, 983.5059, 0.0000, -549.3405, 983.5059, 0.0000, 98, 90, 76
L -549.4016, 983.5059, 0.0000, -526.9038, 983.5059, 0.0000, 98, 90, 76
L -530.2834, 983.5059, 0.0000, -514.5429, 983.5059, 0.0000, 98, 90, 76
L -481.3611, 983.5059, 0.0000, -456.0627, 983.5059, 0.0000, 98, 90, 76
L -461.2552, 983.5059, 0.0000, -445.1012, 983.5059, 0.0000, 98, 90, 76
L -443.9674, 983.5059, 0.0000, -421.7185, 983.5059, 0.0000, 98, 90, 76
L -430.6313, 983.5059, 0.0000, -418.6176, 983.5059, 0.0000, 98, 90, 76
L -410.2730, 983.5059, 0.0000, -400.4736, 983.5059, 0.0000, 98, 90, 76
L -394.0547, 983.5059, 0.0000, -384.0996, 983.5059, 0.0000, 98, 90, 76
L -378.9663, 983.5059, 0.0000, -363.2116, 983.5059, 0.0000, 98, 90, 76
L -367.9325, 983.5059, 0.0000, -357.7600, 983.5059, 0.0000, 98, 90, 76
L -349.8742, 983.5059, 0.0000, -326.2762, 983.5059, 0.0000, 98, 90, 76
L -297.3503, 983.5059, 0.0000, -276.9199, 983.5059, 0.0000, 98, 90, 76
L -264.6893, 983.5059, 0.0000, -246.6586, 983.5059, 0.0000, 98, 90, 76
L -253.4969, 983.5059, 0.0000, -235.3324, 983.5059, 0.0000, 98, 90, 76
L -240.8565, 983.5059, 0.0000, -226.4587, 983.5059, 0.0000, 98, 90, 76
L -186.2663, 983.5059, 0.0000, -170.3240, 983.5059, 0.0000, 98, 90, 76
L -172.3378, 983.5059, 0.0000, -155.0339, 983.5059, 0.0000, 98, 90, 76
L -158.1489, 983.5059, 0.0000, -138.7761, 983.5059, 0.0000, 98, 90, 76
L -98.7189, 983.5059, 0.0000, -78.6898, 983.5059, 0.0000, 98, 90, 76
L -87.8632, 983.5059, 0.0000, -75.7802, 983.5059, 0.0000, 98, 90, 76
L -69.4756, 983.5059, 0.0000, -43.0925, 983.5059, 0.0000, 98, 90, 76
L -51.6283, 983.5059, 0.0000, -26.9657, 983.5059, 0.0000, 98, 90, 76
L -19.3240, 983.5059, 0.0000, -4.6952, 983.5059, 0.0000, 98, 90, 76
L -2.6202, 983.5059, 0.0000, 19.1245, 983.5059, 0.0000, 98, 90, 76
L 93.6963, 983.5059, 0.0000, 105.5608, 983.5059, 0.0000, 98, 90, 76
L 183.7784, 983.5059, 0.0000, 205.8636, 983.5059, 0.0000, 98, 90, 76
L 202.8571, 983.5059, 0.0000, 212.2537, 983.5059, 0.0000, 98, 90, 76
L 222.9872, 983.5059, 0.0000, 234.9273, 983.5059, 0.0000, 98, 90, 76
L 303.3464, 983.5059, 0.0000, 321.7945, 983.5059, 0.0000, 98, 90, 76
L 383.4890, 983.5059, 0.0000, 399.7961, 983.5059, 0.0000, 98, 90, 76
L 402.0290, 983.5059, 0.0000, 414.1116, 983.5059, 0.0000, 98, 90, 76
L 440.8978, 983.5059, 0.0000, 464.7613, 983.5059, 0.0000, 98, 90, 76
L 472.6444, 983.5059, 0.0000, 497.3982, 983.5059, 0.0000, 98, 90, 76
L 521.1604, 983.5059, 0.0000, 546.5614, 983.5059, 0.0000, 98, 90, 76
L 533.3044, 983.5059, 0.0000, 555.4507, 983.5059, 0.0000, 98, 90, 76
L 543.9089, 983.5059, 0.0000, 558.0018, 983.5059, 0.0000, 74, 68, 58
L 557.1788, 983.5059, 0.0000, 581.6353, 983.5059, 0.0000, 74, 68, 58
L 620.9005, 983.5059, 0.0000, 631.7791, 983.5059, 0.0000, 74, 68, 58
L -1173.5603, 995.6450, 0.0000, -1150.1579, 995.6450, 0.0000, 74, 68, 58
L -1158.9626, 995.6450, 0.0000, -1150.8105, 995.6450, 0.0000, 74, 68, 58
L -1147.7074, 995.6450, 0.0000, -1135.5305, 995.6450, 0.0000, 74, 68, 58
L -1134.1870, 995.6450, 0.0000, -1117.2254, 995.6450, 0.0000, 74, 68, 58
L -1062.2363, 995.6450, 0.0000, -1048.6408, 995.6450, 0.0000, 98, 90, 76
L -1051.0059, 995.6450, 0.0000, -1040.3412, 995.6450, 0.0000, 98, 90, 76
L -1037.8166, 995.6450, 0.0000, -1028.4263, 995.6450, 0.0000, 98, 90, 76
L -1023.9605, 995.6450, 0.0000, -1008.4867, 995.6450, 0.0000, 98, 90, 76
L -1005.7578, 995.6450, 0.0000, -993.2149, 995.6450, 0.0000, 98, 90, 76
L -989.9694, 995.6450, 0.0000, -972.3233, 995.6450, 0.0000, 98, 90, 76
L -973.2367, 995.6450, 0.0000, -952.1881, 995.6450, 0.0000, 98, 90, 76
L -962.0402, 995.6450, 0.0000, -937.6673, 995.6450, 0.0000, 98, 90, 76
L -946.3943, 995.6450, 0.0000, -937.1809, 995.6450, 0.0000, 98, 90, 76
L -905.4177, 995.6450, 0.0000, -883.1956, 995.6450, 0.0000, 98, 90, 76
L -886.7098, 995.6450, 0.0000, -864.0159, 995.6450, 0.0000, 98, 90, 76
L -756.3548, 995.6450, 0.0000, -735.8654, 995.6450, 0.0000, 98, 90, 76
L -742.4101, 995.6450, 0.0000, -717.4349, 995.6450, 0.0000, 98, 90, 76
L -723.4473, 995.6450, 0.0000, -706.9837, 995.6450, 0.0000, 98, 90, 76
L -643.2931, 995.6450, 0.0000, -634.2990, 995.6450, 0.0000, 98, 90, 76
L -611.3308, 995.6450, 0.0000, -595.1563, 995.6450, 0.0000, 98, 90, 76
L -591.7226, 995.6450, 0.0000, -581.4087, 995.6450, 0.0000, 98, 90, 76
L -579.8688, 995.6450, 0.0000, -558.3301, 995.6450, 0.0000, 98, 90, 76
L -561.9882, 995.6450, 0.0000, -550.7528, 995.6450, 0.0000, 98, 90, 76
L -546.3055, 995.6450, 0.0000, -526.4802, 995.6450, 0.0000, 98, 90, 76
L -529.9178, 995.6450, 0.0000, -506.9431, 995.6450, 0.0000, 98, 90, 76
L -514.5748, 995.6450, 0.0000, -501.4942, 995.6450, 0.0000, 98, 90, 76
L -496.7307, 995.6450, 0.0000, -488.2415, 995.6450, 0.0000, 98, 90, 76
L -477.1960, 995.6450, 0.0000, -463.3236, 995.6450, 0.0000, 98, 90, 76
L -414.5016, 995.6450, 0.0000, -399.1205, 995.6450, 0.0000, 98, 90, 76
L -400.1863, 995.6450, 0.0000, -380.9922, 995.6450, 0.0000, 98, 90, 76
L -386.2563, 995.6450, 0.0000, -365.3840, 995.6450, 0.0000, 98, 90, 76
L -372.4615, 995.6450, 0.0000, -360.0322, 995.6450, 0.0000, 98, 90, 76
L -359.5813, 995.6450, 0.0000, -333.4767, 995.6450, 0.0000, 98, 90, 76
L -346.4574, 995.6450, 0.0000, -336.8493, 995.6450, 0.0000, 98, 90, 76
L -333.6249, 995.6450, 0.0000, -320.6360, 995.6450, 0.0000, 98, 90, 76
L -307.1621, 995.6450, 0.0000, -285.7896, 995.6450, 0.0000, 98, 90, 76
L -257.5527, 995.6450, 0.0000, -239.4541, 995.6450, 0.0000, 98, 90, 76
L -212.7962, 995.6450, 0.0000, -202.5544, 995.6450, 0.0000, 98, 90, 76
L -202.0213, 995.6450, 0.0000, -193.0952, 995.6450, 0.0000, 98, 90, 76
L -172.3712, 995.6450, 0.0000, -158.2685, 995.6450, 0.0000, 98, 90, 76
L -159.7138, 995.6450, 0.0000, -136.2385, 995.6450, 0.0000, 98, 90, 76
L -89.4936, 995.6450, 0.0000, -63.1791, 995.6450, 0.0000, 98, 90, 76
L -72.6750, 995.6450, 0.0000, -57.0850, 995.6450, 0.0000, 98, 90, 76
L -54.3237, 995.6450, 0.0000, -39.3240, 995.6450, 0.0000, 98, 90, 76
L -36.4707, 995.6450, 0.0000, -24.6623, 995.6450, 0.0000, 98, 90, 76
L 15.6548, 995.6450, 0.0000, 40.2918, 995.6450, 0.0000, 98, 90, 76
L 26.5712, 995.6450, 0.0000, 41.7552, 995.6450, 0.0000, 98, 90, 76
L 47.3275, 995.6450, 0.0000, 65.4659, 995.6450, 0.0000, 98, 90, 76
L 103.3783, 995.6450, 0.0000, 118.8892, 995.6450, 0.0000, 98, 90, 76
L 179.5311, 995.6450, 0.0000, 202.0867, 995.6450, 0.0000, 98, 90, 76
L 194.3561, 995.6450, 0.0000, 206.4750, 995.6450, 0.0000, 98, 90, 76
L 213.9719, 995.6450, 0.0000, 233.9283, 995.6450, 0.0000, 98, 90, 76
L 230.1225, 995.6450, 0.0000, 249.2183, 995.6450, 0.0000, 98, 90, 76
L 250.3667, 995.6450, 0.0000, 268.2725, 995.6450, 0.0000, 98, 90, 76
L 268.8808, 995.6450, 0.0000, 281.4921, 995.6450, 0.0000, 98, 90, 76
L 279.5181, 995.6450, 0.0000, 305.8442, 995.6450, 0.0000, 98, 90, 76
L 297.9438, 995.6450, 0.0000, 313.1754, 995.6450, 0.0000, 98, 90, 76
L 397.9267, 995.6450, 0.0000, 421.1370, 995.6450, 0.0000, 98, 90, 76
L 467.6725, 995.6450, 0.0000, 481.4010, 995.6450, 0.0000, 98, 90, 76
L 484.6335, 995.6450, 0.0000, 510.1439, 995.6450, 0.0000, 98, 90, 76
L 512.9245, 995.6450, 0.0000, 521.7569, 995.6450, 0.0000, 98, 90, 76
L 532.1416, 995.6450, 0.0000, 545.6315, 995.6450, 0.0000, 98, 90, 76
L 552.3954, 995.6450, 0.0000, 575.7557, 995.6450, 0.0000, 74, 68, 58
L 615.3428, 995.6450, 0.0000, 631.7791, 995.6450, 0.0000, 74, 68, 58
L -1173.5603, 1007.7841, 0.0000, -1151.1538, 1007.7841, 0.0000, 74, 68, 58
L -1156.7183, 1007.7841, 0.0000, -1145.0996, 1007.7841, 0.0000, 74, 68, 58
L -1112.2296, 1007.7841, 0.0000, -1089.0130, 1007.7841, 0.0000, 74, 68, 58
L -1095.4594, 1007.7841, 0.0000, -1081.2171, 1007.7841, 0.0000, 74, 68, 58
L -1053.4221, 1007.7841, 0.0000, -1040.9560, 1007.7841, 0.0000, 98, 90, 76
L -1033.8058, 1007.7841, 0.0000, -1008.4846, 1007.7841, 0.0000, 98, 90, 76
L -1014.8572, 1007.7841, 0.0000, -1006.3820, 1007.7841, 0.0000, 98, 90, 76
L -1000.7622, 1007.7841, 0.0000, -986.9685, 1007.7841, 0.0000, 98, 90, 76
L -990.0849, 1007.7841, 0.0000, -973.9810, 1007.7841, 0.0000, 98, 90, 76
L -977.8843, 1007.7841, 0.0000, -967.9212, 1007.7841, 0.0000, 98, 90, 76
L -962.9675, 1007.7841, 0.0000, -952.9625, 1007.7841, 0.0000, 98, 90, 76
L -942.4860, 1007.7841, 0.0000, -927.6041, 1007.7841, 0.0000, 98, 90, 76
L -912.3990, 1007.7841, 0.0000, -891.4005, 1007.7841, 0.0000, 98, 90, 76
L -892.3179, 1007.7841, 0.0000, -881.9734, 1007.7841, 0.0000, 98, 90, 76
L -875.9130, 1007.7841, 0.0000, -862.4169, 1007.7841, 0.0000, 98, 90, 76
L -824.9982, 1007.7841, 0.0000, -799.9623, 1007.7841, 0.0000, 98, 90, 76
L -805.8651, 1007.7841, 0.0000, -789.6573, 1007.7841, 0.0000, 98, 90, 76
L -747.7444, 1007.7841, 0.0000, -735.6700, 1007.7841, 0.0000, 98, 90, 76
L -735.7342, 1007.7841, 0.0000, -725.3598, 1007.7841, 0.0000, 98, 90, 76
L -720.7316, 1007.7841, 0.0000, -695.5007, 1007.7841, 0.0000, 98, 90, 76
L -682.6050, 1007.7841, 0.0000, -666.9183, 1007.7841, 0.0000, 98, 90, 76
L -656.8995, 1007.7841, 0.0000, -632.6431, 1007.7841, 0.0000, 98, 90, 76
L -574.9102, 1007.7841, 0.0000, -549.0622, 1007.7841, 0.0000, 98, 90, 76
L -558.3731, 1007.7841, 0.0000, -550.0300, 1007.7841, 0.0000, 98, 90, 76
L -538.2646, 1007.7841, 0.0000, -527.2168, 1007.7841, 0.0000, 98, 90, 76
L -523.3105, 1007.7841, 0.0000, -498.3498, 1007.7841, 0.0000, 98, 90, 76
L -502.2081, 1007.7841, 0.0000, -489.6425, 1007.7841, 0.0000, 98, 90, 76
L -450.6178, 1007.7841, 0.0000, -428.2966, 1007.7841, 0.0000, 98, 90, 76
L -403.7861, 1007.7841, 0.0000, -378.4080, 1007.7841, 0.0000, 98, 90, 76
L -388.4979, 1007.7841, 0.0000, -378.0833, 1007.7841, 0.0000, 98, 90, 76
L -377.4032, 1007.7841, 0.0000, -358.1303, 1007.7841, 0.0000, 98, 90, 76
L -365.3027, 1007.7841, 0.0000, -352.4404, 1007.7841, 0.0000, 98, 90, 76
L -349.5337, 1007.7841, 0.0000, -330.0352, 1007.7841, 0.0000, 98, 90, 76
L -331.7620, 1007.7841, 0.0000, -317.6673, 1007.7841, 0.0000, 98, 90, 76
L -314.8008, 1007.7841, 0.0000, -292.0048, 1007.7841, 0.0000, 98, 90, 76
L -303.8108, 1007.7841, 0.0000, -285.2731, 1007.7841, 0.0000, 98, 90, 76
L -222.9291, 1007.7841, 0.0000, -207.3998, 1007.7841, 0.0000, 98, 90, 76
L -202.5977, 1007.7841, 0.0000, -188.1923, 1007.7841, 0.0000, 98, 90, 76
L -174.3928, 1007.7841, 0.0000, -150.4509, 1007.7841, 0.0000, 98, 90, 76
L -162.0175, 1007.7841, 0.0000, -146.7407, 1007.7841, 0.0000, 98, 90, 76
L -93.1301, 1007.7841, 0.0000, -79.9448, 1007.7841, 0.0000, 98, 90, 76
L -79.6871, 1007.7841, 0.0000, -53.4445, 1007.7841, 0.0000, 98, 90, 76
L -65.3111, 1007.7841, 0.0000, -55.0488, 1007.7841, 0.0000, 98, 90, 76
L -47.2293, 1007.7841, 0.0000, -28.5635, 1007.7841, 0.0000, 98, 90, 76
L -32.8132, 1007.7841, 0.0000, -20.5462, 1007.7841, 0.0000, 98, 90, 76
L -22.1915, 1007.7841, 0.0000, -5.4364, 1007.7841, 0.0000, 98, 90, 76
L 6.6765, 1007.7841, 0.0000, 17.6615, 1007.7841, 0.0000, 98, 90, 76
L 19.2301, 1007.7841, 0.0000, 31.9666, 1007.7841, 0.0000, 98, 90, 76
L 36.7706, 1007.7841, 0.0000, 52.4133, 1007.7841, 0.0000, 98, 90, 76
L 92.9039, 1007.7841, 0.0000, 103.9895, 1007.7841, 0.0000, 98, 90, 76
L 106.8996, 1007.7841, 0.0000, 116.8910, 1007.7841, 0.0000, 98, 90, 76
L 123.8551, 1007.7841, 0.0000, 143.1165, 1007.7841, 0.0000, 98, 90, 76
L 155.3701, 1007.7841, 0.0000, 178.0339, 1007.7841, 0.0000, 98, 90, 76
L 167.2747, 1007.7841, 0.0000, 191.9304, 1007.7841, 0.0000, 98, 90, 76
L 185.0172, 1007.7841, 0.0000, 203.6727, 1007.7841, 0.0000, 98, 90, 76
L 198.5807, 1007.7841, 0.0000, 209.7017, 1007.7841, 0.0000, 98, 90, 76
L 209.8841, 1007.7841, 0.0000, 222.6751, 1007.7841, 0.0000, 98, 90, 76
L 228.0216, 1007.7841, 0.0000, 245.2963, 1007.7841, 0.0000, 98, 90, 76
L 243.0013, 1007.7841, 0.0000, 268.9357, 1007.7841, 0.0000, 98, 90, 76
L 257.4957, 1007.7841, 0.0000, 273.7857, 1007.7841, 0.0000, 98, 90, 76
L 272.4573, 1007.7841, 0.0000, 295.3893, 1007.7841, 0.0000, 98, 90, 76
L 292.7811, 1007.7841, 0.0000, 313.3104, 1007.7841, 0.0000, 98, 90, 76
L 402.4514, 1007.7841, 0.0000, 412.9468, 1007.7841, 0.0000, 98, 90, 76
L 414.6285, 1007.7841, 0.0000, 425.2891, 1007.7841, 0.0000, 98, 90, 76
L 448.4053, 1007.7841, 0.0000, 457.5286, 1007.7841, 0.0000, 98, 90, 76
L 468.8068, 1007.7841, 0.0000, 482.5173, 1007.7841, 0.0000, 98, 90, 76
L 489.2036, 1007.7841, 0.0000, 508.2526, 1007.7841, 0.0000, 98, 90, 76
L 506.8779, 1007.7841, 0.0000, 517.5444, 1007.7841, 0.0000, 98, 90, 76
L 527.8791, 1007.7841, 0.0000, 535.8555, 1007.7841, 0.0000, 98, 90, 76
L 541.3233, 1007.7841, 0.0000, 561.1449, 1007.7841, 0.0000, 74, 68, 58
L 560.8167, 1007.7841, 0.0000, 579.4493, 1007.7841, 0.0000, 74, 68, 58
L 612.4994, 1007.7841, 0.0000, 631.7791, 1007.7841, 0.0000, 74, 68, 58
L -1173.5603, 1019.9232, 0.0000, -1153.8454, 1019.9232, 0.0000, 74, 68, 58
L -1161.8472, 1019.9232, 0.0000, -1135.7050, 1019.9232, 0.0000, 74, 68, 58
L -1150.6248, 1019.9232, 0.0000, -1128.4040, 1019.9232, 0.0000, 74, 68, 58
L -1110.5045, 1019.9232, 0.0000, -1093.0038, 1019.9232, 0.0000, 74, 68, 58
L -1094.8053, 1019.9232, 0.0000, -1082.4231, 1019.9232, 0.0000, 74, 68, 58
L -1067.6259, 1019.9232, 0.0000, -1052.1466, 1019.9232, 0.0000, 74, 68, 58
L -1047.0397, 1019.9232, 0.0000, -1026.6366, 1019.9232, 0.0000, 74, 68, 58
L -1031.5168, 1019.9232, 0.0000, -1019.2658, 1019.9232, 0.0000, 74, 68, 58
L -1015.3617, 1019.9232, 0.0000, -1005.5792, 1019.9232, 0.0000, 74, 68, 58
L -994.3154, 1019.9232, 0.0000, -969.7010, 1019.9232, 0.0000, 74, 68, 58
L -975.9021, 1019.9232, 0.0000, -962.9006, 1019.9232, 0.0000, 74, 68, 58
L -959.2203, 1019.9232, 0.0000, -932.9327, 1019.9232, 0.0000, 74, 68, 58
L -939.8661, 1019.9232, 0.0000, -928.6106, 1019.9232, 0.0000, 74, 68, 58
L -922.9984, 1019.9232, 0.0000, -897.8699, 1019.9232, 0.0000, 74, 68, 58
L -908.6457, 1019.9232, 0.0000, -894.8989, 1019.9232, 0.0000, 74, 68, 58
L -891.4720, 1019.9232, 0.0000, -876.1810, 1019.9232, 0.0000, 74, 68, 58
L -875.0954, 1019.9232, 0.0000, -849.1627, 1019.9232, 0.0000, 74, 68, 58
L -862.7736, 1019.9232, 0.0000, -849.1194, 1019.9232, 0.0000, 74, 68, 58
L -829.2213, 1019.9232, 0.0000, -817.6737, 1019.9232, 0.0000, 74, 68, 58
L -811.3617, 1019.9232, 0.0000, -787.2920, 1019.9232, 0.0000, 74, 68, 58
L -741.6221, 1019.9232, 0.0000, -732.2440, 1019.9232, 0.0000, 74, 68, 58
L -728.0166, 1019.9232, 0.0000, -703.2729, 1019.9232, 0.0000, 74, 68, 58
L -717.3189, 1019.9232, 0.0000, -702.7739, 1019.9232, 0.0000, 74, 68, 58
L -704.2486, 1019.9232, 0.0000, -687.6531, 1019.9232, 0.0000, 74, 68, 58
L -689.4855, 1019.9232, 0.0000, -668.4196, 1019.9232, 0.0000, 74, 68, 58
L -673.9175, 1019.9232, 0.0000, -657.2060, 1019.9232, 0.0000, 74, 68, 58
L -628.4776, 1019.9232, 0.0000, -611.9794, 1019.9232, 0.0000, 74, 68, 58
L -577.6883, 1019.9232, 0.0000, -555.0543, 1019.9232, 0.0000, 74, 68, 58
L -562.3082, 1019.9232, 0.0000, -544.3409, 1019.9232, 0.0000, 74, 68, 58
L -547.7471, 1019.9232, 0.0000, -539.6055, 1019.9232, 0.0000, 74, 68, 58
L -531.7437, 1019.9232, 0.0000, -514.6832, 1019.9232, 0.0000, 74, 68, 58
L -512.5946, 1019.9232, 0.0000, -488.0627, 1019.9232, 0.0000, 74, 68, 58
L -493.3022, 1019.9232, 0.0000, -474.6907, 1019.9232, 0.0000, 74, 68, 58
L -460.6339, 1019.9232, 0.0000, -452.4228, 1019.9232, 0.0000, 74, 68, 58
L -446.8990, 1019.9232, 0.0000, -438.1789, 1019.9232, 0.0000, 74, 68, 58
L -406.8433, 1019.9232, 0.0000, -397.9979, 1019.9232, 0.0000, 74, 68, 58
L -388.2146, 1019.9232, 0.0000, -365.1808, 1019.9232, 0.0000, 74, 68, 58
L -371.1370, 1019.9232, 0.0000, -352.3306, 1019.9232, 0.0000, 74, 68, 58
L -359.8616, 1019.9232, 0.0000, -341.8519, 1019.9232, 0.0000, 74, 68, 58
L -348.7748, 1019.9232, 0.0000, -331.7361, 1019.9232, 0.0000, 74, 68, 58
L -334.9198, 1019.9232, 0.0000, -321.3298, 1019.9232, 0.0000, 74, 68, 58
L -318.7201, 1019.9232, 0.0000, -310.2358, 1019.9232, 0.0000, 74, 68, 58
L -305.0154, 1019.9232, 0.0000, -291.0744, 1019.9232, 0.0000, 74, 68, 58
L -247.0762, 1019.9232, 0.0000, -236.4971, 1019.9232, 0.0000, 74, 68, 58
L -217.1540, 1019.9232, 0.0000, -206.2113, 1019.9232, 0.0000, 74, 68, 58
L -168.8380, 1019.9232, 0.0000, -159.4780, 1019.9232, 0.0000, 74, 68, 58
L -157.7542, 1019.9232, 0.0000, -147.9244, 1019.9232, 0.0000, 74, 68, 58
L -92.1434, 1019.9232, 0.0000, -70.8346, 1019.9232, 0.0000, 74, 68, 58
L -77.1870, 1019.9232, 0.0000, -62.8085, 1019.9232, 0.0000, 74, 68, 58
L -63.7884, 1019.9232, 0.0000, -43.7115, 1019.9232, 0.0000, 74, 68, 58
L -43.4604, 1019.9232, 0.0000, -20.7468, 1019.9232, 0.0000, 74, 68, 58
L -28.6930, 1019.9232, 0.0000, -11.2978, 1019.9232, 0.0000, 74, 68, 58
L -15.7020, 1019.9232, 0.0000, -3.1807, 1019.9232, 0.0000, 74, 68, 58
L -4.3886, 1019.9232, 0.0000, 17.4356, 1019.9232, 0.0000, 74, 68, 58
L 10.1141, 1019.9232, 0.0000, 34.3268, 1019.9232, 0.0000, 74, 68, 58
L 27.1329, 1019.9232, 0.0000, 36.7569, 1019.9232, 0.0000, 74, 68, 58
L 47.2691, 1019.9232, 0.0000, 62.9813, 1019.9232, 0.0000, 74, 68, 58
L 100.1613, 1019.9232, 0.0000, 115.9061, 1019.9232, 0.0000, 74, 68, 58
L 121.0870, 1019.9232, 0.0000, 129.3837, 1019.9232, 0.0000, 74, 68, 58
L 134.9250, 1019.9232, 0.0000, 147.4005, 1019.9232, 0.0000, 74, 68, 58
L 147.4178, 1019.9232, 0.0000, 168.2477, 1019.9232, 0.0000, 74, 68, 58
L 162.9832, 1019.9232, 0.0000, 175.6942, 1019.9232, 0.0000, 74, 68, 58
L 177.7482, 1019.9232, 0.0000, 192.1336, 1019.9232, 0.0000, 74, 68, 58
L 194.5325, 1019.9232, 0.0000, 212.5429, 1019.9232, 0.0000, 74, 68, 58
L 207.9763, 1019.9232, 0.0000, 217.6678, 1019.9232, 0.0000, 74, 68, 58
L 224.1552, 1019.9232, 0.0000, 233.0324, 1019.9232, 0.0000, 74, 68, 58
L 254.5831, 1019.9232, 0.0000, 262.6894, 1019.9232, 0.0000, 74, 68, 58
L 267.3593, 1019.9232, 0.0000, 277.0694, 1019.9232, 0.0000, 74, 68, 58
L 278.4842, 1019.9232, 0.0000, 293.4384, 1019.9232, 0.0000, 74, 68, 58
L 289.2974, 1019.9232, 0.0000, 300.8461, 1019.9232, 0.0000, 74, 68, 58
L 304.7809, 1019.9232, 0.0000, 324.1626, 1019.9232, 0.0000, 74, 68, 58
L 362.5978, 1019.9232, 0.0000, 388.6915, 1019.9232, 0.0000, 74, 68, 58
L 374.4008, 1019.9232, 0.0000, 387.3017, 1019.9232, 0.0000, 74, 68, 58
L 385.1690, 1019.9232, 0.0000, 402.9792, 1019.9232, 0.0000, 74, 68, 58
L 405.7736, 1019.9232, 0.0000, 419.9332, 1019.9232, 0.0000, 74, 68, 58
L 443.6368, 1019.9232, 0.0000, 460.5811, 1019.9232, 0.0000, 74, 68, 58
L 463.7308, 1019.9232, 0.0000, 475.4336, 1019.9232, 0.0000, 74, 68, 58
L 477.1909, 1019.9232, 0.0000, 496.6521, 1019.9232, 0.0000, 74, 68, 58
L 492.2288, 1019.9232, 0.0000, 502.8362, 1019.9232, 0.0000, 74, 68, 58
L 508.1726, 1019.9232, 0.0000, 531.9564, 1019.9232, 0.0000, 74, 68, 58
L 556.9754, 1019.9232, 0.0000, 580.1492, 1019.9232, 0.0000, 74, 68, 58
L 610.7296, 1019.9232, 0.0000, 625.9746, 1019.9232, 0.0000, 74, 68, 58
L 625.7787, 1019.9232, 0.0000, 631.7791, 1019.9232, 0.0000, 74, 68, 58
L -1173.5603, 1032.0623, 0.0000, -1155.9047, 1032.0623, 0.0000, 74, 68, 58
L -1161.4741, 1032.0623, 0.0000, -1141.8200, 1032.0623, 0.0000, 74, 68, 58
L -1150.2946, 1032.0623, 0.0000, -1126.0770, 1032.0623, 0.0000, 74, 68, 58
L -1137.0012, 1032.0623, 0.0000, -1120.6026, 1032.0623, 0.0000, 74, 68, 58
L -1078.6376, 1032.0623, 0.0000, -1062.4943, 1032.0623, 0.0000, 74, 68, 58
L -1065.4345, 1032.0623, 0.0000, -1044.0392, 1032.0623, 0.0000, 74, 68, 58
L -1054.8722, 1032.0623, 0.0000, -1046.5908, 1032.0623, 0.0000, 74, 68, 58
L -1043.3733, 1032.0623, 0.0000, -1019.1180, 1032.0623, 0.0000, 74, 68, 58
L -1029.6520, 1032.0623, 0.0000, -1006.2115, 1032.0623, 0.0000, 74, 68, 58
L -1008.6900, 1032.0623, 0.0000, -992.6457, 1032.0623, 0.0000, 74, 68, 58
L -990.9841, 1032.0623, 0.0000, -974.0524, 1032.0623, 0.0000, 74, 68, 58
L -980.1967, 1032.0623, 0.0000, -958.8680, 1032.0623, 0.0000, 74, 68, 58
L -965.7955, 1032.0623, 0.0000, -953.6272, 1032.0623, 0.0000, 74, 68, 58
L -946.0412, 1032.0623, 0.0000, -932.1397, 1032.0623, 0.0000, 74, 68, 58
L -927.2655, 1032.0623, 0.0000, -913.8291, 1032.0623, 0.0000, 74, 68, 58
L -908.5935, 1032.0623, 0.0000, -899.9648, 1032.0623, 0.0000, 74, 68, 58
L -892.1066, 1032.0623, 0.0000, -871.1323, 1032.0623, 0.0000, 74, 68, 58
L -871.5749, 1032.0623, 0.0000, -857.6761, 1032.0623, 0.0000, 74, 68, 58
L -852.0184, 1032.0623, 0.0000, -842.6805, 1032.0623, 0.0000, 74, 68, 58
L -748.8735, 1032.0623, 0.0000, -735.0194, 1032.0623, 0.0000, 74, 68, 58
L -729.5079, 1032.0623, 0.0000, -718.2310, 1032.0623, 0.0000, 74, 68, 58
L -709.2805, 1032.0623, 0.0000, -693.5771, 1032.0623, 0.0000, 74, 68, 58
L -695.4398, 1032.0623, 0.0000, -679.0010, 1032.0623, 0.0000, 74, 68, 58
L -679.8055, 1032.0623, 0.0000, -655.5983, 1032.0623, 0.0000, 74, 68, 58
L -660.0244, 1032.0623, 0.0000, -636.9637, 1032.0623, 0.0000, 74, 68, 58
L -631.0308, 1032.0623, 0.0000, -619.1329, 1032.0623, 0.0000, 74, 68, 58
L -567.3285, 1032.0623, 0.0000, -541.8945, 1032.0623, 0.0000, 74, 68, 58
L -556.5497, 1032.0623, 0.0000, -546.7824, 1032.0623, 0.0000, 74, 68, 58
L -544.9555, 1032.0623, 0.0000, -532.7152, 1032.0623, 0.0000, 74, 68, 58
L -527.1583, 1032.0623, 0.0000, -511.2101, 1032.0623, 0.0000, 74, 68, 58
L -407.4479, 1032.0623, 0.0000, -388.2747, 1032.0623, 0.0000, 74, 68, 58
L -391.4821, 1032.0623, 0.0000, -382.2345, 1032.0623, 0.0000, 74, 68, 58
L -359.7346, 1032.0623, 0.0000, -346.7837, 1032.0623, 0.0000, 74, 68, 58
L -345.0341, 1032.0623, 0.0000, -333.1161, 1032.0623, 0.0000, 74, 68, 58
L -328.4421, 1032.0623, 0.0000, -310.2459, 1032.0623, 0.0000, 74, 68, 58
L -310.7836, 1032.0623, 0.0000, -301.1391, 1032.0623, 0.0000, 74, 68, 58
L -242.1503, 1032.0623, 0.0000, -221.9525, 1032.0623, 0.0000, 74, 68, 58
L -162.6472, 1032.0623, 0.0000, -143.4496, 1032.0623, 0.0000, 74, 68, 58
L -146.6788, 1032.0623, 0.0000, -136.4753, 1032.0623, 0.0000, 74, 68, 58
L -131.8333, 1032.0623, 0.0000, -107.4444, 1032.0623, 0.0000, 74, 68, 58
L -117.7801, 1032.0623, 0.0000, -95.7604, 1032.0623, 0.0000, 74, 68, 58
L -105.9654, 1032.0623, 0.0000, -89.7978, 1032.0623, 0.0000, 74, 68, 58
L -91.5766, 1032.0623, 0.0000, -78.4796, 1032.0623, 0.0000, 74, 68, 58
L -74.4826, 1032.0623, 0.0000, -60.2505, 1032.0623, 0.0000, 74, 68, 58
L -55.2662, 1032.0623, 0.0000, -36.4762, 1032.0623, 0.0000, 74, 68, 58
L -43.9357, 1032.0623, 0.0000, -27.2283, 1032.0623, 0.0000, 74, 68, 58
L -26.9065, 1032.0623, 0.0000, -12.5578, 1032.0623, 0.0000, 74, 68, 58
L -12.8004, 1032.0623, 0.0000, 4.2354, 1032.0623, 0.0000, 74, 68, 58
L 5.3110, 1032.0623, 0.0000, 18.8625, 1032.0623, 0.0000, 74, 68, 58
L 21.0924, 1032.0623, 0.0000, 30.1244, 1032.0623, 0.0000, 74, 68, 58
L 33.0092, 1032.0623, 0.0000, 56.7362, 1032.0623, 0.0000, 74, 68, 58
L 107.1333, 1032.0623, 0.0000, 122.7427, 1032.0623, 0.0000, 74, 68, 58
L 127.9676, 1032.0623, 0.0000, 154.0577, 1032.0623, 0.0000, 74, 68, 58
L 146.5378, 1032.0623, 0.0000, 168.7556, 1032.0623, 0.0000, 74, 68, 58
L 167.3742, 1032.0623, 0.0000, 186.9018, 1032.0623, 0.0000, 74, 68, 58
L 183.7411, 1032.0623, 0.0000, 202.8027, 1032.0623, 0.0000, 74, 68, 58
L 199.7043, 1032.0623, 0.0000, 220.5077, 1032.0623, 0.0000, 74, 68, 58
L 218.5921, 1032.0623, 0.0000, 242.9005, 1032.0623, 0.0000, 74, 68, 58
L 259.6916, 1032.0623, 0.0000, 273.3786, 1032.0623, 0.0000, 74, 68, 58
L 279.8567, 1032.0623, 0.0000, 300.1087, 1032.0623, 0.0000, 74, 68, 58
L 292.3714, 1032.0623, 0.0000, 312.5139, 1032.0623, 0.0000, 74, 68, 58
L 307.3016, 1032.0623, 0.0000, 317.3694, 1032.0623, 0.0000, 74, 68, 58
L 326.3985, 1032.0623, 0.0000, 345.1038, 1032.0623, 0.0000, 74, 68, 58
L 342.6015, 1032.0623, 0.0000, 356.0263, 1032.0623, 0.0000, 74, 68, 58
L 384.5030, 1032.0623, 0.0000, 399.6506, 1032.0623, 0.0000, 74, 68, 58
L 398.5154, 1032.0623, 0.0000, 408.5062, 1032.0623, 0.0000, 74, 68, 58
L 409.7317, 1032.0623, 0.0000, 434.8157, 1032.0623, 0.0000, 74, 68, 58
L 441.0929, 1032.0623, 0.0000, 461.2256, 1032.0623, 0.0000, 74, 68, 58
L 455.7245, 1032.0623, 0.0000, 473.5455, 1032.0623, 0.0000, 74, 68, 58
L 468.9406, 1032.0623, 0.0000, 484.8750, 1032.0623, 0.0000, 74, 68, 58
L 481.9443, 1032.0623, 0.0000, 499.2852, 1032.0623, 0.0000, 74, 68, 58
L 493.8043, 1032.0623, 0.0000, 505.3973, 1032.0623, 0.0000, 74, 68, 58
L 527.7110, 1032.0623, 0.0000, 535.6832, 1032.0623, 0.0000, 74, 68, 58
L 540.7888, 1032.0623, 0.0000, 556.7532, 1032.0623, 0.0000, 74, 68, 58
L 606.4493, 1032.0623, 0.0000, 625.5804, 1032.0623, 0.0000, 74, 68, 58
L 624.7570, 1032.0623, 0.0000, 631.7791, 1032.0623, 0.0000, 74, 68, 58
L -1173.5603, 1044.2015, 0.0000, -1159.7533, 1044.2015, 0.0000, 74, 68, 58
L -1152.8779, 1044.2015, 0.0000, -1142.2489, 1044.2015, 0.0000, 74, 68, 58
L -1136.7466, 1044.2015, 0.0000, -1115.3947, 1044.2015, 0.0000, 74, 68, 58
L -1117.8983, 1044.2015, 0.0000, -1105.0122, 1044.2015, 0.0000, 74, 68, 58
L -1086.3714, 1044.2015, 0.0000, -1062.9479, 1044.2015, 0.0000, 74, 68, 58
L -1069.9035, 1044.2015, 0.0000, -1048.9998, 1044.2015, 0.0000, 74, 68, 58
L -1051.0239, 1044.2015, 0.0000, -1032.8736, 1044.2015, 0.0000, 74, 68, 58
L -1039.1463, 1044.2015, 0.0000, -1020.2236, 1044.2015, 0.0000, 74, 68, 58
L -1024.7429, 1044.2015, 0.0000, -1002.5339, 1044.2015, 0.0000, 74, 68, 58
L -1012.2784, 1044.2015, 0.0000, -997.9137, 1044.2015, 0.0000, 74, 68, 58
L -951.6029, 1044.2015, 0.0000, -934.7107, 1044.2015, 0.0000, 74, 68, 58
L -932.6099, 1044.2015, 0.0000, -916.3134, 1044.2015, 0.0000, 74, 68, 58
L -914.2118, 1044.2015, 0.0000, -895.7686, 1044.2015, 0.0000, 74, 68, 58
L -894.0680, 1044.2015, 0.0000, -874.0151, 1044.2015, 0.0000, 74, 68, 58
L -876.8300, 1044.2015, 0.0000, -862.4478, 1044.2015, 0.0000, 74, 68, 58
L -860.4488, 1044.2015, 0.0000, -840.6224, 1044.2015, 0.0000, 74, 68, 58
L -734.8426, 1044.2015, 0.0000, -709.2475, 1044.2015, 0.0000, 74, 68, 58
L -718.8147, 1044.2015, 0.0000, -705.1868, 1044.2015, 0.0000, 74, 68, 58
L -701.8817, 1044.2015, 0.0000, -690.6412, 1044.2015, 0.0000, 74, 68, 58
L -686.1726, 1044.2015, 0.0000, -668.7395, 1044.2015, 0.0000, 74, 68, 58
L -671.9535, 1044.2015, 0.0000, -648.5441, 1044.2015, 0.0000, 74, 68, 58
L -656.4791, 1044.2015, 0.0000, -632.4497, 1044.2015, 0.0000, 74, 68, 58
L -645.2035, 1044.2015, 0.0000, -621.4360, 1044.2015, 0.0000, 74, 68, 58
L -633.2716, 1044.2015, 0.0000, -614.6481, 1044.2015, 0.0000, 74, 68, 58
L -566.5405, 1044.2015, 0.0000, -545.6266, 1044.2015, 0.0000, 74, 68, 58
L -547.6242, 1044.2015, 0.0000, -528.6138, 1044.2015, 0.0000, 74, 68, 58
L -526.5902, 1044.2015, 0.0000, -513.8599, 1044.2015, 0.0000, 74, 68, 58
L -491.5435, 1044.2015, 0.0000, -477.6651, 1044.2015, 0.0000, 74, 68, 58
L -431.4805, 1044.2015, 0.0000, -422.6171, 1044.2015, 0.0000, 74, 68, 58
L -413.1971, 1044.2015, 0.0000, -404.3149, 1044.2015, 0.0000, 74, 68, 58
L -328.4193, 1044.2015, 0.0000, -308.9294, 1044.2015, 0.0000, 74, 68, 58
L -317.7367, 1044.2015, 0.0000, -305.1518, 1044.2015, 0.0000, 74, 68, 58
L -303.2168, 1044.2015, 0.0000, -294.9138, 1044.2015, 0.0000, 74, 68, 58
L -286.0161, 1044.2015, 0.0000, -266.6777, 1044.2015, 0.0000, 74, 68, 58
L -268.6984, 1044.2015, 0.0000, -248.1714, 1044.2015, 0.0000, 74, 68, 58
L -257.9921, 1044.2015, 0.0000, -237.2939, 1044.2015, 0.0000, 74, 68, 58
L -244.0006, 1044.2015, 0.0000, -232.9100, 1044.2015, 0.0000, 74, 68, 58
L -225.2213, 1044.2015, 0.0000, -212.8492, 1044.2015, 0.0000, 74, 68, 58
L -158.0931, 1044.2015, 0.0000, -142.5090, 1044.2015, 0.0000, 74, 68, 58
L -146.6244, 1044.2015, 0.0000, -124.1606, 1044.2015, 0.0000, 74, 68, 58
L -126.1748, 1044.2015, 0.0000, -102.9923, 1044.2015, 0.0000, 74, 68, 58
L -109.1636, 1044.2015, 0.0000, -101.2160, 1044.2015, 0.0000, 74, 68, 58
L -68.3456, 1044.2015, 0.0000, -47.8054, 1044.2015, 0.0000, 74, 68, 58
L -49.1387, 1044.2015, 0.0000, -31.3450, 1044.2015, 0.0000, 74, 68, 58
L -33.4275, 1044.2015, 0.0000, -15.8827, 1044.2015, 0.0000, 74, 68, 58
L -19.3487, 1044.2015, 0.0000, -8.3974, 1044.2015, 0.0000, 74, 68, 58
L -5.9487, 1044.2015, 0.0000, 5.2523, 1044.2015, 0.0000, 74, 68, 58
L 12.1434, 1044.2015, 0.0000, 25.1229, 1044.2015, 0.0000, 74, 68, 58
L 32.8461, 1044.2015, 0.0000, 46.1313, 1044.2015, 0.0000, 74, 68, 58
L 113.9283, 1044.2015, 0.0000, 134.6787, 1044.2015, 0.0000, 74, 68, 58
L 127.1842, 1044.2015, 0.0000, 153.1366, 1044.2015, 0.0000, 74, 68, 58
L 146.3714, 1044.2015, 0.0000, 159.8536, 1044.2015, 0.0000, 74, 68, 58
L 166.4265, 1044.2015, 0.0000, 177.8750, 1044.2015, 0.0000, 74, 68, 58
L 184.8545, 1044.2015, 0.0000, 199.9737, 1044.2015, 0.0000, 74, 68, 58
L 203.9828, 1044.2015, 0.0000, 222.3487, 1044.2015, 0.0000, 74, 68, 58
L 269.3231, 1044.2015, 0.0000, 281.7407, 1044.2015, 0.0000, 74, 68, 58
L 288.9022, 1044.2015, 0.0000, 296.8659, 1044.2015, 0.0000, 74, 68, 58
L 301.4629, 1044.2015, 0.0000, 312.9487, 1044.2015, 0.0000, 74, 68, 58
L 312.4933, 1044.2015, 0.0000, 335.0214, 1044.2015, 0.0000, 74, 68, 58
L 332.3124, 1044.2015, 0.0000, 344.7259, 1044.2015, 0.0000, 74, 68, 58
L 390.9342, 1044.2015, 0.0000, 411.0921, 1044.2015, 0.0000, 74, 68, 58
L 402.0519, 1044.2015, 0.0000, 426.7835, 1044.2015, 0.0000, 74, 68, 58
L 459.4425, 1044.2015, 0.0000, 481.1213, 1044.2015, 0.0000, 74, 68, 58
L 475.7046, 1044.2015, 0.0000, 489.9322, 1044.2015, 0.0000, 74, 68, 58
L 489.4251, 1044.2015, 0.0000, 506.0624, 1044.2015, 0.0000, 74, 68, 58
L 522.8737, 1044.2015, 0.0000, 537.7598, 1044.2015, 0.0000, 74, 68, 58
L 542.8888, 1044.2015, 0.0000, 558.8061, 1044.2015, 0.0000, 74, 68, 58
L 609.4907, 1044.2015, 0.0000, 631.7791, 1044.2015, 0.0000, 74, 68, 58
L 629.1480, 1044.2015, 0.0000, 631.7791, 1044.2015, 0.0000, 74, 68, 58
L -1173.5603, 1056.3406, 0.0000, -1161.2958, 1056.3406, 0.0000, 74, 68, 58
L -1160.4485, 1056.3406, 0.0000, -1140.0983, 1056.3406, 0.0000, 74, 68, 58
L -1147.1488, 1056.3406, 0.0000, -1126.2698, 1056.3406, 0.0000, 74, 68, 58
L -1133.8988, 1056.3406, 0.0000, -1107.8443, 1056.3406, 0.0000, 74, 68, 58
L -1117.1976, 1056.3406, 0.0000, -1107.0690, 1056.3406, 0.0000, 74, 68, 58
L -1082.7478, 1056.3406, 0.0000, -1069.4625, 1056.3406, 0.0000, 74, 68, 58
L -1063.8622, 1056.3406, 0.0000, -1049.1830, 1056.3406, 0.0000, 74, 68, 58
L -1043.3847, 1056.3406, 0.0000, -1033.3314, 1056.3406, 0.0000, 74, 68, 58
L -1029.2330, 1056.3406, 0.0000, -1009.8167, 1056.3406, 0.0000, 74, 68, 58
L -996.1056, 1056.3406, 0.0000, -970.2970, 1056.3406, 0.0000, 74, 68, 58
L -982.0050, 1056.3406, 0.0000, -961.1809, 1056.3406, 0.0000, 74, 68, 58
L -946.3143, 1056.3406, 0.0000, -925.1632, 1056.3406, 0.0000, 74, 68, 58
L -933.1295, 1056.3406, 0.0000, -921.2906, 1056.3406, 0.0000, 74, 68, 58
L -921.9090, 1056.3406, 0.0000, -904.9499, 1056.3406, 0.0000, 74, 68, 58
L -910.5713, 1056.3406, 0.0000, -896.4686, 1056.3406, 0.0000, 74, 68, 58
L -895.8967, 1056.3406, 0.0000, -885.6610, 1056.3406, 0.0000, 74, 68, 58
L -885.3224, 1056.3406, 0.0000, -876.1163, 1056.3406, 0.0000, 74, 68, 58
L -871.6456, 1056.3406, 0.0000, -860.2934, 1056.3406, 0.0000, 74, 68, 58
L -853.4374, 1056.3406, 0.0000, -845.4569, 1056.3406, 0.0000, 74, 68, 58
L -794.5997, 1056.3406, 0.0000, -782.6520, 1056.3406, 0.0000, 74, 68, 58
L -764.0717, 1056.3406, 0.0000, -748.0734, 1056.3406, 0.0000, 74, 68, 58
L -753.1004, 1056.3406, 0.0000, -730.3274, 1056.3406, 0.0000, 74, 68, 58
L -735.0759, 1056.3406, 0.0000, -718.4144, 1056.3406, 0.0000, 74, 68, 58
L -716.8914, 1056.3406, 0.0000, -697.8519, 1056.3406, 0.0000, 74, 68, 58
L -704.1196, 1056.3406, 0.0000, -680.6607, 1056.3406, 0.0000, 74, 68, 58
L -692.4348, 1056.3406, 0.0000, -679.4864, 1056.3406, 0.0000, 74, 68, 58
L -674.9634, 1056.3406, 0.0000, -648.9758, 1056.3406, 0.0000, 74, 68, 58
L -662.8078, 1056.3406, 0.0000, -652.2342, 1056.3406, 0.0000, 74, 68, 58
L -651.1772, 1056.3406, 0.0000, -636.1935, 1056.3406, 0.0000, 74, 68, 58
L -639.6797, 1056.3406, 0.0000, -619.7788, 1056.3406, 0.0000, 74, 68, 58
L -559.5261, 1056.3406, 0.0000, -544.1647, 1056.3406, 0.0000, 74, 68, 58
L -544.8873, 1056.3406, 0.0000, -532.9748, 1056.3406, 0.0000, 74, 68, 58
L -532.1577, 1056.3406, 0.0000, -518.9994, 1056.3406, 0.0000, 74, 68, 58
L -496.3834, 1056.3406, 0.0000, -471.1720, 1056.3406, 0.0000, 74, 68, 58
L -425.8136, 1056.3406, 0.0000, -404.5873, 1056.3406, 0.0000, 74, 68, 58
L -412.0713, 1056.3406, 0.0000, -389.2638, 1056.3406, 0.0000, 74, 68, 58
L -399.0442, 1056.3406, 0.0000, -375.1826, 1056.3406, 0.0000, 74, 68, 58
L -374.2629, 1056.3406, 0.0000, -365.5316, 1056.3406, 0.0000, 74, 68, 58
L -335.0223, 1056.3406, 0.0000, -316.9849, 1056.3406, 0.0000, 74, 68, 58
L -318.5226, 1056.3406, 0.0000, -301.2802, 1056.3406, 0.0000, 74, 68, 58
L -304.7353, 1056.3406, 0.0000, -289.2950, 1056.3406, 0.0000, 74, 68, 58
L -288.5040, 1056.3406, 0.0000, -275.8699, 1056.3406, 0.0000, 74, 68, 58
L -275.3599, 1056.3406, 0.0000, -263.2686, 1056.3406, 0.0000, 74, 68, 58
L -264.7394, 1056.3406, 0.0000, -240.6913, 1056.3406, 0.0000, 74, 68, 58
L -245.1528, 1056.3406, 0.0000, -220.4733, 1056.3406, 0.0000, 74, 68, 58
L -224.2241, 1056.3406, 0.0000, -214.4485, 1056.3406, 0.0000, 74, 68, 58
L -206.7658, 1056.3406, 0.0000, -197.7515, 1056.3406, 0.0000, 74, 68, 58
L -148.5843, 1056.3406, 0.0000, -123.4057, 1056.3406, 0.0000, 74, 68, 58
L -128.7856, 1056.3406, 0.0000, -117.8718, 1056.3406, 0.0000, 74, 68, 58
L -112.1072, 1056.3406, 0.0000, -96.2334, 1056.3406, 0.0000, 74, 68, 58
L -57.2185, 1056.3406, 0.0000, -48.5898, 1056.3406, 0.0000, 74, 68, 58
L -45.4721, 1056.3406, 0.0000, -24.0496, 1056.3406, 0.0000, 74, 68, 58
L -25.4800, 1056.3406, 0.0000, -3.0869, 1056.3406, 0.0000, 74, 68, 58
L -12.3712, 1056.3406, 0.0000, 1.5845, 1056.3406, 0.0000, 74, 68, 58
L 7.7667, 1056.3406, 0.0000, 19.2003, 1056.3406, 0.0000, 74, 68, 58
L 18.5137, 1056.3406, 0.0000, 39.0855, 1056.3406, 0.0000, 74, 68, 58
L 52.9236, 1056.3406, 0.0000, 77.2148, 1056.3406, 0.0000, 74, 68, 58
L 66.1307, 1056.3406, 0.0000, 83.2772, 1056.3406, 0.0000, 74, 68, 58
L 83.8179, 1056.3406, 0.0000, 105.0565, 1056.3406, 0.0000, 74, 68, 58
L 112.4574, 1056.3406, 0.0000, 126.5081, 1056.3406, 0.0000, 74, 68, 58
L 130.0974, 1056.3406, 0.0000, 154.4499, 1056.3406, 0.0000, 74, 68, 58
L 141.9330, 1056.3406, 0.0000, 166.5567, 1056.3406, 0.0000, 74, 68, 58
L 156.3484, 1056.3406, 0.0000, 181.2988, 1056.3406, 0.0000, 74, 68, 58
L 176.9429, 1056.3406, 0.0000, 199.7216, 1056.3406, 0.0000, 74, 68, 58
L 192.1289, 1056.3406, 0.0000, 202.4022, 1056.3406, 0.0000, 74, 68, 58
L 208.9073, 1056.3406, 0.0000, 234.2850, 1056.3406, 0.0000, 74, 68, 58
L 263.4975, 1056.3406, 0.0000, 273.2349, 1056.3406, 0.0000, 74, 68, 58
L 284.5719, 1056.3406, 0.0000, 304.4845, 1056.3406, 0.0000, 74, 68, 58
L 304.1171, 1056.3406, 0.0000, 312.0962, 1056.3406, 0.0000, 74, 68, 58
L 323.4427, 1056.3406, 0.0000, 345.0650, 1056.3406, 0.0000, 74, 68, 58
L 335.4605, 1056.3406, 0.0000, 361.3089, 1056.3406, 0.0000, 74, 68, 58
L 371.0004, 1056.3406, 0.0000, 391.2801, 1056.3406, 0.0000, 74, 68, 58
L 389.6722, 1056.3406, 0.0000, 399.0283, 1056.3406, 0.0000, 74, 68, 58
L 462.3937, 1056.3406, 0.0000, 485.7695, 1056.3406, 0.0000, 74, 68, 58
L 479.5977, 1056.3406, 0.0000, 499.9838, 1056.3406, 0.0000, 74, 68, 58
L 493.1400, 1056.3406, 0.0000, 501.3655, 1056.3406, 0.0000, 74, 68, 58
L 510.4793, 1056.3406, 0.0000, 521.1878, 1056.3406, 0.0000, 74, 68, 58
L 536.8062, 1056.3406, 0.0000, 549.6722, 1056.3406, 0.0000, 74, 68, 58
L 618.3372, 1056.3406, 0.0000, 631.7791, 1056.3406, 0.0000, 74, 68, 58
L -1173.5603, 1068.4797, 0.0000, -1157.2447, 1068.4797, 0.0000, 74, 68, 58
L -1162.2057, 1068.4797, 0.0000, -1135.8361, 1068.4797, 0.0000, 74, 68, 58
L -1149.8005, 1068.4797, 0.0000, -1140.4251, 1068.4797, 0.0000, 74, 68, 58
L -1132.6377, 1068.4797, 0.0000, -1107.0609, 1068.4797, 0.0000, 74, 68, 58
L -1118.3380, 1068.4797, 0.0000, -1104.5947, 1068.4797, 0.0000, 74, 68, 58
L -1097.8040, 1068.4797, 0.0000, -1089.2565, 1068.4797, 0.0000, 74, 68, 58
L -1085.4820, 1068.4797, 0.0000, -1060.1825, 1068.4797, 0.0000, 74, 68, 58
L -1070.3055, 1068.4797, 0.0000, -1045.5353, 1068.4797, 0.0000, 74, 68, 58
L -1058.7571, 1068.4797, 0.0000, -1036.4185, 1068.4797, 0.0000, 74, 68, 58
L -1040.3032, 1068.4797, 0.0000, -1026.9391, 1068.4797, 0.0000, 74, 68, 58
L -1023.5837, 1068.4797, 0.0000, -1001.3906, 1068.4797, 0.0000, 74, 68, 58
L -994.8296, 1068.4797, 0.0000, -974.3103, 1068.4797, 0.0000, 74, 68, 58
L -981.0634, 1068.4797, 0.0000, -958.3813, 1068.4797, 0.0000, 74, 68, 58
L -948.6398, 1068.4797, 0.0000, -932.4825, 1068.4797, 0.0000, 74, 68, 58
L -930.3214, 1068.4797, 0.0000, -912.8463, 1068.4797, 0.0000, 74, 68, 58
L -911.3810, 1068.4797, 0.0000, -896.1824, 1068.4797, 0.0000, 74, 68, 58
L -900.4730, 1068.4797, 0.0000, -886.3594, 1068.4797, 0.0000, 74, 68, 58
L -882.0568, 1068.4797, 0.0000, -860.8479, 1068.4797, 0.0000, 74, 68, 58
L -864.3414, 1068.4797, 0.0000, -846.2734, 1068.4797, 0.0000, 74, 68, 58
L -850.3803, 1068.4797, 0.0000, -842.2594, 1068.4797, 0.0000, 74, 68, 58
L -835.0237, 1068.4797, 0.0000, -814.9283, 1068.4797, 0.0000, 74, 68, 58
L -807.3720, 1068.4797, 0.0000, -785.2209, 1068.4797, 0.0000, 74, 68, 58
L -790.6308, 1068.4797, 0.0000, -767.9368, 1068.4797, 0.0000, 74, 68, 58
L -772.8615, 1068.4797, 0.0000, -747.0806, 1068.4797, 0.0000, 74, 68, 58
L -759.9424, 1068.4797, 0.0000, -742.7385, 1068.4797, 0.0000, 74, 68, 58
L -743.6260, 1068.4797, 0.0000, -728.0043, 1068.4797, 0.0000, 74, 68, 58
L -729.3770, 1068.4797, 0.0000, -718.0957, 1068.4797, 0.0000, 74, 68, 58
L -715.3044, 1068.4797, 0.0000, -695.8068, 1068.4797, 0.0000, 74, 68, 58
L -700.2778, 1068.4797, 0.0000, -688.8513, 1068.4797, 0.0000, 74, 68, 58
L -686.1108, 1068.4797, 0.0000, -664.4920, 1068.4797, 0.0000, 74, 68, 58
L -675.3361, 1068.4797, 0.0000, -656.2989, 1068.4797, 0.0000, 74, 68, 58
L -660.3459, 1068.4797, 0.0000, -637.4496, 1068.4797, 0.0000, 74, 68, 58
L -643.3950, 1068.4797, 0.0000, -630.8654, 1068.4797, 0.0000, 74, 68, 58
L -626.2343, 1068.4797, 0.0000, -610.6909, 1068.4797, 0.0000, 74, 68, 58
L -588.5082, 1068.4797, 0.0000, -568.6198, 1068.4797, 0.0000, 74, 68, 58
L -575.6847, 1068.4797, 0.0000, -553.6964, 1068.4797, 0.0000, 74, 68, 58
L -564.4147, 1068.4797, 0.0000, -540.8702, 1068.4797, 0.0000, 74, 68, 58
L -544.6297, 1068.4797, 0.0000, -532.9536, 1068.4797, 0.0000, 74, 68, 58
L -527.9385, 1068.4797, 0.0000, -519.4039, 1068.4797, 0.0000, 74, 68, 58
L -455.5802, 1068.4797, 0.0000, -444.9232, 1068.4797, 0.0000, 74, 68, 58
L -441.1789, 1068.4797, 0.0000, -432.6585, 1068.4797, 0.0000, 74, 68, 58
L -427.5220, 1068.4797, 0.0000, -413.0945, 1068.4797, 0.0000, 74, 68, 58
L -409.6907, 1068.4797, 0.0000, -393.6515, 1068.4797, 0.0000, 74, 68, 58
L -331.9149, 1068.4797, 0.0000, -306.3123, 1068.4797, 0.0000, 74, 68, 58
L -321.1233, 1068.4797, 0.0000, -307.6074, 1068.4797, 0.0000, 74, 68, 58
L -310.2544, 1068.4797, 0.0000, -286.9638, 1068.4797, 0.0000, 74, 68, 58
L -294.6392, 1068.4797, 0.0000, -280.2368, 1068.4797, 0.0000, 74, 68, 58
L -279.1628, 1068.4797, 0.0000, -269.0862, 1068.4797, 0.0000, 74, 68, 58
L -268.3230, 1068.4797, 0.0000, -247.5505, 1068.4797, 0.0000, 74, 68, 58
L -247.5103, 1068.4797, 0.0000, -221.8357, 1068.4797, 0.0000, 74, 68, 58
L -231.9475, 1068.4797, 0.0000, -210.9714, 1068.4797, 0.0000, 74, 68, 58
L -220.4584, 1068.4797, 0.0000, -206.8775, 1068.4797, 0.0000, 74, 68, 58
L -146.5546, 1068.4797, 0.0000, -121.4853, 1068.4797, 0.0000, 74, 68, 58
L -133.2651, 1068.4797, 0.0000, -124.8007, 1068.4797, 0.0000, 74, 68, 58
L -117.4370, 1068.4797, 0.0000, -108.0768, 1068.4797, 0.0000, 74, 68, 58
L -47.7203, 1068.4797, 0.0000, -39.2557, 1068.4797, 0.0000, 74, 68, 58
L -34.8672, 1068.4797, 0.0000, -18.6384, 1068.4797, 0.0000, 74, 68, 58
L -23.8937, 1068.4797, 0.0000, -3.6063, 1068.4797, 0.0000, 74, 68, 58
L -3.3045, 1068.4797, 0.0000, 12.5312, 1068.4797, 0.0000, 74, 68, 58
L 10.8857, 1068.4797, 0.0000, 34.3768, 1068.4797, 0.0000, 74, 68, 58
L 25.9184, 1068.4797, 0.0000, 39.2758, 1068.4797, 0.0000, 74, 68, 58
L 57.3304, 1068.4797, 0.0000, 78.4792, 1068.4797, 0.0000, 74, 68, 58
L 68.6600, 1068.4797, 0.0000, 81.6348, 1068.4797, 0.0000, 74, 68, 58
L 106.4697, 1068.4797, 0.0000, 128.4009, 1068.4797, 0.0000, 74, 68, 58
L 121.0660, 1068.4797, 0.0000, 141.2512, 1068.4797, 0.0000, 74, 68, 58
L 134.4377, 1068.4797, 0.0000, 157.2519, 1068.4797, 0.0000, 74, 68, 58
L 146.2494, 1068.4797, 0.0000, 158.0141, 1068.4797, 0.0000, 74, 68, 58
L 166.0221, 1068.4797, 0.0000, 189.4133, 1068.4797, 0.0000, 74, 68, 58
L 184.5710, 1068.4797, 0.0000, 193.6303, 1068.4797, 0.0000, 74, 68, 58
L 204.8077, 1068.4797, 0.0000, 223.7222, 1068.4797, 0.0000, 74, 68, 58
L 273.8832, 1068.4797, 0.0000, 291.2955, 1068.4797, 0.0000, 74, 68, 58
L 293.8161, 1068.4797, 0.0000, 314.2137, 1068.4797, 0.0000, 74, 68, 58
L 314.5813, 1068.4797, 0.0000, 339.2276, 1068.4797, 0.0000, 74, 68, 58
L 330.5581, 1068.4797, 0.0000, 346.2209, 1068.4797, 0.0000, 74, 68, 58
L 341.8120, 1068.4797, 0.0000, 350.5708, 1068.4797, 0.0000, 74, 68, 58
L 390.1919, 1068.4797, 0.0000, 408.8882, 1068.4797, 0.0000, 74, 68, 58
L 454.6188, 1068.4797, 0.0000, 470.0570, 1068.4797, 0.0000, 74, 68, 58
L 468.1606, 1068.4797, 0.0000, 482.7725, 1068.4797, 0.0000, 74, 68, 58
L 486.7395, 1068.4797, 0.0000, 496.6443, 1068.4797, 0.0000, 74, 68, 58
L 503.5892, 1068.4797, 0.0000, 522.6962, 1068.4797, 0.0000, 74, 68, 58
L 556.1302, 1068.4797, 0.0000, 566.1277, 1068.4797, 0.0000, 74, 68, 58
L 567.0098, 1068.4797, 0.0000, 590.4272, 1068.4797, 0.0000, 74, 68, 58
L 613.4494, 1068.4797, 0.0000, 629.2529, 1068.4797, 0.0000, 74, 68, 58
L 631.6505, 1068.4797, 0.0000, 631.7791, 1068.4797, 0.0000, 74, 68, 58
L -1173.5603, 1080.6188, 0.0000, -1159.4621, 1080.6188, 0.0000, 74, 68, 58
L -1156.7799, 1080.6188, 0.0000, -1143.7290, 1080.6188, 0.0000, 74, 68, 58
L -1141.9268, 1080.6188, 0.0000, -1126.9086, 1080.6188, 0.0000, 74, 68, 58
L -1124.8107, 1080.6188, 0.0000, -1113.7402, 1080.6188, 0.0000, 74, 68, 58
L -1110.3375, 1080.6188, 0.0000, -1097.2355, 1080.6188, 0.0000, 74, 68, 58
L -1093.9004, 1080.6188, 0.0000, -1073.6606, 1080.6188, 0.0000, 74, 68, 58
L -1074.7634, 1080.6188, 0.0000, -1060.0537, 1080.6188, 0.0000, 74, 68, 58
L -1063.2768, 1080.6188, 0.0000, -1054.0262, 1080.6188, 0.0000, 74, 68, 58
L -1045.4637, 1080.6188, 0.0000, -1019.7774, 1080.6188, 0.0000, 74, 68, 58
L -1026.6026, 1080.6188, 0.0000, -1018.5315, 1080.6188, 0.0000, 74, 68, 58
L -1014.4117, 1080.6188, 0.0000, -1000.3815, 1080.6188, 0.0000, 74, 68, 58
L -949.6706, 1080.6188, 0.0000, -924.4192, 1080.6188, 0.0000, 74, 68, 58
L -935.5651, 1080.6188, 0.0000, -914.9203, 1080.6188, 0.0000, 74, 68, 58
L -923.3160, 1080.6188, 0.0000, -897.5287, 1080.6188, 0.0000, 74, 68, 58
L -910.0917, 1080.6188, 0.0000, -893.0846, 1080.6188, 0.0000, 74, 68, 58
L -897.7981, 1080.6188, 0.0000, -888.6053, 1080.6188, 0.0000, 74, 68, 58
L -886.2322, 1080.6188, 0.0000, -877.2436, 1080.6188, 0.0000, 74, 68, 58
L -872.4738, 1080.6188, 0.0000, -863.2835, 1080.6188, 0.0000, 74, 68, 58
L -855.6627, 1080.6188, 0.0000, -835.4204, 1080.6188, 0.0000, 74, 68, 58
L -840.5807, 1080.6188, 0.0000, -826.5565, 1080.6188, 0.0000, 74, 68, 58
L -808.4557, 1080.6188, 0.0000, -789.2025, 1080.6188, 0.0000, 74, 68, 58
L -788.0072, 1080.6188, 0.0000, -776.2207, 1080.6188, 0.0000, 74, 68, 58
L -768.8088, 1080.6188, 0.0000, -751.1409, 1080.6188, 0.0000, 74, 68, 58
L -748.2616, 1080.6188, 0.0000, -727.8960, 1080.6188, 0.0000, 74, 68, 58
L -732.1164, 1080.6188, 0.0000, -711.6000, 1080.6188, 0.0000, 74, 68, 58
L -716.8836, 1080.6188, 0.0000, -706.4953, 1080.6188, 0.0000, 74, 68, 58
L -696.5027, 1080.6188, 0.0000, -686.6008, 1080.6188, 0.0000, 74, 68, 58
L -684.4383, 1080.6188, 0.0000, -659.2247, 1080.6188, 0.0000, 74, 68, 58
L -665.6542, 1080.6188, 0.0000, -656.3024, 1080.6188, 0.0000, 74, 68, 58
L -644.8231, 1080.6188, 0.0000, -624.3450, 1080.6188, 0.0000, 74, 68, 58
L -625.4806, 1080.6188, 0.0000, -609.0537, 1080.6188, 0.0000, 74, 68, 58
L -604.8111, 1080.6188, 0.0000, -587.4610, 1080.6188, 0.0000, 74, 68, 58
L -592.3890, 1080.6188, 0.0000, -568.1822, 1080.6188, 0.0000, 74, 68, 58
L -578.0944, 1080.6188, 0.0000, -554.7192, 1080.6188, 0.0000, 74, 68, 58
L -567.5160, 1080.6188, 0.0000, -559.1249, 1080.6188, 0.0000, 74, 68, 58
L -550.8480, 1080.6188, 0.0000, -539.0557, 1080.6188, 0.0000, 74, 68, 58
L -536.4359, 1080.6188, 0.0000, -516.9784, 1080.6188, 0.0000, 74, 68, 58
L -517.9756, 1080.6188, 0.0000, -494.4430, 1080.6188, 0.0000, 74, 68, 58
L -503.1306, 1080.6188, 0.0000, -489.8667, 1080.6188, 0.0000, 74, 68, 58
L -468.9343, 1080.6188, 0.0000, -449.0244, 1080.6188, 0.0000, 74, 68, 58
L -449.8482, 1080.6188, 0.0000, -431.3647, 1080.6188, 0.0000, 74, 68, 58
L -430.1907, 1080.6188, 0.0000, -414.8865, 1080.6188, 0.0000, 74, 68, 58
L -417.4078, 1080.6188, 0.0000, -391.9548, 1080.6188, 0.0000, 74, 68, 58
L -398.0382, 1080.6188, 0.0000, -380.2356, 1080.6188, 0.0000, 74, 68, 58
L -346.9522, 1080.6188, 0.0000, -328.5062, 1080.6188, 0.0000, 74, 68, 58
L -334.9804, 1080.6188, 0.0000, -320.3843, 1080.6188, 0.0000, 74, 68, 58
L -315.7319, 1080.6188, 0.0000, -304.3043, 1080.6188, 0.0000, 74, 68, 58
L -304.2916, 1080.6188, 0.0000, -280.5227, 1080.6188, 0.0000, 74, 68, 58
L -290.5403, 1080.6188, 0.0000, -271.2361, 1080.6188, 0.0000, 74, 68, 58
L -271.6993, 1080.6188, 0.0000, -260.5457, 1080.6188, 0.0000, 74, 68, 58
L -253.0126, 1080.6188, 0.0000, -229.2014, 1080.6188, 0.0000, 74, 68, 58
L -236.3674, 1080.6188, 0.0000, -225.5510, 1080.6188, 0.0000, 74, 68, 58
L -221.0978, 1080.6188, 0.0000, -212.0052, 1080.6188, 0.0000, 74, 68, 58
L -156.1788, 1080.6188, 0.0000, -143.8491, 1080.6188, 0.0000, 74, 68, 58
L -142.1232, 1080.6188, 0.0000, -128.6411, 1080.6188, 0.0000, 74, 68, 58
L -126.0197, 1080.6188, 0.0000, -101.8963, 1080.6188, 0.0000, 74, 68, 58
L -112.3590, 1080.6188, 0.0000, -89.7801, 1080.6188, 0.0000, 74, 68, 58
L -41.2192, 1080.6188, 0.0000, -22.4853, 1080.6188, 0.0000, 74, 68, 58
L -30.2021, 1080.6188, 0.0000, -4.9626, 1080.6188, 0.0000, 74, 68, 58
L -13.6345, 1080.6188, 0.0000, 2.1600, 1080.6188, 0.0000, 74, 68, 58
L -2.5018, 1080.6188, 0.0000, 5.6387, 1080.6188, 0.0000, 74, 68, 58
L 10.3756, 1080.6188, 0.0000, 33.2009, 1080.6188, 0.0000, 74, 68, 58
L 30.4627, 1080.6188, 0.0000, 48.9101, 1080.6188, 0.0000, 74, 68, 58
L 95.5982, 1080.6188, 0.0000, 119.1930, 1080.6188, 0.0000, 74, 68, 58
L 116.0068, 1080.6188, 0.0000, 130.0709, 1080.6188, 0.0000, 74, 68, 58
L 131.0357, 1080.6188, 0.0000, 143.0869, 1080.6188, 0.0000, 74, 68, 58
L 145.9483, 1080.6188, 0.0000, 166.3533, 1080.6188, 0.0000, 74, 68, 58
L 166.5309, 1080.6188, 0.0000, 185.7936, 1080.6188, 0.0000, 74, 68, 58
L 185.4841, 1080.6188, 0.0000, 211.7906, 1080.6188, 0.0000, 74, 68, 58
L 199.8316, 1080.6188, 0.0000, 221.7197, 1080.6188, 0.0000, 74, 68, 58
L 277.0578, 1080.6188, 0.0000, 300.4762, 1080.6188, 0.0000, 74, 68, 58
L 293.5664, 1080.6188, 0.0000, 314.1326, 1080.6188, 0.0000, 74, 68, 58
L 313.5749, 1080.6188, 0.0000, 326.4790, 1080.6188, 0.0000, 74, 68, 58
L 324.1499, 1080.6188, 0.0000, 347.8095, 1080.6188, 0.0000, 74, 68, 58
L 338.8186, 1080.6188, 0.0000, 349.5380, 1080.6188, 0.0000, 74, 68, 58
L 351.7521, 1080.6188, 0.0000, 366.3383, 1080.6188, 0.0000, 74, 68, 58
L 379.4993, 1080.6188, 0.0000, 402.8032, 1080.6188, 0.0000, 74, 68, 58
L 394.7129, 1080.6188, 0.0000, 406.3390, 1080.6188, 0.0000, 74, 68, 58
L 458.1780, 1080.6188, 0.0000, 475.6728, 1080.6188, 0.0000, 74, 68, 58
L 475.2669, 1080.6188, 0.0000, 484.6390, 1080.6188, 0.0000, 74, 68, 58
L 493.6162, 1080.6188, 0.0000, 509.0712, 1080.6188, 0.0000, 74, 68, 58
L 508.5077, 1080.6188, 0.0000, 534.3636, 1080.6188, 0.0000, 74, 68, 58
L 529.0911, 1080.6188, 0.0000, 550.5577, 1080.6188, 0.0000, 74, 68, 58
L 546.6222, 1080.6188, 0.0000, 571.1908, 1080.6188, 0.0000, 74, 68, 58
L 562.2142, 1080.6188, 0.0000, 572.0037, 1080.6188, 0.0000, 74, 68, 58
L 627.7926, 1080.6188, 0.0000, 631.7791, 1080.6188, 0.0000, 74, 68, 58
L -1173.5603, 1092.7579, 0.0000, -1149.8869, 1092.7579, 0.0000, 74, 68, 58
L -1162.4070, 1092.7579, 0.0000, -1152.0168, 1092.7579, 0.0000, 74, 68, 58
L -1147.1720, 1092.7579, 0.0000, -1130.3083, 1092.7579, 0.0000, 74, 68, 58
L -1128.3686, 1092.7579, 0.0000, -1102.7966, 1092.7579, 0.0000, 74, 68, 58
L -1110.1977, 1092.7579, 0.0000, -1084.2668, 1092.7579, 0.0000, 74, 68, 58
L -1094.1098, 1092.7579, 0.0000, -1075.1976, 1092.7579, 0.0000, 74, 68, 58
L -1082.3141, 1092.7579, 0.0000, -1072.3839, 1092.7579, 0.0000, 74, 68, 58
L -1062.1993, 1092.7579, 0.0000, -1036.5215, 1092.7579, 0.0000, 74, 68, 58
L -1043.9176, 1092.7579, 0.0000, -1020.2404, 1092.7579, 0.0000, 74, 68, 58
L -1032.6869, 1092.7579, 0.0000, -1006.8252, 1092.7579, 0.0000, 74, 68, 58
L -1019.3005, 1092.7579, 0.0000, -1003.3310, 1092.7579, 0.0000, 74, 68, 58
L -1001.6673, 1092.7579, 0.0000, -978.4880, 1092.7579, 0.0000, 74, 68, 58
L -972.4577, 1092.7579, 0.0000, -956.0437, 1092.7579, 0.0000, 74, 68, 58
L -957.9796, 1092.7579, 0.0000, -940.7025, 1092.7579, 0.0000, 74, 68, 58
L -946.9125, 1092.7579, 0.0000, -930.3615, 1092.7579, 0.0000, 74, 68, 58
L -934.8120, 1092.7579, 0.0000, -917.6745, 1092.7579, 0.0000, 74, 68, 58
L -914.1751, 1092.7579, 0.0000, -894.5837, 1092.7579, 0.0000, 74, 68, 58
L -896.8065, 1092.7579, 0.0000, -879.1772, 1092.7579, 0.0000, 74, 68, 58
L -877.4500, 1092.7579, 0.0000, -863.7159, 1092.7579, 0.0000, 74, 68, 58
L -861.5459, 1092.7579, 0.0000, -853.5924, 1092.7579, 0.0000, 74, 68, 58
L -842.4218, 1092.7579, 0.0000, -821.2375, 1092.7579, 0.0000, 74, 68, 58
L -828.2842, 1092.7579, 0.0000, -814.2310, 1092.7579, 0.0000, 74, 68, 58
L -809.6123, 1092.7579, 0.0000, -792.0628, 1092.7579, 0.0000, 74, 68, 58
L -790.7187, 1092.7579, 0.0000, -777.2493, 1092.7579, 0.0000, 74, 68, 58
L -772.8964, 1092.7579, 0.0000, -756.6244, 1092.7579, 0.0000, 74, 68, 58
L -755.6388, 1092.7579, 0.0000, -729.7046, 1092.7579, 0.0000, 74, 68, 58
L -744.1039, 1092.7579, 0.0000, -722.9635, 1092.7579, 0.0000, 74, 68, 58
L -728.1807, 1092.7579, 0.0000, -716.9524, 1092.7579, 0.0000, 74, 68, 58
L -714.6769, 1092.7579, 0.0000, -694.1230, 1092.7579, 0.0000, 74, 68, 58
L -698.7830, 1092.7579, 0.0000, -684.8969, 1092.7579, 0.0000, 74, 68, 58
L -687.1496, 1092.7579, 0.0000, -662.7265, 1092.7579, 0.0000, 74, 68, 58
L -669.0760, 1092.7579, 0.0000, -647.9472, 1092.7579, 0.0000, 74, 68, 58
L -648.7869, 1092.7579, 0.0000, -627.3966, 1092.7579, 0.0000, 74, 68, 58
L -634.0123, 1092.7579, 0.0000, -607.9490, 1092.7579, 0.0000, 74, 68, 58
L -617.5524, 1092.7579, 0.0000, -593.4533, 1092.7579, 0.0000, 74, 68, 58
L -600.1447, 1092.7579, 0.0000, -581.4911, 1092.7579, 0.0000, 74, 68, 58
L -582.4825, 1092.7579, 0.0000, -567.2352, 1092.7579, 0.0000, 74, 68, 58
L -564.8737, 1092.7579, 0.0000, -554.0624, 1092.7579, 0.0000, 74, 68, 58
L -547.1057, 1092.7579, 0.0000, -531.0241, 1092.7579, 0.0000, 74, 68, 58
L -530.5630, 1092.7579, 0.0000, -517.9619, 1092.7579, 0.0000, 74, 68, 58
L -512.2286, 1092.7579, 0.0000, -499.5323, 1092.7579, 0.0000, 74, 68, 58
L -498.6811, 1092.7579, 0.0000, -477.5783, 1092.7579, 0.0000, 74, 68, 58
L -487.8254, 1092.7579, 0.0000, -479.2006, 1092.7579, 0.0000, 74, 68, 58
L -473.9172, 1092.7579, 0.0000, -459.7205, 1092.7579, 0.0000, 74, 68, 58
L -458.1901, 1092.7579, 0.0000, -444.9753, 1092.7579, 0.0000, 74, 68, 58
L -442.4996, 1092.7579, 0.0000, -424.1156, 1092.7579, 0.0000, 74, 68, 58
L -429.9625, 1092.7579, 0.0000, -405.4794, 1092.7579, 0.0000, 74, 68, 58
L -418.2499, 1092.7579, 0.0000, -405.1987, 1092.7579, 0.0000, 74, 68, 58
L -400.9085, 1092.7579, 0.0000, -384.1041, 1092.7579, 0.0000, 74, 68, 58
L -379.8256, 1092.7579, 0.0000, -355.6576, 1092.7579, 0.0000, 74, 68, 58
L -359.9395, 1092.7579, 0.0000, -349.0670, 1092.7579, 0.0000, 74, 68, 58
L -349.0031, 1092.7579, 0.0000, -329.6352, 1092.7579, 0.0000, 74, 68, 58
L -336.6454, 1092.7579, 0.0000, -311.5304, 1092.7579, 0.0000, 74, 68, 58
L -320.4453, 1092.7579, 0.0000, -295.9863, 1092.7579, 0.0000, 74, 68, 58
L -300.9722, 1092.7579, 0.0000, -289.1991, 1092.7579, 0.0000, 74, 68, 58
L -288.8611, 1092.7579, 0.0000, -277.0884, 1092.7579, 0.0000, 74, 68, 58
L -276.6056, 1092.7579, 0.0000, -260.7135, 1092.7579, 0.0000, 74, 68, 58
L -262.3192, 1092.7579, 0.0000, -235.9940, 1092.7579, 0.0000, 74, 68, 58
L -250.8313, 1092.7579, 0.0000, -235.3118, 1092.7579, 0.0000, 74, 68, 58
L -239.6854, 1092.7579, 0.0000, -215.3429, 1092.7579, 0.0000, 74, 68, 58
L -222.9086, 1092.7579, 0.0000, -196.9607, 1092.7579, 0.0000, 74, 68, 58
L -212.3483, 1092.7579, 0.0000, -192.5950, 1092.7579, 0.0000, 74, 68, 58
L -196.0435, 1092.7579, 0.0000, -183.4953, 1092.7579, 0.0000, 74, 68, 58
L -177.5267, 1092.7579, 0.0000, -151.1692, 1092.7579, 0.0000, 74, 68, 58
L -161.2493, 1092.7579, 0.0000, -147.7294, 1092.7579, 0.0000, 74, 68, 58
L -144.5825, 1092.7579, 0.0000, -133.7840, 1092.7579, 0.0000, 74, 68, 58
L -126.2173, 1092.7579, 0.0000, -106.6251, 1092.7579, 0.0000, 74, 68, 58
L -114.1261, 1092.7579, 0.0000, -92.6906, 1092.7579, 0.0000, 74, 68, 58
L -58.0938, 1092.7579, 0.0000, -43.6271, 1092.7579, 0.0000, 74, 68, 58
L -46.9913, 1092.7579, 0.0000, -22.6844, 1092.7579, 0.0000, 74, 68, 58
L -26.9994, 1092.7579, 0.0000, -11.9378, 1092.7579, 0.0000, 74, 68, 58
L -8.6762, 1092.7579, 0.0000, 15.9226, 1092.7579, 0.0000, 74, 68, 58
L 5.2505, 1092.7579, 0.0000, 23.2920, 1092.7579, 0.0000, 74, 68, 58
L 21.0613, 1092.7579, 0.0000, 29.8139, 1092.7579, 0.0000, 74, 68, 58
L 33.2039, 1092.7579, 0.0000, 47.1116, 1092.7579, 0.0000, 74, 68, 58
L 49.9354, 1092.7579, 0.0000, 66.9654, 1092.7579, 0.0000, 74, 68, 58
L 82.3385, 1092.7579, 0.0000, 99.9657, 1092.7579, 0.0000, 74, 68, 58
L 94.1323, 1092.7579, 0.0000, 120.3367, 1092.7579, 0.0000, 74, 68, 58
L 111.7496, 1092.7579, 0.0000, 134.8211, 1092.7579, 0.0000, 74, 68, 58
L 126.9933, 1092.7579, 0.0000, 135.8707, 1092.7579, 0.0000, 74, 68, 58
L 146.0007, 1092.7579, 0.0000, 171.5948, 1092.7579, 0.0000, 74, 68, 58
L 166.9933, 1092.7579, 0.0000, 188.7924, 1092.7579, 0.0000, 74, 68, 58
L 179.9977, 1092.7579, 0.0000, 198.4506, 1092.7579, 0.0000, 74, 68, 58
L 200.4862, 1092.7579, 0.0000, 212.4639, 1092.7579, 0.0000, 74, 68, 58
L 271.6662, 1092.7579, 0.0000, 289.2271, 1092.7579, 0.0000, 74, 68, 58
L 285.5804, 1092.7579, 0.0000, 295.5893, 1092.7579, 0.0000, 74, 68, 58
L 304.9608, 1092.7579, 0.0000, 317.3179, 1092.7579, 0.0000, 74, 68, 58
L 318.0253, 1092.7579, 0.0000, 341.2873, 1092.7579, 0.0000, 74, 68, 58
L 337.2152, 1092.7579, 0.0000, 353.6232, 1092.7579, 0.0000, 74, 68, 58
L 354.8878, 1092.7579, 0.0000, 380.9522, 1092.7579, 0.0000, 74, 68, 58
L 366.2703, 1092.7579, 0.0000, 386.1194, 1092.7579, 0.0000, 74, 68, 58
L 384.1136, 1092.7579, 0.0000, 407.1623, 1092.7579, 0.0000, 74, 68, 58
L 394.7841, 1092.7579, 0.0000, 414.2925, 1092.7579, 0.0000, 74, 68, 58
L 465.6403, 1092.7579, 0.0000, 480.7767, 1092.7579, 0.0000, 74, 68, 58
L 484.3780, 1092.7579, 0.0000, 504.9568, 1092.7579, 0.0000, 74, 68, 58
L 501.9714, 1092.7579, 0.0000, 514.2716, 1092.7579, 0.0000, 74, 68, 58
L 513.4236, 1092.7579, 0.0000, 524.9153, 1092.7579, 0.0000, 74, 68, 58
L 533.2908, 1092.7579, 0.0000, 549.9854, 1092.7579, 0.0000, 74, 68, 58
L 551.0464, 1092.7579, 0.0000, 568.8468, 1092.7579, 0.0000, 74, 68, 58
L 627.2391, 1092.7579, 0.0000, 631.7791, 1092.7579, 0.0000, 74, 68, 58
L -1173.5603, 1104.8970, 0.0000, -1161.7726, 1104.8970, 0.0000, 74, 68, 58
L -1161.2909, 1104.8970, 0.0000, -1140.7893, 1104.8970, 0.0000, 74, 68, 58
L -1144.9028, 1104.8970, 0.0000, -1125.6475, 1104.8970, 0.0000, 74, 68, 58
L -1134.3322, 1104.8970, 0.0000, -1117.5034, 1104.8970, 0.0000, 74, 68, 58
L -1118.1822, 1104.8970, 0.0000, -1091.8529, 1104.8970, 0.0000, 74, 68, 58
L -1099.1297, 1104.8970, 0.0000, -1091.0239, 1104.8970, 0.0000, 74, 68, 58
L -1087.0322, 1104.8970, 0.0000, -1070.4938, 1104.8970, 0.0000, 74, 68, 58
L -1069.7152, 1104.8970, 0.0000, -1056.5437, 1104.8970, 0.0000, 74, 68, 58
L -1058.8198, 1104.8970, 0.0000, -1046.9456, 1104.8970, 0.0000, 74, 68, 58
L -1040.9660, 1104.8970, 0.0000, -1021.1118, 1104.8970, 0.0000, 74, 68, 58
L -1026.2141, 1104.8970, 0.0000, -1004.4873, 1104.8970, 0.0000, 74, 68, 58
L -1013.4327, 1104.8970, 0.0000, -997.0603, 1104.8970, 0.0000, 74, 68, 58
L -995.3234, 1104.8970, 0.0000, -984.7357, 1104.8970, 0.0000, 74, 68, 58
L -969.8885, 1104.8970, 0.0000, -948.6024, 1104.8970, 0.0000, 74, 68, 58
L -958.2289, 1104.8970, 0.0000, -943.7335, 1104.8970, 0.0000, 74, 68, 58
L -941.3476, 1104.8970, 0.0000, -920.3153, 1104.8970, 0.0000, 74, 68, 58
L -927.0578, 1104.8970, 0.0000, -917.0045, 1104.8970, 0.0000, 74, 68, 58
L -915.1136, 1104.8970, 0.0000, -901.7150, 1104.8970, 0.0000, 74, 68, 58
L -897.4403, 1104.8970, 0.0000, -881.8479, 1104.8970, 0.0000, 74, 68, 58
L -884.5232, 1104.8970, 0.0000, -865.1604, 1104.8970, 0.0000, 74, 68, 58
L -872.9143, 1104.8970, 0.0000, -855.3459, 1104.8970, 0.0000, 74, 68, 58
L -852.4051, 1104.8970, 0.0000, -837.5471, 1104.8970, 0.0000, 74, 68, 58
L -838.2726, 1104.8970, 0.0000, -826.0259, 1104.8970, 0.0000, 74, 68, 58
L -819.3954, 1104.8970, 0.0000, -796.2133, 1104.8970, 0.0000, 74, 68, 58
L -807.6301, 1104.8970, 0.0000, -782.4751, 1104.8970, 0.0000, 74, 68, 58
L -788.2321, 1104.8970, 0.0000, -779.5263, 1104.8970, 0.0000, 74, 68, 58
L -776.4509, 1104.8970, 0.0000, -766.5027, 1104.8970, 0.0000, 74, 68, 58
L -755.7775, 1104.8970, 0.0000, -744.0228, 1104.8970, 0.0000, 74, 68, 58
L -739.4274, 1104.8970, 0.0000, -727.4512, 1104.8970, 0.0000, 74, 68, 58
L -721.5286, 1104.8970, 0.0000, -709.9440, 1104.8970, 0.0000, 74, 68, 58
L -705.7004, 1104.8970, 0.0000, -684.1051, 1104.8970, 0.0000, 74, 68, 58
L -693.8276, 1104.8970, 0.0000, -667.7146, 1104.8970, 0.0000, 74, 68, 58
L -681.0886, 1104.8970, 0.0000, -669.7978, 1104.8970, 0.0000, 74, 68, 58
L -670.1062, 1104.8970, 0.0000, -655.9651, 1104.8970, 0.0000, 74, 68, 58
L -655.2711, 1104.8970, 0.0000, -637.1657, 1104.8970, 0.0000, 74, 68, 58
L -634.8645, 1104.8970, 0.0000, -617.8754, 1104.8970, 0.0000, 74, 68, 58
L -619.3787, 1104.8970, 0.0000, -598.0087, 1104.8970, 0.0000, 74, 68, 58
L -599.0873, 1104.8970, 0.0000, -589.7295, 1104.8970, 0.0000, 74, 68, 58
L -588.3331, 1104.8970, 0.0000, -571.8682, 1104.8970, 0.0000, 74, 68, 58
L -568.8569, 1104.8970, 0.0000, -555.0522, 1104.8970, 0.0000, 74, 68, 58
L -553.1623, 1104.8970, 0.0000, -531.0867, 1104.8970, 0.0000, 74, 68, 58
L -536.1526, 1104.8970, 0.0000, -527.1870, 1104.8970, 0.0000, 74, 68, 58
L -520.0506, 1104.8970, 0.0000, -498.2937, 1104.8970, 0.0000, 74, 68, 58
L -505.9291, 1104.8970, 0.0000, -494.4553, 1104.8970, 0.0000, 74, 68, 58
L -491.2390, 1104.8970, 0.0000, -468.8498, 1104.8970, 0.0000, 74, 68, 58
L -472.1040, 1104.8970, 0.0000, -462.4495, 1104.8970, 0.0000, 74, 68, 58
L -458.9552, 1104.8970, 0.0000, -438.6733, 1104.8970, 0.0000, 74, 68, 58
L -448.1352, 1104.8970, 0.0000, -425.4471, 1104.8970, 0.0000, 74, 68, 58
L -432.5041, 1104.8970, 0.0000, -422.1552, 1104.8970, 0.0000, 74, 68, 58
L -421.5475, 1104.8970, 0.0000, -400.8552, 1104.8970, 0.0000, 74, 68, 58
L -404.6270, 1104.8970, 0.0000, -387.0476, 1104.8970, 0.0000, 74, 68, 58
L -387.7638, 1104.8970, 0.0000, -373.6406, 1104.8970, 0.0000, 74, 68, 58
L -371.5906, 1104.8970, 0.0000, -355.2800, 1104.8970, 0.0000, 74, 68, 58
L -353.6611, 1104.8970, 0.0000, -329.2243, 1104.8970, 0.0000, 74, 68, 58
L -339.8918, 1104.8970, 0.0000, -324.5632, 1104.8970, 0.0000, 74, 68, 58
L -327.0337, 1104.8970, 0.0000, -311.5944, 1104.8970, 0.0000, 74, 68, 58
L -307.2022, 1104.8970, 0.0000, -296.9184, 1104.8970, 0.0000, 74, 68, 58
L -290.8105, 1104.8970, 0.0000, -265.2930, 1104.8970, 0.0000, 74, 68, 58
L -278.2542, 1104.8970, 0.0000, -265.9143, 1104.8970, 0.0000, 74, 68, 58
L -257.2680, 1104.8970, 0.0000, -239.4850, 1104.8970, 0.0000, 74, 68, 58
L -239.2210, 1104.8970, 0.0000, -224.2039, 1104.8970, 0.0000, 74, 68, 58
L -226.0161, 1104.8970, 0.0000, -208.3478, 1104.8970, 0.0000, 74, 68, 58
L -210.8564, 1104.8970, 0.0000, -196.5372, 1104.8970, 0.0000, 74, 68, 58
L -196.4873, 1104.8970, 0.0000, -176.4162, 1104.8970, 0.0000, 74, 68, 58
L -185.0397, 1104.8970, 0.0000, -173.7681, 1104.8970, 0.0000, 74, 68, 58
L -171.5186, 1104.8970, 0.0000, -162.7160, 1104.8970, 0.0000, 74, 68, 58
L -152.0098, 1104.8970, 0.0000, -135.1507, 1104.8970, 0.0000, 74, 68, 58
L -131.6412, 1104.8970, 0.0000, -118.0074, 1104.8970, 0.0000, 74, 68, 58
L -112.6605, 1104.8970, 0.0000, -97.8126, 1104.8970, 0.0000, 74, 68, 58
L -94.2398, 1104.8970, 0.0000, -85.7099, 1104.8970, 0.0000, 74, 68, 58
L -68.9087, 1104.8970, 0.0000, -44.9299, 1104.8970, 0.0000, 74, 68, 58
L -56.6001, 1104.8970, 0.0000, -41.6135, 1104.8970, 0.0000, 74, 68, 58
L -37.7639, 1104.8970, 0.0000, -21.2763, 1104.8970, 0.0000, 74, 68, 58
L -22.5463, 1104.8970, 0.0000, -0.8034, 1104.8970, 0.0000, 74, 68, 58
L -8.0417, 1104.8970, 0.0000, 6.7589, 1104.8970, 0.0000, 74, 68, 58
L 10.9196, 1104.8970, 0.0000, 36.2861, 1104.8970, 0.0000, 74, 68, 58
L 26.3833, 1104.8970, 0.0000, 47.9538, 1104.8970, 0.0000, 74, 68, 58
L 41.7204, 1104.8970, 0.0000, 67.6798, 1104.8970, 0.0000, 74, 68, 58
L 53.2744, 1104.8970, 0.0000, 76.9202, 1104.8970, 0.0000, 74, 68, 58
L 85.2291, 1104.8970, 0.0000, 108.6485, 1104.8970, 0.0000, 74, 68, 58
L 104.2621, 1104.8970, 0.0000, 120.6931, 1104.8970, 0.0000, 74, 68, 58
L 117.6705, 1104.8970, 0.0000, 127.4721, 1104.8970, 0.0000, 74, 68, 58
L 130.6324, 1104.8970, 0.0000, 140.5445, 1104.8970, 0.0000, 74, 68, 58
L 147.4036, 1104.8970, 0.0000, 169.5574, 1104.8970, 0.0000, 74, 68, 58
L 165.7700, 1104.8970, 0.0000, 183.2217, 1104.8970, 0.0000, 74, 68, 58
L 177.9807, 1104.8970, 0.0000, 202.1419, 1104.8970, 0.0000, 74, 68, 58
L 192.9891, 1104.8970, 0.0000, 211.3548, 1104.8970, 0.0000, 74, 68, 58
L 210.3409, 1104.8970, 0.0000, 225.6595, 1104.8970, 0.0000, 74, 68, 58
L 230.8368, 1104.8970, 0.0000, 238.8293, 1104.8970, 0.0000, 74, 68, 58
L 248.2864, 1104.8970, 0.0000, 259.3382, 1104.8970, 0.0000, 74, 68, 58
L 259.5536, 1104.8970, 0.0000, 272.5317, 1104.8970, 0.0000, 74, 68, 58
L 280.3428, 1104.8970, 0.0000, 294.4842, 1104.8970, 0.0000, 74, 68, 58
L 294.5222, 1104.8970, 0.0000, 308.5658, 1104.8970, 0.0000, 74, 68, 58
L 306.3695, 1104.8970, 0.0000, 316.9950, 1104.8970, 0.0000, 74, 68, 58
L 318.2332, 1104.8970, 0.0000, 327.9511, 1104.8970, 0.0000, 74, 68, 58
L 333.4974, 1104.8970, 0.0000, 347.4587, 1104.8970, 0.0000, 74, 68, 58
L 344.4749, 1104.8970, 0.0000, 358.9461, 1104.8970, 0.0000, 74, 68, 58
L 364.5368, 1104.8970, 0.0000, 386.3552, 1104.8970, 0.0000, 74, 68, 58
L 380.7512, 1104.8970, 0.0000, 405.8396, 1104.8970, 0.0000, 74, 68, 58
L 396.3030, 1104.8970, 0.0000, 415.9540, 1104.8970, 0.0000, 74, 68, 58
L 410.9619, 1104.8970, 0.0000, 425.0091, 1104.8970, 0.0000, 74, 68, 58
L 445.0903, 1104.8970, 0.0000, 470.6051, 1104.8970, 0.0000, 74, 68, 58
L 459.7518, 1104.8970, 0.0000, 483.8377, 1104.8970, 0.0000, 74, 68, 58
L 479.5024, 1104.8970, 0.0000, 495.9159, 1104.8970, 0.0000, 74, 68, 58
L 491.1288, 1104.8970, 0.0000, 516.8723, 1104.8970, 0.0000, 74, 68, 58
L 511.9385, 1104.8970, 0.0000, 522.2871, 1104.8970, 0.0000, 74, 68, 58
L 527.2803, 1104.8970, 0.0000, 553.4717, 1104.8970, 0.0000, 74, 68, 58
L 541.0077, 1104.8970, 0.0000, 564.8167, 1104.8970, 0.0000, 74, 68, 58
L 554.5910, 1104.8970, 0.0000, 571.1858, 1104.8970, 0.0000, 74, 68, 58
L 570.9416, 1104.8970, 0.0000, 579.6096, 1104.8970, 0.0000, 74, 68, 58
L 606.0104, 1104.8970, 0.0000, 627.3798, 1104.8970, 0.0000, 74, 68, 58
L 624.2948, 1104.8970, 0.0000, 631.7791, 1104.8970, 0.0000, 74, 68, 58
L -538.2632, -518.1843, 0.0000, -546.8229, -475.1518, 0.0000, 78, 70, 92
L -546.8229, -475.1518, 0.0000, -571.1988, -438.6706, 0.0000, 78, 70, 92
L -571.1988, -438.6706, 0.0000, -607.6800, -414.2947, 0.0000, 78, 70, 92
L -607.6800, -414.2947, 0.0000, -650.7125, -405.7350, 0.0000, 78, 70, 92
L -650.7125, -405.7350, 0.0000, -693.7450, -414.2947, 0.0000, 78, 70, 92
L -693.7450, -414.2947, 0.0000, -730.2262, -438.6706, 0.0000, 78, 70, 92
L -730.2262, -438.6706, 0.0000, -754.6021, -475.1518, 0.0000, 78, 70, 92
L -754.6021, -475.1518, 0.0000, -763.1618, -518.1843, 0.0000, 78, 70, 92
L -714.2437, -536.7151, 0.0000, -706.5471, -575.4083, 0.0000, 78, 70, 92
L -706.5471, -575.4083, 0.0000, -684.6293, -608.2108, 0.0000, 78, 70, 92
L -684.6293, -608.2108, 0.0000, -651.8267, -630.1287, 0.0000, 78, 70, 92
L -651.8267, -630.1287, 0.0000, -613.1336, -637.8253, 0.0000, 78, 70, 92
L -613.1336, -637.8253, 0.0000, -574.4404, -630.1287, 0.0000, 78, 70, 92
L -574.4404, -630.1287, 0.0000, -541.6378, -608.2108, 0.0000, 78, 70, 92
L -541.6378, -608.2108, 0.0000, -519.7200, -575.4083, 0.0000, 78, 70, 92
L -519.7200, -575.4083, 0.0000, -512.0234, -536.7151, 0.0000, 78, 70, 92
L -613.1336, -536.7151, 0.0000, -512.0234, -536.7151, 0.0000, 78, 70, 92
L -650.7125, -518.1843, 0.0000, -606.9800, -474.4518, 0.0000, 78, 70, 92
L -650.7125, -518.1843, 0.0000, -650.7125, -405.7350, 0.0000, 78, 70, 92
L -650.7125, -518.1843, 0.0000, -694.4450, -474.4518, 0.0000, 78, 70, 92
L -613.1336, -536.7151, 0.0000, -714.2437, -536.7151, 0.0000, 78, 70, 92
L -613.1336, -536.7151, 0.0000, -652.4562, -576.0377, 0.0000, 78, 70, 92
L -613.1336, -536.7151, 0.0000, -613.1336, -637.8253, 0.0000, 78, 70, 92
L -613.1336, -536.7151, 0.0000, -573.8109, -576.0377, 0.0000, 78, 70, 92
L -625.8127, -648.6152, 0.0000, -625.8127, -687.0371, 0.0000, 78, 70, 92
L -625.8127, -687.0371, 0.0000, -600.4544, -648.6152, 0.0000, 78, 70, 92
L -600.4544, -648.6152, 0.0000, -600.4544, -687.0371, 0.0000, 78, 70, 92
L -636.6114, -387.3254, 0.0000, -642.2518, -393.7350, 0.0000, 78, 70, 92
L -642.2518, -393.7350, 0.0000, -659.1732, -393.7350, 0.0000, 78, 70, 92
L -659.1732, -393.7350, 0.0000, -664.8136, -386.0435, 0.0000, 78, 70, 92
L -664.8136, -386.0435, 0.0000, -664.8136, -376.6427, 0.0000, 78, 70, 92
L -664.8136, -376.6427, 0.0000, -659.1732, -372.3696, 0.0000, 78, 70, 92
L -659.1732, -372.3696, 0.0000, -642.2518, -372.3696, 0.0000, 78, 70, 92
L -642.2518, -372.3696, 0.0000, -636.6114, -367.2419, 0.0000, 78, 70, 92
L -636.6114, -367.2419, 0.0000, -636.6114, -357.8412, 0.0000, 78, 70, 92
L -636.6114, -357.8412, 0.0000, -642.2518, -351.0043, 0.0000, 78, 70, 92
L -642.2518, -351.0043, 0.0000, -659.1732, -351.0043, 0.0000, 78, 70, 92
L -659.1732, -351.0043, 0.0000, -664.8136, -357.8412, 0.0000, 78, 70, 92
L -475.8750, -555.9261, 0.0000, -501.2335, -555.9261, 0.0000, 78, 70, 92
L -501.2335, -555.9261, 0.0000, -501.2335, -517.5042, 0.0000, 78, 70, 92
L -526.2632, -496.8189, 0.0000, -498.0609, -496.8189, 0.0000, 78, 70, 92
L -501.2335, -536.7151, 0.0000, -483.4826, -536.7151, 0.0000, 78, 70, 92
L -750.3921, -555.9261, 0.0000, -744.0525, -517.5042, 0.0000, 78, 70, 92
L -744.0525, -517.5042, 0.0000, -737.7128, -540.5573, 0.0000, 78, 70, 92
L -737.7128, -540.5573, 0.0000, -731.3733, -517.5042, 0.0000, 78, 70, 92
L -731.3733, -517.5042, 0.0000, -725.0336, -555.9261, 0.0000, 78, 70, 92
L -814.4728, -651.9319, 0.0000, -821.3540, -648.7901, 0.0000, 74, 60, 46
L -821.3540, -648.8863, 0.0000, -822.7302, -639.0432, 0.0000, 74, 60, 46
L -822.7302, -639.7042, 0.0000, -826.8589, -631.4317, 0.0000, 74, 60, 46
L -826.8589, -631.1945, 0.0000, -824.1065, -625.2996, 0.0000, 74, 60, 46
L -824.1065, -625.2747, 0.0000, -828.2352, -624.1788, 0.0000, 74, 60, 46
L -828.2352, -624.4730, 0.0000, -828.9233, -623.1040, 0.0000, 74, 60, 46
L -828.9233, -622.8079, 0.0000, -818.6014, -623.0743, 0.0000, 74, 60, 46
L -818.6014, -622.7320, 0.0000, -817.9133, -626.5110, 0.0000, 74, 60, 46
L -817.9133, -626.4775, 0.0000, -819.2896, -630.8785, 0.0000, 74, 60, 46
L -819.2896, -630.9762, 0.0000, -815.8490, -639.3115, 0.0000, 74, 60, 46
L -815.8490, -639.5998, 0.0000, -814.4728, -651.9233, 0.0000, 74, 60, 46
L -818.5465, -649.7553, 0.0000, -814.8459, -649.7553, 0.0000, 74, 60, 46
L -821.5067, -646.2885, 0.0000, -815.2244, -646.2885, 0.0000, 74, 60, 46
L -821.9933, -643.4404, 0.0000, -815.6028, -643.4404, 0.0000, 74, 60, 46
L -822.4799, -639.8096, 0.0000, -815.9813, -639.8096, 0.0000, 74, 60, 46
L -824.0171, -636.1081, 0.0000, -817.2586, -636.1081, 0.0000, 74, 60, 46
L -825.7202, -632.4211, 0.0000, -818.6779, -632.4211, 0.0000, 74, 60, 46
L -825.9266, -629.2355, 0.0000, -819.0459, -629.2355, 0.0000, 74, 60, 46
L -824.2235, -625.7081, 0.0000, -818.1145, -625.7081, 0.0000, 74, 60, 46
L -818.6014, -650.2400, 0.0000, -828.2352, -646.0282, 0.0000, 74, 60, 46
L -828.2352, -646.2927, 0.0000, -837.8689, -638.2587, 0.0000, 74, 60, 46
L -837.8689, -637.9636, 0.0000, -843.3738, -629.9272, 0.0000, 74, 60, 46
L -843.3738, -629.6896, 0.0000, -841.3094, -627.7286, 0.0000, 74, 60, 46
L -841.3094, -627.9614, 0.0000, -835.1164, -635.0444, 0.0000, 74, 60, 46
L -835.1164, -635.2448, 0.0000, -826.8589, -641.8851, 0.0000, 74, 60, 46
L -826.8589, -642.2129, 0.0000, -818.6014, -646.1443, 0.0000, 74, 60, 46
L -818.6014, -646.2753, 0.0000, -818.6014, -650.5613, 0.0000, 74, 60, 46
L -822.1808, -649.1326, 0.0000, -818.7752, -649.1326, 0.0000, 74, 60, 46
L -828.8743, -645.7004, 0.0000, -820.1686, -645.7004, 0.0000, 74, 60, 46
L -832.6274, -642.7078, 0.0000, -826.6025, -642.7078, 0.0000, 74, 60, 46
L -836.3806, -638.5757, 0.0000, -830.6349, -638.5757, 0.0000, 74, 60, 46
L -839.0886, -636.4492, 0.0000, -834.4953, -636.4492, 0.0000, 74, 60, 46
L -841.2333, -632.9104, 0.0000, -837.3803, -632.9104, 0.0000, 74, 60, 46
L -842.9335, -629.6797, 0.0000, -840.0123, -629.6797, 0.0000, 74, 60, 46
L -802.0865, -651.7506, 0.0000, -808.9677, -650.2706, 0.0000, 104, 88, 70
L -808.9677, -650.1952, 0.0000, -809.6559, -639.7484, 0.0000, 104, 88, 70
L -809.6559, -639.7460, 0.0000, -805.5272, -631.0053, 0.0000, 104, 88, 70
L -805.5272, -631.4185, 0.0000, -800.7103, -625.4879, 0.0000, 104, 88, 70
L -800.7103, -625.5119, 0.0000, -796.5816, -624.6301, 0.0000, 104, 88, 70
L -796.5816, -623.9652, 0.0000, -795.8935, -622.6469, 0.0000, 104, 88, 70
L -795.8935, -622.8320, 0.0000, -806.2153, -623.0908, 0.0000, 104, 88, 70
L -806.2153, -622.5197, 0.0000, -806.9034, -626.4800, 0.0000, 104, 88, 70
L -806.9034, -626.4638, 0.0000, -808.2796, -631.0395, 0.0000, 104, 88, 70
L -808.2796, -631.4607, 0.0000, -804.8391, -639.3940, 0.0000, 104, 88, 70
L -804.8391, -638.9533, 0.0000, -802.0865, -651.5157, 0.0000, 104, 88, 70
L -809.0322, -646.6136, 0.0000, -807.7959, -646.6136, 0.0000, 104, 88, 70
L -809.2688, -641.6743, 0.0000, -807.7959, -641.6743, 0.0000, 104, 88, 70
L -809.2365, -638.2946, 0.0000, -807.8676, -638.2946, 0.0000, 104, 88, 70
L -807.3872, -650.0788, 0.0000, -802.6357, -650.0788, 0.0000, 74, 60, 46
L -807.3872, -647.6085, 0.0000, -803.3254, -647.6085, 0.0000, 74, 60, 46
L -807.3872, -644.5532, 0.0000, -804.0151, -644.5532, 0.0000, 74, 60, 46
L -807.3872, -641.2254, 0.0000, -804.7047, -641.2254, 0.0000, 74, 60, 46
L -806.9924, -637.6849, 0.0000, -805.5698, -637.6849, 0.0000, 74, 60, 46
L -807.2300, -631.0157, 0.0000, -805.8493, -631.0157, 0.0000, 74, 60, 46
L -807.0112, -628.3479, 0.0000, -803.4284, -628.3479, 0.0000, 74, 60, 46
L -806.5153, -625.8269, 0.0000, -800.2231, -625.8269, 0.0000, 74, 60, 46
L -797.2697, -624.2226, 0.0000, -795.3430, -623.2592, 0.0000, 104, 88, 70
L -795.4806, -624.2226, 0.0000, -793.5538, -623.2592, 0.0000, 104, 88, 70
L -793.6915, -624.2226, 0.0000, -791.7647, -623.2592, 0.0000, 104, 88, 70
L -800.7103, -652.7385, 0.0000, -796.5816, -661.1748, 0.0000, 104, 88, 70
L -796.5816, -661.1241, 0.0000, -797.9579, -667.9788, 0.0000, 104, 88, 70
L -797.9579, -668.2049, 0.0000, -804.8391, -670.8701, 0.0000, 104, 88, 70
L -804.8391, -671.0473, 0.0000, -813.0965, -667.8596, 0.0000, 104, 88, 70
L -813.0965, -668.1864, 0.0000, -818.6014, -661.2041, 0.0000, 104, 88, 70
L -818.6014, -661.1073, 0.0000, -819.2896, -654.1092, 0.0000, 104, 88, 70
L -819.2896, -654.7493, 0.0000, -815.8490, -650.1904, 0.0000, 104, 88, 70
L -815.8490, -650.2372, 0.0000, -808.9677, -649.1494, 0.0000, 104, 88, 70
L -808.9677, -648.9967, 0.0000, -803.4628, -650.7623, 0.0000, 104, 88, 70
L -803.4628, -650.5008, 0.0000, -800.7103, -653.2701, 0.0000, 104, 88, 70
L -811.6019, -668.7876, 0.0000, -809.1721, -668.7876, 0.0000, 104, 88, 70
L -815.2317, -665.8187, 0.0000, -809.1721, -665.8187, 0.0000, 104, 88, 70
L -818.2595, -661.5796, 0.0000, -809.1721, -661.5796, 0.0000, 104, 88, 70
L -818.7583, -657.2493, 0.0000, -809.1721, -657.2493, 0.0000, 104, 88, 70
L -818.6551, -654.4336, 0.0000, -809.1721, -654.4336, 0.0000, 104, 88, 70
L -814.7844, -650.0293, 0.0000, -809.1721, -650.0293, 0.0000, 104, 88, 70
L -806.9622, -669.6495, 0.0000, -801.1641, -669.6495, 0.0000, 74, 60, 46
L -808.7634, -666.6205, 0.0000, -797.7816, -666.6205, 0.0000, 74, 60, 46
L -808.7634, -663.0373, 0.0000, -797.1610, -663.0373, 0.0000, 74, 60, 46
L -808.7634, -660.2925, 0.0000, -797.4001, -660.2925, 0.0000, 74, 60, 46
L -808.7634, -656.9726, 0.0000, -798.9518, -656.9726, 0.0000, 74, 60, 46
L -808.7634, -654.2754, 0.0000, -800.5036, -654.2754, 0.0000, 74, 60, 46
L -808.7634, -651.3786, 0.0000, -803.1958, -651.3786, 0.0000, 74, 60, 46
L -799.3340, -665.5099, 0.0000, -802.0865, -666.8861, 0.0000, 74, 60, 46
L -804.8391, -669.6386, 0.0000, -807.5915, -671.0149, 0.0000, 74, 60, 46
L -811.0321, -667.5742, 0.0000, -813.7846, -668.9505, 0.0000, 74, 60, 46
L -815.8490, -661.3812, 0.0000, -818.6014, -662.7574, 0.0000, 74, 60, 46
L -804.7329, -654.7594, 0.0000, -803.3566, -654.3465, 0.0000, 74, 60, 46
L -808.7361, -658.0166, 0.0000, -807.3599, -657.6037, 0.0000, 74, 60, 46
L -806.4211, -662.7270, 0.0000, -805.0449, -662.3141, 0.0000, 74, 60, 46
L -802.6167, -659.3277, 0.0000, -801.2404, -658.9148, 0.0000, 74, 60, 46
L -813.7487, -658.2811, 0.0000, -812.3724, -657.8683, 0.0000, 74, 60, 46
L -811.8224, -658.0456, 0.0000, -810.4461, -657.6327, 0.0000, 74, 60, 46
L -799.3340, -663.9245, 0.0000, -793.8291, -665.8283, 0.0000, 104, 88, 70
L -793.8291, -665.8070, 0.0000, -791.0766, -664.4714, 0.0000, 104, 88, 70
L -791.0766, -664.2876, 0.0000, -795.2053, -660.3386, 0.0000, 104, 88, 70
L -795.2053, -660.3436, 0.0000, -800.0221, -658.5886, 0.0000, 104, 88, 70
L -800.0221, -658.9042, 0.0000, -799.3340, -664.4371, 0.0000, 104, 88, 70
L -799.1893, -663.5024, 0.0000, -791.4825, -663.5024, 0.0000, 104, 88, 70
L -799.5915, -660.3518, 0.0000, -794.6996, -660.3518, 0.0000, 104, 88, 70
L -793.8291, -665.7010, 0.0000, -789.7004, -668.4253, 0.0000, 104, 88, 70
L -789.7004, -668.4007, 0.0000, -784.1954, -667.3702, 0.0000, 104, 88, 70
L -784.1954, -667.4489, 0.0000, -778.6904, -664.1524, 0.0000, 104, 88, 70
L -778.6904, -663.9462, 0.0000, -773.1855, -662.6516, 0.0000, 104, 88, 70
L -773.1855, -662.5882, 0.0000, -772.1532, -660.9592, 0.0000, 104, 88, 70
L -772.1532, -661.1135, 0.0000, -777.3142, -660.8878, 0.0000, 104, 88, 70
L -777.3142, -660.8030, 0.0000, -784.1954, -661.2651, 0.0000, 104, 88, 70
L -784.1954, -660.9203, 0.0000, -789.7004, -661.8422, 0.0000, 104, 88, 70
L -789.7004, -661.6919, 0.0000, -794.5172, -661.1918, 0.0000, 104, 88, 70
L -794.5172, -661.5213, 0.0000, -793.8291, -665.4487, 0.0000, 104, 88, 70
L -791.5442, -667.0445, 0.0000, -787.0909, -667.0445, 0.0000, 104, 88, 70
L -793.8896, -664.4873, 0.0000, -787.0909, -664.4873, 0.0000, 104, 88, 70
L -794.3312, -661.5865, 0.0000, -791.0476, -661.5865, 0.0000, 104, 88, 70
L -789.2132, -661.7051, 0.0000, -787.0909, -661.7051, 0.0000, 104, 88, 70
L -786.8048, -666.8149, 0.0000, -784.2424, -666.8149, 0.0000, 74, 60, 46
L -786.8048, -664.8600, 0.0000, -780.3804, -664.8600, 0.0000, 74, 60, 46
L -786.8048, -662.4713, 0.0000, -774.6662, -662.4713, 0.0000, 74, 60, 46
L -784.1954, -660.9428, 0.0000, -773.1855, -660.8894, 0.0000, 104, 88, 70
L -773.1855, -660.9434, 0.0000, -772.8414, -659.5472, 0.0000, 104, 88, 70
L -772.8414, -659.7776, 0.0000, -778.6904, -659.4350, 0.0000, 104, 88, 70
L -778.6904, -659.5885, 0.0000, -784.1954, -660.0081, 0.0000, 104, 88, 70
L -784.1954, -660.1549, 0.0000, -784.1954, -660.8810, 0.0000, 104, 88, 70
L -780.8972, -659.3898, 0.0000, -773.0108, -659.3898, 0.0000, 104, 88, 70
L -788.3241, -668.2624, 0.0000, -773.1855, -662.4133, 0.0000, 74, 60, 46
L -791.0766, -666.5421, 0.0000, -788.3241, -666.0604, 0.0000, 74, 60, 46
L -775.2498, -660.6930, 0.0000, -774.2176, -657.9405, 0.0000, 150, 142, 120
L -793.8291, -668.2624, 0.0000, -800.7103, -674.4554, 0.0000, 74, 60, 46
L -797.2697, -668.9505, 0.0000, -805.5272, -675.1436, 0.0000, 74, 60, 46
L -800.7103, -668.2624, 0.0000, -810.3440, -674.4554, 0.0000, 74, 60, 46
L -800.7103, -661.5848, 0.0000, -795.2053, -657.1855, 0.0000, 104, 88, 70
L -795.2053, -657.3352, 0.0000, -793.8291, -647.3829, 0.0000, 104, 88, 70
L -793.8291, -647.7905, 0.0000, -796.5816, -640.8314, 0.0000, 104, 88, 70
L -796.5816, -640.3910, 0.0000, -799.3340, -642.4053, 0.0000, 104, 88, 70
L -799.3340, -642.4814, 0.0000, -797.9579, -648.6810, 0.0000, 104, 88, 70
L -797.9579, -648.9444, 0.0000, -799.3340, -657.4358, 0.0000, 104, 88, 70
L -799.3340, -656.9301, 0.0000, -803.4628, -659.6516, 0.0000, 104, 88, 70
L -803.4628, -660.0177, 0.0000, -800.7103, -661.5232, 0.0000, 104, 88, 70
L -802.7886, -659.8341, 0.0000, -800.3265, -659.8341, 0.0000, 104, 88, 70
L -799.1501, -659.9099, 0.0000, -798.1214, -659.9099, 0.0000, 74, 60, 46
L -799.1400, -656.8775, 0.0000, -795.3806, -656.8775, 0.0000, 74, 60, 46
L -798.6745, -654.3133, 0.0000, -794.9815, -654.3133, 0.0000, 74, 60, 46
L -798.2090, -651.9881, 0.0000, -794.5826, -651.9881, 0.0000, 74, 60, 46
L -797.8104, -648.9538, 0.0000, -794.1835, -648.9538, 0.0000, 74, 60, 46
L -798.3690, -646.5920, 0.0000, -794.6528, -646.5920, 0.0000, 74, 60, 46
L -798.9277, -643.3206, 0.0000, -795.7701, -643.3206, 0.0000, 74, 60, 46
L -795.8935, -640.0495, 0.0000, -795.2053, -637.2969, 0.0000, 104, 88, 70
L -797.2697, -640.0495, 0.0000, -796.5816, -637.2969, 0.0000, 104, 88, 70
L -798.6460, -640.0495, 0.0000, -797.9579, -637.2969, 0.0000, 104, 88, 70
L -808.9677, -658.6287, 0.0000, -793.8291, -682.0249, 0.0000, 150, 142, 120
L -793.8291, -682.0249, 0.0000, -786.9479, -679.9605, 0.0000, 74, 60, 46
L -793.8291, -682.0249, 0.0000, -799.3340, -684.7773, 0.0000, 74, 60, 46
L -648.3352, -656.1979, 0.0000, -639.6267, -661.7396, 0.0000, 64, 58, 66
L -639.6267, -661.7396, 0.0000, -632.5016, -654.6145, 0.0000, 64, 58, 66
L -632.5016, -654.6145, 0.0000, -628.5432, -657.7812, 0.0000, 64, 58, 66
L -628.5432, -657.7812, 0.0000, -624.5848, -654.6145, 0.0000, 64, 58, 66
L -624.5848, -654.6145, 0.0000, -617.4597, -661.7396, 0.0000, 64, 58, 66
L -617.4597, -661.7396, 0.0000, -608.7512, -656.1979, 0.0000, 64, 58, 66
L -648.3352, -656.1979, 0.0000, -640.4184, -649.8644, 0.0000, 64, 58, 66
L -640.4184, -649.8644, 0.0000, -631.7099, -651.4478, 0.0000, 64, 58, 66
L -608.7512, -656.1979, 0.0000, -616.6680, -649.8644, 0.0000, 64, 58, 66
L -616.6680, -649.8644, 0.0000, -625.3765, -651.4478, 0.0000, 64, 58, 66
L -628.5432, -657.7812, 0.0000, -628.5432, -649.8644, 0.0000, 64, 58, 66
L -398.4524, -652.2394, 0.0000, -395.0166, -656.6570, 0.0000, 110, 100, 92
L -395.0166, -656.6570, 0.0000, -386.6722, -657.1479, 0.0000, 110, 100, 92
L -386.6722, -657.1479, 0.0000, -381.7638, -653.7120, 0.0000, 110, 100, 92
L -381.7638, -653.7120, 0.0000, -378.8188, -651.7486, 0.0000, 110, 100, 92
L -378.8188, -651.7486, 0.0000, -383.2363, -650.2761, 0.0000, 110, 100, 92
L -383.2363, -650.2761, 0.0000, -394.5257, -649.7852, 0.0000, 110, 100, 92
L -394.5257, -649.7852, 0.0000, -398.4524, -652.2394, 0.0000, 110, 100, 92
L -385.4451, -657.6387, 0.0000, -386.0920, -656.2956, 0.0000, 110, 100, 92
L -386.0920, -656.2956, 0.0000, -387.5454, -655.9638, 0.0000, 110, 100, 92
L -387.5454, -655.9638, 0.0000, -388.7109, -656.8933, 0.0000, 110, 100, 92
L -388.7109, -656.8933, 0.0000, -388.7109, -658.3841, 0.0000, 110, 100, 92
L -388.7109, -658.3841, 0.0000, -387.5454, -659.3136, 0.0000, 110, 100, 92
L -387.5454, -659.3136, 0.0000, -386.0920, -658.9819, 0.0000, 110, 100, 92
L -386.0920, -658.9819, 0.0000, -385.4451, -657.6387, 0.0000, 110, 100, 92
L -394.0349, -650.2761, 0.0000, -394.7711, -645.8585, 0.0000, 110, 100, 92
L -389.6173, -650.2761, 0.0000, -390.3536, -645.8585, 0.0000, 110, 100, 92
L -385.1997, -650.2761, 0.0000, -385.9360, -645.8585, 0.0000, 110, 100, 92
L -398.4524, -652.2394, 0.0000, -399.9951, -651.1705, 0.0000, 110, 100, 92
L -399.9951, -651.1705, 0.0000, -401.5377, -650.2474, 0.0000, 110, 100, 92
L -401.5377, -650.2474, 0.0000, -403.0804, -649.5960, 0.0000, 110, 100, 92
L -403.0804, -649.5960, 0.0000, -404.6230, -649.3050, 0.0000, 110, 100, 92
L -404.6230, -649.3050, 0.0000, -406.1657, -649.4143, 0.0000, 110, 100, 92
L -406.1657, -649.4143, 0.0000, -407.7083, -649.9089, 0.0000, 110, 100, 92
L -407.7083, -649.9089, 0.0000, -409.2510, -650.7213, 0.0000, 110, 100, 92
L -153.8844, -675.0473, 0.0000, -152.5571, -672.2510, 0.0000, 50, 76, 50
L -152.5571, -672.2510, 0.0000, -153.6724, -669.5886, 0.0000, 50, 76, 50
L -153.6724, -669.5886, 0.0000, -156.9253, -668.4552, 0.0000, 50, 76, 50
L -156.9253, -668.4552, 0.0000, -158.7146, -666.3568, 0.0000, 50, 76, 50
L -158.7146, -666.3568, 0.0000, -161.1043, -664.1701, 0.0000, 50, 76, 50
L -161.1043, -664.1701, 0.0000, -164.4162, -665.1335, 0.0000, 50, 76, 50
L -164.4162, -665.1335, 0.0000, -167.1765, -665.9819, 0.0000, 50, 76, 50
L -167.1765, -665.9819, 0.0000, -170.6695, -665.5159, 0.0000, 50, 76, 50
L -170.6695, -665.5159, 0.0000, -173.0104, -667.4843, 0.0000, 50, 76, 50
L -173.0104, -667.4843, 0.0000, -173.5050, -670.4295, 0.0000, 50, 76, 50
L -173.5050, -670.4295, 0.0000, -175.7236, -672.3810, 0.0000, 50, 76, 50
L -175.7236, -672.3810, 0.0000, -177.1546, -675.0473, 0.0000, 50, 76, 50
L -177.1546, -675.0473, 0.0000, -175.0343, -677.5510, 0.0000, 50, 76, 50
L -175.0343, -677.5510, 0.0000, -173.8250, -679.8275, 0.0000, 50, 76, 50
L -173.8250, -679.8275, 0.0000, -173.3798, -682.9352, 0.0000, 50, 76, 50
L -173.3798, -682.9352, 0.0000, -170.3496, -684.0910, 0.0000, 50, 76, 50
L -170.3496, -684.0910, 0.0000, -167.1270, -683.9501, 0.0000, 50, 76, 50
L -167.1270, -683.9501, 0.0000, -164.4162, -685.6112, 0.0000, 50, 76, 50
L -164.4162, -685.6112, 0.0000, -161.1537, -685.7618, 0.0000, 50, 76, 50
L -161.1537, -685.7618, 0.0000, -159.0345, -683.2501, 0.0000, 50, 76, 50
L -159.0345, -683.2501, 0.0000, -156.5559, -681.9643, 0.0000, 50, 76, 50
L -156.5559, -681.9643, 0.0000, -153.3525, -680.6684, 0.0000, 50, 76, 50
L -153.3525, -680.6684, 0.0000, -153.2464, -677.6810, 0.0000, 50, 76, 50
L -153.2464, -677.6810, 0.0000, -153.8844, -675.0473, 0.0000, 50, 76, 50
L -151.6731, -661.4192, 0.0000, -151.6731, -652.2394, 0.0000, 56, 48, 40
L 49.9756, -657.2524, 0.0000, 59.5515, -663.9198, 0.0000, 50, 76, 50
L 59.5515, -663.9198, 0.0000, 65.4206, -662.7223, 0.0000, 50, 76, 50
L 56.1535, -660.4528, 0.0000, 55.6006, -663.6828, 0.0000, 50, 76, 50
L 60.7871, -662.8530, 0.0000, 60.2340, -666.0830, 0.0000, 50, 76, 50
L 49.9756, -657.2524, 0.0000, 55.4905, -668.0650, 0.0000, 50, 76, 50
L 55.4905, -668.0650, 0.0000, 58.8706, -671.0127, 0.0000, 50, 76, 50
L 53.5336, -662.4425, 0.0000, 51.1240, -664.6634, 0.0000, 50, 76, 50
L 56.2021, -666.3349, 0.0000, 53.7924, -668.5559, 0.0000, 50, 76, 50
L 49.9756, -657.2524, 0.0000, 50.0010, -669.3773, 0.0000, 50, 76, 50
L 50.0010, -669.3773, 0.0000, 50.0167, -673.6374, 0.0000, 50, 76, 50
L 49.9920, -663.0724, 0.0000, 46.7641, -663.6374, 0.0000, 50, 76, 50
L 50.0044, -667.4373, 0.0000, 46.7765, -668.0024, 0.0000, 50, 76, 50
L 49.9756, -657.2524, 0.0000, 44.5863, -668.1294, 0.0000, 50, 76, 50
L 44.5863, -668.1294, 0.0000, 41.2832, -671.1416, 0.0000, 50, 76, 50
L 46.4986, -662.4734, 0.0000, 43.4657, -661.2324, 0.0000, 50, 76, 50
L 43.8909, -666.3892, 0.0000, 40.8580, -665.1480, 0.0000, 50, 76, 50
L 49.9756, -657.2524, 0.0000, 40.7019, -664.5291, 0.0000, 50, 76, 50
L 40.7019, -664.5291, 0.0000, 35.0179, -663.9410, 0.0000, 50, 76, 50
L 43.9926, -660.7453, 0.0000, 42.1658, -658.0246, 0.0000, 50, 76, 50
L 39.5053, -663.3648, 0.0000, 37.6785, -660.6442, 0.0000, 50, 76, 50
L 271.2486, -651.6515, 0.0000, 278.1298, -649.3255, 0.0000, 74, 60, 46
L 278.1298, -648.9687, 0.0000, 279.5060, -639.4875, 0.0000, 74, 60, 46
L 279.5060, -639.0398, 0.0000, 283.6347, -630.7966, 0.0000, 74, 60, 46
L 283.6347, -630.9284, 0.0000, 280.8823, -625.5041, 0.0000, 74, 60, 46
L 280.8823, -625.4520, 0.0000, 285.0110, -624.3959, 0.0000, 74, 60, 46
L 285.0110, -624.4429, 0.0000, 285.6991, -622.7355, 0.0000, 74, 60, 46
L 285.6991, -622.9443, 0.0000, 275.3773, -622.7292, 0.0000, 74, 60, 46
L 275.3773, -622.6207, 0.0000, 274.6891, -626.3454, 0.0000, 74, 60, 46
L 274.6891, -626.5094, 0.0000, 276.0654, -631.3845, 0.0000, 74, 60, 46
L 276.0654, -631.2102, 0.0000, 272.6248, -639.3832, 0.0000, 74, 60, 46
L 272.6248, -639.5701, 0.0000, 271.2486, -651.9112, 0.0000, 74, 60, 46
L 271.6217, -650.3574, 0.0000, 275.3223, -650.3574, 0.0000, 74, 60, 46
L 272.0002, -646.2481, 0.0000, 278.2826, -646.2481, 0.0000, 74, 60, 46
L 272.3787, -643.1857, 0.0000, 278.7691, -643.1857, 0.0000, 74, 60, 46
L 272.7571, -639.7607, 0.0000, 279.2557, -639.7607, 0.0000, 74, 60, 46
L 274.0345, -636.4117, 0.0000, 280.7929, -636.4117, 0.0000, 74, 60, 46
L 275.4537, -632.4009, 0.0000, 282.4960, -632.4009, 0.0000, 74, 60, 46
L 275.8217, -629.9651, 0.0000, 282.7025, -629.9651, 0.0000, 74, 60, 46
L 274.8903, -626.1581, 0.0000, 280.9994, -626.1581, 0.0000, 74, 60, 46
L 275.3773, -650.2593, 0.0000, 285.0110, -646.1835, 0.0000, 74, 60, 46
L 285.0110, -646.5387, 0.0000, 294.6447, -637.9128, 0.0000, 74, 60, 46
L 294.6447, -637.9054, 0.0000, 300.1496, -629.4746, 0.0000, 74, 60, 46
L 300.1496, -629.9462, 0.0000, 298.0853, -627.4285, 0.0000, 74, 60, 46
L 298.0853, -627.5446, 0.0000, 291.8922, -634.9722, 0.0000, 74, 60, 46
L 291.8922, -635.2457, 0.0000, 283.6347, -642.1754, 0.0000, 74, 60, 46
L 283.6347, -641.9269, 0.0000, 275.3773, -646.5648, 0.0000, 74, 60, 46
L 275.3773, -646.4180, 0.0000, 275.3773, -650.5468, 0.0000, 74, 60, 46
L 275.5510, -649.1983, 0.0000, 278.9567, -649.1983, 0.0000, 74, 60, 46
L 276.9444, -645.2327, 0.0000, 285.6501, -645.2327, 0.0000, 74, 60, 46
L 283.3784, -642.1903, 0.0000, 289.4032, -642.1903, 0.0000, 74, 60, 46
L 287.4108, -639.1679, 0.0000, 293.1564, -639.1679, 0.0000, 74, 60, 46
L 291.2711, -635.8428, 0.0000, 295.8644, -635.8428, 0.0000, 74, 60, 46
L 294.1561, -633.2407, 0.0000, 298.0091, -633.2407, 0.0000, 74, 60, 46
L 296.7881, -630.0175, 0.0000, 299.7093, -630.0175, 0.0000, 74, 60, 46
L 258.8624, -652.1121, 0.0000, 265.7436, -650.3469, 0.0000, 104, 88, 70
L 265.7436, -650.2261, 0.0000, 266.4317, -639.3927, 0.0000, 104, 88, 70
L 266.4317, -639.3415, 0.0000, 262.3030, -631.3000, 0.0000, 104, 88, 70
L 262.3030, -631.0190, 0.0000, 257.4861, -625.7437, 0.0000, 104, 88, 70
L 257.4861, -625.9248, 0.0000, 253.3574, -623.9637, 0.0000, 104, 88, 70
L 253.3574, -624.2496, 0.0000, 252.6693, -623.0362, 0.0000, 104, 88, 70
L 252.6693, -622.9046, 0.0000, 262.9911, -622.9417, 0.0000, 104, 88, 70
L 262.9911, -622.8215, 0.0000, 263.6793, -626.0394, 0.0000, 104, 88, 70
L 263.6793, -626.3081, 0.0000, 265.0554, -630.7340, 0.0000, 104, 88, 70
L 265.0554, -630.6966, 0.0000, 261.6149, -639.5714, 0.0000, 104, 88, 70
L 261.6149, -639.5659, 0.0000, 258.8624, -651.5322, 0.0000, 104, 88, 70
L 259.4873, -649.2491, 0.0000, 264.1630, -649.2491, 0.0000, 104, 88, 70
L 260.3283, -646.6892, 0.0000, 264.1630, -646.6892, 0.0000, 104, 88, 70
L 261.1693, -641.8358, 0.0000, 264.1630, -641.8358, 0.0000, 104, 88, 70
L 262.1059, -638.1822, 0.0000, 263.9479, -638.1822, 0.0000, 104, 88, 70
L 262.3569, -631.2452, 0.0000, 264.1384, -631.2452, 0.0000, 104, 88, 70
L 259.0452, -626.6685, 0.0000, 263.5977, -626.6685, 0.0000, 104, 88, 70
L 253.1317, -622.8933, 0.0000, 262.8900, -622.8933, 0.0000, 104, 88, 70
L 264.5717, -650.1621, 0.0000, 265.5501, -650.1621, 0.0000, 74, 60, 46
L 264.5717, -646.9856, 0.0000, 265.7442, -646.9856, 0.0000, 74, 60, 46
L 264.5717, -644.6668, 0.0000, 265.9381, -644.6668, 0.0000, 74, 60, 46
L 264.5717, -640.7108, 0.0000, 266.1321, -640.7108, 0.0000, 74, 60, 46
L 264.7033, -638.0665, 0.0000, 265.8325, -638.0665, 0.0000, 74, 60, 46
L 254.0455, -624.2226, 0.0000, 252.1188, -623.2592, 0.0000, 104, 88, 70
L 252.2564, -624.2226, 0.0000, 250.3297, -623.2592, 0.0000, 104, 88, 70
L 250.4673, -624.2226, 0.0000, 248.5405, -623.2592, 0.0000, 104, 88, 70
L 257.4861, -653.2833, 0.0000, 253.3574, -660.9973, 0.0000, 104, 88, 70
L 253.3574, -661.0742, 0.0000, 254.7337, -668.5451, 0.0000, 104, 88, 70
L 254.7337, -668.0508, 0.0000, 261.6149, -670.7319, 0.0000, 104, 88, 70
L 261.6149, -670.7056, 0.0000, 269.8723, -668.5101, 0.0000, 104, 88, 70
L 269.8723, -668.2291, 0.0000, 275.3773, -661.2034, 0.0000, 104, 88, 70
L 275.3773, -661.7153, 0.0000, 276.0654, -654.8910, 0.0000, 104, 88, 70
L 276.0654, -654.9033, 0.0000, 272.6248, -650.5946, 0.0000, 104, 88, 70
L 272.6248, -650.6864, 0.0000, 265.7436, -648.7666, 0.0000, 104, 88, 70
L 265.7436, -649.1022, 0.0000, 260.2386, -650.6733, 0.0000, 104, 88, 70
L 260.2386, -650.7014, 0.0000, 257.4861, -652.8244, 0.0000, 104, 88, 70
L 257.0884, -668.5195, 0.0000, 264.2490, -668.5195, 0.0000, 104, 88, 70
L 254.3532, -665.5610, 0.0000, 265.5392, -665.5610, 0.0000, 104, 88, 70
L 253.5961, -661.1459, 0.0000, 265.5392, -661.1459, 0.0000, 104, 88, 70
L 255.3681, -657.9690, 0.0000, 265.5392, -657.9690, 0.0000, 104, 88, 70
L 257.2604, -654.6077, 0.0000, 265.5392, -654.6077, 0.0000, 104, 88, 70
L 261.1311, -650.3075, 0.0000, 265.5392, -650.3075, 0.0000, 104, 88, 70
L 265.9479, -669.5056, 0.0000, 267.8667, -669.5056, 0.0000, 74, 60, 46
L 265.9479, -666.8247, 0.0000, 271.1901, -666.8247, 0.0000, 74, 60, 46
L 265.9479, -663.1149, 0.0000, 273.6728, -663.1149, 0.0000, 74, 60, 46
L 265.9479, -660.7584, 0.0000, 275.2957, -660.7584, 0.0000, 74, 60, 46
L 265.9479, -657.2039, 0.0000, 275.6061, -657.2039, 0.0000, 74, 60, 46
L 265.9479, -653.5436, 0.0000, 275.3994, -653.5436, 0.0000, 74, 60, 46
L 265.9479, -651.4056, 0.0000, 272.8132, -651.4056, 0.0000, 74, 60, 46
L 256.1098, -665.5099, 0.0000, 258.8624, -666.8861, 0.0000, 74, 60, 46
L 261.6149, -669.6386, 0.0000, 264.3673, -671.0149, 0.0000, 74, 60, 46
L 267.8079, -667.5742, 0.0000, 270.5605, -668.9505, 0.0000, 74, 60, 46
L 272.6248, -661.3812, 0.0000, 275.3773, -662.7574, 0.0000, 74, 60, 46
L 268.8302, -663.2911, 0.0000, 267.4539, -662.8782, 0.0000, 74, 60, 46
L 264.3623, -661.0377, 0.0000, 262.9860, -660.6249, 0.0000, 74, 60, 46
L 269.9589, -664.4087, 0.0000, 268.5827, -663.9958, 0.0000, 74, 60, 46
L 263.2312, -657.3460, 0.0000, 261.8550, -656.9331, 0.0000, 74, 60, 46
L 271.0629, -658.6932, 0.0000, 269.6867, -658.2804, 0.0000, 74, 60, 46
L 269.6788, -661.4111, 0.0000, 268.3026, -660.9983, 0.0000, 74, 60, 46
L 256.1098, -664.2380, 0.0000, 250.6049, -665.3504, 0.0000, 104, 88, 70
L 250.6049, -665.5670, 0.0000, 247.8524, -664.2782, 0.0000, 104, 88, 70
L 247.8524, -664.1758, 0.0000, 251.9812, -659.7667, 0.0000, 104, 88, 70
L 251.9812, -659.7426, 0.0000, 256.7980, -658.5233, 0.0000, 104, 88, 70
L 256.7980, -658.8511, 0.0000, 256.1098, -664.3687, 0.0000, 104, 88, 70
L 248.2584, -663.8935, 0.0000, 255.9652, -663.8935, 0.0000, 104, 88, 70
L 251.4754, -661.0994, 0.0000, 256.3674, -661.0994, 0.0000, 104, 88, 70
L 250.6049, -665.6069, 0.0000, 246.4762, -668.5180, 0.0000, 104, 88, 70
L 246.4762, -668.3688, 0.0000, 240.9712, -667.1295, 0.0000, 104, 88, 70
L 240.9712, -667.0041, 0.0000, 235.4663, -664.1286, 0.0000, 104, 88, 70
L 235.4663, -664.3465, 0.0000, 229.9613, -662.2767, 0.0000, 104, 88, 70
L 229.9613, -662.6414, 0.0000, 228.9291, -661.2736, 0.0000, 104, 88, 70
L 228.9291, -660.9132, 0.0000, 234.0900, -660.8143, 0.0000, 104, 88, 70
L 234.0900, -660.6245, 0.0000, 240.9712, -661.2022, 0.0000, 104, 88, 70
L 240.9712, -660.9552, 0.0000, 246.4762, -661.9640, 0.0000, 104, 88, 70
L 246.4762, -661.6542, 0.0000, 251.2930, -661.5346, 0.0000, 104, 88, 70
L 251.2930, -661.3763, 0.0000, 250.6049, -665.3054, 0.0000, 104, 88, 70
L 240.5944, -666.8658, 0.0000, 243.5807, -666.8658, 0.0000, 104, 88, 70
L 235.8845, -663.9365, 0.0000, 243.5807, -663.9365, 0.0000, 104, 88, 70
L 229.5237, -661.9158, 0.0000, 243.2365, -661.9158, 0.0000, 104, 88, 70
L 243.8668, -667.2264, 0.0000, 247.9624, -667.2264, 0.0000, 74, 60, 46
L 243.8668, -665.4371, 0.0000, 250.5462, -665.4371, 0.0000, 74, 60, 46
L 243.8668, -662.6863, 0.0000, 250.9083, -662.6863, 0.0000, 74, 60, 46
L 240.9712, -660.7817, 0.0000, 229.9613, -660.7961, 0.0000, 104, 88, 70
L 229.9613, -661.2861, 0.0000, 229.6172, -659.5956, 0.0000, 104, 88, 70
L 229.6172, -659.7407, 0.0000, 235.4663, -659.5189, 0.0000, 104, 88, 70
L 235.4663, -659.7473, 0.0000, 240.9712, -660.0841, 0.0000, 104, 88, 70
L 240.9712, -660.1954, 0.0000, 240.9712, -660.8289, 0.0000, 104, 88, 70
L 229.7866, -659.6149, 0.0000, 237.6730, -659.6149, 0.0000, 104, 88, 70
L 245.1000, -668.2624, 0.0000, 229.9613, -662.4133, 0.0000, 74, 60, 46
L 247.8524, -666.5421, 0.0000, 245.1000, -666.0604, 0.0000, 74, 60, 46
L 232.0256, -660.6930, 0.0000, 230.9935, -657.9405, 0.0000, 150, 142, 120
L 250.6049, -668.2624, 0.0000, 257.4861, -674.4554, 0.0000, 74, 60, 46
L 254.0455, -668.9505, 0.0000, 262.3030, -675.1436, 0.0000, 74, 60, 46
L 257.4861, -668.2624, 0.0000, 267.1198, -674.4554, 0.0000, 74, 60, 46
L 257.4861, -661.1136, 0.0000, 251.9812, -656.9272, 0.0000, 104, 88, 70
L 251.9812, -657.3501, 0.0000, 250.6049, -647.5566, 0.0000, 104, 88, 70
L 250.6049, -647.6679, 0.0000, 253.3574, -640.6831, 0.0000, 104, 88, 70
L 253.3574, -640.7173, 0.0000, 256.1098, -641.7985, 0.0000, 104, 88, 70
L 256.1098, -642.2783, 0.0000, 254.7337, -649.2665, 0.0000, 104, 88, 70
L 254.7337, -648.6585, 0.0000, 256.1098, -657.4514, 0.0000, 104, 88, 70
L 256.1098, -657.5876, 0.0000, 260.2386, -660.0547, 0.0000, 104, 88, 70
L 260.2386, -659.9980, 0.0000, 257.4861, -661.3841, 0.0000, 104, 88, 70
L 254.5907, -659.1145, 0.0000, 255.9260, -659.1145, 0.0000, 104, 88, 70
L 252.0250, -656.2183, 0.0000, 255.7625, -656.2183, 0.0000, 104, 88, 70
L 251.5384, -652.4145, 0.0000, 255.1949, -652.4145, 0.0000, 104, 88, 70
L 251.0518, -649.7114, 0.0000, 254.6271, -649.7114, 0.0000, 104, 88, 70
L 251.4150, -646.3531, 0.0000, 255.1380, -646.3531, 0.0000, 104, 88, 70
L 252.7775, -642.5080, 0.0000, 255.8193, -642.5080, 0.0000, 104, 88, 70
L 257.2046, -659.4586, 0.0000, 260.0243, -659.4586, 0.0000, 74, 60, 46
L 252.6693, -640.0495, 0.0000, 251.9812, -637.2969, 0.0000, 104, 88, 70
L 254.0455, -640.0495, 0.0000, 253.3574, -637.2969, 0.0000, 104, 88, 70
L 255.4218, -640.0495, 0.0000, 254.7337, -637.2969, 0.0000, 104, 88, 70
L 265.7436, -658.6287, 0.0000, 250.6049, -682.0249, 0.0000, 150, 142, 120
L 250.6049, -682.0249, 0.0000, 243.7237, -679.9605, 0.0000, 74, 60, 46
L 250.6049, -682.0249, 0.0000, 256.1098, -684.7773, 0.0000, 74, 60, 46
L -903.8014, 986.5407, 0.0000, -895.0929, 980.9989, 0.0000, 64, 58, 66
L -895.0929, 980.9989, 0.0000, -887.9677, 988.1240, 0.0000, 64, 58, 66
L -887.9677, 988.1240, 0.0000, -884.0093, 984.9573, 0.0000, 64, 58, 66
L -884.0093, 984.9573, 0.0000, -880.0509, 988.1240, 0.0000, 64, 58, 66
L -880.0509, 988.1240, 0.0000, -872.9258, 980.9989, 0.0000, 64, 58, 66
L -872.9258, 980.9989, 0.0000, -864.2173, 986.5407, 0.0000, 64, 58, 66
L -903.8014, 986.5407, 0.0000, -895.8845, 992.8741, 0.0000, 64, 58, 66
L -895.8845, 992.8741, 0.0000, -887.1760, 991.2908, 0.0000, 64, 58, 66
L -864.2173, 986.5407, 0.0000, -872.1341, 992.8741, 0.0000, 64, 58, 66
L -872.1341, 992.8741, 0.0000, -880.8426, 991.2908, 0.0000, 64, 58, 66
L -884.0093, 984.9573, 0.0000, -884.0093, 992.8741, 0.0000, 64, 58, 66
L -687.9807, 990.4991, 0.0000, -684.5448, 986.0815, 0.0000, 110, 100, 92
L -684.5448, 986.0815, 0.0000, -676.2005, 985.5907, 0.0000, 110, 100, 92
L -676.2005, 985.5907, 0.0000, -671.2921, 989.0266, 0.0000, 110, 100, 92
L -671.2921, 989.0266, 0.0000, -668.3470, 990.9899, 0.0000, 110, 100, 92
L -668.3470, 990.9899, 0.0000, -672.7646, 992.4625, 0.0000, 110, 100, 92
L -672.7646, 992.4625, 0.0000, -684.0540, 992.9533, 0.0000, 110, 100, 92
L -684.0540, 992.9533, 0.0000, -687.9807, 990.4991, 0.0000, 110, 100, 92
L -674.9734, 985.0998, 0.0000, -675.6202, 986.4430, 0.0000, 110, 100, 92
L -675.6202, 986.4430, 0.0000, -677.0736, 986.7747, 0.0000, 110, 100, 92
L -677.0736, 986.7747, 0.0000, -678.2392, 985.8452, 0.0000, 110, 100, 92
L -678.2392, 985.8452, 0.0000, -678.2392, 984.3544, 0.0000, 110, 100, 92
L -678.2392, 984.3544, 0.0000, -677.0736, 983.4249, 0.0000, 110, 100, 92
L -677.0736, 983.4249, 0.0000, -675.6202, 983.7567, 0.0000, 110, 100, 92
L -675.6202, 983.7567, 0.0000, -674.9734, 985.0998, 0.0000, 110, 100, 92
L -683.5632, 992.4625, 0.0000, -684.2994, 996.8800, 0.0000, 110, 100, 92
L -679.1456, 992.4625, 0.0000, -679.8818, 996.8800, 0.0000, 110, 100, 92
L -674.7280, 992.4625, 0.0000, -675.4643, 996.8800, 0.0000, 110, 100, 92
L -687.9807, 990.4991, 0.0000, -689.5234, 991.5680, 0.0000, 110, 100, 92
L -689.5234, 991.5680, 0.0000, -691.0660, 992.4911, 0.0000, 110, 100, 92
L -691.0660, 992.4911, 0.0000, -692.6087, 993.1426, 0.0000, 110, 100, 92
L -692.6087, 993.1426, 0.0000, -694.1513, 993.4335, 0.0000, 110, 100, 92
L -694.1513, 993.4335, 0.0000, -695.6940, 993.3242, 0.0000, 110, 100, 92
L -695.6940, 993.3242, 0.0000, -697.2366, 992.8297, 0.0000, 110, 100, 92
L -697.2366, 992.8297, 0.0000, -698.7793, 992.0173, 0.0000, 110, 100, 92
L -463.7856, 974.3214, 0.0000, -464.7529, 976.7997, 0.0000, 50, 76, 50
L -464.7529, 976.7997, 0.0000, -467.0186, 978.5104, 0.0000, 50, 76, 50
L -467.0186, 978.5104, 0.0000, -467.6116, 981.0550, 0.0000, 50, 76, 50
L -467.6116, 981.0550, 0.0000, -469.5090, 983.0924, 0.0000, 50, 76, 50
L -469.5090, 983.0924, 0.0000, -472.7136, 982.6958, 0.0000, 50, 76, 50
L -472.7136, 982.6958, 0.0000, -475.2635, 983.1409, 0.0000, 50, 76, 50
L -475.2635, 983.1409, 0.0000, -478.2635, 984.1739, 0.0000, 50, 76, 50
L -478.2635, 984.1739, 0.0000, -480.5679, 982.4064, 0.0000, 50, 76, 50
L -480.5679, 982.4064, 0.0000, -482.0152, 980.2629, 0.0000, 50, 76, 50
L -482.0152, 980.2629, 0.0000, -484.8586, 979.1964, 0.0000, 50, 76, 50
L -484.8586, 979.1964, 0.0000, -486.2242, 976.9059, 0.0000, 50, 76, 50
L -486.2242, 976.9059, 0.0000, -484.9411, 974.3214, 0.0000, 50, 76, 50
L -484.9411, 974.3214, 0.0000, -485.1875, 971.9813, 0.0000, 50, 76, 50
L -485.1875, 971.9813, 0.0000, -485.3398, 969.2020, 0.0000, 50, 76, 50
L -485.3398, 969.2020, 0.0000, -482.5708, 967.8909, 0.0000, 50, 76, 50
L -482.5708, 967.8909, 0.0000, -480.0868, 966.9697, 0.0000, 50, 76, 50
L -480.0868, 966.9697, 0.0000, -478.1890, 964.7133, 0.0000, 50, 76, 50
L -478.1890, 964.7133, 0.0000, -475.2635, 964.5241, 0.0000, 50, 76, 50
L -475.2635, 964.5241, 0.0000, -472.7880, 966.1914, 0.0000, 50, 76, 50
L -472.7880, 966.1914, 0.0000, -469.9902, 966.2837, 0.0000, 50, 76, 50
L -469.9902, 966.2837, 0.0000, -467.0561, 967.0988, 0.0000, 50, 76, 50
L -467.0561, 967.0988, 0.0000, -466.5375, 969.8879, 0.0000, 50, 76, 50
L -466.5375, 969.8879, 0.0000, -465.7896, 972.0875, 0.0000, 50, 76, 50
L -465.7896, 972.0875, 0.0000, -463.7856, 974.3214, 0.0000, 50, 76, 50
L -475.2635, 982.9951, 0.0000, -475.2635, 990.4991, 0.0000, 56, 48, 40
L -270.8906, 990.4991, 0.0000, -262.4827, 984.7688, 0.0000, 50, 76, 50
L -262.4827, 984.7688, 0.0000, -257.3295, 985.9104, 0.0000, 50, 76, 50
L -265.4662, 987.7486, 0.0000, -265.9096, 984.9198, 0.0000, 50, 76, 50
L -261.3978, 985.6857, 0.0000, -261.8412, 982.8569, 0.0000, 50, 76, 50
L -270.8906, 990.4991, 0.0000, -265.5613, 981.3388, 0.0000, 50, 76, 50
L -265.5613, 981.3388, 0.0000, -262.2949, 979.0503, 0.0000, 50, 76, 50
L -267.4523, 986.1021, 0.0000, -269.4166, 984.0188, 0.0000, 50, 76, 50
L -264.8736, 982.8044, 0.0000, -266.8379, 980.7211, 0.0000, 50, 76, 50
L -270.8906, 990.4991, 0.0000, -271.0532, 979.9061, 0.0000, 50, 76, 50
L -271.0532, 979.9061, 0.0000, -271.1529, 976.1851, 0.0000, 50, 76, 50
L -270.9955, 985.4145, 0.0000, -273.8256, 984.9796, 0.0000, 50, 76, 50
L -271.0742, 981.6010, 0.0000, -273.9043, 981.1661, 0.0000, 50, 76, 50
L -270.8906, 990.4991, 0.0000, -275.9746, 981.1955, 0.0000, 50, 76, 50
L -275.9746, 981.1955, 0.0000, -279.0906, 978.7637, 0.0000, 50, 76, 50
L -274.1706, 986.0333, 0.0000, -276.7623, 987.2506, 0.0000, 50, 76, 50
L -276.6306, 982.6840, 0.0000, -279.2223, 983.9013, 0.0000, 50, 76, 50
L -270.8906, 990.4991, 0.0000, -279.0217, 984.1924, 0.0000, 50, 76, 50
L -279.0217, 984.1924, 0.0000, -284.0053, 984.7576, 0.0000, 50, 76, 50
L -276.1365, 987.4719, 0.0000, -277.7139, 989.8615, 0.0000, 50, 76, 50
L -280.0709, 985.2015, 0.0000, -281.6483, 987.5911, 0.0000, 50, 76, 50
L -74.1706, 996.8967, 0.0000, -81.8235, 999.7307, 0.0000, 74, 60, 46
L -81.8235, 999.4052, 0.0000, -83.3541, 1010.2804, 0.0000, 74, 60, 46
L -83.3541, 1010.1693, 0.0000, -87.9459, 1019.6488, 0.0000, 74, 60, 46
L -87.9459, 1019.3836, 0.0000, -84.8847, 1025.5793, 0.0000, 74, 60, 46
L -84.8847, 1025.3783, 0.0000, -89.4764, 1027.1628, 0.0000, 74, 60, 46
L -89.4764, 1027.3589, 0.0000, -90.2417, 1028.9915, 0.0000, 74, 60, 46
L -90.2417, 1028.7981, 0.0000, -78.7624, 1028.6200, 0.0000, 74, 60, 46
L -78.7624, 1028.5478, 0.0000, -77.9971, 1024.5728, 0.0000, 74, 60, 46
L -77.9971, 1024.6161, 0.0000, -79.5277, 1019.3813, 0.0000, 74, 60, 46
L -79.5277, 1019.8214, 0.0000, -75.7012, 1010.0431, 0.0000, 74, 60, 46
L -75.7012, 1010.0797, 0.0000, -74.1706, 996.8576, 0.0000, 74, 60, 46
L -78.7013, 998.8189, 0.0000, -74.5856, 998.8189, 0.0000, 74, 60, 46
L -81.9934, 1002.9534, 0.0000, -75.0065, 1002.9534, 0.0000, 74, 60, 46
L -82.5346, 1006.7165, 0.0000, -75.4274, 1006.7165, 0.0000, 74, 60, 46
L -83.0758, 1010.3404, 0.0000, -75.8484, 1010.3404, 0.0000, 74, 60, 46
L -84.7854, 1013.8011, 0.0000, -77.2689, 1013.8011, 0.0000, 74, 60, 46
L -86.6795, 1017.8659, 0.0000, -78.8473, 1017.8659, 0.0000, 74, 60, 46
L -86.9090, 1021.5993, 0.0000, -79.2566, 1021.5993, 0.0000, 74, 60, 46
L -85.0149, 1025.4005, 0.0000, -78.2208, 1025.4005, 0.0000, 74, 60, 46
L -78.7624, 998.5129, 0.0000, -89.4764, 1002.7256, 0.0000, 74, 60, 46
L -89.4764, 1002.7146, 0.0000, -100.1905, 1011.9836, 0.0000, 74, 60, 46
L -100.1905, 1012.1611, 0.0000, -106.3129, 1021.3575, 0.0000, 74, 60, 46
L -106.3129, 1021.3940, 0.0000, -104.0170, 1023.4498, 0.0000, 74, 60, 46
L -104.0170, 1023.1885, 0.0000, -97.1294, 1015.1985, 0.0000, 74, 60, 46
L -97.1294, 1015.2438, 0.0000, -87.9459, 1007.1778, 0.0000, 74, 60, 46
L -87.9459, 1007.0590, 0.0000, -78.7624, 1002.8722, 0.0000, 74, 60, 46
L -78.7624, 1002.8415, 0.0000, -78.7624, 998.1859, 0.0000, 74, 60, 46
L -82.7432, 999.9446, 0.0000, -78.9556, 999.9446, 0.0000, 74, 60, 46
L -90.1873, 1003.7453, 0.0000, -80.5053, 1003.7453, 0.0000, 74, 60, 46
L -94.3613, 1007.3332, 0.0000, -87.6608, 1007.3332, 0.0000, 74, 60, 46
L -98.5353, 1010.8181, 0.0000, -92.1454, 1010.8181, 0.0000, 74, 60, 46
L -101.5471, 1014.5922, 0.0000, -96.4387, 1014.5922, 0.0000, 74, 60, 46
L -103.9322, 1018.2804, 0.0000, -99.6471, 1018.2804, 0.0000, 74, 60, 46
L -105.8231, 1021.8362, 0.0000, -102.5744, 1021.8362, 0.0000, 74, 60, 46
L -60.3954, 996.2992, 0.0000, -68.0483, 998.2384, 0.0000, 104, 88, 70
L -68.0483, 997.9794, 0.0000, -68.8136, 1010.6528, 0.0000, 104, 88, 70
L -68.8136, 1010.4502, 0.0000, -64.2218, 1019.9129, 0.0000, 104, 88, 70
L -64.2218, 1019.2536, 0.0000, -58.8648, 1025.5349, 0.0000, 104, 88, 70
L -58.8648, 1025.9568, 0.0000, -54.2730, 1026.9979, 0.0000, 104, 88, 70
L -54.2730, 1027.3641, 0.0000, -53.5077, 1029.1724, 0.0000, 104, 88, 70
L -53.5077, 1028.4636, 0.0000, -64.9871, 1028.6851, 0.0000, 104, 88, 70
L -64.9871, 1029.0982, 0.0000, -65.7524, 1024.8968, 0.0000, 104, 88, 70
L -65.7524, 1025.0731, 0.0000, -67.2830, 1019.9641, 0.0000, 104, 88, 70
L -67.2830, 1019.5802, 0.0000, -63.4565, 1010.2477, 0.0000, 104, 88, 70
L -63.4565, 1010.1148, 0.0000, -60.3954, 996.7741, 0.0000, 104, 88, 70
L -68.1199, 1002.7140, 0.0000, -66.7450, 1002.7140, 0.0000, 104, 88, 70
L -68.3830, 1007.1708, 0.0000, -66.7450, 1007.1708, 0.0000, 104, 88, 70
L -68.3471, 1010.6852, 0.0000, -66.8247, 1010.6852, 0.0000, 104, 88, 70
L -66.2904, 998.5245, 0.0000, -61.0061, 998.5245, 0.0000, 74, 60, 46
L -66.2904, 1001.8025, 0.0000, -61.7731, 1001.8025, 0.0000, 74, 60, 46
L -66.2904, 1004.5126, 0.0000, -62.5401, 1004.5126, 0.0000, 74, 60, 46
L -66.2904, 1008.4280, 0.0000, -63.3071, 1008.4280, 0.0000, 74, 60, 46
L -65.8513, 1011.7394, 0.0000, -64.2693, 1011.7394, 0.0000, 74, 60, 46
L -66.1157, 1019.3806, 0.0000, -64.5802, 1019.3806, 0.0000, 74, 60, 46
L -65.8722, 1022.4790, 0.0000, -61.8878, 1022.4790, 0.0000, 74, 60, 46
L -65.3208, 1025.4242, 0.0000, -58.3229, 1025.4242, 0.0000, 74, 60, 46
L -55.0383, 1027.2331, 0.0000, -52.8955, 1028.3045, 0.0000, 104, 88, 70
L -53.0486, 1027.2331, 0.0000, -50.9057, 1028.3045, 0.0000, 104, 88, 70
L -51.0588, 1027.2331, 0.0000, -48.9160, 1028.3045, 0.0000, 104, 88, 70
L -58.8648, 994.7476, 0.0000, -54.2730, 986.0435, 0.0000, 104, 88, 70
L -54.2730, 985.9528, 0.0000, -55.8036, 978.0806, 0.0000, 104, 88, 70
L -55.8036, 978.1735, 0.0000, -63.4565, 975.0564, 0.0000, 104, 88, 70
L -63.4565, 975.5304, 0.0000, -72.6400, 977.8614, 0.0000, 104, 88, 70
L -72.6400, 978.6321, 0.0000, -78.7624, 985.6432, 0.0000, 104, 88, 70
L -78.7624, 985.9011, 0.0000, -79.5277, 993.2796, 0.0000, 104, 88, 70
L -79.5277, 993.8523, 0.0000, -75.7012, 997.9830, 0.0000, 104, 88, 70
L -75.7012, 998.1875, 0.0000, -68.0483, 1000.0025, 0.0000, 104, 88, 70
L -68.0483, 1000.0270, 0.0000, -61.9259, 997.8283, 0.0000, 104, 88, 70
L -61.9259, 998.4697, 0.0000, -58.8648, 994.8824, 0.0000, 104, 88, 70
L -70.9778, 977.2125, 0.0000, -68.2756, 977.2125, 0.0000, 104, 88, 70
L -75.0147, 981.7827, 0.0000, -68.2756, 981.7827, 0.0000, 104, 88, 70
L -78.3820, 985.7730, 0.0000, -68.2756, 985.7730, 0.0000, 104, 88, 70
L -78.9368, 990.6641, 0.0000, -68.2756, 990.6641, 0.0000, 104, 88, 70
L -78.8221, 993.9192, 0.0000, -68.2756, 993.9192, 0.0000, 104, 88, 70
L -74.5173, 998.2166, 0.0000, -68.2756, 998.2166, 0.0000, 104, 88, 70
L -65.8178, 977.1032, 0.0000, -59.3695, 977.1032, 0.0000, 74, 60, 46
L -67.8210, 980.7445, 0.0000, -55.6077, 980.7445, 0.0000, 74, 60, 46
L -67.8210, 983.3263, 0.0000, -54.9174, 983.3263, 0.0000, 74, 60, 46
L -67.8210, 986.6186, 0.0000, -55.1833, 986.6186, 0.0000, 74, 60, 46
L -67.8210, 990.4767, 0.0000, -56.9091, 990.4767, 0.0000, 74, 60, 46
L -67.8210, 994.1057, 0.0000, -58.6348, 994.1057, 0.0000, 74, 60, 46
L -67.8210, 997.9267, 0.0000, -61.6290, 997.9267, 0.0000, 74, 60, 46
L -57.3342, 981.3156, 0.0000, -60.3954, 979.7850, 0.0000, 74, 60, 46
L -63.4565, 976.7238, 0.0000, -66.5177, 975.1932, 0.0000, 74, 60, 46
L -70.3442, 979.0197, 0.0000, -73.4053, 977.4891, 0.0000, 74, 60, 46
L -75.7012, 985.9073, 0.0000, -78.7624, 984.3768, 0.0000, 74, 60, 46
L -64.9091, 984.8076, 0.0000, -63.3785, 985.2668, 0.0000, 74, 60, 46
L -68.8702, 982.8228, 0.0000, -67.3396, 983.2820, 0.0000, 74, 60, 46
L -66.5655, 987.1054, 0.0000, -65.0349, 987.5646, 0.0000, 74, 60, 46
L -67.7362, 995.3123, 0.0000, -66.2056, 995.7715, 0.0000, 74, 60, 46
L -71.4828, 987.4037, 0.0000, -69.9523, 987.8629, 0.0000, 74, 60, 46
L -71.2979, 990.3393, 0.0000, -69.7673, 990.7985, 0.0000, 74, 60, 46
L -57.3342, 982.5584, 0.0000, -51.2119, 981.1526, 0.0000, 104, 88, 70
L -51.2119, 981.2370, 0.0000, -48.1507, 982.5171, 0.0000, 104, 88, 70
L -48.1507, 982.9385, 0.0000, -52.7424, 987.6793, 0.0000, 104, 88, 70
L -52.7424, 987.1120, 0.0000, -58.0995, 989.0046, 0.0000, 104, 88, 70
L -58.0995, 988.8819, 0.0000, -57.3342, 983.0116, 0.0000, 104, 88, 70
L -57.1733, 983.3668, 0.0000, -48.6022, 983.3668, 0.0000, 104, 88, 70
L -57.6205, 987.0703, 0.0000, -52.1799, 987.0703, 0.0000, 104, 88, 70
L -51.2119, 981.0625, 0.0000, -46.6201, 978.1683, 0.0000, 104, 88, 70
L -46.6201, 977.9872, 0.0000, -40.4978, 979.6327, 0.0000, 104, 88, 70
L -40.4978, 979.2883, 0.0000, -34.3754, 983.0861, 0.0000, 104, 88, 70
L -34.3754, 982.5745, 0.0000, -28.2531, 984.7937, 0.0000, 104, 88, 70
L -28.2531, 985.0366, 0.0000, -27.1052, 986.5807, 0.0000, 104, 88, 70
L -27.1052, 986.3516, 0.0000, -32.8449, 986.5882, 0.0000, 104, 88, 70
L -32.8449, 986.4658, 0.0000, -40.4978, 986.3010, 0.0000, 104, 88, 70
L -40.4978, 986.4747, 0.0000, -46.6201, 985.5921, 0.0000, 104, 88, 70
L -46.6201, 985.8315, 0.0000, -51.9771, 985.7434, 0.0000, 104, 88, 70
L -51.9771, 985.8520, 0.0000, -51.2119, 981.2148, 0.0000, 104, 88, 70
L -48.6708, 980.0186, 0.0000, -43.7180, 980.0186, 0.0000, 104, 88, 70
L -51.2791, 983.1960, 0.0000, -43.7180, 983.1960, 0.0000, 104, 88, 70
L -51.7702, 985.6481, 0.0000, -48.1185, 985.6481, 0.0000, 104, 88, 70
L -46.0784, 985.1174, 0.0000, -43.7180, 985.1174, 0.0000, 104, 88, 70
L -43.3998, 979.6705, 0.0000, -40.5501, 979.6705, 0.0000, 74, 60, 46
L -43.3998, 982.0163, 0.0000, -36.2549, 982.0163, 0.0000, 74, 60, 46
L -43.3998, 983.9510, 0.0000, -29.8999, 983.9510, 0.0000, 74, 60, 46
L -40.4978, 986.1607, 0.0000, -28.2531, 986.1251, 0.0000, 104, 88, 70
L -28.2531, 986.3291, 0.0000, -27.8705, 987.6127, 0.0000, 104, 88, 70
L -27.8705, 987.9840, 0.0000, -34.3754, 987.7938, 0.0000, 104, 88, 70
L -34.3754, 987.9187, 0.0000, -40.4978, 987.6908, 0.0000, 104, 88, 70
L -40.4978, 987.5673, 0.0000, -40.4978, 986.5608, 0.0000, 104, 88, 70
L -36.8297, 987.4195, 0.0000, -28.0588, 987.4195, 0.0000, 104, 88, 70
L -45.0895, 978.2544, 0.0000, -28.2531, 984.7594, 0.0000, 74, 60, 46
L -48.1507, 980.1676, 0.0000, -45.0895, 980.7033, 0.0000, 74, 60, 46
L -30.5490, 986.6726, 0.0000, -29.4010, 989.7338, 0.0000, 150, 142, 120
L -51.2119, 978.2544, 0.0000, -58.8648, 971.3668, 0.0000, 74, 60, 46
L -55.0383, 977.4891, 0.0000, -64.2218, 970.6015, 0.0000, 74, 60, 46
L -58.8648, 978.2544, 0.0000, -69.5789, 971.3668, 0.0000, 74, 60, 46
L -58.8648, 985.8180, 0.0000, -52.7424, 990.5596, 0.0000, 104, 88, 70
L -52.7424, 990.8074, 0.0000, -51.2119, 1001.0536, 0.0000, 104, 88, 70
L -51.2119, 1001.0333, 0.0000, -54.2730, 1008.9720, 0.0000, 104, 88, 70
L -54.2730, 1008.4755, 0.0000, -57.3342, 1007.3850, 0.0000, 104, 88, 70
L -57.3342, 1007.3148, 0.0000, -55.8036, 999.5321, 0.0000, 104, 88, 70
L -55.8036, 999.5126, 0.0000, -57.3342, 990.6276, 0.0000, 104, 88, 70
L -57.3342, 990.1450, 0.0000, -61.9259, 987.1434, 0.0000, 104, 88, 70
L -61.9259, 987.3064, 0.0000, -58.8648, 986.2965, 0.0000, 104, 88, 70
L -61.1761, 987.2143, 0.0000, -58.4380, 987.2143, 0.0000, 104, 88, 70
L -57.1296, 986.9332, 0.0000, -55.9856, 986.9332, 0.0000, 74, 60, 46
L -57.1183, 990.7937, 0.0000, -52.9373, 990.7937, 0.0000, 74, 60, 46
L -56.6006, 993.8337, 0.0000, -52.4936, 993.8337, 0.0000, 74, 60, 46
L -56.0829, 997.2264, 0.0000, -52.0498, 997.2264, 0.0000, 74, 60, 46
L -55.6397, 1000.5646, 0.0000, -51.6060, 1000.5646, 0.0000, 74, 60, 46
L -56.2609, 1003.4713, 0.0000, -52.1280, 1003.4713, 0.0000, 74, 60, 46
L -56.8822, 1005.8873, 0.0000, -53.3705, 1005.8873, 0.0000, 74, 60, 46
L -53.5077, 1009.6314, 0.0000, -52.7424, 1012.6925, 0.0000, 104, 88, 70
L -55.0383, 1009.6314, 0.0000, -54.2730, 1012.6925, 0.0000, 104, 88, 70
L -56.5689, 1009.6314, 0.0000, -55.8036, 1012.6925, 0.0000, 104, 88, 70
L -68.0483, 988.9685, 0.0000, -51.2119, 962.9486, 0.0000, 150, 142, 120
L -51.2119, 962.9486, 0.0000, -43.5589, 965.2445, 0.0000, 74, 60, 46
L -51.2119, 962.9486, 0.0000, -57.3342, 959.8874, 0.0000, 74, 60, 46
L 118.0632, 986.5407, 0.0000, 126.7717, 980.9989, 0.0000, 64, 58, 66
L 126.7717, 980.9989, 0.0000, 133.8968, 988.1240, 0.0000, 64, 58, 66
L 133.8968, 988.1240, 0.0000, 137.8552, 984.9573, 0.0000, 64, 58, 66
L 137.8552, 984.9573, 0.0000, 141.8136, 988.1240, 0.0000, 64, 58, 66
L 141.8136, 988.1240, 0.0000, 148.9388, 980.9989, 0.0000, 64, 58, 66
L 148.9388, 980.9989, 0.0000, 157.6472, 986.5407, 0.0000, 64, 58, 66
L 118.0632, 986.5407, 0.0000, 125.9800, 992.8741, 0.0000, 64, 58, 66
L 125.9800, 992.8741, 0.0000, 134.6885, 991.2908, 0.0000, 64, 58, 66
L 157.6472, 986.5407, 0.0000, 149.7304, 992.8741, 0.0000, 64, 58, 66
L 149.7304, 992.8741, 0.0000, 141.0219, 991.2908, 0.0000, 64, 58, 66
L 137.8552, 984.9573, 0.0000, 137.8552, 992.8741, 0.0000, 64, 58, 66
L 333.8838, 990.4991, 0.0000, 337.3197, 986.0815, 0.0000, 110, 100, 92
L 337.3197, 986.0815, 0.0000, 345.6640, 985.5907, 0.0000, 110, 100, 92
L 345.6640, 985.5907, 0.0000, 350.5724, 989.0266, 0.0000, 110, 100, 92
L 350.5724, 989.0266, 0.0000, 353.5175, 990.9899, 0.0000, 110, 100, 92
L 353.5175, 990.9899, 0.0000, 349.0999, 992.4625, 0.0000, 110, 100, 92
L 349.0999, 992.4625, 0.0000, 337.8105, 992.9533, 0.0000, 110, 100, 92
L 337.8105, 992.9533, 0.0000, 333.8838, 990.4991, 0.0000, 110, 100, 92
L 346.8911, 985.0998, 0.0000, 346.2443, 986.4430, 0.0000, 110, 100, 92
L 346.2443, 986.4430, 0.0000, 344.7909, 986.7747, 0.0000, 110, 100, 92
L 344.7909, 986.7747, 0.0000, 343.6254, 985.8452, 0.0000, 110, 100, 92
L 343.6254, 985.8452, 0.0000, 343.6254, 984.3544, 0.0000, 110, 100, 92
L 343.6254, 984.3544, 0.0000, 344.7909, 983.4249, 0.0000, 110, 100, 92
L 344.7909, 983.4249, 0.0000, 346.2443, 983.7567, 0.0000, 110, 100, 92
L 346.2443, 983.7567, 0.0000, 346.8911, 985.0998, 0.0000, 110, 100, 92
L 338.3014, 992.4625, 0.0000, 337.5651, 996.8800, 0.0000, 110, 100, 92
L 342.7190, 992.4625, 0.0000, 341.9827, 996.8800, 0.0000, 110, 100, 92
L 347.1365, 992.4625, 0.0000, 346.4003, 996.8800, 0.0000, 110, 100, 92
L 333.8838, 990.4991, 0.0000, 332.3412, 991.5680, 0.0000, 110, 100, 92
L 332.3412, 991.5680, 0.0000, 330.7985, 992.4911, 0.0000, 110, 100, 92
L 330.7985, 992.4911, 0.0000, 329.2559, 993.1426, 0.0000, 110, 100, 92
L 329.2559, 993.1426, 0.0000, 327.7132, 993.4335, 0.0000, 110, 100, 92
L 327.7132, 993.4335, 0.0000, 326.1706, 993.3242, 0.0000, 110, 100, 92
L 326.1706, 993.3242, 0.0000, 324.6279, 992.8297, 0.0000, 110, 100, 92
L 324.6279, 992.8297, 0.0000, 323.0853, 992.0173, 0.0000, 110, 100, 92
L -1044.9702, -412.1384, 0.0000, -1045.2207, -409.7222, 0.0000, 50, 76, 50
L -1045.2207, -409.7222, 0.0000, -1047.6227, -408.1525, 0.0000, 50, 76, 50
L -1047.6227, -408.1525, 0.0000, -1048.5735, -406.0713, 0.0000, 50, 76, 50
L -1048.5735, -406.0713, 0.0000, -1049.9968, -403.7994, 0.0000, 50, 76, 50
L -1049.9968, -403.7994, 0.0000, -1052.9745, -403.9495, 0.0000, 50, 76, 50
L -1052.9745, -403.9495, 0.0000, -1055.4679, -404.1136, 0.0000, 50, 76, 50
L -1055.4679, -404.1136, 0.0000, -1058.2357, -403.0485, 0.0000, 50, 76, 50
L -1058.2357, -403.0485, 0.0000, -1060.6646, -404.2176, 0.0000, 50, 76, 50
L -1060.6646, -404.2176, 0.0000, -1061.8136, -406.5542, 0.0000, 50, 76, 50
L -1061.8136, -406.5542, 0.0000, -1064.1362, -407.7343, 0.0000, 50, 76, 50
L -1064.1362, -407.7343, 0.0000, -1065.9894, -409.6575, 0.0000, 50, 76, 50
L -1065.9894, -409.6575, 0.0000, -1064.8682, -412.1384, 0.0000, 50, 76, 50
L -1064.8682, -412.1384, 0.0000, -1064.4408, -414.2542, 0.0000, 50, 76, 50
L -1064.4408, -414.2542, 0.0000, -1064.8549, -416.9076, 0.0000, 50, 76, 50
L -1064.8549, -416.9076, 0.0000, -1062.6435, -418.4529, 0.0000, 50, 76, 50
L -1062.6435, -418.4529, 0.0000, -1059.9459, -418.9637, 0.0000, 50, 76, 50
L -1059.9459, -418.9637, 0.0000, -1058.1245, -420.8632, 0.0000, 50, 76, 50
L -1058.1245, -420.8632, 0.0000, -1055.4679, -421.6239, 0.0000, 50, 76, 50
L -1055.4679, -421.6239, 0.0000, -1053.0857, -419.9621, 0.0000, 50, 76, 50
L -1053.0857, -419.9621, 0.0000, -1050.7156, -419.3819, 0.0000, 50, 76, 50
L -1050.7156, -419.3819, 0.0000, -1047.7436, -418.9358, 0.0000, 50, 76, 50
L -1047.7436, -418.9358, 0.0000, -1046.9040, -416.4895, 0.0000, 50, 76, 50
L -1046.9040, -416.4895, 0.0000, -1046.7694, -414.1895, 0.0000, 50, 76, 50
L -1046.7694, -414.1895, 0.0000, -1044.9702, -412.1384, 0.0000, 50, 76, 50
L -1055.4679, -403.9802, 0.0000, -1055.4679, -396.9223, 0.0000, 56, 48, 40
L 513.6867, -396.9223, 0.0000, 523.5874, -404.3684, 0.0000, 50, 76, 50
L 523.5874, -404.3684, 0.0000, 529.6555, -403.5209, 0.0000, 50, 76, 50
L 520.0742, -400.4964, 0.0000, 519.3165, -403.8680, 0.0000, 50, 76, 50
L 524.8649, -403.1770, 0.0000, 524.1072, -406.5487, 0.0000, 50, 76, 50
L 513.6867, -396.9223, 0.0000, 519.7590, -408.1864, 0.0000, 50, 76, 50
L 519.7590, -408.1864, 0.0000, 523.4808, -411.1568, 0.0000, 50, 76, 50
L 517.6043, -402.3290, 0.0000, 515.1318, -404.7432, 0.0000, 50, 76, 50
L 520.5426, -406.3841, 0.0000, 518.0700, -408.7983, 0.0000, 50, 76, 50
L 513.6867, -396.9223, 0.0000, 513.5072, -409.7071, 0.0000, 50, 76, 50
L 513.5072, -409.7071, 0.0000, 513.3971, -414.1983, 0.0000, 50, 76, 50
L 513.5709, -403.0590, 0.0000, 510.1561, -403.5892, 0.0000, 50, 76, 50
L 513.4840, -407.6615, 0.0000, 510.0692, -408.1918, 0.0000, 50, 76, 50
L 513.6867, -396.9223, 0.0000, 507.5438, -408.1469, 0.0000, 50, 76, 50
L 507.5438, -408.1469, 0.0000, 503.7788, -411.0779, 0.0000, 50, 76, 50
L 509.7235, -402.3101, 0.0000, 506.5968, -400.8385, 0.0000, 50, 76, 50
L 506.7512, -406.3509, 0.0000, 503.6245, -404.8794, 0.0000, 50, 76, 50
L 513.6867, -396.9223, 0.0000, 503.8375, -404.4671, 0.0000, 50, 76, 50
L 503.8375, -404.4671, 0.0000, 497.8008, -403.7183, 0.0000, 50, 76, 50
L 507.3323, -400.5438, 0.0000, 505.4529, -397.6439, 0.0000, 50, 76, 50
L 502.5666, -403.2599, 0.0000, 500.6871, -400.3600, 0.0000, 50, 76, 50
L -1047.8150, -98.1328, 0.0000, -1040.1620, -94.6958, 0.0000, 74, 60, 46
L -1040.1620, -94.8243, 0.0000, -1038.6315, -83.7695, 0.0000, 74, 60, 46
L -1038.6315, -83.7730, 0.0000, -1034.0397, -74.6311, 0.0000, 74, 60, 46
L -1034.0397, -74.5443, 0.0000, -1037.1009, -69.1812, 0.0000, 74, 60, 46
L -1037.1009, -68.4447, 0.0000, -1032.5091, -67.5543, 0.0000, 74, 60, 46
L -1032.5091, -67.5449, 0.0000, -1031.7438, -66.0459, 0.0000, 74, 60, 46
L -1031.7438, -65.7239, 0.0000, -1043.2232, -65.7506, 0.0000, 74, 60, 46
L -1043.2232, -65.7064, 0.0000, -1043.9885, -69.8447, 0.0000, 74, 60, 46
L -1043.9885, -69.4441, 0.0000, -1042.4579, -75.0464, 0.0000, 74, 60, 46
L -1042.4579, -74.6013, 0.0000, -1046.2844, -84.4221, 0.0000, 74, 60, 46
L -1046.2844, -84.1429, 0.0000, -1047.8150, -97.7269, 0.0000, 74, 60, 46
L -1047.3999, -96.0673, 0.0000, -1043.2843, -96.0673, 0.0000, 74, 60, 46
L -1046.9790, -92.5873, 0.0000, -1039.9922, -92.5873, 0.0000, 74, 60, 46
L -1046.5581, -88.9890, 0.0000, -1039.4510, -88.9890, 0.0000, 74, 60, 46
L -1046.1372, -84.1643, 0.0000, -1038.9098, -84.1643, 0.0000, 74, 60, 46
L -1044.7166, -80.7263, 0.0000, -1037.2002, -80.7263, 0.0000, 74, 60, 46
L -1043.1382, -76.6214, 0.0000, -1035.3061, -76.6214, 0.0000, 74, 60, 46
L -1042.7289, -72.9343, 0.0000, -1035.0765, -72.9343, 0.0000, 74, 60, 46
L -1043.7648, -69.2118, 0.0000, -1036.9706, -69.2118, 0.0000, 74, 60, 46
L -1043.2232, -96.6901, 0.0000, -1032.5091, -91.8767, 0.0000, 74, 60, 46
L -1032.5091, -91.6794, 0.0000, -1021.7950, -82.2014, 0.0000, 74, 60, 46
L -1021.7950, -82.6357, 0.0000, -1015.6727, -73.0819, 0.0000, 74, 60, 46
L -1015.6727, -73.4259, 0.0000, -1017.9686, -70.7945, 0.0000, 74, 60, 46
L -1017.9686, -70.9471, 0.0000, -1024.8562, -79.8619, 0.0000, 74, 60, 46
L -1024.8562, -79.2154, 0.0000, -1034.0397, -87.3116, 0.0000, 74, 60, 46
L -1034.0397, -87.1260, 0.0000, -1043.2232, -91.4053, 0.0000, 74, 60, 46
L -1043.2232, -91.8561, 0.0000, -1043.2232, -96.2750, 0.0000, 74, 60, 46
L -1043.0300, -94.2884, 0.0000, -1039.2424, -94.2884, 0.0000, 74, 60, 46
L -1041.4803, -90.3839, 0.0000, -1031.7983, -90.3839, 0.0000, 74, 60, 46
L -1034.3248, -86.9539, 0.0000, -1027.6243, -86.9539, 0.0000, 74, 60, 46
L -1029.8402, -83.3461, 0.0000, -1023.4503, -83.3461, 0.0000, 74, 60, 46
L -1025.5469, -80.7789, 0.0000, -1020.4385, -80.7789, 0.0000, 74, 60, 46
L -1022.3384, -76.2123, 0.0000, -1018.0534, -76.2123, 0.0000, 74, 60, 46
L -1019.4112, -72.6180, 0.0000, -1016.1625, -72.6180, 0.0000, 74, 60, 46
L -1061.5902, -98.1124, 0.0000, -1053.9373, -96.0805, 0.0000, 104, 88, 70
L -1053.9373, -96.0832, 0.0000, -1053.1720, -84.1116, 0.0000, 104, 88, 70
L -1053.1720, -84.2265, 0.0000, -1057.7638, -74.7949, 0.0000, 104, 88, 70
L -1057.7638, -74.5672, 0.0000, -1063.1208, -68.7976, 0.0000, 104, 88, 70
L -1063.1208, -68.9992, 0.0000, -1067.7126, -67.0391, 0.0000, 104, 88, 70
L -1067.7126, -67.5965, 0.0000, -1068.4778, -66.1687, 0.0000, 104, 88, 70
L -1068.4778, -65.6017, 0.0000, -1056.9985, -65.8696, 0.0000, 104, 88, 70
L -1056.9985, -65.8562, 0.0000, -1056.2332, -69.5565, 0.0000, 104, 88, 70
L -1056.2332, -69.4925, 0.0000, -1054.7026, -74.4966, 0.0000, 104, 88, 70
L -1054.7026, -75.0088, 0.0000, -1058.5291, -84.3193, 0.0000, 104, 88, 70
L -1058.5291, -84.0239, 0.0000, -1061.5902, -97.5073, 0.0000, 104, 88, 70
L -1060.8952, -95.4923, 0.0000, -1055.6952, -95.4923, 0.0000, 104, 88, 70
L -1059.9599, -91.5838, 0.0000, -1055.6952, -91.5838, 0.0000, 104, 88, 70
L -1059.0245, -88.0463, 0.0000, -1055.6952, -88.0463, 0.0000, 104, 88, 70
L -1057.9829, -83.3575, 0.0000, -1055.9343, -83.3575, 0.0000, 104, 88, 70
L -1057.7039, -74.0696, 0.0000, -1055.7225, -74.0696, 0.0000, 104, 88, 70
L -1061.3868, -71.1783, 0.0000, -1056.3238, -71.1783, 0.0000, 104, 88, 70
L -1067.9636, -65.5944, 0.0000, -1057.1110, -65.5944, 0.0000, 104, 88, 70
L -1055.2406, -95.5721, 0.0000, -1054.1524, -95.5721, 0.0000, 74, 60, 46
L -1055.2406, -93.2547, 0.0000, -1053.9367, -93.2547, 0.0000, 74, 60, 46
L -1055.2406, -89.4395, 0.0000, -1053.7210, -89.4395, 0.0000, 74, 60, 46
L -1055.2406, -86.2517, 0.0000, -1053.5052, -86.2517, 0.0000, 74, 60, 46
L -1055.0942, -82.5302, 0.0000, -1053.8384, -82.5302, 0.0000, 74, 60, 46
L -1066.9473, -67.2662, 0.0000, -1069.0901, -66.1948, 0.0000, 104, 88, 70
L -1068.9370, -67.2662, 0.0000, -1071.0798, -66.1948, 0.0000, 104, 88, 70
L -1070.9268, -67.2662, 0.0000, -1073.0696, -66.1948, 0.0000, 104, 88, 70
L -1063.1208, -99.3051, 0.0000, -1067.7126, -108.8058, 0.0000, 104, 88, 70
L -1067.7126, -108.1537, 0.0000, -1066.1820, -115.8869, 0.0000, 104, 88, 70
L -1066.1820, -116.3769, 0.0000, -1058.5291, -119.1155, 0.0000, 104, 88, 70
L -1058.5291, -119.3025, 0.0000, -1049.3456, -116.0205, 0.0000, 104, 88, 70
L -1049.3456, -116.4895, 0.0000, -1043.2232, -108.9281, 0.0000, 104, 88, 70
L -1043.2232, -108.1430, 0.0000, -1042.4579, -100.5005, 0.0000, 104, 88, 70
L -1042.4579, -100.5265, 0.0000, -1046.2844, -96.6009, 0.0000, 104, 88, 70
L -1046.2844, -96.4834, 0.0000, -1053.9373, -94.8026, 0.0000, 104, 88, 70
L -1053.9373, -95.1366, 0.0000, -1060.0596, -96.2942, 0.0000, 104, 88, 70
L -1060.0596, -96.0066, 0.0000, -1063.1208, -99.6354, 0.0000, 104, 88, 70
L -1063.5631, -117.2974, 0.0000, -1055.5995, -117.2974, 0.0000, 104, 88, 70
L -1066.6052, -113.0148, 0.0000, -1054.1646, -113.0148, 0.0000, 104, 88, 70
L -1067.4470, -108.2752, 0.0000, -1054.1646, -108.2752, 0.0000, 104, 88, 70
L -1065.4764, -104.4962, 0.0000, -1054.1646, -104.4962, 0.0000, 104, 88, 70
L -1063.3718, -99.8127, 0.0000, -1054.1646, -99.8127, 0.0000, 104, 88, 70
L -1059.0671, -96.8688, 0.0000, -1054.1646, -96.8688, 0.0000, 104, 88, 70
L -1053.7100, -117.9846, 0.0000, -1051.5760, -117.9846, 0.0000, 74, 60, 46
L -1053.7100, -114.7064, 0.0000, -1047.8800, -114.7064, 0.0000, 74, 60, 46
L -1053.7100, -111.3709, 0.0000, -1045.1188, -111.3709, 0.0000, 74, 60, 46
L -1053.7100, -107.1494, 0.0000, -1043.3139, -107.1494, 0.0000, 74, 60, 46
L -1053.7100, -103.8454, 0.0000, -1042.9688, -103.8454, 0.0000, 74, 60, 46
L -1053.7100, -100.1600, 0.0000, -1043.1986, -100.1600, 0.0000, 74, 60, 46
L -1053.7100, -96.7412, 0.0000, -1046.0748, -96.7412, 0.0000, 74, 60, 46
L -1064.6514, -113.1837, 0.0000, -1061.5902, -114.7143, 0.0000, 74, 60, 46
L -1058.5291, -117.7755, 0.0000, -1055.4679, -119.3060, 0.0000, 74, 60, 46
L -1051.6414, -115.4796, 0.0000, -1048.5803, -117.0102, 0.0000, 74, 60, 46
L -1046.2844, -108.5920, 0.0000, -1043.2232, -110.1225, 0.0000, 74, 60, 46
L -1059.2424, -104.5798, 0.0000, -1060.7729, -104.1206, 0.0000, 74, 60, 46
L -1053.6328, -105.9827, 0.0000, -1055.1634, -105.5235, 0.0000, 74, 60, 46
L -1056.4189, -99.5166, 0.0000, -1057.9495, -99.0574, 0.0000, 74, 60, 46
L -1054.1534, -112.0352, 0.0000, -1055.6840, -111.5760, 0.0000, 74, 60, 46
L -1051.4436, -102.3385, 0.0000, -1052.9742, -101.8793, 0.0000, 74, 60, 46
L -1058.7325, -110.2152, 0.0000, -1060.2631, -109.7560, 0.0000, 74, 60, 46
L -1064.6514, -112.0234, 0.0000, -1070.7737, -113.3486, 0.0000, 104, 88, 70
L -1070.7737, -113.4515, 0.0000, -1073.8349, -112.0263, 0.0000, 104, 88, 70
L -1073.8349, -111.5073, 0.0000, -1069.2431, -107.3682, 0.0000, 104, 88, 70
L -1069.2431, -107.1098, 0.0000, -1063.8861, -105.5458, 0.0000, 104, 88, 70
L -1063.8861, -105.7074, 0.0000, -1064.6514, -112.0343, 0.0000, 104, 88, 70
L -1073.3834, -111.9437, 0.0000, -1064.8123, -111.9437, 0.0000, 104, 88, 70
L -1069.8057, -108.1230, 0.0000, -1064.3651, -108.1230, 0.0000, 104, 88, 70
L -1070.7737, -112.9453, 0.0000, -1075.3655, -116.4164, 0.0000, 104, 88, 70
L -1075.3655, -116.0590, 0.0000, -1081.4878, -114.9796, 0.0000, 104, 88, 70
L -1081.4878, -115.0320, 0.0000, -1087.6101, -111.3845, 0.0000, 104, 88, 70
L -1087.6101, -111.9650, 0.0000, -1093.7325, -109.5402, 0.0000, 104, 88, 70
L -1093.7325, -110.0265, 0.0000, -1094.8804, -108.1000, 0.0000, 104, 88, 70
L -1094.8804, -108.2422, 0.0000, -1089.1407, -107.9366, 0.0000, 104, 88, 70
L -1089.1407, -107.6147, 0.0000, -1081.4878, -108.4010, 0.0000, 104, 88, 70
L -1081.4878, -108.0266, 0.0000, -1075.3655, -109.0855, 0.0000, 104, 88, 70
L -1075.3655, -109.0663, 0.0000, -1070.0084, -108.3953, 0.0000, 104, 88, 70
L -1070.0084, -108.6577, 0.0000, -1070.7737, -113.1566, 0.0000, 104, 88, 70
L -1081.9069, -114.9099, 0.0000, -1078.5857, -114.9099, 0.0000, 104, 88, 70
L -1087.1449, -112.2653, 0.0000, -1078.5857, -112.2653, 0.0000, 104, 88, 70
L -1094.2191, -109.0938, 0.0000, -1078.9684, -109.0938, 0.0000, 104, 88, 70
L -1078.2675, -115.2091, 0.0000, -1073.7126, -115.2091, 0.0000, 74, 60, 46
L -1078.2675, -112.5310, 0.0000, -1070.8390, -112.5310, 0.0000, 74, 60, 46
L -1078.2675, -110.4041, 0.0000, -1070.4363, -110.4041, 0.0000, 74, 60, 46
L -1081.4878, -107.9831, 0.0000, -1093.7325, -108.2421, 0.0000, 104, 88, 70
L -1093.7325, -108.0543, 0.0000, -1094.1151, -106.4408, 0.0000, 104, 88, 70
L -1094.1151, -106.4927, 0.0000, -1087.6101, -106.8396, 0.0000, 104, 88, 70
L -1087.6101, -106.9005, 0.0000, -1081.4878, -107.2022, 0.0000, 104, 88, 70
L -1081.4878, -107.3518, 0.0000, -1081.4878, -108.4853, 0.0000, 104, 88, 70
L -1093.9267, -106.9295, 0.0000, -1085.1559, -106.9295, 0.0000, 104, 88, 70
L -1076.8961, -116.2449, 0.0000, -1093.7325, -109.7399, 0.0000, 74, 60, 46
L -1073.8349, -114.3316, 0.0000, -1076.8961, -113.7959, 0.0000, 74, 60, 46
L -1091.4366, -107.8267, 0.0000, -1092.5845, -104.7655, 0.0000, 150, 142, 120
L -1070.7737, -116.2449, 0.0000, -1063.1208, -123.1325, 0.0000, 74, 60, 46
L -1066.9473, -117.0102, 0.0000, -1057.7638, -123.8978, 0.0000, 74, 60, 46
L -1063.1208, -116.2449, 0.0000, -1052.4067, -123.1325, 0.0000, 74, 60, 46
L -1063.1208, -108.5528, 0.0000, -1069.2431, -104.1408, 0.0000, 104, 88, 70
L -1069.2431, -103.6287, 0.0000, -1070.7737, -93.1570, 0.0000, 104, 88, 70
L -1070.7737, -93.5841, 0.0000, -1067.7126, -85.3907, 0.0000, 104, 88, 70
L -1067.7126, -85.6251, 0.0000, -1064.6514, -87.4458, 0.0000, 104, 88, 70
L -1064.6514, -87.1543, 0.0000, -1066.1820, -95.0906, 0.0000, 104, 88, 70
L -1066.1820, -94.7707, 0.0000, -1064.6514, -104.2305, 0.0000, 104, 88, 70
L -1064.6514, -103.7215, 0.0000, -1060.0596, -107.3874, 0.0000, 104, 88, 70
L -1060.0596, -107.2490, 0.0000, -1063.1208, -108.9146, 0.0000, 104, 88, 70
L -1066.3409, -106.7048, 0.0000, -1064.8559, -106.7048, 0.0000, 104, 88, 70
L -1069.1944, -102.3458, 0.0000, -1065.0377, -102.3458, 0.0000, 104, 88, 70
L -1069.7355, -98.6629, 0.0000, -1065.6691, -98.6629, 0.0000, 104, 88, 70
L -1070.2767, -95.1399, 0.0000, -1066.3004, -95.1399, 0.0000, 104, 88, 70
L -1069.8727, -92.1018, 0.0000, -1065.7322, -92.1018, 0.0000, 104, 88, 70
L -1068.3575, -87.8263, 0.0000, -1064.9746, -87.8263, 0.0000, 104, 88, 70
L -1063.4340, -106.9939, 0.0000, -1060.2981, -106.9939, 0.0000, 74, 60, 46
L -1068.4778, -84.8679, 0.0000, -1069.2431, -81.8067, 0.0000, 104, 88, 70
L -1066.9473, -84.8679, 0.0000, -1067.7126, -81.8067, 0.0000, 104, 88, 70
L -1065.4167, -84.8679, 0.0000, -1066.1820, -81.8067, 0.0000, 104, 88, 70
L -1053.9373, -105.5308, 0.0000, -1070.7737, -131.5507, 0.0000, 150, 142, 120
L -1070.7737, -131.5507, 0.0000, -1078.4266, -129.2548, 0.0000, 74, 60, 46
L -1070.7737, -131.5507, 0.0000, -1064.6514, -134.6119, 0.0000, 74, 60, 46
L 493.8947, -107.9586, 0.0000, 502.6031, -113.5004, 0.0000, 64, 58, 66
L 502.6031, -113.5004, 0.0000, 509.7283, -106.3752, 0.0000, 64, 58, 66
L 509.7283, -106.3752, 0.0000, 513.6867, -109.5420, 0.0000, 64, 58, 66
L 513.6867, -109.5420, 0.0000, 517.6451, -106.3752, 0.0000, 64, 58, 66
L 517.6451, -106.3752, 0.0000, 524.7702, -113.5004, 0.0000, 64, 58, 66
L 524.7702, -113.5004, 0.0000, 533.4787, -107.9586, 0.0000, 64, 58, 66
L 493.8947, -107.9586, 0.0000, 501.8115, -101.6252, 0.0000, 64, 58, 66
L 501.8115, -101.6252, 0.0000, 510.5200, -103.2085, 0.0000, 64, 58, 66
L 533.4787, -107.9586, 0.0000, 525.5619, -101.6252, 0.0000, 64, 58, 66
L 525.5619, -101.6252, 0.0000, 516.8534, -103.2085, 0.0000, 64, 58, 66
L 513.6867, -109.5420, 0.0000, 513.6867, -101.6252, 0.0000, 64, 58, 66
L -1063.8122, 188.9218, 0.0000, -1060.3763, 184.5043, 0.0000, 110, 100, 92
L -1060.3763, 184.5043, 0.0000, -1052.0320, 184.0134, 0.0000, 110, 100, 92
L -1052.0320, 184.0134, 0.0000, -1047.1236, 187.4493, 0.0000, 110, 100, 92
L -1047.1236, 187.4493, 0.0000, -1044.1785, 189.4127, 0.0000, 110, 100, 92
L -1044.1785, 189.4127, 0.0000, -1048.5961, 190.8852, 0.0000, 110, 100, 92
L -1048.5961, 190.8852, 0.0000, -1059.8855, 191.3761, 0.0000, 110, 100, 92
L -1059.8855, 191.3761, 0.0000, -1063.8122, 188.9218, 0.0000, 110, 100, 92
L -1050.8049, 183.5226, 0.0000, -1051.4517, 184.8657, 0.0000, 110, 100, 92
L -1051.4517, 184.8657, 0.0000, -1052.9051, 185.1975, 0.0000, 110, 100, 92
L -1052.9051, 185.1975, 0.0000, -1054.0706, 184.2680, 0.0000, 110, 100, 92
L -1054.0706, 184.2680, 0.0000, -1054.0706, 182.7772, 0.0000, 110, 100, 92
L -1054.0706, 182.7772, 0.0000, -1052.9051, 181.8477, 0.0000, 110, 100, 92
L -1052.9051, 181.8477, 0.0000, -1051.4517, 182.1794, 0.0000, 110, 100, 92
L -1051.4517, 182.1794, 0.0000, -1050.8049, 183.5226, 0.0000, 110, 100, 92
L -1059.3946, 190.8852, 0.0000, -1060.1309, 195.3028, 0.0000, 110, 100, 92
L -1054.9770, 190.8852, 0.0000, -1055.7133, 195.3028, 0.0000, 110, 100, 92
L -1050.5595, 190.8852, 0.0000, -1051.2957, 195.3028, 0.0000, 110, 100, 92
L -1063.8122, 188.9218, 0.0000, -1065.3549, 189.9907, 0.0000, 110, 100, 92
L -1065.3549, 189.9907, 0.0000, -1066.8975, 190.9139, 0.0000, 110, 100, 92
L -1066.8975, 190.9139, 0.0000, -1068.4401, 191.5653, 0.0000, 110, 100, 92
L -1068.4401, 191.5653, 0.0000, -1069.9828, 191.8563, 0.0000, 110, 100, 92
L -1069.9828, 191.8563, 0.0000, -1071.5254, 191.7470, 0.0000, 110, 100, 92
L -1071.5254, 191.7470, 0.0000, -1073.0681, 191.2524, 0.0000, 110, 100, 92
L -1073.0681, 191.2524, 0.0000, -1074.6107, 190.4400, 0.0000, 110, 100, 92
L 523.2854, 172.6295, 0.0000, 524.0953, 175.0838, 0.0000, 50, 76, 50
L 524.0953, 175.0838, 0.0000, 523.7697, 177.7524, 0.0000, 50, 76, 50
L 523.7697, 177.7524, 0.0000, 520.7698, 178.8626, 0.0000, 50, 76, 50
L 520.7698, 178.8626, 0.0000, 518.6825, 180.2441, 0.0000, 50, 76, 50
L 518.6825, 180.2441, 0.0000, 516.6969, 182.5157, 0.0000, 50, 76, 50
L 516.6969, 182.5157, 0.0000, 513.6867, 182.1402, 0.0000, 50, 76, 50
L 513.6867, 182.1402, 0.0000, 511.2034, 180.7850, 0.0000, 50, 76, 50
L 511.2034, 180.7850, 0.0000, 508.1639, 181.0473, 0.0000, 50, 76, 50
L 508.1639, 181.0473, 0.0000, 505.5497, 179.7901, 0.0000, 50, 76, 50
L 505.5497, 179.7901, 0.0000, 505.1846, 176.9492, 0.0000, 50, 76, 50
L 505.1846, 176.9492, 0.0000, 503.8050, 174.9596, 0.0000, 50, 76, 50
L 503.8050, 174.9596, 0.0000, 501.9801, 172.6295, 0.0000, 50, 76, 50
L 501.9801, 172.6295, 0.0000, 503.5159, 170.2313, 0.0000, 50, 76, 50
L 503.5159, 170.2313, 0.0000, 505.3187, 168.3780, 0.0000, 50, 76, 50
L 505.3187, 168.3780, 0.0000, 505.7046, 165.6053, 0.0000, 50, 76, 50
L 505.7046, 165.6053, 0.0000, 508.0298, 164.0072, 0.0000, 50, 76, 50
L 508.0298, 164.0072, 0.0000, 511.1827, 164.4058, 0.0000, 50, 76, 50
L 511.1827, 164.4058, 0.0000, 513.6867, 163.3915, 0.0000, 50, 76, 50
L 513.6867, 163.3915, 0.0000, 516.7177, 162.6751, 0.0000, 50, 76, 50
L 516.7177, 162.6751, 0.0000, 518.8166, 164.8104, 0.0000, 50, 76, 50
L 518.8166, 164.8104, 0.0000, 520.6148, 166.5327, 0.0000, 50, 76, 50
L 520.6148, 166.5327, 0.0000, 523.6355, 167.5748, 0.0000, 50, 76, 50
L 523.6355, 167.5748, 0.0000, 524.3844, 170.1070, 0.0000, 50, 76, 50
L 524.3844, 170.1070, 0.0000, 523.2854, 172.6295, 0.0000, 50, 76, 50
L 513.6867, 181.3647, 0.0000, 513.6867, 188.9218, 0.0000, 56, 48, 40
L -1055.4679, 481.8439, 0.0000, -1047.4667, 476.1193, 0.0000, 50, 76, 50
L -1047.4667, 476.1193, 0.0000, -1042.5627, 477.0096, 0.0000, 50, 76, 50
L -1050.3058, 479.0961, 0.0000, -1050.8199, 476.3883, 0.0000, 50, 76, 50
L -1046.4342, 477.0352, 0.0000, -1046.9483, 474.3274, 0.0000, 50, 76, 50
L -1055.4679, 481.8439, 0.0000, -1050.6363, 472.8535, 0.0000, 50, 76, 50
L -1050.6363, 472.8535, 0.0000, -1047.6750, 470.4779, 0.0000, 50, 76, 50
L -1052.3507, 477.5285, 0.0000, -1054.3260, 475.6062, 0.0000, 50, 76, 50
L -1050.0129, 474.2919, 0.0000, -1051.9881, 472.3697, 0.0000, 50, 76, 50
L -1055.4679, 481.8439, 0.0000, -1054.9749, 471.6575, 0.0000, 50, 76, 50
L -1054.9749, 471.6575, 0.0000, -1054.6727, 468.0859, 0.0000, 50, 76, 50
L -1055.1498, 476.9544, 0.0000, -1057.8343, 476.3300, 0.0000, 50, 76, 50
L -1054.9112, 473.2873, 0.0000, -1057.5958, 472.6629, 0.0000, 50, 76, 50
L -1055.4679, 481.8439, 0.0000, -1060.2392, 472.8204, 0.0000, 50, 76, 50
L -1060.2392, 472.8204, 0.0000, -1063.1636, 470.4119, 0.0000, 50, 76, 50
L -1058.5462, 477.5126, 0.0000, -1061.0609, 478.6408, 0.0000, 50, 76, 50
L -1060.8549, 474.2642, 0.0000, -1063.3696, 475.3923, 0.0000, 50, 76, 50
L -1055.4679, 481.8439, 0.0000, -1063.4259, 476.0282, 0.0000, 50, 76, 50
L -1063.4259, 476.0282, 0.0000, -1068.3033, 476.8273, 0.0000, 50, 76, 50
L -1060.6021, 479.0523, 0.0000, -1062.0271, 481.4115, 0.0000, 50, 76, 50
L -1064.4527, 476.9587, 0.0000, -1065.8777, 479.3179, 0.0000, 50, 76, 50
L 521.3396, 487.7059, 0.0000, 528.9925, 490.8539, 0.0000, 74, 60, 46
L 528.9925, 491.2827, 0.0000, 530.5231, 501.5347, 0.0000, 74, 60, 46
L 530.5231, 501.6895, 0.0000, 535.1149, 510.6045, 0.0000, 74, 60, 46
L 535.1149, 511.0426, 0.0000, 532.0537, 517.2815, 0.0000, 74, 60, 46
L 532.0537, 516.9237, 0.0000, 536.6454, 518.7155, 0.0000, 74, 60, 46
L 536.6454, 518.7750, 0.0000, 537.4107, 519.8792, 0.0000, 74, 60, 46
L 537.4107, 520.3935, 0.0000, 525.9314, 520.2386, 0.0000, 74, 60, 46
L 525.9314, 520.4099, 0.0000, 525.1661, 516.5566, 0.0000, 74, 60, 46
L 525.1661, 516.5392, 0.0000, 526.6966, 510.6565, 0.0000, 74, 60, 46
L 526.6966, 511.0080, 0.0000, 522.8702, 501.4619, 0.0000, 74, 60, 46
L 522.8702, 501.9244, 0.0000, 521.3396, 488.3582, 0.0000, 74, 60, 46
L 521.7546, 489.3728, 0.0000, 525.8703, 489.3728, 0.0000, 74, 60, 46
L 522.1755, 494.1852, 0.0000, 529.1624, 494.1852, 0.0000, 74, 60, 46
L 522.5964, 498.0376, 0.0000, 529.7036, 498.0376, 0.0000, 74, 60, 46
L 523.0174, 501.1140, 0.0000, 530.2447, 501.1140, 0.0000, 74, 60, 46
L 524.4379, 505.3496, 0.0000, 531.9544, 505.3496, 0.0000, 74, 60, 46
L 526.0163, 508.3963, 0.0000, 533.8485, 508.3963, 0.0000, 74, 60, 46
L 526.4256, 512.8879, 0.0000, 534.0780, 512.8879, 0.0000, 74, 60, 46
L 525.3898, 515.8090, 0.0000, 532.1839, 515.8090, 0.0000, 74, 60, 46
L 525.9314, 489.8049, 0.0000, 536.6454, 494.0116, 0.0000, 74, 60, 46
L 536.6454, 493.7039, 0.0000, 547.3595, 502.9754, 0.0000, 74, 60, 46
L 547.3595, 503.2992, 0.0000, 553.4819, 512.2245, 0.0000, 74, 60, 46
L 553.4819, 512.7871, 0.0000, 551.1860, 514.8481, 0.0000, 74, 60, 46
L 551.1860, 514.9695, 0.0000, 544.2984, 506.5414, 0.0000, 74, 60, 46
L 544.2984, 506.4138, 0.0000, 535.1149, 498.8795, 0.0000, 74, 60, 46
L 535.1149, 498.6688, 0.0000, 525.9314, 494.0566, 0.0000, 74, 60, 46
L 525.9314, 494.3130, 0.0000, 525.9314, 489.6251, 0.0000, 74, 60, 46
L 526.1246, 491.7876, 0.0000, 529.9122, 491.7876, 0.0000, 74, 60, 46
L 527.6743, 494.2604, 0.0000, 537.3562, 494.2604, 0.0000, 74, 60, 46
L 534.8297, 498.3203, 0.0000, 541.5303, 498.3203, 0.0000, 74, 60, 46
L 539.3144, 502.5631, 0.0000, 545.7043, 502.5631, 0.0000, 74, 60, 46
L 543.6076, 506.1841, 0.0000, 548.7160, 506.1841, 0.0000, 74, 60, 46
L 546.8161, 508.6692, 0.0000, 551.1012, 508.6692, 0.0000, 74, 60, 46
L 549.7434, 512.1863, 0.0000, 552.9921, 512.1863, 0.0000, 74, 60, 46
L 507.5644, 488.3812, 0.0000, 515.2173, 489.8156, 0.0000, 104, 88, 70
L 515.2173, 489.7504, 0.0000, 515.9826, 501.7565, 0.0000, 104, 88, 70
L 515.9826, 501.8820, 0.0000, 511.3908, 511.0250, 0.0000, 104, 88, 70
L 511.3908, 510.4839, 0.0000, 506.0338, 517.3135, 0.0000, 104, 88, 70
L 506.0338, 516.8772, 0.0000, 501.4420, 519.0195, 0.0000, 104, 88, 70
L 501.4420, 518.2710, 0.0000, 500.6767, 520.4592, 0.0000, 104, 88, 70
L 500.6767, 520.1820, 0.0000, 512.1561, 520.0134, 0.0000, 104, 88, 70
L 512.1561, 520.2209, 0.0000, 512.9214, 516.6754, 0.0000, 104, 88, 70
L 512.9214, 516.4135, 0.0000, 514.4520, 510.6472, 0.0000, 104, 88, 70
L 514.4520, 510.4808, 0.0000, 510.6255, 502.1190, 0.0000, 104, 88, 70
L 510.6255, 501.5605, 0.0000, 507.5644, 488.0504, 0.0000, 104, 88, 70
L 508.2593, 490.5958, 0.0000, 513.4594, 490.5958, 0.0000, 104, 88, 70
L 509.1947, 494.3979, 0.0000, 513.4594, 494.3979, 0.0000, 104, 88, 70
L 510.1300, 497.7545, 0.0000, 513.4594, 497.7545, 0.0000, 104, 88, 70
L 511.1717, 502.1069, 0.0000, 513.2202, 502.1069, 0.0000, 104, 88, 70
L 511.4507, 510.9567, 0.0000, 513.4321, 510.9567, 0.0000, 104, 88, 70
L 507.7677, 515.6410, 0.0000, 512.8308, 515.6410, 0.0000, 104, 88, 70
L 501.1910, 519.7243, 0.0000, 512.0436, 519.7243, 0.0000, 104, 88, 70
L 513.9140, 489.9162, 0.0000, 515.0022, 489.9162, 0.0000, 74, 60, 46
L 513.9140, 493.2197, 0.0000, 515.2179, 493.2197, 0.0000, 74, 60, 46
L 513.9140, 496.3692, 0.0000, 515.4336, 496.3692, 0.0000, 74, 60, 46
L 513.9140, 500.1415, 0.0000, 515.6493, 500.1415, 0.0000, 74, 60, 46
L 514.0603, 502.9553, 0.0000, 515.3162, 502.9553, 0.0000, 74, 60, 46
L 502.2073, 518.5779, 0.0000, 500.0645, 519.6493, 0.0000, 104, 88, 70
L 500.2175, 518.5779, 0.0000, 498.0747, 519.6493, 0.0000, 104, 88, 70
L 498.2278, 518.5779, 0.0000, 496.0850, 519.6493, 0.0000, 104, 88, 70
L 506.0338, 485.9827, 0.0000, 501.4420, 477.2702, 0.0000, 104, 88, 70
L 501.4420, 477.3442, 0.0000, 502.9726, 469.6158, 0.0000, 104, 88, 70
L 502.9726, 469.9486, 0.0000, 510.6255, 466.8287, 0.0000, 104, 88, 70
L 510.6255, 466.5935, 0.0000, 519.8090, 469.3584, 0.0000, 104, 88, 70
L 519.8090, 469.8935, 0.0000, 525.9314, 477.5115, 0.0000, 104, 88, 70
L 525.9314, 477.4344, 0.0000, 526.6966, 484.4651, 0.0000, 104, 88, 70
L 526.6966, 484.9601, 0.0000, 522.8702, 489.2695, 0.0000, 104, 88, 70
L 522.8702, 489.6690, 0.0000, 515.2173, 491.1459, 0.0000, 104, 88, 70
L 515.2173, 490.6494, 0.0000, 509.0949, 489.0604, 0.0000, 104, 88, 70
L 509.0949, 489.3981, 0.0000, 506.0338, 486.2981, 0.0000, 104, 88, 70
L 505.5914, 468.6159, 0.0000, 513.5551, 468.6159, 0.0000, 104, 88, 70
L 502.5494, 473.3405, 0.0000, 514.9900, 473.3405, 0.0000, 104, 88, 70
L 501.7076, 477.7176, 0.0000, 514.9900, 477.7176, 0.0000, 104, 88, 70
L 503.6782, 481.4003, 0.0000, 514.9900, 481.4003, 0.0000, 104, 88, 70
L 505.7828, 485.1591, 0.0000, 514.9900, 485.1591, 0.0000, 104, 88, 70
L 510.0875, 489.8608, 0.0000, 514.9900, 489.8608, 0.0000, 104, 88, 70
L 515.4446, 468.1360, 0.0000, 517.5786, 468.1360, 0.0000, 74, 60, 46
L 515.4446, 471.6350, 0.0000, 521.2746, 471.6350, 0.0000, 74, 60, 46
L 515.4446, 474.9188, 0.0000, 524.0357, 474.9188, 0.0000, 74, 60, 46
L 515.4446, 477.9354, 0.0000, 525.8407, 477.9354, 0.0000, 74, 60, 46
L 515.4446, 481.6974, 0.0000, 526.1858, 481.6974, 0.0000, 74, 60, 46
L 515.4446, 485.0921, 0.0000, 525.9560, 485.0921, 0.0000, 74, 60, 46
L 515.4446, 488.8707, 0.0000, 523.0797, 488.8707, 0.0000, 74, 60, 46
L 504.5032, 472.6604, 0.0000, 507.5644, 471.1298, 0.0000, 74, 60, 46
L 510.6255, 468.0686, 0.0000, 513.6867, 466.5381, 0.0000, 74, 60, 46
L 517.5131, 470.3645, 0.0000, 520.5743, 468.8339, 0.0000, 74, 60, 46
L 522.8702, 477.2522, 0.0000, 525.9314, 475.7216, 0.0000, 74, 60, 46
L 509.1815, 473.3450, 0.0000, 507.6509, 473.8042, 0.0000, 74, 60, 46
L 520.2946, 475.4834, 0.0000, 518.7640, 475.9426, 0.0000, 74, 60, 46
L 511.5914, 485.5667, 0.0000, 510.0609, 486.0258, 0.0000, 74, 60, 46
L 513.9910, 480.5785, 0.0000, 512.4605, 481.0377, 0.0000, 74, 60, 46
L 507.6696, 480.7947, 0.0000, 506.1390, 481.2539, 0.0000, 74, 60, 46
L 517.0429, 474.1783, 0.0000, 515.5123, 474.6375, 0.0000, 74, 60, 46
L 504.5032, 473.9668, 0.0000, 498.3808, 472.7674, 0.0000, 104, 88, 70
L 498.3808, 472.8535, 0.0000, 495.3197, 474.3094, 0.0000, 104, 88, 70
L 495.3197, 474.2318, 0.0000, 499.9114, 478.6014, 0.0000, 104, 88, 70
L 499.9114, 479.1427, 0.0000, 505.2685, 480.5886, 0.0000, 104, 88, 70
L 505.2685, 480.3362, 0.0000, 504.5032, 474.2319, 0.0000, 104, 88, 70
L 495.7712, 474.0195, 0.0000, 504.3423, 474.0195, 0.0000, 104, 88, 70
L 499.3489, 477.8842, 0.0000, 504.7895, 477.8842, 0.0000, 104, 88, 70
L 498.3808, 472.4276, 0.0000, 493.7891, 469.7103, 0.0000, 104, 88, 70
L 493.7891, 469.4308, 0.0000, 487.6668, 470.5910, 0.0000, 104, 88, 70
L 487.6668, 470.9619, 0.0000, 481.5444, 474.0436, 0.0000, 104, 88, 70
L 481.5444, 474.5090, 0.0000, 475.4221, 475.8240, 0.0000, 104, 88, 70
L 475.4221, 476.3561, 0.0000, 474.2742, 477.7073, 0.0000, 104, 88, 70
L 474.2742, 477.6725, 0.0000, 480.0138, 478.1247, 0.0000, 104, 88, 70
L 480.0138, 478.1963, 0.0000, 487.6668, 477.5981, 0.0000, 104, 88, 70
L 487.6668, 477.4835, 0.0000, 493.7891, 476.6686, 0.0000, 104, 88, 70
L 493.7891, 476.8086, 0.0000, 499.1461, 477.4340, 0.0000, 104, 88, 70
L 499.1461, 477.3899, 0.0000, 498.3808, 472.4218, 0.0000, 104, 88, 70
L 487.2476, 470.6231, 0.0000, 490.5688, 470.6231, 0.0000, 104, 88, 70
L 482.0096, 473.8641, 0.0000, 490.5688, 473.8641, 0.0000, 104, 88, 70
L 474.9355, 477.3196, 0.0000, 490.1862, 477.3196, 0.0000, 104, 88, 70
L 490.8870, 471.2872, 0.0000, 495.4420, 471.2872, 0.0000, 74, 60, 46
L 490.8870, 473.2121, 0.0000, 498.3156, 473.2121, 0.0000, 74, 60, 46
L 490.8870, 476.0881, 0.0000, 498.7182, 476.0881, 0.0000, 74, 60, 46
L 487.6668, 477.5123, 0.0000, 475.4221, 477.4159, 0.0000, 104, 88, 70
L 475.4221, 477.4300, 0.0000, 475.0394, 478.9237, 0.0000, 104, 88, 70
L 475.0394, 478.9118, 0.0000, 481.5444, 479.2297, 0.0000, 104, 88, 70
L 481.5444, 479.2244, 0.0000, 487.6668, 478.6787, 0.0000, 104, 88, 70
L 487.6668, 479.0607, 0.0000, 487.6668, 477.4584, 0.0000, 104, 88, 70
L 475.2278, 479.3119, 0.0000, 483.9987, 479.3119, 0.0000, 104, 88, 70
L 492.2585, 469.5992, 0.0000, 475.4221, 476.1042, 0.0000, 74, 60, 46
L 495.3197, 471.5125, 0.0000, 492.2585, 472.0482, 0.0000, 74, 60, 46
L 477.7180, 478.0174, 0.0000, 476.5700, 481.0786, 0.0000, 150, 142, 120
L 498.3808, 469.5992, 0.0000, 506.0338, 462.7116, 0.0000, 74, 60, 46
L 502.2073, 468.8339, 0.0000, 511.3908, 461.9463, 0.0000, 74, 60, 46
L 506.0338, 469.5992, 0.0000, 516.7479, 462.7116, 0.0000, 74, 60, 46
L 506.0338, 477.1716, 0.0000, 499.9114, 482.1609, 0.0000, 104, 88, 70
L 499.9114, 481.6210, 0.0000, 498.3808, 492.5074, 0.0000, 104, 88, 70
L 498.3808, 492.7936, 0.0000, 501.4420, 500.3792, 0.0000, 104, 88, 70
L 501.4420, 500.4701, 0.0000, 504.5032, 498.7961, 0.0000, 104, 88, 70
L 504.5032, 498.9675, 0.0000, 502.9726, 491.1755, 0.0000, 104, 88, 70
L 502.9726, 490.8716, 0.0000, 504.5032, 481.6252, 0.0000, 104, 88, 70
L 504.5032, 481.4859, 0.0000, 509.0949, 478.4404, 0.0000, 104, 88, 70
L 509.0949, 478.6270, 0.0000, 506.0338, 477.6242, 0.0000, 104, 88, 70
L 502.8136, 479.7132, 0.0000, 504.2986, 479.7132, 0.0000, 104, 88, 70
L 499.9602, 483.3363, 0.0000, 504.1169, 483.3363, 0.0000, 104, 88, 70
L 499.4190, 487.3367, 0.0000, 503.4855, 487.3367, 0.0000, 104, 88, 70
L 498.8779, 490.0448, 0.0000, 502.8541, 490.0448, 0.0000, 104, 88, 70
L 499.2818, 493.8208, 0.0000, 503.4224, 493.8208, 0.0000, 104, 88, 70
L 500.7971, 498.2310, 0.0000, 504.1800, 498.2310, 0.0000, 104, 88, 70
L 505.7206, 478.6160, 0.0000, 508.8565, 478.6160, 0.0000, 74, 60, 46
L 500.6767, 500.9762, 0.0000, 499.9114, 504.0374, 0.0000, 104, 88, 70
L 502.2073, 500.9762, 0.0000, 501.4420, 504.0374, 0.0000, 104, 88, 70
L 503.7379, 500.9762, 0.0000, 502.9726, 504.0374, 0.0000, 104, 88, 70
L 515.2173, 480.3133, 0.0000, 498.3808, 454.2934, 0.0000, 150, 142, 120
L 498.3808, 454.2934, 0.0000, 490.7279, 456.5893, 0.0000, 74, 60, 46
L 498.3808, 454.2934, 0.0000, 504.5032, 451.2322, 0.0000, 74, 60, 46
L -1075.2599, 770.8075, 0.0000, -1066.5514, 765.2658, 0.0000, 64, 58, 66
L -1066.5514, 765.2658, 0.0000, -1059.4263, 772.3909, 0.0000, 64, 58, 66
L -1059.4263, 772.3909, 0.0000, -1055.4679, 769.2242, 0.0000, 64, 58, 66
L -1055.4679, 769.2242, 0.0000, -1051.5095, 772.3909, 0.0000, 64, 58, 66
L -1051.5095, 772.3909, 0.0000, -1044.3843, 765.2658, 0.0000, 64, 58, 66
L -1044.3843, 765.2658, 0.0000, -1035.6759, 770.8075, 0.0000, 64, 58, 66
L -1075.2599, 770.8075, 0.0000, -1067.3431, 777.1410, 0.0000, 64, 58, 66
L -1067.3431, 777.1410, 0.0000, -1058.6346, 775.5576, 0.0000, 64, 58, 66
L -1035.6759, 770.8075, 0.0000, -1043.5927, 777.1410, 0.0000, 64, 58, 66
L -1043.5927, 777.1410, 0.0000, -1052.3012, 775.5576, 0.0000, 64, 58, 66
L -1055.4679, 769.2242, 0.0000, -1055.4679, 777.1410, 0.0000, 64, 58, 66
L 505.3424, 774.7660, 0.0000, 508.7783, 770.3484, 0.0000, 110, 100, 92
L 508.7783, 770.3484, 0.0000, 517.1226, 769.8575, 0.0000, 110, 100, 92
L 517.1226, 769.8575, 0.0000, 522.0310, 773.2934, 0.0000, 110, 100, 92
L 522.0310, 773.2934, 0.0000, 524.9761, 775.2568, 0.0000, 110, 100, 92
L 524.9761, 775.2568, 0.0000, 520.5585, 776.7293, 0.0000, 110, 100, 92
L 520.5585, 776.7293, 0.0000, 509.2691, 777.2202, 0.0000, 110, 100, 92
L 509.2691, 777.2202, 0.0000, 505.3424, 774.7660, 0.0000, 110, 100, 92
L 518.3497, 769.3667, 0.0000, 517.7029, 770.7098, 0.0000, 110, 100, 92
L 517.7029, 770.7098, 0.0000, 516.2495, 771.0416, 0.0000, 110, 100, 92
L 516.2495, 771.0416, 0.0000, 515.0839, 770.1121, 0.0000, 110, 100, 92
L 515.0839, 770.1121, 0.0000, 515.0839, 768.6213, 0.0000, 110, 100, 92
L 515.0839, 768.6213, 0.0000, 516.2495, 767.6918, 0.0000, 110, 100, 92
L 516.2495, 767.6918, 0.0000, 517.7029, 768.0235, 0.0000, 110, 100, 92
L 517.7029, 768.0235, 0.0000, 518.3497, 769.3667, 0.0000, 110, 100, 92
L 509.7599, 776.7293, 0.0000, 509.0237, 781.1469, 0.0000, 110, 100, 92
L 514.1775, 776.7293, 0.0000, 513.4413, 781.1469, 0.0000, 110, 100, 92
L 518.5951, 776.7293, 0.0000, 517.8588, 781.1469, 0.0000, 110, 100, 92
L 505.3424, 774.7660, 0.0000, 503.7997, 775.8349, 0.0000, 110, 100, 92
L 503.7997, 775.8349, 0.0000, 502.2571, 776.7580, 0.0000, 110, 100, 92
L 502.2571, 776.7580, 0.0000, 500.7144, 777.4094, 0.0000, 110, 100, 92
L 500.7144, 777.4094, 0.0000, 499.1718, 777.7004, 0.0000, 110, 100, 92
L 499.1718, 777.7004, 0.0000, 497.6291, 777.5911, 0.0000, 110, 100, 92
L 497.6291, 777.5911, 0.0000, 496.0865, 777.0965, 0.0000, 110, 100, 92
L 496.0865, 777.0965, 0.0000, 494.5438, 776.2841, 0.0000, 110, 100, 92
