P 1933.310, -1788.340, 0.0000, 205, 120, 45, 3, N
P 1933.310, -1582.340, 0.0000, 115, 110, 104, 1, S
P 2028.310, -1677.340, 0.0000, 115, 110, 104, 1, E
P 1838.310, -1677.340, 0.0000, 115, 110, 104, 1, W
L 1783.310, -1977.340, 0.0000, 1783.310, 873.690, 0.0000, 45, 40, 38
L 1783.310, 873.690, 0.0000, -889.690, 873.690, 0.0000, 45, 40, 38
L -889.690, 873.690, 0.0000, -889.690, -1977.340, 0.0000, 45, 40, 38
L 1767.310, -1961.340, 0.0000, 1767.310, 857.690, 0.0000, 115, 110, 104
L 1767.310, 857.690, 0.0000, -873.690, 857.690, 0.0000, 115, 110, 104
L -873.690, 857.690, 0.0000, -873.690, -1961.340, 0.0000, 115, 110, 104
L 1753.310, -1947.340, 0.0000, 1753.310, 843.690, 0.0000, 45, 40, 38
L 1753.310, 843.690, 0.0000, -859.690, 843.690, 0.0000, 45, 40, 38
L -859.690, 843.690, 0.0000, -859.690, -1947.340, 0.0000, 45, 40, 38
L -632.679, -1966.672, 0.0000, -618.212, -1969.337, 0.0000, 205, 120, 45
L -618.212, -1969.337, 0.0000, -603.818, -1966.309, 0.0000, 205, 120, 45
L -603.818, -1966.309, 0.0000, -591.652, -1958.041, 0.0000, 205, 120, 45
L -591.652, -1958.041, 0.0000, -583.537, -1945.772, 0.0000, 205, 120, 45
L -583.537, -1945.772, 0.0000, -580.690, -1931.340, 0.0000, 205, 120, 45
L -580.690, -1931.340, 0.0000, -583.537, -1916.908, 0.0000, 205, 120, 45
L -583.537, -1916.908, 0.0000, -591.652, -1904.639, 0.0000, 205, 120, 45
L -591.652, -1904.639, 0.0000, -603.818, -1896.371, 0.0000, 205, 120, 45
L -603.818, -1896.371, 0.0000, -618.212, -1893.343, 0.0000, 205, 120, 45
L -618.212, -1893.343, 0.0000, -632.679, -1896.008, 0.0000, 205, 120, 45
L -332.679, -1966.672, 0.0000, -318.212, -1969.337, 0.0000, 205, 120, 45
L -318.212, -1969.337, 0.0000, -303.818, -1966.309, 0.0000, 205, 120, 45
L -303.818, -1966.309, 0.0000, -291.652, -1958.041, 0.0000, 205, 120, 45
L -291.652, -1958.041, 0.0000, -283.537, -1945.772, 0.0000, 205, 120, 45
L -283.537, -1945.772, 0.0000, -280.690, -1931.340, 0.0000, 205, 120, 45
L -280.690, -1931.340, 0.0000, -283.537, -1916.908, 0.0000, 205, 120, 45
L -283.537, -1916.908, 0.0000, -291.652, -1904.639, 0.0000, 205, 120, 45
L -291.652, -1904.639, 0.0000, -303.818, -1896.371, 0.0000, 205, 120, 45
L -303.818, -1896.371, 0.0000, -318.212, -1893.343, 0.0000, 205, 120, 45
L -318.212, -1893.343, 0.0000, -332.679, -1896.008, 0.0000, 205, 120, 45
L -32.679, -1966.672, 0.0000, -18.212, -1969.337, 0.0000, 205, 120, 45
L -18.212, -1969.337, 0.0000, -3.818, -1966.309, 0.0000, 205, 120, 45
L -3.818, -1966.309, 0.0000, 8.348, -1958.041, 0.0000, 205, 120, 45
L 8.348, -1958.041, 0.0000, 16.463, -1945.772, 0.0000, 205, 120, 45
L 16.463, -1945.772, 0.0000, 19.310, -1931.340, 0.0000, 205, 120, 45
L 19.310, -1931.340, 0.0000, 16.463, -1916.908, 0.0000, 205, 120, 45
L 16.463, -1916.908, 0.0000, 8.348, -1904.639, 0.0000, 205, 120, 45
L 8.348, -1904.639, 0.0000, -3.818, -1896.371, 0.0000, 205, 120, 45
L -3.818, -1896.371, 0.0000, -18.212, -1893.343, 0.0000, 205, 120, 45
L -18.212, -1893.343, 0.0000, -32.679, -1896.008, 0.0000, 205, 120, 45
L 267.321, -1966.672, 0.0000, 281.788, -1969.337, 0.0000, 205, 120, 45
L 281.788, -1969.337, 0.0000, 296.182, -1966.309, 0.0000, 205, 120, 45
L 296.182, -1966.309, 0.0000, 308.348, -1958.041, 0.0000, 205, 120, 45
L 308.348, -1958.041, 0.0000, 316.463, -1945.772, 0.0000, 205, 120, 45
L 316.463, -1945.772, 0.0000, 319.310, -1931.340, 0.0000, 205, 120, 45
L 319.310, -1931.340, 0.0000, 316.463, -1916.908, 0.0000, 205, 120, 45
L 316.463, -1916.908, 0.0000, 308.348, -1904.639, 0.0000, 205, 120, 45
L 308.348, -1904.639, 0.0000, 296.182, -1896.371, 0.0000, 205, 120, 45
L 296.182, -1896.371, 0.0000, 281.788, -1893.343, 0.0000, 205, 120, 45
L 281.788, -1893.343, 0.0000, 267.321, -1896.008, 0.0000, 205, 120, 45
L 567.321, -1966.672, 0.0000, 581.788, -1969.337, 0.0000, 205, 120, 45
L 581.788, -1969.337, 0.0000, 596.182, -1966.309, 0.0000, 205, 120, 45
L 596.182, -1966.309, 0.0000, 608.348, -1958.041, 0.0000, 205, 120, 45
L 608.348, -1958.041, 0.0000, 616.463, -1945.772, 0.0000, 205, 120, 45
L 616.463, -1945.772, 0.0000, 619.310, -1931.340, 0.0000, 205, 120, 45
L 619.310, -1931.340, 0.0000, 616.463, -1916.908, 0.0000, 205, 120, 45
L 616.463, -1916.908, 0.0000, 608.348, -1904.639, 0.0000, 205, 120, 45
L 608.348, -1904.639, 0.0000, 596.182, -1896.371, 0.0000, 205, 120, 45
L 596.182, -1896.371, 0.0000, 581.788, -1893.343, 0.0000, 205, 120, 45
L 581.788, -1893.343, 0.0000, 567.321, -1896.008, 0.0000, 205, 120, 45
L 867.321, -1966.672, 0.0000, 881.788, -1969.337, 0.0000, 205, 120, 45
L 881.788, -1969.337, 0.0000, 896.182, -1966.309, 0.0000, 205, 120, 45
L 896.182, -1966.309, 0.0000, 908.348, -1958.041, 0.0000, 205, 120, 45
L 908.348, -1958.041, 0.0000, 916.463, -1945.772, 0.0000, 205, 120, 45
L 916.463, -1945.772, 0.0000, 919.310, -1931.340, 0.0000, 205, 120, 45
L 919.310, -1931.340, 0.0000, 916.463, -1916.908, 0.0000, 205, 120, 45
L 916.463, -1916.908, 0.0000, 908.348, -1904.639, 0.0000, 205, 120, 45
L 908.348, -1904.639, 0.0000, 896.182, -1896.371, 0.0000, 205, 120, 45
L 896.182, -1896.371, 0.0000, 881.788, -1893.343, 0.0000, 205, 120, 45
L 881.788, -1893.343, 0.0000, 867.321, -1896.008, 0.0000, 205, 120, 45
L 1167.321, -1966.672, 0.0000, 1181.788, -1969.337, 0.0000, 205, 120, 45
L 1181.788, -1969.337, 0.0000, 1196.182, -1966.309, 0.0000, 205, 120, 45
L 1196.182, -1966.309, 0.0000, 1208.348, -1958.041, 0.0000, 205, 120, 45
L 1208.348, -1958.041, 0.0000, 1216.463, -1945.772, 0.0000, 205, 120, 45
L 1216.463, -1945.772, 0.0000, 1219.310, -1931.340, 0.0000, 205, 120, 45
L 1219.310, -1931.340, 0.0000, 1216.463, -1916.908, 0.0000, 205, 120, 45
L 1216.463, -1916.908, 0.0000, 1208.348, -1904.639, 0.0000, 205, 120, 45
L 1208.348, -1904.639, 0.0000, 1196.182, -1896.371, 0.0000, 205, 120, 45
L 1196.182, -1896.371, 0.0000, 1181.788, -1893.343, 0.0000, 205, 120, 45
L 1181.788, -1893.343, 0.0000, 1167.321, -1896.008, 0.0000, 205, 120, 45
L 1467.321, -1966.672, 0.0000, 1481.788, -1969.337, 0.0000, 205, 120, 45
L 1481.788, -1969.337, 0.0000, 1496.182, -1966.309, 0.0000, 205, 120, 45
L 1496.182, -1966.309, 0.0000, 1508.348, -1958.041, 0.0000, 205, 120, 45
L 1508.348, -1958.041, 0.0000, 1516.463, -1945.772, 0.0000, 205, 120, 45
L 1516.463, -1945.772, 0.0000, 1519.310, -1931.340, 0.0000, 205, 120, 45
L 1519.310, -1931.340, 0.0000, 1516.463, -1916.908, 0.0000, 205, 120, 45
L 1516.463, -1916.908, 0.0000, 1508.348, -1904.639, 0.0000, 205, 120, 45
L 1508.348, -1904.639, 0.0000, 1496.182, -1896.371, 0.0000, 205, 120, 45
L 1496.182, -1896.371, 0.0000, 1481.788, -1893.343, 0.0000, 205, 120, 45
L 1481.788, -1893.343, 0.0000, 1467.321, -1896.008, 0.0000, 205, 120, 45
L -754.701, 863.021, 0.0000, -769.167, 865.687, 0.0000, 155, 48, 36
L -769.167, 865.687, 0.0000, -783.562, 862.659, 0.0000, 155, 48, 36
L -783.562, 862.659, 0.0000, -795.728, 854.391, 0.0000, 155, 48, 36
L -795.728, 854.391, 0.0000, -803.843, 842.122, 0.0000, 155, 48, 36
L -803.843, 842.122, 0.0000, -806.690, 827.690, 0.0000, 155, 48, 36
L -806.690, 827.690, 0.0000, -803.843, 813.258, 0.0000, 155, 48, 36
L -803.843, 813.258, 0.0000, -795.728, 800.989, 0.0000, 155, 48, 36
L -795.728, 800.989, 0.0000, -783.562, 792.721, 0.0000, 155, 48, 36
L -783.562, 792.721, 0.0000, -769.167, 789.693, 0.0000, 155, 48, 36
L -769.167, 789.693, 0.0000, -754.701, 792.358, 0.0000, 155, 48, 36
L -604.701, 863.021, 0.0000, -619.167, 865.687, 0.0000, 205, 120, 45
L -619.167, 865.687, 0.0000, -633.562, 862.659, 0.0000, 205, 120, 45
L -633.562, 862.659, 0.0000, -645.728, 854.391, 0.0000, 205, 120, 45
L -645.728, 854.391, 0.0000, -653.843, 842.122, 0.0000, 205, 120, 45
L -653.843, 842.122, 0.0000, -656.690, 827.690, 0.0000, 205, 120, 45
L -656.690, 827.690, 0.0000, -653.843, 813.258, 0.0000, 205, 120, 45
L -653.843, 813.258, 0.0000, -645.728, 800.989, 0.0000, 205, 120, 45
L -645.728, 800.989, 0.0000, -633.562, 792.721, 0.0000, 205, 120, 45
L -633.562, 792.721, 0.0000, -619.167, 789.693, 0.0000, 205, 120, 45
L -619.167, 789.693, 0.0000, -604.701, 792.358, 0.0000, 205, 120, 45
L -454.701, 863.021, 0.0000, -469.167, 865.687, 0.0000, 155, 48, 36
L -469.167, 865.687, 0.0000, -483.562, 862.659, 0.0000, 155, 48, 36
L -483.562, 862.659, 0.0000, -495.728, 854.391, 0.0000, 155, 48, 36
L -495.728, 854.391, 0.0000, -503.843, 842.122, 0.0000, 155, 48, 36
L -503.843, 842.122, 0.0000, -506.690, 827.690, 0.0000, 155, 48, 36
L -506.690, 827.690, 0.0000, -503.843, 813.258, 0.0000, 155, 48, 36
L -503.843, 813.258, 0.0000, -495.728, 800.989, 0.0000, 155, 48, 36
L -495.728, 800.989, 0.0000, -483.562, 792.721, 0.0000, 155, 48, 36
L -483.562, 792.721, 0.0000, -469.167, 789.693, 0.0000, 155, 48, 36
L -469.167, 789.693, 0.0000, -454.701, 792.358, 0.0000, 155, 48, 36
L -304.701, 863.021, 0.0000, -319.167, 865.687, 0.0000, 205, 120, 45
L -319.167, 865.687, 0.0000, -333.562, 862.659, 0.0000, 205, 120, 45
L -333.562, 862.659, 0.0000, -345.728, 854.391, 0.0000, 205, 120, 45
L -345.728, 854.391, 0.0000, -353.843, 842.122, 0.0000, 205, 120, 45
L -353.843, 842.122, 0.0000, -356.690, 827.690, 0.0000, 205, 120, 45
L -356.690, 827.690, 0.0000, -353.843, 813.258, 0.0000, 205, 120, 45
L -353.843, 813.258, 0.0000, -345.728, 800.989, 0.0000, 205, 120, 45
L -345.728, 800.989, 0.0000, -333.562, 792.721, 0.0000, 205, 120, 45
L -333.562, 792.721, 0.0000, -319.167, 789.693, 0.0000, 205, 120, 45
L -319.167, 789.693, 0.0000, -304.701, 792.358, 0.0000, 205, 120, 45
L -154.701, 863.021, 0.0000, -169.167, 865.687, 0.0000, 155, 48, 36
L -169.167, 865.687, 0.0000, -183.562, 862.659, 0.0000, 155, 48, 36
L -183.562, 862.659, 0.0000, -195.728, 854.391, 0.0000, 155, 48, 36
L -195.728, 854.391, 0.0000, -203.843, 842.122, 0.0000, 155, 48, 36
L -203.843, 842.122, 0.0000, -206.690, 827.690, 0.0000, 155, 48, 36
L -206.690, 827.690, 0.0000, -203.843, 813.258, 0.0000, 155, 48, 36
L -203.843, 813.258, 0.0000, -195.728, 800.989, 0.0000, 155, 48, 36
L -195.728, 800.989, 0.0000, -183.562, 792.721, 0.0000, 155, 48, 36
L -183.562, 792.721, 0.0000, -169.167, 789.693, 0.0000, 155, 48, 36
L -169.167, 789.693, 0.0000, -154.701, 792.358, 0.0000, 155, 48, 36
L -4.701, 863.021, 0.0000, -19.167, 865.687, 0.0000, 205, 120, 45
L -19.167, 865.687, 0.0000, -33.562, 862.659, 0.0000, 205, 120, 45
L -33.562, 862.659, 0.0000, -45.728, 854.391, 0.0000, 205, 120, 45
L -45.728, 854.391, 0.0000, -53.843, 842.122, 0.0000, 205, 120, 45
L -53.843, 842.122, 0.0000, -56.690, 827.690, 0.0000, 205, 120, 45
L -56.690, 827.690, 0.0000, -53.843, 813.258, 0.0000, 205, 120, 45
L -53.843, 813.258, 0.0000, -45.728, 800.989, 0.0000, 205, 120, 45
L -45.728, 800.989, 0.0000, -33.562, 792.721, 0.0000, 205, 120, 45
L -33.562, 792.721, 0.0000, -19.167, 789.693, 0.0000, 205, 120, 45
L -19.167, 789.693, 0.0000, -4.701, 792.358, 0.0000, 205, 120, 45
L 145.299, 863.021, 0.0000, 130.833, 865.687, 0.0000, 155, 48, 36
L 130.833, 865.687, 0.0000, 116.438, 862.659, 0.0000, 155, 48, 36
L 116.438, 862.659, 0.0000, 104.272, 854.391, 0.0000, 155, 48, 36
L 104.272, 854.391, 0.0000, 96.157, 842.122, 0.0000, 155, 48, 36
L 96.157, 842.122, 0.0000, 93.310, 827.690, 0.0000, 155, 48, 36
L 93.310, 827.690, 0.0000, 96.157, 813.258, 0.0000, 155, 48, 36
L 96.157, 813.258, 0.0000, 104.272, 800.989, 0.0000, 155, 48, 36
L 104.272, 800.989, 0.0000, 116.438, 792.721, 0.0000, 155, 48, 36
L 116.438, 792.721, 0.0000, 130.833, 789.693, 0.0000, 155, 48, 36
L 130.833, 789.693, 0.0000, 145.299, 792.358, 0.0000, 155, 48, 36
L 295.299, 863.021, 0.0000, 280.833, 865.687, 0.0000, 205, 120, 45
L 280.833, 865.687, 0.0000, 266.438, 862.659, 0.0000, 205, 120, 45
L 266.438, 862.659, 0.0000, 254.272, 854.391, 0.0000, 205, 120, 45
L 254.272, 854.391, 0.0000, 246.157, 842.122, 0.0000, 205, 120, 45
L 246.157, 842.122, 0.0000, 243.310, 827.690, 0.0000, 205, 120, 45
L 243.310, 827.690, 0.0000, 246.157, 813.258, 0.0000, 205, 120, 45
L 246.157, 813.258, 0.0000, 254.272, 800.989, 0.0000, 205, 120, 45
L 254.272, 800.989, 0.0000, 266.438, 792.721, 0.0000, 205, 120, 45
L 266.438, 792.721, 0.0000, 280.833, 789.693, 0.0000, 205, 120, 45
L 280.833, 789.693, 0.0000, 295.299, 792.358, 0.0000, 205, 120, 45
L 445.299, 863.021, 0.0000, 430.833, 865.687, 0.0000, 155, 48, 36
L 430.833, 865.687, 0.0000, 416.438, 862.659, 0.0000, 155, 48, 36
L 416.438, 862.659, 0.0000, 404.272, 854.391, 0.0000, 155, 48, 36
L 404.272, 854.391, 0.0000, 396.157, 842.122, 0.0000, 155, 48, 36
L 396.157, 842.122, 0.0000, 393.310, 827.690, 0.0000, 155, 48, 36
L 393.310, 827.690, 0.0000, 396.157, 813.258, 0.0000, 155, 48, 36
L 396.157, 813.258, 0.0000, 404.272, 800.989, 0.0000, 155, 48, 36
L 404.272, 800.989, 0.0000, 416.438, 792.721, 0.0000, 155, 48, 36
L 416.438, 792.721, 0.0000, 430.833, 789.693, 0.0000, 155, 48, 36
L 430.833, 789.693, 0.0000, 445.299, 792.358, 0.0000, 155, 48, 36
L 595.299, 863.021, 0.0000, 580.833, 865.687, 0.0000, 205, 120, 45
L 580.833, 865.687, 0.0000, 566.438, 862.659, 0.0000, 205, 120, 45
L 566.438, 862.659, 0.0000, 554.272, 854.391, 0.0000, 205, 120, 45
L 554.272, 854.391, 0.0000, 546.157, 842.122, 0.0000, 205, 120, 45
L 546.157, 842.122, 0.0000, 543.310, 827.690, 0.0000, 205, 120, 45
L 543.310, 827.690, 0.0000, 546.157, 813.258, 0.0000, 205, 120, 45
L 546.157, 813.258, 0.0000, 554.272, 800.989, 0.0000, 205, 120, 45
L 554.272, 800.989, 0.0000, 566.438, 792.721, 0.0000, 205, 120, 45
L 566.438, 792.721, 0.0000, 580.833, 789.693, 0.0000, 205, 120, 45
L 580.833, 789.693, 0.0000, 595.299, 792.358, 0.0000, 205, 120, 45
L 745.299, 863.021, 0.0000, 730.833, 865.687, 0.0000, 155, 48, 36
L 730.833, 865.687, 0.0000, 716.438, 862.659, 0.0000, 155, 48, 36
L 716.438, 862.659, 0.0000, 704.272, 854.391, 0.0000, 155, 48, 36
L 704.272, 854.391, 0.0000, 696.157, 842.122, 0.0000, 155, 48, 36
L 696.157, 842.122, 0.0000, 693.310, 827.690, 0.0000, 155, 48, 36
L 693.310, 827.690, 0.0000, 696.157, 813.258, 0.0000, 155, 48, 36
L 696.157, 813.258, 0.0000, 704.272, 800.989, 0.0000, 155, 48, 36
L 704.272, 800.989, 0.0000, 716.438, 792.721, 0.0000, 155, 48, 36
L 716.438, 792.721, 0.0000, 730.833, 789.693, 0.0000, 155, 48, 36
L 730.833, 789.693, 0.0000, 745.299, 792.358, 0.0000, 155, 48, 36
L 895.299, 863.021, 0.0000, 880.833, 865.687, 0.0000, 205, 120, 45
L 880.833, 865.687, 0.0000, 866.438, 862.659, 0.0000, 205, 120, 45
L 866.438, 862.659, 0.0000, 854.272, 854.391, 0.0000, 205, 120, 45
L 854.272, 854.391, 0.0000, 846.157, 842.122, 0.0000, 205, 120, 45
L 846.157, 842.122, 0.0000, 843.310, 827.690, 0.0000, 205, 120, 45
L 843.310, 827.690, 0.0000, 846.157, 813.258, 0.0000, 205, 120, 45
L 846.157, 813.258, 0.0000, 854.272, 800.989, 0.0000, 205, 120, 45
L 854.272, 800.989, 0.0000, 866.438, 792.721, 0.0000, 205, 120, 45
L 866.438, 792.721, 0.0000, 880.833, 789.693, 0.0000, 205, 120, 45
L 880.833, 789.693, 0.0000, 895.299, 792.358, 0.0000, 205, 120, 45
L 1045.299, 863.021, 0.0000, 1030.833, 865.687, 0.0000, 155, 48, 36
L 1030.833, 865.687, 0.0000, 1016.438, 862.659, 0.0000, 155, 48, 36
L 1016.438, 862.659, 0.0000, 1004.272, 854.391, 0.0000, 155, 48, 36
L 1004.272, 854.391, 0.0000, 996.157, 842.122, 0.0000, 155, 48, 36
L 996.157, 842.122, 0.0000, 993.310, 827.690, 0.0000, 155, 48, 36
L 993.310, 827.690, 0.0000, 996.157, 813.258, 0.0000, 155, 48, 36
L 996.157, 813.258, 0.0000, 1004.272, 800.989, 0.0000, 155, 48, 36
L 1004.272, 800.989, 0.0000, 1016.438, 792.721, 0.0000, 155, 48, 36
L 1016.438, 792.721, 0.0000, 1030.833, 789.693, 0.0000, 155, 48, 36
L 1030.833, 789.693, 0.0000, 1045.299, 792.358, 0.0000, 155, 48, 36
L 1195.299, 863.021, 0.0000, 1180.833, 865.687, 0.0000, 205, 120, 45
L 1180.833, 865.687, 0.0000, 1166.438, 862.659, 0.0000, 205, 120, 45
L 1166.438, 862.659, 0.0000, 1154.272, 854.391, 0.0000, 205, 120, 45
L 1154.272, 854.391, 0.0000, 1146.157, 842.122, 0.0000, 205, 120, 45
L 1146.157, 842.122, 0.0000, 1143.310, 827.690, 0.0000, 205, 120, 45
L 1143.310, 827.690, 0.0000, 1146.157, 813.258, 0.0000, 205, 120, 45
L 1146.157, 813.258, 0.0000, 1154.272, 800.989, 0.0000, 205, 120, 45
L 1154.272, 800.989, 0.0000, 1166.438, 792.721, 0.0000, 205, 120, 45
L 1166.438, 792.721, 0.0000, 1180.833, 789.693, 0.0000, 205, 120, 45
L 1180.833, 789.693, 0.0000, 1195.299, 792.358, 0.0000, 205, 120, 45
L 1345.299, 863.021, 0.0000, 1330.833, 865.687, 0.0000, 155, 48, 36
L 1330.833, 865.687, 0.0000, 1316.438, 862.659, 0.0000, 155, 48, 36
L 1316.438, 862.659, 0.0000, 1304.272, 854.391, 0.0000, 155, 48, 36
L 1304.272, 854.391, 0.0000, 1296.157, 842.122, 0.0000, 155, 48, 36
L 1296.157, 842.122, 0.0000, 1293.310, 827.690, 0.0000, 155, 48, 36
L 1293.310, 827.690, 0.0000, 1296.157, 813.258, 0.0000, 155, 48, 36
L 1296.157, 813.258, 0.0000, 1304.272, 800.989, 0.0000, 155, 48, 36
L 1304.272, 800.989, 0.0000, 1316.438, 792.721, 0.0000, 155, 48, 36
L 1316.438, 792.721, 0.0000, 1330.833, 789.693, 0.0000, 155, 48, 36
L 1330.833, 789.693, 0.0000, 1345.299, 792.358, 0.0000, 155, 48, 36
L 1495.299, 863.021, 0.0000, 1480.833, 865.687, 0.0000, 205, 120, 45
L 1480.833, 865.687, 0.0000, 1466.438, 862.659, 0.0000, 205, 120, 45
L 1466.438, 862.659, 0.0000, 1454.272, 854.391, 0.0000, 205, 120, 45
L 1454.272, 854.391, 0.0000, 1446.157, 842.122, 0.0000, 205, 120, 45
L 1446.157, 842.122, 0.0000, 1443.310, 827.690, 0.0000, 205, 120, 45
L 1443.310, 827.690, 0.0000, 1446.157, 813.258, 0.0000, 205, 120, 45
L 1446.157, 813.258, 0.0000, 1454.272, 800.989, 0.0000, 205, 120, 45
L 1454.272, 800.989, 0.0000, 1466.438, 792.721, 0.0000, 205, 120, 45
L 1466.438, 792.721, 0.0000, 1480.833, 789.693, 0.0000, 205, 120, 45
L 1480.833, 789.693, 0.0000, 1495.299, 792.358, 0.0000, 205, 120, 45
L 1645.299, 863.021, 0.0000, 1630.833, 865.687, 0.0000, 155, 48, 36
L 1630.833, 865.687, 0.0000, 1616.438, 862.659, 0.0000, 155, 48, 36
L 1616.438, 862.659, 0.0000, 1604.272, 854.391, 0.0000, 155, 48, 36
L 1604.272, 854.391, 0.0000, 1596.157, 842.122, 0.0000, 155, 48, 36
L 1596.157, 842.122, 0.0000, 1593.310, 827.690, 0.0000, 155, 48, 36
L 1593.310, 827.690, 0.0000, 1596.157, 813.258, 0.0000, 155, 48, 36
L 1596.157, 813.258, 0.0000, 1604.272, 800.989, 0.0000, 155, 48, 36
L 1604.272, 800.989, 0.0000, 1616.438, 792.721, 0.0000, 155, 48, 36
L 1616.438, 792.721, 0.0000, 1630.833, 789.693, 0.0000, 155, 48, 36
L 1630.833, 789.693, 0.0000, 1645.299, 792.358, 0.0000, 155, 48, 36
L -879.021, -1692.351, 0.0000, -881.687, -1706.818, 0.0000, 205, 120, 45
L -881.687, -1706.818, 0.0000, -878.659, -1721.212, 0.0000, 205, 120, 45
L -878.659, -1721.212, 0.0000, -870.391, -1733.378, 0.0000, 205, 120, 45
L -879.021, -1392.351, 0.0000, -881.687, -1406.818, 0.0000, 205, 120, 45
L -881.687, -1406.818, 0.0000, -878.659, -1421.212, 0.0000, 205, 120, 45
L -878.659, -1421.212, 0.0000, -870.391, -1433.378, 0.0000, 205, 120, 45
L -870.391, -1433.378, 0.0000, -858.122, -1441.493, 0.0000, 205, 120, 45
L -858.122, -1441.493, 0.0000, -843.690, -1444.340, 0.0000, 205, 120, 45
L -843.690, -1444.340, 0.0000, -829.258, -1441.493, 0.0000, 205, 120, 45
L -829.258, -1441.493, 0.0000, -816.989, -1433.378, 0.0000, 205, 120, 45
L -816.989, -1433.378, 0.0000, -808.721, -1421.212, 0.0000, 205, 120, 45
L -808.721, -1421.212, 0.0000, -805.693, -1406.818, 0.0000, 205, 120, 45
L -805.693, -1406.818, 0.0000, -808.358, -1392.351, 0.0000, 205, 120, 45
L -879.021, -1242.351, 0.0000, -881.687, -1256.818, 0.0000, 155, 48, 36
L -881.687, -1256.818, 0.0000, -878.659, -1271.212, 0.0000, 155, 48, 36
L -878.659, -1271.212, 0.0000, -870.391, -1283.378, 0.0000, 155, 48, 36
L -870.391, -1283.378, 0.0000, -858.122, -1291.493, 0.0000, 155, 48, 36
L -858.122, -1291.493, 0.0000, -843.690, -1294.340, 0.0000, 155, 48, 36
L -843.690, -1294.340, 0.0000, -829.258, -1291.493, 0.0000, 155, 48, 36
L -829.258, -1291.493, 0.0000, -816.989, -1283.378, 0.0000, 155, 48, 36
L -816.989, -1283.378, 0.0000, -808.721, -1271.212, 0.0000, 155, 48, 36
L -808.721, -1271.212, 0.0000, -805.693, -1256.818, 0.0000, 155, 48, 36
L -805.693, -1256.818, 0.0000, -808.358, -1242.351, 0.0000, 155, 48, 36
L -879.021, -1092.351, 0.0000, -881.687, -1106.818, 0.0000, 205, 120, 45
L -881.687, -1106.818, 0.0000, -878.659, -1121.212, 0.0000, 205, 120, 45
L -878.659, -1121.212, 0.0000, -870.391, -1133.378, 0.0000, 205, 120, 45
L -870.391, -1133.378, 0.0000, -858.122, -1141.493, 0.0000, 205, 120, 45
L -858.122, -1141.493, 0.0000, -843.690, -1144.340, 0.0000, 205, 120, 45
L -843.690, -1144.340, 0.0000, -829.258, -1141.493, 0.0000, 205, 120, 45
L -829.258, -1141.493, 0.0000, -816.989, -1133.378, 0.0000, 205, 120, 45
L -816.989, -1133.378, 0.0000, -808.721, -1121.212, 0.0000, 205, 120, 45
L -808.721, -1121.212, 0.0000, -805.693, -1106.818, 0.0000, 205, 120, 45
L -805.693, -1106.818, 0.0000, -808.358, -1092.351, 0.0000, 205, 120, 45
L -879.021, -942.351, 0.0000, -881.687, -956.818, 0.0000, 155, 48, 36
L -881.687, -956.818, 0.0000, -878.659, -971.212, 0.0000, 155, 48, 36
L -878.659, -971.212, 0.0000, -870.391, -983.378, 0.0000, 155, 48, 36
L -870.391, -983.378, 0.0000, -858.122, -991.493, 0.0000, 155, 48, 36
L -858.122, -991.493, 0.0000, -843.690, -994.340, 0.0000, 155, 48, 36
L -843.690, -994.340, 0.0000, -829.258, -991.493, 0.0000, 155, 48, 36
L -829.258, -991.493, 0.0000, -816.989, -983.378, 0.0000, 155, 48, 36
L -816.989, -983.378, 0.0000, -808.721, -971.212, 0.0000, 155, 48, 36
L -808.721, -971.212, 0.0000, -805.693, -956.818, 0.0000, 155, 48, 36
L -805.693, -956.818, 0.0000, -808.358, -942.351, 0.0000, 155, 48, 36
L -879.021, -792.351, 0.0000, -881.687, -806.818, 0.0000, 205, 120, 45
L -881.687, -806.818, 0.0000, -878.659, -821.212, 0.0000, 205, 120, 45
L -878.659, -821.212, 0.0000, -870.391, -833.378, 0.0000, 205, 120, 45
L -870.391, -833.378, 0.0000, -858.122, -841.493, 0.0000, 205, 120, 45
L -858.122, -841.493, 0.0000, -843.690, -844.340, 0.0000, 205, 120, 45
L -843.690, -844.340, 0.0000, -829.258, -841.493, 0.0000, 205, 120, 45
L -829.258, -841.493, 0.0000, -816.989, -833.378, 0.0000, 205, 120, 45
L -816.989, -833.378, 0.0000, -808.721, -821.212, 0.0000, 205, 120, 45
L -808.721, -821.212, 0.0000, -805.693, -806.818, 0.0000, 205, 120, 45
L -805.693, -806.818, 0.0000, -808.358, -792.351, 0.0000, 205, 120, 45
L -879.021, -642.351, 0.0000, -881.687, -656.818, 0.0000, 155, 48, 36
L -881.687, -656.818, 0.0000, -878.659, -671.212, 0.0000, 155, 48, 36
L -878.659, -671.212, 0.0000, -870.391, -683.378, 0.0000, 155, 48, 36
L -870.391, -683.378, 0.0000, -858.122, -691.493, 0.0000, 155, 48, 36
L -858.122, -691.493, 0.0000, -843.690, -694.340, 0.0000, 155, 48, 36
L -843.690, -694.340, 0.0000, -829.258, -691.493, 0.0000, 155, 48, 36
L -829.258, -691.493, 0.0000, -816.989, -683.378, 0.0000, 155, 48, 36
L -816.989, -683.378, 0.0000, -808.721, -671.212, 0.0000, 155, 48, 36
L -808.721, -671.212, 0.0000, -805.693, -656.818, 0.0000, 155, 48, 36
L -805.693, -656.818, 0.0000, -808.358, -642.351, 0.0000, 155, 48, 36
L -879.021, -492.351, 0.0000, -881.687, -506.818, 0.0000, 205, 120, 45
L -881.687, -506.818, 0.0000, -878.659, -521.212, 0.0000, 205, 120, 45
L -878.659, -521.212, 0.0000, -870.391, -533.378, 0.0000, 205, 120, 45
L -870.391, -533.378, 0.0000, -858.122, -541.493, 0.0000, 205, 120, 45
L -858.122, -541.493, 0.0000, -843.690, -544.340, 0.0000, 205, 120, 45
L -843.690, -544.340, 0.0000, -829.258, -541.493, 0.0000, 205, 120, 45
L -829.258, -541.493, 0.0000, -816.989, -533.378, 0.0000, 205, 120, 45
L -816.989, -533.378, 0.0000, -808.721, -521.212, 0.0000, 205, 120, 45
L -808.721, -521.212, 0.0000, -805.693, -506.818, 0.0000, 205, 120, 45
L -805.693, -506.818, 0.0000, -808.358, -492.351, 0.0000, 205, 120, 45
L -879.021, -342.351, 0.0000, -881.687, -356.818, 0.0000, 155, 48, 36
L -881.687, -356.818, 0.0000, -878.659, -371.212, 0.0000, 155, 48, 36
L -878.659, -371.212, 0.0000, -870.391, -383.378, 0.0000, 155, 48, 36
L -870.391, -383.378, 0.0000, -858.122, -391.493, 0.0000, 155, 48, 36
L -858.122, -391.493, 0.0000, -843.690, -394.340, 0.0000, 155, 48, 36
L -843.690, -394.340, 0.0000, -829.258, -391.493, 0.0000, 155, 48, 36
L -829.258, -391.493, 0.0000, -816.989, -383.378, 0.0000, 155, 48, 36
L -816.989, -383.378, 0.0000, -808.721, -371.212, 0.0000, 155, 48, 36
L -808.721, -371.212, 0.0000, -805.693, -356.818, 0.0000, 155, 48, 36
L -805.693, -356.818, 0.0000, -808.358, -342.351, 0.0000, 155, 48, 36
L -879.021, -192.351, 0.0000, -881.687, -206.818, 0.0000, 205, 120, 45
L -881.687, -206.818, 0.0000, -878.659, -221.212, 0.0000, 205, 120, 45
L -878.659, -221.212, 0.0000, -870.391, -233.378, 0.0000, 205, 120, 45
L -870.391, -233.378, 0.0000, -858.122, -241.493, 0.0000, 205, 120, 45
L -858.122, -241.493, 0.0000, -843.690, -244.340, 0.0000, 205, 120, 45
L -843.690, -244.340, 0.0000, -829.258, -241.493, 0.0000, 205, 120, 45
L -829.258, -241.493, 0.0000, -816.989, -233.378, 0.0000, 205, 120, 45
L -816.989, -233.378, 0.0000, -808.721, -221.212, 0.0000, 205, 120, 45
L -808.721, -221.212, 0.0000, -805.693, -206.818, 0.0000, 205, 120, 45
L -805.693, -206.818, 0.0000, -808.358, -192.351, 0.0000, 205, 120, 45
L -879.021, -42.351, 0.0000, -881.687, -56.818, 0.0000, 155, 48, 36
L -881.687, -56.818, 0.0000, -878.659, -71.212, 0.0000, 155, 48, 36
L -878.659, -71.212, 0.0000, -870.391, -83.378, 0.0000, 155, 48, 36
L -870.391, -83.378, 0.0000, -858.122, -91.493, 0.0000, 155, 48, 36
L -858.122, -91.493, 0.0000, -843.690, -94.340, 0.0000, 155, 48, 36
L -843.690, -94.340, 0.0000, -829.258, -91.493, 0.0000, 155, 48, 36
L -829.258, -91.493, 0.0000, -816.989, -83.378, 0.0000, 155, 48, 36
L -816.989, -83.378, 0.0000, -808.721, -71.212, 0.0000, 155, 48, 36
L -808.721, -71.212, 0.0000, -805.693, -56.818, 0.0000, 155, 48, 36
L -805.693, -56.818, 0.0000, -808.358, -42.351, 0.0000, 155, 48, 36
L -879.021, 107.649, 0.0000, -881.687, 93.182, 0.0000, 205, 120, 45
L -881.687, 93.182, 0.0000, -878.659, 78.788, 0.0000, 205, 120, 45
L -878.659, 78.788, 0.0000, -870.391, 66.622, 0.0000, 205, 120, 45
L -870.391, 66.622, 0.0000, -858.122, 58.507, 0.0000, 205, 120, 45
L -858.122, 58.507, 0.0000, -843.690, 55.660, 0.0000, 205, 120, 45
L -843.690, 55.660, 0.0000, -829.258, 58.507, 0.0000, 205, 120, 45
L -829.258, 58.507, 0.0000, -816.989, 66.622, 0.0000, 205, 120, 45
L -816.989, 66.622, 0.0000, -808.721, 78.788, 0.0000, 205, 120, 45
L -808.721, 78.788, 0.0000, -805.693, 93.182, 0.0000, 205, 120, 45
L -805.693, 93.182, 0.0000, -808.358, 107.649, 0.0000, 205, 120, 45
L -879.021, 257.649, 0.0000, -881.687, 243.182, 0.0000, 155, 48, 36
L -881.687, 243.182, 0.0000, -878.659, 228.788, 0.0000, 155, 48, 36
L -878.659, 228.788, 0.0000, -870.391, 216.622, 0.0000, 155, 48, 36
L -870.391, 216.622, 0.0000, -858.122, 208.507, 0.0000, 155, 48, 36
L -858.122, 208.507, 0.0000, -843.690, 205.660, 0.0000, 155, 48, 36
L -843.690, 205.660, 0.0000, -829.258, 208.507, 0.0000, 155, 48, 36
L -829.258, 208.507, 0.0000, -816.989, 216.622, 0.0000, 155, 48, 36
L -816.989, 216.622, 0.0000, -808.721, 228.788, 0.0000, 155, 48, 36
L -808.721, 228.788, 0.0000, -805.693, 243.182, 0.0000, 155, 48, 36
L -805.693, 243.182, 0.0000, -808.358, 257.649, 0.0000, 155, 48, 36
L -879.021, 407.649, 0.0000, -881.687, 393.182, 0.0000, 205, 120, 45
L -881.687, 393.182, 0.0000, -878.659, 378.788, 0.0000, 205, 120, 45
L -878.659, 378.788, 0.0000, -870.391, 366.622, 0.0000, 205, 120, 45
L -870.391, 366.622, 0.0000, -858.122, 358.507, 0.0000, 205, 120, 45
L -858.122, 358.507, 0.0000, -843.690, 355.660, 0.0000, 205, 120, 45
L -843.690, 355.660, 0.0000, -829.258, 358.507, 0.0000, 205, 120, 45
L -829.258, 358.507, 0.0000, -816.989, 366.622, 0.0000, 205, 120, 45
L -816.989, 366.622, 0.0000, -808.721, 378.788, 0.0000, 205, 120, 45
L -808.721, 378.788, 0.0000, -805.693, 393.182, 0.0000, 205, 120, 45
L -805.693, 393.182, 0.0000, -808.358, 407.649, 0.0000, 205, 120, 45
L -879.021, 557.649, 0.0000, -881.687, 543.182, 0.0000, 155, 48, 36
L -881.687, 543.182, 0.0000, -878.659, 528.788, 0.0000, 155, 48, 36
L -878.659, 528.788, 0.0000, -870.391, 516.622, 0.0000, 155, 48, 36
L -870.391, 516.622, 0.0000, -858.122, 508.507, 0.0000, 155, 48, 36
L -858.122, 508.507, 0.0000, -843.690, 505.660, 0.0000, 155, 48, 36
L -843.690, 505.660, 0.0000, -829.258, 508.507, 0.0000, 155, 48, 36
L -829.258, 508.507, 0.0000, -816.989, 516.622, 0.0000, 155, 48, 36
L -816.989, 516.622, 0.0000, -808.721, 528.788, 0.0000, 155, 48, 36
L -808.721, 528.788, 0.0000, -805.693, 543.182, 0.0000, 155, 48, 36
L -805.693, 543.182, 0.0000, -808.358, 557.649, 0.0000, 155, 48, 36
L -879.021, 707.649, 0.0000, -881.687, 693.182, 0.0000, 205, 120, 45
L -881.687, 693.182, 0.0000, -878.659, 678.788, 0.0000, 205, 120, 45
L -878.659, 678.788, 0.0000, -870.391, 666.622, 0.0000, 205, 120, 45
L -870.391, 666.622, 0.0000, -858.122, 658.507, 0.0000, 205, 120, 45
L -858.122, 658.507, 0.0000, -843.690, 655.660, 0.0000, 205, 120, 45
L -843.690, 655.660, 0.0000, -829.258, 658.507, 0.0000, 205, 120, 45
L -829.258, 658.507, 0.0000, -816.989, 666.622, 0.0000, 205, 120, 45
L -816.989, 666.622, 0.0000, -808.721, 678.788, 0.0000, 205, 120, 45
L -808.721, 678.788, 0.0000, -805.693, 693.182, 0.0000, 205, 120, 45
L -805.693, 693.182, 0.0000, -808.358, 707.649, 0.0000, 205, 120, 45
L 1772.641, -1720.329, 0.0000, 1775.307, -1705.862, 0.0000, 205, 120, 45
L 1775.307, -1705.862, 0.0000, 1772.279, -1691.468, 0.0000, 205, 120, 45
L 1772.279, -1691.468, 0.0000, 1764.010, -1679.302, 0.0000, 205, 120, 45
L 1772.641, -1420.329, 0.0000, 1775.307, -1405.862, 0.0000, 205, 120, 45
L 1775.307, -1405.862, 0.0000, 1772.279, -1391.468, 0.0000, 205, 120, 45
L 1772.279, -1391.468, 0.0000, 1764.010, -1379.302, 0.0000, 205, 120, 45
L 1764.010, -1379.302, 0.0000, 1751.741, -1371.187, 0.0000, 205, 120, 45
L 1751.741, -1371.187, 0.0000, 1737.310, -1368.340, 0.0000, 205, 120, 45
L 1737.310, -1368.340, 0.0000, 1722.878, -1371.187, 0.0000, 205, 120, 45
L 1722.878, -1371.187, 0.0000, 1710.609, -1379.302, 0.0000, 205, 120, 45
L 1710.609, -1379.302, 0.0000, 1702.341, -1391.468, 0.0000, 205, 120, 45
L 1702.341, -1391.468, 0.0000, 1699.313, -1405.862, 0.0000, 205, 120, 45
L 1699.313, -1405.862, 0.0000, 1701.978, -1420.329, 0.0000, 205, 120, 45
L 1772.641, -1270.329, 0.0000, 1775.307, -1255.862, 0.0000, 155, 48, 36
L 1775.307, -1255.862, 0.0000, 1772.279, -1241.468, 0.0000, 155, 48, 36
L 1772.279, -1241.468, 0.0000, 1764.010, -1229.302, 0.0000, 155, 48, 36
L 1764.010, -1229.302, 0.0000, 1751.741, -1221.187, 0.0000, 155, 48, 36
L 1751.741, -1221.187, 0.0000, 1737.310, -1218.340, 0.0000, 155, 48, 36
L 1737.310, -1218.340, 0.0000, 1722.878, -1221.187, 0.0000, 155, 48, 36
L 1722.878, -1221.187, 0.0000, 1710.609, -1229.302, 0.0000, 155, 48, 36
L 1710.609, -1229.302, 0.0000, 1702.341, -1241.468, 0.0000, 155, 48, 36
L 1702.341, -1241.468, 0.0000, 1699.313, -1255.862, 0.0000, 155, 48, 36
L 1699.313, -1255.862, 0.0000, 1701.978, -1270.329, 0.0000, 155, 48, 36
L 1772.641, -1120.329, 0.0000, 1775.307, -1105.862, 0.0000, 205, 120, 45
L 1775.307, -1105.862, 0.0000, 1772.279, -1091.468, 0.0000, 205, 120, 45
L 1772.279, -1091.468, 0.0000, 1764.010, -1079.302, 0.0000, 205, 120, 45
L 1764.010, -1079.302, 0.0000, 1751.741, -1071.187, 0.0000, 205, 120, 45
L 1751.741, -1071.187, 0.0000, 1737.310, -1068.340, 0.0000, 205, 120, 45
L 1737.310, -1068.340, 0.0000, 1722.878, -1071.187, 0.0000, 205, 120, 45
L 1722.878, -1071.187, 0.0000, 1710.609, -1079.302, 0.0000, 205, 120, 45
L 1710.609, -1079.302, 0.0000, 1702.341, -1091.468, 0.0000, 205, 120, 45
L 1702.341, -1091.468, 0.0000, 1699.313, -1105.862, 0.0000, 205, 120, 45
L 1699.313, -1105.862, 0.0000, 1701.978, -1120.329, 0.0000, 205, 120, 45
L 1772.641, -970.329, 0.0000, 1775.307, -955.862, 0.0000, 155, 48, 36
L 1775.307, -955.862, 0.0000, 1772.279, -941.468, 0.0000, 155, 48, 36
L 1772.279, -941.468, 0.0000, 1764.010, -929.302, 0.0000, 155, 48, 36
L 1764.010, -929.302, 0.0000, 1751.741, -921.187, 0.0000, 155, 48, 36
L 1751.741, -921.187, 0.0000, 1737.310, -918.340, 0.0000, 155, 48, 36
L 1737.310, -918.340, 0.0000, 1722.878, -921.187, 0.0000, 155, 48, 36
L 1722.878, -921.187, 0.0000, 1710.609, -929.302, 0.0000, 155, 48, 36
L 1710.609, -929.302, 0.0000, 1702.341, -941.468, 0.0000, 155, 48, 36
L 1702.341, -941.468, 0.0000, 1699.313, -955.862, 0.0000, 155, 48, 36
L 1699.313, -955.862, 0.0000, 1701.978, -970.329, 0.0000, 155, 48, 36
L 1772.641, -820.329, 0.0000, 1775.307, -805.862, 0.0000, 205, 120, 45
L 1775.307, -805.862, 0.0000, 1772.279, -791.468, 0.0000, 205, 120, 45
L 1772.279, -791.468, 0.0000, 1764.010, -779.302, 0.0000, 205, 120, 45
L 1764.010, -779.302, 0.0000, 1751.741, -771.187, 0.0000, 205, 120, 45
L 1751.741, -771.187, 0.0000, 1737.310, -768.340, 0.0000, 205, 120, 45
L 1737.310, -768.340, 0.0000, 1722.878, -771.187, 0.0000, 205, 120, 45
L 1722.878, -771.187, 0.0000, 1710.609, -779.302, 0.0000, 205, 120, 45
L 1710.609, -779.302, 0.0000, 1702.341, -791.468, 0.0000, 205, 120, 45
L 1702.341, -791.468, 0.0000, 1699.313, -805.862, 0.0000, 205, 120, 45
L 1699.313, -805.862, 0.0000, 1701.978, -820.329, 0.0000, 205, 120, 45
L 1772.641, -670.329, 0.0000, 1775.307, -655.862, 0.0000, 155, 48, 36
L 1775.307, -655.862, 0.0000, 1772.279, -641.468, 0.0000, 155, 48, 36
L 1772.279, -641.468, 0.0000, 1764.010, -629.302, 0.0000, 155, 48, 36
L 1764.010, -629.302, 0.0000, 1751.741, -621.187, 0.0000, 155, 48, 36
L 1751.741, -621.187, 0.0000, 1737.310, -618.340, 0.0000, 155, 48, 36
L 1737.310, -618.340, 0.0000, 1722.878, -621.187, 0.0000, 155, 48, 36
L 1722.878, -621.187, 0.0000, 1710.609, -629.302, 0.0000, 155, 48, 36
L 1710.609, -629.302, 0.0000, 1702.341, -641.468, 0.0000, 155, 48, 36
L 1702.341, -641.468, 0.0000, 1699.313, -655.862, 0.0000, 155, 48, 36
L 1699.313, -655.862, 0.0000, 1701.978, -670.329, 0.0000, 155, 48, 36
L 1772.641, -520.329, 0.0000, 1775.307, -505.862, 0.0000, 205, 120, 45
L 1775.307, -505.862, 0.0000, 1772.279, -491.468, 0.0000, 205, 120, 45
L 1772.279, -491.468, 0.0000, 1764.010, -479.302, 0.0000, 205, 120, 45
L 1764.010, -479.302, 0.0000, 1751.741, -471.187, 0.0000, 205, 120, 45
L 1751.741, -471.187, 0.0000, 1737.310, -468.340, 0.0000, 205, 120, 45
L 1737.310, -468.340, 0.0000, 1722.878, -471.187, 0.0000, 205, 120, 45
L 1722.878, -471.187, 0.0000, 1710.609, -479.302, 0.0000, 205, 120, 45
L 1710.609, -479.302, 0.0000, 1702.341, -491.468, 0.0000, 205, 120, 45
L 1702.341, -491.468, 0.0000, 1699.313, -505.862, 0.0000, 205, 120, 45
L 1699.313, -505.862, 0.0000, 1701.978, -520.329, 0.0000, 205, 120, 45
L 1772.641, -370.329, 0.0000, 1775.307, -355.862, 0.0000, 155, 48, 36
L 1775.307, -355.862, 0.0000, 1772.279, -341.468, 0.0000, 155, 48, 36
L 1772.279, -341.468, 0.0000, 1764.010, -329.302, 0.0000, 155, 48, 36
L 1764.010, -329.302, 0.0000, 1751.741, -321.187, 0.0000, 155, 48, 36
L 1751.741, -321.187, 0.0000, 1737.310, -318.340, 0.0000, 155, 48, 36
L 1737.310, -318.340, 0.0000, 1722.878, -321.187, 0.0000, 155, 48, 36
L 1722.878, -321.187, 0.0000, 1710.609, -329.302, 0.0000, 155, 48, 36
L 1710.609, -329.302, 0.0000, 1702.341, -341.468, 0.0000, 155, 48, 36
L 1702.341, -341.468, 0.0000, 1699.313, -355.862, 0.0000, 155, 48, 36
L 1699.313, -355.862, 0.0000, 1701.978, -370.329, 0.0000, 155, 48, 36
L 1772.641, -220.329, 0.0000, 1775.307, -205.862, 0.0000, 205, 120, 45
L 1775.307, -205.862, 0.0000, 1772.279, -191.468, 0.0000, 205, 120, 45
L 1772.279, -191.468, 0.0000, 1764.010, -179.302, 0.0000, 205, 120, 45
L 1764.010, -179.302, 0.0000, 1751.741, -171.187, 0.0000, 205, 120, 45
L 1751.741, -171.187, 0.0000, 1737.310, -168.340, 0.0000, 205, 120, 45
L 1737.310, -168.340, 0.0000, 1722.878, -171.187, 0.0000, 205, 120, 45
L 1722.878, -171.187, 0.0000, 1710.609, -179.302, 0.0000, 205, 120, 45
L 1710.609, -179.302, 0.0000, 1702.341, -191.468, 0.0000, 205, 120, 45
L 1702.341, -191.468, 0.0000, 1699.313, -205.862, 0.0000, 205, 120, 45
L 1699.313, -205.862, 0.0000, 1701.978, -220.329, 0.0000, 205, 120, 45
L 1772.641, -70.329, 0.0000, 1775.307, -55.862, 0.0000, 155, 48, 36
L 1775.307, -55.862, 0.0000, 1772.279, -41.468, 0.0000, 155, 48, 36
L 1772.279, -41.468, 0.0000, 1764.010, -29.302, 0.0000, 155, 48, 36
L 1764.010, -29.302, 0.0000, 1751.741, -21.187, 0.0000, 155, 48, 36
L 1751.741, -21.187, 0.0000, 1737.310, -18.340, 0.0000, 155, 48, 36
L 1737.310, -18.340, 0.0000, 1722.878, -21.187, 0.0000, 155, 48, 36
L 1722.878, -21.187, 0.0000, 1710.609, -29.302, 0.0000, 155, 48, 36
L 1710.609, -29.302, 0.0000, 1702.341, -41.468, 0.0000, 155, 48, 36
L 1702.341, -41.468, 0.0000, 1699.313, -55.862, 0.0000, 155, 48, 36
L 1699.313, -55.862, 0.0000, 1701.978, -70.329, 0.0000, 155, 48, 36
L 1772.641, 79.671, 0.0000, 1775.307, 94.138, 0.0000, 205, 120, 45
L 1775.307, 94.138, 0.0000, 1772.279, 108.532, 0.0000, 205, 120, 45
L 1772.279, 108.532, 0.0000, 1764.010, 120.698, 0.0000, 205, 120, 45
L 1764.010, 120.698, 0.0000, 1751.741, 128.813, 0.0000, 205, 120, 45
L 1751.741, 128.813, 0.0000, 1737.310, 131.660, 0.0000, 205, 120, 45
L 1737.310, 131.660, 0.0000, 1722.878, 128.813, 0.0000, 205, 120, 45
L 1722.878, 128.813, 0.0000, 1710.609, 120.698, 0.0000, 205, 120, 45
L 1710.609, 120.698, 0.0000, 1702.341, 108.532, 0.0000, 205, 120, 45
L 1702.341, 108.532, 0.0000, 1699.313, 94.138, 0.0000, 205, 120, 45
L 1699.313, 94.138, 0.0000, 1701.978, 79.671, 0.0000, 205, 120, 45
L 1772.641, 229.671, 0.0000, 1775.307, 244.138, 0.0000, 155, 48, 36
L 1775.307, 244.138, 0.0000, 1772.279, 258.532, 0.0000, 155, 48, 36
L 1772.279, 258.532, 0.0000, 1764.010, 270.698, 0.0000, 155, 48, 36
L 1764.010, 270.698, 0.0000, 1751.741, 278.813, 0.0000, 155, 48, 36
L 1751.741, 278.813, 0.0000, 1737.310, 281.660, 0.0000, 155, 48, 36
L 1737.310, 281.660, 0.0000, 1722.878, 278.813, 0.0000, 155, 48, 36
L 1722.878, 278.813, 0.0000, 1710.609, 270.698, 0.0000, 155, 48, 36
L 1710.609, 270.698, 0.0000, 1702.341, 258.532, 0.0000, 155, 48, 36
L 1702.341, 258.532, 0.0000, 1699.313, 244.138, 0.0000, 155, 48, 36
L 1699.313, 244.138, 0.0000, 1701.978, 229.671, 0.0000, 155, 48, 36
L 1772.641, 379.671, 0.0000, 1775.307, 394.138, 0.0000, 205, 120, 45
L 1775.307, 394.138, 0.0000, 1772.279, 408.532, 0.0000, 205, 120, 45
L 1772.279, 408.532, 0.0000, 1764.010, 420.698, 0.0000, 205, 120, 45
L 1764.010, 420.698, 0.0000, 1751.741, 428.813, 0.0000, 205, 120, 45
L 1751.741, 428.813, 0.0000, 1737.310, 431.660, 0.0000, 205, 120, 45
L 1737.310, 431.660, 0.0000, 1722.878, 428.813, 0.0000, 205, 120, 45
L 1722.878, 428.813, 0.0000, 1710.609, 420.698, 0.0000, 205, 120, 45
L 1710.609, 420.698, 0.0000, 1702.341, 408.532, 0.0000, 205, 120, 45
L 1702.341, 408.532, 0.0000, 1699.313, 394.138, 0.0000, 205, 120, 45
L 1699.313, 394.138, 0.0000, 1701.978, 379.671, 0.0000, 205, 120, 45
L 1772.641, 529.671, 0.0000, 1775.307, 544.138, 0.0000, 155, 48, 36
L 1775.307, 544.138, 0.0000, 1772.279, 558.532, 0.0000, 155, 48, 36
L 1772.279, 558.532, 0.0000, 1764.010, 570.698, 0.0000, 155, 48, 36
L 1764.010, 570.698, 0.0000, 1751.741, 578.813, 0.0000, 155, 48, 36
L 1751.741, 578.813, 0.0000, 1737.310, 581.660, 0.0000, 155, 48, 36
L 1737.310, 581.660, 0.0000, 1722.878, 578.813, 0.0000, 155, 48, 36
L 1722.878, 578.813, 0.0000, 1710.609, 570.698, 0.0000, 155, 48, 36
L 1710.609, 570.698, 0.0000, 1702.341, 558.532, 0.0000, 155, 48, 36
L 1702.341, 558.532, 0.0000, 1699.313, 544.138, 0.0000, 155, 48, 36
L 1699.313, 544.138, 0.0000, 1701.978, 529.671, 0.0000, 155, 48, 36
L 1772.641, 679.671, 0.0000, 1775.307, 694.138, 0.0000, 205, 120, 45
L 1775.307, 694.138, 0.0000, 1772.279, 708.532, 0.0000, 205, 120, 45
L 1772.279, 708.532, 0.0000, 1764.010, 720.698, 0.0000, 205, 120, 45
L 1764.010, 720.698, 0.0000, 1751.741, 728.813, 0.0000, 205, 120, 45
L 1751.741, 728.813, 0.0000, 1737.310, 731.660, 0.0000, 205, 120, 45
L 1737.310, 731.660, 0.0000, 1722.878, 728.813, 0.0000, 205, 120, 45
L 1722.878, 728.813, 0.0000, 1710.609, 720.698, 0.0000, 205, 120, 45
L 1710.609, 720.698, 0.0000, 1702.341, 708.532, 0.0000, 205, 120, 45
L 1702.341, 708.532, 0.0000, 1699.313, 694.138, 0.0000, 205, 120, 45
L 1699.313, 694.138, 0.0000, 1701.978, 679.671, 0.0000, 205, 120, 45
L -809.690, -1931.340, 0.0000, -843.690, -1897.340, 0.0000, 205, 120, 45
L -843.690, -1897.340, 0.0000, -877.690, -1931.340, 0.0000, 205, 120, 45
L -877.690, -1931.340, 0.0000, -843.690, -1965.340, 0.0000, 205, 120, 45
L -843.690, -1965.340, 0.0000, -809.690, -1931.340, 0.0000, 205, 120, 45
L 1771.310, -1931.340, 0.0000, 1737.310, -1897.340, 0.0000, 205, 120, 45
L 1737.310, -1897.340, 0.0000, 1703.310, -1931.340, 0.0000, 205, 120, 45
L 1703.310, -1931.340, 0.0000, 1737.310, -1965.340, 0.0000, 205, 120, 45
L 1737.310, -1965.340, 0.0000, 1771.310, -1931.340, 0.0000, 205, 120, 45
L -809.690, 827.690, 0.0000, -843.690, 861.690, 0.0000, 205, 120, 45
L -843.690, 861.690, 0.0000, -877.690, 827.690, 0.0000, 205, 120, 45
L -877.690, 827.690, 0.0000, -843.690, 793.690, 0.0000, 205, 120, 45
L -843.690, 793.690, 0.0000, -809.690, 827.690, 0.0000, 205, 120, 45
L -819.648, 851.732, 0.0000, -867.732, 851.732, 0.0000, 155, 48, 36
L -867.732, 851.732, 0.0000, -867.732, 803.648, 0.0000, 155, 48, 36
L -867.732, 803.648, 0.0000, -819.648, 803.648, 0.0000, 155, 48, 36
L -819.648, 803.648, 0.0000, -819.648, 851.732, 0.0000, 155, 48, 36
L -831.125, 832.894, 0.0000, -848.894, 840.255, 0.0000, 115, 110, 104
L -848.894, 840.255, 0.0000, -856.255, 822.485, 0.0000, 115, 110, 104
L -856.255, 822.485, 0.0000, -838.485, 815.125, 0.0000, 115, 110, 104
L -838.485, 815.125, 0.0000, -831.125, 832.894, 0.0000, 115, 110, 104
L 1771.310, 827.690, 0.0000, 1737.310, 861.690, 0.0000, 205, 120, 45
L 1737.310, 861.690, 0.0000, 1703.310, 827.690, 0.0000, 205, 120, 45
L 1703.310, 827.690, 0.0000, 1737.310, 793.690, 0.0000, 205, 120, 45
L 1737.310, 793.690, 0.0000, 1771.310, 827.690, 0.0000, 205, 120, 45
L 1761.351, 851.732, 0.0000, 1713.268, 851.732, 0.0000, 155, 48, 36
L 1713.268, 851.732, 0.0000, 1713.268, 803.648, 0.0000, 155, 48, 36
L 1713.268, 803.648, 0.0000, 1761.351, 803.648, 0.0000, 155, 48, 36
L 1761.351, 803.648, 0.0000, 1761.351, 851.732, 0.0000, 155, 48, 36
L 1749.874, 832.894, 0.0000, 1732.105, 840.255, 0.0000, 115, 110, 104
L 1732.105, 840.255, 0.0000, 1724.745, 822.485, 0.0000, 115, 110, 104
L 1724.745, 822.485, 0.0000, 1742.514, 815.125, 0.0000, 115, 110, 104
L 1742.514, 815.125, 0.0000, 1749.874, 832.894, 0.0000, 115, 110, 104
L 1933.310, -1677.340, 0.0000, 1933.310, -1772.340, 0.0000, 205, 120, 45
L 1933.310, -1677.340, 0.0000, 2028.310, -1677.340, 0.0000, 205, 120, 45
L 1933.310, -1677.340, 0.0000, 1933.310, -1582.340, 0.0000, 205, 120, 45
L 1933.310, -1677.340, 0.0000, 1838.310, -1677.340, 0.0000, 205, 120, 45
L 1992.210, -1677.340, 0.0000, 1933.310, -1618.440, 0.0000, 205, 120, 45
L 1933.310, -1618.440, 0.0000, 1874.410, -1677.340, 0.0000, 205, 120, 45
L 1874.410, -1677.340, 0.0000, 1933.310, -1736.240, 0.0000, 205, 120, 45
L 1933.310, -1736.240, 0.0000, 1992.210, -1677.340, 0.0000, 205, 120, 45
L -309.5479, -786.0944, 0.0000, -309.8029, -802.8944, 0.0000, 116, 88, 56
L -309.8029, -802.8944, 0.0000, -299.0929, -802.8944, 0.0000, 116, 88, 56
L -299.0929, -802.8944, 0.0000, -299.3479, -786.0944, 0.0000, 116, 88, 56
L -299.3479, -786.0944, 0.0000, -309.5479, -786.0944, 0.0000, 116, 88, 56
L -306.9979, -786.0944, 0.0000, -307.5079, -776.4944, 0.0000, 116, 88, 56
L -301.8979, -786.0944, 0.0000, -301.1329, -776.4944, 0.0000, 116, 88, 56
L -300.5479, -808.5944, 0.0000, -301.2927, -806.1257, 0.0000, 116, 88, 56
L -301.2927, -806.1257, 0.0000, -303.2427, -804.6000, 0.0000, 116, 88, 56
L -303.2427, -804.6000, 0.0000, -305.6531, -804.6000, 0.0000, 116, 88, 56
L -305.6531, -804.6000, 0.0000, -307.6031, -806.1257, 0.0000, 116, 88, 56
L -307.6031, -806.1257, 0.0000, -308.3479, -808.5944, 0.0000, 116, 88, 56
L -308.3479, -808.5944, 0.0000, -307.6031, -811.0631, 0.0000, 116, 88, 56
L -307.6031, -811.0631, 0.0000, -305.6531, -812.5888, 0.0000, 116, 88, 56
L -305.6531, -812.5888, 0.0000, -303.2427, -812.5888, 0.0000, 116, 88, 56
L -303.2427, -812.5888, 0.0000, -301.2927, -811.0631, 0.0000, 116, 88, 56
L -301.2927, -811.0631, 0.0000, -300.5479, -808.5944, 0.0000, 116, 88, 56
L -309.5479, -810.9944, 0.0000, -307.4479, -816.3944, 0.0000, 116, 88, 56
L -307.4479, -816.3944, 0.0000, -301.4479, -816.3944, 0.0000, 116, 88, 56
L -301.4479, -816.3944, 0.0000, -299.3479, -810.9944, 0.0000, 116, 88, 56
L -299.3479, -810.9944, 0.0000, -309.5479, -810.9944, 0.0000, 116, 88, 56
L -299.3479, -814.5944, 0.0000, -295.4479, -809.7944, 0.0000, 116, 88, 56
L -309.5479, -790.8944, 0.0000, -299.3479, -789.6944, 0.0000, 116, 88, 56
L -298.6368, -795.6944, 0.0000, -297.3839, -793.4944, 0.0000, 116, 88, 56
L -297.3839, -793.4944, 0.0000, -296.0479, -791.2944, 0.0000, 116, 88, 56
L -296.0479, -791.2944, 0.0000, -294.7119, -789.0944, 0.0000, 116, 88, 56
L -294.7119, -789.0944, 0.0000, -293.4590, -786.8944, 0.0000, 116, 88, 56
L -293.4590, -786.8944, 0.0000, -292.3671, -784.6944, 0.0000, 116, 88, 56
L -292.3671, -784.6944, 0.0000, -291.5040, -782.4944, 0.0000, 116, 88, 56
L 551.4499, -642.2507, 0.0000, 551.1949, -659.0507, 0.0000, 116, 88, 56
L 551.1949, -659.0507, 0.0000, 561.9049, -659.0507, 0.0000, 116, 88, 56
L 561.9049, -659.0507, 0.0000, 561.6499, -642.2507, 0.0000, 116, 88, 56
L 561.6499, -642.2507, 0.0000, 551.4499, -642.2507, 0.0000, 116, 88, 56
L 553.9999, -642.2507, 0.0000, 553.4899, -632.6507, 0.0000, 116, 88, 56
L 559.0999, -642.2507, 0.0000, 559.8649, -632.6507, 0.0000, 116, 88, 56
L 560.4499, -664.7507, 0.0000, 559.7051, -662.2820, 0.0000, 116, 88, 56
L 559.7051, -662.2820, 0.0000, 557.7551, -660.7563, 0.0000, 116, 88, 56
L 557.7551, -660.7563, 0.0000, 555.3448, -660.7563, 0.0000, 116, 88, 56
L 555.3448, -660.7563, 0.0000, 553.3948, -662.2820, 0.0000, 116, 88, 56
L 553.3948, -662.2820, 0.0000, 552.6499, -664.7507, 0.0000, 116, 88, 56
L 552.6499, -664.7507, 0.0000, 553.3948, -667.2194, 0.0000, 116, 88, 56
L 553.3948, -667.2194, 0.0000, 555.3448, -668.7452, 0.0000, 116, 88, 56
L 555.3448, -668.7452, 0.0000, 557.7551, -668.7452, 0.0000, 116, 88, 56
L 557.7551, -668.7452, 0.0000, 559.7051, -667.2194, 0.0000, 116, 88, 56
L 559.7051, -667.2194, 0.0000, 560.4499, -664.7507, 0.0000, 116, 88, 56
L 551.4499, -667.1507, 0.0000, 553.5499, -672.5507, 0.0000, 116, 88, 56
L 553.5499, -672.5507, 0.0000, 559.5499, -672.5507, 0.0000, 116, 88, 56
L 559.5499, -672.5507, 0.0000, 561.6499, -667.1507, 0.0000, 116, 88, 56
L 561.6499, -667.1507, 0.0000, 551.4499, -667.1507, 0.0000, 116, 88, 56
L 561.6499, -670.7507, 0.0000, 565.5499, -665.9507, 0.0000, 116, 88, 56
L 551.4499, -647.0507, 0.0000, 561.6499, -645.8507, 0.0000, 116, 88, 56
L 562.3610, -651.8507, 0.0000, 563.6140, -649.6507, 0.0000, 116, 88, 56
L 563.6140, -649.6507, 0.0000, 564.9499, -647.4507, 0.0000, 116, 88, 56
L 564.9499, -647.4507, 0.0000, 566.2859, -645.2507, 0.0000, 116, 88, 56
L 566.2859, -645.2507, 0.0000, 567.5388, -643.0507, 0.0000, 116, 88, 56
L 567.5388, -643.0507, 0.0000, 568.6308, -640.8507, 0.0000, 116, 88, 56
L 568.6308, -640.8507, 0.0000, 569.4939, -638.6507, 0.0000, 116, 88, 56
L -832.1901, -1857.3400, 0.0000, -792.1286, -1614.5431, 0.0000, 45, 40, 38
L -792.1286, -1614.5431, 0.0000, -752.0671, -1760.2212, 0.0000, 45, 40, 38
L -752.0671, -1760.2212, 0.0000, -712.0056, -1614.5431, 0.0000, 45, 40, 38
L -712.0056, -1614.5431, 0.0000, -671.9442, -1857.3400, 0.0000, 45, 40, 38
L -472.1313, -1857.3400, 0.0000, -632.3773, -1857.3400, 0.0000, 45, 40, 38
L -632.3773, -1857.3400, 0.0000, -632.3773, -1614.5431, 0.0000, 45, 40, 38
L -632.3773, -1614.5431, 0.0000, -472.1313, -1614.5431, 0.0000, 45, 40, 38
L -632.3773, -1735.9416, 0.0000, -520.2051, -1735.9416, 0.0000, 45, 40, 38
L -272.3185, -1820.9205, 0.0000, -304.3677, -1857.3400, 0.0000, 45, 40, 38
L -304.3677, -1857.3400, 0.0000, -400.5152, -1857.3400, 0.0000, 45, 40, 38
L -400.5152, -1857.3400, 0.0000, -432.5644, -1813.6366, 0.0000, 45, 40, 38
L -432.5644, -1813.6366, 0.0000, -432.5644, -1760.2212, 0.0000, 45, 40, 38
L -432.5644, -1760.2212, 0.0000, -400.5152, -1735.9416, 0.0000, 45, 40, 38
L -400.5152, -1735.9416, 0.0000, -304.3677, -1735.9416, 0.0000, 45, 40, 38
L -304.3677, -1735.9416, 0.0000, -272.3185, -1706.8059, 0.0000, 45, 40, 38
L -272.3185, -1706.8059, 0.0000, -272.3185, -1653.3906, 0.0000, 45, 40, 38
L -272.3185, -1653.3906, 0.0000, -304.3677, -1614.5431, 0.0000, 45, 40, 38
L -304.3677, -1614.5431, 0.0000, -400.5152, -1614.5431, 0.0000, 45, 40, 38
L -400.5152, -1614.5431, 0.0000, -432.5644, -1653.3906, 0.0000, 45, 40, 38
L -232.7516, -1857.3400, 0.0000, -72.5056, -1857.3400, 0.0000, 45, 40, 38
L -152.6286, -1857.3400, 0.0000, -152.6286, -1614.5431, 0.0000, 45, 40, 38
L 166.8741, -1614.5431, 0.0000, 166.8741, -1857.3400, 0.0000, 45, 40, 38
L 166.8741, -1857.3400, 0.0000, 327.1200, -1857.3400, 0.0000, 45, 40, 38
L 166.8741, -1748.0814, 0.0000, 279.0462, -1748.0814, 0.0000, 45, 40, 38
L 366.6869, -1614.5431, 0.0000, 366.6869, -1857.3400, 0.0000, 45, 40, 38
L 366.6869, -1857.3400, 0.0000, 478.8591, -1857.3400, 0.0000, 45, 40, 38
L 478.8591, -1857.3400, 0.0000, 518.9206, -1808.7806, 0.0000, 45, 40, 38
L 518.9206, -1808.7806, 0.0000, 478.8591, -1748.0814, 0.0000, 45, 40, 38
L 478.8591, -1748.0814, 0.0000, 366.6869, -1748.0814, 0.0000, 45, 40, 38
L 422.7730, -1748.0814, 0.0000, 526.9329, -1614.5431, 0.0000, 45, 40, 38
L 726.7457, -1857.3400, 0.0000, 566.4998, -1857.3400, 0.0000, 45, 40, 38
L 566.4998, -1857.3400, 0.0000, 566.4998, -1614.5431, 0.0000, 45, 40, 38
L 566.4998, -1614.5431, 0.0000, 726.7457, -1614.5431, 0.0000, 45, 40, 38
L 566.4998, -1735.9416, 0.0000, 678.6719, -1735.9416, 0.0000, 45, 40, 38
L 926.5585, -1857.3400, 0.0000, 766.3126, -1857.3400, 0.0000, 45, 40, 38
L 766.3126, -1857.3400, 0.0000, 766.3126, -1614.5431, 0.0000, 45, 40, 38
L 766.3126, -1614.5431, 0.0000, 926.5585, -1614.5431, 0.0000, 45, 40, 38
L 766.3126, -1735.9416, 0.0000, 878.4848, -1735.9416, 0.0000, 45, 40, 38
L 966.1254, -1614.5431, 0.0000, 966.1254, -1857.3400, 0.0000, 45, 40, 38
L 966.1254, -1857.3400, 0.0000, 1078.2976, -1857.3400, 0.0000, 45, 40, 38
L 1078.2976, -1857.3400, 0.0000, 1118.3591, -1808.7806, 0.0000, 45, 40, 38
L 1118.3591, -1808.7806, 0.0000, 1078.2976, -1748.0814, 0.0000, 45, 40, 38
L 1078.2976, -1748.0814, 0.0000, 966.1254, -1748.0814, 0.0000, 45, 40, 38
L 1205.9998, -1614.5431, 0.0000, 1286.1227, -1614.5431, 0.0000, 45, 40, 38
L 1286.1227, -1614.5431, 0.0000, 1326.1842, -1687.3822, 0.0000, 45, 40, 38
L 1326.1842, -1687.3822, 0.0000, 1326.1842, -1784.5009, 0.0000, 45, 40, 38
L 1326.1842, -1784.5009, 0.0000, 1286.1227, -1857.3400, 0.0000, 45, 40, 38
L 1286.1227, -1857.3400, 0.0000, 1205.9998, -1857.3400, 0.0000, 45, 40, 38
L 1205.9998, -1857.3400, 0.0000, 1165.9383, -1784.5009, 0.0000, 45, 40, 38
L 1165.9383, -1784.5009, 0.0000, 1165.9383, -1687.3822, 0.0000, 45, 40, 38
L 1165.9383, -1687.3822, 0.0000, 1205.9998, -1614.5431, 0.0000, 45, 40, 38
L 1365.7511, -1614.5431, 0.0000, 1365.7511, -1857.3400, 0.0000, 45, 40, 38
L 1365.7511, -1857.3400, 0.0000, 1477.9233, -1857.3400, 0.0000, 45, 40, 38
L 1477.9233, -1857.3400, 0.0000, 1517.9848, -1808.7806, 0.0000, 45, 40, 38
L 1517.9848, -1808.7806, 0.0000, 1477.9233, -1748.0814, 0.0000, 45, 40, 38
L 1477.9233, -1748.0814, 0.0000, 1365.7511, -1748.0814, 0.0000, 45, 40, 38
L 1421.8372, -1748.0814, 0.0000, 1525.9971, -1614.5431, 0.0000, 45, 40, 38
L 1565.5640, -1857.3400, 0.0000, 1725.8099, -1857.3400, 0.0000, 45, 40, 38
L 1645.6869, -1857.3400, 0.0000, 1645.6869, -1614.5431, 0.0000, 45, 40, 38
L 74.4000, -680.0000, 0.0000, 80.6400, -812.6000, 0.0000, 176, 150, 104
L 80.6400, -812.6000, 0.0000, 99.3600, -812.6000, 0.0000, 176, 150, 104
L 99.3600, -812.6000, 0.0000, 105.6000, -680.0000, 0.0000, 176, 150, 104
L 105.6000, -680.0000, 0.0000, 74.4000, -680.0000, 0.0000, 176, 150, 104
L 80.3464, -806.3600, 0.0000, 99.6536, -806.3600, 0.0000, 176, 150, 104
L 79.7591, -793.8800, 0.0000, 100.2409, -793.8800, 0.0000, 176, 150, 104
L 79.1718, -781.4000, 0.0000, 100.8282, -781.4000, 0.0000, 176, 150, 104
L 78.5845, -768.9200, 0.0000, 101.4155, -768.9200, 0.0000, 176, 150, 104
L 77.9972, -756.4400, 0.0000, 102.0028, -756.4400, 0.0000, 176, 150, 104
L 77.4099, -743.9600, 0.0000, 102.5901, -743.9600, 0.0000, 176, 150, 104
L 76.8226, -731.4800, 0.0000, 103.1774, -731.4800, 0.0000, 176, 150, 104
L 76.2353, -719.0000, 0.0000, 103.7647, -719.0000, 0.0000, 176, 150, 104
L 75.6480, -706.5200, 0.0000, 104.3520, -706.5200, 0.0000, 176, 150, 104
L 75.0607, -694.0400, 0.0000, 104.9393, -694.0400, 0.0000, 176, 150, 104
L 74.4734, -681.5600, 0.0000, 105.5266, -681.5600, 0.0000, 176, 150, 104
L 102.4800, -687.8000, 0.0000, 97.8000, -811.0400, 0.0000, 140, 116, 78
L 68.1600, -812.6000, 0.0000, 111.8400, -812.6000, 0.0000, 140, 116, 78
L 71.2800, -820.4000, 0.0000, 108.7200, -820.4000, 0.0000, 140, 116, 78
L 68.1600, -812.6000, 0.0000, 71.2800, -820.4000, 0.0000, 140, 116, 78
L 111.8400, -812.6000, 0.0000, 108.7200, -820.4000, 0.0000, 140, 116, 78
L 72.8400, -820.4000, 0.0000, 77.5200, -843.8000, 0.0000, 140, 116, 78
L 77.5200, -843.8000, 0.0000, 90.0000, -859.4000, 0.0000, 140, 116, 78
L 90.0000, -859.4000, 0.0000, 102.4800, -843.8000, 0.0000, 140, 116, 78
L 102.4800, -843.8000, 0.0000, 107.1600, -820.4000, 0.0000, 140, 116, 78
L 86.8800, -855.5000, 0.0000, 93.1200, -855.5000, 0.0000, 140, 116, 78
L 80.6400, -847.7000, 0.0000, 99.3600, -847.7000, 0.0000, 140, 116, 78
L 76.7400, -839.9000, 0.0000, 103.2600, -839.9000, 0.0000, 140, 116, 78
L 75.1800, -832.1000, 0.0000, 104.8200, -832.1000, 0.0000, 140, 116, 78
L 73.6200, -824.3000, 0.0000, 106.3800, -824.3000, 0.0000, 140, 116, 78
L 90.0000, -859.4000, 0.0000, 90.0000, -873.4400, 0.0000, 130, 82, 12
L 86.1000, -867.2000, 0.0000, 93.9000, -867.2000, 0.0000, 130, 82, 12
L 182.2000, -670.0000, 0.0000, 297.8000, -670.0000, 0.0000, 176, 150, 104
L 297.8000, -670.0000, 0.0000, 297.8000, -693.8000, 0.0000, 176, 150, 104
L 297.8000, -693.8000, 0.0000, 182.2000, -693.8000, 0.0000, 176, 150, 104
L 182.2000, -693.8000, 0.0000, 182.2000, -670.0000, 0.0000, 176, 150, 104
L 182.2000, -689.7200, 0.0000, 297.8000, -689.7200, 0.0000, 176, 150, 104
L 182.2000, -681.5600, 0.0000, 297.8000, -681.5600, 0.0000, 176, 150, 104
L 182.2000, -673.4000, 0.0000, 297.8000, -673.4000, 0.0000, 176, 150, 104
L 185.6000, -693.8000, 0.0000, 187.4536, -706.4718, 0.0000, 140, 116, 78
L 187.4536, -706.4718, 0.0000, 192.8882, -718.2800, 0.0000, 140, 116, 78
L 192.8882, -718.2800, 0.0000, 201.5334, -728.4199, 0.0000, 140, 116, 78
L 201.5334, -728.4199, 0.0000, 212.8000, -736.2006, 0.0000, 140, 116, 78
L 212.8000, -736.2006, 0.0000, 225.9202, -741.0917, 0.0000, 140, 116, 78
L 225.9202, -741.0917, 0.0000, 240.0000, -742.7600, 0.0000, 140, 116, 78
L 240.0000, -742.7600, 0.0000, 254.0798, -741.0917, 0.0000, 140, 116, 78
L 254.0798, -741.0917, 0.0000, 267.2000, -736.2006, 0.0000, 140, 116, 78
L 267.2000, -736.2006, 0.0000, 278.4666, -728.4199, 0.0000, 140, 116, 78
L 278.4666, -728.4199, 0.0000, 287.1118, -718.2800, 0.0000, 140, 116, 78
L 287.1118, -718.2800, 0.0000, 292.5464, -706.4718, 0.0000, 140, 116, 78
L 292.5464, -706.4718, 0.0000, 294.4000, -693.8000, 0.0000, 140, 116, 78
L 209.4000, -693.8000, 0.0000, 232.3500, -741.4000, 0.0000, 140, 116, 78
L 240.0000, -693.8000, 0.0000, 240.0000, -741.4000, 0.0000, 140, 116, 78
L 270.6000, -693.8000, 0.0000, 247.6500, -741.4000, 0.0000, 140, 116, 78
L 251.5904, -735.9600, 0.0000, 262.5371, -735.9600, 0.0000, 140, 116, 78
L 253.0113, -729.1600, 0.0000, 270.6453, -729.1600, 0.0000, 140, 116, 78
L 254.4322, -722.3600, 0.0000, 274.9520, -722.3600, 0.0000, 140, 116, 78
L 255.8531, -715.5600, 0.0000, 279.2587, -715.5600, 0.0000, 140, 116, 78
L 257.2740, -708.7600, 0.0000, 283.5653, -708.7600, 0.0000, 140, 116, 78
L 258.6949, -701.9600, 0.0000, 287.8720, -701.9600, 0.0000, 140, 116, 78
L 260.1158, -695.1600, 0.0000, 292.1787, -695.1600, 0.0000, 140, 116, 78
L 240.0000, -742.7600, 0.0000, 240.0000, -752.9600, 0.0000, 130, 82, 12
L -622.9000, -1180.0000, 0.0000, -497.1000, -1180.0000, 0.0000, 176, 150, 104
L -497.1000, -1180.0000, 0.0000, -497.1000, -1205.9000, 0.0000, 176, 150, 104
L -497.1000, -1205.9000, 0.0000, -622.9000, -1205.9000, 0.0000, 176, 150, 104
L -622.9000, -1205.9000, 0.0000, -622.9000, -1180.0000, 0.0000, 176, 150, 104
L -622.9000, -1201.4600, 0.0000, -497.1000, -1201.4600, 0.0000, 176, 150, 104
L -622.9000, -1192.5800, 0.0000, -497.1000, -1192.5800, 0.0000, 176, 150, 104
L -622.9000, -1183.7000, 0.0000, -497.1000, -1183.7000, 0.0000, 176, 150, 104
L -619.2000, -1205.9000, 0.0000, -617.1828, -1219.6899, 0.0000, 140, 116, 78
L -617.1828, -1219.6899, 0.0000, -611.2687, -1232.5400, 0.0000, 140, 116, 78
L -611.2687, -1232.5400, 0.0000, -601.8607, -1243.5746, 0.0000, 140, 116, 78
L -601.8607, -1243.5746, 0.0000, -589.6000, -1252.0418, 0.0000, 140, 116, 78
L -589.6000, -1252.0418, 0.0000, -575.3221, -1257.3645, 0.0000, 140, 116, 78
L -575.3221, -1257.3645, 0.0000, -560.0000, -1259.1800, 0.0000, 140, 116, 78
L -560.0000, -1259.1800, 0.0000, -544.6779, -1257.3645, 0.0000, 140, 116, 78
L -544.6779, -1257.3645, 0.0000, -530.4000, -1252.0418, 0.0000, 140, 116, 78
L -530.4000, -1252.0418, 0.0000, -518.1393, -1243.5746, 0.0000, 140, 116, 78
L -518.1393, -1243.5746, 0.0000, -508.7313, -1232.5400, 0.0000, 140, 116, 78
L -508.7313, -1232.5400, 0.0000, -502.8172, -1219.6899, 0.0000, 140, 116, 78
L -502.8172, -1219.6899, 0.0000, -500.8000, -1205.9000, 0.0000, 140, 116, 78
L -593.3000, -1205.9000, 0.0000, -568.3250, -1257.7000, 0.0000, 140, 116, 78
L -560.0000, -1205.9000, 0.0000, -560.0000, -1257.7000, 0.0000, 140, 116, 78
L -526.7000, -1205.9000, 0.0000, -551.6750, -1257.7000, 0.0000, 140, 116, 78
L -547.3869, -1251.7800, 0.0000, -535.4743, -1251.7800, 0.0000, 140, 116, 78
L -545.8406, -1244.3800, 0.0000, -526.6507, -1244.3800, 0.0000, 140, 116, 78
L -544.2943, -1236.9800, 0.0000, -521.9640, -1236.9800, 0.0000, 140, 116, 78
L -542.7481, -1229.5800, 0.0000, -517.2773, -1229.5800, 0.0000, 140, 116, 78
L -541.2018, -1222.1800, 0.0000, -512.5907, -1222.1800, 0.0000, 140, 116, 78
L -539.6555, -1214.7800, 0.0000, -507.9040, -1214.7800, 0.0000, 140, 116, 78
L -538.1093, -1207.3800, 0.0000, -503.2173, -1207.3800, 0.0000, 140, 116, 78
L -560.0000, -1259.1800, 0.0000, -560.0000, -1270.2800, 0.0000, 130, 82, 12
L -436.4000, -1190.0000, 0.0000, -429.8400, -1329.4000, 0.0000, 176, 150, 104
L -429.8400, -1329.4000, 0.0000, -410.1600, -1329.4000, 0.0000, 176, 150, 104
L -410.1600, -1329.4000, 0.0000, -403.6000, -1190.0000, 0.0000, 176, 150, 104
L -403.6000, -1190.0000, 0.0000, -436.4000, -1190.0000, 0.0000, 176, 150, 104
L -430.1487, -1322.8400, 0.0000, -409.8513, -1322.8400, 0.0000, 176, 150, 104
L -430.7661, -1309.7200, 0.0000, -409.2339, -1309.7200, 0.0000, 176, 150, 104
L -431.3835, -1296.6000, 0.0000, -408.6165, -1296.6000, 0.0000, 176, 150, 104
L -432.0009, -1283.4800, 0.0000, -407.9991, -1283.4800, 0.0000, 176, 150, 104
L -432.6184, -1270.3600, 0.0000, -407.3816, -1270.3600, 0.0000, 176, 150, 104
L -433.2358, -1257.2400, 0.0000, -406.7642, -1257.2400, 0.0000, 176, 150, 104
L -433.8532, -1244.1200, 0.0000, -406.1468, -1244.1200, 0.0000, 176, 150, 104
L -434.4706, -1231.0000, 0.0000, -405.5294, -1231.0000, 0.0000, 176, 150, 104
L -435.0880, -1217.8800, 0.0000, -404.9120, -1217.8800, 0.0000, 176, 150, 104
L -435.7054, -1204.7600, 0.0000, -404.2946, -1204.7600, 0.0000, 176, 150, 104
L -436.3228, -1191.6400, 0.0000, -403.6772, -1191.6400, 0.0000, 176, 150, 104
L -406.8800, -1198.2000, 0.0000, -411.8000, -1327.7600, 0.0000, 140, 116, 78
L -442.9600, -1329.4000, 0.0000, -397.0400, -1329.4000, 0.0000, 140, 116, 78
L -439.6800, -1337.6000, 0.0000, -400.3200, -1337.6000, 0.0000, 140, 116, 78
L -442.9600, -1329.4000, 0.0000, -439.6800, -1337.6000, 0.0000, 140, 116, 78
L -397.0400, -1329.4000, 0.0000, -400.3200, -1337.6000, 0.0000, 140, 116, 78
L -438.0400, -1337.6000, 0.0000, -433.1200, -1362.2000, 0.0000, 140, 116, 78
L -433.1200, -1362.2000, 0.0000, -420.0000, -1378.6000, 0.0000, 140, 116, 78
L -420.0000, -1378.6000, 0.0000, -406.8800, -1362.2000, 0.0000, 140, 116, 78
L -406.8800, -1362.2000, 0.0000, -401.9600, -1337.6000, 0.0000, 140, 116, 78
L -423.2800, -1374.5000, 0.0000, -416.7200, -1374.5000, 0.0000, 140, 116, 78
L -429.8400, -1366.3000, 0.0000, -410.1600, -1366.3000, 0.0000, 140, 116, 78
L -433.9400, -1358.1000, 0.0000, -406.0600, -1358.1000, 0.0000, 140, 116, 78
L -435.5800, -1349.9000, 0.0000, -404.4200, -1349.9000, 0.0000, 140, 116, 78
L -437.2200, -1341.7000, 0.0000, -402.7800, -1341.7000, 0.0000, 140, 116, 78
L -420.0000, -1378.6000, 0.0000, -420.0000, -1393.3600, 0.0000, 130, 82, 12
L -424.1000, -1386.8000, 0.0000, -415.9000, -1386.8000, 0.0000, 130, 82, 12
L -280.3285, -1237.2608, 0.0000, -274.1071, -1237.2608, 0.0000, 96, 78, 54
L -281.0897, -1234.0224, 0.0000, -274.7133, -1234.0224, 0.0000, 96, 78, 54
L -281.8508, -1230.7840, 0.0000, -275.3196, -1230.7840, 0.0000, 96, 78, 54
L -282.7474, -1227.5456, 0.0000, -276.0613, -1227.5456, 0.0000, 96, 78, 54
L -283.6586, -1224.3072, 0.0000, -276.8177, -1224.3072, 0.0000, 96, 78, 54
L -284.4693, -1221.0688, 0.0000, -277.4735, -1221.0688, 0.0000, 96, 78, 54
L -285.0512, -1217.8304, 0.0000, -277.9005, -1217.8304, 0.0000, 96, 78, 54
L -285.6331, -1214.5920, 0.0000, -278.3275, -1214.5920, 0.0000, 96, 78, 54
L -286.3735, -1211.3536, 0.0000, -278.9130, -1211.3536, 0.0000, 96, 78, 54
L -287.1795, -1208.1152, 0.0000, -279.5641, -1208.1152, 0.0000, 96, 78, 54
L -287.9289, -1204.8768, 0.0000, -280.1587, -1204.8768, 0.0000, 96, 78, 54
L -288.2227, -1201.6384, 0.0000, -280.2976, -1201.6384, 0.0000, 96, 78, 54
L -288.5166, -1198.4000, 0.0000, -280.4366, -1198.4000, 0.0000, 96, 78, 54
L -288.7519, -1195.1616, 0.0000, -280.5170, -1195.1616, 0.0000, 96, 78, 54
L -288.9315, -1191.9232, 0.0000, -280.5418, -1191.9232, 0.0000, 96, 78, 54
L -289.1112, -1188.6848, 0.0000, -280.5666, -1188.6848, 0.0000, 96, 78, 54
L -289.1290, -1185.4464, 0.0000, -280.4295, -1185.4464, 0.0000, 96, 78, 54
L -289.1319, -1182.2080, 0.0000, -280.2775, -1182.2080, 0.0000, 96, 78, 54
L -289.1338, -1180.0000, 0.0000, -289.1264, -1188.4114, 0.0000, 70, 56, 38
L -280.1738, -1180.0000, 0.0000, -280.5687, -1188.4114, 0.0000, 96, 78, 54
L -289.1264, -1188.4114, 0.0000, -288.6597, -1196.8229, 0.0000, 70, 56, 38
L -280.5687, -1188.4114, 0.0000, -280.5043, -1196.8229, 0.0000, 96, 78, 54
L -288.6597, -1196.8229, 0.0000, -287.8965, -1205.2343, 0.0000, 70, 56, 38
L -280.5043, -1196.8229, 0.0000, -280.1433, -1205.2343, 0.0000, 96, 78, 54
L -287.8965, -1205.2343, 0.0000, -285.8031, -1213.6457, 0.0000, 70, 56, 38
L -280.1433, -1205.2343, 0.0000, -278.4522, -1213.6457, 0.0000, 96, 78, 54
L -285.8031, -1213.6457, 0.0000, -284.2917, -1222.0571, 0.0000, 70, 56, 38
L -278.4522, -1213.6457, 0.0000, -277.3432, -1222.0571, 0.0000, 96, 78, 54
L -284.2917, -1222.0571, 0.0000, -281.9250, -1230.4686, 0.0000, 70, 56, 38
L -277.3432, -1222.0571, 0.0000, -275.3787, -1230.4686, 0.0000, 96, 78, 54
L -281.9250, -1230.4686, 0.0000, -279.9479, -1238.8800, 0.0000, 70, 56, 38
L -275.3787, -1230.4686, 0.0000, -273.8039, -1238.8800, 0.0000, 96, 78, 54
L -289.1264, -1188.4114, 0.0000, -285.2754, -1187.2338, 0.0000, 70, 56, 38
L -287.8965, -1205.2343, 0.0000, -284.4075, -1204.0567, 0.0000, 70, 56, 38
L -284.2917, -1222.0571, 0.0000, -281.1649, -1220.8795, 0.0000, 70, 56, 38
L -288.7385, -1189.8133, 0.0000, -280.8025, -1189.8133, 0.0000, 70, 56, 38
L -288.0502, -1199.6267, 0.0000, -280.1142, -1199.6267, 0.0000, 70, 56, 38
L -286.9029, -1209.4400, 0.0000, -278.9669, -1209.4400, 0.0000, 70, 56, 38
L -285.2967, -1219.2533, 0.0000, -277.3607, -1219.2533, 0.0000, 70, 56, 38
L -283.2316, -1229.0667, 0.0000, -275.2956, -1229.0667, 0.0000, 70, 56, 38
L -298.7096, -1247.9271, 0.0000, -280.8248, -1247.9271, 0.0000, 68, 112, 56
L -305.4363, -1245.3671, 0.0000, -276.7395, -1245.3671, 0.0000, 68, 112, 56
L -310.0343, -1242.8071, 0.0000, -276.7395, -1242.8071, 0.0000, 68, 112, 56
L -313.6331, -1240.2471, 0.0000, -307.8857, -1240.2471, 0.0000, 68, 112, 56
L -295.2831, -1240.2471, 0.0000, -276.7395, -1240.2471, 0.0000, 68, 112, 56
L -287.5131, -1237.6871, 0.0000, -276.7395, -1237.6871, 0.0000, 68, 112, 56
L -282.5574, -1235.1271, 0.0000, -276.7395, -1235.1271, 0.0000, 68, 112, 56
L -278.6794, -1232.5671, 0.0000, -276.7395, -1232.5671, 0.0000, 68, 112, 56
L -276.7395, -1238.8800, 0.0000, -281.3512, -1241.2766, 0.0000, 68, 112, 56
L -281.3512, -1241.2766, 0.0000, -285.9629, -1243.0122, 0.0000, 68, 112, 56
L -285.9629, -1243.0122, 0.0000, -290.5746, -1244.0871, 0.0000, 68, 112, 56
L -290.5746, -1244.0871, 0.0000, -295.1863, -1244.5010, 0.0000, 68, 112, 56
L -295.1863, -1244.5010, 0.0000, -299.7980, -1244.2541, 0.0000, 68, 112, 56
L -299.7980, -1244.2541, 0.0000, -304.4097, -1243.3462, 0.0000, 68, 112, 56
L -304.4097, -1243.3462, 0.0000, -309.0214, -1241.7776, 0.0000, 68, 112, 56
L -309.0214, -1241.7776, 0.0000, -313.6331, -1239.5480, 0.0000, 68, 112, 56
L -295.7523, -1253.0479, 0.0000, -285.0358, -1253.0479, 0.0000, 96, 140, 84
L -299.8590, -1250.4879, 0.0000, -280.8786, -1250.4879, 0.0000, 96, 140, 84
L -302.6689, -1247.9279, 0.0000, -278.0974, -1247.9279, 0.0000, 96, 140, 84
L -289.1646, -1245.3679, 0.0000, -276.7395, -1245.3679, 0.0000, 96, 140, 84
L -285.8212, -1242.8079, 0.0000, -276.7395, -1242.8079, 0.0000, 96, 140, 84
L -283.2254, -1240.2479, 0.0000, -276.7395, -1240.2479, 0.0000, 96, 140, 84
L -281.1895, -1237.6879, 0.0000, -276.7395, -1237.6879, 0.0000, 96, 140, 84
L -279.3043, -1235.1279, 0.0000, -276.7395, -1235.1279, 0.0000, 96, 140, 84
L -277.6327, -1232.5679, 0.0000, -276.7395, -1232.5679, 0.0000, 96, 140, 84
L -276.7395, -1238.8800, 0.0000, -279.9962, -1243.0141, 0.0000, 68, 112, 56
L -279.9962, -1243.0141, 0.0000, -283.2529, -1246.2557, 0.0000, 68, 112, 56
L -283.2529, -1246.2557, 0.0000, -286.5095, -1248.6047, 0.0000, 68, 112, 56
L -286.5095, -1248.6047, 0.0000, -289.7662, -1250.0612, 0.0000, 68, 112, 56
L -289.7662, -1250.0612, 0.0000, -293.0229, -1250.6251, 0.0000, 68, 112, 56
L -293.0229, -1250.6251, 0.0000, -296.2795, -1250.2965, 0.0000, 68, 112, 56
L -296.2795, -1250.2965, 0.0000, -299.5362, -1249.0754, 0.0000, 68, 112, 56
L -299.5362, -1249.0754, 0.0000, -302.7929, -1246.9616, 0.0000, 68, 112, 56
L -284.0425, -1256.3453, 0.0000, -280.3347, -1256.3453, 0.0000, 68, 112, 56
L -285.3976, -1253.7853, 0.0000, -278.9878, -1253.7853, 0.0000, 68, 112, 56
L -286.1238, -1251.2253, 0.0000, -285.1980, -1251.2253, 0.0000, 68, 112, 56
L -283.1930, -1251.2253, 0.0000, -278.0598, -1251.2253, 0.0000, 68, 112, 56
L -281.3266, -1248.6653, 0.0000, -277.3194, -1248.6653, 0.0000, 68, 112, 56
L -280.2899, -1246.1053, 0.0000, -276.7395, -1246.1053, 0.0000, 68, 112, 56
L -279.5156, -1243.5453, 0.0000, -276.7395, -1243.5453, 0.0000, 68, 112, 56
L -278.8191, -1240.9853, 0.0000, -276.7395, -1240.9853, 0.0000, 68, 112, 56
L -278.2115, -1238.4253, 0.0000, -276.7395, -1238.4253, 0.0000, 68, 112, 56
L -277.6569, -1235.8653, 0.0000, -276.7395, -1235.8653, 0.0000, 68, 112, 56
L -276.7395, -1238.8800, 0.0000, -277.9126, -1243.9923, 0.0000, 68, 112, 56
L -277.9126, -1243.9923, 0.0000, -279.0856, -1248.0817, 0.0000, 68, 112, 56
L -279.0856, -1248.0817, 0.0000, -280.2586, -1251.1481, 0.0000, 68, 112, 56
L -280.2586, -1251.1481, 0.0000, -281.4317, -1253.1915, 0.0000, 68, 112, 56
L -281.4317, -1253.1915, 0.0000, -282.6047, -1254.2119, 0.0000, 68, 112, 56
L -282.6047, -1254.2119, 0.0000, -283.7778, -1254.2094, 0.0000, 68, 112, 56
L -283.7778, -1254.2094, 0.0000, -284.9508, -1253.1838, 0.0000, 68, 112, 56
L -284.9508, -1253.1838, 0.0000, -286.1238, -1251.1353, 0.0000, 68, 112, 56
L -273.1444, -1256.3453, 0.0000, -269.4365, -1256.3453, 0.0000, 96, 140, 84
L -274.4913, -1253.7853, 0.0000, -268.0815, -1253.7853, 0.0000, 96, 140, 84
L -275.4192, -1251.2253, 0.0000, -270.2861, -1251.2253, 0.0000, 96, 140, 84
L -268.2810, -1251.2253, 0.0000, -267.3553, -1251.2253, 0.0000, 96, 140, 84
L -276.1597, -1248.6653, 0.0000, -272.1525, -1248.6653, 0.0000, 96, 140, 84
L -276.7395, -1246.1053, 0.0000, -273.1892, -1246.1053, 0.0000, 96, 140, 84
L -276.7395, -1243.5453, 0.0000, -273.9635, -1243.5453, 0.0000, 96, 140, 84
L -276.7395, -1240.9853, 0.0000, -274.6600, -1240.9853, 0.0000, 96, 140, 84
L -276.7395, -1238.4253, 0.0000, -275.2676, -1238.4253, 0.0000, 96, 140, 84
L -276.7395, -1235.8653, 0.0000, -275.8222, -1235.8653, 0.0000, 96, 140, 84
L -276.7395, -1238.8800, 0.0000, -275.5665, -1243.9923, 0.0000, 68, 112, 56
L -275.5665, -1243.9923, 0.0000, -274.3935, -1248.0817, 0.0000, 68, 112, 56
L -274.3935, -1248.0817, 0.0000, -273.2204, -1251.1481, 0.0000, 68, 112, 56
L -273.2204, -1251.1481, 0.0000, -272.0474, -1253.1915, 0.0000, 68, 112, 56
L -272.0474, -1253.1915, 0.0000, -270.8744, -1254.2119, 0.0000, 68, 112, 56
L -270.8744, -1254.2119, 0.0000, -269.7013, -1254.2094, 0.0000, 68, 112, 56
L -269.7013, -1254.2094, 0.0000, -268.5283, -1253.1838, 0.0000, 68, 112, 56
L -268.5283, -1253.1838, 0.0000, -267.3553, -1251.1353, 0.0000, 68, 112, 56
L -268.4433, -1253.0479, 0.0000, -257.7268, -1253.0479, 0.0000, 68, 112, 56
L -272.6005, -1250.4879, 0.0000, -253.6200, -1250.4879, 0.0000, 68, 112, 56
L -275.3817, -1247.9279, 0.0000, -250.8102, -1247.9279, 0.0000, 68, 112, 56
L -276.7395, -1245.3679, 0.0000, -264.3145, -1245.3679, 0.0000, 68, 112, 56
L -276.7395, -1242.8079, 0.0000, -267.6579, -1242.8079, 0.0000, 68, 112, 56
L -276.7395, -1240.2479, 0.0000, -270.2536, -1240.2479, 0.0000, 68, 112, 56
L -276.7395, -1237.6879, 0.0000, -272.2896, -1237.6879, 0.0000, 68, 112, 56
L -276.7395, -1235.1279, 0.0000, -274.1748, -1235.1279, 0.0000, 68, 112, 56
L -276.7395, -1232.5679, 0.0000, -275.8464, -1232.5679, 0.0000, 68, 112, 56
L -276.7395, -1238.8800, 0.0000, -273.4829, -1243.0141, 0.0000, 68, 112, 56
L -273.4829, -1243.0141, 0.0000, -270.2262, -1246.2557, 0.0000, 68, 112, 56
L -270.2262, -1246.2557, 0.0000, -266.9695, -1248.6047, 0.0000, 68, 112, 56
L -266.9695, -1248.6047, 0.0000, -263.7129, -1250.0612, 0.0000, 68, 112, 56
L -263.7129, -1250.0612, 0.0000, -260.4562, -1250.6251, 0.0000, 68, 112, 56
L -260.4562, -1250.6251, 0.0000, -257.1996, -1250.2965, 0.0000, 68, 112, 56
L -257.1996, -1250.2965, 0.0000, -253.9429, -1249.0754, 0.0000, 68, 112, 56
L -253.9429, -1249.0754, 0.0000, -250.6862, -1246.9616, 0.0000, 68, 112, 56
L -272.6543, -1247.9271, 0.0000, -254.7695, -1247.9271, 0.0000, 96, 140, 84
L -276.7395, -1245.3671, 0.0000, -248.0428, -1245.3671, 0.0000, 96, 140, 84
L -276.7395, -1242.8071, 0.0000, -243.4447, -1242.8071, 0.0000, 96, 140, 84
L -276.7395, -1240.2471, 0.0000, -258.1960, -1240.2471, 0.0000, 96, 140, 84
L -245.5934, -1240.2471, 0.0000, -239.8460, -1240.2471, 0.0000, 96, 140, 84
L -276.7395, -1237.6871, 0.0000, -265.9659, -1237.6871, 0.0000, 96, 140, 84
L -276.7395, -1235.1271, 0.0000, -270.9217, -1235.1271, 0.0000, 96, 140, 84
L -276.7395, -1232.5671, 0.0000, -274.7997, -1232.5671, 0.0000, 96, 140, 84
L -276.7395, -1238.8800, 0.0000, -272.1279, -1241.2766, 0.0000, 68, 112, 56
L -272.1279, -1241.2766, 0.0000, -267.5162, -1243.0122, 0.0000, 68, 112, 56
L -267.5162, -1243.0122, 0.0000, -262.9045, -1244.0871, 0.0000, 68, 112, 56
L -262.9045, -1244.0871, 0.0000, -258.2928, -1244.5010, 0.0000, 68, 112, 56
L -258.2928, -1244.5010, 0.0000, -253.6811, -1244.2541, 0.0000, 68, 112, 56
L -253.6811, -1244.2541, 0.0000, -249.0694, -1243.3462, 0.0000, 68, 112, 56
L -249.0694, -1243.3462, 0.0000, -244.4577, -1241.7776, 0.0000, 68, 112, 56
L -244.4577, -1241.7776, 0.0000, -239.8460, -1239.5480, 0.0000, 68, 112, 56
L -273.9238, -1236.4015, 0.0000, -270.6066, -1236.4015, 0.0000, 96, 78, 54
L -274.3762, -1234.4815, 0.0000, -270.0334, -1234.4815, 0.0000, 96, 78, 54
L -269.5910, -1235.0400, 0.0000, -270.1965, -1234.2754, 0.0000, 96, 78, 54
L -270.1965, -1234.2754, 0.0000, -270.3529, -1233.3341, 0.0000, 96, 78, 54
L -270.3529, -1233.3341, 0.0000, -271.2519, -1232.8633, 0.0000, 96, 78, 54
L -271.2519, -1232.8633, 0.0000, -272.2595, -1232.9314, 0.0000, 96, 78, 54
L -272.2595, -1232.9314, 0.0000, -273.2031, -1233.0019, 0.0000, 96, 78, 54
L -273.2031, -1233.0019, 0.0000, -274.0919, -1233.4005, 0.0000, 96, 78, 54
L -274.0919, -1233.4005, 0.0000, -274.2581, -1234.2993, 0.0000, 96, 78, 54
L -274.2581, -1234.2993, 0.0000, -274.7385, -1235.0400, 0.0000, 96, 78, 54
L -274.7385, -1235.0400, 0.0000, -274.7532, -1235.9642, 0.0000, 96, 78, 54
L -274.7532, -1235.9642, 0.0000, -273.8341, -1236.4488, 0.0000, 96, 78, 54
L -273.8341, -1236.4488, 0.0000, -273.2919, -1237.2699, 0.0000, 96, 78, 54
L -273.2919, -1237.2699, 0.0000, -272.2595, -1237.3615, 0.0000, 96, 78, 54
L -272.2595, -1237.3615, 0.0000, -271.2135, -1237.2995, 0.0000, 96, 78, 54
L -271.2135, -1237.2995, 0.0000, -270.6416, -1236.4876, 0.0000, 96, 78, 54
L -270.6416, -1236.4876, 0.0000, -270.3418, -1235.7507, 0.0000, 96, 78, 54
L -270.3418, -1235.7507, 0.0000, -269.5910, -1235.0400, 0.0000, 96, 78, 54
L -274.1111, -1233.5040, 0.0000, -270.3247, -1233.5040, 0.0000, 70, 56, 38
L -280.8104, -1234.3780, 0.0000, -277.2579, -1234.3780, 0.0000, 96, 78, 54
L -281.5277, -1232.4580, 0.0000, -276.3642, -1232.4580, 0.0000, 96, 78, 54
L -276.2846, -1232.8230, 0.0000, -276.4861, -1231.8989, 0.0000, 96, 78, 54
L -276.4861, -1231.8989, 0.0000, -277.2938, -1231.3147, 0.0000, 96, 78, 54
L -277.2938, -1231.3147, 0.0000, -278.1850, -1231.1066, 0.0000, 96, 78, 54
L -278.1850, -1231.1066, 0.0000, -278.9795, -1230.8842, 0.0000, 96, 78, 54
L -278.9795, -1230.8842, 0.0000, -279.9554, -1230.7150, 0.0000, 96, 78, 54
L -279.9554, -1230.7150, 0.0000, -280.5700, -1231.4000, 0.0000, 96, 78, 54
L -280.5700, -1231.4000, 0.0000, -281.5915, -1231.8549, 0.0000, 96, 78, 54
L -281.5915, -1231.8549, 0.0000, -281.4891, -1232.8230, 0.0000, 96, 78, 54
L -281.4891, -1232.8230, 0.0000, -280.9845, -1233.5660, 0.0000, 96, 78, 54
L -280.9845, -1233.5660, 0.0000, -280.7954, -1234.4477, 0.0000, 96, 78, 54
L -280.7954, -1234.4477, 0.0000, -279.8634, -1234.7323, 0.0000, 96, 78, 54
L -279.8634, -1234.7323, 0.0000, -278.9795, -1235.3380, 0.0000, 96, 78, 54
L -278.9795, -1235.3380, 0.0000, -277.9117, -1235.1297, 0.0000, 96, 78, 54
L -277.9117, -1235.1297, 0.0000, -277.2508, -1234.3698, 0.0000, 96, 78, 54
L -277.2508, -1234.3698, 0.0000, -276.6157, -1233.6990, 0.0000, 96, 78, 54
L -276.6157, -1233.6990, 0.0000, -276.2846, -1232.8230, 0.0000, 96, 78, 54
L -280.4686, -1231.2870, 0.0000, -277.4124, -1231.2870, 0.0000, 70, 56, 38
L -280.9976, -1238.6005, 0.0000, -277.4131, -1238.6005, 0.0000, 96, 78, 54
L -281.2175, -1236.6805, 0.0000, -276.4437, -1236.6805, 0.0000, 96, 78, 54
L -276.3743, -1237.2570, 0.0000, -276.4856, -1236.3327, 0.0000, 96, 78, 54
L -276.4856, -1236.3327, 0.0000, -276.9649, -1235.4545, 0.0000, 96, 78, 54
L -276.9649, -1235.4545, 0.0000, -278.2069, -1235.5880, 0.0000, 96, 78, 54
L -278.2069, -1235.5880, 0.0000, -278.9795, -1235.1896, 0.0000, 96, 78, 54
L -278.9795, -1235.1896, 0.0000, -279.9443, -1235.1730, 0.0000, 96, 78, 54
L -279.9443, -1235.1730, 0.0000, -280.5781, -1235.8267, 0.0000, 96, 78, 54
L -280.5781, -1235.8267, 0.0000, -281.2985, -1236.3976, 0.0000, 96, 78, 54
L -281.2985, -1236.3976, 0.0000, -281.0523, -1237.2570, 0.0000, 96, 78, 54
L -281.0523, -1237.2570, 0.0000, -281.5339, -1238.2037, 0.0000, 96, 78, 54
L -281.5339, -1238.2037, 0.0000, -280.7149, -1238.8097, 0.0000, 96, 78, 54
L -280.7149, -1238.8097, 0.0000, -279.7818, -1238.9901, 0.0000, 96, 78, 54
L -279.7818, -1238.9901, 0.0000, -278.9795, -1239.5605, 0.0000, 96, 78, 54
L -278.9795, -1239.5605, 0.0000, -278.1118, -1239.1315, 0.0000, 96, 78, 54
L -278.1118, -1239.1315, 0.0000, -277.4479, -1238.6274, 0.0000, 96, 78, 54
L -277.4479, -1238.6274, 0.0000, -276.7458, -1238.0849, 0.0000, 96, 78, 54
L -276.7458, -1238.0849, 0.0000, -276.3743, -1237.2570, 0.0000, 96, 78, 54
L -280.4756, -1235.7210, 0.0000, -276.8195, -1235.7210, 0.0000, 70, 56, 38
L -720.0000, -1080.0000, 0.0000, -661.3443, -1080.5074, 0.0000, 130, 82, 12
L -569.9592, -1084.4082, 0.0000, -511.7619, -1088.8887, 0.0000, 130, 82, 12
L -421.0939, -1099.0041, 0.0000, -363.3550, -1107.4579, 0.0000, 130, 82, 12
L -273.4041, -1123.7878, 0.0000, -216.1237, -1136.2148, 0.0000, 130, 82, 12
L 833.7000, -1100.0000, 0.0000, 833.7000, -1174.1000, 0.0000, 118, 90, 54
L 966.3000, -1100.0000, 0.0000, 966.3000, -1174.1000, 0.0000, 118, 90, 54
L 837.6000, -1100.0000, 0.0000, 837.6000, -1171.7600, 0.0000, 78, 58, 38
L 833.7000, -1126.5200, 0.0000, 966.3000, -1126.5200, 0.0000, 118, 90, 54
L 966.3000, -1126.5200, 0.0000, 966.3000, -1112.4800, 0.0000, 118, 90, 54
L 966.3000, -1112.4800, 0.0000, 833.7000, -1112.4800, 0.0000, 118, 90, 54
L 833.7000, -1112.4800, 0.0000, 833.7000, -1126.5200, 0.0000, 118, 90, 54
L 833.7000, -1123.0100, 0.0000, 966.3000, -1123.0100, 0.0000, 118, 90, 54
L 833.7000, -1115.9900, 0.0000, 966.3000, -1115.9900, 0.0000, 118, 90, 54
L 822.0000, -1174.1000, 0.0000, 853.2000, -1174.1000, 0.0000, 155, 48, 36
L 853.2000, -1174.1000, 0.0000, 861.0000, -1193.6000, 0.0000, 155, 48, 36
L 861.0000, -1193.6000, 0.0000, 829.8000, -1193.6000, 0.0000, 155, 48, 36
L 829.8000, -1193.6000, 0.0000, 822.0000, -1174.1000, 0.0000, 155, 48, 36
L 828.2400, -1189.7000, 0.0000, 859.4400, -1189.7000, 0.0000, 155, 48, 36
L 825.1200, -1181.9000, 0.0000, 856.3200, -1181.9000, 0.0000, 155, 48, 36
L 822.0000, -1174.1000, 0.0000, 837.6000, -1168.6400, 0.0000, 155, 48, 36
L 837.6000, -1168.6400, 0.0000, 853.2000, -1174.1000, 0.0000, 155, 48, 36
L 853.2000, -1174.1000, 0.0000, 884.4000, -1174.1000, 0.0000, 204, 194, 172
L 884.4000, -1174.1000, 0.0000, 892.2000, -1193.6000, 0.0000, 204, 194, 172
L 892.2000, -1193.6000, 0.0000, 861.0000, -1193.6000, 0.0000, 204, 194, 172
L 861.0000, -1193.6000, 0.0000, 853.2000, -1174.1000, 0.0000, 204, 194, 172
L 859.4400, -1189.7000, 0.0000, 890.6400, -1189.7000, 0.0000, 204, 194, 172
L 856.3200, -1181.9000, 0.0000, 887.5200, -1181.9000, 0.0000, 204, 194, 172
L 853.2000, -1174.1000, 0.0000, 868.8000, -1168.6400, 0.0000, 204, 194, 172
L 868.8000, -1168.6400, 0.0000, 884.4000, -1174.1000, 0.0000, 204, 194, 172
L 884.4000, -1174.1000, 0.0000, 915.6000, -1174.1000, 0.0000, 155, 48, 36
L 915.6000, -1174.1000, 0.0000, 923.4000, -1193.6000, 0.0000, 155, 48, 36
L 923.4000, -1193.6000, 0.0000, 892.2000, -1193.6000, 0.0000, 155, 48, 36
L 892.2000, -1193.6000, 0.0000, 884.4000, -1174.1000, 0.0000, 155, 48, 36
L 890.6400, -1189.7000, 0.0000, 921.8400, -1189.7000, 0.0000, 155, 48, 36
L 887.5200, -1181.9000, 0.0000, 918.7200, -1181.9000, 0.0000, 155, 48, 36
L 884.4000, -1174.1000, 0.0000, 900.0000, -1168.6400, 0.0000, 155, 48, 36
L 900.0000, -1168.6400, 0.0000, 915.6000, -1174.1000, 0.0000, 155, 48, 36
L 915.6000, -1174.1000, 0.0000, 946.8000, -1174.1000, 0.0000, 204, 194, 172
L 946.8000, -1174.1000, 0.0000, 954.6000, -1193.6000, 0.0000, 204, 194, 172
L 954.6000, -1193.6000, 0.0000, 923.4000, -1193.6000, 0.0000, 204, 194, 172
L 923.4000, -1193.6000, 0.0000, 915.6000, -1174.1000, 0.0000, 204, 194, 172
L 921.8400, -1189.7000, 0.0000, 953.0400, -1189.7000, 0.0000, 204, 194, 172
L 918.7200, -1181.9000, 0.0000, 949.9200, -1181.9000, 0.0000, 204, 194, 172
L 915.6000, -1174.1000, 0.0000, 931.2000, -1168.6400, 0.0000, 204, 194, 172
L 931.2000, -1168.6400, 0.0000, 946.8000, -1174.1000, 0.0000, 204, 194, 172
L 946.8000, -1174.1000, 0.0000, 978.0000, -1174.1000, 0.0000, 155, 48, 36
L 978.0000, -1174.1000, 0.0000, 985.8000, -1193.6000, 0.0000, 155, 48, 36
L 985.8000, -1193.6000, 0.0000, 954.6000, -1193.6000, 0.0000, 155, 48, 36
L 954.6000, -1193.6000, 0.0000, 946.8000, -1174.1000, 0.0000, 155, 48, 36
L 953.0400, -1189.7000, 0.0000, 984.2400, -1189.7000, 0.0000, 155, 48, 36
L 949.9200, -1181.9000, 0.0000, 981.1200, -1181.9000, 0.0000, 155, 48, 36
L 946.8000, -1174.1000, 0.0000, 962.4000, -1168.6400, 0.0000, 155, 48, 36
L 962.4000, -1168.6400, 0.0000, 978.0000, -1174.1000, 0.0000, 155, 48, 36
L 974.1000, -1100.0000, 0.0000, 1005.3000, -1100.0000, 0.0000, 78, 58, 38
L 1005.3000, -1100.0000, 0.0000, 1005.3000, -1129.6400, 0.0000, 78, 58, 38
L 1005.3000, -1129.6400, 0.0000, 974.1000, -1129.6400, 0.0000, 78, 58, 38
L 974.1000, -1129.6400, 0.0000, 974.1000, -1100.0000, 0.0000, 78, 58, 38
L 974.1000, -1114.8200, 0.0000, 1005.3000, -1114.8200, 0.0000, 78, 58, 38
L 981.9000, -1100.0000, 0.0000, 981.9000, -1129.6400, 0.0000, 78, 58, 38
L 1033.9000, -1075.0000, 0.0000, 1033.9000, -1137.7000, 0.0000, 118, 90, 54
L 1146.1000, -1075.0000, 0.0000, 1146.1000, -1137.7000, 0.0000, 118, 90, 54
L 1037.2000, -1075.0000, 0.0000, 1037.2000, -1135.7200, 0.0000, 78, 58, 38
L 1033.9000, -1097.4400, 0.0000, 1146.1000, -1097.4400, 0.0000, 118, 90, 54
L 1146.1000, -1097.4400, 0.0000, 1146.1000, -1085.5600, 0.0000, 118, 90, 54
L 1146.1000, -1085.5600, 0.0000, 1033.9000, -1085.5600, 0.0000, 118, 90, 54
L 1033.9000, -1085.5600, 0.0000, 1033.9000, -1097.4400, 0.0000, 118, 90, 54
L 1033.9000, -1094.4700, 0.0000, 1146.1000, -1094.4700, 0.0000, 118, 90, 54
L 1033.9000, -1088.5300, 0.0000, 1146.1000, -1088.5300, 0.0000, 118, 90, 54
L 1024.0000, -1137.7000, 0.0000, 1050.4000, -1137.7000, 0.0000, 155, 48, 36
L 1050.4000, -1137.7000, 0.0000, 1057.0000, -1154.2000, 0.0000, 155, 48, 36
L 1057.0000, -1154.2000, 0.0000, 1030.6000, -1154.2000, 0.0000, 155, 48, 36
L 1030.6000, -1154.2000, 0.0000, 1024.0000, -1137.7000, 0.0000, 155, 48, 36
L 1029.2800, -1150.9000, 0.0000, 1055.6800, -1150.9000, 0.0000, 155, 48, 36
L 1026.6400, -1144.3000, 0.0000, 1053.0400, -1144.3000, 0.0000, 155, 48, 36
L 1024.0000, -1137.7000, 0.0000, 1037.2000, -1133.0800, 0.0000, 155, 48, 36
L 1037.2000, -1133.0800, 0.0000, 1050.4000, -1137.7000, 0.0000, 155, 48, 36
L 1050.4000, -1137.7000, 0.0000, 1076.8000, -1137.7000, 0.0000, 204, 194, 172
L 1076.8000, -1137.7000, 0.0000, 1083.4000, -1154.2000, 0.0000, 204, 194, 172
L 1083.4000, -1154.2000, 0.0000, 1057.0000, -1154.2000, 0.0000, 204, 194, 172
L 1057.0000, -1154.2000, 0.0000, 1050.4000, -1137.7000, 0.0000, 204, 194, 172
L 1055.6800, -1150.9000, 0.0000, 1082.0800, -1150.9000, 0.0000, 204, 194, 172
L 1053.0400, -1144.3000, 0.0000, 1079.4400, -1144.3000, 0.0000, 204, 194, 172
L 1050.4000, -1137.7000, 0.0000, 1063.6000, -1133.0800, 0.0000, 204, 194, 172
L 1063.6000, -1133.0800, 0.0000, 1076.8000, -1137.7000, 0.0000, 204, 194, 172
L 1076.8000, -1137.7000, 0.0000, 1103.2000, -1137.7000, 0.0000, 155, 48, 36
L 1103.2000, -1137.7000, 0.0000, 1109.8000, -1154.2000, 0.0000, 155, 48, 36
L 1109.8000, -1154.2000, 0.0000, 1083.4000, -1154.2000, 0.0000, 155, 48, 36
L 1083.4000, -1154.2000, 0.0000, 1076.8000, -1137.7000, 0.0000, 155, 48, 36
L 1082.0800, -1150.9000, 0.0000, 1108.4800, -1150.9000, 0.0000, 155, 48, 36
L 1079.4400, -1144.3000, 0.0000, 1105.8400, -1144.3000, 0.0000, 155, 48, 36
L 1076.8000, -1137.7000, 0.0000, 1090.0000, -1133.0800, 0.0000, 155, 48, 36
L 1090.0000, -1133.0800, 0.0000, 1103.2000, -1137.7000, 0.0000, 155, 48, 36
L 1103.2000, -1137.7000, 0.0000, 1129.6000, -1137.7000, 0.0000, 204, 194, 172
L 1129.6000, -1137.7000, 0.0000, 1136.2000, -1154.2000, 0.0000, 204, 194, 172
L 1136.2000, -1154.2000, 0.0000, 1109.8000, -1154.2000, 0.0000, 204, 194, 172
L 1109.8000, -1154.2000, 0.0000, 1103.2000, -1137.7000, 0.0000, 204, 194, 172
L 1108.4800, -1150.9000, 0.0000, 1134.8800, -1150.9000, 0.0000, 204, 194, 172
L 1105.8400, -1144.3000, 0.0000, 1132.2400, -1144.3000, 0.0000, 204, 194, 172
L 1103.2000, -1137.7000, 0.0000, 1116.4000, -1133.0800, 0.0000, 204, 194, 172
L 1116.4000, -1133.0800, 0.0000, 1129.6000, -1137.7000, 0.0000, 204, 194, 172
L 1129.6000, -1137.7000, 0.0000, 1156.0000, -1137.7000, 0.0000, 155, 48, 36
L 1156.0000, -1137.7000, 0.0000, 1162.6000, -1154.2000, 0.0000, 155, 48, 36
L 1162.6000, -1154.2000, 0.0000, 1136.2000, -1154.2000, 0.0000, 155, 48, 36
L 1136.2000, -1154.2000, 0.0000, 1129.6000, -1137.7000, 0.0000, 155, 48, 36
L 1134.8800, -1150.9000, 0.0000, 1161.2800, -1150.9000, 0.0000, 155, 48, 36
L 1132.2400, -1144.3000, 0.0000, 1158.6400, -1144.3000, 0.0000, 155, 48, 36
L 1129.6000, -1137.7000, 0.0000, 1142.8000, -1133.0800, 0.0000, 155, 48, 36
L 1142.8000, -1133.0800, 0.0000, 1156.0000, -1137.7000, 0.0000, 155, 48, 36
L 1152.7000, -1075.0000, 0.0000, 1179.1000, -1075.0000, 0.0000, 78, 58, 38
L 1179.1000, -1075.0000, 0.0000, 1179.1000, -1100.0800, 0.0000, 78, 58, 38
L 1179.1000, -1100.0800, 0.0000, 1152.7000, -1100.0800, 0.0000, 78, 58, 38
L 1152.7000, -1100.0800, 0.0000, 1152.7000, -1075.0000, 0.0000, 78, 58, 38
L 1152.7000, -1087.5400, 0.0000, 1179.1000, -1087.5400, 0.0000, 78, 58, 38
L 1159.3000, -1075.0000, 0.0000, 1159.3000, -1100.0800, 0.0000, 78, 58, 38
L 804.2200, -1046.6000, 0.0000, 803.9310, -1065.6400, 0.0000, 118, 90, 54
L 803.9310, -1065.6400, 0.0000, 816.0690, -1065.6400, 0.0000, 118, 90, 54
L 816.0690, -1065.6400, 0.0000, 815.7800, -1046.6000, 0.0000, 118, 90, 54
L 815.7800, -1046.6000, 0.0000, 804.2200, -1046.6000, 0.0000, 118, 90, 54
L 807.1100, -1046.6000, 0.0000, 806.5320, -1035.7200, 0.0000, 118, 90, 54
L 812.8900, -1046.6000, 0.0000, 813.7570, -1035.7200, 0.0000, 118, 90, 54
L 814.4200, -1072.1000, 0.0000, 813.5759, -1069.3021, 0.0000, 118, 90, 54
L 813.5759, -1069.3021, 0.0000, 811.3659, -1067.5730, 0.0000, 118, 90, 54
L 811.3659, -1067.5730, 0.0000, 808.6341, -1067.5730, 0.0000, 118, 90, 54
L 808.6341, -1067.5730, 0.0000, 806.4241, -1069.3021, 0.0000, 118, 90, 54
L 806.4241, -1069.3021, 0.0000, 805.5800, -1072.1000, 0.0000, 118, 90, 54
L 805.5800, -1072.1000, 0.0000, 806.4241, -1074.8979, 0.0000, 118, 90, 54
L 806.4241, -1074.8979, 0.0000, 808.6341, -1076.6270, 0.0000, 118, 90, 54
L 808.6341, -1076.6270, 0.0000, 811.3659, -1076.6270, 0.0000, 118, 90, 54
L 811.3659, -1076.6270, 0.0000, 813.5759, -1074.8979, 0.0000, 118, 90, 54
L 813.5759, -1074.8979, 0.0000, 814.4200, -1072.1000, 0.0000, 118, 90, 54
L 804.2200, -1074.8200, 0.0000, 806.6000, -1080.9400, 0.0000, 118, 90, 54
L 806.6000, -1080.9400, 0.0000, 813.4000, -1080.9400, 0.0000, 118, 90, 54
L 813.4000, -1080.9400, 0.0000, 815.7800, -1074.8200, 0.0000, 118, 90, 54
L 815.7800, -1074.8200, 0.0000, 804.2200, -1074.8200, 0.0000, 118, 90, 54
L 815.7800, -1078.9000, 0.0000, 820.2000, -1073.4600, 0.0000, 118, 90, 54
L 804.2200, -1052.0400, 0.0000, 815.7800, -1050.6800, 0.0000, 118, 90, 54
L 816.5859, -1057.4800, 0.0000, 818.0059, -1054.9867, 0.0000, 118, 90, 54
L 818.0059, -1054.9867, 0.0000, 819.5200, -1052.4933, 0.0000, 118, 90, 54
L 819.5200, -1052.4933, 0.0000, 821.0341, -1050.0000, 0.0000, 118, 90, 54
L 821.0341, -1050.0000, 0.0000, 822.4541, -1047.5067, 0.0000, 118, 90, 54
L 822.4541, -1047.5067, 0.0000, 823.6916, -1045.0133, 0.0000, 118, 90, 54
L 823.6916, -1045.0133, 0.0000, 824.6698, -1042.5200, 0.0000, 118, 90, 54
L 1313.2000, -900.0000, 0.0000, 1319.9200, -1042.8000, 0.0000, 176, 150, 104
L 1319.9200, -1042.8000, 0.0000, 1340.0800, -1042.8000, 0.0000, 176, 150, 104
L 1340.0800, -1042.8000, 0.0000, 1346.8000, -900.0000, 0.0000, 176, 150, 104
L 1346.8000, -900.0000, 0.0000, 1313.2000, -900.0000, 0.0000, 176, 150, 104
L 1319.6038, -1036.0800, 0.0000, 1340.3962, -1036.0800, 0.0000, 176, 150, 104
L 1318.9713, -1022.6400, 0.0000, 1341.0287, -1022.6400, 0.0000, 176, 150, 104
L 1318.3388, -1009.2000, 0.0000, 1341.6612, -1009.2000, 0.0000, 176, 150, 104
L 1317.7064, -995.7600, 0.0000, 1342.2936, -995.7600, 0.0000, 176, 150, 104
L 1317.0739, -982.3200, 0.0000, 1342.9261, -982.3200, 0.0000, 176, 150, 104
L 1316.4414, -968.8800, 0.0000, 1343.5586, -968.8800, 0.0000, 176, 150, 104
L 1315.8089, -955.4400, 0.0000, 1344.1911, -955.4400, 0.0000, 176, 150, 104
L 1315.1765, -942.0000, 0.0000, 1344.8235, -942.0000, 0.0000, 176, 150, 104
L 1314.5440, -928.5600, 0.0000, 1345.4560, -928.5600, 0.0000, 176, 150, 104
L 1313.9115, -915.1200, 0.0000, 1346.0885, -915.1200, 0.0000, 176, 150, 104
L 1313.2791, -901.6800, 0.0000, 1346.7209, -901.6800, 0.0000, 176, 150, 104
L 1343.4400, -908.4000, 0.0000, 1338.4000, -1041.1200, 0.0000, 140, 116, 78
L 1306.4800, -1042.8000, 0.0000, 1353.5200, -1042.8000, 0.0000, 140, 116, 78
L 1309.8400, -1051.2000, 0.0000, 1350.1600, -1051.2000, 0.0000, 140, 116, 78
L 1306.4800, -1042.8000, 0.0000, 1309.8400, -1051.2000, 0.0000, 140, 116, 78
L 1353.5200, -1042.8000, 0.0000, 1350.1600, -1051.2000, 0.0000, 140, 116, 78
L 1311.5200, -1051.2000, 0.0000, 1316.5600, -1076.4000, 0.0000, 140, 116, 78
L 1316.5600, -1076.4000, 0.0000, 1330.0000, -1093.2000, 0.0000, 140, 116, 78
L 1330.0000, -1093.2000, 0.0000, 1343.4400, -1076.4000, 0.0000, 140, 116, 78
L 1343.4400, -1076.4000, 0.0000, 1348.4800, -1051.2000, 0.0000, 140, 116, 78
L 1326.6400, -1089.0000, 0.0000, 1333.3600, -1089.0000, 0.0000, 140, 116, 78
L 1319.9200, -1080.6000, 0.0000, 1340.0800, -1080.6000, 0.0000, 140, 116, 78
L 1315.7200, -1072.2000, 0.0000, 1344.2800, -1072.2000, 0.0000, 140, 116, 78
L 1314.0400, -1063.8000, 0.0000, 1345.9600, -1063.8000, 0.0000, 140, 116, 78
L 1312.3600, -1055.4000, 0.0000, 1347.6400, -1055.4000, 0.0000, 140, 116, 78
L 1330.0000, -1093.2000, 0.0000, 1330.0000, -1108.3200, 0.0000, 130, 82, 12
L 1325.8000, -1101.6000, 0.0000, 1334.2000, -1101.6000, 0.0000, 130, 82, 12
L 1120.5000, -885.0000, 0.0000, 1239.5000, -885.0000, 0.0000, 176, 150, 104
L 1239.5000, -885.0000, 0.0000, 1239.5000, -909.5000, 0.0000, 176, 150, 104
L 1239.5000, -909.5000, 0.0000, 1120.5000, -909.5000, 0.0000, 176, 150, 104
L 1120.5000, -909.5000, 0.0000, 1120.5000, -885.0000, 0.0000, 176, 150, 104
L 1120.5000, -905.3000, 0.0000, 1239.5000, -905.3000, 0.0000, 176, 150, 104
L 1120.5000, -896.9000, 0.0000, 1239.5000, -896.9000, 0.0000, 176, 150, 104
L 1120.5000, -888.5000, 0.0000, 1239.5000, -888.5000, 0.0000, 176, 150, 104
L 1124.0000, -909.5000, 0.0000, 1125.9082, -922.5445, 0.0000, 140, 116, 78
L 1125.9082, -922.5445, 0.0000, 1131.5026, -934.7000, 0.0000, 140, 116, 78
L 1131.5026, -934.7000, 0.0000, 1140.4020, -945.1382, 0.0000, 140, 116, 78
L 1140.4020, -945.1382, 0.0000, 1152.0000, -953.1477, 0.0000, 140, 116, 78
L 1152.0000, -953.1477, 0.0000, 1165.5061, -958.1827, 0.0000, 140, 116, 78
L 1165.5061, -958.1827, 0.0000, 1180.0000, -959.9000, 0.0000, 140, 116, 78
L 1180.0000, -959.9000, 0.0000, 1194.4939, -958.1827, 0.0000, 140, 116, 78
L 1194.4939, -958.1827, 0.0000, 1208.0000, -953.1477, 0.0000, 140, 116, 78
L 1208.0000, -953.1477, 0.0000, 1219.5980, -945.1382, 0.0000, 140, 116, 78
L 1219.5980, -945.1382, 0.0000, 1228.4974, -934.7000, 0.0000, 140, 116, 78
L 1228.4974, -934.7000, 0.0000, 1234.0918, -922.5445, 0.0000, 140, 116, 78
L 1234.0918, -922.5445, 0.0000, 1236.0000, -909.5000, 0.0000, 140, 116, 78
L 1148.5000, -909.5000, 0.0000, 1172.1250, -958.5000, 0.0000, 140, 116, 78
L 1180.0000, -909.5000, 0.0000, 1180.0000, -958.5000, 0.0000, 140, 116, 78
L 1211.5000, -909.5000, 0.0000, 1187.8750, -958.5000, 0.0000, 140, 116, 78
L 1191.9313, -952.9000, 0.0000, 1203.2000, -952.9000, 0.0000, 140, 116, 78
L 1193.3940, -945.9000, 0.0000, 1211.5467, -945.9000, 0.0000, 140, 116, 78
L 1194.8567, -938.9000, 0.0000, 1215.9800, -938.9000, 0.0000, 140, 116, 78
L 1196.3194, -931.9000, 0.0000, 1220.4133, -931.9000, 0.0000, 140, 116, 78
L 1197.7821, -924.9000, 0.0000, 1224.8467, -924.9000, 0.0000, 140, 116, 78
L 1199.2448, -917.9000, 0.0000, 1229.2800, -917.9000, 0.0000, 140, 116, 78
L 1200.7075, -910.9000, 0.0000, 1233.7133, -910.9000, 0.0000, 140, 116, 78
L 1180.0000, -959.9000, 0.0000, 1180.0000, -970.4000, 0.0000, 130, 82, 12
L 745.8149, -1389.0502, 0.0000, 752.2308, -1389.0502, 0.0000, 96, 78, 54
L 747.0530, -1385.7106, 0.0000, 753.6286, -1385.7106, 0.0000, 96, 78, 54
L 748.2912, -1382.3710, 0.0000, 755.0265, -1382.3710, 0.0000, 96, 78, 54
L 749.2595, -1379.0314, 0.0000, 756.1545, -1379.0314, 0.0000, 96, 78, 54
L 750.1987, -1375.6918, 0.0000, 757.2535, -1375.6918, 0.0000, 96, 78, 54
L 751.0110, -1372.3522, 0.0000, 758.2255, -1372.3522, 0.0000, 96, 78, 54
L 751.5344, -1369.0126, 0.0000, 758.9086, -1369.0126, 0.0000, 96, 78, 54
L 752.0578, -1365.6730, 0.0000, 759.5917, -1365.6730, 0.0000, 96, 78, 54
L 752.6033, -1362.3334, 0.0000, 760.2969, -1362.3334, 0.0000, 96, 78, 54
L 753.1579, -1358.9938, 0.0000, 761.0113, -1358.9938, 0.0000, 96, 78, 54
L 753.7236, -1355.6542, 0.0000, 761.7367, -1355.6542, 0.0000, 96, 78, 54
L 754.3780, -1352.3146, 0.0000, 762.5508, -1352.3146, 0.0000, 96, 78, 54
L 755.0324, -1348.9750, 0.0000, 763.3649, -1348.9750, 0.0000, 96, 78, 54
L 755.3850, -1345.6354, 0.0000, 763.8772, -1345.6354, 0.0000, 96, 78, 54
L 755.4512, -1342.2958, 0.0000, 764.1032, -1342.2958, 0.0000, 96, 78, 54
L 755.5174, -1338.9562, 0.0000, 764.3291, -1338.9562, 0.0000, 96, 78, 54
L 755.5518, -1335.6166, 0.0000, 764.5232, -1335.6166, 0.0000, 96, 78, 54
L 755.5832, -1332.2770, 0.0000, 764.7143, -1332.2770, 0.0000, 96, 78, 54
L 755.6046, -1330.0000, 0.0000, 755.5230, -1338.6743, 0.0000, 70, 56, 38
L 764.8446, -1330.0000, 0.0000, 764.3481, -1338.6743, 0.0000, 96, 78, 54
L 755.5230, -1338.6743, 0.0000, 755.3511, -1347.3486, 0.0000, 70, 56, 38
L 764.3481, -1338.6743, 0.0000, 763.7613, -1347.3486, 0.0000, 96, 78, 54
L 755.3511, -1347.3486, 0.0000, 753.6514, -1356.0229, 0.0000, 70, 56, 38
L 763.7613, -1347.3486, 0.0000, 761.6468, -1356.0229, 0.0000, 96, 78, 54
L 753.6514, -1356.0229, 0.0000, 752.2107, -1364.6971, 0.0000, 70, 56, 38
L 761.6468, -1356.0229, 0.0000, 759.7913, -1364.6971, 0.0000, 96, 78, 54
L 752.2107, -1364.6971, 0.0000, 750.8513, -1373.3714, 0.0000, 70, 56, 38
L 759.7913, -1364.6971, 0.0000, 758.0170, -1373.3714, 0.0000, 96, 78, 54
L 750.8513, -1373.3714, 0.0000, 748.4117, -1382.0457, 0.0000, 70, 56, 38
L 758.0170, -1373.3714, 0.0000, 755.1626, -1382.0457, 0.0000, 96, 78, 54
L 748.4117, -1382.0457, 0.0000, 745.1959, -1390.7200, 0.0000, 70, 56, 38
L 755.1626, -1382.0457, 0.0000, 751.5319, -1390.7200, 0.0000, 96, 78, 54
L 755.5230, -1338.6743, 0.0000, 759.4943, -1337.4599, 0.0000, 70, 56, 38
L 753.6514, -1356.0229, 0.0000, 757.2493, -1354.8085, 0.0000, 70, 56, 38
L 750.8513, -1373.3714, 0.0000, 754.0759, -1372.1570, 0.0000, 70, 56, 38
L 755.5908, -1340.1200, 0.0000, 763.7748, -1340.1200, 0.0000, 70, 56, 38
L 754.6394, -1350.2400, 0.0000, 762.8234, -1350.2400, 0.0000, 70, 56, 38
L 753.0536, -1360.3600, 0.0000, 761.2376, -1360.3600, 0.0000, 70, 56, 38
L 750.8335, -1370.4800, 0.0000, 759.0175, -1370.4800, 0.0000, 70, 56, 38
L 747.9790, -1380.6000, 0.0000, 756.1630, -1380.6000, 0.0000, 70, 56, 38
L 725.9257, -1400.0498, 0.0000, 744.3694, -1400.0498, 0.0000, 68, 112, 56
L 718.9887, -1397.4098, 0.0000, 748.5823, -1397.4098, 0.0000, 68, 112, 56
L 714.2470, -1394.7698, 0.0000, 748.5823, -1394.7698, 0.0000, 68, 112, 56
L 710.5358, -1392.1298, 0.0000, 716.4629, -1392.1298, 0.0000, 68, 112, 56
L 729.4592, -1392.1298, 0.0000, 748.5823, -1392.1298, 0.0000, 68, 112, 56
L 737.4720, -1389.4898, 0.0000, 748.5823, -1389.4898, 0.0000, 68, 112, 56
L 742.5826, -1386.8498, 0.0000, 748.5823, -1386.8498, 0.0000, 68, 112, 56
L 746.5818, -1384.2098, 0.0000, 748.5823, -1384.2098, 0.0000, 68, 112, 56
L 748.5823, -1390.7200, 0.0000, 743.8265, -1393.1915, 0.0000, 68, 112, 56
L 743.8265, -1393.1915, 0.0000, 739.0707, -1394.9814, 0.0000, 68, 112, 56
L 739.0707, -1394.9814, 0.0000, 734.3149, -1396.0898, 0.0000, 68, 112, 56
L 734.3149, -1396.0898, 0.0000, 729.5591, -1396.5166, 0.0000, 68, 112, 56
L 729.5591, -1396.5166, 0.0000, 724.8033, -1396.2620, 0.0000, 68, 112, 56
L 724.8033, -1396.2620, 0.0000, 720.0475, -1395.3258, 0.0000, 68, 112, 56
L 720.0475, -1395.3258, 0.0000, 715.2917, -1393.7081, 0.0000, 68, 112, 56
L 715.2917, -1393.7081, 0.0000, 710.5358, -1391.4089, 0.0000, 68, 112, 56
L 728.9754, -1405.3306, 0.0000, 740.0268, -1405.3306, 0.0000, 96, 140, 84
L 724.7403, -1402.6906, 0.0000, 744.3139, -1402.6906, 0.0000, 96, 140, 84
L 721.8426, -1400.0506, 0.0000, 747.1820, -1400.0506, 0.0000, 96, 140, 84
L 735.7689, -1397.4106, 0.0000, 748.5823, -1397.4106, 0.0000, 96, 140, 84
L 739.2168, -1394.7706, 0.0000, 748.5823, -1394.7706, 0.0000, 96, 140, 84
L 741.8937, -1392.1306, 0.0000, 748.5823, -1392.1306, 0.0000, 96, 140, 84
L 743.9933, -1389.4906, 0.0000, 748.5823, -1389.4906, 0.0000, 96, 140, 84
L 745.9374, -1386.8506, 0.0000, 748.5823, -1386.8506, 0.0000, 96, 140, 84
L 747.6612, -1384.2106, 0.0000, 748.5823, -1384.2106, 0.0000, 96, 140, 84
L 748.5823, -1390.7200, 0.0000, 745.2239, -1394.9833, 0.0000, 68, 112, 56
L 745.2239, -1394.9833, 0.0000, 741.8654, -1398.3262, 0.0000, 68, 112, 56
L 741.8654, -1398.3262, 0.0000, 738.5070, -1400.7486, 0.0000, 68, 112, 56
L 738.5070, -1400.7486, 0.0000, 735.1486, -1402.2506, 0.0000, 68, 112, 56
L 735.1486, -1402.2506, 0.0000, 731.7901, -1402.8322, 0.0000, 68, 112, 56
L 731.7901, -1402.8322, 0.0000, 728.4317, -1402.4933, 0.0000, 68, 112, 56
L 728.4317, -1402.4933, 0.0000, 725.0732, -1401.2340, 0.0000, 68, 112, 56
L 725.0732, -1401.2340, 0.0000, 721.7148, -1399.0542, 0.0000, 68, 112, 56
L 741.0511, -1408.7310, 0.0000, 744.8748, -1408.7310, 0.0000, 68, 112, 56
L 739.6537, -1406.0910, 0.0000, 746.2638, -1406.0910, 0.0000, 68, 112, 56
L 738.9048, -1403.4510, 0.0000, 739.8595, -1403.4510, 0.0000, 68, 112, 56
L 741.9272, -1403.4510, 0.0000, 747.2207, -1403.4510, 0.0000, 68, 112, 56
L 743.8519, -1400.8110, 0.0000, 747.9843, -1400.8110, 0.0000, 68, 112, 56
L 744.9210, -1398.1710, 0.0000, 748.5823, -1398.1710, 0.0000, 68, 112, 56
L 745.7195, -1395.5310, 0.0000, 748.5823, -1395.5310, 0.0000, 68, 112, 56
L 746.4378, -1392.8910, 0.0000, 748.5823, -1392.8910, 0.0000, 68, 112, 56
L 747.0643, -1390.2510, 0.0000, 748.5823, -1390.2510, 0.0000, 68, 112, 56
L 747.6363, -1387.6110, 0.0000, 748.5823, -1387.6110, 0.0000, 68, 112, 56
L 748.5823, -1390.7200, 0.0000, 747.3726, -1395.9921, 0.0000, 68, 112, 56
L 747.3726, -1395.9921, 0.0000, 746.1629, -1400.2093, 0.0000, 68, 112, 56
L 746.1629, -1400.2093, 0.0000, 744.9532, -1403.3715, 0.0000, 68, 112, 56
L 744.9532, -1403.3715, 0.0000, 743.7435, -1405.4787, 0.0000, 68, 112, 56
L 743.7435, -1405.4787, 0.0000, 742.5338, -1406.5310, 0.0000, 68, 112, 56
L 742.5338, -1406.5310, 0.0000, 741.3241, -1406.5284, 0.0000, 68, 112, 56
L 741.3241, -1406.5284, 0.0000, 740.1145, -1405.4708, 0.0000, 68, 112, 56
L 740.1145, -1405.4708, 0.0000, 738.9048, -1403.3583, 0.0000, 68, 112, 56
L 752.2898, -1408.7310, 0.0000, 756.1135, -1408.7310, 0.0000, 96, 140, 84
L 750.9008, -1406.0910, 0.0000, 757.5109, -1406.0910, 0.0000, 96, 140, 84
L 749.9439, -1403.4510, 0.0000, 755.2374, -1403.4510, 0.0000, 96, 140, 84
L 757.3051, -1403.4510, 0.0000, 758.2598, -1403.4510, 0.0000, 96, 140, 84
L 749.1803, -1400.8110, 0.0000, 753.3127, -1400.8110, 0.0000, 96, 140, 84
L 748.5823, -1398.1710, 0.0000, 752.2436, -1398.1710, 0.0000, 96, 140, 84
L 748.5823, -1395.5310, 0.0000, 751.4451, -1395.5310, 0.0000, 96, 140, 84
L 748.5823, -1392.8910, 0.0000, 750.7268, -1392.8910, 0.0000, 96, 140, 84
L 748.5823, -1390.2510, 0.0000, 750.1003, -1390.2510, 0.0000, 96, 140, 84
L 748.5823, -1387.6110, 0.0000, 749.5283, -1387.6110, 0.0000, 96, 140, 84
L 748.5823, -1390.7200, 0.0000, 749.7920, -1395.9921, 0.0000, 68, 112, 56
L 749.7920, -1395.9921, 0.0000, 751.0017, -1400.2093, 0.0000, 68, 112, 56
L 751.0017, -1400.2093, 0.0000, 752.2114, -1403.3715, 0.0000, 68, 112, 56
L 752.2114, -1403.3715, 0.0000, 753.4211, -1405.4787, 0.0000, 68, 112, 56
L 753.4211, -1405.4787, 0.0000, 754.6308, -1406.5310, 0.0000, 68, 112, 56
L 754.6308, -1406.5310, 0.0000, 755.8405, -1406.5284, 0.0000, 68, 112, 56
L 755.8405, -1406.5284, 0.0000, 757.0501, -1405.4708, 0.0000, 68, 112, 56
L 757.0501, -1405.4708, 0.0000, 758.2598, -1403.3583, 0.0000, 68, 112, 56
L 757.1378, -1405.3306, 0.0000, 768.1892, -1405.3306, 0.0000, 68, 112, 56
L 752.8507, -1402.6906, 0.0000, 772.4243, -1402.6906, 0.0000, 68, 112, 56
L 749.9826, -1400.0506, 0.0000, 775.3220, -1400.0506, 0.0000, 68, 112, 56
L 748.5823, -1397.4106, 0.0000, 761.3957, -1397.4106, 0.0000, 68, 112, 56
L 748.5823, -1394.7706, 0.0000, 757.9478, -1394.7706, 0.0000, 68, 112, 56
L 748.5823, -1392.1306, 0.0000, 755.2709, -1392.1306, 0.0000, 68, 112, 56
L 748.5823, -1389.4906, 0.0000, 753.1713, -1389.4906, 0.0000, 68, 112, 56
L 748.5823, -1386.8506, 0.0000, 751.2272, -1386.8506, 0.0000, 68, 112, 56
L 748.5823, -1384.2106, 0.0000, 749.5034, -1384.2106, 0.0000, 68, 112, 56
L 748.5823, -1390.7200, 0.0000, 751.9407, -1394.9833, 0.0000, 68, 112, 56
L 751.9407, -1394.9833, 0.0000, 755.2992, -1398.3262, 0.0000, 68, 112, 56
L 755.2992, -1398.3262, 0.0000, 758.6576, -1400.7486, 0.0000, 68, 112, 56
L 758.6576, -1400.7486, 0.0000, 762.0160, -1402.2506, 0.0000, 68, 112, 56
L 762.0160, -1402.2506, 0.0000, 765.3745, -1402.8322, 0.0000, 68, 112, 56
L 765.3745, -1402.8322, 0.0000, 768.7329, -1402.4933, 0.0000, 68, 112, 56
L 768.7329, -1402.4933, 0.0000, 772.0914, -1401.2340, 0.0000, 68, 112, 56
L 772.0914, -1401.2340, 0.0000, 775.4498, -1399.0542, 0.0000, 68, 112, 56
L 752.7952, -1400.0498, 0.0000, 771.2389, -1400.0498, 0.0000, 96, 140, 84
L 748.5823, -1397.4098, 0.0000, 778.1759, -1397.4098, 0.0000, 96, 140, 84
L 748.5823, -1394.7698, 0.0000, 782.9176, -1394.7698, 0.0000, 96, 140, 84
L 748.5823, -1392.1298, 0.0000, 767.7054, -1392.1298, 0.0000, 96, 140, 84
L 780.7017, -1392.1298, 0.0000, 786.6288, -1392.1298, 0.0000, 96, 140, 84
L 748.5823, -1389.4898, 0.0000, 759.6926, -1389.4898, 0.0000, 96, 140, 84
L 748.5823, -1386.8498, 0.0000, 754.5820, -1386.8498, 0.0000, 96, 140, 84
L 748.5823, -1384.2098, 0.0000, 750.5828, -1384.2098, 0.0000, 96, 140, 84
L 748.5823, -1390.7200, 0.0000, 753.3381, -1393.1915, 0.0000, 68, 112, 56
L 753.3381, -1393.1915, 0.0000, 758.0939, -1394.9814, 0.0000, 68, 112, 56
L 758.0939, -1394.9814, 0.0000, 762.8497, -1396.0898, 0.0000, 68, 112, 56
L 762.8497, -1396.0898, 0.0000, 767.6055, -1396.5166, 0.0000, 68, 112, 56
L 767.6055, -1396.5166, 0.0000, 772.3613, -1396.2620, 0.0000, 68, 112, 56
L 772.3613, -1396.2620, 0.0000, 777.1171, -1395.3258, 0.0000, 68, 112, 56
L 777.1171, -1395.3258, 0.0000, 781.8729, -1393.7081, 0.0000, 68, 112, 56
L 781.8729, -1393.7081, 0.0000, 786.6288, -1391.4089, 0.0000, 68, 112, 56
L 751.6522, -1388.1465, 0.0000, 755.1134, -1388.1465, 0.0000, 96, 78, 54
L 750.9229, -1386.1665, 0.0000, 755.5583, -1386.1665, 0.0000, 96, 78, 54
L 755.8766, -1386.7600, 0.0000, 755.4332, -1385.9332, 0.0000, 96, 78, 54
L 755.4332, -1385.9332, 0.0000, 755.1529, -1385.0147, 0.0000, 96, 78, 54
L 755.1529, -1385.0147, 0.0000, 754.0302, -1384.9716, 0.0000, 96, 78, 54
L 754.0302, -1384.9716, 0.0000, 753.2023, -1384.7396, 0.0000, 96, 78, 54
L 753.2023, -1384.7396, 0.0000, 752.1038, -1384.3872, 0.0000, 96, 78, 54
L 752.1038, -1384.3872, 0.0000, 751.5195, -1385.2543, 0.0000, 96, 78, 54
L 751.5195, -1385.2543, 0.0000, 751.0851, -1385.9753, 0.0000, 96, 78, 54
L 751.0851, -1385.9753, 0.0000, 750.4196, -1386.7600, 0.0000, 96, 78, 54
L 750.4196, -1386.7600, 0.0000, 750.7754, -1387.6594, 0.0000, 96, 78, 54
L 750.7754, -1387.6594, 0.0000, 751.6525, -1388.1466, 0.0000, 96, 78, 54
L 751.6525, -1388.1466, 0.0000, 752.2248, -1388.8715, 0.0000, 96, 78, 54
L 752.2248, -1388.8715, 0.0000, 753.2023, -1389.1365, 0.0000, 96, 78, 54
L 753.2023, -1389.1365, 0.0000, 754.0463, -1388.5831, 0.0000, 96, 78, 54
L 754.0463, -1388.5831, 0.0000, 755.0726, -1388.4334, 0.0000, 96, 78, 54
L 755.0726, -1388.4334, 0.0000, 755.2049, -1387.5022, 0.0000, 96, 78, 54
L 755.2049, -1387.5022, 0.0000, 755.8766, -1386.7600, 0.0000, 96, 78, 54
L 751.5723, -1385.1760, 0.0000, 755.2021, -1385.1760, 0.0000, 70, 56, 38
L 744.7409, -1385.8357, 0.0000, 747.7775, -1385.8357, 0.0000, 96, 78, 54
L 743.7311, -1383.8557, 0.0000, 748.3018, -1383.8557, 0.0000, 96, 78, 54
L 748.6332, -1384.4737, 0.0000, 748.2417, -1383.7438, 0.0000, 96, 78, 54
L 748.2417, -1383.7438, 0.0000, 747.8570, -1383.0558, 0.0000, 96, 78, 54
L 747.8570, -1383.0558, 0.0000, 747.3972, -1382.0438, 0.0000, 96, 78, 54
L 747.3972, -1382.0438, 0.0000, 746.2723, -1382.3075, 0.0000, 96, 78, 54
L 746.2723, -1382.3075, 0.0000, 745.1431, -1382.0345, 0.0000, 96, 78, 54
L 745.1431, -1382.0345, 0.0000, 744.5380, -1382.9220, 0.0000, 96, 78, 54
L 744.5380, -1382.9220, 0.0000, 743.8655, -1383.5817, 0.0000, 96, 78, 54
L 743.8655, -1383.5817, 0.0000, 743.4279, -1384.4737, 0.0000, 96, 78, 54
L 743.4279, -1384.4737, 0.0000, 743.7993, -1385.3902, 0.0000, 96, 78, 54
L 743.7993, -1385.3902, 0.0000, 744.7469, -1385.8385, 0.0000, 96, 78, 54
L 744.7469, -1385.8385, 0.0000, 745.2818, -1386.6134, 0.0000, 96, 78, 54
L 745.2818, -1386.6134, 0.0000, 746.2723, -1386.8257, 0.0000, 96, 78, 54
L 746.2723, -1386.8257, 0.0000, 747.1219, -1386.3089, 0.0000, 96, 78, 54
L 747.1219, -1386.3089, 0.0000, 747.7870, -1385.8289, 0.0000, 96, 78, 54
L 747.7870, -1385.8289, 0.0000, 748.9020, -1385.4483, 0.0000, 96, 78, 54
L 748.9020, -1385.4483, 0.0000, 748.6332, -1384.4737, 0.0000, 96, 78, 54
L 744.5601, -1382.8897, 0.0000, 747.7816, -1382.8897, 0.0000, 70, 56, 38
L 744.7316, -1390.3089, 0.0000, 747.9298, -1390.3089, 0.0000, 96, 78, 54
L 743.8013, -1388.3289, 0.0000, 748.3620, -1388.3289, 0.0000, 96, 78, 54
L 748.7927, -1389.0463, 0.0000, 748.3340, -1388.2822, 0.0000, 96, 78, 54
L 748.3340, -1388.2822, 0.0000, 748.0155, -1387.4866, 0.0000, 96, 78, 54
L 748.0155, -1387.4866, 0.0000, 747.1347, -1387.1835, 0.0000, 96, 78, 54
L 747.1347, -1387.1835, 0.0000, 746.2723, -1386.5614, 0.0000, 96, 78, 54
L 746.2723, -1386.5614, 0.0000, 745.3124, -1386.9728, 0.0000, 96, 78, 54
L 745.3124, -1386.9728, 0.0000, 744.7527, -1387.6867, 0.0000, 96, 78, 54
L 744.7527, -1387.6867, 0.0000, 743.6898, -1388.0892, 0.0000, 96, 78, 54
L 743.6898, -1388.0892, 0.0000, 744.1349, -1389.0463, 0.0000, 96, 78, 54
L 744.1349, -1389.0463, 0.0000, 744.1382, -1389.8372, 0.0000, 96, 78, 54
L 744.1382, -1389.8372, 0.0000, 744.8002, -1390.3634, 0.0000, 96, 78, 54
L 744.8002, -1390.3634, 0.0000, 745.2295, -1391.2989, 0.0000, 96, 78, 54
L 745.2295, -1391.2989, 0.0000, 746.2723, -1390.9784, 0.0000, 96, 78, 54
L 746.2723, -1390.9784, 0.0000, 747.2410, -1391.1387, 0.0000, 96, 78, 54
L 747.2410, -1391.1387, 0.0000, 747.7859, -1390.4006, 0.0000, 96, 78, 54
L 747.7859, -1390.4006, 0.0000, 748.5731, -1389.8990, 0.0000, 96, 78, 54
L 748.5731, -1389.8990, 0.0000, 748.7927, -1389.0463, 0.0000, 96, 78, 54
L 744.9286, -1387.4623, 0.0000, 747.9448, -1387.4623, 0.0000, 70, 56, 38
L 1438.7627, -1291.8926, 0.0000, 1444.4009, -1291.8926, 0.0000, 96, 78, 54
L 1437.4138, -1288.9578, 0.0000, 1443.1923, -1288.9578, 0.0000, 96, 78, 54
L 1436.0648, -1286.0230, 0.0000, 1441.9837, -1286.0230, 0.0000, 96, 78, 54
L 1435.0110, -1283.0882, 0.0000, 1441.0702, -1283.0882, 0.0000, 96, 78, 54
L 1433.9889, -1280.1534, 0.0000, 1440.1886, -1280.1534, 0.0000, 96, 78, 54
L 1432.9024, -1277.2186, 0.0000, 1439.2424, -1277.2186, 0.0000, 96, 78, 54
L 1431.6691, -1274.2838, 0.0000, 1438.1494, -1274.2838, 0.0000, 96, 78, 54
L 1430.4357, -1271.3490, 0.0000, 1437.0564, -1271.3490, 0.0000, 96, 78, 54
L 1429.8208, -1268.4142, 0.0000, 1436.5819, -1268.4142, 0.0000, 96, 78, 54
L 1429.4613, -1265.4794, 0.0000, 1436.3627, -1265.4794, 0.0000, 96, 78, 54
L 1429.0480, -1262.5446, 0.0000, 1436.0897, -1262.5446, 0.0000, 96, 78, 54
L 1428.2006, -1259.6098, 0.0000, 1435.3827, -1259.6098, 0.0000, 96, 78, 54
L 1427.3532, -1256.6750, 0.0000, 1434.6757, -1256.6750, 0.0000, 96, 78, 54
L 1426.8722, -1253.7402, 0.0000, 1434.3351, -1253.7402, 0.0000, 96, 78, 54
L 1426.7390, -1250.8054, 0.0000, 1434.3422, -1250.8054, 0.0000, 96, 78, 54
L 1426.6058, -1247.8706, 0.0000, 1434.3494, -1247.8706, 0.0000, 96, 78, 54
L 1426.1961, -1244.9358, 0.0000, 1434.0800, -1244.9358, 0.0000, 96, 78, 54
L 1425.7609, -1242.0010, 0.0000, 1433.7852, -1242.0010, 0.0000, 96, 78, 54
L 1425.4642, -1240.0000, 0.0000, 1426.5945, -1247.6229, 0.0000, 70, 56, 38
L 1433.5842, -1240.0000, 0.0000, 1434.3500, -1247.6229, 0.0000, 96, 78, 54
L 1426.5945, -1247.6229, 0.0000, 1426.9406, -1255.2457, 0.0000, 70, 56, 38
L 1434.3500, -1247.6229, 0.0000, 1434.3314, -1255.2457, 0.0000, 96, 78, 54
L 1426.9406, -1255.2457, 0.0000, 1429.1415, -1262.8686, 0.0000, 70, 56, 38
L 1434.3314, -1255.2457, 0.0000, 1436.1678, -1262.8686, 0.0000, 96, 78, 54
L 1429.1415, -1262.8686, 0.0000, 1430.0753, -1270.4914, 0.0000, 70, 56, 38
L 1436.1678, -1262.8686, 0.0000, 1436.7370, -1270.4914, 0.0000, 96, 78, 54
L 1430.0753, -1270.4914, 0.0000, 1433.2788, -1278.1143, 0.0000, 70, 56, 38
L 1436.7370, -1270.4914, 0.0000, 1439.5760, -1278.1143, 0.0000, 96, 78, 54
L 1433.2788, -1278.1143, 0.0000, 1435.9334, -1285.7371, 0.0000, 70, 56, 38
L 1439.5760, -1278.1143, 0.0000, 1441.8660, -1285.7371, 0.0000, 96, 78, 54
L 1435.9334, -1285.7371, 0.0000, 1439.4372, -1293.3600, 0.0000, 70, 56, 38
L 1441.8660, -1285.7371, 0.0000, 1445.0052, -1293.3600, 0.0000, 96, 78, 54
L 1426.5945, -1247.6229, 0.0000, 1430.0845, -1246.5557, 0.0000, 70, 56, 38
L 1429.1415, -1262.8686, 0.0000, 1432.3033, -1261.8014, 0.0000, 70, 56, 38
L 1433.2788, -1278.1143, 0.0000, 1436.1126, -1277.0471, 0.0000, 70, 56, 38
L 1426.7338, -1248.8933, 0.0000, 1433.9258, -1248.8933, 0.0000, 70, 56, 38
L 1427.7232, -1257.7867, 0.0000, 1434.9152, -1257.7867, 0.0000, 70, 56, 38
L 1429.3722, -1266.6800, 0.0000, 1436.5642, -1266.6800, 0.0000, 70, 56, 38
L 1431.6809, -1275.5733, 0.0000, 1438.8729, -1275.5733, 0.0000, 70, 56, 38
L 1434.6491, -1284.4667, 0.0000, 1441.8411, -1284.4667, 0.0000, 70, 56, 38
L 1421.9626, -1301.5589, 0.0000, 1438.1707, -1301.5589, 0.0000, 68, 112, 56
L 1415.8665, -1299.2389, 0.0000, 1441.8730, -1299.2389, 0.0000, 68, 112, 56
L 1411.6996, -1296.9189, 0.0000, 1441.8730, -1296.9189, 0.0000, 68, 112, 56
L 1408.4382, -1294.5989, 0.0000, 1413.6468, -1294.5989, 0.0000, 68, 112, 56
L 1425.0679, -1294.5989, 0.0000, 1441.8730, -1294.5989, 0.0000, 68, 112, 56
L 1432.1094, -1292.2789, 0.0000, 1441.8730, -1292.2789, 0.0000, 68, 112, 56
L 1436.6005, -1289.9589, 0.0000, 1441.8730, -1289.9589, 0.0000, 68, 112, 56
L 1440.1150, -1287.6389, 0.0000, 1441.8730, -1287.6389, 0.0000, 68, 112, 56
L 1441.8730, -1293.3600, 0.0000, 1437.6936, -1295.5319, 0.0000, 68, 112, 56
L 1437.6936, -1295.5319, 0.0000, 1433.5143, -1297.1048, 0.0000, 68, 112, 56
L 1433.5143, -1297.1048, 0.0000, 1429.3349, -1298.0789, 0.0000, 68, 112, 56
L 1429.3349, -1298.0789, 0.0000, 1425.1556, -1298.4540, 0.0000, 68, 112, 56
L 1425.1556, -1298.4540, 0.0000, 1420.9763, -1298.2302, 0.0000, 68, 112, 56
L 1420.9763, -1298.2302, 0.0000, 1416.7969, -1297.4075, 0.0000, 68, 112, 56
L 1416.7969, -1297.4075, 0.0000, 1412.6176, -1295.9859, 0.0000, 68, 112, 56
L 1412.6176, -1295.9859, 0.0000, 1408.4382, -1293.9654, 0.0000, 68, 112, 56
L 1424.6427, -1306.1996, 0.0000, 1434.3545, -1306.1996, 0.0000, 96, 140, 84
L 1420.9209, -1303.8796, 0.0000, 1438.1220, -1303.8796, 0.0000, 96, 140, 84
L 1418.3745, -1301.5596, 0.0000, 1440.6425, -1301.5596, 0.0000, 96, 140, 84
L 1430.6127, -1299.2396, 0.0000, 1441.8730, -1299.2396, 0.0000, 96, 140, 84
L 1433.6427, -1296.9196, 0.0000, 1441.8730, -1296.9196, 0.0000, 96, 140, 84
L 1435.9951, -1294.5996, 0.0000, 1441.8730, -1294.5996, 0.0000, 96, 140, 84
L 1437.8402, -1292.2796, 0.0000, 1441.8730, -1292.2796, 0.0000, 96, 140, 84
L 1439.5486, -1289.9596, 0.0000, 1441.8730, -1289.9596, 0.0000, 96, 140, 84
L 1441.0635, -1287.6396, 0.0000, 1441.8730, -1287.6396, 0.0000, 96, 140, 84
L 1441.8730, -1293.3600, 0.0000, 1438.9216, -1297.1066, 0.0000, 68, 112, 56
L 1438.9216, -1297.1066, 0.0000, 1435.9703, -1300.0442, 0.0000, 68, 112, 56
L 1435.9703, -1300.0442, 0.0000, 1433.0189, -1302.1730, 0.0000, 68, 112, 56
L 1433.0189, -1302.1730, 0.0000, 1430.0676, -1303.4930, 0.0000, 68, 112, 56
L 1430.0676, -1303.4930, 0.0000, 1427.1162, -1304.0040, 0.0000, 68, 112, 56
L 1427.1162, -1304.0040, 0.0000, 1424.1649, -1303.7062, 0.0000, 68, 112, 56
L 1424.1649, -1303.7062, 0.0000, 1421.2135, -1302.5995, 0.0000, 68, 112, 56
L 1421.2135, -1302.5995, 0.0000, 1418.2622, -1300.6840, 0.0000, 68, 112, 56
L 1435.2546, -1309.1879, 0.0000, 1438.6149, -1309.1879, 0.0000, 68, 112, 56
L 1434.0266, -1306.8679, 0.0000, 1439.8355, -1306.8679, 0.0000, 68, 112, 56
L 1433.3685, -1304.5479, 0.0000, 1434.2075, -1304.5479, 0.0000, 68, 112, 56
L 1436.0245, -1304.5479, 0.0000, 1440.6765, -1304.5479, 0.0000, 68, 112, 56
L 1437.7160, -1302.2279, 0.0000, 1441.3475, -1302.2279, 0.0000, 68, 112, 56
L 1438.6555, -1299.9079, 0.0000, 1441.8730, -1299.9079, 0.0000, 68, 112, 56
L 1439.3572, -1297.5879, 0.0000, 1441.8730, -1297.5879, 0.0000, 68, 112, 56
L 1439.9884, -1295.2679, 0.0000, 1441.8730, -1295.2679, 0.0000, 68, 112, 56
L 1440.5390, -1292.9479, 0.0000, 1441.8730, -1292.9479, 0.0000, 68, 112, 56
L 1441.0416, -1290.6279, 0.0000, 1441.8730, -1290.6279, 0.0000, 68, 112, 56
L 1441.8730, -1293.3600, 0.0000, 1440.8099, -1297.9931, 0.0000, 68, 112, 56
L 1440.8099, -1297.9931, 0.0000, 1439.7469, -1301.6990, 0.0000, 68, 112, 56
L 1439.7469, -1301.6990, 0.0000, 1438.6838, -1304.4780, 0.0000, 68, 112, 56
L 1438.6838, -1304.4780, 0.0000, 1437.6207, -1306.3298, 0.0000, 68, 112, 56
L 1437.6207, -1306.3298, 0.0000, 1436.5577, -1307.2546, 0.0000, 68, 112, 56
L 1436.5577, -1307.2546, 0.0000, 1435.4946, -1307.2522, 0.0000, 68, 112, 56
L 1435.4946, -1307.2522, 0.0000, 1434.4315, -1306.3229, 0.0000, 68, 112, 56
L 1434.4315, -1306.3229, 0.0000, 1433.3685, -1304.4664, 0.0000, 68, 112, 56
L 1445.1311, -1309.1879, 0.0000, 1448.4913, -1309.1879, 0.0000, 96, 140, 84
L 1443.9105, -1306.8679, 0.0000, 1449.7193, -1306.8679, 0.0000, 96, 140, 84
L 1443.0695, -1304.5479, 0.0000, 1447.7214, -1304.5479, 0.0000, 96, 140, 84
L 1449.5385, -1304.5479, 0.0000, 1450.3775, -1304.5479, 0.0000, 96, 140, 84
L 1442.3985, -1302.2279, 0.0000, 1446.0300, -1302.2279, 0.0000, 96, 140, 84
L 1441.8730, -1299.9079, 0.0000, 1445.0905, -1299.9079, 0.0000, 96, 140, 84
L 1441.8730, -1297.5879, 0.0000, 1444.3888, -1297.5879, 0.0000, 96, 140, 84
L 1441.8730, -1295.2679, 0.0000, 1443.7575, -1295.2679, 0.0000, 96, 140, 84
L 1441.8730, -1292.9479, 0.0000, 1443.2069, -1292.9479, 0.0000, 96, 140, 84
L 1441.8730, -1290.6279, 0.0000, 1442.7043, -1290.6279, 0.0000, 96, 140, 84
L 1441.8730, -1293.3600, 0.0000, 1442.9360, -1297.9931, 0.0000, 68, 112, 56
L 1442.9360, -1297.9931, 0.0000, 1443.9991, -1301.6990, 0.0000, 68, 112, 56
L 1443.9991, -1301.6990, 0.0000, 1445.0622, -1304.4780, 0.0000, 68, 112, 56
L 1445.0622, -1304.4780, 0.0000, 1446.1252, -1306.3298, 0.0000, 68, 112, 56
L 1446.1252, -1306.3298, 0.0000, 1447.1883, -1307.2546, 0.0000, 68, 112, 56
L 1447.1883, -1307.2546, 0.0000, 1448.2514, -1307.2522, 0.0000, 68, 112, 56
L 1448.2514, -1307.2522, 0.0000, 1449.3144, -1306.3229, 0.0000, 68, 112, 56
L 1449.3144, -1306.3229, 0.0000, 1450.3775, -1304.4664, 0.0000, 68, 112, 56
L 1449.3914, -1306.1996, 0.0000, 1459.1033, -1306.1996, 0.0000, 68, 112, 56
L 1445.6240, -1303.8796, 0.0000, 1462.8250, -1303.8796, 0.0000, 68, 112, 56
L 1443.1035, -1301.5596, 0.0000, 1465.3715, -1301.5596, 0.0000, 68, 112, 56
L 1441.8730, -1299.2396, 0.0000, 1453.1332, -1299.2396, 0.0000, 68, 112, 56
L 1441.8730, -1296.9196, 0.0000, 1450.1032, -1296.9196, 0.0000, 68, 112, 56
L 1441.8730, -1294.5996, 0.0000, 1447.7508, -1294.5996, 0.0000, 68, 112, 56
L 1441.8730, -1292.2796, 0.0000, 1445.9057, -1292.2796, 0.0000, 68, 112, 56
L 1441.8730, -1289.9596, 0.0000, 1444.1973, -1289.9596, 0.0000, 68, 112, 56
L 1441.8730, -1287.6396, 0.0000, 1442.6824, -1287.6396, 0.0000, 68, 112, 56
L 1441.8730, -1293.3600, 0.0000, 1444.8243, -1297.1066, 0.0000, 68, 112, 56
L 1444.8243, -1297.1066, 0.0000, 1447.7757, -1300.0442, 0.0000, 68, 112, 56
L 1447.7757, -1300.0442, 0.0000, 1450.7270, -1302.1730, 0.0000, 68, 112, 56
L 1450.7270, -1302.1730, 0.0000, 1453.6784, -1303.4930, 0.0000, 68, 112, 56
L 1453.6784, -1303.4930, 0.0000, 1456.6297, -1304.0040, 0.0000, 68, 112, 56
L 1456.6297, -1304.0040, 0.0000, 1459.5811, -1303.7062, 0.0000, 68, 112, 56
L 1459.5811, -1303.7062, 0.0000, 1462.5325, -1302.5995, 0.0000, 68, 112, 56
L 1462.5325, -1302.5995, 0.0000, 1465.4838, -1300.6840, 0.0000, 68, 112, 56
L 1445.5752, -1301.5589, 0.0000, 1461.7834, -1301.5589, 0.0000, 96, 140, 84
L 1441.8730, -1299.2389, 0.0000, 1467.8794, -1299.2389, 0.0000, 96, 140, 84
L 1441.8730, -1296.9189, 0.0000, 1472.0464, -1296.9189, 0.0000, 96, 140, 84
L 1441.8730, -1294.5989, 0.0000, 1458.6781, -1294.5989, 0.0000, 96, 140, 84
L 1470.0992, -1294.5989, 0.0000, 1475.3077, -1294.5989, 0.0000, 96, 140, 84
L 1441.8730, -1292.2789, 0.0000, 1451.6366, -1292.2789, 0.0000, 96, 140, 84
L 1441.8730, -1289.9589, 0.0000, 1447.1454, -1289.9589, 0.0000, 96, 140, 84
L 1441.8730, -1287.6389, 0.0000, 1443.6310, -1287.6389, 0.0000, 96, 140, 84
L 1441.8730, -1293.3600, 0.0000, 1446.0523, -1295.5319, 0.0000, 68, 112, 56
L 1446.0523, -1295.5319, 0.0000, 1450.2317, -1297.1048, 0.0000, 68, 112, 56
L 1450.2317, -1297.1048, 0.0000, 1454.4110, -1298.0789, 0.0000, 68, 112, 56
L 1454.4110, -1298.0789, 0.0000, 1458.5904, -1298.4540, 0.0000, 68, 112, 56
L 1458.5904, -1298.4540, 0.0000, 1462.7697, -1298.2302, 0.0000, 68, 112, 56
L 1462.7697, -1298.2302, 0.0000, 1466.9491, -1297.4075, 0.0000, 68, 112, 56
L 1466.9491, -1297.4075, 0.0000, 1471.1284, -1295.9859, 0.0000, 68, 112, 56
L 1471.1284, -1295.9859, 0.0000, 1475.3077, -1293.9654, 0.0000, 68, 112, 56
L 1444.4790, -1291.1105, 0.0000, 1447.5648, -1291.1105, 0.0000, 96, 78, 54
L 1443.5530, -1289.3705, 0.0000, 1447.9710, -1289.3705, 0.0000, 96, 78, 54
L 1448.5336, -1289.8800, 0.0000, 1447.7784, -1289.1961, 0.0000, 96, 78, 54
L 1447.7784, -1289.1961, 0.0000, 1447.4006, -1288.5669, 0.0000, 96, 78, 54
L 1447.4006, -1288.5669, 0.0000, 1446.8396, -1287.9216, 0.0000, 96, 78, 54
L 1446.8396, -1287.9216, 0.0000, 1445.9330, -1288.0638, 0.0000, 96, 78, 54
L 1445.9330, -1288.0638, 0.0000, 1445.1614, -1288.2133, 0.0000, 96, 78, 54
L 1445.1614, -1288.2133, 0.0000, 1444.5268, -1288.6218, 0.0000, 96, 78, 54
L 1444.5268, -1288.6218, 0.0000, 1443.6344, -1289.0281, 0.0000, 96, 78, 54
L 1443.6344, -1289.0281, 0.0000, 1443.4318, -1289.8800, 0.0000, 96, 78, 54
L 1443.4318, -1289.8800, 0.0000, 1443.6786, -1290.7155, 0.0000, 96, 78, 54
L 1443.6786, -1290.7155, 0.0000, 1444.5297, -1291.1356, 0.0000, 96, 78, 54
L 1444.5297, -1291.1356, 0.0000, 1444.9605, -1291.9805, 0.0000, 96, 78, 54
L 1444.9605, -1291.9805, 0.0000, 1445.9330, -1291.8601, 0.0000, 96, 78, 54
L 1445.9330, -1291.8601, 0.0000, 1446.6949, -1291.5257, 0.0000, 96, 78, 54
L 1446.6949, -1291.5257, 0.0000, 1447.4665, -1291.2521, 0.0000, 96, 78, 54
L 1447.4665, -1291.2521, 0.0000, 1447.9105, -1290.6129, 0.0000, 96, 78, 54
L 1447.9105, -1290.6129, 0.0000, 1448.5336, -1289.8800, 0.0000, 96, 78, 54
L 1444.7347, -1288.4880, 0.0000, 1447.3320, -1288.4880, 0.0000, 70, 56, 38
L 1437.8380, -1288.7175, 0.0000, 1442.0003, -1288.7175, 0.0000, 96, 78, 54
L 1437.6048, -1286.9775, 0.0000, 1441.7941, -1286.9775, 0.0000, 96, 78, 54
L 1441.7129, -1287.8708, 0.0000, 1441.9266, -1287.0986, 0.0000, 96, 78, 54
L 1441.9266, -1287.0986, 0.0000, 1441.3229, -1286.5467, 0.0000, 96, 78, 54
L 1441.3229, -1286.5467, 0.0000, 1440.7076, -1286.0033, 0.0000, 96, 78, 54
L 1440.7076, -1286.0033, 0.0000, 1439.8430, -1285.5934, 0.0000, 96, 78, 54
L 1439.8430, -1285.5934, 0.0000, 1438.9553, -1285.9535, 0.0000, 96, 78, 54
L 1438.9553, -1285.9535, 0.0000, 1438.3378, -1286.5240, 0.0000, 96, 78, 54
L 1438.3378, -1286.5240, 0.0000, 1437.5402, -1287.0174, 0.0000, 96, 78, 54
L 1437.5402, -1287.0174, 0.0000, 1437.2461, -1287.8708, 0.0000, 96, 78, 54
L 1437.2461, -1287.8708, 0.0000, 1437.8139, -1288.6228, 0.0000, 96, 78, 54
L 1437.8139, -1288.6228, 0.0000, 1438.0348, -1289.4886, 0.0000, 96, 78, 54
L 1438.0348, -1289.4886, 0.0000, 1439.1457, -1289.3771, 0.0000, 96, 78, 54
L 1439.1457, -1289.3771, 0.0000, 1439.8430, -1289.5875, 0.0000, 96, 78, 54
L 1439.8430, -1289.5875, 0.0000, 1440.5869, -1289.4777, 0.0000, 96, 78, 54
L 1440.5869, -1289.4777, 0.0000, 1441.6472, -1289.4851, 0.0000, 96, 78, 54
L 1441.6472, -1289.4851, 0.0000, 1442.0188, -1288.6772, 0.0000, 96, 78, 54
L 1442.0188, -1288.6772, 0.0000, 1441.7129, -1287.8708, 0.0000, 96, 78, 54
L 1438.3867, -1286.4788, 0.0000, 1441.2460, -1286.4788, 0.0000, 70, 56, 38
L 1438.2410, -1293.1350, 0.0000, 1441.3625, -1293.1350, 0.0000, 96, 78, 54
L 1437.6741, -1291.3950, 0.0000, 1441.8675, -1291.3950, 0.0000, 96, 78, 54
L 1442.2208, -1291.8892, 0.0000, 1441.7228, -1291.1925, 0.0000, 96, 78, 54
L 1441.7228, -1291.1925, 0.0000, 1441.3986, -1290.4973, 0.0000, 96, 78, 54
L 1441.3986, -1290.4973, 0.0000, 1440.8039, -1289.8134, 0.0000, 96, 78, 54
L 1440.8039, -1289.8134, 0.0000, 1439.8430, -1290.2012, 0.0000, 96, 78, 54
L 1439.8430, -1290.2012, 0.0000, 1439.1161, -1290.3190, 0.0000, 96, 78, 54
L 1439.1161, -1290.3190, 0.0000, 1438.5384, -1290.7220, 0.0000, 96, 78, 54
L 1438.5384, -1290.7220, 0.0000, 1437.8297, -1291.1430, 0.0000, 96, 78, 54
L 1437.8297, -1291.1430, 0.0000, 1437.3688, -1291.8892, 0.0000, 96, 78, 54
L 1437.3688, -1291.8892, 0.0000, 1437.7664, -1292.6588, 0.0000, 96, 78, 54
L 1437.7664, -1292.6588, 0.0000, 1438.3398, -1293.2341, 0.0000, 96, 78, 54
L 1438.3398, -1293.2341, 0.0000, 1438.9989, -1293.7124, 0.0000, 96, 78, 54
L 1438.9989, -1293.7124, 0.0000, 1439.8430, -1293.6334, 0.0000, 96, 78, 54
L 1439.8430, -1293.6334, 0.0000, 1440.8225, -1294.0050, 0.0000, 96, 78, 54
L 1440.8225, -1294.0050, 0.0000, 1441.3194, -1293.2102, 0.0000, 96, 78, 54
L 1441.3194, -1293.2102, 0.0000, 1441.6851, -1292.5719, 0.0000, 96, 78, 54
L 1441.6851, -1292.5719, 0.0000, 1442.2208, -1291.8892, 0.0000, 96, 78, 54
L 1438.8607, -1290.4972, 0.0000, 1441.3985, -1290.4972, 0.0000, 70, 56, 38
L 700.0000, -1480.0000, 0.0000, 781.1502, -1458.9506, 0.0000, 130, 82, 12
L 908.7347, -1430.4490, 0.0000, 990.7254, -1415.0538, 0.0000, 130, 82, 12
L 1119.6245, -1395.3959, 0.0000, 1202.4557, -1385.6549, 0.0000, 130, 82, 12
L 1332.6694, -1374.8408, 0.0000, 1416.3410, -1370.7540, 0.0000, 130, 82, 12
L 1188.8000, -130.0000, 0.0000, 1311.2000, -130.0000, 0.0000, 176, 150, 104
L 1311.2000, -130.0000, 0.0000, 1311.2000, -155.2000, 0.0000, 176, 150, 104
L 1311.2000, -155.2000, 0.0000, 1188.8000, -155.2000, 0.0000, 176, 150, 104
L 1188.8000, -155.2000, 0.0000, 1188.8000, -130.0000, 0.0000, 176, 150, 104
L 1188.8000, -150.8800, 0.0000, 1311.2000, -150.8800, 0.0000, 176, 150, 104
L 1188.8000, -142.2400, 0.0000, 1311.2000, -142.2400, 0.0000, 176, 150, 104
L 1188.8000, -133.6000, 0.0000, 1311.2000, -133.6000, 0.0000, 176, 150, 104
L 1192.4000, -155.2000, 0.0000, 1194.3627, -168.6172, 0.0000, 140, 116, 78
L 1194.3627, -168.6172, 0.0000, 1200.1169, -181.1200, 0.0000, 140, 116, 78
L 1200.1169, -181.1200, 0.0000, 1209.2706, -191.8564, 0.0000, 140, 116, 78
L 1209.2706, -191.8564, 0.0000, 1221.2000, -200.0948, 0.0000, 140, 116, 78
L 1221.2000, -200.0948, 0.0000, 1235.0920, -205.2736, 0.0000, 140, 116, 78
L 1235.0920, -205.2736, 0.0000, 1250.0000, -207.0400, 0.0000, 140, 116, 78
L 1250.0000, -207.0400, 0.0000, 1264.9080, -205.2736, 0.0000, 140, 116, 78
L 1264.9080, -205.2736, 0.0000, 1278.8000, -200.0948, 0.0000, 140, 116, 78
L 1278.8000, -200.0948, 0.0000, 1290.7294, -191.8564, 0.0000, 140, 116, 78
L 1290.7294, -191.8564, 0.0000, 1299.8831, -181.1200, 0.0000, 140, 116, 78
L 1299.8831, -181.1200, 0.0000, 1305.6373, -168.6172, 0.0000, 140, 116, 78
L 1305.6373, -168.6172, 0.0000, 1307.6000, -155.2000, 0.0000, 140, 116, 78
L 1217.6000, -155.2000, 0.0000, 1241.9000, -205.6000, 0.0000, 140, 116, 78
L 1250.0000, -155.2000, 0.0000, 1250.0000, -205.6000, 0.0000, 140, 116, 78
L 1282.4000, -155.2000, 0.0000, 1258.1000, -205.6000, 0.0000, 140, 116, 78
L 1262.2722, -199.8400, 0.0000, 1273.8629, -199.8400, 0.0000, 140, 116, 78
L 1263.7767, -192.6400, 0.0000, 1282.4480, -192.6400, 0.0000, 140, 116, 78
L 1265.2812, -185.4400, 0.0000, 1287.0080, -185.4400, 0.0000, 140, 116, 78
L 1266.7857, -178.2400, 0.0000, 1291.5680, -178.2400, 0.0000, 140, 116, 78
L 1268.2901, -171.0400, 0.0000, 1296.1280, -171.0400, 0.0000, 140, 116, 78
L 1269.7946, -163.8400, 0.0000, 1300.6880, -163.8400, 0.0000, 140, 116, 78
L 1271.2991, -156.6400, 0.0000, 1305.2480, -156.6400, 0.0000, 140, 116, 78
L 1250.0000, -207.0400, 0.0000, 1250.0000, -217.8400, 0.0000, 130, 82, 12
L 1401.3002, -0.4714, 0.0000, 1407.3272, -0.4714, 0.0000, 96, 78, 54
L 1400.6864, 2.6658, 0.0000, 1406.8635, 2.6658, 0.0000, 96, 78, 54
L 1400.0726, 5.8030, 0.0000, 1406.3997, 5.8030, 0.0000, 96, 78, 54
L 1399.6192, 8.9402, 0.0000, 1406.0964, 8.9402, 0.0000, 96, 78, 54
L 1399.1832, 12.0774, 0.0000, 1405.8103, 12.0774, 0.0000, 96, 78, 54
L 1398.8396, 15.2146, 0.0000, 1405.6168, 15.2146, 0.0000, 96, 78, 54
L 1398.7066, 18.3518, 0.0000, 1405.6338, 18.3518, 0.0000, 96, 78, 54
L 1398.5736, 21.4890, 0.0000, 1405.6509, 21.4890, 0.0000, 96, 78, 54
L 1398.1223, 24.6262, 0.0000, 1405.3496, 24.6262, 0.0000, 96, 78, 54
L 1397.5396, 27.7634, 0.0000, 1404.9169, 27.7634, 0.0000, 96, 78, 54
L 1396.9972, 30.9006, 0.0000, 1404.5246, 30.9006, 0.0000, 96, 78, 54
L 1396.7796, 34.0378, 0.0000, 1404.4571, 34.0378, 0.0000, 96, 78, 54
L 1396.5621, 37.1750, 0.0000, 1404.3896, 37.1750, 0.0000, 96, 78, 54
L 1396.3611, 40.3122, 0.0000, 1404.3386, 40.3122, 0.0000, 96, 78, 54
L 1396.1757, 43.4494, 0.0000, 1404.3033, 43.4494, 0.0000, 96, 78, 54
L 1395.9904, 46.5866, 0.0000, 1404.2681, 46.5866, 0.0000, 96, 78, 54
L 1395.9684, 49.7238, 0.0000, 1404.3961, 49.7238, 0.0000, 96, 78, 54
L 1395.9615, 52.8610, 0.0000, 1404.5392, 52.8610, 0.0000, 96, 78, 54
L 1395.9568, 55.0000, 0.0000, 1395.9748, 46.8514, 0.0000, 70, 56, 38
L 1404.6368, 55.0000, 0.0000, 1404.2651, 46.8514, 0.0000, 96, 78, 54
L 1395.9748, 46.8514, 0.0000, 1396.4561, 38.7029, 0.0000, 70, 56, 38
L 1404.2651, 46.8514, 0.0000, 1404.3567, 38.7029, 0.0000, 96, 78, 54
L 1396.4561, 38.7029, 0.0000, 1397.0212, 30.5543, 0.0000, 70, 56, 38
L 1404.3567, 38.7029, 0.0000, 1404.5320, 30.5543, 0.0000, 96, 78, 54
L 1397.0212, 30.5543, 0.0000, 1398.5347, 22.4057, 0.0000, 70, 56, 38
L 1404.5320, 30.5543, 0.0000, 1405.6558, 22.4057, 0.0000, 96, 78, 54
L 1398.5347, 22.4057, 0.0000, 1398.8802, 14.2571, 0.0000, 70, 56, 38
L 1405.6558, 22.4057, 0.0000, 1405.6116, 14.2571, 0.0000, 96, 78, 54
L 1398.8802, 14.2571, 0.0000, 1400.0128, 6.1086, 0.0000, 70, 56, 38
L 1405.6116, 14.2571, 0.0000, 1406.3545, 6.1086, 0.0000, 96, 78, 54
L 1400.0128, 6.1086, 0.0000, 1401.6071, -2.0400, 0.0000, 70, 56, 38
L 1406.3545, 6.1086, 0.0000, 1407.5591, -2.0400, 0.0000, 96, 78, 54
L 1395.9748, 46.8514, 0.0000, 1399.7054, 47.9922, 0.0000, 70, 56, 38
L 1397.0212, 30.5543, 0.0000, 1400.4011, 31.6951, 0.0000, 70, 56, 38
L 1398.8802, 14.2571, 0.0000, 1401.9093, 15.3979, 0.0000, 70, 56, 38
L 1396.2902, 45.4933, 0.0000, 1403.9782, 45.4933, 0.0000, 70, 56, 38
L 1396.6929, 35.9867, 0.0000, 1404.3809, 35.9867, 0.0000, 70, 56, 38
L 1397.3640, 26.4800, 0.0000, 1405.0520, 26.4800, 0.0000, 70, 56, 38
L 1398.3036, 16.9733, 0.0000, 1405.9916, 16.9733, 0.0000, 70, 56, 38
L 1399.5116, 7.4667, 0.0000, 1407.1996, 7.4667, 0.0000, 70, 56, 38
L 1383.5485, -10.8043, 0.0000, 1400.8744, -10.8043, 0.0000, 68, 112, 56
L 1377.0320, -8.3243, 0.0000, 1404.8320, -8.3243, 0.0000, 68, 112, 56
L 1372.5776, -5.8443, 0.0000, 1404.8320, -5.8443, 0.0000, 68, 112, 56
L 1369.0914, -3.3643, 0.0000, 1374.6592, -3.3643, 0.0000, 68, 112, 56
L 1386.8679, -3.3643, 0.0000, 1404.8320, -3.3643, 0.0000, 68, 112, 56
L 1394.3951, -0.8843, 0.0000, 1404.8320, -0.8843, 0.0000, 68, 112, 56
L 1399.1959, 1.5957, 0.0000, 1404.8320, 1.5957, 0.0000, 68, 112, 56
L 1402.9527, 4.0757, 0.0000, 1404.8320, 4.0757, 0.0000, 68, 112, 56
L 1404.8320, -2.0400, 0.0000, 1400.3644, -4.3617, 0.0000, 68, 112, 56
L 1400.3644, -4.3617, 0.0000, 1395.8968, -6.0431, 0.0000, 68, 112, 56
L 1395.8968, -6.0431, 0.0000, 1391.4293, -7.0843, 0.0000, 68, 112, 56
L 1391.4293, -7.0843, 0.0000, 1386.9617, -7.4853, 0.0000, 68, 112, 56
L 1386.9617, -7.4853, 0.0000, 1382.4941, -7.2461, 0.0000, 68, 112, 56
L 1382.4941, -7.2461, 0.0000, 1378.0265, -6.3667, 0.0000, 68, 112, 56
L 1378.0265, -6.3667, 0.0000, 1373.5590, -4.8470, 0.0000, 68, 112, 56
L 1373.5590, -4.8470, 0.0000, 1369.0914, -2.6871, 0.0000, 68, 112, 56
L 1386.4134, -15.7651, 0.0000, 1396.7950, -15.7651, 0.0000, 96, 140, 84
L 1382.4350, -13.2851, 0.0000, 1400.8223, -13.2851, 0.0000, 96, 140, 84
L 1379.7129, -10.8051, 0.0000, 1403.5166, -10.8051, 0.0000, 96, 140, 84
L 1392.7952, -8.3251, 0.0000, 1404.8320, -8.3251, 0.0000, 96, 140, 84
L 1396.0341, -5.8451, 0.0000, 1404.8320, -5.8451, 0.0000, 96, 140, 84
L 1398.5488, -3.3651, 0.0000, 1404.8320, -3.3651, 0.0000, 96, 140, 84
L 1400.5211, -0.8851, 0.0000, 1404.8320, -0.8851, 0.0000, 96, 140, 84
L 1402.3473, 1.5949, 0.0000, 1404.8320, 1.5949, 0.0000, 96, 140, 84
L 1403.9667, 4.0749, 0.0000, 1404.8320, 4.0749, 0.0000, 96, 140, 84
L 1404.8320, -2.0400, 0.0000, 1401.6771, -6.0449, 0.0000, 68, 112, 56
L 1401.6771, -6.0449, 0.0000, 1398.5222, -9.1852, 0.0000, 68, 112, 56
L 1398.5222, -9.1852, 0.0000, 1395.3673, -11.4608, 0.0000, 68, 112, 56
L 1395.3673, -11.4608, 0.0000, 1392.2124, -12.8718, 0.0000, 68, 112, 56
L 1392.2124, -12.8718, 0.0000, 1389.0575, -13.4181, 0.0000, 68, 112, 56
L 1389.0575, -13.4181, 0.0000, 1385.9026, -13.0998, 0.0000, 68, 112, 56
L 1385.9026, -13.0998, 0.0000, 1382.7477, -11.9167, 0.0000, 68, 112, 56
L 1382.7477, -11.9167, 0.0000, 1379.5928, -9.8691, 0.0000, 68, 112, 56
L 1397.7572, -18.9595, 0.0000, 1401.3492, -18.9595, 0.0000, 68, 112, 56
L 1396.4445, -16.4795, 0.0000, 1402.6540, -16.4795, 0.0000, 68, 112, 56
L 1395.7410, -13.9995, 0.0000, 1396.6378, -13.9995, 0.0000, 68, 112, 56
L 1398.5802, -13.9995, 0.0000, 1403.5530, -13.9995, 0.0000, 68, 112, 56
L 1400.3883, -11.5195, 0.0000, 1404.2703, -11.5195, 0.0000, 68, 112, 56
L 1401.3926, -9.0395, 0.0000, 1404.8320, -9.0395, 0.0000, 68, 112, 56
L 1402.1427, -6.5595, 0.0000, 1404.8320, -6.5595, 0.0000, 68, 112, 56
L 1402.8175, -4.0795, 0.0000, 1404.8320, -4.0795, 0.0000, 68, 112, 56
L 1403.4060, -1.5995, 0.0000, 1404.8320, -1.5995, 0.0000, 68, 112, 56
L 1403.9433, 0.8805, 0.0000, 1404.8320, 0.8805, 0.0000, 68, 112, 56
L 1404.8320, -2.0400, 0.0000, 1403.6956, -6.9926, 0.0000, 68, 112, 56
L 1403.6956, -6.9926, 0.0000, 1402.5592, -10.9542, 0.0000, 68, 112, 56
L 1402.5592, -10.9542, 0.0000, 1401.4229, -13.9247, 0.0000, 68, 112, 56
L 1401.4229, -13.9247, 0.0000, 1400.2865, -15.9043, 0.0000, 68, 112, 56
L 1400.2865, -15.9043, 0.0000, 1399.1501, -16.8928, 0.0000, 68, 112, 56
L 1399.1501, -16.8928, 0.0000, 1398.0137, -16.8903, 0.0000, 68, 112, 56
L 1398.0137, -16.8903, 0.0000, 1396.8773, -15.8968, 0.0000, 68, 112, 56
L 1396.8773, -15.8968, 0.0000, 1395.7410, -13.9124, 0.0000, 68, 112, 56
L 1408.3148, -18.9595, 0.0000, 1411.9068, -18.9595, 0.0000, 96, 140, 84
L 1407.0100, -16.4795, 0.0000, 1413.2195, -16.4795, 0.0000, 96, 140, 84
L 1406.1110, -13.9995, 0.0000, 1411.0838, -13.9995, 0.0000, 96, 140, 84
L 1413.0262, -13.9995, 0.0000, 1413.9230, -13.9995, 0.0000, 96, 140, 84
L 1405.3937, -11.5195, 0.0000, 1409.2757, -11.5195, 0.0000, 96, 140, 84
L 1404.8320, -9.0395, 0.0000, 1408.2714, -9.0395, 0.0000, 96, 140, 84
L 1404.8320, -6.5595, 0.0000, 1407.5213, -6.5595, 0.0000, 96, 140, 84
L 1404.8320, -4.0795, 0.0000, 1406.8465, -4.0795, 0.0000, 96, 140, 84
L 1404.8320, -1.5995, 0.0000, 1406.2580, -1.5995, 0.0000, 96, 140, 84
L 1404.8320, 0.8805, 0.0000, 1405.7207, 0.8805, 0.0000, 96, 140, 84
L 1404.8320, -2.0400, 0.0000, 1405.9684, -6.9926, 0.0000, 68, 112, 56
L 1405.9684, -6.9926, 0.0000, 1407.1047, -10.9542, 0.0000, 68, 112, 56
L 1407.1047, -10.9542, 0.0000, 1408.2411, -13.9247, 0.0000, 68, 112, 56
L 1408.2411, -13.9247, 0.0000, 1409.3775, -15.9043, 0.0000, 68, 112, 56
L 1409.3775, -15.9043, 0.0000, 1410.5139, -16.8928, 0.0000, 68, 112, 56
L 1410.5139, -16.8928, 0.0000, 1411.6503, -16.8903, 0.0000, 68, 112, 56
L 1411.6503, -16.8903, 0.0000, 1412.7866, -15.8968, 0.0000, 68, 112, 56
L 1412.7866, -15.8968, 0.0000, 1413.9230, -13.9124, 0.0000, 68, 112, 56
L 1412.8690, -15.7651, 0.0000, 1423.2506, -15.7651, 0.0000, 68, 112, 56
L 1408.8417, -13.2851, 0.0000, 1427.2290, -13.2851, 0.0000, 68, 112, 56
L 1406.1474, -10.8051, 0.0000, 1429.9511, -10.8051, 0.0000, 68, 112, 56
L 1404.8320, -8.3251, 0.0000, 1416.8688, -8.3251, 0.0000, 68, 112, 56
L 1404.8320, -5.8451, 0.0000, 1413.6299, -5.8451, 0.0000, 68, 112, 56
L 1404.8320, -3.3651, 0.0000, 1411.1152, -3.3651, 0.0000, 68, 112, 56
L 1404.8320, -0.8851, 0.0000, 1409.1429, -0.8851, 0.0000, 68, 112, 56
L 1404.8320, 1.5949, 0.0000, 1407.3166, 1.5949, 0.0000, 68, 112, 56
L 1404.8320, 4.0749, 0.0000, 1405.6973, 4.0749, 0.0000, 68, 112, 56
L 1404.8320, -2.0400, 0.0000, 1407.9869, -6.0449, 0.0000, 68, 112, 56
L 1407.9869, -6.0449, 0.0000, 1411.1418, -9.1852, 0.0000, 68, 112, 56
L 1411.1418, -9.1852, 0.0000, 1414.2967, -11.4608, 0.0000, 68, 112, 56
L 1414.2967, -11.4608, 0.0000, 1417.4516, -12.8718, 0.0000, 68, 112, 56
L 1417.4516, -12.8718, 0.0000, 1420.6065, -13.4181, 0.0000, 68, 112, 56
L 1420.6065, -13.4181, 0.0000, 1423.7614, -13.0998, 0.0000, 68, 112, 56
L 1423.7614, -13.0998, 0.0000, 1426.9163, -11.9167, 0.0000, 68, 112, 56
L 1426.9163, -11.9167, 0.0000, 1430.0711, -9.8691, 0.0000, 68, 112, 56
L 1408.7896, -10.8043, 0.0000, 1426.1155, -10.8043, 0.0000, 96, 140, 84
L 1404.8320, -8.3243, 0.0000, 1432.6320, -8.3243, 0.0000, 96, 140, 84
L 1404.8320, -5.8443, 0.0000, 1437.0863, -5.8443, 0.0000, 96, 140, 84
L 1404.8320, -3.3643, 0.0000, 1422.7961, -3.3643, 0.0000, 96, 140, 84
L 1435.0048, -3.3643, 0.0000, 1440.5726, -3.3643, 0.0000, 96, 140, 84
L 1404.8320, -0.8843, 0.0000, 1415.2689, -0.8843, 0.0000, 96, 140, 84
L 1404.8320, 1.5957, 0.0000, 1410.4681, 1.5957, 0.0000, 96, 140, 84
L 1404.8320, 4.0757, 0.0000, 1406.7113, 4.0757, 0.0000, 96, 140, 84
L 1404.8320, -2.0400, 0.0000, 1409.2996, -4.3617, 0.0000, 68, 112, 56
L 1409.2996, -4.3617, 0.0000, 1413.7671, -6.0431, 0.0000, 68, 112, 56
L 1413.7671, -6.0431, 0.0000, 1418.2347, -7.0843, 0.0000, 68, 112, 56
L 1418.2347, -7.0843, 0.0000, 1422.7023, -7.4853, 0.0000, 68, 112, 56
L 1422.7023, -7.4853, 0.0000, 1427.1699, -7.2461, 0.0000, 68, 112, 56
L 1427.1699, -7.2461, 0.0000, 1431.6374, -6.3667, 0.0000, 68, 112, 56
L 1431.6374, -6.3667, 0.0000, 1436.1050, -4.8470, 0.0000, 68, 112, 56
L 1436.1050, -4.8470, 0.0000, 1440.5726, -2.6871, 0.0000, 68, 112, 56
L 1407.4303, 0.3248, 0.0000, 1410.8161, 0.3248, 0.0000, 96, 78, 54
L 1407.2145, 2.1848, 0.0000, 1411.2505, 2.1848, 0.0000, 96, 78, 54
L 1411.3248, 1.6800, 0.0000, 1411.2134, 2.4366, 0.0000, 96, 78, 54
L 1411.2134, 2.4366, 0.0000, 1410.6987, 3.0460, 0.0000, 96, 78, 54
L 1410.6987, 3.0460, 0.0000, 1409.9462, 3.3525, 0.0000, 96, 78, 54
L 1409.9462, 3.3525, 0.0000, 1409.1720, 3.6556, 0.0000, 96, 78, 54
L 1409.1720, 3.6556, 0.0000, 1408.3317, 3.4951, 0.0000, 96, 78, 54
L 1408.3317, 3.4951, 0.0000, 1407.4645, 3.2077, 0.0000, 96, 78, 54
L 1407.4645, 3.2077, 0.0000, 1407.2291, 2.4000, 0.0000, 96, 78, 54
L 1407.2291, 2.4000, 0.0000, 1407.1800, 1.6800, 0.0000, 96, 78, 54
L 1407.1800, 1.6800, 0.0000, 1407.2284, 0.9597, 0.0000, 96, 78, 54
L 1407.2284, 0.9597, 0.0000, 1407.4806, 0.1666, 0.0000, 96, 78, 54
L 1407.4806, 0.1666, 0.0000, 1408.3066, -0.1894, 0.0000, 96, 78, 54
L 1408.3066, -0.1894, 0.0000, 1409.1720, -0.6052, 0.0000, 96, 78, 54
L 1409.1720, -0.6052, 0.0000, 1410.1720, -0.4800, 0.0000, 96, 78, 54
L 1410.1720, -0.4800, 0.0000, 1410.7866, 0.2353, 0.0000, 96, 78, 54
L 1410.7866, 0.2353, 0.0000, 1411.0347, 0.9897, 0.0000, 96, 78, 54
L 1411.0347, 0.9897, 0.0000, 1411.3248, 1.6800, 0.0000, 96, 78, 54
L 1407.4529, 3.1680, 0.0000, 1410.3992, 3.1680, 0.0000, 70, 56, 38
L 1400.9312, 2.4210, 0.0000, 1403.9992, 2.4210, 0.0000, 96, 78, 54
L 1400.0916, 4.2810, 0.0000, 1405.1227, 4.2810, 0.0000, 96, 78, 54
L 1405.2114, 3.8277, 0.0000, 1405.0390, 4.7087, 0.0000, 96, 78, 54
L 1405.0390, 4.7087, 0.0000, 1404.2656, 5.2626, 0.0000, 96, 78, 54
L 1404.2656, 5.2626, 0.0000, 1403.6150, 5.8863, 0.0000, 96, 78, 54
L 1403.6150, 5.8863, 0.0000, 1402.6620, 5.7832, 0.0000, 96, 78, 54
L 1402.6620, 5.7832, 0.0000, 1401.6257, 6.0662, 0.0000, 96, 78, 54
L 1401.6257, 6.0662, 0.0000, 1400.7959, 5.4974, 0.0000, 96, 78, 54
L 1400.7959, 5.4974, 0.0000, 1400.2566, 4.7192, 0.0000, 96, 78, 54
L 1400.2566, 4.7192, 0.0000, 1399.9210, 3.8277, 0.0000, 96, 78, 54
L 1399.9210, 3.8277, 0.0000, 1400.6947, 3.0986, 0.0000, 96, 78, 54
L 1400.6947, 3.0986, 0.0000, 1400.9689, 2.3129, 0.0000, 96, 78, 54
L 1400.9689, 2.3129, 0.0000, 1401.6853, 1.7180, 0.0000, 96, 78, 54
L 1401.6853, 1.7180, 0.0000, 1402.6620, 1.4910, 0.0000, 96, 78, 54
L 1402.6620, 1.4910, 0.0000, 1403.5280, 1.9571, 0.0000, 96, 78, 54
L 1403.5280, 1.9571, 0.0000, 1404.1112, 2.5311, 0.0000, 96, 78, 54
L 1404.1112, 2.5311, 0.0000, 1404.9376, 2.9844, 0.0000, 96, 78, 54
L 1404.9376, 2.9844, 0.0000, 1405.2114, 3.8277, 0.0000, 96, 78, 54
L 1400.6699, 5.3157, 0.0000, 1404.2101, 5.3157, 0.0000, 70, 56, 38
L 1400.4654, -1.7591, 0.0000, 1404.3053, -1.7591, 0.0000, 96, 78, 54
L 1400.4651, 0.1009, 0.0000, 1404.8907, 0.1009, 0.0000, 96, 78, 54
L 1404.6827, -0.4677, 0.0000, 1404.9996, 0.3986, 0.0000, 96, 78, 54
L 1404.9996, 0.3986, 0.0000, 1404.0322, 0.7583, 0.0000, 96, 78, 54
L 1404.0322, 0.7583, 0.0000, 1403.5488, 1.4479, 0.0000, 96, 78, 54
L 1403.5488, 1.4479, 0.0000, 1402.6620, 1.6249, 0.0000, 96, 78, 54
L 1402.6620, 1.6249, 0.0000, 1401.8838, 1.2132, 0.0000, 96, 78, 54
L 1401.8838, 1.2132, 0.0000, 1401.0079, 1.0122, 0.0000, 96, 78, 54
L 1401.0079, 1.0122, 0.0000, 1400.4853, 0.3390, 0.0000, 96, 78, 54
L 1400.4853, 0.3390, 0.0000, 1400.4170, -0.4677, 0.0000, 96, 78, 54
L 1400.4170, -0.4677, 0.0000, 1400.1748, -1.3895, 0.0000, 96, 78, 54
L 1400.1748, -1.3895, 0.0000, 1400.7765, -2.1548, 0.0000, 96, 78, 54
L 1400.7765, -2.1548, 0.0000, 1401.6336, -2.6891, 0.0000, 96, 78, 54
L 1401.6336, -2.6891, 0.0000, 1402.6620, -2.3821, 0.0000, 96, 78, 54
L 1402.6620, -2.3821, 0.0000, 1403.4097, -2.0829, 0.0000, 96, 78, 54
L 1403.4097, -2.0829, 0.0000, 1404.2539, -1.8921, 0.0000, 96, 78, 54
L 1404.2539, -1.8921, 0.0000, 1404.5359, -1.1622, 0.0000, 96, 78, 54
L 1404.5359, -1.1622, 0.0000, 1404.6827, -0.4677, 0.0000, 96, 78, 54
L 1401.0430, 1.0203, 0.0000, 1403.8486, 1.0203, 0.0000, 70, 56, 38
L 960.0000, 150.0000, 0.0000, 1022.4289, 135.2446, 0.0000, 130, 82, 12
L 1118.9388, 108.9388, 0.0000, 1179.9159, 90.0573, 0.0000, 130, 82, 12
L 1274.1551, 57.2980, 0.0000, 1333.6805, 34.2904, 0.0000, 130, 82, 12
L 1425.6490, -4.9224, 0.0000, 1483.7226, -32.0560, 0.0000, 130, 82, 12
L -601.2000, -35.0000, 0.0000, -601.2000, -103.4000, 0.0000, 118, 90, 54
L -478.8000, -35.0000, 0.0000, -478.8000, -103.4000, 0.0000, 118, 90, 54
L -597.6000, -35.0000, 0.0000, -597.6000, -101.2400, 0.0000, 78, 58, 38
L -601.2000, -59.4800, 0.0000, -478.8000, -59.4800, 0.0000, 118, 90, 54
L -478.8000, -59.4800, 0.0000, -478.8000, -46.5200, 0.0000, 118, 90, 54
L -478.8000, -46.5200, 0.0000, -601.2000, -46.5200, 0.0000, 118, 90, 54
L -601.2000, -46.5200, 0.0000, -601.2000, -59.4800, 0.0000, 118, 90, 54
L -601.2000, -56.2400, 0.0000, -478.8000, -56.2400, 0.0000, 118, 90, 54
L -601.2000, -49.7600, 0.0000, -478.8000, -49.7600, 0.0000, 118, 90, 54
L -612.0000, -103.4000, 0.0000, -583.2000, -103.4000, 0.0000, 155, 48, 36
L -583.2000, -103.4000, 0.0000, -576.0000, -121.4000, 0.0000, 155, 48, 36
L -576.0000, -121.4000, 0.0000, -604.8000, -121.4000, 0.0000, 155, 48, 36
L -604.8000, -121.4000, 0.0000, -612.0000, -103.4000, 0.0000, 155, 48, 36
L -606.2400, -117.8000, 0.0000, -577.4400, -117.8000, 0.0000, 155, 48, 36
L -609.1200, -110.6000, 0.0000, -580.3200, -110.6000, 0.0000, 155, 48, 36
L -612.0000, -103.4000, 0.0000, -597.6000, -98.3600, 0.0000, 155, 48, 36
L -597.6000, -98.3600, 0.0000, -583.2000, -103.4000, 0.0000, 155, 48, 36
L -583.2000, -103.4000, 0.0000, -554.4000, -103.4000, 0.0000, 204, 194, 172
L -554.4000, -103.4000, 0.0000, -547.2000, -121.4000, 0.0000, 204, 194, 172
L -547.2000, -121.4000, 0.0000, -576.0000, -121.4000, 0.0000, 204, 194, 172
L -576.0000, -121.4000, 0.0000, -583.2000, -103.4000, 0.0000, 204, 194, 172
L -577.4400, -117.8000, 0.0000, -548.6400, -117.8000, 0.0000, 204, 194, 172
L -580.3200, -110.6000, 0.0000, -551.5200, -110.6000, 0.0000, 204, 194, 172
L -583.2000, -103.4000, 0.0000, -568.8000, -98.3600, 0.0000, 204, 194, 172
L -568.8000, -98.3600, 0.0000, -554.4000, -103.4000, 0.0000, 204, 194, 172
L -554.4000, -103.4000, 0.0000, -525.6000, -103.4000, 0.0000, 155, 48, 36
L -525.6000, -103.4000, 0.0000, -518.4000, -121.4000, 0.0000, 155, 48, 36
L -518.4000, -121.4000, 0.0000, -547.2000, -121.4000, 0.0000, 155, 48, 36
L -547.2000, -121.4000, 0.0000, -554.4000, -103.4000, 0.0000, 155, 48, 36
L -548.6400, -117.8000, 0.0000, -519.8400, -117.8000, 0.0000, 155, 48, 36
L -551.5200, -110.6000, 0.0000, -522.7200, -110.6000, 0.0000, 155, 48, 36
L -554.4000, -103.4000, 0.0000, -540.0000, -98.3600, 0.0000, 155, 48, 36
L -540.0000, -98.3600, 0.0000, -525.6000, -103.4000, 0.0000, 155, 48, 36
L -525.6000, -103.4000, 0.0000, -496.8000, -103.4000, 0.0000, 204, 194, 172
L -496.8000, -103.4000, 0.0000, -489.6000, -121.4000, 0.0000, 204, 194, 172
L -489.6000, -121.4000, 0.0000, -518.4000, -121.4000, 0.0000, 204, 194, 172
L -518.4000, -121.4000, 0.0000, -525.6000, -103.4000, 0.0000, 204, 194, 172
L -519.8400, -117.8000, 0.0000, -491.0400, -117.8000, 0.0000, 204, 194, 172
L -522.7200, -110.6000, 0.0000, -493.9200, -110.6000, 0.0000, 204, 194, 172
L -525.6000, -103.4000, 0.0000, -511.2000, -98.3600, 0.0000, 204, 194, 172
L -511.2000, -98.3600, 0.0000, -496.8000, -103.4000, 0.0000, 204, 194, 172
L -496.8000, -103.4000, 0.0000, -468.0000, -103.4000, 0.0000, 155, 48, 36
L -468.0000, -103.4000, 0.0000, -460.8000, -121.4000, 0.0000, 155, 48, 36
L -460.8000, -121.4000, 0.0000, -489.6000, -121.4000, 0.0000, 155, 48, 36
L -489.6000, -121.4000, 0.0000, -496.8000, -103.4000, 0.0000, 155, 48, 36
L -491.0400, -117.8000, 0.0000, -462.2400, -117.8000, 0.0000, 155, 48, 36
L -493.9200, -110.6000, 0.0000, -465.1200, -110.6000, 0.0000, 155, 48, 36
L -496.8000, -103.4000, 0.0000, -482.4000, -98.3600, 0.0000, 155, 48, 36
L -482.4000, -98.3600, 0.0000, -468.0000, -103.4000, 0.0000, 155, 48, 36
L -471.6000, -35.0000, 0.0000, -442.8000, -35.0000, 0.0000, 78, 58, 38
L -442.8000, -35.0000, 0.0000, -442.8000, -62.3600, 0.0000, 78, 58, 38
L -442.8000, -62.3600, 0.0000, -471.6000, -62.3600, 0.0000, 78, 58, 38
L -471.6000, -62.3600, 0.0000, -471.6000, -35.0000, 0.0000, 78, 58, 38
L -471.6000, -48.6800, 0.0000, -442.8000, -48.6800, 0.0000, 78, 58, 38
L -464.4000, -35.0000, 0.0000, -464.4000, -62.3600, 0.0000, 78, 58, 38
L -642.5951, -483.6820, 0.0000, -636.7625, -483.6820, 0.0000, 96, 78, 54
L -643.8374, -480.6460, 0.0000, -637.8596, -480.6460, 0.0000, 96, 78, 54
L -645.0796, -477.6100, 0.0000, -638.9566, -477.6100, 0.0000, 96, 78, 54
L -646.0011, -474.5740, 0.0000, -639.7329, -474.5740, 0.0000, 96, 78, 54
L -646.8879, -471.5380, 0.0000, -640.4745, -471.5380, 0.0000, 96, 78, 54
L -647.7810, -468.5020, 0.0000, -641.2224, -468.5020, 0.0000, 96, 78, 54
L -648.6880, -465.4660, 0.0000, -641.9842, -465.4660, 0.0000, 96, 78, 54
L -649.5950, -462.4300, 0.0000, -642.7460, -462.4300, 0.0000, 96, 78, 54
L -650.3019, -459.3940, 0.0000, -643.3077, -459.3940, 0.0000, 96, 78, 54
L -650.9261, -456.3580, 0.0000, -643.7867, -456.3580, 0.0000, 96, 78, 54
L -651.5598, -453.3220, 0.0000, -644.2752, -453.3220, 0.0000, 96, 78, 54
L -652.2704, -450.2860, 0.0000, -644.8406, -450.2860, 0.0000, 96, 78, 54
L -652.9810, -447.2500, 0.0000, -645.4060, -447.2500, 0.0000, 96, 78, 54
L -653.3388, -444.2140, 0.0000, -645.6186, -444.2140, 0.0000, 96, 78, 54
L -653.3619, -441.1780, 0.0000, -645.4965, -441.1780, 0.0000, 96, 78, 54
L -653.3850, -438.1420, 0.0000, -645.3744, -438.1420, 0.0000, 96, 78, 54
L -653.5142, -435.1060, 0.0000, -645.3584, -435.1060, 0.0000, 96, 78, 54
L -653.6531, -432.0700, 0.0000, -645.3521, -432.0700, 0.0000, 96, 78, 54
L -653.7478, -430.0000, 0.0000, -653.3869, -437.8857, 0.0000, 70, 56, 38
L -645.3478, -430.0000, 0.0000, -645.3641, -437.8857, 0.0000, 96, 78, 54
L -653.3869, -437.8857, 0.0000, -653.3270, -445.7714, 0.0000, 70, 56, 38
L -645.3641, -437.8857, 0.0000, -645.6813, -445.7714, 0.0000, 96, 78, 54
L -653.3270, -445.7714, 0.0000, -651.4814, -453.6571, 0.0000, 70, 56, 38
L -645.6813, -445.7714, 0.0000, -644.2128, -453.6571, 0.0000, 96, 78, 54
L -651.4814, -453.6571, 0.0000, -649.8601, -461.5429, 0.0000, 70, 56, 38
L -644.2128, -453.6571, 0.0000, -642.9686, -461.5429, 0.0000, 96, 78, 54
L -649.8601, -461.5429, 0.0000, -647.5041, -469.4286, 0.0000, 70, 56, 38
L -642.9686, -461.5429, 0.0000, -640.9899, -469.4286, 0.0000, 96, 78, 54
L -647.5041, -469.4286, 0.0000, -645.2006, -477.3143, 0.0000, 70, 56, 38
L -640.9899, -469.4286, 0.0000, -639.0634, -477.3143, 0.0000, 96, 78, 54
L -645.2006, -477.3143, 0.0000, -641.9740, -485.2000, 0.0000, 70, 56, 38
L -639.0634, -477.3143, 0.0000, -636.2140, -485.2000, 0.0000, 96, 78, 54
L -653.3869, -437.8857, 0.0000, -649.7767, -436.7817, 0.0000, 70, 56, 38
L -651.4814, -453.6571, 0.0000, -648.2105, -452.5531, 0.0000, 70, 56, 38
L -647.5041, -469.4286, 0.0000, -644.5727, -468.3246, 0.0000, 70, 56, 38
L -653.4084, -439.2000, 0.0000, -645.9684, -439.2000, 0.0000, 70, 56, 38
L -652.4737, -448.4000, 0.0000, -645.0337, -448.4000, 0.0000, 70, 56, 38
L -650.9159, -457.6000, 0.0000, -643.4759, -457.6000, 0.0000, 70, 56, 38
L -648.7349, -466.8000, 0.0000, -641.2949, -466.8000, 0.0000, 70, 56, 38
L -645.9308, -476.0000, 0.0000, -638.4908, -476.0000, 0.0000, 70, 56, 38
L -659.3805, -493.6816, 0.0000, -642.6135, -493.6816, 0.0000, 68, 112, 56
L -665.6868, -491.2816, 0.0000, -638.7836, -491.2816, 0.0000, 68, 112, 56
L -669.9974, -488.8816, 0.0000, -638.7836, -488.8816, 0.0000, 68, 112, 56
L -673.3712, -486.4816, 0.0000, -667.9830, -486.4816, 0.0000, 68, 112, 56
L -656.1682, -486.4816, 0.0000, -638.7836, -486.4816, 0.0000, 68, 112, 56
L -648.8838, -484.0816, 0.0000, -638.7836, -484.0816, 0.0000, 68, 112, 56
L -644.2378, -481.6816, 0.0000, -638.7836, -481.6816, 0.0000, 68, 112, 56
L -640.6022, -479.2816, 0.0000, -638.7836, -479.2816, 0.0000, 68, 112, 56
L -638.7836, -485.2000, 0.0000, -643.1070, -487.4468, 0.0000, 68, 112, 56
L -643.1070, -487.4468, 0.0000, -647.4305, -489.0740, 0.0000, 68, 112, 56
L -647.4305, -489.0740, 0.0000, -651.7539, -490.0816, 0.0000, 68, 112, 56
L -651.7539, -490.0816, 0.0000, -656.0774, -490.4697, 0.0000, 68, 112, 56
L -656.0774, -490.4697, 0.0000, -660.4009, -490.2382, 0.0000, 68, 112, 56
L -660.4009, -490.2382, 0.0000, -664.7243, -489.3871, 0.0000, 68, 112, 56
L -664.7243, -489.3871, 0.0000, -669.0478, -487.9165, 0.0000, 68, 112, 56
L -669.0478, -487.9165, 0.0000, -673.3712, -485.8262, 0.0000, 68, 112, 56
L -656.6080, -498.4824, 0.0000, -646.5613, -498.4824, 0.0000, 96, 140, 84
L -660.4581, -496.0824, 0.0000, -642.6639, -496.0824, 0.0000, 96, 140, 84
L -663.0923, -493.6824, 0.0000, -640.0565, -493.6824, 0.0000, 96, 140, 84
L -650.4321, -491.2824, 0.0000, -638.7836, -491.2824, 0.0000, 96, 140, 84
L -647.2976, -488.8824, 0.0000, -638.7836, -488.8824, 0.0000, 96, 140, 84
L -644.8641, -486.4824, 0.0000, -638.7836, -486.4824, 0.0000, 96, 140, 84
L -642.9554, -484.0824, 0.0000, -638.7836, -484.0824, 0.0000, 96, 140, 84
L -641.1881, -481.6824, 0.0000, -638.7836, -481.6824, 0.0000, 96, 140, 84
L -639.6209, -479.2824, 0.0000, -638.7836, -479.2824, 0.0000, 96, 140, 84
L -638.7836, -485.2000, 0.0000, -641.8367, -489.0757, 0.0000, 68, 112, 56
L -641.8367, -489.0757, 0.0000, -644.8898, -492.1147, 0.0000, 68, 112, 56
L -644.8898, -492.1147, 0.0000, -647.9429, -494.3169, 0.0000, 68, 112, 56
L -647.9429, -494.3169, 0.0000, -650.9961, -495.6824, 0.0000, 68, 112, 56
L -650.9961, -495.6824, 0.0000, -654.0492, -496.2111, 0.0000, 68, 112, 56
L -654.0492, -496.2111, 0.0000, -657.1023, -495.9030, 0.0000, 68, 112, 56
L -657.1023, -495.9030, 0.0000, -660.1554, -494.7581, 0.0000, 68, 112, 56
L -660.1554, -494.7581, 0.0000, -663.2085, -492.7765, 0.0000, 68, 112, 56
L -645.6301, -501.5737, 0.0000, -642.1540, -501.5737, 0.0000, 68, 112, 56
L -646.9005, -499.1737, 0.0000, -640.8913, -499.1737, 0.0000, 68, 112, 56
L -647.5813, -496.7737, 0.0000, -646.7134, -496.7737, 0.0000, 68, 112, 56
L -644.8337, -496.7737, 0.0000, -640.0213, -496.7737, 0.0000, 68, 112, 56
L -643.0839, -494.3737, 0.0000, -639.3272, -494.3737, 0.0000, 68, 112, 56
L -642.1120, -491.9737, 0.0000, -638.7836, -491.9737, 0.0000, 68, 112, 56
L -641.3861, -489.5737, 0.0000, -638.7836, -489.5737, 0.0000, 68, 112, 56
L -640.7331, -487.1737, 0.0000, -638.7836, -487.1737, 0.0000, 68, 112, 56
L -640.1635, -484.7737, 0.0000, -638.7836, -484.7737, 0.0000, 68, 112, 56
L -639.6436, -482.3737, 0.0000, -638.7836, -482.3737, 0.0000, 68, 112, 56
L -638.7836, -485.2000, 0.0000, -639.8833, -489.9928, 0.0000, 68, 112, 56
L -639.8833, -489.9928, 0.0000, -640.9830, -493.8266, 0.0000, 68, 112, 56
L -640.9830, -493.8266, 0.0000, -642.0827, -496.7013, 0.0000, 68, 112, 56
L -642.0827, -496.7013, 0.0000, -643.1824, -498.6170, 0.0000, 68, 112, 56
L -643.1824, -498.6170, 0.0000, -644.2822, -499.5737, 0.0000, 68, 112, 56
L -644.2822, -499.5737, 0.0000, -645.3819, -499.5713, 0.0000, 68, 112, 56
L -645.3819, -499.5713, 0.0000, -646.4816, -498.6098, 0.0000, 68, 112, 56
L -646.4816, -498.6098, 0.0000, -647.5813, -496.6894, 0.0000, 68, 112, 56
L -635.4131, -501.5737, 0.0000, -631.9370, -501.5737, 0.0000, 96, 140, 84
L -636.6758, -499.1737, 0.0000, -630.6667, -499.1737, 0.0000, 96, 140, 84
L -637.5458, -496.7737, 0.0000, -632.7334, -496.7737, 0.0000, 96, 140, 84
L -630.8537, -496.7737, 0.0000, -629.9858, -496.7737, 0.0000, 96, 140, 84
L -638.2400, -494.3737, 0.0000, -634.4832, -494.3737, 0.0000, 96, 140, 84
L -638.7836, -491.9737, 0.0000, -635.4551, -491.9737, 0.0000, 96, 140, 84
L -638.7836, -489.5737, 0.0000, -636.1810, -489.5737, 0.0000, 96, 140, 84
L -638.7836, -487.1737, 0.0000, -636.8340, -487.1737, 0.0000, 96, 140, 84
L -638.7836, -484.7737, 0.0000, -637.4036, -484.7737, 0.0000, 96, 140, 84
L -638.7836, -482.3737, 0.0000, -637.9236, -482.3737, 0.0000, 96, 140, 84
L -638.7836, -485.2000, 0.0000, -637.6838, -489.9928, 0.0000, 68, 112, 56
L -637.6838, -489.9928, 0.0000, -636.5841, -493.8266, 0.0000, 68, 112, 56
L -636.5841, -493.8266, 0.0000, -635.4844, -496.7013, 0.0000, 68, 112, 56
L -635.4844, -496.7013, 0.0000, -634.3847, -498.6170, 0.0000, 68, 112, 56
L -634.3847, -498.6170, 0.0000, -633.2850, -499.5737, 0.0000, 68, 112, 56
L -633.2850, -499.5737, 0.0000, -632.1852, -499.5713, 0.0000, 68, 112, 56
L -632.1852, -499.5713, 0.0000, -631.0855, -498.6098, 0.0000, 68, 112, 56
L -631.0855, -498.6098, 0.0000, -629.9858, -496.6894, 0.0000, 68, 112, 56
L -631.0058, -498.4824, 0.0000, -620.9591, -498.4824, 0.0000, 68, 112, 56
L -634.9032, -496.0824, 0.0000, -617.1090, -496.0824, 0.0000, 68, 112, 56
L -637.5106, -493.6824, 0.0000, -614.4748, -493.6824, 0.0000, 68, 112, 56
L -638.7836, -491.2824, 0.0000, -627.1350, -491.2824, 0.0000, 68, 112, 56
L -638.7836, -488.8824, 0.0000, -630.2695, -488.8824, 0.0000, 68, 112, 56
L -638.7836, -486.4824, 0.0000, -632.7030, -486.4824, 0.0000, 68, 112, 56
L -638.7836, -484.0824, 0.0000, -634.6117, -484.0824, 0.0000, 68, 112, 56
L -638.7836, -481.6824, 0.0000, -636.3791, -481.6824, 0.0000, 68, 112, 56
L -638.7836, -479.2824, 0.0000, -637.9462, -479.2824, 0.0000, 68, 112, 56
L -638.7836, -485.2000, 0.0000, -635.7304, -489.0757, 0.0000, 68, 112, 56
L -635.7304, -489.0757, 0.0000, -632.6773, -492.1147, 0.0000, 68, 112, 56
L -632.6773, -492.1147, 0.0000, -629.6242, -494.3169, 0.0000, 68, 112, 56
L -629.6242, -494.3169, 0.0000, -626.5711, -495.6824, 0.0000, 68, 112, 56
L -626.5711, -495.6824, 0.0000, -623.5179, -496.2111, 0.0000, 68, 112, 56
L -623.5179, -496.2111, 0.0000, -620.4648, -495.9030, 0.0000, 68, 112, 56
L -620.4648, -495.9030, 0.0000, -617.4117, -494.7581, 0.0000, 68, 112, 56
L -617.4117, -494.7581, 0.0000, -614.3586, -492.7765, 0.0000, 68, 112, 56
L -634.9536, -493.6816, 0.0000, -618.1866, -493.6816, 0.0000, 96, 140, 84
L -638.7836, -491.2816, 0.0000, -611.8803, -491.2816, 0.0000, 96, 140, 84
L -638.7836, -488.8816, 0.0000, -607.5697, -488.8816, 0.0000, 96, 140, 84
L -638.7836, -486.4816, 0.0000, -621.3989, -486.4816, 0.0000, 96, 140, 84
L -609.5841, -486.4816, 0.0000, -604.1959, -486.4816, 0.0000, 96, 140, 84
L -638.7836, -484.0816, 0.0000, -628.6833, -484.0816, 0.0000, 96, 140, 84
L -638.7836, -481.6816, 0.0000, -633.3293, -481.6816, 0.0000, 96, 140, 84
L -638.7836, -479.2816, 0.0000, -636.9649, -479.2816, 0.0000, 96, 140, 84
L -638.7836, -485.2000, 0.0000, -634.4601, -487.4468, 0.0000, 68, 112, 56
L -634.4601, -487.4468, 0.0000, -630.1366, -489.0740, 0.0000, 68, 112, 56
L -630.1366, -489.0740, 0.0000, -625.8132, -490.0816, 0.0000, 68, 112, 56
L -625.8132, -490.0816, 0.0000, -621.4897, -490.4697, 0.0000, 68, 112, 56
L -621.4897, -490.4697, 0.0000, -617.1663, -490.2382, 0.0000, 68, 112, 56
L -617.1663, -490.2382, 0.0000, -612.8428, -489.3871, 0.0000, 68, 112, 56
L -612.8428, -489.3871, 0.0000, -608.5193, -487.9165, 0.0000, 68, 112, 56
L -608.5193, -487.9165, 0.0000, -604.1959, -485.8262, 0.0000, 68, 112, 56
L -635.9489, -482.8055, 0.0000, -632.5058, -482.8055, 0.0000, 96, 78, 54
L -636.7857, -481.0055, 0.0000, -632.6366, -481.0055, 0.0000, 96, 78, 54
L -632.3491, -481.6000, 0.0000, -632.6887, -480.8977, 0.0000, 96, 78, 54
L -632.6887, -480.8977, 0.0000, -632.9975, -480.1809, 0.0000, 96, 78, 54
L -632.9975, -480.1809, 0.0000, -633.8603, -480.0377, 0.0000, 96, 78, 54
L -633.8603, -480.0377, 0.0000, -634.5836, -479.8642, 0.0000, 96, 78, 54
L -634.5836, -479.8642, 0.0000, -635.5220, -479.5728, 0.0000, 96, 78, 54
L -635.5220, -479.5728, 0.0000, -636.1501, -480.1984, 0.0000, 96, 78, 54
L -636.1501, -480.1984, 0.0000, -636.6996, -480.8158, 0.0000, 96, 78, 54
L -636.6996, -480.8158, 0.0000, -637.0558, -481.6000, 0.0000, 96, 78, 54
L -637.0558, -481.6000, 0.0000, -636.5831, -482.3410, 0.0000, 96, 78, 54
L -636.5831, -482.3410, 0.0000, -635.9390, -482.8127, 0.0000, 96, 78, 54
L -635.9390, -482.8127, 0.0000, -635.5450, -483.6768, 0.0000, 96, 78, 54
L -635.5450, -483.6768, 0.0000, -634.5836, -483.7055, 0.0000, 96, 78, 54
L -634.5836, -483.7055, 0.0000, -633.6614, -483.5919, 0.0000, 96, 78, 54
L -633.6614, -483.5919, 0.0000, -632.9011, -483.1053, 0.0000, 96, 78, 54
L -632.9011, -483.1053, 0.0000, -632.1201, -482.5130, 0.0000, 96, 78, 54
L -632.1201, -482.5130, 0.0000, -632.3491, -481.6000, 0.0000, 96, 78, 54
L -636.1115, -480.1600, 0.0000, -633.1232, -480.1600, 0.0000, 70, 56, 38
L -642.7906, -480.6029, 0.0000, -638.9057, -480.6029, 0.0000, 96, 78, 54
L -642.9967, -478.8029, 0.0000, -638.6016, -478.8029, 0.0000, 96, 78, 54
L -638.7162, -479.5215, 0.0000, -638.5801, -478.6679, 0.0000, 96, 78, 54
L -638.5801, -478.6679, 0.0000, -639.3476, -478.1472, 0.0000, 96, 78, 54
L -639.3476, -478.1472, 0.0000, -639.9884, -477.5879, 0.0000, 96, 78, 54
L -639.9884, -477.5879, 0.0000, -640.8836, -477.3636, 0.0000, 96, 78, 54
L -640.8836, -477.3636, 0.0000, -641.6978, -477.7628, 0.0000, 96, 78, 54
L -641.6978, -477.7628, 0.0000, -642.2553, -478.2942, 0.0000, 96, 78, 54
L -642.2553, -478.2942, 0.0000, -642.9703, -478.7482, 0.0000, 96, 78, 54
L -642.9703, -478.7482, 0.0000, -643.3424, -479.5215, 0.0000, 96, 78, 54
L -643.3424, -479.5215, 0.0000, -643.0587, -480.3277, 0.0000, 96, 78, 54
L -643.0587, -480.3277, 0.0000, -642.4653, -480.9367, 0.0000, 96, 78, 54
L -642.4653, -480.9367, 0.0000, -641.8008, -481.5029, 0.0000, 96, 78, 54
L -641.8008, -481.5029, 0.0000, -640.8836, -481.3280, 0.0000, 96, 78, 54
L -640.8836, -481.3280, 0.0000, -640.1120, -481.1881, 0.0000, 96, 78, 54
L -640.1120, -481.1881, 0.0000, -639.3738, -480.8723, 0.0000, 96, 78, 54
L -639.3738, -480.8723, 0.0000, -638.5376, -480.3910, 0.0000, 96, 78, 54
L -638.5376, -480.3910, 0.0000, -638.7162, -479.5215, 0.0000, 96, 78, 54
L -642.0322, -478.0815, 0.0000, -639.4228, -478.0815, 0.0000, 70, 56, 38
L -642.5016, -484.8544, 0.0000, -639.3444, -484.8544, 0.0000, 96, 78, 54
L -642.8907, -483.0544, 0.0000, -639.0541, -483.0544, 0.0000, 96, 78, 54
L -638.8534, -483.6785, 0.0000, -639.0696, -483.0062, 0.0000, 96, 78, 54
L -639.0696, -483.0062, 0.0000, -639.5043, -482.4444, 0.0000, 96, 78, 54
L -639.5043, -482.4444, 0.0000, -640.1559, -482.1066, 0.0000, 96, 78, 54
L -640.1559, -482.1066, 0.0000, -640.8836, -481.8033, 0.0000, 96, 78, 54
L -640.8836, -481.8033, 0.0000, -641.7789, -481.7443, 0.0000, 96, 78, 54
L -641.7789, -481.7443, 0.0000, -642.6819, -482.0694, 0.0000, 96, 78, 54
L -642.6819, -482.0694, 0.0000, -642.8617, -482.9453, 0.0000, 96, 78, 54
L -642.8617, -482.9453, 0.0000, -643.0566, -483.6785, 0.0000, 96, 78, 54
L -643.0566, -483.6785, 0.0000, -642.8296, -484.3997, 0.0000, 96, 78, 54
L -642.8296, -484.3997, 0.0000, -642.3825, -485.0196, 0.0000, 96, 78, 54
L -642.3825, -485.0196, 0.0000, -641.8433, -485.7515, 0.0000, 96, 78, 54
L -641.8433, -485.7515, 0.0000, -640.8836, -485.7544, 0.0000, 96, 78, 54
L -640.8836, -485.7544, 0.0000, -640.0869, -485.3993, 0.0000, 96, 78, 54
L -640.0869, -485.3993, 0.0000, -639.4994, -484.9169, 0.0000, 96, 78, 54
L -639.4994, -484.9169, 0.0000, -638.5619, -484.5389, 0.0000, 96, 78, 54
L -638.5619, -484.5389, 0.0000, -638.8534, -483.6785, 0.0000, 96, 78, 54
L -642.7166, -482.2385, 0.0000, -639.9015, -482.2385, 0.0000, 70, 56, 38
L -450.4400, -91.8000, 0.0000, -450.7120, -109.7200, 0.0000, 118, 90, 54
L -450.7120, -109.7200, 0.0000, -439.2880, -109.7200, 0.0000, 118, 90, 54
L -439.2880, -109.7200, 0.0000, -439.5600, -91.8000, 0.0000, 118, 90, 54
L -439.5600, -91.8000, 0.0000, -450.4400, -91.8000, 0.0000, 118, 90, 54
L -447.7200, -91.8000, 0.0000, -448.2640, -81.5600, 0.0000, 118, 90, 54
L -442.2800, -91.8000, 0.0000, -441.4640, -81.5600, 0.0000, 118, 90, 54
L -440.8400, -115.8000, 0.0000, -441.6345, -113.1667, 0.0000, 118, 90, 54
L -441.6345, -113.1667, 0.0000, -443.7145, -111.5393, 0.0000, 118, 90, 54
L -443.7145, -111.5393, 0.0000, -446.2855, -111.5393, 0.0000, 118, 90, 54
L -446.2855, -111.5393, 0.0000, -448.3655, -113.1667, 0.0000, 118, 90, 54
L -448.3655, -113.1667, 0.0000, -449.1600, -115.8000, 0.0000, 118, 90, 54
L -449.1600, -115.8000, 0.0000, -448.3655, -118.4333, 0.0000, 118, 90, 54
L -448.3655, -118.4333, 0.0000, -446.2855, -120.0607, 0.0000, 118, 90, 54
L -446.2855, -120.0607, 0.0000, -443.7145, -120.0607, 0.0000, 118, 90, 54
L -443.7145, -120.0607, 0.0000, -441.6345, -118.4333, 0.0000, 118, 90, 54
L -441.6345, -118.4333, 0.0000, -440.8400, -115.8000, 0.0000, 118, 90, 54
L -450.4400, -118.3600, 0.0000, -448.2000, -124.1200, 0.0000, 118, 90, 54
L -448.2000, -124.1200, 0.0000, -441.8000, -124.1200, 0.0000, 118, 90, 54
L -441.8000, -124.1200, 0.0000, -439.5600, -118.3600, 0.0000, 118, 90, 54
L -439.5600, -118.3600, 0.0000, -450.4400, -118.3600, 0.0000, 118, 90, 54
L -439.5600, -122.2000, 0.0000, -435.4000, -117.0800, 0.0000, 118, 90, 54
L -450.4400, -96.9200, 0.0000, -439.5600, -95.6400, 0.0000, 118, 90, 54
L -438.8015, -102.0400, 0.0000, -437.4650, -99.6933, 0.0000, 118, 90, 54
L -437.4650, -99.6933, 0.0000, -436.0400, -97.3467, 0.0000, 118, 90, 54
L -436.0400, -97.3467, 0.0000, -434.6150, -95.0000, 0.0000, 118, 90, 54
L -434.6150, -95.0000, 0.0000, -433.2785, -92.6533, 0.0000, 118, 90, 54
L -433.2785, -92.6533, 0.0000, -432.1138, -90.3067, 0.0000, 118, 90, 54
L -432.1138, -90.3067, 0.0000, -431.1931, -87.9600, 0.0000, 118, 90, 54
L -606.3132, 669.5286, 0.0000, -600.2862, 669.5286, 0.0000, 96, 78, 54
L -605.7658, 672.6658, 0.0000, -599.5887, 672.6658, 0.0000, 96, 78, 54
L -605.2183, 675.8030, 0.0000, -598.8912, 675.8030, 0.0000, 96, 78, 54
L -605.3005, 678.9402, 0.0000, -598.8233, 678.9402, 0.0000, 96, 78, 54
L -605.4506, 682.0774, 0.0000, -598.8234, 682.0774, 0.0000, 96, 78, 54
L -605.4326, 685.2146, 0.0000, -598.6554, 685.2146, 0.0000, 96, 78, 54
L -605.0320, 688.3518, 0.0000, -598.1048, 688.3518, 0.0000, 96, 78, 54
L -604.6315, 691.4890, 0.0000, -597.5542, 691.4890, 0.0000, 96, 78, 54
L -604.3701, 694.6262, 0.0000, -597.1427, 694.6262, 0.0000, 96, 78, 54
L -604.1662, 697.7634, 0.0000, -596.7888, 697.7634, 0.0000, 96, 78, 54
L -604.0076, 700.9006, 0.0000, -596.4802, 700.9006, 0.0000, 96, 78, 54
L -604.2145, 704.0378, 0.0000, -596.5370, 704.0378, 0.0000, 96, 78, 54
L -604.4214, 707.1750, 0.0000, -596.5939, 707.1750, 0.0000, 96, 78, 54
L -604.3906, 710.3122, 0.0000, -596.4130, 710.3122, 0.0000, 96, 78, 54
L -604.1341, 713.4494, 0.0000, -596.0065, 713.4494, 0.0000, 96, 78, 54
L -603.8776, 716.5866, 0.0000, -595.5999, 716.5866, 0.0000, 96, 78, 54
L -603.8698, 719.7238, 0.0000, -595.4422, 719.7238, 0.0000, 96, 78, 54
L -603.8851, 722.8610, 0.0000, -595.3074, 722.8610, 0.0000, 96, 78, 54
L -603.8955, 725.0000, 0.0000, -603.8559, 716.8514, 0.0000, 70, 56, 38
L -595.2155, 725.0000, 0.0000, -595.5656, 716.8514, 0.0000, 96, 78, 54
L -603.8559, 716.8514, 0.0000, -604.5221, 708.7029, 0.0000, 70, 56, 38
L -595.5656, 716.8514, 0.0000, -596.6216, 708.7029, 0.0000, 96, 78, 54
L -604.5221, 708.7029, 0.0000, -603.9848, 700.5543, 0.0000, 70, 56, 38
L -596.6216, 708.7029, 0.0000, -596.4739, 700.5543, 0.0000, 96, 78, 54
L -603.9848, 700.5543, 0.0000, -604.5144, 692.4057, 0.0000, 70, 56, 38
L -596.4739, 700.5543, 0.0000, -597.3933, 692.4057, 0.0000, 96, 78, 54
L -604.5144, 692.4057, 0.0000, -605.5548, 684.2571, 0.0000, 70, 56, 38
L -597.3933, 692.4057, 0.0000, -598.8234, 684.2571, 0.0000, 96, 78, 54
L -605.5548, 684.2571, 0.0000, -605.1650, 676.1086, 0.0000, 70, 56, 38
L -598.8234, 684.2571, 0.0000, -598.8233, 676.1086, 0.0000, 96, 78, 54
L -605.1650, 676.1086, 0.0000, -606.5869, 667.9600, 0.0000, 70, 56, 38
L -598.8233, 676.1086, 0.0000, -600.6349, 667.9600, 0.0000, 96, 78, 54
L -603.8559, 716.8514, 0.0000, -600.1253, 717.9922, 0.0000, 70, 56, 38
L -603.9848, 700.5543, 0.0000, -600.6049, 701.6951, 0.0000, 70, 56, 38
L -605.5548, 684.2571, 0.0000, -602.5257, 685.3979, 0.0000, 70, 56, 38
L -603.9372, 715.4933, 0.0000, -596.2492, 715.4933, 0.0000, 70, 56, 38
L -604.2169, 705.9867, 0.0000, -596.5289, 705.9867, 0.0000, 70, 56, 38
L -604.6831, 696.4800, 0.0000, -596.9951, 696.4800, 0.0000, 70, 56, 38
L -605.3358, 686.9733, 0.0000, -597.6478, 686.9733, 0.0000, 70, 56, 38
L -606.1749, 677.4667, 0.0000, -598.4869, 677.4667, 0.0000, 70, 56, 38
L -624.6400, 659.1957, 0.0000, -607.3140, 659.1957, 0.0000, 68, 112, 56
L -631.1565, 661.6757, 0.0000, -603.3565, 661.6757, 0.0000, 68, 112, 56
L -635.6108, 664.1557, 0.0000, -603.3565, 664.1557, 0.0000, 68, 112, 56
L -639.0971, 666.6357, 0.0000, -633.5293, 666.6357, 0.0000, 68, 112, 56
L -621.3206, 666.6357, 0.0000, -603.3565, 666.6357, 0.0000, 68, 112, 56
L -613.7934, 669.1157, 0.0000, -603.3565, 669.1157, 0.0000, 68, 112, 56
L -608.9925, 671.5957, 0.0000, -603.3565, 671.5957, 0.0000, 68, 112, 56
L -605.2357, 674.0757, 0.0000, -603.3565, 674.0757, 0.0000, 68, 112, 56
L -603.3565, 667.9600, 0.0000, -607.8240, 665.6383, 0.0000, 68, 112, 56
L -607.8240, 665.6383, 0.0000, -612.2916, 663.9569, 0.0000, 68, 112, 56
L -612.2916, 663.9569, 0.0000, -616.7592, 662.9157, 0.0000, 68, 112, 56
L -616.7592, 662.9157, 0.0000, -621.2268, 662.5147, 0.0000, 68, 112, 56
L -621.2268, 662.5147, 0.0000, -625.6943, 662.7539, 0.0000, 68, 112, 56
L -625.6943, 662.7539, 0.0000, -630.1619, 663.6333, 0.0000, 68, 112, 56
L -630.1619, 663.6333, 0.0000, -634.6295, 665.1530, 0.0000, 68, 112, 56
L -634.6295, 665.1530, 0.0000, -639.0971, 667.3129, 0.0000, 68, 112, 56
L -621.7751, 654.2349, 0.0000, -611.3935, 654.2349, 0.0000, 96, 140, 84
L -625.7535, 656.7149, 0.0000, -607.3662, 656.7149, 0.0000, 96, 140, 84
L -628.4755, 659.1949, 0.0000, -604.6719, 659.1949, 0.0000, 96, 140, 84
L -615.3933, 661.6749, 0.0000, -603.3565, 661.6749, 0.0000, 96, 140, 84
L -612.1543, 664.1549, 0.0000, -603.3565, 664.1549, 0.0000, 96, 140, 84
L -609.6397, 666.6349, 0.0000, -603.3565, 666.6349, 0.0000, 96, 140, 84
L -607.6674, 669.1149, 0.0000, -603.3565, 669.1149, 0.0000, 96, 140, 84
L -605.8411, 671.5949, 0.0000, -603.3565, 671.5949, 0.0000, 96, 140, 84
L -604.2217, 674.0749, 0.0000, -603.3565, 674.0749, 0.0000, 96, 140, 84
L -603.3565, 667.9600, 0.0000, -606.5114, 663.9551, 0.0000, 68, 112, 56
L -606.5114, 663.9551, 0.0000, -609.6663, 660.8148, 0.0000, 68, 112, 56
L -609.6663, 660.8148, 0.0000, -612.8212, 658.5392, 0.0000, 68, 112, 56
L -612.8212, 658.5392, 0.0000, -615.9760, 657.1282, 0.0000, 68, 112, 56
L -615.9760, 657.1282, 0.0000, -619.1309, 656.5819, 0.0000, 68, 112, 56
L -619.1309, 656.5819, 0.0000, -622.2858, 656.9002, 0.0000, 68, 112, 56
L -622.2858, 656.9002, 0.0000, -625.4407, 658.0833, 0.0000, 68, 112, 56
L -625.4407, 658.0833, 0.0000, -628.5956, 660.1309, 0.0000, 68, 112, 56
L -610.4312, 651.0405, 0.0000, -606.8393, 651.0405, 0.0000, 68, 112, 56
L -611.7439, 653.5205, 0.0000, -605.5345, 653.5205, 0.0000, 68, 112, 56
L -612.4475, 656.0005, 0.0000, -611.5506, 656.0005, 0.0000, 68, 112, 56
L -609.6083, 656.0005, 0.0000, -604.6355, 656.0005, 0.0000, 68, 112, 56
L -607.8001, 658.4805, 0.0000, -603.9182, 658.4805, 0.0000, 68, 112, 56
L -606.7959, 660.9605, 0.0000, -603.3565, 660.9605, 0.0000, 68, 112, 56
L -606.0458, 663.4405, 0.0000, -603.3565, 663.4405, 0.0000, 68, 112, 56
L -605.3710, 665.9205, 0.0000, -603.3565, 665.9205, 0.0000, 68, 112, 56
L -604.7824, 668.4005, 0.0000, -603.3565, 668.4005, 0.0000, 68, 112, 56
L -604.2451, 670.8805, 0.0000, -603.3565, 670.8805, 0.0000, 68, 112, 56
L -603.3565, 667.9600, 0.0000, -604.4928, 663.0074, 0.0000, 68, 112, 56
L -604.4928, 663.0074, 0.0000, -605.6292, 659.0458, 0.0000, 68, 112, 56
L -605.6292, 659.0458, 0.0000, -606.7656, 656.0753, 0.0000, 68, 112, 56
L -606.7656, 656.0753, 0.0000, -607.9020, 654.0957, 0.0000, 68, 112, 56
L -607.9020, 654.0957, 0.0000, -609.0384, 653.1072, 0.0000, 68, 112, 56
L -609.0384, 653.1072, 0.0000, -610.1747, 653.1097, 0.0000, 68, 112, 56
L -610.1747, 653.1097, 0.0000, -611.3111, 654.1032, 0.0000, 68, 112, 56
L -611.3111, 654.1032, 0.0000, -612.4475, 656.0876, 0.0000, 68, 112, 56
L -599.8737, 651.0405, 0.0000, -596.2817, 651.0405, 0.0000, 96, 140, 84
L -601.1785, 653.5205, 0.0000, -594.9690, 653.5205, 0.0000, 96, 140, 84
L -602.0774, 656.0005, 0.0000, -597.1047, 656.0005, 0.0000, 96, 140, 84
L -595.1623, 656.0005, 0.0000, -594.2654, 656.0005, 0.0000, 96, 140, 84
L -602.7947, 658.4805, 0.0000, -598.9128, 658.4805, 0.0000, 96, 140, 84
L -603.3565, 660.9605, 0.0000, -599.9171, 660.9605, 0.0000, 96, 140, 84
L -603.3565, 663.4405, 0.0000, -600.6671, 663.4405, 0.0000, 96, 140, 84
L -603.3565, 665.9205, 0.0000, -601.3419, 665.9205, 0.0000, 96, 140, 84
L -603.3565, 668.4005, 0.0000, -601.9305, 668.4005, 0.0000, 96, 140, 84
L -603.3565, 670.8805, 0.0000, -602.4678, 670.8805, 0.0000, 96, 140, 84
L -603.3565, 667.9600, 0.0000, -602.2201, 663.0074, 0.0000, 68, 112, 56
L -602.2201, 663.0074, 0.0000, -601.0837, 659.0458, 0.0000, 68, 112, 56
L -601.0837, 659.0458, 0.0000, -599.9473, 656.0753, 0.0000, 68, 112, 56
L -599.9473, 656.0753, 0.0000, -598.8110, 654.0957, 0.0000, 68, 112, 56
L -598.8110, 654.0957, 0.0000, -597.6746, 653.1072, 0.0000, 68, 112, 56
L -597.6746, 653.1072, 0.0000, -596.5382, 653.1097, 0.0000, 68, 112, 56
L -596.5382, 653.1097, 0.0000, -595.4018, 654.1032, 0.0000, 68, 112, 56
L -595.4018, 654.1032, 0.0000, -594.2654, 656.0876, 0.0000, 68, 112, 56
L -595.3195, 654.2349, 0.0000, -584.9379, 654.2349, 0.0000, 68, 112, 56
L -599.3468, 656.7149, 0.0000, -580.9595, 656.7149, 0.0000, 68, 112, 56
L -602.0411, 659.1949, 0.0000, -578.2374, 659.1949, 0.0000, 68, 112, 56
L -603.3565, 661.6749, 0.0000, -591.3197, 661.6749, 0.0000, 68, 112, 56
L -603.3565, 664.1549, 0.0000, -594.5586, 664.1549, 0.0000, 68, 112, 56
L -603.3565, 666.6349, 0.0000, -597.0733, 666.6349, 0.0000, 68, 112, 56
L -603.3565, 669.1149, 0.0000, -599.0456, 669.1149, 0.0000, 68, 112, 56
L -603.3565, 671.5949, 0.0000, -600.8718, 671.5949, 0.0000, 68, 112, 56
L -603.3565, 674.0749, 0.0000, -602.4912, 674.0749, 0.0000, 68, 112, 56
L -603.3565, 667.9600, 0.0000, -600.2016, 663.9551, 0.0000, 68, 112, 56
L -600.2016, 663.9551, 0.0000, -597.0467, 660.8148, 0.0000, 68, 112, 56
L -597.0467, 660.8148, 0.0000, -593.8918, 658.5392, 0.0000, 68, 112, 56
L -593.8918, 658.5392, 0.0000, -590.7369, 657.1282, 0.0000, 68, 112, 56
L -590.7369, 657.1282, 0.0000, -587.5820, 656.5819, 0.0000, 68, 112, 56
L -587.5820, 656.5819, 0.0000, -584.4271, 656.9002, 0.0000, 68, 112, 56
L -584.4271, 656.9002, 0.0000, -581.2722, 658.0833, 0.0000, 68, 112, 56
L -581.2722, 658.0833, 0.0000, -578.1173, 660.1309, 0.0000, 68, 112, 56
L -599.3989, 659.1957, 0.0000, -582.0730, 659.1957, 0.0000, 96, 140, 84
L -603.3565, 661.6757, 0.0000, -575.5565, 661.6757, 0.0000, 96, 140, 84
L -603.3565, 664.1557, 0.0000, -571.1021, 664.1557, 0.0000, 96, 140, 84
L -603.3565, 666.6357, 0.0000, -585.3924, 666.6357, 0.0000, 96, 140, 84
L -573.1837, 666.6357, 0.0000, -567.6159, 666.6357, 0.0000, 96, 140, 84
L -603.3565, 669.1157, 0.0000, -592.9195, 669.1157, 0.0000, 96, 140, 84
L -603.3565, 671.5957, 0.0000, -597.7204, 671.5957, 0.0000, 96, 140, 84
L -603.3565, 674.0757, 0.0000, -601.4772, 674.0757, 0.0000, 96, 140, 84
L -603.3565, 667.9600, 0.0000, -598.8889, 665.6383, 0.0000, 68, 112, 56
L -598.8889, 665.6383, 0.0000, -594.4213, 663.9569, 0.0000, 68, 112, 56
L -594.4213, 663.9569, 0.0000, -589.9537, 662.9157, 0.0000, 68, 112, 56
L -589.9537, 662.9157, 0.0000, -585.4862, 662.5147, 0.0000, 68, 112, 56
L -585.4862, 662.5147, 0.0000, -581.0186, 662.7539, 0.0000, 68, 112, 56
L -581.0186, 662.7539, 0.0000, -576.5510, 663.6333, 0.0000, 68, 112, 56
L -576.5510, 663.6333, 0.0000, -572.0834, 665.1530, 0.0000, 68, 112, 56
L -572.0834, 665.1530, 0.0000, -567.6159, 667.3129, 0.0000, 68, 112, 56
L -600.8674, 670.5252, 0.0000, -596.8478, 670.5252, 0.0000, 96, 78, 54
L -601.4353, 672.3852, 0.0000, -596.8918, 672.3852, 0.0000, 96, 78, 54
L -596.8251, 671.6800, 0.0000, -596.8993, 672.4646, 0.0000, 96, 78, 54
L -596.8993, 672.4646, 0.0000, -597.2974, 673.2181, 0.0000, 96, 78, 54
L -597.2974, 673.2181, 0.0000, -598.2368, 673.3642, 0.0000, 96, 78, 54
L -598.2368, 673.3642, 0.0000, -599.0165, 673.9297, 0.0000, 96, 78, 54
L -599.0165, 673.9297, 0.0000, -600.0259, 673.8605, 0.0000, 96, 78, 54
L -600.0259, 673.8605, 0.0000, -600.6898, 673.1772, 0.0000, 96, 78, 54
L -600.6898, 673.1772, 0.0000, -601.4239, 672.5722, 0.0000, 96, 78, 54
L -601.4239, 672.5722, 0.0000, -601.4785, 671.6800, 0.0000, 96, 78, 54
L -601.4785, 671.6800, 0.0000, -601.4477, 670.7790, 0.0000, 96, 78, 54
L -601.4477, 670.7790, 0.0000, -600.4911, 670.3606, 0.0000, 96, 78, 54
L -600.4911, 670.3606, 0.0000, -599.8722, 669.8315, 0.0000, 96, 78, 54
L -599.8722, 669.8315, 0.0000, -599.0165, 669.5952, 0.0000, 96, 78, 54
L -599.0165, 669.5952, 0.0000, -598.2434, 670.0101, 0.0000, 96, 78, 54
L -598.2434, 670.0101, 0.0000, -597.0668, 669.9355, 0.0000, 96, 78, 54
L -597.0668, 669.9355, 0.0000, -596.7332, 670.8338, 0.0000, 96, 78, 54
L -596.7332, 670.8338, 0.0000, -596.8251, 671.6800, 0.0000, 96, 78, 54
L -600.7010, 673.1680, 0.0000, -597.2710, 673.1680, 0.0000, 70, 56, 38
L -607.4145, 672.5878, 0.0000, -603.9157, 672.5878, 0.0000, 96, 78, 54
L -607.7880, 674.4478, 0.0000, -603.3423, 674.4478, 0.0000, 96, 78, 54
L -603.5112, 673.8277, 0.0000, -603.2849, 674.6585, 0.0000, 96, 78, 54
L -603.2849, 674.6585, 0.0000, -603.9118, 675.2724, 0.0000, 96, 78, 54
L -603.9118, 675.2724, 0.0000, -604.7257, 675.5575, 0.0000, 96, 78, 54
L -604.7257, 675.5575, 0.0000, -605.5265, 675.6784, 0.0000, 96, 78, 54
L -605.5265, 675.6784, 0.0000, -606.4153, 675.7478, 0.0000, 96, 78, 54
L -606.4153, 675.7478, 0.0000, -606.9347, 675.0878, 0.0000, 96, 78, 54
L -606.9347, 675.0878, 0.0000, -607.7526, 674.6528, 0.0000, 96, 78, 54
L -607.7526, 674.6528, 0.0000, -607.8951, 673.8277, 0.0000, 96, 78, 54
L -607.8951, 673.8277, 0.0000, -607.4109, 673.1293, 0.0000, 96, 78, 54
L -607.4109, 673.1293, 0.0000, -607.4174, 672.1358, 0.0000, 96, 78, 54
L -607.4174, 672.1358, 0.0000, -606.2789, 672.2023, 0.0000, 96, 78, 54
L -606.2789, 672.2023, 0.0000, -605.5265, 671.9686, 0.0000, 96, 78, 54
L -605.5265, 671.9686, 0.0000, -604.5219, 671.6578, 0.0000, 96, 78, 54
L -604.5219, 671.6578, 0.0000, -604.0280, 672.4870, 0.0000, 96, 78, 54
L -604.0280, 672.4870, 0.0000, -603.4092, 673.0431, 0.0000, 96, 78, 54
L -603.4092, 673.0431, 0.0000, -603.5112, 673.8277, 0.0000, 96, 78, 54
L -606.7553, 675.3157, 0.0000, -604.0356, 675.3157, 0.0000, 70, 56, 38
L -607.5272, 668.3867, 0.0000, -603.7280, 668.3867, 0.0000, 96, 78, 54
L -607.5316, 670.2467, 0.0000, -603.3741, 670.2467, 0.0000, 96, 78, 54
L -603.1199, 669.5323, 0.0000, -603.4003, 670.3202, 0.0000, 96, 78, 54
L -603.4003, 670.3202, 0.0000, -603.8640, 671.0197, 0.0000, 96, 78, 54
L -603.8640, 671.0197, 0.0000, -604.6233, 671.4831, 0.0000, 96, 78, 54
L -604.6233, 671.4831, 0.0000, -605.5265, 671.6272, 0.0000, 96, 78, 54
L -605.5265, 671.6272, 0.0000, -606.2845, 671.1696, 0.0000, 96, 78, 54
L -606.2845, 671.1696, 0.0000, -607.3821, 671.1926, 0.0000, 96, 78, 54
L -607.3821, 671.1926, 0.0000, -607.5330, 670.2759, 0.0000, 96, 78, 54
L -607.5330, 670.2759, 0.0000, -607.4989, 669.5323, 0.0000, 96, 78, 54
L -607.4989, 669.5323, 0.0000, -607.6313, 668.7522, 0.0000, 96, 78, 54
L -607.6313, 668.7522, 0.0000, -607.3810, 667.8729, 0.0000, 96, 78, 54
L -607.3810, 667.8729, 0.0000, -606.4699, 667.4944, 0.0000, 96, 78, 54
L -606.4699, 667.4944, 0.0000, -605.5265, 667.4567, 0.0000, 96, 78, 54
L -605.5265, 667.4567, 0.0000, -604.6320, 667.6001, 0.0000, 96, 78, 54
L -604.6320, 667.6001, 0.0000, -604.0287, 668.1921, 0.0000, 96, 78, 54
L -604.0287, 668.1921, 0.0000, -603.2573, 668.6913, 0.0000, 96, 78, 54
L -603.2573, 668.6913, 0.0000, -603.1199, 669.5323, 0.0000, 96, 78, 54
L -607.4105, 671.0203, 0.0000, -603.8650, 671.0203, 0.0000, 70, 56, 38
L -421.9948, 656.6862, 0.0000, -416.7454, 656.6862, 0.0000, 96, 78, 54
L -422.8844, 659.4186, 0.0000, -417.5044, 659.4186, 0.0000, 96, 78, 54
L -423.7740, 662.1510, 0.0000, -418.2633, 662.1510, 0.0000, 96, 78, 54
L -424.1502, 664.8834, 0.0000, -418.5088, 664.8834, 0.0000, 96, 78, 54
L -424.4709, 667.6158, 0.0000, -418.6989, 667.6158, 0.0000, 96, 78, 54
L -424.8393, 670.3482, 0.0000, -418.9365, 670.3482, 0.0000, 96, 78, 54
L -425.3159, 673.0806, 0.0000, -419.2825, 673.0806, 0.0000, 96, 78, 54
L -425.7926, 675.8130, 0.0000, -419.6285, 675.8130, 0.0000, 96, 78, 54
L -426.3847, 678.5454, 0.0000, -420.0900, 678.5454, 0.0000, 96, 78, 54
L -427.0246, 681.2778, 0.0000, -420.5991, 681.2778, 0.0000, 96, 78, 54
L -427.6055, 684.0102, 0.0000, -421.0493, 684.0102, 0.0000, 96, 78, 54
L -427.7117, 686.7426, 0.0000, -421.0248, 686.7426, 0.0000, 96, 78, 54
L -427.8178, 689.4750, 0.0000, -421.0003, 689.4750, 0.0000, 96, 78, 54
L -428.0450, 692.2074, 0.0000, -421.0968, 692.2074, 0.0000, 96, 78, 54
L -428.3870, 694.9398, 0.0000, -421.3081, 694.9398, 0.0000, 96, 78, 54
L -428.7290, 697.6722, 0.0000, -421.5194, 697.6722, 0.0000, 96, 78, 54
L -428.8607, 700.4046, 0.0000, -421.5205, 700.4046, 0.0000, 96, 78, 54
L -428.9731, 703.1370, 0.0000, -421.5022, 703.1370, 0.0000, 96, 78, 54
L -429.0497, 705.0000, 0.0000, -428.7579, 697.9029, 0.0000, 70, 56, 38
L -421.4897, 705.0000, 0.0000, -421.5373, 697.9029, 0.0000, 96, 78, 54
L -428.7579, 697.9029, 0.0000, -427.8695, 690.8057, 0.0000, 70, 56, 38
L -421.5373, 697.9029, 0.0000, -420.9884, 690.8057, 0.0000, 96, 78, 54
L -427.8695, 690.8057, 0.0000, -427.5938, 683.7086, 0.0000, 70, 56, 38
L -420.9884, 690.8057, 0.0000, -421.0521, 683.7086, 0.0000, 96, 78, 54
L -427.5938, 683.7086, 0.0000, -425.9319, 676.6114, 0.0000, 70, 56, 38
L -421.0521, 683.7086, 0.0000, -419.7296, 676.6114, 0.0000, 96, 78, 54
L -425.9319, 676.6114, 0.0000, -424.6938, 669.5143, 0.0000, 70, 56, 38
L -419.7296, 676.6114, 0.0000, -418.8309, 669.5143, 0.0000, 96, 78, 54
L -424.6938, 669.5143, 0.0000, -423.8607, 662.4171, 0.0000, 70, 56, 38
L -418.8309, 669.5143, 0.0000, -418.3372, 662.4171, 0.0000, 96, 78, 54
L -423.8607, 662.4171, 0.0000, -421.5500, 655.3200, 0.0000, 70, 56, 38
L -418.3372, 662.4171, 0.0000, -416.3660, 655.3200, 0.0000, 96, 78, 54
L -428.7579, 697.9029, 0.0000, -425.5086, 698.8965, 0.0000, 70, 56, 38
L -427.5938, 683.7086, 0.0000, -424.6500, 684.7022, 0.0000, 70, 56, 38
L -424.6938, 669.5143, 0.0000, -422.0555, 670.5079, 0.0000, 70, 56, 38
L -428.1848, 696.7200, 0.0000, -421.4888, 696.7200, 0.0000, 70, 56, 38
L -427.6952, 688.4400, 0.0000, -420.9992, 688.4400, 0.0000, 70, 56, 38
L -426.8791, 680.1600, 0.0000, -420.1831, 680.1600, 0.0000, 70, 56, 38
L -425.7366, 671.8800, 0.0000, -419.0406, 671.8800, 0.0000, 70, 56, 38
L -424.2677, 663.6000, 0.0000, -417.5717, 663.6000, 0.0000, 70, 56, 38
L -437.6616, 647.6865, 0.0000, -422.5713, 647.6865, 0.0000, 68, 112, 56
L -443.3373, 649.8465, 0.0000, -419.1244, 649.8465, 0.0000, 68, 112, 56
L -447.2169, 652.0065, 0.0000, -419.1244, 652.0065, 0.0000, 68, 112, 56
L -450.2533, 654.1665, 0.0000, -445.4039, 654.1665, 0.0000, 68, 112, 56
L -434.7705, 654.1665, 0.0000, -419.1244, 654.1665, 0.0000, 68, 112, 56
L -428.2146, 656.3265, 0.0000, -419.1244, 656.3265, 0.0000, 68, 112, 56
L -424.0332, 658.4865, 0.0000, -419.1244, 658.4865, 0.0000, 68, 112, 56
L -420.7611, 660.6465, 0.0000, -419.1244, 660.6465, 0.0000, 68, 112, 56
L -419.1244, 655.3200, 0.0000, -423.0155, 653.2979, 0.0000, 68, 112, 56
L -423.0155, 653.2979, 0.0000, -426.9066, 651.8334, 0.0000, 68, 112, 56
L -426.9066, 651.8334, 0.0000, -430.7977, 650.9265, 0.0000, 68, 112, 56
L -430.7977, 650.9265, 0.0000, -434.6888, 650.5773, 0.0000, 68, 112, 56
L -434.6888, 650.5773, 0.0000, -438.5799, 650.7856, 0.0000, 68, 112, 56
L -438.5799, 650.7856, 0.0000, -442.4710, 651.5516, 0.0000, 68, 112, 56
L -442.4710, 651.5516, 0.0000, -446.3622, 652.8752, 0.0000, 68, 112, 56
L -446.3622, 652.8752, 0.0000, -450.2533, 654.7564, 0.0000, 68, 112, 56
L -435.1664, 643.3658, 0.0000, -426.1243, 643.3658, 0.0000, 96, 140, 84
L -438.6314, 645.5258, 0.0000, -422.6167, 645.5258, 0.0000, 96, 140, 84
L -441.0023, 647.6858, 0.0000, -420.2700, 647.6858, 0.0000, 96, 140, 84
L -429.6080, 649.8458, 0.0000, -419.1244, 649.8458, 0.0000, 96, 140, 84
L -426.7870, 652.0058, 0.0000, -419.1244, 652.0058, 0.0000, 96, 140, 84
L -424.5968, 654.1658, 0.0000, -419.1244, 654.1658, 0.0000, 96, 140, 84
L -422.8790, 656.3258, 0.0000, -419.1244, 656.3258, 0.0000, 96, 140, 84
L -421.2884, 658.4858, 0.0000, -419.1244, 658.4858, 0.0000, 96, 140, 84
L -419.8780, 660.6458, 0.0000, -419.1244, 660.6458, 0.0000, 96, 140, 84
L -419.1244, 655.3200, 0.0000, -421.8722, 651.8318, 0.0000, 68, 112, 56
L -421.8722, 651.8318, 0.0000, -424.6200, 649.0967, 0.0000, 68, 112, 56
L -424.6200, 649.0967, 0.0000, -427.3678, 647.1147, 0.0000, 68, 112, 56
L -427.3678, 647.1147, 0.0000, -430.1156, 645.8858, 0.0000, 68, 112, 56
L -430.1156, 645.8858, 0.0000, -432.8634, 645.4100, 0.0000, 68, 112, 56
L -432.8634, 645.4100, 0.0000, -435.6112, 645.6873, 0.0000, 68, 112, 56
L -435.6112, 645.6873, 0.0000, -438.3590, 646.7177, 0.0000, 68, 112, 56
L -438.3590, 646.7177, 0.0000, -441.1069, 648.5011, 0.0000, 68, 112, 56
L -425.2863, 640.5837, 0.0000, -422.1578, 640.5837, 0.0000, 68, 112, 56
L -426.4296, 642.7437, 0.0000, -421.0213, 642.7437, 0.0000, 68, 112, 56
L -427.0423, 644.9037, 0.0000, -426.2612, 644.9037, 0.0000, 68, 112, 56
L -424.5695, 644.9037, 0.0000, -420.2384, 644.9037, 0.0000, 68, 112, 56
L -422.9947, 647.0637, 0.0000, -419.6136, 647.0637, 0.0000, 68, 112, 56
L -422.1200, 649.2237, 0.0000, -419.1244, 649.2237, 0.0000, 68, 112, 56
L -421.4667, 651.3837, 0.0000, -419.1244, 651.3837, 0.0000, 68, 112, 56
L -420.8790, 653.5437, 0.0000, -419.1244, 653.5437, 0.0000, 68, 112, 56
L -420.3663, 655.7037, 0.0000, -419.1244, 655.7037, 0.0000, 68, 112, 56
L -419.8984, 657.8637, 0.0000, -419.1244, 657.8637, 0.0000, 68, 112, 56
L -419.1244, 655.3200, 0.0000, -420.1141, 651.0065, 0.0000, 68, 112, 56
L -420.1141, 651.0065, 0.0000, -421.1039, 647.5561, 0.0000, 68, 112, 56
L -421.1039, 647.5561, 0.0000, -422.0936, 644.9688, 0.0000, 68, 112, 56
L -422.0936, 644.9688, 0.0000, -423.0834, 643.2447, 0.0000, 68, 112, 56
L -423.0834, 643.2447, 0.0000, -424.0731, 642.3837, 0.0000, 68, 112, 56
L -424.0731, 642.3837, 0.0000, -425.0628, 642.3858, 0.0000, 68, 112, 56
L -425.0628, 642.3858, 0.0000, -426.0526, 643.2511, 0.0000, 68, 112, 56
L -426.0526, 643.2511, 0.0000, -427.0423, 644.9796, 0.0000, 68, 112, 56
L -416.0909, 640.5837, 0.0000, -412.9625, 640.5837, 0.0000, 96, 140, 84
L -417.2274, 642.7437, 0.0000, -411.8191, 642.7437, 0.0000, 96, 140, 84
L -418.0104, 644.9037, 0.0000, -413.6793, 644.9037, 0.0000, 96, 140, 84
L -411.9875, 644.9037, 0.0000, -411.2064, 644.9037, 0.0000, 96, 140, 84
L -418.6351, 647.0637, 0.0000, -415.2541, 647.0637, 0.0000, 96, 140, 84
L -419.1244, 649.2237, 0.0000, -416.1287, 649.2237, 0.0000, 96, 140, 84
L -419.1244, 651.3837, 0.0000, -416.7820, 651.3837, 0.0000, 96, 140, 84
L -419.1244, 653.5437, 0.0000, -417.3698, 653.5437, 0.0000, 96, 140, 84
L -419.1244, 655.7037, 0.0000, -417.8824, 655.7037, 0.0000, 96, 140, 84
L -419.1244, 657.8637, 0.0000, -418.3504, 657.8637, 0.0000, 96, 140, 84
L -419.1244, 655.3200, 0.0000, -418.1346, 651.0065, 0.0000, 68, 112, 56
L -418.1346, 651.0065, 0.0000, -417.1449, 647.5561, 0.0000, 68, 112, 56
L -417.1449, 647.5561, 0.0000, -416.1551, 644.9688, 0.0000, 68, 112, 56
L -416.1551, 644.9688, 0.0000, -415.1654, 643.2447, 0.0000, 68, 112, 56
L -415.1654, 643.2447, 0.0000, -414.1756, 642.3837, 0.0000, 68, 112, 56
L -414.1756, 642.3837, 0.0000, -413.1859, 642.3858, 0.0000, 68, 112, 56
L -413.1859, 642.3858, 0.0000, -412.1961, 643.2511, 0.0000, 68, 112, 56
L -412.1961, 643.2511, 0.0000, -411.2064, 644.9796, 0.0000, 68, 112, 56
L -412.1244, 643.3658, 0.0000, -403.0824, 643.3658, 0.0000, 68, 112, 56
L -415.6320, 645.5258, 0.0000, -399.6173, 645.5258, 0.0000, 68, 112, 56
L -417.9787, 647.6858, 0.0000, -397.2465, 647.6858, 0.0000, 68, 112, 56
L -419.1244, 649.8458, 0.0000, -408.6407, 649.8458, 0.0000, 68, 112, 56
L -419.1244, 652.0058, 0.0000, -411.4617, 652.0058, 0.0000, 68, 112, 56
L -419.1244, 654.1658, 0.0000, -413.6519, 654.1658, 0.0000, 68, 112, 56
L -419.1244, 656.3258, 0.0000, -415.3697, 656.3258, 0.0000, 68, 112, 56
L -419.1244, 658.4858, 0.0000, -416.9603, 658.4858, 0.0000, 68, 112, 56
L -419.1244, 660.6458, 0.0000, -418.3707, 660.6458, 0.0000, 68, 112, 56
L -419.1244, 655.3200, 0.0000, -416.3765, 651.8318, 0.0000, 68, 112, 56
L -416.3765, 651.8318, 0.0000, -413.6287, 649.0967, 0.0000, 68, 112, 56
L -413.6287, 649.0967, 0.0000, -410.8809, 647.1147, 0.0000, 68, 112, 56
L -410.8809, 647.1147, 0.0000, -408.1331, 645.8858, 0.0000, 68, 112, 56
L -408.1331, 645.8858, 0.0000, -405.3853, 645.4100, 0.0000, 68, 112, 56
L -405.3853, 645.4100, 0.0000, -402.6375, 645.6873, 0.0000, 68, 112, 56
L -402.6375, 645.6873, 0.0000, -399.8897, 646.7177, 0.0000, 68, 112, 56
L -399.8897, 646.7177, 0.0000, -397.1419, 648.5011, 0.0000, 68, 112, 56
L -415.6774, 647.6865, 0.0000, -400.5871, 647.6865, 0.0000, 96, 140, 84
L -419.1244, 649.8465, 0.0000, -394.9114, 649.8465, 0.0000, 96, 140, 84
L -419.1244, 652.0065, 0.0000, -391.0319, 652.0065, 0.0000, 96, 140, 84
L -419.1244, 654.1665, 0.0000, -403.4782, 654.1665, 0.0000, 96, 140, 84
L -392.8448, 654.1665, 0.0000, -387.9954, 654.1665, 0.0000, 96, 140, 84
L -419.1244, 656.3265, 0.0000, -410.0341, 656.3265, 0.0000, 96, 140, 84
L -419.1244, 658.4865, 0.0000, -414.2155, 658.4865, 0.0000, 96, 140, 84
L -419.1244, 660.6465, 0.0000, -417.4876, 660.6465, 0.0000, 96, 140, 84
L -419.1244, 655.3200, 0.0000, -415.2332, 653.2979, 0.0000, 68, 112, 56
L -415.2332, 653.2979, 0.0000, -411.3421, 651.8334, 0.0000, 68, 112, 56
L -411.3421, 651.8334, 0.0000, -407.4510, 650.9265, 0.0000, 68, 112, 56
L -407.4510, 650.9265, 0.0000, -403.5599, 650.5773, 0.0000, 68, 112, 56
L -403.5599, 650.5773, 0.0000, -399.6688, 650.7856, 0.0000, 68, 112, 56
L -399.6688, 650.7856, 0.0000, -395.7777, 651.5516, 0.0000, 68, 112, 56
L -395.7777, 651.5516, 0.0000, -391.8866, 652.8752, 0.0000, 68, 112, 56
L -391.8866, 652.8752, 0.0000, -387.9954, 654.7564, 0.0000, 68, 112, 56
L -416.8387, 657.4668, 0.0000, -413.5984, 657.4668, 0.0000, 96, 78, 54
L -417.3776, 659.0868, 0.0000, -413.3374, 659.0868, 0.0000, 96, 78, 54
L -413.2903, 658.5600, 0.0000, -413.3561, 659.2969, 0.0000, 96, 78, 54
L -413.3561, 659.2969, 0.0000, -413.6564, 660.0703, 0.0000, 96, 78, 54
L -413.6564, 660.0703, 0.0000, -414.4215, 660.5535, 0.0000, 96, 78, 54
L -414.4215, 660.5535, 0.0000, -415.3444, 660.3359, 0.0000, 96, 78, 54
L -415.3444, 660.3359, 0.0000, -416.2269, 660.4664, 0.0000, 96, 78, 54
L -416.2269, 660.4664, 0.0000, -416.9449, 659.9921, 0.0000, 96, 78, 54
L -416.9449, 659.9921, 0.0000, -417.5621, 659.3819, 0.0000, 96, 78, 54
L -417.5621, 659.3819, 0.0000, -417.0483, 658.5600, 0.0000, 96, 78, 54
L -417.0483, 658.5600, 0.0000, -417.5390, 657.7466, 0.0000, 96, 78, 54
L -417.5390, 657.7466, 0.0000, -416.6503, 657.3915, 0.0000, 96, 78, 54
L -416.6503, 657.3915, 0.0000, -416.0249, 657.0901, 0.0000, 96, 78, 54
L -416.0249, 657.0901, 0.0000, -415.3444, 656.6596, 0.0000, 96, 78, 54
L -415.3444, 656.6596, 0.0000, -414.4633, 656.6568, 0.0000, 96, 78, 54
L -414.4633, 656.6568, 0.0000, -413.6548, 657.0483, 0.0000, 96, 78, 54
L -413.6548, 657.0483, 0.0000, -413.5412, 657.8917, 0.0000, 96, 78, 54
L -413.5412, 657.8917, 0.0000, -413.2903, 658.5600, 0.0000, 96, 78, 54
L -417.0825, 659.8560, 0.0000, -413.5732, 659.8560, 0.0000, 70, 56, 38
L -422.7829, 659.3299, 0.0000, -419.5814, 659.3299, 0.0000, 96, 78, 54
L -422.6317, 660.9499, 0.0000, -419.3593, 660.9499, 0.0000, 96, 78, 54
L -418.7203, 660.4306, 0.0000, -419.4388, 661.0145, 0.0000, 96, 78, 54
L -419.4388, 661.0145, 0.0000, -419.3187, 661.9478, 0.0000, 96, 78, 54
L -419.3187, 661.9478, 0.0000, -420.2875, 662.0007, 0.0000, 96, 78, 54
L -420.2875, 662.0007, 0.0000, -421.0144, 662.2954, 0.0000, 96, 78, 54
L -421.0144, 662.2954, 0.0000, -421.6934, 661.8975, 0.0000, 96, 78, 54
L -421.6934, 661.8975, 0.0000, -422.2271, 661.5157, 0.0000, 96, 78, 54
L -422.2271, 661.5157, 0.0000, -422.5742, 661.0087, 0.0000, 96, 78, 54
L -422.5742, 661.0087, 0.0000, -423.1403, 660.4306, 0.0000, 96, 78, 54
L -423.1403, 660.4306, 0.0000, -422.9519, 659.7125, 0.0000, 96, 78, 54
L -422.9519, 659.7125, 0.0000, -422.6304, 658.9847, 0.0000, 96, 78, 54
L -422.6304, 658.9847, 0.0000, -421.8989, 658.5199, 0.0000, 96, 78, 54
L -421.8989, 658.5199, 0.0000, -421.0144, 658.6452, 0.0000, 96, 78, 54
L -421.0144, 658.6452, 0.0000, -420.1309, 658.5223, 0.0000, 96, 78, 54
L -420.1309, 658.5223, 0.0000, -419.7197, 659.2722, 0.0000, 96, 78, 54
L -419.7197, 659.2722, 0.0000, -418.8586, 659.6317, 0.0000, 96, 78, 54
L -418.8586, 659.6317, 0.0000, -418.7203, 660.4306, 0.0000, 96, 78, 54
L -421.9322, 661.7266, 0.0000, -419.3471, 661.7266, 0.0000, 70, 56, 38
L -422.4284, 655.4776, 0.0000, -419.8142, 655.4776, 0.0000, 96, 78, 54
L -423.0623, 657.0976, 0.0000, -418.9820, 657.0976, 0.0000, 96, 78, 54
L -419.1466, 656.6894, 0.0000, -418.8184, 657.5032, 0.0000, 96, 78, 54
L -418.8184, 657.5032, 0.0000, -419.6238, 657.9336, 0.0000, 96, 78, 54
L -419.6238, 657.9336, 0.0000, -420.2494, 658.3417, 0.0000, 96, 78, 54
L -420.2494, 658.3417, 0.0000, -421.0144, 658.5375, 0.0000, 96, 78, 54
L -421.0144, 658.5375, 0.0000, -421.6749, 658.1163, 0.0000, 96, 78, 54
L -421.6749, 658.1163, 0.0000, -422.2433, 657.7890, 0.0000, 96, 78, 54
L -422.2433, 657.7890, 0.0000, -422.9408, 657.4034, 0.0000, 96, 78, 54
L -422.9408, 657.4034, 0.0000, -423.2245, 656.6894, 0.0000, 96, 78, 54
L -423.2245, 656.6894, 0.0000, -422.5995, 656.1019, 0.0000, 96, 78, 54
L -422.5995, 656.1019, 0.0000, -422.4166, 655.4347, 0.0000, 96, 78, 54
L -422.4166, 655.4347, 0.0000, -421.7629, 655.0725, 0.0000, 96, 78, 54
L -421.7629, 655.0725, 0.0000, -421.0144, 654.6676, 0.0000, 96, 78, 54
L -421.0144, 654.6676, 0.0000, -420.0904, 654.6937, 0.0000, 96, 78, 54
L -420.0904, 654.6937, 0.0000, -419.7772, 655.5825, 0.0000, 96, 78, 54
L -419.7772, 655.5825, 0.0000, -419.0887, 655.9757, 0.0000, 96, 78, 54
L -419.0887, 655.9757, 0.0000, -419.1466, 656.6894, 0.0000, 96, 78, 54
L -421.9022, 657.9854, 0.0000, -419.7032, 657.9854, 0.0000, 70, 56, 38
L -755.0000, 645.0000, 0.0000, -701.6106, 656.8911, 0.0000, 130, 82, 12
L -617.7755, 672.5918, 0.0000, -563.9659, 680.7771, 0.0000, 130, 82, 12
L -479.4735, 690.6816, 0.0000, -425.2436, 695.1611, 0.0000, 130, 82, 12
L -340.0939, 699.2694, 0.0000, -285.4438, 700.0431, 0.0000, 130, 82, 12
L 392.2000, 730.0000, 0.0000, 392.2000, 665.4000, 0.0000, 118, 90, 54
L 507.8000, 730.0000, 0.0000, 507.8000, 665.4000, 0.0000, 118, 90, 54
L 395.6000, 730.0000, 0.0000, 395.6000, 667.4400, 0.0000, 78, 58, 38
L 392.2000, 706.8800, 0.0000, 507.8000, 706.8800, 0.0000, 118, 90, 54
L 507.8000, 706.8800, 0.0000, 507.8000, 719.1200, 0.0000, 118, 90, 54
L 507.8000, 719.1200, 0.0000, 392.2000, 719.1200, 0.0000, 118, 90, 54
L 392.2000, 719.1200, 0.0000, 392.2000, 706.8800, 0.0000, 118, 90, 54
L 392.2000, 709.9400, 0.0000, 507.8000, 709.9400, 0.0000, 118, 90, 54
L 392.2000, 716.0600, 0.0000, 507.8000, 716.0600, 0.0000, 118, 90, 54
L 382.0000, 665.4000, 0.0000, 409.2000, 665.4000, 0.0000, 155, 48, 36
L 409.2000, 665.4000, 0.0000, 416.0000, 648.4000, 0.0000, 155, 48, 36
L 416.0000, 648.4000, 0.0000, 388.8000, 648.4000, 0.0000, 155, 48, 36
L 388.8000, 648.4000, 0.0000, 382.0000, 665.4000, 0.0000, 155, 48, 36
L 387.4400, 651.8000, 0.0000, 414.6400, 651.8000, 0.0000, 155, 48, 36
L 384.7200, 658.6000, 0.0000, 411.9200, 658.6000, 0.0000, 155, 48, 36
L 382.0000, 665.4000, 0.0000, 395.6000, 670.1600, 0.0000, 155, 48, 36
L 395.6000, 670.1600, 0.0000, 409.2000, 665.4000, 0.0000, 155, 48, 36
L 409.2000, 665.4000, 0.0000, 436.4000, 665.4000, 0.0000, 204, 194, 172
L 436.4000, 665.4000, 0.0000, 443.2000, 648.4000, 0.0000, 204, 194, 172
L 443.2000, 648.4000, 0.0000, 416.0000, 648.4000, 0.0000, 204, 194, 172
L 416.0000, 648.4000, 0.0000, 409.2000, 665.4000, 0.0000, 204, 194, 172
L 414.6400, 651.8000, 0.0000, 441.8400, 651.8000, 0.0000, 204, 194, 172
L 411.9200, 658.6000, 0.0000, 439.1200, 658.6000, 0.0000, 204, 194, 172
L 409.2000, 665.4000, 0.0000, 422.8000, 670.1600, 0.0000, 204, 194, 172
L 422.8000, 670.1600, 0.0000, 436.4000, 665.4000, 0.0000, 204, 194, 172
L 436.4000, 665.4000, 0.0000, 463.6000, 665.4000, 0.0000, 155, 48, 36
L 463.6000, 665.4000, 0.0000, 470.4000, 648.4000, 0.0000, 155, 48, 36
L 470.4000, 648.4000, 0.0000, 443.2000, 648.4000, 0.0000, 155, 48, 36
L 443.2000, 648.4000, 0.0000, 436.4000, 665.4000, 0.0000, 155, 48, 36
L 441.8400, 651.8000, 0.0000, 469.0400, 651.8000, 0.0000, 155, 48, 36
L 439.1200, 658.6000, 0.0000, 466.3200, 658.6000, 0.0000, 155, 48, 36
L 436.4000, 665.4000, 0.0000, 450.0000, 670.1600, 0.0000, 155, 48, 36
L 450.0000, 670.1600, 0.0000, 463.6000, 665.4000, 0.0000, 155, 48, 36
L 463.6000, 665.4000, 0.0000, 490.8000, 665.4000, 0.0000, 204, 194, 172
L 490.8000, 665.4000, 0.0000, 497.6000, 648.4000, 0.0000, 204, 194, 172
L 497.6000, 648.4000, 0.0000, 470.4000, 648.4000, 0.0000, 204, 194, 172
L 470.4000, 648.4000, 0.0000, 463.6000, 665.4000, 0.0000, 204, 194, 172
L 469.0400, 651.8000, 0.0000, 496.2400, 651.8000, 0.0000, 204, 194, 172
L 466.3200, 658.6000, 0.0000, 493.5200, 658.6000, 0.0000, 204, 194, 172
L 463.6000, 665.4000, 0.0000, 477.2000, 670.1600, 0.0000, 204, 194, 172
L 477.2000, 670.1600, 0.0000, 490.8000, 665.4000, 0.0000, 204, 194, 172
L 490.8000, 665.4000, 0.0000, 518.0000, 665.4000, 0.0000, 155, 48, 36
L 518.0000, 665.4000, 0.0000, 524.8000, 648.4000, 0.0000, 155, 48, 36
L 524.8000, 648.4000, 0.0000, 497.6000, 648.4000, 0.0000, 155, 48, 36
L 497.6000, 648.4000, 0.0000, 490.8000, 665.4000, 0.0000, 155, 48, 36
L 496.2400, 651.8000, 0.0000, 523.4400, 651.8000, 0.0000, 155, 48, 36
L 493.5200, 658.6000, 0.0000, 520.7200, 658.6000, 0.0000, 155, 48, 36
L 490.8000, 665.4000, 0.0000, 504.4000, 670.1600, 0.0000, 155, 48, 36
L 504.4000, 670.1600, 0.0000, 518.0000, 665.4000, 0.0000, 155, 48, 36
L 514.6000, 730.0000, 0.0000, 541.8000, 730.0000, 0.0000, 78, 58, 38
L 541.8000, 730.0000, 0.0000, 541.8000, 704.1600, 0.0000, 78, 58, 38
L 541.8000, 704.1600, 0.0000, 514.6000, 704.1600, 0.0000, 78, 58, 38
L 514.6000, 704.1600, 0.0000, 514.6000, 730.0000, 0.0000, 78, 58, 38
L 514.6000, 717.0800, 0.0000, 541.8000, 717.0800, 0.0000, 78, 58, 38
L 521.4000, 730.0000, 0.0000, 521.4000, 704.1600, 0.0000, 78, 58, 38
L 643.1880, 669.8968, 0.0000, 648.6318, 669.8968, 0.0000, 96, 78, 54
L 643.3143, 672.7304, 0.0000, 648.8936, 672.7304, 0.0000, 96, 78, 54
L 643.4406, 675.5640, 0.0000, 649.1554, 675.5640, 0.0000, 96, 78, 54
L 643.1167, 678.3976, 0.0000, 648.9670, 678.3976, 0.0000, 96, 78, 54
L 642.7442, 681.2312, 0.0000, 648.7301, 681.2312, 0.0000, 96, 78, 54
L 642.4312, 684.0648, 0.0000, 648.5526, 684.0648, 0.0000, 96, 78, 54
L 642.2537, 686.8984, 0.0000, 648.5105, 686.8984, 0.0000, 96, 78, 54
L 642.0761, 689.7320, 0.0000, 648.4685, 689.7320, 0.0000, 96, 78, 54
L 641.9728, 692.5656, 0.0000, 648.5007, 692.5656, 0.0000, 96, 78, 54
L 641.9001, 695.3992, 0.0000, 648.5636, 695.3992, 0.0000, 96, 78, 54
L 641.8140, 698.2328, 0.0000, 648.6130, 698.2328, 0.0000, 96, 78, 54
L 641.6194, 701.0664, 0.0000, 648.5538, 701.0664, 0.0000, 96, 78, 54
L 641.4247, 703.9000, 0.0000, 648.4947, 703.9000, 0.0000, 96, 78, 54
L 641.3842, 706.7336, 0.0000, 648.5897, 706.7336, 0.0000, 96, 78, 54
L 641.4899, 709.5672, 0.0000, 648.8310, 709.5672, 0.0000, 96, 78, 54
L 641.5957, 712.4008, 0.0000, 649.0723, 712.4008, 0.0000, 96, 78, 54
L 641.3686, 715.2344, 0.0000, 648.9807, 715.2344, 0.0000, 96, 78, 54
L 641.1107, 718.0680, 0.0000, 648.8583, 718.0680, 0.0000, 96, 78, 54
L 640.9350, 720.0000, 0.0000, 641.6046, 712.6400, 0.0000, 70, 56, 38
L 648.7750, 720.0000, 0.0000, 649.0926, 712.6400, 0.0000, 96, 78, 54
L 641.6046, 712.6400, 0.0000, 641.3299, 705.2800, 0.0000, 70, 56, 38
L 649.0926, 712.6400, 0.0000, 648.4659, 705.2800, 0.0000, 96, 78, 54
L 641.3299, 705.2800, 0.0000, 641.8355, 697.9200, 0.0000, 70, 56, 38
L 648.4659, 705.2800, 0.0000, 648.6195, 697.9200, 0.0000, 96, 78, 54
L 641.8355, 697.9200, 0.0000, 642.0242, 690.5600, 0.0000, 70, 56, 38
L 648.6195, 697.9200, 0.0000, 648.4562, 690.5600, 0.0000, 96, 78, 54
L 642.0242, 690.5600, 0.0000, 642.4854, 683.2000, 0.0000, 70, 56, 38
L 648.4562, 690.5600, 0.0000, 648.5654, 683.2000, 0.0000, 96, 78, 54
L 642.4854, 683.2000, 0.0000, 643.4529, 675.8400, 0.0000, 70, 56, 38
L 648.5654, 683.2000, 0.0000, 649.1809, 675.8400, 0.0000, 96, 78, 54
L 643.4529, 675.8400, 0.0000, 643.1248, 668.4800, 0.0000, 70, 56, 38
L 649.1809, 675.8400, 0.0000, 648.5008, 668.4800, 0.0000, 96, 78, 54
L 641.6046, 712.6400, 0.0000, 644.9742, 713.6704, 0.0000, 70, 56, 38
L 641.8355, 697.9200, 0.0000, 644.8883, 698.9504, 0.0000, 70, 56, 38
L 642.4854, 683.2000, 0.0000, 645.2214, 684.2304, 0.0000, 70, 56, 38
L 641.5609, 711.4133, 0.0000, 648.5049, 711.4133, 0.0000, 70, 56, 38
L 641.6597, 702.8267, 0.0000, 648.6037, 702.8267, 0.0000, 70, 56, 38
L 641.8244, 694.2400, 0.0000, 648.7684, 694.2400, 0.0000, 70, 56, 38
L 642.0550, 685.6533, 0.0000, 648.9990, 685.6533, 0.0000, 70, 56, 38
L 642.3514, 677.0667, 0.0000, 649.2954, 677.0667, 0.0000, 70, 56, 38
L 626.9618, 660.5638, 0.0000, 642.6111, 660.5638, 0.0000, 68, 112, 56
L 621.0760, 662.8038, 0.0000, 646.1857, 662.8038, 0.0000, 68, 112, 56
L 617.0527, 665.0438, 0.0000, 646.1857, 665.0438, 0.0000, 68, 112, 56
L 613.9038, 667.2838, 0.0000, 618.9328, 667.2838, 0.0000, 68, 112, 56
L 629.9600, 667.2838, 0.0000, 646.1857, 667.2838, 0.0000, 68, 112, 56
L 636.7588, 669.5238, 0.0000, 646.1857, 669.5238, 0.0000, 68, 112, 56
L 641.0950, 671.7638, 0.0000, 646.1857, 671.7638, 0.0000, 68, 112, 56
L 644.4882, 674.0038, 0.0000, 646.1857, 674.0038, 0.0000, 68, 112, 56
L 646.1857, 668.4800, 0.0000, 642.1504, 666.3830, 0.0000, 68, 112, 56
L 642.1504, 666.3830, 0.0000, 638.1152, 664.8643, 0.0000, 68, 112, 56
L 638.1152, 664.8643, 0.0000, 634.0800, 663.9238, 0.0000, 68, 112, 56
L 634.0800, 663.9238, 0.0000, 630.0447, 663.5616, 0.0000, 68, 112, 56
L 630.0447, 663.5616, 0.0000, 626.0095, 663.7777, 0.0000, 68, 112, 56
L 626.0095, 663.7777, 0.0000, 621.9743, 664.5720, 0.0000, 68, 112, 56
L 621.9743, 664.5720, 0.0000, 617.9390, 665.9446, 0.0000, 68, 112, 56
L 617.9390, 665.9446, 0.0000, 613.9038, 667.8955, 0.0000, 68, 112, 56
L 629.5495, 656.0831, 0.0000, 638.9264, 656.0831, 0.0000, 96, 140, 84
L 625.9561, 658.3231, 0.0000, 642.5640, 658.3231, 0.0000, 96, 140, 84
L 623.4975, 660.5631, 0.0000, 644.9976, 660.5631, 0.0000, 96, 140, 84
L 635.3137, 662.8031, 0.0000, 646.1857, 662.8031, 0.0000, 96, 140, 84
L 638.2392, 665.0431, 0.0000, 646.1857, 665.0431, 0.0000, 96, 140, 84
L 640.5105, 667.2831, 0.0000, 646.1857, 667.2831, 0.0000, 96, 140, 84
L 642.2920, 669.5231, 0.0000, 646.1857, 669.5231, 0.0000, 96, 140, 84
L 643.9415, 671.7631, 0.0000, 646.1857, 671.7631, 0.0000, 96, 140, 84
L 645.4041, 674.0031, 0.0000, 646.1857, 674.0031, 0.0000, 96, 140, 84
L 646.1857, 668.4800, 0.0000, 643.3361, 664.8626, 0.0000, 68, 112, 56
L 643.3361, 664.8626, 0.0000, 640.4865, 662.0263, 0.0000, 68, 112, 56
L 640.4865, 662.0263, 0.0000, 637.6369, 659.9709, 0.0000, 68, 112, 56
L 637.6369, 659.9709, 0.0000, 634.7873, 658.6964, 0.0000, 68, 112, 56
L 634.7873, 658.6964, 0.0000, 631.9377, 658.2030, 0.0000, 68, 112, 56
L 631.9377, 658.2030, 0.0000, 629.0882, 658.4905, 0.0000, 68, 112, 56
L 629.0882, 658.4905, 0.0000, 626.2386, 659.5591, 0.0000, 68, 112, 56
L 626.2386, 659.5591, 0.0000, 623.3890, 661.4086, 0.0000, 68, 112, 56
L 639.7955, 653.1979, 0.0000, 643.0399, 653.1979, 0.0000, 68, 112, 56
L 638.6099, 655.4379, 0.0000, 644.2184, 655.4379, 0.0000, 68, 112, 56
L 637.9744, 657.6779, 0.0000, 638.7845, 657.6779, 0.0000, 68, 112, 56
L 640.5389, 657.6779, 0.0000, 645.0304, 657.6779, 0.0000, 68, 112, 56
L 642.1720, 659.9179, 0.0000, 645.6783, 659.9179, 0.0000, 68, 112, 56
L 643.0791, 662.1579, 0.0000, 646.1857, 662.1579, 0.0000, 68, 112, 56
L 643.7566, 664.3979, 0.0000, 646.1857, 664.3979, 0.0000, 68, 112, 56
L 644.3661, 666.6379, 0.0000, 646.1857, 666.6379, 0.0000, 68, 112, 56
L 644.8977, 668.8779, 0.0000, 646.1857, 668.8779, 0.0000, 68, 112, 56
L 645.3830, 671.1179, 0.0000, 646.1857, 671.1179, 0.0000, 68, 112, 56
L 646.1857, 668.4800, 0.0000, 645.1592, 664.0067, 0.0000, 68, 112, 56
L 645.1592, 664.0067, 0.0000, 644.1328, 660.4285, 0.0000, 68, 112, 56
L 644.1328, 660.4285, 0.0000, 643.1064, 657.7454, 0.0000, 68, 112, 56
L 643.1064, 657.7454, 0.0000, 642.0800, 655.9574, 0.0000, 68, 112, 56
L 642.0800, 655.9574, 0.0000, 641.0536, 655.0646, 0.0000, 68, 112, 56
L 641.0536, 655.0646, 0.0000, 640.0272, 655.0668, 0.0000, 68, 112, 56
L 640.0272, 655.0668, 0.0000, 639.0008, 655.9641, 0.0000, 68, 112, 56
L 639.0008, 655.9641, 0.0000, 637.9744, 657.7566, 0.0000, 68, 112, 56
L 649.3314, 653.1979, 0.0000, 652.5758, 653.1979, 0.0000, 96, 140, 84
L 648.1529, 655.4379, 0.0000, 653.7614, 655.4379, 0.0000, 96, 140, 84
L 647.3409, 657.6779, 0.0000, 651.8324, 657.6779, 0.0000, 96, 140, 84
L 653.5868, 657.6779, 0.0000, 654.3969, 657.6779, 0.0000, 96, 140, 84
L 646.6930, 659.9179, 0.0000, 650.1993, 659.9179, 0.0000, 96, 140, 84
L 646.1857, 662.1579, 0.0000, 649.2922, 662.1579, 0.0000, 96, 140, 84
L 646.1857, 664.3979, 0.0000, 648.6147, 664.3979, 0.0000, 96, 140, 84
L 646.1857, 666.6379, 0.0000, 648.0052, 666.6379, 0.0000, 96, 140, 84
L 646.1857, 668.8779, 0.0000, 647.4736, 668.8779, 0.0000, 96, 140, 84
L 646.1857, 671.1179, 0.0000, 646.9883, 671.1179, 0.0000, 96, 140, 84
L 646.1857, 668.4800, 0.0000, 647.2121, 664.0067, 0.0000, 68, 112, 56
L 647.2121, 664.0067, 0.0000, 648.2385, 660.4285, 0.0000, 68, 112, 56
L 648.2385, 660.4285, 0.0000, 649.2649, 657.7454, 0.0000, 68, 112, 56
L 649.2649, 657.7454, 0.0000, 650.2913, 655.9574, 0.0000, 68, 112, 56
L 650.2913, 655.9574, 0.0000, 651.3177, 655.0646, 0.0000, 68, 112, 56
L 651.3177, 655.0646, 0.0000, 652.3441, 655.0668, 0.0000, 68, 112, 56
L 652.3441, 655.0668, 0.0000, 653.3705, 655.9641, 0.0000, 68, 112, 56
L 653.3705, 655.9641, 0.0000, 654.3969, 657.7566, 0.0000, 68, 112, 56
L 653.4449, 656.0831, 0.0000, 662.8218, 656.0831, 0.0000, 68, 112, 56
L 649.8073, 658.3231, 0.0000, 666.4152, 658.3231, 0.0000, 68, 112, 56
L 647.3738, 660.5631, 0.0000, 668.8739, 660.5631, 0.0000, 68, 112, 56
L 646.1857, 662.8031, 0.0000, 657.0576, 662.8031, 0.0000, 68, 112, 56
L 646.1857, 665.0431, 0.0000, 654.1321, 665.0431, 0.0000, 68, 112, 56
L 646.1857, 667.2831, 0.0000, 651.8608, 667.2831, 0.0000, 68, 112, 56
L 646.1857, 669.5231, 0.0000, 650.0794, 669.5231, 0.0000, 68, 112, 56
L 646.1857, 671.7631, 0.0000, 648.4298, 671.7631, 0.0000, 68, 112, 56
L 646.1857, 674.0031, 0.0000, 646.9672, 674.0031, 0.0000, 68, 112, 56
L 646.1857, 668.4800, 0.0000, 649.0352, 664.8626, 0.0000, 68, 112, 56
L 649.0352, 664.8626, 0.0000, 651.8848, 662.0263, 0.0000, 68, 112, 56
L 651.8848, 662.0263, 0.0000, 654.7344, 659.9709, 0.0000, 68, 112, 56
L 654.7344, 659.9709, 0.0000, 657.5840, 658.6964, 0.0000, 68, 112, 56
L 657.5840, 658.6964, 0.0000, 660.4336, 658.2030, 0.0000, 68, 112, 56
L 660.4336, 658.2030, 0.0000, 663.2831, 658.4905, 0.0000, 68, 112, 56
L 663.2831, 658.4905, 0.0000, 666.1327, 659.5591, 0.0000, 68, 112, 56
L 666.1327, 659.5591, 0.0000, 668.9823, 661.4086, 0.0000, 68, 112, 56
L 649.7602, 660.5638, 0.0000, 665.4095, 660.5638, 0.0000, 96, 140, 84
L 646.1857, 662.8038, 0.0000, 671.2953, 662.8038, 0.0000, 96, 140, 84
L 646.1857, 665.0438, 0.0000, 675.3186, 665.0438, 0.0000, 96, 140, 84
L 646.1857, 667.2838, 0.0000, 662.4113, 667.2838, 0.0000, 96, 140, 84
L 673.4385, 667.2838, 0.0000, 678.4675, 667.2838, 0.0000, 96, 140, 84
L 646.1857, 669.5238, 0.0000, 655.6126, 669.5238, 0.0000, 96, 140, 84
L 646.1857, 671.7638, 0.0000, 651.2763, 671.7638, 0.0000, 96, 140, 84
L 646.1857, 674.0038, 0.0000, 647.8831, 674.0038, 0.0000, 96, 140, 84
L 646.1857, 668.4800, 0.0000, 650.2209, 666.3830, 0.0000, 68, 112, 56
L 650.2209, 666.3830, 0.0000, 654.2561, 664.8643, 0.0000, 68, 112, 56
L 654.2561, 664.8643, 0.0000, 658.2913, 663.9238, 0.0000, 68, 112, 56
L 658.2913, 663.9238, 0.0000, 662.3266, 663.5616, 0.0000, 68, 112, 56
L 662.3266, 663.5616, 0.0000, 666.3618, 663.7777, 0.0000, 68, 112, 56
L 666.3618, 663.7777, 0.0000, 670.3970, 664.5720, 0.0000, 68, 112, 56
L 670.3970, 664.5720, 0.0000, 674.4323, 665.9446, 0.0000, 68, 112, 56
L 674.4323, 665.9446, 0.0000, 678.4675, 667.8955, 0.0000, 68, 112, 56
L 648.6172, 670.5754, 0.0000, 651.3905, 670.5754, 0.0000, 96, 78, 54
L 647.9962, 672.2554, 0.0000, 651.9924, 672.2554, 0.0000, 96, 78, 54
L 652.1913, 671.8400, 0.0000, 651.8769, 672.4964, 0.0000, 96, 78, 54
L 651.8769, 672.4964, 0.0000, 651.5289, 673.1134, 0.0000, 96, 78, 54
L 651.5289, 673.1134, 0.0000, 651.0662, 673.9149, 0.0000, 96, 78, 54
L 651.0662, 673.9149, 0.0000, 650.1057, 673.6270, 0.0000, 96, 78, 54
L 650.1057, 673.6270, 0.0000, 649.2597, 673.6673, 0.0000, 96, 78, 54
L 649.2597, 673.6673, 0.0000, 648.6445, 673.1474, 0.0000, 96, 78, 54
L 648.6445, 673.1474, 0.0000, 647.9765, 672.6291, 0.0000, 96, 78, 54
L 647.9765, 672.6291, 0.0000, 648.0181, 671.8400, 0.0000, 96, 78, 54
L 648.0181, 671.8400, 0.0000, 648.3729, 671.1978, 0.0000, 96, 78, 54
L 648.3729, 671.1978, 0.0000, 648.6367, 670.5257, 0.0000, 96, 78, 54
L 648.6367, 670.5257, 0.0000, 649.3183, 670.1392, 0.0000, 96, 78, 54
L 649.3183, 670.1392, 0.0000, 650.1057, 669.7354, 0.0000, 96, 78, 54
L 650.1057, 669.7354, 0.0000, 650.9384, 670.0413, 0.0000, 96, 78, 54
L 650.9384, 670.0413, 0.0000, 651.4459, 670.6408, 0.0000, 96, 78, 54
L 651.4459, 670.6408, 0.0000, 652.1947, 671.0658, 0.0000, 96, 78, 54
L 652.1947, 671.0658, 0.0000, 652.1913, 671.8400, 0.0000, 96, 78, 54
L 648.6878, 673.1840, 0.0000, 651.4881, 673.1840, 0.0000, 70, 56, 38
L 642.7268, 672.5259, 0.0000, 646.0133, 672.5259, 0.0000, 96, 78, 54
L 642.0561, 674.2059, 0.0000, 646.1997, 674.2059, 0.0000, 96, 78, 54
L 646.1992, 673.7799, 0.0000, 646.2001, 674.5116, 0.0000, 96, 78, 54
L 646.2001, 674.5116, 0.0000, 645.5786, 674.9904, 0.0000, 96, 78, 54
L 645.5786, 674.9904, 0.0000, 645.0138, 675.4824, 0.0000, 96, 78, 54
L 645.0138, 675.4824, 0.0000, 644.2257, 675.8800, 0.0000, 96, 78, 54
L 644.2257, 675.8800, 0.0000, 643.4067, 675.5489, 0.0000, 96, 78, 54
L 643.4067, 675.5489, 0.0000, 642.5842, 675.2485, 0.0000, 96, 78, 54
L 642.5842, 675.2485, 0.0000, 642.0779, 674.5759, 0.0000, 96, 78, 54
L 642.0779, 674.5759, 0.0000, 642.0309, 673.7799, 0.0000, 96, 78, 54
L 642.0309, 673.7799, 0.0000, 642.1569, 673.0132, 0.0000, 96, 78, 54
L 642.1569, 673.0132, 0.0000, 642.7766, 672.4833, 0.0000, 96, 78, 54
L 642.7766, 672.4833, 0.0000, 643.3767, 671.9461, 0.0000, 96, 78, 54
L 643.3767, 671.9461, 0.0000, 644.2257, 671.6859, 0.0000, 96, 78, 54
L 644.2257, 671.6859, 0.0000, 644.9225, 672.2747, 0.0000, 96, 78, 54
L 644.9225, 672.2747, 0.0000, 645.9674, 672.2215, 0.0000, 96, 78, 54
L 645.9674, 672.2215, 0.0000, 646.0977, 673.0861, 0.0000, 96, 78, 54
L 646.0977, 673.0861, 0.0000, 646.1992, 673.7799, 0.0000, 96, 78, 54
L 642.4904, 675.1239, 0.0000, 645.4254, 675.1239, 0.0000, 70, 56, 38
L 642.7567, 668.6851, 0.0000, 646.1242, 668.6851, 0.0000, 96, 78, 54
L 642.0995, 670.3651, 0.0000, 645.9799, 670.3651, 0.0000, 96, 78, 54
L 646.0772, 669.9001, 0.0000, 645.9440, 670.5369, 0.0000, 96, 78, 54
L 645.9440, 670.5369, 0.0000, 645.6441, 671.1692, 0.0000, 96, 78, 54
L 645.6441, 671.1692, 0.0000, 644.9137, 671.3864, 0.0000, 96, 78, 54
L 644.9137, 671.3864, 0.0000, 644.2257, 671.7341, 0.0000, 96, 78, 54
L 644.2257, 671.7341, 0.0000, 643.4362, 671.6054, 0.0000, 96, 78, 54
L 643.4362, 671.6054, 0.0000, 642.6368, 671.3217, 0.0000, 96, 78, 54
L 642.6368, 671.3217, 0.0000, 642.2833, 670.6200, 0.0000, 96, 78, 54
L 642.2833, 670.6200, 0.0000, 641.7642, 669.9001, 0.0000, 96, 78, 54
L 641.7642, 669.9001, 0.0000, 642.1468, 669.1297, 0.0000, 96, 78, 54
L 642.1468, 669.1297, 0.0000, 642.8179, 668.6405, 0.0000, 96, 78, 54
L 642.8179, 668.6405, 0.0000, 643.3014, 667.9036, 0.0000, 96, 78, 54
L 643.3014, 667.9036, 0.0000, 644.2257, 667.8597, 0.0000, 96, 78, 54
L 644.2257, 667.8597, 0.0000, 645.1770, 667.8451, 0.0000, 96, 78, 54
L 645.1770, 667.8451, 0.0000, 645.8573, 668.4402, 0.0000, 96, 78, 54
L 645.8573, 668.4402, 0.0000, 646.5212, 669.0493, 0.0000, 96, 78, 54
L 646.5212, 669.0493, 0.0000, 646.0772, 669.9001, 0.0000, 96, 78, 54
L 642.5977, 671.2441, 0.0000, 645.3922, 671.2441, 0.0000, 70, 56, 38
L 130.0000, 665.0000, 0.0000, 207.5841, 677.2170, 0.0000, 130, 82, 12
L 329.1429, 692.1429, 0.0000, 406.9944, 699.0113, 0.0000, 130, 82, 12
L 528.9714, 705.5714, 0.0000, 607.0904, 707.0913, 0.0000, 130, 82, 12
L 729.4857, 705.2857, 0.0000, 807.8721, 701.4570, 0.0000, 130, 82, 12
L 1292.2000, 615.0000, 0.0000, 1407.8000, 615.0000, 0.0000, 176, 150, 104
L 1407.8000, 615.0000, 0.0000, 1407.8000, 591.2000, 0.0000, 176, 150, 104
L 1407.8000, 591.2000, 0.0000, 1292.2000, 591.2000, 0.0000, 176, 150, 104
L 1292.2000, 591.2000, 0.0000, 1292.2000, 615.0000, 0.0000, 176, 150, 104
L 1292.2000, 595.2800, 0.0000, 1407.8000, 595.2800, 0.0000, 176, 150, 104
L 1292.2000, 603.4400, 0.0000, 1407.8000, 603.4400, 0.0000, 176, 150, 104
L 1292.2000, 611.6000, 0.0000, 1407.8000, 611.6000, 0.0000, 176, 150, 104
L 1295.6000, 591.2000, 0.0000, 1297.4536, 578.5282, 0.0000, 140, 116, 78
L 1297.4536, 578.5282, 0.0000, 1302.8882, 566.7200, 0.0000, 140, 116, 78
L 1302.8882, 566.7200, 0.0000, 1311.5334, 556.5801, 0.0000, 140, 116, 78
L 1311.5334, 556.5801, 0.0000, 1322.8000, 548.7994, 0.0000, 140, 116, 78
L 1322.8000, 548.7994, 0.0000, 1335.9202, 543.9083, 0.0000, 140, 116, 78
L 1335.9202, 543.9083, 0.0000, 1350.0000, 542.2400, 0.0000, 140, 116, 78
L 1350.0000, 542.2400, 0.0000, 1364.0798, 543.9083, 0.0000, 140, 116, 78
L 1364.0798, 543.9083, 0.0000, 1377.2000, 548.7994, 0.0000, 140, 116, 78
L 1377.2000, 548.7994, 0.0000, 1388.4666, 556.5801, 0.0000, 140, 116, 78
L 1388.4666, 556.5801, 0.0000, 1397.1118, 566.7200, 0.0000, 140, 116, 78
L 1397.1118, 566.7200, 0.0000, 1402.5464, 578.5282, 0.0000, 140, 116, 78
L 1402.5464, 578.5282, 0.0000, 1404.4000, 591.2000, 0.0000, 140, 116, 78
L 1319.4000, 591.2000, 0.0000, 1342.3500, 543.6000, 0.0000, 140, 116, 78
L 1350.0000, 591.2000, 0.0000, 1350.0000, 543.6000, 0.0000, 140, 116, 78
L 1380.6000, 591.2000, 0.0000, 1357.6500, 543.6000, 0.0000, 140, 116, 78
L 1361.5904, 549.0400, 0.0000, 1372.5371, 549.0400, 0.0000, 140, 116, 78
L 1363.0113, 555.8400, 0.0000, 1380.6453, 555.8400, 0.0000, 140, 116, 78
L 1364.4322, 562.6400, 0.0000, 1384.9520, 562.6400, 0.0000, 140, 116, 78
L 1365.8531, 569.4400, 0.0000, 1389.2587, 569.4400, 0.0000, 140, 116, 78
L 1367.2740, 576.2400, 0.0000, 1393.5653, 576.2400, 0.0000, 140, 116, 78
L 1368.6949, 583.0400, 0.0000, 1397.8720, 583.0400, 0.0000, 140, 116, 78
L 1370.1158, 589.8400, 0.0000, 1402.1787, 589.8400, 0.0000, 140, 116, 78
L 1350.0000, 542.2400, 0.0000, 1350.0000, 532.0400, 0.0000, 130, 82, 12
L 1543.9810, 549.8968, 0.0000, 1549.4248, 549.8968, 0.0000, 96, 78, 54
L 1543.5677, 552.7304, 0.0000, 1549.1470, 552.7304, 0.0000, 96, 78, 54
L 1543.1545, 555.5640, 0.0000, 1548.8693, 555.5640, 0.0000, 96, 78, 54
L 1543.1540, 558.3976, 0.0000, 1549.0043, 558.3976, 0.0000, 96, 78, 54
L 1543.1981, 561.2312, 0.0000, 1549.1840, 561.2312, 0.0000, 96, 78, 54
L 1543.1687, 564.0648, 0.0000, 1549.2900, 564.0648, 0.0000, 96, 78, 54
L 1542.9719, 566.8984, 0.0000, 1549.2287, 566.8984, 0.0000, 96, 78, 54
L 1542.7750, 569.7320, 0.0000, 1549.1674, 569.7320, 0.0000, 96, 78, 54
L 1542.5408, 572.5656, 0.0000, 1549.0688, 572.5656, 0.0000, 96, 78, 54
L 1542.2912, 575.3992, 0.0000, 1548.9547, 575.3992, 0.0000, 96, 78, 54
L 1542.0392, 578.2328, 0.0000, 1548.8381, 578.2328, 0.0000, 96, 78, 54
L 1541.7677, 581.0664, 0.0000, 1548.7022, 581.0664, 0.0000, 96, 78, 54
L 1541.4962, 583.9000, 0.0000, 1548.5662, 583.9000, 0.0000, 96, 78, 54
L 1541.4085, 586.7336, 0.0000, 1548.6140, 586.7336, 0.0000, 96, 78, 54
L 1541.4954, 589.5672, 0.0000, 1548.8364, 589.5672, 0.0000, 96, 78, 54
L 1541.5823, 592.4008, 0.0000, 1549.0588, 592.4008, 0.0000, 96, 78, 54
L 1541.4538, 595.2344, 0.0000, 1549.0659, 595.2344, 0.0000, 96, 78, 54
L 1541.3055, 598.0680, 0.0000, 1549.0531, 598.0680, 0.0000, 96, 78, 54
L 1541.2044, 600.0000, 0.0000, 1541.5896, 592.6400, 0.0000, 70, 56, 38
L 1549.0444, 600.0000, 0.0000, 1549.0776, 592.6400, 0.0000, 96, 78, 54
L 1541.5896, 592.6400, 0.0000, 1541.3639, 585.2800, 0.0000, 70, 56, 38
L 1549.0776, 592.6400, 0.0000, 1548.4999, 585.2800, 0.0000, 96, 78, 54
L 1541.3639, 585.2800, 0.0000, 1542.0692, 577.9200, 0.0000, 70, 56, 38
L 1548.4999, 585.2800, 0.0000, 1548.8532, 577.9200, 0.0000, 96, 78, 54
L 1542.0692, 577.9200, 0.0000, 1542.7175, 570.5600, 0.0000, 70, 56, 38
L 1548.8532, 577.9200, 0.0000, 1549.1495, 570.5600, 0.0000, 96, 78, 54
L 1542.7175, 570.5600, 0.0000, 1543.2288, 563.2000, 0.0000, 70, 56, 38
L 1549.1495, 570.5600, 0.0000, 1549.3088, 563.2000, 0.0000, 96, 78, 54
L 1543.2288, 563.2000, 0.0000, 1543.1142, 555.8400, 0.0000, 70, 56, 38
L 1549.3088, 563.2000, 0.0000, 1548.8422, 555.8400, 0.0000, 96, 78, 54
L 1543.1142, 555.8400, 0.0000, 1544.1876, 548.4800, 0.0000, 70, 56, 38
L 1548.8422, 555.8400, 0.0000, 1549.5636, 548.4800, 0.0000, 96, 78, 54
L 1541.5896, 592.6400, 0.0000, 1544.9592, 593.6704, 0.0000, 70, 56, 38
L 1542.0692, 577.9200, 0.0000, 1545.1220, 578.9504, 0.0000, 70, 56, 38
L 1543.2288, 563.2000, 0.0000, 1545.9648, 564.2304, 0.0000, 70, 56, 38
L 1541.5761, 591.4133, 0.0000, 1548.5201, 591.4133, 0.0000, 70, 56, 38
L 1541.7205, 582.8267, 0.0000, 1548.6645, 582.8267, 0.0000, 70, 56, 38
L 1541.9612, 574.2400, 0.0000, 1548.9052, 574.2400, 0.0000, 70, 56, 38
L 1542.2982, 565.6533, 0.0000, 1549.2422, 565.6533, 0.0000, 70, 56, 38
L 1542.7314, 557.0667, 0.0000, 1549.6754, 557.0667, 0.0000, 70, 56, 38
L 1527.5091, 540.5638, 0.0000, 1543.1583, 540.5638, 0.0000, 68, 112, 56
L 1521.6232, 542.8038, 0.0000, 1546.7329, 542.8038, 0.0000, 68, 112, 56
L 1517.5999, 545.0438, 0.0000, 1546.7329, 545.0438, 0.0000, 68, 112, 56
L 1514.4511, 547.2838, 0.0000, 1519.4800, 547.2838, 0.0000, 68, 112, 56
L 1530.5073, 547.2838, 0.0000, 1546.7329, 547.2838, 0.0000, 68, 112, 56
L 1537.3060, 549.5238, 0.0000, 1546.7329, 549.5238, 0.0000, 68, 112, 56
L 1541.6422, 551.7638, 0.0000, 1546.7329, 551.7638, 0.0000, 68, 112, 56
L 1545.0355, 554.0038, 0.0000, 1546.7329, 554.0038, 0.0000, 68, 112, 56
L 1546.7329, 548.4800, 0.0000, 1542.6977, 546.3830, 0.0000, 68, 112, 56
L 1542.6977, 546.3830, 0.0000, 1538.6624, 544.8643, 0.0000, 68, 112, 56
L 1538.6624, 544.8643, 0.0000, 1534.6272, 543.9238, 0.0000, 68, 112, 56
L 1534.6272, 543.9238, 0.0000, 1530.5920, 543.5616, 0.0000, 68, 112, 56
L 1530.5920, 543.5616, 0.0000, 1526.5567, 543.7777, 0.0000, 68, 112, 56
L 1526.5567, 543.7777, 0.0000, 1522.5215, 544.5720, 0.0000, 68, 112, 56
L 1522.5215, 544.5720, 0.0000, 1518.4863, 545.9446, 0.0000, 68, 112, 56
L 1518.4863, 545.9446, 0.0000, 1514.4511, 547.8955, 0.0000, 68, 112, 56
L 1530.0968, 536.0831, 0.0000, 1539.4737, 536.0831, 0.0000, 96, 140, 84
L 1526.5033, 538.3231, 0.0000, 1543.1112, 538.3231, 0.0000, 96, 140, 84
L 1524.0447, 540.5631, 0.0000, 1545.5448, 540.5631, 0.0000, 96, 140, 84
L 1535.8609, 542.8031, 0.0000, 1546.7329, 542.8031, 0.0000, 96, 140, 84
L 1538.7864, 545.0431, 0.0000, 1546.7329, 545.0431, 0.0000, 96, 140, 84
L 1541.0577, 547.2831, 0.0000, 1546.7329, 547.2831, 0.0000, 96, 140, 84
L 1542.8392, 549.5231, 0.0000, 1546.7329, 549.5231, 0.0000, 96, 140, 84
L 1544.4887, 551.7631, 0.0000, 1546.7329, 551.7631, 0.0000, 96, 140, 84
L 1545.9514, 554.0031, 0.0000, 1546.7329, 554.0031, 0.0000, 96, 140, 84
L 1546.7329, 548.4800, 0.0000, 1543.8833, 544.8626, 0.0000, 68, 112, 56
L 1543.8833, 544.8626, 0.0000, 1541.0337, 542.0263, 0.0000, 68, 112, 56
L 1541.0337, 542.0263, 0.0000, 1538.1841, 539.9709, 0.0000, 68, 112, 56
L 1538.1841, 539.9709, 0.0000, 1535.3346, 538.6964, 0.0000, 68, 112, 56
L 1535.3346, 538.6964, 0.0000, 1532.4850, 538.2030, 0.0000, 68, 112, 56
L 1532.4850, 538.2030, 0.0000, 1529.6354, 538.4905, 0.0000, 68, 112, 56
L 1529.6354, 538.4905, 0.0000, 1526.7858, 539.5591, 0.0000, 68, 112, 56
L 1526.7858, 539.5591, 0.0000, 1523.9362, 541.4086, 0.0000, 68, 112, 56
L 1540.3428, 533.1979, 0.0000, 1543.5871, 533.1979, 0.0000, 68, 112, 56
L 1539.1571, 535.4379, 0.0000, 1544.7657, 535.4379, 0.0000, 68, 112, 56
L 1538.5216, 537.6779, 0.0000, 1539.3317, 537.6779, 0.0000, 68, 112, 56
L 1541.0861, 537.6779, 0.0000, 1545.5776, 537.6779, 0.0000, 68, 112, 56
L 1542.7192, 539.9179, 0.0000, 1546.2255, 539.9179, 0.0000, 68, 112, 56
L 1543.6263, 542.1579, 0.0000, 1546.7329, 542.1579, 0.0000, 68, 112, 56
L 1544.3038, 544.3979, 0.0000, 1546.7329, 544.3979, 0.0000, 68, 112, 56
L 1544.9133, 546.6379, 0.0000, 1546.7329, 546.6379, 0.0000, 68, 112, 56
L 1545.4449, 548.8779, 0.0000, 1546.7329, 548.8779, 0.0000, 68, 112, 56
L 1545.9302, 551.1179, 0.0000, 1546.7329, 551.1179, 0.0000, 68, 112, 56
L 1546.7329, 548.4800, 0.0000, 1545.7065, 544.0067, 0.0000, 68, 112, 56
L 1545.7065, 544.0067, 0.0000, 1544.6801, 540.4285, 0.0000, 68, 112, 56
L 1544.6801, 540.4285, 0.0000, 1543.6537, 537.7454, 0.0000, 68, 112, 56
L 1543.6537, 537.7454, 0.0000, 1542.6273, 535.9574, 0.0000, 68, 112, 56
L 1542.6273, 535.9574, 0.0000, 1541.6009, 535.0646, 0.0000, 68, 112, 56
L 1541.6009, 535.0646, 0.0000, 1540.5745, 535.0668, 0.0000, 68, 112, 56
L 1540.5745, 535.0668, 0.0000, 1539.5481, 535.9641, 0.0000, 68, 112, 56
L 1539.5481, 535.9641, 0.0000, 1538.5216, 537.7566, 0.0000, 68, 112, 56
L 1549.8787, 533.1979, 0.0000, 1553.1230, 533.1979, 0.0000, 96, 140, 84
L 1548.7001, 535.4379, 0.0000, 1554.3087, 535.4379, 0.0000, 96, 140, 84
L 1547.8882, 537.6779, 0.0000, 1552.3797, 537.6779, 0.0000, 96, 140, 84
L 1554.1341, 537.6779, 0.0000, 1554.9441, 537.6779, 0.0000, 96, 140, 84
L 1547.2403, 539.9179, 0.0000, 1550.7465, 539.9179, 0.0000, 96, 140, 84
L 1546.7329, 542.1579, 0.0000, 1549.8395, 542.1579, 0.0000, 96, 140, 84
L 1546.7329, 544.3979, 0.0000, 1549.1620, 544.3979, 0.0000, 96, 140, 84
L 1546.7329, 546.6379, 0.0000, 1548.5525, 546.6379, 0.0000, 96, 140, 84
L 1546.7329, 548.8779, 0.0000, 1548.0209, 548.8779, 0.0000, 96, 140, 84
L 1546.7329, 551.1179, 0.0000, 1547.5356, 551.1179, 0.0000, 96, 140, 84
L 1546.7329, 548.4800, 0.0000, 1547.7593, 544.0067, 0.0000, 68, 112, 56
L 1547.7593, 544.0067, 0.0000, 1548.7857, 540.4285, 0.0000, 68, 112, 56
L 1548.7857, 540.4285, 0.0000, 1549.8121, 537.7454, 0.0000, 68, 112, 56
L 1549.8121, 537.7454, 0.0000, 1550.8385, 535.9574, 0.0000, 68, 112, 56
L 1550.8385, 535.9574, 0.0000, 1551.8649, 535.0646, 0.0000, 68, 112, 56
L 1551.8649, 535.0646, 0.0000, 1552.8913, 535.0668, 0.0000, 68, 112, 56
L 1552.8913, 535.0668, 0.0000, 1553.9177, 535.9641, 0.0000, 68, 112, 56
L 1553.9177, 535.9641, 0.0000, 1554.9441, 537.7566, 0.0000, 68, 112, 56
L 1553.9921, 536.0831, 0.0000, 1563.3690, 536.0831, 0.0000, 68, 112, 56
L 1550.3546, 538.3231, 0.0000, 1566.9625, 538.3231, 0.0000, 68, 112, 56
L 1547.9210, 540.5631, 0.0000, 1569.4211, 540.5631, 0.0000, 68, 112, 56
L 1546.7329, 542.8031, 0.0000, 1557.6048, 542.8031, 0.0000, 68, 112, 56
L 1546.7329, 545.0431, 0.0000, 1554.6793, 545.0431, 0.0000, 68, 112, 56
L 1546.7329, 547.2831, 0.0000, 1552.4081, 547.2831, 0.0000, 68, 112, 56
L 1546.7329, 549.5231, 0.0000, 1550.6266, 549.5231, 0.0000, 68, 112, 56
L 1546.7329, 551.7631, 0.0000, 1548.9771, 551.7631, 0.0000, 68, 112, 56
L 1546.7329, 554.0031, 0.0000, 1547.5144, 554.0031, 0.0000, 68, 112, 56
L 1546.7329, 548.4800, 0.0000, 1549.5825, 544.8626, 0.0000, 68, 112, 56
L 1549.5825, 544.8626, 0.0000, 1552.4321, 542.0263, 0.0000, 68, 112, 56
L 1552.4321, 542.0263, 0.0000, 1555.2816, 539.9709, 0.0000, 68, 112, 56
L 1555.2816, 539.9709, 0.0000, 1558.1312, 538.6964, 0.0000, 68, 112, 56
L 1558.1312, 538.6964, 0.0000, 1560.9808, 538.2030, 0.0000, 68, 112, 56
L 1560.9808, 538.2030, 0.0000, 1563.8304, 538.4905, 0.0000, 68, 112, 56
L 1563.8304, 538.4905, 0.0000, 1566.6800, 539.5591, 0.0000, 68, 112, 56
L 1566.6800, 539.5591, 0.0000, 1569.5295, 541.4086, 0.0000, 68, 112, 56
L 1550.3075, 540.5638, 0.0000, 1565.9567, 540.5638, 0.0000, 96, 140, 84
L 1546.7329, 542.8038, 0.0000, 1571.8426, 542.8038, 0.0000, 96, 140, 84
L 1546.7329, 545.0438, 0.0000, 1575.8658, 545.0438, 0.0000, 96, 140, 84
L 1546.7329, 547.2838, 0.0000, 1562.9585, 547.2838, 0.0000, 96, 140, 84
L 1573.9857, 547.2838, 0.0000, 1579.0147, 547.2838, 0.0000, 96, 140, 84
L 1546.7329, 549.5238, 0.0000, 1556.1598, 549.5238, 0.0000, 96, 140, 84
L 1546.7329, 551.7638, 0.0000, 1551.8235, 551.7638, 0.0000, 96, 140, 84
L 1546.7329, 554.0038, 0.0000, 1548.4303, 554.0038, 0.0000, 96, 140, 84
L 1546.7329, 548.4800, 0.0000, 1550.7681, 546.3830, 0.0000, 68, 112, 56
L 1550.7681, 546.3830, 0.0000, 1554.8034, 544.8643, 0.0000, 68, 112, 56
L 1554.8034, 544.8643, 0.0000, 1558.8386, 543.9238, 0.0000, 68, 112, 56
L 1558.8386, 543.9238, 0.0000, 1562.8738, 543.5616, 0.0000, 68, 112, 56
L 1562.8738, 543.5616, 0.0000, 1566.9090, 543.7777, 0.0000, 68, 112, 56
L 1566.9090, 543.7777, 0.0000, 1570.9443, 544.5720, 0.0000, 68, 112, 56
L 1570.9443, 544.5720, 0.0000, 1574.9795, 545.9446, 0.0000, 68, 112, 56
L 1574.9795, 545.9446, 0.0000, 1579.0147, 547.8955, 0.0000, 68, 112, 56
L 1549.4479, 550.6143, 0.0000, 1552.5925, 550.6143, 0.0000, 96, 78, 54
L 1548.7761, 552.2943, 0.0000, 1552.7154, 552.2943, 0.0000, 96, 78, 54
L 1552.8706, 551.8400, 0.0000, 1552.6213, 552.5695, 0.0000, 96, 78, 54
L 1552.6213, 552.5695, 0.0000, 1552.4102, 553.4123, 0.0000, 96, 78, 54
L 1552.4102, 553.4123, 0.0000, 1551.4755, 553.6170, 0.0000, 96, 78, 54
L 1551.4755, 553.6170, 0.0000, 1550.6529, 553.7065, 0.0000, 96, 78, 54
L 1550.6529, 553.7065, 0.0000, 1549.7085, 553.8800, 0.0000, 96, 78, 54
L 1549.7085, 553.8800, 0.0000, 1549.0747, 553.2521, 0.0000, 96, 78, 54
L 1549.0747, 553.2521, 0.0000, 1548.8275, 552.5165, 0.0000, 96, 78, 54
L 1548.8275, 552.5165, 0.0000, 1548.6710, 551.8400, 0.0000, 96, 78, 54
L 1548.6710, 551.8400, 0.0000, 1548.6896, 551.1124, 0.0000, 96, 78, 54
L 1548.6896, 551.1124, 0.0000, 1549.3905, 550.7105, 0.0000, 96, 78, 54
L 1549.3905, 550.7105, 0.0000, 1549.8070, 550.0128, 0.0000, 96, 78, 54
L 1549.8070, 550.0128, 0.0000, 1550.6529, 549.7743, 0.0000, 96, 78, 54
L 1550.6529, 549.7743, 0.0000, 1551.4456, 550.1277, 0.0000, 96, 78, 54
L 1551.4456, 550.1277, 0.0000, 1552.3454, 550.3257, 0.0000, 96, 78, 54
L 1552.3454, 550.3257, 0.0000, 1552.9218, 550.9991, 0.0000, 96, 78, 54
L 1552.9218, 550.9991, 0.0000, 1552.8706, 551.8400, 0.0000, 96, 78, 54
L 1549.0518, 553.1840, 0.0000, 1552.4674, 553.1840, 0.0000, 70, 56, 38
L 1543.2022, 552.8717, 0.0000, 1546.4955, 552.8717, 0.0000, 96, 78, 54
L 1542.5208, 554.5517, 0.0000, 1546.8677, 554.5517, 0.0000, 96, 78, 54
L 1546.9435, 553.7799, 0.0000, 1546.8673, 554.5561, 0.0000, 96, 78, 54
L 1546.8673, 554.5561, 0.0000, 1546.0703, 554.9407, 0.0000, 96, 78, 54
L 1546.0703, 554.9407, 0.0000, 1545.4571, 555.2578, 0.0000, 96, 78, 54
L 1545.4571, 555.2578, 0.0000, 1544.7729, 556.0129, 0.0000, 96, 78, 54
L 1544.7729, 556.0129, 0.0000, 1544.0217, 555.4025, 0.0000, 96, 78, 54
L 1544.0217, 555.4025, 0.0000, 1543.4234, 554.9873, 0.0000, 96, 78, 54
L 1543.4234, 554.9873, 0.0000, 1542.5261, 554.6126, 0.0000, 96, 78, 54
L 1542.5261, 554.6126, 0.0000, 1542.4535, 553.7799, 0.0000, 96, 78, 54
L 1542.4535, 553.7799, 0.0000, 1543.0736, 553.1501, 0.0000, 96, 78, 54
L 1543.0736, 553.1501, 0.0000, 1543.3648, 552.5200, 0.0000, 96, 78, 54
L 1543.3648, 552.5200, 0.0000, 1544.0340, 552.1838, 0.0000, 96, 78, 54
L 1544.0340, 552.1838, 0.0000, 1544.7729, 552.0317, 0.0000, 96, 78, 54
L 1544.7729, 552.0317, 0.0000, 1545.4425, 552.3334, 0.0000, 96, 78, 54
L 1545.4425, 552.3334, 0.0000, 1546.2910, 552.4216, 0.0000, 96, 78, 54
L 1546.2910, 552.4216, 0.0000, 1546.6004, 553.1026, 0.0000, 96, 78, 54
L 1546.6004, 553.1026, 0.0000, 1546.9435, 553.7799, 0.0000, 96, 78, 54
L 1543.6203, 555.1239, 0.0000, 1545.7160, 555.1239, 0.0000, 70, 56, 38
L 1543.2065, 548.9900, 0.0000, 1546.6052, 548.9900, 0.0000, 96, 78, 54
L 1543.1037, 550.6700, 0.0000, 1546.4073, 550.6700, 0.0000, 96, 78, 54
L 1546.8198, 549.9001, 0.0000, 1546.5163, 550.5462, 0.0000, 96, 78, 54
L 1546.5163, 550.5462, 0.0000, 1546.0664, 551.0575, 0.0000, 96, 78, 54
L 1546.0664, 551.0575, 0.0000, 1545.4503, 551.3634, 0.0000, 96, 78, 54
L 1545.4503, 551.3634, 0.0000, 1544.7729, 552.0596, 0.0000, 96, 78, 54
L 1544.7729, 552.0596, 0.0000, 1543.8860, 551.8158, 0.0000, 96, 78, 54
L 1543.8860, 551.8158, 0.0000, 1543.2359, 551.2753, 0.0000, 96, 78, 54
L 1543.2359, 551.2753, 0.0000, 1543.0731, 550.5301, 0.0000, 96, 78, 54
L 1543.0731, 550.5301, 0.0000, 1542.9138, 549.9001, 0.0000, 96, 78, 54
L 1542.9138, 549.9001, 0.0000, 1543.0761, 549.2712, 0.0000, 96, 78, 54
L 1543.0761, 549.2712, 0.0000, 1543.3675, 548.6427, 0.0000, 96, 78, 54
L 1543.3675, 548.6427, 0.0000, 1544.0882, 548.4212, 0.0000, 96, 78, 54
L 1544.0882, 548.4212, 0.0000, 1544.7729, 548.1500, 0.0000, 96, 78, 54
L 1544.7729, 548.1500, 0.0000, 1545.5001, 548.3292, 0.0000, 96, 78, 54
L 1545.5001, 548.3292, 0.0000, 1546.1112, 548.7026, 0.0000, 96, 78, 54
L 1546.1112, 548.7026, 0.0000, 1546.8477, 549.1311, 0.0000, 96, 78, 54
L 1546.8477, 549.1311, 0.0000, 1546.8198, 549.9001, 0.0000, 96, 78, 54
L 1543.2290, 551.2441, 0.0000, 1545.6905, 551.2441, 0.0000, 70, 56, 38
L 279.8800, 376.7400, 0.0000, 237.9100, 376.7400, 0.0000, 70, 64, 56
L 279.8800, 378.9400, 0.0000, 237.9100, 378.9400, 0.0000, 70, 64, 56
L 237.9100, 376.7400, 0.0000, 228.9100, 376.7400, 0.0000, 70, 64, 56
L 237.9100, 378.9400, 0.0000, 228.9100, 378.9400, 0.0000, 70, 64, 56
L 228.9100, 376.7400, 0.0000, 216.9100, 376.7400, 0.0000, 70, 64, 56
L 228.9100, 378.9400, 0.0000, 216.9100, 378.9400, 0.0000, 70, 64, 56
L 216.9100, 376.7400, 0.0000, 209.9100, 376.7400, 0.0000, 70, 64, 56
L 216.9100, 378.9400, 0.0000, 209.9100, 378.9400, 0.0000, 70, 64, 56
L 209.9100, 376.7400, 0.0000, 207.9100, 376.7400, 0.0000, 70, 64, 56
L 209.9100, 378.9400, 0.0000, 207.9100, 378.9400, 0.0000, 70, 64, 56
L 207.9100, 376.7400, 0.0000, 167.9400, 376.7400, 0.0000, 70, 64, 56
L 207.9100, 378.9400, 0.0000, 167.9400, 378.9400, 0.0000, 70, 64, 56
L 168.7178, 377.0622, 0.0000, 154.7178, 363.0622, 0.0000, 70, 64, 56
L 167.1622, 378.6178, 0.0000, 153.1622, 364.6178, 0.0000, 70, 64, 56
L 293.1022, 363.0622, 0.0000, 279.1022, 377.0622, 0.0000, 70, 64, 56
L 294.6578, 364.6178, 0.0000, 280.6578, 378.6178, 0.0000, 70, 64, 56
L 155.0400, 363.8400, 0.0000, 155.0400, 279.8800, 0.0000, 70, 64, 56
L 152.8400, 363.8400, 0.0000, 152.8400, 279.8800, 0.0000, 70, 64, 56
L 292.7800, 279.8800, 0.0000, 292.7800, 363.8400, 0.0000, 70, 64, 56
L 294.9800, 279.8800, 0.0000, 294.9800, 363.8400, 0.0000, 70, 64, 56
L 154.7170, 280.6587, 0.0000, 168.7170, 266.6887, 0.0000, 70, 64, 56
L 153.1630, 279.1013, 0.0000, 167.1630, 265.1313, 0.0000, 70, 64, 56
L 281.1032, 268.6888, 0.0000, 293.1032, 280.6588, 0.0000, 70, 64, 56
L 282.6568, 267.1312, 0.0000, 294.6568, 279.1012, 0.0000, 70, 64, 56
L 232.0100, 267.9100, 0.0000, 232.0100, 265.9100, 0.0000, 70, 64, 56
L 229.8100, 267.9100, 0.0000, 229.8100, 265.9100, 0.0000, 70, 64, 56
L 228.9100, 269.0100, 0.0000, 230.9100, 269.0100, 0.0000, 70, 64, 56
L 228.9100, 266.8100, 0.0000, 230.9100, 266.8100, 0.0000, 70, 64, 56
L 220.0100, 267.9100, 0.0000, 220.0100, 265.9100, 0.0000, 70, 64, 56
L 217.8100, 267.9100, 0.0000, 217.8100, 265.9100, 0.0000, 70, 64, 56
L 216.9100, 269.0100, 0.0000, 218.9100, 269.0100, 0.0000, 70, 64, 56
L 216.9100, 266.8100, 0.0000, 218.9100, 266.8100, 0.0000, 70, 64, 56
L 279.1022, 266.6878, 0.0000, 281.1022, 268.6878, 0.0000, 70, 64, 56
L 280.6578, 265.1322, 0.0000, 282.6578, 267.1322, 0.0000, 70, 64, 56
L 230.9100, 267.0100, 0.0000, 279.8800, 267.0100, 0.0000, 70, 64, 56
L 230.9100, 264.8100, 0.0000, 279.8800, 264.8100, 0.0000, 70, 64, 56
L 230.0100, 265.9100, 0.0000, 230.0100, 263.9100, 0.0000, 70, 64, 56
L 227.8100, 265.9100, 0.0000, 227.8100, 263.9100, 0.0000, 70, 64, 56
L 227.8100, 265.9100, 0.0000, 227.8100, 267.9100, 0.0000, 70, 64, 56
L 230.0100, 265.9100, 0.0000, 230.0100, 267.9100, 0.0000, 70, 64, 56
L 215.8100, 265.9100, 0.0000, 215.8100, 267.9100, 0.0000, 70, 64, 56
L 218.0100, 265.9100, 0.0000, 218.0100, 267.9100, 0.0000, 70, 64, 56
L 207.9100, 267.0100, 0.0000, 216.9100, 267.0100, 0.0000, 70, 64, 56
L 207.9100, 264.8100, 0.0000, 216.9100, 264.8100, 0.0000, 70, 64, 56
L 167.9400, 267.0100, 0.0000, 207.9100, 267.0100, 0.0000, 70, 64, 56
L 167.9400, 264.8100, 0.0000, 207.9100, 264.8100, 0.0000, 70, 64, 56
L 233.0100, 263.9100, 0.0000, 233.0100, 249.9100, 0.0000, 70, 64, 56
L 230.8100, 263.9100, 0.0000, 230.8100, 249.9100, 0.0000, 70, 64, 56
L 228.9100, 265.0100, 0.0000, 231.9100, 265.0100, 0.0000, 70, 64, 56
L 228.9100, 262.8100, 0.0000, 231.9100, 262.8100, 0.0000, 70, 64, 56
L 217.8100, 263.9100, 0.0000, 217.8100, 265.9100, 0.0000, 70, 64, 56
L 220.0100, 263.9100, 0.0000, 220.0100, 265.9100, 0.0000, 70, 64, 56
L 215.9100, 265.0100, 0.0000, 218.9100, 265.0100, 0.0000, 70, 64, 56
L 215.9100, 262.8100, 0.0000, 218.9100, 262.8100, 0.0000, 70, 64, 56
L 279.8800, 251.0100, 0.0000, 291.8800, 251.0100, 0.0000, 70, 64, 56
L 279.8800, 248.8100, 0.0000, 291.8800, 248.8100, 0.0000, 70, 64, 56
L 277.8800, 251.0100, 0.0000, 279.8800, 251.0100, 0.0000, 70, 64, 56
L 277.8800, 248.8100, 0.0000, 279.8800, 248.8100, 0.0000, 70, 64, 56
L 251.9100, 251.0100, 0.0000, 277.8800, 251.0100, 0.0000, 70, 64, 56
L 251.9100, 248.8100, 0.0000, 277.8800, 248.8100, 0.0000, 70, 64, 56
L 231.9100, 251.0100, 0.0000, 251.9100, 251.0100, 0.0000, 70, 64, 56
L 231.9100, 248.8100, 0.0000, 251.9100, 248.8100, 0.0000, 70, 64, 56
L 214.8100, 249.9100, 0.0000, 214.8100, 263.9100, 0.0000, 70, 64, 56
L 217.0100, 249.9100, 0.0000, 217.0100, 263.9100, 0.0000, 70, 64, 56
L 207.9100, 246.8100, 0.0000, 155.9400, 246.8100, 0.0000, 70, 64, 56
L 207.9100, 249.0100, 0.0000, 155.9400, 249.0100, 0.0000, 70, 64, 56
L 279.8800, 236.8100, 0.0000, 277.8800, 236.8100, 0.0000, 70, 64, 56
L 279.8800, 239.0100, 0.0000, 277.8800, 239.0100, 0.0000, 70, 64, 56
L 277.8800, 236.8100, 0.0000, 251.9100, 236.8100, 0.0000, 70, 64, 56
L 277.8800, 239.0100, 0.0000, 251.9100, 239.0100, 0.0000, 70, 64, 56
L 251.9100, 236.8100, 0.0000, 215.9100, 236.8100, 0.0000, 70, 64, 56
L 251.9100, 239.0100, 0.0000, 215.9100, 239.0100, 0.0000, 70, 64, 56
L 214.8100, 237.9100, 0.0000, 214.8100, 249.9100, 0.0000, 70, 64, 56
L 217.0100, 237.9100, 0.0000, 217.0100, 249.9100, 0.0000, 70, 64, 56
L 277.8800, 234.8100, 0.0000, 253.9100, 234.8100, 0.0000, 70, 64, 56
L 277.8800, 237.0100, 0.0000, 253.9100, 237.0100, 0.0000, 70, 64, 56
L 255.0100, 235.9100, 0.0000, 255.0100, 231.9100, 0.0000, 70, 64, 56
L 252.8100, 235.9100, 0.0000, 252.8100, 231.9100, 0.0000, 70, 64, 56
L 253.0100, 235.9100, 0.0000, 253.0100, 231.9100, 0.0000, 70, 64, 56
L 250.8100, 235.9100, 0.0000, 250.8100, 231.9100, 0.0000, 70, 64, 56
L 209.9100, 237.0100, 0.0000, 251.9100, 237.0100, 0.0000, 70, 64, 56
L 209.9100, 234.8100, 0.0000, 251.9100, 234.8100, 0.0000, 70, 64, 56
L 253.9100, 230.8100, 0.0000, 251.9100, 230.8100, 0.0000, 70, 64, 56
L 253.9100, 233.0100, 0.0000, 251.9100, 233.0100, 0.0000, 70, 64, 56
L 255.0100, 221.9100, 0.0000, 255.0100, 215.9100, 0.0000, 70, 64, 56
L 252.8100, 221.9100, 0.0000, 252.8100, 215.9100, 0.0000, 70, 64, 56
L 251.9100, 223.0100, 0.0000, 253.9100, 223.0100, 0.0000, 70, 64, 56
L 251.9100, 220.8100, 0.0000, 253.9100, 220.8100, 0.0000, 70, 64, 56
L 276.7800, 215.9100, 0.0000, 276.7800, 235.9100, 0.0000, 70, 64, 56
L 278.9800, 215.9100, 0.0000, 278.9800, 235.9100, 0.0000, 70, 64, 56
L 253.9100, 217.0100, 0.0000, 277.8800, 217.0100, 0.0000, 70, 64, 56
L 253.9100, 214.8100, 0.0000, 277.8800, 214.8100, 0.0000, 70, 64, 56
L 208.8100, 215.9100, 0.0000, 208.8100, 235.9100, 0.0000, 70, 64, 56
L 211.0100, 215.9100, 0.0000, 211.0100, 235.9100, 0.0000, 70, 64, 56
L 209.9100, 214.8100, 0.0000, 207.9100, 214.8100, 0.0000, 70, 64, 56
L 209.9100, 217.0100, 0.0000, 207.9100, 217.0100, 0.0000, 70, 64, 56
L 206.8100, 215.9100, 0.0000, 206.8100, 247.9100, 0.0000, 70, 64, 56
L 209.0100, 215.9100, 0.0000, 209.0100, 247.9100, 0.0000, 70, 64, 56
L 151.9400, 215.8100, 0.0000, 141.9400, 215.8100, 0.0000, 70, 64, 56
L 151.9400, 218.0100, 0.0000, 141.9400, 218.0100, 0.0000, 70, 64, 56
L 151.9400, 217.8100, 0.0000, 141.9400, 217.8100, 0.0000, 70, 64, 56
L 151.9400, 220.0100, 0.0000, 141.9400, 220.0100, 0.0000, 70, 64, 56
L 143.0400, 218.9100, 0.0000, 143.0400, 216.9100, 0.0000, 70, 64, 56
L 140.8400, 218.9100, 0.0000, 140.8400, 216.9100, 0.0000, 70, 64, 56
L 150.8400, 216.9100, 0.0000, 150.8400, 218.9100, 0.0000, 70, 64, 56
L 153.0400, 216.9100, 0.0000, 153.0400, 218.9100, 0.0000, 70, 64, 56
L 151.9400, 219.8100, 0.0000, 141.9400, 219.8100, 0.0000, 70, 64, 56
L 151.9400, 222.0100, 0.0000, 141.9400, 222.0100, 0.0000, 70, 64, 56
L 143.0400, 220.9100, 0.0000, 143.0400, 218.9100, 0.0000, 70, 64, 56
L 140.8400, 220.9100, 0.0000, 140.8400, 218.9100, 0.0000, 70, 64, 56
L 150.8400, 218.9100, 0.0000, 150.8400, 220.9100, 0.0000, 70, 64, 56
L 153.0400, 218.9100, 0.0000, 153.0400, 220.9100, 0.0000, 70, 64, 56
L 151.9400, 221.8100, 0.0000, 141.9400, 221.8100, 0.0000, 70, 64, 56
L 151.9400, 224.0100, 0.0000, 141.9400, 224.0100, 0.0000, 70, 64, 56
L 143.0400, 222.9100, 0.0000, 143.0400, 220.9100, 0.0000, 70, 64, 56
L 140.8400, 222.9100, 0.0000, 140.8400, 220.9100, 0.0000, 70, 64, 56
L 150.8400, 220.9100, 0.0000, 150.8400, 222.9100, 0.0000, 70, 64, 56
L 153.0400, 220.9100, 0.0000, 153.0400, 222.9100, 0.0000, 70, 64, 56
L 211.0100, 393.8400, 0.0000, 211.0100, 391.8400, 0.0000, 70, 64, 56
L 208.8100, 393.8400, 0.0000, 208.8100, 391.8400, 0.0000, 70, 64, 56
L 236.8100, 391.8400, 0.0000, 236.8100, 393.8400, 0.0000, 70, 64, 56
L 239.0100, 391.8400, 0.0000, 239.0100, 393.8400, 0.0000, 70, 64, 56
L 230.9100, 392.9400, 0.0000, 237.9100, 392.9400, 0.0000, 70, 64, 56
L 230.9100, 390.7400, 0.0000, 237.9100, 390.7400, 0.0000, 70, 64, 56
L 228.9100, 392.9400, 0.0000, 230.9100, 392.9400, 0.0000, 70, 64, 56
L 228.9100, 390.7400, 0.0000, 230.9100, 390.7400, 0.0000, 70, 64, 56
L 218.9100, 392.9400, 0.0000, 228.9100, 392.9400, 0.0000, 70, 64, 56
L 218.9100, 390.7400, 0.0000, 228.9100, 390.7400, 0.0000, 70, 64, 56
L 216.9100, 392.9400, 0.0000, 218.9100, 392.9400, 0.0000, 70, 64, 56
L 216.9100, 390.7400, 0.0000, 218.9100, 390.7400, 0.0000, 70, 64, 56
L 209.9100, 392.9400, 0.0000, 216.9100, 392.9400, 0.0000, 70, 64, 56
L 209.9100, 390.7400, 0.0000, 216.9100, 390.7400, 0.0000, 70, 64, 56
L 279.8800, 376.7400, 0.0000, 265.9100, 376.7400, 0.0000, 70, 64, 56
L 279.8800, 378.9400, 0.0000, 265.9100, 378.9400, 0.0000, 70, 64, 56
L 265.9100, 376.7400, 0.0000, 237.9100, 376.7400, 0.0000, 70, 64, 56
L 265.9100, 378.9400, 0.0000, 237.9100, 378.9400, 0.0000, 70, 64, 56
L 237.9100, 376.7400, 0.0000, 230.9100, 376.7400, 0.0000, 70, 64, 56
L 237.9100, 378.9400, 0.0000, 230.9100, 378.9400, 0.0000, 70, 64, 56
L 230.9100, 376.7400, 0.0000, 228.9100, 376.7400, 0.0000, 70, 64, 56
L 230.9100, 378.9400, 0.0000, 228.9100, 378.9400, 0.0000, 70, 64, 56
L 228.9100, 376.7400, 0.0000, 218.9100, 376.7400, 0.0000, 70, 64, 56
L 228.9100, 378.9400, 0.0000, 218.9100, 378.9400, 0.0000, 70, 64, 56
L 218.9100, 376.7400, 0.0000, 216.9100, 376.7400, 0.0000, 70, 64, 56
L 218.9100, 378.9400, 0.0000, 216.9100, 378.9400, 0.0000, 70, 64, 56
L 207.9100, 376.7400, 0.0000, 172.9400, 376.7400, 0.0000, 70, 64, 56
L 207.9100, 378.9400, 0.0000, 172.9400, 378.9400, 0.0000, 70, 64, 56
L 172.9400, 376.7400, 0.0000, 167.9400, 376.7400, 0.0000, 70, 64, 56
L 172.9400, 378.9400, 0.0000, 167.9400, 378.9400, 0.0000, 70, 64, 56
L 138.8400, 377.8400, 0.0000, 138.8400, 391.8400, 0.0000, 70, 64, 56
L 141.0400, 377.8400, 0.0000, 141.0400, 391.8400, 0.0000, 70, 64, 56
L 138.8400, 279.8800, 0.0000, 138.8400, 377.8400, 0.0000, 70, 64, 56
L 141.0400, 279.8800, 0.0000, 141.0400, 377.8400, 0.0000, 70, 64, 56
L 265.9100, 267.0100, 0.0000, 279.8800, 267.0100, 0.0000, 70, 64, 56
L 265.9100, 264.8100, 0.0000, 279.8800, 264.8100, 0.0000, 70, 64, 56
L 237.9100, 267.0100, 0.0000, 265.9100, 267.0100, 0.0000, 70, 64, 56
L 237.9100, 264.8100, 0.0000, 265.9100, 264.8100, 0.0000, 70, 64, 56
L 230.9100, 267.0100, 0.0000, 237.9100, 267.0100, 0.0000, 70, 64, 56
L 230.9100, 264.8100, 0.0000, 237.9100, 264.8100, 0.0000, 70, 64, 56
L 228.9100, 267.0100, 0.0000, 230.9100, 267.0100, 0.0000, 70, 64, 56
L 228.9100, 264.8100, 0.0000, 230.9100, 264.8100, 0.0000, 70, 64, 56
L 228.9100, 264.8100, 0.0000, 218.9100, 264.8100, 0.0000, 70, 64, 56
L 228.9100, 267.0100, 0.0000, 218.9100, 267.0100, 0.0000, 70, 64, 56
L 218.9100, 264.8100, 0.0000, 216.9100, 264.8100, 0.0000, 70, 64, 56
L 218.9100, 267.0100, 0.0000, 216.9100, 267.0100, 0.0000, 70, 64, 56
L 207.9100, 264.8100, 0.0000, 172.9400, 264.8100, 0.0000, 70, 64, 56
L 207.9100, 267.0100, 0.0000, 172.9400, 267.0100, 0.0000, 70, 64, 56
L 172.9400, 264.8100, 0.0000, 167.9400, 264.8100, 0.0000, 70, 64, 56
L 172.9400, 267.0100, 0.0000, 167.9400, 267.0100, 0.0000, 70, 64, 56
L 138.8400, 265.9100, 0.0000, 138.8400, 279.8800, 0.0000, 70, 64, 56
L 141.0400, 265.9100, 0.0000, 141.0400, 279.8800, 0.0000, 70, 64, 56
L 294.9800, 251.9100, 0.0000, 294.9800, 249.9100, 0.0000, 70, 64, 56
L 292.7800, 251.9100, 0.0000, 292.7800, 249.9100, 0.0000, 70, 64, 56
L 274.8800, 253.0100, 0.0000, 279.8800, 253.0100, 0.0000, 70, 64, 56
L 274.8800, 250.8100, 0.0000, 279.8800, 250.8100, 0.0000, 70, 64, 56
L 270.9100, 253.0100, 0.0000, 274.8800, 253.0100, 0.0000, 70, 64, 56
L 270.9100, 250.8100, 0.0000, 274.8800, 250.8100, 0.0000, 70, 64, 56
L 267.0100, 251.9100, 0.0000, 267.0100, 249.9100, 0.0000, 70, 64, 56
L 264.8100, 251.9100, 0.0000, 264.8100, 249.9100, 0.0000, 70, 64, 56
L 265.9100, 253.0100, 0.0000, 270.9100, 253.0100, 0.0000, 70, 64, 56
L 265.9100, 250.8100, 0.0000, 270.9100, 250.8100, 0.0000, 70, 64, 56
L 183.0400, 251.9100, 0.0000, 183.0400, 249.9100, 0.0000, 70, 64, 56
L 180.8400, 251.9100, 0.0000, 180.8400, 249.9100, 0.0000, 70, 64, 56
L 176.9400, 253.0100, 0.0000, 181.9400, 253.0100, 0.0000, 70, 64, 56
L 176.9400, 250.8100, 0.0000, 181.9400, 250.8100, 0.0000, 70, 64, 56
L 172.9400, 253.0100, 0.0000, 176.9400, 253.0100, 0.0000, 70, 64, 56
L 172.9400, 250.8100, 0.0000, 176.9400, 250.8100, 0.0000, 70, 64, 56
L 167.9400, 253.0100, 0.0000, 172.9400, 253.0100, 0.0000, 70, 64, 56
L 167.9400, 250.8100, 0.0000, 172.9400, 250.8100, 0.0000, 70, 64, 56
L 153.1622, 251.1322, 0.0000, 139.1622, 265.1322, 0.0000, 70, 64, 56
L 154.7178, 252.6878, 0.0000, 140.7178, 266.6878, 0.0000, 70, 64, 56
L 139.1622, 251.1322, 0.0000, 137.1622, 253.1322, 0.0000, 70, 64, 56
L 140.7178, 252.6878, 0.0000, 138.7178, 254.6878, 0.0000, 70, 64, 56
L 294.9800, 249.9100, 0.0000, 294.9800, 237.9100, 0.0000, 70, 64, 56
L 292.7800, 249.9100, 0.0000, 292.7800, 237.9100, 0.0000, 70, 64, 56
L 280.9800, 249.9100, 0.0000, 280.9800, 246.9100, 0.0000, 70, 64, 56
L 278.7800, 249.9100, 0.0000, 278.7800, 246.9100, 0.0000, 70, 64, 56
L 278.7800, 249.9100, 0.0000, 278.7800, 251.9100, 0.0000, 70, 64, 56
L 280.9800, 249.9100, 0.0000, 280.9800, 251.9100, 0.0000, 70, 64, 56
L 183.0400, 249.9100, 0.0000, 183.0400, 246.9100, 0.0000, 70, 64, 56
L 180.8400, 249.9100, 0.0000, 180.8400, 246.9100, 0.0000, 70, 64, 56
L 166.8400, 249.9100, 0.0000, 166.8400, 251.9100, 0.0000, 70, 64, 56
L 169.0400, 249.9100, 0.0000, 169.0400, 251.9100, 0.0000, 70, 64, 56
L 152.8400, 249.9100, 0.0000, 152.8400, 251.9100, 0.0000, 70, 64, 56
L 155.0400, 249.9100, 0.0000, 155.0400, 251.9100, 0.0000, 70, 64, 56
L 280.9800, 246.9100, 0.0000, 280.9800, 242.9100, 0.0000, 70, 64, 56
L 278.7800, 246.9100, 0.0000, 278.7800, 242.9100, 0.0000, 70, 64, 56
L 264.8100, 246.9100, 0.0000, 264.8100, 249.9100, 0.0000, 70, 64, 56
L 267.0100, 246.9100, 0.0000, 267.0100, 249.9100, 0.0000, 70, 64, 56
L 183.0400, 246.9100, 0.0000, 183.0400, 242.9100, 0.0000, 70, 64, 56
L 180.8400, 246.9100, 0.0000, 180.8400, 242.9100, 0.0000, 70, 64, 56
L 166.8400, 246.9100, 0.0000, 166.8400, 249.9100, 0.0000, 70, 64, 56
L 169.0400, 246.9100, 0.0000, 169.0400, 249.9100, 0.0000, 70, 64, 56
L 166.8400, 243.9100, 0.0000, 166.8400, 246.9100, 0.0000, 70, 64, 56
L 169.0400, 243.9100, 0.0000, 169.0400, 246.9100, 0.0000, 70, 64, 56
L 152.8400, 243.9100, 0.0000, 152.8400, 249.9100, 0.0000, 70, 64, 56
L 155.0400, 243.9100, 0.0000, 155.0400, 249.9100, 0.0000, 70, 64, 56
L 153.0400, 243.9100, 0.0000, 153.0400, 229.9100, 0.0000, 70, 64, 56
L 150.8400, 243.9100, 0.0000, 150.8400, 229.9100, 0.0000, 70, 64, 56
L 141.9400, 245.0100, 0.0000, 151.9400, 245.0100, 0.0000, 70, 64, 56
L 141.9400, 242.8100, 0.0000, 151.9400, 242.8100, 0.0000, 70, 64, 56
L 138.8400, 243.9100, 0.0000, 138.8400, 251.9100, 0.0000, 70, 64, 56
L 141.0400, 243.9100, 0.0000, 141.0400, 251.9100, 0.0000, 70, 64, 56
L 137.9400, 245.0100, 0.0000, 139.9400, 245.0100, 0.0000, 70, 64, 56
L 137.9400, 242.8100, 0.0000, 139.9400, 242.8100, 0.0000, 70, 64, 56
L 280.9800, 242.9100, 0.0000, 280.9800, 237.9100, 0.0000, 70, 64, 56
L 278.7800, 242.9100, 0.0000, 278.7800, 237.9100, 0.0000, 70, 64, 56
L 264.8100, 242.9100, 0.0000, 264.8100, 246.9100, 0.0000, 70, 64, 56
L 267.0100, 242.9100, 0.0000, 267.0100, 246.9100, 0.0000, 70, 64, 56
L 183.0400, 242.9100, 0.0000, 183.0400, 237.9100, 0.0000, 70, 64, 56
L 180.8400, 242.9100, 0.0000, 180.8400, 237.9100, 0.0000, 70, 64, 56
L 166.8400, 242.9100, 0.0000, 166.8400, 243.9100, 0.0000, 70, 64, 56
L 169.0400, 242.9100, 0.0000, 169.0400, 243.9100, 0.0000, 70, 64, 56
L 140.8400, 241.9100, 0.0000, 140.8400, 243.9100, 0.0000, 70, 64, 56
L 143.0400, 241.9100, 0.0000, 143.0400, 243.9100, 0.0000, 70, 64, 56
L 139.9400, 240.8100, 0.0000, 137.9400, 240.8100, 0.0000, 70, 64, 56
L 139.9400, 243.0100, 0.0000, 137.9400, 243.0100, 0.0000, 70, 64, 56
L 139.9400, 243.0100, 0.0000, 141.9400, 243.0100, 0.0000, 70, 64, 56
L 139.9400, 240.8100, 0.0000, 141.9400, 240.8100, 0.0000, 70, 64, 56
L 136.8400, 241.9100, 0.0000, 136.8400, 243.9100, 0.0000, 70, 64, 56
L 139.0400, 241.9100, 0.0000, 139.0400, 243.9100, 0.0000, 70, 64, 56
L 279.8800, 236.8100, 0.0000, 274.8800, 236.8100, 0.0000, 70, 64, 56
L 279.8800, 239.0100, 0.0000, 274.8800, 239.0100, 0.0000, 70, 64, 56
L 274.8800, 236.8100, 0.0000, 270.9100, 236.8100, 0.0000, 70, 64, 56
L 274.8800, 239.0100, 0.0000, 270.9100, 239.0100, 0.0000, 70, 64, 56
L 270.9100, 236.8100, 0.0000, 265.9100, 236.8100, 0.0000, 70, 64, 56
L 270.9100, 239.0100, 0.0000, 265.9100, 239.0100, 0.0000, 70, 64, 56
L 264.8100, 237.9100, 0.0000, 264.8100, 242.9100, 0.0000, 70, 64, 56
L 267.0100, 237.9100, 0.0000, 267.0100, 242.9100, 0.0000, 70, 64, 56
L 181.9400, 236.8100, 0.0000, 176.9400, 236.8100, 0.0000, 70, 64, 56
L 181.9400, 239.0100, 0.0000, 176.9400, 239.0100, 0.0000, 70, 64, 56
L 176.9400, 236.8100, 0.0000, 172.9400, 236.8100, 0.0000, 70, 64, 56
L 176.9400, 239.0100, 0.0000, 172.9400, 239.0100, 0.0000, 70, 64, 56
L 172.9400, 236.8100, 0.0000, 167.9400, 236.8100, 0.0000, 70, 64, 56
L 172.9400, 239.0100, 0.0000, 167.9400, 239.0100, 0.0000, 70, 64, 56
L 166.8400, 237.9100, 0.0000, 166.8400, 242.9100, 0.0000, 70, 64, 56
L 169.0400, 237.9100, 0.0000, 169.0400, 242.9100, 0.0000, 70, 64, 56
L 141.9400, 230.8100, 0.0000, 139.9400, 230.8100, 0.0000, 70, 64, 56
L 141.9400, 233.0100, 0.0000, 139.9400, 233.0100, 0.0000, 70, 64, 56
L 137.9400, 233.0100, 0.0000, 139.9400, 233.0100, 0.0000, 70, 64, 56
L 137.9400, 230.8100, 0.0000, 139.9400, 230.8100, 0.0000, 70, 64, 56
L 152.8400, 229.9100, 0.0000, 152.8400, 243.9100, 0.0000, 70, 64, 56
L 155.0400, 229.9100, 0.0000, 155.0400, 243.9100, 0.0000, 70, 64, 56
L 153.0400, 229.9100, 0.0000, 153.0400, 222.9100, 0.0000, 70, 64, 56
L 150.8400, 229.9100, 0.0000, 150.8400, 222.9100, 0.0000, 70, 64, 56
L 140.8400, 229.9100, 0.0000, 140.8400, 231.9100, 0.0000, 70, 64, 56
L 143.0400, 229.9100, 0.0000, 143.0400, 231.9100, 0.0000, 70, 64, 56
L 139.9400, 228.8100, 0.0000, 137.9400, 228.8100, 0.0000, 70, 64, 56
L 139.9400, 231.0100, 0.0000, 137.9400, 231.0100, 0.0000, 70, 64, 56
L 136.8400, 229.9100, 0.0000, 136.8400, 231.9100, 0.0000, 70, 64, 56
L 139.0400, 229.9100, 0.0000, 139.0400, 231.9100, 0.0000, 70, 64, 56
L 139.9400, 222.8100, 0.0000, 137.9400, 222.8100, 0.0000, 70, 64, 56
L 139.9400, 225.0100, 0.0000, 137.9400, 225.0100, 0.0000, 70, 64, 56
L 138.8400, 223.9100, 0.0000, 138.8400, 229.9100, 0.0000, 70, 64, 56
L 141.0400, 223.9100, 0.0000, 141.0400, 229.9100, 0.0000, 70, 64, 56
L 140.8400, 222.9100, 0.0000, 140.8400, 229.9100, 0.0000, 70, 64, 56
L 143.0400, 222.9100, 0.0000, 143.0400, 229.9100, 0.0000, 70, 64, 56
L 209.9100, 394.9400, 0.0000, 237.9100, 394.9400, 0.0000, 70, 64, 56
L 209.9100, 392.7400, 0.0000, 237.9100, 392.7400, 0.0000, 70, 64, 56
L 124.8400, 279.8800, 0.0000, 124.8400, 391.8400, 0.0000, 70, 64, 56
L 127.0400, 279.8800, 0.0000, 127.0400, 391.8400, 0.0000, 70, 64, 56
L 139.1630, 265.1313, 0.0000, 125.1630, 279.1013, 0.0000, 70, 64, 56
L 140.7170, 266.6887, 0.0000, 126.7170, 280.6587, 0.0000, 70, 64, 56
L 293.8800, 248.8100, 0.0000, 279.8800, 248.8100, 0.0000, 70, 64, 56
L 293.8800, 251.0100, 0.0000, 279.8800, 251.0100, 0.0000, 70, 64, 56
L 265.9100, 248.8100, 0.0000, 181.9400, 248.8100, 0.0000, 70, 64, 56
L 265.9100, 251.0100, 0.0000, 181.9400, 251.0100, 0.0000, 70, 64, 56
L 167.9400, 248.8100, 0.0000, 153.9400, 248.8100, 0.0000, 70, 64, 56
L 167.9400, 251.0100, 0.0000, 153.9400, 251.0100, 0.0000, 70, 64, 56
L 166.8400, 242.9100, 0.0000, 166.8400, 246.9100, 0.0000, 70, 64, 56
L 169.0400, 242.9100, 0.0000, 169.0400, 246.9100, 0.0000, 70, 64, 56
L 293.8800, 250.8100, 0.0000, 279.8800, 250.8100, 0.0000, 70, 64, 56
L 293.8800, 253.0100, 0.0000, 279.8800, 253.0100, 0.0000, 70, 64, 56
L 265.9100, 250.8100, 0.0000, 216.9100, 250.8100, 0.0000, 70, 64, 56
L 265.9100, 253.0100, 0.0000, 216.9100, 253.0100, 0.0000, 70, 64, 56
L 216.9100, 250.8100, 0.0000, 181.9400, 250.8100, 0.0000, 70, 64, 56
L 216.9100, 253.0100, 0.0000, 181.9400, 253.0100, 0.0000, 70, 64, 56
L 167.9400, 250.8100, 0.0000, 153.9400, 250.8100, 0.0000, 70, 64, 56
L 167.9400, 253.0100, 0.0000, 153.9400, 253.0100, 0.0000, 70, 64, 56
L 274.8800, 248.8100, 0.0000, 270.9100, 248.8100, 0.0000, 70, 64, 56
L 274.8800, 251.0100, 0.0000, 270.9100, 251.0100, 0.0000, 70, 64, 56
L 271.6878, 249.1322, 0.0000, 268.6878, 246.1322, 0.0000, 70, 64, 56
L 270.1322, 250.6878, 0.0000, 267.1322, 247.6878, 0.0000, 70, 64, 56
L 176.9400, 248.8100, 0.0000, 172.9400, 248.8100, 0.0000, 70, 64, 56
L 176.9400, 251.0100, 0.0000, 172.9400, 251.0100, 0.0000, 70, 64, 56
L 173.7178, 249.1322, 0.0000, 170.7178, 246.1322, 0.0000, 70, 64, 56
L 172.1622, 250.6878, 0.0000, 169.1622, 247.6878, 0.0000, 70, 64, 56
L 277.1022, 246.1322, 0.0000, 274.1022, 249.1322, 0.0000, 70, 64, 56
L 278.6578, 247.6878, 0.0000, 275.6578, 250.6878, 0.0000, 70, 64, 56
L 269.0100, 246.9100, 0.0000, 269.0100, 242.9100, 0.0000, 70, 64, 56
L 266.8100, 246.9100, 0.0000, 266.8100, 242.9100, 0.0000, 70, 64, 56
L 179.1622, 246.1322, 0.0000, 176.1622, 249.1322, 0.0000, 70, 64, 56
L 180.7178, 247.6878, 0.0000, 177.7178, 250.6878, 0.0000, 70, 64, 56
L 171.0400, 246.9100, 0.0000, 171.0400, 242.9100, 0.0000, 70, 64, 56
L 168.8400, 246.9100, 0.0000, 168.8400, 242.9100, 0.0000, 70, 64, 56
L 278.7800, 244.9100, 0.0000, 278.7800, 246.9100, 0.0000, 70, 64, 56
L 280.9800, 244.9100, 0.0000, 280.9800, 246.9100, 0.0000, 70, 64, 56
L 180.8400, 244.9100, 0.0000, 180.8400, 246.9100, 0.0000, 70, 64, 56
L 183.0400, 244.9100, 0.0000, 183.0400, 246.9100, 0.0000, 70, 64, 56
L 278.7800, 242.9100, 0.0000, 278.7800, 244.9100, 0.0000, 70, 64, 56
L 280.9800, 242.9100, 0.0000, 280.9800, 244.9100, 0.0000, 70, 64, 56
L 276.7800, 242.9100, 0.0000, 276.7800, 246.9100, 0.0000, 70, 64, 56
L 278.9800, 242.9100, 0.0000, 278.9800, 246.9100, 0.0000, 70, 64, 56
L 268.6878, 243.6878, 0.0000, 271.6878, 240.6878, 0.0000, 70, 64, 56
L 267.1322, 242.1322, 0.0000, 270.1322, 239.1322, 0.0000, 70, 64, 56
L 180.8400, 242.9100, 0.0000, 180.8400, 244.9100, 0.0000, 70, 64, 56
L 183.0400, 242.9100, 0.0000, 183.0400, 244.9100, 0.0000, 70, 64, 56
L 178.8400, 242.9100, 0.0000, 178.8400, 246.9100, 0.0000, 70, 64, 56
L 181.0400, 242.9100, 0.0000, 181.0400, 246.9100, 0.0000, 70, 64, 56
L 170.7178, 243.6878, 0.0000, 173.7178, 240.6878, 0.0000, 70, 64, 56
L 169.1622, 242.1322, 0.0000, 172.1622, 239.1322, 0.0000, 70, 64, 56
L 278.7800, 239.9100, 0.0000, 278.7800, 242.9100, 0.0000, 70, 64, 56
L 280.9800, 239.9100, 0.0000, 280.9800, 242.9100, 0.0000, 70, 64, 56
L 274.1022, 240.6878, 0.0000, 277.1022, 243.6878, 0.0000, 70, 64, 56
L 275.6578, 239.1322, 0.0000, 278.6578, 242.1322, 0.0000, 70, 64, 56
L 270.9100, 241.0100, 0.0000, 274.8800, 241.0100, 0.0000, 70, 64, 56
L 270.9100, 238.8100, 0.0000, 274.8800, 238.8100, 0.0000, 70, 64, 56
L 180.8400, 239.9100, 0.0000, 180.8400, 242.9100, 0.0000, 70, 64, 56
L 183.0400, 239.9100, 0.0000, 183.0400, 242.9100, 0.0000, 70, 64, 56
L 176.1622, 240.6878, 0.0000, 179.1622, 243.6878, 0.0000, 70, 64, 56
L 177.7178, 239.1322, 0.0000, 180.7178, 242.1322, 0.0000, 70, 64, 56
L 172.9400, 241.0100, 0.0000, 176.9400, 241.0100, 0.0000, 70, 64, 56
L 172.9400, 238.8100, 0.0000, 176.9400, 238.8100, 0.0000, 70, 64, 56
L 166.8400, 239.9100, 0.0000, 166.8400, 242.9100, 0.0000, 70, 64, 56
L 169.0400, 239.9100, 0.0000, 169.0400, 242.9100, 0.0000, 70, 64, 56
L 278.7800, 237.9100, 0.0000, 278.7800, 239.9100, 0.0000, 70, 64, 56
L 280.9800, 237.9100, 0.0000, 280.9800, 239.9100, 0.0000, 70, 64, 56
L 267.9100, 239.0100, 0.0000, 270.9100, 239.0100, 0.0000, 70, 64, 56
L 267.9100, 236.8100, 0.0000, 270.9100, 236.8100, 0.0000, 70, 64, 56
L 265.9100, 239.0100, 0.0000, 267.9100, 239.0100, 0.0000, 70, 64, 56
L 265.9100, 236.8100, 0.0000, 267.9100, 236.8100, 0.0000, 70, 64, 56
L 180.8400, 237.9100, 0.0000, 180.8400, 239.9100, 0.0000, 70, 64, 56
L 183.0400, 237.9100, 0.0000, 183.0400, 239.9100, 0.0000, 70, 64, 56
L 166.8400, 237.9100, 0.0000, 166.8400, 239.9100, 0.0000, 70, 64, 56
L 169.0400, 237.9100, 0.0000, 169.0400, 239.9100, 0.0000, 70, 64, 56
L 157.9400, 92.8700, 0.0000, 155.9400, 92.8700, 0.0000, 70, 64, 56
L 157.9400, 95.0700, 0.0000, 155.9400, 95.0700, 0.0000, 70, 64, 56
L 99.9700, 91.0700, 0.0000, 141.9400, 91.0700, 0.0000, 70, 64, 56
L 99.9700, 88.8700, 0.0000, 141.9400, 88.8700, 0.0000, 70, 64, 56
L 141.9400, 86.8700, 0.0000, 99.9700, 86.8700, 0.0000, 70, 64, 56
L 141.9400, 89.0700, 0.0000, 99.9700, 89.0700, 0.0000, 70, 64, 56
L 101.0700, 87.9700, 0.0000, 101.0700, 57.9700, 0.0000, 70, 64, 56
L 98.8700, 87.9700, 0.0000, 98.8700, 57.9700, 0.0000, 70, 64, 56
L 159.0400, 83.9700, 0.0000, 159.0400, 57.9700, 0.0000, 70, 64, 56
L 156.8400, 83.9700, 0.0000, 156.8400, 57.9700, 0.0000, 70, 64, 56
L 155.9400, 85.0700, 0.0000, 157.9400, 85.0700, 0.0000, 70, 64, 56
L 155.9400, 82.8700, 0.0000, 157.9400, 82.8700, 0.0000, 70, 64, 56
L 154.8400, 77.9700, 0.0000, 154.8400, 83.9700, 0.0000, 70, 64, 56
L 157.0400, 77.9700, 0.0000, 157.0400, 83.9700, 0.0000, 70, 64, 56
L 143.9400, 76.8700, 0.0000, 141.9400, 76.8700, 0.0000, 70, 64, 56
L 143.9400, 79.0700, 0.0000, 141.9400, 79.0700, 0.0000, 70, 64, 56
L 140.8400, 77.9700, 0.0000, 140.8400, 87.9700, 0.0000, 70, 64, 56
L 143.0400, 77.9700, 0.0000, 143.0400, 87.9700, 0.0000, 70, 64, 56
L 145.0400, 67.9700, 0.0000, 145.0400, 55.9700, 0.0000, 70, 64, 56
L 142.8400, 67.9700, 0.0000, 142.8400, 55.9700, 0.0000, 70, 64, 56
L 141.9400, 69.0700, 0.0000, 143.9400, 69.0700, 0.0000, 70, 64, 56
L 141.9400, 66.8700, 0.0000, 143.9400, 66.8700, 0.0000, 70, 64, 56
L 140.8400, 57.9700, 0.0000, 140.8400, 67.9700, 0.0000, 70, 64, 56
L 143.0400, 57.9700, 0.0000, 143.0400, 67.9700, 0.0000, 70, 64, 56
L 99.9700, 59.0700, 0.0000, 141.9400, 59.0700, 0.0000, 70, 64, 56
L 99.9700, 56.8700, 0.0000, 141.9400, 56.8700, 0.0000, 70, 64, 56
L 154.8400, 55.9700, 0.0000, 154.8400, 77.9700, 0.0000, 70, 64, 56
L 157.0400, 55.9700, 0.0000, 157.0400, 77.9700, 0.0000, 70, 64, 56
L 143.9400, 54.8700, 0.0000, 99.9700, 54.8700, 0.0000, 70, 64, 56
L 143.9400, 57.0700, 0.0000, 99.9700, 57.0700, 0.0000, 70, 64, 56
L 101.0700, 55.9700, 0.0000, 101.0700, 43.9700, 0.0000, 70, 64, 56
L 98.8700, 55.9700, 0.0000, 98.8700, 43.9700, 0.0000, 70, 64, 56
L 115.0700, 43.9700, 0.0000, 115.0700, 41.9700, 0.0000, 70, 64, 56
L 112.8700, 43.9700, 0.0000, 112.8700, 41.9700, 0.0000, 70, 64, 56
L 99.9700, 45.0700, 0.0000, 113.9700, 45.0700, 0.0000, 70, 64, 56
L 99.9700, 42.8700, 0.0000, 113.9700, 42.8700, 0.0000, 70, 64, 56
L 153.9400, 40.8700, 0.0000, 139.9400, 40.8700, 0.0000, 70, 64, 56
L 153.9400, 43.0700, 0.0000, 139.9400, 43.0700, 0.0000, 70, 64, 56
L 139.9400, 40.8700, 0.0000, 125.9400, 40.8700, 0.0000, 70, 64, 56
L 139.9400, 43.0700, 0.0000, 125.9400, 43.0700, 0.0000, 70, 64, 56
L 127.0400, 41.9700, 0.0000, 127.0400, 39.9700, 0.0000, 70, 64, 56
L 124.8400, 41.9700, 0.0000, 124.8400, 39.9700, 0.0000, 70, 64, 56
L 122.8400, 41.9700, 0.0000, 122.8400, 43.9700, 0.0000, 70, 64, 56
L 125.0400, 41.9700, 0.0000, 125.0400, 43.9700, 0.0000, 70, 64, 56
L 115.0700, 41.9700, 0.0000, 115.0700, 39.9700, 0.0000, 70, 64, 56
L 112.8700, 41.9700, 0.0000, 112.8700, 39.9700, 0.0000, 70, 64, 56
L 111.9700, 40.8700, 0.0000, 97.9700, 40.8700, 0.0000, 70, 64, 56
L 111.9700, 43.0700, 0.0000, 97.9700, 43.0700, 0.0000, 70, 64, 56
L 152.8400, 39.9700, 0.0000, 152.8400, 41.9700, 0.0000, 70, 64, 56
L 155.0400, 39.9700, 0.0000, 155.0400, 41.9700, 0.0000, 70, 64, 56
L 125.9400, 38.8700, 0.0000, 123.9400, 38.8700, 0.0000, 70, 64, 56
L 125.9400, 41.0700, 0.0000, 123.9400, 41.0700, 0.0000, 70, 64, 56
L 122.8400, 39.9700, 0.0000, 122.8400, 41.9700, 0.0000, 70, 64, 56
L 125.0400, 39.9700, 0.0000, 125.0400, 41.9700, 0.0000, 70, 64, 56
L 113.9700, 38.8700, 0.0000, 111.9700, 38.8700, 0.0000, 70, 64, 56
L 113.9700, 41.0700, 0.0000, 111.9700, 41.0700, 0.0000, 70, 64, 56
L 110.8700, 39.9700, 0.0000, 110.8700, 41.9700, 0.0000, 70, 64, 56
L 113.0700, 39.9700, 0.0000, 113.0700, 41.9700, 0.0000, 70, 64, 56
L 163.9400, 94.8700, 0.0000, 161.9400, 94.8700, 0.0000, 70, 64, 56
L 163.9400, 97.0700, 0.0000, 161.9400, 97.0700, 0.0000, 70, 64, 56
L 163.0400, 95.9700, 0.0000, 163.0400, 93.9700, 0.0000, 70, 64, 56
L 160.8400, 95.9700, 0.0000, 160.8400, 93.9700, 0.0000, 70, 64, 56
L 162.8400, 93.9700, 0.0000, 162.8400, 95.9700, 0.0000, 70, 64, 56
L 165.0400, 93.9700, 0.0000, 165.0400, 95.9700, 0.0000, 70, 64, 56
L 161.9400, 95.0700, 0.0000, 163.9400, 95.0700, 0.0000, 70, 64, 56
L 161.9400, 92.8700, 0.0000, 163.9400, 92.8700, 0.0000, 70, 64, 56
L 143.9400, 95.0700, 0.0000, 145.9400, 95.0700, 0.0000, 70, 64, 56
L 143.9400, 92.8700, 0.0000, 145.9400, 92.8700, 0.0000, 70, 64, 56
L 145.0400, 93.9700, 0.0000, 145.0400, 71.9700, 0.0000, 70, 64, 56
L 142.8400, 93.9700, 0.0000, 142.8400, 71.9700, 0.0000, 70, 64, 56
L 101.0700, 93.9700, 0.0000, 101.0700, 43.9700, 0.0000, 70, 64, 56
L 98.8700, 93.9700, 0.0000, 98.8700, 43.9700, 0.0000, 70, 64, 56
L 163.9400, 70.8700, 0.0000, 161.9400, 70.8700, 0.0000, 70, 64, 56
L 163.9400, 73.0700, 0.0000, 161.9400, 73.0700, 0.0000, 70, 64, 56
L 163.0400, 71.9700, 0.0000, 163.0400, 69.9700, 0.0000, 70, 64, 56
L 160.8400, 71.9700, 0.0000, 160.8400, 69.9700, 0.0000, 70, 64, 56
L 145.9400, 70.8700, 0.0000, 143.9400, 70.8700, 0.0000, 70, 64, 56
L 145.9400, 73.0700, 0.0000, 143.9400, 73.0700, 0.0000, 70, 64, 56
L 162.8400, 69.9700, 0.0000, 162.8400, 71.9700, 0.0000, 70, 64, 56
L 165.0400, 69.9700, 0.0000, 165.0400, 71.9700, 0.0000, 70, 64, 56
L 161.9400, 71.0700, 0.0000, 163.9400, 71.0700, 0.0000, 70, 64, 56
L 161.9400, 68.8700, 0.0000, 163.9400, 68.8700, 0.0000, 70, 64, 56
L 144.8400, 67.9700, 0.0000, 144.8400, 71.9700, 0.0000, 70, 64, 56
L 147.0400, 67.9700, 0.0000, 147.0400, 71.9700, 0.0000, 70, 64, 56
L 143.9400, 69.0700, 0.0000, 145.9400, 69.0700, 0.0000, 70, 64, 56
L 143.9400, 66.8700, 0.0000, 145.9400, 66.8700, 0.0000, 70, 64, 56
L 145.0400, 67.9700, 0.0000, 145.0400, 59.9700, 0.0000, 70, 64, 56
L 142.8400, 67.9700, 0.0000, 142.8400, 59.9700, 0.0000, 70, 64, 56
L 163.9400, 58.8700, 0.0000, 161.9400, 58.8700, 0.0000, 70, 64, 56
L 163.9400, 61.0700, 0.0000, 161.9400, 61.0700, 0.0000, 70, 64, 56
L 163.0400, 59.9700, 0.0000, 163.0400, 57.9700, 0.0000, 70, 64, 56
L 160.8400, 59.9700, 0.0000, 160.8400, 57.9700, 0.0000, 70, 64, 56
L 143.9400, 58.8700, 0.0000, 142.9400, 58.8700, 0.0000, 70, 64, 56
L 143.9400, 61.0700, 0.0000, 142.9400, 61.0700, 0.0000, 70, 64, 56
L 142.9400, 58.8700, 0.0000, 141.9400, 58.8700, 0.0000, 70, 64, 56
L 142.9400, 61.0700, 0.0000, 141.9400, 61.0700, 0.0000, 70, 64, 56
L 140.8400, 59.9700, 0.0000, 140.8400, 93.9700, 0.0000, 70, 64, 56
L 143.0400, 59.9700, 0.0000, 143.0400, 93.9700, 0.0000, 70, 64, 56
L 145.0400, 49.9700, 0.0000, 145.0400, 45.9700, 0.0000, 70, 64, 56
L 142.8400, 49.9700, 0.0000, 142.8400, 45.9700, 0.0000, 70, 64, 56
L 142.9400, 51.0700, 0.0000, 143.9400, 51.0700, 0.0000, 70, 64, 56
L 142.9400, 48.8700, 0.0000, 143.9400, 48.8700, 0.0000, 70, 64, 56
L 141.9400, 51.0700, 0.0000, 142.9400, 51.0700, 0.0000, 70, 64, 56
L 141.9400, 48.8700, 0.0000, 142.9400, 48.8700, 0.0000, 70, 64, 56
L 161.9400, 44.8700, 0.0000, 159.9400, 44.8700, 0.0000, 70, 64, 56
L 161.9400, 47.0700, 0.0000, 159.9400, 47.0700, 0.0000, 70, 64, 56
L 160.8400, 45.9700, 0.0000, 160.8400, 57.9700, 0.0000, 70, 64, 56
L 163.0400, 45.9700, 0.0000, 163.0400, 57.9700, 0.0000, 70, 64, 56
L 161.0400, 45.9700, 0.0000, 161.0400, 43.9700, 0.0000, 70, 64, 56
L 158.8400, 45.9700, 0.0000, 158.8400, 43.9700, 0.0000, 70, 64, 56
L 145.0400, 45.9700, 0.0000, 145.0400, 43.9700, 0.0000, 70, 64, 56
L 142.8400, 45.9700, 0.0000, 142.8400, 43.9700, 0.0000, 70, 64, 56
L 143.9400, 45.0700, 0.0000, 159.9400, 45.0700, 0.0000, 70, 64, 56
L 143.9400, 42.8700, 0.0000, 159.9400, 42.8700, 0.0000, 70, 64, 56
L 140.8400, 43.9700, 0.0000, 140.8400, 49.9700, 0.0000, 70, 64, 56
L 143.0400, 43.9700, 0.0000, 143.0400, 49.9700, 0.0000, 70, 64, 56
L 99.9700, 45.0700, 0.0000, 141.9400, 45.0700, 0.0000, 70, 64, 56
L 99.9700, 42.8700, 0.0000, 141.9400, 42.8700, 0.0000, 70, 64, 56
L 179.0400, 57.9700, 0.0000, 179.0400, 43.9700, 0.0000, 70, 64, 56
L 176.8400, 57.9700, 0.0000, 176.8400, 43.9700, 0.0000, 70, 64, 56
L 177.9400, 56.8700, 0.0000, 175.9400, 56.8700, 0.0000, 70, 64, 56
L 177.9400, 59.0700, 0.0000, 175.9400, 59.0700, 0.0000, 70, 64, 56
L 177.0400, 57.9700, 0.0000, 177.0400, 43.9700, 0.0000, 70, 64, 56
L 174.8400, 57.9700, 0.0000, 174.8400, 43.9700, 0.0000, 70, 64, 56
L 175.9400, 45.0700, 0.0000, 177.9400, 45.0700, 0.0000, 70, 64, 56
L 175.9400, 42.8700, 0.0000, 177.9400, 42.8700, 0.0000, 70, 64, 56
L 175.9400, 56.8700, 0.0000, 173.9400, 56.8700, 0.0000, 70, 64, 56
L 175.9400, 59.0700, 0.0000, 173.9400, 59.0700, 0.0000, 70, 64, 56
L 175.0400, 57.9700, 0.0000, 175.0400, 43.9700, 0.0000, 70, 64, 56
L 172.8400, 57.9700, 0.0000, 172.8400, 43.9700, 0.0000, 70, 64, 56
L 173.9400, 45.0700, 0.0000, 175.9400, 45.0700, 0.0000, 70, 64, 56
L 173.9400, 42.8700, 0.0000, 175.9400, 42.8700, 0.0000, 70, 64, 56
L 173.9400, 56.8700, 0.0000, 171.9400, 56.8700, 0.0000, 70, 64, 56
L 173.9400, 59.0700, 0.0000, 171.9400, 59.0700, 0.0000, 70, 64, 56
L 173.0400, 57.9700, 0.0000, 173.0400, 43.9700, 0.0000, 70, 64, 56
L 170.8400, 57.9700, 0.0000, 170.8400, 43.9700, 0.0000, 70, 64, 56
L 171.9400, 45.0700, 0.0000, 173.9400, 45.0700, 0.0000, 70, 64, 56
L 171.9400, 42.8700, 0.0000, 173.9400, 42.8700, 0.0000, 70, 64, 56
L 171.9400, 56.8700, 0.0000, 169.9400, 56.8700, 0.0000, 70, 64, 56
L 171.9400, 59.0700, 0.0000, 169.9400, 59.0700, 0.0000, 70, 64, 56
L 171.0400, 57.9700, 0.0000, 171.0400, 43.9700, 0.0000, 70, 64, 56
L 168.8400, 57.9700, 0.0000, 168.8400, 43.9700, 0.0000, 70, 64, 56
L 169.9400, 45.0700, 0.0000, 171.9400, 45.0700, 0.0000, 70, 64, 56
L 169.9400, 42.8700, 0.0000, 171.9400, 42.8700, 0.0000, 70, 64, 56
L 169.9400, 56.8700, 0.0000, 167.9400, 56.8700, 0.0000, 70, 64, 56
L 169.9400, 59.0700, 0.0000, 167.9400, 59.0700, 0.0000, 70, 64, 56
L 169.0400, 57.9700, 0.0000, 169.0400, 43.9700, 0.0000, 70, 64, 56
L 166.8400, 57.9700, 0.0000, 166.8400, 43.9700, 0.0000, 70, 64, 56
L 167.9400, 45.0700, 0.0000, 169.9400, 45.0700, 0.0000, 70, 64, 56
L 167.9400, 42.8700, 0.0000, 169.9400, 42.8700, 0.0000, 70, 64, 56
L 165.9400, 56.8700, 0.0000, 163.9400, 56.8700, 0.0000, 70, 64, 56
L 165.9400, 59.0700, 0.0000, 163.9400, 59.0700, 0.0000, 70, 64, 56
L 162.8400, 45.9700, 0.0000, 162.8400, 57.9700, 0.0000, 70, 64, 56
L 165.0400, 45.9700, 0.0000, 165.0400, 57.9700, 0.0000, 70, 64, 56
L 164.8400, 43.9700, 0.0000, 164.8400, 57.9700, 0.0000, 70, 64, 56
L 167.0400, 43.9700, 0.0000, 167.0400, 57.9700, 0.0000, 70, 64, 56
L 162.8400, 43.9700, 0.0000, 162.8400, 45.9700, 0.0000, 70, 64, 56
L 165.0400, 43.9700, 0.0000, 165.0400, 45.9700, 0.0000, 70, 64, 56
L 163.9400, 45.0700, 0.0000, 165.9400, 45.0700, 0.0000, 70, 64, 56
L 163.9400, 42.8700, 0.0000, 165.9400, 42.8700, 0.0000, 70, 64, 56
L 165.0400, 93.9700, 0.0000, 165.0400, 71.9700, 0.0000, 70, 64, 56
L 162.8400, 93.9700, 0.0000, 162.8400, 71.9700, 0.0000, 70, 64, 56
L 165.0400, 69.9700, 0.0000, 165.0400, 59.9700, 0.0000, 70, 64, 56
L 162.8400, 69.9700, 0.0000, 162.8400, 59.9700, 0.0000, 70, 64, 56
L 101.0700, 59.9700, 0.0000, 101.0700, 43.9700, 0.0000, 70, 64, 56
L 98.8700, 59.9700, 0.0000, 98.8700, 43.9700, 0.0000, 70, 64, 56
L 163.9400, 56.8700, 0.0000, 161.9400, 56.8700, 0.0000, 70, 64, 56
L 163.9400, 59.0700, 0.0000, 161.9400, 59.0700, 0.0000, 70, 64, 56
L 161.9400, 47.0700, 0.0000, 163.9400, 47.0700, 0.0000, 70, 64, 56
L 161.9400, 44.8700, 0.0000, 163.9400, 44.8700, 0.0000, 70, 64, 56
L 163.0400, 93.9700, 0.0000, 163.0400, 71.9700, 0.0000, 70, 64, 56
L 160.8400, 93.9700, 0.0000, 160.8400, 71.9700, 0.0000, 70, 64, 56
L 163.0400, 69.9700, 0.0000, 163.0400, 67.9700, 0.0000, 70, 64, 56
L 160.8400, 69.9700, 0.0000, 160.8400, 67.9700, 0.0000, 70, 64, 56
L 163.0400, 67.9700, 0.0000, 163.0400, 59.9700, 0.0000, 70, 64, 56
L 160.8400, 67.9700, 0.0000, 160.8400, 59.9700, 0.0000, 70, 64, 56
L 165.9400, 59.0700, 0.0000, 167.9400, 59.0700, 0.0000, 70, 64, 56
L 165.9400, 56.8700, 0.0000, 167.9400, 56.8700, 0.0000, 70, 64, 56
L 162.8400, 57.9700, 0.0000, 162.8400, 59.9700, 0.0000, 70, 64, 56
L 165.0400, 57.9700, 0.0000, 165.0400, 59.9700, 0.0000, 70, 64, 56
L 154.8421, -858.3138, 0.0000, 160.0914, -858.3138, 0.0000, 96, 78, 54
L 154.9439, -855.5814, 0.0000, 160.3240, -855.5814, 0.0000, 96, 78, 54
L 155.0458, -852.8490, 0.0000, 160.5565, -852.8490, 0.0000, 96, 78, 54
L 155.2707, -850.1166, 0.0000, 160.9121, -850.1166, 0.0000, 96, 78, 54
L 155.5089, -847.3842, 0.0000, 161.2809, -847.3842, 0.0000, 96, 78, 54
L 155.7301, -844.6518, 0.0000, 161.6328, -844.6518, 0.0000, 96, 78, 54
L 155.9125, -841.9194, 0.0000, 161.9459, -841.9194, 0.0000, 96, 78, 54
L 156.0949, -839.1870, 0.0000, 162.2590, -839.1870, 0.0000, 96, 78, 54
L 156.1843, -836.4546, 0.0000, 162.4791, -836.4546, 0.0000, 96, 78, 54
L 156.2353, -833.7222, 0.0000, 162.6607, -833.7222, 0.0000, 96, 78, 54
L 156.2986, -830.9898, 0.0000, 162.8548, -830.9898, 0.0000, 96, 78, 54
L 156.4616, -828.2574, 0.0000, 163.1485, -828.2574, 0.0000, 96, 78, 54
L 156.6247, -825.5250, 0.0000, 163.4422, -825.5250, 0.0000, 96, 78, 54
L 156.5708, -822.7926, 0.0000, 163.5189, -822.7926, 0.0000, 96, 78, 54
L 156.3109, -820.0602, 0.0000, 163.3897, -820.0602, 0.0000, 96, 78, 54
L 156.0510, -817.3278, 0.0000, 163.2605, -817.3278, 0.0000, 96, 78, 54
L 156.0102, -814.5954, 0.0000, 163.3505, -814.5954, 0.0000, 96, 78, 54
L 155.9897, -811.8630, 0.0000, 163.4606, -811.8630, 0.0000, 96, 78, 54
L 155.9757, -810.0000, 0.0000, 156.0290, -817.0971, 0.0000, 70, 56, 38
L 163.5357, -810.0000, 0.0000, 163.2496, -817.0971, 0.0000, 96, 78, 54
L 156.0290, -817.0971, 0.0000, 156.7041, -824.1943, 0.0000, 70, 56, 38
L 163.2496, -817.0971, 0.0000, 163.5852, -824.1943, 0.0000, 96, 78, 54
L 156.7041, -824.1943, 0.0000, 156.2806, -831.2914, 0.0000, 70, 56, 38
L 163.5852, -824.1943, 0.0000, 162.8223, -831.2914, 0.0000, 96, 78, 54
L 156.2806, -831.2914, 0.0000, 156.1483, -838.3886, 0.0000, 70, 56, 38
L 162.8223, -831.2914, 0.0000, 162.3505, -838.3886, 0.0000, 96, 78, 54
L 156.1483, -838.3886, 0.0000, 155.6744, -845.4857, 0.0000, 70, 56, 38
L 162.3505, -838.3886, 0.0000, 161.5372, -845.4857, 0.0000, 96, 78, 54
L 155.6744, -845.4857, 0.0000, 155.0557, -852.5829, 0.0000, 70, 56, 38
L 161.5372, -845.4857, 0.0000, 160.5791, -852.5829, 0.0000, 96, 78, 54
L 155.0557, -852.5829, 0.0000, 154.7912, -859.6800, 0.0000, 70, 56, 38
L 160.5791, -852.5829, 0.0000, 159.9752, -859.6800, 0.0000, 96, 78, 54
L 156.0290, -817.0971, 0.0000, 159.2783, -816.1035, 0.0000, 70, 56, 38
L 156.2806, -831.2914, 0.0000, 159.2244, -830.2978, 0.0000, 70, 56, 38
L 155.6744, -845.4857, 0.0000, 158.3127, -844.4921, 0.0000, 70, 56, 38
L 156.5735, -818.2800, 0.0000, 163.2695, -818.2800, 0.0000, 70, 56, 38
L 156.3379, -826.5600, 0.0000, 163.0339, -826.5600, 0.0000, 70, 56, 38
L 155.9453, -834.8400, 0.0000, 162.6413, -834.8400, 0.0000, 70, 56, 38
L 155.3956, -843.1200, 0.0000, 162.0916, -843.1200, 0.0000, 70, 56, 38
L 154.6888, -851.4000, 0.0000, 161.3848, -851.4000, 0.0000, 70, 56, 38
L 138.6358, -867.3135, 0.0000, 153.7261, -867.3135, 0.0000, 68, 112, 56
L 132.9601, -865.1535, 0.0000, 157.1731, -865.1535, 0.0000, 68, 112, 56
L 129.0806, -862.9935, 0.0000, 157.1731, -862.9935, 0.0000, 68, 112, 56
L 126.0441, -860.8335, 0.0000, 130.8935, -860.8335, 0.0000, 68, 112, 56
L 141.5269, -860.8335, 0.0000, 157.1731, -860.8335, 0.0000, 68, 112, 56
L 148.0828, -858.6735, 0.0000, 157.1731, -858.6735, 0.0000, 68, 112, 56
L 152.2642, -856.5135, 0.0000, 157.1731, -856.5135, 0.0000, 68, 112, 56
L 155.5363, -854.3535, 0.0000, 157.1731, -854.3535, 0.0000, 68, 112, 56
L 157.1731, -859.6800, 0.0000, 153.2819, -861.7021, 0.0000, 68, 112, 56
L 153.2819, -861.7021, 0.0000, 149.3908, -863.1666, 0.0000, 68, 112, 56
L 149.3908, -863.1666, 0.0000, 145.4997, -864.0735, 0.0000, 68, 112, 56
L 145.4997, -864.0735, 0.0000, 141.6086, -864.4227, 0.0000, 68, 112, 56
L 141.6086, -864.4227, 0.0000, 137.7175, -864.2144, 0.0000, 68, 112, 56
L 137.7175, -864.2144, 0.0000, 133.8264, -863.4484, 0.0000, 68, 112, 56
L 133.8264, -863.4484, 0.0000, 129.9352, -862.1248, 0.0000, 68, 112, 56
L 129.9352, -862.1248, 0.0000, 126.0441, -860.2436, 0.0000, 68, 112, 56
L 141.1311, -871.6342, 0.0000, 150.1731, -871.6342, 0.0000, 96, 140, 84
L 137.6660, -869.4742, 0.0000, 153.6807, -869.4742, 0.0000, 96, 140, 84
L 135.2951, -867.3142, 0.0000, 156.0274, -867.3142, 0.0000, 96, 140, 84
L 146.6894, -865.1542, 0.0000, 157.1731, -865.1542, 0.0000, 96, 140, 84
L 149.5104, -862.9942, 0.0000, 157.1731, -862.9942, 0.0000, 96, 140, 84
L 151.7006, -860.8342, 0.0000, 157.1731, -860.8342, 0.0000, 96, 140, 84
L 153.4184, -858.6742, 0.0000, 157.1731, -858.6742, 0.0000, 96, 140, 84
L 155.0090, -856.5142, 0.0000, 157.1731, -856.5142, 0.0000, 96, 140, 84
L 156.4194, -854.3542, 0.0000, 157.1731, -854.3542, 0.0000, 96, 140, 84
L 157.1731, -859.6800, 0.0000, 154.4252, -863.1682, 0.0000, 68, 112, 56
L 154.4252, -863.1682, 0.0000, 151.6774, -865.9033, 0.0000, 68, 112, 56
L 151.6774, -865.9033, 0.0000, 148.9296, -867.8853, 0.0000, 68, 112, 56
L 148.9296, -867.8853, 0.0000, 146.1818, -869.1142, 0.0000, 68, 112, 56
L 146.1818, -869.1142, 0.0000, 143.4340, -869.5900, 0.0000, 68, 112, 56
L 143.4340, -869.5900, 0.0000, 140.6862, -869.3127, 0.0000, 68, 112, 56
L 140.6862, -869.3127, 0.0000, 137.9384, -868.2823, 0.0000, 68, 112, 56
L 137.9384, -868.2823, 0.0000, 135.1906, -866.4989, 0.0000, 68, 112, 56
L 151.0111, -874.4163, 0.0000, 154.1396, -874.4163, 0.0000, 68, 112, 56
L 149.8678, -872.2563, 0.0000, 155.2761, -872.2563, 0.0000, 68, 112, 56
L 149.2551, -870.0963, 0.0000, 150.0362, -870.0963, 0.0000, 68, 112, 56
L 151.7280, -870.0963, 0.0000, 156.0591, -870.0963, 0.0000, 68, 112, 56
L 153.3027, -867.9363, 0.0000, 156.6838, -867.9363, 0.0000, 68, 112, 56
L 154.1774, -865.7763, 0.0000, 157.1731, -865.7763, 0.0000, 68, 112, 56
L 154.8307, -863.6163, 0.0000, 157.1731, -863.6163, 0.0000, 68, 112, 56
L 155.4185, -861.4563, 0.0000, 157.1731, -861.4563, 0.0000, 68, 112, 56
L 155.9311, -859.2963, 0.0000, 157.1731, -859.2963, 0.0000, 68, 112, 56
L 156.3991, -857.1363, 0.0000, 157.1731, -857.1363, 0.0000, 68, 112, 56
L 157.1731, -859.6800, 0.0000, 156.1833, -863.9935, 0.0000, 68, 112, 56
L 156.1833, -863.9935, 0.0000, 155.1936, -867.4439, 0.0000, 68, 112, 56
L 155.1936, -867.4439, 0.0000, 154.2038, -870.0312, 0.0000, 68, 112, 56
L 154.2038, -870.0312, 0.0000, 153.2141, -871.7553, 0.0000, 68, 112, 56
L 153.2141, -871.7553, 0.0000, 152.2243, -872.6163, 0.0000, 68, 112, 56
L 152.2243, -872.6163, 0.0000, 151.2346, -872.6142, 0.0000, 68, 112, 56
L 151.2346, -872.6142, 0.0000, 150.2448, -871.7489, 0.0000, 68, 112, 56
L 150.2448, -871.7489, 0.0000, 149.2551, -870.0204, 0.0000, 68, 112, 56
L 160.2065, -874.4163, 0.0000, 163.3350, -874.4163, 0.0000, 96, 140, 84
L 159.0700, -872.2563, 0.0000, 164.4783, -872.2563, 0.0000, 96, 140, 84
L 158.2871, -870.0963, 0.0000, 162.6182, -870.0963, 0.0000, 96, 140, 84
L 164.3099, -870.0963, 0.0000, 165.0910, -870.0963, 0.0000, 96, 140, 84
L 157.6623, -867.9363, 0.0000, 161.0434, -867.9363, 0.0000, 96, 140, 84
L 157.1731, -865.7763, 0.0000, 160.1687, -865.7763, 0.0000, 96, 140, 84
L 157.1731, -863.6163, 0.0000, 159.5154, -863.6163, 0.0000, 96, 140, 84
L 157.1731, -861.4563, 0.0000, 158.9277, -861.4563, 0.0000, 96, 140, 84
L 157.1731, -859.2963, 0.0000, 158.4150, -859.2963, 0.0000, 96, 140, 84
L 157.1731, -857.1363, 0.0000, 157.9471, -857.1363, 0.0000, 96, 140, 84
L 157.1731, -859.6800, 0.0000, 158.1628, -863.9935, 0.0000, 68, 112, 56
L 158.1628, -863.9935, 0.0000, 159.1525, -867.4439, 0.0000, 68, 112, 56
L 159.1525, -867.4439, 0.0000, 160.1423, -870.0312, 0.0000, 68, 112, 56
L 160.1423, -870.0312, 0.0000, 161.1320, -871.7553, 0.0000, 68, 112, 56
L 161.1320, -871.7553, 0.0000, 162.1218, -872.6163, 0.0000, 68, 112, 56
L 162.1218, -872.6163, 0.0000, 163.1115, -872.6142, 0.0000, 68, 112, 56
L 163.1115, -872.6142, 0.0000, 164.1013, -871.7489, 0.0000, 68, 112, 56
L 164.1013, -871.7489, 0.0000, 165.0910, -870.0204, 0.0000, 68, 112, 56
L 164.1730, -871.6342, 0.0000, 173.2150, -871.6342, 0.0000, 68, 112, 56
L 160.6654, -869.4742, 0.0000, 176.6801, -869.4742, 0.0000, 68, 112, 56
L 158.3187, -867.3142, 0.0000, 179.0510, -867.3142, 0.0000, 68, 112, 56
L 157.1731, -865.1542, 0.0000, 167.6567, -865.1542, 0.0000, 68, 112, 56
L 157.1731, -862.9942, 0.0000, 164.8357, -862.9942, 0.0000, 68, 112, 56
L 157.1731, -860.8342, 0.0000, 162.6455, -860.8342, 0.0000, 68, 112, 56
L 157.1731, -858.6742, 0.0000, 160.9277, -858.6742, 0.0000, 68, 112, 56
L 157.1731, -856.5142, 0.0000, 159.3371, -856.5142, 0.0000, 68, 112, 56
L 157.1731, -854.3542, 0.0000, 157.9267, -854.3542, 0.0000, 68, 112, 56
L 157.1731, -859.6800, 0.0000, 159.9209, -863.1682, 0.0000, 68, 112, 56
L 159.9209, -863.1682, 0.0000, 162.6687, -865.9033, 0.0000, 68, 112, 56
L 162.6687, -865.9033, 0.0000, 165.4165, -867.8853, 0.0000, 68, 112, 56
L 165.4165, -867.8853, 0.0000, 168.1643, -869.1142, 0.0000, 68, 112, 56
L 168.1643, -869.1142, 0.0000, 170.9121, -869.5900, 0.0000, 68, 112, 56
L 170.9121, -869.5900, 0.0000, 173.6599, -869.3127, 0.0000, 68, 112, 56
L 173.6599, -869.3127, 0.0000, 176.4077, -868.2823, 0.0000, 68, 112, 56
L 176.4077, -868.2823, 0.0000, 179.1555, -866.4989, 0.0000, 68, 112, 56
L 160.6200, -867.3135, 0.0000, 175.7103, -867.3135, 0.0000, 96, 140, 84
L 157.1731, -865.1535, 0.0000, 181.3860, -865.1535, 0.0000, 96, 140, 84
L 157.1731, -862.9935, 0.0000, 185.2655, -862.9935, 0.0000, 96, 140, 84
L 157.1731, -860.8335, 0.0000, 172.8192, -860.8335, 0.0000, 96, 140, 84
L 183.4526, -860.8335, 0.0000, 188.3020, -860.8335, 0.0000, 96, 140, 84
L 157.1731, -858.6735, 0.0000, 166.2633, -858.6735, 0.0000, 96, 140, 84
L 157.1731, -856.5135, 0.0000, 162.0819, -856.5135, 0.0000, 96, 140, 84
L 157.1731, -854.3535, 0.0000, 158.8098, -854.3535, 0.0000, 96, 140, 84
L 157.1731, -859.6800, 0.0000, 161.0642, -861.7021, 0.0000, 68, 112, 56
L 161.0642, -861.7021, 0.0000, 164.9553, -863.1666, 0.0000, 68, 112, 56
L 164.9553, -863.1666, 0.0000, 168.8464, -864.0735, 0.0000, 68, 112, 56
L 168.8464, -864.0735, 0.0000, 172.7375, -864.4227, 0.0000, 68, 112, 56
L 172.7375, -864.4227, 0.0000, 176.6286, -864.2144, 0.0000, 68, 112, 56
L 176.6286, -864.2144, 0.0000, 180.5197, -863.4484, 0.0000, 68, 112, 56
L 180.5197, -863.4484, 0.0000, 184.4109, -862.1248, 0.0000, 68, 112, 56
L 184.4109, -862.1248, 0.0000, 188.3020, -860.2436, 0.0000, 68, 112, 56
L 159.3271, -857.6539, 0.0000, 162.7783, -857.6539, 0.0000, 96, 78, 54
L 159.0173, -856.0339, 0.0000, 163.0506, -856.0339, 0.0000, 96, 78, 54
L 163.0615, -856.4400, 0.0000, 163.0408, -855.6663, 0.0000, 96, 78, 54
L 163.0408, -855.6663, 0.0000, 162.4884, -855.0662, 0.0000, 96, 78, 54
L 162.4884, -855.0662, 0.0000, 161.8342, -854.5366, 0.0000, 96, 78, 54
L 161.8342, -854.5366, 0.0000, 160.9531, -854.6441, 0.0000, 96, 78, 54
L 160.9531, -854.6441, 0.0000, 160.2653, -854.9544, 0.0000, 96, 78, 54
L 160.2653, -854.9544, 0.0000, 159.6850, -855.3054, 0.0000, 96, 78, 54
L 159.6850, -855.3054, 0.0000, 158.9049, -855.6809, 0.0000, 96, 78, 54
L 158.9049, -855.6809, 0.0000, 159.1467, -856.4400, 0.0000, 96, 78, 54
L 159.1467, -856.4400, 0.0000, 158.9517, -857.1817, 0.0000, 96, 78, 54
L 158.9517, -857.1817, 0.0000, 159.4390, -857.7947, 0.0000, 96, 78, 54
L 159.4390, -857.7947, 0.0000, 160.2923, -857.8673, 0.0000, 96, 78, 54
L 160.2923, -857.8673, 0.0000, 160.9531, -858.4639, 0.0000, 96, 78, 54
L 160.9531, -858.4639, 0.0000, 161.6063, -857.8511, 0.0000, 96, 78, 54
L 161.6063, -857.8511, 0.0000, 162.5957, -857.9097, 0.0000, 96, 78, 54
L 162.5957, -857.9097, 0.0000, 163.0816, -857.2289, 0.0000, 96, 78, 54
L 163.0816, -857.2289, 0.0000, 163.0615, -856.4400, 0.0000, 96, 78, 54
L 159.9518, -855.1440, 0.0000, 162.5600, -855.1440, 0.0000, 70, 56, 38
L 153.8836, -855.6669, 0.0000, 157.2019, -855.6669, 0.0000, 96, 78, 54
L 153.1424, -854.0469, 0.0000, 157.2683, -854.0469, 0.0000, 96, 78, 54
L 157.1252, -854.5694, 0.0000, 157.3333, -853.8096, 0.0000, 96, 78, 54
L 157.3333, -853.8096, 0.0000, 156.8554, -853.1625, 0.0000, 96, 78, 54
L 156.8554, -853.1625, 0.0000, 155.9623, -853.1021, 0.0000, 96, 78, 54
L 155.9623, -853.1021, 0.0000, 155.2831, -852.6211, 0.0000, 96, 78, 54
L 155.2831, -852.6211, 0.0000, 154.6041, -853.1029, 0.0000, 96, 78, 54
L 154.6041, -853.1029, 0.0000, 153.6162, -853.0780, 0.0000, 96, 78, 54
L 153.6162, -853.0780, 0.0000, 153.2584, -853.8190, 0.0000, 96, 78, 54
L 153.2584, -853.8190, 0.0000, 152.8765, -854.5694, 0.0000, 96, 78, 54
L 152.8765, -854.5694, 0.0000, 153.6920, -855.1591, 0.0000, 96, 78, 54
L 153.6920, -855.1591, 0.0000, 153.9272, -855.7825, 0.0000, 96, 78, 54
L 153.9272, -855.7825, 0.0000, 154.4639, -856.3388, 0.0000, 96, 78, 54
L 154.4639, -856.3388, 0.0000, 155.2831, -856.4769, 0.0000, 96, 78, 54
L 155.2831, -856.4769, 0.0000, 155.9784, -856.0715, 0.0000, 96, 78, 54
L 155.9784, -856.0715, 0.0000, 156.9366, -856.0489, 0.0000, 96, 78, 54
L 156.9366, -856.0489, 0.0000, 157.4154, -855.3596, 0.0000, 96, 78, 54
L 157.4154, -855.3596, 0.0000, 157.1252, -854.5694, 0.0000, 96, 78, 54
L 153.5219, -853.2734, 0.0000, 156.9373, -853.2734, 0.0000, 70, 56, 38
L 153.6222, -859.4982, 0.0000, 157.0710, -859.4982, 0.0000, 96, 78, 54
L 153.6591, -857.8782, 0.0000, 157.0112, -857.8782, 0.0000, 96, 78, 54
L 157.1884, -858.3106, 0.0000, 156.9372, -857.6976, 0.0000, 96, 78, 54
L 156.9372, -857.6976, 0.0000, 156.8216, -856.9340, 0.0000, 96, 78, 54
L 156.8216, -856.9340, 0.0000, 156.0421, -856.6710, 0.0000, 96, 78, 54
L 156.0421, -856.6710, 0.0000, 155.2831, -856.3667, 0.0000, 96, 78, 54
L 155.2831, -856.3667, 0.0000, 154.4997, -856.6185, 0.0000, 96, 78, 54
L 154.4997, -856.6185, 0.0000, 153.8870, -857.0615, 0.0000, 96, 78, 54
L 153.8870, -857.0615, 0.0000, 153.7137, -857.7290, 0.0000, 96, 78, 54
L 153.7137, -857.7290, 0.0000, 153.5007, -858.3106, 0.0000, 96, 78, 54
L 153.5007, -858.3106, 0.0000, 153.4156, -859.0027, 0.0000, 96, 78, 54
L 153.4156, -859.0027, 0.0000, 153.7129, -859.7155, 0.0000, 96, 78, 54
L 153.7129, -859.7155, 0.0000, 154.5188, -859.9615, 0.0000, 96, 78, 54
L 154.5188, -859.9615, 0.0000, 155.2831, -860.3082, 0.0000, 96, 78, 54
L 155.2831, -860.3082, 0.0000, 156.0796, -860.0312, 0.0000, 96, 78, 54
L 156.0796, -860.0312, 0.0000, 156.9327, -859.7866, 0.0000, 96, 78, 54
L 156.9327, -859.7866, 0.0000, 157.2847, -859.0525, 0.0000, 96, 78, 54
L 157.2847, -859.0525, 0.0000, 157.1884, -858.3106, 0.0000, 96, 78, 54
L 153.9519, -857.0146, 0.0000, 156.8338, -857.0146, 0.0000, 70, 56, 38
L 995.0000, -1160.0000, 0.0000, 995.0000, -1276.0000, 0.0000, 140, 116, 78
L 997.9000, -1160.0000, 0.0000, 997.9000, -1273.6800, 0.0000, 140, 116, 78
L 964.8400, -1260.9200, 0.0000, 1027.4800, -1263.2400, 0.0000, 140, 116, 78
L 968.3200, -1260.9200, 0.0000, 968.3200, -1256.2800, 0.0000, 140, 116, 78
L 1022.8400, -1262.6600, 0.0000, 1022.8400, -1258.0200, 0.0000, 140, 116, 78
L 968.3200, -1256.2800, 0.0000, 1022.8400, -1258.0200, 0.0000, 155, 48, 36
L 1022.8400, -1258.0200, 0.0000, 1021.6800, -1213.3600, 0.0000, 155, 48, 36
L 1021.6800, -1213.3600, 0.0000, 995.5800, -1224.9600, 0.0000, 155, 48, 36
L 995.5800, -1224.9600, 0.0000, 969.4800, -1212.2000, 0.0000, 155, 48, 36
L 969.4800, -1212.2000, 0.0000, 968.3200, -1256.2800, 0.0000, 155, 48, 36
L 968.3505, -1255.1200, 0.0000, 1022.7647, -1255.1200, 0.0000, 155, 48, 36
L 968.5032, -1249.3200, 0.0000, 1022.6140, -1249.3200, 0.0000, 155, 48, 36
L 968.6558, -1243.5200, 0.0000, 1022.4634, -1243.5200, 0.0000, 155, 48, 36
L 968.8084, -1237.7200, 0.0000, 1022.3127, -1237.7200, 0.0000, 155, 48, 36
L 968.9611, -1231.9200, 0.0000, 1022.1621, -1231.9200, 0.0000, 155, 48, 36
L 969.1137, -1226.1200, 0.0000, 1022.0114, -1226.1200, 0.0000, 155, 48, 36
L 969.2663, -1220.3200, 0.0000, 986.0891, -1220.3200, 0.0000, 155, 48, 36
L 1006.0200, -1220.3200, 0.0000, 1021.8608, -1220.3200, 0.0000, 155, 48, 36
L 969.4189, -1214.5200, 0.0000, 974.2255, -1214.5200, 0.0000, 155, 48, 36
L 1019.0700, -1214.5200, 0.0000, 1021.7101, -1214.5200, 0.0000, 155, 48, 36
L 1001.2014, -1284.9598, 0.0000, 999.2370, -1287.3217, 0.0000, 130, 82, 12
L 999.2370, -1287.3217, 0.0000, 996.4471, -1288.6079, 0.0000, 130, 82, 12
L 996.4471, -1288.6079, 0.0000, 993.3752, -1288.5677, 0.0000, 130, 82, 12
L 993.3752, -1288.5677, 0.0000, 990.6199, -1287.2089, 0.0000, 130, 82, 12
L 990.6199, -1287.2089, 0.0000, 988.7180, -1284.7964, 0.0000, 130, 82, 12
L 988.7180, -1284.7964, 0.0000, 988.0400, -1281.8000, 0.0000, 130, 82, 12
L -700.0000, -160.0000, 0.0000, -700.0000, -272.0000, 0.0000, 140, 116, 78
L -697.2000, -160.0000, 0.0000, -697.2000, -269.7600, 0.0000, 140, 116, 78
L -729.1200, -257.4400, 0.0000, -668.6400, -259.6800, 0.0000, 140, 116, 78
L -725.7600, -257.4400, 0.0000, -725.7600, -252.9600, 0.0000, 140, 116, 78
L -673.1200, -259.1200, 0.0000, -673.1200, -254.6400, 0.0000, 140, 116, 78
L -725.7600, -252.9600, 0.0000, -673.1200, -254.6400, 0.0000, 155, 48, 36
L -673.1200, -254.6400, 0.0000, -674.2400, -211.5200, 0.0000, 155, 48, 36
L -674.2400, -211.5200, 0.0000, -699.4400, -222.7200, 0.0000, 155, 48, 36
L -699.4400, -222.7200, 0.0000, -724.6400, -210.4000, 0.0000, 155, 48, 36
L -724.6400, -210.4000, 0.0000, -725.7600, -252.9600, 0.0000, 155, 48, 36
L -725.7305, -251.8400, 0.0000, -673.1927, -251.8400, 0.0000, 155, 48, 36
L -725.5832, -246.2400, 0.0000, -673.3382, -246.2400, 0.0000, 155, 48, 36
L -725.4358, -240.6400, 0.0000, -673.4836, -240.6400, 0.0000, 155, 48, 36
L -725.2884, -235.0400, 0.0000, -673.6291, -235.0400, 0.0000, 155, 48, 36
L -725.1411, -229.4400, 0.0000, -673.7745, -229.4400, 0.0000, 155, 48, 36
L -724.9937, -223.8400, 0.0000, -673.9200, -223.8400, 0.0000, 155, 48, 36
L -724.8463, -218.2400, 0.0000, -708.6036, -218.2400, 0.0000, 155, 48, 36
L -689.3600, -218.2400, 0.0000, -674.0655, -218.2400, 0.0000, 155, 48, 36
L -724.6989, -212.6400, 0.0000, -720.0582, -212.6400, 0.0000, 155, 48, 36
L -676.7600, -212.6400, 0.0000, -674.2109, -212.6400, 0.0000, 155, 48, 36
L -694.0124, -280.6508, 0.0000, -695.9091, -282.9313, 0.0000, 130, 82, 12
L -695.9091, -282.9313, 0.0000, -698.6028, -284.1732, 0.0000, 130, 82, 12
L -698.6028, -284.1732, 0.0000, -701.5688, -284.1343, 0.0000, 130, 82, 12
L -701.5688, -284.1343, 0.0000, -704.2290, -282.8224, 0.0000, 130, 82, 12
L -704.2290, -282.8224, 0.0000, -706.0654, -280.4930, 0.0000, 130, 82, 12
L -706.0654, -280.4930, 0.0000, -706.7200, -277.6000, 0.0000, 130, 82, 12
L 285.0000, 715.0000, 0.0000, 285.0000, 611.0000, 0.0000, 140, 116, 78
L 287.6000, 715.0000, 0.0000, 287.6000, 613.0800, 0.0000, 140, 116, 78
L 257.9600, 624.5200, 0.0000, 314.1200, 622.4400, 0.0000, 140, 116, 78
L 261.0800, 624.5200, 0.0000, 261.0800, 628.6800, 0.0000, 140, 116, 78
L 309.9600, 622.9600, 0.0000, 309.9600, 627.1200, 0.0000, 140, 116, 78
L 261.0800, 628.6800, 0.0000, 309.9600, 627.1200, 0.0000, 155, 48, 36
L 309.9600, 627.1200, 0.0000, 308.9200, 667.1600, 0.0000, 155, 48, 36
L 308.9200, 667.1600, 0.0000, 285.5200, 656.7600, 0.0000, 155, 48, 36
L 285.5200, 656.7600, 0.0000, 262.1200, 668.2000, 0.0000, 155, 48, 36
L 262.1200, 668.2000, 0.0000, 261.0800, 628.6800, 0.0000, 155, 48, 36
L 261.1074, 629.7200, 0.0000, 309.8925, 629.7200, 0.0000, 155, 48, 36
L 261.2442, 634.9200, 0.0000, 309.7574, 634.9200, 0.0000, 155, 48, 36
L 261.3811, 640.1200, 0.0000, 309.6223, 640.1200, 0.0000, 155, 48, 36
L 261.5179, 645.3200, 0.0000, 309.4873, 645.3200, 0.0000, 155, 48, 36
L 261.6547, 650.5200, 0.0000, 309.3522, 650.5200, 0.0000, 155, 48, 36
L 261.7916, 655.7200, 0.0000, 309.2171, 655.7200, 0.0000, 155, 48, 36
L 261.9284, 660.9200, 0.0000, 277.0109, 660.9200, 0.0000, 155, 48, 36
L 294.8800, 660.9200, 0.0000, 309.0821, 660.9200, 0.0000, 155, 48, 36
L 262.0653, 666.1200, 0.0000, 266.3745, 666.1200, 0.0000, 155, 48, 36
L 306.5800, 666.1200, 0.0000, 308.9470, 666.1200, 0.0000, 155, 48, 36
L 290.5599, 602.9671, 0.0000, 288.7987, 600.8495, 0.0000, 130, 82, 12
L 288.7987, 600.8495, 0.0000, 286.2974, 599.6964, 0.0000, 130, 82, 12
L 286.2974, 599.6964, 0.0000, 283.5433, 599.7324, 0.0000, 130, 82, 12
L 283.5433, 599.7324, 0.0000, 281.0730, 600.9506, 0.0000, 130, 82, 12
L 281.0730, 600.9506, 0.0000, 279.3679, 603.1136, 0.0000, 130, 82, 12
L 279.3679, 603.1136, 0.0000, 278.7600, 605.8000, 0.0000, 130, 82, 12
L -752.8571, 1062.6566, 0.0000, -726.8053, 1062.6566, 0.0000, 86, 38, 32
L -752.9805, 1064.3019, 0.0000, -726.7230, 1064.3019, 0.0000, 86, 38, 32
L -753.1039, 1065.9473, 0.0000, -726.6407, 1065.9473, 0.0000, 86, 38, 32
L -753.2273, 1067.5927, 0.0000, -726.5585, 1067.5927, 0.0000, 86, 38, 32
L -753.3507, 1069.2381, 0.0000, -726.4762, 1069.2381, 0.0000, 86, 38, 32
L -753.4741, 1070.8835, 0.0000, -726.3939, 1070.8835, 0.0000, 86, 38, 32
L -753.5975, 1072.5288, 0.0000, -726.3117, 1072.5288, 0.0000, 86, 38, 32
L -753.7209, 1074.1742, 0.0000, -726.2294, 1074.1742, 0.0000, 86, 38, 32
L -753.8443, 1075.8196, 0.0000, -726.1471, 1075.8196, 0.0000, 86, 38, 32
L -753.9678, 1077.4650, 0.0000, -726.0649, 1077.4650, 0.0000, 86, 38, 32
L -754.0912, 1079.1104, 0.0000, -725.9826, 1079.1104, 0.0000, 86, 38, 32
L -754.2146, 1080.7557, 0.0000, -725.9003, 1080.7557, 0.0000, 86, 38, 32
L -754.3380, 1082.4011, 0.0000, -725.8180, 1082.4011, 0.0000, 86, 38, 32
L -754.4614, 1084.0465, 0.0000, -725.7358, 1084.0465, 0.0000, 86, 38, 32
L -754.5848, 1085.6919, 0.0000, -725.6535, 1085.6919, 0.0000, 86, 38, 32
L -754.7082, 1087.3373, 0.0000, -725.5712, 1087.3373, 0.0000, 86, 38, 32
L -754.8316, 1088.9826, 0.0000, -725.4890, 1088.9826, 0.0000, 86, 38, 32
L -754.8727, 1090.6280, 0.0000, -725.4615, 1090.6280, 0.0000, 86, 38, 32
L -754.7493, 1092.2734, 0.0000, -725.5438, 1092.2734, 0.0000, 86, 38, 32
L -754.6259, 1093.9188, 0.0000, -740.1054, 1093.9188, 0.0000, 86, 38, 32
L -732.3203, 1093.9188, 0.0000, -725.6261, 1093.9188, 0.0000, 86, 38, 32
L -754.5025, 1095.5641, 0.0000, -740.5168, 1095.5641, 0.0000, 86, 38, 32
L -732.3661, 1095.5641, 0.0000, -725.7084, 1095.5641, 0.0000, 86, 38, 32
L -754.3791, 1097.2095, 0.0000, -740.9281, 1097.2095, 0.0000, 86, 38, 32
L -732.4118, 1097.2095, 0.0000, -725.7906, 1097.2095, 0.0000, 86, 38, 32
L -754.2557, 1098.8549, 0.0000, -741.3395, 1098.8549, 0.0000, 86, 38, 32
L -732.4575, 1098.8549, 0.0000, -725.8729, 1098.8549, 0.0000, 86, 38, 32
L -754.1323, 1100.5003, 0.0000, -741.7508, 1100.5003, 0.0000, 86, 38, 32
L -732.5032, 1100.5003, 0.0000, -725.9552, 1100.5003, 0.0000, 86, 38, 32
L -754.0089, 1102.1457, 0.0000, -742.1622, 1102.1457, 0.0000, 86, 38, 32
L -732.5489, 1102.1457, 0.0000, -726.0374, 1102.1457, 0.0000, 86, 38, 32
L -753.8855, 1103.7910, 0.0000, -742.5735, 1103.7910, 0.0000, 86, 38, 32
L -732.5946, 1103.7910, 0.0000, -726.1197, 1103.7910, 0.0000, 86, 38, 32
L -753.7621, 1105.4364, 0.0000, -742.9848, 1105.4364, 0.0000, 86, 38, 32
L -732.6403, 1105.4364, 0.0000, -726.2020, 1105.4364, 0.0000, 86, 38, 32
L -753.6387, 1107.0818, 0.0000, -743.3962, 1107.0818, 0.0000, 86, 38, 32
L -732.6860, 1107.0818, 0.0000, -726.2842, 1107.0818, 0.0000, 86, 38, 32
L -753.5153, 1108.7272, 0.0000, -743.8075, 1108.7272, 0.0000, 86, 38, 32
L -732.7317, 1108.7272, 0.0000, -726.3665, 1108.7272, 0.0000, 86, 38, 32
L -753.3919, 1110.3726, 0.0000, -744.2189, 1110.3726, 0.0000, 86, 38, 32
L -732.7774, 1110.3726, 0.0000, -726.4488, 1110.3726, 0.0000, 86, 38, 32
L -753.2685, 1112.0179, 0.0000, -744.6302, 1112.0179, 0.0000, 86, 38, 32
L -732.8231, 1112.0179, 0.0000, -726.5310, 1112.0179, 0.0000, 86, 38, 32
L -753.1451, 1113.6633, 0.0000, -745.0416, 1113.6633, 0.0000, 86, 38, 32
L -732.8688, 1113.6633, 0.0000, -726.6133, 1113.6633, 0.0000, 86, 38, 32
L -753.0217, 1115.3087, 0.0000, -745.4529, 1115.3087, 0.0000, 86, 38, 32
L -732.9145, 1115.3087, 0.0000, -726.6956, 1115.3087, 0.0000, 86, 38, 32
L -752.8983, 1116.9541, 0.0000, -745.8643, 1116.9541, 0.0000, 86, 38, 32
L -732.9602, 1116.9541, 0.0000, -726.7779, 1116.9541, 0.0000, 86, 38, 32
L -752.8571, 1117.5025, 0.0000, -754.9138, 1090.0796, 0.0000, 86, 38, 32
L -754.9138, 1090.0796, 0.0000, -752.8571, 1062.6566, 0.0000, 86, 38, 32
L -726.8053, 1062.6566, 0.0000, -725.4341, 1090.0796, 0.0000, 86, 38, 32
L -725.4341, 1090.0796, 0.0000, -726.8053, 1117.5025, 0.0000, 86, 38, 32
L -726.8053, 1117.5025, 0.0000, -732.9754, 1117.5025, 0.0000, 86, 38, 32
L -732.9754, 1117.5025, 0.0000, -732.2899, 1092.8219, 0.0000, 86, 38, 32
L -732.2899, 1092.8219, 0.0000, -739.8312, 1092.8219, 0.0000, 86, 38, 32
L -739.8312, 1092.8219, 0.0000, -746.0014, 1117.5025, 0.0000, 86, 38, 32
L -746.0014, 1117.5025, 0.0000, -752.8571, 1117.5025, 0.0000, 86, 38, 32
L -748.0581, 1014.9405, 0.0000, -732.0352, 1014.9405, 0.0000, 128, 54, 44
L -750.1148, 1016.5859, 0.0000, -730.5074, 1016.5859, 0.0000, 128, 54, 44
L -752.1715, 1018.2313, 0.0000, -728.9795, 1018.2313, 0.0000, 128, 54, 44
L -754.2283, 1019.8767, 0.0000, -727.4517, 1019.8767, 0.0000, 128, 54, 44
L -756.2850, 1021.5221, 0.0000, -725.9238, 1021.5221, 0.0000, 128, 54, 44
L -756.4907, 1023.1674, 0.0000, -724.3960, 1023.1674, 0.0000, 128, 54, 44
L -756.6963, 1024.8128, 0.0000, -723.3226, 1024.8128, 0.0000, 128, 54, 44
L -756.9020, 1026.4582, 0.0000, -723.1580, 1026.4582, 0.0000, 128, 54, 44
L -757.1077, 1028.1036, 0.0000, -722.9935, 1028.1036, 0.0000, 128, 54, 44
L -757.3134, 1029.7490, 0.0000, -722.8289, 1029.7490, 0.0000, 128, 54, 44
L -757.5190, 1031.3943, 0.0000, -722.6644, 1031.3943, 0.0000, 128, 54, 44
L -757.7247, 1033.0397, 0.0000, -722.4999, 1033.0397, 0.0000, 128, 54, 44
L -757.9304, 1034.6851, 0.0000, -722.3353, 1034.6851, 0.0000, 128, 54, 44
L -758.1360, 1036.3305, 0.0000, -722.1708, 1036.3305, 0.0000, 128, 54, 44
L -758.3417, 1037.9759, 0.0000, -722.0063, 1037.9759, 0.0000, 128, 54, 44
L -758.5474, 1039.6212, 0.0000, -721.8417, 1039.6212, 0.0000, 128, 54, 44
L -758.7531, 1041.2666, 0.0000, -721.6772, 1041.2666, 0.0000, 128, 54, 44
L -758.9587, 1042.9120, 0.0000, -721.5126, 1042.9120, 0.0000, 128, 54, 44
L -758.9245, 1044.5574, 0.0000, -721.3481, 1044.5574, 0.0000, 128, 54, 44
L -758.7702, 1046.2028, 0.0000, -721.5035, 1046.2028, 0.0000, 128, 54, 44
L -758.6160, 1047.8481, 0.0000, -721.7229, 1047.8481, 0.0000, 128, 54, 44
L -758.4617, 1049.4935, 0.0000, -721.9423, 1049.4935, 0.0000, 128, 54, 44
L -758.3074, 1051.1389, 0.0000, -722.1616, 1051.1389, 0.0000, 128, 54, 44
L -758.1532, 1052.7843, 0.0000, -722.3810, 1052.7843, 0.0000, 128, 54, 44
L -757.9989, 1054.4297, 0.0000, -722.6004, 1054.4297, 0.0000, 128, 54, 44
L -757.8447, 1056.0750, 0.0000, -722.8198, 1056.0750, 0.0000, 128, 54, 44
L -757.6904, 1057.7204, 0.0000, -723.0392, 1057.7204, 0.0000, 128, 54, 44
L -757.5362, 1059.3658, 0.0000, -723.2586, 1059.3658, 0.0000, 128, 54, 44
L -757.3819, 1061.0112, 0.0000, -723.4780, 1061.0112, 0.0000, 128, 54, 44
L -757.2277, 1062.6566, 0.0000, -723.6973, 1062.6566, 0.0000, 128, 54, 44
L -757.0734, 1064.3019, 0.0000, -723.9167, 1064.3019, 0.0000, 128, 54, 44
L -756.9706, 1065.3989, 0.0000, -759.0273, 1043.4605, 0.0000, 86, 38, 32
L -759.0273, 1043.4605, 0.0000, -756.2850, 1021.5221, 0.0000, 86, 38, 32
L -756.2850, 1021.5221, 0.0000, -746.0014, 1013.2952, 0.0000, 86, 38, 32
L -746.0014, 1013.2952, 0.0000, -732.2899, 1014.6663, 0.0000, 86, 38, 32
L -732.2899, 1014.6663, 0.0000, -723.3774, 1024.2644, 0.0000, 86, 38, 32
L -723.3774, 1024.2644, 0.0000, -721.3207, 1044.8316, 0.0000, 86, 38, 32
L -721.3207, 1044.8316, 0.0000, -724.0630, 1065.3989, 0.0000, 86, 38, 32
L -724.0630, 1065.3989, 0.0000, -756.9706, 1065.3989, 0.0000, 86, 38, 32
L -756.9706, 1035.2336, 0.0000, -722.6918, 1033.8624, 0.0000, 168, 138, 70
L -750.2691, 997.8012, 0.0000, -739.0542, 997.8012, 0.0000, 128, 128, 138
L -751.7088, 999.4466, 0.0000, -737.5917, 999.4466, 0.0000, 128, 128, 138
L -753.1485, 1001.0919, 0.0000, -736.1291, 1001.0919, 0.0000, 128, 128, 138
L -754.0455, 1002.7373, 0.0000, -735.0665, 1002.7373, 0.0000, 128, 128, 138
L -753.3142, 1004.3827, 0.0000, -735.2036, 1004.3827, 0.0000, 128, 128, 138
L -752.5829, 1006.0281, 0.0000, -735.3407, 1006.0281, 0.0000, 128, 128, 138
L -751.8516, 1007.6734, 0.0000, -735.4778, 1007.6734, 0.0000, 128, 128, 138
L -749.1824, 1009.3188, 0.0000, -735.6149, 1009.3188, 0.0000, 128, 128, 138
L -744.5754, 1010.9642, 0.0000, -737.5688, 1010.9642, 0.0000, 128, 128, 138
L -741.8879, 1011.9240, 0.0000, -751.4860, 1008.4961, 0.0000, 86, 38, 32
L -751.4860, 1008.4961, 0.0000, -754.2283, 1002.3260, 0.0000, 86, 38, 32
L -754.2283, 1002.3260, 0.0000, -749.4292, 996.8414, 0.0000, 86, 38, 32
L -749.4292, 996.8414, 0.0000, -740.5168, 996.1558, 0.0000, 86, 38, 32
L -740.5168, 996.1558, 0.0000, -735.0322, 1002.3260, 0.0000, 86, 38, 32
L -735.0322, 1002.3260, 0.0000, -735.7177, 1010.5529, 0.0000, 86, 38, 32
L -735.7177, 1010.5529, 0.0000, -741.8879, 1011.9240, 0.0000, 86, 38, 32
L -742.4862, 990.2598, 0.0000, -740.7910, 990.2598, 0.0000, 128, 54, 44
L -743.0846, 991.9052, 0.0000, -739.6941, 991.9052, 0.0000, 128, 54, 44
L -743.6829, 993.5506, 0.0000, -738.5972, 993.5506, 0.0000, 128, 54, 44
L -744.2812, 995.1960, 0.0000, -737.5002, 995.1960, 0.0000, 128, 54, 44
L -744.6302, 996.1558, 0.0000, -741.8879, 988.6145, 0.0000, 128, 54, 44
L -741.8879, 988.6145, 0.0000, -736.4033, 996.8414, 0.0000, 128, 54, 44
L -736.4033, 996.8414, 0.0000, -744.6302, 996.1558, 0.0000, 128, 54, 44
L -763.5521, 1028.6520, 0.0000, -756.8335, 1028.6520, 0.0000, 128, 128, 138
L -768.0255, 1030.2974, 0.0000, -756.6963, 1030.2974, 0.0000, 128, 128, 138
L -768.2826, 1031.9428, 0.0000, -756.5592, 1031.9428, 0.0000, 128, 128, 138
L -768.5396, 1033.5882, 0.0000, -756.4221, 1033.5882, 0.0000, 128, 128, 138
L -768.7967, 1035.2336, 0.0000, -756.2850, 1035.2336, 0.0000, 128, 128, 138
L -769.0538, 1036.8789, 0.0000, -756.1479, 1036.8789, 0.0000, 128, 128, 138
L -769.3109, 1038.5243, 0.0000, -756.0108, 1038.5243, 0.0000, 128, 128, 138
L -769.5680, 1040.1697, 0.0000, -755.8737, 1040.1697, 0.0000, 128, 128, 138
L -769.8251, 1041.8151, 0.0000, -755.7365, 1041.8151, 0.0000, 128, 128, 138
L -770.0822, 1043.4605, 0.0000, -755.5994, 1043.4605, 0.0000, 128, 128, 138
L -770.3393, 1045.1058, 0.0000, -755.4623, 1045.1058, 0.0000, 128, 128, 138
L -770.5964, 1046.7512, 0.0000, -755.3252, 1046.7512, 0.0000, 128, 128, 138
L -770.8535, 1048.3966, 0.0000, -755.1881, 1048.3966, 0.0000, 128, 128, 138
L -771.1106, 1050.0420, 0.0000, -755.0510, 1050.0420, 0.0000, 128, 128, 138
L -771.3676, 1051.6874, 0.0000, -754.9138, 1051.6874, 0.0000, 128, 128, 138
L -770.7918, 1053.3327, 0.0000, -755.3252, 1053.3327, 0.0000, 128, 128, 138
L -770.2159, 1054.9781, 0.0000, -755.7365, 1054.9781, 0.0000, 128, 128, 138
L -769.6400, 1056.6235, 0.0000, -756.1479, 1056.6235, 0.0000, 128, 128, 138
L -769.0641, 1058.2689, 0.0000, -756.5592, 1058.2689, 0.0000, 128, 128, 138
L -768.4882, 1059.9143, 0.0000, -756.9706, 1059.9143, 0.0000, 128, 128, 138
L -767.9123, 1061.5596, 0.0000, -757.3819, 1061.5596, 0.0000, 128, 128, 138
L -767.3365, 1063.2050, 0.0000, -757.7933, 1063.2050, 0.0000, 128, 128, 138
L -766.7606, 1064.8504, 0.0000, -758.2046, 1064.8504, 0.0000, 128, 128, 138
L -766.1847, 1066.4958, 0.0000, -758.6160, 1066.4958, 0.0000, 128, 128, 138
L -765.6088, 1068.1412, 0.0000, -759.0273, 1068.1412, 0.0000, 128, 128, 138
L -765.0329, 1069.7865, 0.0000, -759.4386, 1069.7865, 0.0000, 128, 128, 138
L -764.4570, 1071.4319, 0.0000, -759.8500, 1071.4319, 0.0000, 128, 128, 138
L -763.8812, 1073.0773, 0.0000, -760.2613, 1073.0773, 0.0000, 128, 128, 138
L -763.3053, 1074.7227, 0.0000, -760.6727, 1074.7227, 0.0000, 128, 128, 138
L -762.7294, 1076.3681, 0.0000, -761.0840, 1076.3681, 0.0000, 128, 128, 138
L -762.1535, 1078.0134, 0.0000, -761.4954, 1078.0134, 0.0000, 128, 128, 138
L -767.9398, 1029.7490, 0.0000, -756.9706, 1027.0067, 0.0000, 86, 38, 32
L -756.9706, 1027.0067, 0.0000, -754.9138, 1051.6874, 0.0000, 86, 38, 32
L -754.9138, 1051.6874, 0.0000, -761.7696, 1079.1104, 0.0000, 86, 38, 32
L -761.7696, 1079.1104, 0.0000, -771.3676, 1051.6874, 0.0000, 86, 38, 32
L -771.3676, 1051.6874, 0.0000, -767.9398, 1029.7490, 0.0000, 86, 38, 32
L -762.4552, 1032.4913, 0.0000, -763.1407, 1070.8835, 0.0000, 128, 54, 44
L -725.4341, 1065.3989, 0.0000, -728.8620, 977.6453, 0.0000, 116, 96, 66
L -721.8691, 986.1464, 0.0000, -717.2820, 986.1464, 0.0000, 160, 160, 170
L -726.5310, 987.7918, 0.0000, -717.3568, 987.7918, 0.0000, 160, 160, 170
L -728.7934, 989.4372, 0.0000, -717.4316, 989.4372, 0.0000, 160, 160, 170
L -728.6563, 991.0825, 0.0000, -717.5064, 991.0825, 0.0000, 160, 160, 170
L -728.5192, 992.7279, 0.0000, -717.5812, 992.7279, 0.0000, 160, 160, 170
L -728.3821, 994.3733, 0.0000, -717.6560, 994.3733, 0.0000, 160, 160, 170
L -728.2450, 996.0187, 0.0000, -717.7308, 996.0187, 0.0000, 160, 160, 170
L -725.0913, 997.6641, 0.0000, -717.8055, 997.6641, 0.0000, 160, 160, 170
L -718.9212, 999.3094, 0.0000, -717.8803, 999.3094, 0.0000, 160, 160, 170
L -728.8620, 988.6145, 0.0000, -717.2072, 984.5010, 0.0000, 110, 110, 120
L -717.2072, 984.5010, 0.0000, -717.8928, 999.5837, 0.0000, 110, 110, 120
L -717.8928, 999.5837, 0.0000, -728.1764, 996.8414, 0.0000, 110, 110, 120
L -728.1764, 996.8414, 0.0000, -728.8620, 988.6145, 0.0000, 110, 110, 120
L -731.6043, 966.6761, 0.0000, -726.1197, 966.6761, 0.0000, 160, 160, 170
L -731.1930, 968.3215, 0.0000, -726.5310, 968.3215, 0.0000, 160, 160, 170
L -730.7816, 969.9668, 0.0000, -726.9424, 969.9668, 0.0000, 160, 160, 170
L -730.3703, 971.6122, 0.0000, -727.3537, 971.6122, 0.0000, 160, 160, 170
L -729.9589, 973.2576, 0.0000, -727.7651, 973.2576, 0.0000, 160, 160, 170
L -729.5476, 974.9030, 0.0000, -728.1764, 974.9030, 0.0000, 160, 160, 170
L -729.1362, 976.5483, 0.0000, -728.5878, 976.5483, 0.0000, 160, 160, 170
L -728.8620, 977.6453, 0.0000, -731.6043, 966.6761, 0.0000, 160, 160, 170
L -726.1197, 966.6761, 0.0000, -728.8620, 977.6453, 0.0000, 160, 160, 170
L -359.2222, 984.7728, 0.0000, -351.9519, 984.7728, 0.0000, 96, 78, 54
L -357.7476, 988.5571, 0.0000, -350.2962, 988.5571, 0.0000, 96, 78, 54
L -356.2729, 992.3415, 0.0000, -348.6406, 992.3415, 0.0000, 96, 78, 54
L -355.3322, 996.1259, 0.0000, -347.5189, 996.1259, 0.0000, 96, 78, 54
L -354.4491, 999.9102, 0.0000, -346.4548, 999.9102, 0.0000, 96, 78, 54
L -353.6333, 1003.6946, 0.0000, -345.4580, 1003.6946, 0.0000, 96, 78, 54
L -352.9707, 1007.4790, 0.0000, -344.6145, 1007.4790, 0.0000, 96, 78, 54
L -352.3082, 1011.2634, 0.0000, -343.7709, 1011.2634, 0.0000, 96, 78, 54
L -351.6945, 1015.0477, 0.0000, -342.9762, 1015.0477, 0.0000, 96, 78, 54
L -351.1010, 1018.8321, 0.0000, -342.2017, 1018.8321, 0.0000, 96, 78, 54
L -350.5436, 1022.6165, 0.0000, -341.4634, 1022.6165, 0.0000, 96, 78, 54
L -350.2777, 1026.4009, 0.0000, -341.0165, 1026.4009, 0.0000, 96, 78, 54
L -350.0118, 1030.1852, 0.0000, -340.5695, 1030.1852, 0.0000, 96, 78, 54
L -349.6570, 1033.9696, 0.0000, -340.0337, 1033.9696, 0.0000, 96, 78, 54
L -349.2178, 1037.7540, 0.0000, -339.4135, 1037.7540, 0.0000, 96, 78, 54
L -348.7786, 1041.5384, 0.0000, -338.7934, 1041.5384, 0.0000, 96, 78, 54
L -348.7007, 1045.3227, 0.0000, -338.5345, 1045.3227, 0.0000, 96, 78, 54
L -348.6562, 1049.1071, 0.0000, -338.3090, 1049.1071, 0.0000, 96, 78, 54
L -348.6259, 1051.6874, 0.0000, -348.7415, 1041.8578, 0.0000, 70, 56, 38
L -338.1553, 1051.6874, 0.0000, -338.7410, 1041.8578, 0.0000, 96, 78, 54
L -348.7415, 1041.8578, 0.0000, -349.8823, 1032.0283, 0.0000, 70, 56, 38
L -338.7410, 1041.8578, 0.0000, -340.3519, 1032.0283, 0.0000, 96, 78, 54
L -349.8823, 1032.0283, 0.0000, -350.5730, 1022.1987, 0.0000, 70, 56, 38
L -340.3519, 1032.0283, 0.0000, -341.5127, 1022.1987, 0.0000, 96, 78, 54
L -350.5730, 1022.1987, 0.0000, -352.1145, 1012.3692, 0.0000, 70, 56, 38
L -341.5127, 1022.1987, 0.0000, -343.5244, 1012.3692, 0.0000, 96, 78, 54
L -352.1145, 1012.3692, 0.0000, -353.8355, 1002.5397, 0.0000, 70, 56, 38
L -343.5244, 1012.3692, 0.0000, -345.7155, 1002.5397, 0.0000, 96, 78, 54
L -353.8355, 1002.5397, 0.0000, -356.1293, 992.7101, 0.0000, 70, 56, 38
L -345.7155, 1002.5397, 0.0000, -348.4793, 992.7101, 0.0000, 96, 78, 54
L -356.1293, 992.7101, 0.0000, -359.9595, 982.8806, 0.0000, 70, 56, 38
L -348.4793, 992.7101, 0.0000, -352.7797, 982.8806, 0.0000, 96, 78, 54
L -348.7415, 1041.8578, 0.0000, -344.2413, 1043.2340, 0.0000, 70, 56, 38
L -350.5730, 1022.1987, 0.0000, -346.4959, 1023.5749, 0.0000, 70, 56, 38
L -353.8355, 1002.5397, 0.0000, -350.1815, 1003.9158, 0.0000, 70, 56, 38
L -348.7983, 1040.2196, 0.0000, -339.5244, 1040.2196, 0.0000, 70, 56, 38
L -349.8010, 1028.7518, 0.0000, -340.5270, 1028.7518, 0.0000, 70, 56, 38
L -351.4721, 1017.2840, 0.0000, -342.1982, 1017.2840, 0.0000, 70, 56, 38
L -353.8117, 1005.8162, 0.0000, -344.5378, 1005.8162, 0.0000, 70, 56, 38
L -356.8198, 994.3484, 0.0000, -347.5458, 994.3484, 0.0000, 70, 56, 38
L -381.5334, 972.3082, 0.0000, -360.6333, 972.3082, 0.0000, 68, 112, 56
L -389.3942, 975.2998, 0.0000, -355.8593, 975.2998, 0.0000, 68, 112, 56
L -394.7674, 978.2914, 0.0000, -355.8593, 978.2914, 0.0000, 68, 112, 56
L -398.9729, 981.2830, 0.0000, -392.2565, 981.2830, 0.0000, 68, 112, 56
L -377.5292, 981.2830, 0.0000, -355.8593, 981.2830, 0.0000, 68, 112, 56
L -368.4493, 984.2746, 0.0000, -355.8593, 984.2746, 0.0000, 68, 112, 56
L -362.6581, 987.2662, 0.0000, -355.8593, 987.2662, 0.0000, 68, 112, 56
L -358.1263, 990.2578, 0.0000, -355.8593, 990.2578, 0.0000, 68, 112, 56
L -355.8593, 982.8806, 0.0000, -361.2485, 980.0800, 0.0000, 68, 112, 56
L -361.2485, 980.0800, 0.0000, -366.6377, 978.0517, 0.0000, 68, 112, 56
L -366.6377, 978.0517, 0.0000, -372.0269, 976.7956, 0.0000, 68, 112, 56
L -372.0269, 976.7956, 0.0000, -377.4161, 976.3119, 0.0000, 68, 112, 56
L -377.4161, 976.3119, 0.0000, -382.8053, 976.6005, 0.0000, 68, 112, 56
L -382.8053, 976.6005, 0.0000, -388.1945, 977.6613, 0.0000, 68, 112, 56
L -388.1945, 977.6613, 0.0000, -393.5837, 979.4945, 0.0000, 68, 112, 56
L -393.5837, 979.4945, 0.0000, -398.9729, 982.1000, 0.0000, 68, 112, 56
L -378.0775, 966.3241, 0.0000, -365.5542, 966.3241, 0.0000, 96, 140, 84
L -382.8766, 969.3157, 0.0000, -360.6962, 969.3157, 0.0000, 96, 140, 84
L -386.1602, 972.3073, 0.0000, -357.4461, 972.3073, 0.0000, 96, 140, 84
L -370.3792, 975.2989, 0.0000, -355.8593, 975.2989, 0.0000, 96, 140, 84
L -366.4721, 978.2905, 0.0000, -355.8593, 978.2905, 0.0000, 96, 140, 84
L -363.4387, 981.2821, 0.0000, -355.8593, 981.2821, 0.0000, 96, 140, 84
L -361.0595, 984.2737, 0.0000, -355.8593, 984.2737, 0.0000, 96, 140, 84
L -358.8565, 987.2653, 0.0000, -355.8593, 987.2653, 0.0000, 96, 140, 84
L -356.9031, 990.2569, 0.0000, -355.8593, 990.2569, 0.0000, 96, 140, 84
L -355.8593, 982.8806, 0.0000, -359.6650, 978.0494, 0.0000, 68, 112, 56
L -359.6650, 978.0494, 0.0000, -363.4707, 974.2614, 0.0000, 68, 112, 56
L -363.4707, 974.2614, 0.0000, -367.2765, 971.5163, 0.0000, 68, 112, 56
L -367.2765, 971.5163, 0.0000, -371.0822, 969.8143, 0.0000, 68, 112, 56
L -371.0822, 969.8143, 0.0000, -374.8879, 969.1553, 0.0000, 68, 112, 56
L -374.8879, 969.1553, 0.0000, -378.6936, 969.5393, 0.0000, 68, 112, 56
L -378.6936, 969.5393, 0.0000, -382.4993, 970.9663, 0.0000, 68, 112, 56
L -382.4993, 970.9663, 0.0000, -386.3051, 973.4364, 0.0000, 68, 112, 56
L -364.3935, 962.4708, 0.0000, -360.0606, 962.4708, 0.0000, 68, 112, 56
L -365.9770, 965.4624, 0.0000, -358.4866, 965.4624, 0.0000, 68, 112, 56
L -366.8257, 968.4540, 0.0000, -365.7439, 968.4540, 0.0000, 68, 112, 56
L -363.4008, 968.4540, 0.0000, -357.4022, 968.4540, 0.0000, 68, 112, 56
L -361.2197, 971.4456, 0.0000, -356.5369, 971.4456, 0.0000, 68, 112, 56
L -360.0082, 974.4372, 0.0000, -355.8593, 974.4372, 0.0000, 68, 112, 56
L -359.1034, 977.4288, 0.0000, -355.8593, 977.4288, 0.0000, 68, 112, 56
L -358.2894, 980.4204, 0.0000, -355.8593, 980.4204, 0.0000, 68, 112, 56
L -357.5794, 983.4120, 0.0000, -355.8593, 983.4120, 0.0000, 68, 112, 56
L -356.9313, 986.4036, 0.0000, -355.8593, 986.4036, 0.0000, 68, 112, 56
L -355.8593, 982.8806, 0.0000, -357.2301, 976.9063, 0.0000, 68, 112, 56
L -357.2301, 976.9063, 0.0000, -358.6009, 972.1275, 0.0000, 68, 112, 56
L -358.6009, 972.1275, 0.0000, -359.9717, 968.5442, 0.0000, 68, 112, 56
L -359.9717, 968.5442, 0.0000, -361.3425, 966.1562, 0.0000, 68, 112, 56
L -361.3425, 966.1562, 0.0000, -362.7133, 964.9638, 0.0000, 68, 112, 56
L -362.7133, 964.9638, 0.0000, -364.0841, 964.9668, 0.0000, 68, 112, 56
L -364.0841, 964.9668, 0.0000, -365.4549, 966.1652, 0.0000, 68, 112, 56
L -365.4549, 966.1652, 0.0000, -366.8257, 968.5591, 0.0000, 68, 112, 56
L -351.6580, 962.4708, 0.0000, -347.3251, 962.4708, 0.0000, 96, 140, 84
L -353.2320, 965.4624, 0.0000, -345.7416, 965.4624, 0.0000, 96, 140, 84
L -354.3164, 968.4540, 0.0000, -348.3178, 968.4540, 0.0000, 96, 140, 84
L -345.9748, 968.4540, 0.0000, -344.8929, 968.4540, 0.0000, 96, 140, 84
L -355.1817, 971.4456, 0.0000, -350.4989, 971.4456, 0.0000, 96, 140, 84
L -355.8593, 974.4372, 0.0000, -351.7104, 974.4372, 0.0000, 96, 140, 84
L -355.8593, 977.4288, 0.0000, -352.6152, 977.4288, 0.0000, 96, 140, 84
L -355.8593, 980.4204, 0.0000, -353.4292, 980.4204, 0.0000, 96, 140, 84
L -355.8593, 983.4120, 0.0000, -354.1392, 983.4120, 0.0000, 96, 140, 84
L -355.8593, 986.4036, 0.0000, -354.7873, 986.4036, 0.0000, 96, 140, 84
L -355.8593, 982.8806, 0.0000, -354.4885, 976.9063, 0.0000, 68, 112, 56
L -354.4885, 976.9063, 0.0000, -353.1177, 972.1275, 0.0000, 68, 112, 56
L -353.1177, 972.1275, 0.0000, -351.7469, 968.5442, 0.0000, 68, 112, 56
L -351.7469, 968.5442, 0.0000, -350.3761, 966.1562, 0.0000, 68, 112, 56
L -350.3761, 966.1562, 0.0000, -349.0053, 964.9638, 0.0000, 68, 112, 56
L -349.0053, 964.9638, 0.0000, -347.6345, 964.9668, 0.0000, 68, 112, 56
L -347.6345, 964.9668, 0.0000, -346.2637, 966.1652, 0.0000, 68, 112, 56
L -346.2637, 966.1652, 0.0000, -344.8929, 968.5591, 0.0000, 68, 112, 56
L -346.1644, 966.3241, 0.0000, -333.6412, 966.3241, 0.0000, 68, 112, 56
L -351.0224, 969.3157, 0.0000, -328.8420, 969.3157, 0.0000, 68, 112, 56
L -354.2726, 972.3073, 0.0000, -325.5584, 972.3073, 0.0000, 68, 112, 56
L -355.8593, 975.2989, 0.0000, -341.3394, 975.2989, 0.0000, 68, 112, 56
L -355.8593, 978.2905, 0.0000, -345.2465, 978.2905, 0.0000, 68, 112, 56
L -355.8593, 981.2821, 0.0000, -348.2799, 981.2821, 0.0000, 68, 112, 56
L -355.8593, 984.2737, 0.0000, -350.6591, 984.2737, 0.0000, 68, 112, 56
L -355.8593, 987.2653, 0.0000, -352.8621, 987.2653, 0.0000, 68, 112, 56
L -355.8593, 990.2569, 0.0000, -354.8155, 990.2569, 0.0000, 68, 112, 56
L -355.8593, 982.8806, 0.0000, -352.0536, 978.0494, 0.0000, 68, 112, 56
L -352.0536, 978.0494, 0.0000, -348.2479, 974.2614, 0.0000, 68, 112, 56
L -348.2479, 974.2614, 0.0000, -344.4422, 971.5163, 0.0000, 68, 112, 56
L -344.4422, 971.5163, 0.0000, -340.6364, 969.8143, 0.0000, 68, 112, 56
L -340.6364, 969.8143, 0.0000, -336.8307, 969.1553, 0.0000, 68, 112, 56
L -336.8307, 969.1553, 0.0000, -333.0250, 969.5393, 0.0000, 68, 112, 56
L -333.0250, 969.5393, 0.0000, -329.2193, 970.9663, 0.0000, 68, 112, 56
L -329.2193, 970.9663, 0.0000, -325.4136, 973.4364, 0.0000, 68, 112, 56
L -351.0853, 972.3082, 0.0000, -330.1852, 972.3082, 0.0000, 96, 140, 84
L -355.8593, 975.2998, 0.0000, -322.3244, 975.2998, 0.0000, 96, 140, 84
L -355.8593, 978.2914, 0.0000, -316.9512, 978.2914, 0.0000, 96, 140, 84
L -355.8593, 981.2830, 0.0000, -334.1894, 981.2830, 0.0000, 96, 140, 84
L -319.4622, 981.2830, 0.0000, -312.7458, 981.2830, 0.0000, 96, 140, 84
L -355.8593, 984.2746, 0.0000, -343.2694, 984.2746, 0.0000, 96, 140, 84
L -355.8593, 987.2662, 0.0000, -349.0606, 987.2662, 0.0000, 96, 140, 84
L -355.8593, 990.2578, 0.0000, -353.5924, 990.2578, 0.0000, 96, 140, 84
L -355.8593, 982.8806, 0.0000, -350.4701, 980.0800, 0.0000, 68, 112, 56
L -350.4701, 980.0800, 0.0000, -345.0809, 978.0517, 0.0000, 68, 112, 56
L -345.0809, 978.0517, 0.0000, -339.6917, 976.7956, 0.0000, 68, 112, 56
L -339.6917, 976.7956, 0.0000, -334.3025, 976.3119, 0.0000, 68, 112, 56
L -334.3025, 976.3119, 0.0000, -328.9133, 976.6005, 0.0000, 68, 112, 56
L -328.9133, 976.6005, 0.0000, -323.5242, 977.6613, 0.0000, 68, 112, 56
L -323.5242, 977.6613, 0.0000, -318.1350, 979.4945, 0.0000, 68, 112, 56
L -318.1350, 979.4945, 0.0000, -312.7458, 982.1000, 0.0000, 68, 112, 56
L -352.1169, 985.7691, 0.0000, -348.6377, 985.7691, 0.0000, 96, 78, 54
L -353.2399, 988.0128, 0.0000, -347.9195, 988.0128, 0.0000, 96, 78, 54
L -348.2646, 987.3680, 0.0000, -347.6809, 988.4587, 0.0000, 96, 78, 54
L -347.6809, 988.4587, 0.0000, -348.6630, 989.1225, 0.0000, 96, 78, 54
L -348.6630, 989.1225, 0.0000, -349.4337, 989.9391, 0.0000, 96, 78, 54
L -349.4337, 989.9391, 0.0000, -350.6240, 989.4550, 0.0000, 96, 78, 54
L -350.6240, 989.4550, 0.0000, -351.6902, 989.6711, 0.0000, 96, 78, 54
L -351.6902, 989.6711, 0.0000, -352.7939, 989.3094, 0.0000, 96, 78, 54
L -352.7939, 989.3094, 0.0000, -352.9933, 988.2461, 0.0000, 96, 78, 54
L -352.9933, 988.2461, 0.0000, -353.9216, 987.3680, 0.0000, 96, 78, 54
L -353.9216, 987.3680, 0.0000, -353.6291, 986.2542, 0.0000, 96, 78, 54
L -353.6291, 986.2542, 0.0000, -352.2940, 985.8737, 0.0000, 96, 78, 54
L -352.2940, 985.8737, 0.0000, -351.5258, 985.4200, 0.0000, 96, 78, 54
L -351.5258, 985.4200, 0.0000, -350.6240, 984.7872, 0.0000, 96, 78, 54
L -350.6240, 984.7872, 0.0000, -349.3645, 984.6473, 0.0000, 96, 78, 54
L -349.3645, 984.6473, 0.0000, -348.7003, 985.6468, 0.0000, 96, 78, 54
L -348.7003, 985.6468, 0.0000, -348.2662, 986.4941, 0.0000, 96, 78, 54
L -348.2662, 986.4941, 0.0000, -348.2646, 987.3680, 0.0000, 96, 78, 54
L -352.8214, 989.1629, 0.0000, -348.7012, 989.1629, 0.0000, 70, 56, 38
L -360.1309, 988.4458, 0.0000, -356.4562, 988.4458, 0.0000, 96, 78, 54
L -360.9093, 990.6895, 0.0000, -356.2407, 990.6895, 0.0000, 96, 78, 54
L -355.7146, 989.9588, 0.0000, -356.2964, 990.7669, 0.0000, 96, 78, 54
L -356.2964, 990.7669, 0.0000, -356.6687, 991.5767, 0.0000, 96, 78, 54
L -356.6687, 991.5767, 0.0000, -357.4137, 992.2555, 0.0000, 96, 78, 54
L -357.4137, 992.2555, 0.0000, -358.4770, 992.4978, 0.0000, 96, 78, 54
L -358.4770, 992.4978, 0.0000, -359.4600, 992.0823, 0.0000, 96, 78, 54
L -359.4600, 992.0823, 0.0000, -360.2919, 991.5826, 0.0000, 96, 78, 54
L -360.2919, 991.5826, 0.0000, -360.8368, 990.8334, 0.0000, 96, 78, 54
L -360.8368, 990.8334, 0.0000, -361.2776, 989.9588, 0.0000, 96, 78, 54
L -361.2776, 989.9588, 0.0000, -360.9039, 989.0593, 0.0000, 96, 78, 54
L -360.9039, 989.0593, 0.0000, -360.1404, 988.4704, 0.0000, 96, 78, 54
L -360.1404, 988.4704, 0.0000, -359.6967, 987.3240, 0.0000, 96, 78, 54
L -359.6967, 987.3240, 0.0000, -358.4770, 987.3642, 0.0000, 96, 78, 54
L -358.4770, 987.3642, 0.0000, -357.3337, 987.4891, 0.0000, 96, 78, 54
L -357.3337, 987.4891, 0.0000, -356.6946, 988.3640, 0.0000, 96, 78, 54
L -356.6946, 988.3640, 0.0000, -355.3857, 988.8131, 0.0000, 96, 78, 54
L -355.3857, 988.8131, 0.0000, -355.7146, 989.9588, 0.0000, 96, 78, 54
L -360.0070, 991.7537, 0.0000, -356.8630, 991.7537, 0.0000, 70, 56, 38
L -360.5950, 983.0392, 0.0000, -356.3904, 983.0392, 0.0000, 96, 78, 54
L -361.4567, 985.2829, 0.0000, -355.8342, 985.2829, 0.0000, 96, 78, 54
L -355.2667, 984.7772, 0.0000, -356.2096, 985.6175, 0.0000, 96, 78, 54
L -356.2096, 985.6175, 0.0000, -356.5884, 986.4669, 0.0000, 96, 78, 54
L -356.5884, 986.4669, 0.0000, -357.3026, 987.3138, 0.0000, 96, 78, 54
L -357.3026, 987.3138, 0.0000, -358.4770, 987.5134, 0.0000, 96, 78, 54
L -358.4770, 987.5134, 0.0000, -359.7354, 987.4956, 0.0000, 96, 78, 54
L -359.7354, 987.4956, 0.0000, -360.4302, 986.5248, 0.0000, 96, 78, 54
L -360.4302, 986.5248, 0.0000, -361.4146, 985.8659, 0.0000, 96, 78, 54
L -361.4146, 985.8659, 0.0000, -361.4932, 984.7772, 0.0000, 96, 78, 54
L -361.4932, 984.7772, 0.0000, -360.9168, 983.8729, 0.0000, 96, 78, 54
L -360.9168, 983.8729, 0.0000, -360.5499, 982.9224, 0.0000, 96, 78, 54
L -360.5499, 982.9224, 0.0000, -359.7143, 982.1044, 0.0000, 96, 78, 54
L -359.7143, 982.1044, 0.0000, -358.4770, 981.9174, 0.0000, 96, 78, 54
L -358.4770, 981.9174, 0.0000, -357.3873, 982.4234, 0.0000, 96, 78, 54
L -357.3873, 982.4234, 0.0000, -356.4030, 982.9215, 0.0000, 96, 78, 54
L -356.4030, 982.9215, 0.0000, -356.2913, 983.9671, 0.0000, 96, 78, 54
L -356.2913, 983.9671, 0.0000, -355.2667, 984.7772, 0.0000, 96, 78, 54
L -360.3964, 986.5721, 0.0000, -356.6771, 986.5721, 0.0000, 70, 56, 38
L 37.7799, 1062.6566, 0.0000, 63.8317, 1062.6566, 0.0000, 86, 38, 32
L 37.6565, 1064.3019, 0.0000, 63.9140, 1064.3019, 0.0000, 86, 38, 32
L 37.5331, 1065.9473, 0.0000, 63.9963, 1065.9473, 0.0000, 86, 38, 32
L 37.4097, 1067.5927, 0.0000, 64.0785, 1067.5927, 0.0000, 86, 38, 32
L 37.2863, 1069.2381, 0.0000, 64.1608, 1069.2381, 0.0000, 86, 38, 32
L 37.1629, 1070.8835, 0.0000, 64.2431, 1070.8835, 0.0000, 86, 38, 32
L 37.0395, 1072.5288, 0.0000, 64.3254, 1072.5288, 0.0000, 86, 38, 32
L 36.9161, 1074.1742, 0.0000, 64.4076, 1074.1742, 0.0000, 86, 38, 32
L 36.7927, 1075.8196, 0.0000, 64.4899, 1075.8196, 0.0000, 86, 38, 32
L 36.6693, 1077.4650, 0.0000, 64.5722, 1077.4650, 0.0000, 86, 38, 32
L 36.5459, 1079.1104, 0.0000, 64.6544, 1079.1104, 0.0000, 86, 38, 32
L 36.4225, 1080.7557, 0.0000, 64.7367, 1080.7557, 0.0000, 86, 38, 32
L 36.2991, 1082.4011, 0.0000, 64.8190, 1082.4011, 0.0000, 86, 38, 32
L 36.1756, 1084.0465, 0.0000, 64.9012, 1084.0465, 0.0000, 86, 38, 32
L 36.0522, 1085.6919, 0.0000, 64.9835, 1085.6919, 0.0000, 86, 38, 32
L 35.9288, 1087.3373, 0.0000, 65.0658, 1087.3373, 0.0000, 86, 38, 32
L 35.8054, 1088.9826, 0.0000, 65.1480, 1088.9826, 0.0000, 86, 38, 32
L 35.7643, 1090.6280, 0.0000, 65.1755, 1090.6280, 0.0000, 86, 38, 32
L 35.8877, 1092.2734, 0.0000, 65.0932, 1092.2734, 0.0000, 86, 38, 32
L 36.0111, 1093.9188, 0.0000, 50.5316, 1093.9188, 0.0000, 86, 38, 32
L 58.3167, 1093.9188, 0.0000, 65.0109, 1093.9188, 0.0000, 86, 38, 32
L 36.1345, 1095.5641, 0.0000, 50.1202, 1095.5641, 0.0000, 86, 38, 32
L 58.2710, 1095.5641, 0.0000, 64.9287, 1095.5641, 0.0000, 86, 38, 32
L 36.2579, 1097.2095, 0.0000, 49.7089, 1097.2095, 0.0000, 86, 38, 32
L 58.2253, 1097.2095, 0.0000, 64.8464, 1097.2095, 0.0000, 86, 38, 32
L 36.3813, 1098.8549, 0.0000, 49.2976, 1098.8549, 0.0000, 86, 38, 32
L 58.1796, 1098.8549, 0.0000, 64.7641, 1098.8549, 0.0000, 86, 38, 32
L 36.5047, 1100.5003, 0.0000, 48.8862, 1100.5003, 0.0000, 86, 38, 32
L 58.1339, 1100.5003, 0.0000, 64.6819, 1100.5003, 0.0000, 86, 38, 32
L 36.6281, 1102.1457, 0.0000, 48.4749, 1102.1457, 0.0000, 86, 38, 32
L 58.0881, 1102.1457, 0.0000, 64.5996, 1102.1457, 0.0000, 86, 38, 32
L 36.7515, 1103.7910, 0.0000, 48.0635, 1103.7910, 0.0000, 86, 38, 32
L 58.0424, 1103.7910, 0.0000, 64.5173, 1103.7910, 0.0000, 86, 38, 32
L 36.8749, 1105.4364, 0.0000, 47.6522, 1105.4364, 0.0000, 86, 38, 32
L 57.9967, 1105.4364, 0.0000, 64.4350, 1105.4364, 0.0000, 86, 38, 32
L 36.9983, 1107.0818, 0.0000, 47.2408, 1107.0818, 0.0000, 86, 38, 32
L 57.9510, 1107.0818, 0.0000, 64.3528, 1107.0818, 0.0000, 86, 38, 32
L 37.1217, 1108.7272, 0.0000, 46.8295, 1108.7272, 0.0000, 86, 38, 32
L 57.9053, 1108.7272, 0.0000, 64.2705, 1108.7272, 0.0000, 86, 38, 32
L 37.2451, 1110.3726, 0.0000, 46.4181, 1110.3726, 0.0000, 86, 38, 32
L 57.8596, 1110.3726, 0.0000, 64.1882, 1110.3726, 0.0000, 86, 38, 32
L 37.3685, 1112.0179, 0.0000, 46.0068, 1112.0179, 0.0000, 86, 38, 32
L 57.8139, 1112.0179, 0.0000, 64.1060, 1112.0179, 0.0000, 86, 38, 32
L 37.4920, 1113.6633, 0.0000, 45.5954, 1113.6633, 0.0000, 86, 38, 32
L 57.7682, 1113.6633, 0.0000, 64.0237, 1113.6633, 0.0000, 86, 38, 32
L 37.6154, 1115.3087, 0.0000, 45.1841, 1115.3087, 0.0000, 86, 38, 32
L 57.7225, 1115.3087, 0.0000, 63.9414, 1115.3087, 0.0000, 86, 38, 32
L 37.7388, 1116.9541, 0.0000, 44.7728, 1116.9541, 0.0000, 86, 38, 32
L 57.6768, 1116.9541, 0.0000, 63.8592, 1116.9541, 0.0000, 86, 38, 32
L 37.7799, 1117.5025, 0.0000, 35.7232, 1090.0796, 0.0000, 86, 38, 32
L 35.7232, 1090.0796, 0.0000, 37.7799, 1062.6566, 0.0000, 86, 38, 32
L 63.8317, 1062.6566, 0.0000, 65.2029, 1090.0796, 0.0000, 86, 38, 32
L 65.2029, 1090.0796, 0.0000, 63.8317, 1117.5025, 0.0000, 86, 38, 32
L 63.8317, 1117.5025, 0.0000, 57.6616, 1117.5025, 0.0000, 86, 38, 32
L 57.6616, 1117.5025, 0.0000, 58.3471, 1092.8219, 0.0000, 86, 38, 32
L 58.3471, 1092.8219, 0.0000, 50.8058, 1092.8219, 0.0000, 86, 38, 32
L 50.8058, 1092.8219, 0.0000, 44.6356, 1117.5025, 0.0000, 86, 38, 32
L 44.6356, 1117.5025, 0.0000, 37.7799, 1117.5025, 0.0000, 86, 38, 32
L 42.5789, 1014.9405, 0.0000, 58.6018, 1014.9405, 0.0000, 128, 54, 44
L 40.5222, 1016.5859, 0.0000, 60.1296, 1016.5859, 0.0000, 128, 54, 44
L 38.4655, 1018.2313, 0.0000, 61.6575, 1018.2313, 0.0000, 128, 54, 44
L 36.4087, 1019.8767, 0.0000, 63.1853, 1019.8767, 0.0000, 128, 54, 44
L 34.3520, 1021.5221, 0.0000, 64.7132, 1021.5221, 0.0000, 128, 54, 44
L 34.1463, 1023.1674, 0.0000, 66.2410, 1023.1674, 0.0000, 128, 54, 44
L 33.9407, 1024.8128, 0.0000, 67.3145, 1024.8128, 0.0000, 128, 54, 44
L 33.7350, 1026.4582, 0.0000, 67.4790, 1026.4582, 0.0000, 128, 54, 44
L 33.5293, 1028.1036, 0.0000, 67.6435, 1028.1036, 0.0000, 128, 54, 44
L 33.3237, 1029.7490, 0.0000, 67.8081, 1029.7490, 0.0000, 128, 54, 44
L 33.1180, 1031.3943, 0.0000, 67.9726, 1031.3943, 0.0000, 128, 54, 44
L 32.9123, 1033.0397, 0.0000, 68.1372, 1033.0397, 0.0000, 128, 54, 44
L 32.7066, 1034.6851, 0.0000, 68.3017, 1034.6851, 0.0000, 128, 54, 44
L 32.5010, 1036.3305, 0.0000, 68.4662, 1036.3305, 0.0000, 128, 54, 44
L 32.2953, 1037.9759, 0.0000, 68.6308, 1037.9759, 0.0000, 128, 54, 44
L 32.0896, 1039.6212, 0.0000, 68.7953, 1039.6212, 0.0000, 128, 54, 44
L 31.8840, 1041.2666, 0.0000, 68.9598, 1041.2666, 0.0000, 128, 54, 44
L 31.6783, 1042.9120, 0.0000, 69.1244, 1042.9120, 0.0000, 128, 54, 44
L 31.7126, 1044.5574, 0.0000, 69.2889, 1044.5574, 0.0000, 128, 54, 44
L 31.8668, 1046.2028, 0.0000, 69.1335, 1046.2028, 0.0000, 128, 54, 44
L 32.0211, 1047.8481, 0.0000, 68.9141, 1047.8481, 0.0000, 128, 54, 44
L 32.1753, 1049.4935, 0.0000, 68.6948, 1049.4935, 0.0000, 128, 54, 44
L 32.3296, 1051.1389, 0.0000, 68.4754, 1051.1389, 0.0000, 128, 54, 44
L 32.4838, 1052.7843, 0.0000, 68.2560, 1052.7843, 0.0000, 128, 54, 44
L 32.6381, 1054.4297, 0.0000, 68.0366, 1054.4297, 0.0000, 128, 54, 44
L 32.7923, 1056.0750, 0.0000, 67.8172, 1056.0750, 0.0000, 128, 54, 44
L 32.9466, 1057.7204, 0.0000, 67.5978, 1057.7204, 0.0000, 128, 54, 44
L 33.1008, 1059.3658, 0.0000, 67.3784, 1059.3658, 0.0000, 128, 54, 44
L 33.2551, 1061.0112, 0.0000, 67.1591, 1061.0112, 0.0000, 128, 54, 44
L 33.4094, 1062.6566, 0.0000, 66.9397, 1062.6566, 0.0000, 128, 54, 44
L 33.5636, 1064.3019, 0.0000, 66.7203, 1064.3019, 0.0000, 128, 54, 44
L 33.6664, 1065.3989, 0.0000, 31.6097, 1043.4605, 0.0000, 86, 38, 32
L 31.6097, 1043.4605, 0.0000, 34.3520, 1021.5221, 0.0000, 86, 38, 32
L 34.3520, 1021.5221, 0.0000, 44.6356, 1013.2952, 0.0000, 86, 38, 32
L 44.6356, 1013.2952, 0.0000, 58.3471, 1014.6663, 0.0000, 86, 38, 32
L 58.3471, 1014.6663, 0.0000, 67.2596, 1024.2644, 0.0000, 86, 38, 32
L 67.2596, 1024.2644, 0.0000, 69.3163, 1044.8316, 0.0000, 86, 38, 32
L 69.3163, 1044.8316, 0.0000, 66.5740, 1065.3989, 0.0000, 86, 38, 32
L 66.5740, 1065.3989, 0.0000, 33.6664, 1065.3989, 0.0000, 86, 38, 32
L 33.6664, 1035.2336, 0.0000, 67.9452, 1033.8624, 0.0000, 168, 138, 70
L 40.3679, 997.8012, 0.0000, 51.5828, 997.8012, 0.0000, 128, 128, 138
L 38.9282, 999.4466, 0.0000, 53.0454, 999.4466, 0.0000, 128, 128, 138
L 37.4885, 1001.0919, 0.0000, 54.5079, 1001.0919, 0.0000, 128, 128, 138
L 36.5916, 1002.7373, 0.0000, 55.5706, 1002.7373, 0.0000, 128, 128, 138
L 37.3228, 1004.3827, 0.0000, 55.4334, 1004.3827, 0.0000, 128, 128, 138
L 38.0541, 1006.0281, 0.0000, 55.2963, 1006.0281, 0.0000, 128, 128, 138
L 38.7854, 1007.6734, 0.0000, 55.1592, 1007.6734, 0.0000, 128, 128, 138
L 41.4546, 1009.3188, 0.0000, 55.0221, 1009.3188, 0.0000, 128, 128, 138
L 46.0616, 1010.9642, 0.0000, 53.0682, 1010.9642, 0.0000, 128, 128, 138
L 48.7491, 1011.9240, 0.0000, 39.1510, 1008.4961, 0.0000, 86, 38, 32
L 39.1510, 1008.4961, 0.0000, 36.4087, 1002.3260, 0.0000, 86, 38, 32
L 36.4087, 1002.3260, 0.0000, 41.2078, 996.8414, 0.0000, 86, 38, 32
L 41.2078, 996.8414, 0.0000, 50.1202, 996.1558, 0.0000, 86, 38, 32
L 50.1202, 996.1558, 0.0000, 55.6048, 1002.3260, 0.0000, 86, 38, 32
L 55.6048, 1002.3260, 0.0000, 54.9193, 1010.5529, 0.0000, 86, 38, 32
L 54.9193, 1010.5529, 0.0000, 48.7491, 1011.9240, 0.0000, 86, 38, 32
L 48.1508, 990.2598, 0.0000, 49.8460, 990.2598, 0.0000, 128, 54, 44
L 47.5525, 991.9052, 0.0000, 50.9429, 991.9052, 0.0000, 128, 54, 44
L 46.9541, 993.5506, 0.0000, 52.0399, 993.5506, 0.0000, 128, 54, 44
L 46.3558, 995.1960, 0.0000, 53.1368, 995.1960, 0.0000, 128, 54, 44
L 46.0068, 996.1558, 0.0000, 48.7491, 988.6145, 0.0000, 128, 54, 44
L 48.7491, 988.6145, 0.0000, 54.2337, 996.8414, 0.0000, 128, 54, 44
L 54.2337, 996.8414, 0.0000, 46.0068, 996.1558, 0.0000, 128, 54, 44
L 27.0849, 1028.6520, 0.0000, 33.8036, 1028.6520, 0.0000, 128, 128, 138
L 22.6115, 1030.2974, 0.0000, 33.9407, 1030.2974, 0.0000, 128, 128, 138
L 22.3545, 1031.9428, 0.0000, 34.0778, 1031.9428, 0.0000, 128, 128, 138
L 22.0974, 1033.5882, 0.0000, 34.2149, 1033.5882, 0.0000, 128, 128, 138
L 21.8403, 1035.2336, 0.0000, 34.3520, 1035.2336, 0.0000, 128, 128, 138
L 21.5832, 1036.8789, 0.0000, 34.4891, 1036.8789, 0.0000, 128, 128, 138
L 21.3261, 1038.5243, 0.0000, 34.6262, 1038.5243, 0.0000, 128, 128, 138
L 21.0690, 1040.1697, 0.0000, 34.7634, 1040.1697, 0.0000, 128, 128, 138
L 20.8119, 1041.8151, 0.0000, 34.9005, 1041.8151, 0.0000, 128, 128, 138
L 20.5548, 1043.4605, 0.0000, 35.0376, 1043.4605, 0.0000, 128, 128, 138
L 20.2977, 1045.1058, 0.0000, 35.1747, 1045.1058, 0.0000, 128, 128, 138
L 20.0406, 1046.7512, 0.0000, 35.3118, 1046.7512, 0.0000, 128, 128, 138
L 19.7836, 1048.3966, 0.0000, 35.4489, 1048.3966, 0.0000, 128, 128, 138
L 19.5265, 1050.0420, 0.0000, 35.5861, 1050.0420, 0.0000, 128, 128, 138
L 19.2694, 1051.6874, 0.0000, 35.7232, 1051.6874, 0.0000, 128, 128, 138
L 19.8453, 1053.3327, 0.0000, 35.3118, 1053.3327, 0.0000, 128, 128, 138
L 20.4211, 1054.9781, 0.0000, 34.9005, 1054.9781, 0.0000, 128, 128, 138
L 20.9970, 1056.6235, 0.0000, 34.4891, 1056.6235, 0.0000, 128, 128, 138
L 21.5729, 1058.2689, 0.0000, 34.0778, 1058.2689, 0.0000, 128, 128, 138
L 22.1488, 1059.9143, 0.0000, 33.6664, 1059.9143, 0.0000, 128, 128, 138
L 22.7247, 1061.5596, 0.0000, 33.2551, 1061.5596, 0.0000, 128, 128, 138
L 23.3006, 1063.2050, 0.0000, 32.8438, 1063.2050, 0.0000, 128, 128, 138
L 23.8764, 1064.8504, 0.0000, 32.4324, 1064.8504, 0.0000, 128, 128, 138
L 24.4523, 1066.4958, 0.0000, 32.0211, 1066.4958, 0.0000, 128, 128, 138
L 25.0282, 1068.1412, 0.0000, 31.6097, 1068.1412, 0.0000, 128, 128, 138
L 25.6041, 1069.7865, 0.0000, 31.1984, 1069.7865, 0.0000, 128, 128, 138
L 26.1800, 1071.4319, 0.0000, 30.7870, 1071.4319, 0.0000, 128, 128, 138
L 26.7558, 1073.0773, 0.0000, 30.3757, 1073.0773, 0.0000, 128, 128, 138
L 27.3317, 1074.7227, 0.0000, 29.9643, 1074.7227, 0.0000, 128, 128, 138
L 27.9076, 1076.3681, 0.0000, 29.5530, 1076.3681, 0.0000, 128, 128, 138
L 28.4835, 1078.0134, 0.0000, 29.1417, 1078.0134, 0.0000, 128, 128, 138
L 22.6972, 1029.7490, 0.0000, 33.6664, 1027.0067, 0.0000, 86, 38, 32
L 33.6664, 1027.0067, 0.0000, 35.7232, 1051.6874, 0.0000, 86, 38, 32
L 35.7232, 1051.6874, 0.0000, 28.8674, 1079.1104, 0.0000, 86, 38, 32
L 28.8674, 1079.1104, 0.0000, 19.2694, 1051.6874, 0.0000, 86, 38, 32
L 19.2694, 1051.6874, 0.0000, 22.6972, 1029.7490, 0.0000, 86, 38, 32
L 28.1818, 1032.4913, 0.0000, 27.4963, 1070.8835, 0.0000, 128, 54, 44
L 65.2029, 1065.3989, 0.0000, 61.7750, 977.6453, 0.0000, 116, 96, 66
L 68.7679, 986.1464, 0.0000, 73.3550, 986.1464, 0.0000, 160, 160, 170
L 64.1060, 987.7918, 0.0000, 73.2802, 987.7918, 0.0000, 160, 160, 170
L 61.8436, 989.4372, 0.0000, 73.2054, 989.4372, 0.0000, 160, 160, 170
L 61.9807, 991.0825, 0.0000, 73.1306, 991.0825, 0.0000, 160, 160, 170
L 62.1178, 992.7279, 0.0000, 73.0558, 992.7279, 0.0000, 160, 160, 170
L 62.2549, 994.3733, 0.0000, 72.9810, 994.3733, 0.0000, 160, 160, 170
L 62.3920, 996.0187, 0.0000, 72.9063, 996.0187, 0.0000, 160, 160, 170
L 65.5457, 997.6641, 0.0000, 72.8315, 997.6641, 0.0000, 160, 160, 170
L 71.7159, 999.3094, 0.0000, 72.7567, 999.3094, 0.0000, 160, 160, 170
L 61.7750, 988.6145, 0.0000, 73.4298, 984.5010, 0.0000, 110, 110, 120
L 73.4298, 984.5010, 0.0000, 72.7442, 999.5837, 0.0000, 110, 110, 120
L 72.7442, 999.5837, 0.0000, 62.4606, 996.8414, 0.0000, 110, 110, 120
L 62.4606, 996.8414, 0.0000, 61.7750, 988.6145, 0.0000, 110, 110, 120
L 59.0327, 966.6761, 0.0000, 64.5173, 966.6761, 0.0000, 160, 160, 170
L 59.4441, 968.3215, 0.0000, 64.1060, 968.3215, 0.0000, 160, 160, 170
L 59.8554, 969.9668, 0.0000, 63.6946, 969.9668, 0.0000, 160, 160, 170
L 60.2668, 971.6122, 0.0000, 63.2833, 971.6122, 0.0000, 160, 160, 170
L 60.6781, 973.2576, 0.0000, 62.8719, 973.2576, 0.0000, 160, 160, 170
L 61.0894, 974.9030, 0.0000, 62.4606, 974.9030, 0.0000, 160, 160, 170
L 61.5008, 976.5483, 0.0000, 62.0492, 976.5483, 0.0000, 160, 160, 170
L 61.7750, 977.6453, 0.0000, 59.0327, 966.6761, 0.0000, 160, 160, 170
L 64.5173, 966.6761, 0.0000, 61.7750, 977.6453, 0.0000, 160, 160, 170
L 434.8296, 984.7728, 0.0000, 442.1000, 984.7728, 0.0000, 96, 78, 54
L 435.8996, 988.5571, 0.0000, 443.3509, 988.5571, 0.0000, 96, 78, 54
L 436.9695, 992.3415, 0.0000, 444.6018, 992.3415, 0.0000, 96, 78, 54
L 437.3048, 996.1259, 0.0000, 445.1181, 996.1259, 0.0000, 96, 78, 54
L 437.5608, 999.9102, 0.0000, 445.5551, 999.9102, 0.0000, 96, 78, 54
L 437.9049, 1003.6946, 0.0000, 446.0802, 1003.6946, 0.0000, 96, 78, 54
L 438.4495, 1007.4790, 0.0000, 446.8058, 1007.4790, 0.0000, 96, 78, 54
L 438.9941, 1011.2634, 0.0000, 447.5314, 1011.2634, 0.0000, 96, 78, 54
L 439.6167, 1015.0477, 0.0000, 448.3350, 1015.0477, 0.0000, 96, 78, 54
L 440.2714, 1018.8321, 0.0000, 449.1707, 1018.8321, 0.0000, 96, 78, 54
L 440.8802, 1022.6165, 0.0000, 449.9604, 1022.6165, 0.0000, 96, 78, 54
L 441.1179, 1026.4009, 0.0000, 450.3791, 1026.4009, 0.0000, 96, 78, 54
L 441.3556, 1030.1852, 0.0000, 450.7978, 1030.1852, 0.0000, 96, 78, 54
L 441.4712, 1033.9696, 0.0000, 451.0944, 1033.9696, 0.0000, 96, 78, 54
L 441.4707, 1037.7540, 0.0000, 451.2750, 1037.7540, 0.0000, 96, 78, 54
L 441.4703, 1041.5384, 0.0000, 451.4555, 1041.5384, 0.0000, 96, 78, 54
L 441.5266, 1045.3227, 0.0000, 451.6928, 1045.3227, 0.0000, 96, 78, 54
L 441.5882, 1049.1071, 0.0000, 451.9354, 1049.1071, 0.0000, 96, 78, 54
L 441.6302, 1051.6874, 0.0000, 441.4703, 1041.8578, 0.0000, 70, 56, 38
L 452.1008, 1051.6874, 0.0000, 451.4708, 1041.8578, 0.0000, 96, 78, 54
L 441.4703, 1041.8578, 0.0000, 441.4714, 1032.0283, 0.0000, 70, 56, 38
L 451.4708, 1041.8578, 0.0000, 451.0017, 1032.0283, 0.0000, 96, 78, 54
L 441.4714, 1032.0283, 0.0000, 440.8539, 1022.1987, 0.0000, 70, 56, 38
L 451.0017, 1032.0283, 0.0000, 449.9142, 1022.1987, 0.0000, 96, 78, 54
L 440.8539, 1022.1987, 0.0000, 439.1533, 1012.3692, 0.0000, 70, 56, 38
L 449.9142, 1022.1987, 0.0000, 447.7434, 1012.3692, 0.0000, 96, 78, 54
L 439.1533, 1012.3692, 0.0000, 437.7387, 1002.5397, 0.0000, 70, 56, 38
L 447.7434, 1012.3692, 0.0000, 445.8588, 1002.5397, 0.0000, 96, 78, 54
L 437.7387, 1002.5397, 0.0000, 437.0737, 992.7101, 0.0000, 70, 56, 38
L 445.8588, 1002.5397, 0.0000, 444.7237, 992.7101, 0.0000, 96, 78, 54
L 437.0737, 992.7101, 0.0000, 434.2947, 982.8806, 0.0000, 70, 56, 38
L 444.7237, 992.7101, 0.0000, 441.4745, 982.8806, 0.0000, 96, 78, 54
L 441.4703, 1041.8578, 0.0000, 445.9705, 1043.2340, 0.0000, 70, 56, 38
L 440.8539, 1022.1987, 0.0000, 444.9310, 1023.5749, 0.0000, 70, 56, 38
L 437.7387, 1002.5397, 0.0000, 441.3927, 1003.9158, 0.0000, 70, 56, 38
L 441.9334, 1040.2196, 0.0000, 451.2074, 1040.2196, 0.0000, 70, 56, 38
L 441.2148, 1028.7518, 0.0000, 450.4888, 1028.7518, 0.0000, 70, 56, 38
L 440.0172, 1017.2840, 0.0000, 449.2911, 1017.2840, 0.0000, 70, 56, 38
L 438.3405, 1005.8162, 0.0000, 447.6145, 1005.8162, 0.0000, 70, 56, 38
L 436.1848, 994.3484, 0.0000, 445.4587, 994.3484, 0.0000, 70, 56, 38
L 412.5129, 972.3082, 0.0000, 433.4130, 972.3082, 0.0000, 68, 112, 56
L 404.6521, 975.2998, 0.0000, 438.1869, 975.2998, 0.0000, 68, 112, 56
L 399.2789, 978.2914, 0.0000, 438.1869, 978.2914, 0.0000, 68, 112, 56
L 395.0734, 981.2830, 0.0000, 401.7898, 981.2830, 0.0000, 68, 112, 56
L 416.5170, 981.2830, 0.0000, 438.1869, 981.2830, 0.0000, 68, 112, 56
L 425.5970, 984.2746, 0.0000, 438.1869, 984.2746, 0.0000, 68, 112, 56
L 431.3882, 987.2662, 0.0000, 438.1869, 987.2662, 0.0000, 68, 112, 56
L 435.9200, 990.2578, 0.0000, 438.1869, 990.2578, 0.0000, 68, 112, 56
L 438.1869, 982.8806, 0.0000, 432.7978, 980.0800, 0.0000, 68, 112, 56
L 432.7978, 980.0800, 0.0000, 427.4086, 978.0517, 0.0000, 68, 112, 56
L 427.4086, 978.0517, 0.0000, 422.0194, 976.7956, 0.0000, 68, 112, 56
L 422.0194, 976.7956, 0.0000, 416.6302, 976.3119, 0.0000, 68, 112, 56
L 416.6302, 976.3119, 0.0000, 411.2410, 976.6005, 0.0000, 68, 112, 56
L 411.2410, 976.6005, 0.0000, 405.8518, 977.6613, 0.0000, 68, 112, 56
L 405.8518, 977.6613, 0.0000, 400.4626, 979.4945, 0.0000, 68, 112, 56
L 400.4626, 979.4945, 0.0000, 395.0734, 982.1000, 0.0000, 68, 112, 56
L 415.9688, 966.3241, 0.0000, 428.4920, 966.3241, 0.0000, 96, 140, 84
L 411.1696, 969.3157, 0.0000, 433.3501, 969.3157, 0.0000, 96, 140, 84
L 407.8860, 972.3073, 0.0000, 436.6002, 972.3073, 0.0000, 96, 140, 84
L 423.6671, 975.2989, 0.0000, 438.1869, 975.2989, 0.0000, 96, 140, 84
L 427.5742, 978.2905, 0.0000, 438.1869, 978.2905, 0.0000, 96, 140, 84
L 430.6076, 981.2821, 0.0000, 438.1869, 981.2821, 0.0000, 96, 140, 84
L 432.9868, 984.2737, 0.0000, 438.1869, 984.2737, 0.0000, 96, 140, 84
L 435.1897, 987.2653, 0.0000, 438.1869, 987.2653, 0.0000, 96, 140, 84
L 437.1432, 990.2569, 0.0000, 438.1869, 990.2569, 0.0000, 96, 140, 84
L 438.1869, 982.8806, 0.0000, 434.3812, 978.0494, 0.0000, 68, 112, 56
L 434.3812, 978.0494, 0.0000, 430.5755, 974.2614, 0.0000, 68, 112, 56
L 430.5755, 974.2614, 0.0000, 426.7698, 971.5163, 0.0000, 68, 112, 56
L 426.7698, 971.5163, 0.0000, 422.9641, 969.8143, 0.0000, 68, 112, 56
L 422.9641, 969.8143, 0.0000, 419.1584, 969.1553, 0.0000, 68, 112, 56
L 419.1584, 969.1553, 0.0000, 415.3526, 969.5393, 0.0000, 68, 112, 56
L 415.3526, 969.5393, 0.0000, 411.5469, 970.9663, 0.0000, 68, 112, 56
L 411.5469, 970.9663, 0.0000, 407.7412, 973.4364, 0.0000, 68, 112, 56
L 429.6527, 962.4708, 0.0000, 433.9857, 962.4708, 0.0000, 68, 112, 56
L 428.0692, 965.4624, 0.0000, 435.5596, 965.4624, 0.0000, 68, 112, 56
L 427.2205, 968.4540, 0.0000, 428.3024, 968.4540, 0.0000, 68, 112, 56
L 430.6455, 968.4540, 0.0000, 436.6441, 968.4540, 0.0000, 68, 112, 56
L 432.8266, 971.4456, 0.0000, 437.5093, 971.4456, 0.0000, 68, 112, 56
L 434.0380, 974.4372, 0.0000, 438.1869, 974.4372, 0.0000, 68, 112, 56
L 434.9428, 977.4288, 0.0000, 438.1869, 977.4288, 0.0000, 68, 112, 56
L 435.7568, 980.4204, 0.0000, 438.1869, 980.4204, 0.0000, 68, 112, 56
L 436.4668, 983.4120, 0.0000, 438.1869, 983.4120, 0.0000, 68, 112, 56
L 437.1150, 986.4036, 0.0000, 438.1869, 986.4036, 0.0000, 68, 112, 56
L 438.1869, 982.8806, 0.0000, 436.8161, 976.9063, 0.0000, 68, 112, 56
L 436.8161, 976.9063, 0.0000, 435.4453, 972.1275, 0.0000, 68, 112, 56
L 435.4453, 972.1275, 0.0000, 434.0745, 968.5442, 0.0000, 68, 112, 56
L 434.0745, 968.5442, 0.0000, 432.7037, 966.1562, 0.0000, 68, 112, 56
L 432.7037, 966.1562, 0.0000, 431.3329, 964.9638, 0.0000, 68, 112, 56
L 431.3329, 964.9638, 0.0000, 429.9621, 964.9668, 0.0000, 68, 112, 56
L 429.9621, 964.9668, 0.0000, 428.5913, 966.1652, 0.0000, 68, 112, 56
L 428.5913, 966.1652, 0.0000, 427.2205, 968.5591, 0.0000, 68, 112, 56
L 442.3882, 962.4708, 0.0000, 446.7212, 962.4708, 0.0000, 96, 140, 84
L 440.8143, 965.4624, 0.0000, 448.3047, 965.4624, 0.0000, 96, 140, 84
L 439.7298, 968.4540, 0.0000, 445.7284, 968.4540, 0.0000, 96, 140, 84
L 448.0715, 968.4540, 0.0000, 449.1534, 968.4540, 0.0000, 96, 140, 84
L 438.8645, 971.4456, 0.0000, 443.5473, 971.4456, 0.0000, 96, 140, 84
L 438.1869, 974.4372, 0.0000, 442.3359, 974.4372, 0.0000, 96, 140, 84
L 438.1869, 977.4288, 0.0000, 441.4311, 977.4288, 0.0000, 96, 140, 84
L 438.1869, 980.4204, 0.0000, 440.6171, 980.4204, 0.0000, 96, 140, 84
L 438.1869, 983.4120, 0.0000, 439.9071, 983.4120, 0.0000, 96, 140, 84
L 438.1869, 986.4036, 0.0000, 439.2589, 986.4036, 0.0000, 96, 140, 84
L 438.1869, 982.8806, 0.0000, 439.5577, 976.9063, 0.0000, 68, 112, 56
L 439.5577, 976.9063, 0.0000, 440.9285, 972.1275, 0.0000, 68, 112, 56
L 440.9285, 972.1275, 0.0000, 442.2993, 968.5442, 0.0000, 68, 112, 56
L 442.2993, 968.5442, 0.0000, 443.6702, 966.1562, 0.0000, 68, 112, 56
L 443.6702, 966.1562, 0.0000, 445.0410, 964.9638, 0.0000, 68, 112, 56
L 445.0410, 964.9638, 0.0000, 446.4118, 964.9668, 0.0000, 68, 112, 56
L 446.4118, 964.9668, 0.0000, 447.7826, 966.1652, 0.0000, 68, 112, 56
L 447.7826, 966.1652, 0.0000, 449.1534, 968.5591, 0.0000, 68, 112, 56
L 447.8819, 966.3241, 0.0000, 460.4051, 966.3241, 0.0000, 68, 112, 56
L 443.0238, 969.3157, 0.0000, 465.2042, 969.3157, 0.0000, 68, 112, 56
L 439.7737, 972.3073, 0.0000, 468.4878, 972.3073, 0.0000, 68, 112, 56
L 438.1869, 975.2989, 0.0000, 452.7068, 975.2989, 0.0000, 68, 112, 56
L 438.1869, 978.2905, 0.0000, 448.7997, 978.2905, 0.0000, 68, 112, 56
L 438.1869, 981.2821, 0.0000, 445.7663, 981.2821, 0.0000, 68, 112, 56
L 438.1869, 984.2737, 0.0000, 443.3871, 984.2737, 0.0000, 68, 112, 56
L 438.1869, 987.2653, 0.0000, 441.1841, 987.2653, 0.0000, 68, 112, 56
L 438.1869, 990.2569, 0.0000, 439.2307, 990.2569, 0.0000, 68, 112, 56
L 438.1869, 982.8806, 0.0000, 441.9927, 978.0494, 0.0000, 68, 112, 56
L 441.9927, 978.0494, 0.0000, 445.7984, 974.2614, 0.0000, 68, 112, 56
L 445.7984, 974.2614, 0.0000, 449.6041, 971.5163, 0.0000, 68, 112, 56
L 449.6041, 971.5163, 0.0000, 453.4098, 969.8143, 0.0000, 68, 112, 56
L 453.4098, 969.8143, 0.0000, 457.2155, 969.1553, 0.0000, 68, 112, 56
L 457.2155, 969.1553, 0.0000, 461.0213, 969.5393, 0.0000, 68, 112, 56
L 461.0213, 969.5393, 0.0000, 464.8270, 970.9663, 0.0000, 68, 112, 56
L 464.8270, 970.9663, 0.0000, 468.6327, 973.4364, 0.0000, 68, 112, 56
L 442.9609, 972.3082, 0.0000, 463.8610, 972.3082, 0.0000, 96, 140, 84
L 438.1869, 975.2998, 0.0000, 471.7218, 975.2998, 0.0000, 96, 140, 84
L 438.1869, 978.2914, 0.0000, 477.0950, 978.2914, 0.0000, 96, 140, 84
L 438.1869, 981.2830, 0.0000, 459.8569, 981.2830, 0.0000, 96, 140, 84
L 474.5841, 981.2830, 0.0000, 481.3005, 981.2830, 0.0000, 96, 140, 84
L 438.1869, 984.2746, 0.0000, 450.7769, 984.2746, 0.0000, 96, 140, 84
L 438.1869, 987.2662, 0.0000, 444.9857, 987.2662, 0.0000, 96, 140, 84
L 438.1869, 990.2578, 0.0000, 440.4539, 990.2578, 0.0000, 96, 140, 84
L 438.1869, 982.8806, 0.0000, 443.5761, 980.0800, 0.0000, 68, 112, 56
L 443.5761, 980.0800, 0.0000, 448.9653, 978.0517, 0.0000, 68, 112, 56
L 448.9653, 978.0517, 0.0000, 454.3545, 976.7956, 0.0000, 68, 112, 56
L 454.3545, 976.7956, 0.0000, 459.7437, 976.3119, 0.0000, 68, 112, 56
L 459.7437, 976.3119, 0.0000, 465.1329, 976.6005, 0.0000, 68, 112, 56
L 465.1329, 976.6005, 0.0000, 470.5221, 977.6613, 0.0000, 68, 112, 56
L 470.5221, 977.6613, 0.0000, 475.9113, 979.4945, 0.0000, 68, 112, 56
L 475.9113, 979.4945, 0.0000, 481.3005, 982.1000, 0.0000, 68, 112, 56
L 440.9959, 985.9221, 0.0000, 445.6540, 985.9221, 0.0000, 96, 78, 54
L 440.5676, 988.1658, 0.0000, 446.3570, 988.1658, 0.0000, 96, 78, 54
L 445.9925, 987.3680, 0.0000, 446.5164, 988.5147, 0.0000, 96, 78, 54
L 446.5164, 988.5147, 0.0000, 445.4103, 989.1468, 0.0000, 96, 78, 54
L 445.4103, 989.1468, 0.0000, 444.6416, 990.0018, 0.0000, 96, 78, 54
L 444.6416, 990.0018, 0.0000, 443.4222, 989.8892, 0.0000, 96, 78, 54
L 443.4222, 989.8892, 0.0000, 442.2802, 989.8349, 0.0000, 96, 78, 54
L 442.2802, 989.8349, 0.0000, 441.6654, 988.9399, 0.0000, 96, 78, 54
L 441.6654, 988.9399, 0.0000, 440.6691, 988.3883, 0.0000, 96, 78, 54
L 440.6691, 988.3883, 0.0000, 440.2037, 987.3680, 0.0000, 96, 78, 54
L 440.2037, 987.3680, 0.0000, 440.7746, 986.3867, 0.0000, 96, 78, 54
L 440.7746, 986.3867, 0.0000, 441.2381, 985.4137, 0.0000, 96, 78, 54
L 441.2381, 985.4137, 0.0000, 442.2675, 984.8737, 0.0000, 96, 78, 54
L 442.2675, 984.8737, 0.0000, 443.4222, 985.2242, 0.0000, 96, 78, 54
L 443.4222, 985.2242, 0.0000, 444.6109, 984.8003, 0.0000, 96, 78, 54
L 444.6109, 984.8003, 0.0000, 445.4978, 985.5109, 0.0000, 96, 78, 54
L 445.4978, 985.5109, 0.0000, 445.8601, 986.4645, 0.0000, 96, 78, 54
L 445.8601, 986.4645, 0.0000, 445.9925, 987.3680, 0.0000, 96, 78, 54
L 441.8186, 989.1629, 0.0000, 445.3958, 989.1629, 0.0000, 70, 56, 38
L 433.1271, 988.4109, 0.0000, 437.5506, 988.4109, 0.0000, 96, 78, 54
L 432.8828, 990.6546, 0.0000, 438.3163, 990.6546, 0.0000, 96, 78, 54
L 437.9315, 989.9588, 0.0000, 438.5405, 991.0599, 0.0000, 96, 78, 54
L 438.5405, 991.0599, 0.0000, 437.5592, 991.7392, 0.0000, 96, 78, 54
L 437.5592, 991.7392, 0.0000, 436.7426, 992.4931, 0.0000, 96, 78, 54
L 436.7426, 992.4931, 0.0000, 435.5693, 992.8484, 0.0000, 96, 78, 54
L 435.5693, 992.8484, 0.0000, 434.3979, 992.4892, 0.0000, 96, 78, 54
L 434.3979, 992.4892, 0.0000, 433.2550, 992.0294, 0.0000, 96, 78, 54
L 433.2550, 992.0294, 0.0000, 433.0429, 990.8951, 0.0000, 96, 78, 54
L 433.0429, 990.8951, 0.0000, 432.4194, 989.9588, 0.0000, 96, 78, 54
L 432.4194, 989.9588, 0.0000, 432.9960, 989.0051, 0.0000, 96, 78, 54
L 432.9960, 989.0051, 0.0000, 433.2446, 987.8787, 0.0000, 96, 78, 54
L 433.2446, 987.8787, 0.0000, 434.3334, 987.2890, 0.0000, 96, 78, 54
L 434.3334, 987.2890, 0.0000, 435.5693, 987.7844, 0.0000, 96, 78, 54
L 435.5693, 987.7844, 0.0000, 436.5144, 987.9174, 0.0000, 96, 78, 54
L 436.5144, 987.9174, 0.0000, 437.3742, 988.3439, 0.0000, 96, 78, 54
L 437.3742, 988.3439, 0.0000, 438.6350, 988.8226, 0.0000, 96, 78, 54
L 438.6350, 988.8226, 0.0000, 437.9315, 989.9588, 0.0000, 96, 78, 54
L 433.2035, 991.7537, 0.0000, 437.5435, 991.7537, 0.0000, 70, 56, 38
L 433.1550, 982.9067, 0.0000, 437.1410, 982.9067, 0.0000, 96, 78, 54
L 432.5186, 985.1504, 0.0000, 438.3345, 985.1504, 0.0000, 96, 78, 54
L 438.3460, 984.7772, 0.0000, 438.3147, 985.7946, 0.0000, 96, 78, 54
L 438.3147, 985.7946, 0.0000, 437.4350, 986.4464, 0.0000, 96, 78, 54
L 437.4350, 986.4464, 0.0000, 436.6597, 987.1326, 0.0000, 96, 78, 54
L 436.6597, 987.1326, 0.0000, 435.5693, 987.2155, 0.0000, 96, 78, 54
L 435.5693, 987.2155, 0.0000, 434.5401, 987.0004, 0.0000, 96, 78, 54
L 434.5401, 987.0004, 0.0000, 433.4981, 986.6303, 0.0000, 96, 78, 54
L 433.4981, 986.6303, 0.0000, 432.8640, 985.7798, 0.0000, 96, 78, 54
L 432.8640, 985.7798, 0.0000, 432.3137, 984.7772, 0.0000, 96, 78, 54
L 432.3137, 984.7772, 0.0000, 432.7716, 983.7403, 0.0000, 96, 78, 54
L 432.7716, 983.7403, 0.0000, 433.2494, 982.7014, 0.0000, 96, 78, 54
L 433.2494, 982.7014, 0.0000, 434.3422, 982.1264, 0.0000, 96, 78, 54
L 434.3422, 982.1264, 0.0000, 435.5693, 981.7848, 0.0000, 96, 78, 54
L 435.5693, 981.7848, 0.0000, 436.7239, 982.2830, 0.0000, 96, 78, 54
L 436.7239, 982.2830, 0.0000, 437.3352, 983.1972, 0.0000, 96, 78, 54
L 437.3352, 983.1972, 0.0000, 438.5359, 983.6777, 0.0000, 96, 78, 54
L 438.5359, 983.6777, 0.0000, 438.3460, 984.7772, 0.0000, 96, 78, 54
L 433.4548, 986.5721, 0.0000, 437.2930, 986.5721, 0.0000, 70, 56, 38
L 828.4169, 1062.6566, 0.0000, 854.4688, 1062.6566, 0.0000, 86, 38, 32
L 828.2935, 1064.3019, 0.0000, 854.5510, 1064.3019, 0.0000, 86, 38, 32
L 828.1701, 1065.9473, 0.0000, 854.6333, 1065.9473, 0.0000, 86, 38, 32
L 828.0467, 1067.5927, 0.0000, 854.7156, 1067.5927, 0.0000, 86, 38, 32
L 827.9233, 1069.2381, 0.0000, 854.7978, 1069.2381, 0.0000, 86, 38, 32
L 827.7999, 1070.8835, 0.0000, 854.8801, 1070.8835, 0.0000, 86, 38, 32
L 827.6765, 1072.5288, 0.0000, 854.9624, 1072.5288, 0.0000, 86, 38, 32
L 827.5531, 1074.1742, 0.0000, 855.0446, 1074.1742, 0.0000, 86, 38, 32
L 827.4297, 1075.8196, 0.0000, 855.1269, 1075.8196, 0.0000, 86, 38, 32
L 827.3063, 1077.4650, 0.0000, 855.2092, 1077.4650, 0.0000, 86, 38, 32
L 827.1829, 1079.1104, 0.0000, 855.2914, 1079.1104, 0.0000, 86, 38, 32
L 827.0595, 1080.7557, 0.0000, 855.3737, 1080.7557, 0.0000, 86, 38, 32
L 826.9361, 1082.4011, 0.0000, 855.4560, 1082.4011, 0.0000, 86, 38, 32
L 826.8127, 1084.0465, 0.0000, 855.5383, 1084.0465, 0.0000, 86, 38, 32
L 826.6893, 1085.6919, 0.0000, 855.6205, 1085.6919, 0.0000, 86, 38, 32
L 826.5659, 1087.3373, 0.0000, 855.7028, 1087.3373, 0.0000, 86, 38, 32
L 826.4425, 1088.9826, 0.0000, 855.7851, 1088.9826, 0.0000, 86, 38, 32
L 826.4013, 1090.6280, 0.0000, 855.8125, 1090.6280, 0.0000, 86, 38, 32
L 826.5247, 1092.2734, 0.0000, 855.7302, 1092.2734, 0.0000, 86, 38, 32
L 826.6481, 1093.9188, 0.0000, 841.1686, 1093.9188, 0.0000, 86, 38, 32
L 848.9537, 1093.9188, 0.0000, 855.6479, 1093.9188, 0.0000, 86, 38, 32
L 826.7715, 1095.5641, 0.0000, 840.7573, 1095.5641, 0.0000, 86, 38, 32
L 848.9080, 1095.5641, 0.0000, 855.5657, 1095.5641, 0.0000, 86, 38, 32
L 826.8949, 1097.2095, 0.0000, 840.3459, 1097.2095, 0.0000, 86, 38, 32
L 848.8623, 1097.2095, 0.0000, 855.4834, 1097.2095, 0.0000, 86, 38, 32
L 827.0183, 1098.8549, 0.0000, 839.9346, 1098.8549, 0.0000, 86, 38, 32
L 848.8166, 1098.8549, 0.0000, 855.4011, 1098.8549, 0.0000, 86, 38, 32
L 827.1417, 1100.5003, 0.0000, 839.5232, 1100.5003, 0.0000, 86, 38, 32
L 848.7709, 1100.5003, 0.0000, 855.3189, 1100.5003, 0.0000, 86, 38, 32
L 827.2651, 1102.1457, 0.0000, 839.1119, 1102.1457, 0.0000, 86, 38, 32
L 848.7252, 1102.1457, 0.0000, 855.2366, 1102.1457, 0.0000, 86, 38, 32
L 827.3885, 1103.7910, 0.0000, 838.7005, 1103.7910, 0.0000, 86, 38, 32
L 848.6795, 1103.7910, 0.0000, 855.1543, 1103.7910, 0.0000, 86, 38, 32
L 827.5120, 1105.4364, 0.0000, 838.2892, 1105.4364, 0.0000, 86, 38, 32
L 848.6338, 1105.4364, 0.0000, 855.0721, 1105.4364, 0.0000, 86, 38, 32
L 827.6354, 1107.0818, 0.0000, 837.8778, 1107.0818, 0.0000, 86, 38, 32
L 848.5880, 1107.0818, 0.0000, 854.9898, 1107.0818, 0.0000, 86, 38, 32
L 827.7588, 1108.7272, 0.0000, 837.4665, 1108.7272, 0.0000, 86, 38, 32
L 848.5423, 1108.7272, 0.0000, 854.9075, 1108.7272, 0.0000, 86, 38, 32
L 827.8822, 1110.3726, 0.0000, 837.0552, 1110.3726, 0.0000, 86, 38, 32
L 848.4966, 1110.3726, 0.0000, 854.8253, 1110.3726, 0.0000, 86, 38, 32
L 828.0056, 1112.0179, 0.0000, 836.6438, 1112.0179, 0.0000, 86, 38, 32
L 848.4509, 1112.0179, 0.0000, 854.7430, 1112.0179, 0.0000, 86, 38, 32
L 828.1290, 1113.6633, 0.0000, 836.2325, 1113.6633, 0.0000, 86, 38, 32
L 848.4052, 1113.6633, 0.0000, 854.6607, 1113.6633, 0.0000, 86, 38, 32
L 828.2524, 1115.3087, 0.0000, 835.8211, 1115.3087, 0.0000, 86, 38, 32
L 848.3595, 1115.3087, 0.0000, 854.5784, 1115.3087, 0.0000, 86, 38, 32
L 828.3758, 1116.9541, 0.0000, 835.4098, 1116.9541, 0.0000, 86, 38, 32
L 848.3138, 1116.9541, 0.0000, 854.4962, 1116.9541, 0.0000, 86, 38, 32
L 828.4169, 1117.5025, 0.0000, 826.3602, 1090.0796, 0.0000, 86, 38, 32
L 826.3602, 1090.0796, 0.0000, 828.4169, 1062.6566, 0.0000, 86, 38, 32
L 854.4688, 1062.6566, 0.0000, 855.8399, 1090.0796, 0.0000, 86, 38, 32
L 855.8399, 1090.0796, 0.0000, 854.4688, 1117.5025, 0.0000, 86, 38, 32
L 854.4688, 1117.5025, 0.0000, 848.2986, 1117.5025, 0.0000, 86, 38, 32
L 848.2986, 1117.5025, 0.0000, 848.9842, 1092.8219, 0.0000, 86, 38, 32
L 848.9842, 1092.8219, 0.0000, 841.4428, 1092.8219, 0.0000, 86, 38, 32
L 841.4428, 1092.8219, 0.0000, 835.2727, 1117.5025, 0.0000, 86, 38, 32
L 835.2727, 1117.5025, 0.0000, 828.4169, 1117.5025, 0.0000, 86, 38, 32
L 833.2159, 1014.9405, 0.0000, 849.2388, 1014.9405, 0.0000, 128, 54, 44
L 831.1592, 1016.5859, 0.0000, 850.7667, 1016.5859, 0.0000, 128, 54, 44
L 829.1025, 1018.2313, 0.0000, 852.2945, 1018.2313, 0.0000, 128, 54, 44
L 827.0458, 1019.8767, 0.0000, 853.8224, 1019.8767, 0.0000, 128, 54, 44
L 824.9890, 1021.5221, 0.0000, 855.3502, 1021.5221, 0.0000, 128, 54, 44
L 824.7834, 1023.1674, 0.0000, 856.8781, 1023.1674, 0.0000, 128, 54, 44
L 824.5777, 1024.8128, 0.0000, 857.9515, 1024.8128, 0.0000, 128, 54, 44
L 824.3720, 1026.4582, 0.0000, 858.1160, 1026.4582, 0.0000, 128, 54, 44
L 824.1663, 1028.1036, 0.0000, 858.2806, 1028.1036, 0.0000, 128, 54, 44
L 823.9607, 1029.7490, 0.0000, 858.4451, 1029.7490, 0.0000, 128, 54, 44
L 823.7550, 1031.3943, 0.0000, 858.6096, 1031.3943, 0.0000, 128, 54, 44
L 823.5493, 1033.0397, 0.0000, 858.7742, 1033.0397, 0.0000, 128, 54, 44
L 823.3437, 1034.6851, 0.0000, 858.9387, 1034.6851, 0.0000, 128, 54, 44
L 823.1380, 1036.3305, 0.0000, 859.1032, 1036.3305, 0.0000, 128, 54, 44
L 822.9323, 1037.9759, 0.0000, 859.2678, 1037.9759, 0.0000, 128, 54, 44
L 822.7266, 1039.6212, 0.0000, 859.4323, 1039.6212, 0.0000, 128, 54, 44
L 822.5210, 1041.2666, 0.0000, 859.5969, 1041.2666, 0.0000, 128, 54, 44
L 822.3153, 1042.9120, 0.0000, 859.7614, 1042.9120, 0.0000, 128, 54, 44
L 822.3496, 1044.5574, 0.0000, 859.9259, 1044.5574, 0.0000, 128, 54, 44
L 822.5038, 1046.2028, 0.0000, 859.7705, 1046.2028, 0.0000, 128, 54, 44
L 822.6581, 1047.8481, 0.0000, 859.5512, 1047.8481, 0.0000, 128, 54, 44
L 822.8123, 1049.4935, 0.0000, 859.3318, 1049.4935, 0.0000, 128, 54, 44
L 822.9666, 1051.1389, 0.0000, 859.1124, 1051.1389, 0.0000, 128, 54, 44
L 823.1208, 1052.7843, 0.0000, 858.8930, 1052.7843, 0.0000, 128, 54, 44
L 823.2751, 1054.4297, 0.0000, 858.6736, 1054.4297, 0.0000, 128, 54, 44
L 823.4294, 1056.0750, 0.0000, 858.4542, 1056.0750, 0.0000, 128, 54, 44
L 823.5836, 1057.7204, 0.0000, 858.2348, 1057.7204, 0.0000, 128, 54, 44
L 823.7379, 1059.3658, 0.0000, 858.0155, 1059.3658, 0.0000, 128, 54, 44
L 823.8921, 1061.0112, 0.0000, 857.7961, 1061.0112, 0.0000, 128, 54, 44
L 824.0464, 1062.6566, 0.0000, 857.5767, 1062.6566, 0.0000, 128, 54, 44
L 824.2006, 1064.3019, 0.0000, 857.3573, 1064.3019, 0.0000, 128, 54, 44
L 824.3035, 1065.3989, 0.0000, 822.2467, 1043.4605, 0.0000, 86, 38, 32
L 822.2467, 1043.4605, 0.0000, 824.9890, 1021.5221, 0.0000, 86, 38, 32
L 824.9890, 1021.5221, 0.0000, 835.2727, 1013.2952, 0.0000, 86, 38, 32
L 835.2727, 1013.2952, 0.0000, 848.9842, 1014.6663, 0.0000, 86, 38, 32
L 848.9842, 1014.6663, 0.0000, 857.8966, 1024.2644, 0.0000, 86, 38, 32
L 857.8966, 1024.2644, 0.0000, 859.9534, 1044.8316, 0.0000, 86, 38, 32
L 859.9534, 1044.8316, 0.0000, 857.2111, 1065.3989, 0.0000, 86, 38, 32
L 857.2111, 1065.3989, 0.0000, 824.3035, 1065.3989, 0.0000, 86, 38, 32
L 824.3035, 1035.2336, 0.0000, 858.5822, 1033.8624, 0.0000, 168, 138, 70
L 831.0050, 997.8012, 0.0000, 842.2198, 997.8012, 0.0000, 128, 128, 138
L 829.5652, 999.4466, 0.0000, 843.6824, 999.4466, 0.0000, 128, 128, 138
L 828.1255, 1001.0919, 0.0000, 845.1449, 1001.0919, 0.0000, 128, 128, 138
L 827.2286, 1002.7373, 0.0000, 846.2076, 1002.7373, 0.0000, 128, 128, 138
L 827.9599, 1004.3827, 0.0000, 846.0705, 1004.3827, 0.0000, 128, 128, 138
L 828.6911, 1006.0281, 0.0000, 845.9333, 1006.0281, 0.0000, 128, 128, 138
L 829.4224, 1007.6734, 0.0000, 845.7962, 1007.6734, 0.0000, 128, 128, 138
L 832.0916, 1009.3188, 0.0000, 845.6591, 1009.3188, 0.0000, 128, 128, 138
L 836.6987, 1010.9642, 0.0000, 843.7052, 1010.9642, 0.0000, 128, 128, 138
L 839.3861, 1011.9240, 0.0000, 829.7881, 1008.4961, 0.0000, 86, 38, 32
L 829.7881, 1008.4961, 0.0000, 827.0458, 1002.3260, 0.0000, 86, 38, 32
L 827.0458, 1002.3260, 0.0000, 831.8448, 996.8414, 0.0000, 86, 38, 32
L 831.8448, 996.8414, 0.0000, 840.7573, 996.1558, 0.0000, 86, 38, 32
L 840.7573, 996.1558, 0.0000, 846.2419, 1002.3260, 0.0000, 86, 38, 32
L 846.2419, 1002.3260, 0.0000, 845.5563, 1010.5529, 0.0000, 86, 38, 32
L 845.5563, 1010.5529, 0.0000, 839.3861, 1011.9240, 0.0000, 86, 38, 32
L 838.7878, 990.2598, 0.0000, 840.4830, 990.2598, 0.0000, 128, 54, 44
L 838.1895, 991.9052, 0.0000, 841.5799, 991.9052, 0.0000, 128, 54, 44
L 837.5911, 993.5506, 0.0000, 842.6769, 993.5506, 0.0000, 128, 54, 44
L 836.9928, 995.1960, 0.0000, 843.7738, 995.1960, 0.0000, 128, 54, 44
L 836.6438, 996.1558, 0.0000, 839.3861, 988.6145, 0.0000, 128, 54, 44
L 839.3861, 988.6145, 0.0000, 844.8707, 996.8414, 0.0000, 128, 54, 44
L 844.8707, 996.8414, 0.0000, 836.6438, 996.1558, 0.0000, 128, 54, 44
L 817.7219, 1028.6520, 0.0000, 824.4406, 1028.6520, 0.0000, 128, 128, 138
L 813.2486, 1030.2974, 0.0000, 824.5777, 1030.2974, 0.0000, 128, 128, 138
L 812.9915, 1031.9428, 0.0000, 824.7148, 1031.9428, 0.0000, 128, 128, 138
L 812.7344, 1033.5882, 0.0000, 824.8519, 1033.5882, 0.0000, 128, 128, 138
L 812.4773, 1035.2336, 0.0000, 824.9890, 1035.2336, 0.0000, 128, 128, 138
L 812.2202, 1036.8789, 0.0000, 825.1262, 1036.8789, 0.0000, 128, 128, 138
L 811.9631, 1038.5243, 0.0000, 825.2633, 1038.5243, 0.0000, 128, 128, 138
L 811.7060, 1040.1697, 0.0000, 825.4004, 1040.1697, 0.0000, 128, 128, 138
L 811.4489, 1041.8151, 0.0000, 825.5375, 1041.8151, 0.0000, 128, 128, 138
L 811.1918, 1043.4605, 0.0000, 825.6746, 1043.4605, 0.0000, 128, 128, 138
L 810.9348, 1045.1058, 0.0000, 825.8117, 1045.1058, 0.0000, 128, 128, 138
L 810.6777, 1046.7512, 0.0000, 825.9488, 1046.7512, 0.0000, 128, 128, 138
L 810.4206, 1048.3966, 0.0000, 826.0860, 1048.3966, 0.0000, 128, 128, 138
L 810.1635, 1050.0420, 0.0000, 826.2231, 1050.0420, 0.0000, 128, 128, 138
L 809.9064, 1051.6874, 0.0000, 826.3602, 1051.6874, 0.0000, 128, 128, 138
L 810.4823, 1053.3327, 0.0000, 825.9488, 1053.3327, 0.0000, 128, 128, 138
L 811.0582, 1054.9781, 0.0000, 825.5375, 1054.9781, 0.0000, 128, 128, 138
L 811.6340, 1056.6235, 0.0000, 825.1262, 1056.6235, 0.0000, 128, 128, 138
L 812.2099, 1058.2689, 0.0000, 824.7148, 1058.2689, 0.0000, 128, 128, 138
L 812.7858, 1059.9143, 0.0000, 824.3035, 1059.9143, 0.0000, 128, 128, 138
L 813.3617, 1061.5596, 0.0000, 823.8921, 1061.5596, 0.0000, 128, 128, 138
L 813.9376, 1063.2050, 0.0000, 823.4808, 1063.2050, 0.0000, 128, 128, 138
L 814.5135, 1064.8504, 0.0000, 823.0694, 1064.8504, 0.0000, 128, 128, 138
L 815.0893, 1066.4958, 0.0000, 822.6581, 1066.4958, 0.0000, 128, 128, 138
L 815.6652, 1068.1412, 0.0000, 822.2467, 1068.1412, 0.0000, 128, 128, 138
L 816.2411, 1069.7865, 0.0000, 821.8354, 1069.7865, 0.0000, 128, 128, 138
L 816.8170, 1071.4319, 0.0000, 821.4240, 1071.4319, 0.0000, 128, 128, 138
L 817.3929, 1073.0773, 0.0000, 821.0127, 1073.0773, 0.0000, 128, 128, 138
L 817.9687, 1074.7227, 0.0000, 820.6014, 1074.7227, 0.0000, 128, 128, 138
L 818.5446, 1076.3681, 0.0000, 820.1900, 1076.3681, 0.0000, 128, 128, 138
L 819.1205, 1078.0134, 0.0000, 819.7787, 1078.0134, 0.0000, 128, 128, 138
L 813.3343, 1029.7490, 0.0000, 824.3035, 1027.0067, 0.0000, 86, 38, 32
L 824.3035, 1027.0067, 0.0000, 826.3602, 1051.6874, 0.0000, 86, 38, 32
L 826.3602, 1051.6874, 0.0000, 819.5044, 1079.1104, 0.0000, 86, 38, 32
L 819.5044, 1079.1104, 0.0000, 809.9064, 1051.6874, 0.0000, 86, 38, 32
L 809.9064, 1051.6874, 0.0000, 813.3343, 1029.7490, 0.0000, 86, 38, 32
L 818.8189, 1032.4913, 0.0000, 818.1333, 1070.8835, 0.0000, 128, 54, 44
L 855.8399, 1065.3989, 0.0000, 852.4120, 977.6453, 0.0000, 116, 96, 66
L 859.4049, 986.1464, 0.0000, 863.9920, 986.1464, 0.0000, 160, 160, 170
L 854.7430, 987.7918, 0.0000, 863.9172, 987.7918, 0.0000, 160, 160, 170
L 852.4806, 989.4372, 0.0000, 863.8424, 989.4372, 0.0000, 160, 160, 170
L 852.6177, 991.0825, 0.0000, 863.7676, 991.0825, 0.0000, 160, 160, 170
L 852.7548, 992.7279, 0.0000, 863.6929, 992.7279, 0.0000, 160, 160, 170
L 852.8919, 994.3733, 0.0000, 863.6181, 994.3733, 0.0000, 160, 160, 170
L 853.0290, 996.0187, 0.0000, 863.5433, 996.0187, 0.0000, 160, 160, 170
L 856.1827, 997.6641, 0.0000, 863.4685, 997.6641, 0.0000, 160, 160, 170
L 862.3529, 999.3094, 0.0000, 863.3937, 999.3094, 0.0000, 160, 160, 170
L 852.4120, 988.6145, 0.0000, 864.0668, 984.5010, 0.0000, 110, 110, 120
L 864.0668, 984.5010, 0.0000, 863.3812, 999.5837, 0.0000, 110, 110, 120
L 863.3812, 999.5837, 0.0000, 853.0976, 996.8414, 0.0000, 110, 110, 120
L 853.0976, 996.8414, 0.0000, 852.4120, 988.6145, 0.0000, 110, 110, 120
L 849.6697, 966.6761, 0.0000, 855.1543, 966.6761, 0.0000, 160, 160, 170
L 850.0811, 968.3215, 0.0000, 854.7430, 968.3215, 0.0000, 160, 160, 170
L 850.4924, 969.9668, 0.0000, 854.3316, 969.9668, 0.0000, 160, 160, 170
L 850.9038, 971.6122, 0.0000, 853.9203, 971.6122, 0.0000, 160, 160, 170
L 851.3151, 973.2576, 0.0000, 853.5090, 973.2576, 0.0000, 160, 160, 170
L 851.7265, 974.9030, 0.0000, 853.0976, 974.9030, 0.0000, 160, 160, 170
L 852.1378, 976.5483, 0.0000, 852.6863, 976.5483, 0.0000, 160, 160, 170
L 852.4120, 977.6453, 0.0000, 849.6697, 966.6761, 0.0000, 160, 160, 170
L 855.1543, 966.6761, 0.0000, 852.4120, 977.6453, 0.0000, 160, 160, 170
L 1238.0911, 984.7728, 0.0000, 1245.3614, 984.7728, 0.0000, 96, 78, 54
L 1237.3564, 988.5571, 0.0000, 1244.8077, 988.5571, 0.0000, 96, 78, 54
L 1236.6217, 992.3415, 0.0000, 1244.2540, 992.3415, 0.0000, 96, 78, 54
L 1235.9623, 996.1259, 0.0000, 1243.7756, 996.1259, 0.0000, 96, 78, 54
L 1235.3111, 999.9102, 0.0000, 1243.3054, 999.9102, 0.0000, 96, 78, 54
L 1234.8755, 1003.6946, 0.0000, 1243.0508, 1003.6946, 0.0000, 96, 78, 54
L 1234.9312, 1007.4790, 0.0000, 1243.2875, 1007.4790, 0.0000, 96, 78, 54
L 1234.9868, 1011.2634, 0.0000, 1243.5241, 1011.2634, 0.0000, 96, 78, 54
L 1234.7191, 1015.0477, 0.0000, 1243.4374, 1015.0477, 0.0000, 96, 78, 54
L 1234.3180, 1018.8321, 0.0000, 1243.2172, 1018.8321, 0.0000, 96, 78, 54
L 1233.9443, 1022.6165, 0.0000, 1243.0246, 1022.6165, 0.0000, 96, 78, 54
L 1233.7929, 1026.4009, 0.0000, 1243.0542, 1026.4009, 0.0000, 96, 78, 54
L 1233.6415, 1030.1852, 0.0000, 1243.0838, 1030.1852, 0.0000, 96, 78, 54
L 1233.4359, 1033.9696, 0.0000, 1243.0592, 1033.9696, 0.0000, 96, 78, 54
L 1233.1789, 1037.7540, 0.0000, 1242.9831, 1037.7540, 0.0000, 96, 78, 54
L 1232.9218, 1041.5384, 0.0000, 1242.9070, 1041.5384, 0.0000, 96, 78, 54
L 1232.7645, 1045.3227, 0.0000, 1242.9307, 1045.3227, 0.0000, 96, 78, 54
L 1232.6164, 1049.1071, 0.0000, 1242.9636, 1049.1071, 0.0000, 96, 78, 54
L 1232.5154, 1051.6874, 0.0000, 1232.9001, 1041.8578, 0.0000, 70, 56, 38
L 1242.9860, 1051.6874, 0.0000, 1242.9006, 1041.8578, 0.0000, 96, 78, 54
L 1232.9001, 1041.8578, 0.0000, 1233.5678, 1032.0283, 0.0000, 70, 56, 38
L 1242.9006, 1041.8578, 0.0000, 1243.0982, 1032.0283, 0.0000, 96, 78, 54
L 1233.5678, 1032.0283, 0.0000, 1233.9611, 1022.1987, 0.0000, 70, 56, 38
L 1243.0982, 1032.0283, 0.0000, 1243.0213, 1022.1987, 0.0000, 96, 78, 54
L 1233.9611, 1022.1987, 0.0000, 1235.0031, 1012.3692, 0.0000, 70, 56, 38
L 1243.0213, 1022.1987, 0.0000, 1243.5933, 1012.3692, 0.0000, 96, 78, 54
L 1235.0031, 1012.3692, 0.0000, 1234.8586, 1002.5397, 0.0000, 70, 56, 38
L 1243.5933, 1012.3692, 0.0000, 1242.9786, 1002.5397, 0.0000, 96, 78, 54
L 1234.8586, 1002.5397, 0.0000, 1236.5501, 992.7101, 0.0000, 70, 56, 38
L 1242.9786, 1002.5397, 0.0000, 1244.2001, 992.7101, 0.0000, 96, 78, 54
L 1236.5501, 992.7101, 0.0000, 1238.4585, 982.8806, 0.0000, 70, 56, 38
L 1244.2001, 992.7101, 0.0000, 1245.6383, 982.8806, 0.0000, 96, 78, 54
L 1232.9001, 1041.8578, 0.0000, 1237.4003, 1043.2340, 0.0000, 70, 56, 38
L 1233.9611, 1022.1987, 0.0000, 1238.0382, 1023.5749, 0.0000, 70, 56, 38
L 1234.8586, 1002.5397, 0.0000, 1238.5126, 1003.9158, 0.0000, 70, 56, 38
L 1232.9223, 1040.2196, 0.0000, 1242.1962, 1040.2196, 0.0000, 70, 56, 38
L 1233.2593, 1028.7518, 0.0000, 1242.5333, 1028.7518, 0.0000, 70, 56, 38
L 1233.8210, 1017.2840, 0.0000, 1243.0950, 1017.2840, 0.0000, 70, 56, 38
L 1234.6074, 1005.8162, 0.0000, 1243.8814, 1005.8162, 0.0000, 70, 56, 38
L 1235.6185, 994.3484, 0.0000, 1244.8925, 994.3484, 0.0000, 70, 56, 38
L 1215.8172, 972.3082, 0.0000, 1236.7173, 972.3082, 0.0000, 68, 112, 56
L 1207.9564, 975.2998, 0.0000, 1241.4913, 975.2998, 0.0000, 68, 112, 56
L 1202.5832, 978.2914, 0.0000, 1241.4913, 978.2914, 0.0000, 68, 112, 56
L 1198.3778, 981.2830, 0.0000, 1205.0942, 981.2830, 0.0000, 68, 112, 56
L 1219.8214, 981.2830, 0.0000, 1241.4913, 981.2830, 0.0000, 68, 112, 56
L 1228.9014, 984.2746, 0.0000, 1241.4913, 984.2746, 0.0000, 68, 112, 56
L 1234.6926, 987.2662, 0.0000, 1241.4913, 987.2662, 0.0000, 68, 112, 56
L 1239.2244, 990.2578, 0.0000, 1241.4913, 990.2578, 0.0000, 68, 112, 56
L 1241.4913, 982.8806, 0.0000, 1236.1021, 980.0800, 0.0000, 68, 112, 56
L 1236.1021, 980.0800, 0.0000, 1230.7129, 978.0517, 0.0000, 68, 112, 56
L 1230.7129, 978.0517, 0.0000, 1225.3237, 976.7956, 0.0000, 68, 112, 56
L 1225.3237, 976.7956, 0.0000, 1219.9345, 976.3119, 0.0000, 68, 112, 56
L 1219.9345, 976.3119, 0.0000, 1214.5454, 976.6005, 0.0000, 68, 112, 56
L 1214.5454, 976.6005, 0.0000, 1209.1562, 977.6613, 0.0000, 68, 112, 56
L 1209.1562, 977.6613, 0.0000, 1203.7670, 979.4945, 0.0000, 68, 112, 56
L 1203.7670, 979.4945, 0.0000, 1198.3778, 982.1000, 0.0000, 68, 112, 56
L 1219.2732, 966.3241, 0.0000, 1231.7964, 966.3241, 0.0000, 96, 140, 84
L 1214.4740, 969.3157, 0.0000, 1236.6544, 969.3157, 0.0000, 96, 140, 84
L 1211.1904, 972.3073, 0.0000, 1239.9046, 972.3073, 0.0000, 96, 140, 84
L 1226.9714, 975.2989, 0.0000, 1241.4913, 975.2989, 0.0000, 96, 140, 84
L 1230.8785, 978.2905, 0.0000, 1241.4913, 978.2905, 0.0000, 96, 140, 84
L 1233.9119, 981.2821, 0.0000, 1241.4913, 981.2821, 0.0000, 96, 140, 84
L 1236.2911, 984.2737, 0.0000, 1241.4913, 984.2737, 0.0000, 96, 140, 84
L 1238.4941, 987.2653, 0.0000, 1241.4913, 987.2653, 0.0000, 96, 140, 84
L 1240.4475, 990.2569, 0.0000, 1241.4913, 990.2569, 0.0000, 96, 140, 84
L 1241.4913, 982.8806, 0.0000, 1237.6856, 978.0494, 0.0000, 68, 112, 56
L 1237.6856, 978.0494, 0.0000, 1233.8799, 974.2614, 0.0000, 68, 112, 56
L 1233.8799, 974.2614, 0.0000, 1230.0742, 971.5163, 0.0000, 68, 112, 56
L 1230.0742, 971.5163, 0.0000, 1226.2684, 969.8143, 0.0000, 68, 112, 56
L 1226.2684, 969.8143, 0.0000, 1222.4627, 969.1553, 0.0000, 68, 112, 56
L 1222.4627, 969.1553, 0.0000, 1218.6570, 969.5393, 0.0000, 68, 112, 56
L 1218.6570, 969.5393, 0.0000, 1214.8513, 970.9663, 0.0000, 68, 112, 56
L 1214.8513, 970.9663, 0.0000, 1211.0456, 973.4364, 0.0000, 68, 112, 56
L 1232.9571, 962.4708, 0.0000, 1237.2900, 962.4708, 0.0000, 68, 112, 56
L 1231.3736, 965.4624, 0.0000, 1238.8640, 965.4624, 0.0000, 68, 112, 56
L 1230.5249, 968.4540, 0.0000, 1231.6068, 968.4540, 0.0000, 68, 112, 56
L 1233.9499, 968.4540, 0.0000, 1239.9484, 968.4540, 0.0000, 68, 112, 56
L 1236.1309, 971.4456, 0.0000, 1240.8137, 971.4456, 0.0000, 68, 112, 56
L 1237.3424, 974.4372, 0.0000, 1241.4913, 974.4372, 0.0000, 68, 112, 56
L 1238.2472, 977.4288, 0.0000, 1241.4913, 977.4288, 0.0000, 68, 112, 56
L 1239.0612, 980.4204, 0.0000, 1241.4913, 980.4204, 0.0000, 68, 112, 56
L 1239.7712, 983.4120, 0.0000, 1241.4913, 983.4120, 0.0000, 68, 112, 56
L 1240.4193, 986.4036, 0.0000, 1241.4913, 986.4036, 0.0000, 68, 112, 56
L 1241.4913, 982.8806, 0.0000, 1240.1205, 976.9063, 0.0000, 68, 112, 56
L 1240.1205, 976.9063, 0.0000, 1238.7497, 972.1275, 0.0000, 68, 112, 56
L 1238.7497, 972.1275, 0.0000, 1237.3789, 968.5442, 0.0000, 68, 112, 56
L 1237.3789, 968.5442, 0.0000, 1236.0081, 966.1562, 0.0000, 68, 112, 56
L 1236.0081, 966.1562, 0.0000, 1234.6373, 964.9638, 0.0000, 68, 112, 56
L 1234.6373, 964.9638, 0.0000, 1233.2665, 964.9668, 0.0000, 68, 112, 56
L 1233.2665, 964.9668, 0.0000, 1231.8957, 966.1652, 0.0000, 68, 112, 56
L 1231.8957, 966.1652, 0.0000, 1230.5249, 968.5591, 0.0000, 68, 112, 56
L 1245.6926, 962.4708, 0.0000, 1250.0256, 962.4708, 0.0000, 96, 140, 84
L 1244.1186, 965.4624, 0.0000, 1251.6090, 965.4624, 0.0000, 96, 140, 84
L 1243.0342, 968.4540, 0.0000, 1249.0328, 968.4540, 0.0000, 96, 140, 84
L 1251.3759, 968.4540, 0.0000, 1252.4577, 968.4540, 0.0000, 96, 140, 84
L 1242.1689, 971.4456, 0.0000, 1246.8517, 971.4456, 0.0000, 96, 140, 84
L 1241.4913, 974.4372, 0.0000, 1245.6402, 974.4372, 0.0000, 96, 140, 84
L 1241.4913, 977.4288, 0.0000, 1244.7354, 977.4288, 0.0000, 96, 140, 84
L 1241.4913, 980.4204, 0.0000, 1243.9214, 980.4204, 0.0000, 96, 140, 84
L 1241.4913, 983.4120, 0.0000, 1243.2114, 983.4120, 0.0000, 96, 140, 84
L 1241.4913, 986.4036, 0.0000, 1242.5633, 986.4036, 0.0000, 96, 140, 84
L 1241.4913, 982.8806, 0.0000, 1242.8621, 976.9063, 0.0000, 68, 112, 56
L 1242.8621, 976.9063, 0.0000, 1244.2329, 972.1275, 0.0000, 68, 112, 56
L 1244.2329, 972.1275, 0.0000, 1245.6037, 968.5442, 0.0000, 68, 112, 56
L 1245.6037, 968.5442, 0.0000, 1246.9745, 966.1562, 0.0000, 68, 112, 56
L 1246.9745, 966.1562, 0.0000, 1248.3453, 964.9638, 0.0000, 68, 112, 56
L 1248.3453, 964.9638, 0.0000, 1249.7161, 964.9668, 0.0000, 68, 112, 56
L 1249.7161, 964.9668, 0.0000, 1251.0869, 966.1652, 0.0000, 68, 112, 56
L 1251.0869, 966.1652, 0.0000, 1252.4577, 968.5591, 0.0000, 68, 112, 56
L 1251.1862, 966.3241, 0.0000, 1263.7095, 966.3241, 0.0000, 68, 112, 56
L 1246.3282, 969.3157, 0.0000, 1268.5086, 969.3157, 0.0000, 68, 112, 56
L 1243.0781, 972.3073, 0.0000, 1271.7922, 972.3073, 0.0000, 68, 112, 56
L 1241.4913, 975.2989, 0.0000, 1256.0112, 975.2989, 0.0000, 68, 112, 56
L 1241.4913, 978.2905, 0.0000, 1252.1041, 978.2905, 0.0000, 68, 112, 56
L 1241.4913, 981.2821, 0.0000, 1249.0707, 981.2821, 0.0000, 68, 112, 56
L 1241.4913, 984.2737, 0.0000, 1246.6915, 984.2737, 0.0000, 68, 112, 56
L 1241.4913, 987.2653, 0.0000, 1244.4885, 987.2653, 0.0000, 68, 112, 56
L 1241.4913, 990.2569, 0.0000, 1242.5351, 990.2569, 0.0000, 68, 112, 56
L 1241.4913, 982.8806, 0.0000, 1245.2970, 978.0494, 0.0000, 68, 112, 56
L 1245.2970, 978.0494, 0.0000, 1249.1028, 974.2614, 0.0000, 68, 112, 56
L 1249.1028, 974.2614, 0.0000, 1252.9085, 971.5163, 0.0000, 68, 112, 56
L 1252.9085, 971.5163, 0.0000, 1256.7142, 969.8143, 0.0000, 68, 112, 56
L 1256.7142, 969.8143, 0.0000, 1260.5199, 969.1553, 0.0000, 68, 112, 56
L 1260.5199, 969.1553, 0.0000, 1264.3256, 969.5393, 0.0000, 68, 112, 56
L 1264.3256, 969.5393, 0.0000, 1268.1313, 970.9663, 0.0000, 68, 112, 56
L 1268.1313, 970.9663, 0.0000, 1271.9371, 973.4364, 0.0000, 68, 112, 56
L 1246.2653, 972.3082, 0.0000, 1267.1654, 972.3082, 0.0000, 96, 140, 84
L 1241.4913, 975.2998, 0.0000, 1275.0262, 975.2998, 0.0000, 96, 140, 84
L 1241.4913, 978.2914, 0.0000, 1280.3994, 978.2914, 0.0000, 96, 140, 84
L 1241.4913, 981.2830, 0.0000, 1263.1612, 981.2830, 0.0000, 96, 140, 84
L 1277.8885, 981.2830, 0.0000, 1284.6049, 981.2830, 0.0000, 96, 140, 84
L 1241.4913, 984.2746, 0.0000, 1254.0813, 984.2746, 0.0000, 96, 140, 84
L 1241.4913, 987.2662, 0.0000, 1248.2901, 987.2662, 0.0000, 96, 140, 84
L 1241.4913, 990.2578, 0.0000, 1243.7583, 990.2578, 0.0000, 96, 140, 84
L 1241.4913, 982.8806, 0.0000, 1246.8805, 980.0800, 0.0000, 68, 112, 56
L 1246.8805, 980.0800, 0.0000, 1252.2697, 978.0517, 0.0000, 68, 112, 56
L 1252.2697, 978.0517, 0.0000, 1257.6589, 976.7956, 0.0000, 68, 112, 56
L 1257.6589, 976.7956, 0.0000, 1263.0481, 976.3119, 0.0000, 68, 112, 56
L 1263.0481, 976.3119, 0.0000, 1268.4373, 976.6005, 0.0000, 68, 112, 56
L 1268.4373, 976.6005, 0.0000, 1273.8265, 977.6613, 0.0000, 68, 112, 56
L 1273.8265, 977.6613, 0.0000, 1279.2157, 979.4945, 0.0000, 68, 112, 56
L 1279.2157, 979.4945, 0.0000, 1284.6049, 982.1000, 0.0000, 68, 112, 56
L 1244.3623, 985.8892, 0.0000, 1248.6285, 985.8892, 0.0000, 96, 78, 54
L 1244.5430, 988.1329, 0.0000, 1249.7281, 988.1329, 0.0000, 96, 78, 54
L 1249.7211, 987.3680, 0.0000, 1249.7312, 988.4815, 0.0000, 96, 78, 54
L 1249.7312, 988.4815, 0.0000, 1248.4564, 988.9157, 0.0000, 96, 78, 54
L 1248.4564, 988.9157, 0.0000, 1247.8021, 989.6911, 0.0000, 96, 78, 54
L 1247.8021, 989.6911, 0.0000, 1246.7266, 989.6788, 0.0000, 96, 78, 54
L 1246.7266, 989.6788, 0.0000, 1245.6219, 989.7543, 0.0000, 96, 78, 54
L 1245.6219, 989.7543, 0.0000, 1244.6635, 989.2139, 0.0000, 96, 78, 54
L 1244.6635, 989.2139, 0.0000, 1244.5612, 988.1705, 0.0000, 96, 78, 54
L 1244.5612, 988.1705, 0.0000, 1244.1744, 987.3680, 0.0000, 96, 78, 54
L 1244.1744, 987.3680, 0.0000, 1244.3094, 986.4721, 0.0000, 96, 78, 54
L 1244.3094, 986.4721, 0.0000, 1244.4158, 985.3004, 0.0000, 96, 78, 54
L 1244.4158, 985.3004, 0.0000, 1245.5350, 984.7939, 0.0000, 96, 78, 54
L 1245.5350, 984.7939, 0.0000, 1246.7266, 985.1367, 0.0000, 96, 78, 54
L 1246.7266, 985.1367, 0.0000, 1247.9306, 984.7674, 0.0000, 96, 78, 54
L 1247.9306, 984.7674, 0.0000, 1248.4749, 985.8037, 0.0000, 96, 78, 54
L 1248.4749, 985.8037, 0.0000, 1249.4633, 986.3537, 0.0000, 96, 78, 54
L 1249.4633, 986.3537, 0.0000, 1249.7211, 987.3680, 0.0000, 96, 78, 54
L 1244.6585, 989.1629, 0.0000, 1248.2478, 989.1629, 0.0000, 70, 56, 38
L 1236.6853, 988.1341, 0.0000, 1241.4020, 988.1341, 0.0000, 96, 78, 54
L 1235.9731, 990.3778, 0.0000, 1241.1735, 990.3778, 0.0000, 96, 78, 54
L 1241.3338, 989.9588, 0.0000, 1241.0284, 990.7573, 0.0000, 96, 78, 54
L 1241.0284, 990.7573, 0.0000, 1241.1520, 991.9973, 0.0000, 96, 78, 54
L 1241.1520, 991.9973, 0.0000, 1239.8475, 992.0623, 0.0000, 96, 78, 54
L 1239.8475, 992.0623, 0.0000, 1238.8737, 992.2412, 0.0000, 96, 78, 54
L 1238.8737, 992.2412, 0.0000, 1237.5972, 992.7161, 0.0000, 96, 78, 54
L 1237.5972, 992.7161, 0.0000, 1236.5946, 991.9979, 0.0000, 96, 78, 54
L 1236.5946, 991.9979, 0.0000, 1236.4471, 990.8581, 0.0000, 96, 78, 54
L 1236.4471, 990.8581, 0.0000, 1235.5595, 989.9588, 0.0000, 96, 78, 54
L 1235.5595, 989.9588, 0.0000, 1236.2109, 988.9719, 0.0000, 96, 78, 54
L 1236.2109, 988.9719, 0.0000, 1236.7354, 988.0456, 0.0000, 96, 78, 54
L 1236.7354, 988.0456, 0.0000, 1237.9017, 987.8592, 0.0000, 96, 78, 54
L 1237.9017, 987.8592, 0.0000, 1238.8737, 987.0122, 0.0000, 96, 78, 54
L 1238.8737, 987.0122, 0.0000, 1240.0359, 987.4482, 0.0000, 96, 78, 54
L 1240.0359, 987.4482, 0.0000, 1241.2208, 987.8587, 0.0000, 96, 78, 54
L 1241.2208, 987.8587, 0.0000, 1241.8715, 988.8477, 0.0000, 96, 78, 54
L 1241.8715, 988.8477, 0.0000, 1241.3338, 989.9588, 0.0000, 96, 78, 54
L 1236.5630, 991.7537, 0.0000, 1241.1277, 991.7537, 0.0000, 70, 56, 38
L 1236.8605, 983.2803, 0.0000, 1241.1908, 983.2803, 0.0000, 96, 78, 54
L 1236.6606, 985.5240, 0.0000, 1241.3954, 985.5240, 0.0000, 96, 78, 54
L 1241.5098, 984.7772, 0.0000, 1241.3681, 985.7016, 0.0000, 96, 78, 54
L 1241.3681, 985.7016, 0.0000, 1240.6416, 986.3590, 0.0000, 96, 78, 54
L 1240.6416, 986.3590, 0.0000, 1239.8225, 986.8268, 0.0000, 96, 78, 54
L 1239.8225, 986.8268, 0.0000, 1238.8737, 986.9219, 0.0000, 96, 78, 54
L 1238.8737, 986.9219, 0.0000, 1237.8638, 986.9585, 0.0000, 96, 78, 54
L 1237.8638, 986.9585, 0.0000, 1236.7895, 986.6420, 0.0000, 96, 78, 54
L 1236.7895, 986.6420, 0.0000, 1236.7174, 985.5763, 0.0000, 96, 78, 54
L 1236.7174, 985.5763, 0.0000, 1235.8496, 984.7772, 0.0000, 96, 78, 54
L 1235.8496, 984.7772, 0.0000, 1236.4012, 983.8608, 0.0000, 96, 78, 54
L 1236.4012, 983.8608, 0.0000, 1237.0015, 983.1021, 0.0000, 96, 78, 54
L 1237.0015, 983.1021, 0.0000, 1237.6614, 982.1585, 0.0000, 96, 78, 54
L 1237.6614, 982.1585, 0.0000, 1238.8737, 982.2519, 0.0000, 96, 78, 54
L 1238.8737, 982.2519, 0.0000, 1239.8891, 982.5837, 0.0000, 96, 78, 54
L 1239.8891, 982.5837, 0.0000, 1240.8697, 982.9913, 0.0000, 96, 78, 54
L 1240.8697, 982.9913, 0.0000, 1241.6928, 983.7324, 0.0000, 96, 78, 54
L 1241.6928, 983.7324, 0.0000, 1241.5098, 984.7772, 0.0000, 96, 78, 54
L 1236.7847, 986.5721, 0.0000, 1240.2685, 986.5721, 0.0000, 70, 56, 38
L 1619.0539, 1062.6566, 0.0000, 1645.1058, 1062.6566, 0.0000, 86, 38, 32
L 1618.9305, 1064.3019, 0.0000, 1645.1880, 1064.3019, 0.0000, 86, 38, 32
L 1618.8071, 1065.9473, 0.0000, 1645.2703, 1065.9473, 0.0000, 86, 38, 32
L 1618.6837, 1067.5927, 0.0000, 1645.3526, 1067.5927, 0.0000, 86, 38, 32
L 1618.5603, 1069.2381, 0.0000, 1645.4348, 1069.2381, 0.0000, 86, 38, 32
L 1618.4369, 1070.8835, 0.0000, 1645.5171, 1070.8835, 0.0000, 86, 38, 32
L 1618.3135, 1072.5288, 0.0000, 1645.5994, 1072.5288, 0.0000, 86, 38, 32
L 1618.1901, 1074.1742, 0.0000, 1645.6817, 1074.1742, 0.0000, 86, 38, 32
L 1618.0667, 1075.8196, 0.0000, 1645.7639, 1075.8196, 0.0000, 86, 38, 32
L 1617.9433, 1077.4650, 0.0000, 1645.8462, 1077.4650, 0.0000, 86, 38, 32
L 1617.8199, 1079.1104, 0.0000, 1645.9285, 1079.1104, 0.0000, 86, 38, 32
L 1617.6965, 1080.7557, 0.0000, 1646.0107, 1080.7557, 0.0000, 86, 38, 32
L 1617.5731, 1082.4011, 0.0000, 1646.0930, 1082.4011, 0.0000, 86, 38, 32
L 1617.4497, 1084.0465, 0.0000, 1646.1753, 1084.0465, 0.0000, 86, 38, 32
L 1617.3263, 1085.6919, 0.0000, 1646.2575, 1085.6919, 0.0000, 86, 38, 32
L 1617.2029, 1087.3373, 0.0000, 1646.3398, 1087.3373, 0.0000, 86, 38, 32
L 1617.0795, 1088.9826, 0.0000, 1646.4221, 1088.9826, 0.0000, 86, 38, 32
L 1617.0383, 1090.6280, 0.0000, 1646.4495, 1090.6280, 0.0000, 86, 38, 32
L 1617.1617, 1092.2734, 0.0000, 1646.3672, 1092.2734, 0.0000, 86, 38, 32
L 1617.2851, 1093.9188, 0.0000, 1631.8056, 1093.9188, 0.0000, 86, 38, 32
L 1639.5907, 1093.9188, 0.0000, 1646.2850, 1093.9188, 0.0000, 86, 38, 32
L 1617.4085, 1095.5641, 0.0000, 1631.3943, 1095.5641, 0.0000, 86, 38, 32
L 1639.5450, 1095.5641, 0.0000, 1646.2027, 1095.5641, 0.0000, 86, 38, 32
L 1617.5319, 1097.2095, 0.0000, 1630.9829, 1097.2095, 0.0000, 86, 38, 32
L 1639.4993, 1097.2095, 0.0000, 1646.1204, 1097.2095, 0.0000, 86, 38, 32
L 1617.6554, 1098.8549, 0.0000, 1630.5716, 1098.8549, 0.0000, 86, 38, 32
L 1639.4536, 1098.8549, 0.0000, 1646.0382, 1098.8549, 0.0000, 86, 38, 32
L 1617.7788, 1100.5003, 0.0000, 1630.1602, 1100.5003, 0.0000, 86, 38, 32
L 1639.4079, 1100.5003, 0.0000, 1645.9559, 1100.5003, 0.0000, 86, 38, 32
L 1617.9022, 1102.1457, 0.0000, 1629.7489, 1102.1457, 0.0000, 86, 38, 32
L 1639.3622, 1102.1457, 0.0000, 1645.8736, 1102.1457, 0.0000, 86, 38, 32
L 1618.0256, 1103.7910, 0.0000, 1629.3375, 1103.7910, 0.0000, 86, 38, 32
L 1639.3165, 1103.7910, 0.0000, 1645.7913, 1103.7910, 0.0000, 86, 38, 32
L 1618.1490, 1105.4364, 0.0000, 1628.9262, 1105.4364, 0.0000, 86, 38, 32
L 1639.2708, 1105.4364, 0.0000, 1645.7091, 1105.4364, 0.0000, 86, 38, 32
L 1618.2724, 1107.0818, 0.0000, 1628.5149, 1107.0818, 0.0000, 86, 38, 32
L 1639.2251, 1107.0818, 0.0000, 1645.6268, 1107.0818, 0.0000, 86, 38, 32
L 1618.3958, 1108.7272, 0.0000, 1628.1035, 1108.7272, 0.0000, 86, 38, 32
L 1639.1794, 1108.7272, 0.0000, 1645.5445, 1108.7272, 0.0000, 86, 38, 32
L 1618.5192, 1110.3726, 0.0000, 1627.6922, 1110.3726, 0.0000, 86, 38, 32
L 1639.1337, 1110.3726, 0.0000, 1645.4623, 1110.3726, 0.0000, 86, 38, 32
L 1618.6426, 1112.0179, 0.0000, 1627.2808, 1112.0179, 0.0000, 86, 38, 32
L 1639.0879, 1112.0179, 0.0000, 1645.3800, 1112.0179, 0.0000, 86, 38, 32
L 1618.7660, 1113.6633, 0.0000, 1626.8695, 1113.6633, 0.0000, 86, 38, 32
L 1639.0422, 1113.6633, 0.0000, 1645.2977, 1113.6633, 0.0000, 86, 38, 32
L 1618.8894, 1115.3087, 0.0000, 1626.4581, 1115.3087, 0.0000, 86, 38, 32
L 1638.9965, 1115.3087, 0.0000, 1645.2155, 1115.3087, 0.0000, 86, 38, 32
L 1619.0128, 1116.9541, 0.0000, 1626.0468, 1116.9541, 0.0000, 86, 38, 32
L 1638.9508, 1116.9541, 0.0000, 1645.1332, 1116.9541, 0.0000, 86, 38, 32
L 1619.0539, 1117.5025, 0.0000, 1616.9972, 1090.0796, 0.0000, 86, 38, 32
L 1616.9972, 1090.0796, 0.0000, 1619.0539, 1062.6566, 0.0000, 86, 38, 32
L 1645.1058, 1062.6566, 0.0000, 1646.4769, 1090.0796, 0.0000, 86, 38, 32
L 1646.4769, 1090.0796, 0.0000, 1645.1058, 1117.5025, 0.0000, 86, 38, 32
L 1645.1058, 1117.5025, 0.0000, 1638.9356, 1117.5025, 0.0000, 86, 38, 32
L 1638.9356, 1117.5025, 0.0000, 1639.6212, 1092.8219, 0.0000, 86, 38, 32
L 1639.6212, 1092.8219, 0.0000, 1632.0798, 1092.8219, 0.0000, 86, 38, 32
L 1632.0798, 1092.8219, 0.0000, 1625.9097, 1117.5025, 0.0000, 86, 38, 32
L 1625.9097, 1117.5025, 0.0000, 1619.0539, 1117.5025, 0.0000, 86, 38, 32
L 1623.8530, 1014.9405, 0.0000, 1639.8758, 1014.9405, 0.0000, 128, 54, 44
L 1621.7962, 1016.5859, 0.0000, 1641.4037, 1016.5859, 0.0000, 128, 54, 44
L 1619.7395, 1018.2313, 0.0000, 1642.9315, 1018.2313, 0.0000, 128, 54, 44
L 1617.6828, 1019.8767, 0.0000, 1644.4594, 1019.8767, 0.0000, 128, 54, 44
L 1615.6261, 1021.5221, 0.0000, 1645.9872, 1021.5221, 0.0000, 128, 54, 44
L 1615.4204, 1023.1674, 0.0000, 1647.5151, 1023.1674, 0.0000, 128, 54, 44
L 1615.2147, 1024.8128, 0.0000, 1648.5885, 1024.8128, 0.0000, 128, 54, 44
L 1615.0090, 1026.4582, 0.0000, 1648.7530, 1026.4582, 0.0000, 128, 54, 44
L 1614.8034, 1028.1036, 0.0000, 1648.9176, 1028.1036, 0.0000, 128, 54, 44
L 1614.5977, 1029.7490, 0.0000, 1649.0821, 1029.7490, 0.0000, 128, 54, 44
L 1614.3920, 1031.3943, 0.0000, 1649.2466, 1031.3943, 0.0000, 128, 54, 44
L 1614.1863, 1033.0397, 0.0000, 1649.4112, 1033.0397, 0.0000, 128, 54, 44
L 1613.9807, 1034.6851, 0.0000, 1649.5757, 1034.6851, 0.0000, 128, 54, 44
L 1613.7750, 1036.3305, 0.0000, 1649.7403, 1036.3305, 0.0000, 128, 54, 44
L 1613.5693, 1037.9759, 0.0000, 1649.9048, 1037.9759, 0.0000, 128, 54, 44
L 1613.3637, 1039.6212, 0.0000, 1650.0693, 1039.6212, 0.0000, 128, 54, 44
L 1613.1580, 1041.2666, 0.0000, 1650.2339, 1041.2666, 0.0000, 128, 54, 44
L 1612.9523, 1042.9120, 0.0000, 1650.3984, 1042.9120, 0.0000, 128, 54, 44
L 1612.9866, 1044.5574, 0.0000, 1650.5629, 1044.5574, 0.0000, 128, 54, 44
L 1613.1408, 1046.2028, 0.0000, 1650.4076, 1046.2028, 0.0000, 128, 54, 44
L 1613.2951, 1047.8481, 0.0000, 1650.1882, 1047.8481, 0.0000, 128, 54, 44
L 1613.4494, 1049.4935, 0.0000, 1649.9688, 1049.4935, 0.0000, 128, 54, 44
L 1613.6036, 1051.1389, 0.0000, 1649.7494, 1051.1389, 0.0000, 128, 54, 44
L 1613.7579, 1052.7843, 0.0000, 1649.5300, 1052.7843, 0.0000, 128, 54, 44
L 1613.9121, 1054.4297, 0.0000, 1649.3106, 1054.4297, 0.0000, 128, 54, 44
L 1614.0664, 1056.0750, 0.0000, 1649.0912, 1056.0750, 0.0000, 128, 54, 44
L 1614.2206, 1057.7204, 0.0000, 1648.8719, 1057.7204, 0.0000, 128, 54, 44
L 1614.3749, 1059.3658, 0.0000, 1648.6525, 1059.3658, 0.0000, 128, 54, 44
L 1614.5291, 1061.0112, 0.0000, 1648.4331, 1061.0112, 0.0000, 128, 54, 44
L 1614.6834, 1062.6566, 0.0000, 1648.2137, 1062.6566, 0.0000, 128, 54, 44
L 1614.8376, 1064.3019, 0.0000, 1647.9943, 1064.3019, 0.0000, 128, 54, 44
L 1614.9405, 1065.3989, 0.0000, 1612.8838, 1043.4605, 0.0000, 86, 38, 32
L 1612.8838, 1043.4605, 0.0000, 1615.6261, 1021.5221, 0.0000, 86, 38, 32
L 1615.6261, 1021.5221, 0.0000, 1625.9097, 1013.2952, 0.0000, 86, 38, 32
L 1625.9097, 1013.2952, 0.0000, 1639.6212, 1014.6663, 0.0000, 86, 38, 32
L 1639.6212, 1014.6663, 0.0000, 1648.5336, 1024.2644, 0.0000, 86, 38, 32
L 1648.5336, 1024.2644, 0.0000, 1650.5904, 1044.8316, 0.0000, 86, 38, 32
L 1650.5904, 1044.8316, 0.0000, 1647.8481, 1065.3989, 0.0000, 86, 38, 32
L 1647.8481, 1065.3989, 0.0000, 1614.9405, 1065.3989, 0.0000, 86, 38, 32
L 1614.9405, 1035.2336, 0.0000, 1649.2192, 1033.8624, 0.0000, 168, 138, 70
L 1621.6420, 997.8012, 0.0000, 1632.8568, 997.8012, 0.0000, 128, 128, 138
L 1620.2023, 999.4466, 0.0000, 1634.3194, 999.4466, 0.0000, 128, 128, 138
L 1618.7626, 1001.0919, 0.0000, 1635.7820, 1001.0919, 0.0000, 128, 128, 138
L 1617.8656, 1002.7373, 0.0000, 1636.8446, 1002.7373, 0.0000, 128, 128, 138
L 1618.5969, 1004.3827, 0.0000, 1636.7075, 1004.3827, 0.0000, 128, 128, 138
L 1619.3282, 1006.0281, 0.0000, 1636.5704, 1006.0281, 0.0000, 128, 128, 138
L 1620.0594, 1007.6734, 0.0000, 1636.4332, 1007.6734, 0.0000, 128, 128, 138
L 1622.7286, 1009.3188, 0.0000, 1636.2961, 1009.3188, 0.0000, 128, 128, 138
L 1627.3357, 1010.9642, 0.0000, 1634.3422, 1010.9642, 0.0000, 128, 128, 138
L 1630.0231, 1011.9240, 0.0000, 1620.4251, 1008.4961, 0.0000, 86, 38, 32
L 1620.4251, 1008.4961, 0.0000, 1617.6828, 1002.3260, 0.0000, 86, 38, 32
L 1617.6828, 1002.3260, 0.0000, 1622.4818, 996.8414, 0.0000, 86, 38, 32
L 1622.4818, 996.8414, 0.0000, 1631.3943, 996.1558, 0.0000, 86, 38, 32
L 1631.3943, 996.1558, 0.0000, 1636.8789, 1002.3260, 0.0000, 86, 38, 32
L 1636.8789, 1002.3260, 0.0000, 1636.1933, 1010.5529, 0.0000, 86, 38, 32
L 1636.1933, 1010.5529, 0.0000, 1630.0231, 1011.9240, 0.0000, 86, 38, 32
L 1629.4248, 990.2598, 0.0000, 1631.1200, 990.2598, 0.0000, 128, 54, 44
L 1628.8265, 991.9052, 0.0000, 1632.2170, 991.9052, 0.0000, 128, 54, 44
L 1628.2282, 993.5506, 0.0000, 1633.3139, 993.5506, 0.0000, 128, 54, 44
L 1627.6298, 995.1960, 0.0000, 1634.4108, 995.1960, 0.0000, 128, 54, 44
L 1627.2808, 996.1558, 0.0000, 1630.0231, 988.6145, 0.0000, 128, 54, 44
L 1630.0231, 988.6145, 0.0000, 1635.5077, 996.8414, 0.0000, 128, 54, 44
L 1635.5077, 996.8414, 0.0000, 1627.2808, 996.1558, 0.0000, 128, 54, 44
L 1608.3590, 1028.6520, 0.0000, 1615.0776, 1028.6520, 0.0000, 128, 128, 138
L 1603.8856, 1030.2974, 0.0000, 1615.2147, 1030.2974, 0.0000, 128, 128, 138
L 1603.6285, 1031.9428, 0.0000, 1615.3518, 1031.9428, 0.0000, 128, 128, 138
L 1603.3714, 1033.5882, 0.0000, 1615.4889, 1033.5882, 0.0000, 128, 128, 138
L 1603.1143, 1035.2336, 0.0000, 1615.6261, 1035.2336, 0.0000, 128, 128, 138
L 1602.8572, 1036.8789, 0.0000, 1615.7632, 1036.8789, 0.0000, 128, 128, 138
L 1602.6001, 1038.5243, 0.0000, 1615.9003, 1038.5243, 0.0000, 128, 128, 138
L 1602.3430, 1040.1697, 0.0000, 1616.0374, 1040.1697, 0.0000, 128, 128, 138
L 1602.0859, 1041.8151, 0.0000, 1616.1745, 1041.8151, 0.0000, 128, 128, 138
L 1601.8289, 1043.4605, 0.0000, 1616.3116, 1043.4605, 0.0000, 128, 128, 138
L 1601.5718, 1045.1058, 0.0000, 1616.4487, 1045.1058, 0.0000, 128, 128, 138
L 1601.3147, 1046.7512, 0.0000, 1616.5859, 1046.7512, 0.0000, 128, 128, 138
L 1601.0576, 1048.3966, 0.0000, 1616.7230, 1048.3966, 0.0000, 128, 128, 138
L 1600.8005, 1050.0420, 0.0000, 1616.8601, 1050.0420, 0.0000, 128, 128, 138
L 1600.5434, 1051.6874, 0.0000, 1616.9972, 1051.6874, 0.0000, 128, 128, 138
L 1601.1193, 1053.3327, 0.0000, 1616.5859, 1053.3327, 0.0000, 128, 128, 138
L 1601.6952, 1054.9781, 0.0000, 1616.1745, 1054.9781, 0.0000, 128, 128, 138
L 1602.2711, 1056.6235, 0.0000, 1615.7632, 1056.6235, 0.0000, 128, 128, 138
L 1602.8469, 1058.2689, 0.0000, 1615.3518, 1058.2689, 0.0000, 128, 128, 138
L 1603.4228, 1059.9143, 0.0000, 1614.9405, 1059.9143, 0.0000, 128, 128, 138
L 1603.9987, 1061.5596, 0.0000, 1614.5291, 1061.5596, 0.0000, 128, 128, 138
L 1604.5746, 1063.2050, 0.0000, 1614.1178, 1063.2050, 0.0000, 128, 128, 138
L 1605.1505, 1064.8504, 0.0000, 1613.7064, 1064.8504, 0.0000, 128, 128, 138
L 1605.7264, 1066.4958, 0.0000, 1613.2951, 1066.4958, 0.0000, 128, 128, 138
L 1606.3022, 1068.1412, 0.0000, 1612.8838, 1068.1412, 0.0000, 128, 128, 138
L 1606.8781, 1069.7865, 0.0000, 1612.4724, 1069.7865, 0.0000, 128, 128, 138
L 1607.4540, 1071.4319, 0.0000, 1612.0611, 1071.4319, 0.0000, 128, 128, 138
L 1608.0299, 1073.0773, 0.0000, 1611.6497, 1073.0773, 0.0000, 128, 128, 138
L 1608.6058, 1074.7227, 0.0000, 1611.2384, 1074.7227, 0.0000, 128, 128, 138
L 1609.1816, 1076.3681, 0.0000, 1610.8270, 1076.3681, 0.0000, 128, 128, 138
L 1609.7575, 1078.0134, 0.0000, 1610.4157, 1078.0134, 0.0000, 128, 128, 138
L 1603.9713, 1029.7490, 0.0000, 1614.9405, 1027.0067, 0.0000, 86, 38, 32
L 1614.9405, 1027.0067, 0.0000, 1616.9972, 1051.6874, 0.0000, 86, 38, 32
L 1616.9972, 1051.6874, 0.0000, 1610.1415, 1079.1104, 0.0000, 86, 38, 32
L 1610.1415, 1079.1104, 0.0000, 1600.5434, 1051.6874, 0.0000, 86, 38, 32
L 1600.5434, 1051.6874, 0.0000, 1603.9713, 1029.7490, 0.0000, 86, 38, 32
L 1609.4559, 1032.4913, 0.0000, 1608.7703, 1070.8835, 0.0000, 128, 54, 44
L 1646.4769, 1065.3989, 0.0000, 1643.0490, 977.6453, 0.0000, 116, 96, 66
L 1650.0419, 986.1464, 0.0000, 1654.6290, 986.1464, 0.0000, 160, 160, 170
L 1645.3800, 987.7918, 0.0000, 1654.5542, 987.7918, 0.0000, 160, 160, 170
L 1643.1176, 989.4372, 0.0000, 1654.4795, 989.4372, 0.0000, 160, 160, 170
L 1643.2547, 991.0825, 0.0000, 1654.4047, 991.0825, 0.0000, 160, 160, 170
L 1643.3918, 992.7279, 0.0000, 1654.3299, 992.7279, 0.0000, 160, 160, 170
L 1643.5289, 994.3733, 0.0000, 1654.2551, 994.3733, 0.0000, 160, 160, 170
L 1643.6661, 996.0187, 0.0000, 1654.1803, 996.0187, 0.0000, 160, 160, 170
L 1646.8197, 997.6641, 0.0000, 1654.1055, 997.6641, 0.0000, 160, 160, 170
L 1652.9899, 999.3094, 0.0000, 1654.0307, 999.3094, 0.0000, 160, 160, 170
L 1643.0490, 988.6145, 0.0000, 1654.7038, 984.5010, 0.0000, 110, 110, 120
L 1654.7038, 984.5010, 0.0000, 1654.0182, 999.5837, 0.0000, 110, 110, 120
L 1654.0182, 999.5837, 0.0000, 1643.7346, 996.8414, 0.0000, 110, 110, 120
L 1643.7346, 996.8414, 0.0000, 1643.0490, 988.6145, 0.0000, 110, 110, 120
L 1640.3067, 966.6761, 0.0000, 1645.7913, 966.6761, 0.0000, 160, 160, 170
L 1640.7181, 968.3215, 0.0000, 1645.3800, 968.3215, 0.0000, 160, 160, 170
L 1641.1294, 969.9668, 0.0000, 1644.9687, 969.9668, 0.0000, 160, 160, 170
L 1641.5408, 971.6122, 0.0000, 1644.5573, 971.6122, 0.0000, 160, 160, 170
L 1641.9521, 973.2576, 0.0000, 1644.1460, 973.2576, 0.0000, 160, 160, 170
L 1642.3635, 974.9030, 0.0000, 1643.7346, 974.9030, 0.0000, 160, 160, 170
L 1642.7748, 976.5483, 0.0000, 1643.3233, 976.5483, 0.0000, 160, 160, 170
L 1643.0490, 977.6453, 0.0000, 1640.3067, 966.6761, 0.0000, 160, 160, 170
L 1645.7913, 966.6761, 0.0000, 1643.0490, 977.6453, 0.0000, 160, 160, 170
L -1077.2911, -1504.4621, 0.0000, -1070.0208, -1504.4621, 0.0000, 96, 78, 54
L -1076.5622, -1500.6777, 0.0000, -1069.1108, -1500.6777, 0.0000, 96, 78, 54
L -1075.8332, -1496.8934, 0.0000, -1068.2009, -1496.8934, 0.0000, 96, 78, 54
L -1075.5879, -1493.1090, 0.0000, -1067.7745, -1493.1090, 0.0000, 96, 78, 54
L -1075.3947, -1489.3246, 0.0000, -1067.4004, -1489.3246, 0.0000, 96, 78, 54
L -1075.1176, -1485.5402, 0.0000, -1066.9423, -1485.5402, 0.0000, 96, 78, 54
L -1074.6493, -1481.7559, 0.0000, -1066.2930, -1481.7559, 0.0000, 96, 78, 54
L -1074.1810, -1477.9715, 0.0000, -1065.6437, -1477.9715, 0.0000, 96, 78, 54
L -1073.8243, -1474.1871, 0.0000, -1065.1060, -1474.1871, 0.0000, 96, 78, 54
L -1073.5136, -1470.4027, 0.0000, -1064.6143, -1470.4027, 0.0000, 96, 78, 54
L -1073.2468, -1466.6184, 0.0000, -1064.1666, -1466.6184, 0.0000, 96, 78, 54
L -1073.3337, -1462.8340, 0.0000, -1064.0725, -1462.8340, 0.0000, 96, 78, 54
L -1073.4207, -1459.0496, 0.0000, -1063.9784, -1459.0496, 0.0000, 96, 78, 54
L -1073.2958, -1455.2652, 0.0000, -1063.6726, -1455.2652, 0.0000, 96, 78, 54
L -1072.9698, -1451.4809, 0.0000, -1063.1656, -1451.4809, 0.0000, 96, 78, 54
L -1072.6438, -1447.6965, 0.0000, -1062.6586, -1447.6965, 0.0000, 96, 78, 54
L -1072.8789, -1443.9121, 0.0000, -1062.7127, -1443.9121, 0.0000, 96, 78, 54
L -1073.1658, -1440.1278, 0.0000, -1062.8186, -1440.1278, 0.0000, 96, 78, 54
L -1073.3614, -1437.5475, 0.0000, -1072.6163, -1447.3770, 0.0000, 70, 56, 38
L -1062.8908, -1437.5475, 0.0000, -1062.6158, -1447.3770, 0.0000, 96, 78, 54
L -1072.6163, -1447.3770, 0.0000, -1073.4630, -1457.2066, 0.0000, 70, 56, 38
L -1062.6158, -1447.3770, 0.0000, -1063.9326, -1457.2066, 0.0000, 96, 78, 54
L -1073.4630, -1457.2066, 0.0000, -1073.2372, -1467.0361, 0.0000, 70, 56, 38
L -1063.9326, -1457.2066, 0.0000, -1064.1769, -1467.0361, 0.0000, 96, 78, 54
L -1073.2372, -1467.0361, 0.0000, -1074.0442, -1476.8657, 0.0000, 70, 56, 38
L -1064.1769, -1467.0361, 0.0000, -1065.4540, -1476.8657, 0.0000, 96, 78, 54
L -1074.0442, -1476.8657, 0.0000, -1075.2605, -1486.6952, 0.0000, 70, 56, 38
L -1065.4540, -1476.8657, 0.0000, -1067.1405, -1486.6952, 0.0000, 96, 78, 54
L -1075.2605, -1486.6952, 0.0000, -1075.7622, -1496.5247, 0.0000, 70, 56, 38
L -1067.1405, -1486.6952, 0.0000, -1068.1122, -1496.5247, 0.0000, 96, 78, 54
L -1075.7622, -1496.5247, 0.0000, -1077.6556, -1506.3543, 0.0000, 70, 56, 38
L -1068.1122, -1496.5247, 0.0000, -1070.4758, -1506.3543, 0.0000, 96, 78, 54
L -1072.6163, -1447.3770, 0.0000, -1068.1160, -1446.0009, 0.0000, 70, 56, 38
L -1073.2372, -1467.0361, 0.0000, -1069.1601, -1465.6600, 0.0000, 70, 56, 38
L -1075.2605, -1486.6952, 0.0000, -1071.6065, -1485.3191, 0.0000, 70, 56, 38
L -1072.4854, -1449.0153, 0.0000, -1063.2114, -1449.0153, 0.0000, 70, 56, 38
L -1072.9685, -1460.4831, 0.0000, -1063.6945, -1460.4831, 0.0000, 70, 56, 38
L -1073.7736, -1471.9509, 0.0000, -1064.4997, -1471.9509, 0.0000, 70, 56, 38
L -1074.9009, -1483.4187, 0.0000, -1065.6269, -1483.4187, 0.0000, 70, 56, 38
L -1076.3502, -1494.8865, 0.0000, -1067.0762, -1494.8865, 0.0000, 70, 56, 38
L -1099.1587, -1516.9266, 0.0000, -1078.2586, -1516.9266, 0.0000, 68, 112, 56
L -1107.0195, -1513.9350, 0.0000, -1073.4846, -1513.9350, 0.0000, 68, 112, 56
L -1112.3927, -1510.9434, 0.0000, -1073.4846, -1510.9434, 0.0000, 68, 112, 56
L -1116.5981, -1507.9518, 0.0000, -1109.8818, -1507.9518, 0.0000, 68, 112, 56
L -1095.1545, -1507.9518, 0.0000, -1073.4846, -1507.9518, 0.0000, 68, 112, 56
L -1086.0746, -1504.9602, 0.0000, -1073.4846, -1504.9602, 0.0000, 68, 112, 56
L -1080.2833, -1501.9686, 0.0000, -1073.4846, -1501.9686, 0.0000, 68, 112, 56
L -1075.7515, -1498.9770, 0.0000, -1073.4846, -1498.9770, 0.0000, 68, 112, 56
L -1073.4846, -1506.3543, 0.0000, -1078.8738, -1509.1549, 0.0000, 68, 112, 56
L -1078.8738, -1509.1549, 0.0000, -1084.2630, -1511.1832, 0.0000, 68, 112, 56
L -1084.2630, -1511.1832, 0.0000, -1089.6522, -1512.4392, 0.0000, 68, 112, 56
L -1089.6522, -1512.4392, 0.0000, -1095.0414, -1512.9229, 0.0000, 68, 112, 56
L -1095.0414, -1512.9229, 0.0000, -1100.4306, -1512.6344, 0.0000, 68, 112, 56
L -1100.4306, -1512.6344, 0.0000, -1105.8198, -1511.5735, 0.0000, 68, 112, 56
L -1105.8198, -1511.5735, 0.0000, -1111.2089, -1509.7403, 0.0000, 68, 112, 56
L -1111.2089, -1509.7403, 0.0000, -1116.5981, -1507.1349, 0.0000, 68, 112, 56
L -1095.7028, -1522.9108, 0.0000, -1083.1795, -1522.9108, 0.0000, 96, 140, 84
L -1100.5019, -1519.9192, 0.0000, -1078.3215, -1519.9192, 0.0000, 96, 140, 84
L -1103.7855, -1516.9276, 0.0000, -1075.0713, -1516.9276, 0.0000, 96, 140, 84
L -1088.0045, -1513.9360, 0.0000, -1073.4846, -1513.9360, 0.0000, 96, 140, 84
L -1084.0974, -1510.9444, 0.0000, -1073.4846, -1510.9444, 0.0000, 96, 140, 84
L -1081.0640, -1507.9528, 0.0000, -1073.4846, -1507.9528, 0.0000, 96, 140, 84
L -1078.6848, -1504.9612, 0.0000, -1073.4846, -1504.9612, 0.0000, 96, 140, 84
L -1076.4818, -1501.9696, 0.0000, -1073.4846, -1501.9696, 0.0000, 96, 140, 84
L -1074.5284, -1498.9780, 0.0000, -1073.4846, -1498.9780, 0.0000, 96, 140, 84
L -1073.4846, -1506.3543, 0.0000, -1077.2903, -1511.1854, 0.0000, 68, 112, 56
L -1077.2903, -1511.1854, 0.0000, -1081.0960, -1514.9735, 0.0000, 68, 112, 56
L -1081.0960, -1514.9735, 0.0000, -1084.9018, -1517.7186, 0.0000, 68, 112, 56
L -1084.9018, -1517.7186, 0.0000, -1088.7075, -1519.4206, 0.0000, 68, 112, 56
L -1088.7075, -1519.4206, 0.0000, -1092.5132, -1520.0796, 0.0000, 68, 112, 56
L -1092.5132, -1520.0796, 0.0000, -1096.3189, -1519.6956, 0.0000, 68, 112, 56
L -1096.3189, -1519.6956, 0.0000, -1100.1246, -1518.2685, 0.0000, 68, 112, 56
L -1100.1246, -1518.2685, 0.0000, -1103.9303, -1515.7984, 0.0000, 68, 112, 56
L -1082.0188, -1526.7641, 0.0000, -1077.6859, -1526.7641, 0.0000, 68, 112, 56
L -1083.6023, -1523.7725, 0.0000, -1076.1119, -1523.7725, 0.0000, 68, 112, 56
L -1084.4510, -1520.7809, 0.0000, -1083.3691, -1520.7809, 0.0000, 68, 112, 56
L -1081.0261, -1520.7809, 0.0000, -1075.0275, -1520.7809, 0.0000, 68, 112, 56
L -1078.8450, -1517.7893, 0.0000, -1074.1622, -1517.7893, 0.0000, 68, 112, 56
L -1077.6335, -1514.7977, 0.0000, -1073.4846, -1514.7977, 0.0000, 68, 112, 56
L -1076.7287, -1511.8061, 0.0000, -1073.4846, -1511.8061, 0.0000, 68, 112, 56
L -1075.9147, -1508.8145, 0.0000, -1073.4846, -1508.8145, 0.0000, 68, 112, 56
L -1075.2047, -1505.8229, 0.0000, -1073.4846, -1505.8229, 0.0000, 68, 112, 56
L -1074.5566, -1502.8313, 0.0000, -1073.4846, -1502.8313, 0.0000, 68, 112, 56
L -1073.4846, -1506.3543, 0.0000, -1074.8554, -1512.3285, 0.0000, 68, 112, 56
L -1074.8554, -1512.3285, 0.0000, -1076.2262, -1517.1073, 0.0000, 68, 112, 56
L -1076.2262, -1517.1073, 0.0000, -1077.5970, -1520.6907, 0.0000, 68, 112, 56
L -1077.5970, -1520.6907, 0.0000, -1078.9678, -1523.0786, 0.0000, 68, 112, 56
L -1078.9678, -1523.0786, 0.0000, -1080.3386, -1524.2711, 0.0000, 68, 112, 56
L -1080.3386, -1524.2711, 0.0000, -1081.7094, -1524.2681, 0.0000, 68, 112, 56
L -1081.7094, -1524.2681, 0.0000, -1083.0802, -1523.0697, 0.0000, 68, 112, 56
L -1083.0802, -1523.0697, 0.0000, -1084.4510, -1520.6758, 0.0000, 68, 112, 56
L -1069.2833, -1526.7641, 0.0000, -1064.9504, -1526.7641, 0.0000, 96, 140, 84
L -1070.8573, -1523.7725, 0.0000, -1063.3669, -1523.7725, 0.0000, 96, 140, 84
L -1071.9417, -1520.7809, 0.0000, -1065.9431, -1520.7809, 0.0000, 96, 140, 84
L -1063.6001, -1520.7809, 0.0000, -1062.5182, -1520.7809, 0.0000, 96, 140, 84
L -1072.8070, -1517.7893, 0.0000, -1068.1242, -1517.7893, 0.0000, 96, 140, 84
L -1073.4846, -1514.7977, 0.0000, -1069.3357, -1514.7977, 0.0000, 96, 140, 84
L -1073.4846, -1511.8061, 0.0000, -1070.2405, -1511.8061, 0.0000, 96, 140, 84
L -1073.4846, -1508.8145, 0.0000, -1071.0545, -1508.8145, 0.0000, 96, 140, 84
L -1073.4846, -1505.8229, 0.0000, -1071.7645, -1505.8229, 0.0000, 96, 140, 84
L -1073.4846, -1502.8313, 0.0000, -1072.4126, -1502.8313, 0.0000, 96, 140, 84
L -1073.4846, -1506.3543, 0.0000, -1072.1138, -1512.3285, 0.0000, 68, 112, 56
L -1072.1138, -1512.3285, 0.0000, -1070.7430, -1517.1073, 0.0000, 68, 112, 56
L -1070.7430, -1517.1073, 0.0000, -1069.3722, -1520.6907, 0.0000, 68, 112, 56
L -1069.3722, -1520.6907, 0.0000, -1068.0014, -1523.0786, 0.0000, 68, 112, 56
L -1068.0014, -1523.0786, 0.0000, -1066.6306, -1524.2711, 0.0000, 68, 112, 56
L -1066.6306, -1524.2711, 0.0000, -1065.2598, -1524.2681, 0.0000, 68, 112, 56
L -1065.2598, -1524.2681, 0.0000, -1063.8890, -1523.0697, 0.0000, 68, 112, 56
L -1063.8890, -1523.0697, 0.0000, -1062.5182, -1520.6758, 0.0000, 68, 112, 56
L -1063.7897, -1522.9108, 0.0000, -1051.2664, -1522.9108, 0.0000, 68, 112, 56
L -1068.6477, -1519.9192, 0.0000, -1046.4673, -1519.9192, 0.0000, 68, 112, 56
L -1071.8979, -1516.9276, 0.0000, -1043.1837, -1516.9276, 0.0000, 68, 112, 56
L -1073.4846, -1513.9360, 0.0000, -1058.9647, -1513.9360, 0.0000, 68, 112, 56
L -1073.4846, -1510.9444, 0.0000, -1062.8718, -1510.9444, 0.0000, 68, 112, 56
L -1073.4846, -1507.9528, 0.0000, -1065.9052, -1507.9528, 0.0000, 68, 112, 56
L -1073.4846, -1504.9612, 0.0000, -1068.2844, -1504.9612, 0.0000, 68, 112, 56
L -1073.4846, -1501.9696, 0.0000, -1070.4874, -1501.9696, 0.0000, 68, 112, 56
L -1073.4846, -1498.9780, 0.0000, -1072.4408, -1498.9780, 0.0000, 68, 112, 56
L -1073.4846, -1506.3543, 0.0000, -1069.6789, -1511.1854, 0.0000, 68, 112, 56
L -1069.6789, -1511.1854, 0.0000, -1065.8732, -1514.9735, 0.0000, 68, 112, 56
L -1065.8732, -1514.9735, 0.0000, -1062.0674, -1517.7186, 0.0000, 68, 112, 56
L -1062.0674, -1517.7186, 0.0000, -1058.2617, -1519.4206, 0.0000, 68, 112, 56
L -1058.2617, -1519.4206, 0.0000, -1054.4560, -1520.0796, 0.0000, 68, 112, 56
L -1054.4560, -1520.0796, 0.0000, -1050.6503, -1519.6956, 0.0000, 68, 112, 56
L -1050.6503, -1519.6956, 0.0000, -1046.8446, -1518.2685, 0.0000, 68, 112, 56
L -1046.8446, -1518.2685, 0.0000, -1043.0389, -1515.7984, 0.0000, 68, 112, 56
L -1068.7106, -1516.9266, 0.0000, -1047.8105, -1516.9266, 0.0000, 96, 140, 84
L -1073.4846, -1513.9350, 0.0000, -1039.9497, -1513.9350, 0.0000, 96, 140, 84
L -1073.4846, -1510.9434, 0.0000, -1034.5765, -1510.9434, 0.0000, 96, 140, 84
L -1073.4846, -1507.9518, 0.0000, -1051.8147, -1507.9518, 0.0000, 96, 140, 84
L -1037.0874, -1507.9518, 0.0000, -1030.3711, -1507.9518, 0.0000, 96, 140, 84
L -1073.4846, -1504.9602, 0.0000, -1060.8946, -1504.9602, 0.0000, 96, 140, 84
L -1073.4846, -1501.9686, 0.0000, -1066.6858, -1501.9686, 0.0000, 96, 140, 84
L -1073.4846, -1498.9770, 0.0000, -1071.2177, -1498.9770, 0.0000, 96, 140, 84
L -1073.4846, -1506.3543, 0.0000, -1068.0954, -1509.1549, 0.0000, 68, 112, 56
L -1068.0954, -1509.1549, 0.0000, -1062.7062, -1511.1832, 0.0000, 68, 112, 56
L -1062.7062, -1511.1832, 0.0000, -1057.3170, -1512.4392, 0.0000, 68, 112, 56
L -1057.3170, -1512.4392, 0.0000, -1051.9278, -1512.9229, 0.0000, 68, 112, 56
L -1051.9278, -1512.9229, 0.0000, -1046.5386, -1512.6344, 0.0000, 68, 112, 56
L -1046.5386, -1512.6344, 0.0000, -1041.1494, -1511.5735, 0.0000, 68, 112, 56
L -1041.1494, -1511.5735, 0.0000, -1035.7602, -1509.7403, 0.0000, 68, 112, 56
L -1035.7602, -1509.7403, 0.0000, -1030.3711, -1507.1349, 0.0000, 68, 112, 56
L -1070.2896, -1503.4971, 0.0000, -1066.3751, -1503.4971, 0.0000, 96, 78, 54
L -1071.2155, -1501.2534, 0.0000, -1065.8892, -1501.2534, 0.0000, 96, 78, 54
L -1065.4752, -1501.8669, 0.0000, -1066.0302, -1501.0445, 0.0000, 96, 78, 54
L -1066.0302, -1501.0445, 0.0000, -1066.5358, -1500.3337, 0.0000, 96, 78, 54
L -1066.5358, -1500.3337, 0.0000, -1067.1913, -1499.5814, 0.0000, 96, 78, 54
L -1067.1913, -1499.5814, 0.0000, -1068.2493, -1499.0248, 0.0000, 96, 78, 54
L -1068.2493, -1499.0248, 0.0000, -1069.1896, -1499.8358, 0.0000, 96, 78, 54
L -1069.1896, -1499.8358, 0.0000, -1070.0587, -1500.2480, 0.0000, 96, 78, 54
L -1070.0587, -1500.2480, 0.0000, -1070.9954, -1500.8491, 0.0000, 96, 78, 54
L -1070.9954, -1500.8491, 0.0000, -1071.5494, -1501.8669, 0.0000, 96, 78, 54
L -1071.5494, -1501.8669, 0.0000, -1070.9479, -1502.8670, 0.0000, 96, 78, 54
L -1070.9479, -1502.8670, 0.0000, -1070.1842, -1503.5981, 0.0000, 96, 78, 54
L -1070.1842, -1503.5981, 0.0000, -1069.5234, -1504.6190, 0.0000, 96, 78, 54
L -1069.5234, -1504.6190, 0.0000, -1068.2493, -1503.9947, 0.0000, 96, 78, 54
L -1068.2493, -1503.9947, 0.0000, -1067.0214, -1504.5194, 0.0000, 96, 78, 54
L -1067.0214, -1504.5194, 0.0000, -1066.3919, -1503.5288, 0.0000, 96, 78, 54
L -1066.3919, -1503.5288, 0.0000, -1065.9599, -1502.7154, 0.0000, 96, 78, 54
L -1065.9599, -1502.7154, 0.0000, -1065.4752, -1501.8669, 0.0000, 96, 78, 54
L -1069.6875, -1500.0719, 0.0000, -1066.7639, -1500.0719, 0.0000, 70, 56, 38
L -1078.0182, -1500.6561, 0.0000, -1073.7615, -1500.6561, 0.0000, 96, 78, 54
L -1078.7379, -1498.4124, 0.0000, -1073.6573, -1498.4124, 0.0000, 96, 78, 54
L -1073.6513, -1499.2761, 0.0000, -1073.6576, -1498.3701, 0.0000, 96, 78, 54
L -1073.6576, -1498.3701, 0.0000, -1073.8639, -1497.2734, 0.0000, 96, 78, 54
L -1073.8639, -1497.2734, 0.0000, -1075.1397, -1497.1968, 0.0000, 96, 78, 54
L -1075.1397, -1497.1968, 0.0000, -1076.1022, -1496.6585, 0.0000, 96, 78, 54
L -1076.1022, -1496.6585, 0.0000, -1077.2442, -1496.8093, 0.0000, 96, 78, 54
L -1077.2442, -1496.8093, 0.0000, -1078.0195, -1497.5606, 0.0000, 96, 78, 54
L -1078.0195, -1497.5606, 0.0000, -1078.7731, -1498.2862, 0.0000, 96, 78, 54
L -1078.7731, -1498.2862, 0.0000, -1078.4969, -1499.2761, 0.0000, 96, 78, 54
L -1078.4969, -1499.2761, 0.0000, -1078.3116, -1500.0949, 0.0000, 96, 78, 54
L -1078.3116, -1500.0949, 0.0000, -1077.8991, -1500.8838, 0.0000, 96, 78, 54
L -1077.8991, -1500.8838, 0.0000, -1077.2605, -1501.7780, 0.0000, 96, 78, 54
L -1077.2605, -1501.7780, 0.0000, -1076.1022, -1501.7527, 0.0000, 96, 78, 54
L -1076.1022, -1501.7527, 0.0000, -1075.0874, -1501.4682, 0.0000, 96, 78, 54
L -1075.0874, -1501.4682, 0.0000, -1074.0307, -1501.1295, 0.0000, 96, 78, 54
L -1074.0307, -1501.1295, 0.0000, -1073.5208, -1500.2328, 0.0000, 96, 78, 54
L -1073.5208, -1500.2328, 0.0000, -1073.6513, -1499.2761, 0.0000, 96, 78, 54
L -1077.9375, -1497.4811, 0.0000, -1073.8248, -1497.4811, 0.0000, 70, 56, 38
L -1077.7374, -1506.1141, 0.0000, -1074.0747, -1506.1141, 0.0000, 96, 78, 54
L -1078.8486, -1503.8704, 0.0000, -1073.3195, -1503.8704, 0.0000, 96, 78, 54
L -1073.4651, -1504.4577, 0.0000, -1073.1983, -1503.3814, 0.0000, 96, 78, 54
L -1073.1983, -1503.3814, 0.0000, -1073.9487, -1502.5308, 0.0000, 96, 78, 54
L -1073.9487, -1502.5308, 0.0000, -1075.1148, -1502.3248, 0.0000, 96, 78, 54
L -1075.1148, -1502.3248, 0.0000, -1076.1022, -1501.8467, 0.0000, 96, 78, 54
L -1076.1022, -1501.8467, 0.0000, -1077.1997, -1502.0871, 0.0000, 96, 78, 54
L -1077.1997, -1502.0871, 0.0000, -1078.3833, -1502.4168, 0.0000, 96, 78, 54
L -1078.3833, -1502.4168, 0.0000, -1078.9448, -1503.4042, 0.0000, 96, 78, 54
L -1078.9448, -1503.4042, 0.0000, -1078.7273, -1504.4577, 0.0000, 96, 78, 54
L -1078.7273, -1504.4577, 0.0000, -1079.1818, -1505.5990, 0.0000, 96, 78, 54
L -1079.1818, -1505.5990, 0.0000, -1077.8355, -1506.0085, 0.0000, 96, 78, 54
L -1077.8355, -1506.0085, 0.0000, -1077.1578, -1506.7377, 0.0000, 96, 78, 54
L -1077.1578, -1506.7377, 0.0000, -1076.1022, -1507.2359, 0.0000, 96, 78, 54
L -1076.1022, -1507.2359, 0.0000, -1075.1509, -1506.5126, 0.0000, 96, 78, 54
L -1075.1509, -1506.5126, 0.0000, -1074.1006, -1506.2486, 0.0000, 96, 78, 54
L -1074.1006, -1506.2486, 0.0000, -1073.9121, -1505.2694, 0.0000, 96, 78, 54
L -1073.9121, -1505.2694, 0.0000, -1073.4651, -1504.4577, 0.0000, 96, 78, 54
L -1078.5231, -1502.6627, 0.0000, -1073.8323, -1502.6627, 0.0000, 70, 56, 38
L -1072.5240, -830.6471, 0.0000, -1065.2537, -830.6471, 0.0000, 96, 78, 54
L -1072.7192, -826.8628, 0.0000, -1065.2679, -826.8628, 0.0000, 96, 78, 54
L -1072.9144, -823.0784, 0.0000, -1065.2821, -823.0784, 0.0000, 96, 78, 54
L -1072.5632, -819.2940, 0.0000, -1064.7499, -819.2940, 0.0000, 96, 78, 54
L -1072.1530, -815.5096, 0.0000, -1064.1587, -815.5096, 0.0000, 96, 78, 54
L -1071.9278, -811.7253, 0.0000, -1063.7525, -811.7253, 0.0000, 96, 78, 54
L -1072.1235, -807.9409, 0.0000, -1063.7672, -807.9409, 0.0000, 96, 78, 54
L -1072.3192, -804.1565, 0.0000, -1063.7820, -804.1565, 0.0000, 96, 78, 54
L -1072.5630, -800.3721, 0.0000, -1063.8448, -800.3721, 0.0000, 96, 78, 54
L -1072.8267, -796.5878, 0.0000, -1063.9274, -796.5878, 0.0000, 96, 78, 54
L -1073.0200, -792.8034, 0.0000, -1063.9398, -792.8034, 0.0000, 96, 78, 54
L -1072.6466, -789.0190, 0.0000, -1063.3854, -789.0190, 0.0000, 96, 78, 54
L -1072.2732, -785.2347, 0.0000, -1062.8310, -785.2347, 0.0000, 96, 78, 54
L -1072.3037, -781.4503, 0.0000, -1062.6805, -781.4503, 0.0000, 96, 78, 54
L -1072.7177, -777.6659, 0.0000, -1062.9135, -777.6659, 0.0000, 96, 78, 54
L -1073.1317, -773.8815, 0.0000, -1063.1465, -773.8815, 0.0000, 96, 78, 54
L -1073.1367, -770.0972, 0.0000, -1062.9705, -770.0972, 0.0000, 96, 78, 54
L -1073.1041, -766.3128, 0.0000, -1062.7569, -766.3128, 0.0000, 96, 78, 54
L -1073.0818, -763.7325, 0.0000, -1073.1666, -773.5621, 0.0000, 70, 56, 38
L -1062.6112, -763.7325, 0.0000, -1063.1661, -773.5621, 0.0000, 96, 78, 54
L -1073.1666, -773.5621, 0.0000, -1072.0913, -783.3916, 0.0000, 70, 56, 38
L -1063.1661, -773.5621, 0.0000, -1062.5610, -783.3916, 0.0000, 96, 78, 54
L -1072.0913, -783.3916, 0.0000, -1073.0612, -793.2212, 0.0000, 70, 56, 38
L -1062.5610, -783.3916, 0.0000, -1064.0010, -793.2212, 0.0000, 96, 78, 54
L -1073.0612, -793.2212, 0.0000, -1072.3764, -803.0507, 0.0000, 70, 56, 38
L -1064.0010, -793.2212, 0.0000, -1063.7863, -803.0507, 0.0000, 96, 78, 54
L -1072.3764, -803.0507, 0.0000, -1071.8680, -812.8802, 0.0000, 70, 56, 38
L -1063.7863, -803.0507, 0.0000, -1063.7480, -812.8802, 0.0000, 96, 78, 54
L -1071.8680, -812.8802, 0.0000, -1072.9334, -822.7098, 0.0000, 70, 56, 38
L -1063.7480, -812.8802, 0.0000, -1065.2834, -822.7098, 0.0000, 96, 78, 54
L -1072.9334, -822.7098, 0.0000, -1072.4264, -832.5393, 0.0000, 70, 56, 38
L -1065.2834, -822.7098, 0.0000, -1065.2466, -832.5393, 0.0000, 96, 78, 54
L -1073.1666, -773.5621, 0.0000, -1068.6664, -772.1859, 0.0000, 70, 56, 38
L -1073.0612, -793.2212, 0.0000, -1068.9841, -791.8450, 0.0000, 70, 56, 38
L -1071.8680, -812.8802, 0.0000, -1068.2140, -811.5041, 0.0000, 70, 56, 38
L -1072.3582, -775.2003, 0.0000, -1063.0842, -775.2003, 0.0000, 70, 56, 38
L -1072.4596, -786.6681, 0.0000, -1063.1856, -786.6681, 0.0000, 70, 56, 38
L -1072.6287, -798.1359, 0.0000, -1063.3547, -798.1359, 0.0000, 70, 56, 38
L -1072.8654, -809.6037, 0.0000, -1063.5914, -809.6037, 0.0000, 70, 56, 38
L -1073.1697, -821.0715, 0.0000, -1063.8958, -821.0715, 0.0000, 70, 56, 38
L -1094.5788, -843.1117, 0.0000, -1073.6787, -843.1117, 0.0000, 68, 112, 56
L -1102.4396, -840.1201, 0.0000, -1068.9047, -840.1201, 0.0000, 68, 112, 56
L -1107.8128, -837.1285, 0.0000, -1068.9047, -837.1285, 0.0000, 68, 112, 56
L -1112.0182, -834.1369, 0.0000, -1105.3019, -834.1369, 0.0000, 68, 112, 56
L -1090.5746, -834.1369, 0.0000, -1068.9047, -834.1369, 0.0000, 68, 112, 56
L -1081.4947, -831.1453, 0.0000, -1068.9047, -831.1453, 0.0000, 68, 112, 56
L -1075.7034, -828.1537, 0.0000, -1068.9047, -828.1537, 0.0000, 68, 112, 56
L -1071.1716, -825.1621, 0.0000, -1068.9047, -825.1621, 0.0000, 68, 112, 56
L -1068.9047, -832.5393, 0.0000, -1074.2939, -835.3399, 0.0000, 68, 112, 56
L -1074.2939, -835.3399, 0.0000, -1079.6831, -837.3682, 0.0000, 68, 112, 56
L -1079.6831, -837.3682, 0.0000, -1085.0723, -838.6243, 0.0000, 68, 112, 56
L -1085.0723, -838.6243, 0.0000, -1090.4615, -839.1080, 0.0000, 68, 112, 56
L -1090.4615, -839.1080, 0.0000, -1095.8507, -838.8194, 0.0000, 68, 112, 56
L -1095.8507, -838.8194, 0.0000, -1101.2399, -837.7585, 0.0000, 68, 112, 56
L -1101.2399, -837.7585, 0.0000, -1106.6290, -835.9254, 0.0000, 68, 112, 56
L -1106.6290, -835.9254, 0.0000, -1112.0182, -833.3199, 0.0000, 68, 112, 56
L -1091.1228, -849.0958, 0.0000, -1078.5996, -849.0958, 0.0000, 96, 140, 84
L -1095.9220, -846.1042, 0.0000, -1073.7416, -846.1042, 0.0000, 96, 140, 84
L -1099.2056, -843.1126, 0.0000, -1070.4914, -843.1126, 0.0000, 96, 140, 84
L -1083.4246, -840.1210, 0.0000, -1068.9047, -840.1210, 0.0000, 96, 140, 84
L -1079.5175, -837.1294, 0.0000, -1068.9047, -837.1294, 0.0000, 96, 140, 84
L -1076.4841, -834.1378, 0.0000, -1068.9047, -834.1378, 0.0000, 96, 140, 84
L -1074.1049, -831.1462, 0.0000, -1068.9047, -831.1462, 0.0000, 96, 140, 84
L -1071.9019, -828.1546, 0.0000, -1068.9047, -828.1546, 0.0000, 96, 140, 84
L -1069.9485, -825.1630, 0.0000, -1068.9047, -825.1630, 0.0000, 96, 140, 84
L -1068.9047, -832.5393, 0.0000, -1072.7104, -837.3704, 0.0000, 68, 112, 56
L -1072.7104, -837.3704, 0.0000, -1076.5161, -841.1585, 0.0000, 68, 112, 56
L -1076.5161, -841.1585, 0.0000, -1080.3219, -843.9036, 0.0000, 68, 112, 56
L -1080.3219, -843.9036, 0.0000, -1084.1276, -845.6056, 0.0000, 68, 112, 56
L -1084.1276, -845.6056, 0.0000, -1087.9333, -846.2646, 0.0000, 68, 112, 56
L -1087.9333, -846.2646, 0.0000, -1091.7390, -845.8806, 0.0000, 68, 112, 56
L -1091.7390, -845.8806, 0.0000, -1095.5447, -844.4535, 0.0000, 68, 112, 56
L -1095.5447, -844.4535, 0.0000, -1099.3504, -841.9835, 0.0000, 68, 112, 56
L -1077.4389, -852.9491, 0.0000, -1073.1060, -852.9491, 0.0000, 68, 112, 56
L -1079.0224, -849.9575, 0.0000, -1071.5320, -849.9575, 0.0000, 68, 112, 56
L -1079.8711, -846.9659, 0.0000, -1078.7892, -846.9659, 0.0000, 68, 112, 56
L -1076.4462, -846.9659, 0.0000, -1070.4476, -846.9659, 0.0000, 68, 112, 56
L -1074.2651, -843.9743, 0.0000, -1069.5823, -843.9743, 0.0000, 68, 112, 56
L -1073.0536, -840.9827, 0.0000, -1068.9047, -840.9827, 0.0000, 68, 112, 56
L -1072.1488, -837.9911, 0.0000, -1068.9047, -837.9911, 0.0000, 68, 112, 56
L -1071.3348, -834.9995, 0.0000, -1068.9047, -834.9995, 0.0000, 68, 112, 56
L -1070.6248, -832.0079, 0.0000, -1068.9047, -832.0079, 0.0000, 68, 112, 56
L -1069.9767, -829.0163, 0.0000, -1068.9047, -829.0163, 0.0000, 68, 112, 56
L -1068.9047, -832.5393, 0.0000, -1070.2755, -838.5136, 0.0000, 68, 112, 56
L -1070.2755, -838.5136, 0.0000, -1071.6463, -843.2924, 0.0000, 68, 112, 56
L -1071.6463, -843.2924, 0.0000, -1073.0171, -846.8757, 0.0000, 68, 112, 56
L -1073.0171, -846.8757, 0.0000, -1074.3879, -849.2636, 0.0000, 68, 112, 56
L -1074.3879, -849.2636, 0.0000, -1075.7587, -850.4561, 0.0000, 68, 112, 56
L -1075.7587, -850.4561, 0.0000, -1077.1295, -850.4531, 0.0000, 68, 112, 56
L -1077.1295, -850.4531, 0.0000, -1078.5003, -849.2547, 0.0000, 68, 112, 56
L -1078.5003, -849.2547, 0.0000, -1079.8711, -846.8608, 0.0000, 68, 112, 56
L -1064.7034, -852.9491, 0.0000, -1060.3705, -852.9491, 0.0000, 96, 140, 84
L -1066.2774, -849.9575, 0.0000, -1058.7870, -849.9575, 0.0000, 96, 140, 84
L -1067.3618, -846.9659, 0.0000, -1061.3632, -846.9659, 0.0000, 96, 140, 84
L -1059.0202, -846.9659, 0.0000, -1057.9383, -846.9659, 0.0000, 96, 140, 84
L -1068.2271, -843.9743, 0.0000, -1063.5443, -843.9743, 0.0000, 96, 140, 84
L -1068.9047, -840.9827, 0.0000, -1064.7558, -840.9827, 0.0000, 96, 140, 84
L -1068.9047, -837.9911, 0.0000, -1065.6606, -837.9911, 0.0000, 96, 140, 84
L -1068.9047, -834.9995, 0.0000, -1066.4746, -834.9995, 0.0000, 96, 140, 84
L -1068.9047, -832.0079, 0.0000, -1067.1846, -832.0079, 0.0000, 96, 140, 84
L -1068.9047, -829.0163, 0.0000, -1067.8327, -829.0163, 0.0000, 96, 140, 84
L -1068.9047, -832.5393, 0.0000, -1067.5339, -838.5136, 0.0000, 68, 112, 56
L -1067.5339, -838.5136, 0.0000, -1066.1631, -843.2924, 0.0000, 68, 112, 56
L -1066.1631, -843.2924, 0.0000, -1064.7923, -846.8757, 0.0000, 68, 112, 56
L -1064.7923, -846.8757, 0.0000, -1063.4215, -849.2636, 0.0000, 68, 112, 56
L -1063.4215, -849.2636, 0.0000, -1062.0507, -850.4561, 0.0000, 68, 112, 56
L -1062.0507, -850.4561, 0.0000, -1060.6799, -850.4531, 0.0000, 68, 112, 56
L -1060.6799, -850.4531, 0.0000, -1059.3091, -849.2547, 0.0000, 68, 112, 56
L -1059.3091, -849.2547, 0.0000, -1057.9383, -846.8608, 0.0000, 68, 112, 56
L -1059.2098, -849.0958, 0.0000, -1046.6865, -849.0958, 0.0000, 68, 112, 56
L -1064.0678, -846.1042, 0.0000, -1041.8874, -846.1042, 0.0000, 68, 112, 56
L -1067.3180, -843.1126, 0.0000, -1038.6038, -843.1126, 0.0000, 68, 112, 56
L -1068.9047, -840.1210, 0.0000, -1054.3848, -840.1210, 0.0000, 68, 112, 56
L -1068.9047, -837.1294, 0.0000, -1058.2919, -837.1294, 0.0000, 68, 112, 56
L -1068.9047, -834.1378, 0.0000, -1061.3253, -834.1378, 0.0000, 68, 112, 56
L -1068.9047, -831.1462, 0.0000, -1063.7045, -831.1462, 0.0000, 68, 112, 56
L -1068.9047, -828.1546, 0.0000, -1065.9075, -828.1546, 0.0000, 68, 112, 56
L -1068.9047, -825.1630, 0.0000, -1067.8609, -825.1630, 0.0000, 68, 112, 56
L -1068.9047, -832.5393, 0.0000, -1065.0990, -837.3704, 0.0000, 68, 112, 56
L -1065.0990, -837.3704, 0.0000, -1061.2933, -841.1585, 0.0000, 68, 112, 56
L -1061.2933, -841.1585, 0.0000, -1057.4875, -843.9036, 0.0000, 68, 112, 56
L -1057.4875, -843.9036, 0.0000, -1053.6818, -845.6056, 0.0000, 68, 112, 56
L -1053.6818, -845.6056, 0.0000, -1049.8761, -846.2646, 0.0000, 68, 112, 56
L -1049.8761, -846.2646, 0.0000, -1046.0704, -845.8806, 0.0000, 68, 112, 56
L -1046.0704, -845.8806, 0.0000, -1042.2647, -844.4535, 0.0000, 68, 112, 56
L -1042.2647, -844.4535, 0.0000, -1038.4590, -841.9835, 0.0000, 68, 112, 56
L -1064.1307, -843.1117, 0.0000, -1043.2306, -843.1117, 0.0000, 96, 140, 84
L -1068.9047, -840.1201, 0.0000, -1035.3698, -840.1201, 0.0000, 96, 140, 84
L -1068.9047, -837.1285, 0.0000, -1029.9966, -837.1285, 0.0000, 96, 140, 84
L -1068.9047, -834.1369, 0.0000, -1047.2348, -834.1369, 0.0000, 96, 140, 84
L -1032.5075, -834.1369, 0.0000, -1025.7912, -834.1369, 0.0000, 96, 140, 84
L -1068.9047, -831.1453, 0.0000, -1056.3147, -831.1453, 0.0000, 96, 140, 84
L -1068.9047, -828.1537, 0.0000, -1062.1059, -828.1537, 0.0000, 96, 140, 84
L -1068.9047, -825.1621, 0.0000, -1066.6377, -825.1621, 0.0000, 96, 140, 84
L -1068.9047, -832.5393, 0.0000, -1063.5155, -835.3399, 0.0000, 68, 112, 56
L -1063.5155, -835.3399, 0.0000, -1058.1263, -837.3682, 0.0000, 68, 112, 56
L -1058.1263, -837.3682, 0.0000, -1052.7371, -838.6243, 0.0000, 68, 112, 56
L -1052.7371, -838.6243, 0.0000, -1047.3479, -839.1080, 0.0000, 68, 112, 56
L -1047.3479, -839.1080, 0.0000, -1041.9587, -838.8194, 0.0000, 68, 112, 56
L -1041.9587, -838.8194, 0.0000, -1036.5695, -837.7585, 0.0000, 68, 112, 56
L -1036.5695, -837.7585, 0.0000, -1031.1803, -835.9254, 0.0000, 68, 112, 56
L -1031.1803, -835.9254, 0.0000, -1025.7912, -833.3199, 0.0000, 68, 112, 56
L -1066.1007, -829.7240, 0.0000, -1061.4661, -829.7240, 0.0000, 96, 78, 54
L -1066.0706, -827.4803, 0.0000, -1061.2497, -827.4803, 0.0000, 96, 78, 54
L -1060.7080, -828.0519, 0.0000, -1061.4777, -827.2396, 0.0000, 96, 78, 54
L -1061.4777, -827.2396, 0.0000, -1061.7473, -826.3322, 0.0000, 96, 78, 54
L -1061.7473, -826.3322, 0.0000, -1062.5021, -825.5305, 0.0000, 96, 78, 54
L -1062.5021, -825.5305, 0.0000, -1063.6694, -825.5530, 0.0000, 96, 78, 54
L -1063.6694, -825.5530, 0.0000, -1064.8451, -825.5123, 0.0000, 96, 78, 54
L -1064.8451, -825.5123, 0.0000, -1065.4310, -826.4758, 0.0000, 96, 78, 54
L -1065.4310, -826.4758, 0.0000, -1066.0474, -827.1706, 0.0000, 96, 78, 54
L -1066.0474, -827.1706, 0.0000, -1066.1134, -828.0519, 0.0000, 96, 78, 54
L -1066.1134, -828.0519, 0.0000, -1066.3010, -829.0272, 0.0000, 96, 78, 54
L -1066.3010, -829.0272, 0.0000, -1065.9856, -830.1243, 0.0000, 96, 78, 54
L -1065.9856, -830.1243, 0.0000, -1064.7924, -830.4777, 0.0000, 96, 78, 54
L -1064.7924, -830.4777, 0.0000, -1063.6694, -830.8458, 0.0000, 96, 78, 54
L -1063.6694, -830.8458, 0.0000, -1062.6274, -830.3028, 0.0000, 96, 78, 54
L -1062.6274, -830.3028, 0.0000, -1061.4817, -830.0093, 0.0000, 96, 78, 54
L -1061.4817, -830.0093, 0.0000, -1061.4202, -828.8855, 0.0000, 96, 78, 54
L -1061.4202, -828.8855, 0.0000, -1060.7080, -828.0519, 0.0000, 96, 78, 54
L -1065.2979, -826.2570, 0.0000, -1061.8181, -826.2570, 0.0000, 70, 56, 38
L -1073.8337, -827.0094, 0.0000, -1069.4762, -827.0094, 0.0000, 96, 78, 54
L -1074.1071, -824.7657, 0.0000, -1068.7850, -824.7657, 0.0000, 96, 78, 54
L -1068.8940, -825.4611, 0.0000, -1068.7320, -824.4270, 0.0000, 96, 78, 54
L -1068.7320, -824.4270, 0.0000, -1069.3494, -823.5169, 0.0000, 96, 78, 54
L -1069.3494, -823.5169, 0.0000, -1070.4654, -823.1780, 0.0000, 96, 78, 54
L -1070.4654, -823.1780, 0.0000, -1071.5223, -823.2957, 0.0000, 96, 78, 54
L -1071.5223, -823.2957, 0.0000, -1072.5186, -823.3091, 0.0000, 96, 78, 54
L -1072.5186, -823.3091, 0.0000, -1073.3221, -823.8508, 0.0000, 96, 78, 54
L -1073.3221, -823.8508, 0.0000, -1073.9412, -824.5647, 0.0000, 96, 78, 54
L -1073.9412, -824.5647, 0.0000, -1074.6810, -825.4611, 0.0000, 96, 78, 54
L -1074.6810, -825.4611, 0.0000, -1073.8640, -826.3290, 0.0000, 96, 78, 54
L -1073.8640, -826.3290, 0.0000, -1073.8115, -827.5093, 0.0000, 96, 78, 54
L -1073.8115, -827.5093, 0.0000, -1072.7585, -828.1313, 0.0000, 96, 78, 54
L -1072.7585, -828.1313, 0.0000, -1071.5223, -827.5964, 0.0000, 96, 78, 54
L -1071.5223, -827.5964, 0.0000, -1070.4822, -827.7079, 0.0000, 96, 78, 54
L -1070.4822, -827.7079, 0.0000, -1069.5187, -827.2538, 0.0000, 96, 78, 54
L -1069.5187, -827.2538, 0.0000, -1069.3471, -826.2673, 0.0000, 96, 78, 54
L -1069.3471, -826.2673, 0.0000, -1068.8940, -825.4611, 0.0000, 96, 78, 54
L -1073.0482, -823.6662, 0.0000, -1069.2482, -823.6662, 0.0000, 70, 56, 38
L -1073.6771, -831.8674, 0.0000, -1069.0308, -831.8674, 0.0000, 96, 78, 54
L -1073.8611, -829.6237, 0.0000, -1068.5337, -829.6237, 0.0000, 96, 78, 54
L -1068.7573, -830.6427, 0.0000, -1068.5125, -829.5272, 0.0000, 96, 78, 54
L -1068.5125, -829.5272, 0.0000, -1069.7934, -829.0958, 0.0000, 96, 78, 54
L -1069.7934, -829.0958, 0.0000, -1070.3968, -828.2115, 0.0000, 96, 78, 54
L -1070.3968, -828.2115, 0.0000, -1071.5223, -828.4466, 0.0000, 96, 78, 54
L -1071.5223, -828.4466, 0.0000, -1072.6408, -828.2269, 0.0000, 96, 78, 54
L -1072.6408, -828.2269, 0.0000, -1073.8179, -828.5888, 0.0000, 96, 78, 54
L -1073.8179, -828.5888, 0.0000, -1073.8673, -829.7736, 0.0000, 96, 78, 54
L -1073.8673, -829.7736, 0.0000, -1073.8612, -830.6427, 0.0000, 96, 78, 54
L -1073.8612, -830.6427, 0.0000, -1073.7543, -831.4699, 0.0000, 96, 78, 54
L -1073.7543, -831.4699, 0.0000, -1073.5607, -832.4665, 0.0000, 96, 78, 54
L -1073.5607, -832.4665, 0.0000, -1072.4210, -832.5839, 0.0000, 96, 78, 54
L -1072.4210, -832.5839, 0.0000, -1071.5223, -832.8055, 0.0000, 96, 78, 54
L -1071.5223, -832.8055, 0.0000, -1070.4360, -832.9893, 0.0000, 96, 78, 54
L -1070.4360, -832.9893, 0.0000, -1069.2082, -832.7133, 0.0000, 96, 78, 54
L -1069.2082, -832.7133, 0.0000, -1068.9722, -831.5878, 0.0000, 96, 78, 54
L -1068.9722, -831.5878, 0.0000, -1068.7573, -830.6427, 0.0000, 96, 78, 54
L -1073.8287, -828.8478, 0.0000, -1069.9627, -828.8478, 0.0000, 70, 56, 38
L 1947.5957, -752.7633, 0.0000, 1973.6475, -752.7633, 0.0000, 86, 38, 32
L 1947.4723, -751.1180, 0.0000, 1973.7298, -751.1180, 0.0000, 86, 38, 32
L 1947.3489, -749.4726, 0.0000, 1973.8120, -749.4726, 0.0000, 86, 38, 32
L 1947.2254, -747.8272, 0.0000, 1973.8943, -747.8272, 0.0000, 86, 38, 32
L 1947.1020, -746.1818, 0.0000, 1973.9766, -746.1818, 0.0000, 86, 38, 32
L 1946.9786, -744.5364, 0.0000, 1974.0588, -744.5364, 0.0000, 86, 38, 32
L 1946.8552, -742.8911, 0.0000, 1974.1411, -742.8911, 0.0000, 86, 38, 32
L 1946.7318, -741.2457, 0.0000, 1974.2234, -741.2457, 0.0000, 86, 38, 32
L 1946.6084, -739.6003, 0.0000, 1974.3057, -739.6003, 0.0000, 86, 38, 32
L 1946.4850, -737.9549, 0.0000, 1974.3879, -737.9549, 0.0000, 86, 38, 32
L 1946.3616, -736.3095, 0.0000, 1974.4702, -736.3095, 0.0000, 86, 38, 32
L 1946.2382, -734.6642, 0.0000, 1974.5525, -734.6642, 0.0000, 86, 38, 32
L 1946.1148, -733.0188, 0.0000, 1974.6347, -733.0188, 0.0000, 86, 38, 32
L 1945.9914, -731.3734, 0.0000, 1974.7170, -731.3734, 0.0000, 86, 38, 32
L 1945.8680, -729.7280, 0.0000, 1974.7993, -729.7280, 0.0000, 86, 38, 32
L 1945.7446, -728.0826, 0.0000, 1974.8815, -728.0826, 0.0000, 86, 38, 32
L 1945.6212, -726.4373, 0.0000, 1974.9638, -726.4373, 0.0000, 86, 38, 32
L 1945.5801, -724.7919, 0.0000, 1974.9912, -724.7919, 0.0000, 86, 38, 32
L 1945.7035, -723.1465, 0.0000, 1974.9090, -723.1465, 0.0000, 86, 38, 32
L 1945.8269, -721.5011, 0.0000, 1960.3474, -721.5011, 0.0000, 86, 38, 32
L 1968.1324, -721.5011, 0.0000, 1974.8267, -721.5011, 0.0000, 86, 38, 32
L 1945.9503, -719.8557, 0.0000, 1959.9360, -719.8557, 0.0000, 86, 38, 32
L 1968.0867, -719.8557, 0.0000, 1974.7444, -719.8557, 0.0000, 86, 38, 32
L 1946.0737, -718.2104, 0.0000, 1959.5247, -718.2104, 0.0000, 86, 38, 32
L 1968.0410, -718.2104, 0.0000, 1974.6622, -718.2104, 0.0000, 86, 38, 32
L 1946.1971, -716.5650, 0.0000, 1959.1133, -716.5650, 0.0000, 86, 38, 32
L 1967.9953, -716.5650, 0.0000, 1974.5799, -716.5650, 0.0000, 86, 38, 32
L 1946.3205, -714.9196, 0.0000, 1958.7020, -714.9196, 0.0000, 86, 38, 32
L 1967.9496, -714.9196, 0.0000, 1974.4976, -714.9196, 0.0000, 86, 38, 32
L 1946.4439, -713.2742, 0.0000, 1958.2906, -713.2742, 0.0000, 86, 38, 32
L 1967.9039, -713.2742, 0.0000, 1974.4153, -713.2742, 0.0000, 86, 38, 32
L 1946.5673, -711.6288, 0.0000, 1957.8793, -711.6288, 0.0000, 86, 38, 32
L 1967.8582, -711.6288, 0.0000, 1974.3331, -711.6288, 0.0000, 86, 38, 32
L 1946.6907, -709.9835, 0.0000, 1957.4679, -709.9835, 0.0000, 86, 38, 32
L 1967.8125, -709.9835, 0.0000, 1974.2508, -709.9835, 0.0000, 86, 38, 32
L 1946.8141, -708.3381, 0.0000, 1957.0566, -708.3381, 0.0000, 86, 38, 32
L 1967.7668, -708.3381, 0.0000, 1974.1685, -708.3381, 0.0000, 86, 38, 32
L 1946.9375, -706.6927, 0.0000, 1956.6452, -706.6927, 0.0000, 86, 38, 32
L 1967.7211, -706.6927, 0.0000, 1974.0863, -706.6927, 0.0000, 86, 38, 32
L 1947.0609, -705.0473, 0.0000, 1956.2339, -705.0473, 0.0000, 86, 38, 32
L 1967.6754, -705.0473, 0.0000, 1974.0040, -705.0473, 0.0000, 86, 38, 32
L 1947.1843, -703.4019, 0.0000, 1955.8226, -703.4019, 0.0000, 86, 38, 32
L 1967.6297, -703.4019, 0.0000, 1973.9217, -703.4019, 0.0000, 86, 38, 32
L 1947.3077, -701.7566, 0.0000, 1955.4112, -701.7566, 0.0000, 86, 38, 32
L 1967.5840, -701.7566, 0.0000, 1973.8395, -701.7566, 0.0000, 86, 38, 32
L 1947.4311, -700.1112, 0.0000, 1954.9999, -700.1112, 0.0000, 86, 38, 32
L 1967.5383, -700.1112, 0.0000, 1973.7572, -700.1112, 0.0000, 86, 38, 32
L 1947.5545, -698.4658, 0.0000, 1954.5885, -698.4658, 0.0000, 86, 38, 32
L 1967.4926, -698.4658, 0.0000, 1973.6749, -698.4658, 0.0000, 86, 38, 32
L 1947.5957, -697.9173, 0.0000, 1945.5389, -725.3403, 0.0000, 86, 38, 32
L 1945.5389, -725.3403, 0.0000, 1947.5957, -752.7633, 0.0000, 86, 38, 32
L 1973.6475, -752.7633, 0.0000, 1975.0187, -725.3403, 0.0000, 86, 38, 32
L 1975.0187, -725.3403, 0.0000, 1973.6475, -697.9173, 0.0000, 86, 38, 32
L 1973.6475, -697.9173, 0.0000, 1967.4773, -697.9173, 0.0000, 86, 38, 32
L 1967.4773, -697.9173, 0.0000, 1968.1629, -722.5980, 0.0000, 86, 38, 32
L 1968.1629, -722.5980, 0.0000, 1960.6216, -722.5980, 0.0000, 86, 38, 32
L 1960.6216, -722.5980, 0.0000, 1954.4514, -697.9173, 0.0000, 86, 38, 32
L 1954.4514, -697.9173, 0.0000, 1947.5957, -697.9173, 0.0000, 86, 38, 32
L 1952.3947, -800.4793, 0.0000, 1968.4175, -800.4793, 0.0000, 128, 54, 44
L 1950.3380, -798.8340, 0.0000, 1969.9454, -798.8340, 0.0000, 128, 54, 44
L 1948.2812, -797.1886, 0.0000, 1971.4733, -797.1886, 0.0000, 128, 54, 44
L 1946.2245, -795.5432, 0.0000, 1973.0011, -795.5432, 0.0000, 128, 54, 44
L 1944.1678, -793.8978, 0.0000, 1974.5290, -793.8978, 0.0000, 128, 54, 44
L 1943.9621, -792.2524, 0.0000, 1976.0568, -792.2524, 0.0000, 128, 54, 44
L 1943.7564, -790.6071, 0.0000, 1977.1302, -790.6071, 0.0000, 128, 54, 44
L 1943.5508, -788.9617, 0.0000, 1977.2948, -788.9617, 0.0000, 128, 54, 44
L 1943.3451, -787.3163, 0.0000, 1977.4593, -787.3163, 0.0000, 128, 54, 44
L 1943.1394, -785.6709, 0.0000, 1977.6238, -785.6709, 0.0000, 128, 54, 44
L 1942.9337, -784.0255, 0.0000, 1977.7884, -784.0255, 0.0000, 128, 54, 44
L 1942.7281, -782.3802, 0.0000, 1977.9529, -782.3802, 0.0000, 128, 54, 44
L 1942.5224, -780.7348, 0.0000, 1978.1175, -780.7348, 0.0000, 128, 54, 44
L 1942.3167, -779.0894, 0.0000, 1978.2820, -779.0894, 0.0000, 128, 54, 44
L 1942.1111, -777.4440, 0.0000, 1978.4465, -777.4440, 0.0000, 128, 54, 44
L 1941.9054, -775.7987, 0.0000, 1978.6111, -775.7987, 0.0000, 128, 54, 44
L 1941.6997, -774.1533, 0.0000, 1978.7756, -774.1533, 0.0000, 128, 54, 44
L 1941.4940, -772.5079, 0.0000, 1978.9401, -772.5079, 0.0000, 128, 54, 44
L 1941.5283, -770.8625, 0.0000, 1979.1047, -770.8625, 0.0000, 128, 54, 44
L 1941.6826, -769.2171, 0.0000, 1978.9493, -769.2171, 0.0000, 128, 54, 44
L 1941.8368, -767.5718, 0.0000, 1978.7299, -767.5718, 0.0000, 128, 54, 44
L 1941.9911, -765.9264, 0.0000, 1978.5105, -765.9264, 0.0000, 128, 54, 44
L 1942.1453, -764.2810, 0.0000, 1978.2911, -764.2810, 0.0000, 128, 54, 44
L 1942.2996, -762.6356, 0.0000, 1978.0717, -762.6356, 0.0000, 128, 54, 44
L 1942.4538, -760.9902, 0.0000, 1977.8524, -760.9902, 0.0000, 128, 54, 44
L 1942.6081, -759.3449, 0.0000, 1977.6330, -759.3449, 0.0000, 128, 54, 44
L 1942.7624, -757.6995, 0.0000, 1977.4136, -757.6995, 0.0000, 128, 54, 44
L 1942.9166, -756.0541, 0.0000, 1977.1942, -756.0541, 0.0000, 128, 54, 44
L 1943.0709, -754.4087, 0.0000, 1976.9748, -754.4087, 0.0000, 128, 54, 44
L 1943.2251, -752.7633, 0.0000, 1976.7554, -752.7633, 0.0000, 128, 54, 44
L 1943.3794, -751.1180, 0.0000, 1976.5361, -751.1180, 0.0000, 128, 54, 44
L 1943.4822, -750.0210, 0.0000, 1941.4255, -771.9594, 0.0000, 86, 38, 32
L 1941.4255, -771.9594, 0.0000, 1944.1678, -793.8978, 0.0000, 86, 38, 32
L 1944.1678, -793.8978, 0.0000, 1954.4514, -802.1247, 0.0000, 86, 38, 32
L 1954.4514, -802.1247, 0.0000, 1968.1629, -800.7536, 0.0000, 86, 38, 32
L 1968.1629, -800.7536, 0.0000, 1977.0754, -791.1555, 0.0000, 86, 38, 32
L 1977.0754, -791.1555, 0.0000, 1979.1321, -770.5883, 0.0000, 86, 38, 32
L 1979.1321, -770.5883, 0.0000, 1976.3898, -750.0210, 0.0000, 86, 38, 32
L 1976.3898, -750.0210, 0.0000, 1943.4822, -750.0210, 0.0000, 86, 38, 32
L 1943.4822, -780.1863, 0.0000, 1977.7610, -781.5575, 0.0000, 168, 138, 70
L 1950.1837, -817.6187, 0.0000, 1961.3986, -817.6187, 0.0000, 128, 128, 138
L 1948.7440, -815.9733, 0.0000, 1962.8611, -815.9733, 0.0000, 128, 128, 138
L 1947.3043, -814.3280, 0.0000, 1964.3237, -814.3280, 0.0000, 128, 128, 138
L 1946.4073, -812.6826, 0.0000, 1965.3863, -812.6826, 0.0000, 128, 128, 138
L 1947.1386, -811.0372, 0.0000, 1965.2492, -811.0372, 0.0000, 128, 128, 138
L 1947.8699, -809.3918, 0.0000, 1965.1121, -809.3918, 0.0000, 128, 128, 138
L 1948.6012, -807.7464, 0.0000, 1964.9750, -807.7464, 0.0000, 128, 128, 138
L 1951.2703, -806.1011, 0.0000, 1964.8379, -806.1011, 0.0000, 128, 128, 138
L 1955.8774, -804.4557, 0.0000, 1962.8840, -804.4557, 0.0000, 128, 128, 138
L 1958.5649, -803.4959, 0.0000, 1948.9668, -806.9238, 0.0000, 86, 38, 32
L 1948.9668, -806.9238, 0.0000, 1946.2245, -813.0939, 0.0000, 86, 38, 32
L 1946.2245, -813.0939, 0.0000, 1951.0235, -818.5785, 0.0000, 86, 38, 32
L 1951.0235, -818.5785, 0.0000, 1959.9360, -819.2641, 0.0000, 86, 38, 32
L 1959.9360, -819.2641, 0.0000, 1965.4206, -813.0939, 0.0000, 86, 38, 32
L 1965.4206, -813.0939, 0.0000, 1964.7350, -804.8670, 0.0000, 86, 38, 32
L 1964.7350, -804.8670, 0.0000, 1958.5649, -803.4959, 0.0000, 86, 38, 32
L 1957.9665, -825.1600, 0.0000, 1959.6618, -825.1600, 0.0000, 128, 54, 44
L 1957.3682, -823.5147, 0.0000, 1960.7587, -823.5147, 0.0000, 128, 54, 44
L 1956.7699, -821.8693, 0.0000, 1961.8556, -821.8693, 0.0000, 128, 54, 44
L 1956.1716, -820.2239, 0.0000, 1962.9525, -820.2239, 0.0000, 128, 54, 44
L 1955.8226, -819.2641, 0.0000, 1958.5649, -826.8054, 0.0000, 128, 54, 44
L 1958.5649, -826.8054, 0.0000, 1964.0495, -818.5785, 0.0000, 128, 54, 44
L 1964.0495, -818.5785, 0.0000, 1955.8226, -819.2641, 0.0000, 128, 54, 44
L 1936.9007, -786.7678, 0.0000, 1943.6193, -786.7678, 0.0000, 128, 128, 138
L 1932.4273, -785.1225, 0.0000, 1943.7564, -785.1225, 0.0000, 128, 128, 138
L 1932.1702, -783.4771, 0.0000, 1943.8936, -783.4771, 0.0000, 128, 128, 138
L 1931.9131, -781.8317, 0.0000, 1944.0307, -781.8317, 0.0000, 128, 128, 138
L 1931.6560, -780.1863, 0.0000, 1944.1678, -780.1863, 0.0000, 128, 128, 138
L 1931.3990, -778.5409, 0.0000, 1944.3049, -778.5409, 0.0000, 128, 128, 138
L 1931.1419, -776.8956, 0.0000, 1944.4420, -776.8956, 0.0000, 128, 128, 138
L 1930.8848, -775.2502, 0.0000, 1944.5791, -775.2502, 0.0000, 128, 128, 138
L 1930.6277, -773.6048, 0.0000, 1944.7162, -773.6048, 0.0000, 128, 128, 138
L 1930.3706, -771.9594, 0.0000, 1944.8534, -771.9594, 0.0000, 128, 128, 138
L 1930.1135, -770.3141, 0.0000, 1944.9905, -770.3141, 0.0000, 128, 128, 138
L 1929.8564, -768.6687, 0.0000, 1945.1276, -768.6687, 0.0000, 128, 128, 138
L 1929.5993, -767.0233, 0.0000, 1945.2647, -767.0233, 0.0000, 128, 128, 138
L 1929.3422, -765.3779, 0.0000, 1945.4018, -765.3779, 0.0000, 128, 128, 138
L 1929.0851, -763.7325, 0.0000, 1945.5389, -763.7325, 0.0000, 128, 128, 138
L 1929.6610, -762.0872, 0.0000, 1945.1276, -762.0872, 0.0000, 128, 128, 138
L 1930.2369, -760.4418, 0.0000, 1944.7162, -760.4418, 0.0000, 128, 128, 138
L 1930.8128, -758.7964, 0.0000, 1944.3049, -758.7964, 0.0000, 128, 128, 138
L 1931.3887, -757.1510, 0.0000, 1943.8936, -757.1510, 0.0000, 128, 128, 138
L 1931.9646, -755.5056, 0.0000, 1943.4822, -755.5056, 0.0000, 128, 128, 138
L 1932.5404, -753.8603, 0.0000, 1943.0709, -753.8603, 0.0000, 128, 128, 138
L 1933.1163, -752.2149, 0.0000, 1942.6595, -752.2149, 0.0000, 128, 128, 138
L 1933.6922, -750.5695, 0.0000, 1942.2482, -750.5695, 0.0000, 128, 128, 138
L 1934.2681, -748.9241, 0.0000, 1941.8368, -748.9241, 0.0000, 128, 128, 138
L 1934.8440, -747.2787, 0.0000, 1941.4255, -747.2787, 0.0000, 128, 128, 138
L 1935.4198, -745.6334, 0.0000, 1941.0141, -745.6334, 0.0000, 128, 128, 138
L 1935.9957, -743.9880, 0.0000, 1940.6028, -743.9880, 0.0000, 128, 128, 138
L 1936.5716, -742.3426, 0.0000, 1940.1915, -742.3426, 0.0000, 128, 128, 138
L 1937.1475, -740.6972, 0.0000, 1939.7801, -740.6972, 0.0000, 128, 128, 138
L 1937.7234, -739.0518, 0.0000, 1939.3688, -739.0518, 0.0000, 128, 128, 138
L 1938.2993, -737.4065, 0.0000, 1938.9574, -737.4065, 0.0000, 128, 128, 138
L 1932.5130, -785.6709, 0.0000, 1943.4822, -788.4132, 0.0000, 86, 38, 32
L 1943.4822, -788.4132, 0.0000, 1945.5389, -763.7325, 0.0000, 86, 38, 32
L 1945.5389, -763.7325, 0.0000, 1938.6832, -736.3095, 0.0000, 86, 38, 32
L 1938.6832, -736.3095, 0.0000, 1929.0851, -763.7325, 0.0000, 86, 38, 32
L 1929.0851, -763.7325, 0.0000, 1932.5130, -785.6709, 0.0000, 86, 38, 32
L 1937.9976, -782.9286, 0.0000, 1937.3120, -744.5364, 0.0000, 128, 54, 44
L 1975.0187, -750.0210, 0.0000, 1971.5908, -837.7746, 0.0000, 116, 96, 66
L 1978.5836, -829.2735, 0.0000, 1983.1708, -829.2735, 0.0000, 160, 160, 170
L 1973.9217, -827.6281, 0.0000, 1983.0960, -827.6281, 0.0000, 160, 160, 170
L 1971.6593, -825.9827, 0.0000, 1983.0212, -825.9827, 0.0000, 160, 160, 170
L 1971.7965, -824.3374, 0.0000, 1982.9464, -824.3374, 0.0000, 160, 160, 170
L 1971.9336, -822.6920, 0.0000, 1982.8716, -822.6920, 0.0000, 160, 160, 170
L 1972.0707, -821.0466, 0.0000, 1982.7968, -821.0466, 0.0000, 160, 160, 170
L 1972.2078, -819.4012, 0.0000, 1982.7220, -819.4012, 0.0000, 160, 160, 170
L 1975.3614, -817.7558, 0.0000, 1982.6472, -817.7558, 0.0000, 160, 160, 170
L 1981.5316, -816.1105, 0.0000, 1982.5724, -816.1105, 0.0000, 160, 160, 170
L 1971.5908, -826.8054, 0.0000, 1983.2456, -830.9189, 0.0000, 110, 110, 120
L 1983.2456, -830.9189, 0.0000, 1982.5600, -815.8362, 0.0000, 110, 110, 120
L 1982.5600, -815.8362, 0.0000, 1972.2764, -818.5785, 0.0000, 110, 110, 120
L 1972.2764, -818.5785, 0.0000, 1971.5908, -826.8054, 0.0000, 110, 110, 120
L 1968.8485, -848.7438, 0.0000, 1974.3331, -848.7438, 0.0000, 160, 160, 170
L 1969.2598, -847.0984, 0.0000, 1973.9217, -847.0984, 0.0000, 160, 160, 170
L 1969.6712, -845.4531, 0.0000, 1973.5104, -845.4531, 0.0000, 160, 160, 170
L 1970.0825, -843.8077, 0.0000, 1973.0990, -843.8077, 0.0000, 160, 160, 170
L 1970.4939, -842.1623, 0.0000, 1972.6877, -842.1623, 0.0000, 160, 160, 170
L 1970.9052, -840.5169, 0.0000, 1972.2764, -840.5169, 0.0000, 160, 160, 170
L 1971.3166, -838.8715, 0.0000, 1971.8650, -838.8715, 0.0000, 160, 160, 170
L 1971.5908, -837.7746, 0.0000, 1968.8485, -848.7438, 0.0000, 160, 160, 170
L 1974.3331, -848.7438, 0.0000, 1971.5908, -837.7746, 0.0000, 160, 160, 170
L -1072.6749, -156.8322, 0.0000, -1065.4046, -156.8322, 0.0000, 96, 78, 54
L -1072.6624, -153.0478, 0.0000, -1065.2111, -153.0478, 0.0000, 96, 78, 54
L -1072.6499, -149.2634, 0.0000, -1065.0176, -149.2634, 0.0000, 96, 78, 54
L -1072.7510, -145.4791, 0.0000, -1064.9377, -145.4791, 0.0000, 96, 78, 54
L -1072.8644, -141.6947, 0.0000, -1064.8701, -141.6947, 0.0000, 96, 78, 54
L -1072.8775, -137.9103, 0.0000, -1064.7022, -137.9103, 0.0000, 96, 78, 54
L -1072.6623, -134.1259, 0.0000, -1064.3061, -134.1259, 0.0000, 96, 78, 54
L -1072.4472, -130.3416, 0.0000, -1063.9099, -130.3416, 0.0000, 96, 78, 54
L -1072.4146, -126.5572, 0.0000, -1063.6964, -126.5572, 0.0000, 96, 78, 54
L -1072.4574, -122.7728, 0.0000, -1063.5581, -122.7728, 0.0000, 96, 78, 54
L -1072.5009, -118.9884, 0.0000, -1063.4207, -118.9884, 0.0000, 96, 78, 54
L -1072.5503, -115.2041, 0.0000, -1063.2890, -115.2041, 0.0000, 96, 78, 54
L -1072.5996, -111.4197, 0.0000, -1063.1574, -111.4197, 0.0000, 96, 78, 54
L -1072.5373, -107.6353, 0.0000, -1062.9141, -107.6353, 0.0000, 96, 78, 54
L -1072.3690, -103.8509, 0.0000, -1062.5648, -103.8509, 0.0000, 96, 78, 54
L -1072.2008, -100.0666, 0.0000, -1062.2156, -100.0666, 0.0000, 96, 78, 54
L -1072.4196, -96.2822, 0.0000, -1062.2534, -96.2822, 0.0000, 96, 78, 54
L -1072.6740, -92.4978, 0.0000, -1062.3269, -92.4978, 0.0000, 96, 78, 54
L -1072.8476, -89.9176, 0.0000, -1072.1866, -99.7471, 0.0000, 70, 56, 38
L -1062.3770, -89.9176, 0.0000, -1062.1861, -99.7471, 0.0000, 96, 78, 54
L -1072.1866, -99.7471, 0.0000, -1072.6236, -109.5767, 0.0000, 70, 56, 38
L -1062.1861, -99.7471, 0.0000, -1063.0933, -109.5767, 0.0000, 96, 78, 54
L -1072.6236, -109.5767, 0.0000, -1072.4955, -119.4062, 0.0000, 70, 56, 38
L -1063.0933, -109.5767, 0.0000, -1063.4352, -119.4062, 0.0000, 96, 78, 54
L -1072.4955, -119.4062, 0.0000, -1072.3843, -129.2357, 0.0000, 70, 56, 38
L -1063.4352, -119.4062, 0.0000, -1063.7942, -129.2357, 0.0000, 96, 78, 54
L -1072.3843, -129.2357, 0.0000, -1072.9431, -139.0653, 0.0000, 70, 56, 38
L -1063.7942, -129.2357, 0.0000, -1064.8231, -139.0653, 0.0000, 96, 78, 54
L -1072.9431, -139.0653, 0.0000, -1072.6487, -148.8948, 0.0000, 70, 56, 38
L -1064.8231, -139.0653, 0.0000, -1064.9987, -148.8948, 0.0000, 96, 78, 54
L -1072.6487, -148.8948, 0.0000, -1072.6812, -158.7244, 0.0000, 70, 56, 38
L -1064.9987, -148.8948, 0.0000, -1065.5013, -158.7244, 0.0000, 96, 78, 54
L -1072.1866, -99.7471, 0.0000, -1067.6864, -98.3710, 0.0000, 70, 56, 38
L -1072.4955, -119.4062, 0.0000, -1068.4183, -118.0301, 0.0000, 70, 56, 38
L -1072.9431, -139.0653, 0.0000, -1069.2891, -137.6891, 0.0000, 70, 56, 38
L -1072.3679, -101.3854, 0.0000, -1063.0939, -101.3854, 0.0000, 70, 56, 38
L -1072.4985, -112.8532, 0.0000, -1063.2245, -112.8532, 0.0000, 70, 56, 38
L -1072.7161, -124.3210, 0.0000, -1063.4421, -124.3210, 0.0000, 70, 56, 38
L -1073.0208, -135.7888, 0.0000, -1063.7469, -135.7888, 0.0000, 70, 56, 38
L -1073.4126, -147.2566, 0.0000, -1064.1386, -147.2566, 0.0000, 70, 56, 38
L -1094.9285, -169.2967, 0.0000, -1074.0284, -169.2967, 0.0000, 68, 112, 56
L -1102.7893, -166.3051, 0.0000, -1069.2544, -166.3051, 0.0000, 68, 112, 56
L -1108.1625, -163.3135, 0.0000, -1069.2544, -163.3135, 0.0000, 68, 112, 56
L -1112.3680, -160.3219, 0.0000, -1105.6516, -160.3219, 0.0000, 68, 112, 56
L -1090.9243, -160.3219, 0.0000, -1069.2544, -160.3219, 0.0000, 68, 112, 56
L -1081.8444, -157.3303, 0.0000, -1069.2544, -157.3303, 0.0000, 68, 112, 56
L -1076.0532, -154.3387, 0.0000, -1069.2544, -154.3387, 0.0000, 68, 112, 56
L -1071.5214, -151.3471, 0.0000, -1069.2544, -151.3471, 0.0000, 68, 112, 56
L -1069.2544, -158.7244, 0.0000, -1074.6436, -161.5250, 0.0000, 68, 112, 56
L -1074.6436, -161.5250, 0.0000, -1080.0328, -163.5533, 0.0000, 68, 112, 56
L -1080.0328, -163.5533, 0.0000, -1085.4220, -164.8093, 0.0000, 68, 112, 56
L -1085.4220, -164.8093, 0.0000, -1090.8112, -165.2930, 0.0000, 68, 112, 56
L -1090.8112, -165.2930, 0.0000, -1096.2004, -165.0044, 0.0000, 68, 112, 56
L -1096.2004, -165.0044, 0.0000, -1101.5896, -163.9436, 0.0000, 68, 112, 56
L -1101.5896, -163.9436, 0.0000, -1106.9788, -162.1104, 0.0000, 68, 112, 56
L -1106.9788, -162.1104, 0.0000, -1112.3680, -159.5050, 0.0000, 68, 112, 56
L -1091.4726, -175.2809, 0.0000, -1078.9494, -175.2809, 0.0000, 96, 140, 84
L -1096.2717, -172.2893, 0.0000, -1074.0913, -172.2893, 0.0000, 96, 140, 84
L -1099.5553, -169.2977, 0.0000, -1070.8412, -169.2977, 0.0000, 96, 140, 84
L -1083.7743, -166.3061, 0.0000, -1069.2544, -166.3061, 0.0000, 96, 140, 84
L -1079.8672, -163.3145, 0.0000, -1069.2544, -163.3145, 0.0000, 96, 140, 84
L -1076.8338, -160.3229, 0.0000, -1069.2544, -160.3229, 0.0000, 96, 140, 84
L -1074.4546, -157.3313, 0.0000, -1069.2544, -157.3313, 0.0000, 96, 140, 84
L -1072.2516, -154.3397, 0.0000, -1069.2544, -154.3397, 0.0000, 96, 140, 84
L -1070.2982, -151.3481, 0.0000, -1069.2544, -151.3481, 0.0000, 96, 140, 84
L -1069.2544, -158.7244, 0.0000, -1073.0601, -163.5555, 0.0000, 68, 112, 56
L -1073.0601, -163.5555, 0.0000, -1076.8659, -167.3436, 0.0000, 68, 112, 56
L -1076.8659, -167.3436, 0.0000, -1080.6716, -170.0886, 0.0000, 68, 112, 56
L -1080.6716, -170.0886, 0.0000, -1084.4773, -171.7907, 0.0000, 68, 112, 56
L -1084.4773, -171.7907, 0.0000, -1088.2830, -172.4497, 0.0000, 68, 112, 56
L -1088.2830, -172.4497, 0.0000, -1092.0887, -172.0656, 0.0000, 68, 112, 56
L -1092.0887, -172.0656, 0.0000, -1095.8945, -170.6386, 0.0000, 68, 112, 56
L -1095.8945, -170.6386, 0.0000, -1099.7002, -168.1685, 0.0000, 68, 112, 56
L -1077.7887, -179.1341, 0.0000, -1073.4557, -179.1341, 0.0000, 68, 112, 56
L -1079.3721, -176.1425, 0.0000, -1071.8818, -176.1425, 0.0000, 68, 112, 56
L -1080.2208, -173.1509, 0.0000, -1079.1390, -173.1509, 0.0000, 68, 112, 56
L -1076.7959, -173.1509, 0.0000, -1070.7973, -173.1509, 0.0000, 68, 112, 56
L -1074.6148, -170.1593, 0.0000, -1069.9320, -170.1593, 0.0000, 68, 112, 56
L -1073.4034, -167.1677, 0.0000, -1069.2544, -167.1677, 0.0000, 68, 112, 56
L -1072.4985, -164.1761, 0.0000, -1069.2544, -164.1761, 0.0000, 68, 112, 56
L -1071.6846, -161.1845, 0.0000, -1069.2544, -161.1845, 0.0000, 68, 112, 56
L -1070.9746, -158.1929, 0.0000, -1069.2544, -158.1929, 0.0000, 68, 112, 56
L -1070.3264, -155.2013, 0.0000, -1069.2544, -155.2013, 0.0000, 68, 112, 56
L -1069.2544, -158.7244, 0.0000, -1070.6252, -164.6986, 0.0000, 68, 112, 56
L -1070.6252, -164.6986, 0.0000, -1071.9960, -169.4774, 0.0000, 68, 112, 56
L -1071.9960, -169.4774, 0.0000, -1073.3668, -173.0608, 0.0000, 68, 112, 56
L -1073.3668, -173.0608, 0.0000, -1074.7376, -175.4487, 0.0000, 68, 112, 56
L -1074.7376, -175.4487, 0.0000, -1076.1084, -176.6411, 0.0000, 68, 112, 56
L -1076.1084, -176.6411, 0.0000, -1077.4792, -176.6382, 0.0000, 68, 112, 56
L -1077.4792, -176.6382, 0.0000, -1078.8500, -175.4397, 0.0000, 68, 112, 56
L -1078.8500, -175.4397, 0.0000, -1080.2208, -173.0459, 0.0000, 68, 112, 56
L -1065.0531, -179.1341, 0.0000, -1060.7202, -179.1341, 0.0000, 96, 140, 84
L -1066.6271, -176.1425, 0.0000, -1059.1367, -176.1425, 0.0000, 96, 140, 84
L -1067.7115, -173.1509, 0.0000, -1061.7130, -173.1509, 0.0000, 96, 140, 84
L -1059.3699, -173.1509, 0.0000, -1058.2880, -173.1509, 0.0000, 96, 140, 84
L -1068.5768, -170.1593, 0.0000, -1063.8941, -170.1593, 0.0000, 96, 140, 84
L -1069.2544, -167.1677, 0.0000, -1065.1055, -167.1677, 0.0000, 96, 140, 84
L -1069.2544, -164.1761, 0.0000, -1066.0103, -164.1761, 0.0000, 96, 140, 84
L -1069.2544, -161.1845, 0.0000, -1066.8243, -161.1845, 0.0000, 96, 140, 84
L -1069.2544, -158.1929, 0.0000, -1067.5343, -158.1929, 0.0000, 96, 140, 84
L -1069.2544, -155.2013, 0.0000, -1068.1824, -155.2013, 0.0000, 96, 140, 84
L -1069.2544, -158.7244, 0.0000, -1067.8836, -164.6986, 0.0000, 68, 112, 56
L -1067.8836, -164.6986, 0.0000, -1066.5128, -169.4774, 0.0000, 68, 112, 56
L -1066.5128, -169.4774, 0.0000, -1065.1420, -173.0608, 0.0000, 68, 112, 56
L -1065.1420, -173.0608, 0.0000, -1063.7712, -175.4487, 0.0000, 68, 112, 56
L -1063.7712, -175.4487, 0.0000, -1062.4004, -176.6411, 0.0000, 68, 112, 56
L -1062.4004, -176.6411, 0.0000, -1061.0296, -176.6382, 0.0000, 68, 112, 56
L -1061.0296, -176.6382, 0.0000, -1059.6588, -175.4397, 0.0000, 68, 112, 56
L -1059.6588, -175.4397, 0.0000, -1058.2880, -173.0459, 0.0000, 68, 112, 56
L -1059.5595, -175.2809, 0.0000, -1047.0363, -175.2809, 0.0000, 68, 112, 56
L -1064.4176, -172.2893, 0.0000, -1042.2371, -172.2893, 0.0000, 68, 112, 56
L -1067.6677, -169.2977, 0.0000, -1038.9535, -169.2977, 0.0000, 68, 112, 56
L -1069.2544, -166.3061, 0.0000, -1054.7345, -166.3061, 0.0000, 68, 112, 56
L -1069.2544, -163.3145, 0.0000, -1058.6417, -163.3145, 0.0000, 68, 112, 56
L -1069.2544, -160.3229, 0.0000, -1061.6751, -160.3229, 0.0000, 68, 112, 56
L -1069.2544, -157.3313, 0.0000, -1064.0543, -157.3313, 0.0000, 68, 112, 56
L -1069.2544, -154.3397, 0.0000, -1066.2572, -154.3397, 0.0000, 68, 112, 56
L -1069.2544, -151.3481, 0.0000, -1068.2107, -151.3481, 0.0000, 68, 112, 56
L -1069.2544, -158.7244, 0.0000, -1065.4487, -163.5555, 0.0000, 68, 112, 56
L -1065.4487, -163.5555, 0.0000, -1061.6430, -167.3436, 0.0000, 68, 112, 56
L -1061.6430, -167.3436, 0.0000, -1057.8373, -170.0886, 0.0000, 68, 112, 56
L -1057.8373, -170.0886, 0.0000, -1054.0316, -171.7907, 0.0000, 68, 112, 56
L -1054.0316, -171.7907, 0.0000, -1050.2258, -172.4497, 0.0000, 68, 112, 56
L -1050.2258, -172.4497, 0.0000, -1046.4201, -172.0656, 0.0000, 68, 112, 56
L -1046.4201, -172.0656, 0.0000, -1042.6144, -170.6386, 0.0000, 68, 112, 56
L -1042.6144, -170.6386, 0.0000, -1038.8087, -168.1685, 0.0000, 68, 112, 56
L -1064.4805, -169.2967, 0.0000, -1043.5803, -169.2967, 0.0000, 96, 140, 84
L -1069.2544, -166.3051, 0.0000, -1035.7195, -166.3051, 0.0000, 96, 140, 84
L -1069.2544, -163.3135, 0.0000, -1030.3463, -163.3135, 0.0000, 96, 140, 84
L -1069.2544, -160.3219, 0.0000, -1047.5845, -160.3219, 0.0000, 96, 140, 84
L -1032.8573, -160.3219, 0.0000, -1026.1409, -160.3219, 0.0000, 96, 140, 84
L -1069.2544, -157.3303, 0.0000, -1056.6645, -157.3303, 0.0000, 96, 140, 84
L -1069.2544, -154.3387, 0.0000, -1062.4557, -154.3387, 0.0000, 96, 140, 84
L -1069.2544, -151.3471, 0.0000, -1066.9875, -151.3471, 0.0000, 96, 140, 84
L -1069.2544, -158.7244, 0.0000, -1063.8652, -161.5250, 0.0000, 68, 112, 56
L -1063.8652, -161.5250, 0.0000, -1058.4760, -163.5533, 0.0000, 68, 112, 56
L -1058.4760, -163.5533, 0.0000, -1053.0869, -164.8093, 0.0000, 68, 112, 56
L -1053.0869, -164.8093, 0.0000, -1047.6977, -165.2930, 0.0000, 68, 112, 56
L -1047.6977, -165.2930, 0.0000, -1042.3085, -165.0044, 0.0000, 68, 112, 56
L -1042.3085, -165.0044, 0.0000, -1036.9193, -163.9436, 0.0000, 68, 112, 56
L -1036.9193, -163.9436, 0.0000, -1031.5301, -162.1104, 0.0000, 68, 112, 56
L -1031.5301, -162.1104, 0.0000, -1026.1409, -159.5050, 0.0000, 68, 112, 56
L -1066.6104, -155.4884, 0.0000, -1062.0693, -155.4884, 0.0000, 96, 78, 54
L -1067.1316, -153.2447, 0.0000, -1061.8491, -153.2447, 0.0000, 96, 78, 54
L -1060.8774, -154.2370, 0.0000, -1061.7771, -153.4060, 0.0000, 96, 78, 54
L -1061.7771, -153.4060, 0.0000, -1062.1518, -152.5661, 0.0000, 96, 78, 54
L -1062.1518, -152.5661, 0.0000, -1063.0918, -152.2339, 0.0000, 96, 78, 54
L -1063.0918, -152.2339, 0.0000, -1064.0191, -151.4106, 0.0000, 96, 78, 54
L -1064.0191, -151.4106, 0.0000, -1065.1825, -151.7241, 0.0000, 96, 78, 54
L -1065.1825, -151.7241, 0.0000, -1065.6973, -152.7354, 0.0000, 96, 78, 54
L -1065.6973, -152.7354, 0.0000, -1067.1006, -153.0949, 0.0000, 96, 78, 54
L -1067.1006, -153.0949, 0.0000, -1067.3367, -154.2370, 0.0000, 96, 78, 54
L -1067.3367, -154.2370, 0.0000, -1066.7903, -155.2640, 0.0000, 96, 78, 54
L -1066.7903, -155.2640, 0.0000, -1066.1123, -156.1098, 0.0000, 96, 78, 54
L -1066.1123, -156.1098, 0.0000, -1064.9726, -156.2966, 0.0000, 96, 78, 54
L -1064.9726, -156.2966, 0.0000, -1064.0191, -156.3358, 0.0000, 96, 78, 54
L -1064.0191, -156.3358, 0.0000, -1062.9204, -156.6103, 0.0000, 96, 78, 54
L -1062.9204, -156.6103, 0.0000, -1062.3282, -155.7499, 0.0000, 96, 78, 54
L -1062.3282, -155.7499, 0.0000, -1061.6863, -155.1015, 0.0000, 96, 78, 54
L -1061.6863, -155.1015, 0.0000, -1060.8774, -154.2370, 0.0000, 96, 78, 54
L -1065.5479, -152.4420, 0.0000, -1062.5030, -152.4420, 0.0000, 70, 56, 38
L -1073.6093, -153.5209, 0.0000, -1069.6957, -153.5209, 0.0000, 96, 78, 54
L -1074.7352, -151.2772, 0.0000, -1069.4750, -151.2772, 0.0000, 96, 78, 54
L -1072.4158, -149.0335, 0.0000, -1071.4067, -149.0335, 0.0000, 96, 78, 54
L -1069.2941, -151.6462, 0.0000, -1069.6906, -150.8377, 0.0000, 96, 78, 54
L -1069.6906, -150.8377, 0.0000, -1069.8886, -149.8714, 0.0000, 96, 78, 54
L -1069.8886, -149.8714, 0.0000, -1070.8078, -149.3472, 0.0000, 96, 78, 54
L -1070.8078, -149.3472, 0.0000, -1071.8721, -148.7898, 0.0000, 96, 78, 54
L -1071.8721, -148.7898, 0.0000, -1072.9672, -149.2807, 0.0000, 96, 78, 54
L -1072.9672, -149.2807, 0.0000, -1073.9832, -149.7573, 0.0000, 96, 78, 54
L -1073.9832, -149.7573, 0.0000, -1074.4976, -150.6731, 0.0000, 96, 78, 54
L -1074.4976, -150.6731, 0.0000, -1074.8803, -151.6462, 0.0000, 96, 78, 54
L -1074.8803, -151.6462, 0.0000, -1074.4574, -152.6043, 0.0000, 96, 78, 54
L -1074.4574, -152.6043, 0.0000, -1073.7212, -153.3006, 0.0000, 96, 78, 54
L -1073.7212, -153.3006, 0.0000, -1073.1545, -154.4163, 0.0000, 96, 78, 54
L -1073.1545, -154.4163, 0.0000, -1071.8721, -154.6428, 0.0000, 96, 78, 54
L -1071.8721, -154.6428, 0.0000, -1070.6513, -154.2832, 0.0000, 96, 78, 54
L -1070.6513, -154.2832, 0.0000, -1069.7121, -153.5787, 0.0000, 96, 78, 54
L -1069.7121, -153.5787, 0.0000, -1069.4210, -152.5546, 0.0000, 96, 78, 54
L -1069.4210, -152.5546, 0.0000, -1069.2941, -151.6462, 0.0000, 96, 78, 54
L -1074.0359, -149.8512, 0.0000, -1069.9240, -149.8512, 0.0000, 70, 56, 38
L -1073.6597, -158.4615, 0.0000, -1069.9058, -158.4615, 0.0000, 96, 78, 54
L -1074.9948, -156.2178, 0.0000, -1069.4010, -156.2178, 0.0000, 96, 78, 54
L -1069.3066, -156.8278, 0.0000, -1069.4458, -155.9286, 0.0000, 96, 78, 54
L -1069.4458, -155.9286, 0.0000, -1070.1734, -155.3079, 0.0000, 96, 78, 54
L -1070.1734, -155.3079, 0.0000, -1070.6802, -154.2533, 0.0000, 96, 78, 54
L -1070.6802, -154.2533, 0.0000, -1071.8721, -154.3761, 0.0000, 96, 78, 54
L -1071.8721, -154.3761, 0.0000, -1073.0954, -154.1853, 0.0000, 96, 78, 54
L -1073.0954, -154.1853, 0.0000, -1073.7996, -155.1031, 0.0000, 96, 78, 54
L -1073.7996, -155.1031, 0.0000, -1074.9307, -155.6942, 0.0000, 96, 78, 54
L -1074.9307, -155.6942, 0.0000, -1075.0694, -156.8278, 0.0000, 96, 78, 54
L -1075.0694, -156.8278, 0.0000, -1074.0257, -157.6259, 0.0000, 96, 78, 54
L -1074.0257, -157.6259, 0.0000, -1073.6717, -158.4379, 0.0000, 96, 78, 54
L -1073.6717, -158.4379, 0.0000, -1073.1203, -159.5240, 0.0000, 96, 78, 54
L -1073.1203, -159.5240, 0.0000, -1071.8721, -159.3431, 0.0000, 96, 78, 54
L -1071.8721, -159.3431, 0.0000, -1070.5964, -159.5833, 0.0000, 96, 78, 54
L -1070.5964, -159.5833, 0.0000, -1069.9367, -158.5594, 0.0000, 96, 78, 54
L -1069.9367, -158.5594, 0.0000, -1069.6500, -157.6513, 0.0000, 96, 78, 54
L -1069.6500, -157.6513, 0.0000, -1069.3066, -156.8278, 0.0000, 96, 78, 54
L -1073.7456, -155.0328, 0.0000, -1070.3056, -155.0328, 0.0000, 70, 56, 38
L 1947.5957, -78.9484, 0.0000, 1973.6475, -78.9484, 0.0000, 86, 38, 32
L 1947.4723, -77.3030, 0.0000, 1973.7298, -77.3030, 0.0000, 86, 38, 32
L 1947.3489, -75.6576, 0.0000, 1973.8120, -75.6576, 0.0000, 86, 38, 32
L 1947.2254, -74.0122, 0.0000, 1973.8943, -74.0122, 0.0000, 86, 38, 32
L 1947.1020, -72.3669, 0.0000, 1973.9766, -72.3669, 0.0000, 86, 38, 32
L 1946.9786, -70.7215, 0.0000, 1974.0588, -70.7215, 0.0000, 86, 38, 32
L 1946.8552, -69.0761, 0.0000, 1974.1411, -69.0761, 0.0000, 86, 38, 32
L 1946.7318, -67.4307, 0.0000, 1974.2234, -67.4307, 0.0000, 86, 38, 32
L 1946.6084, -65.7853, 0.0000, 1974.3057, -65.7853, 0.0000, 86, 38, 32
L 1946.4850, -64.1400, 0.0000, 1974.3879, -64.1400, 0.0000, 86, 38, 32
L 1946.3616, -62.4946, 0.0000, 1974.4702, -62.4946, 0.0000, 86, 38, 32
L 1946.2382, -60.8492, 0.0000, 1974.5525, -60.8492, 0.0000, 86, 38, 32
L 1946.1148, -59.2038, 0.0000, 1974.6347, -59.2038, 0.0000, 86, 38, 32
L 1945.9914, -57.5584, 0.0000, 1974.7170, -57.5584, 0.0000, 86, 38, 32
L 1945.8680, -55.9131, 0.0000, 1974.7993, -55.9131, 0.0000, 86, 38, 32
L 1945.7446, -54.2677, 0.0000, 1974.8815, -54.2677, 0.0000, 86, 38, 32
L 1945.6212, -52.6223, 0.0000, 1974.9638, -52.6223, 0.0000, 86, 38, 32
L 1945.5801, -50.9769, 0.0000, 1974.9912, -50.9769, 0.0000, 86, 38, 32
L 1945.7035, -49.3315, 0.0000, 1974.9090, -49.3315, 0.0000, 86, 38, 32
L 1945.8269, -47.6862, 0.0000, 1960.3474, -47.6862, 0.0000, 86, 38, 32
L 1968.1324, -47.6862, 0.0000, 1974.8267, -47.6862, 0.0000, 86, 38, 32
L 1945.9503, -46.0408, 0.0000, 1959.9360, -46.0408, 0.0000, 86, 38, 32
L 1968.0867, -46.0408, 0.0000, 1974.7444, -46.0408, 0.0000, 86, 38, 32
L 1946.0737, -44.3954, 0.0000, 1959.5247, -44.3954, 0.0000, 86, 38, 32
L 1968.0410, -44.3954, 0.0000, 1974.6622, -44.3954, 0.0000, 86, 38, 32
L 1946.1971, -42.7500, 0.0000, 1959.1133, -42.7500, 0.0000, 86, 38, 32
L 1967.9953, -42.7500, 0.0000, 1974.5799, -42.7500, 0.0000, 86, 38, 32
L 1946.3205, -41.1046, 0.0000, 1958.7020, -41.1046, 0.0000, 86, 38, 32
L 1967.9496, -41.1046, 0.0000, 1974.4976, -41.1046, 0.0000, 86, 38, 32
L 1946.4439, -39.4593, 0.0000, 1958.2906, -39.4593, 0.0000, 86, 38, 32
L 1967.9039, -39.4593, 0.0000, 1974.4153, -39.4593, 0.0000, 86, 38, 32
L 1946.5673, -37.8139, 0.0000, 1957.8793, -37.8139, 0.0000, 86, 38, 32
L 1967.8582, -37.8139, 0.0000, 1974.3331, -37.8139, 0.0000, 86, 38, 32
L 1946.6907, -36.1685, 0.0000, 1957.4679, -36.1685, 0.0000, 86, 38, 32
L 1967.8125, -36.1685, 0.0000, 1974.2508, -36.1685, 0.0000, 86, 38, 32
L 1946.8141, -34.5231, 0.0000, 1957.0566, -34.5231, 0.0000, 86, 38, 32
L 1967.7668, -34.5231, 0.0000, 1974.1685, -34.5231, 0.0000, 86, 38, 32
L 1946.9375, -32.8777, 0.0000, 1956.6452, -32.8777, 0.0000, 86, 38, 32
L 1967.7211, -32.8777, 0.0000, 1974.0863, -32.8777, 0.0000, 86, 38, 32
L 1947.0609, -31.2324, 0.0000, 1956.2339, -31.2324, 0.0000, 86, 38, 32
L 1967.6754, -31.2324, 0.0000, 1974.0040, -31.2324, 0.0000, 86, 38, 32
L 1947.1843, -29.5870, 0.0000, 1955.8226, -29.5870, 0.0000, 86, 38, 32
L 1967.6297, -29.5870, 0.0000, 1973.9217, -29.5870, 0.0000, 86, 38, 32
L 1947.3077, -27.9416, 0.0000, 1955.4112, -27.9416, 0.0000, 86, 38, 32
L 1967.5840, -27.9416, 0.0000, 1973.8395, -27.9416, 0.0000, 86, 38, 32
L 1947.4311, -26.2962, 0.0000, 1954.9999, -26.2962, 0.0000, 86, 38, 32
L 1967.5383, -26.2962, 0.0000, 1973.7572, -26.2962, 0.0000, 86, 38, 32
L 1947.5545, -24.6508, 0.0000, 1954.5885, -24.6508, 0.0000, 86, 38, 32
L 1967.4926, -24.6508, 0.0000, 1973.6749, -24.6508, 0.0000, 86, 38, 32
L 1947.5957, -24.1024, 0.0000, 1945.5389, -51.5254, 0.0000, 86, 38, 32
L 1945.5389, -51.5254, 0.0000, 1947.5957, -78.9484, 0.0000, 86, 38, 32
L 1973.6475, -78.9484, 0.0000, 1975.0187, -51.5254, 0.0000, 86, 38, 32
L 1975.0187, -51.5254, 0.0000, 1973.6475, -24.1024, 0.0000, 86, 38, 32
L 1973.6475, -24.1024, 0.0000, 1967.4773, -24.1024, 0.0000, 86, 38, 32
L 1967.4773, -24.1024, 0.0000, 1968.1629, -48.7831, 0.0000, 86, 38, 32
L 1968.1629, -48.7831, 0.0000, 1960.6216, -48.7831, 0.0000, 86, 38, 32
L 1960.6216, -48.7831, 0.0000, 1954.4514, -24.1024, 0.0000, 86, 38, 32
L 1954.4514, -24.1024, 0.0000, 1947.5957, -24.1024, 0.0000, 86, 38, 32
L 1952.3947, -126.6644, 0.0000, 1968.4175, -126.6644, 0.0000, 128, 54, 44
L 1950.3380, -125.0190, 0.0000, 1969.9454, -125.0190, 0.0000, 128, 54, 44
L 1948.2812, -123.3736, 0.0000, 1971.4733, -123.3736, 0.0000, 128, 54, 44
L 1946.2245, -121.7282, 0.0000, 1973.0011, -121.7282, 0.0000, 128, 54, 44
L 1944.1678, -120.0829, 0.0000, 1974.5290, -120.0829, 0.0000, 128, 54, 44
L 1943.9621, -118.4375, 0.0000, 1976.0568, -118.4375, 0.0000, 128, 54, 44
L 1943.7564, -116.7921, 0.0000, 1977.1302, -116.7921, 0.0000, 128, 54, 44
L 1943.5508, -115.1467, 0.0000, 1977.2948, -115.1467, 0.0000, 128, 54, 44
L 1943.3451, -113.5013, 0.0000, 1977.4593, -113.5013, 0.0000, 128, 54, 44
L 1943.1394, -111.8560, 0.0000, 1977.6238, -111.8560, 0.0000, 128, 54, 44
L 1942.9337, -110.2106, 0.0000, 1977.7884, -110.2106, 0.0000, 128, 54, 44
L 1942.7281, -108.5652, 0.0000, 1977.9529, -108.5652, 0.0000, 128, 54, 44
L 1942.5224, -106.9198, 0.0000, 1978.1175, -106.9198, 0.0000, 128, 54, 44
L 1942.3167, -105.2744, 0.0000, 1978.2820, -105.2744, 0.0000, 128, 54, 44
L 1942.1111, -103.6291, 0.0000, 1978.4465, -103.6291, 0.0000, 128, 54, 44
L 1941.9054, -101.9837, 0.0000, 1978.6111, -101.9837, 0.0000, 128, 54, 44
L 1941.6997, -100.3383, 0.0000, 1978.7756, -100.3383, 0.0000, 128, 54, 44
L 1941.4940, -98.6929, 0.0000, 1978.9401, -98.6929, 0.0000, 128, 54, 44
L 1941.5283, -97.0475, 0.0000, 1979.1047, -97.0475, 0.0000, 128, 54, 44
L 1941.6826, -95.4022, 0.0000, 1978.9493, -95.4022, 0.0000, 128, 54, 44
L 1941.8368, -93.7568, 0.0000, 1978.7299, -93.7568, 0.0000, 128, 54, 44
L 1941.9911, -92.1114, 0.0000, 1978.5105, -92.1114, 0.0000, 128, 54, 44
L 1942.1453, -90.4660, 0.0000, 1978.2911, -90.4660, 0.0000, 128, 54, 44
L 1942.2996, -88.8206, 0.0000, 1978.0717, -88.8206, 0.0000, 128, 54, 44
L 1942.4538, -87.1753, 0.0000, 1977.8524, -87.1753, 0.0000, 128, 54, 44
L 1942.6081, -85.5299, 0.0000, 1977.6330, -85.5299, 0.0000, 128, 54, 44
L 1942.7624, -83.8845, 0.0000, 1977.4136, -83.8845, 0.0000, 128, 54, 44
L 1942.9166, -82.2391, 0.0000, 1977.1942, -82.2391, 0.0000, 128, 54, 44
L 1943.0709, -80.5937, 0.0000, 1976.9748, -80.5937, 0.0000, 128, 54, 44
L 1943.2251, -78.9484, 0.0000, 1976.7554, -78.9484, 0.0000, 128, 54, 44
L 1943.3794, -77.3030, 0.0000, 1976.5361, -77.3030, 0.0000, 128, 54, 44
L 1943.4822, -76.2061, 0.0000, 1941.4255, -98.1445, 0.0000, 86, 38, 32
L 1941.4255, -98.1445, 0.0000, 1944.1678, -120.0829, 0.0000, 86, 38, 32
L 1944.1678, -120.0829, 0.0000, 1954.4514, -128.3098, 0.0000, 86, 38, 32
L 1954.4514, -128.3098, 0.0000, 1968.1629, -126.9386, 0.0000, 86, 38, 32
L 1968.1629, -126.9386, 0.0000, 1977.0754, -117.3406, 0.0000, 86, 38, 32
L 1977.0754, -117.3406, 0.0000, 1979.1321, -96.7733, 0.0000, 86, 38, 32
L 1979.1321, -96.7733, 0.0000, 1976.3898, -76.2061, 0.0000, 86, 38, 32
L 1976.3898, -76.2061, 0.0000, 1943.4822, -76.2061, 0.0000, 86, 38, 32
L 1943.4822, -106.3714, 0.0000, 1977.7610, -107.7425, 0.0000, 168, 138, 70
L 1950.1837, -143.8038, 0.0000, 1961.3986, -143.8038, 0.0000, 128, 128, 138
L 1948.7440, -142.1584, 0.0000, 1962.8611, -142.1584, 0.0000, 128, 128, 138
L 1947.3043, -140.5130, 0.0000, 1964.3237, -140.5130, 0.0000, 128, 128, 138
L 1946.4073, -138.8676, 0.0000, 1965.3863, -138.8676, 0.0000, 128, 128, 138
L 1947.1386, -137.2222, 0.0000, 1965.2492, -137.2222, 0.0000, 128, 128, 138
L 1947.8699, -135.5769, 0.0000, 1965.1121, -135.5769, 0.0000, 128, 128, 138
L 1948.6012, -133.9315, 0.0000, 1964.9750, -133.9315, 0.0000, 128, 128, 138
L 1951.2703, -132.2861, 0.0000, 1964.8379, -132.2861, 0.0000, 128, 128, 138
L 1955.8774, -130.6407, 0.0000, 1962.8840, -130.6407, 0.0000, 128, 128, 138
L 1958.5649, -129.6809, 0.0000, 1948.9668, -133.1088, 0.0000, 86, 38, 32
L 1948.9668, -133.1088, 0.0000, 1946.2245, -139.2790, 0.0000, 86, 38, 32
L 1946.2245, -139.2790, 0.0000, 1951.0235, -144.7636, 0.0000, 86, 38, 32
L 1951.0235, -144.7636, 0.0000, 1959.9360, -145.4491, 0.0000, 86, 38, 32
L 1959.9360, -145.4491, 0.0000, 1965.4206, -139.2790, 0.0000, 86, 38, 32
L 1965.4206, -139.2790, 0.0000, 1964.7350, -131.0521, 0.0000, 86, 38, 32
L 1964.7350, -131.0521, 0.0000, 1958.5649, -129.6809, 0.0000, 86, 38, 32
L 1957.9665, -151.3451, 0.0000, 1959.6618, -151.3451, 0.0000, 128, 54, 44
L 1957.3682, -149.6997, 0.0000, 1960.7587, -149.6997, 0.0000, 128, 54, 44
L 1956.7699, -148.0543, 0.0000, 1961.8556, -148.0543, 0.0000, 128, 54, 44
L 1956.1716, -146.4089, 0.0000, 1962.9525, -146.4089, 0.0000, 128, 54, 44
L 1955.8226, -145.4491, 0.0000, 1958.5649, -152.9905, 0.0000, 128, 54, 44
L 1958.5649, -152.9905, 0.0000, 1964.0495, -144.7636, 0.0000, 128, 54, 44
L 1964.0495, -144.7636, 0.0000, 1955.8226, -145.4491, 0.0000, 128, 54, 44
L 1936.9007, -112.9529, 0.0000, 1943.6193, -112.9529, 0.0000, 128, 128, 138
L 1932.4273, -111.3075, 0.0000, 1943.7564, -111.3075, 0.0000, 128, 128, 138
L 1932.1702, -109.6621, 0.0000, 1943.8936, -109.6621, 0.0000, 128, 128, 138
L 1931.9131, -108.0167, 0.0000, 1944.0307, -108.0167, 0.0000, 128, 128, 138
L 1931.6560, -106.3714, 0.0000, 1944.1678, -106.3714, 0.0000, 128, 128, 138
L 1931.3990, -104.7260, 0.0000, 1944.3049, -104.7260, 0.0000, 128, 128, 138
L 1931.1419, -103.0806, 0.0000, 1944.4420, -103.0806, 0.0000, 128, 128, 138
L 1930.8848, -101.4352, 0.0000, 1944.5791, -101.4352, 0.0000, 128, 128, 138
L 1930.6277, -99.7898, 0.0000, 1944.7162, -99.7898, 0.0000, 128, 128, 138
L 1930.3706, -98.1445, 0.0000, 1944.8534, -98.1445, 0.0000, 128, 128, 138
L 1930.1135, -96.4991, 0.0000, 1944.9905, -96.4991, 0.0000, 128, 128, 138
L 1929.8564, -94.8537, 0.0000, 1945.1276, -94.8537, 0.0000, 128, 128, 138
L 1929.5993, -93.2083, 0.0000, 1945.2647, -93.2083, 0.0000, 128, 128, 138
L 1929.3422, -91.5629, 0.0000, 1945.4018, -91.5629, 0.0000, 128, 128, 138
L 1929.0851, -89.9176, 0.0000, 1945.5389, -89.9176, 0.0000, 128, 128, 138
L 1929.6610, -88.2722, 0.0000, 1945.1276, -88.2722, 0.0000, 128, 128, 138
L 1930.2369, -86.6268, 0.0000, 1944.7162, -86.6268, 0.0000, 128, 128, 138
L 1930.8128, -84.9814, 0.0000, 1944.3049, -84.9814, 0.0000, 128, 128, 138
L 1931.3887, -83.3360, 0.0000, 1943.8936, -83.3360, 0.0000, 128, 128, 138
L 1931.9646, -81.6907, 0.0000, 1943.4822, -81.6907, 0.0000, 128, 128, 138
L 1932.5404, -80.0453, 0.0000, 1943.0709, -80.0453, 0.0000, 128, 128, 138
L 1933.1163, -78.3999, 0.0000, 1942.6595, -78.3999, 0.0000, 128, 128, 138
L 1933.6922, -76.7545, 0.0000, 1942.2482, -76.7545, 0.0000, 128, 128, 138
L 1934.2681, -75.1092, 0.0000, 1941.8368, -75.1092, 0.0000, 128, 128, 138
L 1934.8440, -73.4638, 0.0000, 1941.4255, -73.4638, 0.0000, 128, 128, 138
L 1935.4198, -71.8184, 0.0000, 1941.0141, -71.8184, 0.0000, 128, 128, 138
L 1935.9957, -70.1730, 0.0000, 1940.6028, -70.1730, 0.0000, 128, 128, 138
L 1936.5716, -68.5276, 0.0000, 1940.1915, -68.5276, 0.0000, 128, 128, 138
L 1937.1475, -66.8823, 0.0000, 1939.7801, -66.8823, 0.0000, 128, 128, 138
L 1937.7234, -65.2369, 0.0000, 1939.3688, -65.2369, 0.0000, 128, 128, 138
L 1938.2993, -63.5915, 0.0000, 1938.9574, -63.5915, 0.0000, 128, 128, 138
L 1932.5130, -111.8560, 0.0000, 1943.4822, -114.5983, 0.0000, 86, 38, 32
L 1943.4822, -114.5983, 0.0000, 1945.5389, -89.9176, 0.0000, 86, 38, 32
L 1945.5389, -89.9176, 0.0000, 1938.6832, -62.4946, 0.0000, 86, 38, 32
L 1938.6832, -62.4946, 0.0000, 1929.0851, -89.9176, 0.0000, 86, 38, 32
L 1929.0851, -89.9176, 0.0000, 1932.5130, -111.8560, 0.0000, 86, 38, 32
L 1937.9976, -109.1137, 0.0000, 1937.3120, -70.7215, 0.0000, 128, 54, 44
L 1975.0187, -76.2061, 0.0000, 1971.5908, -163.9597, 0.0000, 116, 96, 66
L 1978.5836, -155.4585, 0.0000, 1983.1708, -155.4585, 0.0000, 160, 160, 170
L 1973.9217, -153.8131, 0.0000, 1983.0960, -153.8131, 0.0000, 160, 160, 170
L 1971.6593, -152.1678, 0.0000, 1983.0212, -152.1678, 0.0000, 160, 160, 170
L 1971.7965, -150.5224, 0.0000, 1982.9464, -150.5224, 0.0000, 160, 160, 170
L 1971.9336, -148.8770, 0.0000, 1982.8716, -148.8770, 0.0000, 160, 160, 170
L 1972.0707, -147.2316, 0.0000, 1982.7968, -147.2316, 0.0000, 160, 160, 170
L 1972.2078, -145.5862, 0.0000, 1982.7220, -145.5862, 0.0000, 160, 160, 170
L 1975.3614, -143.9409, 0.0000, 1982.6472, -143.9409, 0.0000, 160, 160, 170
L 1981.5316, -142.2955, 0.0000, 1982.5724, -142.2955, 0.0000, 160, 160, 170
L 1971.5908, -152.9905, 0.0000, 1983.2456, -157.1039, 0.0000, 110, 110, 120
L 1983.2456, -157.1039, 0.0000, 1982.5600, -142.0213, 0.0000, 110, 110, 120
L 1982.5600, -142.0213, 0.0000, 1972.2764, -144.7636, 0.0000, 110, 110, 120
L 1972.2764, -144.7636, 0.0000, 1971.5908, -152.9905, 0.0000, 110, 110, 120
L 1968.8485, -174.9289, 0.0000, 1974.3331, -174.9289, 0.0000, 160, 160, 170
L 1969.2598, -173.2835, 0.0000, 1973.9217, -173.2835, 0.0000, 160, 160, 170
L 1969.6712, -171.6381, 0.0000, 1973.5104, -171.6381, 0.0000, 160, 160, 170
L 1970.0825, -169.9927, 0.0000, 1973.0990, -169.9927, 0.0000, 160, 160, 170
L 1970.4939, -168.3473, 0.0000, 1972.6877, -168.3473, 0.0000, 160, 160, 170
L 1970.9052, -166.7020, 0.0000, 1972.2764, -166.7020, 0.0000, 160, 160, 170
L 1971.3166, -165.0566, 0.0000, 1971.8650, -165.0566, 0.0000, 160, 160, 170
L 1971.5908, -163.9597, 0.0000, 1968.8485, -174.9289, 0.0000, 160, 160, 170
L 1974.3331, -174.9289, 0.0000, 1971.5908, -163.9597, 0.0000, 160, 160, 170
L -1078.6770, 516.9828, 0.0000, -1071.4067, 516.9828, 0.0000, 96, 78, 54
L -1078.2036, 520.7672, 0.0000, -1070.7523, 520.7672, 0.0000, 96, 78, 54
L -1077.7302, 524.5515, 0.0000, -1070.0979, 524.5515, 0.0000, 96, 78, 54
L -1077.1812, 528.3359, 0.0000, -1069.3679, 528.3359, 0.0000, 96, 78, 54
L -1076.6240, 532.1203, 0.0000, -1068.6297, 532.1203, 0.0000, 96, 78, 54
L -1076.0810, 535.9047, 0.0000, -1067.9057, 535.9047, 0.0000, 96, 78, 54
L -1075.5704, 539.6890, 0.0000, -1067.2141, 539.6890, 0.0000, 96, 78, 54
L -1075.0597, 543.4734, 0.0000, -1066.5225, 543.4734, 0.0000, 96, 78, 54
L -1074.6812, 547.2578, 0.0000, -1065.9629, 547.2578, 0.0000, 96, 78, 54
L -1074.3572, 551.0422, 0.0000, -1065.4580, 551.0422, 0.0000, 96, 78, 54
L -1074.0091, 554.8265, 0.0000, -1064.9289, 554.8265, 0.0000, 96, 78, 54
L -1073.4671, 558.6109, 0.0000, -1064.2058, 558.6109, 0.0000, 96, 78, 54
L -1072.9250, 562.3953, 0.0000, -1063.4828, 562.3953, 0.0000, 96, 78, 54
L -1072.6525, 566.1796, 0.0000, -1063.0293, 566.1796, 0.0000, 96, 78, 54
L -1072.6360, 569.9640, 0.0000, -1062.8318, 569.9640, 0.0000, 96, 78, 54
L -1072.6195, 573.7484, 0.0000, -1062.6343, 573.7484, 0.0000, 96, 78, 54
L -1072.6434, 577.5328, 0.0000, -1062.4772, 577.5328, 0.0000, 96, 78, 54
L -1072.6711, 581.3171, 0.0000, -1062.3239, 581.3171, 0.0000, 96, 78, 54
L -1072.6899, 583.8974, 0.0000, -1072.6182, 574.0679, 0.0000, 70, 56, 38
L -1062.2193, 583.8974, 0.0000, -1062.6177, 574.0679, 0.0000, 96, 78, 54
L -1072.6182, 574.0679, 0.0000, -1072.6610, 564.2383, 0.0000, 70, 56, 38
L -1062.6177, 574.0679, 0.0000, -1063.1306, 564.2383, 0.0000, 96, 78, 54
L -1072.6610, 564.2383, 0.0000, -1074.0690, 554.4088, 0.0000, 70, 56, 38
L -1063.1306, 564.2383, 0.0000, -1065.0087, 554.4088, 0.0000, 96, 78, 54
L -1074.0690, 554.4088, 0.0000, -1074.9105, 544.5792, 0.0000, 70, 56, 38
L -1065.0087, 554.4088, 0.0000, -1066.3204, 544.5792, 0.0000, 96, 78, 54
L -1074.9105, 544.5792, 0.0000, -1076.2369, 534.7497, 0.0000, 70, 56, 38
L -1066.3204, 544.5792, 0.0000, -1068.1168, 534.7497, 0.0000, 96, 78, 54
L -1076.2369, 534.7497, 0.0000, -1077.6841, 524.9201, 0.0000, 70, 56, 38
L -1068.1168, 534.7497, 0.0000, -1070.0342, 524.9201, 0.0000, 96, 78, 54
L -1077.6841, 524.9201, 0.0000, -1078.9137, 515.0906, 0.0000, 70, 56, 38
L -1070.0342, 524.9201, 0.0000, -1071.7338, 515.0906, 0.0000, 96, 78, 54
L -1072.6182, 574.0679, 0.0000, -1068.1179, 575.4440, 0.0000, 70, 56, 38
L -1074.0690, 554.4088, 0.0000, -1069.9919, 555.7849, 0.0000, 70, 56, 38
L -1076.2369, 534.7497, 0.0000, -1072.5828, 536.1258, 0.0000, 70, 56, 38
L -1072.5446, 572.4296, 0.0000, -1063.2707, 572.4296, 0.0000, 70, 56, 38
L -1073.2055, 560.9618, 0.0000, -1063.9315, 560.9618, 0.0000, 70, 56, 38
L -1074.3069, 549.4940, 0.0000, -1065.0330, 549.4940, 0.0000, 70, 56, 38
L -1075.8490, 538.0262, 0.0000, -1066.5750, 538.0262, 0.0000, 70, 56, 38
L -1077.8316, 526.5584, 0.0000, -1068.5576, 526.5584, 0.0000, 70, 56, 38
L -1101.2919, 504.5183, 0.0000, -1080.3918, 504.5183, 0.0000, 68, 112, 56
L -1109.1527, 507.5099, 0.0000, -1075.6178, 507.5099, 0.0000, 68, 112, 56
L -1114.5259, 510.5015, 0.0000, -1075.6178, 510.5015, 0.0000, 68, 112, 56
L -1118.7314, 513.4931, 0.0000, -1112.0150, 513.4931, 0.0000, 68, 112, 56
L -1097.2877, 513.4931, 0.0000, -1075.6178, 513.4931, 0.0000, 68, 112, 56
L -1088.2078, 516.4847, 0.0000, -1075.6178, 516.4847, 0.0000, 68, 112, 56
L -1082.4166, 519.4763, 0.0000, -1075.6178, 519.4763, 0.0000, 68, 112, 56
L -1077.8848, 522.4679, 0.0000, -1075.6178, 522.4679, 0.0000, 68, 112, 56
L -1075.6178, 515.0906, 0.0000, -1081.0070, 512.2900, 0.0000, 68, 112, 56
L -1081.0070, 512.2900, 0.0000, -1086.3962, 510.2617, 0.0000, 68, 112, 56
L -1086.3962, 510.2617, 0.0000, -1091.7854, 509.0057, 0.0000, 68, 112, 56
L -1091.7854, 509.0057, 0.0000, -1097.1746, 508.5220, 0.0000, 68, 112, 56
L -1097.1746, 508.5220, 0.0000, -1102.5638, 508.8105, 0.0000, 68, 112, 56
L -1102.5638, 508.8105, 0.0000, -1107.9530, 509.8714, 0.0000, 68, 112, 56
L -1107.9530, 509.8714, 0.0000, -1113.3422, 511.7045, 0.0000, 68, 112, 56
L -1113.3422, 511.7045, 0.0000, -1118.7314, 514.3100, 0.0000, 68, 112, 56
L -1097.8360, 498.5341, 0.0000, -1085.3127, 498.5341, 0.0000, 96, 140, 84
L -1102.6351, 501.5257, 0.0000, -1080.4547, 501.5257, 0.0000, 96, 140, 84
L -1105.9187, 504.5173, 0.0000, -1077.2046, 504.5173, 0.0000, 96, 140, 84
L -1090.1377, 507.5089, 0.0000, -1075.6178, 507.5089, 0.0000, 96, 140, 84
L -1086.2306, 510.5005, 0.0000, -1075.6178, 510.5005, 0.0000, 96, 140, 84
L -1083.1972, 513.4921, 0.0000, -1075.6178, 513.4921, 0.0000, 96, 140, 84
L -1080.8180, 516.4837, 0.0000, -1075.6178, 516.4837, 0.0000, 96, 140, 84
L -1078.6150, 519.4753, 0.0000, -1075.6178, 519.4753, 0.0000, 96, 140, 84
L -1076.6616, 522.4669, 0.0000, -1075.6178, 522.4669, 0.0000, 96, 140, 84
L -1075.6178, 515.0906, 0.0000, -1079.4235, 510.2595, 0.0000, 68, 112, 56
L -1079.4235, 510.2595, 0.0000, -1083.2292, 506.4714, 0.0000, 68, 112, 56
L -1083.2292, 506.4714, 0.0000, -1087.0350, 503.7263, 0.0000, 68, 112, 56
L -1087.0350, 503.7263, 0.0000, -1090.8407, 502.0243, 0.0000, 68, 112, 56
L -1090.8407, 502.0243, 0.0000, -1094.6464, 501.3653, 0.0000, 68, 112, 56
L -1094.6464, 501.3653, 0.0000, -1098.4521, 501.7493, 0.0000, 68, 112, 56
L -1098.4521, 501.7493, 0.0000, -1102.2578, 503.1764, 0.0000, 68, 112, 56
L -1102.2578, 503.1764, 0.0000, -1106.0636, 505.6465, 0.0000, 68, 112, 56
L -1084.1520, 494.6808, 0.0000, -1079.8191, 494.6808, 0.0000, 68, 112, 56
L -1085.7355, 497.6724, 0.0000, -1078.2451, 497.6724, 0.0000, 68, 112, 56
L -1086.5842, 500.6640, 0.0000, -1085.5023, 500.6640, 0.0000, 68, 112, 56
L -1083.1593, 500.6640, 0.0000, -1077.1607, 500.6640, 0.0000, 68, 112, 56
L -1080.9782, 503.6556, 0.0000, -1076.2954, 503.6556, 0.0000, 68, 112, 56
L -1079.7667, 506.6472, 0.0000, -1075.6178, 506.6472, 0.0000, 68, 112, 56
L -1078.8619, 509.6388, 0.0000, -1075.6178, 509.6388, 0.0000, 68, 112, 56
L -1078.0479, 512.6304, 0.0000, -1075.6178, 512.6304, 0.0000, 68, 112, 56
L -1077.3379, 515.6220, 0.0000, -1075.6178, 515.6220, 0.0000, 68, 112, 56
L -1076.6898, 518.6136, 0.0000, -1075.6178, 518.6136, 0.0000, 68, 112, 56
L -1075.6178, 515.0906, 0.0000, -1076.9886, 509.1164, 0.0000, 68, 112, 56
L -1076.9886, 509.1164, 0.0000, -1078.3594, 504.3376, 0.0000, 68, 112, 56
L -1078.3594, 504.3376, 0.0000, -1079.7302, 500.7542, 0.0000, 68, 112, 56
L -1079.7302, 500.7542, 0.0000, -1081.1010, 498.3663, 0.0000, 68, 112, 56
L -1081.1010, 498.3663, 0.0000, -1082.4718, 497.1738, 0.0000, 68, 112, 56
L -1082.4718, 497.1738, 0.0000, -1083.8426, 497.1768, 0.0000, 68, 112, 56
L -1083.8426, 497.1768, 0.0000, -1085.2134, 498.3752, 0.0000, 68, 112, 56
L -1085.2134, 498.3752, 0.0000, -1086.5842, 500.7691, 0.0000, 68, 112, 56
L -1071.4165, 494.6808, 0.0000, -1067.0836, 494.6808, 0.0000, 96, 140, 84
L -1072.9905, 497.6724, 0.0000, -1065.5001, 497.6724, 0.0000, 96, 140, 84
L -1074.0749, 500.6640, 0.0000, -1068.0763, 500.6640, 0.0000, 96, 140, 84
L -1065.7333, 500.6640, 0.0000, -1064.6514, 500.6640, 0.0000, 96, 140, 84
L -1074.9402, 503.6556, 0.0000, -1070.2574, 503.6556, 0.0000, 96, 140, 84
L -1075.6178, 506.6472, 0.0000, -1071.4689, 506.6472, 0.0000, 96, 140, 84
L -1075.6178, 509.6388, 0.0000, -1072.3737, 509.6388, 0.0000, 96, 140, 84
L -1075.6178, 512.6304, 0.0000, -1073.1877, 512.6304, 0.0000, 96, 140, 84
L -1075.6178, 515.6220, 0.0000, -1073.8977, 515.6220, 0.0000, 96, 140, 84
L -1075.6178, 518.6136, 0.0000, -1074.5458, 518.6136, 0.0000, 96, 140, 84
L -1075.6178, 515.0906, 0.0000, -1074.2470, 509.1164, 0.0000, 68, 112, 56
L -1074.2470, 509.1164, 0.0000, -1072.8762, 504.3376, 0.0000, 68, 112, 56
L -1072.8762, 504.3376, 0.0000, -1071.5054, 500.7542, 0.0000, 68, 112, 56
L -1071.5054, 500.7542, 0.0000, -1070.1346, 498.3663, 0.0000, 68, 112, 56
L -1070.1346, 498.3663, 0.0000, -1068.7638, 497.1738, 0.0000, 68, 112, 56
L -1068.7638, 497.1738, 0.0000, -1067.3930, 497.1768, 0.0000, 68, 112, 56
L -1067.3930, 497.1768, 0.0000, -1066.0222, 498.3752, 0.0000, 68, 112, 56
L -1066.0222, 498.3752, 0.0000, -1064.6514, 500.7691, 0.0000, 68, 112, 56
L -1065.9229, 498.5341, 0.0000, -1053.3997, 498.5341, 0.0000, 68, 112, 56
L -1070.7809, 501.5257, 0.0000, -1048.6005, 501.5257, 0.0000, 68, 112, 56
L -1074.0311, 504.5173, 0.0000, -1045.3169, 504.5173, 0.0000, 68, 112, 56
L -1075.6178, 507.5089, 0.0000, -1061.0979, 507.5089, 0.0000, 68, 112, 56
L -1075.6178, 510.5005, 0.0000, -1065.0050, 510.5005, 0.0000, 68, 112, 56
L -1075.6178, 513.4921, 0.0000, -1068.0384, 513.4921, 0.0000, 68, 112, 56
L -1075.6178, 516.4837, 0.0000, -1070.4176, 516.4837, 0.0000, 68, 112, 56
L -1075.6178, 519.4753, 0.0000, -1072.6206, 519.4753, 0.0000, 68, 112, 56
L -1075.6178, 522.4669, 0.0000, -1074.5740, 522.4669, 0.0000, 68, 112, 56
L -1075.6178, 515.0906, 0.0000, -1071.8121, 510.2595, 0.0000, 68, 112, 56
L -1071.8121, 510.2595, 0.0000, -1068.0064, 506.4714, 0.0000, 68, 112, 56
L -1068.0064, 506.4714, 0.0000, -1064.2007, 503.7263, 0.0000, 68, 112, 56
L -1064.2007, 503.7263, 0.0000, -1060.3949, 502.0243, 0.0000, 68, 112, 56
L -1060.3949, 502.0243, 0.0000, -1056.5892, 501.3653, 0.0000, 68, 112, 56
L -1056.5892, 501.3653, 0.0000, -1052.7835, 501.7493, 0.0000, 68, 112, 56
L -1052.7835, 501.7493, 0.0000, -1048.9778, 503.1764, 0.0000, 68, 112, 56
L -1048.9778, 503.1764, 0.0000, -1045.1721, 505.6465, 0.0000, 68, 112, 56
L -1070.8438, 504.5183, 0.0000, -1049.9437, 504.5183, 0.0000, 96, 140, 84
L -1075.6178, 507.5099, 0.0000, -1042.0829, 507.5099, 0.0000, 96, 140, 84
L -1075.6178, 510.5015, 0.0000, -1036.7097, 510.5015, 0.0000, 96, 140, 84
L -1075.6178, 513.4931, 0.0000, -1053.9479, 513.4931, 0.0000, 96, 140, 84
L -1039.2207, 513.4931, 0.0000, -1032.5043, 513.4931, 0.0000, 96, 140, 84
L -1075.6178, 516.4847, 0.0000, -1063.0278, 516.4847, 0.0000, 96, 140, 84
L -1075.6178, 519.4763, 0.0000, -1068.8191, 519.4763, 0.0000, 96, 140, 84
L -1075.6178, 522.4679, 0.0000, -1073.3509, 522.4679, 0.0000, 96, 140, 84
L -1075.6178, 515.0906, 0.0000, -1070.2286, 512.2900, 0.0000, 68, 112, 56
L -1070.2286, 512.2900, 0.0000, -1064.8394, 510.2617, 0.0000, 68, 112, 56
L -1064.8394, 510.2617, 0.0000, -1059.4502, 509.0057, 0.0000, 68, 112, 56
L -1059.4502, 509.0057, 0.0000, -1054.0610, 508.5220, 0.0000, 68, 112, 56
L -1054.0610, 508.5220, 0.0000, -1048.6718, 508.8105, 0.0000, 68, 112, 56
L -1048.6718, 508.8105, 0.0000, -1043.2827, 509.8714, 0.0000, 68, 112, 56
L -1043.2827, 509.8714, 0.0000, -1037.8935, 511.7045, 0.0000, 68, 112, 56
L -1037.8935, 511.7045, 0.0000, -1032.5043, 514.3100, 0.0000, 68, 112, 56
L -1072.6646, 517.8768, 0.0000, -1067.9288, 517.8768, 0.0000, 96, 78, 54
L -1072.6939, 520.1205, 0.0000, -1067.8132, 520.1205, 0.0000, 96, 78, 54
L -1067.9188, 519.5780, 0.0000, -1067.7272, 520.5621, 0.0000, 96, 78, 54
L -1067.7272, 520.5621, 0.0000, -1068.5799, 521.1909, 0.0000, 96, 78, 54
L -1068.5799, 521.1909, 0.0000, -1069.3753, 521.7536, 0.0000, 96, 78, 54
L -1069.3753, 521.7536, 0.0000, -1070.3825, 522.0582, 0.0000, 96, 78, 54
L -1070.3825, 522.0582, 0.0000, -1071.6023, 522.2129, 0.0000, 96, 78, 54
L -1071.6023, 522.2129, 0.0000, -1072.4705, 521.4462, 0.0000, 96, 78, 54
L -1072.4705, 521.4462, 0.0000, -1072.5492, 520.3810, 0.0000, 96, 78, 54
L -1072.5492, 520.3810, 0.0000, -1072.9952, 519.5780, 0.0000, 96, 78, 54
L -1072.9952, 519.5780, 0.0000, -1072.6742, 518.7287, 0.0000, 96, 78, 54
L -1072.6742, 518.7287, 0.0000, -1072.6607, 517.5396, 0.0000, 96, 78, 54
L -1072.6607, 517.5396, 0.0000, -1071.5914, 516.9667, 0.0000, 96, 78, 54
L -1071.5914, 516.9667, 0.0000, -1070.3825, 516.7550, 0.0000, 96, 78, 54
L -1070.3825, 516.7550, 0.0000, -1069.1671, 516.9527, 0.0000, 96, 78, 54
L -1069.1671, 516.9527, 0.0000, -1068.1958, 517.6215, 0.0000, 96, 78, 54
L -1068.1958, 517.6215, 0.0000, -1067.3321, 518.4475, 0.0000, 96, 78, 54
L -1067.3321, 518.4475, 0.0000, -1067.9188, 519.5780, 0.0000, 96, 78, 54
L -1072.4760, 521.3730, 0.0000, -1068.8372, 521.3730, 0.0000, 70, 56, 38
L -1079.8984, 520.4748, 0.0000, -1075.9581, 520.4748, 0.0000, 96, 78, 54
L -1080.8436, 522.7185, 0.0000, -1075.5552, 522.7185, 0.0000, 96, 78, 54
L -1075.0929, 522.1688, 0.0000, -1075.8397, 523.0567, 0.0000, 96, 78, 54
L -1075.8397, 523.0567, 0.0000, -1075.9727, 524.1934, 0.0000, 96, 78, 54
L -1075.9727, 524.1934, 0.0000, -1077.1530, 524.5069, 0.0000, 96, 78, 54
L -1077.1530, 524.5069, 0.0000, -1078.2355, 524.9451, 0.0000, 96, 78, 54
L -1078.2355, 524.9451, 0.0000, -1079.3482, 524.5723, 0.0000, 96, 78, 54
L -1079.3482, 524.5723, 0.0000, -1080.1941, 523.9213, 0.0000, 96, 78, 54
L -1080.1941, 523.9213, 0.0000, -1080.7328, 523.0943, 0.0000, 96, 78, 54
L -1080.7328, 523.0943, 0.0000, -1081.0057, 522.1688, 0.0000, 96, 78, 54
L -1081.0057, 522.1688, 0.0000, -1080.6851, 521.2609, 0.0000, 96, 78, 54
L -1080.6851, 521.2609, 0.0000, -1079.9682, 520.6184, 0.0000, 96, 78, 54
L -1079.9682, 520.6184, 0.0000, -1079.4482, 519.5492, 0.0000, 96, 78, 54
L -1079.4482, 519.5492, 0.0000, -1078.2355, 519.3529, 0.0000, 96, 78, 54
L -1078.2355, 519.3529, 0.0000, -1076.9577, 519.4087, 0.0000, 96, 78, 54
L -1076.9577, 519.4087, 0.0000, -1076.0877, 520.2471, 0.0000, 96, 78, 54
L -1076.0877, 520.2471, 0.0000, -1075.5585, 521.1767, 0.0000, 96, 78, 54
L -1075.5585, 521.1767, 0.0000, -1075.0929, 522.1688, 0.0000, 96, 78, 54
L -1080.1389, 523.9638, 0.0000, -1075.9458, 523.9638, 0.0000, 70, 56, 38
L -1080.5188, 515.5746, 0.0000, -1076.2710, 515.5746, 0.0000, 96, 78, 54
L -1080.6536, 517.8183, 0.0000, -1075.9413, 517.8183, 0.0000, 96, 78, 54
L -1075.1393, 516.9872, 0.0000, -1075.9549, 517.8324, 0.0000, 96, 78, 54
L -1075.9549, 517.8324, 0.0000, -1076.0979, 518.8997, 0.0000, 96, 78, 54
L -1076.0979, 518.8997, 0.0000, -1077.1700, 519.2886, 0.0000, 96, 78, 54
L -1077.1700, 519.2886, 0.0000, -1078.2355, 519.2340, 0.0000, 96, 78, 54
L -1078.2355, 519.2340, 0.0000, -1079.2066, 519.0850, 0.0000, 96, 78, 54
L -1079.2066, 519.0850, 0.0000, -1080.2615, 518.8000, 0.0000, 96, 78, 54
L -1080.2615, 518.8000, 0.0000, -1080.6280, 517.8739, 0.0000, 96, 78, 54
L -1080.6280, 517.8739, 0.0000, -1081.0360, 516.9872, 0.0000, 96, 78, 54
L -1081.0360, 516.9872, 0.0000, -1080.9609, 515.9771, 0.0000, 96, 78, 54
L -1080.9609, 515.9771, 0.0000, -1080.1697, 515.2566, 0.0000, 96, 78, 54
L -1080.1697, 515.2566, 0.0000, -1079.1785, 514.9502, 0.0000, 96, 78, 54
L -1079.1785, 514.9502, 0.0000, -1078.2355, 514.4527, 0.0000, 96, 78, 54
L -1078.2355, 514.4527, 0.0000, -1077.2514, 514.8617, 0.0000, 96, 78, 54
L -1077.2514, 514.8617, 0.0000, -1076.4171, 515.3602, 0.0000, 96, 78, 54
L -1076.4171, 515.3602, 0.0000, -1075.8986, 516.1211, 0.0000, 96, 78, 54
L -1075.8986, 516.1211, 0.0000, -1075.1393, 516.9872, 0.0000, 96, 78, 54
L -1080.2685, 518.7822, 0.0000, -1076.0822, 518.7822, 0.0000, 70, 56, 38
L 1947.5957, 594.8666, 0.0000, 1973.6475, 594.8666, 0.0000, 86, 38, 32
L 1947.4723, 596.5120, 0.0000, 1973.7298, 596.5120, 0.0000, 86, 38, 32
L 1947.3489, 598.1574, 0.0000, 1973.8120, 598.1574, 0.0000, 86, 38, 32
L 1947.2254, 599.8027, 0.0000, 1973.8943, 599.8027, 0.0000, 86, 38, 32
L 1947.1020, 601.4481, 0.0000, 1973.9766, 601.4481, 0.0000, 86, 38, 32
L 1946.9786, 603.0935, 0.0000, 1974.0588, 603.0935, 0.0000, 86, 38, 32
L 1946.8552, 604.7389, 0.0000, 1974.1411, 604.7389, 0.0000, 86, 38, 32
L 1946.7318, 606.3843, 0.0000, 1974.2234, 606.3843, 0.0000, 86, 38, 32
L 1946.6084, 608.0296, 0.0000, 1974.3057, 608.0296, 0.0000, 86, 38, 32
L 1946.4850, 609.6750, 0.0000, 1974.3879, 609.6750, 0.0000, 86, 38, 32
L 1946.3616, 611.3204, 0.0000, 1974.4702, 611.3204, 0.0000, 86, 38, 32
L 1946.2382, 612.9658, 0.0000, 1974.5525, 612.9658, 0.0000, 86, 38, 32
L 1946.1148, 614.6112, 0.0000, 1974.6347, 614.6112, 0.0000, 86, 38, 32
L 1945.9914, 616.2565, 0.0000, 1974.7170, 616.2565, 0.0000, 86, 38, 32
L 1945.8680, 617.9019, 0.0000, 1974.7993, 617.9019, 0.0000, 86, 38, 32
L 1945.7446, 619.5473, 0.0000, 1974.8815, 619.5473, 0.0000, 86, 38, 32
L 1945.6212, 621.1927, 0.0000, 1974.9638, 621.1927, 0.0000, 86, 38, 32
L 1945.5801, 622.8380, 0.0000, 1974.9912, 622.8380, 0.0000, 86, 38, 32
L 1945.7035, 624.4834, 0.0000, 1974.9090, 624.4834, 0.0000, 86, 38, 32
L 1945.8269, 626.1288, 0.0000, 1960.3474, 626.1288, 0.0000, 86, 38, 32
L 1968.1324, 626.1288, 0.0000, 1974.8267, 626.1288, 0.0000, 86, 38, 32
L 1945.9503, 627.7742, 0.0000, 1959.9360, 627.7742, 0.0000, 86, 38, 32
L 1968.0867, 627.7742, 0.0000, 1974.7444, 627.7742, 0.0000, 86, 38, 32
L 1946.0737, 629.4196, 0.0000, 1959.5247, 629.4196, 0.0000, 86, 38, 32
L 1968.0410, 629.4196, 0.0000, 1974.6622, 629.4196, 0.0000, 86, 38, 32
L 1946.1971, 631.0649, 0.0000, 1959.1133, 631.0649, 0.0000, 86, 38, 32
L 1967.9953, 631.0649, 0.0000, 1974.5799, 631.0649, 0.0000, 86, 38, 32
L 1946.3205, 632.7103, 0.0000, 1958.7020, 632.7103, 0.0000, 86, 38, 32
L 1967.9496, 632.7103, 0.0000, 1974.4976, 632.7103, 0.0000, 86, 38, 32
L 1946.4439, 634.3557, 0.0000, 1958.2906, 634.3557, 0.0000, 86, 38, 32
L 1967.9039, 634.3557, 0.0000, 1974.4153, 634.3557, 0.0000, 86, 38, 32
L 1946.5673, 636.0011, 0.0000, 1957.8793, 636.0011, 0.0000, 86, 38, 32
L 1967.8582, 636.0011, 0.0000, 1974.3331, 636.0011, 0.0000, 86, 38, 32
L 1946.6907, 637.6465, 0.0000, 1957.4679, 637.6465, 0.0000, 86, 38, 32
L 1967.8125, 637.6465, 0.0000, 1974.2508, 637.6465, 0.0000, 86, 38, 32
L 1946.8141, 639.2918, 0.0000, 1957.0566, 639.2918, 0.0000, 86, 38, 32
L 1967.7668, 639.2918, 0.0000, 1974.1685, 639.2918, 0.0000, 86, 38, 32
L 1946.9375, 640.9372, 0.0000, 1956.6452, 640.9372, 0.0000, 86, 38, 32
L 1967.7211, 640.9372, 0.0000, 1974.0863, 640.9372, 0.0000, 86, 38, 32
L 1947.0609, 642.5826, 0.0000, 1956.2339, 642.5826, 0.0000, 86, 38, 32
L 1967.6754, 642.5826, 0.0000, 1974.0040, 642.5826, 0.0000, 86, 38, 32
L 1947.1843, 644.2280, 0.0000, 1955.8226, 644.2280, 0.0000, 86, 38, 32
L 1967.6297, 644.2280, 0.0000, 1973.9217, 644.2280, 0.0000, 86, 38, 32
L 1947.3077, 645.8734, 0.0000, 1955.4112, 645.8734, 0.0000, 86, 38, 32
L 1967.5840, 645.8734, 0.0000, 1973.8395, 645.8734, 0.0000, 86, 38, 32
L 1947.4311, 647.5187, 0.0000, 1954.9999, 647.5187, 0.0000, 86, 38, 32
L 1967.5383, 647.5187, 0.0000, 1973.7572, 647.5187, 0.0000, 86, 38, 32
L 1947.5545, 649.1641, 0.0000, 1954.5885, 649.1641, 0.0000, 86, 38, 32
L 1967.4926, 649.1641, 0.0000, 1973.6749, 649.1641, 0.0000, 86, 38, 32
L 1947.5957, 649.7126, 0.0000, 1945.5389, 622.2896, 0.0000, 86, 38, 32
L 1945.5389, 622.2896, 0.0000, 1947.5957, 594.8666, 0.0000, 86, 38, 32
L 1973.6475, 594.8666, 0.0000, 1975.0187, 622.2896, 0.0000, 86, 38, 32
L 1975.0187, 622.2896, 0.0000, 1973.6475, 649.7126, 0.0000, 86, 38, 32
L 1973.6475, 649.7126, 0.0000, 1967.4773, 649.7126, 0.0000, 86, 38, 32
L 1967.4773, 649.7126, 0.0000, 1968.1629, 625.0319, 0.0000, 86, 38, 32
L 1968.1629, 625.0319, 0.0000, 1960.6216, 625.0319, 0.0000, 86, 38, 32
L 1960.6216, 625.0319, 0.0000, 1954.4514, 649.7126, 0.0000, 86, 38, 32
L 1954.4514, 649.7126, 0.0000, 1947.5957, 649.7126, 0.0000, 86, 38, 32
L 1952.3947, 547.1506, 0.0000, 1968.4175, 547.1506, 0.0000, 128, 54, 44
L 1950.3380, 548.7960, 0.0000, 1969.9454, 548.7960, 0.0000, 128, 54, 44
L 1948.2812, 550.4413, 0.0000, 1971.4733, 550.4413, 0.0000, 128, 54, 44
L 1946.2245, 552.0867, 0.0000, 1973.0011, 552.0867, 0.0000, 128, 54, 44
L 1944.1678, 553.7321, 0.0000, 1974.5290, 553.7321, 0.0000, 128, 54, 44
L 1943.9621, 555.3775, 0.0000, 1976.0568, 555.3775, 0.0000, 128, 54, 44
L 1943.7564, 557.0229, 0.0000, 1977.1302, 557.0229, 0.0000, 128, 54, 44
L 1943.5508, 558.6682, 0.0000, 1977.2948, 558.6682, 0.0000, 128, 54, 44
L 1943.3451, 560.3136, 0.0000, 1977.4593, 560.3136, 0.0000, 128, 54, 44
L 1943.1394, 561.9590, 0.0000, 1977.6238, 561.9590, 0.0000, 128, 54, 44
L 1942.9337, 563.6044, 0.0000, 1977.7884, 563.6044, 0.0000, 128, 54, 44
L 1942.7281, 565.2498, 0.0000, 1977.9529, 565.2498, 0.0000, 128, 54, 44
L 1942.5224, 566.8951, 0.0000, 1978.1175, 566.8951, 0.0000, 128, 54, 44
L 1942.3167, 568.5405, 0.0000, 1978.2820, 568.5405, 0.0000, 128, 54, 44
L 1942.1111, 570.1859, 0.0000, 1978.4465, 570.1859, 0.0000, 128, 54, 44
L 1941.9054, 571.8313, 0.0000, 1978.6111, 571.8313, 0.0000, 128, 54, 44
L 1941.6997, 573.4767, 0.0000, 1978.7756, 573.4767, 0.0000, 128, 54, 44
L 1941.4940, 575.1220, 0.0000, 1978.9401, 575.1220, 0.0000, 128, 54, 44
L 1941.5283, 576.7674, 0.0000, 1979.1047, 576.7674, 0.0000, 128, 54, 44
L 1941.6826, 578.4128, 0.0000, 1978.9493, 578.4128, 0.0000, 128, 54, 44
L 1941.8368, 580.0582, 0.0000, 1978.7299, 580.0582, 0.0000, 128, 54, 44
L 1941.9911, 581.7036, 0.0000, 1978.5105, 581.7036, 0.0000, 128, 54, 44
L 1942.1453, 583.3489, 0.0000, 1978.2911, 583.3489, 0.0000, 128, 54, 44
L 1942.2996, 584.9943, 0.0000, 1978.0717, 584.9943, 0.0000, 128, 54, 44
L 1942.4538, 586.6397, 0.0000, 1977.8524, 586.6397, 0.0000, 128, 54, 44
L 1942.6081, 588.2851, 0.0000, 1977.6330, 588.2851, 0.0000, 128, 54, 44
L 1942.7624, 589.9305, 0.0000, 1977.4136, 589.9305, 0.0000, 128, 54, 44
L 1942.9166, 591.5758, 0.0000, 1977.1942, 591.5758, 0.0000, 128, 54, 44
L 1943.0709, 593.2212, 0.0000, 1976.9748, 593.2212, 0.0000, 128, 54, 44
L 1943.2251, 594.8666, 0.0000, 1976.7554, 594.8666, 0.0000, 128, 54, 44
L 1943.3794, 596.5120, 0.0000, 1976.5361, 596.5120, 0.0000, 128, 54, 44
L 1943.4822, 597.6089, 0.0000, 1941.4255, 575.6705, 0.0000, 86, 38, 32
L 1941.4255, 575.6705, 0.0000, 1944.1678, 553.7321, 0.0000, 86, 38, 32
L 1944.1678, 553.7321, 0.0000, 1954.4514, 545.5052, 0.0000, 86, 38, 32
L 1954.4514, 545.5052, 0.0000, 1968.1629, 546.8764, 0.0000, 86, 38, 32
L 1968.1629, 546.8764, 0.0000, 1977.0754, 556.4744, 0.0000, 86, 38, 32
L 1977.0754, 556.4744, 0.0000, 1979.1321, 577.0416, 0.0000, 86, 38, 32
L 1979.1321, 577.0416, 0.0000, 1976.3898, 597.6089, 0.0000, 86, 38, 32
L 1976.3898, 597.6089, 0.0000, 1943.4822, 597.6089, 0.0000, 86, 38, 32
L 1943.4822, 567.4436, 0.0000, 1977.7610, 566.0724, 0.0000, 168, 138, 70
L 1950.1837, 530.0112, 0.0000, 1961.3986, 530.0112, 0.0000, 128, 128, 138
L 1948.7440, 531.6566, 0.0000, 1962.8611, 531.6566, 0.0000, 128, 128, 138
L 1947.3043, 533.3020, 0.0000, 1964.3237, 533.3020, 0.0000, 128, 128, 138
L 1946.4073, 534.9473, 0.0000, 1965.3863, 534.9473, 0.0000, 128, 128, 138
L 1947.1386, 536.5927, 0.0000, 1965.2492, 536.5927, 0.0000, 128, 128, 138
L 1947.8699, 538.2381, 0.0000, 1965.1121, 538.2381, 0.0000, 128, 128, 138
L 1948.6012, 539.8835, 0.0000, 1964.9750, 539.8835, 0.0000, 128, 128, 138
L 1951.2703, 541.5289, 0.0000, 1964.8379, 541.5289, 0.0000, 128, 128, 138
L 1955.8774, 543.1742, 0.0000, 1962.8840, 543.1742, 0.0000, 128, 128, 138
L 1958.5649, 544.1341, 0.0000, 1948.9668, 540.7062, 0.0000, 86, 38, 32
L 1948.9668, 540.7062, 0.0000, 1946.2245, 534.5360, 0.0000, 86, 38, 32
L 1946.2245, 534.5360, 0.0000, 1951.0235, 529.0514, 0.0000, 86, 38, 32
L 1951.0235, 529.0514, 0.0000, 1959.9360, 528.3658, 0.0000, 86, 38, 32
L 1959.9360, 528.3658, 0.0000, 1965.4206, 534.5360, 0.0000, 86, 38, 32
L 1965.4206, 534.5360, 0.0000, 1964.7350, 542.7629, 0.0000, 86, 38, 32
L 1964.7350, 542.7629, 0.0000, 1958.5649, 544.1341, 0.0000, 86, 38, 32
L 1957.9665, 522.4699, 0.0000, 1959.6618, 522.4699, 0.0000, 128, 54, 44
L 1957.3682, 524.1153, 0.0000, 1960.7587, 524.1153, 0.0000, 128, 54, 44
L 1956.7699, 525.7606, 0.0000, 1961.8556, 525.7606, 0.0000, 128, 54, 44
L 1956.1716, 527.4060, 0.0000, 1962.9525, 527.4060, 0.0000, 128, 54, 44
L 1955.8226, 528.3658, 0.0000, 1958.5649, 520.8245, 0.0000, 128, 54, 44
L 1958.5649, 520.8245, 0.0000, 1964.0495, 529.0514, 0.0000, 128, 54, 44
L 1964.0495, 529.0514, 0.0000, 1955.8226, 528.3658, 0.0000, 128, 54, 44
L 1936.9007, 560.8621, 0.0000, 1943.6193, 560.8621, 0.0000, 128, 128, 138
L 1932.4273, 562.5075, 0.0000, 1943.7564, 562.5075, 0.0000, 128, 128, 138
L 1932.1702, 564.1528, 0.0000, 1943.8936, 564.1528, 0.0000, 128, 128, 138
L 1931.9131, 565.7982, 0.0000, 1944.0307, 565.7982, 0.0000, 128, 128, 138
L 1931.6560, 567.4436, 0.0000, 1944.1678, 567.4436, 0.0000, 128, 128, 138
L 1931.3990, 569.0890, 0.0000, 1944.3049, 569.0890, 0.0000, 128, 128, 138
L 1931.1419, 570.7344, 0.0000, 1944.4420, 570.7344, 0.0000, 128, 128, 138
L 1930.8848, 572.3797, 0.0000, 1944.5791, 572.3797, 0.0000, 128, 128, 138
L 1930.6277, 574.0251, 0.0000, 1944.7162, 574.0251, 0.0000, 128, 128, 138
L 1930.3706, 575.6705, 0.0000, 1944.8534, 575.6705, 0.0000, 128, 128, 138
L 1930.1135, 577.3159, 0.0000, 1944.9905, 577.3159, 0.0000, 128, 128, 138
L 1929.8564, 578.9613, 0.0000, 1945.1276, 578.9613, 0.0000, 128, 128, 138
L 1929.5993, 580.6066, 0.0000, 1945.2647, 580.6066, 0.0000, 128, 128, 138
L 1929.3422, 582.2520, 0.0000, 1945.4018, 582.2520, 0.0000, 128, 128, 138
L 1929.0851, 583.8974, 0.0000, 1945.5389, 583.8974, 0.0000, 128, 128, 138
L 1929.6610, 585.5428, 0.0000, 1945.1276, 585.5428, 0.0000, 128, 128, 138
L 1930.2369, 587.1882, 0.0000, 1944.7162, 587.1882, 0.0000, 128, 128, 138
L 1930.8128, 588.8335, 0.0000, 1944.3049, 588.8335, 0.0000, 128, 128, 138
L 1931.3887, 590.4789, 0.0000, 1943.8936, 590.4789, 0.0000, 128, 128, 138
L 1931.9646, 592.1243, 0.0000, 1943.4822, 592.1243, 0.0000, 128, 128, 138
L 1932.5404, 593.7697, 0.0000, 1943.0709, 593.7697, 0.0000, 128, 128, 138
L 1933.1163, 595.4151, 0.0000, 1942.6595, 595.4151, 0.0000, 128, 128, 138
L 1933.6922, 597.0604, 0.0000, 1942.2482, 597.0604, 0.0000, 128, 128, 138
L 1934.2681, 598.7058, 0.0000, 1941.8368, 598.7058, 0.0000, 128, 128, 138
L 1934.8440, 600.3512, 0.0000, 1941.4255, 600.3512, 0.0000, 128, 128, 138
L 1935.4198, 601.9966, 0.0000, 1941.0141, 601.9966, 0.0000, 128, 128, 138
L 1935.9957, 603.6420, 0.0000, 1940.6028, 603.6420, 0.0000, 128, 128, 138
L 1936.5716, 605.2873, 0.0000, 1940.1915, 605.2873, 0.0000, 128, 128, 138
L 1937.1475, 606.9327, 0.0000, 1939.7801, 606.9327, 0.0000, 128, 128, 138
L 1937.7234, 608.5781, 0.0000, 1939.3688, 608.5781, 0.0000, 128, 128, 138
L 1938.2993, 610.2235, 0.0000, 1938.9574, 610.2235, 0.0000, 128, 128, 138
L 1932.5130, 561.9590, 0.0000, 1943.4822, 559.2167, 0.0000, 86, 38, 32
L 1943.4822, 559.2167, 0.0000, 1945.5389, 583.8974, 0.0000, 86, 38, 32
L 1945.5389, 583.8974, 0.0000, 1938.6832, 611.3204, 0.0000, 86, 38, 32
L 1938.6832, 611.3204, 0.0000, 1929.0851, 583.8974, 0.0000, 86, 38, 32
L 1929.0851, 583.8974, 0.0000, 1932.5130, 561.9590, 0.0000, 86, 38, 32
L 1937.9976, 564.7013, 0.0000, 1937.3120, 603.0935, 0.0000, 128, 54, 44
L 1975.0187, 597.6089, 0.0000, 1971.5908, 509.8553, 0.0000, 116, 96, 66
L 1978.5836, 518.3564, 0.0000, 1983.1708, 518.3564, 0.0000, 160, 160, 170
L 1973.9217, 520.0018, 0.0000, 1983.0960, 520.0018, 0.0000, 160, 160, 170
L 1971.6593, 521.6472, 0.0000, 1983.0212, 521.6472, 0.0000, 160, 160, 170
L 1971.7965, 523.2926, 0.0000, 1982.9464, 523.2926, 0.0000, 160, 160, 170
L 1971.9336, 524.9380, 0.0000, 1982.8716, 524.9380, 0.0000, 160, 160, 170
L 1972.0707, 526.5833, 0.0000, 1982.7968, 526.5833, 0.0000, 160, 160, 170
L 1972.2078, 528.2287, 0.0000, 1982.7220, 528.2287, 0.0000, 160, 160, 170
L 1975.3614, 529.8741, 0.0000, 1982.6472, 529.8741, 0.0000, 160, 160, 170
L 1981.5316, 531.5195, 0.0000, 1982.5724, 531.5195, 0.0000, 160, 160, 170
L 1971.5908, 520.8245, 0.0000, 1983.2456, 516.7111, 0.0000, 110, 110, 120
L 1983.2456, 516.7111, 0.0000, 1982.5600, 531.7937, 0.0000, 110, 110, 120
L 1982.5600, 531.7937, 0.0000, 1972.2764, 529.0514, 0.0000, 110, 110, 120
L 1972.2764, 529.0514, 0.0000, 1971.5908, 520.8245, 0.0000, 110, 110, 120
L 1968.8485, 498.8861, 0.0000, 1974.3331, 498.8861, 0.0000, 160, 160, 170
L 1969.2598, 500.5315, 0.0000, 1973.9217, 500.5315, 0.0000, 160, 160, 170
L 1969.6712, 502.1769, 0.0000, 1973.5104, 502.1769, 0.0000, 160, 160, 170
L 1970.0825, 503.8222, 0.0000, 1973.0990, 503.8222, 0.0000, 160, 160, 170
L 1970.4939, 505.4676, 0.0000, 1972.6877, 505.4676, 0.0000, 160, 160, 170
L 1970.9052, 507.1130, 0.0000, 1972.2764, 507.1130, 0.0000, 160, 160, 170
L 1971.3166, 508.7584, 0.0000, 1971.8650, 508.7584, 0.0000, 160, 160, 170
L 1971.5908, 509.8553, 0.0000, 1968.8485, 498.8861, 0.0000, 160, 160, 170
L 1974.3331, 498.8861, 0.0000, 1971.5908, 509.8553, 0.0000, 160, 160, 170
