P -312.8700, -387.0299, 0.0000, 70, 86, 92, 3, N
P -312.8700, -294.6501, 0.0000, 84, 92, 96, 1, S
P -266.6801, -340.8400, 0.0000, 84, 92, 96, 1, E
P -359.0599, -340.8400, 0.0000, 84, 92, 96, 1, W
L  -209.2211, -353.4023, 0.0000, -209.2211, 317.1391, 0.0000, 150, 150, 140
L  -98.0878, -353.4023, 0.0000, -98.0878, 317.1391, 0.0000, 150, 150, 140
L  13.0454, -353.4023, 0.0000, 13.0454, 317.1391, 0.0000, 150, 150, 140
L  124.1786, -353.4023, 0.0000, 124.1786, 317.1391, 0.0000, 150, 150, 140
L  235.3119, -353.4023, 0.0000, 235.3119, 317.1391, 0.0000, 150, 150, 140
L  346.4451, -353.4023, 0.0000, 346.4451, 317.1391, 0.0000, 150, 150, 140
L  457.5784, -353.4023, 0.0000, 457.5784, 317.1391, 0.0000, 150, 150, 140
L  -233.2166, -156.6049, 0.0000, 518.4979, -156.6049, 0.0000, 150, 150, 140
L  -233.2166, -53.7935, 0.0000, 518.4979, -53.7935, 0.0000, 150, 150, 140
L  -233.2166, 68.5458, 0.0000, 518.4979, 68.5458, 0.0000, 150, 150, 140
L  -233.2166, 190.8850, 0.0000, 518.4979, 190.8850, 0.0000, 150, 150, 140
L  -233.2166, 313.2243, 0.0000, 518.4979, 313.2243, 0.0000, 150, 150, 140
L  -233.2166, 317.1391, 0.0000, 518.4979, 317.1391, 0.0000, 150, 150, 140
L  -233.2166, -353.4023, 0.0000, -233.2166, 317.1391, 0.0000, 150, 150, 140
L  518.4979, -353.4023, 0.0000, 518.4979, 317.1391, 0.0000, 150, 150, 140
L  -372.1332, -506.3263, 0.0000, -257.7400, -487.4249, 0.0000, 84, 92, 96
L  -257.7400, -469.8499, 0.0000, -143.3469, -488.7513, 0.0000, 84, 92, 96
L  -143.3469, -488.7513, 0.0000, -28.9537, -470.0742, 0.0000, 84, 92, 96
L  -28.9537, -470.0742, 0.0000, 85.4394, -488.7513, 0.0000, 84, 92, 96
L  85.4394, -488.7513, 0.0000, 199.8419, -465.3437, 0.0000, 84, 92, 96
L  199.8419, -465.3437, 0.0000, 314.2350, -488.7513, 0.0000, 84, 92, 96
L  314.2350, -488.7513, 0.0000, 428.6282, -476.3237, 0.0000, 84, 92, 96
L  428.6282, -476.3237, 0.0000, 543.0213, -488.7513, 0.0000, 84, 92, 96
L  543.0213, -506.3263, 0.0000, 657.4145, -478.7490, 0.0000, 84, 92, 96
L  657.4145, -506.3263, 0.0000, 635.5027, -366.8392, 0.0000, 84, 92, 96
L  635.5027, -366.8392, 0.0000, 657.4145, -227.3623, 0.0000, 84, 92, 96
L  657.4145, -227.3623, 0.0000, 636.8456, -87.8751, 0.0000, 84, 92, 96
L  636.8456, -87.8751, 0.0000, 657.4145, 51.6120, 0.0000, 84, 92, 96
L  657.4145, 51.6120, 0.0000, 644.8935, 191.0991, 0.0000, 84, 92, 96
L  644.8935, 191.0991, 0.0000, 657.4145, 330.5760, 0.0000, 84, 92, 96
L  657.4145, 330.5760, 0.0000, 638.1606, 470.0632, 0.0000, 84, 92, 96
L  657.4145, 470.0632, 0.0000, 543.0213, 445.1671, 0.0000, 84, 92, 96
L  543.0213, 445.1671, 0.0000, 428.6282, 470.0632, 0.0000, 84, 92, 96
L  428.6282, 470.0632, 0.0000, 314.2350, 440.1512, 0.0000, 84, 92, 96
L  314.2350, 440.1512, 0.0000, 199.8419, 470.0632, 0.0000, 84, 92, 96
L  199.8419, 470.0632, 0.0000, 85.4394, 449.5713, 0.0000, 84, 92, 96
L  85.4394, 449.5713, 0.0000, -28.9537, 470.0632, 0.0000, 84, 92, 96
L  -28.9537, 470.0632, 0.0000, -143.3469, 452.9051, 0.0000, 84, 92, 96
L  -143.3469, 452.9051, 0.0000, -257.7400, 470.0632, 0.0000, 84, 92, 96
L  -257.7400, 470.0632, 0.0000, -372.1332, 447.9911, 0.0000, 84, 92, 96
L  -372.1332, 470.0632, 0.0000, -356.3337, 330.5760, 0.0000, 84, 92, 96
L  -356.3337, 330.5760, 0.0000, -372.1332, 191.0991, 0.0000, 84, 92, 96
L  -372.1332, 191.0991, 0.0000, -353.4257, 51.6120, 0.0000, 84, 92, 96
L  -353.4257, 51.6120, 0.0000, -372.1332, -87.8751, 0.0000, 84, 92, 96
L  -372.1332, -87.8751, 0.0000, -348.2580, -227.3623, 0.0000, 84, 92, 96
L  -348.2580, -227.3623, 0.0000, -372.1332, -366.8392, 0.0000, 84, 92, 96
L  -372.1332, -366.8392, 0.0000, -346.1558, -506.3263, 0.0000, 84, 92, 96
L  -335.0888, -447.9715, 0.0000, -175.8441, -436.2372, 0.0000, 150, 164, 168
L  461.1254, -440.4783, 0.0000, 620.3701, -447.9715, 0.0000, 150, 164, 168
L  620.3701, -465.5466, 0.0000, 609.5901, -286.5847, 0.0000, 150, 164, 168
L  609.5901, -286.5847, 0.0000, 620.3701, -107.6125, 0.0000, 150, 164, 168
L  620.3701, -107.6125, 0.0000, 609.0622, 71.3494, 0.0000, 150, 164, 168
L  609.0622, 71.3494, 0.0000, 620.3701, 250.3215, 0.0000, 150, 164, 168
L  620.3701, 250.3215, 0.0000, 608.1454, 429.2834, 0.0000, 150, 164, 168
L  620.3701, 429.2834, 0.0000, 461.1254, 416.6417, 0.0000, 150, 164, 168
L  461.1254, 416.6417, 0.0000, 301.8807, 429.2834, 0.0000, 150, 164, 168
L  301.8807, 429.2834, 0.0000, 142.6360, 414.3886, 0.0000, 150, 164, 168
L  142.6360, 414.3886, 0.0000, -16.5994, 429.2834, 0.0000, 150, 164, 168
L  -16.5994, 429.2834, 0.0000, -175.8441, 422.6057, 0.0000, 150, 164, 168
L  -175.8441, 422.6057, 0.0000, -335.0888, 429.2834, 0.0000, 150, 164, 168
L  -335.0888, 429.2834, 0.0000, -320.6229, 250.3215, 0.0000, 150, 164, 168
L  -320.6229, 250.3215, 0.0000, -335.0888, 71.3494, 0.0000, 150, 164, 168
L  -335.0888, 71.3494, 0.0000, -323.8458, -107.6125, 0.0000, 150, 164, 168
L  -323.8458, -107.6125, 0.0000, -335.0888, -286.5847, 0.0000, 150, 164, 168
L  -335.0888, -286.5847, 0.0000, -322.5770, -465.5466, 0.0000, 150, 164, 168
L  -205.4333, -289.0019, 0.0000, -205.4333, -366.4120, 0.0000, 70, 86, 92
L  -198.0244, -278.8069, 0.0000, -198.0244, -356.2171, 0.0000, 150, 164, 168
L  -205.4333, -323.8380, 0.0000, -165.9810, -366.4120, 0.0000, 70, 86, 92
L  -198.0244, -313.6430, 0.0000, -158.5721, -356.2171, 0.0000, 150, 164, 168
L  -193.8291, -331.5759, 0.0000, -163.6657, -289.0019, 0.0000, 70, 86, 92
L  -186.4203, -321.3810, 0.0000, -156.2568, -278.8069, 0.0000, 150, 164, 168
L  -86.8263, -366.4120, 0.0000, -133.2430, -366.4120, 0.0000, 70, 86, 92
L  -79.4175, -356.2171, 0.0000, -125.8341, -356.2171, 0.0000, 150, 164, 168
L  -133.2430, -366.4120, 0.0000, -133.2430, -289.0019, 0.0000, 70, 86, 92
L  -125.8341, -356.2171, 0.0000, -125.8341, -278.8069, 0.0000, 150, 164, 168
L  -133.2430, -289.0019, 0.0000, -86.8263, -289.0019, 0.0000, 70, 86, 92
L  -125.8341, -278.8069, 0.0000, -79.4175, -278.8069, 0.0000, 150, 164, 168
L  -133.2430, -327.7121, 0.0000, -100.7550, -327.7121, 0.0000, 70, 86, 92
L  -125.8341, -317.5171, 0.0000, -93.3462, -317.5171, 0.0000, 150, 164, 168
L  -61.0434, -289.0019, 0.0000, -61.0434, -366.4120, 0.0000, 70, 86, 92
L  -53.6346, -278.8069, 0.0000, -53.6346, -356.2171, 0.0000, 150, 164, 168
L  -61.0434, -366.4120, 0.0000, -33.2046, -366.4120, 0.0000, 70, 86, 92
L  -53.6346, -356.2171, 0.0000, -25.7957, -356.2171, 0.0000, 150, 164, 168
L  -33.2046, -366.4120, 0.0000, -16.9606, -343.1880, 0.0000, 70, 86, 92
L  -25.7957, -356.2171, 0.0000, -9.5517, -332.9930, 0.0000, 150, 164, 168
L  -16.9606, -343.1880, 0.0000, -16.9606, -312.2260, 0.0000, 70, 86, 92
L  -9.5517, -332.9930, 0.0000, -9.5517, -302.0310, 0.0000, 150, 164, 168
L  -16.9606, -312.2260, 0.0000, -33.2046, -289.0019, 0.0000, 70, 86, 92
L  -9.5517, -302.0310, 0.0000, -25.7957, -278.8069, 0.0000, 150, 164, 168
L  -33.2046, -289.0019, 0.0000, -61.0434, -289.0019, 0.0000, 70, 86, 92
L  -25.7957, -278.8069, 0.0000, -53.6346, -278.8069, 0.0000, 150, 164, 168
L  55.2390, -350.9259, 0.0000, 43.6348, -366.4120, 0.0000, 70, 86, 92
L  62.6479, -340.7310, 0.0000, 51.0437, -356.2171, 0.0000, 150, 164, 168
L  43.6348, -366.4120, 0.0000, 22.7510, -366.4120, 0.0000, 70, 86, 92
L  51.0437, -356.2171, 0.0000, 30.1599, -356.2171, 0.0000, 150, 164, 168
L  22.7510, -366.4120, 0.0000, 11.1469, -343.1880, 0.0000, 70, 86, 92
L  30.1599, -356.2171, 0.0000, 18.5558, -332.9930, 0.0000, 150, 164, 168
L  11.1469, -343.1880, 0.0000, 11.1469, -312.2260, 0.0000, 70, 86, 92
L  18.5558, -332.9930, 0.0000, 18.5558, -302.0310, 0.0000, 150, 164, 168
L  11.1469, -312.2260, 0.0000, 22.7510, -289.0019, 0.0000, 70, 86, 92
L  18.5558, -302.0310, 0.0000, 30.1599, -278.8069, 0.0000, 150, 164, 168
L  22.7510, -289.0019, 0.0000, 43.6348, -289.0019, 0.0000, 70, 86, 92
L  30.1599, -278.8069, 0.0000, 51.0437, -278.8069, 0.0000, 150, 164, 168
L  43.6348, -289.0019, 0.0000, 55.2390, -308.3519, 0.0000, 70, 86, 92
L  51.0437, -278.8069, 0.0000, 62.6479, -298.1569, 0.0000, 150, 164, 168
L  55.2390, -308.3519, 0.0000, 55.2390, -323.8380, 0.0000, 70, 86, 92
L  62.6479, -298.1569, 0.0000, 62.6479, -313.6430, 0.0000, 150, 164, 168
L  55.2390, -323.8380, 0.0000, 38.9950, -323.8380, 0.0000, 70, 86, 92
L  62.6479, -313.6430, 0.0000, 46.4039, -313.6430, 0.0000, 150, 164, 168
L  129.7446, -366.4120, 0.0000, 83.3372, -366.4120, 0.0000, 70, 86, 92
L  137.1534, -356.2171, 0.0000, 90.7461, -356.2171, 0.0000, 150, 164, 168
L  83.3372, -366.4120, 0.0000, 83.3372, -289.0019, 0.0000, 70, 86, 92
L  90.7461, -356.2171, 0.0000, 90.7461, -278.8069, 0.0000, 150, 164, 168
L  83.3372, -289.0019, 0.0000, 129.7446, -289.0019, 0.0000, 70, 86, 92
L  90.7461, -278.8069, 0.0000, 137.1534, -278.8069, 0.0000, 150, 164, 168
L  83.3372, -327.7121, 0.0000, 115.8251, -327.7121, 0.0000, 70, 86, 92
L  90.7461, -317.5171, 0.0000, 123.2340, -317.5171, 0.0000, 150, 164, 168
L  227.7270, -289.0019, 0.0000, 227.7270, -366.4120, 0.0000, 70, 86, 92
L  235.1359, -278.8069, 0.0000, 235.1359, -356.2171, 0.0000, 150, 164, 168
L  227.7270, -323.8380, 0.0000, 267.1701, -366.4120, 0.0000, 70, 86, 92
L  235.1359, -313.6430, 0.0000, 274.5790, -356.2171, 0.0000, 150, 164, 168
L  239.3312, -331.5759, 0.0000, 269.4946, -289.0019, 0.0000, 70, 86, 92
L  246.7401, -321.3810, 0.0000, 276.9035, -278.8069, 0.0000, 150, 164, 168
L  346.3247, -366.4120, 0.0000, 299.9173, -366.4120, 0.0000, 70, 86, 92
L  353.7336, -356.2171, 0.0000, 307.3262, -356.2171, 0.0000, 150, 164, 168
L  299.9173, -366.4120, 0.0000, 299.9173, -289.0019, 0.0000, 70, 86, 92
L  307.3262, -356.2171, 0.0000, 307.3262, -278.8069, 0.0000, 150, 164, 168
L  299.9173, -289.0019, 0.0000, 346.3247, -289.0019, 0.0000, 70, 86, 92
L  307.3262, -278.8069, 0.0000, 353.7336, -278.8069, 0.0000, 150, 164, 168
L  299.9173, -327.7121, 0.0000, 332.4053, -327.7121, 0.0000, 70, 86, 92
L  307.3262, -317.5171, 0.0000, 339.8142, -317.5171, 0.0000, 150, 164, 168
L  418.5243, -366.4120, 0.0000, 372.1076, -366.4120, 0.0000, 70, 86, 92
L  425.9332, -356.2171, 0.0000, 379.5165, -356.2171, 0.0000, 150, 164, 168
L  372.1076, -366.4120, 0.0000, 372.1076, -289.0019, 0.0000, 70, 86, 92
L  379.5165, -356.2171, 0.0000, 379.5165, -278.8069, 0.0000, 150, 164, 168
L  372.1076, -289.0019, 0.0000, 418.5243, -289.0019, 0.0000, 70, 86, 92
L  379.5165, -278.8069, 0.0000, 425.9332, -278.8069, 0.0000, 150, 164, 168
L  372.1076, -327.7121, 0.0000, 404.5956, -327.7121, 0.0000, 70, 86, 92
L  379.5165, -317.5171, 0.0000, 412.0045, -317.5171, 0.0000, 150, 164, 168
L  444.3072, -289.0019, 0.0000, 444.3072, -366.4120, 0.0000, 70, 86, 92
L  451.7161, -278.8069, 0.0000, 451.7161, -356.2171, 0.0000, 150, 164, 168
L  444.3072, -366.4120, 0.0000, 476.7952, -366.4120, 0.0000, 70, 86, 92
L  451.7161, -356.2171, 0.0000, 484.2040, -356.2171, 0.0000, 150, 164, 168
L  476.7952, -366.4120, 0.0000, 488.3901, -350.9259, 0.0000, 70, 86, 92
L  484.2040, -356.2171, 0.0000, 495.7989, -340.7310, 0.0000, 150, 164, 168
L  488.3901, -350.9259, 0.0000, 476.7952, -331.5759, 0.0000, 70, 86, 92
L  495.7989, -340.7310, 0.0000, 484.2040, -321.3810, 0.0000, 150, 164, 168
L  476.7952, -331.5759, 0.0000, 444.3072, -331.5759, 0.0000, 70, 86, 92
L  484.2040, -321.3810, 0.0000, 451.7161, -321.3810, 0.0000, 150, 164, 168
L  -233.2166, -242.1052, 0.0000, 518.4979, -242.1052, 0.0000, 150, 164, 168
L  -233.2166, -409.2308, 0.0000, 518.4979, -409.2308, 0.0000, 150, 164, 168
L  -243.2872, -383.7027, 0.0000, -243.7933, -377.3119, 0.0000, 84, 92, 96
L  -243.7933, -377.3119, 0.0000, -245.3020, -371.1207, 0.0000, 84, 92, 96
L  -245.3020, -371.1207, 0.0000, -247.7654, -365.3080, 0.0000, 84, 92, 96
L  -247.7654, -365.3080, 0.0000, -251.1074, -360.0523, 0.0000, 84, 92, 96
L  -251.1074, -360.0523, 0.0000, -255.2228, -355.5220, 0.0000, 84, 92, 96
L  -255.2228, -355.5220, 0.0000, -259.9970, -351.8431, 0.0000, 84, 92, 96
L  -259.9970, -351.8431, 0.0000, -265.2773, -349.1312, 0.0000, 84, 92, 96
L  -265.2773, -349.1312, 0.0000, -270.9013, -347.4705, 0.0000, 84, 92, 96
L  -270.9013, -365.0455, 0.0000, -276.7068, -364.4884, 0.0000, 84, 92, 96
L  -276.7068, -364.4884, 0.0000, -282.5122, -365.0455, 0.0000, 84, 92, 96
L  -282.5122, -365.0455, 0.0000, -288.1363, -366.7063, 0.0000, 84, 92, 96
L  -288.1363, -366.7063, 0.0000, -293.4165, -369.4181, 0.0000, 84, 92, 96
L  -293.4165, -369.4181, 0.0000, -298.1908, -373.0971, 0.0000, 84, 92, 96
L  -298.1908, -373.0971, 0.0000, -302.3061, -377.6274, 0.0000, 84, 92, 96
L  -302.3061, -377.6274, 0.0000, -305.6481, -382.8831, 0.0000, 84, 92, 96
L  -305.6481, -382.8831, 0.0000, -308.1115, -388.6957, 0.0000, 84, 92, 96
L  -308.1115, -388.6957, 0.0000, -309.6202, -394.8869, 0.0000, 84, 92, 96
L  -309.6202, -394.8869, 0.0000, -310.1263, -401.2777, 0.0000, 84, 92, 96
L  -310.1263, -401.2777, 0.0000, -309.6202, -407.6685, 0.0000, 84, 92, 96
L  -309.6202, -407.6685, 0.0000, -308.1115, -413.8597, 0.0000, 84, 92, 96
L  -308.1115, -413.8597, 0.0000, -305.6481, -419.6723, 0.0000, 84, 92, 96
L  -305.6481, -419.6723, 0.0000, -302.3061, -424.9280, 0.0000, 84, 92, 96
L  -302.3061, -424.9280, 0.0000, -298.1908, -429.4583, 0.0000, 84, 92, 96
L  -298.1908, -429.4583, 0.0000, -293.4165, -433.1373, 0.0000, 84, 92, 96
L  -293.4165, -433.1373, 0.0000, -288.1363, -435.8491, 0.0000, 84, 92, 96
L  -288.1363, -435.8491, 0.0000, -282.5122, -437.5099, 0.0000, 84, 92, 96
L  -282.5122, -437.5099, 0.0000, -276.7068, -438.0671, 0.0000, 84, 92, 96
L  -276.7068, -438.0671, 0.0000, -270.9013, -437.5099, 0.0000, 84, 92, 96
L  -270.9013, -419.9348, 0.0000, -265.2773, -418.2741, 0.0000, 84, 92, 96
L  -265.2773, -418.2741, 0.0000, -259.9970, -415.5622, 0.0000, 84, 92, 96
L  -259.9970, -415.5622, 0.0000, -255.2228, -411.8833, 0.0000, 84, 92, 96
L  -255.2228, -411.8833, 0.0000, -251.1074, -407.3530, 0.0000, 84, 92, 96
L  -251.1074, -407.3530, 0.0000, -247.7654, -402.0973, 0.0000, 84, 92, 96
L  -247.7654, -402.0973, 0.0000, -245.3020, -396.2846, 0.0000, 84, 92, 96
L  -245.3020, -396.2846, 0.0000, -243.7933, -390.0935, 0.0000, 84, 92, 96
L  -243.7933, -390.0935, 0.0000, -243.2872, -383.7027, 0.0000, 84, 92, 96
L  -238.9428, -383.7027, 0.0000, -239.5156, -376.4815, 0.0000, 150, 164, 168
L  -239.5156, -376.4815, 0.0000, -241.2201, -369.4862, 0.0000, 150, 164, 168
L  -241.2201, -369.4862, 0.0000, -244.0034, -362.9167, 0.0000, 150, 164, 168
L  -244.0034, -362.9167, 0.0000, -247.7798, -356.9831, 0.0000, 150, 164, 168
L  -247.7798, -356.9831, 0.0000, -252.4346, -351.8589, 0.0000, 150, 164, 168
L  -252.4346, -351.8589, 0.0000, -257.8248, -347.7017, 0.0000, 150, 164, 168
L  -257.8248, -347.7017, 0.0000, -263.7925, -344.6377, 0.0000, 150, 164, 168
L  -263.7925, -344.6377, 0.0000, -270.1470, -342.7614, 0.0000, 150, 164, 168
L  -270.1470, -360.3365, 0.0000, -276.7068, -359.7058, 0.0000, 150, 164, 168
L  -276.7068, -359.7058, 0.0000, -283.2665, -360.3365, 0.0000, 150, 164, 168
L  -283.2665, -360.3365, 0.0000, -289.6210, -362.2127, 0.0000, 150, 164, 168
L  -289.6210, -362.2127, 0.0000, -295.5888, -365.2767, 0.0000, 150, 164, 168
L  -295.5888, -365.2767, 0.0000, -300.9789, -369.4339, 0.0000, 150, 164, 168
L  -300.9789, -369.4339, 0.0000, -305.6337, -374.5581, 0.0000, 150, 164, 168
L  -305.6337, -374.5581, 0.0000, -309.4101, -380.4918, 0.0000, 150, 164, 168
L  -309.4101, -380.4918, 0.0000, -312.1935, -387.0613, 0.0000, 150, 164, 168
L  -312.1935, -387.0613, 0.0000, -313.8979, -394.0565, 0.0000, 150, 164, 168
L  -313.8979, -394.0565, 0.0000, -314.4708, -401.2777, 0.0000, 150, 164, 168
L  -314.4708, -401.2777, 0.0000, -313.8979, -408.4989, 0.0000, 150, 164, 168
L  -313.8979, -408.4989, 0.0000, -312.1935, -415.4941, 0.0000, 150, 164, 168
L  -312.1935, -415.4941, 0.0000, -309.4101, -422.0637, 0.0000, 150, 164, 168
L  -309.4101, -422.0637, 0.0000, -305.6337, -427.9973, 0.0000, 150, 164, 168
L  -305.6337, -427.9973, 0.0000, -300.9789, -433.1215, 0.0000, 150, 164, 168
L  -300.9789, -433.1215, 0.0000, -295.5888, -437.2787, 0.0000, 150, 164, 168
L  -295.5888, -437.2787, 0.0000, -289.6210, -440.3427, 0.0000, 150, 164, 168
L  -289.6210, -440.3427, 0.0000, -283.2665, -442.2189, 0.0000, 150, 164, 168
L  -283.2665, -442.2189, 0.0000, -276.7068, -442.8496, 0.0000, 150, 164, 168
L  -276.7068, -442.8496, 0.0000, -270.1470, -442.2189, 0.0000, 150, 164, 168
L  -270.1470, -424.6439, 0.0000, -263.7925, -422.7676, 0.0000, 150, 164, 168
L  -263.7925, -422.7676, 0.0000, -257.8248, -419.7036, 0.0000, 150, 164, 168
L  -257.8248, -419.7036, 0.0000, -252.4346, -415.5464, 0.0000, 150, 164, 168
L  -252.4346, -415.5464, 0.0000, -247.7798, -410.4223, 0.0000, 150, 164, 168
L  -247.7798, -410.4223, 0.0000, -244.0034, -404.4886, 0.0000, 150, 164, 168
L  -244.0034, -404.4886, 0.0000, -241.2201, -397.9191, 0.0000, 150, 164, 168
L  -241.2201, -397.9191, 0.0000, -239.5156, -390.9238, 0.0000, 150, 164, 168
L  -239.5156, -390.9238, 0.0000, -238.9428, -383.7027, 0.0000, 150, 164, 168
L  -276.7068, -401.2777, 0.0000, -276.7068, -438.0671, 0.0000, 150, 164, 168
L  -276.7068, -401.2777, 0.0000, -262.5274, -416.8869, 0.0000, 150, 150, 140
L  -276.7068, -383.7027, 0.0000, -243.2872, -383.7027, 0.0000, 150, 164, 168
L  -276.7068, -401.2777, 0.0000, -262.5274, -385.6685, 0.0000, 150, 150, 140
L  -276.7068, -401.2777, 0.0000, -276.7068, -364.4884, 0.0000, 150, 164, 168
L  -276.7068, -401.2777, 0.0000, -290.8862, -385.6685, 0.0000, 150, 150, 140
L  -276.7068, -401.2777, 0.0000, -310.1263, -401.2777, 0.0000, 150, 164, 168
L  -276.7068, -401.2777, 0.0000, -290.8862, -416.8869, 0.0000, 150, 150, 140
L  -276.7068, -419.6723, 0.0000, -276.7068, -434.3881, 0.0000, 70, 86, 92
L  -280.5261, -430.7092, 0.0000, -276.7068, -435.8596, 0.0000, 70, 86, 92
L  -272.8874, -430.7092, 0.0000, -276.7068, -435.8596, 0.0000, 70, 86, 92
L  -147.1826, -495.5803, 0.0000, -122.7415, -495.5803, 0.0000, 72, 62, 54
L  70.1477, -495.5803, 0.0000, 99.0423, -495.5803, 0.0000, 72, 62, 54
L  180.8080, -495.5803, 0.0000, 190.2666, -495.5803, 0.0000, 72, 62, 54
L  193.5757, -495.5803, 0.0000, 202.8639, -495.5803, 0.0000, 72, 62, 54
L  207.7632, -495.5803, 0.0000, 224.6549, -495.5803, 0.0000, 72, 62, 54
L  298.9624, -495.5803, 0.0000, 330.2620, -495.5803, 0.0000, 72, 62, 54
L  510.5090, -495.5803, 0.0000, 541.4344, -495.5803, 0.0000, 72, 62, 54
L  -196.8451, -489.8324, 0.0000, -174.0191, -489.8324, 0.0000, 72, 62, 54
L  -171.4822, -489.8324, 0.0000, -144.0784, -489.8324, 0.0000, 72, 62, 54
L  -140.6337, -489.8324, 0.0000, -129.9191, -489.8324, 0.0000, 72, 62, 54
L  -125.7919, -489.8324, 0.0000, -109.1331, -489.8324, 0.0000, 72, 62, 54
L  -104.2558, -489.8324, 0.0000, -84.4853, -489.8324, 0.0000, 72, 62, 54
L  27.4252, -489.8324, 0.0000, 61.1981, -489.8324, 0.0000, 72, 62, 54
L  63.3256, -489.8324, 0.0000, 85.4262, -489.8324, 0.0000, 72, 62, 54
L  89.3884, -489.8324, 0.0000, 108.5941, -489.8324, 0.0000, 72, 62, 54
L  113.8022, -489.8324, 0.0000, 129.6152, -489.8324, 0.0000, 72, 62, 54
L  272.6423, -489.8324, 0.0000, 294.6375, -489.8324, 0.0000, 72, 62, 54
L  300.0855, -489.8324, 0.0000, 326.4524, -489.8324, 0.0000, 72, 62, 54
L  331.2363, -489.8324, 0.0000, 345.0795, -489.8324, 0.0000, 72, 62, 54
L  348.8533, -489.8324, 0.0000, 362.1631, -489.8324, 0.0000, 72, 62, 54
L  365.8573, -489.8324, 0.0000, 385.9139, -489.8324, 0.0000, 72, 62, 54
L  453.3593, -489.8324, 0.0000, 483.3476, -489.8324, 0.0000, 72, 62, 54
L  485.4147, -489.8324, 0.0000, 502.9183, -489.8324, 0.0000, 72, 62, 54
L  506.2445, -489.8324, 0.0000, 533.5277, -489.8324, 0.0000, 72, 62, 54
L  536.0800, -489.8324, 0.0000, 567.6057, -489.8324, 0.0000, 72, 62, 54
L  -330.1979, -484.0845, 0.0000, -310.9578, -484.0845, 0.0000, 72, 62, 54
L  -306.5643, -484.0845, 0.0000, -291.8057, -484.0845, 0.0000, 72, 62, 54
L  -220.8064, -484.0845, 0.0000, -196.0307, -484.0845, 0.0000, 72, 62, 54
L  -191.5935, -484.0845, 0.0000, -174.7433, -484.0845, 0.0000, 72, 62, 54
L  -171.3748, -484.0845, 0.0000, -153.1355, -484.0845, 0.0000, 72, 62, 54
L  -148.4078, -484.0845, 0.0000, -131.3544, -484.0845, 0.0000, 72, 62, 54
L  -128.3826, -484.0845, 0.0000, -103.7593, -484.0845, 0.0000, 72, 62, 54
L  -100.7785, -484.0845, 0.0000, -81.7123, -484.0845, 0.0000, 72, 62, 54
L  -78.6457, -484.0845, 0.0000, -62.0683, -484.0845, 0.0000, 72, 62, 54
L  -59.0197, -484.0845, 0.0000, -47.3562, -484.0845, 0.0000, 72, 62, 54
L  -1.6178, -484.0845, 0.0000, 22.9175, -484.0845, 0.0000, 72, 62, 54
L  26.5943, -484.0845, 0.0000, 39.8621, -484.0845, 0.0000, 72, 62, 54
L  45.2394, -484.0845, 0.0000, 77.6359, -484.0845, 0.0000, 72, 62, 54
L  82.6039, -484.0845, 0.0000, 108.2101, -484.0845, 0.0000, 72, 62, 54
L  112.2199, -484.0845, 0.0000, 126.7003, -484.0845, 0.0000, 72, 62, 54
L  131.7542, -484.0845, 0.0000, 164.9472, -484.0845, 0.0000, 72, 62, 54
L  236.8897, -484.0845, 0.0000, 256.0939, -484.0845, 0.0000, 72, 62, 54
L  260.6116, -484.0845, 0.0000, 286.7605, -484.0845, 0.0000, 72, 62, 54
L  291.8668, -484.0845, 0.0000, 307.8173, -484.0845, 0.0000, 72, 62, 54
L  312.8707, -484.0845, 0.0000, 333.7034, -484.0845, 0.0000, 72, 62, 54
L  337.7995, -484.0845, 0.0000, 363.1109, -484.0845, 0.0000, 72, 62, 54
L  368.4549, -484.0845, 0.0000, 398.9619, -484.0845, 0.0000, 72, 62, 54
L  402.3374, -484.0845, 0.0000, 425.8183, -484.0845, 0.0000, 72, 62, 54
L  429.1461, -484.0845, 0.0000, 442.8463, -484.0845, 0.0000, 72, 62, 54
L  445.9997, -484.0845, 0.0000, 477.6551, -484.0845, 0.0000, 72, 62, 54
L  480.3642, -484.0845, 0.0000, 513.3802, -484.0845, 0.0000, 72, 62, 54
L  515.2295, -484.0845, 0.0000, 548.5453, -484.0845, 0.0000, 72, 62, 54
L  553.8077, -484.0845, 0.0000, 578.2684, -484.0845, 0.0000, 72, 62, 54
L  583.4686, -484.0845, 0.0000, 607.8389, -484.0845, 0.0000, 72, 62, 54
L  -325.5887, -478.3365, 0.0000, -291.8762, -478.3365, 0.0000, 72, 62, 54
L  -287.4017, -478.3365, 0.0000, -258.9716, -478.3365, 0.0000, 72, 62, 54
L  -256.2758, -478.3365, 0.0000, -239.1668, -478.3365, 0.0000, 72, 62, 54
L  -236.0716, -478.3365, 0.0000, -210.0350, -478.3365, 0.0000, 72, 62, 54
L  -207.8030, -478.3365, 0.0000, -175.0786, -478.3365, 0.0000, 72, 62, 54
L  -171.6386, -478.3365, 0.0000, -148.4929, -478.3365, 0.0000, 72, 62, 54
L  -143.0556, -478.3365, 0.0000, -112.2831, -478.3365, 0.0000, 72, 62, 54
L  -107.0657, -478.3365, 0.0000, -97.9695, -478.3365, 0.0000, 72, 62, 54
L  -93.7778, -478.3365, 0.0000, -83.3244, -478.3365, 0.0000, 72, 62, 54
L  -79.9929, -478.3365, 0.0000, -52.6782, -478.3365, 0.0000, 72, 62, 54
L  -49.3749, -478.3365, 0.0000, -36.9701, -478.3365, 0.0000, 72, 62, 54
L  -31.7587, -478.3365, 0.0000, -9.9206, -478.3365, 0.0000, 72, 62, 54
L  -5.3325, -478.3365, 0.0000, 24.8226, -478.3365, 0.0000, 72, 62, 54
L  27.2690, -478.3365, 0.0000, 59.7591, -478.3365, 0.0000, 72, 62, 54
L  63.3821, -478.3365, 0.0000, 94.7703, -478.3365, 0.0000, 72, 62, 54
L  97.5232, -478.3365, 0.0000, 107.5750, -478.3365, 0.0000, 72, 62, 54
L  111.1015, -478.3365, 0.0000, 136.8889, -478.3365, 0.0000, 72, 62, 54
L  140.4416, -478.3365, 0.0000, 171.5084, -478.3365, 0.0000, 72, 62, 54
L  176.1044, -478.3365, 0.0000, 188.3080, -478.3365, 0.0000, 72, 62, 54
L  212.9448, -478.3365, 0.0000, 245.9238, -478.3365, 0.0000, 72, 62, 54
L  251.0555, -478.3365, 0.0000, 269.9022, -478.3365, 0.0000, 72, 62, 54
L  272.9565, -478.3365, 0.0000, 296.7669, -478.3365, 0.0000, 72, 62, 54
L  299.5021, -478.3365, 0.0000, 331.2736, -478.3365, 0.0000, 72, 62, 54
L  335.4685, -478.3365, 0.0000, 360.6676, -478.3365, 0.0000, 72, 62, 54
L  364.6254, -478.3365, 0.0000, 393.3388, -478.3365, 0.0000, 72, 62, 54
L  398.1302, -478.3365, 0.0000, 412.7948, -478.3365, 0.0000, 72, 62, 54
L  416.4258, -478.3365, 0.0000, 445.7312, -478.3365, 0.0000, 72, 62, 54
L  449.8309, -478.3365, 0.0000, 463.7515, -478.3365, 0.0000, 72, 62, 54
L  468.4877, -478.3365, 0.0000, 497.6848, -478.3365, 0.0000, 72, 62, 54
L  502.1787, -478.3365, 0.0000, 521.2894, -478.3365, 0.0000, 72, 62, 54
L  524.7751, -478.3365, 0.0000, 545.7904, -478.3365, 0.0000, 72, 62, 54
L  550.9610, -478.3365, 0.0000, 570.0891, -478.3365, 0.0000, 72, 62, 54
L  572.2582, -478.3365, 0.0000, 588.0027, -478.3365, 0.0000, 72, 62, 54
L  591.7246, -478.3365, 0.0000, 608.9298, -478.3365, 0.0000, 72, 62, 54
L  611.4634, -478.3365, 0.0000, 621.7644, -478.3365, 0.0000, 72, 62, 54
L  -337.7435, -472.5886, 0.0000, -325.6926, -472.5886, 0.0000, 72, 62, 54
L  -322.0150, -472.5886, 0.0000, -305.3912, -472.5886, 0.0000, 72, 62, 54
L  -303.2531, -472.5886, 0.0000, -286.9013, -472.5886, 0.0000, 72, 62, 54
L  -282.6175, -472.5886, 0.0000, -248.8288, -472.5886, 0.0000, 72, 62, 54
L  -244.6825, -472.5886, 0.0000, -216.0990, -472.5886, 0.0000, 72, 62, 54
L  -210.8911, -472.5886, 0.0000, -185.2456, -472.5886, 0.0000, 72, 62, 54
L  -179.8161, -472.5886, 0.0000, -155.1752, -472.5886, 0.0000, 72, 62, 54
L  -153.2234, -472.5886, 0.0000, -138.8399, -472.5886, 0.0000, 72, 62, 54
L  -136.3307, -472.5886, 0.0000, -127.2484, -472.5886, 0.0000, 72, 62, 54
L  -121.9403, -472.5886, 0.0000, -110.8786, -472.5886, 0.0000, 72, 62, 54
L  -106.8269, -472.5886, 0.0000, -93.4624, -472.5886, 0.0000, 72, 62, 54
L  -90.7533, -472.5886, 0.0000, -80.8617, -472.5886, 0.0000, 72, 62, 54
L  -76.9746, -472.5886, 0.0000, -59.2190, -472.5886, 0.0000, 72, 62, 54
L  -54.7879, -472.5886, 0.0000, -26.9904, -472.5886, 0.0000, 72, 62, 54
L  -21.7883, -472.5886, 0.0000, 11.5679, -472.5886, 0.0000, 72, 62, 54
L  16.2279, -472.5886, 0.0000, 37.0578, -472.5886, 0.0000, 72, 62, 54
L  41.4755, -472.5886, 0.0000, 61.2101, -472.5886, 0.0000, 72, 62, 54
L  64.3553, -472.5886, 0.0000, 87.8603, -472.5886, 0.0000, 72, 62, 54
L  92.8652, -472.5886, 0.0000, 112.7327, -472.5886, 0.0000, 72, 62, 54
L  117.7459, -472.5886, 0.0000, 141.9044, -472.5886, 0.0000, 72, 62, 54
L  146.3199, -472.5886, 0.0000, 166.5976, -472.5886, 0.0000, 72, 62, 54
L  168.5522, -472.5886, 0.0000, 195.5976, -472.5886, 0.0000, 72, 62, 54
L  197.5566, -472.5886, 0.0000, 210.7188, -472.5886, 0.0000, 72, 62, 54
L  213.9425, -472.5886, 0.0000, 225.8102, -472.5886, 0.0000, 72, 62, 54
L  228.6561, -472.5886, 0.0000, 238.5222, -472.5886, 0.0000, 72, 62, 54
L  241.2586, -472.5886, 0.0000, 251.6987, -472.5886, 0.0000, 72, 62, 54
L  255.6411, -472.5886, 0.0000, 267.0688, -472.5886, 0.0000, 72, 62, 54
L  272.3457, -472.5886, 0.0000, 292.8134, -472.5886, 0.0000, 72, 62, 54
L  296.0769, -472.5886, 0.0000, 317.5188, -472.5886, 0.0000, 72, 62, 54
L  321.3919, -472.5886, 0.0000, 348.0041, -472.5886, 0.0000, 72, 62, 54
L  351.1136, -472.5886, 0.0000, 368.3307, -472.5886, 0.0000, 72, 62, 54
L  373.5915, -472.5886, 0.0000, 392.4269, -472.5886, 0.0000, 72, 62, 54
L  395.1374, -472.5886, 0.0000, 412.0400, -472.5886, 0.0000, 72, 62, 54
L  415.1478, -472.5886, 0.0000, 434.2127, -472.5886, 0.0000, 72, 62, 54
L  439.0373, -472.5886, 0.0000, 451.7920, -472.5886, 0.0000, 72, 62, 54
L  457.0194, -472.5886, 0.0000, 480.5579, -472.5886, 0.0000, 72, 62, 54
L  485.3257, -472.5886, 0.0000, 517.2927, -472.5886, 0.0000, 72, 62, 54
L  521.1738, -472.5886, 0.0000, 533.1132, -472.5886, 0.0000, 72, 62, 54
L  535.6706, -472.5886, 0.0000, 553.5281, -472.5886, 0.0000, 72, 62, 54
L  558.1355, -472.5886, 0.0000, 583.3769, -472.5886, 0.0000, 72, 62, 54
L  586.1738, -472.5886, 0.0000, 602.1020, -472.5886, 0.0000, 72, 62, 54
L  607.2662, -472.5886, 0.0000, 634.6800, -472.5886, 0.0000, 72, 62, 54
L  -253.3420, -466.8407, 0.0000, -228.1571, -466.8407, 0.0000, 72, 62, 54
L  -226.1067, -466.8407, 0.0000, -192.0573, -466.8407, 0.0000, 72, 62, 54
L  -187.1441, -466.8407, 0.0000, -168.7124, -466.8407, 0.0000, 72, 62, 54
L  -166.6154, -466.8407, 0.0000, -151.1637, -466.8407, 0.0000, 72, 62, 54
L  -146.6960, -466.8407, 0.0000, -125.9618, -466.8407, 0.0000, 72, 62, 54
L  -123.7125, -466.8407, 0.0000, -89.6679, -466.8407, 0.0000, 72, 62, 54
L  -85.2669, -466.8407, 0.0000, -72.0300, -466.8407, 0.0000, 72, 62, 54
L  -68.1746, -466.8407, 0.0000, -51.0559, -466.8407, 0.0000, 72, 62, 54
L  -49.2005, -466.8407, 0.0000, -36.1760, -466.8407, 0.0000, 72, 62, 54
L  -31.0097, -466.8407, 0.0000, -9.5208, -466.8407, 0.0000, 72, 62, 54
L  -4.5671, -466.8407, 0.0000, 19.0454, -466.8407, 0.0000, 72, 62, 54
L  23.3653, -466.8407, 0.0000, 55.5731, -466.8407, 0.0000, 72, 62, 54
L  59.0197, -466.8407, 0.0000, 87.5273, -466.8407, 0.0000, 72, 62, 54
L  89.5227, -466.8407, 0.0000, 99.2722, -466.8407, 0.0000, 72, 62, 54
L  101.4610, -466.8407, 0.0000, 125.4301, -466.8407, 0.0000, 72, 62, 54
L  130.7699, -466.8407, 0.0000, 151.8343, -466.8407, 0.0000, 72, 62, 54
L  154.1366, -466.8407, 0.0000, 172.7146, -466.8407, 0.0000, 72, 62, 54
L  178.0979, -466.8407, 0.0000, 200.8011, -466.8407, 0.0000, 72, 62, 54
L  202.8162, -466.8407, 0.0000, 236.7153, -466.8407, 0.0000, 72, 62, 54
L  239.7311, -466.8407, 0.0000, 266.1143, -466.8407, 0.0000, 72, 62, 54
L  271.3532, -466.8407, 0.0000, 292.9233, -466.8407, 0.0000, 72, 62, 54
L  297.5827, -466.8407, 0.0000, 314.3657, -466.8407, 0.0000, 72, 62, 54
L  318.5721, -466.8407, 0.0000, 344.8356, -466.8407, 0.0000, 72, 62, 54
L  347.2886, -466.8407, 0.0000, 379.0688, -466.8407, 0.0000, 72, 62, 54
L  382.6204, -466.8407, 0.0000, 401.5282, -466.8407, 0.0000, 72, 62, 54
L  404.4363, -466.8407, 0.0000, 424.4294, -466.8407, 0.0000, 72, 62, 54
L  428.7349, -466.8407, 0.0000, 458.0388, -466.8407, 0.0000, 72, 62, 54
L  462.9706, -466.8407, 0.0000, 489.1375, -466.8407, 0.0000, 72, 62, 54
L  -183.4193, -461.0928, 0.0000, -162.1007, -461.0928, 0.0000, 72, 62, 54
L  -159.0589, -461.0928, 0.0000, -147.0823, -461.0928, 0.0000, 72, 62, 54
L  -144.4976, -461.0928, 0.0000, -129.6089, -461.0928, 0.0000, 72, 62, 54
L  -126.7231, -461.0928, 0.0000, -95.2373, -461.0928, 0.0000, 72, 62, 54
L  -93.2139, -461.0928, 0.0000, -68.8031, -461.0928, 0.0000, 72, 62, 54
L  -65.9784, -461.0928, 0.0000, -44.5662, -461.0928, 0.0000, 72, 62, 54
L  -40.9531, -461.0928, 0.0000, -31.4305, -461.0928, 0.0000, 72, 62, 54
L  -29.0577, -461.0928, 0.0000, 4.7628, -461.0928, 0.0000, 72, 62, 54
L  9.5102, -461.0928, 0.0000, 31.0607, -461.0928, 0.0000, 72, 62, 54
L  34.0369, -461.0928, 0.0000, 51.5822, -461.0928, 0.0000, 72, 62, 54
L  56.2232, -461.0928, 0.0000, 70.0889, -461.0928, 0.0000, 72, 62, 54
L  72.7031, -461.0928, 0.0000, 91.1673, -461.0928, 0.0000, 72, 62, 54
L  95.8273, -461.0928, 0.0000, 124.6296, -461.0928, 0.0000, 72, 62, 54
L  129.9251, -461.0928, 0.0000, 149.7180, -461.0928, 0.0000, 72, 62, 54
L  153.6276, -461.0928, 0.0000, 187.2908, -461.0928, 0.0000, 72, 62, 54
L  191.3691, -461.0928, 0.0000, 210.4047, -461.0928, 0.0000, 72, 62, 54
L  214.5540, -461.0928, 0.0000, 233.0830, -461.0928, 0.0000, 72, 62, 54
L  238.2476, -461.0928, 0.0000, 258.4144, -461.0928, 0.0000, 72, 62, 54
L  263.2841, -461.0928, 0.0000, 276.0267, -461.0928, 0.0000, 72, 62, 54
L  278.8162, -461.0928, 0.0000, 311.5426, -461.0928, 0.0000, 72, 62, 54
L  313.8039, -461.0928, 0.0000, 335.4410, -461.0928, 0.0000, 72, 62, 54
L  338.6857, -461.0928, 0.0000, 355.0313, -461.0928, 0.0000, 72, 62, 54
L  360.4785, -461.0928, 0.0000, 373.2849, -461.0928, 0.0000, 72, 62, 54
L  375.3996, -461.0928, 0.0000, 385.7190, -461.0928, 0.0000, 72, 62, 54
L  387.9881, -461.0928, 0.0000, 402.9520, -461.0928, 0.0000, 72, 62, 54
L  406.5247, -461.0928, 0.0000, 419.3735, -461.0928, 0.0000, 72, 62, 54
L  423.2209, -461.0928, 0.0000, 448.2863, -461.0928, 0.0000, 72, 62, 54
L  -333.1902, -455.3449, 0.0000, -299.9086, -455.3449, 0.0000, 72, 62, 54
L  -154.5931, -455.3449, 0.0000, -141.7322, -455.3449, 0.0000, 72, 62, 54
L  -138.0725, -455.3449, 0.0000, -105.4935, -455.3449, 0.0000, 72, 62, 54
L  -103.2522, -455.3449, 0.0000, -90.9443, -455.3449, 0.0000, 72, 62, 54
L  -87.6894, -455.3449, 0.0000, -70.9501, -455.3449, 0.0000, 72, 62, 54
L  -69.0736, -455.3449, 0.0000, -42.9571, -455.3449, 0.0000, 72, 62, 54
L  -38.0461, -455.3449, 0.0000, -14.7909, -455.3449, 0.0000, 72, 62, 54
L  -10.6365, -455.3449, 0.0000, 13.9989, -455.3449, 0.0000, 72, 62, 54
L  15.9698, -455.3449, 0.0000, 29.0907, -455.3449, 0.0000, 72, 62, 54
L  33.1474, -455.3449, 0.0000, 52.7335, -455.3449, 0.0000, 72, 62, 54
L  55.9114, -455.3449, 0.0000, 70.6942, -455.3449, 0.0000, 72, 62, 54
L  72.9572, -455.3449, 0.0000, 100.2133, -455.3449, 0.0000, 72, 62, 54
L  104.5139, -455.3449, 0.0000, 137.8210, -455.3449, 0.0000, 72, 62, 54
L  141.2296, -455.3449, 0.0000, 164.4434, -455.3449, 0.0000, 72, 62, 54
L  169.2106, -455.3449, 0.0000, 192.2167, -455.3449, 0.0000, 72, 62, 54
L  194.6975, -455.3449, 0.0000, 221.3487, -455.3449, 0.0000, 72, 62, 54
L  226.5099, -455.3449, 0.0000, 255.8675, -455.3449, 0.0000, 72, 62, 54
L  259.6735, -455.3449, 0.0000, 282.7393, -455.3449, 0.0000, 72, 62, 54
L  284.7140, -455.3449, 0.0000, 305.7496, -455.3449, 0.0000, 72, 62, 54
L  309.3953, -455.3449, 0.0000, 336.7118, -455.3449, 0.0000, 72, 62, 54
L  339.0600, -455.3449, 0.0000, 349.6511, -455.3449, 0.0000, 72, 62, 54
L  351.9357, -455.3449, 0.0000, 366.7768, -455.3449, 0.0000, 72, 62, 54
L  369.6940, -455.3449, 0.0000, 391.4506, -455.3449, 0.0000, 72, 62, 54
L  393.3517, -455.3449, 0.0000, 411.4484, -455.3449, 0.0000, 72, 62, 54
L  416.1562, -455.3449, 0.0000, 426.6038, -455.3449, 0.0000, 72, 62, 54
L  431.9249, -455.3449, 0.0000, 443.1173, -455.3449, 0.0000, 72, 62, 54
L  562.2468, -455.3449, 0.0000, 575.6027, -455.3449, 0.0000, 72, 62, 54
L  577.4266, -455.3449, 0.0000, 604.5124, -455.3449, 0.0000, 72, 62, 54
L  607.4503, -455.3449, 0.0000, 637.4008, -455.3449, 0.0000, 72, 62, 54
L  -306.1921, -449.5970, 0.0000, -280.7880, -449.5970, 0.0000, 72, 62, 54
L  -277.6948, -449.5970, 0.0000, -262.2324, -449.5970, 0.0000, 72, 62, 54
L  -257.6701, -449.5970, 0.0000, -228.1523, -449.5970, 0.0000, 72, 62, 54
L  -170.3974, -449.5970, 0.0000, -154.2098, -449.5970, 0.0000, 72, 62, 54
L  -152.2815, -449.5970, 0.0000, -133.1570, -449.5970, 0.0000, 72, 62, 54
L  -129.9949, -449.5970, 0.0000, -98.2094, -449.5970, 0.0000, 72, 62, 54
L  -93.9376, -449.5970, 0.0000, -82.1543, -449.5970, 0.0000, 72, 62, 54
L  -78.2042, -449.5970, 0.0000, -65.3060, -449.5970, 0.0000, 72, 62, 54
L  -62.0127, -449.5970, 0.0000, -46.6282, -449.5970, 0.0000, 72, 62, 54
L  -44.6181, -449.5970, 0.0000, -33.0895, -449.5970, 0.0000, 72, 62, 54
L  -28.9766, -449.5970, 0.0000, -13.8535, -449.5970, 0.0000, 72, 62, 54
L  -11.2246, -449.5970, 0.0000, 5.8270, -449.5970, 0.0000, 72, 62, 54
L  8.5068, -449.5970, 0.0000, 24.3734, -449.5970, 0.0000, 72, 62, 54
L  27.3814, -449.5970, 0.0000, 58.0432, -449.5970, 0.0000, 72, 62, 54
L  62.3060, -449.5970, 0.0000, 91.9222, -449.5970, 0.0000, 72, 62, 54
L  95.0472, -449.5970, 0.0000, 115.3836, -449.5970, 0.0000, 72, 62, 54
L  119.8268, -449.5970, 0.0000, 138.8887, -449.5970, 0.0000, 72, 62, 54
L  142.0245, -449.5970, 0.0000, 167.4866, -449.5970, 0.0000, 72, 62, 54
L  169.6320, -449.5970, 0.0000, 187.4420, -449.5970, 0.0000, 72, 62, 54
L  190.5371, -449.5970, 0.0000, 201.5758, -449.5970, 0.0000, 72, 62, 54
L  206.1726, -449.5970, 0.0000, 234.1379, -449.5970, 0.0000, 72, 62, 54
L  236.9625, -449.5970, 0.0000, 264.7173, -449.5970, 0.0000, 72, 62, 54
L  268.9643, -449.5970, 0.0000, 302.7570, -449.5970, 0.0000, 72, 62, 54
L  304.6702, -449.5970, 0.0000, 333.2027, -449.5970, 0.0000, 72, 62, 54
L  337.7739, -449.5970, 0.0000, 354.5177, -449.5970, 0.0000, 72, 62, 54
L  357.9264, -449.5970, 0.0000, 389.3696, -449.5970, 0.0000, 72, 62, 54
L  393.7444, -449.5970, 0.0000, 413.8173, -449.5970, 0.0000, 72, 62, 54
L  417.2681, -449.5970, 0.0000, 430.1021, -449.5970, 0.0000, 72, 62, 54
L  435.1195, -449.5970, 0.0000, 460.8183, -449.5970, 0.0000, 72, 62, 54
L  465.7237, -449.5970, 0.0000, 478.3389, -449.5970, 0.0000, 72, 62, 54
L  482.9400, -449.5970, 0.0000, 494.6430, -449.5970, 0.0000, 72, 62, 54
L  497.0538, -449.5970, 0.0000, 522.0262, -449.5970, 0.0000, 72, 62, 54
L  524.9190, -449.5970, 0.0000, 538.8574, -449.5970, 0.0000, 72, 62, 54
L  541.0757, -449.5970, 0.0000, 568.3498, -449.5970, 0.0000, 72, 62, 54
L  573.7349, -449.5970, 0.0000, 604.8722, -449.5970, 0.0000, 72, 62, 54
L  608.5257, -449.5970, 0.0000, 637.3000, -449.5970, 0.0000, 72, 62, 54
L  -352.7547, -443.8491, 0.0000, -336.8297, -443.8491, 0.0000, 72, 62, 54
L  -334.9402, -443.8491, 0.0000, -309.9061, -443.8491, 0.0000, 72, 62, 54
L  -245.2746, -443.8491, 0.0000, -232.5949, -443.8491, 0.0000, 72, 62, 54
L  -230.0204, -443.8491, 0.0000, -196.8951, -443.8491, 0.0000, 72, 62, 54
L  -192.9015, -443.8491, 0.0000, -171.6021, -443.8491, 0.0000, 72, 62, 54
L  -169.6214, -443.8491, 0.0000, -153.0170, -443.8491, 0.0000, 72, 62, 54
L  -151.1271, -443.8491, 0.0000, -138.4917, -443.8491, 0.0000, 72, 62, 54
L  -133.3041, -443.8491, 0.0000, -113.1867, -443.8491, 0.0000, 72, 62, 54
L  -110.3546, -443.8491, 0.0000, -80.1633, -443.8491, 0.0000, 72, 62, 54
L  -76.4604, -443.8491, 0.0000, -43.8173, -443.8491, 0.0000, 72, 62, 54
L  -39.7476, -443.8491, 0.0000, -12.9019, -443.8491, 0.0000, 72, 62, 54
L  -8.1940, -443.8491, 0.0000, 12.2135, -443.8491, 0.0000, 72, 62, 54
L  17.4270, -443.8491, 0.0000, 35.6010, -443.8491, 0.0000, 72, 62, 54
L  38.8418, -443.8491, 0.0000, 65.1498, -443.8491, 0.0000, 72, 62, 54
L  67.0471, -443.8491, 0.0000, 93.7264, -443.8491, 0.0000, 72, 62, 54
L  99.0055, -443.8491, 0.0000, 125.6882, -443.8491, 0.0000, 72, 62, 54
L  130.6738, -443.8491, 0.0000, 160.6661, -443.8491, 0.0000, 72, 62, 54
L  163.9860, -443.8491, 0.0000, 176.4354, -443.8491, 0.0000, 72, 62, 54
L  178.6321, -443.8491, 0.0000, 207.8986, -443.8491, 0.0000, 72, 62, 54
L  212.8995, -443.8491, 0.0000, 231.3332, -443.8491, 0.0000, 72, 62, 54
L  233.7370, -443.8491, 0.0000, 261.6888, -443.8491, 0.0000, 72, 62, 54
L  265.4784, -443.8491, 0.0000, 283.1007, -443.8491, 0.0000, 72, 62, 54
L  285.0774, -443.8491, 0.0000, 302.5198, -443.8491, 0.0000, 72, 62, 54
L  305.6125, -443.8491, 0.0000, 334.2096, -443.8491, 0.0000, 72, 62, 54
L  338.4607, -443.8491, 0.0000, 348.4402, -443.8491, 0.0000, 72, 62, 54
L  351.6620, -443.8491, 0.0000, 379.4483, -443.8491, 0.0000, 72, 62, 54
L  383.5601, -443.8491, 0.0000, 395.8297, -443.8491, 0.0000, 72, 62, 54
L  398.3785, -443.8491, 0.0000, 411.8687, -443.8491, 0.0000, 72, 62, 54
L  414.5984, -443.8491, 0.0000, 424.9705, -443.8491, 0.0000, 72, 62, 54
L  430.2539, -443.8491, 0.0000, 447.0661, -443.8491, 0.0000, 72, 62, 54
L  449.4439, -443.8491, 0.0000, 481.3759, -443.8491, 0.0000, 72, 62, 54
L  484.0705, -443.8491, 0.0000, 504.6601, -443.8491, 0.0000, 72, 62, 54
L  509.5477, -443.8491, 0.0000, 526.6470, -443.8491, 0.0000, 72, 62, 54
L  531.0488, -443.8491, 0.0000, 551.0525, -443.8491, 0.0000, 72, 62, 54
L  553.9645, -443.8491, 0.0000, 584.0386, -443.8491, 0.0000, 72, 62, 54
L  586.3519, -443.8491, 0.0000, 612.0724, -443.8491, 0.0000, 72, 62, 54
L  -238.5630, -438.1012, 0.0000, -215.3536, -438.1012, 0.0000, 72, 62, 54
L  -211.6099, -438.1012, 0.0000, -195.4392, -438.1012, 0.0000, 72, 62, 54
L  -190.4754, -438.1012, 0.0000, -168.8719, -438.1012, 0.0000, 72, 62, 54
L  -165.9985, -438.1012, 0.0000, -138.9064, -438.1012, 0.0000, 72, 62, 54
L  -135.5369, -438.1012, 0.0000, -115.4607, -438.1012, 0.0000, 72, 62, 54
L  -111.2774, -438.1012, 0.0000, -82.7930, -438.1012, 0.0000, 72, 62, 54
L  -80.8911, -438.1012, 0.0000, -63.1028, -438.1012, 0.0000, 72, 62, 54
L  -57.6826, -438.1012, 0.0000, -30.6540, -438.1012, 0.0000, 72, 62, 54
L  -25.5307, -438.1012, 0.0000, 3.1418, -438.1012, 0.0000, 72, 62, 54
L  8.2522, -438.1012, 0.0000, 38.0752, -438.1012, 0.0000, 72, 62, 54
L  43.1941, -438.1012, 0.0000, 64.5582, -438.1012, 0.0000, 72, 62, 54
L  68.5686, -438.1012, 0.0000, 82.8800, -438.1012, 0.0000, 72, 62, 54
L  87.5086, -438.1012, 0.0000, 98.8511, -438.1012, 0.0000, 72, 62, 54
L  103.1310, -438.1012, 0.0000, 131.3077, -438.1012, 0.0000, 72, 62, 54
L  134.9421, -438.1012, 0.0000, 146.9851, -438.1012, 0.0000, 72, 62, 54
L  151.1182, -438.1012, 0.0000, 165.8456, -438.1012, 0.0000, 72, 62, 54
L  170.2350, -438.1012, 0.0000, 196.1884, -438.1012, 0.0000, 72, 62, 54
L  198.5095, -438.1012, 0.0000, 230.9780, -438.1012, 0.0000, 72, 62, 54
L  236.0471, -438.1012, 0.0000, 253.0404, -438.1012, 0.0000, 72, 62, 54
L  255.3553, -438.1012, 0.0000, 287.0054, -438.1012, 0.0000, 72, 62, 54
L  289.2216, -438.1012, 0.0000, 315.8634, -438.1012, 0.0000, 72, 62, 54
L  318.9992, -438.1012, 0.0000, 345.3277, -438.1012, 0.0000, 72, 62, 54
L  349.2830, -438.1012, 0.0000, 363.2728, -438.1012, 0.0000, 72, 62, 54
L  365.5747, -438.1012, 0.0000, 381.4960, -438.1012, 0.0000, 72, 62, 54
L  386.8816, -438.1012, 0.0000, 404.3725, -438.1012, 0.0000, 72, 62, 54
L  408.2748, -438.1012, 0.0000, 428.0816, -438.1012, 0.0000, 72, 62, 54
L  432.5513, -438.1012, 0.0000, 443.9678, -438.1012, 0.0000, 72, 62, 54
L  449.1915, -438.1012, 0.0000, 470.4837, -438.1012, 0.0000, 72, 62, 54
L  472.3472, -438.1012, 0.0000, 502.2172, -438.1012, 0.0000, 72, 62, 54
L  505.2579, -438.1012, 0.0000, 539.2427, -438.1012, 0.0000, 72, 62, 54
L  543.8217, -438.1012, 0.0000, 560.7511, -438.1012, 0.0000, 72, 62, 54
L  564.1067, -438.1012, 0.0000, 582.3549, -438.1012, 0.0000, 72, 62, 54
L  585.4236, -438.1012, 0.0000, 595.5159, -438.1012, 0.0000, 72, 62, 54
L  598.6186, -438.1012, 0.0000, 608.1458, -438.1012, 0.0000, 72, 62, 54
L  611.1969, -438.1012, 0.0000, 638.8845, -438.1012, 0.0000, 72, 62, 54
L  -334.2018, -432.3533, 0.0000, -310.9459, -432.3533, 0.0000, 72, 62, 54
L  550.8493, -432.3533, 0.0000, 577.3802, -432.3533, 0.0000, 72, 62, 54
L  531.1040, -426.6054, 0.0000, 557.9850, -426.6054, 0.0000, 72, 62, 54
L  562.2991, -426.6054, 0.0000, 571.6565, -426.6054, 0.0000, 72, 62, 54
L  573.9940, -426.6054, 0.0000, 593.6685, -426.6054, 0.0000, 72, 62, 54
L  598.4515, -426.6054, 0.0000, 623.1338, -426.6054, 0.0000, 72, 62, 54
L  515.1796, -420.8575, 0.0000, 547.4761, -420.8575, 0.0000, 72, 62, 54
L  552.5511, -420.8575, 0.0000, 578.7336, -420.8575, 0.0000, 72, 62, 54
L  581.5695, -420.8575, 0.0000, 591.3503, -420.8575, 0.0000, 72, 62, 54
L  -210.1417, -415.1096, 0.0000, -200.3405, -415.1096, 0.0000, 72, 62, 54
L  -195.1562, -415.1096, 0.0000, -178.4710, -415.1096, 0.0000, 72, 62, 54
L  -174.5342, -415.1096, 0.0000, -161.5407, -415.1096, 0.0000, 72, 62, 54
L  -157.4661, -415.1096, 0.0000, -140.8105, -415.1096, 0.0000, 72, 62, 54
L  -138.7240, -415.1096, 0.0000, -116.3682, -415.1096, 0.0000, 72, 62, 54
L  -112.1880, -415.1096, 0.0000, -87.3161, -415.1096, 0.0000, 72, 62, 54
L  -83.9609, -415.1096, 0.0000, -59.4587, -415.1096, 0.0000, 72, 62, 54
L  -54.1019, -415.1096, 0.0000, -37.6489, -415.1096, 0.0000, 72, 62, 54
L  -32.7969, -415.1096, 0.0000, -15.1824, -415.1096, 0.0000, 72, 62, 54
L  -10.3175, -415.1096, 0.0000, 10.8318, -415.1096, 0.0000, 72, 62, 54
L  15.0942, -415.1096, 0.0000, 39.7919, -415.1096, 0.0000, 72, 62, 54
L  43.3289, -415.1096, 0.0000, 58.2769, -415.1096, 0.0000, 72, 62, 54
L  62.3482, -415.1096, 0.0000, 96.2709, -415.1096, 0.0000, 72, 62, 54
L  98.1206, -415.1096, 0.0000, 117.6155, -415.1096, 0.0000, 72, 62, 54
L  120.5663, -415.1096, 0.0000, 134.2927, -415.1096, 0.0000, 72, 62, 54
L  138.4707, -415.1096, 0.0000, 163.7927, -415.1096, 0.0000, 72, 62, 54
L  168.9751, -415.1096, 0.0000, 193.3734, -415.1096, 0.0000, 72, 62, 54
L  196.1480, -415.1096, 0.0000, 212.1139, -415.1096, 0.0000, 72, 62, 54
L  214.0177, -415.1096, 0.0000, 230.8659, -415.1096, 0.0000, 72, 62, 54
L  235.4574, -415.1096, 0.0000, 254.2189, -415.1096, 0.0000, 72, 62, 54
L  259.1215, -415.1096, 0.0000, 272.8395, -415.1096, 0.0000, 72, 62, 54
L  275.1017, -415.1096, 0.0000, 307.6894, -415.1096, 0.0000, 72, 62, 54
L  312.2272, -415.1096, 0.0000, 328.7922, -415.1096, 0.0000, 72, 62, 54
L  333.3559, -415.1096, 0.0000, 358.2540, -415.1096, 0.0000, 72, 62, 54
L  362.7440, -415.1096, 0.0000, 386.4570, -415.1096, 0.0000, 72, 62, 54
L  391.6592, -415.1096, 0.0000, 404.4621, -415.1096, 0.0000, 72, 62, 54
L  406.2806, -415.1096, 0.0000, 430.7640, -415.1096, 0.0000, 72, 62, 54
L  435.7762, -415.1096, 0.0000, 469.4124, -415.1096, 0.0000, 72, 62, 54
L  474.3089, -415.1096, 0.0000, 500.1530, -415.1096, 0.0000, 72, 62, 54
L  503.6183, -415.1096, 0.0000, 523.8800, -415.1096, 0.0000, 72, 62, 54
L  528.4759, -415.1096, 0.0000, 556.0678, -415.1096, 0.0000, 72, 62, 54
L  561.0666, -415.1096, 0.0000, 575.0041, -415.1096, 0.0000, 72, 62, 54
L  -218.1383, -409.3617, 0.0000, -201.2319, -409.3617, 0.0000, 96, 84, 74
L  -195.9636, -409.3617, 0.0000, -175.5774, -409.3617, 0.0000, 96, 84, 74
L  -170.3633, -409.3617, 0.0000, -154.1219, -409.3617, 0.0000, 96, 84, 74
L  -150.5000, -409.3617, 0.0000, -127.6222, -409.3617, 0.0000, 96, 84, 74
L  -122.8850, -409.3617, 0.0000, -106.2750, -409.3617, 0.0000, 96, 84, 74
L  -102.1942, -409.3617, 0.0000, -71.7140, -409.3617, 0.0000, 96, 84, 74
L  -69.3553, -409.3617, 0.0000, -40.8349, -409.3617, 0.0000, 96, 84, 74
L  -35.7039, -409.3617, 0.0000, -16.5112, -409.3617, 0.0000, 96, 84, 74
L  -11.2856, -409.3617, 0.0000, 0.8156, -409.3617, 0.0000, 96, 84, 74
L  6.1370, -409.3617, 0.0000, 31.2950, -409.3617, 0.0000, 96, 84, 74
L  33.6153, -409.3617, 0.0000, 47.2530, -409.3617, 0.0000, 96, 84, 74
L  51.8753, -409.3617, 0.0000, 61.0336, -409.3617, 0.0000, 96, 84, 74
L  64.0325, -409.3617, 0.0000, 79.6025, -409.3617, 0.0000, 96, 84, 74
L  82.6424, -409.3617, 0.0000, 115.2518, -409.3617, 0.0000, 96, 84, 74
L  118.8436, -409.3617, 0.0000, 135.5114, -409.3617, 0.0000, 96, 84, 74
L  138.7101, -409.3617, 0.0000, 170.3533, -409.3617, 0.0000, 96, 84, 74
L  173.5551, -409.3617, 0.0000, 199.6743, -409.3617, 0.0000, 96, 84, 74
L  204.2600, -409.3617, 0.0000, 221.6696, -409.3617, 0.0000, 96, 84, 74
L  224.8252, -409.3617, 0.0000, 250.5215, -409.3617, 0.0000, 96, 84, 74
L  255.1426, -409.3617, 0.0000, 284.4911, -409.3617, 0.0000, 96, 84, 74
L  286.6549, -409.3617, 0.0000, 313.5959, -409.3617, 0.0000, 96, 84, 74
L  315.5520, -409.3617, 0.0000, 339.7209, -409.3617, 0.0000, 96, 84, 74
L  343.2912, -409.3617, 0.0000, 361.7007, -409.3617, 0.0000, 96, 84, 74
L  363.5921, -409.3617, 0.0000, 379.3413, -409.3617, 0.0000, 96, 84, 74
L  382.6303, -409.3617, 0.0000, 399.2744, -409.3617, 0.0000, 96, 84, 74
L  403.7694, -409.3617, 0.0000, 413.6719, -409.3617, 0.0000, 96, 84, 74
L  415.7417, -409.3617, 0.0000, 429.0946, -409.3617, 0.0000, 96, 84, 74
L  432.1558, -409.3617, 0.0000, 455.9236, -409.3617, 0.0000, 96, 84, 74
L  458.9348, -409.3617, 0.0000, 483.7856, -409.3617, 0.0000, 96, 84, 74
L  486.6738, -409.3617, 0.0000, 509.7088, -409.3617, 0.0000, 96, 84, 74
L  512.7157, -409.3617, 0.0000, 523.2448, -409.3617, 0.0000, 96, 84, 74
L  525.8869, -409.3617, 0.0000, 549.8008, -409.3617, 0.0000, 96, 84, 74
L  554.0696, -409.3617, 0.0000, 579.8988, -409.3617, 0.0000, 96, 84, 74
L  584.7811, -409.3617, 0.0000, 599.4362, -409.3617, 0.0000, 72, 62, 54
L  -226.7001, -403.6138, 0.0000, -213.2984, -403.6138, 0.0000, 96, 84, 74
L  -209.3187, -403.6138, 0.0000, -184.4787, -403.6138, 0.0000, 96, 84, 74
L  -181.0502, -403.6138, 0.0000, -148.5581, -403.6138, 0.0000, 96, 84, 74
L  -144.6741, -403.6138, 0.0000, -118.8142, -403.6138, 0.0000, 96, 84, 74
L  -114.8012, -403.6138, 0.0000, -85.5253, -403.6138, 0.0000, 96, 84, 74
L  -80.8189, -403.6138, 0.0000, -51.3382, -403.6138, 0.0000, 96, 84, 74
L  -46.9764, -403.6138, 0.0000, -24.7870, -403.6138, 0.0000, 96, 84, 74
L  -21.7694, -403.6138, 0.0000, 11.4887, -403.6138, 0.0000, 96, 84, 74
L  14.9777, -403.6138, 0.0000, 47.2248, -403.6138, 0.0000, 96, 84, 74
L  50.2945, -403.6138, 0.0000, 68.9905, -403.6138, 0.0000, 96, 84, 74
L  71.4499, -403.6138, 0.0000, 82.4032, -403.6138, 0.0000, 96, 84, 74
L  85.9731, -403.6138, 0.0000, 107.4392, -403.6138, 0.0000, 96, 84, 74
L  111.2385, -403.6138, 0.0000, 142.7147, -403.6138, 0.0000, 96, 84, 74
L  145.3040, -403.6138, 0.0000, 175.0244, -403.6138, 0.0000, 96, 84, 74
L  179.3505, -403.6138, 0.0000, 198.2648, -403.6138, 0.0000, 96, 84, 74
L  201.8163, -403.6138, 0.0000, 225.0944, -403.6138, 0.0000, 96, 84, 74
L  228.9908, -403.6138, 0.0000, 247.0929, -403.6138, 0.0000, 96, 84, 74
L  251.9598, -403.6138, 0.0000, 269.1804, -403.6138, 0.0000, 96, 84, 74
L  272.6689, -403.6138, 0.0000, 283.9378, -403.6138, 0.0000, 96, 84, 74
L  289.0730, -403.6138, 0.0000, 311.6589, -403.6138, 0.0000, 96, 84, 74
L  314.8536, -403.6138, 0.0000, 340.3921, -403.6138, 0.0000, 96, 84, 74
L  343.8516, -403.6138, 0.0000, 371.5999, -403.6138, 0.0000, 96, 84, 74
L  375.5786, -403.6138, 0.0000, 401.7785, -403.6138, 0.0000, 96, 84, 74
L  405.3533, -403.6138, 0.0000, 430.4657, -403.6138, 0.0000, 96, 84, 74
L  435.1771, -403.6138, 0.0000, 453.2495, -403.6138, 0.0000, 96, 84, 74
L  458.5129, -403.6138, 0.0000, 491.7643, -403.6138, 0.0000, 96, 84, 74
L  496.7491, -403.6138, 0.0000, 518.7686, -403.6138, 0.0000, 96, 84, 74
L  523.2863, -403.6138, 0.0000, 555.6794, -403.6138, 0.0000, 96, 84, 74
L  560.5092, -403.6138, 0.0000, 585.4075, -403.6138, 0.0000, 96, 84, 74
L  590.2860, -403.6138, 0.0000, 605.3209, -403.6138, 0.0000, 72, 62, 54
L  -206.0733, -397.8659, 0.0000, -185.0115, -397.8659, 0.0000, 96, 84, 74
L  -181.7815, -397.8659, 0.0000, -154.4099, -397.8659, 0.0000, 96, 84, 74
L  -150.1617, -397.8659, 0.0000, -120.3694, -397.8659, 0.0000, 96, 84, 74
L  -116.8757, -397.8659, 0.0000, -96.4638, -397.8659, 0.0000, 96, 84, 74
L  -92.7143, -397.8659, 0.0000, -82.9825, -397.8659, 0.0000, 96, 84, 74
L  -80.8828, -397.8659, 0.0000, -53.8569, -397.8659, 0.0000, 96, 84, 74
L  -50.3966, -397.8659, 0.0000, -17.7295, -397.8659, 0.0000, 96, 84, 74
L  -15.8779, -397.8659, 0.0000, -4.3646, -397.8659, 0.0000, 96, 84, 74
L  0.8510, -397.8659, 0.0000, 28.6552, -397.8659, 0.0000, 96, 84, 74
L  33.1300, -397.8659, 0.0000, 48.4192, -397.8659, 0.0000, 96, 84, 74
L  52.8335, -397.8659, 0.0000, 79.8420, -397.8659, 0.0000, 96, 84, 74
L  84.6718, -397.8659, 0.0000, 95.3894, -397.8659, 0.0000, 96, 84, 74
L  99.4030, -397.8659, 0.0000, 124.7958, -397.8659, 0.0000, 96, 84, 74
L  128.4346, -397.8659, 0.0000, 159.9127, -397.8659, 0.0000, 96, 84, 74
L  163.8298, -397.8659, 0.0000, 174.2728, -397.8659, 0.0000, 96, 84, 74
L  177.1654, -397.8659, 0.0000, 195.6828, -397.8659, 0.0000, 96, 84, 74
L  199.9296, -397.8659, 0.0000, 212.6475, -397.8659, 0.0000, 96, 84, 74
L  216.4318, -397.8659, 0.0000, 237.4865, -397.8659, 0.0000, 96, 84, 74
L  240.2207, -397.8659, 0.0000, 259.4543, -397.8659, 0.0000, 96, 84, 74
L  264.6506, -397.8659, 0.0000, 279.4038, -397.8659, 0.0000, 96, 84, 74
L  283.1528, -397.8659, 0.0000, 314.5847, -397.8659, 0.0000, 96, 84, 74
L  317.3729, -397.8659, 0.0000, 327.7303, -397.8659, 0.0000, 96, 84, 74
L  330.7997, -397.8659, 0.0000, 359.0758, -397.8659, 0.0000, 96, 84, 74
L  361.1296, -397.8659, 0.0000, 394.4088, -397.8659, 0.0000, 96, 84, 74
L  399.0165, -397.8659, 0.0000, 430.7499, -397.8659, 0.0000, 96, 84, 74
L  432.6847, -397.8659, 0.0000, 452.1828, -397.8659, 0.0000, 96, 84, 74
L  456.9766, -397.8659, 0.0000, 482.4991, -397.8659, 0.0000, 96, 84, 74
L  484.3396, -397.8659, 0.0000, 497.2712, -397.8659, 0.0000, 96, 84, 74
L  500.8371, -397.8659, 0.0000, 533.7425, -397.8659, 0.0000, 96, 84, 74
L  536.9662, -397.8659, 0.0000, 567.7482, -397.8659, 0.0000, 96, 84, 74
L  570.7824, -397.8659, 0.0000, 601.2530, -397.8659, 0.0000, 96, 84, 74
L  -203.4506, -392.1180, 0.0000, -187.8132, -392.1180, 0.0000, 96, 84, 74
L  -184.3799, -392.1180, 0.0000, -167.6883, -392.1180, 0.0000, 96, 84, 74
L  -165.3777, -392.1180, 0.0000, -154.4407, -392.1180, 0.0000, 96, 84, 74
L  -149.2579, -392.1180, 0.0000, -139.3345, -392.1180, 0.0000, 96, 84, 74
L  -136.3344, -392.1180, 0.0000, -122.2213, -392.1180, 0.0000, 96, 84, 74
L  -117.2261, -392.1180, 0.0000, -83.2102, -392.1180, 0.0000, 96, 84, 74
L  -80.6745, -392.1180, 0.0000, -69.1814, -392.1180, 0.0000, 96, 84, 74
L  -63.8517, -392.1180, 0.0000, -53.3229, -392.1180, 0.0000, 96, 84, 74
L  -49.6815, -392.1180, 0.0000, -29.8511, -392.1180, 0.0000, 96, 84, 74
L  -27.8528, -392.1180, 0.0000, -14.3635, -392.1180, 0.0000, 96, 84, 74
L  -10.4359, -392.1180, 0.0000, 9.8859, -392.1180, 0.0000, 96, 84, 74
L  12.8198, -392.1180, 0.0000, 33.3078, -392.1180, 0.0000, 96, 84, 74
L  36.5343, -392.1180, 0.0000, 52.9991, -392.1180, 0.0000, 96, 84, 74
L  55.1360, -392.1180, 0.0000, 68.0217, -392.1180, 0.0000, 96, 84, 74
L  71.7069, -392.1180, 0.0000, 100.6328, -392.1180, 0.0000, 96, 84, 74
L  103.3153, -392.1180, 0.0000, 113.0670, -392.1180, 0.0000, 96, 84, 74
L  115.1003, -392.1180, 0.0000, 139.5938, -392.1180, 0.0000, 96, 84, 74
L  142.4212, -392.1180, 0.0000, 157.7341, -392.1180, 0.0000, 96, 84, 74
L  162.4890, -392.1180, 0.0000, 178.2859, -392.1180, 0.0000, 96, 84, 74
L  181.1293, -392.1180, 0.0000, 202.3562, -392.1180, 0.0000, 96, 84, 74
L  207.5611, -392.1180, 0.0000, 236.6358, -392.1180, 0.0000, 96, 84, 74
L  241.6258, -392.1180, 0.0000, 273.8287, -392.1180, 0.0000, 96, 84, 74
L  276.4819, -392.1180, 0.0000, 289.8843, -392.1180, 0.0000, 96, 84, 74
L  293.3154, -392.1180, 0.0000, 304.7617, -392.1180, 0.0000, 96, 84, 74
L  306.9296, -392.1180, 0.0000, 334.3773, -392.1180, 0.0000, 96, 84, 74
L  338.1169, -392.1180, 0.0000, 355.5784, -392.1180, 0.0000, 96, 84, 74
L  359.1388, -392.1180, 0.0000, 392.5980, -392.1180, 0.0000, 96, 84, 74
L  396.3287, -392.1180, 0.0000, 423.5511, -392.1180, 0.0000, 96, 84, 74
L  426.0790, -392.1180, 0.0000, 459.7688, -392.1180, 0.0000, 96, 84, 74
L  464.0199, -392.1180, 0.0000, 495.2956, -392.1180, 0.0000, 96, 84, 74
L  499.5065, -392.1180, 0.0000, 515.5328, -392.1180, 0.0000, 96, 84, 74
L  519.2996, -392.1180, 0.0000, 551.4753, -392.1180, 0.0000, 96, 84, 74
L  553.3934, -392.1180, 0.0000, 576.6937, -392.1180, 0.0000, 96, 84, 74
L  -227.4513, -386.3701, 0.0000, -212.0330, -386.3701, 0.0000, 96, 84, 74
L  -150.1351, -386.3701, 0.0000, -140.9289, -386.3701, 0.0000, 96, 84, 74
L  -6.0759, -386.3701, 0.0000, 13.5221, -386.3701, 0.0000, 96, 84, 74
L  152.9733, -386.3701, 0.0000, 170.7945, -386.3701, 0.0000, 96, 84, 74
L  174.4094, -386.3701, 0.0000, 191.0272, -386.3701, 0.0000, 96, 84, 74
L  193.7023, -386.3701, 0.0000, 215.5567, -386.3701, 0.0000, 96, 84, 74
L  236.0090, -386.3701, 0.0000, 249.0571, -386.3701, 0.0000, 96, 84, 74
L  273.8716, -386.3701, 0.0000, 288.9961, -386.3701, 0.0000, 96, 84, 74
L  490.6205, -386.3701, 0.0000, 502.2482, -386.3701, 0.0000, 96, 84, 74
L  504.9503, -386.3701, 0.0000, 522.0876, -386.3701, 0.0000, 96, 84, 74
L  527.2367, -386.3701, 0.0000, 538.4556, -386.3701, 0.0000, 96, 84, 74
L  542.2860, -386.3701, 0.0000, 556.1533, -386.3701, 0.0000, 96, 84, 74
L  558.4528, -386.3701, 0.0000, 581.4470, -386.3701, 0.0000, 96, 84, 74
L  -334.7052, -380.6222, 0.0000, -319.9061, -380.6222, 0.0000, 72, 62, 54
L  -236.7372, -380.6222, 0.0000, -212.1542, -380.6222, 0.0000, 96, 84, 74
L  -20.3174, -380.6222, 0.0000, -4.1515, -380.6222, 0.0000, 96, 84, 74
L  144.0827, -380.6222, 0.0000, 160.1277, -380.6222, 0.0000, 96, 84, 74
L  164.9749, -380.6222, 0.0000, 178.8261, -380.6222, 0.0000, 96, 84, 74
L  182.8670, -380.6222, 0.0000, 203.8926, -380.6222, 0.0000, 96, 84, 74
L  206.3778, -380.6222, 0.0000, 234.4622, -380.6222, 0.0000, 96, 84, 74
L  353.0116, -380.6222, 0.0000, 363.7265, -380.6222, 0.0000, 96, 84, 74
L  514.3678, -380.6222, 0.0000, 547.1642, -380.6222, 0.0000, 96, 84, 74
L  551.1144, -380.6222, 0.0000, 583.9660, -380.6222, 0.0000, 96, 84, 74
L  587.1427, -380.6222, 0.0000, 603.2120, -380.6222, 0.0000, 72, 62, 54
L  606.8400, -380.6222, 0.0000, 629.5052, -380.6222, 0.0000, 72, 62, 54
L  -239.1942, -374.8742, 0.0000, -215.2292, -374.8742, 0.0000, 96, 84, 74
L  -17.8353, -374.8742, 0.0000, -5.1249, -374.8742, 0.0000, 96, 84, 74
L  58.9573, -374.8742, 0.0000, 74.1576, -374.8742, 0.0000, 96, 84, 74
L  156.0298, -374.8742, 0.0000, 182.0090, -374.8742, 0.0000, 96, 84, 74
L  184.4927, -374.8742, 0.0000, 208.6417, -374.8742, 0.0000, 96, 84, 74
L  212.1396, -374.8742, 0.0000, 244.2625, -374.8742, 0.0000, 96, 84, 74
L  491.8971, -374.8742, 0.0000, 518.8509, -374.8742, 0.0000, 96, 84, 74
L  523.7428, -374.8742, 0.0000, 549.4407, -374.8742, 0.0000, 96, 84, 74
L  553.0914, -374.8742, 0.0000, 586.2063, -374.8742, 0.0000, 96, 84, 74
L  591.4122, -374.8742, 0.0000, 621.3349, -374.8742, 0.0000, 72, 62, 54
L  625.2694, -374.8742, 0.0000, 645.7585, -374.8742, 0.0000, 72, 62, 54
L  36.1117, -369.1263, 0.0000, 67.2989, -369.1263, 0.0000, 96, 84, 74
L  162.1388, -369.1263, 0.0000, 178.3615, -369.1263, 0.0000, 96, 84, 74
L  181.8825, -369.1263, 0.0000, 201.2475, -369.1263, 0.0000, 96, 84, 74
L  204.8930, -369.1263, 0.0000, 217.1867, -369.1263, 0.0000, 96, 84, 74
L  504.2102, -369.1263, 0.0000, 529.2533, -369.1263, 0.0000, 96, 84, 74
L  532.0659, -369.1263, 0.0000, 556.9459, -369.1263, 0.0000, 96, 84, 74
L  559.2637, -369.1263, 0.0000, 586.2383, -369.1263, 0.0000, 96, 84, 74
L  591.5703, -369.1263, 0.0000, 624.1950, -369.1263, 0.0000, 72, 62, 54
L  627.2455, -369.1263, 0.0000, 641.8937, -369.1263, 0.0000, 72, 62, 54
L  -337.2126, -363.3784, 0.0000, -321.8040, -363.3784, 0.0000, 72, 62, 54
L  -139.3979, -363.3784, 0.0000, -108.3677, -363.3784, 0.0000, 96, 84, 74
L  -105.2322, -363.3784, 0.0000, -77.2679, -363.3784, 0.0000, 96, 84, 74
L  -74.5993, -363.3784, 0.0000, -43.6590, -363.3784, 0.0000, 96, 84, 74
L  -39.1704, -363.3784, 0.0000, -29.7533, -363.3784, 0.0000, 96, 84, 74
L  38.2619, -363.3784, 0.0000, 70.0279, -363.3784, 0.0000, 96, 84, 74
L  115.3765, -363.3784, 0.0000, 140.9670, -363.3784, 0.0000, 96, 84, 74
L  144.7225, -363.3784, 0.0000, 172.8060, -363.3784, 0.0000, 96, 84, 74
L  174.8160, -363.3784, 0.0000, 198.7786, -363.3784, 0.0000, 96, 84, 74
L  315.6489, -363.3784, 0.0000, 345.8654, -363.3784, 0.0000, 96, 84, 74
L  385.5405, -363.3784, 0.0000, 405.9106, -363.3784, 0.0000, 96, 84, 74
L  472.4428, -363.3784, 0.0000, 502.7725, -363.3784, 0.0000, 96, 84, 74
L  508.1824, -363.3784, 0.0000, 522.1322, -363.3784, 0.0000, 96, 84, 74
L  526.3088, -363.3784, 0.0000, 558.4333, -363.3784, 0.0000, 96, 84, 74
L  561.0401, -363.3784, 0.0000, 570.2685, -363.3784, 0.0000, 96, 84, 74
L  573.0596, -363.3784, 0.0000, 582.5594, -363.3784, 0.0000, 96, 84, 74
L  587.1721, -363.3784, 0.0000, 604.5110, -363.3784, 0.0000, 72, 62, 54
L  606.8435, -363.3784, 0.0000, 621.0494, -363.3784, 0.0000, 72, 62, 54
L  624.0358, -363.3784, 0.0000, 645.5507, -363.3784, 0.0000, 72, 62, 54
L  529.9499, -357.6305, 0.0000, 560.6796, -357.6305, 0.0000, 96, 84, 74
L  565.7357, -357.6305, 0.0000, 595.8318, -357.6305, 0.0000, 96, 84, 74
L  -301.3810, -351.8826, 0.0000, -271.6413, -351.8826, 0.0000, 72, 62, 54
L  -267.8262, -351.8826, 0.0000, -249.9100, -351.8826, 0.0000, 96, 84, 74
L  547.5683, -351.8826, 0.0000, 577.9777, -351.8826, 0.0000, 96, 84, 74
L  583.1389, -351.8826, 0.0000, 601.8694, -351.8826, 0.0000, 72, 62, 54
L  -300.1799, -346.1347, 0.0000, -285.8222, -346.1347, 0.0000, 72, 62, 54
L  -283.8430, -346.1347, 0.0000, -259.0172, -346.1347, 0.0000, 96, 84, 74
L  -257.1737, -346.1347, 0.0000, -242.3677, -346.1347, 0.0000, 96, 84, 74
L  528.5445, -346.1347, 0.0000, 540.7548, -346.1347, 0.0000, 96, 84, 74
L  543.5711, -346.1347, 0.0000, 564.0937, -346.1347, 0.0000, 96, 84, 74
L  568.0242, -346.1347, 0.0000, 596.7778, -346.1347, 0.0000, 96, 84, 74
L  -338.8479, -340.3868, 0.0000, -316.1707, -340.3868, 0.0000, 72, 62, 54
L  -313.8798, -340.3868, 0.0000, -292.8965, -340.3868, 0.0000, 72, 62, 54
L  -288.1144, -340.3868, 0.0000, -267.1334, -340.3868, 0.0000, 96, 84, 74
L  -263.0224, -340.3868, 0.0000, -251.8598, -340.3868, 0.0000, 96, 84, 74
L  554.8471, -340.3868, 0.0000, 566.4813, -340.3868, 0.0000, 96, 84, 74
L  569.6534, -340.3868, 0.0000, 596.4332, -340.3868, 0.0000, 96, 84, 74
L  -308.1182, -334.6389, 0.0000, -296.1150, -334.6389, 0.0000, 72, 62, 54
L  -293.0786, -334.6389, 0.0000, -273.1278, -334.6389, 0.0000, 72, 62, 54
L  -269.8112, -334.6389, 0.0000, -238.9719, -334.6389, 0.0000, 96, 84, 74
L  546.3390, -334.6389, 0.0000, 561.2414, -334.6389, 0.0000, 96, 84, 74
L  565.6034, -334.6389, 0.0000, 599.5794, -334.6389, 0.0000, 96, 84, 74
L  603.7792, -334.6389, 0.0000, 634.3048, -334.6389, 0.0000, 72, 62, 54
L  -340.1035, -328.8910, 0.0000, -322.1009, -328.8910, 0.0000, 72, 62, 54
L  -316.9784, -328.8910, 0.0000, -301.3907, -328.8910, 0.0000, 72, 62, 54
L  -296.4437, -328.8910, 0.0000, -263.9216, -328.8910, 0.0000, 72, 62, 54
L  533.1879, -328.8910, 0.0000, 561.0851, -328.8910, 0.0000, 96, 84, 74
L  565.7514, -328.8910, 0.0000, 580.6262, -328.8910, 0.0000, 96, 84, 74
L  583.5850, -328.8910, 0.0000, 599.0775, -328.8910, 0.0000, 72, 62, 54
L  603.6608, -328.8910, 0.0000, 631.5280, -328.8910, 0.0000, 72, 62, 54
L  -327.2312, -323.1431, 0.0000, -316.2459, -323.1431, 0.0000, 72, 62, 54
L  -311.2881, -323.1431, 0.0000, -293.6311, -323.1431, 0.0000, 72, 62, 54
L  -289.7728, -323.1431, 0.0000, -260.1366, -323.1431, 0.0000, 72, 62, 54
L  -256.7885, -323.1431, 0.0000, -241.3519, -323.1431, 0.0000, 96, 84, 74
L  555.4960, -323.1431, 0.0000, 567.7750, -323.1431, 0.0000, 96, 84, 74
L  -342.6084, -317.3952, 0.0000, -316.9587, -317.3952, 0.0000, 72, 62, 54
L  -312.0039, -317.3952, 0.0000, -286.0638, -317.3952, 0.0000, 72, 62, 54
L  -281.1958, -317.3952, 0.0000, -265.3479, -317.3952, 0.0000, 96, 84, 74
L  -262.5401, -317.3952, 0.0000, -248.7589, -317.3952, 0.0000, 96, 84, 74
L  549.0509, -317.3952, 0.0000, 572.0068, -317.3952, 0.0000, 96, 84, 74
L  574.5845, -317.3952, 0.0000, 587.1320, -317.3952, 0.0000, 72, 62, 54
L  591.2001, -317.3952, 0.0000, 621.3255, -317.3952, 0.0000, 72, 62, 54
L  -345.8685, -311.6473, 0.0000, -327.1762, -311.6473, 0.0000, 72, 62, 54
L  -324.1792, -311.6473, 0.0000, -307.6613, -311.6473, 0.0000, 72, 62, 54
L  -305.3307, -311.6473, 0.0000, -293.6322, -311.6473, 0.0000, 72, 62, 54
L  -288.3806, -311.6473, 0.0000, -273.3727, -311.6473, 0.0000, 96, 84, 74
L  -270.5961, -311.6473, 0.0000, -240.1866, -311.6473, 0.0000, 96, 84, 74
L  538.6792, -311.6473, 0.0000, 550.9580, -311.6473, 0.0000, 96, 84, 74
L  555.7303, -311.6473, 0.0000, 588.8936, -311.6473, 0.0000, 96, 84, 74
L  -326.5422, -305.8994, 0.0000, -292.7938, -305.8994, 0.0000, 72, 62, 54
L  -287.4151, -305.8994, 0.0000, -256.6573, -305.8994, 0.0000, 96, 84, 74
L  547.8480, -305.8994, 0.0000, 568.0811, -305.8994, 0.0000, 96, 84, 74
L  571.7311, -305.8994, 0.0000, 586.9578, -305.8994, 0.0000, 96, 84, 74
L  617.2867, -305.8994, 0.0000, 630.0872, -305.8994, 0.0000, 72, 62, 54
L  -343.7237, -300.1515, 0.0000, -323.8365, -300.1515, 0.0000, 72, 62, 54
L  -319.2557, -300.1515, 0.0000, -289.2703, -300.1515, 0.0000, 72, 62, 54
L  -285.4784, -300.1515, 0.0000, -269.4025, -300.1515, 0.0000, 96, 84, 74
L  -267.1985, -300.1515, 0.0000, -252.5585, -300.1515, 0.0000, 96, 84, 74
L  530.2503, -300.1515, 0.0000, 562.5154, -300.1515, 0.0000, 96, 84, 74
L  566.1055, -300.1515, 0.0000, 593.6010, -300.1515, 0.0000, 96, 84, 74
L  -349.6952, -294.4036, 0.0000, -326.9921, -294.4036, 0.0000, 72, 62, 54
L  -323.8517, -294.4036, 0.0000, -297.1560, -294.4036, 0.0000, 72, 62, 54
L  -293.0160, -294.4036, 0.0000, -279.3232, -294.4036, 0.0000, 72, 62, 54
L  -274.0056, -294.4036, 0.0000, -253.7131, -294.4036, 0.0000, 96, 84, 74
L  536.0002, -294.4036, 0.0000, 567.6186, -294.4036, 0.0000, 96, 84, 74
L  572.2447, -294.4036, 0.0000, 602.6746, -294.4036, 0.0000, 96, 84, 74
L  -350.9828, -288.6557, 0.0000, -340.9933, -288.6557, 0.0000, 72, 62, 54
L  -310.3749, -288.6557, 0.0000, -295.9931, -288.6557, 0.0000, 72, 62, 54
L  -292.9116, -288.6557, 0.0000, -276.3445, -288.6557, 0.0000, 72, 62, 54
L  -273.5955, -288.6557, 0.0000, -259.4865, -288.6557, 0.0000, 96, 84, 74
L  554.1565, -288.6557, 0.0000, 564.5463, -288.6557, 0.0000, 96, 84, 74
L  569.1636, -288.6557, 0.0000, 583.4341, -288.6557, 0.0000, 96, 84, 74
L  587.6275, -288.6557, 0.0000, 597.7413, -288.6557, 0.0000, 72, 62, 54
L  601.4756, -288.6557, 0.0000, 634.5518, -288.6557, 0.0000, 72, 62, 54
L  -345.7144, -282.9078, 0.0000, -328.8129, -282.9078, 0.0000, 72, 62, 54
L  -325.6956, -282.9078, 0.0000, -296.5640, -282.9078, 0.0000, 72, 62, 54
L  -292.3815, -282.9078, 0.0000, -258.9442, -282.9078, 0.0000, 72, 62, 54
L  548.5576, -282.9078, 0.0000, 580.3075, -282.9078, 0.0000, 96, 84, 74
L  -327.4580, -277.1599, 0.0000, -316.3131, -277.1599, 0.0000, 72, 62, 54
L  -314.1812, -277.1599, 0.0000, -294.1260, -277.1599, 0.0000, 72, 62, 54
L  -290.7964, -277.1599, 0.0000, -277.6325, -277.1599, 0.0000, 72, 62, 54
L  -273.9196, -277.1599, 0.0000, -253.9741, -277.1599, 0.0000, 96, 84, 74
L  535.7369, -277.1599, 0.0000, 545.9760, -277.1599, 0.0000, 96, 84, 74
L  550.9984, -277.1599, 0.0000, 562.1618, -277.1599, 0.0000, 96, 84, 74
L  567.5800, -277.1599, 0.0000, 583.0496, -277.1599, 0.0000, 96, 84, 74
L  -303.4374, -271.4119, 0.0000, -293.7802, -271.4119, 0.0000, 72, 62, 54
L  -288.3461, -271.4119, 0.0000, -276.0167, -271.4119, 0.0000, 96, 84, 74
L  -273.2413, -271.4119, 0.0000, -239.3289, -271.4119, 0.0000, 96, 84, 74
L  548.6709, -271.4119, 0.0000, 576.5360, -271.4119, 0.0000, 96, 84, 74
L  -319.8046, -265.6640, 0.0000, -300.0683, -265.6640, 0.0000, 72, 62, 54
L  -296.7825, -265.6640, 0.0000, -264.8716, -265.6640, 0.0000, 72, 62, 54
L  531.2181, -265.6640, 0.0000, 545.0792, -265.6640, 0.0000, 96, 84, 74
L  548.1464, -265.6640, 0.0000, 568.9525, -265.6640, 0.0000, 96, 84, 74
L  572.0756, -265.6640, 0.0000, 597.0386, -265.6640, 0.0000, 96, 84, 74
L  615.6796, -265.6640, 0.0000, 636.5198, -265.6640, 0.0000, 72, 62, 54
L  -320.5385, -259.9161, 0.0000, -290.1282, -259.9161, 0.0000, 72, 62, 54
L  -287.3345, -259.9161, 0.0000, -267.8407, -259.9161, 0.0000, 96, 84, 74
L  564.6128, -259.9161, 0.0000, 583.3510, -259.9161, 0.0000, 96, 84, 74
L  627.9472, -259.9161, 0.0000, 637.0555, -259.9161, 0.0000, 72, 62, 54
L  -340.0185, -254.1682, 0.0000, -319.6042, -254.1682, 0.0000, 72, 62, 54
L  -317.0730, -254.1682, 0.0000, -297.2255, -254.1682, 0.0000, 72, 62, 54
L  -292.6175, -254.1682, 0.0000, -279.5069, -254.1682, 0.0000, 72, 62, 54
L  -275.0881, -254.1682, 0.0000, -257.6924, -254.1682, 0.0000, 96, 84, 74
L  538.5476, -254.1682, 0.0000, 554.2649, -254.1682, 0.0000, 96, 84, 74
L  559.3564, -254.1682, 0.0000, 583.3135, -254.1682, 0.0000, 96, 84, 74
L  587.6334, -254.1682, 0.0000, 599.2524, -254.1682, 0.0000, 72, 62, 54
L  602.3935, -254.1682, 0.0000, 626.9858, -254.1682, 0.0000, 72, 62, 54
L  628.9438, -254.1682, 0.0000, 643.7023, -254.1682, 0.0000, 72, 62, 54
L  -312.7033, -248.4203, 0.0000, -300.3136, -248.4203, 0.0000, 72, 62, 54
L  -296.4328, -248.4203, 0.0000, -269.5078, -248.4203, 0.0000, 72, 62, 54
L  -265.7105, -248.4203, 0.0000, -254.4368, -248.4203, 0.0000, 96, 84, 74
L  546.7989, -248.4203, 0.0000, 565.5694, -248.4203, 0.0000, 96, 84, 74
L  567.9369, -248.4203, 0.0000, 589.5062, -248.4203, 0.0000, 96, 84, 74
L  617.5224, -248.4203, 0.0000, 626.6726, -248.4203, 0.0000, 72, 62, 54
L  629.4596, -248.4203, 0.0000, 645.8767, -248.4203, 0.0000, 72, 62, 54
L  -298.3944, -242.6724, 0.0000, -271.6665, -242.6724, 0.0000, 72, 62, 54
L  556.1961, -242.6724, 0.0000, 584.6856, -242.6724, 0.0000, 96, 84, 74
L  589.8543, -242.6724, 0.0000, 602.3736, -242.6724, 0.0000, 72, 62, 54
L  605.1514, -242.6724, 0.0000, 627.0107, -242.6724, 0.0000, 72, 62, 54
L  632.2667, -242.6724, 0.0000, 648.6485, -242.6724, 0.0000, 72, 62, 54
L  -291.9236, -236.9245, 0.0000, -261.9414, -236.9245, 0.0000, 72, 62, 54
L  542.7182, -236.9245, 0.0000, 554.5194, -236.9245, 0.0000, 96, 84, 74
L  558.4150, -236.9245, 0.0000, 591.7646, -236.9245, 0.0000, 96, 84, 74
L  593.9617, -236.9245, 0.0000, 606.0801, -236.9245, 0.0000, 72, 62, 54
L  -300.3948, -231.1766, 0.0000, -284.1119, -231.1766, 0.0000, 72, 62, 54
L  -282.2268, -231.1766, 0.0000, -261.0723, -231.1766, 0.0000, 96, 84, 74
L  550.5884, -231.1766, 0.0000, 568.6916, -231.1766, 0.0000, 96, 84, 74
L  572.5081, -231.1766, 0.0000, 586.2588, -231.1766, 0.0000, 96, 84, 74
L  591.0741, -231.1766, 0.0000, 621.8334, -231.1766, 0.0000, 72, 62, 54
L  626.9773, -231.1766, 0.0000, 639.9559, -231.1766, 0.0000, 72, 62, 54
L  -308.4480, -225.4287, 0.0000, -278.8449, -225.4287, 0.0000, 72, 62, 54
L  -276.1948, -225.4287, 0.0000, -251.1902, -225.4287, 0.0000, 96, 84, 74
L  540.3431, -225.4287, 0.0000, 563.3781, -225.4287, 0.0000, 96, 84, 74
L  566.9192, -225.4287, 0.0000, 595.4878, -225.4287, 0.0000, 96, 84, 74
L  -320.7799, -219.6808, 0.0000, -306.9509, -219.6808, 0.0000, 72, 62, 54
L  -302.8845, -219.6808, 0.0000, -288.6126, -219.6808, 0.0000, 72, 62, 54
L  -286.7592, -219.6808, 0.0000, -256.5605, -219.6808, 0.0000, 96, 84, 74
L  548.2579, -219.6808, 0.0000, 566.2517, -219.6808, 0.0000, 96, 84, 74
L  568.1896, -219.6808, 0.0000, 581.8824, -219.6808, 0.0000, 96, 84, 74
L  -343.4901, -213.9329, 0.0000, -309.9130, -213.9329, 0.0000, 72, 62, 54
L  -307.9123, -213.9329, 0.0000, -286.3718, -213.9329, 0.0000, 72, 62, 54
L  -281.2473, -213.9329, 0.0000, -268.8684, -213.9329, 0.0000, 96, 84, 74
L  532.0691, -213.9329, 0.0000, 545.1432, -213.9329, 0.0000, 96, 84, 74
L  548.3376, -213.9329, 0.0000, 573.6486, -213.9329, 0.0000, 96, 84, 74
L  578.6904, -213.9329, 0.0000, 605.1178, -213.9329, 0.0000, 72, 62, 54
L  608.6649, -213.9329, 0.0000, 623.1432, -213.9329, 0.0000, 72, 62, 54
L  -323.4306, -208.1850, 0.0000, -293.6361, -208.1850, 0.0000, 72, 62, 54
L  -291.3821, -208.1850, 0.0000, -257.9249, -208.1850, 0.0000, 72, 62, 54
L  -254.6736, -208.1850, 0.0000, -241.7742, -208.1850, 0.0000, 96, 84, 74
L  543.0885, -208.1850, 0.0000, 574.2926, -208.1850, 0.0000, 96, 84, 74
L  577.7394, -208.1850, 0.0000, 589.8044, -208.1850, 0.0000, 72, 62, 54
L  -338.4190, -202.4371, 0.0000, -306.4141, -202.4371, 0.0000, 72, 62, 54
L  -304.0053, -202.4371, 0.0000, -291.2939, -202.4371, 0.0000, 72, 62, 54
L  -288.3205, -202.4371, 0.0000, -278.3586, -202.4371, 0.0000, 96, 84, 74
L  -273.2062, -202.4371, 0.0000, -259.3993, -202.4371, 0.0000, 96, 84, 74
L  -255.4798, -202.4371, 0.0000, -241.9743, -202.4371, 0.0000, 96, 84, 74
L  529.5636, -202.4371, 0.0000, 559.5223, -202.4371, 0.0000, 96, 84, 74
L  563.7753, -202.4371, 0.0000, 588.9284, -202.4371, 0.0000, 96, 84, 74
L  592.0577, -202.4371, 0.0000, 604.9349, -202.4371, 0.0000, 72, 62, 54
L  -302.6295, -196.6892, 0.0000, -279.1512, -196.6892, 0.0000, 72, 62, 54
L  -275.3186, -196.6892, 0.0000, -263.6283, -196.6892, 0.0000, 96, 84, 74
L  -260.9573, -196.6892, 0.0000, -241.1687, -196.6892, 0.0000, 96, 84, 74
L  541.9694, -196.6892, 0.0000, 557.8421, -196.6892, 0.0000, 96, 84, 74
L  560.0273, -196.6892, 0.0000, 584.7515, -196.6892, 0.0000, 96, 84, 74
L  -341.4152, -190.9413, 0.0000, -321.5124, -190.9413, 0.0000, 72, 62, 54
L  -318.6529, -190.9413, 0.0000, -308.2958, -190.9413, 0.0000, 72, 62, 54
L  -306.0004, -190.9413, 0.0000, -290.6868, -190.9413, 0.0000, 72, 62, 54
L  -285.9714, -190.9413, 0.0000, -267.5227, -190.9413, 0.0000, 96, 84, 74
L  541.5394, -190.9413, 0.0000, 551.2652, -190.9413, 0.0000, 96, 84, 74
L  556.6466, -190.9413, 0.0000, 572.5409, -190.9413, 0.0000, 96, 84, 74
L  575.3620, -190.9413, 0.0000, 598.7905, -190.9413, 0.0000, 72, 62, 54
L  602.8047, -190.9413, 0.0000, 635.4995, -190.9413, 0.0000, 72, 62, 54
L  -336.4719, -185.1934, 0.0000, -305.7433, -185.1934, 0.0000, 72, 62, 54
L  -300.7761, -185.1934, 0.0000, -290.3581, -185.1934, 0.0000, 72, 62, 54
L  -286.3594, -185.1934, 0.0000, -262.6608, -185.1934, 0.0000, 96, 84, 74
L  -259.0227, -185.1934, 0.0000, -241.8028, -185.1934, 0.0000, 96, 84, 74
L  562.7020, -185.1934, 0.0000, 574.9409, -185.1934, 0.0000, 96, 84, 74
L  579.8733, -185.1934, 0.0000, 597.0506, -185.1934, 0.0000, 72, 62, 54
L  -333.9596, -179.4455, 0.0000, -307.2269, -179.4455, 0.0000, 72, 62, 54
L  -304.1823, -179.4455, 0.0000, -278.6216, -179.4455, 0.0000, 72, 62, 54
L  -275.0920, -179.4455, 0.0000, -244.0047, -179.4455, 0.0000, 96, 84, 74
L  531.3612, -179.4455, 0.0000, 546.1343, -179.4455, 0.0000, 96, 84, 74
L  551.2816, -179.4455, 0.0000, 577.6903, -179.4455, 0.0000, 96, 84, 74
L  581.0807, -179.4455, 0.0000, 594.2578, -179.4455, 0.0000, 72, 62, 54
L  -338.6573, -173.6977, 0.0000, -306.9404, -173.6977, 0.0000, 72, 62, 54
L  -301.9582, -173.6977, 0.0000, -289.1962, -173.6977, 0.0000, 72, 62, 54
L  -284.3503, -173.6977, 0.0000, -261.8364, -173.6977, 0.0000, 96, 84, 74
L  555.3919, -173.6977, 0.0000, 580.7834, -173.6977, 0.0000, 96, 84, 74
L  583.5150, -173.6977, 0.0000, 593.7365, -173.6977, 0.0000, 72, 62, 54
L  597.9925, -173.6977, 0.0000, 631.1059, -173.6977, 0.0000, 72, 62, 54
L  -317.6407, -167.9498, 0.0000, -298.2236, -167.9498, 0.0000, 72, 62, 54
L  -293.4486, -167.9498, 0.0000, -259.7507, -167.9498, 0.0000, 72, 62, 54
L  553.6806, -167.9498, 0.0000, 576.0670, -167.9498, 0.0000, 96, 84, 74
L  578.0349, -167.9498, 0.0000, 604.5126, -167.9498, 0.0000, 72, 62, 54
L  624.8279, -167.9498, 0.0000, 640.4622, -167.9498, 0.0000, 72, 62, 54
L  -334.0715, -162.2018, 0.0000, -303.0410, -162.2018, 0.0000, 72, 62, 54
L  -300.4372, -162.2018, 0.0000, -272.0110, -162.2018, 0.0000, 72, 62, 54
L  535.2411, -162.2018, 0.0000, 565.7094, -162.2018, 0.0000, 96, 84, 74
L  568.2838, -162.2018, 0.0000, 601.3439, -162.2018, 0.0000, 96, 84, 74
L  605.5216, -162.2018, 0.0000, 637.9828, -162.2018, 0.0000, 72, 62, 54
L  -316.6956, -156.4539, 0.0000, -297.4745, -156.4539, 0.0000, 72, 62, 54
L  -292.1142, -156.4539, 0.0000, -270.6506, -156.4539, 0.0000, 72, 62, 54
L  -266.2725, -156.4539, 0.0000, -256.5521, -156.4539, 0.0000, 96, 84, 74
L  533.7740, -156.4539, 0.0000, 548.0626, -156.4539, 0.0000, 96, 84, 74
L  552.5117, -156.4539, 0.0000, 586.2864, -156.4539, 0.0000, 96, 84, 74
L  589.8754, -156.4539, 0.0000, 609.7122, -156.4539, 0.0000, 72, 62, 54
L  -337.3838, -150.7060, 0.0000, -313.3482, -150.7060, 0.0000, 72, 62, 54
L  -311.4986, -150.7060, 0.0000, -281.1674, -150.7060, 0.0000, 72, 62, 54
L  -278.4556, -150.7060, 0.0000, -251.2996, -150.7060, 0.0000, 96, 84, 74
L  539.0701, -150.7060, 0.0000, 557.9104, -150.7060, 0.0000, 96, 84, 74
L  561.8234, -150.7060, 0.0000, 588.7075, -150.7060, 0.0000, 96, 84, 74
L  -346.4009, -144.9581, 0.0000, -316.3871, -144.9581, 0.0000, 72, 62, 54
L  -311.2619, -144.9581, 0.0000, -292.4804, -144.9581, 0.0000, 72, 62, 54
L  -287.5745, -144.9581, 0.0000, -259.4837, -144.9581, 0.0000, 96, 84, 74
L  545.7211, -144.9581, 0.0000, 575.2499, -144.9581, 0.0000, 96, 84, 74
L  579.6555, -144.9581, 0.0000, 596.1903, -144.9581, 0.0000, 72, 62, 54
L  -306.0236, -139.2102, 0.0000, -291.2659, -139.2102, 0.0000, 72, 62, 54
L  -286.2124, -139.2102, 0.0000, -254.4132, -139.2102, 0.0000, 96, 84, 74
L  536.9843, -139.2102, 0.0000, 548.0712, -139.2102, 0.0000, 96, 84, 74
L  551.1840, -139.2102, 0.0000, 565.0996, -139.2102, 0.0000, 96, 84, 74
L  567.7145, -139.2102, 0.0000, 589.1574, -139.2102, 0.0000, 96, 84, 74
L  625.1829, -139.2102, 0.0000, 634.4443, -139.2102, 0.0000, 72, 62, 54
L  -304.7239, -133.4623, 0.0000, -280.1579, -133.4623, 0.0000, 72, 62, 54
L  -276.1449, -133.4623, 0.0000, -260.2171, -133.4623, 0.0000, 96, 84, 74
L  -255.7336, -133.4623, 0.0000, -242.8345, -133.4623, 0.0000, 96, 84, 74
L  544.6506, -133.4623, 0.0000, 572.9616, -133.4623, 0.0000, 96, 84, 74
L  577.5476, -133.4623, 0.0000, 587.4691, -133.4623, 0.0000, 72, 62, 54
L  590.9531, -133.4623, 0.0000, 606.9921, -133.4623, 0.0000, 72, 62, 54
L  609.1965, -133.4623, 0.0000, 629.6725, -133.4623, 0.0000, 72, 62, 54
L  -352.6425, -127.7144, 0.0000, -341.8901, -127.7144, 0.0000, 72, 62, 54
L  -300.4499, -127.7144, 0.0000, -274.4870, -127.7144, 0.0000, 72, 62, 54
L  -269.7475, -127.7144, 0.0000, -251.2024, -127.7144, 0.0000, 96, 84, 74
L  540.4143, -127.7144, 0.0000, 564.8884, -127.7144, 0.0000, 96, 84, 74
L  567.8274, -127.7144, 0.0000, 585.0231, -127.7144, 0.0000, 96, 84, 74
L  -352.7983, -121.9665, 0.0000, -331.9554, -121.9665, 0.0000, 72, 62, 54
L  -296.1326, -121.9665, 0.0000, -273.9746, -121.9665, 0.0000, 72, 62, 54
L  -271.4809, -121.9665, 0.0000, -257.4167, -121.9665, 0.0000, 96, 84, 74
L  529.0004, -121.9665, 0.0000, 542.4759, -121.9665, 0.0000, 96, 84, 74
L  547.5414, -121.9665, 0.0000, 573.1337, -121.9665, 0.0000, 96, 84, 74
L  576.3879, -121.9665, 0.0000, 594.3819, -121.9665, 0.0000, 72, 62, 54
L  -316.6506, -116.2186, 0.0000, -300.8466, -116.2186, 0.0000, 72, 62, 54
L  -296.3550, -116.2186, 0.0000, -282.3967, -116.2186, 0.0000, 72, 62, 54
L  -277.5873, -116.2186, 0.0000, -268.0011, -116.2186, 0.0000, 96, 84, 74
L  -263.8278, -116.2186, 0.0000, -247.8539, -116.2186, 0.0000, 96, 84, 74
L  536.9206, -116.2186, 0.0000, 562.4068, -116.2186, 0.0000, 96, 84, 74
L  564.2574, -116.2186, 0.0000, 581.9192, -116.2186, 0.0000, 96, 84, 74
L  -297.0263, -110.4707, 0.0000, -274.9584, -110.4707, 0.0000, 72, 62, 54
L  -270.1167, -110.4707, 0.0000, -246.1532, -110.4707, 0.0000, 96, 84, 74
L  551.3609, -110.4707, 0.0000, 576.4064, -110.4707, 0.0000, 96, 84, 74
L  580.8534, -110.4707, 0.0000, 594.4406, -110.4707, 0.0000, 72, 62, 54
L  598.8366, -110.4707, 0.0000, 610.9073, -110.4707, 0.0000, 72, 62, 54
L  612.8557, -110.4707, 0.0000, 629.7169, -110.4707, 0.0000, 72, 62, 54
L  633.9190, -110.4707, 0.0000, 649.7153, -110.4707, 0.0000, 72, 62, 54
L  -330.4747, -104.7228, 0.0000, -300.8142, -104.7228, 0.0000, 72, 62, 54
L  -297.1802, -104.7228, 0.0000, -272.9720, -104.7228, 0.0000, 72, 62, 54
L  538.3164, -104.7228, 0.0000, 565.9882, -104.7228, 0.0000, 96, 84, 74
L  570.0398, -104.7228, 0.0000, 596.5012, -104.7228, 0.0000, 96, 84, 74
L  600.7941, -104.7228, 0.0000, 628.3691, -104.7228, 0.0000, 72, 62, 54
L  -332.5462, -98.9749, 0.0000, -315.8617, -98.9749, 0.0000, 72, 62, 54
L  -312.5756, -98.9749, 0.0000, -300.2729, -98.9749, 0.0000, 72, 62, 54
L  -294.8972, -98.9749, 0.0000, -268.2496, -98.9749, 0.0000, 72, 62, 54
L  -266.2488, -98.9749, 0.0000, -243.8963, -98.9749, 0.0000, 96, 84, 74
L  555.7168, -98.9749, 0.0000, 587.0514, -98.9749, 0.0000, 96, 84, 74
L  -308.4133, -93.2270, 0.0000, -295.0068, -93.2270, 0.0000, 72, 62, 54
L  -290.6521, -93.2270, 0.0000, -257.8688, -93.2270, 0.0000, 72, 62, 54
L  537.9799, -93.2270, 0.0000, 568.7417, -93.2270, 0.0000, 96, 84, 74
L  573.1128, -93.2270, 0.0000, 606.9400, -93.2270, 0.0000, 96, 84, 74
L  -349.4161, -87.4791, 0.0000, -337.1934, -87.4791, 0.0000, 72, 62, 54
L  -334.4300, -87.4791, 0.0000, -315.3282, -87.4791, 0.0000, 72, 62, 54
L  -313.4171, -87.4791, 0.0000, -287.0626, -87.4791, 0.0000, 72, 62, 54
L  -283.7144, -87.4791, 0.0000, -268.7511, -87.4791, 0.0000, 96, 84, 74
L  -266.0036, -87.4791, 0.0000, -242.2062, -87.4791, 0.0000, 96, 84, 74
L  536.4647, -87.4791, 0.0000, 549.4422, -87.4791, 0.0000, 96, 84, 74
L  554.5498, -87.4791, 0.0000, 579.6835, -87.4791, 0.0000, 96, 84, 74
L  584.5978, -87.4791, 0.0000, 603.3218, -87.4791, 0.0000, 72, 62, 54
L  -332.0481, -81.7312, 0.0000, -309.4482, -81.7312, 0.0000, 72, 62, 54
L  -304.7318, -81.7312, 0.0000, -294.5736, -81.7312, 0.0000, 72, 62, 54
L  -289.3838, -81.7312, 0.0000, -279.2110, -81.7312, 0.0000, 72, 62, 54
L  -276.9189, -81.7312, 0.0000, -252.9155, -81.7312, 0.0000, 96, 84, 74
L  549.1228, -81.7312, 0.0000, 571.0667, -81.7312, 0.0000, 96, 84, 74
L  576.0672, -81.7312, 0.0000, 602.2378, -81.7312, 0.0000, 72, 62, 54
L  604.1931, -81.7312, 0.0000, 625.1706, -81.7312, 0.0000, 72, 62, 54
L  -318.6811, -75.9833, 0.0000, -307.1750, -75.9833, 0.0000, 72, 62, 54
L  -304.4338, -75.9833, 0.0000, -277.4334, -75.9833, 0.0000, 72, 62, 54
L  -275.2697, -75.9833, 0.0000, -258.7198, -75.9833, 0.0000, 96, 84, 74
L  532.0031, -75.9833, 0.0000, 556.7418, -75.9833, 0.0000, 96, 84, 74
L  558.5890, -75.9833, 0.0000, 590.5202, -75.9833, 0.0000, 96, 84, 74
L  594.8085, -75.9833, 0.0000, 625.7797, -75.9833, 0.0000, 72, 62, 54
L  -333.2790, -70.2354, 0.0000, -308.1729, -70.2354, 0.0000, 72, 62, 54
L  -304.5617, -70.2354, 0.0000, -280.4572, -70.2354, 0.0000, 72, 62, 54
L  -276.4215, -70.2354, 0.0000, -248.6221, -70.2354, 0.0000, 96, 84, 74
L  543.1484, -70.2354, 0.0000, 567.6337, -70.2354, 0.0000, 96, 84, 74
L  573.0454, -70.2354, 0.0000, 602.2877, -70.2354, 0.0000, 96, 84, 74
L  -344.3932, -64.4875, 0.0000, -311.1671, -64.4875, 0.0000, 72, 62, 54
L  -308.7307, -64.4875, 0.0000, -292.0589, -64.4875, 0.0000, 72, 62, 54
L  -288.1388, -64.4875, 0.0000, -257.5055, -64.4875, 0.0000, 96, 84, 74
L  -254.2217, -64.4875, 0.0000, -240.2514, -64.4875, 0.0000, 96, 84, 74
L  533.6076, -64.4875, 0.0000, 565.8394, -64.4875, 0.0000, 96, 84, 74
L  570.2043, -64.4875, 0.0000, 597.2496, -64.4875, 0.0000, 96, 84, 74
L  -310.0415, -58.7395, 0.0000, -280.3343, -58.7395, 0.0000, 72, 62, 54
L  -275.7520, -58.7395, 0.0000, -246.2332, -58.7395, 0.0000, 96, 84, 74
L  562.4306, -58.7395, 0.0000, 578.8032, -58.7395, 0.0000, 96, 84, 74
L  582.7630, -58.7395, 0.0000, 601.0486, -58.7395, 0.0000, 72, 62, 54
L  -338.4847, -52.9916, 0.0000, -317.8625, -52.9916, 0.0000, 72, 62, 54
L  -312.5592, -52.9916, 0.0000, -282.3686, -52.9916, 0.0000, 72, 62, 54
L  -279.3899, -52.9916, 0.0000, -269.0315, -52.9916, 0.0000, 96, 84, 74
L  -264.7348, -52.9916, 0.0000, -243.5640, -52.9916, 0.0000, 96, 84, 74
L  542.7572, -52.9916, 0.0000, 568.7646, -52.9916, 0.0000, 96, 84, 74
L  573.6906, -52.9916, 0.0000, 582.8555, -52.9916, 0.0000, 96, 84, 74
L  585.7491, -52.9916, 0.0000, 606.5887, -52.9916, 0.0000, 72, 62, 54
L  -336.6203, -47.2437, 0.0000, -309.6100, -47.2437, 0.0000, 72, 62, 54
L  -304.4357, -47.2437, 0.0000, -294.7795, -47.2437, 0.0000, 72, 62, 54
L  -290.6944, -47.2437, 0.0000, -265.4677, -47.2437, 0.0000, 72, 62, 54
L  -262.7490, -47.2437, 0.0000, -243.5325, -47.2437, 0.0000, 96, 84, 74
L  563.0744, -47.2437, 0.0000, 584.3786, -47.2437, 0.0000, 96, 84, 74
L  -291.6133, -41.4958, 0.0000, -264.9290, -41.4958, 0.0000, 72, 62, 54
L  531.4071, -41.4958, 0.0000, 556.8523, -41.4958, 0.0000, 96, 84, 74
L  559.9026, -41.4958, 0.0000, 578.6801, -41.4958, 0.0000, 96, 84, 74
L  580.5457, -41.4958, 0.0000, 602.1828, -41.4958, 0.0000, 72, 62, 54
L  606.6366, -41.4958, 0.0000, 629.9128, -41.4958, 0.0000, 72, 62, 54
L  -322.9384, -35.7479, 0.0000, -298.3094, -35.7479, 0.0000, 72, 62, 54
L  -293.3527, -35.7479, 0.0000, -274.0882, -35.7479, 0.0000, 72, 62, 54
L  -271.5657, -35.7479, 0.0000, -255.3524, -35.7479, 0.0000, 96, 84, 74
L  537.4445, -35.7479, 0.0000, 560.7628, -35.7479, 0.0000, 96, 84, 74
L  563.0196, -35.7479, 0.0000, 588.2594, -35.7479, 0.0000, 96, 84, 74
L  -336.9607, -30.0000, 0.0000, -322.1397, -30.0000, 0.0000, 72, 62, 54
L  -319.8778, -30.0000, 0.0000, -286.5048, -30.0000, 0.0000, 72, 62, 54
L  -282.2571, -30.0000, 0.0000, -262.2323, -30.0000, 0.0000, 96, 84, 74
L  529.5920, -30.0000, 0.0000, 561.0443, -30.0000, 0.0000, 96, 84, 74
L  563.9627, -30.0000, 0.0000, 584.2532, -30.0000, 0.0000, 96, 84, 74
L  588.7980, -30.0000, 0.0000, 598.8540, -30.0000, 0.0000, 72, 62, 54
L  603.2194, -30.0000, 0.0000, 632.0950, -30.0000, 0.0000, 72, 62, 54
L  -352.0666, -24.2521, 0.0000, -337.4429, -24.2521, 0.0000, 72, 62, 54
L  -293.3670, -24.2521, 0.0000, -281.0737, -24.2521, 0.0000, 72, 62, 54
L  -277.1700, -24.2521, 0.0000, -262.8233, -24.2521, 0.0000, 96, 84, 74
L  -257.5729, -24.2521, 0.0000, -246.1125, -24.2521, 0.0000, 96, 84, 74
L  548.7074, -24.2521, 0.0000, 562.9134, -24.2521, 0.0000, 96, 84, 74
L  564.8936, -24.2521, 0.0000, 583.2475, -24.2521, 0.0000, 96, 84, 74
L  -302.1310, -18.5042, 0.0000, -270.0311, -18.5042, 0.0000, 72, 62, 54
L  -266.4438, -18.5042, 0.0000, -243.1551, -18.5042, 0.0000, 96, 84, 74
L  551.3747, -18.5042, 0.0000, 562.7941, -18.5042, 0.0000, 96, 84, 74
L  564.8865, -18.5042, 0.0000, 578.2468, -18.5042, 0.0000, 96, 84, 74
L  581.3687, -18.5042, 0.0000, 607.6182, -18.5042, 0.0000, 72, 62, 54
L  609.6811, -18.5042, 0.0000, 632.6406, -18.5042, 0.0000, 72, 62, 54
L  -339.7889, -12.7563, 0.0000, -312.5981, -12.7563, 0.0000, 72, 62, 54
L  -308.9222, -12.7563, 0.0000, -293.4667, -12.7563, 0.0000, 72, 62, 54
L  -290.3463, -12.7563, 0.0000, -276.0168, -12.7563, 0.0000, 72, 62, 54
L  -271.9519, -12.7563, 0.0000, -259.0083, -12.7563, 0.0000, 96, 84, 74
L  544.9049, -12.7563, 0.0000, 567.7010, -12.7563, 0.0000, 96, 84, 74
L  569.8066, -12.7563, 0.0000, 594.4090, -12.7563, 0.0000, 96, 84, 74
L  599.8287, -12.7563, 0.0000, 623.9318, -12.7563, 0.0000, 72, 62, 54
L  628.8604, -12.7563, 0.0000, 641.4492, -12.7563, 0.0000, 72, 62, 54
L  -353.7632, -7.0084, 0.0000, -323.8352, -7.0084, 0.0000, 72, 62, 54
L  -319.3647, -7.0084, 0.0000, -298.2954, -7.0084, 0.0000, 72, 62, 54
L  -293.8357, -7.0084, 0.0000, -283.3628, -7.0084, 0.0000, 72, 62, 54
L  -281.0504, -7.0084, 0.0000, -271.1039, -7.0084, 0.0000, 96, 84, 74
L  -266.9077, -7.0084, 0.0000, -249.5204, -7.0084, 0.0000, 96, 84, 74
L  554.3035, -7.0084, 0.0000, 565.7774, -7.0084, 0.0000, 96, 84, 74
L  569.0922, -7.0084, 0.0000, 586.8180, -7.0084, 0.0000, 96, 84, 74
L  590.8527, -7.0084, 0.0000, 603.7504, -7.0084, 0.0000, 72, 62, 54
L  -294.1730, -1.2605, 0.0000, -283.4367, -1.2605, 0.0000, 72, 62, 54
L  -279.5515, -1.2605, 0.0000, -266.9877, -1.2605, 0.0000, 96, 84, 74
L  -263.4245, -1.2605, 0.0000, -242.2787, -1.2605, 0.0000, 96, 84, 74
L  558.6579, -1.2605, 0.0000, 574.7008, -1.2605, 0.0000, 96, 84, 74
L  577.7245, -1.2605, 0.0000, 593.8394, -1.2605, 0.0000, 72, 62, 54
L  598.4119, -1.2605, 0.0000, 629.2487, -1.2605, 0.0000, 72, 62, 54
L  -305.0455, 4.4874, 0.0000, -271.7507, 4.4874, 0.0000, 72, 62, 54
L  -269.5376, 4.4874, 0.0000, -257.9161, 4.4874, 0.0000, 96, 84, 74
L  543.0601, 4.4874, 0.0000, 567.6751, 4.4874, 0.0000, 96, 84, 74
L  570.1945, 4.4874, 0.0000, 589.0596, 4.4874, 0.0000, 96, 84, 74
L  -343.9215, 10.2353, 0.0000, -317.3602, 10.2353, 0.0000, 72, 62, 54
L  -314.2595, 10.2353, 0.0000, -302.1465, 10.2353, 0.0000, 72, 62, 54
L  -298.7147, 10.2353, 0.0000, -270.6142, 10.2353, 0.0000, 72, 62, 54
L  -266.3789, 10.2353, 0.0000, -239.4534, 10.2353, 0.0000, 96, 84, 74
L  538.8697, 10.2353, 0.0000, 562.5492, 10.2353, 0.0000, 96, 84, 74
L  564.7777, 10.2353, 0.0000, 588.3327, 10.2353, 0.0000, 96, 84, 74
L  592.3088, 10.2353, 0.0000, 606.5171, 10.2353, 0.0000, 72, 62, 54
L  -323.0423, 15.9832, 0.0000, -299.6761, 15.9832, 0.0000, 72, 62, 54
L  -294.5143, 15.9832, 0.0000, -260.9345, 15.9832, 0.0000, 72, 62, 54
L  545.9107, 15.9832, 0.0000, 576.3354, 15.9832, 0.0000, 96, 84, 74
L  -315.0299, 21.7311, 0.0000, -288.1433, 21.7311, 0.0000, 72, 62, 54
L  -285.4200, 21.7311, 0.0000, -260.0542, 21.7311, 0.0000, 96, 84, 74
L  563.7173, 21.7311, 0.0000, 576.6275, 21.7311, 0.0000, 96, 84, 74
L  -338.9918, 27.4790, 0.0000, -310.3987, 27.4790, 0.0000, 72, 62, 54
L  -308.3515, 27.4790, 0.0000, -275.2411, 27.4790, 0.0000, 72, 62, 54
L  -273.1589, 27.4790, 0.0000, -263.6645, 27.4790, 0.0000, 96, 84, 74
L  556.5936, 27.4790, 0.0000, 579.6707, 27.4790, 0.0000, 96, 84, 74
L  582.4061, 27.4790, 0.0000, 599.6836, 27.4790, 0.0000, 72, 62, 54
L  601.9700, 27.4790, 0.0000, 635.2177, 27.4790, 0.0000, 72, 62, 54
L  -308.8337, 33.2269, 0.0000, -292.9284, 33.2269, 0.0000, 72, 62, 54
L  -290.4976, 33.2269, 0.0000, -265.6573, 33.2269, 0.0000, 72, 62, 54
L  538.2643, 33.2269, 0.0000, 560.6798, 33.2269, 0.0000, 96, 84, 74
L  564.1601, 33.2269, 0.0000, 589.2967, 33.2269, 0.0000, 96, 84, 74
L  593.4515, 33.2269, 0.0000, 623.9589, 33.2269, 0.0000, 72, 62, 54
L  -306.9302, 38.9748, 0.0000, -290.3972, 38.9748, 0.0000, 72, 62, 54
L  -288.3770, 38.9748, 0.0000, -271.4628, 38.9748, 0.0000, 96, 84, 74
L  -267.6773, 38.9748, 0.0000, -246.1422, 38.9748, 0.0000, 96, 84, 74
L  540.2910, 38.9748, 0.0000, 560.8665, 38.9748, 0.0000, 96, 84, 74
L  564.4588, 38.9748, 0.0000, 596.9970, 38.9748, 0.0000, 96, 84, 74
L  600.6378, 38.9748, 0.0000, 631.6680, 38.9748, 0.0000, 72, 62, 54
L  635.8752, 38.9748, 0.0000, 649.0785, 38.9748, 0.0000, 72, 62, 54
L  -326.4632, 44.7228, 0.0000, -293.7438, 44.7228, 0.0000, 72, 62, 54
L  -291.5640, 44.7228, 0.0000, -276.7118, 44.7228, 0.0000, 72, 62, 54
L  -273.5440, 44.7228, 0.0000, -241.3575, 44.7228, 0.0000, 96, 84, 74
L  557.2050, 44.7228, 0.0000, 576.8548, 44.7228, 0.0000, 96, 84, 74
L  582.0484, 44.7228, 0.0000, 596.3122, 44.7228, 0.0000, 72, 62, 54
L  -297.5382, 50.4707, 0.0000, -276.5519, 50.4707, 0.0000, 72, 62, 54
L  -273.6443, 50.4707, 0.0000, -254.5107, 50.4707, 0.0000, 96, 84, 74
L  -252.6923, 50.4707, 0.0000, -241.6997, 50.4707, 0.0000, 96, 84, 74
L  548.2061, 50.4707, 0.0000, 572.7947, 50.4707, 0.0000, 96, 84, 74
L  633.5751, 50.4707, 0.0000, 647.6234, 50.4707, 0.0000, 72, 62, 54
L  -298.6676, 56.2186, 0.0000, -274.2353, 56.2186, 0.0000, 72, 62, 54
L  -269.8279, 56.2186, 0.0000, -247.0596, 56.2186, 0.0000, 96, 84, 74
L  562.9275, 56.2186, 0.0000, 573.8653, 56.2186, 0.0000, 96, 84, 74
L  578.8230, 56.2186, 0.0000, 603.5825, 56.2186, 0.0000, 72, 62, 54
L  -342.1842, 61.9665, 0.0000, -322.3869, 61.9665, 0.0000, 72, 62, 54
L  -317.0837, 61.9665, 0.0000, -307.0789, 61.9665, 0.0000, 72, 62, 54
L  -303.6086, 61.9665, 0.0000, -272.0403, 61.9665, 0.0000, 72, 62, 54
L  -269.2905, 61.9665, 0.0000, -243.6290, 61.9665, 0.0000, 96, 84, 74
L  543.8829, 61.9665, 0.0000, 577.7543, 61.9665, 0.0000, 96, 84, 74
L  582.3578, 61.9665, 0.0000, 596.4297, 61.9665, 0.0000, 72, 62, 54
L  600.7387, 61.9665, 0.0000, 630.3529, 61.9665, 0.0000, 72, 62, 54
L  -299.0011, 67.7144, 0.0000, -273.3660, 67.7144, 0.0000, 72, 62, 54
L  -270.7484, 67.7144, 0.0000, -249.6710, 67.7144, 0.0000, 96, 84, 74
L  548.7072, 67.7144, 0.0000, 576.7666, 67.7144, 0.0000, 96, 84, 74
L  629.9110, 67.7144, 0.0000, 641.7990, 67.7144, 0.0000, 72, 62, 54
L  -322.7676, 73.4623, 0.0000, -304.3652, 73.4623, 0.0000, 72, 62, 54
L  -301.6123, 73.4623, 0.0000, -281.1801, 73.4623, 0.0000, 72, 62, 54
L  -278.9524, 73.4623, 0.0000, -262.9025, 73.4623, 0.0000, 96, 84, 74
L  529.0701, 73.4623, 0.0000, 539.8959, 73.4623, 0.0000, 96, 84, 74
L  542.0441, 73.4623, 0.0000, 575.7199, 73.4623, 0.0000, 96, 84, 74
L  577.6561, 73.4623, 0.0000, 594.0218, 73.4623, 0.0000, 72, 62, 54
L  -349.9622, 79.2102, 0.0000, -318.9291, 79.2102, 0.0000, 72, 62, 54
L  -313.8471, 79.2102, 0.0000, -297.6447, 79.2102, 0.0000, 72, 62, 54
L  -294.6082, 79.2102, 0.0000, -263.6434, 79.2102, 0.0000, 72, 62, 54
L  -260.1312, 79.2102, 0.0000, -247.7104, 79.2102, 0.0000, 96, 84, 74
L  556.5417, 79.2102, 0.0000, 587.3119, 79.2102, 0.0000, 96, 84, 74
L  592.1579, 79.2102, 0.0000, 616.9375, 79.2102, 0.0000, 72, 62, 54
L  621.2742, 79.2102, 0.0000, 648.1131, 79.2102, 0.0000, 72, 62, 54
L  -296.5458, 84.9581, 0.0000, -286.9090, 84.9581, 0.0000, 72, 62, 54
L  -282.8960, 84.9581, 0.0000, -272.3398, 84.9581, 0.0000, 96, 84, 74
L  -268.3815, 84.9581, 0.0000, -253.7663, 84.9581, 0.0000, 96, 84, 74
L  540.4321, 84.9581, 0.0000, 561.7136, 84.9581, 0.0000, 96, 84, 74
L  563.9124, 84.9581, 0.0000, 576.8176, 84.9581, 0.0000, 96, 84, 74
L  -316.7013, 90.7060, 0.0000, -293.8625, 90.7060, 0.0000, 72, 62, 54
L  -289.8646, 90.7060, 0.0000, -266.5117, 90.7060, 0.0000, 72, 62, 54
L  -261.1829, 90.7060, 0.0000, -244.3154, 90.7060, 0.0000, 96, 84, 74
L  543.7862, 90.7060, 0.0000, 555.0733, 90.7060, 0.0000, 96, 84, 74
L  559.0767, 90.7060, 0.0000, 592.5541, 90.7060, 0.0000, 96, 84, 74
L  597.2180, 90.7060, 0.0000, 622.5776, 90.7060, 0.0000, 72, 62, 54
L  -297.4733, 96.4539, 0.0000, -278.4776, 96.4539, 0.0000, 72, 62, 54
L  -275.0803, 96.4539, 0.0000, -255.8336, 96.4539, 0.0000, 96, 84, 74
L  537.8579, 96.4539, 0.0000, 549.7038, 96.4539, 0.0000, 96, 84, 74
L  553.3430, 96.4539, 0.0000, 569.9454, 96.4539, 0.0000, 96, 84, 74
L  627.8103, 96.4539, 0.0000, 642.8900, 96.4539, 0.0000, 72, 62, 54
L  -338.7655, 102.2018, 0.0000, -308.0519, 102.2018, 0.0000, 72, 62, 54
L  -304.1455, 102.2018, 0.0000, -292.0873, 102.2018, 0.0000, 72, 62, 54
L  -286.6613, 102.2018, 0.0000, -269.0329, 102.2018, 0.0000, 96, 84, 74
L  -266.9007, 102.2018, 0.0000, -240.7393, 102.2018, 0.0000, 96, 84, 74
L  549.2623, 102.2018, 0.0000, 576.0310, 102.2018, 0.0000, 96, 84, 74
L  623.7297, 102.2018, 0.0000, 645.3021, 102.2018, 0.0000, 72, 62, 54
L  -353.5446, 107.9497, 0.0000, -321.5866, 107.9497, 0.0000, 72, 62, 54
L  -318.1908, 107.9497, 0.0000, -292.3410, 107.9497, 0.0000, 72, 62, 54
L  -289.2568, 107.9497, 0.0000, -269.3017, 107.9497, 0.0000, 72, 62, 54
L  -264.9376, 107.9497, 0.0000, -251.5166, 107.9497, 0.0000, 96, 84, 74
L  545.9568, 107.9497, 0.0000, 576.5774, 107.9497, 0.0000, 96, 84, 74
L  578.7897, 107.9497, 0.0000, 603.2331, 107.9497, 0.0000, 72, 62, 54
L  -304.2776, 113.6976, 0.0000, -277.1670, 113.6976, 0.0000, 72, 62, 54
L  -274.5185, 113.6976, 0.0000, -241.8562, 113.6976, 0.0000, 96, 84, 74
L  533.1469, 113.6976, 0.0000, 550.7392, 113.6976, 0.0000, 96, 84, 74
L  555.1573, 113.6976, 0.0000, 585.5736, 113.6976, 0.0000, 96, 84, 74
L  -322.0015, 119.4455, 0.0000, -299.9088, 119.4455, 0.0000, 72, 62, 54
L  -295.9926, 119.4455, 0.0000, -281.7365, 119.4455, 0.0000, 72, 62, 54
L  -279.4027, 119.4455, 0.0000, -261.9057, 119.4455, 0.0000, 96, 84, 74
L  536.3692, 119.4455, 0.0000, 563.1595, 119.4455, 0.0000, 96, 84, 74
L  567.8861, 119.4455, 0.0000, 601.1538, 119.4455, 0.0000, 96, 84, 74
L  603.0318, 119.4455, 0.0000, 631.5860, 119.4455, 0.0000, 72, 62, 54
L  634.8418, 119.4455, 0.0000, 644.2476, 119.4455, 0.0000, 72, 62, 54
L  -323.5283, 125.1934, 0.0000, -300.6850, 125.1934, 0.0000, 72, 62, 54
L  -296.1147, 125.1934, 0.0000, -273.6034, 125.1934, 0.0000, 72, 62, 54
L  -269.9759, 125.1934, 0.0000, -251.7990, 125.1934, 0.0000, 96, 84, 74
L  544.1339, 125.1934, 0.0000, 561.4968, 125.1934, 0.0000, 96, 84, 74
L  565.9918, 125.1934, 0.0000, 580.5745, 125.1934, 0.0000, 96, 84, 74
L  584.4956, 125.1934, 0.0000, 606.3655, 125.1934, 0.0000, 72, 62, 54
L  625.1236, 125.1934, 0.0000, 644.0014, 125.1934, 0.0000, 72, 62, 54
L  -354.1542, 130.9413, 0.0000, -337.9967, 130.9413, 0.0000, 72, 62, 54
L  -310.3293, 130.9413, 0.0000, -282.6713, 130.9413, 0.0000, 72, 62, 54
L  -278.1721, 130.9413, 0.0000, -252.2132, 130.9413, 0.0000, 96, 84, 74
L  528.6215, 130.9413, 0.0000, 556.9013, 130.9413, 0.0000, 96, 84, 74
L  560.1111, 130.9413, 0.0000, 588.5926, 130.9413, 0.0000, 96, 84, 74
L  -338.1370, 136.6892, 0.0000, -314.8687, 136.6892, 0.0000, 72, 62, 54
L  -312.6701, 136.6892, 0.0000, -302.2460, 136.6892, 0.0000, 72, 62, 54
L  -299.8811, 136.6892, 0.0000, -271.6612, 136.6892, 0.0000, 72, 62, 54
L  -269.3230, 136.6892, 0.0000, -259.4681, 136.6892, 0.0000, 96, 84, 74
L  -254.8386, 136.6892, 0.0000, -244.5622, 136.6892, 0.0000, 96, 84, 74
L  541.8570, 136.6892, 0.0000, 562.9588, 136.6892, 0.0000, 96, 84, 74
L  568.0579, 136.6892, 0.0000, 589.6735, 136.6892, 0.0000, 96, 84, 74
L  591.9748, 136.6892, 0.0000, 606.1949, 136.6892, 0.0000, 72, 62, 54
L  -339.9157, 142.4371, 0.0000, -312.4658, 142.4371, 0.0000, 72, 62, 54
L  -310.1317, 142.4371, 0.0000, -291.0242, 142.4371, 0.0000, 72, 62, 54
L  -286.4222, 142.4371, 0.0000, -265.2650, 142.4371, 0.0000, 96, 84, 74
L  -262.4332, 142.4371, 0.0000, -240.4251, 142.4371, 0.0000, 96, 84, 74
L  534.6699, 142.4371, 0.0000, 551.3753, 142.4371, 0.0000, 96, 84, 74
L  556.6451, 142.4371, 0.0000, 567.0390, 142.4371, 0.0000, 96, 84, 74
L  569.7785, 142.4371, 0.0000, 602.4562, 142.4371, 0.0000, 96, 84, 74
L  604.4686, 142.4371, 0.0000, 624.8099, 142.4371, 0.0000, 72, 62, 54
L  -296.1200, 148.1850, 0.0000, -283.1979, 148.1850, 0.0000, 72, 62, 54
L  -281.1401, 148.1850, 0.0000, -259.3148, 148.1850, 0.0000, 96, 84, 74
L  539.0589, 148.1850, 0.0000, 560.7570, 148.1850, 0.0000, 96, 84, 74
L  564.2252, 148.1850, 0.0000, 581.0741, 148.1850, 0.0000, 96, 84, 74
L  -306.2082, 153.9330, 0.0000, -293.5050, 153.9330, 0.0000, 72, 62, 54
L  -291.5646, 153.9330, 0.0000, -275.0882, 153.9330, 0.0000, 72, 62, 54
L  548.9879, 153.9330, 0.0000, 582.4315, 153.9330, 0.0000, 96, 84, 74
L  586.0813, 153.9330, 0.0000, 595.2914, 153.9330, 0.0000, 72, 62, 54
L  -313.6619, 159.6809, 0.0000, -291.3524, 159.6809, 0.0000, 72, 62, 54
L  -288.1374, 159.6809, 0.0000, -258.3240, 159.6809, 0.0000, 96, 84, 74
L  550.1322, 159.6809, 0.0000, 566.0151, 159.6809, 0.0000, 96, 84, 74
L  569.5528, 159.6809, 0.0000, 595.9828, 159.6809, 0.0000, 96, 84, 74
L  -340.8005, 165.4288, 0.0000, -310.0942, 165.4288, 0.0000, 72, 62, 54
L  -304.9425, 165.4288, 0.0000, -285.0729, 165.4288, 0.0000, 72, 62, 54
L  -280.1070, 165.4288, 0.0000, -255.6263, 165.4288, 0.0000, 96, 84, 74
L  547.8118, 165.4288, 0.0000, 557.2465, 165.4288, 0.0000, 96, 84, 74
L  562.5023, 165.4288, 0.0000, 587.2642, 165.4288, 0.0000, 96, 84, 74
L  -316.9594, 171.1767, 0.0000, -288.4189, 171.1767, 0.0000, 72, 62, 54
L  -284.2056, 171.1767, 0.0000, -250.4693, 171.1767, 0.0000, 96, 84, 74
L  534.6182, 171.1767, 0.0000, 548.4002, 171.1767, 0.0000, 96, 84, 74
L  551.6257, 171.1767, 0.0000, 561.8714, 171.1767, 0.0000, 96, 84, 74
L  566.7246, 171.1767, 0.0000, 577.6038, 171.1767, 0.0000, 96, 84, 74
L  -305.3657, 176.9246, 0.0000, -285.7390, 176.9246, 0.0000, 72, 62, 54
L  -281.2001, 176.9246, 0.0000, -267.7104, 176.9246, 0.0000, 96, 84, 74
L  -262.3161, 176.9246, 0.0000, -248.3642, 176.9246, 0.0000, 96, 84, 74
L  542.0943, 176.9246, 0.0000, 552.8189, 176.9246, 0.0000, 96, 84, 74
L  556.9369, 176.9246, 0.0000, 588.7820, 176.9246, 0.0000, 96, 84, 74
L  -334.1889, 182.6725, 0.0000, -312.2320, 182.6725, 0.0000, 72, 62, 54
L  -308.7342, 182.6725, 0.0000, -299.3781, 182.6725, 0.0000, 72, 62, 54
L  -295.3658, 182.6725, 0.0000, -282.3626, 182.6725, 0.0000, 72, 62, 54
L  -278.1395, 182.6725, 0.0000, -244.5870, 182.6725, 0.0000, 96, 84, 74
L  551.3479, 182.6725, 0.0000, 573.8487, 182.6725, 0.0000, 96, 84, 74
L  576.4310, 182.6725, 0.0000, 588.2789, 182.6725, 0.0000, 72, 62, 54
L  593.1623, 182.6725, 0.0000, 624.6938, 182.6725, 0.0000, 72, 62, 54
L  -340.7965, 188.4204, 0.0000, -314.7335, 188.4204, 0.0000, 72, 62, 54
L  -311.3846, 188.4204, 0.0000, -288.8441, 188.4204, 0.0000, 72, 62, 54
L  -283.4855, 188.4204, 0.0000, -257.8716, 188.4204, 0.0000, 96, 84, 74
L  529.5103, 188.4204, 0.0000, 548.1076, 188.4204, 0.0000, 96, 84, 74
L  552.7777, 188.4204, 0.0000, 566.5676, 188.4204, 0.0000, 96, 84, 74
L  568.4379, 188.4204, 0.0000, 594.3040, 188.4204, 0.0000, 96, 84, 74
L  -316.8447, 194.1683, 0.0000, -294.1688, 194.1683, 0.0000, 72, 62, 54
L  -289.3025, 194.1683, 0.0000, -258.4403, 194.1683, 0.0000, 72, 62, 54
L  534.1029, 194.1683, 0.0000, 543.3151, 194.1683, 0.0000, 96, 84, 74
L  548.6116, 194.1683, 0.0000, 575.9609, 194.1683, 0.0000, 96, 84, 74
L  579.9719, 194.1683, 0.0000, 609.2038, 194.1683, 0.0000, 72, 62, 54
L  -347.8769, 199.9162, 0.0000, -336.0936, 199.9162, 0.0000, 72, 62, 54
L  -330.9616, 199.9162, 0.0000, -302.1639, 199.9162, 0.0000, 72, 62, 54
L  -297.3041, 199.9162, 0.0000, -277.8571, 199.9162, 0.0000, 72, 62, 54
L  -275.9432, 199.9162, 0.0000, -254.5230, 199.9162, 0.0000, 96, 84, 74
L  531.2394, 199.9162, 0.0000, 557.5714, 199.9162, 0.0000, 96, 84, 74
L  561.3511, 199.9162, 0.0000, 593.7871, 199.9162, 0.0000, 96, 84, 74
L  -300.1930, 205.6641, 0.0000, -277.6011, 205.6641, 0.0000, 72, 62, 54
L  -274.5709, 205.6641, 0.0000, -246.8440, 205.6641, 0.0000, 96, 84, 74
L  557.2589, 205.6641, 0.0000, 585.4587, 205.6641, 0.0000, 96, 84, 74
L  -335.7576, 211.4120, 0.0000, -305.3502, 211.4120, 0.0000, 72, 62, 54
L  -300.2955, 211.4120, 0.0000, -283.1691, 211.4120, 0.0000, 72, 62, 54
L  -278.3217, 211.4120, 0.0000, -250.9916, 211.4120, 0.0000, 96, 84, 74
L  541.9101, 211.4120, 0.0000, 552.9863, 211.4120, 0.0000, 96, 84, 74
L  557.1626, 211.4120, 0.0000, 580.9356, 211.4120, 0.0000, 96, 84, 74
L  -288.9821, 217.1599, 0.0000, -277.3022, 217.1599, 0.0000, 72, 62, 54
L  -274.8466, 217.1599, 0.0000, -259.5883, 217.1599, 0.0000, 96, 84, 74
L  -256.0595, 217.1599, 0.0000, -242.7527, 217.1599, 0.0000, 96, 84, 74
L  533.7723, 217.1599, 0.0000, 548.2662, 217.1599, 0.0000, 96, 84, 74
L  553.1490, 217.1599, 0.0000, 580.8413, 217.1599, 0.0000, 96, 84, 74
L  584.0833, 217.1599, 0.0000, 605.3755, 217.1599, 0.0000, 72, 62, 54
L  609.7671, 217.1599, 0.0000, 624.8343, 217.1599, 0.0000, 72, 62, 54
L  -355.8628, 222.9078, 0.0000, -331.0227, 222.9078, 0.0000, 72, 62, 54
L  -328.3477, 222.9078, 0.0000, -315.9055, 222.9078, 0.0000, 72, 62, 54
L  -313.1634, 222.9078, 0.0000, -303.8939, 222.9078, 0.0000, 72, 62, 54
L  -301.1454, 222.9078, 0.0000, -268.2951, 222.9078, 0.0000, 72, 62, 54
L  -265.2808, 222.9078, 0.0000, -255.1881, 222.9078, 0.0000, 96, 84, 74
L  533.8884, 222.9078, 0.0000, 544.3472, 222.9078, 0.0000, 96, 84, 74
L  547.1728, 222.9078, 0.0000, 574.5128, 222.9078, 0.0000, 96, 84, 74
L  578.0247, 222.9078, 0.0000, 600.6669, 222.9078, 0.0000, 72, 62, 54
L  604.5211, 222.9078, 0.0000, 626.0782, 222.9078, 0.0000, 72, 62, 54
L  -293.2731, 228.6557, 0.0000, -274.7295, 228.6557, 0.0000, 72, 62, 54
L  -271.1175, 228.6557, 0.0000, -246.1346, 228.6557, 0.0000, 96, 84, 74
L  557.3479, 228.6557, 0.0000, 571.5963, 228.6557, 0.0000, 96, 84, 74
L  576.9079, 228.6557, 0.0000, 588.6348, 228.6557, 0.0000, 72, 62, 54
L  -334.4851, 234.4036, 0.0000, -314.1014, 234.4036, 0.0000, 72, 62, 54
L  -311.0736, 234.4036, 0.0000, -280.6728, 234.4036, 0.0000, 72, 62, 54
L  -275.2298, 234.4036, 0.0000, -257.3503, 234.4036, 0.0000, 96, 84, 74
L  -253.8237, 234.4036, 0.0000, -243.0665, 234.4036, 0.0000, 96, 84, 74
L  550.5002, 234.4036, 0.0000, 579.7763, 234.4036, 0.0000, 96, 84, 74
L  582.0253, 234.4036, 0.0000, 596.1853, 234.4036, 0.0000, 72, 62, 54
L  -333.3452, 240.1515, 0.0000, -304.0384, 240.1515, 0.0000, 72, 62, 54
L  -299.9334, 240.1515, 0.0000, -273.6047, 240.1515, 0.0000, 72, 62, 54
L  -271.7754, 240.1515, 0.0000, -245.6479, 240.1515, 0.0000, 96, 84, 74
L  531.0199, 240.1515, 0.0000, 541.3767, 240.1515, 0.0000, 96, 84, 74
L  546.3045, 240.1515, 0.0000, 555.4140, 240.1515, 0.0000, 96, 84, 74
L  560.0307, 240.1515, 0.0000, 585.6563, 240.1515, 0.0000, 96, 84, 74
L  -330.1074, 245.8994, 0.0000, -301.6328, 245.8994, 0.0000, 72, 62, 54
L  -298.7569, 245.8994, 0.0000, -280.3431, 245.8994, 0.0000, 72, 62, 54
L  -277.5288, 245.8994, 0.0000, -261.4568, 245.8994, 0.0000, 96, 84, 74
L  531.7553, 245.8994, 0.0000, 545.9433, 245.8994, 0.0000, 96, 84, 74
L  551.2187, 245.8994, 0.0000, 575.2473, 245.8994, 0.0000, 96, 84, 74
L  578.9685, 245.8994, 0.0000, 588.2924, 245.8994, 0.0000, 72, 62, 54
L  -350.6444, 251.6473, 0.0000, -329.6818, 251.6473, 0.0000, 72, 62, 54
L  -287.2512, 251.6473, 0.0000, -265.4931, 251.6473, 0.0000, 96, 84, 74
L  541.0268, 251.6473, 0.0000, 562.1809, 251.6473, 0.0000, 96, 84, 74
L  567.5068, 251.6473, 0.0000, 592.3305, 251.6473, 0.0000, 96, 84, 74
L  -344.4961, 257.3953, 0.0000, -330.1393, 257.3953, 0.0000, 72, 62, 54
L  -327.6152, 257.3953, 0.0000, -301.4943, 257.3953, 0.0000, 72, 62, 54
L  -298.4511, 257.3953, 0.0000, -278.4511, 257.3953, 0.0000, 72, 62, 54
L  -275.2109, 257.3953, 0.0000, -257.9359, 257.3953, 0.0000, 96, 84, 74
L  549.9821, 257.3953, 0.0000, 582.5110, 257.3953, 0.0000, 96, 84, 74
L  585.4475, 257.3953, 0.0000, 604.2067, 257.3953, 0.0000, 72, 62, 54
L  608.6685, 257.3953, 0.0000, 637.9745, 257.3953, 0.0000, 72, 62, 54
L  -352.9711, 263.1432, 0.0000, -337.2615, 263.1432, 0.0000, 72, 62, 54
L  -334.6927, 263.1432, 0.0000, -316.5366, 263.1432, 0.0000, 72, 62, 54
L  -314.7107, 263.1432, 0.0000, -290.4237, 263.1432, 0.0000, 72, 62, 54
L  -285.3496, 263.1432, 0.0000, -266.2413, 263.1432, 0.0000, 96, 84, 74
L  -263.5879, 263.1432, 0.0000, -253.2662, 263.1432, 0.0000, 96, 84, 74
L  544.6022, 263.1432, 0.0000, 578.4561, 263.1432, 0.0000, 96, 84, 74
L  582.4886, 263.1432, 0.0000, 604.2894, 263.1432, 0.0000, 72, 62, 54
L  609.1269, 263.1432, 0.0000, 629.4362, 263.1432, 0.0000, 72, 62, 54
L  632.6843, 263.1432, 0.0000, 643.0632, 263.1432, 0.0000, 72, 62, 54
L  -334.7832, 268.8911, 0.0000, -311.0206, 268.8911, 0.0000, 72, 62, 54
L  -308.2682, 268.8911, 0.0000, -286.1910, 268.8911, 0.0000, 72, 62, 54
L  -283.8876, 268.8911, 0.0000, -266.6969, 268.8911, 0.0000, 96, 84, 74
L  547.1281, 268.8911, 0.0000, 560.4187, 268.8911, 0.0000, 96, 84, 74
L  562.4105, 268.8911, 0.0000, 581.2714, 268.8911, 0.0000, 96, 84, 74
L  583.9595, 268.8911, 0.0000, 593.3520, 268.8911, 0.0000, 72, 62, 54
L  -343.7374, 274.6390, 0.0000, -310.8444, 274.6390, 0.0000, 72, 62, 54
L  -307.7535, 274.6390, 0.0000, -276.2031, 274.6390, 0.0000, 72, 62, 54
L  -271.7630, 274.6390, 0.0000, -250.2257, 274.6390, 0.0000, 96, 84, 74
L  547.1349, 274.6390, 0.0000, 565.2358, 274.6390, 0.0000, 96, 84, 74
L  569.7400, 274.6390, 0.0000, 595.8789, 274.6390, 0.0000, 96, 84, 74
L  -293.8016, 280.3869, 0.0000, -276.0448, 280.3869, 0.0000, 72, 62, 54
L  -271.1696, 280.3869, 0.0000, -259.8943, 280.3869, 0.0000, 96, 84, 74
L  547.6163, 280.3869, 0.0000, 564.8444, 280.3869, 0.0000, 96, 84, 74
L  569.6832, 280.3869, 0.0000, 586.0847, 280.3869, 0.0000, 96, 84, 74
L  588.4119, 280.3869, 0.0000, 612.2156, 280.3869, 0.0000, 72, 62, 54
L  -329.8080, 286.1348, 0.0000, -304.7249, 286.1348, 0.0000, 72, 62, 54
L  -300.4115, 286.1348, 0.0000, -284.2907, 286.1348, 0.0000, 72, 62, 54
L  -280.6900, 286.1348, 0.0000, -252.5990, 286.1348, 0.0000, 96, 84, 74
L  528.3381, 286.1348, 0.0000, 558.9891, 286.1348, 0.0000, 96, 84, 74
L  562.6041, 286.1348, 0.0000, 579.3022, 286.1348, 0.0000, 96, 84, 74
L  -297.7073, 291.8827, 0.0000, -269.4385, 291.8827, 0.0000, 72, 62, 54
L  -267.1069, 291.8827, 0.0000, -244.4037, 291.8827, 0.0000, 96, 84, 74
L  547.2118, 291.8827, 0.0000, 574.4962, 291.8827, 0.0000, 96, 84, 74
L  578.5828, 291.8827, 0.0000, 599.6240, 291.8827, 0.0000, 72, 62, 54
L  602.8405, 291.8827, 0.0000, 630.6471, 291.8827, 0.0000, 72, 62, 54
L  633.6772, 291.8827, 0.0000, 643.9736, 291.8827, 0.0000, 72, 62, 54
L  -339.1781, 297.6306, 0.0000, -311.1050, 297.6306, 0.0000, 72, 62, 54
L  -307.2814, 297.6306, 0.0000, -293.7450, 297.6306, 0.0000, 72, 62, 54
L  -288.6510, 297.6306, 0.0000, -275.3791, 297.6306, 0.0000, 96, 84, 74
L  -271.7664, 297.6306, 0.0000, -239.3075, 297.6306, 0.0000, 96, 84, 74
L  540.1376, 297.6306, 0.0000, 559.3109, 297.6306, 0.0000, 96, 84, 74
L  562.7009, 297.6306, 0.0000, 573.7873, 297.6306, 0.0000, 96, 84, 74
L  578.6764, 297.6306, 0.0000, 602.7098, 297.6306, 0.0000, 72, 62, 54
L  607.3302, 297.6306, 0.0000, 628.7545, 297.6306, 0.0000, 72, 62, 54
L  -352.7600, 303.3785, 0.0000, -339.3761, 303.3785, 0.0000, 72, 62, 54
L  -317.3246, 303.3785, 0.0000, -289.9755, 303.3785, 0.0000, 72, 62, 54
L  -285.7035, 303.3785, 0.0000, -262.5768, 303.3785, 0.0000, 96, 84, 74
L  547.6088, 303.3785, 0.0000, 562.8930, 303.3785, 0.0000, 96, 84, 74
L  565.5425, 303.3785, 0.0000, 580.6383, 303.3785, 0.0000, 96, 84, 74
L  582.7340, 303.3785, 0.0000, 609.6771, 303.3785, 0.0000, 72, 62, 54
L  -317.2783, 309.1264, 0.0000, -297.5620, 309.1264, 0.0000, 72, 62, 54
L  -295.3287, 309.1264, 0.0000, -266.7521, 309.1264, 0.0000, 72, 62, 54
L  545.8940, 309.1264, 0.0000, 575.4040, 309.1264, 0.0000, 96, 84, 74
L  577.3009, 309.1264, 0.0000, 603.8473, 309.1264, 0.0000, 72, 62, 54
L  622.6086, 309.1264, 0.0000, 648.6384, 309.1264, 0.0000, 72, 62, 54
L  -335.1570, 314.8743, 0.0000, -309.2736, 314.8743, 0.0000, 72, 62, 54
L  -305.4393, 314.8743, 0.0000, -275.7158, 314.8743, 0.0000, 72, 62, 54
L  -271.3083, 314.8743, 0.0000, -244.2868, 314.8743, 0.0000, 96, 84, 74
L  538.0811, 314.8743, 0.0000, 551.2242, 314.8743, 0.0000, 96, 84, 74
L  555.2430, 314.8743, 0.0000, 581.6323, 314.8743, 0.0000, 96, 84, 74
L  586.7849, 314.8743, 0.0000, 598.5512, 314.8743, 0.0000, 72, 62, 54
L  600.9579, 314.8743, 0.0000, 630.6259, 314.8743, 0.0000, 72, 62, 54
L  -316.6041, 320.6222, 0.0000, -290.8367, 320.6222, 0.0000, 72, 62, 54
L  -285.9961, 320.6222, 0.0000, -259.1294, 320.6222, 0.0000, 96, 84, 74
L  531.0738, 320.6222, 0.0000, 550.1563, 320.6222, 0.0000, 96, 84, 74
L  554.4872, 320.6222, 0.0000, 585.2823, 320.6222, 0.0000, 96, 84, 74
L  -297.6832, 326.3701, 0.0000, -287.4133, 326.3701, 0.0000, 72, 62, 54
L  -284.6875, 326.3701, 0.0000, -264.8075, 326.3701, 0.0000, 96, 84, 74
L  -262.5226, 326.3701, 0.0000, -249.9273, 326.3701, 0.0000, 96, 84, 74
L  -245.5913, 326.3701, 0.0000, -229.0964, 326.3701, 0.0000, 96, 84, 74
L  -226.4244, 326.3701, 0.0000, -200.9143, 326.3701, 0.0000, 96, 84, 74
L  -198.2310, 326.3701, 0.0000, -179.0492, 326.3701, 0.0000, 96, 84, 74
L  -175.5378, 326.3701, 0.0000, -160.0537, 326.3701, 0.0000, 96, 84, 74
L  -155.0694, 326.3701, 0.0000, -140.5040, 326.3701, 0.0000, 96, 84, 74
L  -135.5057, 326.3701, 0.0000, -118.6372, 326.3701, 0.0000, 96, 84, 74
L  -113.8471, 326.3701, 0.0000, -96.3010, 326.3701, 0.0000, 96, 84, 74
L  -93.7882, 326.3701, 0.0000, -68.7932, 326.3701, 0.0000, 96, 84, 74
L  -65.9159, 326.3701, 0.0000, -40.8123, 326.3701, 0.0000, 96, 84, 74
L  -38.6686, 326.3701, 0.0000, -12.3436, 326.3701, 0.0000, 96, 84, 74
L  -7.6584, 326.3701, 0.0000, 11.0295, 326.3701, 0.0000, 96, 84, 74
L  15.1447, 326.3701, 0.0000, 28.7209, 326.3701, 0.0000, 96, 84, 74
L  33.1353, 326.3701, 0.0000, 58.0059, 326.3701, 0.0000, 96, 84, 74
L  60.1980, 326.3701, 0.0000, 73.0279, 326.3701, 0.0000, 96, 84, 74
L  77.1227, 326.3701, 0.0000, 102.4955, 326.3701, 0.0000, 96, 84, 74
L  105.7099, 326.3701, 0.0000, 129.7820, 326.3701, 0.0000, 96, 84, 74
L  132.1493, 326.3701, 0.0000, 163.0599, 326.3701, 0.0000, 96, 84, 74
L  167.3668, 326.3701, 0.0000, 179.9337, 326.3701, 0.0000, 96, 84, 74
L  182.7070, 326.3701, 0.0000, 200.2480, 326.3701, 0.0000, 96, 84, 74
L  203.5561, 326.3701, 0.0000, 215.6334, 326.3701, 0.0000, 96, 84, 74
L  217.8077, 326.3701, 0.0000, 230.4673, 326.3701, 0.0000, 96, 84, 74
L  232.9588, 326.3701, 0.0000, 242.5299, 326.3701, 0.0000, 96, 84, 74
L  247.2804, 326.3701, 0.0000, 275.9917, 326.3701, 0.0000, 96, 84, 74
L  280.4773, 326.3701, 0.0000, 298.3765, 326.3701, 0.0000, 96, 84, 74
L  302.8662, 326.3701, 0.0000, 333.9007, 326.3701, 0.0000, 96, 84, 74
L  337.6733, 326.3701, 0.0000, 355.3236, 326.3701, 0.0000, 96, 84, 74
L  360.7478, 326.3701, 0.0000, 374.1966, 326.3701, 0.0000, 96, 84, 74
L  377.4178, 326.3701, 0.0000, 397.4939, 326.3701, 0.0000, 96, 84, 74
L  399.3295, 326.3701, 0.0000, 418.8636, 326.3701, 0.0000, 96, 84, 74
L  422.0030, 326.3701, 0.0000, 442.3602, 326.3701, 0.0000, 96, 84, 74
L  446.2711, 326.3701, 0.0000, 462.3663, 326.3701, 0.0000, 96, 84, 74
L  467.6019, 326.3701, 0.0000, 490.4812, 326.3701, 0.0000, 96, 84, 74
L  493.9880, 326.3701, 0.0000, 517.0373, 326.3701, 0.0000, 96, 84, 74
L  521.4878, 326.3701, 0.0000, 548.4834, 326.3701, 0.0000, 96, 84, 74
L  550.8876, 326.3701, 0.0000, 581.8225, 326.3701, 0.0000, 96, 84, 74
L  -349.9037, 332.1180, 0.0000, -320.0838, 332.1180, 0.0000, 72, 62, 54
L  -317.7797, 332.1180, 0.0000, -307.3513, 332.1180, 0.0000, 72, 62, 54
L  -304.2564, 332.1180, 0.0000, -276.1704, 332.1180, 0.0000, 72, 62, 54
L  -274.2533, 332.1180, 0.0000, -264.8363, 332.1180, 0.0000, 96, 84, 74
L  -262.6577, 332.1180, 0.0000, -231.8487, 332.1180, 0.0000, 96, 84, 74
L  -229.1209, 332.1180, 0.0000, -195.3404, 332.1180, 0.0000, 96, 84, 74
L  -190.3240, 332.1180, 0.0000, -166.8977, 332.1180, 0.0000, 96, 84, 74
L  -164.0099, 332.1180, 0.0000, -143.2734, 332.1180, 0.0000, 96, 84, 74
L  -138.8431, 332.1180, 0.0000, -109.7175, 332.1180, 0.0000, 96, 84, 74
L  -104.2780, 332.1180, 0.0000, -94.2635, 332.1180, 0.0000, 96, 84, 74
L  -91.2902, 332.1180, 0.0000, -72.3078, 332.1180, 0.0000, 96, 84, 74
L  -68.7051, 332.1180, 0.0000, -36.1649, 332.1180, 0.0000, 96, 84, 74
L  -30.9262, 332.1180, 0.0000, 1.6528, 332.1180, 0.0000, 96, 84, 74
L  6.3487, 332.1180, 0.0000, 31.0024, 332.1180, 0.0000, 96, 84, 74
L  33.0874, 332.1180, 0.0000, 55.3223, 332.1180, 0.0000, 96, 84, 74
L  58.4696, 332.1180, 0.0000, 82.9535, 332.1180, 0.0000, 96, 84, 74
L  85.0083, 332.1180, 0.0000, 94.5488, 332.1180, 0.0000, 96, 84, 74
L  97.0958, 332.1180, 0.0000, 120.9290, 332.1180, 0.0000, 96, 84, 74
L  125.8045, 332.1180, 0.0000, 147.5234, 332.1180, 0.0000, 96, 84, 74
L  149.7554, 332.1180, 0.0000, 173.8693, 332.1180, 0.0000, 96, 84, 74
L  176.2092, 332.1180, 0.0000, 186.5073, 332.1180, 0.0000, 96, 84, 74
L  191.3542, 332.1180, 0.0000, 221.0218, 332.1180, 0.0000, 96, 84, 74
L  225.5664, 332.1180, 0.0000, 258.4838, 332.1180, 0.0000, 96, 84, 74
L  263.2230, 332.1180, 0.0000, 283.9277, 332.1180, 0.0000, 96, 84, 74
L  286.5234, 332.1180, 0.0000, 302.1468, 332.1180, 0.0000, 96, 84, 74
L  306.2597, 332.1180, 0.0000, 324.9231, 332.1180, 0.0000, 96, 84, 74
L  327.7001, 332.1180, 0.0000, 346.6063, 332.1180, 0.0000, 96, 84, 74
L  351.1585, 332.1180, 0.0000, 379.0140, 332.1180, 0.0000, 96, 84, 74
L  384.3614, 332.1180, 0.0000, 394.2268, 332.1180, 0.0000, 96, 84, 74
L  397.1886, 332.1180, 0.0000, 416.5587, 332.1180, 0.0000, 96, 84, 74
L  420.2270, 332.1180, 0.0000, 444.0437, 332.1180, 0.0000, 96, 84, 74
L  447.2116, 332.1180, 0.0000, 461.7445, 332.1180, 0.0000, 96, 84, 74
L  465.8954, 332.1180, 0.0000, 474.9951, 332.1180, 0.0000, 96, 84, 74
L  479.5094, 332.1180, 0.0000, 491.7785, 332.1180, 0.0000, 96, 84, 74
L  496.1208, 332.1180, 0.0000, 514.2615, 332.1180, 0.0000, 96, 84, 74
L  517.2870, 332.1180, 0.0000, 545.3708, 332.1180, 0.0000, 96, 84, 74
L  548.4010, 332.1180, 0.0000, 566.0188, 332.1180, 0.0000, 96, 84, 74
L  569.3564, 332.1180, 0.0000, 599.1257, 332.1180, 0.0000, 96, 84, 74
L  603.1880, 332.1180, 0.0000, 629.0259, 332.1180, 0.0000, 72, 62, 54
L  -349.7081, 337.8659, 0.0000, -339.2589, 337.8659, 0.0000, 72, 62, 54
L  -335.1005, 337.8659, 0.0000, -306.4594, 337.8659, 0.0000, 72, 62, 54
L  -301.0761, 337.8659, 0.0000, -267.5107, 337.8659, 0.0000, 72, 62, 54
L  -262.1819, 337.8659, 0.0000, -240.8483, 337.8659, 0.0000, 96, 84, 74
L  -236.2300, 337.8659, 0.0000, -203.8940, 337.8659, 0.0000, 96, 84, 74
L  -199.7102, 337.8659, 0.0000, -180.7129, 337.8659, 0.0000, 96, 84, 74
L  -178.7431, 337.8659, 0.0000, -145.9573, 337.8659, 0.0000, 96, 84, 74
L  -141.1743, 337.8659, 0.0000, -107.4780, 337.8659, 0.0000, 96, 84, 74
L  -103.6140, 337.8659, 0.0000, -89.3108, 337.8659, 0.0000, 96, 84, 74
L  -85.7948, 337.8659, 0.0000, -57.7397, 337.8659, 0.0000, 96, 84, 74
L  -54.3996, 337.8659, 0.0000, -28.8248, 337.8659, 0.0000, 96, 84, 74
L  -23.6166, 337.8659, 0.0000, 3.8341, 337.8659, 0.0000, 96, 84, 74
L  6.6327, 337.8659, 0.0000, 20.6577, 337.8659, 0.0000, 96, 84, 74
L  22.6495, 337.8659, 0.0000, 55.4961, 337.8659, 0.0000, 96, 84, 74
L  59.5013, 337.8659, 0.0000, 81.1290, 337.8659, 0.0000, 96, 84, 74
L  83.7813, 337.8659, 0.0000, 95.9742, 337.8659, 0.0000, 96, 84, 74
L  98.2922, 337.8659, 0.0000, 130.8707, 337.8659, 0.0000, 96, 84, 74
L  133.0157, 337.8659, 0.0000, 153.9956, 337.8659, 0.0000, 96, 84, 74
L  157.2562, 337.8659, 0.0000, 174.8617, 337.8659, 0.0000, 96, 84, 74
L  178.6442, 337.8659, 0.0000, 206.2630, 337.8659, 0.0000, 96, 84, 74
L  210.9765, 337.8659, 0.0000, 232.4441, 337.8659, 0.0000, 96, 84, 74
L  234.9100, 337.8659, 0.0000, 257.9540, 337.8659, 0.0000, 96, 84, 74
L  260.6493, 337.8659, 0.0000, 292.2761, 337.8659, 0.0000, 96, 84, 74
L  295.7942, 337.8659, 0.0000, 323.7470, 337.8659, 0.0000, 96, 84, 74
L  327.3152, 337.8659, 0.0000, 345.9408, 337.8659, 0.0000, 96, 84, 74
L  350.6513, 337.8659, 0.0000, 384.0101, 337.8659, 0.0000, 96, 84, 74
L  388.5770, 337.8659, 0.0000, 421.3188, 337.8659, 0.0000, 96, 84, 74
L  423.6900, 337.8659, 0.0000, 451.3357, 337.8659, 0.0000, 96, 84, 74
L  456.2622, 337.8659, 0.0000, 487.6307, 337.8659, 0.0000, 96, 84, 74
L  490.2879, 337.8659, 0.0000, 519.5025, 337.8659, 0.0000, 96, 84, 74
L  521.6719, 337.8659, 0.0000, 533.3844, 337.8659, 0.0000, 96, 84, 74
L  535.9254, 337.8659, 0.0000, 566.3060, 337.8659, 0.0000, 96, 84, 74
L  571.2083, 337.8659, 0.0000, 581.3029, 337.8659, 0.0000, 96, 84, 74
L  585.0368, 337.8659, 0.0000, 597.6571, 337.8659, 0.0000, 72, 62, 54
L  602.4680, 337.8659, 0.0000, 624.7093, 337.8659, 0.0000, 72, 62, 54
L  -342.2607, 343.6138, 0.0000, -310.8188, 343.6138, 0.0000, 72, 62, 54
L  -307.6003, 343.6138, 0.0000, -275.6425, 343.6138, 0.0000, 72, 62, 54
L  -272.9741, 343.6138, 0.0000, -254.3384, 343.6138, 0.0000, 96, 84, 74
L  -251.5199, 343.6138, 0.0000, -218.1674, 343.6138, 0.0000, 96, 84, 74
L  -215.4283, 343.6138, 0.0000, -189.3213, 343.6138, 0.0000, 96, 84, 74
L  -184.4941, 343.6138, 0.0000, -158.7920, 343.6138, 0.0000, 96, 84, 74
L  -156.1223, 343.6138, 0.0000, -145.6928, 343.6138, 0.0000, 96, 84, 74
L  -142.5098, 343.6138, 0.0000, -127.4701, 343.6138, 0.0000, 96, 84, 74
L  -125.4182, 343.6138, 0.0000, -115.1624, 343.6138, 0.0000, 96, 84, 74
L  -113.1666, 343.6138, 0.0000, -79.2879, 343.6138, 0.0000, 96, 84, 74
L  -74.4344, 343.6138, 0.0000, -57.4197, 343.6138, 0.0000, 96, 84, 74
L  -52.9955, 343.6138, 0.0000, -26.1204, 343.6138, 0.0000, 96, 84, 74
L  -21.5952, 343.6138, 0.0000, -3.4713, 343.6138, 0.0000, 96, 84, 74
L  0.7075, 343.6138, 0.0000, 10.3655, 343.6138, 0.0000, 96, 84, 74
L  12.7233, 343.6138, 0.0000, 28.8936, 343.6138, 0.0000, 96, 84, 74
L  34.3225, 343.6138, 0.0000, 51.9907, 343.6138, 0.0000, 96, 84, 74
L  56.3914, 343.6138, 0.0000, 87.8223, 343.6138, 0.0000, 96, 84, 74
L  89.7147, 343.6138, 0.0000, 104.5495, 343.6138, 0.0000, 96, 84, 74
L  109.3503, 343.6138, 0.0000, 122.6814, 343.6138, 0.0000, 96, 84, 74
L  125.5828, 343.6138, 0.0000, 144.5595, 343.6138, 0.0000, 96, 84, 74
L  146.6757, 343.6138, 0.0000, 172.9311, 343.6138, 0.0000, 96, 84, 74
L  177.1519, 343.6138, 0.0000, 189.0651, 343.6138, 0.0000, 96, 84, 74
L  191.0642, 343.6138, 0.0000, 200.8275, 343.6138, 0.0000, 96, 84, 74
L  203.8444, 343.6138, 0.0000, 217.4459, 343.6138, 0.0000, 96, 84, 74
L  220.9603, 343.6138, 0.0000, 246.2656, 343.6138, 0.0000, 96, 84, 74
L  251.5177, 343.6138, 0.0000, 274.7563, 343.6138, 0.0000, 96, 84, 74
L  277.8273, 343.6138, 0.0000, 294.8425, 343.6138, 0.0000, 96, 84, 74
L  297.6725, 343.6138, 0.0000, 322.9760, 343.6138, 0.0000, 96, 84, 74
L  327.2474, 343.6138, 0.0000, 336.8917, 343.6138, 0.0000, 96, 84, 74
L  340.0404, 343.6138, 0.0000, 373.7892, 343.6138, 0.0000, 96, 84, 74
L  377.4145, 343.6138, 0.0000, 409.9503, 343.6138, 0.0000, 96, 84, 74
L  413.9270, 343.6138, 0.0000, 434.7623, 343.6138, 0.0000, 96, 84, 74
L  438.7060, 343.6138, 0.0000, 467.5639, 343.6138, 0.0000, 96, 84, 74
L  471.6227, 343.6138, 0.0000, 497.5771, 343.6138, 0.0000, 96, 84, 74
L  500.3675, 343.6138, 0.0000, 513.0883, 343.6138, 0.0000, 96, 84, 74
L  516.0476, 343.6138, 0.0000, 541.0002, 343.6138, 0.0000, 96, 84, 74
L  545.2192, 343.6138, 0.0000, 571.3082, 343.6138, 0.0000, 96, 84, 74
L  576.1286, 343.6138, 0.0000, 587.4918, 343.6138, 0.0000, 72, 62, 54
L  590.4615, 343.6138, 0.0000, 623.4522, 343.6138, 0.0000, 72, 62, 54
L  -307.0324, 349.3617, 0.0000, -282.3180, 349.3617, 0.0000, 72, 62, 54
L  -279.0445, 349.3617, 0.0000, -263.4899, 349.3617, 0.0000, 96, 84, 74
L  -258.2597, 349.3617, 0.0000, -236.4146, 349.3617, 0.0000, 96, 84, 74
L  -233.5310, 349.3617, 0.0000, -203.2458, 349.3617, 0.0000, 96, 84, 74
L  -200.4592, 349.3617, 0.0000, -186.9208, 349.3617, 0.0000, 96, 84, 74
L  -183.5563, 349.3617, 0.0000, -170.1626, 349.3617, 0.0000, 96, 84, 74
L  -165.3507, 349.3617, 0.0000, -139.6166, 349.3617, 0.0000, 96, 84, 74
L  -134.6856, 349.3617, 0.0000, -112.8932, 349.3617, 0.0000, 96, 84, 74
L  -107.5049, 349.3617, 0.0000, -74.2647, 349.3617, 0.0000, 96, 84, 74
L  -71.1908, 349.3617, 0.0000, -47.4533, 349.3617, 0.0000, 96, 84, 74
L  -44.3963, 349.3617, 0.0000, -29.3371, 349.3617, 0.0000, 96, 84, 74
L  -26.0458, 349.3617, 0.0000, -11.3245, 349.3617, 0.0000, 96, 84, 74
L  -8.3563, 349.3617, 0.0000, 22.9331, 349.3617, 0.0000, 96, 84, 74
L  25.1060, 349.3617, 0.0000, 46.0540, 349.3617, 0.0000, 96, 84, 74
L  48.1092, 349.3617, 0.0000, 64.8771, 349.3617, 0.0000, 96, 84, 74
L  66.8131, 349.3617, 0.0000, 92.5810, 349.3617, 0.0000, 96, 84, 74
L  95.4961, 349.3617, 0.0000, 118.4730, 349.3617, 0.0000, 96, 84, 74
L  122.9398, 349.3617, 0.0000, 151.9365, 349.3617, 0.0000, 96, 84, 74
L  155.2925, 349.3617, 0.0000, 168.6957, 349.3617, 0.0000, 96, 84, 74
L  171.7994, 349.3617, 0.0000, 205.7902, 349.3617, 0.0000, 96, 84, 74
L  207.7095, 349.3617, 0.0000, 225.3677, 349.3617, 0.0000, 96, 84, 74
L  227.4765, 349.3617, 0.0000, 242.0532, 349.3617, 0.0000, 96, 84, 74
L  246.4199, 349.3617, 0.0000, 275.1404, 349.3617, 0.0000, 96, 84, 74
L  279.4370, 349.3617, 0.0000, 294.1748, 349.3617, 0.0000, 96, 84, 74
L  297.0183, 349.3617, 0.0000, 317.5981, 349.3617, 0.0000, 96, 84, 74
L  322.5212, 349.3617, 0.0000, 343.1292, 349.3617, 0.0000, 96, 84, 74
L  346.8161, 349.3617, 0.0000, 362.1910, 349.3617, 0.0000, 96, 84, 74
L  364.1473, 349.3617, 0.0000, 374.2523, 349.3617, 0.0000, 96, 84, 74
L  379.2475, 349.3617, 0.0000, 392.0292, 349.3617, 0.0000, 96, 84, 74
L  395.5359, 349.3617, 0.0000, 418.8800, 349.3617, 0.0000, 96, 84, 74
L  423.6690, 349.3617, 0.0000, 452.5650, 349.3617, 0.0000, 96, 84, 74
L  455.9196, 349.3617, 0.0000, 469.8573, 349.3617, 0.0000, 96, 84, 74
L  473.5316, 349.3617, 0.0000, 485.1211, 349.3617, 0.0000, 96, 84, 74
L  489.0580, 349.3617, 0.0000, 499.7708, 349.3617, 0.0000, 96, 84, 74
L  502.8802, 349.3617, 0.0000, 515.2675, 349.3617, 0.0000, 96, 84, 74
L  519.6268, 349.3617, 0.0000, 537.0311, 349.3617, 0.0000, 96, 84, 74
L  540.3551, 349.3617, 0.0000, 565.1660, 349.3617, 0.0000, 96, 84, 74
L  570.5758, 349.3617, 0.0000, 597.5888, 349.3617, 0.0000, 96, 84, 74
L  600.2592, 349.3617, 0.0000, 632.9956, 349.3617, 0.0000, 72, 62, 54
L  -318.8285, 355.1096, 0.0000, -298.7054, 355.1096, 0.0000, 72, 62, 54
L  -295.4969, 355.1096, 0.0000, -267.5006, 355.1096, 0.0000, 72, 62, 54
L  -262.1875, 355.1096, 0.0000, -252.5970, 355.1096, 0.0000, 96, 84, 74
L  -248.0830, 355.1096, 0.0000, -223.8527, 355.1096, 0.0000, 96, 84, 74
L  -221.3619, 355.1096, 0.0000, -205.7677, 355.1096, 0.0000, 96, 84, 74
L  -200.5333, 355.1096, 0.0000, -178.6107, 355.1096, 0.0000, 96, 84, 74
L  -175.2069, 355.1096, 0.0000, -160.5910, 355.1096, 0.0000, 96, 84, 74
L  -157.4625, 355.1096, 0.0000, -144.8856, 355.1096, 0.0000, 96, 84, 74
L  -142.7330, 355.1096, 0.0000, -123.8958, 355.1096, 0.0000, 96, 84, 74
L  -120.5353, 355.1096, 0.0000, -90.3260, 355.1096, 0.0000, 96, 84, 74
L  -85.5014, 355.1096, 0.0000, -70.7868, 355.1096, 0.0000, 96, 84, 74
L  -66.7026, 355.1096, 0.0000, -41.1736, 355.1096, 0.0000, 96, 84, 74
L  -36.5874, 355.1096, 0.0000, -14.5483, 355.1096, 0.0000, 96, 84, 74
L  -12.0843, 355.1096, 0.0000, 2.8425, 355.1096, 0.0000, 96, 84, 74
L  7.9151, 355.1096, 0.0000, 40.2817, 355.1096, 0.0000, 96, 84, 74
L  42.4295, 355.1096, 0.0000, 63.9354, 355.1096, 0.0000, 96, 84, 74
L  68.0847, 355.1096, 0.0000, 89.5508, 355.1096, 0.0000, 96, 84, 74
L  93.7507, 355.1096, 0.0000, 116.0646, 355.1096, 0.0000, 96, 84, 74
L  118.3804, 355.1096, 0.0000, 137.5644, 355.1096, 0.0000, 96, 84, 74
L  140.1298, 355.1096, 0.0000, 171.3662, 355.1096, 0.0000, 96, 84, 74
L  176.3249, 355.1096, 0.0000, 196.7565, 355.1096, 0.0000, 96, 84, 74
L  198.8462, 355.1096, 0.0000, 225.1436, 355.1096, 0.0000, 96, 84, 74
L  230.3399, 355.1096, 0.0000, 262.6152, 355.1096, 0.0000, 96, 84, 74
L  265.1547, 355.1096, 0.0000, 275.2339, 355.1096, 0.0000, 96, 84, 74
L  280.3690, 355.1096, 0.0000, 292.1615, 355.1096, 0.0000, 96, 84, 74
L  296.8903, 355.1096, 0.0000, 317.0887, 355.1096, 0.0000, 96, 84, 74
L  320.2313, 355.1096, 0.0000, 337.1900, 355.1096, 0.0000, 96, 84, 74
L  340.2382, 355.1096, 0.0000, 367.7952, 355.1096, 0.0000, 96, 84, 74
L  369.7478, 355.1096, 0.0000, 391.5303, 355.1096, 0.0000, 96, 84, 74
L  394.8828, 355.1096, 0.0000, 405.4371, 355.1096, 0.0000, 96, 84, 74
L  409.6143, 355.1096, 0.0000, 428.6321, 355.1096, 0.0000, 96, 84, 74
L  433.3872, 355.1096, 0.0000, 449.7975, 355.1096, 0.0000, 96, 84, 74
L  454.8725, 355.1096, 0.0000, 467.6565, 355.1096, 0.0000, 96, 84, 74
L  469.7146, 355.1096, 0.0000, 501.6679, 355.1096, 0.0000, 96, 84, 74
L  504.3606, 355.1096, 0.0000, 515.1427, 355.1096, 0.0000, 96, 84, 74
L  519.4948, 355.1096, 0.0000, 551.3753, 355.1096, 0.0000, 96, 84, 74
L  555.1244, 355.1096, 0.0000, 571.0914, 355.1096, 0.0000, 96, 84, 74
L  573.1081, 355.1096, 0.0000, 584.1475, 355.1096, 0.0000, 96, 84, 74
L  587.8794, 355.1096, 0.0000, 602.0997, 355.1096, 0.0000, 72, 62, 54
L  606.4757, 355.1096, 0.0000, 634.1182, 355.1096, 0.0000, 72, 62, 54
L  -324.1865, 360.8576, 0.0000, -313.9966, 360.8576, 0.0000, 72, 62, 54
L  -309.1478, 360.8576, 0.0000, -299.5055, 360.8576, 0.0000, 72, 62, 54
L  -294.9262, 360.8576, 0.0000, -279.6100, 360.8576, 0.0000, 72, 62, 54
L  -276.7941, 360.8576, 0.0000, -255.6986, 360.8576, 0.0000, 96, 84, 74
L  -253.6206, 360.8576, 0.0000, -238.0445, 360.8576, 0.0000, 96, 84, 74
L  -234.7494, 360.8576, 0.0000, -203.2208, 360.8576, 0.0000, 96, 84, 74
L  -199.5773, 360.8576, 0.0000, -187.9714, 360.8576, 0.0000, 96, 84, 74
L  -183.7212, 360.8576, 0.0000, -151.5844, 360.8576, 0.0000, 96, 84, 74
L  -147.9868, 360.8576, 0.0000, -117.2689, 360.8576, 0.0000, 96, 84, 74
L  -114.1907, 360.8576, 0.0000, -98.1306, 360.8576, 0.0000, 96, 84, 74
L  -96.0194, 360.8576, 0.0000, -72.3495, 360.8576, 0.0000, 96, 84, 74
L  -68.3265, 360.8576, 0.0000, -49.9180, 360.8576, 0.0000, 96, 84, 74
L  -47.2625, 360.8576, 0.0000, -18.7028, 360.8576, 0.0000, 96, 84, 74
L  -14.1276, 360.8576, 0.0000, -4.4698, 360.8576, 0.0000, 96, 84, 74
L  -2.0461, 360.8576, 0.0000, 20.9447, 360.8576, 0.0000, 96, 84, 74
L  25.0717, 360.8576, 0.0000, 35.2983, 360.8576, 0.0000, 96, 84, 74
L  38.0847, 360.8576, 0.0000, 54.4410, 360.8576, 0.0000, 96, 84, 74
L  58.0812, 360.8576, 0.0000, 68.3131, 360.8576, 0.0000, 96, 84, 74
L  73.0318, 360.8576, 0.0000, 98.6907, 360.8576, 0.0000, 96, 84, 74
L  101.6405, 360.8576, 0.0000, 128.6065, 360.8576, 0.0000, 96, 84, 74
L  131.7150, 360.8576, 0.0000, 164.8731, 360.8576, 0.0000, 96, 84, 74
L  170.0729, 360.8576, 0.0000, 200.2388, 360.8576, 0.0000, 96, 84, 74
L  205.0441, 360.8576, 0.0000, 219.6941, 360.8576, 0.0000, 96, 84, 74
L  223.0439, 360.8576, 0.0000, 249.8621, 360.8576, 0.0000, 96, 84, 74
L  251.8862, 360.8576, 0.0000, 278.5095, 360.8576, 0.0000, 96, 84, 74
L  281.7071, 360.8576, 0.0000, 298.4320, 360.8576, 0.0000, 96, 84, 74
L  302.6528, 360.8576, 0.0000, 329.1843, 360.8576, 0.0000, 96, 84, 74
L  332.2866, 360.8576, 0.0000, 357.1486, 360.8576, 0.0000, 96, 84, 74
L  361.2585, 360.8576, 0.0000, 386.0052, 360.8576, 0.0000, 96, 84, 74
L  389.4057, 360.8576, 0.0000, 421.1530, 360.8576, 0.0000, 96, 84, 74
L  423.4657, 360.8576, 0.0000, 442.9772, 360.8576, 0.0000, 96, 84, 74
L  446.4107, 360.8576, 0.0000, 464.8003, 360.8576, 0.0000, 96, 84, 74
L  466.8233, 360.8576, 0.0000, 490.3801, 360.8576, 0.0000, 96, 84, 74
L  494.6949, 360.8576, 0.0000, 527.2379, 360.8576, 0.0000, 96, 84, 74
L  529.7329, 360.8576, 0.0000, 552.9883, 360.8576, 0.0000, 96, 84, 74
L  556.5947, 360.8576, 0.0000, 578.5325, 360.8576, 0.0000, 96, 84, 74
L  583.1198, 360.8576, 0.0000, 604.0287, 360.8576, 0.0000, 72, 62, 54
L  -340.5595, 366.6055, 0.0000, -322.5809, 366.6055, 0.0000, 72, 62, 54
L  -319.3093, 366.6055, 0.0000, -292.2439, 366.6055, 0.0000, 72, 62, 54
L  -288.1378, 366.6055, 0.0000, -255.4139, 366.6055, 0.0000, 96, 84, 74
L  -252.6491, 366.6055, 0.0000, -221.2375, 366.6055, 0.0000, 96, 84, 74
L  -216.9990, 366.6055, 0.0000, -194.5884, 366.6055, 0.0000, 96, 84, 74
L  -192.0725, 366.6055, 0.0000, -176.8288, 366.6055, 0.0000, 96, 84, 74
L  -171.3843, 366.6055, 0.0000, -139.0392, 366.6055, 0.0000, 96, 84, 74
L  -137.1261, 366.6055, 0.0000, -111.5669, 366.6055, 0.0000, 96, 84, 74
L  -106.2619, 366.6055, 0.0000, -90.5529, 366.6055, 0.0000, 96, 84, 74
L  -87.6101, 366.6055, 0.0000, -65.6025, 366.6055, 0.0000, 96, 84, 74
L  -62.8622, 366.6055, 0.0000, -36.0482, 366.6055, 0.0000, 96, 84, 74
L  -33.2865, 366.6055, 0.0000, -2.2222, 366.6055, 0.0000, 96, 84, 74
L  1.6954, 366.6055, 0.0000, 28.0411, 366.6055, 0.0000, 96, 84, 74
L  31.1073, 366.6055, 0.0000, 53.9197, 366.6055, 0.0000, 96, 84, 74
L  56.9475, 366.6055, 0.0000, 66.1790, 366.6055, 0.0000, 96, 84, 74
L  69.6789, 366.6055, 0.0000, 99.2600, 366.6055, 0.0000, 96, 84, 74
L  101.5489, 366.6055, 0.0000, 125.7474, 366.6055, 0.0000, 96, 84, 74
L  129.2289, 366.6055, 0.0000, 138.4876, 366.6055, 0.0000, 96, 84, 74
L  143.6269, 366.6055, 0.0000, 166.9711, 366.6055, 0.0000, 96, 84, 74
L  170.8882, 366.6055, 0.0000, 187.7635, 366.6055, 0.0000, 96, 84, 74
L  190.7722, 366.6055, 0.0000, 201.3075, 366.6055, 0.0000, 96, 84, 74
L  204.7169, 366.6055, 0.0000, 227.6180, 366.6055, 0.0000, 96, 84, 74
L  230.8736, 366.6055, 0.0000, 255.3815, 366.6055, 0.0000, 96, 84, 74
L  258.6490, 366.6055, 0.0000, 289.0460, 366.6055, 0.0000, 96, 84, 74
L  291.7408, 366.6055, 0.0000, 319.8210, 366.6055, 0.0000, 96, 84, 74
L  322.0872, 366.6055, 0.0000, 355.8982, 366.6055, 0.0000, 96, 84, 74
L  358.8609, 366.6055, 0.0000, 385.8484, 366.6055, 0.0000, 96, 84, 74
L  388.6130, 366.6055, 0.0000, 401.3596, 366.6055, 0.0000, 96, 84, 74
L  403.9621, 366.6055, 0.0000, 430.8379, 366.6055, 0.0000, 96, 84, 74
L  433.1646, 366.6055, 0.0000, 459.5422, 366.6055, 0.0000, 96, 84, 74
L  462.1264, 366.6055, 0.0000, 487.5408, 366.6055, 0.0000, 96, 84, 74
L  492.0713, 366.6055, 0.0000, 513.2799, 366.6055, 0.0000, 96, 84, 74
L  518.2004, 366.6055, 0.0000, 550.6398, 366.6055, 0.0000, 96, 84, 74
L  552.4979, 366.6055, 0.0000, 566.0956, 366.6055, 0.0000, 96, 84, 74
L  569.8972, 366.6055, 0.0000, 582.2379, 366.6055, 0.0000, 96, 84, 74
L  586.3376, 366.6055, 0.0000, 606.6854, 366.6055, 0.0000, 72, 62, 54
L  -350.4156, 372.3534, 0.0000, -317.6720, 372.3534, 0.0000, 72, 62, 54
L  -313.4466, 372.3534, 0.0000, -302.3754, 372.3534, 0.0000, 72, 62, 54
L  -299.7804, 372.3534, 0.0000, -282.9513, 372.3534, 0.0000, 72, 62, 54
L  -278.0723, 372.3534, 0.0000, -263.9866, 372.3534, 0.0000, 96, 84, 74
L  -259.6748, 372.3534, 0.0000, -225.7832, 372.3534, 0.0000, 96, 84, 74
L  -220.8364, 372.3534, 0.0000, -199.1274, 372.3534, 0.0000, 96, 84, 74
L  -195.9341, 372.3534, 0.0000, -162.1274, 372.3534, 0.0000, 96, 84, 74
L  -156.6835, 372.3534, 0.0000, -136.7019, 372.3534, 0.0000, 96, 84, 74
L  -134.0561, 372.3534, 0.0000, -109.3002, 372.3534, 0.0000, 96, 84, 74
L  -106.7471, 372.3534, 0.0000, -72.7243, 372.3534, 0.0000, 96, 84, 74
L  -70.8995, 372.3534, 0.0000, -56.3923, 372.3534, 0.0000, 96, 84, 74
L  -51.1713, 372.3534, 0.0000, -34.2396, 372.3534, 0.0000, 96, 84, 74
L  -29.1992, 372.3534, 0.0000, -10.8870, 372.3534, 0.0000, 96, 84, 74
L  -6.0397, 372.3534, 0.0000, 11.6567, 372.3534, 0.0000, 96, 84, 74
L  15.6406, 372.3534, 0.0000, 47.1357, 372.3534, 0.0000, 96, 84, 74
L  49.7487, 372.3534, 0.0000, 72.0378, 372.3534, 0.0000, 96, 84, 74
L  76.3220, 372.3534, 0.0000, 101.9512, 372.3534, 0.0000, 96, 84, 74
L  104.9699, 372.3534, 0.0000, 129.5677, 372.3534, 0.0000, 96, 84, 74
L  133.5550, 372.3534, 0.0000, 155.7038, 372.3534, 0.0000, 96, 84, 74
L  160.9549, 372.3534, 0.0000, 185.3632, 372.3534, 0.0000, 96, 84, 74
L  189.8913, 372.3534, 0.0000, 223.7562, 372.3534, 0.0000, 96, 84, 74
L  228.1074, 372.3534, 0.0000, 259.2925, 372.3534, 0.0000, 96, 84, 74
L  264.3796, 372.3534, 0.0000, 293.4034, 372.3534, 0.0000, 96, 84, 74
L  295.9366, 372.3534, 0.0000, 305.0272, 372.3534, 0.0000, 96, 84, 74
L  307.7365, 372.3534, 0.0000, 339.2337, 372.3534, 0.0000, 96, 84, 74
L  343.6565, 372.3534, 0.0000, 357.2704, 372.3534, 0.0000, 96, 84, 74
L  359.5222, 372.3534, 0.0000, 390.6238, 372.3534, 0.0000, 96, 84, 74
L  395.7252, 372.3534, 0.0000, 406.3561, 372.3534, 0.0000, 96, 84, 74
L  410.8580, 372.3534, 0.0000, 442.5635, 372.3534, 0.0000, 96, 84, 74
L  444.4936, 372.3534, 0.0000, 474.1818, 372.3534, 0.0000, 96, 84, 74
L  479.1536, 372.3534, 0.0000, 491.1932, 372.3534, 0.0000, 96, 84, 74
L  495.1623, 372.3534, 0.0000, 527.4550, 372.3534, 0.0000, 96, 84, 74
L  530.6605, 372.3534, 0.0000, 548.8234, 372.3534, 0.0000, 96, 84, 74
L  551.1602, 372.3534, 0.0000, 578.1295, 372.3534, 0.0000, 96, 84, 74
L  618.5915, 372.3534, 0.0000, 635.1340, 372.3534, 0.0000, 72, 62, 54
L  -317.3390, 378.1013, 0.0000, -300.8721, 378.1013, 0.0000, 72, 62, 54
L  -298.3275, 378.1013, 0.0000, -270.1244, 378.1013, 0.0000, 72, 62, 54
L  -265.6815, 378.1013, 0.0000, -241.9124, 378.1013, 0.0000, 96, 84, 74
L  -239.7118, 378.1013, 0.0000, -217.6910, 378.1013, 0.0000, 96, 84, 74
L  -215.2367, 378.1013, 0.0000, -186.9042, 378.1013, 0.0000, 96, 84, 74
L  -183.0488, 378.1013, 0.0000, -153.1659, 378.1013, 0.0000, 96, 84, 74
L  -148.3699, 378.1013, 0.0000, -115.4169, 378.1013, 0.0000, 96, 84, 74
L  -112.1317, 378.1013, 0.0000, -97.7165, 378.1013, 0.0000, 96, 84, 74
L  -94.9432, 378.1013, 0.0000, -62.8531, 378.1013, 0.0000, 96, 84, 74
L  -57.4991, 378.1013, 0.0000, -42.0252, 378.1013, 0.0000, 96, 84, 74
L  -39.6546, 378.1013, 0.0000, -6.1473, 378.1013, 0.0000, 96, 84, 74
L  -3.3506, 378.1013, 0.0000, 10.8605, 378.1013, 0.0000, 96, 84, 74
L  13.5182, 378.1013, 0.0000, 28.1745, 378.1013, 0.0000, 96, 84, 74
L  32.4664, 378.1013, 0.0000, 65.1079, 378.1013, 0.0000, 96, 84, 74
L  70.1355, 378.1013, 0.0000, 98.4757, 378.1013, 0.0000, 96, 84, 74
L  103.6476, 378.1013, 0.0000, 124.9964, 378.1013, 0.0000, 96, 84, 74
L  127.3444, 378.1013, 0.0000, 144.8286, 378.1013, 0.0000, 96, 84, 74
L  148.0727, 378.1013, 0.0000, 160.1368, 378.1013, 0.0000, 96, 84, 74
L  164.6164, 378.1013, 0.0000, 175.2734, 378.1013, 0.0000, 96, 84, 74
L  177.4868, 378.1013, 0.0000, 211.2041, 378.1013, 0.0000, 96, 84, 74
L  214.5924, 378.1013, 0.0000, 245.5736, 378.1013, 0.0000, 96, 84, 74
L  248.8648, 378.1013, 0.0000, 261.2130, 378.1013, 0.0000, 96, 84, 74
L  265.7440, 378.1013, 0.0000, 278.5668, 378.1013, 0.0000, 96, 84, 74
L  282.9986, 378.1013, 0.0000, 316.7676, 378.1013, 0.0000, 96, 84, 74
L  318.6009, 378.1013, 0.0000, 342.8564, 378.1013, 0.0000, 96, 84, 74
L  347.1600, 378.1013, 0.0000, 380.5246, 378.1013, 0.0000, 96, 84, 74
L  384.7344, 378.1013, 0.0000, 399.1984, 378.1013, 0.0000, 96, 84, 74
L  401.2515, 378.1013, 0.0000, 410.5763, 378.1013, 0.0000, 96, 84, 74
L  413.1387, 378.1013, 0.0000, 425.9085, 378.1013, 0.0000, 96, 84, 74
L  430.2969, 378.1013, 0.0000, 453.4850, 378.1013, 0.0000, 96, 84, 74
L  456.8666, 378.1013, 0.0000, 470.3235, 378.1013, 0.0000, 96, 84, 74
L  473.2146, 378.1013, 0.0000, 497.2226, 378.1013, 0.0000, 96, 84, 74
L  501.4770, 378.1013, 0.0000, 519.4669, 378.1013, 0.0000, 96, 84, 74
L  521.9011, 378.1013, 0.0000, 537.6858, 378.1013, 0.0000, 96, 84, 74
L  542.5828, 378.1013, 0.0000, 563.4659, 378.1013, 0.0000, 96, 84, 74
L  567.7194, 378.1013, 0.0000, 583.4217, 378.1013, 0.0000, 96, 84, 74
L  -318.1447, 383.8491, 0.0000, -295.4555, 383.8491, 0.0000, 72, 62, 54
L  -290.4513, 383.8491, 0.0000, -259.8615, 383.8491, 0.0000, 72, 62, 54
L  -255.3145, 383.8491, 0.0000, -245.8777, 383.8491, 0.0000, 72, 62, 54
L  -243.4368, 383.8491, 0.0000, -223.8964, 383.8491, 0.0000, 72, 62, 54
L  -219.4751, 383.8491, 0.0000, -201.4902, 383.8491, 0.0000, 72, 62, 54
L  -196.5525, 383.8491, 0.0000, -165.0774, 383.8491, 0.0000, 72, 62, 54
L  -162.8949, 383.8491, 0.0000, -130.2158, 383.8491, 0.0000, 72, 62, 54
L  -127.3553, 383.8491, 0.0000, -99.1847, 383.8491, 0.0000, 72, 62, 54
L  -94.9895, 383.8491, 0.0000, -72.0160, 383.8491, 0.0000, 72, 62, 54
L  -69.2126, 383.8491, 0.0000, -52.6965, 383.8491, 0.0000, 72, 62, 54
L  -49.7373, 383.8491, 0.0000, -25.2924, 383.8491, 0.0000, 72, 62, 54
L  -20.1155, 383.8491, 0.0000, 8.0764, 383.8491, 0.0000, 72, 62, 54
L  10.2630, 383.8491, 0.0000, 40.1914, 383.8491, 0.0000, 72, 62, 54
L  44.3815, 383.8491, 0.0000, 75.0470, 383.8491, 0.0000, 72, 62, 54
L  78.6991, 383.8491, 0.0000, 99.3781, 383.8491, 0.0000, 72, 62, 54
L  102.1114, 383.8491, 0.0000, 127.4385, 383.8491, 0.0000, 72, 62, 54
L  129.6187, 383.8491, 0.0000, 148.6627, 383.8491, 0.0000, 72, 62, 54
L  151.3991, 383.8491, 0.0000, 163.4280, 383.8491, 0.0000, 72, 62, 54
L  168.0641, 383.8491, 0.0000, 178.7574, 383.8491, 0.0000, 72, 62, 54
L  182.4622, 383.8491, 0.0000, 215.4449, 383.8491, 0.0000, 72, 62, 54
L  220.7849, 383.8491, 0.0000, 236.2013, 383.8491, 0.0000, 72, 62, 54
L  240.8985, 383.8491, 0.0000, 252.1388, 383.8491, 0.0000, 72, 62, 54
L  256.2847, 383.8491, 0.0000, 280.9220, 383.8491, 0.0000, 72, 62, 54
L  284.9591, 383.8491, 0.0000, 303.6424, 383.8491, 0.0000, 72, 62, 54
L  306.0520, 383.8491, 0.0000, 322.2274, 383.8491, 0.0000, 72, 62, 54
L  324.6416, 383.8491, 0.0000, 354.9620, 383.8491, 0.0000, 72, 62, 54
L  358.8655, 383.8491, 0.0000, 382.0520, 383.8491, 0.0000, 72, 62, 54
L  384.7155, 383.8491, 0.0000, 411.6219, 383.8491, 0.0000, 72, 62, 54
L  414.8544, 383.8491, 0.0000, 431.2883, 383.8491, 0.0000, 72, 62, 54
L  435.9028, 383.8491, 0.0000, 464.5628, 383.8491, 0.0000, 72, 62, 54
L  468.5964, 383.8491, 0.0000, 484.0224, 383.8491, 0.0000, 72, 62, 54
L  488.0967, 383.8491, 0.0000, 516.8920, 383.8491, 0.0000, 72, 62, 54
L  519.3673, 383.8491, 0.0000, 529.3914, 383.8491, 0.0000, 72, 62, 54
L  533.4188, 383.8491, 0.0000, 546.3227, 383.8491, 0.0000, 72, 62, 54
L  551.2524, 383.8491, 0.0000, 568.2216, 383.8491, 0.0000, 72, 62, 54
L  573.0547, 383.8491, 0.0000, 582.2359, 383.8491, 0.0000, 72, 62, 54
L  585.0598, 383.8491, 0.0000, 617.5775, 383.8491, 0.0000, 72, 62, 54
L  -323.5202, 389.5970, 0.0000, -300.9420, 389.5970, 0.0000, 72, 62, 54
L  -296.5289, 389.5970, 0.0000, -269.6118, 389.5970, 0.0000, 72, 62, 54
L  -267.4281, 389.5970, 0.0000, -255.5250, 389.5970, 0.0000, 72, 62, 54
L  -252.1040, 389.5970, 0.0000, -225.8135, 389.5970, 0.0000, 72, 62, 54
L  -223.2609, 389.5970, 0.0000, -193.2518, 389.5970, 0.0000, 72, 62, 54
L  -188.1243, 389.5970, 0.0000, -169.9867, 389.5970, 0.0000, 72, 62, 54
L  -166.5119, 389.5970, 0.0000, -143.6405, 389.5970, 0.0000, 72, 62, 54
L  -141.5645, 389.5970, 0.0000, -119.8112, 389.5970, 0.0000, 72, 62, 54
L  -116.5961, 389.5970, 0.0000, -91.1925, 389.5970, 0.0000, 72, 62, 54
L  -86.2650, 389.5970, 0.0000, -62.4370, 389.5970, 0.0000, 72, 62, 54
L  -59.9878, 389.5970, 0.0000, -30.7268, 389.5970, 0.0000, 72, 62, 54
L  -26.7385, 389.5970, 0.0000, -13.9704, 389.5970, 0.0000, 72, 62, 54
L  -11.1990, 389.5970, 0.0000, 19.9098, 389.5970, 0.0000, 72, 62, 54
L  21.9681, 389.5970, 0.0000, 40.2677, 389.5970, 0.0000, 72, 62, 54
L  45.0045, 389.5970, 0.0000, 77.3702, 389.5970, 0.0000, 72, 62, 54
L  80.7168, 389.5970, 0.0000, 99.7396, 389.5970, 0.0000, 72, 62, 54
L  101.7422, 389.5970, 0.0000, 131.3729, 389.5970, 0.0000, 72, 62, 54
L  134.4949, 389.5970, 0.0000, 144.1805, 389.5970, 0.0000, 72, 62, 54
L  148.7609, 389.5970, 0.0000, 168.4101, 389.5970, 0.0000, 72, 62, 54
L  172.4109, 389.5970, 0.0000, 198.1970, 389.5970, 0.0000, 72, 62, 54
L  202.4193, 389.5970, 0.0000, 236.4268, 389.5970, 0.0000, 72, 62, 54
L  239.8422, 389.5970, 0.0000, 266.5986, 389.5970, 0.0000, 72, 62, 54
L  269.2629, 389.5970, 0.0000, 299.4409, 389.5970, 0.0000, 72, 62, 54
L  303.6812, 389.5970, 0.0000, 337.0478, 389.5970, 0.0000, 72, 62, 54
L  341.3001, 389.5970, 0.0000, 373.1049, 389.5970, 0.0000, 72, 62, 54
L  376.7025, 389.5970, 0.0000, 392.0194, 389.5970, 0.0000, 72, 62, 54
L  394.7118, 389.5970, 0.0000, 426.7799, 389.5970, 0.0000, 72, 62, 54
L  430.3023, 389.5970, 0.0000, 462.5797, 389.5970, 0.0000, 72, 62, 54
L  467.2306, 389.5970, 0.0000, 497.5303, 389.5970, 0.0000, 72, 62, 54
L  500.9423, 389.5970, 0.0000, 516.1920, 389.5970, 0.0000, 72, 62, 54
L  521.4813, 389.5970, 0.0000, 541.9928, 389.5970, 0.0000, 72, 62, 54
L  546.5680, 389.5970, 0.0000, 570.5667, 389.5970, 0.0000, 72, 62, 54
L  573.6992, 389.5970, 0.0000, 590.9127, 389.5970, 0.0000, 72, 62, 54
L  -343.7260, 395.3449, 0.0000, -322.9557, 395.3449, 0.0000, 72, 62, 54
L  -320.2184, 395.3449, 0.0000, -298.0860, 395.3449, 0.0000, 72, 62, 54
L  -295.6384, 395.3449, 0.0000, -270.7124, 395.3449, 0.0000, 72, 62, 54
L  -266.5333, 395.3449, 0.0000, -247.9374, 395.3449, 0.0000, 72, 62, 54
L  -243.7934, 395.3449, 0.0000, -219.2257, 395.3449, 0.0000, 72, 62, 54
L  -217.2188, 395.3449, 0.0000, -184.2160, 395.3449, 0.0000, 72, 62, 54
L  -180.0183, 395.3449, 0.0000, -161.4936, 395.3449, 0.0000, 72, 62, 54
L  -158.6757, 395.3449, 0.0000, -126.0538, 395.3449, 0.0000, 72, 62, 54
L  -122.8243, 395.3449, 0.0000, -90.5125, 395.3449, 0.0000, 72, 62, 54
L  -86.9675, 395.3449, 0.0000, -55.9077, 395.3449, 0.0000, 72, 62, 54
L  -50.7643, 395.3449, 0.0000, -31.7484, 395.3449, 0.0000, 72, 62, 54
L  -27.7076, 395.3449, 0.0000, -0.2976, 395.3449, 0.0000, 72, 62, 54
L  1.6059, 395.3449, 0.0000, 25.5087, 395.3449, 0.0000, 72, 62, 54
L  29.4757, 395.3449, 0.0000, 58.0736, 395.3449, 0.0000, 72, 62, 54
L  63.0132, 395.3449, 0.0000, 79.7180, 395.3449, 0.0000, 72, 62, 54
L  83.1388, 395.3449, 0.0000, 107.2545, 395.3449, 0.0000, 72, 62, 54
L  112.0821, 395.3449, 0.0000, 121.9872, 395.3449, 0.0000, 72, 62, 54
L  124.5172, 395.3449, 0.0000, 158.3158, 395.3449, 0.0000, 72, 62, 54
L  160.7316, 395.3449, 0.0000, 172.9092, 395.3449, 0.0000, 72, 62, 54
L  177.4404, 395.3449, 0.0000, 201.3601, 395.3449, 0.0000, 72, 62, 54
L  203.8123, 395.3449, 0.0000, 222.0316, 395.3449, 0.0000, 72, 62, 54
L  226.6407, 395.3449, 0.0000, 245.2638, 395.3449, 0.0000, 72, 62, 54
L  249.4823, 395.3449, 0.0000, 262.4250, 395.3449, 0.0000, 72, 62, 54
L  267.4540, 395.3449, 0.0000, 292.4365, 395.3449, 0.0000, 72, 62, 54
L  295.1820, 395.3449, 0.0000, 316.7289, 395.3449, 0.0000, 72, 62, 54
L  322.1148, 395.3449, 0.0000, 346.1892, 395.3449, 0.0000, 72, 62, 54
L  348.6412, 395.3449, 0.0000, 377.2822, 395.3449, 0.0000, 72, 62, 54
L  380.6189, 395.3449, 0.0000, 399.3728, 395.3449, 0.0000, 72, 62, 54
L  402.6802, 395.3449, 0.0000, 419.3178, 395.3449, 0.0000, 72, 62, 54
L  422.6750, 395.3449, 0.0000, 436.6362, 395.3449, 0.0000, 72, 62, 54
L  439.8944, 395.3449, 0.0000, 468.1157, 395.3449, 0.0000, 72, 62, 54
L  471.6080, 395.3449, 0.0000, 490.5975, 395.3449, 0.0000, 72, 62, 54
L  494.7989, 395.3449, 0.0000, 513.1869, 395.3449, 0.0000, 72, 62, 54
L  515.8361, 395.3449, 0.0000, 535.8005, 395.3449, 0.0000, 72, 62, 54
L  538.0845, 395.3449, 0.0000, 550.1668, 395.3449, 0.0000, 72, 62, 54
L  554.2075, 395.3449, 0.0000, 573.2602, 395.3449, 0.0000, 72, 62, 54
L  -344.8565, 401.0928, 0.0000, -322.5427, 401.0928, 0.0000, 72, 62, 54
L  -319.2078, 401.0928, 0.0000, -294.4400, 401.0928, 0.0000, 72, 62, 54
L  -292.3682, 401.0928, 0.0000, -264.8148, 401.0928, 0.0000, 72, 62, 54
L  -260.8563, 401.0928, 0.0000, -249.3909, 401.0928, 0.0000, 72, 62, 54
L  -247.3024, 401.0928, 0.0000, -224.1529, 401.0928, 0.0000, 72, 62, 54
L  -219.7520, 401.0928, 0.0000, -206.5315, 401.0928, 0.0000, 72, 62, 54
L  -204.4462, 401.0928, 0.0000, -172.0938, 401.0928, 0.0000, 72, 62, 54
L  -168.8371, 401.0928, 0.0000, -153.3433, 401.0928, 0.0000, 72, 62, 54
L  -149.1429, 401.0928, 0.0000, -126.4419, 401.0928, 0.0000, 72, 62, 54
L  -123.9463, 401.0928, 0.0000, -92.5929, 401.0928, 0.0000, 72, 62, 54
L  -87.6985, 401.0928, 0.0000, -65.1544, 401.0928, 0.0000, 72, 62, 54
L  -61.6267, 401.0928, 0.0000, -31.6902, 401.0928, 0.0000, 72, 62, 54
L  -28.1673, 401.0928, 0.0000, -2.4877, 401.0928, 0.0000, 72, 62, 54
L  1.8377, 401.0928, 0.0000, 22.3974, 401.0928, 0.0000, 72, 62, 54
L  27.3778, 401.0928, 0.0000, 57.7882, 401.0928, 0.0000, 72, 62, 54
L  61.8283, 401.0928, 0.0000, 94.6423, 401.0928, 0.0000, 72, 62, 54
L  100.0831, 401.0928, 0.0000, 124.8456, 401.0928, 0.0000, 72, 62, 54
L  128.7696, 401.0928, 0.0000, 154.1766, 401.0928, 0.0000, 72, 62, 54
L  158.8778, 401.0928, 0.0000, 182.7235, 401.0928, 0.0000, 72, 62, 54
L  187.9625, 401.0928, 0.0000, 203.8291, 401.0928, 0.0000, 72, 62, 54
L  207.4192, 401.0928, 0.0000, 230.0760, 401.0928, 0.0000, 72, 62, 54
L  233.8622, 401.0928, 0.0000, 251.2875, 401.0928, 0.0000, 72, 62, 54
L  255.8713, 401.0928, 0.0000, 288.1953, 401.0928, 0.0000, 72, 62, 54
L  291.8345, 401.0928, 0.0000, 311.5407, 401.0928, 0.0000, 72, 62, 54
L  315.1313, 401.0928, 0.0000, 341.8754, 401.0928, 0.0000, 72, 62, 54
L  344.6909, 401.0928, 0.0000, 358.8441, 401.0928, 0.0000, 72, 62, 54
L  364.0544, 401.0928, 0.0000, 373.8235, 401.0928, 0.0000, 72, 62, 54
L  379.1566, 401.0928, 0.0000, 389.0670, 401.0928, 0.0000, 72, 62, 54
L  392.7867, 401.0928, 0.0000, 420.0084, 401.0928, 0.0000, 72, 62, 54
L  422.3104, 401.0928, 0.0000, 445.9678, 401.0928, 0.0000, 72, 62, 54
L  449.0277, 401.0928, 0.0000, 475.8326, 401.0928, 0.0000, 72, 62, 54
L  478.9994, 401.0928, 0.0000, 489.2314, 401.0928, 0.0000, 72, 62, 54
L  492.0979, 401.0928, 0.0000, 504.2404, 401.0928, 0.0000, 72, 62, 54
L  507.6422, 401.0928, 0.0000, 526.5523, 401.0928, 0.0000, 72, 62, 54
L  529.3224, 401.0928, 0.0000, 553.4983, 401.0928, 0.0000, 72, 62, 54
L  557.8956, 401.0928, 0.0000, 574.2385, 401.0928, 0.0000, 72, 62, 54
L  576.9393, 401.0928, 0.0000, 601.5369, 401.0928, 0.0000, 72, 62, 54
L  604.8143, 401.0928, 0.0000, 630.0654, 401.0928, 0.0000, 72, 62, 54
L  -312.1018, 406.8407, 0.0000, -281.3274, 406.8407, 0.0000, 72, 62, 54
L  -275.9231, 406.8407, 0.0000, -265.4350, 406.8407, 0.0000, 72, 62, 54
L  -260.8585, 406.8407, 0.0000, -231.9859, 406.8407, 0.0000, 72, 62, 54
L  -228.5476, 406.8407, 0.0000, -213.6381, 406.8407, 0.0000, 72, 62, 54
L  -209.6425, 406.8407, 0.0000, -179.7259, 406.8407, 0.0000, 72, 62, 54
L  -175.8782, 406.8407, 0.0000, -143.7084, 406.8407, 0.0000, 72, 62, 54
L  -140.7477, 406.8407, 0.0000, -121.7368, 406.8407, 0.0000, 72, 62, 54
L  -117.8265, 406.8407, 0.0000, -99.3197, 406.8407, 0.0000, 72, 62, 54
L  -96.7665, 406.8407, 0.0000, -80.3342, 406.8407, 0.0000, 72, 62, 54
L  -76.0636, 406.8407, 0.0000, -61.4063, 406.8407, 0.0000, 72, 62, 54
L  -59.4095, 406.8407, 0.0000, -47.1499, 406.8407, 0.0000, 72, 62, 54
L  -42.4319, 406.8407, 0.0000, -23.4646, 406.8407, 0.0000, 72, 62, 54
L  -18.4700, 406.8407, 0.0000, 8.5071, 406.8407, 0.0000, 72, 62, 54
L  10.6837, 406.8407, 0.0000, 31.0532, 406.8407, 0.0000, 72, 62, 54
L  36.0508, 406.8407, 0.0000, 61.2049, 406.8407, 0.0000, 72, 62, 54
L  64.9141, 406.8407, 0.0000, 78.7799, 406.8407, 0.0000, 72, 62, 54
L  80.7585, 406.8407, 0.0000, 113.5748, 406.8407, 0.0000, 72, 62, 54
L  118.8142, 406.8407, 0.0000, 140.0191, 406.8407, 0.0000, 72, 62, 54
L  142.9630, 406.8407, 0.0000, 159.8039, 406.8407, 0.0000, 72, 62, 54
L  164.5667, 406.8407, 0.0000, 177.3128, 406.8407, 0.0000, 72, 62, 54
L  182.0410, 406.8407, 0.0000, 207.9321, 406.8407, 0.0000, 72, 62, 54
L  212.6190, 406.8407, 0.0000, 226.4523, 406.8407, 0.0000, 72, 62, 54
L  228.3012, 406.8407, 0.0000, 260.2351, 406.8407, 0.0000, 72, 62, 54
L  265.1938, 406.8407, 0.0000, 290.8075, 406.8407, 0.0000, 72, 62, 54
L  294.1258, 406.8407, 0.0000, 305.0729, 406.8407, 0.0000, 72, 62, 54
L  310.3587, 406.8407, 0.0000, 321.3098, 406.8407, 0.0000, 72, 62, 54
L  325.3406, 406.8407, 0.0000, 341.2020, 406.8407, 0.0000, 72, 62, 54
L  345.9109, 406.8407, 0.0000, 369.3707, 406.8407, 0.0000, 72, 62, 54
L  371.5598, 406.8407, 0.0000, 385.3320, 406.8407, 0.0000, 72, 62, 54
L  390.6985, 406.8407, 0.0000, 403.0317, 406.8407, 0.0000, 72, 62, 54
L  406.0440, 406.8407, 0.0000, 425.6847, 406.8407, 0.0000, 72, 62, 54
L  429.7724, 406.8407, 0.0000, 450.4782, 406.8407, 0.0000, 72, 62, 54
L  454.8052, 406.8407, 0.0000, 473.7632, 406.8407, 0.0000, 72, 62, 54
L  475.9865, 406.8407, 0.0000, 493.5912, 406.8407, 0.0000, 72, 62, 54
L  495.6845, 406.8407, 0.0000, 525.8890, 406.8407, 0.0000, 72, 62, 54
L  528.7588, 406.8407, 0.0000, 547.0664, 406.8407, 0.0000, 72, 62, 54
L  551.7184, 406.8407, 0.0000, 569.5936, 406.8407, 0.0000, 72, 62, 54
L  572.8225, 406.8407, 0.0000, 588.1488, 406.8407, 0.0000, 72, 62, 54
L  -302.2965, 412.5886, 0.0000, -282.0468, 412.5886, 0.0000, 72, 62, 54
L  -278.2705, 412.5886, 0.0000, -265.2347, 412.5886, 0.0000, 72, 62, 54
L  -261.3014, 412.5886, 0.0000, -249.4890, 412.5886, 0.0000, 72, 62, 54
L  -245.6057, 412.5886, 0.0000, -226.9278, 412.5886, 0.0000, 72, 62, 54
L  -221.7920, 412.5886, 0.0000, -208.9652, 412.5886, 0.0000, 72, 62, 54
L  -204.7837, 412.5886, 0.0000, -189.8533, 412.5886, 0.0000, 72, 62, 54
L  -185.4758, 412.5886, 0.0000, -167.4770, 412.5886, 0.0000, 72, 62, 54
L  -162.5243, 412.5886, 0.0000, -141.6785, 412.5886, 0.0000, 72, 62, 54
L  -136.2779, 412.5886, 0.0000, -118.9346, 412.5886, 0.0000, 72, 62, 54
L  -116.9640, 412.5886, 0.0000, -94.6662, 412.5886, 0.0000, 72, 62, 54
L  -90.4758, 412.5886, 0.0000, -75.4241, 412.5886, 0.0000, 72, 62, 54
L  -71.1050, 412.5886, 0.0000, -52.5546, 412.5886, 0.0000, 72, 62, 54
L  -49.4329, 412.5886, 0.0000, -23.8624, 412.5886, 0.0000, 72, 62, 54
L  -20.6844, 412.5886, 0.0000, 11.5980, 412.5886, 0.0000, 72, 62, 54
L  16.8483, 412.5886, 0.0000, 43.4844, 412.5886, 0.0000, 72, 62, 54
L  45.9057, 412.5886, 0.0000, 55.6137, 412.5886, 0.0000, 72, 62, 54
L  58.0012, 412.5886, 0.0000, 67.1013, 412.5886, 0.0000, 72, 62, 54
L  69.4050, 412.5886, 0.0000, 89.7709, 412.5886, 0.0000, 72, 62, 54
L  190.7641, 412.5886, 0.0000, 216.2862, 412.5886, 0.0000, 72, 62, 54
L  219.4921, 412.5886, 0.0000, 247.0031, 412.5886, 0.0000, 72, 62, 54
L  251.7274, 412.5886, 0.0000, 281.1989, 412.5886, 0.0000, 72, 62, 54
L  284.2872, 412.5886, 0.0000, 298.4140, 412.5886, 0.0000, 72, 62, 54
L  303.5852, 412.5886, 0.0000, 314.5275, 412.5886, 0.0000, 72, 62, 54
L  317.1600, 412.5886, 0.0000, 339.4718, 412.5886, 0.0000, 72, 62, 54
L  343.3768, 412.5886, 0.0000, 376.7642, 412.5886, 0.0000, 72, 62, 54
L  381.8546, 412.5886, 0.0000, 401.7514, 412.5886, 0.0000, 72, 62, 54
L  405.5380, 412.5886, 0.0000, 417.5451, 412.5886, 0.0000, 72, 62, 54
L  495.6191, 412.5886, 0.0000, 512.8384, 412.5886, 0.0000, 72, 62, 54
L  517.6685, 412.5886, 0.0000, 550.3354, 412.5886, 0.0000, 72, 62, 54
L  552.3052, 412.5886, 0.0000, 562.1192, 412.5886, 0.0000, 72, 62, 54
L  564.9853, 412.5886, 0.0000, 582.1891, 412.5886, 0.0000, 72, 62, 54
L  584.3645, 412.5886, 0.0000, 594.9180, 412.5886, 0.0000, 72, 62, 54
L  598.2688, 412.5886, 0.0000, 624.6005, 412.5886, 0.0000, 72, 62, 54
L  -305.9741, 418.3365, 0.0000, -283.0466, 418.3365, 0.0000, 72, 62, 54
L  -277.9921, 418.3365, 0.0000, -250.7353, 418.3365, 0.0000, 72, 62, 54
L  -121.2837, 418.3365, 0.0000, -101.3864, 418.3365, 0.0000, 72, 62, 54
L  -97.0099, 418.3365, 0.0000, -84.3523, 418.3365, 0.0000, 72, 62, 54
L  -79.0819, 418.3365, 0.0000, -51.6292, 418.3365, 0.0000, 72, 62, 54
L  -46.7252, 418.3365, 0.0000, -26.4892, 418.3365, 0.0000, 72, 62, 54
L  -23.8928, 418.3365, 0.0000, -10.1648, 418.3365, 0.0000, 72, 62, 54
L  -5.6941, 418.3365, 0.0000, 6.2740, 418.3365, 0.0000, 72, 62, 54
L  257.1559, 418.3365, 0.0000, 282.6950, 418.3365, 0.0000, 72, 62, 54
L  285.0449, 418.3365, 0.0000, 309.7587, 418.3365, 0.0000, 72, 62, 54
L  313.7427, 418.3365, 0.0000, 324.6646, 418.3365, 0.0000, 72, 62, 54
L  327.1906, 418.3365, 0.0000, 345.5788, 418.3365, 0.0000, 72, 62, 54
L  347.4114, 418.3365, 0.0000, 365.7748, 418.3365, 0.0000, 72, 62, 54
L  574.8366, 418.3365, 0.0000, 591.2790, 418.3365, 0.0000, 72, 62, 54
L  109.6328, 424.0844, 0.0000, 142.0597, 424.0844, 0.0000, 72, 62, 54
L  146.4945, 424.0844, 0.0000, 166.0573, 424.0844, 0.0000, 72, 62, 54
L  453.6620, 424.0844, 0.0000, 465.8874, 424.0844, 0.0000, 72, 62, 54
L  -188.3397, 429.8323, 0.0000, -174.9128, 429.8323, 0.0000, 72, 62, 54
L  47.1621, 429.8323, 0.0000, 79.2631, 429.8323, 0.0000, 72, 62, 54
L  81.8253, 429.8323, 0.0000, 106.2056, 429.8323, 0.0000, 72, 62, 54
L  110.9032, 429.8323, 0.0000, 139.6759, 429.8323, 0.0000, 72, 62, 54
L  142.1983, 429.8323, 0.0000, 154.7398, 429.8323, 0.0000, 72, 62, 54
L  158.9927, 429.8323, 0.0000, 175.1027, 429.8323, 0.0000, 72, 62, 54
L  178.0190, 429.8323, 0.0000, 195.1252, 429.8323, 0.0000, 72, 62, 54
L  199.2094, 429.8323, 0.0000, 230.1973, 429.8323, 0.0000, 72, 62, 54
L  373.7013, 429.8323, 0.0000, 397.3839, 429.8323, 0.0000, 72, 62, 54
L  400.6230, 429.8323, 0.0000, 419.1422, 429.8323, 0.0000, 72, 62, 54
L  423.7378, 429.8323, 0.0000, 454.3794, 429.8323, 0.0000, 72, 62, 54
L  457.4889, 429.8323, 0.0000, 469.0380, 429.8323, 0.0000, 72, 62, 54
L  474.4056, 429.8323, 0.0000, 493.5968, 429.8323, 0.0000, 72, 62, 54
L  499.0118, 429.8323, 0.0000, 528.0168, 429.8323, 0.0000, 72, 62, 54
L  -347.2001, 435.5802, 0.0000, -314.5648, 435.5802, 0.0000, 72, 62, 54
L  -309.2330, 435.5802, 0.0000, -295.0175, 435.5802, 0.0000, 72, 62, 54
L  -290.7624, 435.5802, 0.0000, -263.5964, 435.5802, 0.0000, 72, 62, 54
L  -260.9444, 435.5802, 0.0000, -237.6937, 435.5802, 0.0000, 72, 62, 54
L  -233.7608, 435.5802, 0.0000, -210.6318, 435.5802, 0.0000, 72, 62, 54
L  -206.7604, 435.5802, 0.0000, -185.6139, 435.5802, 0.0000, 72, 62, 54
L  -182.5383, 435.5802, 0.0000, -148.4898, 435.5802, 0.0000, 72, 62, 54
L  -143.8500, 435.5802, 0.0000, -117.0885, 435.5802, 0.0000, 72, 62, 54
L  -112.8719, 435.5802, 0.0000, -90.2419, 435.5802, 0.0000, 72, 62, 54
L  -87.7066, 435.5802, 0.0000, -68.1111, 435.5802, 0.0000, 72, 62, 54
L  -65.4263, 435.5802, 0.0000, -36.7270, 435.5802, 0.0000, 72, 62, 54
L  -31.6141, 435.5802, 0.0000, -13.3440, 435.5802, 0.0000, 72, 62, 54
L  -9.8945, 435.5802, 0.0000, 7.8675, 435.5802, 0.0000, 72, 62, 54
L  10.3190, 435.5802, 0.0000, 30.5994, 435.5802, 0.0000, 72, 62, 54
L  32.5139, 435.5802, 0.0000, 50.7077, 435.5802, 0.0000, 72, 62, 54
L  54.4313, 435.5802, 0.0000, 67.0385, 435.5802, 0.0000, 72, 62, 54
L  69.1922, 435.5802, 0.0000, 95.8687, 435.5802, 0.0000, 72, 62, 54
L  99.6501, 435.5802, 0.0000, 130.7968, 435.5802, 0.0000, 72, 62, 54
L  133.1153, 435.5802, 0.0000, 151.2013, 435.5802, 0.0000, 72, 62, 54
L  154.2081, 435.5802, 0.0000, 185.1698, 435.5802, 0.0000, 72, 62, 54
L  187.9280, 435.5802, 0.0000, 214.7711, 435.5802, 0.0000, 72, 62, 54
L  216.7533, 435.5802, 0.0000, 231.4751, 435.5802, 0.0000, 72, 62, 54
L  235.9336, 435.5802, 0.0000, 257.6639, 435.5802, 0.0000, 72, 62, 54
L  260.2730, 435.5802, 0.0000, 282.4073, 435.5802, 0.0000, 72, 62, 54
L  327.9380, 435.5802, 0.0000, 358.6053, 435.5802, 0.0000, 72, 62, 54
L  362.9358, 435.5802, 0.0000, 394.9125, 435.5802, 0.0000, 72, 62, 54
L  399.7168, 435.5802, 0.0000, 430.7019, 435.5802, 0.0000, 72, 62, 54
L  436.0845, 435.5802, 0.0000, 458.3482, 435.5802, 0.0000, 72, 62, 54
L  461.3452, 435.5802, 0.0000, 479.9431, 435.5802, 0.0000, 72, 62, 54
L  484.8073, 435.5802, 0.0000, 515.1881, 435.5802, 0.0000, 72, 62, 54
L  519.0621, 435.5802, 0.0000, 547.8242, 435.5802, 0.0000, 72, 62, 54
L  550.0713, 435.5802, 0.0000, 577.2289, 435.5802, 0.0000, 72, 62, 54
L  579.3029, 435.5802, 0.0000, 594.8264, 435.5802, 0.0000, 72, 62, 54
L  599.5161, 435.5802, 0.0000, 611.8727, 435.5802, 0.0000, 72, 62, 54
L  -346.5998, 441.3281, 0.0000, -314.1112, 441.3281, 0.0000, 72, 62, 54
L  -310.9573, 441.3281, 0.0000, -297.7467, 441.3281, 0.0000, 72, 62, 54
L  -293.3980, 441.3281, 0.0000, -277.9954, 441.3281, 0.0000, 72, 62, 54
L  -274.6415, 441.3281, 0.0000, -256.4216, 441.3281, 0.0000, 72, 62, 54
L  -252.2636, 441.3281, 0.0000, -234.1517, 441.3281, 0.0000, 72, 62, 54
L  -228.8863, 441.3281, 0.0000, -208.4375, 441.3281, 0.0000, 72, 62, 54
L  -203.1741, 441.3281, 0.0000, -177.6906, 441.3281, 0.0000, 72, 62, 54
L  -174.9035, 441.3281, 0.0000, -143.1595, 441.3281, 0.0000, 72, 62, 54
L  -138.5543, 441.3281, 0.0000, -121.1285, 441.3281, 0.0000, 72, 62, 54
L  -116.4415, 441.3281, 0.0000, -106.1350, 441.3281, 0.0000, 72, 62, 54
L  -102.5426, 441.3281, 0.0000, -79.4915, 441.3281, 0.0000, 72, 62, 54
L  -77.5447, 441.3281, 0.0000, -66.5101, 441.3281, 0.0000, 72, 62, 54
L  -63.3071, 441.3281, 0.0000, -34.5763, 441.3281, 0.0000, 72, 62, 54
L  -31.9928, 441.3281, 0.0000, -10.6294, 441.3281, 0.0000, 72, 62, 54
L  -5.3555, 441.3281, 0.0000, 4.9227, 441.3281, 0.0000, 72, 62, 54
L  10.2221, 441.3281, 0.0000, 25.1853, 441.3281, 0.0000, 72, 62, 54
L  28.8952, 441.3281, 0.0000, 61.2473, 441.3281, 0.0000, 72, 62, 54
L  63.5539, 441.3281, 0.0000, 79.6870, 441.3281, 0.0000, 72, 62, 54
L  81.6039, 441.3281, 0.0000, 105.1218, 441.3281, 0.0000, 72, 62, 54
L  108.0262, 441.3281, 0.0000, 126.3492, 441.3281, 0.0000, 72, 62, 54
L  128.2360, 441.3281, 0.0000, 139.8925, 441.3281, 0.0000, 72, 62, 54
L  143.6348, 441.3281, 0.0000, 168.3426, 441.3281, 0.0000, 72, 62, 54
L  172.2124, 441.3281, 0.0000, 191.6317, 441.3281, 0.0000, 72, 62, 54
L  195.9805, 441.3281, 0.0000, 208.6321, 441.3281, 0.0000, 72, 62, 54
L  213.7374, 441.3281, 0.0000, 225.0760, 441.3281, 0.0000, 72, 62, 54
L  229.8040, 441.3281, 0.0000, 242.0624, 441.3281, 0.0000, 72, 62, 54
L  245.4725, 441.3281, 0.0000, 258.5678, 441.3281, 0.0000, 72, 62, 54
L  345.8835, 441.3281, 0.0000, 373.5159, 441.3281, 0.0000, 72, 62, 54
L  378.9334, 441.3281, 0.0000, 412.5178, 441.3281, 0.0000, 72, 62, 54
L  417.3827, 441.3281, 0.0000, 438.0314, 441.3281, 0.0000, 72, 62, 54
L  441.3463, 441.3281, 0.0000, 453.6225, 441.3281, 0.0000, 72, 62, 54
L  456.4251, 441.3281, 0.0000, 472.1501, 441.3281, 0.0000, 72, 62, 54
L  477.5929, 441.3281, 0.0000, 510.1262, 441.3281, 0.0000, 72, 62, 54
L  585.7309, 441.3281, 0.0000, 595.3902, 441.3281, 0.0000, 72, 62, 54
L  597.8799, 441.3281, 0.0000, 610.9495, 441.3281, 0.0000, 72, 62, 54
L  614.9013, 441.3281, 0.0000, 629.5084, 441.3281, 0.0000, 72, 62, 54
L  -331.9867, 447.0760, 0.0000, -302.2171, 447.0760, 0.0000, 72, 62, 54
L  -298.3782, 447.0760, 0.0000, -266.5175, 447.0760, 0.0000, 72, 62, 54
L  -262.0005, 447.0760, 0.0000, -236.5234, 447.0760, 0.0000, 72, 62, 54
L  -232.3235, 447.0760, 0.0000, -203.1790, 447.0760, 0.0000, 72, 62, 54
L  -199.6572, 447.0760, 0.0000, -177.0161, 447.0760, 0.0000, 72, 62, 54
L  -171.7323, 447.0760, 0.0000, -158.2226, 447.0760, 0.0000, 72, 62, 54
L  -155.3773, 447.0760, 0.0000, -125.1817, 447.0760, 0.0000, 72, 62, 54
L  -122.9248, 447.0760, 0.0000, -101.6984, 447.0760, 0.0000, 72, 62, 54
L  -96.6061, 447.0760, 0.0000, -70.8887, 447.0760, 0.0000, 72, 62, 54
L  -65.8322, 447.0760, 0.0000, -37.5836, 447.0760, 0.0000, 72, 62, 54
L  -34.1575, 447.0760, 0.0000, -14.1867, 447.0760, 0.0000, 72, 62, 54
L  -10.9106, 447.0760, 0.0000, 22.0855, 447.0760, 0.0000, 72, 62, 54
L  26.9485, 447.0760, 0.0000, 41.1223, 447.0760, 0.0000, 72, 62, 54
L  45.2367, 447.0760, 0.0000, 60.0805, 447.0760, 0.0000, 72, 62, 54
L  106.5455, 447.0760, 0.0000, 118.7296, 447.0760, 0.0000, 72, 62, 54
L  122.5847, 447.0760, 0.0000, 150.6332, 447.0760, 0.0000, 72, 62, 54
L  155.4199, 447.0760, 0.0000, 170.0626, 447.0760, 0.0000, 72, 62, 54
L  173.2417, 447.0760, 0.0000, 191.8947, 447.0760, 0.0000, 72, 62, 54
L  194.2795, 447.0760, 0.0000, 204.3805, 447.0760, 0.0000, 72, 62, 54
L  207.3371, 447.0760, 0.0000, 217.9443, 447.0760, 0.0000, 72, 62, 54
L  222.8203, 447.0760, 0.0000, 240.7201, 447.0760, 0.0000, 72, 62, 54
L  245.7039, 447.0760, 0.0000, 261.7383, 447.0760, 0.0000, 72, 62, 54
L  383.3159, 447.0760, 0.0000, 415.0444, 447.0760, 0.0000, 72, 62, 54
L  418.0689, 447.0760, 0.0000, 441.1957, 447.0760, 0.0000, 72, 62, 54
L  443.3776, 447.0760, 0.0000, 472.4649, 447.0760, 0.0000, 72, 62, 54
L  474.7335, 447.0760, 0.0000, 496.3128, 447.0760, 0.0000, 72, 62, 54
L  607.3664, 447.0760, 0.0000, 616.9559, 447.0760, 0.0000, 72, 62, 54
L  -305.1272, 452.8239, 0.0000, -276.7061, 452.8239, 0.0000, 72, 62, 54
L  -274.3612, 452.8239, 0.0000, -241.0078, 452.8239, 0.0000, 72, 62, 54
L  -237.2232, 452.8239, 0.0000, -213.6375, 452.8239, 0.0000, 72, 62, 54
L  -211.3432, 452.8239, 0.0000, -198.7503, 452.8239, 0.0000, 72, 62, 54
L  -91.0235, 452.8239, 0.0000, -81.6866, 452.8239, 0.0000, 72, 62, 54
L  -79.3623, 452.8239, 0.0000, -59.0754, 452.8239, 0.0000, 72, 62, 54
L  -54.4241, 452.8239, 0.0000, -25.0344, 452.8239, 0.0000, 72, 62, 54
L  -20.1118, 452.8239, 0.0000, -4.3279, 452.8239, 0.0000, 72, 62, 54
L  -1.1988, 452.8239, 0.0000, 29.8210, 452.8239, 0.0000, 72, 62, 54
L  153.9684, 452.8239, 0.0000, 169.6990, 452.8239, 0.0000, 72, 62, 54
L  174.2601, 452.8239, 0.0000, 185.0819, 452.8239, 0.0000, 72, 62, 54
L  187.2528, 452.8239, 0.0000, 219.3593, 452.8239, 0.0000, 72, 62, 54
L  221.9736, 452.8239, 0.0000, 235.5915, 452.8239, 0.0000, 72, 62, 54
L  301.8792, 452.8239, 0.0000, 313.2991, 452.8239, 0.0000, 72, 62, 54
L  315.7286, 452.8239, 0.0000, 339.6801, 452.8239, 0.0000, 72, 62, 54
L  392.9897, 452.8239, 0.0000, 421.5658, 452.8239, 0.0000, 72, 62, 54
L  425.4390, 452.8239, 0.0000, 437.1673, 452.8239, 0.0000, 72, 62, 54
L  439.0543, 452.8239, 0.0000, 467.4791, 452.8239, 0.0000, 72, 62, 54
L  617.5673, 452.8239, 0.0000, 646.4987, 452.8239, 0.0000, 72, 62, 54
L  -262.0013, 458.5718, 0.0000, -234.5002, 458.5718, 0.0000, 72, 62, 54
L  -44.4357, 458.5718, 0.0000, -14.6282, 458.5718, 0.0000, 72, 62, 54
L  275.2177, 458.5718, 0.0000, 300.2324, 458.5718, 0.0000, 72, 62, 54
L  304.8744, 458.5718, 0.0000, 319.4726, 458.5718, 0.0000, 72, 62, 54
L  323.7966, 458.5718, 0.0000, 343.8525, 458.5718, 0.0000, 72, 62, 54
L  346.1710, 458.5718, 0.0000, 356.4923, 458.5718, 0.0000, 72, 62, 54
L  513.2993, 458.5718, 0.0000, 537.7909, 458.5718, 0.0000, 72, 62, 54
L  541.4003, 458.5718, 0.0000, 554.9402, 458.5718, 0.0000, 72, 62, 54
L  -206.6353, -484.9585, 0.0000, -207.0995, -476.3831, 0.0000, 72, 62, 54
L  263.5912, 347.4590, 0.0000, 264.7053, 358.2641, 0.0000, 72, 62, 54
L  283.3858, -398.0706, 0.0000, 281.6613, -389.2015, 0.0000, 72, 62, 54
L  -253.5095, -209.7203, 0.0000, -252.7499, -204.1715, 0.0000, 72, 62, 54
L  -321.9667, 341.6033, 0.0000, -320.4281, 347.7212, 0.0000, 72, 62, 54
L  290.2424, -479.3620, 0.0000, 288.9894, -472.4975, 0.0000, 72, 62, 54
L  213.0131, -395.7203, 0.0000, 214.4115, -384.6494, 0.0000, 72, 62, 54
L  -21.5335, -472.5425, 0.0000, -20.8974, -462.5065, 0.0000, 72, 62, 54
L  -255.7912, 409.0686, 0.0000, -256.0334, 418.6122, 0.0000, 72, 62, 54
L  170.0470, 325.7217, 0.0000, 169.5316, 334.1610, 0.0000, 72, 62, 54
L  -340.5009, 356.1696, 0.0000, -341.3906, 367.5928, 0.0000, 72, 62, 54
L  379.5589, 382.7782, 0.0000, 380.7331, 393.2432, 0.0000, 72, 62, 54
L  249.3884, 327.2854, 0.0000, 248.2585, 334.8185, 0.0000, 72, 62, 54
L  -342.8122, 430.8260, 0.0000, -342.1619, 441.8310, 0.0000, 72, 62, 54
L  -364.5526, -268.1500, 0.0000, -365.7819, -261.7034, 0.0000, 72, 62, 54
L  191.8845, -410.4475, 0.0000, 191.6085, -404.8021, 0.0000, 72, 62, 54
L  -291.4921, 183.7444, 0.0000, -292.5166, 191.8913, 0.0000, 72, 62, 54
L  -22.9492, -481.9211, 0.0000, -21.7309, -471.6801, 0.0000, 72, 62, 54
L  -262.2090, -303.7019, 0.0000, -261.7521, -297.9336, 0.0000, 72, 62, 54
L  569.2264, 18.0467, 0.0000, 569.6432, 29.4907, 0.0000, 72, 62, 54
L  644.6515, 281.0095, 0.0000, 643.2656, 291.6363, 0.0000, 72, 62, 54
L  445.6096, 331.7358, 0.0000, 444.2984, 338.2675, 0.0000, 72, 62, 54
L  -261.0877, -145.5834, 0.0000, -261.6626, -139.8782, 0.0000, 72, 62, 54
L  579.0915, 201.8782, 0.0000, 578.3677, 211.9828, 0.0000, 72, 62, 54
L  107.2100, -490.2341, 0.0000, 108.7733, -480.4465, 0.0000, 72, 62, 54
L  -289.4764, -39.7091, 0.0000, -290.0371, -28.8741, 0.0000, 72, 62, 54
L  -305.2637, -344.3977, 0.0000, -303.5599, -336.9951, 0.0000, 72, 62, 54
L  635.2774, 166.6581, 0.0000, 636.3974, 175.9280, 0.0000, 72, 62, 54
L  -341.0455, 300.7216, 0.0000, -342.6728, 306.0801, 0.0000, 72, 62, 54
L  -4.9413, 355.8620, 0.0000, -6.3030, 365.5822, 0.0000, 72, 62, 54
L  497.3790, 407.1068, 0.0000, 498.8301, 412.7650, 0.0000, 72, 62, 54
L  139.6191, -485.7343, 0.0000, 138.2285, -480.7143, 0.0000, 72, 62, 54
L  -301.0435, -276.4382, 0.0000, -300.8393, -268.3899, 0.0000, 72, 62, 54
L  581.7535, 395.5775, 0.0000, 580.7447, 406.7141, 0.0000, 72, 62, 54
L  424.9172, 359.6996, 0.0000, 424.0962, 369.6600, 0.0000, 72, 62, 54
L  565.9277, 13.6509, 0.0000, 566.7724, 21.7936, 0.0000, 72, 62, 54
L  -115.1926, 380.3653, 0.0000, -114.8631, 387.1654, 0.0000, 72, 62, 54
L  518.6480, 341.4029, 0.0000, 518.7129, 349.3668, 0.0000, 72, 62, 54
L  262.4367, -482.5483, 0.0000, 264.1623, -470.8966, 0.0000, 72, 62, 54
L  -146.4099, -419.0768, 0.0000, -145.7223, -411.5862, 0.0000, 72, 62, 54
L  561.7836, -216.0109, 0.0000, 563.3443, -208.5627, 0.0000, 72, 62, 54
L  571.3983, -118.6227, 0.0000, 573.1555, -109.9828, 0.0000, 72, 62, 54
L  557.6089, -111.8084, 0.0000, 558.2594, -100.3689, 0.0000, 72, 62, 54
L  -309.0899, 101.0598, 0.0000, -309.4685, 110.2445, 0.0000, 72, 62, 54
L  569.6821, -71.8306, 0.0000, 569.0476, -61.8310, 0.0000, 72, 62, 54
L  -355.1142, 394.1187, 0.0000, -356.6208, 405.8046, 0.0000, 72, 62, 54
L  -244.1591, 212.9685, 0.0000, -243.1130, 219.7669, 0.0000, 72, 62, 54
L  -301.2487, -222.1383, 0.0000, -300.0459, -213.8955, 0.0000, 72, 62, 54
L  187.9277, -386.9147, 0.0000, 189.7210, -379.9785, 0.0000, 72, 62, 54
L  242.3131, -472.2321, 0.0000, 242.3743, -463.3371, 0.0000, 72, 62, 54
L  604.0193, 345.0297, 0.0000, 604.4957, 354.7291, 0.0000, 72, 62, 54
L  482.8240, -446.9700, 0.0000, 481.1366, -435.2734, 0.0000, 72, 62, 54
L  576.3492, -41.2293, 0.0000, 576.4435, -30.8991, 0.0000, 72, 62, 54
L  591.0436, 140.2602, 0.0000, 589.5431, 149.6830, 0.0000, 72, 62, 54
L  586.9258, 52.2977, 0.0000, 588.0782, 62.9867, 0.0000, 72, 62, 54
L  593.5618, -95.3837, 0.0000, 594.1076, -88.4786, 0.0000, 72, 62, 54
L  308.9777, -417.6086, 0.0000, 309.2658, -412.0216, 0.0000, 72, 62, 54
L  551.0623, -450.0264, 0.0000, 552.6948, -444.9142, 0.0000, 72, 62, 54
L  596.7616, -136.7364, 0.0000, 595.6182, -125.8180, 0.0000, 72, 62, 54
L  -273.7424, -92.9851, 0.0000, -275.4968, -82.4180, 0.0000, 72, 62, 54
L  -340.2777, -172.3680, 0.0000, -340.3865, -160.4523, 0.0000, 72, 62, 54
L  -345.5054, 100.6083, 0.0000, -344.1015, 111.7628, 0.0000, 72, 62, 54
L  62.3481, 329.6084, 0.0000, 61.4859, 340.7360, 0.0000, 72, 62, 54
L  604.2810, -194.5252, 0.0000, 603.7030, -184.1783, 0.0000, 72, 62, 54
L  -346.6844, 177.4295, 0.0000, -347.1497, 184.4924, 0.0000, 72, 62, 54
L  73.8406, -496.4480, 0.0000, 75.2207, -489.9014, 0.0000, 72, 62, 54
L  262.9155, 346.2592, 0.0000, 264.1438, 353.9721, 0.0000, 72, 62, 54
L  -289.0261, -268.0268, 0.0000, -288.5270, -259.0421, 0.0000, 72, 62, 54
L  423.1445, 388.1885, 0.0000, 424.4219, 399.2517, 0.0000, 72, 62, 54
L  -339.8299, 13.6239, 0.0000, -341.1606, 24.1269, 0.0000, 72, 62, 54
L  372.9921, -487.1485, 0.0000, 373.4830, -479.3946, 0.0000, 72, 62, 54
L  -69.8332, -459.7804, 0.0000, -68.7046, -448.7397, 0.0000, 72, 62, 54
L  553.5263, 353.7610, 0.0000, 553.9743, 365.2990, 0.0000, 72, 62, 54
L  253.2989, -393.8469, 0.0000, 251.8632, -384.9135, 0.0000, 72, 62, 54
L  568.7510, 18.1896, 0.0000, 569.0684, 25.9443, 0.0000, 72, 62, 54
L  561.6067, 177.0097, 0.0000, 561.1649, 188.7011, 0.0000, 72, 62, 54
L  565.5407, -27.2774, 0.0000, 564.3829, -19.9054, 0.0000, 72, 62, 54
L  216.1149, -449.6375, 0.0000, 217.7357, -441.5225, 0.0000, 72, 62, 54
L  626.0198, -16.1632, 0.0000, 624.1765, -8.9799, 0.0000, 72, 62, 54
L  605.1893, -458.1463, 0.0000, 606.2907, -453.0883, 0.0000, 72, 62, 54
L  386.8915, -413.2064, 0.0000, 387.9789, -407.1572, 0.0000, 72, 62, 54
L  505.9261, -445.6666, 0.0000, 506.7061, -434.2988, 0.0000, 72, 62, 54
L  489.2174, 402.0958, 0.0000, 487.8598, 410.2940, 0.0000, 72, 62, 54
L  -246.1071, -203.3172, 0.0000, -244.7532, -195.0737, 0.0000, 72, 62, 54
L  422.9332, 382.9492, 0.0000, 421.4202, 391.5440, 0.0000, 72, 62, 54
L  63.1660, -494.3833, 0.0000, 61.7979, -482.5121, 0.0000, 72, 62, 54
L  -49.8557, 377.1467, 0.0000, -48.5161, 387.7793, 0.0000, 72, 62, 54
L  570.0250, -117.7745, 0.0000, 571.3519, -109.4763, 0.0000, 72, 62, 54
L  -266.2672, 142.3022, 0.0000, -265.6442, 150.3215, 0.0000, 72, 62, 54
L  403.6829, 387.0701, 0.0000, 404.2610, 393.8612, 0.0000, 72, 62, 54
L  603.3517, -169.6542, 0.0000, 604.8818, -159.7946, 0.0000, 72, 62, 54
L  -271.1078, -333.5810, 0.0000, -272.2619, -321.7291, 0.0000, 72, 62, 54
L  -169.4056, -472.6726, 0.0000, -169.1489, -464.5728, 0.0000, 72, 62, 54
L  -268.5138, 227.6570, 0.0000, -269.8762, 233.1970, 0.0000, 72, 62, 54
L  162.7971, -382.8812, 0.0000, 161.2392, -375.1769, 0.0000, 72, 62, 54
L  542.0120, 107.5976, 0.0000, 540.9335, 115.6285, 0.0000, 72, 62, 54
L  -158.4737, 384.5547, 0.0000, -159.7868, 392.8046, 0.0000, 72, 62, 54
L  568.6604, -201.5985, 0.0000, 569.4910, -195.0112, 0.0000, 72, 62, 54
L  -250.3132, 227.3517, 0.0000, -251.8174, 236.3155, 0.0000, 72, 62, 54
L  -239.5783, 78.0361, 0.0000, -238.0874, 85.3253, 0.0000, 72, 62, 54
L  627.7144, 2.0303, 0.0000, 628.5158, 8.5095, 0.0000, 72, 62, 54
L  -288.1442, -346.6608, 0.0000, -287.0923, -336.5626, 0.0000, 72, 62, 54
L  591.5351, -433.5588, 0.0000, 593.2078, -422.1044, 0.0000, 72, 62, 54
L  -357.7554, 199.8174, 0.0000, -359.1112, 206.5796, 0.0000, 72, 62, 54
L  230.6652, 386.1742, 0.0000, 229.3002, 396.9128, 0.0000, 72, 62, 54
L  605.6054, -19.8140, 0.0000, 606.3621, -8.7157, 0.0000, 72, 62, 54
L  350.0657, -450.7021, 0.0000, 350.9611, -442.2390, 0.0000, 72, 62, 54
L  282.7642, 385.6480, 0.0000, 282.3318, 393.6070, 0.0000, 72, 62, 54
L  592.6156, -148.6978, 0.0000, 593.6133, -143.4702, 0.0000, 72, 62, 54
L  -360.2690, -57.6719, 0.0000, -359.3114, -47.4287, 0.0000, 72, 62, 54
L  -253.4841, 64.9872, 0.0000, -252.9091, 70.5377, 0.0000, 72, 62, 54
L  -247.5489, 437.6018, 0.0000, -246.9420, 445.6167, 0.0000, 72, 62, 54
L  -316.1906, 73.7642, 0.0000, -316.6664, 83.9754, 0.0000, 72, 62, 54
L  45.0262, 343.8685, 0.0000, 45.1197, 350.8070, 0.0000, 72, 62, 54
L  -245.8927, -349.4859, 0.0000, -246.2957, -337.7850, 0.0000, 72, 62, 54
L  -317.2937, 79.0547, 0.0000, -318.7160, 89.5234, 0.0000, 72, 62, 54
L  -339.7471, 319.9958, 0.0000, -341.4615, 325.9935, 0.0000, 72, 62, 54
L  601.9615, -331.2008, 0.0000, 601.4818, -325.5640, 0.0000, 72, 62, 54
L  233.3351, -478.2577, 0.0000, 234.6024, -467.2187, 0.0000, 72, 62, 54
L  -358.8314, -114.8089, 0.0000, -357.0381, -105.2779, 0.0000, 72, 62, 54
L  -296.6894, -89.7771, 0.0000, -295.7400, -78.4387, 0.0000, 72, 62, 54
L  92.9884, 333.9459, 0.0000, 94.2299, 342.3659, 0.0000, 72, 62, 54
L  154.8809, -409.1336, 0.0000, 155.5135, -399.2608, 0.0000, 72, 62, 54
L  556.2011, 340.9348, 0.0000, 557.0828, 350.8197, 0.0000, 72, 62, 54
L  601.4275, 283.2591, 0.0000, 600.9902, 291.7477, 0.0000, 72, 62, 54
L  -313.4563, 386.9378, 0.0000, -311.6997, 397.4506, 0.0000, 72, 62, 54
L  4.4728, 331.9276, 0.0000, 5.2412, 339.1182, 0.0000, 72, 62, 54
L  524.4222, 368.8786, 0.0000, 524.9929, 375.7506, 0.0000, 72, 62, 54
L  -350.6290, 388.0186, 0.0000, -351.5355, 398.8558, 0.0000, 72, 62, 54
L  -10.1216, 444.9961, 0.0000, -8.3440, 456.0767, 0.0000, 72, 62, 54
L  577.0542, 432.5255, 0.0000, 576.8117, 440.7248, 0.0000, 72, 62, 54
L  -292.1177, -245.5380, 0.0000, -290.7603, -234.7132, 0.0000, 72, 62, 54
L  577.7984, 25.4948, 0.0000, 579.1120, 32.5053, 0.0000, 72, 62, 54
L  -120.6529, 370.8694, 0.0000, -119.8812, 380.1038, 0.0000, 72, 62, 54
L  -241.2887, 241.9409, 0.0000, -239.8083, 252.3105, 0.0000, 72, 62, 54
L  460.9334, -473.9498, 0.0000, 462.7037, -466.1345, 0.0000, 72, 62, 54
L  141.5575, 335.4021, 0.0000, 142.8147, 345.8697, 0.0000, 72, 62, 54
L  -309.5402, -125.4981, 0.0000, -308.0554, -120.0872, 0.0000, 72, 62, 54
L  534.3737, -39.8575, 0.0000, 533.9400, -33.9896, 0.0000, 72, 62, 54
L  639.5933, 307.7918, 0.0000, 641.0375, 319.3835, 0.0000, 72, 62, 54
L  -51.8997, 349.8783, 0.0000, -50.8030, 357.0328, 0.0000, 72, 62, 54
L  540.7151, 79.1434, 0.0000, 541.7283, 87.6630, 0.0000, 72, 62, 54
L  -152.0961, 350.4360, 0.0000, -151.5851, 361.8494, 0.0000, 72, 62, 54
L  502.7627, 427.3006, 0.0000, 502.2091, 434.4195, 0.0000, 72, 62, 54
L  -277.0505, 250.5197, 0.0000, -275.5930, 259.8285, 0.0000, 72, 62, 54
L  554.4735, 142.3717, 0.0000, 555.8532, 149.4393, 0.0000, 72, 62, 54
L  -289.9022, -110.3507, 0.0000, -291.3534, -98.4649, 0.0000, 72, 62, 54
L  -299.1534, -9.8192, 0.0000, -300.9504, -0.0328, 0.0000, 72, 62, 54
L  202.5952, -396.0368, 0.0000, 203.1369, -384.7011, 0.0000, 72, 62, 54
L  396.8863, 364.1436, 0.0000, 395.7549, 374.1404, 0.0000, 72, 62, 54
L  551.0646, 88.6114, 0.0000, 552.3460, 99.4705, 0.0000, 72, 62, 54
L  -153.5177, 359.8550, 0.0000, -154.1271, 369.6258, 0.0000, 72, 62, 54
L  223.8016, 350.0094, 0.0000, 222.4266, 359.0618, 0.0000, 72, 62, 54
L  579.1733, -80.3378, 0.0000, 577.3595, -71.2236, 0.0000, 72, 62, 54
L  -247.2999, 327.3796, 0.0000, -245.5423, 334.2645, 0.0000, 72, 62, 54
L  610.5378, 193.5580, 0.0000, 610.2009, 199.2827, 0.0000, 72, 62, 54
L  -250.0470, 446.1058, 0.0000, -248.4700, 451.5173, 0.0000, 72, 62, 54
L  535.5515, 325.5683, 0.0000, 534.4198, 334.5681, 0.0000, 72, 62, 54
L  -59.1131, 331.0545, 0.0000, -58.6462, 340.2205, 0.0000, 72, 62, 54
L  564.2806, -426.6774, 0.0000, 562.5978, -416.0689, 0.0000, 72, 62, 54
L  -354.2314, 429.1036, 0.0000, -354.3609, 434.4340, 0.0000, 72, 62, 54
L  -20.3413, 408.1849, 0.0000, -20.9191, 418.0449, 0.0000, 72, 62, 54
L  -0.4407, 382.7203, 0.0000, -2.0551, 393.4920, 0.0000, 72, 62, 54
L  -118.8368, 400.7180, 0.0000, -118.1502, 412.5279, 0.0000, 72, 62, 54
L  636.6744, 371.2569, 0.0000, 637.4503, 377.2979, 0.0000, 72, 62, 54
L  -265.0302, -351.8948, 0.0000, -265.0174, -344.0958, 0.0000, 72, 62, 54
L  179.1983, -473.8805, 0.0000, 180.7719, -468.5608, 0.0000, 72, 62, 54
L  572.9326, -77.0743, 0.0000, 573.0055, -68.0980, 0.0000, 72, 62, 54
L  -256.1348, 338.6344, 0.0000, -255.1491, 348.1990, 0.0000, 72, 62, 54
L  118.0448, 364.4404, 0.0000, 119.2423, 375.1697, 0.0000, 72, 62, 54
L  341.5764, 379.8665, 0.0000, 343.0493, 391.5130, 0.0000, 72, 62, 54
L  -269.2283, 291.1676, 0.0000, -270.8983, 299.6459, 0.0000, 72, 62, 54
L  -359.3479, -80.5894, 0.0000, -358.6905, -75.0550, 0.0000, 72, 62, 54
L  284.9003, -381.3166, 0.0000, 286.7221, -372.7848, 0.0000, 72, 62, 54
L  85.3417, 425.6447, 0.0000, 85.9411, 435.5188, 0.0000, 72, 62, 54
L  -257.4010, -214.9397, 0.0000, -256.0729, -205.7768, 0.0000, 72, 62, 54
L  -241.8359, -476.2105, 0.0000, -242.2013, -467.0591, 0.0000, 72, 62, 54
L  567.9363, -184.0207, 0.0000, 568.0582, -174.1639, 0.0000, 72, 62, 54
L  635.4952, 206.3772, 0.0000, 634.3127, 215.0025, 0.0000, 72, 62, 54
L  530.2447, -198.2079, 0.0000, 530.5877, -188.8558, 0.0000, 72, 62, 54
L  531.4983, 343.7042, 0.0000, 530.2573, 351.9700, 0.0000, 72, 62, 54
L  264.3726, 359.7757, 0.0000, 265.2012, 371.4141, 0.0000, 72, 62, 54
L  -270.4198, 392.1814, 0.0000, -269.2712, 401.9759, 0.0000, 72, 62, 54
L  112.2955, -444.3413, 0.0000, 111.7626, -436.6389, 0.0000, 72, 62, 54
L  -343.3337, -3.1614, 0.0000, -344.5031, 7.8450, 0.0000, 72, 62, 54
L  554.0089, -264.8519, 0.0000, 552.2749, -258.1398, 0.0000, 72, 62, 54
L  -205.8513, 333.5214, 0.0000, -206.2479, 343.6659, 0.0000, 72, 62, 54
L  -280.3486, -260.9315, 0.0000, -280.9176, -251.0567, 0.0000, 72, 62, 54
L  128.6800, -470.5672, 0.0000, 130.4709, -460.8413, 0.0000, 72, 62, 54
L  533.6399, 73.0763, 0.0000, 534.9192, 82.7801, 0.0000, 72, 62, 54
L  324.3130, 345.5529, 0.0000, 323.1695, 356.6291, 0.0000, 72, 62, 54
L  -276.5051, -284.3560, 0.0000, -277.7579, -276.7400, 0.0000, 72, 62, 54
L  -344.3361, -186.8302, 0.0000, -343.7257, -180.1604, 0.0000, 72, 62, 54
L  407.2403, -451.7141, 0.0000, 408.9234, -445.6772, 0.0000, 72, 62, 54
L  -179.3723, -485.7299, 0.0000, -180.0579, -476.6518, 0.0000, 72, 62, 54
L  578.7543, -154.9328, 0.0000, 578.5120, -145.1722, 0.0000, 72, 62, 54
L  217.5134, 368.9592, 0.0000, 218.1021, 378.5386, 0.0000, 72, 62, 54
L  426.3573, -392.6258, 0.0000, 426.3068, -382.6714, 0.0000, 72, 62, 54
L  -44.1018, -406.5859, 0.0000, -44.4406, -400.0388, 0.0000, 72, 62, 54
L  -261.1635, -76.3726, 0.0000, -262.5098, -64.4293, 0.0000, 72, 62, 54
L  610.8107, -411.4022, 0.0000, 609.3417, -400.6252, 0.0000, 72, 62, 54
L  445.2572, -415.6173, 0.0000, 445.0550, -409.7609, 0.0000, 72, 62, 54
L  -260.2029, -317.8405, 0.0000, -260.8962, -312.1411, 0.0000, 72, 62, 54
L  30.8887, 381.3175, 0.0000, 29.8166, 392.9944, 0.0000, 72, 62, 54
L  -357.9718, -230.8868, 0.0000, -357.1488, -220.7205, 0.0000, 72, 62, 54
L  -164.9708, 329.3636, 0.0000, -164.7416, 341.0992, 0.0000, 72, 62, 54
L  140.8807, 371.0867, 0.0000, 140.9235, 380.8510, 0.0000, 72, 62, 54
L  -323.1707, -238.6486, 0.0000, -323.9067, -228.1776, 0.0000, 72, 62, 54
L  -239.1597, 223.8317, 0.0000, -240.2047, 232.0371, 0.0000, 72, 62, 54
L  -246.9270, 136.4941, 0.0000, -245.4359, 142.4320, 0.0000, 72, 62, 54
L  -18.3061, -411.0870, 0.0000, -17.5074, -403.5286, 0.0000, 72, 62, 54
L  272.1989, 324.2809, 0.0000, 273.7005, 332.8008, 0.0000, 72, 62, 54
L  70.0973, 351.6709, 0.0000, 69.9355, 360.6719, 0.0000, 72, 62, 54
L  -277.6219, 244.3710, 0.0000, -276.8628, 253.2979, 0.0000, 72, 62, 54
L  447.7112, 339.2839, 0.0000, 447.3774, 347.4322, 0.0000, 72, 62, 54
L  547.1681, -52.4185, 0.0000, 547.4886, -45.0910, 0.0000, 72, 62, 54
L  501.1746, 432.6723, 0.0000, 500.1827, 438.5372, 0.0000, 72, 62, 54
L  -350.8783, 243.6855, 0.0000, -352.2020, 249.2148, 0.0000, 72, 62, 54
L  -247.2868, 144.7252, 0.0000, -247.6251, 154.6698, 0.0000, 72, 62, 54
L  301.9383, 406.6255, 0.0000, 300.2593, 418.1218, 0.0000, 72, 62, 54
L  181.1605, 349.2822, 0.0000, 180.3644, 360.0942, 0.0000, 72, 62, 54
L  377.8656, 342.0741, 0.0000, 376.7718, 352.0701, 0.0000, 72, 62, 54
L  -281.5486, -270.3900, 0.0000, -283.0428, -265.1776, 0.0000, 72, 62, 54
L  -262.4415, -140.3761, 0.0000, -261.4993, -132.5509, 0.0000, 72, 62, 54
L  568.4110, 370.3797, 0.0000, 570.0468, 381.7848, 0.0000, 72, 62, 54
L  353.9750, -473.1554, 0.0000, 352.9665, -467.6863, 0.0000, 72, 62, 54
L  649.4653, -67.9991, 0.0000, 650.3655, -59.1873, 0.0000, 72, 62, 54
L  -288.3602, 392.7623, 0.0000, -289.6113, 404.5280, 0.0000, 72, 62, 54
L  607.0952, 347.3828, 0.0000, 605.9243, 352.5261, 0.0000, 72, 62, 54
L  -321.5234, 384.7209, 0.0000, -319.6956, 396.7121, 0.0000, 72, 62, 54
L  555.2629, 401.7477, 0.0000, 554.2022, 412.1180, 0.0000, 72, 62, 54
L  559.8117, 404.2429, 0.0000, 561.6415, 413.3169, 0.0000, 72, 62, 54
L  86.3306, -463.7681, 0.0000, 88.1063, -455.8526, 0.0000, 72, 62, 54
L  539.9660, -305.7697, 0.0000, 540.1680, -295.5784, 0.0000, 72, 62, 54
L  625.7025, 331.3325, 0.0000, 625.2928, 341.5038, 0.0000, 72, 62, 54
L  -254.4274, 13.4382, 0.0000, -254.5687, 24.4814, 0.0000, 72, 62, 54
