P -1609.5260, -3956.1160, 0.0000, 90, 110, 66, 3, N
P -1609.5260, -2082.1960, 0.0000, 96, 110, 70, 1, S
P -672.5660, -3019.1560, 0.0000, 96, 110, 70, 1, E
P -2546.4860, -3019.1560, 0.0000, 96, 110, 70, 1, W
L 0.00, -1491.66, 0.0000, 0.00, 4448.16, 0.0000, 160, 165, 140
L 2040.00, -1491.66, 0.0000, 2040.00, 4448.16, 0.0000, 160, 165, 140
L 4080.00, -1491.66, 0.0000, 4080.00, 4448.16, 0.0000, 160, 165, 140
L 6120.00, -1491.66, 0.0000, 6120.00, 4448.16, 0.0000, 160, 165, 140
L 8160.00, -1491.66, 0.0000, 8160.00, 4448.16, 0.0000, 160, 165, 140
L 10200.00, -1491.66, 0.0000, 10200.00, 4448.16, 0.0000, 160, 165, 140
L 12240.00, -1491.66, 0.0000, 12240.00, 4448.16, 0.0000, 160, 165, 140
L 14280.00, -1491.66, 0.0000, 14280.00, 4448.16, 0.0000, 160, 165, 140
L -82.03, 0.00, 0.0000, 16201.53, 0.00, 0.0000, 160, 165, 140
L -82.03, 2040.00, 0.0000, 16201.53, 2040.00, 0.0000, 160, 165, 140
L -82.03, 4080.00, 0.0000, 16201.53, 4080.00, 0.0000, 160, 165, 140
L -82.03, -1491.66, 0.0000, 16201.53, -1491.66, 0.0000, 160, 165, 140
L -82.03, 4448.16, 0.0000, 16201.53, 4448.16, 0.0000, 160, 165, 140
L -82.03, -1491.66, 0.0000, -82.03, 4448.16, 0.0000, 160, 165, 140
L 16201.53, -1491.66, 0.0000, 16201.53, 4448.16, 0.0000, 160, 165, 140
L -2687.03, -4096.66, 0.0000, -1663.53, -3880.89, 0.0000, 96, 110, 70
L -1663.53, -3880.89, 0.0000, -640.02, -4096.66, 0.0000, 96, 110, 70
L -640.02, -4096.66, 0.0000, 383.48, -3933.96, 0.0000, 96, 110, 70
L 383.48, -3933.96, 0.0000, 1406.98, -4096.66, 0.0000, 96, 110, 70
L 1406.98, -4096.66, 0.0000, 2430.48, -3827.11, 0.0000, 96, 110, 70
L 2430.48, -3827.11, 0.0000, 3453.99, -4096.66, 0.0000, 96, 110, 70
L 3453.99, -4096.66, 0.0000, 4477.49, -3923.50, 0.0000, 96, 110, 70
L 4477.49, -3923.50, 0.0000, 5500.99, -4096.66, 0.0000, 96, 110, 70
L 5500.99, -4096.66, 0.0000, 6524.50, -3930.66, 0.0000, 96, 110, 70
L 6524.50, -3930.66, 0.0000, 7548.00, -4096.66, 0.0000, 96, 110, 70
L 7548.00, -4096.66, 0.0000, 8571.50, -3896.87, 0.0000, 96, 110, 70
L 8571.50, -3896.87, 0.0000, 9595.00, -4096.66, 0.0000, 96, 110, 70
L 9595.00, -4096.66, 0.0000, 10618.51, -3891.44, 0.0000, 96, 110, 70
L 10618.51, -3891.44, 0.0000, 11642.01, -4096.66, 0.0000, 96, 110, 70
L 11642.01, -4096.66, 0.0000, 12665.51, -3935.87, 0.0000, 96, 110, 70
L 12665.51, -3935.87, 0.0000, 13689.02, -4096.66, 0.0000, 96, 110, 70
L 13689.02, -4096.66, 0.0000, 14712.52, -3956.52, 0.0000, 96, 110, 70
L 14712.52, -3956.52, 0.0000, 15736.02, -4096.66, 0.0000, 96, 110, 70
L 15736.02, -4096.66, 0.0000, 16759.52, -3961.70, 0.0000, 96, 110, 70
L 16759.52, -3961.70, 0.0000, 17783.03, -4096.66, 0.0000, 96, 110, 70
L 17783.03, -4096.66, 0.0000, 18806.53, -3858.98, 0.0000, 96, 110, 70
L 18806.53, -4096.66, 0.0000, 18510.12, -3083.04, 0.0000, 96, 110, 70
L 18510.12, -3083.04, 0.0000, 18806.53, -2069.42, 0.0000, 96, 110, 70
L 18806.53, -2069.42, 0.0000, 18582.36, -1055.80, 0.0000, 96, 110, 70
L 18582.36, -1055.80, 0.0000, 18806.53, -42.18, 0.0000, 96, 110, 70
L 18806.53, -42.18, 0.0000, 18584.39, 971.44, 0.0000, 96, 110, 70
L 18584.39, 971.44, 0.0000, 18806.53, 1985.06, 0.0000, 96, 110, 70
L 18806.53, 1985.06, 0.0000, 18545.00, 2998.68, 0.0000, 96, 110, 70
L 18545.00, 2998.68, 0.0000, 18806.53, 4012.30, 0.0000, 96, 110, 70
L 18806.53, 4012.30, 0.0000, 18589.94, 5025.92, 0.0000, 96, 110, 70
L 18589.94, 5025.92, 0.0000, 18806.53, 6039.54, 0.0000, 96, 110, 70
L 18806.53, 6039.54, 0.0000, 18508.64, 7053.16, 0.0000, 96, 110, 70
L 18806.53, 7053.16, 0.0000, 17783.03, 6911.99, 0.0000, 96, 110, 70
L 17783.03, 6911.99, 0.0000, 16759.52, 7053.16, 0.0000, 96, 110, 70
L 16759.52, 7053.16, 0.0000, 15736.02, 6864.52, 0.0000, 96, 110, 70
L 15736.02, 6864.52, 0.0000, 14712.52, 7053.16, 0.0000, 96, 110, 70
L 14712.52, 7053.16, 0.0000, 13689.02, 6765.11, 0.0000, 96, 110, 70
L 13689.02, 6765.11, 0.0000, 12665.51, 7053.16, 0.0000, 96, 110, 70
L 12665.51, 7053.16, 0.0000, 11642.01, 6810.95, 0.0000, 96, 110, 70
L 11642.01, 6810.95, 0.0000, 10618.51, 7053.16, 0.0000, 96, 110, 70
L 10618.51, 7053.16, 0.0000, 9595.00, 6838.62, 0.0000, 96, 110, 70
L 9595.00, 6838.62, 0.0000, 8571.50, 7053.16, 0.0000, 96, 110, 70
L 8571.50, 7053.16, 0.0000, 7548.00, 6938.49, 0.0000, 96, 110, 70
L 7548.00, 6938.49, 0.0000, 6524.50, 7053.16, 0.0000, 96, 110, 70
L 6524.50, 7053.16, 0.0000, 5500.99, 6789.18, 0.0000, 96, 110, 70
L 5500.99, 6789.18, 0.0000, 4477.49, 7053.16, 0.0000, 96, 110, 70
L 4477.49, 7053.16, 0.0000, 3453.99, 6781.57, 0.0000, 96, 110, 70
L 3453.99, 6781.57, 0.0000, 2430.48, 7053.16, 0.0000, 96, 110, 70
L 2430.48, 7053.16, 0.0000, 1406.98, 6838.11, 0.0000, 96, 110, 70
L 1406.98, 6838.11, 0.0000, 383.48, 7053.16, 0.0000, 96, 110, 70
L 383.48, 7053.16, 0.0000, -640.02, 6824.24, 0.0000, 96, 110, 70
L -640.02, 6824.24, 0.0000, -1663.53, 7053.16, 0.0000, 96, 110, 70
L -1663.53, 7053.16, 0.0000, -2687.03, 6876.06, 0.0000, 96, 110, 70
L -2687.03, 7053.16, 0.0000, -2506.68, 6039.54, 0.0000, 96, 110, 70
L -2506.68, 6039.54, 0.0000, -2687.03, 5025.92, 0.0000, 96, 110, 70
L -2687.03, 5025.92, 0.0000, -2423.84, 4012.30, 0.0000, 96, 110, 70
L -2423.84, 4012.30, 0.0000, -2687.03, 2998.68, 0.0000, 96, 110, 70
L -2687.03, 2998.68, 0.0000, -2562.30, 1985.06, 0.0000, 96, 110, 70
L -2562.30, 1985.06, 0.0000, -2687.03, 971.44, 0.0000, 96, 110, 70
L -2687.03, 971.44, 0.0000, -2529.48, -42.18, 0.0000, 96, 110, 70
L -2529.48, -42.18, 0.0000, -2687.03, -1055.80, 0.0000, 96, 110, 70
L -2687.03, -1055.80, 0.0000, -2387.57, -2069.42, 0.0000, 96, 110, 70
L -2387.57, -2069.42, 0.0000, -2687.03, -3083.04, 0.0000, 96, 110, 70
L -2687.03, -3083.04, 0.0000, -2369.72, -4096.66, 0.0000, 96, 110, 70
L -1873.03, -3282.66, 0.0000, -548.66, -3174.03, 0.0000, 150, 168, 110
L -548.66, -3174.03, 0.0000, 775.71, -3282.66, 0.0000, 150, 168, 110
L 775.71, -3282.66, 0.0000, 2100.08, -3189.85, 0.0000, 150, 168, 110
L 2100.08, -3189.85, 0.0000, 3424.45, -3282.66, 0.0000, 150, 168, 110
L 3424.45, -3282.66, 0.0000, 4748.82, -3154.69, 0.0000, 150, 168, 110
L 4748.82, -3154.69, 0.0000, 6073.19, -3282.66, 0.0000, 150, 168, 110
L 6073.19, -3282.66, 0.0000, 7397.56, -3112.64, 0.0000, 150, 168, 110
L 7397.56, -3112.64, 0.0000, 8721.94, -3282.66, 0.0000, 150, 168, 110
L 8721.94, -3282.66, 0.0000, 10046.31, -3154.92, 0.0000, 150, 168, 110
L 10046.31, -3154.92, 0.0000, 11370.68, -3282.66, 0.0000, 150, 168, 110
L 11370.68, -3282.66, 0.0000, 12695.05, -3104.29, 0.0000, 150, 168, 110
L 12695.05, -3104.29, 0.0000, 14019.42, -3282.66, 0.0000, 150, 168, 110
L 14019.42, -3282.66, 0.0000, 15343.79, -3216.61, 0.0000, 150, 168, 110
L 15343.79, -3216.61, 0.0000, 16668.16, -3282.66, 0.0000, 150, 168, 110
L 16668.16, -3282.66, 0.0000, 17992.53, -3124.47, 0.0000, 150, 168, 110
L 17992.53, -3282.66, 0.0000, 17920.36, -1922.40, 0.0000, 150, 168, 110
L 17920.36, -1922.40, 0.0000, 17992.53, -562.14, 0.0000, 150, 168, 110
L 17992.53, -562.14, 0.0000, 17907.83, 798.12, 0.0000, 150, 168, 110
L 17907.83, 798.12, 0.0000, 17992.53, 2158.38, 0.0000, 150, 168, 110
L 17992.53, 2158.38, 0.0000, 17858.41, 3518.64, 0.0000, 150, 168, 110
L 17858.41, 3518.64, 0.0000, 17992.53, 4878.90, 0.0000, 150, 168, 110
L 17992.53, 4878.90, 0.0000, 17844.32, 6239.16, 0.0000, 150, 168, 110
L 17992.53, 6239.16, 0.0000, 16668.16, 6070.20, 0.0000, 150, 168, 110
L 16668.16, 6070.20, 0.0000, 15343.79, 6239.16, 0.0000, 150, 168, 110
L 15343.79, 6239.16, 0.0000, 14019.42, 6066.08, 0.0000, 150, 168, 110
L 14019.42, 6066.08, 0.0000, 12695.05, 6239.16, 0.0000, 150, 168, 110
L 12695.05, 6239.16, 0.0000, 11370.68, 6088.02, 0.0000, 150, 168, 110
L 11370.68, 6088.02, 0.0000, 10046.31, 6239.16, 0.0000, 150, 168, 110
L 10046.31, 6239.16, 0.0000, 8721.94, 6110.00, 0.0000, 150, 168, 110
L 8721.94, 6110.00, 0.0000, 7397.56, 6239.16, 0.0000, 150, 168, 110
L 7397.56, 6239.16, 0.0000, 6073.19, 6130.13, 0.0000, 150, 168, 110
L 6073.19, 6130.13, 0.0000, 4748.82, 6239.16, 0.0000, 150, 168, 110
L 4748.82, 6239.16, 0.0000, 3424.45, 6171.06, 0.0000, 150, 168, 110
L 3424.45, 6171.06, 0.0000, 2100.08, 6239.16, 0.0000, 150, 168, 110
L 2100.08, 6239.16, 0.0000, 775.71, 6144.31, 0.0000, 150, 168, 110
L 775.71, 6144.31, 0.0000, -548.66, 6239.16, 0.0000, 150, 168, 110
L -548.66, 6239.16, 0.0000, -1873.03, 6102.06, 0.0000, 150, 168, 110
L -1873.03, 6239.16, 0.0000, -1700.47, 4878.90, 0.0000, 150, 168, 110
L -1700.47, 4878.90, 0.0000, -1873.03, 3518.64, 0.0000, 150, 168, 110
L -1873.03, 3518.64, 0.0000, -1710.12, 2158.38, 0.0000, 150, 168, 110
L -1710.12, 2158.38, 0.0000, -1873.03, 798.12, 0.0000, 150, 168, 110
L -1873.03, 798.12, 0.0000, -1733.96, -562.14, 0.0000, 150, 168, 110
L -1733.96, -562.14, 0.0000, -1873.03, -1922.40, 0.0000, 150, 168, 110
L -1873.03, -1922.40, 0.0000, -1734.68, -3282.66, 0.0000, 150, 168, 110
L 4884.93, -3575.66, 0.0000, 5019.24, -2761.66, 0.0000, 90, 110, 66
L 4892.93, -3565.66, 0.0000, 5027.24, -2751.66, 0.0000, 150, 168, 110
L 5019.24, -2761.66, 0.0000, 5153.55, -3250.06, 0.0000, 90, 110, 66
L 5027.24, -2751.66, 0.0000, 5161.55, -3240.06, 0.0000, 150, 168, 110
L 5153.55, -3250.06, 0.0000, 5287.86, -2761.66, 0.0000, 90, 110, 66
L 5161.55, -3240.06, 0.0000, 5295.86, -2751.66, 0.0000, 150, 168, 110
L 5287.86, -2761.66, 0.0000, 5422.17, -3575.66, 0.0000, 90, 110, 66
L 5295.86, -2751.66, 0.0000, 5430.17, -3565.66, 0.0000, 150, 168, 110
L 6003.41, -3575.66, 0.0000, 5466.17, -3575.66, 0.0000, 90, 110, 66
L 6011.41, -3565.66, 0.0000, 5474.17, -3565.66, 0.0000, 150, 168, 110
L 5466.17, -3575.66, 0.0000, 5466.17, -2761.66, 0.0000, 90, 110, 66
L 5474.17, -3565.66, 0.0000, 5474.17, -2751.66, 0.0000, 150, 168, 110
L 5466.17, -2761.66, 0.0000, 6003.41, -2761.66, 0.0000, 90, 110, 66
L 5474.17, -2751.66, 0.0000, 6011.41, -2751.66, 0.0000, 150, 168, 110
L 5466.17, -3168.66, 0.0000, 5842.24, -3168.66, 0.0000, 90, 110, 66
L 5474.17, -3158.66, 0.0000, 5850.24, -3158.66, 0.0000, 150, 168, 110
L 6584.65, -3453.56, 0.0000, 6477.20, -3575.66, 0.0000, 90, 110, 66
L 6592.65, -3443.56, 0.0000, 6485.20, -3565.66, 0.0000, 150, 168, 110
L 6477.20, -3575.66, 0.0000, 6154.86, -3575.66, 0.0000, 90, 110, 66
L 6485.20, -3565.66, 0.0000, 6162.86, -3565.66, 0.0000, 150, 168, 110
L 6154.86, -3575.66, 0.0000, 6047.41, -3429.14, 0.0000, 90, 110, 66
L 6162.86, -3565.66, 0.0000, 6055.41, -3419.14, 0.0000, 150, 168, 110
L 6047.41, -3429.14, 0.0000, 6047.41, -3250.06, 0.0000, 90, 110, 66
L 6055.41, -3419.14, 0.0000, 6055.41, -3240.06, 0.0000, 150, 168, 110
L 6047.41, -3250.06, 0.0000, 6154.86, -3168.66, 0.0000, 90, 110, 66
L 6055.41, -3240.06, 0.0000, 6162.86, -3158.66, 0.0000, 150, 168, 110
L 6154.86, -3168.66, 0.0000, 6477.20, -3168.66, 0.0000, 90, 110, 66
L 6162.86, -3158.66, 0.0000, 6485.20, -3158.66, 0.0000, 150, 168, 110
L 6477.20, -3168.66, 0.0000, 6584.65, -3070.98, 0.0000, 90, 110, 66
L 6485.20, -3158.66, 0.0000, 6592.65, -3060.98, 0.0000, 150, 168, 110
L 6584.65, -3070.98, 0.0000, 6584.65, -2891.90, 0.0000, 90, 110, 66
L 6592.65, -3060.98, 0.0000, 6592.65, -2881.90, 0.0000, 150, 168, 110
L 6584.65, -2891.90, 0.0000, 6477.20, -2761.66, 0.0000, 90, 110, 66
L 6592.65, -2881.90, 0.0000, 6485.20, -2751.66, 0.0000, 150, 168, 110
L 6477.20, -2761.66, 0.0000, 6154.86, -2761.66, 0.0000, 90, 110, 66
L 6485.20, -2751.66, 0.0000, 6162.86, -2751.66, 0.0000, 150, 168, 110
L 6154.86, -2761.66, 0.0000, 6047.41, -2891.90, 0.0000, 90, 110, 66
L 6162.86, -2751.66, 0.0000, 6055.41, -2881.90, 0.0000, 150, 168, 110
L 6628.65, -3575.66, 0.0000, 7165.89, -3575.66, 0.0000, 90, 110, 66
L 6636.65, -3565.66, 0.0000, 7173.89, -3565.66, 0.0000, 150, 168, 110
L 6897.27, -3575.66, 0.0000, 6897.27, -2761.66, 0.0000, 90, 110, 66
L 6905.27, -3565.66, 0.0000, 6905.27, -2751.66, 0.0000, 150, 168, 110
L 7791.13, -2761.66, 0.0000, 7791.13, -3575.66, 0.0000, 90, 110, 66
L 7799.13, -2751.66, 0.0000, 7799.13, -3565.66, 0.0000, 150, 168, 110
L 7791.13, -3127.96, 0.0000, 8247.78, -3575.66, 0.0000, 90, 110, 66
L 7799.13, -3117.96, 0.0000, 8255.78, -3565.66, 0.0000, 150, 168, 110
L 7925.44, -3209.36, 0.0000, 8274.65, -2761.66, 0.0000, 90, 110, 66
L 7933.44, -3199.36, 0.0000, 8282.65, -2751.66, 0.0000, 150, 168, 110
L 8372.37, -2761.66, 0.0000, 8640.99, -3575.66, 0.0000, 90, 110, 66
L 8380.37, -2751.66, 0.0000, 8648.99, -3565.66, 0.0000, 150, 168, 110
L 8640.99, -3575.66, 0.0000, 8909.61, -2761.66, 0.0000, 90, 110, 66
L 8648.99, -3565.66, 0.0000, 8917.61, -2751.66, 0.0000, 150, 168, 110
L 8506.68, -3087.26, 0.0000, 8775.30, -3087.26, 0.0000, 90, 110, 66
L 8514.68, -3077.26, 0.0000, 8783.30, -3077.26, 0.0000, 150, 168, 110
L 8953.61, -2761.66, 0.0000, 8953.61, -3575.66, 0.0000, 90, 110, 66
L 8961.61, -2751.66, 0.0000, 8961.61, -3565.66, 0.0000, 150, 168, 110
L 8953.61, -3575.66, 0.0000, 9329.68, -3575.66, 0.0000, 90, 110, 66
L 8961.61, -3565.66, 0.0000, 9337.68, -3565.66, 0.0000, 150, 168, 110
L 9329.68, -3575.66, 0.0000, 9463.99, -3412.86, 0.0000, 90, 110, 66
L 9337.68, -3565.66, 0.0000, 9471.99, -3402.86, 0.0000, 150, 168, 110
L 9463.99, -3412.86, 0.0000, 9329.68, -3209.36, 0.0000, 90, 110, 66
L 9471.99, -3402.86, 0.0000, 9337.68, -3199.36, 0.0000, 150, 168, 110
L 9329.68, -3209.36, 0.0000, 8953.61, -3209.36, 0.0000, 90, 110, 66
L 9337.68, -3199.36, 0.0000, 8961.61, -3199.36, 0.0000, 150, 168, 110
L 9141.64, -3209.36, 0.0000, 9490.85, -2761.66, 0.0000, 90, 110, 66
L 9149.64, -3199.36, 0.0000, 9498.85, -2751.66, 0.0000, 150, 168, 110
L 9534.85, -2761.66, 0.0000, 9803.47, -3575.66, 0.0000, 90, 110, 66
L 9542.85, -2751.66, 0.0000, 9811.47, -3565.66, 0.0000, 150, 168, 110
L 9803.47, -3575.66, 0.0000, 10072.09, -2761.66, 0.0000, 90, 110, 66
L 9811.47, -3565.66, 0.0000, 10080.09, -2751.66, 0.0000, 150, 168, 110
L 9669.16, -3087.26, 0.0000, 9937.78, -3087.26, 0.0000, 90, 110, 66
L 9677.16, -3077.26, 0.0000, 9945.78, -3077.26, 0.0000, 150, 168, 110
L 10116.09, -2761.66, 0.0000, 10116.09, -3575.66, 0.0000, 90, 110, 66
L 10124.09, -2751.66, 0.0000, 10124.09, -3565.66, 0.0000, 150, 168, 110
L 10116.09, -3575.66, 0.0000, 10653.33, -2761.66, 0.0000, 90, 110, 66
L 10124.09, -3565.66, 0.0000, 10661.33, -2751.66, 0.0000, 150, 168, 110
L 10653.33, -2761.66, 0.0000, 10653.33, -3575.66, 0.0000, 90, 110, 66
L 10661.33, -2751.66, 0.0000, 10661.33, -3565.66, 0.0000, 150, 168, 110
L 10697.33, -2761.66, 0.0000, 10965.95, -3575.66, 0.0000, 90, 110, 66
L 10705.33, -2751.66, 0.0000, 10973.95, -3565.66, 0.0000, 150, 168, 110
L 10965.95, -3575.66, 0.0000, 11234.57, -2761.66, 0.0000, 90, 110, 66
L 10973.95, -3565.66, 0.0000, 11242.57, -2751.66, 0.0000, 150, 168, 110
L 10831.64, -3087.26, 0.0000, 11100.26, -3087.26, 0.0000, 90, 110, 66
L 10839.64, -3077.26, 0.0000, 11108.26, -3077.26, 0.0000, 150, 168, 110
L 4854.93, -2715.66, 0.0000, 11264.57, -2715.66, 0.0000, 150, 168, 110
L 4854.93, -3617.66, 0.0000, 11264.57, -3617.66, 0.0000, 150, 168, 110
L  -877.5260, -3019.1560, 0.0000, -888.6460, -2892.0460, 0.0000, 96, 110, 70
L  -888.6460, -2892.0460, 0.0000, -921.6760, -2768.7960, 0.0000, 96, 110, 70
L  -921.6760, -2768.7960, 0.0000, -975.5960, -2653.1560, 0.0000, 96, 110, 70
L  -975.5960, -2653.1560, 0.0000, -1048.7860, -2548.6360, 0.0000, 96, 110, 70
L  -1048.7860, -2548.6360, 0.0000, -1139.0060, -2458.4160, 0.0000, 96, 110, 70
L  -1139.0060, -2458.4160, 0.0000, -1243.5260, -2385.2260, 0.0000, 96, 110, 70
L  -1243.5260, -2385.2260, 0.0000, -1359.1660, -2331.3060, 0.0000, 96, 110, 70
L  -1359.1660, -2331.3060, 0.0000, -1482.4160, -2298.2760, 0.0000, 96, 110, 70
L  -1482.4160, -2298.2760, 0.0000, -1609.5260, -2287.1560, 0.0000, 96, 110, 70
L  -1609.5260, -2287.1560, 0.0000, -1736.6360, -2298.2760, 0.0000, 96, 110, 70
L  -1736.6360, -2298.2760, 0.0000, -1859.8860, -2331.3060, 0.0000, 96, 110, 70
L  -1859.8860, -2331.3060, 0.0000, -1975.5260, -2385.2260, 0.0000, 96, 110, 70
L  -1975.5260, -2385.2260, 0.0000, -2080.0460, -2458.4160, 0.0000, 96, 110, 70
L  -2080.0460, -2458.4160, 0.0000, -2170.2660, -2548.6360, 0.0000, 96, 110, 70
L  -2170.2660, -2548.6360, 0.0000, -2243.4560, -2653.1560, 0.0000, 96, 110, 70
L  -2243.4560, -2653.1560, 0.0000, -2297.3760, -2768.7960, 0.0000, 96, 110, 70
L  -2297.3760, -2768.7960, 0.0000, -2330.4060, -2892.0460, 0.0000, 96, 110, 70
L  -2330.4060, -2892.0460, 0.0000, -2341.5260, -3019.1560, 0.0000, 96, 110, 70
L  -2341.5260, -3019.1560, 0.0000, -2330.4060, -3146.2660, 0.0000, 96, 110, 70
L  -2330.4060, -3146.2660, 0.0000, -2297.3760, -3269.5160, 0.0000, 96, 110, 70
L  -2297.3760, -3269.5160, 0.0000, -2243.4560, -3385.1560, 0.0000, 96, 110, 70
L  -2243.4560, -3385.1560, 0.0000, -2170.2660, -3489.6760, 0.0000, 96, 110, 70
L  -2170.2660, -3489.6760, 0.0000, -2080.0460, -3579.8960, 0.0000, 96, 110, 70
L  -2080.0460, -3579.8960, 0.0000, -1975.5260, -3653.0860, 0.0000, 96, 110, 70
L  -1975.5260, -3653.0860, 0.0000, -1859.8860, -3707.0160, 0.0000, 96, 110, 70
L  -1859.8860, -3707.0160, 0.0000, -1736.6360, -3740.0360, 0.0000, 96, 110, 70
L  -1736.6360, -3740.0360, 0.0000, -1609.5260, -3751.1560, 0.0000, 96, 110, 70
L  -1609.5260, -3751.1560, 0.0000, -1482.4160, -3740.0360, 0.0000, 96, 110, 70
L  -1482.4160, -3740.0360, 0.0000, -1359.1660, -3707.0160, 0.0000, 96, 110, 70
L  -1359.1660, -3707.0160, 0.0000, -1243.5260, -3653.0860, 0.0000, 96, 110, 70
L  -1243.5260, -3653.0860, 0.0000, -1139.0060, -3579.8960, 0.0000, 96, 110, 70
L  -1139.0060, -3579.8960, 0.0000, -1048.7860, -3489.6760, 0.0000, 96, 110, 70
L  -1048.7860, -3489.6760, 0.0000, -975.5960, -3385.1560, 0.0000, 96, 110, 70
L  -975.5960, -3385.1560, 0.0000, -921.6760, -3269.5160, 0.0000, 96, 110, 70
L  -921.6760, -3269.5160, 0.0000, -888.6460, -3146.2660, 0.0000, 96, 110, 70
L  -888.6460, -3146.2660, 0.0000, -877.5260, -3019.1560, 0.0000, 96, 110, 70
L  -782.3660, -3019.1560, 0.0000, -794.9360, -2875.5260, 0.0000, 150, 168, 110
L  -794.9360, -2875.5260, 0.0000, -832.2460, -2736.2460, 0.0000, 150, 168, 110
L  -832.2460, -2736.2460, 0.0000, -893.1860, -2605.5760, 0.0000, 150, 168, 110
L  -893.1860, -2605.5760, 0.0000, -975.8860, -2487.4660, 0.0000, 150, 168, 110
L  -975.8860, -2487.4660, 0.0000, -1077.8360, -2385.5160, 0.0000, 150, 168, 110
L  -1077.8360, -2385.5160, 0.0000, -1195.9460, -2302.8160, 0.0000, 150, 168, 110
L  -1195.9460, -2302.8160, 0.0000, -1326.6160, -2241.8760, 0.0000, 150, 168, 110
L  -1326.6160, -2241.8760, 0.0000, -1465.8960, -2204.5660, 0.0000, 150, 168, 110
L  -1465.8960, -2204.5660, 0.0000, -1609.5260, -2191.9960, 0.0000, 150, 168, 110
L  -1609.5260, -2191.9960, 0.0000, -1753.1560, -2204.5660, 0.0000, 150, 168, 110
L  -1753.1560, -2204.5660, 0.0000, -1892.4360, -2241.8760, 0.0000, 150, 168, 110
L  -1892.4360, -2241.8760, 0.0000, -2023.1060, -2302.8160, 0.0000, 150, 168, 110
L  -2023.1060, -2302.8160, 0.0000, -2141.2160, -2385.5160, 0.0000, 150, 168, 110
L  -2141.2160, -2385.5160, 0.0000, -2243.1660, -2487.4660, 0.0000, 150, 168, 110
L  -2243.1660, -2487.4660, 0.0000, -2325.8660, -2605.5760, 0.0000, 150, 168, 110
L  -2325.8660, -2605.5760, 0.0000, -2386.8060, -2736.2460, 0.0000, 150, 168, 110
L  -2386.8060, -2736.2460, 0.0000, -2424.1160, -2875.5260, 0.0000, 150, 168, 110
L  -2424.1160, -2875.5260, 0.0000, -2436.6860, -3019.1560, 0.0000, 150, 168, 110
L  -2436.6860, -3019.1560, 0.0000, -2424.1160, -3162.7960, 0.0000, 150, 168, 110
L  -2424.1160, -3162.7960, 0.0000, -2386.8060, -3302.0660, 0.0000, 150, 168, 110
L  -2386.8060, -3302.0660, 0.0000, -2325.8660, -3432.7360, 0.0000, 150, 168, 110
L  -2325.8660, -3432.7360, 0.0000, -2243.1660, -3550.8460, 0.0000, 150, 168, 110
L  -2243.1660, -3550.8460, 0.0000, -2141.2160, -3652.7960, 0.0000, 150, 168, 110
L  -2141.2160, -3652.7960, 0.0000, -2023.1060, -3735.4960, 0.0000, 150, 168, 110
L  -2023.1060, -3735.4960, 0.0000, -1892.4360, -3796.4360, 0.0000, 150, 168, 110
L  -1892.4360, -3796.4360, 0.0000, -1753.1560, -3833.7460, 0.0000, 150, 168, 110
L  -1753.1560, -3833.7460, 0.0000, -1609.5260, -3846.3160, 0.0000, 150, 168, 110
L  -1609.5260, -3846.3160, 0.0000, -1465.8960, -3833.7460, 0.0000, 150, 168, 110
L  -1465.8960, -3833.7460, 0.0000, -1326.6160, -3796.4360, 0.0000, 150, 168, 110
L  -1326.6160, -3796.4360, 0.0000, -1195.9460, -3735.4960, 0.0000, 150, 168, 110
L  -1195.9460, -3735.4960, 0.0000, -1077.8360, -3652.7960, 0.0000, 150, 168, 110
L  -1077.8360, -3652.7960, 0.0000, -975.8860, -3550.8460, 0.0000, 150, 168, 110
L  -975.8860, -3550.8460, 0.0000, -893.1860, -3432.7360, 0.0000, 150, 168, 110
L  -893.1860, -3432.7360, 0.0000, -832.2460, -3302.0660, 0.0000, 150, 168, 110
L  -832.2460, -3302.0660, 0.0000, -794.9360, -3162.7960, 0.0000, 150, 168, 110
L  -794.9360, -3162.7960, 0.0000, -782.3660, -3019.1560, 0.0000, 150, 168, 110
L  -1609.5260, -3019.1560, 0.0000, -1609.5260, -3751.1560, 0.0000, 150, 168, 110
L  -1609.5260, -3019.1560, 0.0000, -1298.9660, -3329.7160, 0.0000, 160, 165, 140
L  -1609.5260, -3019.1560, 0.0000, -877.5260, -3019.1560, 0.0000, 150, 168, 110
L  -1609.5260, -3019.1560, 0.0000, -1298.9660, -2708.5960, 0.0000, 160, 165, 140
L  -1609.5260, -3019.1560, 0.0000, -1609.5260, -2287.1560, 0.0000, 150, 168, 110
L  -1609.5260, -3019.1560, 0.0000, -1920.0860, -2708.5960, 0.0000, 160, 165, 140
L  -1609.5260, -3019.1560, 0.0000, -2341.5260, -3019.1560, 0.0000, 150, 168, 110
L  -1609.5260, -3019.1560, 0.0000, -1920.0860, -3329.7160, 0.0000, 160, 165, 140
L  -1609.5260, -3385.1560, 0.0000, -1609.5260, -3677.9560, 0.0000, 90, 110, 66
L  -1617.5260, -3604.7560, 0.0000, -1609.5260, -3707.2360, 0.0000, 90, 110, 66
L  -1601.5260, -3604.7560, 0.0000, -1609.5260, -3707.2360, 0.0000, 90, 110, 66
L 773.1340, 1010.0824, 0.0000, 776.9925, 1026.3536, 0.0000, 50, 76, 50
L 776.9925, 1026.3536, 0.0000, 761.5850, 1037.3139, 0.0000, 50, 76, 50
L 761.5850, 1037.3139, 0.0000, 750.7955, 1047.7540, 0.0000, 50, 76, 50
L 750.7955, 1047.7540, 0.0000, 743.3814, 1064.0309, 0.0000, 50, 76, 50
L 743.3814, 1064.0309, 0.0000, 725.2846, 1066.8917, 0.0000, 50, 76, 50
L 725.2846, 1066.8917, 0.0000, 707.9868, 1061.6790, 0.0000, 50, 76, 50
L 707.9868, 1061.6790, 0.0000, 690.6891, 1066.8917, 0.0000, 50, 76, 50
L 690.6891, 1066.8917, 0.0000, 672.5923, 1064.0309, 0.0000, 50, 76, 50
L 672.5923, 1064.0309, 0.0000, 665.1782, 1047.7540, 0.0000, 50, 76, 50
L 665.1782, 1047.7540, 0.0000, 654.3887, 1037.3139, 0.0000, 50, 76, 50
L 654.3887, 1037.3139, 0.0000, 638.9811, 1026.3536, 0.0000, 50, 76, 50
L 638.9811, 1026.3536, 0.0000, 642.8396, 1010.0824, 0.0000, 50, 76, 50
L 642.8396, 1010.0824, 0.0000, 651.1378, 996.6776, 0.0000, 50, 76, 50
L 651.1378, 996.6776, 0.0000, 648.7467, 979.9844, 0.0000, 50, 76, 50
L 648.7467, 979.9844, 0.0000, 658.6634, 966.6778, 0.0000, 50, 76, 50
L 658.6634, 966.6778, 0.0000, 678.2342, 964.7333, 0.0000, 50, 76, 50
L 678.2342, 964.7333, 0.0000, 691.5619, 956.1395, 0.0000, 50, 76, 50
L 691.5619, 956.1395, 0.0000, 707.9868, 947.0199, 0.0000, 50, 76, 50
L 707.9868, 947.0199, 0.0000, 724.4118, 956.1395, 0.0000, 50, 76, 50
L 724.4118, 956.1395, 0.0000, 737.7395, 964.7333, 0.0000, 50, 76, 50
L 737.7395, 964.7333, 0.0000, 757.3102, 966.6778, 0.0000, 50, 76, 50
L 757.3102, 966.6778, 0.0000, 767.2269, 979.9844, 0.0000, 50, 76, 50
L 767.2269, 979.9844, 0.0000, 764.8359, 996.6776, 0.0000, 50, 76, 50
L 764.8359, 996.6776, 0.0000, 773.1340, 1010.0824, 0.0000, 50, 76, 50
L 707.9868, 1063.5031, 0.0000, 707.9868, 1109.7193, 0.0000, 56, 48, 40
L 15585.0935, -1163.5261, 0.0000, 15578.8828, -1147.1209, 0.0000, 50, 76, 50
L 15578.8828, -1147.1209, 0.0000, 15563.7993, -1135.8414, 0.0000, 50, 76, 50
L 15563.7993, -1135.8414, 0.0000, 15559.7901, -1119.1028, 0.0000, 50, 76, 50
L 15559.7901, -1119.1028, 0.0000, 15547.3662, -1105.5193, 0.0000, 50, 76, 50
L 15547.3662, -1105.5193, 0.0000, 15526.1837, -1108.1067, 0.0000, 50, 76, 50
L 15526.1837, -1108.1067, 0.0000, 15509.3091, -1105.3357, 0.0000, 50, 76, 50
L 15509.3091, -1105.3357, 0.0000, 15489.4936, -1098.4477, 0.0000, 50, 76, 50
L 15489.4936, -1098.4477, 0.0000, 15474.1931, -1110.0021, 0.0000, 50, 76, 50
L 15474.1931, -1110.0021, 0.0000, 15464.7102, -1124.2790, 0.0000, 50, 76, 50
L 15464.7102, -1124.2790, 0.0000, 15445.9959, -1131.3586, 0.0000, 50, 76, 50
L 15445.9959, -1131.3586, 0.0000, 15436.7944, -1146.4274, 0.0000, 50, 76, 50
L 15436.7944, -1146.4274, 0.0000, 15445.2889, -1163.5261, 0.0000, 50, 76, 50
L 15445.2889, -1163.5261, 0.0000, 15443.8421, -1178.9629, 0.0000, 50, 76, 50
L 15443.8421, -1178.9629, 0.0000, 15442.7250, -1197.3553, 0.0000, 50, 76, 50
L 15442.7250, -1197.3553, 0.0000, 15460.9334, -1206.0967, 0.0000, 50, 76, 50
L 15460.9334, -1206.0967, 0.0000, 15477.4639, -1212.0647, 0.0000, 50, 76, 50
L 15477.4639, -1212.0647, 0.0000, 15489.9996, -1226.9426, 0.0000, 50, 76, 50
L 15489.9996, -1226.9426, 0.0000, 15509.3091, -1228.3637, 0.0000, 50, 76, 50
L 15509.3091, -1228.3637, 0.0000, 15525.6777, -1217.2836, 0.0000, 50, 76, 50
L 15525.6777, -1217.2836, 0.0000, 15544.0954, -1216.5474, 0.0000, 50, 76, 50
L 15544.0954, -1216.5474, 0.0000, 15563.5669, -1211.2730, 0.0000, 50, 76, 50
L 15563.5669, -1211.2730, 0.0000, 15567.0701, -1192.8726, 0.0000, 50, 76, 50
L 15567.0701, -1192.8726, 0.0000, 15571.8352, -1178.2694, 0.0000, 50, 76, 50
L 15571.8352, -1178.2694, 0.0000, 15585.0935, -1163.5261, 0.0000, 50, 76, 50
L 15509.3091, -1106.2062, 0.0000, 15509.3091, -1056.6167, 0.0000, 56, 48, 40
L 8753.0266, -965.9124, 0.0000, 8753.0266, -999.9543, 0.0000, 56, 48, 40
L 8689.1981, -993.5715, 0.0000, 8753.0266, -1044.1023, 0.0000, 46, 72, 48
L 8753.0266, -1044.1023, 0.0000, 8816.8551, -993.5715, 0.0000, 46, 72, 48
L 8689.1981, -993.5715, 0.0000, 8816.8551, -993.5715, 0.0000, 46, 72, 48
L 8699.0915, -1036.1238, 0.0000, 8753.0266, -1086.6547, 0.0000, 46, 72, 48
L 8753.0266, -1086.6547, 0.0000, 8806.9616, -1036.1238, 0.0000, 46, 72, 48
L 8699.0915, -1036.1238, 0.0000, 8806.9616, -1036.1238, 0.0000, 46, 72, 48
L 8708.9849, -1078.6761, 0.0000, 8753.0266, -1129.2070, 0.0000, 46, 72, 48
L 8753.0266, -1129.2070, 0.0000, 8797.0682, -1078.6761, 0.0000, 46, 72, 48
L 8708.9849, -1078.6761, 0.0000, 8797.0682, -1078.6761, 0.0000, 46, 72, 48
L 8718.8783, -1121.2284, 0.0000, 8753.0266, -1171.7593, 0.0000, 46, 72, 48
L 8753.0266, -1171.7593, 0.0000, 8787.1748, -1121.2284, 0.0000, 46, 72, 48
L 8718.8783, -1121.2284, 0.0000, 8787.1748, -1121.2284, 0.0000, 46, 72, 48
L 7262.1075, 360.4195, 0.0000, 7262.1075, 332.8524, 0.0000, 56, 48, 40
L 7210.4192, 338.0213, 0.0000, 7262.1075, 297.1014, 0.0000, 46, 72, 48
L 7262.1075, 297.1014, 0.0000, 7313.7957, 338.0213, 0.0000, 46, 72, 48
L 7210.4192, 338.0213, 0.0000, 7313.7957, 338.0213, 0.0000, 46, 72, 48
L 7218.4309, 303.5624, 0.0000, 7262.1075, 262.6426, 0.0000, 46, 72, 48
L 7262.1075, 262.6426, 0.0000, 7305.7841, 303.5624, 0.0000, 46, 72, 48
L 7218.4309, 303.5624, 0.0000, 7305.7841, 303.5624, 0.0000, 46, 72, 48
L 7226.4426, 269.1036, 0.0000, 7262.1075, 228.1837, 0.0000, 46, 72, 48
L 7262.1075, 228.1837, 0.0000, 7297.7724, 269.1036, 0.0000, 46, 72, 48
L 7226.4426, 269.1036, 0.0000, 7297.7724, 269.1036, 0.0000, 46, 72, 48
L 7234.4543, 234.6447, 0.0000, 7262.1075, 193.7249, 0.0000, 46, 72, 48
L 7262.1075, 193.7249, 0.0000, 7289.7607, 234.6447, 0.0000, 46, 72, 48
L 7234.4543, 234.6447, 0.0000, 7289.7607, 234.6447, 0.0000, 46, 72, 48
L 11617.8845, 294.2130, 0.0000, 11617.8845, 267.9953, 0.0000, 56, 48, 40
L 11568.7264, 272.9111, 0.0000, 11617.8845, 233.9943, 0.0000, 46, 72, 48
L 11617.8845, 233.9943, 0.0000, 11667.0426, 272.9111, 0.0000, 46, 72, 48
L 11568.7264, 272.9111, 0.0000, 11667.0426, 272.9111, 0.0000, 46, 72, 48
L 11576.3459, 240.1390, 0.0000, 11617.8845, 201.2222, 0.0000, 46, 72, 48
L 11617.8845, 201.2222, 0.0000, 11659.4231, 240.1390, 0.0000, 46, 72, 48
L 11576.3459, 240.1390, 0.0000, 11659.4231, 240.1390, 0.0000, 46, 72, 48
L 11583.9654, 207.3670, 0.0000, 11617.8845, 168.4501, 0.0000, 46, 72, 48
L 11617.8845, 168.4501, 0.0000, 11651.8036, 207.3670, 0.0000, 46, 72, 48
L 11583.9654, 207.3670, 0.0000, 11651.8036, 207.3670, 0.0000, 46, 72, 48
L 11591.5849, 174.5949, 0.0000, 11617.8845, 135.6780, 0.0000, 46, 72, 48
L 11617.8845, 135.6780, 0.0000, 11644.1841, 174.5949, 0.0000, 46, 72, 48
L 11591.5849, 174.5949, 0.0000, 11644.1841, 174.5949, 0.0000, 46, 72, 48
L 790.6626, 2328.3697, 0.0000, 797.5771, 2343.1313, 0.0000, 50, 76, 50
L 797.5771, 2343.1313, 0.0000, 791.9902, 2357.3381, 0.0000, 50, 76, 50
L 791.9902, 2357.3381, 0.0000, 774.7013, 2363.3301, 0.0000, 50, 76, 50
L 774.7013, 2363.3301, 0.0000, 765.0512, 2374.2144, 0.0000, 50, 76, 50
L 765.0512, 2374.2144, 0.0000, 752.5092, 2385.9609, 0.0000, 50, 76, 50
L 752.5092, 2385.9609, 0.0000, 734.9734, 2381.0363, 0.0000, 50, 76, 50
L 734.9734, 2381.0363, 0.0000, 720.3909, 2376.2617, 0.0000, 50, 76, 50
L 720.3909, 2376.2617, 0.0000, 701.9424, 2378.7158, 0.0000, 50, 76, 50
L 701.9424, 2378.7158, 0.0000, 689.3390, 2368.5279, 0.0000, 50, 76, 50
L 689.3390, 2368.5279, 0.0000, 686.8165, 2352.8367, 0.0000, 50, 76, 50
L 686.8165, 2352.8367, 0.0000, 675.3230, 2342.4349, 0.0000, 50, 76, 50
L 675.3230, 2342.4349, 0.0000, 667.4712, 2328.3697, 0.0000, 50, 76, 50
L 667.4712, 2328.3697, 0.0000, 678.5834, 2315.0732, 0.0000, 50, 76, 50
L 678.5834, 2315.0732, 0.0000, 685.3033, 2303.1339, 0.0000, 50, 76, 50
L 685.3033, 2303.1339, 0.0000, 687.5918, 2286.6738, 0.0000, 50, 76, 50
L 687.5918, 2286.6738, 0.0000, 703.4555, 2280.3299, 0.0000, 50, 76, 50
L 703.4555, 2280.3299, 0.0000, 720.6250, 2281.2464, 0.0000, 50, 76, 50
L 720.6250, 2281.2464, 0.0000, 734.9734, 2272.6279, 0.0000, 50, 76, 50
L 734.9734, 2272.6279, 0.0000, 752.2752, 2271.5472, 0.0000, 50, 76, 50
L 752.2752, 2271.5472, 0.0000, 763.5381, 2284.8313, 0.0000, 50, 76, 50
L 763.5381, 2284.8313, 0.0000, 776.4485, 2291.8716, 0.0000, 50, 76, 50
L 776.4485, 2291.8716, 0.0000, 793.5034, 2298.6325, 0.0000, 50, 76, 50
L 793.5034, 2298.6325, 0.0000, 794.3167, 2314.3768, 0.0000, 50, 76, 50
L 794.3167, 2314.3768, 0.0000, 790.6626, 2328.3697, 0.0000, 50, 76, 50
L 734.9734, 2378.8781, 0.0000, 734.9734, 2422.5748, 0.0000, 56, 48, 40
L 7591.8557, 2399.8312, 0.0000, 7591.8557, 2364.2626, 0.0000, 56, 48, 40
L 7525.1648, 2370.9317, 0.0000, 7591.8557, 2318.1347, 0.0000, 46, 72, 48
L 7591.8557, 2318.1347, 0.0000, 7658.5467, 2370.9317, 0.0000, 46, 72, 48
L 7525.1648, 2370.9317, 0.0000, 7658.5467, 2370.9317, 0.0000, 46, 72, 48
L 7535.5019, 2326.4711, 0.0000, 7591.8557, 2273.6741, 0.0000, 46, 72, 48
L 7591.8557, 2273.6741, 0.0000, 7648.2096, 2326.4711, 0.0000, 46, 72, 48
L 7535.5019, 2326.4711, 0.0000, 7648.2096, 2326.4711, 0.0000, 46, 72, 48
L 7545.8390, 2282.0105, 0.0000, 7591.8557, 2229.2135, 0.0000, 46, 72, 48
L 7591.8557, 2229.2135, 0.0000, 7637.8725, 2282.0105, 0.0000, 46, 72, 48
L 7545.8390, 2282.0105, 0.0000, 7637.8725, 2282.0105, 0.0000, 46, 72, 48
L 7556.1761, 2237.5498, 0.0000, 7591.8557, 2184.7528, 0.0000, 46, 72, 48
L 7591.8557, 2184.7528, 0.0000, 7627.5354, 2237.5498, 0.0000, 46, 72, 48
L 7556.1761, 2237.5498, 0.0000, 7627.5354, 2237.5498, 0.0000, 46, 72, 48
L 1073.3652, 2608.8167, 0.0000, 1073.3652, 2508.3036, 0.0000, 56, 48, 40
L 1002.1684, 2508.3036, 0.0000, 1005.6530, 2495.3618, 0.0000, 54, 80, 46
L 1005.6530, 2495.3618, 0.0000, 1015.7658, 2483.6868, 0.0000, 54, 80, 46
L 1015.7658, 2483.6868, 0.0000, 1031.5168, 2474.4216, 0.0000, 54, 80, 46
L 1031.5168, 2474.4216, 0.0000, 1051.3642, 2468.4729, 0.0000, 54, 80, 46
L 1051.3642, 2468.4729, 0.0000, 1073.3652, 2466.4231, 0.0000, 54, 80, 46
L 1073.3652, 2466.4231, 0.0000, 1095.3663, 2468.4729, 0.0000, 54, 80, 46
L 1095.3663, 2468.4729, 0.0000, 1115.2137, 2474.4216, 0.0000, 54, 80, 46
L 1115.2137, 2474.4216, 0.0000, 1130.9647, 2483.6868, 0.0000, 54, 80, 46
L 1130.9647, 2483.6868, 0.0000, 1141.0774, 2495.3618, 0.0000, 54, 80, 46
L 1141.0774, 2495.3618, 0.0000, 1144.5621, 2508.3036, 0.0000, 54, 80, 46
L 1010.0960, 2498.3313, 0.0000, 1007.9820, 2564.5516, 0.0000, 54, 80, 46
L 1027.0490, 2481.0587, 0.0000, 1022.8592, 2560.4212, 0.0000, 54, 80, 46
L 1056.4123, 2471.0864, 0.0000, 1058.2235, 2558.0365, 0.0000, 54, 80, 46
L 1090.3182, 2471.0864, 0.0000, 1085.1874, 2558.0365, 0.0000, 54, 80, 46
L 1119.6815, 2481.0587, 0.0000, 1120.1121, 2560.4212, 0.0000, 54, 80, 46
L 1136.6344, 2498.3313, 0.0000, 1135.0227, 2564.5516, 0.0000, 54, 80, 46
L 3862.4619, 1304.1342, 0.0000, 3852.0668, 1317.4058, 0.0000, 50, 76, 50
L 3852.0668, 1317.4058, 0.0000, 3844.2097, 1328.7386, 0.0000, 50, 76, 50
L 3844.2097, 1328.7386, 0.0000, 3842.1301, 1344.9201, 0.0000, 50, 76, 50
L 3842.1301, 1344.9201, 0.0000, 3827.2391, 1352.0806, 0.0000, 50, 76, 50
L 3827.2391, 1352.0806, 0.0000, 3809.9267, 1350.5870, 0.0000, 50, 76, 50
L 3809.9267, 1350.5870, 0.0000, 3795.7824, 1358.3063, 0.0000, 50, 76, 50
L 3795.7824, 1358.3063, 0.0000, 3778.6365, 1360.4446, 0.0000, 50, 76, 50
L 3778.6365, 1360.4446, 0.0000, 3767.3272, 1347.5057, 0.0000, 50, 76, 50
L 3767.3272, 1347.5057, 0.0000, 3755.4378, 1339.6374, 0.0000, 50, 76, 50
L 3755.4378, 1339.6374, 0.0000, 3738.3505, 1333.3135, 0.0000, 50, 76, 50
L 3738.3505, 1333.3135, 0.0000, 3736.4964, 1318.1135, 0.0000, 50, 76, 50
L 3736.4964, 1318.1135, 0.0000, 3741.1090, 1304.1342, 0.0000, 50, 76, 50
L 3741.1090, 1304.1342, 0.0000, 3734.8490, 1289.7664, 0.0000, 50, 76, 50
L 3734.8490, 1289.7664, 0.0000, 3739.1150, 1275.3433, 0.0000, 50, 76, 50
L 3739.1150, 1275.3433, 0.0000, 3756.3206, 1269.4078, 0.0000, 50, 76, 50
L 3756.3206, 1269.4078, 0.0000, 3766.5627, 1259.5973, 0.0000, 50, 76, 50
L 3766.5627, 1259.5973, 0.0000, 3778.5183, 1247.4353, 0.0000, 50, 76, 50
L 3778.5183, 1247.4353, 0.0000, 3795.7824, 1251.5158, 0.0000, 50, 76, 50
L 3795.7824, 1251.5158, 0.0000, 3810.0450, 1257.2929, 0.0000, 50, 76, 50
L 3810.0450, 1257.2929, 0.0000, 3828.0036, 1255.0224, 0.0000, 50, 76, 50
L 3828.0036, 1255.0224, 0.0000, 3841.2472, 1264.1251, 0.0000, 50, 76, 50
L 3841.2472, 1264.1251, 0.0000, 3843.4451, 1279.9183, 0.0000, 50, 76, 50
L 3843.4451, 1279.9183, 0.0000, 3853.7142, 1290.4741, 0.0000, 50, 76, 50
L 3853.7142, 1290.4741, 0.0000, 3862.4619, 1304.1342, 0.0000, 50, 76, 50
L 3795.7824, 1353.8888, 0.0000, 3795.7824, 1396.9334, 0.0000, 56, 48, 40
L 10778.3729, -1015.1428, 0.0000, 10778.3729, -1050.1931, 0.0000, 56, 48, 40
L 10712.6537, -1043.6212, 0.0000, 10778.3729, -1095.6488, 0.0000, 46, 72, 48
L 10778.3729, -1095.6488, 0.0000, 10844.0921, -1043.6212, 0.0000, 46, 72, 48
L 10712.6537, -1043.6212, 0.0000, 10844.0921, -1043.6212, 0.0000, 46, 72, 48
L 10722.8402, -1087.4339, 0.0000, 10778.3729, -1139.4616, 0.0000, 46, 72, 48
L 10778.3729, -1139.4616, 0.0000, 10833.9056, -1087.4339, 0.0000, 46, 72, 48
L 10722.8402, -1087.4339, 0.0000, 10833.9056, -1087.4339, 0.0000, 46, 72, 48
L 10733.0266, -1131.2467, 0.0000, 10778.3729, -1183.2744, 0.0000, 46, 72, 48
L 10778.3729, -1183.2744, 0.0000, 10823.7191, -1131.2467, 0.0000, 46, 72, 48
L 10733.0266, -1131.2467, 0.0000, 10823.7191, -1131.2467, 0.0000, 46, 72, 48
L 10743.2131, -1175.0595, 0.0000, 10778.3729, -1227.0872, 0.0000, 46, 72, 48
L 10778.3729, -1227.0872, 0.0000, 10813.5326, -1175.0595, 0.0000, 46, 72, 48
L 10743.2131, -1175.0595, 0.0000, 10813.5326, -1175.0595, 0.0000, 46, 72, 48
L 13977.6112, 3031.0569, 0.0000, 13974.2123, 3047.3403, 0.0000, 50, 76, 50
L 13974.2123, 3047.3403, 0.0000, 13977.4244, 3067.7747, 0.0000, 50, 76, 50
L 13977.4244, 3067.7747, 0.0000, 13960.4673, 3079.7318, 0.0000, 50, 76, 50
L 13960.4673, 3079.7318, 0.0000, 13939.6412, 3083.6211, 0.0000, 50, 76, 50
L 13939.6412, 3083.6211, 0.0000, 13925.5983, 3098.1973, 0.0000, 50, 76, 50
L 13925.5983, 3098.1973, 0.0000, 13905.1549, 3104.1447, 0.0000, 50, 76, 50
L 13905.1549, 3104.1447, 0.0000, 13886.7957, 3091.3521, 0.0000, 50, 76, 50
L 13886.7957, 3091.3521, 0.0000, 13868.5843, 3086.7980, 0.0000, 50, 76, 50
L 13868.5843, 3086.7980, 0.0000, 13845.6739, 3083.4001, 0.0000, 50, 76, 50
L 13845.6739, 3083.4001, 0.0000, 13839.1382, 3064.5979, 0.0000, 50, 76, 50
L 13839.1382, 3064.5979, 0.0000, 13838.1817, 3046.8489, 0.0000, 50, 76, 50
L 13838.1817, 3046.8489, 0.0000, 13824.3614, 3031.0569, 0.0000, 50, 76, 50
L 13824.3614, 3031.0569, 0.0000, 13826.1844, 3012.4360, 0.0000, 50, 76, 50
L 13826.1844, 3012.4360, 0.0000, 13844.7062, 3000.3448, 0.0000, 50, 76, 50
L 13844.7062, 3000.3448, 0.0000, 13852.1033, 2984.3715, 0.0000, 50, 76, 50
L 13852.1033, 2984.3715, 0.0000, 13863.0163, 2966.8291, 0.0000, 50, 76, 50
L 13863.0163, 2966.8291, 0.0000, 13885.9343, 2967.9328, 0.0000, 50, 76, 50
L 13885.9343, 2967.9328, 0.0000, 13905.1549, 2969.2849, 0.0000, 50, 76, 50
L 13905.1549, 2969.2849, 0.0000, 13926.4597, 2961.0876, 0.0000, 50, 76, 50
L 13926.4597, 2961.0876, 0.0000, 13945.2092, 2970.0059, 0.0000, 50, 76, 50
L 13945.2092, 2970.0059, 0.0000, 13954.0379, 2988.0399, 0.0000, 50, 76, 50
L 13954.0379, 2988.0399, 0.0000, 13971.8564, 2997.1680, 0.0000, 50, 76, 50
L 13971.8564, 2997.1680, 0.0000, 13986.2097, 3011.9446, 0.0000, 50, 76, 50
L 13986.2097, 3011.9446, 0.0000, 13977.6112, 3031.0569, 0.0000, 50, 76, 50
L 13905.1549, 3093.8893, 0.0000, 13905.1549, 3148.2479, 0.0000, 56, 48, 40
L 5550.3286, -1145.3286, 0.0000, 5557.6297, -1126.6435, 0.0000, 50, 76, 50
L 5557.6297, -1126.6435, 0.0000, 5553.5925, -1107.1191, 0.0000, 50, 76, 50
L 5553.5925, -1107.1191, 0.0000, 5530.8953, -1099.1214, 0.0000, 50, 76, 50
L 5530.8953, -1099.1214, 0.0000, 5516.3716, -1087.4325, 0.0000, 50, 76, 50
L 5516.3716, -1087.4325, 0.0000, 5501.0766, -1070.8119, 0.0000, 50, 76, 50
L 5501.0766, -1070.8119, 0.0000, 5478.3872, -1075.0170, 0.0000, 50, 76, 50
L 5478.3872, -1075.0170, 0.0000, 5459.6945, -1083.9379, 0.0000, 50, 76, 50
L 5459.6945, -1083.9379, 0.0000, 5436.4061, -1081.3407, 0.0000, 50, 76, 50
L 5436.4061, -1081.3407, 0.0000, 5417.8857, -1092.0872, 0.0000, 50, 76, 50
L 5417.8857, -1092.0872, 0.0000, 5415.1719, -1113.2109, 0.0000, 50, 76, 50
L 5415.1719, -1113.2109, 0.0000, 5403.1413, -1127.5859, 0.0000, 50, 76, 50
L 5403.1413, -1127.5859, 0.0000, 5390.4589, -1145.3286, 0.0000, 50, 76, 50
L 5390.4589, -1145.3286, 0.0000, 5403.2074, -1163.0556, 0.0000, 50, 76, 50
L 5403.2074, -1163.0556, 0.0000, 5415.1413, -1177.4618, 0.0000, 50, 76, 50
L 5415.1413, -1177.4618, 0.0000, 5417.8503, -1198.6010, 0.0000, 50, 76, 50
L 5417.8503, -1198.6010, 0.0000, 5436.4367, -1209.2697, 0.0000, 50, 76, 50
L 5436.4367, -1209.2697, 0.0000, 5459.6992, -1206.7036, 0.0000, 50, 76, 50
L 5459.6992, -1206.7036, 0.0000, 5478.3872, -1215.7024, 0.0000, 50, 76, 50
L 5478.3872, -1215.7024, 0.0000, 5501.0718, -1219.8296, 0.0000, 50, 76, 50
L 5501.0718, -1219.8296, 0.0000, 5516.3409, -1203.1779, 0.0000, 50, 76, 50
L 5516.3409, -1203.1779, 0.0000, 5530.9306, -1191.5668, 0.0000, 50, 76, 50
L 5530.9306, -1191.5668, 0.0000, 5553.6232, -1183.5536, 0.0000, 50, 76, 50
L 5553.6232, -1183.5536, 0.0000, 5557.5637, -1163.9980, 0.0000, 50, 76, 50
L 5557.5637, -1163.9980, 0.0000, 5550.3286, -1145.3286, 0.0000, 50, 76, 50
L 5478.3872, -1079.7820, 0.0000, 5478.3872, -1023.0752, 0.0000, 56, 48, 40
L 518.8665, 3576.1794, 0.0000, 518.8665, 3544.9357, 0.0000, 56, 48, 40
L 460.2846, 3550.7939, 0.0000, 518.8665, 3504.4166, 0.0000, 46, 72, 48
L 518.8665, 3504.4166, 0.0000, 577.4484, 3550.7939, 0.0000, 46, 72, 48
L 460.2846, 3550.7939, 0.0000, 577.4484, 3550.7939, 0.0000, 46, 72, 48
L 469.3648, 3511.7393, 0.0000, 518.8665, 3465.3620, 0.0000, 46, 72, 48
L 518.8665, 3465.3620, 0.0000, 568.3682, 3511.7393, 0.0000, 46, 72, 48
L 469.3648, 3511.7393, 0.0000, 568.3682, 3511.7393, 0.0000, 46, 72, 48
L 478.4450, 3472.6847, 0.0000, 518.8665, 3426.3074, 0.0000, 46, 72, 48
L 518.8665, 3426.3074, 0.0000, 559.2880, 3472.6847, 0.0000, 46, 72, 48
L 478.4450, 3472.6847, 0.0000, 559.2880, 3472.6847, 0.0000, 46, 72, 48
L 487.5252, 3433.6302, 0.0000, 518.8665, 3387.2529, 0.0000, 46, 72, 48
L 518.8665, 3387.2529, 0.0000, 550.2078, 3433.6302, 0.0000, 46, 72, 48
L 487.5252, 3433.6302, 0.0000, 550.2078, 3433.6302, 0.0000, 46, 72, 48
L 13113.0562, 2686.1179, 0.0000, 13112.8828, 2708.1685, 0.0000, 50, 76, 50
L 13112.8828, 2708.1685, 0.0000, 13090.8663, 2722.4445, 0.0000, 50, 76, 50
L 13090.8663, 2722.4445, 0.0000, 13080.7533, 2740.1380, 0.0000, 50, 76, 50
L 13080.7533, 2740.1380, 0.0000, 13068.8000, 2761.4642, 0.0000, 50, 76, 50
L 13068.8000, 2761.4642, 0.0000, 13042.2398, 2761.2373, 0.0000, 50, 76, 50
L 13042.2398, 2761.2373, 0.0000, 13019.3669, 2758.0601, 0.0000, 50, 76, 50
L 13019.3669, 2758.0601, 0.0000, 12994.6051, 2767.4408, 0.0000, 50, 76, 50
L 12994.6051, 2767.4408, 0.0000, 12971.8226, 2758.5851, 0.0000, 50, 76, 50
L 12971.8226, 2758.5851, 0.0000, 12961.7582, 2736.8135, 0.0000, 50, 76, 50
L 12961.7582, 2736.8135, 0.0000, 12942.2008, 2725.3235, 0.0000, 50, 76, 50
L 12942.2008, 2725.3235, 0.0000, 12923.9621, 2708.6139, 0.0000, 50, 76, 50
L 12923.9621, 2708.6139, 0.0000, 12933.2331, 2686.1179, 0.0000, 50, 76, 50
L 12933.2331, 2686.1179, 0.0000, 12939.1870, 2667.2119, 0.0000, 50, 76, 50
L 12939.1870, 2667.2119, 0.0000, 12935.1349, 2643.3223, 0.0000, 50, 76, 50
L 12935.1349, 2643.3223, 0.0000, 12953.5992, 2628.2423, 0.0000, 50, 76, 50
L 12953.5992, 2628.2423, 0.0000, 12978.8885, 2624.4206, 0.0000, 50, 76, 50
L 12978.8885, 2624.4206, 0.0000, 12995.6982, 2608.3850, 0.0000, 50, 76, 50
L 12995.6982, 2608.3850, 0.0000, 13019.3669, 2599.8158, 0.0000, 50, 76, 50
L 13019.3669, 2599.8158, 0.0000, 13041.1467, 2614.5885, 0.0000, 50, 76, 50
L 13041.1467, 2614.5885, 0.0000, 13061.7341, 2621.5415, 0.0000, 50, 76, 50
L 13061.7341, 2621.5415, 0.0000, 13088.9123, 2624.9179, 0.0000, 50, 76, 50
L 13088.9123, 2624.9179, 0.0000, 13097.9322, 2646.2014, 0.0000, 50, 76, 50
L 13097.9322, 2646.2014, 0.0000, 13097.6579, 2667.6572, 0.0000, 50, 76, 50
L 13097.6579, 2667.6572, 0.0000, 13113.0562, 2686.1179, 0.0000, 50, 76, 50
L 13019.3669, 2759.8454, 0.0000, 13019.3669, 2823.6297, 0.0000, 56, 48, 40
L 15198.0702, 1185.7357, 0.0000, 15198.0702, 1159.6641, 0.0000, 56, 48, 40
L 15149.1858, 1164.5525, 0.0000, 15198.0702, 1125.8524, 0.0000, 46, 72, 48
L 15198.0702, 1125.8524, 0.0000, 15246.9545, 1164.5525, 0.0000, 46, 72, 48
L 15149.1858, 1164.5525, 0.0000, 15246.9545, 1164.5525, 0.0000, 46, 72, 48
L 15156.7629, 1131.9630, 0.0000, 15198.0702, 1093.2629, 0.0000, 46, 72, 48
L 15198.0702, 1093.2629, 0.0000, 15239.3774, 1131.9630, 0.0000, 46, 72, 48
L 15156.7629, 1131.9630, 0.0000, 15239.3774, 1131.9630, 0.0000, 46, 72, 48
L 15164.3400, 1099.3734, 0.0000, 15198.0702, 1060.6733, 0.0000, 46, 72, 48
L 15198.0702, 1060.6733, 0.0000, 15231.8003, 1099.3734, 0.0000, 46, 72, 48
L 15164.3400, 1099.3734, 0.0000, 15231.8003, 1099.3734, 0.0000, 46, 72, 48
L 15171.9170, 1066.7839, 0.0000, 15198.0702, 1028.0838, 0.0000, 46, 72, 48
L 15198.0702, 1028.0838, 0.0000, 15224.2233, 1066.7839, 0.0000, 46, 72, 48
L 15171.9170, 1066.7839, 0.0000, 15224.2233, 1066.7839, 0.0000, 46, 72, 48
L 5359.5607, 3164.7611, 0.0000, 5359.5607, 3063.9297, 0.0000, 56, 48, 40
L 5288.1384, 3063.9297, 0.0000, 5291.6341, 3050.9469, 0.0000, 54, 80, 46
L 5291.6341, 3050.9469, 0.0000, 5301.7789, 3039.2350, 0.0000, 54, 80, 46
L 5301.7789, 3039.2350, 0.0000, 5317.5797, 3029.9404, 0.0000, 54, 80, 46
L 5317.5797, 3029.9404, 0.0000, 5337.4900, 3023.9729, 0.0000, 54, 80, 46
L 5337.4900, 3023.9729, 0.0000, 5359.5607, 3021.9166, 0.0000, 54, 80, 46
L 5359.5607, 3021.9166, 0.0000, 5381.6314, 3023.9729, 0.0000, 54, 80, 46
L 5381.6314, 3023.9729, 0.0000, 5401.5417, 3029.9404, 0.0000, 54, 80, 46
L 5401.5417, 3029.9404, 0.0000, 5417.3425, 3039.2350, 0.0000, 54, 80, 46
L 5417.3425, 3039.2350, 0.0000, 5427.4873, 3050.9469, 0.0000, 54, 80, 46
L 5427.4873, 3050.9469, 0.0000, 5430.9830, 3063.9297, 0.0000, 54, 80, 46
L 5296.0912, 3053.9258, 0.0000, 5301.6741, 3120.3558, 0.0000, 54, 80, 46
L 5313.0978, 3036.5986, 0.0000, 5307.2376, 3116.2123, 0.0000, 54, 80, 46
L 5342.5541, 3026.5947, 0.0000, 5345.3860, 3113.8201, 0.0000, 54, 80, 46
L 5376.5673, 3026.5947, 0.0000, 5372.4635, 3113.8201, 0.0000, 54, 80, 46
L 5406.0236, 3036.5986, 0.0000, 5411.8597, 3116.2123, 0.0000, 54, 80, 46
L 5423.0302, 3053.9258, 0.0000, 5417.2328, 3120.3558, 0.0000, 54, 80, 46
L 11544.6217, -365.8473, 0.0000, 11544.6217, -406.6696, 0.0000, 56, 48, 40
L 11468.0797, -399.0154, 0.0000, 11544.6217, -459.6112, 0.0000, 46, 72, 48
L 11544.6217, -459.6112, 0.0000, 11621.1636, -399.0154, 0.0000, 46, 72, 48
L 11468.0797, -399.0154, 0.0000, 11621.1636, -399.0154, 0.0000, 46, 72, 48
L 11479.9437, -450.0434, 0.0000, 11544.6217, -510.6391, 0.0000, 46, 72, 48
L 11544.6217, -510.6391, 0.0000, 11609.2996, -450.0434, 0.0000, 46, 72, 48
L 11479.9437, -450.0434, 0.0000, 11609.2996, -450.0434, 0.0000, 46, 72, 48
L 11491.8077, -501.0714, 0.0000, 11544.6217, -561.6671, 0.0000, 46, 72, 48
L 11544.6217, -561.6671, 0.0000, 11597.4356, -501.0714, 0.0000, 46, 72, 48
L 11491.8077, -501.0714, 0.0000, 11597.4356, -501.0714, 0.0000, 46, 72, 48
L 11503.6717, -552.0994, 0.0000, 11544.6217, -612.6951, 0.0000, 46, 72, 48
L 11544.6217, -612.6951, 0.0000, 11585.5716, -552.0994, 0.0000, 46, 72, 48
L 11503.6717, -552.0994, 0.0000, 11585.5716, -552.0994, 0.0000, 46, 72, 48
L 5641.6354, 1753.4381, 0.0000, 5641.6354, 1723.0327, 0.0000, 56, 48, 40
L 5584.6252, 1728.7337, 0.0000, 5641.6354, 1683.6006, 0.0000, 46, 72, 48
L 5641.6354, 1683.6006, 0.0000, 5698.6456, 1728.7337, 0.0000, 46, 72, 48
L 5584.6252, 1728.7337, 0.0000, 5698.6456, 1728.7337, 0.0000, 46, 72, 48
L 5593.4618, 1690.7269, 0.0000, 5641.6354, 1645.5938, 0.0000, 46, 72, 48
L 5641.6354, 1645.5938, 0.0000, 5689.8090, 1690.7269, 0.0000, 46, 72, 48
L 5593.4618, 1690.7269, 0.0000, 5689.8090, 1690.7269, 0.0000, 46, 72, 48
L 5602.2984, 1652.7201, 0.0000, 5641.6354, 1607.5871, 0.0000, 46, 72, 48
L 5641.6354, 1607.5871, 0.0000, 5680.9724, 1652.7201, 0.0000, 46, 72, 48
L 5602.2984, 1652.7201, 0.0000, 5680.9724, 1652.7201, 0.0000, 46, 72, 48
L 5611.1349, 1614.7133, 0.0000, 5641.6354, 1569.5803, 0.0000, 46, 72, 48
L 5641.6354, 1569.5803, 0.0000, 5672.1358, 1614.7133, 0.0000, 46, 72, 48
L 5611.1349, 1614.7133, 0.0000, 5672.1358, 1614.7133, 0.0000, 46, 72, 48
L 8449.8556, -1343.2544, 0.0000, 8460.2237, -1322.1853, 0.0000, 50, 76, 50
L 8460.2237, -1322.1853, 0.0000, 8447.1960, -1304.4758, 0.0000, 50, 76, 50
L 8447.1960, -1304.4758, 0.0000, 8425.2302, -1295.4178, 0.0000, 50, 76, 50
L 8425.2302, -1295.4178, 0.0000, 8414.4081, -1276.8940, 0.0000, 50, 76, 50
L 8414.4081, -1276.8940, 0.0000, 8394.9543, -1264.1581, 0.0000, 50, 76, 50
L 8394.9543, -1264.1581, 0.0000, 8370.8704, -1273.0660, 0.0000, 50, 76, 50
L 8370.8704, -1273.0660, 0.0000, 8349.9933, -1274.6894, 0.0000, 50, 76, 50
L 8349.9933, -1274.6894, 0.0000, 8324.1261, -1272.0064, 0.0000, 50, 76, 50
L 8324.1261, -1272.0064, 0.0000, 8310.0974, -1289.7741, 0.0000, 50, 76, 50
L 8310.0974, -1289.7741, 0.0000, 8304.1649, -1309.3634, 0.0000, 50, 76, 50
L 8304.1649, -1309.3634, 0.0000, 8284.7238, -1322.9414, 0.0000, 50, 76, 50
L 8284.7238, -1322.9414, 0.0000, 8279.0586, -1343.2544, 0.0000, 50, 76, 50
L 8279.0586, -1343.2544, 0.0000, 8295.2464, -1361.0862, 0.0000, 50, 76, 50
L 8295.2464, -1361.0862, 0.0000, 8299.2814, -1379.6265, 0.0000, 50, 76, 50
L 8299.2814, -1379.6265, 0.0000, 8304.4584, -1401.6970, 0.0000, 50, 76, 50
L 8304.4584, -1401.6970, 0.0000, 8329.0096, -1407.0589, 0.0000, 50, 76, 50
L 8329.0096, -1407.0589, 0.0000, 8350.7487, -1409.3381, 0.0000, 50, 76, 50
L 8350.7487, -1409.3381, 0.0000, 8370.8704, -1423.3674, 0.0000, 50, 76, 50
L 8370.8704, -1423.3674, 0.0000, 8394.1988, -1419.8695, 0.0000, 50, 76, 50
L 8394.1988, -1419.8695, 0.0000, 8409.5246, -1402.1713, 0.0000, 50, 76, 50
L 8409.5246, -1402.1713, 0.0000, 8430.8692, -1396.0533, 0.0000, 50, 76, 50
L 8430.8692, -1396.0533, 0.0000, 8452.0795, -1384.5141, 0.0000, 50, 76, 50
L 8452.0795, -1384.5141, 0.0000, 8449.7012, -1361.8423, 0.0000, 50, 76, 50
L 8449.7012, -1361.8423, 0.0000, 8449.8556, -1343.2544, 0.0000, 50, 76, 50
L 8370.8704, -1273.2276, 0.0000, 8370.8704, -1212.6449, 0.0000, 56, 48, 40
L 2921.3162, 1201.4232, 0.0000, 2924.7024, 1222.7705, 0.0000, 50, 76, 50
L 2924.7024, 1222.7705, 0.0000, 2903.8853, 1236.8437, 0.0000, 50, 76, 50
L 2903.8853, 1236.8437, 0.0000, 2891.2805, 1251.6810, 0.0000, 50, 76, 50
L 2891.2805, 1251.6810, 0.0000, 2881.0969, 1272.9505, 0.0000, 50, 76, 50
L 2881.0969, 1272.9505, 0.0000, 2856.6385, 1275.2166, 0.0000, 50, 76, 50
L 2856.6385, 1275.2166, 0.0000, 2834.1693, 1269.5097, 0.0000, 50, 76, 50
L 2834.1693, 1269.5097, 0.0000, 2811.0567, 1277.3297, 0.0000, 50, 76, 50
L 2811.0567, 1277.3297, 0.0000, 2787.8852, 1271.9698, 0.0000, 50, 76, 50
L 2787.8852, 1271.9698, 0.0000, 2778.3450, 1250.5486, 0.0000, 50, 76, 50
L 2778.3450, 1250.5486, 0.0000, 2762.5231, 1237.8244, 0.0000, 50, 76, 50
L 2762.5231, 1237.8244, 0.0000, 2742.9928, 1222.9222, 0.0000, 50, 76, 50
L 2742.9928, 1222.9222, 0.0000, 2749.5961, 1201.4232, 0.0000, 50, 76, 50
L 2749.5961, 1201.4232, 0.0000, 2758.8335, 1183.6594, 0.0000, 50, 76, 50
L 2758.8335, 1183.6594, 0.0000, 2755.1713, 1161.2869, 0.0000, 50, 76, 50
L 2755.1713, 1161.2869, 0.0000, 2769.8560, 1144.8275, 0.0000, 50, 76, 50
L 2769.8560, 1144.8275, 0.0000, 2795.2369, 1142.0822, 0.0000, 50, 76, 50
L 2795.2369, 1142.0822, 0.0000, 2812.1941, 1129.2519, 0.0000, 50, 76, 50
L 2812.1941, 1129.2519, 0.0000, 2834.1693, 1118.3960, 0.0000, 50, 76, 50
L 2834.1693, 1118.3960, 0.0000, 2855.5012, 1131.3651, 0.0000, 50, 76, 50
L 2855.5012, 1131.3651, 0.0000, 2873.7452, 1141.1015, 0.0000, 50, 76, 50
L 2873.7452, 1141.1015, 0.0000, 2899.7695, 1143.6951, 0.0000, 50, 76, 50
L 2899.7695, 1143.6951, 0.0000, 2911.2370, 1162.2676, 0.0000, 50, 76, 50
L 2911.2370, 1162.2676, 0.0000, 2908.8617, 1183.8111, 0.0000, 50, 76, 50
L 2908.8617, 1183.8111, 0.0000, 2921.3162, 1201.4232, 0.0000, 50, 76, 50
L 2834.1693, 1271.8285, 0.0000, 2834.1693, 1332.7386, 0.0000, 56, 48, 40
L 11588.4875, -1328.2752, 0.0000, 11579.8486, -1310.1248, 0.0000, 50, 76, 50
L 11579.8486, -1310.1248, 0.0000, 11564.0569, -1297.1899, 0.0000, 50, 76, 50
L 11564.0569, -1297.1899, 0.0000, 11560.3277, -1277.7155, 0.0000, 50, 76, 50
L 11560.3277, -1277.7155, 0.0000, 11545.2763, -1263.6448, 0.0000, 50, 76, 50
L 11545.2763, -1263.6448, 0.0000, 11521.6023, -1266.7663, 0.0000, 50, 76, 50
L 11521.6023, -1266.7663, 0.0000, 11502.8736, -1262.0549, 0.0000, 50, 76, 50
L 11502.8736, -1262.0549, 0.0000, 11480.5638, -1255.0052, 0.0000, 50, 76, 50
L 11480.5638, -1255.0052, 0.0000, 11464.0520, -1269.1031, 0.0000, 50, 76, 50
L 11464.0520, -1269.1031, 0.0000, 11452.5817, -1284.0183, 0.0000, 50, 76, 50
L 11452.5817, -1284.0183, 0.0000, 11430.9470, -1291.7316, 0.0000, 50, 76, 50
L 11430.9470, -1291.7316, 0.0000, 11422.3175, -1309.2804, 0.0000, 50, 76, 50
L 11422.3175, -1309.2804, 0.0000, 11431.5841, -1328.2752, 0.0000, 50, 76, 50
L 11431.5841, -1328.2752, 0.0000, 11428.2915, -1345.8613, 0.0000, 50, 76, 50
L 11428.2915, -1345.8613, 0.0000, 11428.1745, -1366.2274, 0.0000, 50, 76, 50
L 11428.1745, -1366.2274, 0.0000, 11449.3802, -1375.3493, 0.0000, 50, 76, 50
L 11449.3802, -1375.3493, 0.0000, 11466.8246, -1383.2213, 0.0000, 50, 76, 50
L 11466.8246, -1383.2213, 0.0000, 11480.9927, -1400.1365, 0.0000, 50, 76, 50
L 11480.9927, -1400.1365, 0.0000, 11502.8736, -1400.1300, 0.0000, 50, 76, 50
L 11502.8736, -1400.1300, 0.0000, 11521.1734, -1388.3754, 0.0000, 50, 76, 50
L 11521.1734, -1388.3754, 0.0000, 11542.5037, -1388.6796, 0.0000, 50, 76, 50
L 11542.5037, -1388.6796, 0.0000, 11563.5292, -1381.6521, 0.0000, 50, 76, 50
L 11563.5292, -1381.6521, 0.0000, 11566.8294, -1360.7691, 0.0000, 50, 76, 50
L 11566.8294, -1360.7691, 0.0000, 11573.8746, -1345.0169, 0.0000, 50, 76, 50
L 11573.8746, -1345.0169, 0.0000, 11588.4875, -1328.2752, 0.0000, 50, 76, 50
L 11502.8736, -1263.9447, 0.0000, 11502.8736, -1208.2902, 0.0000, 56, 48, 40
L 401.8934, 538.0127, 0.0000, 401.8934, 508.0163, 0.0000, 56, 48, 40
L 345.6500, 513.6406, 0.0000, 401.8934, 469.1145, 0.0000, 46, 72, 48
L 401.8934, 469.1145, 0.0000, 458.1368, 513.6406, 0.0000, 46, 72, 48
L 345.6500, 513.6406, 0.0000, 458.1368, 513.6406, 0.0000, 46, 72, 48
L 354.3677, 476.1450, 0.0000, 401.8934, 431.6189, 0.0000, 46, 72, 48
L 401.8934, 431.6189, 0.0000, 449.4191, 476.1450, 0.0000, 46, 72, 48
L 354.3677, 476.1450, 0.0000, 449.4191, 476.1450, 0.0000, 46, 72, 48
L 363.0854, 438.6494, 0.0000, 401.8934, 394.1233, 0.0000, 46, 72, 48
L 401.8934, 394.1233, 0.0000, 440.7014, 438.6494, 0.0000, 46, 72, 48
L 363.0854, 438.6494, 0.0000, 440.7014, 438.6494, 0.0000, 46, 72, 48
L 371.8032, 401.1537, 0.0000, 401.8934, 356.6277, 0.0000, 46, 72, 48
L 401.8934, 356.6277, 0.0000, 431.9836, 401.1537, 0.0000, 46, 72, 48
L 371.8032, 401.1537, 0.0000, 431.9836, 401.1537, 0.0000, 46, 72, 48
L 9954.1898, 1549.7251, 0.0000, 9954.1898, 1515.9623, 0.0000, 56, 48, 40
L 9890.8845, 1522.2928, 0.0000, 9954.1898, 1472.1761, 0.0000, 46, 72, 48
L 9954.1898, 1472.1761, 0.0000, 10017.4951, 1522.2928, 0.0000, 46, 72, 48
L 9890.8845, 1522.2928, 0.0000, 10017.4951, 1522.2928, 0.0000, 46, 72, 48
L 9900.6968, 1480.0893, 0.0000, 9954.1898, 1429.9726, 0.0000, 46, 72, 48
L 9954.1898, 1429.9726, 0.0000, 10007.6828, 1480.0893, 0.0000, 46, 72, 48
L 9900.6968, 1480.0893, 0.0000, 10007.6828, 1480.0893, 0.0000, 46, 72, 48
L 9910.5091, 1437.8857, 0.0000, 9954.1898, 1387.7690, 0.0000, 46, 72, 48
L 9954.1898, 1387.7690, 0.0000, 9997.8705, 1437.8857, 0.0000, 46, 72, 48
L 9910.5091, 1437.8857, 0.0000, 9997.8705, 1437.8857, 0.0000, 46, 72, 48
L 9920.3215, 1395.6822, 0.0000, 9954.1898, 1345.5655, 0.0000, 46, 72, 48
L 9954.1898, 1345.5655, 0.0000, 9988.0581, 1395.6822, 0.0000, 46, 72, 48
L 9920.3215, 1395.6822, 0.0000, 9988.0581, 1395.6822, 0.0000, 46, 72, 48
L 803.7008, 2937.8089, 0.0000, 805.2075, 2952.9535, 0.0000, 50, 76, 50
L 805.2075, 2952.9535, 0.0000, 806.2488, 2970.9701, 0.0000, 50, 76, 50
L 806.2488, 2970.9701, 0.0000, 788.3565, 2979.5006, 0.0000, 50, 76, 50
L 788.3565, 2979.5006, 0.0000, 772.2088, 2985.4087, 0.0000, 50, 76, 50
L 772.2088, 2985.4087, 0.0000, 759.9187, 3000.0089, 0.0000, 50, 76, 50
L 759.9187, 3000.0089, 0.0000, 740.9796, 3001.3188, 0.0000, 50, 76, 50
L 740.9796, 3001.3188, 0.0000, 724.9395, 2990.4876, 0.0000, 50, 76, 50
L 724.9395, 2990.4876, 0.0000, 706.8511, 2989.8275, 0.0000, 50, 76, 50
L 706.8511, 2989.8275, 0.0000, 687.8043, 2984.6030, 0.0000, 50, 76, 50
L 687.8043, 2984.6030, 0.0000, 684.4077, 2966.5512, 0.0000, 50, 76, 50
L 684.4077, 2966.5512, 0.0000, 679.6507, 2952.2699, 0.0000, 50, 76, 50
L 679.6507, 2952.2699, 0.0000, 666.6618, 2937.8089, 0.0000, 50, 76, 50
L 666.6618, 2937.8089, 0.0000, 672.8380, 2921.7414, 0.0000, 50, 76, 50
L 672.8380, 2921.7414, 0.0000, 687.5695, 2910.6729, 0.0000, 50, 76, 50
L 687.5695, 2910.6729, 0.0000, 691.4553, 2894.2275, 0.0000, 50, 76, 50
L 691.4553, 2894.2275, 0.0000, 703.6893, 2880.9709, 0.0000, 50, 76, 50
L 703.6893, 2880.9709, 0.0000, 724.4504, 2883.5237, 0.0000, 50, 76, 50
L 724.4504, 2883.5237, 0.0000, 740.9796, 2880.7245, 0.0000, 50, 76, 50
L 740.9796, 2880.7245, 0.0000, 760.4078, 2874.0024, 0.0000, 50, 76, 50
L 760.4078, 2874.0024, 0.0000, 775.3706, 2885.3898, 0.0000, 50, 76, 50
L 775.3706, 2885.3898, 0.0000, 784.7056, 2899.3300, 0.0000, 50, 76, 50
L 784.7056, 2899.3300, 0.0000, 803.0870, 2906.2540, 0.0000, 50, 76, 50
L 803.0870, 2906.2540, 0.0000, 812.0203, 2921.0578, 0.0000, 50, 76, 50
L 812.0203, 2921.0578, 0.0000, 803.7008, 2937.8089, 0.0000, 50, 76, 50
L 740.9796, 2993.9948, 0.0000, 740.9796, 3042.6034, 0.0000, 56, 48, 40
L 1578.9821, -1082.2158, 0.0000, 1585.7227, -1068.4490, 0.0000, 50, 76, 50
L 1585.7227, -1068.4490, 0.0000, 1579.3305, -1055.8001, 0.0000, 50, 76, 50
L 1579.3305, -1055.8001, 0.0000, 1563.7166, -1050.2026, 0.0000, 50, 76, 50
L 1563.7166, -1050.2026, 0.0000, 1555.4887, -1039.3083, 0.0000, 50, 76, 50
L 1555.4887, -1039.3083, 0.0000, 1543.4824, -1029.1942, 0.0000, 50, 76, 50
L 1543.4824, -1029.1942, 0.0000, 1527.3380, -1034.3633, 0.0000, 50, 76, 50
L 1527.3380, -1034.3633, 0.0000, 1513.7648, -1037.6386, 0.0000, 50, 76, 50
L 1513.7648, -1037.6386, 0.0000, 1496.6160, -1035.3892, 0.0000, 50, 76, 50
L 1496.6160, -1035.3892, 0.0000, 1485.8169, -1045.6773, 0.0000, 50, 76, 50
L 1485.8169, -1045.6773, 0.0000, 1483.0592, -1059.7192, 0.0000, 50, 76, 50
L 1483.0592, -1059.7192, 0.0000, 1471.5246, -1069.0552, 0.0000, 50, 76, 50
L 1471.5246, -1069.0552, 0.0000, 1465.4089, -1082.2158, 0.0000, 50, 76, 50
L 1465.4089, -1082.2158, 0.0000, 1476.0194, -1094.3165, 0.0000, 50, 76, 50
L 1476.0194, -1094.3165, 0.0000, 1480.9732, -1105.7723, 0.0000, 50, 76, 50
L 1480.9732, -1105.7723, 0.0000, 1483.4082, -1120.8740, 0.0000, 50, 76, 50
L 1483.4082, -1120.8740, 0.0000, 1498.7021, -1125.8627, 0.0000, 50, 76, 50
L 1498.7021, -1125.8627, 0.0000, 1514.0875, -1125.7331, 0.0000, 50, 76, 50
L 1514.0875, -1125.7331, 0.0000, 1527.3380, -1134.3077, 0.0000, 50, 76, 50
L 1527.3380, -1134.3077, 0.0000, 1543.1597, -1134.1775, 0.0000, 50, 76, 50
L 1543.1597, -1134.1775, 0.0000, 1553.4026, -1121.9437, 0.0000, 50, 76, 50
L 1553.4026, -1121.9437, 0.0000, 1566.1253, -1116.3486, 0.0000, 50, 76, 50
L 1566.1253, -1116.3486, 0.0000, 1581.4165, -1109.6914, 0.0000, 50, 76, 50
L 1581.4165, -1109.6914, 0.0000, 1581.2278, -1094.9228, 0.0000, 50, 76, 50
L 1581.2278, -1094.9228, 0.0000, 1578.9821, -1082.2158, 0.0000, 50, 76, 50
L 1527.3380, -1035.6508, 0.0000, 1527.3380, -995.3657, 0.0000, 56, 48, 40
L 5035.9484, 389.7381, 0.0000, 5035.9484, 351.7334, 0.0000, 56, 48, 40
L 4964.6895, 358.8592, 0.0000, 5035.9484, 302.4460, 0.0000, 46, 72, 48
L 5035.9484, 302.4460, 0.0000, 5107.2072, 358.8592, 0.0000, 46, 72, 48
L 4964.6895, 358.8592, 0.0000, 5107.2072, 358.8592, 0.0000, 46, 72, 48
L 4975.7347, 311.3533, 0.0000, 5035.9484, 254.9401, 0.0000, 46, 72, 48
L 5035.9484, 254.9401, 0.0000, 5096.1621, 311.3533, 0.0000, 46, 72, 48
L 4975.7347, 311.3533, 0.0000, 5096.1621, 311.3533, 0.0000, 46, 72, 48
L 4986.7798, 263.8474, 0.0000, 5035.9484, 207.4342, 0.0000, 46, 72, 48
L 5035.9484, 207.4342, 0.0000, 5085.1170, 263.8474, 0.0000, 46, 72, 48
L 4986.7798, 263.8474, 0.0000, 5085.1170, 263.8474, 0.0000, 46, 72, 48
L 4997.8249, 216.3415, 0.0000, 5035.9484, 159.9283, 0.0000, 46, 72, 48
L 5035.9484, 159.9283, 0.0000, 5074.0719, 216.3415, 0.0000, 46, 72, 48
L 4997.8249, 216.3415, 0.0000, 5074.0719, 216.3415, 0.0000, 46, 72, 48
L 1597.0092, 826.1915, 0.0000, 1592.8347, 840.5527, 0.0000, 50, 76, 50
L 1592.8347, 840.5527, 0.0000, 1579.1445, 850.1801, 0.0000, 50, 76, 50
L 1579.1445, 850.1801, 0.0000, 1575.0367, 864.1262, 0.0000, 50, 76, 50
L 1575.0367, 864.1262, 0.0000, 1565.0103, 876.6138, 0.0000, 50, 76, 50
L 1565.0103, 876.6138, 0.0000, 1546.6889, 874.6656, 0.0000, 50, 76, 50
L 1546.6889, 874.6656, 0.0000, 1531.9292, 875.9617, 0.0000, 50, 76, 50
L 1531.9292, 875.9617, 0.0000, 1514.8638, 882.2375, 0.0000, 50, 76, 50
L 1514.8638, 882.2375, 0.0000, 1501.1536, 873.0997, 0.0000, 50, 76, 50
L 1501.1536, 873.0997, 0.0000, 1493.4327, 860.0684, 0.0000, 50, 76, 50
L 1493.4327, 860.0684, 0.0000, 1477.7971, 853.6942, 0.0000, 50, 76, 50
L 1477.7971, 853.6942, 0.0000, 1468.7181, 841.0963, 0.0000, 50, 76, 50
L 1468.7181, 841.0963, 0.0000, 1476.0714, 826.1915, 0.0000, 50, 76, 50
L 1476.0714, 826.1915, 0.0000, 1476.0177, 813.0078, 0.0000, 50, 76, 50
L 1476.0177, 813.0078, 0.0000, 1474.4093, 796.9675, 0.0000, 50, 76, 50
L 1474.4093, 796.9675, 0.0000, 1489.5208, 788.8721, 0.0000, 50, 76, 50
L 1489.5208, 788.8721, 0.0000, 1504.5414, 784.4469, 0.0000, 50, 76, 50
L 1504.5414, 784.4469, 0.0000, 1515.3879, 771.8667, 0.0000, 50, 76, 50
L 1515.3879, 771.8667, 0.0000, 1531.9292, 769.5364, 0.0000, 50, 76, 50
L 1531.9292, 769.5364, 0.0000, 1546.1648, 779.4386, 0.0000, 50, 76, 50
L 1546.1648, 779.4386, 0.0000, 1561.6225, 780.9327, 0.0000, 50, 76, 50
L 1561.6225, 780.9327, 0.0000, 1578.9486, 784.8144, 0.0000, 50, 76, 50
L 1578.9486, 784.8144, 0.0000, 1582.5323, 800.4816, 0.0000, 50, 76, 50
L 1582.5323, 800.4816, 0.0000, 1585.5350, 813.5515, 0.0000, 50, 76, 50
L 1585.5350, 813.5515, 0.0000, 1597.0092, 826.1915, 0.0000, 50, 76, 50
L 1531.9292, 875.7760, 0.0000, 1531.9292, 918.6733, 0.0000, 56, 48, 40
L 843.4183, -1288.6801, 0.0000, 831.9177, -1274.9657, 0.0000, 50, 76, 50
L 831.9177, -1274.9657, 0.0000, 825.0627, -1262.6124, 0.0000, 50, 76, 50
L 825.0627, -1262.6124, 0.0000, 822.6838, -1245.6230, 0.0000, 50, 76, 50
L 822.6838, -1245.6230, 0.0000, 806.2622, -1239.1328, 0.0000, 50, 76, 50
L 806.2622, -1239.1328, 0.0000, 788.5669, -1240.0357, 0.0000, 50, 76, 50
L 788.5669, -1240.0357, 0.0000, 773.7553, -1231.0932, 0.0000, 50, 76, 50
L 773.7553, -1231.0932, 0.0000, 755.9032, -1230.0503, 0.0000, 50, 76, 50
L 755.9032, -1230.0503, 0.0000, 744.2887, -1243.7670, 0.0000, 50, 76, 50
L 744.2887, -1243.7670, 0.0000, 730.9076, -1250.9741, 0.0000, 50, 76, 50
L 730.9076, -1250.9741, 0.0000, 713.3266, -1257.9782, 0.0000, 50, 76, 50
L 713.3266, -1257.9782, 0.0000, 712.5525, -1274.2488, 0.0000, 50, 76, 50
L 712.5525, -1274.2488, 0.0000, 716.2540, -1288.6801, 0.0000, 50, 76, 50
L 716.2540, -1288.6801, 0.0000, 709.0864, -1303.9287, 0.0000, 50, 76, 50
L 709.0864, -1303.9287, 0.0000, 714.9352, -1318.5647, 0.0000, 50, 76, 50
L 714.9352, -1318.5647, 0.0000, 732.7651, -1324.7515, 0.0000, 50, 76, 50
L 732.7651, -1324.7515, 0.0000, 742.6801, -1336.0450, 0.0000, 50, 76, 50
L 742.6801, -1336.0450, 0.0000, 755.6544, -1348.1272, 0.0000, 50, 76, 50
L 755.6544, -1348.1272, 0.0000, 773.7553, -1342.9978, 0.0000, 50, 76, 50
L 773.7553, -1342.9978, 0.0000, 788.8158, -1338.1418, 0.0000, 50, 76, 50
L 788.8158, -1338.1418, 0.0000, 807.8709, -1340.6793, 0.0000, 50, 76, 50
L 807.8709, -1340.6793, 0.0000, 820.8263, -1330.1026, 0.0000, 50, 76, 50
L 820.8263, -1330.1026, 0.0000, 823.4541, -1313.9305, 0.0000, 50, 76, 50
L 823.4541, -1313.9305, 0.0000, 835.3838, -1303.2118, 0.0000, 50, 76, 50
L 835.3838, -1303.2118, 0.0000, 843.4183, -1288.6801, 0.0000, 50, 76, 50
L 773.7553, -1236.5427, 0.0000, 773.7553, -1191.4368, 0.0000, 56, 48, 40
L 11481.5401, 3490.0145, 0.0000, 11469.9058, 3505.1326, 0.0000, 50, 76, 50
L 11469.9058, 3505.1326, 0.0000, 11471.2370, 3523.2657, 0.0000, 50, 76, 50
L 11471.2370, 3523.2657, 0.0000, 11462.4895, 3539.9095, 0.0000, 50, 76, 50
L 11462.4895, 3539.9095, 0.0000, 11440.0918, 3542.2965, 0.0000, 50, 76, 50
L 11440.0918, 3542.2965, 0.0000, 11423.9038, 3549.5021, 0.0000, 50, 76, 50
L 11423.9038, 3549.5021, 0.0000, 11405.7906, 3561.1633, 0.0000, 50, 76, 50
L 11405.7906, 3561.1633, 0.0000, 11386.6784, 3552.7830, 0.0000, 50, 76, 50
L 11386.6784, 3552.7830, 0.0000, 11372.4884, 3540.7738, 0.0000, 50, 76, 50
L 11372.4884, 3540.7738, 0.0000, 11351.0897, 3538.1513, 0.0000, 50, 76, 50
L 11351.0897, 3538.1513, 0.0000, 11337.3473, 3524.7884, 0.0000, 50, 76, 50
L 11337.3473, 3524.7884, 0.0000, 11340.6764, 3505.3681, 0.0000, 50, 76, 50
L 11340.6764, 3505.3681, 0.0000, 11334.0370, 3490.0145, 0.0000, 50, 76, 50
L 11334.0370, 3490.0145, 0.0000, 11327.4288, 3471.5371, 0.0000, 50, 76, 50
L 11327.4288, 3471.5371, 0.0000, 11343.4955, 3458.3643, 0.0000, 50, 76, 50
L 11343.4955, 3458.3643, 0.0000, 11358.1890, 3448.1251, 0.0000, 50, 76, 50
L 11358.1890, 3448.1251, 0.0000, 11366.3402, 3429.8840, 0.0000, 50, 76, 50
L 11366.3402, 3429.8840, 0.0000, 11385.7272, 3424.1223, 0.0000, 50, 76, 50
L 11385.7272, 3424.1223, 0.0000, 11405.7906, 3431.3606, 0.0000, 50, 76, 50
L 11405.7906, 3431.3606, 0.0000, 11424.8550, 3427.4032, 0.0000, 50, 76, 50
L 11424.8550, 3427.4032, 0.0000, 11446.2400, 3428.3613, 0.0000, 50, 76, 50
L 11446.2400, 3428.3613, 0.0000, 11455.3901, 3446.3669, 0.0000, 50, 76, 50
L 11455.3901, 3446.3669, 0.0000, 11465.0887, 3459.8870, 0.0000, 50, 76, 50
L 11465.0887, 3459.8870, 0.0000, 11483.1534, 3471.7727, 0.0000, 50, 76, 50
L 11483.1534, 3471.7727, 0.0000, 11481.5401, 3490.0145, 0.0000, 50, 76, 50
L 11405.7906, 3550.4908, 0.0000, 11405.7906, 3602.8110, 0.0000, 56, 48, 40
L 3807.3073, -1249.5074, 0.0000, 3805.8499, -1234.5104, 0.0000, 50, 76, 50
L 3805.8499, -1234.5104, 0.0000, 3808.3215, -1215.9376, 0.0000, 50, 76, 50
L 3808.3215, -1215.9376, 0.0000, 3791.8160, -1205.8876, 0.0000, 50, 76, 50
L 3791.8160, -1205.8876, 0.0000, 3773.6766, -1201.6039, 0.0000, 50, 76, 50
L 3773.6766, -1201.6039, 0.0000, 3761.0905, -1187.6251, 0.0000, 50, 76, 50
L 3761.0905, -1187.6251, 0.0000, 3742.2481, -1183.5985, 0.0000, 50, 76, 50
L 3742.2481, -1183.5985, 0.0000, 3725.7179, -1195.2190, 0.0000, 50, 76, 50
L 3725.7179, -1195.2190, 0.0000, 3708.5073, -1198.0796, 0.0000, 50, 76, 50
L 3708.5073, -1198.0796, 0.0000, 3688.0556, -1201.8181, 0.0000, 50, 76, 50
L 3688.0556, -1201.8181, 0.0000, 3683.1113, -1219.4620, 0.0000, 50, 76, 50
L 3683.1113, -1219.4620, 0.0000, 3680.9584, -1235.0556, 0.0000, 50, 76, 50
L 3680.9584, -1235.0556, 0.0000, 3667.9399, -1249.5074, 0.0000, 50, 76, 50
L 3667.9399, -1249.5074, 0.0000, 3671.2313, -1266.2529, 0.0000, 50, 76, 50
L 3671.2313, -1266.2529, 0.0000, 3687.6257, -1277.2593, 0.0000, 50, 76, 50
L 3687.6257, -1277.2593, 0.0000, 3693.2684, -1292.6096, 0.0000, 50, 76, 50
L 3693.2684, -1292.6096, 0.0000, 3703.9929, -1307.8162, 0.0000, 50, 76, 50
L 3703.9929, -1307.8162, 0.0000, 3725.0195, -1306.0895, 0.0000, 50, 76, 50
L 3725.0195, -1306.0895, 0.0000, 3742.2481, -1306.2419, 0.0000, 50, 76, 50
L 3742.2481, -1306.2419, 0.0000, 3761.7888, -1313.6834, 0.0000, 50, 76, 50
L 3761.7888, -1313.6834, 0.0000, 3778.1910, -1304.2918, 0.0000, 50, 76, 50
L 3778.1910, -1304.2918, 0.0000, 3786.6033, -1288.5401, 0.0000, 50, 76, 50
L 3786.6033, -1288.5401, 0.0000, 3803.8071, -1280.7836, 0.0000, 50, 76, 50
L 3803.8071, -1280.7836, 0.0000, 3815.5770, -1266.7981, 0.0000, 50, 76, 50
L 3815.5770, -1266.7981, 0.0000, 3807.3073, -1249.5074, 0.0000, 50, 76, 50
L 3742.2481, -1192.3668, 0.0000, 3742.2481, -1142.9323, 0.0000, 56, 48, 40
L 9122.5580, -1339.0552, 0.0000, 9128.7701, -1324.8759, 0.0000, 50, 76, 50
L 9128.7701, -1324.8759, 0.0000, 9124.4878, -1310.6787, 0.0000, 50, 76, 50
L 9124.4878, -1310.6787, 0.0000, 9107.5276, -1304.8307, 0.0000, 50, 76, 50
L 9107.5276, -1304.8307, 0.0000, 9097.4747, -1295.0994, 0.0000, 50, 76, 50
L 9097.4747, -1295.0994, 0.0000, 9085.6620, -1283.1388, 0.0000, 50, 76, 50
L 9085.6620, -1283.1388, 0.0000, 9068.6362, -1287.2138, 0.0000, 50, 76, 50
L 9068.6362, -1287.2138, 0.0000, 9054.5662, -1292.8465, 0.0000, 50, 76, 50
L 9054.5662, -1292.8465, 0.0000, 9036.8418, -1290.5940, 0.0000, 50, 76, 50
L 9036.8418, -1290.5940, 0.0000, 9023.8330, -1299.6284, 0.0000, 50, 76, 50
L 9023.8330, -1299.6284, 0.0000, 9021.6522, -1315.1841, 0.0000, 50, 76, 50
L 9021.6522, -1315.1841, 0.0000, 9011.4582, -1325.5729, 0.0000, 50, 76, 50
L 9011.4582, -1325.5729, 0.0000, 9002.8908, -1339.0552, 0.0000, 50, 76, 50
L 9002.8908, -1339.0552, 0.0000, 9013.1804, -1352.1314, 0.0000, 50, 76, 50
L 9013.1804, -1352.1314, 0.0000, 9020.8529, -1363.3323, 0.0000, 50, 76, 50
L 9020.8529, -1363.3323, 0.0000, 9022.9101, -1379.2941, 0.0000, 50, 76, 50
L 9022.9101, -1379.2941, 0.0000, 9037.6411, -1386.2980, 0.0000, 50, 76, 50
L 9037.6411, -1386.2980, 0.0000, 9054.6899, -1384.8577, 0.0000, 50, 76, 50
L 9054.6899, -1384.8577, 0.0000, 9068.6362, -1392.5209, 0.0000, 50, 76, 50
L 9068.6362, -1392.5209, 0.0000, 9085.5384, -1394.5654, 0.0000, 50, 76, 50
L 9085.5384, -1394.5654, 0.0000, 9096.6754, -1381.7927, 0.0000, 50, 76, 50
L 9096.6754, -1381.7927, 0.0000, 9108.4505, -1374.0918, 0.0000, 50, 76, 50
L 9108.4505, -1374.0918, 0.0000, 9125.2871, -1367.8377, 0.0000, 50, 76, 50
L 9125.2871, -1367.8377, 0.0000, 9127.0478, -1352.8284, 0.0000, 50, 76, 50
L 9127.0478, -1352.8284, 0.0000, 9122.5580, -1339.0552, 0.0000, 50, 76, 50
L 9068.6362, -1289.9916, 0.0000, 9068.6362, -1247.5449, 0.0000, 56, 48, 40
L 3764.9978, 3706.9965, 0.0000, 3764.9978, 3666.1744, 0.0000, 56, 48, 40
L 3688.4564, 3673.8285, 0.0000, 3764.9978, 3613.2333, 0.0000, 46, 72, 48
L 3764.9978, 3613.2333, 0.0000, 3841.5392, 3673.8285, 0.0000, 46, 72, 48
L 3688.4564, 3673.8285, 0.0000, 3841.5392, 3673.8285, 0.0000, 46, 72, 48
L 3700.3204, 3622.8010, 0.0000, 3764.9978, 3562.2057, 0.0000, 46, 72, 48
L 3764.9978, 3562.2057, 0.0000, 3829.6753, 3622.8010, 0.0000, 46, 72, 48
L 3700.3204, 3622.8010, 0.0000, 3829.6753, 3622.8010, 0.0000, 46, 72, 48
L 3712.1843, 3571.7734, 0.0000, 3764.9978, 3511.1781, 0.0000, 46, 72, 48
L 3764.9978, 3511.1781, 0.0000, 3817.8114, 3571.7734, 0.0000, 46, 72, 48
L 3712.1843, 3571.7734, 0.0000, 3817.8114, 3571.7734, 0.0000, 46, 72, 48
L 3724.0482, 3520.7458, 0.0000, 3764.9978, 3460.1505, 0.0000, 46, 72, 48
L 3764.9978, 3460.1505, 0.0000, 3805.9475, 3520.7458, 0.0000, 46, 72, 48
L 3724.0482, 3520.7458, 0.0000, 3805.9475, 3520.7458, 0.0000, 46, 72, 48
L 7853.2388, -1281.9957, 0.0000, 7851.5330, -1265.5355, 0.0000, 50, 76, 50
L 7851.5330, -1265.5355, 0.0000, 7835.1700, -1254.8424, 0.0000, 50, 76, 50
L 7835.1700, -1254.8424, 0.0000, 7828.6921, -1240.6653, 0.0000, 50, 76, 50
L 7828.6921, -1240.6653, 0.0000, 7818.9962, -1225.1879, 0.0000, 50, 76, 50
L 7818.9962, -1225.1879, 0.0000, 7798.7118, -1226.2100, 0.0000, 50, 76, 50
L 7798.7118, -1226.2100, 0.0000, 7781.7257, -1227.3286, 0.0000, 50, 76, 50
L 7781.7257, -1227.3286, 0.0000, 7762.8710, -1220.0729, 0.0000, 50, 76, 50
L 7762.8710, -1220.0729, 0.0000, 7746.3239, -1228.0361, 0.0000, 50, 76, 50
L 7746.3239, -1228.0361, 0.0000, 7738.4967, -1243.9542, 0.0000, 50, 76, 50
L 7738.4967, -1243.9542, 0.0000, 7722.6755, -1251.9941, 0.0000, 50, 76, 50
L 7722.6755, -1251.9941, 0.0000, 7710.0498, -1265.0948, 0.0000, 50, 76, 50
L 7710.0498, -1265.0948, 0.0000, 7717.6874, -1281.9957, 0.0000, 50, 76, 50
L 7717.6874, -1281.9957, 0.0000, 7720.6003, -1296.4088, 0.0000, 50, 76, 50
L 7720.6003, -1296.4088, 0.0000, 7717.7790, -1314.4850, 0.0000, 50, 76, 50
L 7717.7790, -1314.4850, 0.0000, 7732.8427, -1325.0127, 0.0000, 50, 76, 50
L 7732.8427, -1325.0127, 0.0000, 7751.2205, -1328.4920, 0.0000, 50, 76, 50
L 7751.2205, -1328.4920, 0.0000, 7763.6285, -1341.4307, 0.0000, 50, 76, 50
L 7763.6285, -1341.4307, 0.0000, 7781.7257, -1346.6138, 0.0000, 50, 76, 50
L 7781.7257, -1346.6138, 0.0000, 7797.9543, -1335.2936, 0.0000, 50, 76, 50
L 7797.9543, -1335.2936, 0.0000, 7814.0997, -1331.3402, 0.0000, 50, 76, 50
L 7814.0997, -1331.3402, 0.0000, 7834.3461, -1328.3016, 0.0000, 50, 76, 50
L 7834.3461, -1328.3016, 0.0000, 7840.0665, -1311.6368, 0.0000, 50, 76, 50
L 7840.0665, -1311.6368, 0.0000, 7840.9824, -1295.9681, 0.0000, 50, 76, 50
L 7840.9824, -1295.9681, 0.0000, 7853.2388, -1281.9957, 0.0000, 50, 76, 50
L 7781.7257, -1226.4196, 0.0000, 7781.7257, -1178.3387, 0.0000, 56, 48, 40
L 14815.2778, 2545.3765, 0.0000, 14801.8638, 2563.9177, 0.0000, 50, 76, 50
L 14801.8638, 2563.9177, 0.0000, 14789.4723, 2579.0316, 0.0000, 50, 76, 50
L 14789.4723, 2579.0316, 0.0000, 14786.6405, 2601.1769, 0.0000, 50, 76, 50
L 14786.6405, 2601.1769, 0.0000, 14767.1144, 2612.2640, 0.0000, 50, 76, 50
L 14767.1144, 2612.2640, 0.0000, 14742.7896, 2609.6110, 0.0000, 50, 76, 50
L 14742.7896, 2609.6110, 0.0000, 14723.2309, 2619.1123, 0.0000, 50, 76, 50
L 14723.2309, 2619.1123, 0.0000, 14699.4886, 2623.3509, 0.0000, 50, 76, 50
L 14699.4886, 2623.3509, 0.0000, 14683.5310, 2605.8873, 0.0000, 50, 76, 50
L 14683.5310, 2605.8873, 0.0000, 14668.1885, 2593.8138, 0.0000, 50, 76, 50
L 14668.1885, 2593.8138, 0.0000, 14644.4386, 2585.4083, 0.0000, 50, 76, 50
L 14644.4386, 2585.4083, 0.0000, 14640.4144, 2564.9042, 0.0000, 50, 76, 50
L 14640.4144, 2564.9042, 0.0000, 14647.9185, 2545.3765, 0.0000, 50, 76, 50
L 14647.9185, 2545.3765, 0.0000, 14640.2071, 2525.7998, 0.0000, 50, 76, 50
L 14640.2071, 2525.7998, 0.0000, 14644.5349, 2505.3935, 0.0000, 50, 76, 50
L 14644.5349, 2505.3935, 0.0000, 14668.2996, 2497.0369, 0.0000, 50, 76, 50
L 14668.2996, 2497.0369, 0.0000, 14683.4348, 2484.7190, 0.0000, 50, 76, 50
L 14683.4348, 2484.7190, 0.0000, 14699.4738, 2467.3531, 0.0000, 50, 76, 50
L 14699.4738, 2467.3531, 0.0000, 14723.2309, 2471.8361, 0.0000, 50, 76, 50
L 14723.2309, 2471.8361, 0.0000, 14742.8044, 2481.0930, 0.0000, 50, 76, 50
L 14742.8044, 2481.0930, 0.0000, 14767.2107, 2478.3423, 0.0000, 50, 76, 50
L 14767.2107, 2478.3423, 0.0000, 14786.5294, 2489.6737, 0.0000, 50, 76, 50
L 14786.5294, 2489.6737, 0.0000, 14789.3761, 2511.7702, 0.0000, 50, 76, 50
L 14789.3761, 2511.7702, 0.0000, 14802.0711, 2526.7863, 0.0000, 50, 76, 50
L 14802.0711, 2526.7863, 0.0000, 14815.2778, 2545.3765, 0.0000, 50, 76, 50
L 14723.2309, 2613.9938, 0.0000, 14723.2309, 2673.3571, 0.0000, 56, 48, 40
L 4455.1409, -1047.1837, 0.0000, 4455.1409, -1082.4526, 0.0000, 56, 48, 40
L 4389.0118, -1075.8396, 0.0000, 4455.1409, -1128.1918, 0.0000, 46, 72, 48
L 4455.1409, -1128.1918, 0.0000, 4521.2700, -1075.8396, 0.0000, 46, 72, 48
L 4389.0118, -1075.8396, 0.0000, 4521.2700, -1075.8396, 0.0000, 46, 72, 48
L 4399.2618, -1119.9257, 0.0000, 4455.1409, -1172.2779, 0.0000, 46, 72, 48
L 4455.1409, -1172.2779, 0.0000, 4511.0199, -1119.9257, 0.0000, 46, 72, 48
L 4399.2618, -1119.9257, 0.0000, 4511.0199, -1119.9257, 0.0000, 46, 72, 48
L 4409.5118, -1164.0118, 0.0000, 4455.1409, -1216.3640, 0.0000, 46, 72, 48
L 4455.1409, -1216.3640, 0.0000, 4500.7699, -1164.0118, 0.0000, 46, 72, 48
L 4409.5118, -1164.0118, 0.0000, 4500.7699, -1164.0118, 0.0000, 46, 72, 48
L 4419.7618, -1208.0978, 0.0000, 4455.1409, -1260.4500, 0.0000, 46, 72, 48
L 4455.1409, -1260.4500, 0.0000, 4490.5199, -1208.0978, 0.0000, 46, 72, 48
L 4419.7618, -1208.0978, 0.0000, 4490.5199, -1208.0978, 0.0000, 46, 72, 48
L 4811.7346, 2818.9254, 0.0000, 4811.7346, 2783.1491, 0.0000, 56, 48, 40
L 4744.6541, 2789.8572, 0.0000, 4811.7346, 2736.7518, 0.0000, 46, 72, 48
L 4811.7346, 2736.7518, 0.0000, 4878.8152, 2789.8572, 0.0000, 46, 72, 48
L 4744.6541, 2789.8572, 0.0000, 4878.8152, 2789.8572, 0.0000, 46, 72, 48
L 4755.0516, 2745.1368, 0.0000, 4811.7346, 2692.0314, 0.0000, 46, 72, 48
L 4811.7346, 2692.0314, 0.0000, 4868.4177, 2745.1368, 0.0000, 46, 72, 48
L 4755.0516, 2745.1368, 0.0000, 4868.4177, 2745.1368, 0.0000, 46, 72, 48
L 4765.4491, 2700.4165, 0.0000, 4811.7346, 2647.3110, 0.0000, 46, 72, 48
L 4811.7346, 2647.3110, 0.0000, 4858.0202, 2700.4165, 0.0000, 46, 72, 48
L 4765.4491, 2700.4165, 0.0000, 4858.0202, 2700.4165, 0.0000, 46, 72, 48
L 4775.8465, 2655.6961, 0.0000, 4811.7346, 2602.5907, 0.0000, 46, 72, 48
L 4811.7346, 2602.5907, 0.0000, 4847.6227, 2655.6961, 0.0000, 46, 72, 48
L 4775.8465, 2655.6961, 0.0000, 4847.6227, 2655.6961, 0.0000, 46, 72, 48
L 2834.1182, -546.7019, 0.0000, 2840.9557, -526.4599, 0.0000, 50, 76, 50
L 2840.9557, -526.4599, 0.0000, 2838.0762, -504.5495, 0.0000, 50, 76, 50
L 2838.0762, -504.5495, 0.0000, 2813.3400, -495.4597, 0.0000, 50, 76, 50
L 2813.3400, -495.4597, 0.0000, 2796.3029, -483.9159, 0.0000, 50, 76, 50
L 2796.3029, -483.9159, 0.0000, 2779.9098, -465.2550, 0.0000, 50, 76, 50
L 2779.9098, -465.2550, 0.0000, 2755.1103, -468.5325, 0.0000, 50, 76, 50
L 2755.1103, -468.5325, 0.0000, 2734.6600, -479.5389, 0.0000, 50, 76, 50
L 2734.6600, -479.5389, 0.0000, 2709.5683, -477.2867, 0.0000, 50, 76, 50
L 2709.5683, -477.2867, 0.0000, 2688.1819, -487.8050, 0.0000, 50, 76, 50
L 2688.1819, -487.8050, 0.0000, 2685.1921, -511.1787, 0.0000, 50, 76, 50
L 2685.1921, -511.1787, 0.0000, 2673.6140, -527.4855, 0.0000, 50, 76, 50
L 2673.6140, -527.4855, 0.0000, 2658.7052, -546.7019, 0.0000, 50, 76, 50
L 2658.7052, -546.7019, 0.0000, 2671.5198, -566.4122, 0.0000, 50, 76, 50
L 2671.5198, -566.4122, 0.0000, 2686.1641, -581.7313, 0.0000, 50, 76, 50
L 2686.1641, -581.7313, 0.0000, 2689.3043, -604.6112, 0.0000, 50, 76, 50
L 2689.3043, -604.6112, 0.0000, 2708.5964, -617.5986, 0.0000, 50, 76, 50
L 2708.5964, -617.5986, 0.0000, 2734.5096, -614.3587, 0.0000, 50, 76, 50
L 2734.5096, -614.3587, 0.0000, 2755.1103, -622.8960, 0.0000, 50, 76, 50
L 2755.1103, -622.8960, 0.0000, 2780.0602, -628.6426, 0.0000, 50, 76, 50
L 2780.0602, -628.6426, 0.0000, 2797.2749, -610.9694, 0.0000, 50, 76, 50
L 2797.2749, -610.9694, 0.0000, 2812.2177, -596.9565, 0.0000, 50, 76, 50
L 2812.2177, -596.9565, 0.0000, 2837.1043, -588.3605, 0.0000, 50, 76, 50
L 2837.1043, -588.3605, 0.0000, 2843.0500, -567.4377, 0.0000, 50, 76, 50
L 2843.0500, -567.4377, 0.0000, 2834.1182, -546.7019, 0.0000, 50, 76, 50
L 2755.1103, -474.7826, 0.0000, 2755.1103, -412.5625, 0.0000, 56, 48, 40
L 13965.9875, -1336.5087, 0.0000, 13976.8650, -1313.5688, 0.0000, 50, 76, 50
L 13976.8650, -1313.5688, 0.0000, 13960.9544, -1295.1638, 0.0000, 50, 76, 50
L 13960.9544, -1295.1638, 0.0000, 13938.3752, -1284.7670, 0.0000, 50, 76, 50
L 13938.3752, -1284.7670, 0.0000, 13927.3294, -1263.7256, 0.0000, 50, 76, 50
L 13927.3294, -1263.7256, 0.0000, 13905.4399, -1251.5725, 0.0000, 50, 76, 50
L 13905.4399, -1251.5725, 0.0000, 13879.5778, -1261.4587, 0.0000, 50, 76, 50
L 13879.5778, -1261.4587, 0.0000, 13856.6874, -1261.3319, 0.0000, 50, 76, 50
L 13856.6874, -1261.3319, 0.0000, 13828.8547, -1259.1962, 0.0000, 50, 76, 50
L 13828.8547, -1259.1962, 0.0000, 13814.8372, -1279.5369, 0.0000, 50, 76, 50
L 13814.8372, -1279.5369, 0.0000, 13807.1162, -1299.6932, 0.0000, 50, 76, 50
L 13807.1162, -1299.6932, 0.0000, 13785.2623, -1314.2695, 0.0000, 50, 76, 50
L 13785.2623, -1314.2695, 0.0000, 13781.2817, -1336.5087, 0.0000, 50, 76, 50
L 13781.2817, -1336.5087, 0.0000, 13798.4529, -1355.6376, 0.0000, 50, 76, 50
L 13798.4529, -1355.6376, 0.0000, 13800.9944, -1376.4344, 0.0000, 50, 76, 50
L 13800.9944, -1376.4344, 0.0000, 13807.7684, -1399.7010, 0.0000, 50, 76, 50
L 13807.7684, -1399.7010, 0.0000, 13834.9765, -1404.4903, 0.0000, 50, 76, 50
L 13834.9765, -1404.4903, 0.0000, 13857.6345, -1408.5752, 0.0000, 50, 76, 50
L 13857.6345, -1408.5752, 0.0000, 13879.5778, -1423.9998, 0.0000, 50, 76, 50
L 13879.5778, -1423.9998, 0.0000, 13904.4928, -1418.3346, 0.0000, 50, 76, 50
L 13904.4928, -1418.3346, 0.0000, 13921.2076, -1399.9609, 0.0000, 50, 76, 50
L 13921.2076, -1399.9609, 0.0000, 13945.4440, -1394.4709, 0.0000, 50, 76, 50
L 13945.4440, -1394.4709, 0.0000, 13967.0762, -1380.9638, 0.0000, 50, 76, 50
L 13967.0762, -1380.9638, 0.0000, 13963.6744, -1356.3383, 0.0000, 50, 76, 50
L 13963.6744, -1356.3383, 0.0000, 13965.9875, -1336.5087, 0.0000, 50, 76, 50
L 13879.5778, -1260.7793, 0.0000, 13879.5778, -1195.2630, 0.0000, 56, 48, 40
L 13133.7756, 3470.5684, 0.0000, 13133.7756, 3427.4365, 0.0000, 56, 48, 40
L 13052.9033, 3435.5237, 0.0000, 13133.7756, 3371.4998, 0.0000, 46, 72, 48
L 13133.7756, 3371.4998, 0.0000, 13214.6479, 3435.5237, 0.0000, 46, 72, 48
L 13052.9033, 3435.5237, 0.0000, 13214.6479, 3435.5237, 0.0000, 46, 72, 48
L 13065.4385, 3381.6088, 0.0000, 13133.7756, 3317.5849, 0.0000, 46, 72, 48
L 13133.7756, 3317.5849, 0.0000, 13202.1127, 3381.6088, 0.0000, 46, 72, 48
L 13065.4385, 3381.6088, 0.0000, 13202.1127, 3381.6088, 0.0000, 46, 72, 48
L 13077.9737, 3327.6939, 0.0000, 13133.7756, 3263.6700, 0.0000, 46, 72, 48
L 13133.7756, 3263.6700, 0.0000, 13189.5775, 3327.6939, 0.0000, 46, 72, 48
L 13077.9737, 3327.6939, 0.0000, 13189.5775, 3327.6939, 0.0000, 46, 72, 48
L 13090.5089, 3273.7790, 0.0000, 13133.7756, 3209.7551, 0.0000, 46, 72, 48
L 13133.7756, 3209.7551, 0.0000, 13177.0423, 3273.7790, 0.0000, 46, 72, 48
L 13090.5089, 3273.7790, 0.0000, 13177.0423, 3273.7790, 0.0000, 46, 72, 48
L 9593.6612, -1258.7810, 0.0000, 9593.6612, -1357.9444, 0.0000, 56, 48, 40
L 9523.4204, -1357.9444, 0.0000, 9526.8583, -1370.7124, 0.0000, 54, 80, 46
L 9526.8583, -1370.7124, 0.0000, 9536.8352, -1382.2306, 0.0000, 54, 80, 46
L 9536.8352, -1382.2306, 0.0000, 9552.3747, -1391.3715, 0.0000, 54, 80, 46
L 9552.3747, -1391.3715, 0.0000, 9571.9556, -1397.2403, 0.0000, 54, 80, 46
L 9571.9556, -1397.2403, 0.0000, 9593.6612, -1399.2625, 0.0000, 54, 80, 46
L 9593.6612, -1399.2625, 0.0000, 9615.3668, -1397.2403, 0.0000, 54, 80, 46
L 9615.3668, -1397.2403, 0.0000, 9634.9477, -1391.3715, 0.0000, 54, 80, 46
L 9634.9477, -1391.3715, 0.0000, 9650.4871, -1382.2306, 0.0000, 54, 80, 46
L 9650.4871, -1382.2306, 0.0000, 9660.4641, -1370.7124, 0.0000, 54, 80, 46
L 9660.4641, -1370.7124, 0.0000, 9663.9019, -1357.9444, 0.0000, 54, 80, 46
L 9531.2416, -1367.7828, 0.0000, 9527.7598, -1302.4518, 0.0000, 54, 80, 46
L 9547.9669, -1384.8234, 0.0000, 9546.5917, -1306.5267, 0.0000, 54, 80, 46
L 9576.9359, -1394.6618, 0.0000, 9573.2766, -1308.8793, 0.0000, 54, 80, 46
L 9610.3864, -1394.6618, 0.0000, 9609.1337, -1308.8793, 0.0000, 54, 80, 46
L 9639.3555, -1384.8234, 0.0000, 9640.1076, -1306.5267, 0.0000, 54, 80, 46
L 9656.0807, -1367.7828, 0.0000, 9657.8305, -1302.4518, 0.0000, 54, 80, 46
L 15300.7909, 2198.4750, 0.0000, 15289.4216, 2211.0000, 0.0000, 50, 76, 50
L 15289.4216, 2211.0000, 0.0000, 15286.6578, 2224.0585, 0.0000, 50, 76, 50
L 15286.6578, 2224.0585, 0.0000, 15282.9781, 2239.5489, 0.0000, 50, 76, 50
L 15282.9781, 2239.5489, 0.0000, 15265.6959, 2243.2754, 0.0000, 50, 76, 50
L 15265.6959, 2243.2754, 0.0000, 15250.4504, 2244.9371, 0.0000, 50, 76, 50
L 15250.4504, 2244.9371, 0.0000, 15236.3032, 2254.8113, 0.0000, 50, 76, 50
L 15236.3032, 2254.8113, 0.0000, 15219.9201, 2252.2804, 0.0000, 50, 76, 50
L 15219.9201, 2252.2804, 0.0000, 15209.1465, 2239.8674, 0.0000, 50, 76, 50
L 15209.1465, 2239.8674, 0.0000, 15194.1002, 2235.6137, 0.0000, 50, 76, 50
L 15194.1002, 2235.6137, 0.0000, 15179.2409, 2227.4666, 0.0000, 50, 76, 50
L 15179.2409, 2227.4666, 0.0000, 15180.9490, 2211.5273, 0.0000, 50, 76, 50
L 15180.9490, 2211.5273, 0.0000, 15180.7592, 2198.4750, 0.0000, 50, 76, 50
L 15180.7592, 2198.4750, 0.0000, 15173.4799, 2183.6615, 0.0000, 50, 76, 50
L 15173.4799, 2183.6615, 0.0000, 15182.7073, 2171.2446, 0.0000, 50, 76, 50
L 15182.7073, 2171.2446, 0.0000, 15198.1029, 2164.8587, 0.0000, 50, 76, 50
L 15198.1029, 2164.8587, 0.0000, 15205.6801, 2151.7990, 0.0000, 50, 76, 50
L 15205.6801, 2151.7990, 0.0000, 15219.3839, 2142.9084, 0.0000, 50, 76, 50
L 15219.3839, 2142.9084, 0.0000, 15236.3032, 2149.1834, 0.0000, 50, 76, 50
L 15236.3032, 2149.1834, 0.0000, 15250.9866, 2150.2517, 0.0000, 50, 76, 50
L 15250.9866, 2150.2517, 0.0000, 15269.1623, 2148.3910, 0.0000, 50, 76, 50
L 15269.1623, 2148.3910, 0.0000, 15278.9754, 2160.9235, 0.0000, 50, 76, 50
L 15278.9754, 2160.9235, 0.0000, 15283.1914, 2174.6526, 0.0000, 50, 76, 50
L 15283.1914, 2174.6526, 0.0000, 15296.8907, 2184.1888, 0.0000, 50, 76, 50
L 15296.8907, 2184.1888, 0.0000, 15300.7909, 2198.4750, 0.0000, 50, 76, 50
L 15236.3032, 2247.6880, 0.0000, 15236.3032, 2290.2639, 0.0000, 56, 48, 40
L 5037.4117, -1310.2462, 0.0000, 5029.4239, -1294.7031, 0.0000, 50, 76, 50
L 5029.4239, -1294.7031, 0.0000, 5032.6458, -1275.1185, 0.0000, 50, 76, 50
L 5032.6458, -1275.1185, 0.0000, 5019.7192, -1260.7787, 0.0000, 50, 76, 50
L 5019.7192, -1260.7787, 0.0000, 4997.5461, -1258.3624, 0.0000, 50, 76, 50
L 4997.5461, -1258.3624, 0.0000, 4982.7438, -1247.0661, 0.0000, 50, 76, 50
L 4982.7438, -1247.0661, 0.0000, 4963.5062, -1237.6363, 0.0000, 50, 76, 50
L 4963.5062, -1237.6363, 0.0000, 4944.8642, -1249.0222, 0.0000, 50, 76, 50
L 4944.8642, -1249.0222, 0.0000, 4928.8707, -1257.4546, 0.0000, 50, 76, 50
L 4928.8707, -1257.4546, 0.0000, 4906.1019, -1259.7304, 0.0000, 50, 76, 50
L 4906.1019, -1259.7304, 0.0000, 4896.1534, -1276.0264, 0.0000, 50, 76, 50
L 4896.1534, -1276.0264, 0.0000, 4898.1841, -1294.8435, 0.0000, 50, 76, 50
L 4898.1841, -1294.8435, 0.0000, 4887.2183, -1310.2462, 0.0000, 50, 76, 50
L 4887.2183, -1310.2462, 0.0000, 4884.3483, -1328.9113, 0.0000, 50, 76, 50
L 4884.3483, -1328.9113, 0.0000, 4902.5746, -1341.2036, 0.0000, 50, 76, 50
L 4902.5746, -1341.2036, 0.0000, 4913.5165, -1354.2371, 0.0000, 50, 76, 50
L 4913.5165, -1354.2371, 0.0000, 4922.4494, -1372.8251, 0.0000, 50, 76, 50
L 4922.4494, -1372.8251, 0.0000, 4943.8709, -1374.7326, 0.0000, 50, 76, 50
L 4943.8709, -1374.7326, 0.0000, 4963.5062, -1369.8064, 0.0000, 50, 76, 50
L 4963.5062, -1369.8064, 0.0000, 4983.7371, -1376.6887, 0.0000, 50, 76, 50
L 4983.7371, -1376.6887, 0.0000, 5003.9673, -1371.9173, 0.0000, 50, 76, 50
L 5003.9673, -1371.9173, 0.0000, 5012.3047, -1353.1888, 0.0000, 50, 76, 50
L 5012.3047, -1353.1888, 0.0000, 5026.2246, -1342.1114, 0.0000, 50, 76, 50
L 5026.2246, -1342.1114, 0.0000, 5043.2597, -1329.0517, 0.0000, 50, 76, 50
L 5043.2597, -1329.0517, 0.0000, 5037.4117, -1310.2462, 0.0000, 50, 76, 50
L 4963.5062, -1248.6669, 0.0000, 4963.5062, -1195.3925, 0.0000, 56, 48, 40
L 3637.9251, 1016.7185, 0.0000, 3637.9251, 983.0495, 0.0000, 56, 48, 40
L 3574.7956, 989.3624, 0.0000, 3637.9251, 939.3850, 0.0000, 46, 72, 48
L 3637.9251, 939.3850, 0.0000, 3701.0546, 989.3624, 0.0000, 46, 72, 48
L 3574.7956, 989.3624, 0.0000, 3701.0546, 989.3624, 0.0000, 46, 72, 48
L 3584.5807, 947.2761, 0.0000, 3637.9251, 897.2987, 0.0000, 46, 72, 48
L 3637.9251, 897.2987, 0.0000, 3691.2695, 947.2761, 0.0000, 46, 72, 48
L 3584.5807, 947.2761, 0.0000, 3691.2695, 947.2761, 0.0000, 46, 72, 48
L 3594.3658, 905.1898, 0.0000, 3637.9251, 855.2124, 0.0000, 46, 72, 48
L 3637.9251, 855.2124, 0.0000, 3681.4844, 905.1898, 0.0000, 46, 72, 48
L 3594.3658, 905.1898, 0.0000, 3681.4844, 905.1898, 0.0000, 46, 72, 48
L 3604.1508, 863.1035, 0.0000, 3637.9251, 813.1261, 0.0000, 46, 72, 48
L 3637.9251, 813.1261, 0.0000, 3671.6994, 863.1035, 0.0000, 46, 72, 48
L 3604.1508, 863.1035, 0.0000, 3671.6994, 863.1035, 0.0000, 46, 72, 48
L 2424.8030, 884.8056, 0.0000, 2424.8030, 850.2902, 0.0000, 56, 48, 40
L 2360.0865, 856.7618, 0.0000, 2424.8030, 805.5279, 0.0000, 46, 72, 48
L 2424.8030, 805.5279, 0.0000, 2489.5196, 856.7618, 0.0000, 46, 72, 48
L 2360.0865, 856.7618, 0.0000, 2489.5196, 856.7618, 0.0000, 46, 72, 48
L 2370.1176, 813.6175, 0.0000, 2424.8030, 762.3835, 0.0000, 46, 72, 48
L 2424.8030, 762.3835, 0.0000, 2479.4885, 813.6175, 0.0000, 46, 72, 48
L 2370.1176, 813.6175, 0.0000, 2479.4885, 813.6175, 0.0000, 46, 72, 48
L 2380.1486, 770.4731, 0.0000, 2424.8030, 719.2392, 0.0000, 46, 72, 48
L 2424.8030, 719.2392, 0.0000, 2469.4574, 770.4731, 0.0000, 46, 72, 48
L 2380.1486, 770.4731, 0.0000, 2469.4574, 770.4731, 0.0000, 46, 72, 48
L 2390.1797, 727.3288, 0.0000, 2424.8030, 676.0948, 0.0000, 46, 72, 48
L 2424.8030, 676.0948, 0.0000, 2459.4264, 727.3288, 0.0000, 46, 72, 48
L 2390.1797, 727.3288, 0.0000, 2459.4264, 727.3288, 0.0000, 46, 72, 48
L 2409.2961, -1111.1617, 0.0000, 2412.4257, -1097.4545, 0.0000, 50, 76, 50
L 2412.4257, -1097.4545, 0.0000, 2399.3930, -1088.2482, 0.0000, 50, 76, 50
L 2399.3930, -1088.2482, 0.0000, 2390.4214, -1079.3695, 0.0000, 50, 76, 50
L 2390.4214, -1079.3695, 0.0000, 2384.1478, -1065.6582, 0.0000, 50, 76, 50
L 2384.1478, -1065.6582, 0.0000, 2368.8478, -1063.3637, 0.0000, 50, 76, 50
L 2368.8478, -1063.3637, 0.0000, 2354.2939, -1067.6761, 0.0000, 50, 76, 50
L 2354.2939, -1067.6761, 0.0000, 2339.6913, -1063.2041, 0.0000, 50, 76, 50
L 2339.6913, -1063.2041, 0.0000, 2324.4885, -1065.7323, 0.0000, 50, 76, 50
L 2324.4885, -1065.7323, 0.0000, 2318.2635, -1079.4550, 0.0000, 50, 76, 50
L 2318.2635, -1079.4550, 0.0000, 2309.0489, -1088.1741, 0.0000, 50, 76, 50
L 2309.0489, -1088.1741, 0.0000, 2296.1134, -1097.4430, 0.0000, 50, 76, 50
L 2296.1134, -1097.4430, 0.0000, 2299.4860, -1111.1617, 0.0000, 50, 76, 50
L 2299.4860, -1111.1617, 0.0000, 2306.3573, -1122.4649, 0.0000, 50, 76, 50
L 2306.3573, -1122.4649, 0.0000, 2304.2947, -1136.5646, 0.0000, 50, 76, 50
L 2304.2947, -1136.5646, 0.0000, 2312.7739, -1147.6992, 0.0000, 50, 76, 50
L 2312.7739, -1147.6992, 0.0000, 2329.2427, -1149.3447, 0.0000, 50, 76, 50
L 2329.2427, -1149.3447, 0.0000, 2340.4268, -1156.7038, 0.0000, 50, 76, 50
L 2340.4268, -1156.7038, 0.0000, 2354.2939, -1164.3090, 0.0000, 50, 76, 50
L 2354.2939, -1164.3090, 0.0000, 2368.1123, -1156.5442, 0.0000, 50, 76, 50
L 2368.1123, -1156.5442, 0.0000, 2379.3936, -1149.4188, 0.0000, 50, 76, 50
L 2379.3936, -1149.4188, 0.0000, 2395.9110, -1147.7848, 0.0000, 50, 76, 50
L 2395.9110, -1147.7848, 0.0000, 2404.1472, -1136.4906, 0.0000, 50, 76, 50
L 2404.1472, -1136.4906, 0.0000, 2402.1818, -1122.4534, 0.0000, 50, 76, 50
L 2402.1818, -1122.4534, 0.0000, 2409.2961, -1111.1617, 0.0000, 50, 76, 50
L 2354.2939, -1066.1395, 0.0000, 2354.2939, -1027.1892, 0.0000, 56, 48, 40
L 11963.7698, -1251.5953, 0.0000, 11957.0289, -1234.3198, 0.0000, 50, 76, 50
L 11957.0289, -1234.3198, 0.0000, 11941.2351, -1222.3960, 0.0000, 50, 76, 50
L 11941.2351, -1222.3960, 0.0000, 11937.1006, -1204.6591, 0.0000, 50, 76, 50
L 11937.1006, -1204.6591, 0.0000, 11923.8756, -1190.4570, 0.0000, 50, 76, 50
L 11923.8756, -1190.4570, 0.0000, 11901.5383, -1193.2212, 0.0000, 50, 76, 50
L 11901.5383, -1193.2212, 0.0000, 11883.7641, -1190.1197, 0.0000, 50, 76, 50
L 11883.7641, -1190.1197, 0.0000, 11862.8529, -1182.9188, 0.0000, 50, 76, 50
L 11862.8529, -1182.9188, 0.0000, 11846.7894, -1195.2383, 0.0000, 50, 76, 50
L 11846.7894, -1195.2383, 0.0000, 11836.7014, -1210.1801, 0.0000, 50, 76, 50
L 11836.7014, -1210.1801, 0.0000, 11816.8822, -1217.6147, 0.0000, 50, 76, 50
L 11816.8822, -1217.6147, 0.0000, 11807.3623, -1233.5801, 0.0000, 50, 76, 50
L 11807.3623, -1233.5801, 0.0000, 11816.3061, -1251.5953, 0.0000, 50, 76, 50
L 11816.3061, -1251.5953, 0.0000, 11814.5900, -1267.9062, 0.0000, 50, 76, 50
L 11814.5900, -1267.9062, 0.0000, 11813.5278, -1287.2801, 0.0000, 50, 76, 50
L 11813.5278, -1287.2801, 0.0000, 11832.8281, -1296.4189, 0.0000, 50, 76, 50
L 11832.8281, -1296.4189, 0.0000, 11850.1438, -1302.8394, 0.0000, 50, 76, 50
L 11850.1438, -1302.8394, 0.0000, 11863.3719, -1318.5674, 0.0000, 50, 76, 50
L 11863.3719, -1318.5674, 0.0000, 11883.7641, -1319.8878, 0.0000, 50, 76, 50
L 11883.7641, -1319.8878, 0.0000, 11901.0193, -1308.2651, 0.0000, 50, 76, 50
L 11901.0193, -1308.2651, 0.0000, 11920.5213, -1307.6208, 0.0000, 50, 76, 50
L 11920.5213, -1307.6208, 0.0000, 11940.9739, -1301.9399, 0.0000, 50, 76, 50
L 11940.9739, -1301.9399, 0.0000, 11944.5895, -1282.4987, 0.0000, 50, 76, 50
L 11944.5895, -1282.4987, 0.0000, 11949.8013, -1267.1665, 0.0000, 50, 76, 50
L 11949.8013, -1267.1665, 0.0000, 11963.7698, -1251.5953, 0.0000, 50, 76, 50
L 11883.7641, -1191.1352, 0.0000, 11883.7641, -1138.8289, 0.0000, 56, 48, 40
L 10661.1063, 705.9085, 0.0000, 10649.3809, 719.2516, 0.0000, 50, 76, 50
L 10649.3809, 719.2516, 0.0000, 10643.9949, 731.9225, 0.0000, 50, 76, 50
L 10643.9949, 731.9225, 0.0000, 10641.2816, 748.5784, 0.0000, 50, 76, 50
L 10641.2816, 748.5784, 0.0000, 10624.3643, 754.0296, 0.0000, 50, 76, 50
L 10624.3643, 754.0296, 0.0000, 10607.4172, 753.9371, 0.0000, 50, 76, 50
L 10607.4172, 753.9371, 0.0000, 10592.7931, 763.4346, 0.0000, 50, 76, 50
L 10592.7931, 763.4346, 0.0000, 10575.3435, 763.2163, 0.0000, 50, 76, 50
L 10575.3435, 763.2163, 0.0000, 10564.0472, 749.7231, 0.0000, 50, 76, 50
L 10564.0472, 749.7231, 0.0000, 10549.9554, 743.6057, 0.0000, 50, 76, 50
L 10549.9554, 743.6057, 0.0000, 10533.1150, 736.2290, 0.0000, 50, 76, 50
L 10533.1150, 736.2290, 0.0000, 10533.3798, 719.9179, 0.0000, 50, 76, 50
L 10533.3798, 719.9179, 0.0000, 10535.7815, 705.9085, 0.0000, 50, 76, 50
L 10535.7815, 705.9085, 0.0000, 10528.3264, 690.7076, 0.0000, 50, 76, 50
L 10528.3264, 690.7076, 0.0000, 10535.4603, 676.7796, 0.0000, 50, 76, 50
L 10535.4603, 676.7796, 0.0000, 10552.6635, 670.5945, 0.0000, 50, 76, 50
L 10552.6635, 670.5945, 0.0000, 10561.7019, 658.5192, 0.0000, 50, 76, 50
L 10561.7019, 658.5192, 0.0000, 10574.9807, 647.4091, 0.0000, 50, 76, 50
L 10574.9807, 647.4091, 0.0000, 10592.7931, 653.1487, 0.0000, 50, 76, 50
L 10592.7931, 653.1487, 0.0000, 10607.7800, 656.6883, 0.0000, 50, 76, 50
L 10607.7800, 656.6883, 0.0000, 10626.7096, 654.2127, 0.0000, 50, 76, 50
L 10626.7096, 654.2127, 0.0000, 10638.5734, 665.6218, 0.0000, 50, 76, 50
L 10638.5734, 665.6218, 0.0000, 10641.6496, 681.0861, 0.0000, 50, 76, 50
L 10641.6496, 681.0861, 0.0000, 10654.4343, 691.3738, 0.0000, 50, 76, 50
L 10654.4343, 691.3738, 0.0000, 10661.1063, 705.9085, 0.0000, 50, 76, 50
L 10592.7931, 757.2917, 0.0000, 10592.7931, 801.7452, 0.0000, 56, 48, 40
L 2785.5163, -1301.2663, 0.0000, 2785.5163, -1342.4043, 0.0000, 56, 48, 40
L 2708.3826, -1334.6909, 0.0000, 2785.5163, -1395.7551, 0.0000, 46, 72, 48
L 2785.5163, -1395.7551, 0.0000, 2862.6501, -1334.6909, 0.0000, 46, 72, 48
L 2708.3826, -1334.6909, 0.0000, 2862.6501, -1334.6909, 0.0000, 46, 72, 48
L 2720.3383, -1386.1134, 0.0000, 2785.5163, -1447.1777, 0.0000, 46, 72, 48
L 2785.5163, -1447.1777, 0.0000, 2850.6943, -1386.1134, 0.0000, 46, 72, 48
L 2720.3383, -1386.1134, 0.0000, 2850.6943, -1386.1134, 0.0000, 46, 72, 48
L 2732.2940, -1437.5359, 0.0000, 2785.5163, -1498.6002, 0.0000, 46, 72, 48
L 2785.5163, -1498.6002, 0.0000, 2838.7386, -1437.5359, 0.0000, 46, 72, 48
L 2732.2940, -1437.5359, 0.0000, 2838.7386, -1437.5359, 0.0000, 46, 72, 48
L 2744.2498, -1488.9584, 0.0000, 2785.5163, -1550.0227, 0.0000, 46, 72, 48
L 2785.5163, -1550.0227, 0.0000, 2826.7829, -1488.9584, 0.0000, 46, 72, 48
L 2744.2498, -1488.9584, 0.0000, 2826.7829, -1488.9584, 0.0000, 46, 72, 48
L 6677.0432, 3088.5338, 0.0000, 6677.2443, 3108.1939, 0.0000, 50, 76, 50
L 6677.2443, 3108.1939, 0.0000, 6679.5830, 3132.0837, 0.0000, 50, 76, 50
L 6679.5830, 3132.0837, 0.0000, 6656.9986, 3144.0902, 0.0000, 50, 76, 50
L 6656.9986, 3144.0902, 0.0000, 6634.6878, 3150.7540, 0.0000, 50, 76, 50
L 6634.6878, 3150.7540, 0.0000, 6618.5297, 3169.5334, 0.0000, 50, 76, 50
L 6618.5297, 3169.5334, 0.0000, 6593.8663, 3172.8962, 0.0000, 50, 76, 50
L 6593.8663, 3172.8962, 0.0000, 6572.6638, 3158.1670, 0.0000, 50, 76, 50
L 6572.6638, 3158.1670, 0.0000, 6549.5839, 3156.0292, 0.0000, 50, 76, 50
L 6549.5839, 3156.0292, 0.0000, 6523.8121, 3150.1815, 0.0000, 50, 76, 50
L 6523.8121, 3150.1815, 0.0000, 6518.5324, 3126.8085, 0.0000, 50, 76, 50
L 6518.5324, 3126.8085, 0.0000, 6513.9493, 3107.3778, 0.0000, 50, 76, 50
L 6513.9493, 3107.3778, 0.0000, 6496.8456, 3088.5338, 0.0000, 50, 76, 50
L 6496.8456, 3088.5338, 0.0000, 6503.1867, 3067.1519, 0.0000, 50, 76, 50
L 6503.1867, 3067.1519, 0.0000, 6523.5273, 3052.7968, 0.0000, 50, 76, 50
L 6523.5273, 3052.7968, 0.0000, 6529.5797, 3031.9615, 0.0000, 50, 76, 50
L 6529.5797, 3031.9615, 0.0000, 6544.5890, 3013.4250, 0.0000, 50, 76, 50
L 6544.5890, 3013.4250, 0.0000, 6571.8911, 3016.3628, 0.0000, 50, 76, 50
L 6571.8911, 3016.3628, 0.0000, 6593.8663, 3014.3223, 0.0000, 50, 76, 50
L 6593.8663, 3014.3223, 0.0000, 6619.3024, 3004.9963, 0.0000, 50, 76, 50
L 6619.3024, 3004.9963, 0.0000, 6639.6827, 3018.7002, 0.0000, 50, 76, 50
L 6639.6827, 3018.7002, 0.0000, 6651.2310, 3038.0528, 0.0000, 50, 76, 50
L 6651.2310, 3038.0528, 0.0000, 6674.5881, 3047.5216, 0.0000, 50, 76, 50
L 6674.5881, 3047.5216, 0.0000, 6688.0068, 3066.3359, 0.0000, 50, 76, 50
L 6688.0068, 3066.3359, 0.0000, 6677.0432, 3088.5338, 0.0000, 50, 76, 50
L 6593.8663, 3162.4148, 0.0000, 6593.8663, 3226.3319, 0.0000, 56, 48, 40
L 14988.9233, -1181.5720, 0.0000, 14988.9233, -1212.4819, 0.0000, 56, 48, 40
L 14930.9673, -1206.6863, 0.0000, 14988.9233, -1252.5682, 0.0000, 46, 72, 48
L 14988.9233, -1252.5682, 0.0000, 15046.8794, -1206.6863, 0.0000, 46, 72, 48
L 14930.9673, -1206.6863, 0.0000, 15046.8794, -1206.6863, 0.0000, 46, 72, 48
L 14939.9504, -1245.3237, 0.0000, 14988.9233, -1291.2056, 0.0000, 46, 72, 48
L 14988.9233, -1291.2056, 0.0000, 15037.8962, -1245.3237, 0.0000, 46, 72, 48
L 14939.9504, -1245.3237, 0.0000, 15037.8962, -1245.3237, 0.0000, 46, 72, 48
L 14948.9336, -1283.9611, 0.0000, 14988.9233, -1329.8430, 0.0000, 46, 72, 48
L 14988.9233, -1329.8430, 0.0000, 15028.9130, -1283.9611, 0.0000, 46, 72, 48
L 14948.9336, -1283.9611, 0.0000, 15028.9130, -1283.9611, 0.0000, 46, 72, 48
L 14957.9168, -1322.5984, 0.0000, 14988.9233, -1368.4803, 0.0000, 46, 72, 48
L 14988.9233, -1368.4803, 0.0000, 15019.9298, -1322.5984, 0.0000, 46, 72, 48
L 14957.9168, -1322.5984, 0.0000, 15019.9298, -1322.5984, 0.0000, 46, 72, 48
L 9691.3108, 517.3151, 0.0000, 9691.3108, 484.0706, 0.0000, 56, 48, 40
L 9628.9774, 490.3040, 0.0000, 9691.3108, 440.9566, 0.0000, 46, 72, 48
L 9691.3108, 440.9566, 0.0000, 9753.6443, 490.3040, 0.0000, 46, 72, 48
L 9628.9774, 490.3040, 0.0000, 9753.6443, 490.3040, 0.0000, 46, 72, 48
L 9638.6391, 448.7483, 0.0000, 9691.3108, 399.4010, 0.0000, 46, 72, 48
L 9691.3108, 399.4010, 0.0000, 9743.9826, 448.7483, 0.0000, 46, 72, 48
L 9638.6391, 448.7483, 0.0000, 9743.9826, 448.7483, 0.0000, 46, 72, 48
L 9648.3007, 407.1927, 0.0000, 9691.3108, 357.8454, 0.0000, 46, 72, 48
L 9691.3108, 357.8454, 0.0000, 9734.3209, 407.1927, 0.0000, 46, 72, 48
L 9648.3007, 407.1927, 0.0000, 9734.3209, 407.1927, 0.0000, 46, 72, 48
L 9657.9624, 365.6371, 0.0000, 9691.3108, 316.2897, 0.0000, 46, 72, 48
L 9691.3108, 316.2897, 0.0000, 9724.6592, 365.6371, 0.0000, 46, 72, 48
L 9657.9624, 365.6371, 0.0000, 9724.6592, 365.6371, 0.0000, 46, 72, 48
L 12509.0002, -959.0510, 0.0000, 12506.3320, -945.8694, 0.0000, 50, 76, 50
L 12506.3320, -945.8694, 0.0000, 12493.4437, -937.1966, 0.0000, 50, 76, 50
L 12493.4437, -937.1966, 0.0000, 12489.0463, -925.0679, 0.0000, 50, 76, 50
L 12489.0463, -925.0679, 0.0000, 12480.5589, -913.1270, 0.0000, 50, 76, 50
L 12480.5589, -913.1270, 0.0000, 12463.9894, -914.5164, 0.0000, 50, 76, 50
L 12463.9894, -914.5164, 0.0000, 12450.4291, -914.3310, 0.0000, 50, 76, 50
L 12450.4291, -914.3310, 0.0000, 12435.0294, -908.4750, 0.0000, 50, 76, 50
L 12435.0294, -908.4750, 0.0000, 12422.1388, -915.9308, 0.0000, 50, 76, 50
L 12422.1388, -915.9308, 0.0000, 12415.4910, -928.3055, 0.0000, 50, 76, 50
L 12415.4910, -928.3055, 0.0000, 12401.8960, -934.3928, 0.0000, 50, 76, 50
L 12401.8960, -934.3928, 0.0000, 12392.6868, -945.4356, 0.0000, 50, 76, 50
L 12392.6868, -945.4356, 0.0000, 12399.2161, -959.0510, 0.0000, 50, 76, 50
L 12399.2161, -959.0510, 0.0000, 12400.2886, -970.8739, 0.0000, 50, 76, 50
L 12400.2886, -970.8739, 0.0000, 12398.3679, -985.5016, 0.0000, 50, 76, 50
L 12398.3679, -985.5016, 0.0000, 12411.4172, -993.3815, 0.0000, 50, 76, 50
L 12411.4172, -993.3815, 0.0000, 12425.6669, -996.7937, 0.0000, 50, 76, 50
L 12425.6669, -996.7937, 0.0000, 12435.5751, -1007.8345, 0.0000, 50, 76, 50
L 12435.5751, -1007.8345, 0.0000, 12450.4291, -1010.9410, 0.0000, 50, 76, 50
L 12450.4291, -1010.9410, 0.0000, 12463.4436, -1001.7931, 0.0000, 50, 76, 50
L 12463.4436, -1001.7931, 0.0000, 12477.0309, -999.5975, 0.0000, 50, 76, 50
L 12477.0309, -999.5975, 0.0000, 12493.1201, -996.6191, 0.0000, 50, 76, 50
L 12493.1201, -996.6191, 0.0000, 12496.9718, -982.6979, 0.0000, 50, 76, 50
L 12496.9718, -982.6979, 0.0000, 12498.7301, -970.4401, 0.0000, 50, 76, 50
L 12498.7301, -970.4401, 0.0000, 12509.0002, -959.0510, 0.0000, 50, 76, 50
L 12450.4291, -914.0395, 0.0000, 12450.4291, -875.0984, 0.0000, 56, 48, 40
L 3307.9986, 2784.8054, 0.0000, 3295.3973, 2800.7467, 0.0000, 50, 76, 50
L 3295.3973, 2800.7467, 0.0000, 3286.1281, 2814.4446, 0.0000, 50, 76, 50
L 3286.1281, 2814.4446, 0.0000, 3283.6096, 2833.9257, 0.0000, 50, 76, 50
L 3283.6096, 2833.9257, 0.0000, 3265.5789, 2842.4018, 0.0000, 50, 76, 50
L 3265.5789, 2842.4018, 0.0000, 3244.8057, 2840.6848, 0.0000, 50, 76, 50
L 3244.8057, 2840.6848, 0.0000, 3227.7911, 2850.0967, 0.0000, 50, 76, 50
L 3227.7911, 2850.0967, 0.0000, 3207.1751, 2852.5126, 0.0000, 50, 76, 50
L 3207.1751, 2852.5126, 0.0000, 3193.6048, 2836.9125, 0.0000, 50, 76, 50
L 3193.6048, 2836.9125, 0.0000, 3179.1755, 2827.5872, 0.0000, 50, 76, 50
L 3179.1755, 2827.5872, 0.0000, 3158.6499, 2819.9339, 0.0000, 50, 76, 50
L 3158.6499, 2819.9339, 0.0000, 3156.5835, 2801.5959, 0.0000, 50, 76, 50
L 3156.5835, 2801.5959, 0.0000, 3161.9893, 2784.8054, 0.0000, 50, 76, 50
L 3161.9893, 2784.8054, 0.0000, 3154.3631, 2767.4915, 0.0000, 50, 76, 50
L 3154.3631, 2767.4915, 0.0000, 3159.6804, 2750.2005, 0.0000, 50, 76, 50
L 3159.6804, 2750.2005, 0.0000, 3180.3654, 2743.0708, 0.0000, 50, 76, 50
L 3180.3654, 2743.0708, 0.0000, 3192.5743, 2731.1277, 0.0000, 50, 76, 50
L 3192.5743, 2731.1277, 0.0000, 3207.0157, 2716.5747, 0.0000, 50, 76, 50
L 3207.0157, 2716.5747, 0.0000, 3227.7911, 2721.6085, 0.0000, 50, 76, 50
L 3227.7911, 2721.6085, 0.0000, 3244.9651, 2728.4025, 0.0000, 50, 76, 50
L 3244.9651, 2728.4025, 0.0000, 3266.6094, 2725.6384, 0.0000, 50, 76, 50
L 3266.6094, 2725.6384, 0.0000, 3282.4197, 2736.7323, 0.0000, 50, 76, 50
L 3282.4197, 2736.7323, 0.0000, 3285.0976, 2755.6898, 0.0000, 50, 76, 50
L 3285.0976, 2755.6898, 0.0000, 3297.6177, 2768.3407, 0.0000, 50, 76, 50
L 3297.6177, 2768.3407, 0.0000, 3307.9986, 2784.8054, 0.0000, 50, 76, 50
L 3227.7911, 2844.6693, 0.0000, 3227.7911, 2896.4596, 0.0000, 56, 48, 40
L 734.6776, 1651.9476, 0.0000, 721.0100, 1668.5211, 0.0000, 50, 76, 50
L 721.0100, 1668.5211, 0.0000, 721.4738, 1687.8942, 0.0000, 50, 76, 50
L 721.4738, 1687.8942, 0.0000, 713.1334, 1706.8693, 0.0000, 50, 76, 50
L 713.1334, 1706.8693, 0.0000, 688.6895, 1709.8172, 0.0000, 50, 76, 50
L 688.6895, 1709.8172, 0.0000, 670.3280, 1716.3362, 0.0000, 50, 76, 50
L 670.3280, 1716.3362, 0.0000, 650.7224, 1729.5404, 0.0000, 50, 76, 50
L 650.7224, 1729.5404, 0.0000, 629.5182, 1721.5867, 0.0000, 50, 76, 50
L 629.5182, 1721.5867, 0.0000, 614.3540, 1707.3805, 0.0000, 50, 76, 50
L 614.3540, 1707.3805, 0.0000, 591.5088, 1704.0556, 0.0000, 50, 76, 50
L 591.5088, 1704.0556, 0.0000, 575.1749, 1690.3309, 0.0000, 50, 76, 50
L 575.1749, 1690.3309, 0.0000, 578.8361, 1668.8981, 0.0000, 50, 76, 50
L 578.8361, 1668.8981, 0.0000, 573.1621, 1651.9476, 0.0000, 50, 76, 50
L 573.1621, 1651.9476, 0.0000, 564.9980, 1631.7342, 0.0000, 50, 76, 50
L 564.9980, 1631.7342, 0.0000, 581.5972, 1616.8273, 0.0000, 50, 76, 50
L 581.5972, 1616.8273, 0.0000, 598.9247, 1606.3656, 0.0000, 50, 76, 50
L 598.9247, 1606.3656, 0.0000, 607.9317, 1586.7258, 0.0000, 50, 76, 50
L 607.9317, 1586.7258, 0.0000, 628.5247, 1579.0456, 0.0000, 50, 76, 50
L 628.5247, 1579.0456, 0.0000, 650.7224, 1587.4067, 0.0000, 50, 76, 50
L 650.7224, 1587.4067, 0.0000, 671.3215, 1584.2961, 0.0000, 50, 76, 50
L 671.3215, 1584.2961, 0.0000, 695.1118, 1584.2891, 0.0000, 50, 76, 50
L 695.1118, 1584.2891, 0.0000, 705.7176, 1603.5519, 0.0000, 50, 76, 50
L 705.7176, 1603.5519, 0.0000, 715.0515, 1619.2641, 0.0000, 50, 76, 50
L 715.0515, 1619.2641, 0.0000, 734.8482, 1632.1112, 0.0000, 50, 76, 50
L 734.8482, 1632.1112, 0.0000, 734.6776, 1651.9476, 0.0000, 50, 76, 50
L 650.7224, 1718.1690, 0.0000, 650.7224, 1775.4595, 0.0000, 56, 48, 40
L 13374.7249, 326.9232, 0.0000, 13374.7249, 285.6798, 0.0000, 56, 48, 40
L 13297.3936, 293.4129, 0.0000, 13374.7249, 232.1924, 0.0000, 46, 72, 48
L 13374.7249, 232.1924, 0.0000, 13452.0562, 293.4129, 0.0000, 46, 72, 48
L 13297.3936, 293.4129, 0.0000, 13452.0562, 293.4129, 0.0000, 46, 72, 48
L 13309.3800, 241.8588, 0.0000, 13374.7249, 180.6382, 0.0000, 46, 72, 48
L 13374.7249, 180.6382, 0.0000, 13440.0698, 241.8588, 0.0000, 46, 72, 48
L 13309.3800, 241.8588, 0.0000, 13440.0698, 241.8588, 0.0000, 46, 72, 48
L 13321.3663, 190.3046, 0.0000, 13374.7249, 129.0840, 0.0000, 46, 72, 48
L 13374.7249, 129.0840, 0.0000, 13428.0835, 190.3046, 0.0000, 46, 72, 48
L 13321.3663, 190.3046, 0.0000, 13428.0835, 190.3046, 0.0000, 46, 72, 48
L 13333.3527, 138.7504, 0.0000, 13374.7249, 77.5298, 0.0000, 46, 72, 48
L 13374.7249, 77.5298, 0.0000, 13416.0971, 138.7504, 0.0000, 46, 72, 48
L 13333.3527, 138.7504, 0.0000, 13416.0971, 138.7504, 0.0000, 46, 72, 48
L 7602.3316, 3267.0668, 0.0000, 7602.3316, 3182.6735, 0.0000, 56, 48, 40
L 7542.5530, 3182.6735, 0.0000, 7545.4787, 3171.8072, 0.0000, 54, 80, 46
L 7545.4787, 3171.8072, 0.0000, 7553.9697, 3162.0046, 0.0000, 54, 80, 46
L 7553.9697, 3162.0046, 0.0000, 7567.1946, 3154.2253, 0.0000, 54, 80, 46
L 7567.1946, 3154.2253, 0.0000, 7583.8590, 3149.2306, 0.0000, 54, 80, 46
L 7583.8590, 3149.2306, 0.0000, 7602.3316, 3147.5095, 0.0000, 54, 80, 46
L 7602.3316, 3147.5095, 0.0000, 7620.8042, 3149.2306, 0.0000, 54, 80, 46
L 7620.8042, 3149.2306, 0.0000, 7637.4686, 3154.2253, 0.0000, 54, 80, 46
L 7637.4686, 3154.2253, 0.0000, 7650.6935, 3162.0046, 0.0000, 54, 80, 46
L 7650.6935, 3162.0046, 0.0000, 7659.1845, 3171.8072, 0.0000, 54, 80, 46
L 7659.1845, 3171.8072, 0.0000, 7662.1103, 3182.6735, 0.0000, 54, 80, 46
L 7549.2092, 3174.3005, 0.0000, 7544.2933, 3229.9007, 0.0000, 54, 80, 46
L 7563.4433, 3159.7980, 0.0000, 7568.8509, 3226.4327, 0.0000, 54, 80, 46
L 7588.0975, 3151.4250, 0.0000, 7583.8972, 3224.4305, 0.0000, 54, 80, 46
L 7616.5657, 3151.4250, 0.0000, 7619.4382, 3224.4305, 0.0000, 54, 80, 46
L 7641.2199, 3159.7980, 0.0000, 7645.3148, 3226.4327, 0.0000, 54, 80, 46
L 7655.4540, 3174.3005, 0.0000, 7658.4197, 3229.9007, 0.0000, 54, 80, 46
L 829.4909, 203.2012, 0.0000, 838.4057, 223.2975, 0.0000, 50, 76, 50
L 838.4057, 223.2975, 0.0000, 823.0782, 238.7153, 0.0000, 50, 76, 50
L 823.0782, 238.7153, 0.0000, 804.5743, 248.4300, 0.0000, 50, 76, 50
L 804.5743, 248.4300, 0.0000, 795.3588, 267.4934, 0.0000, 50, 76, 50
L 795.3588, 267.4934, 0.0000, 775.5260, 276.5966, 0.0000, 50, 76, 50
L 775.5260, 276.5966, 0.0000, 753.1780, 268.0067, 0.0000, 50, 76, 50
L 753.1780, 268.0067, 0.0000, 732.9296, 269.7012, 0.0000, 50, 76, 50
L 732.9296, 269.7012, 0.0000, 708.8977, 270.6936, 0.0000, 50, 76, 50
L 708.8977, 270.6936, 0.0000, 697.5826, 252.1252, 0.0000, 50, 76, 50
L 697.5826, 252.1252, 0.0000, 689.5764, 235.5152, 0.0000, 50, 76, 50
L 689.5764, 235.5152, 0.0000, 670.0499, 222.8025, 0.0000, 50, 76, 50
L 670.0499, 222.8025, 0.0000, 668.4669, 203.2012, 0.0000, 50, 76, 50
L 668.4669, 203.2012, 0.0000, 682.8684, 186.6226, 0.0000, 50, 76, 50
L 682.8684, 186.6226, 0.0000, 683.6273, 167.8647, 0.0000, 50, 76, 50
L 683.6273, 167.8647, 0.0000, 690.7131, 148.2321, 0.0000, 50, 76, 50
L 690.7131, 148.2321, 0.0000, 714.8468, 144.7766, 0.0000, 50, 76, 50
L 714.8468, 144.7766, 0.0000, 733.8499, 139.7238, 0.0000, 50, 76, 50
L 733.8499, 139.7238, 0.0000, 753.1780, 126.3055, 0.0000, 50, 76, 50
L 753.1780, 126.3055, 0.0000, 774.6057, 132.8284, 0.0000, 50, 76, 50
L 774.6057, 132.8284, 0.0000, 789.4097, 147.9767, 0.0000, 50, 76, 50
L 789.4097, 147.9767, 0.0000, 811.4438, 151.9274, 0.0000, 50, 76, 50
L 811.4438, 151.9274, 0.0000, 829.0274, 164.6646, 0.0000, 50, 76, 50
L 829.0274, 164.6646, 0.0000, 825.5872, 186.1275, 0.0000, 50, 76, 50
L 825.5872, 186.1275, 0.0000, 829.4909, 203.2012, 0.0000, 50, 76, 50
L 753.1780, 269.2211, 0.0000, 753.1780, 326.3373, 0.0000, 56, 48, 40
L 5914.9402, -305.1305, 0.0000, 5914.6629, -290.4727, 0.0000, 50, 76, 50
L 5914.6629, -290.4727, 0.0000, 5900.0263, -280.9837, 0.0000, 50, 76, 50
L 5900.0263, -280.9837, 0.0000, 5893.4194, -269.1212, 0.0000, 50, 76, 50
L 5893.4194, -269.1212, 0.0000, 5885.3989, -254.9854, 0.0000, 50, 76, 50
L 5885.3989, -254.9854, 0.0000, 5867.6933, -255.2315, 0.0000, 50, 76, 50
L 5867.6933, -255.2315, 0.0000, 5852.4997, -257.2172, 0.0000, 50, 76, 50
L 5852.4997, -257.2172, 0.0000, 5836.0012, -250.9462, 0.0000, 50, 76, 50
L 5836.0012, -250.9462, 0.0000, 5820.9053, -256.9741, 0.0000, 50, 76, 50
L 5820.9053, -256.9741, 0.0000, 5814.1896, -271.4176, 0.0000, 50, 76, 50
L 5814.1896, -271.4176, 0.0000, 5801.0587, -278.9949, 0.0000, 50, 76, 50
L 5801.0587, -278.9949, 0.0000, 5789.0317, -290.1650, 0.0000, 50, 76, 50
L 5789.0317, -290.1650, 0.0000, 5795.2784, -305.1305, 0.0000, 50, 76, 50
L 5795.2784, -305.1305, 0.0000, 5799.0784, -317.7270, 0.0000, 50, 76, 50
L 5799.0784, -317.7270, 0.0000, 5796.3960, -333.6350, 0.0000, 50, 76, 50
L 5796.3960, -333.6350, 0.0000, 5808.8056, -343.5812, 0.0000, 50, 76, 50
L 5808.8056, -343.5812, 0.0000, 5825.5680, -346.1799, 0.0000, 50, 76, 50
L 5825.5680, -346.1799, 0.0000, 5836.7226, -356.9458, 0.0000, 50, 76, 50
L 5836.7226, -356.9458, 0.0000, 5852.4997, -362.5196, 0.0000, 50, 76, 50
L 5852.4997, -362.5196, 0.0000, 5866.9720, -352.6605, 0.0000, 50, 76, 50
L 5866.9720, -352.6605, 0.0000, 5880.7362, -348.1687, 0.0000, 50, 76, 50
L 5880.7362, -348.1687, 0.0000, 5898.8034, -345.8777, 0.0000, 50, 76, 50
L 5898.8034, -345.8777, 0.0000, 5904.6889, -331.6462, 0.0000, 50, 76, 50
L 5904.6889, -331.6462, 0.0000, 5904.6162, -317.4193, 0.0000, 50, 76, 50
L 5904.6162, -317.4193, 0.0000, 5914.9402, -305.1305, 0.0000, 50, 76, 50
L 5852.4997, -256.0691, 0.0000, 5852.4997, -213.6243, 0.0000, 56, 48, 40
L 6521.5885, 3623.7838, 0.0000, 6521.5885, 3581.8338, 0.0000, 56, 48, 40
L 6442.9323, 3589.6994, 0.0000, 6521.5885, 3527.4299, 0.0000, 46, 72, 48
L 6521.5885, 3527.4299, 0.0000, 6600.2448, 3589.6994, 0.0000, 46, 72, 48
L 6442.9323, 3589.6994, 0.0000, 6600.2448, 3589.6994, 0.0000, 46, 72, 48
L 6455.1240, 3537.2619, 0.0000, 6521.5885, 3474.9924, 0.0000, 46, 72, 48
L 6521.5885, 3474.9924, 0.0000, 6588.0531, 3537.2619, 0.0000, 46, 72, 48
L 6455.1240, 3537.2619, 0.0000, 6588.0531, 3537.2619, 0.0000, 46, 72, 48
L 6467.3157, 3484.8244, 0.0000, 6521.5885, 3422.5549, 0.0000, 46, 72, 48
L 6521.5885, 3422.5549, 0.0000, 6575.8614, 3484.8244, 0.0000, 46, 72, 48
L 6467.3157, 3484.8244, 0.0000, 6575.8614, 3484.8244, 0.0000, 46, 72, 48
L 6479.5074, 3432.3869, 0.0000, 6521.5885, 3370.1173, 0.0000, 46, 72, 48
L 6521.5885, 3370.1173, 0.0000, 6563.6697, 3432.3869, 0.0000, 46, 72, 48
L 6479.5074, 3432.3869, 0.0000, 6563.6697, 3432.3869, 0.0000, 46, 72, 48
L 7161.2785, 1136.0632, 0.0000, 7161.2785, 1013.3831, 0.0000, 56, 48, 40
L 7074.3801, 1013.3831, 0.0000, 7078.6332, 997.5872, 0.0000, 54, 80, 46
L 7078.6332, 997.5872, 0.0000, 7090.9762, 983.3375, 0.0000, 54, 80, 46
L 7090.9762, 983.3375, 0.0000, 7110.2009, 972.0288, 0.0000, 54, 80, 46
L 7110.2009, 972.0288, 0.0000, 7134.4254, 964.7682, 0.0000, 54, 80, 46
L 7134.4254, 964.7682, 0.0000, 7161.2785, 962.2664, 0.0000, 54, 80, 46
L 7161.2785, 962.2664, 0.0000, 7188.1316, 964.7682, 0.0000, 54, 80, 46
L 7188.1316, 964.7682, 0.0000, 7212.3561, 972.0288, 0.0000, 54, 80, 46
L 7212.3561, 972.0288, 0.0000, 7231.5808, 983.3375, 0.0000, 54, 80, 46
L 7231.5808, 983.3375, 0.0000, 7243.9238, 997.5872, 0.0000, 54, 80, 46
L 7243.9238, 997.5872, 0.0000, 7248.1769, 1013.3831, 0.0000, 54, 80, 46
L 7084.0561, 1001.2115, 0.0000, 7080.7463, 1082.0359, 0.0000, 54, 80, 46
L 7104.7478, 980.1297, 0.0000, 7109.9395, 1076.9946, 0.0000, 54, 80, 46
L 7140.5868, 967.9582, 0.0000, 7145.9357, 1074.0840, 0.0000, 54, 80, 46
L 7181.9702, 967.9582, 0.0000, 7176.2433, 1074.0840, 0.0000, 54, 80, 46
L 7217.8092, 980.1297, 0.0000, 7221.9722, 1076.9946, 0.0000, 54, 80, 46
L 7238.5009, 1001.2115, 0.0000, 7241.0734, 1082.0359, 0.0000, 54, 80, 46
L 14623.6723, -493.7918, 0.0000, 14618.0941, -480.0754, 0.0000, 50, 76, 50
L 14618.0941, -480.0754, 0.0000, 14621.0821, -462.7189, 0.0000, 50, 76, 50
L 14621.0821, -462.7189, 0.0000, 14608.5469, -451.0029, 0.0000, 50, 76, 50
L 14608.5469, -451.0029, 0.0000, 14589.5870, -448.5780, 0.0000, 50, 76, 50
L 14589.5870, -448.5780, 0.0000, 14577.0229, -437.6327, 0.0000, 50, 76, 50
L 14577.0229, -437.6327, 0.0000, 14559.9231, -430.4179, 0.0000, 50, 76, 50
L 14559.9231, -430.4179, 0.0000, 14543.8255, -440.9238, 0.0000, 50, 76, 50
L 14543.8255, -440.9238, 0.0000, 14529.2571, -447.0505, 0.0000, 50, 76, 50
L 14529.2571, -447.0505, 0.0000, 14509.2952, -449.2392, 0.0000, 50, 76, 50
L 14509.2952, -449.2392, 0.0000, 14501.7705, -464.2463, 0.0000, 50, 76, 50
L 14501.7705, -464.2463, 0.0000, 14502.7543, -480.3117, 0.0000, 50, 76, 50
L 14502.7543, -480.3117, 0.0000, 14492.1656, -493.7918, 0.0000, 50, 76, 50
L 14492.1656, -493.7918, 0.0000, 14491.0684, -510.0274, 0.0000, 50, 76, 50
L 14491.0684, -510.0274, 0.0000, 14507.1940, -520.5818, 0.0000, 50, 76, 50
L 14507.1940, -520.5818, 0.0000, 14515.5576, -532.8335, 0.0000, 50, 76, 50
L 14515.5576, -532.8335, 0.0000, 14523.8337, -548.7995, 0.0000, 50, 76, 50
L 14523.8337, -548.7995, 0.0000, 14542.9865, -549.4153, 0.0000, 50, 76, 50
L 14542.9865, -549.4153, 0.0000, 14559.9231, -546.1438, 0.0000, 50, 76, 50
L 14559.9231, -546.1438, 0.0000, 14577.8619, -552.7064, 0.0000, 50, 76, 50
L 14577.8619, -552.7064, 0.0000, 14595.0105, -547.2721, 0.0000, 50, 76, 50
L 14595.0105, -547.2721, 0.0000, 14602.2844, -531.0698, 0.0000, 50, 76, 50
L 14602.2844, -531.0698, 0.0000, 14615.6587, -522.1093, 0.0000, 50, 76, 50
L 14615.6587, -522.1093, 0.0000, 14629.7800, -510.2637, 0.0000, 50, 76, 50
L 14629.7800, -510.2637, 0.0000, 14623.6723, -493.7918, 0.0000, 50, 76, 50
L 14559.9231, -439.8741, 0.0000, 14559.9231, -393.2279, 0.0000, 56, 48, 40
L 12976.6971, -513.7798, 0.0000, 12976.6971, -556.0289, 0.0000, 56, 48, 40
L 12897.4800, -548.1072, 0.0000, 12976.6971, -610.8208, 0.0000, 46, 72, 48
L 12976.6971, -610.8208, 0.0000, 13055.9142, -548.1072, 0.0000, 46, 72, 48
L 12897.4800, -548.1072, 0.0000, 13055.9142, -548.1072, 0.0000, 46, 72, 48
L 12909.7586, -600.9187, 0.0000, 12976.6971, -663.6322, 0.0000, 46, 72, 48
L 12976.6971, -663.6322, 0.0000, 13043.6356, -600.9187, 0.0000, 46, 72, 48
L 12909.7586, -600.9187, 0.0000, 13043.6356, -600.9187, 0.0000, 46, 72, 48
L 12922.0373, -653.7301, 0.0000, 12976.6971, -716.4436, 0.0000, 46, 72, 48
L 12976.6971, -716.4436, 0.0000, 13031.3569, -653.7301, 0.0000, 46, 72, 48
L 12922.0373, -653.7301, 0.0000, 13031.3569, -653.7301, 0.0000, 46, 72, 48
L 12934.3159, -706.5415, 0.0000, 12976.6971, -769.2551, 0.0000, 46, 72, 48
L 12976.6971, -769.2551, 0.0000, 13019.0783, -706.5415, 0.0000, 46, 72, 48
L 12934.3159, -706.5415, 0.0000, 13019.0783, -706.5415, 0.0000, 46, 72, 48
L 760.2586, -401.7455, 0.0000, 768.4644, -385.0218, 0.0000, 50, 76, 50
L 768.4644, -385.0218, 0.0000, 757.9708, -371.0424, 0.0000, 50, 76, 50
L 757.9708, -371.0424, 0.0000, 740.6448, -363.8130, 0.0000, 50, 76, 50
L 740.6448, -363.8130, 0.0000, 732.1258, -349.0292, 0.0000, 50, 76, 50
L 732.1258, -349.0292, 0.0000, 716.6253, -339.0645, 0.0000, 50, 76, 50
L 716.6253, -339.0645, 0.0000, 697.5397, -346.1614, 0.0000, 50, 76, 50
L 697.5397, -346.1614, 0.0000, 680.9571, -347.2850, 0.0000, 50, 76, 50
L 680.9571, -347.2850, 0.0000, 660.4505, -345.2140, 0.0000, 50, 76, 50
L 660.4505, -345.2140, 0.0000, 649.4284, -359.4076, 0.0000, 50, 76, 50
L 649.4284, -359.4076, 0.0000, 644.6177, -374.8576, 0.0000, 50, 76, 50
L 644.6177, -374.8576, 0.0000, 629.1180, -385.6120, 0.0000, 50, 76, 50
L 629.1180, -385.6120, 0.0000, 624.8085, -401.7455, 0.0000, 50, 76, 50
L 624.8085, -401.7455, 0.0000, 637.6296, -415.8721, 0.0000, 50, 76, 50
L 637.6296, -415.8721, 0.0000, 640.6675, -430.6405, 0.0000, 50, 76, 50
L 640.6675, -430.6405, 0.0000, 644.8671, -448.0974, 0.0000, 50, 76, 50
L 644.8671, -448.0974, 0.0000, 664.4007, -452.2561, 0.0000, 50, 76, 50
L 664.4007, -452.2561, 0.0000, 681.5682, -454.1991, 0.0000, 50, 76, 50
L 681.5682, -454.1991, 0.0000, 697.5397, -465.3576, 0.0000, 50, 76, 50
L 697.5397, -465.3576, 0.0000, 716.0142, -462.4196, 0.0000, 50, 76, 50
L 716.0142, -462.4196, 0.0000, 728.1756, -448.4409, 0.0000, 50, 76, 50
L 728.1756, -448.4409, 0.0000, 745.2061, -443.6920, 0.0000, 50, 76, 50
L 745.2061, -443.6920, 0.0000, 761.9210, -434.4557, 0.0000, 50, 76, 50
L 761.9210, -434.4557, 0.0000, 759.9528, -416.4623, 0.0000, 50, 76, 50
L 759.9528, -416.4623, 0.0000, 760.2586, -401.7455, 0.0000, 50, 76, 50
L 697.5397, -346.2110, 0.0000, 697.5397, -298.1660, 0.0000, 56, 48, 40
L 10480.2079, -1291.7395, 0.0000, 10482.6062, -1275.6306, 0.0000, 50, 76, 50
L 10482.6062, -1275.6306, 0.0000, 10466.8552, -1265.0323, 0.0000, 50, 76, 50
L 10466.8552, -1265.0323, 0.0000, 10457.4800, -1253.7315, 0.0000, 50, 76, 50
L 10457.4800, -1253.7315, 0.0000, 10449.7450, -1237.6974, 0.0000, 50, 76, 50
L 10449.7450, -1237.6974, 0.0000, 10431.2262, -1236.1145, 0.0000, 50, 76, 50
L 10431.2262, -1236.1145, 0.0000, 10414.2891, -1240.3107, 0.0000, 50, 76, 50
L 10414.2891, -1240.3107, 0.0000, 10396.8095, -1234.3328, 0.0000, 50, 76, 50
L 10396.8095, -1234.3328, 0.0000, 10379.3758, -1238.5243, 0.0000, 50, 76, 50
L 10379.3758, -1238.5243, 0.0000, 10372.1833, -1254.6863, 0.0000, 50, 76, 50
L 10372.1833, -1254.6863, 0.0000, 10360.0955, -1264.2054, 0.0000, 50, 76, 50
L 10360.0955, -1264.2054, 0.0000, 10345.4296, -1275.5027, 0.0000, 50, 76, 50
L 10345.4296, -1275.5027, 0.0000, 10350.5405, -1291.7395, 0.0000, 50, 76, 50
L 10350.5405, -1291.7395, 0.0000, 10357.3571, -1305.1638, 0.0000, 50, 76, 50
L 10357.3571, -1305.1638, 0.0000, 10354.5599, -1322.0860, 0.0000, 50, 76, 50
L 10354.5599, -1322.0860, 0.0000, 10365.7913, -1334.4175, 0.0000, 50, 76, 50
L 10365.7913, -1334.4175, 0.0000, 10384.9113, -1336.5173, 0.0000, 50, 76, 50
L 10384.9113, -1336.5173, 0.0000, 10397.6659, -1346.3337, 0.0000, 50, 76, 50
L 10397.6659, -1346.3337, 0.0000, 10414.2891, -1354.4180, 0.0000, 50, 76, 50
L 10414.2891, -1354.4180, 0.0000, 10430.3699, -1344.5520, 0.0000, 50, 76, 50
L 10430.3699, -1344.5520, 0.0000, 10444.2095, -1337.3442, 0.0000, 50, 76, 50
L 10444.2095, -1337.3442, 0.0000, 10463.8720, -1335.3724, 0.0000, 50, 76, 50
L 10463.8720, -1335.3724, 0.0000, 10472.3908, -1321.2591, 0.0000, 50, 76, 50
L 10472.3908, -1321.2591, 0.0000, 10470.6787, -1305.0359, 0.0000, 50, 76, 50
L 10470.6787, -1305.0359, 0.0000, 10480.2079, -1291.7395, 0.0000, 50, 76, 50
L 10414.2891, -1238.5758, 0.0000, 10414.2891, -1192.5821, 0.0000, 56, 48, 40
L 388.1670, 2166.1353, 0.0000, 378.8820, 2185.1943, 0.0000, 50, 76, 50
L 378.8820, 2185.1943, 0.0000, 362.4247, 2198.8403, 0.0000, 50, 76, 50
L 362.4247, 2198.8403, 0.0000, 358.5842, 2219.4023, 0.0000, 50, 76, 50
L 358.5842, 2219.4023, 0.0000, 342.6124, 2234.0522, 0.0000, 50, 76, 50
L 342.6124, 2234.0522, 0.0000, 317.7302, 2230.7575, 0.0000, 50, 76, 50
L 317.7302, 2230.7575, 0.0000, 298.0535, 2235.9085, 0.0000, 50, 76, 50
L 298.0535, 2235.9085, 0.0000, 274.5808, 2243.2246, 0.0000, 50, 76, 50
L 274.5808, 2243.2246, 0.0000, 257.2907, 2228.2662, 0.0000, 50, 76, 50
L 257.2907, 2228.2662, 0.0000, 245.1150, 2212.7212, 0.0000, 50, 76, 50
L 245.1150, 2212.7212, 0.0000, 222.2940, 2204.6263, 0.0000, 50, 76, 50
L 222.2940, 2204.6263, 0.0000, 213.4289, 2186.0894, 0.0000, 50, 76, 50
L 213.4289, 2186.0894, 0.0000, 223.1244, 2166.1353, 0.0000, 50, 76, 50
L 223.1244, 2166.1353, 0.0000, 219.4630, 2147.6041, 0.0000, 50, 76, 50
L 219.4630, 2147.6041, 0.0000, 219.4936, 2126.2215, 0.0000, 50, 76, 50
L 219.4936, 2126.2215, 0.0000, 241.8814, 2116.7038, 0.0000, 50, 76, 50
L 241.8814, 2116.7038, 0.0000, 260.0911, 2108.2728, 0.0000, 50, 76, 50
L 260.0911, 2108.2728, 0.0000, 275.0140, 2090.4688, 0.0000, 50, 76, 50
L 275.0140, 2090.4688, 0.0000, 298.0535, 2090.6709, 0.0000, 50, 76, 50
L 298.0535, 2090.6709, 0.0000, 317.2970, 2102.9359, 0.0000, 50, 76, 50
L 317.2970, 2102.9359, 0.0000, 339.8120, 2102.4868, 0.0000, 50, 76, 50
L 339.8120, 2102.4868, 0.0000, 361.8178, 2110.0227, 0.0000, 50, 76, 50
L 361.8178, 2110.0227, 0.0000, 365.2252, 2132.0075, 0.0000, 50, 76, 50
L 365.2252, 2132.0075, 0.0000, 372.8479, 2148.4992, 0.0000, 50, 76, 50
L 372.8479, 2148.4992, 0.0000, 388.1670, 2166.1353, 0.0000, 50, 76, 50
L 298.0535, 2233.8028, 0.0000, 298.0535, 2292.3444, 0.0000, 56, 48, 40
L 949.5169, 3563.9450, 0.0000, 937.5595, 3577.1999, 0.0000, 50, 76, 50
L 937.5595, 3577.1999, 0.0000, 933.5040, 3590.4449, 0.0000, 50, 76, 50
L 933.5040, 3590.4449, 0.0000, 930.2425, 3606.9742, 0.0000, 50, 76, 50
L 930.2425, 3606.9742, 0.0000, 912.5963, 3611.5772, 0.0000, 50, 76, 50
L 912.5963, 3611.5772, 0.0000, 896.1035, 3612.4125, 0.0000, 50, 76, 50
L 896.1035, 3612.4125, 0.0000, 881.3457, 3622.4707, 0.0000, 50, 76, 50
L 881.3457, 3622.4707, 0.0000, 863.9849, 3620.9615, 0.0000, 50, 76, 50
L 863.9849, 3620.9615, 0.0000, 852.6982, 3607.6096, 0.0000, 50, 76, 50
L 852.6982, 3607.6096, 0.0000, 837.6550, 3602.3928, 0.0000, 50, 76, 50
L 837.6550, 3602.3928, 0.0000, 821.3783, 3594.4125, 0.0000, 50, 76, 50
L 821.3783, 3594.4125, 0.0000, 822.5289, 3577.8137, 0.0000, 50, 76, 50
L 822.5289, 3577.8137, 0.0000, 823.5868, 3563.9450, 0.0000, 50, 76, 50
L 823.5868, 3563.9450, 0.0000, 815.9204, 3548.5180, 0.0000, 50, 76, 50
L 815.9204, 3548.5180, 0.0000, 824.4453, 3535.0357, 0.0000, 50, 76, 50
L 824.4453, 3535.0357, 0.0000, 841.1965, 3528.6137, 0.0000, 50, 76, 50
L 841.1965, 3528.6137, 0.0000, 849.6312, 3515.6056, 0.0000, 50, 76, 50
L 849.6312, 3515.6056, 0.0000, 863.5104, 3505.3701, 0.0000, 50, 76, 50
L 863.5104, 3505.3701, 0.0000, 881.3457, 3511.6522, 0.0000, 50, 76, 50
L 881.3457, 3511.6522, 0.0000, 896.5780, 3513.9191, 0.0000, 50, 76, 50
L 896.5780, 3513.9191, 0.0000, 915.6633, 3511.6380, 0.0000, 50, 76, 50
L 915.6633, 3511.6380, 0.0000, 926.7010, 3524.0323, 0.0000, 50, 76, 50
L 926.7010, 3524.0323, 0.0000, 930.4369, 3539.0033, 0.0000, 50, 76, 50
L 930.4369, 3539.0033, 0.0000, 944.1680, 3549.1318, 0.0000, 50, 76, 50
L 944.1680, 3549.1318, 0.0000, 949.5169, 3563.9450, 0.0000, 50, 76, 50
L 881.3457, 3615.5763, 0.0000, 881.3457, 3660.2444, 0.0000, 56, 48, 40
L 11866.0894, 1286.6911, 0.0000, 11866.0894, 1251.6869, 0.0000, 56, 48, 40
L 11800.4565, 1258.2502, 0.0000, 11866.0894, 1206.2907, 0.0000, 46, 72, 48
L 11866.0894, 1206.2907, 0.0000, 11931.7224, 1258.2502, 0.0000, 46, 72, 48
L 11800.4565, 1258.2502, 0.0000, 11931.7224, 1258.2502, 0.0000, 46, 72, 48
L 11810.6296, 1214.4948, 0.0000, 11866.0894, 1162.5354, 0.0000, 46, 72, 48
L 11866.0894, 1162.5354, 0.0000, 11921.5493, 1214.4948, 0.0000, 46, 72, 48
L 11810.6296, 1214.4948, 0.0000, 11921.5493, 1214.4948, 0.0000, 46, 72, 48
L 11820.8027, 1170.7395, 0.0000, 11866.0894, 1118.7801, 0.0000, 46, 72, 48
L 11866.0894, 1118.7801, 0.0000, 11911.3762, 1170.7395, 0.0000, 46, 72, 48
L 11820.8027, 1170.7395, 0.0000, 11911.3762, 1170.7395, 0.0000, 46, 72, 48
L 11830.9758, 1126.9842, 0.0000, 11866.0894, 1075.0248, 0.0000, 46, 72, 48
L 11866.0894, 1075.0248, 0.0000, 11901.2031, 1126.9842, 0.0000, 46, 72, 48
L 11830.9758, 1126.9842, 0.0000, 11901.2031, 1126.9842, 0.0000, 46, 72, 48
L 3137.3207, 370.1619, 0.0000, 3137.3207, 252.8839, 0.0000, 56, 48, 40
L 3054.2488, 252.8839, 0.0000, 3058.3146, 237.7836, 0.0000, 54, 80, 46
L 3058.3146, 237.7836, 0.0000, 3070.1141, 224.1613, 0.0000, 54, 80, 46
L 3070.1141, 224.1613, 0.0000, 3088.4923, 213.3507, 0.0000, 54, 80, 46
L 3088.4923, 213.3507, 0.0000, 3111.6501, 206.4098, 0.0000, 54, 80, 46
L 3111.6501, 206.4098, 0.0000, 3137.3207, 204.0181, 0.0000, 54, 80, 46
L 3137.3207, 204.0181, 0.0000, 3162.9913, 206.4098, 0.0000, 54, 80, 46
L 3162.9913, 206.4098, 0.0000, 3186.1492, 213.3507, 0.0000, 54, 80, 46
L 3186.1492, 213.3507, 0.0000, 3204.5273, 224.1613, 0.0000, 54, 80, 46
L 3204.5273, 224.1613, 0.0000, 3216.3268, 237.7836, 0.0000, 54, 80, 46
L 3216.3268, 237.7836, 0.0000, 3220.3926, 252.8839, 0.0000, 54, 80, 46
L 3063.4987, 241.2483, 0.0000, 3058.3962, 318.5137, 0.0000, 54, 80, 46
L 3083.2793, 221.0948, 0.0000, 3086.4713, 313.6944, 0.0000, 54, 80, 46
L 3117.5402, 209.4592, 0.0000, 3123.2053, 310.9119, 0.0000, 54, 80, 46
L 3157.1013, 209.4592, 0.0000, 3156.0848, 310.9119, 0.0000, 54, 80, 46
L 3191.3622, 221.0948, 0.0000, 3196.7007, 313.6944, 0.0000, 54, 80, 46
L 3211.1427, 241.2483, 0.0000, 3210.2963, 318.5137, 0.0000, 54, 80, 46
L 14946.9451, 1588.6663, 0.0000, 14946.9451, 1507.6770, 0.0000, 56, 48, 40
L 14889.5777, 1507.6770, 0.0000, 14892.3854, 1497.2490, 0.0000, 54, 80, 46
L 14892.3854, 1497.2490, 0.0000, 14900.5339, 1487.8418, 0.0000, 54, 80, 46
L 14900.5339, 1487.8418, 0.0000, 14913.2254, 1480.3762, 0.0000, 54, 80, 46
L 14913.2254, 1480.3762, 0.0000, 14929.2176, 1475.5830, 0.0000, 54, 80, 46
L 14929.2176, 1475.5830, 0.0000, 14946.9451, 1473.9314, 0.0000, 54, 80, 46
L 14946.9451, 1473.9314, 0.0000, 14964.6726, 1475.5830, 0.0000, 54, 80, 46
L 14964.6726, 1475.5830, 0.0000, 14980.6649, 1480.3762, 0.0000, 54, 80, 46
L 14980.6649, 1480.3762, 0.0000, 14993.3564, 1487.8418, 0.0000, 54, 80, 46
L 14993.3564, 1487.8418, 0.0000, 15001.5048, 1497.2490, 0.0000, 54, 80, 46
L 15001.5048, 1497.2490, 0.0000, 15004.3126, 1507.6770, 0.0000, 54, 80, 46
L 14895.9654, 1499.6417, 0.0000, 14898.8655, 1552.9993, 0.0000, 54, 80, 46
L 14909.6254, 1485.7242, 0.0000, 14914.9151, 1549.6712, 0.0000, 54, 80, 46
L 14933.2852, 1477.6889, 0.0000, 14936.2540, 1547.7497, 0.0000, 54, 80, 46
L 14960.6051, 1477.6889, 0.0000, 14965.5028, 1547.7497, 0.0000, 54, 80, 46
L 14984.2648, 1485.7242, 0.0000, 14979.5966, 1549.6712, 0.0000, 54, 80, 46
L 14997.9248, 1499.6417, 0.0000, 14998.8821, 1552.9993, 0.0000, 54, 80, 46
L 326.6279, 1025.4128, 0.0000, 326.6279, 998.4346, 0.0000, 56, 48, 40
L 276.0438, 1003.4930, 0.0000, 326.6279, 963.4473, 0.0000, 46, 72, 48
L 326.6279, 963.4473, 0.0000, 377.2120, 1003.4930, 0.0000, 46, 72, 48
L 276.0438, 1003.4930, 0.0000, 377.2120, 1003.4930, 0.0000, 46, 72, 48
L 283.8843, 969.7703, 0.0000, 326.6279, 929.7245, 0.0000, 46, 72, 48
L 326.6279, 929.7245, 0.0000, 369.3714, 969.7703, 0.0000, 46, 72, 48
L 283.8843, 969.7703, 0.0000, 369.3714, 969.7703, 0.0000, 46, 72, 48
L 291.7249, 936.0476, 0.0000, 326.6279, 896.0018, 0.0000, 46, 72, 48
L 326.6279, 896.0018, 0.0000, 361.5309, 936.0476, 0.0000, 46, 72, 48
L 291.7249, 936.0476, 0.0000, 361.5309, 936.0476, 0.0000, 46, 72, 48
L 299.5654, 902.3248, 0.0000, 326.6279, 862.2791, 0.0000, 46, 72, 48
L 326.6279, 862.2791, 0.0000, 353.6904, 902.3248, 0.0000, 46, 72, 48
L 299.5654, 902.3248, 0.0000, 353.6904, 902.3248, 0.0000, 46, 72, 48
L 13262.3589, 668.1300, 0.0000, 13262.3589, 570.1522, 0.0000, 56, 48, 40
L 13192.9579, 570.1522, 0.0000, 13196.3547, 557.5368, 0.0000, 54, 80, 46
L 13196.3547, 557.5368, 0.0000, 13206.2123, 546.1563, 0.0000, 54, 80, 46
L 13206.2123, 546.1563, 0.0000, 13221.5660, 537.1248, 0.0000, 54, 80, 46
L 13221.5660, 537.1248, 0.0000, 13240.9128, 531.3261, 0.0000, 54, 80, 46
L 13240.9128, 531.3261, 0.0000, 13262.3589, 529.3280, 0.0000, 54, 80, 46
L 13262.3589, 529.3280, 0.0000, 13283.8050, 531.3261, 0.0000, 54, 80, 46
L 13283.8050, 531.3261, 0.0000, 13303.1518, 537.1248, 0.0000, 54, 80, 46
L 13303.1518, 537.1248, 0.0000, 13318.5055, 546.1563, 0.0000, 54, 80, 46
L 13318.5055, 546.1563, 0.0000, 13328.3632, 557.5368, 0.0000, 54, 80, 46
L 13328.3632, 557.5368, 0.0000, 13331.7599, 570.1522, 0.0000, 54, 80, 46
L 13200.6856, 560.4314, 0.0000, 13205.6028, 624.9814, 0.0000, 54, 80, 46
L 13217.2109, 543.5945, 0.0000, 13214.7399, 620.9552, 0.0000, 54, 80, 46
L 13245.8336, 533.8737, 0.0000, 13245.3468, 618.6306, 0.0000, 54, 80, 46
L 13278.8842, 533.8737, 0.0000, 13274.5205, 618.6306, 0.0000, 54, 80, 46
L 13307.5069, 543.5945, 0.0000, 13313.4476, 620.9552, 0.0000, 54, 80, 46
L 13324.0322, 560.4314, 0.0000, 13319.8880, 624.9814, 0.0000, 54, 80, 46
L 1095.9314, 3205.3718, 0.0000, 1082.7459, 3220.9921, 0.0000, 50, 76, 50
L 1082.7459, 3220.9921, 0.0000, 1075.1126, 3235.1505, 0.0000, 50, 76, 50
L 1075.1126, 3235.1505, 0.0000, 1072.3588, 3254.5267, 0.0000, 50, 76, 50
L 1072.3588, 3254.5267, 0.0000, 1053.5211, 3261.7980, 0.0000, 50, 76, 50
L 1053.5211, 3261.7980, 0.0000, 1033.3991, 3260.8683, 0.0000, 50, 76, 50
L 1033.3991, 3260.8683, 0.0000, 1016.5010, 3271.1726, 0.0000, 50, 76, 50
L 1016.5010, 3271.1726, 0.0000, 996.1539, 3272.1959, 0.0000, 50, 76, 50
L 996.1539, 3272.1959, 0.0000, 982.9301, 3256.5409, 0.0000, 50, 76, 50
L 982.9301, 3256.5409, 0.0000, 967.5415, 3248.4563, 0.0000, 50, 76, 50
L 967.5415, 3248.4563, 0.0000, 947.5422, 3240.4077, 0.0000, 50, 76, 50
L 947.5422, 3240.4077, 0.0000, 946.8071, 3221.8053, 0.0000, 50, 76, 50
L 946.8071, 3221.8053, 0.0000, 950.8671, 3205.3718, 0.0000, 50, 76, 50
L 950.8671, 3205.3718, 0.0000, 942.6246, 3187.9521, 0.0000, 50, 76, 50
L 942.6246, 3187.9521, 0.0000, 949.4833, 3171.3222, 0.0000, 50, 76, 50
L 949.4833, 3171.3222, 0.0000, 969.7829, 3164.2598, 0.0000, 50, 76, 50
L 969.7829, 3164.2598, 0.0000, 980.9890, 3151.2441, 0.0000, 50, 76, 50
L 980.9890, 3151.2441, 0.0000, 995.8537, 3137.5615, 0.0000, 50, 76, 50
L 995.8537, 3137.5615, 0.0000, 1016.5010, 3143.5160, 0.0000, 50, 76, 50
L 1016.5010, 3143.5160, 0.0000, 1033.6993, 3148.8891, 0.0000, 50, 76, 50
L 1033.6993, 3148.8891, 0.0000, 1055.4622, 3145.9870, 0.0000, 50, 76, 50
L 1055.4622, 3145.9870, 0.0000, 1070.1174, 3158.1894, 0.0000, 50, 76, 50
L 1070.1174, 3158.1894, 0.0000, 1073.1715, 3176.5794, 0.0000, 50, 76, 50
L 1073.1715, 3176.5794, 0.0000, 1086.9284, 3188.7654, 0.0000, 50, 76, 50
L 1086.9284, 3188.7654, 0.0000, 1095.9314, 3205.3718, 0.0000, 50, 76, 50
L 1016.5010, 3264.8482, 0.0000, 1016.5010, 3316.3034, 0.0000, 56, 48, 40
L 14079.9807, 1735.1984, 0.0000, 14079.9807, 1616.4796, 0.0000, 56, 48, 40
L 13995.8883, 1616.4796, 0.0000, 14000.0041, 1601.1937, 0.0000, 54, 80, 46
L 14000.0041, 1601.1937, 0.0000, 14011.9485, 1587.4041, 0.0000, 54, 80, 46
L 14011.9485, 1587.4041, 0.0000, 14030.5524, 1576.4607, 0.0000, 54, 80, 46
L 14030.5524, 1576.4607, 0.0000, 14053.9947, 1569.4345, 0.0000, 54, 80, 46
L 14053.9947, 1569.4345, 0.0000, 14079.9807, 1567.0135, 0.0000, 54, 80, 46
L 14079.9807, 1567.0135, 0.0000, 14105.9667, 1569.4345, 0.0000, 54, 80, 46
L 14105.9667, 1569.4345, 0.0000, 14129.4090, 1576.4607, 0.0000, 54, 80, 46
L 14129.4090, 1576.4607, 0.0000, 14148.0130, 1587.4041, 0.0000, 54, 80, 46
L 14148.0130, 1587.4041, 0.0000, 14159.9574, 1601.1937, 0.0000, 54, 80, 46
L 14159.9574, 1601.1937, 0.0000, 14164.0732, 1616.4796, 0.0000, 54, 80, 46
L 14005.2518, 1604.7011, 0.0000, 14000.1330, 1682.9156, 0.0000, 54, 80, 46
L 14025.2754, 1584.3000, 0.0000, 14026.4077, 1678.0371, 0.0000, 54, 80, 46
L 14059.9572, 1572.5214, 0.0000, 14065.8306, 1675.2205, 0.0000, 54, 80, 46
L 14100.0043, 1572.5214, 0.0000, 14098.1321, 1675.2205, 0.0000, 54, 80, 46
L 14134.6861, 1584.3000, 0.0000, 14135.2138, 1678.0371, 0.0000, 54, 80, 46
L 14154.7096, 1604.7011, 0.0000, 14153.2017, 1682.9156, 0.0000, 54, 80, 46
L 294.5446, -385.2091, 0.0000, 292.9893, -366.7535, 0.0000, 50, 76, 50
L 292.9893, -366.7535, 0.0000, 295.9435, -343.9419, 0.0000, 50, 76, 50
L 295.9435, -343.9419, 0.0000, 275.5161, -331.7083, 0.0000, 50, 76, 50
L 275.5161, -331.7083, 0.0000, 253.3514, -326.3266, 0.0000, 50, 76, 50
L 253.3514, -326.3266, 0.0000, 237.9061, -309.0606, 0.0000, 50, 76, 50
L 237.9061, -309.0606, 0.0000, 214.7198, -304.3173, 0.0000, 50, 76, 50
L 214.7198, -304.3173, 0.0000, 194.4308, -318.5757, 0.0000, 50, 76, 50
L 194.4308, -318.5757, 0.0000, 173.1909, -321.9106, 0.0000, 50, 76, 50
L 173.1909, -321.9106, 0.0000, 148.1290, -326.6092, 0.0000, 50, 76, 50
L 148.1290, -326.6092, 0.0000, 142.1878, -348.3579, 0.0000, 50, 76, 50
L 142.1878, -348.3579, 0.0000, 139.3475, -367.4367, 0.0000, 50, 76, 50
L 139.3475, -367.4367, 0.0000, 123.3061, -385.2091, 0.0000, 50, 76, 50
L 123.3061, -385.2091, 0.0000, 127.5856, -405.7549, 0.0000, 50, 76, 50
L 127.5856, -405.7549, 0.0000, 147.6466, -419.2869, 0.0000, 50, 76, 50
L 147.6466, -419.2869, 0.0000, 154.4322, -438.2622, 0.0000, 50, 76, 50
L 154.4322, -438.2622, 0.0000, 167.7322, -456.8279, 0.0000, 50, 76, 50
L 167.7322, -456.8279, 0.0000, 193.5863, -454.6159, 0.0000, 50, 76, 50
L 193.5863, -454.6159, 0.0000, 214.7198, -455.0072, 0.0000, 50, 76, 50
L 214.7198, -455.0072, 0.0000, 238.7506, -464.1310, 0.0000, 50, 76, 50
L 238.7506, -464.1310, 0.0000, 258.8102, -452.4119, 0.0000, 50, 76, 50
L 258.8102, -452.4119, 0.0000, 269.2129, -433.1630, 0.0000, 50, 76, 50
L 269.2129, -433.1630, 0.0000, 290.4847, -423.7029, 0.0000, 50, 76, 50
L 290.4847, -423.7029, 0.0000, 304.7513, -406.4381, 0.0000, 50, 76, 50
L 304.7513, -406.4381, 0.0000, 294.5446, -385.2091, 0.0000, 50, 76, 50
L 214.7198, -315.0013, 0.0000, 214.7198, -254.2620, 0.0000, 56, 48, 40
L 737.6883, -652.1641, 0.0000, 737.6883, -694.0411, 0.0000, 56, 48, 40
L 659.1690, -686.1892, 0.0000, 737.6883, -748.3503, 0.0000, 46, 72, 48
L 737.6883, -748.3503, 0.0000, 816.2077, -686.1892, 0.0000, 46, 72, 48
L 659.1690, -686.1892, 0.0000, 816.2077, -686.1892, 0.0000, 46, 72, 48
L 671.3395, -738.5354, 0.0000, 737.6883, -800.6966, 0.0000, 46, 72, 48
L 737.6883, -800.6966, 0.0000, 804.0372, -738.5354, 0.0000, 46, 72, 48
L 671.3395, -738.5354, 0.0000, 804.0372, -738.5354, 0.0000, 46, 72, 48
L 683.5100, -790.8816, 0.0000, 737.6883, -853.0428, 0.0000, 46, 72, 48
L 737.6883, -853.0428, 0.0000, 791.8667, -790.8816, 0.0000, 46, 72, 48
L 683.5100, -790.8816, 0.0000, 791.8667, -790.8816, 0.0000, 46, 72, 48
L 695.6805, -843.2279, 0.0000, 737.6883, -905.3890, 0.0000, 46, 72, 48
L 737.6883, -905.3890, 0.0000, 779.6962, -843.2279, 0.0000, 46, 72, 48
L 695.6805, -843.2279, 0.0000, 779.6962, -843.2279, 0.0000, 46, 72, 48
L 15648.3403, 1236.0976, 0.0000, 15655.4028, 1253.7066, 0.0000, 50, 76, 50
L 15655.4028, 1253.7066, 0.0000, 15640.8820, 1266.6621, 0.0000, 50, 76, 50
L 15640.8820, 1266.6621, 0.0000, 15625.8588, 1275.8165, 0.0000, 50, 76, 50
L 15625.8588, 1275.8165, 0.0000, 15618.0216, 1292.9472, 0.0000, 50, 76, 50
L 15618.0216, 1292.9472, 0.0000, 15600.0465, 1299.5575, 0.0000, 50, 76, 50
L 15600.0465, 1299.5575, 0.0000, 15580.7237, 1292.2947, 0.0000, 50, 76, 50
L 15580.7237, 1292.2947, 0.0000, 15562.7649, 1295.0782, 0.0000, 50, 76, 50
L 15562.7649, 1295.0782, 0.0000, 15542.0619, 1295.0261, 0.0000, 50, 76, 50
L 15542.0619, 1295.0261, 0.0000, 15532.8608, 1278.2169, 0.0000, 50, 76, 50
L 15532.8608, 1278.2169, 0.0000, 15524.6572, 1264.5832, 0.0000, 50, 76, 50
L 15524.6572, 1264.5832, 0.0000, 15507.4085, 1253.3850, 0.0000, 50, 76, 50
L 15507.4085, 1253.3850, 0.0000, 15507.6515, 1236.0976, 0.0000, 50, 76, 50
L 15507.6515, 1236.0976, 0.0000, 15519.5079, 1221.6632, 0.0000, 50, 76, 50
L 15519.5079, 1221.6632, 0.0000, 15519.0419, 1204.7590, 0.0000, 50, 76, 50
L 15519.0419, 1204.7590, 0.0000, 15526.3768, 1188.2723, 0.0000, 50, 76, 50
L 15526.3768, 1188.2723, 0.0000, 15547.6772, 1185.7279, 0.0000, 50, 76, 50
L 15547.6772, 1185.7279, 0.0000, 15563.6336, 1179.9700, 0.0000, 50, 76, 50
L 15563.6336, 1179.9700, 0.0000, 15580.7237, 1168.4886, 0.0000, 50, 76, 50
L 15580.7237, 1168.4886, 0.0000, 15599.1778, 1175.4906, 0.0000, 50, 76, 50
L 15599.1778, 1175.4906, 0.0000, 15612.4063, 1187.8068, 0.0000, 50, 76, 50
L 15612.4063, 1187.8068, 0.0000, 15632.3428, 1190.6728, 0.0000, 50, 76, 50
L 15632.3428, 1190.6728, 0.0000, 15646.4973, 1202.6801, 0.0000, 50, 76, 50
L 15646.4973, 1202.6801, 0.0000, 15643.3035, 1221.3416, 0.0000, 50, 76, 50
L 15643.3035, 1221.3416, 0.0000, 15648.3403, 1236.0976, 0.0000, 50, 76, 50
L 15580.7237, 1293.7800, 0.0000, 15580.7237, 1343.6831, 0.0000, 56, 48, 40
L 6712.2463, -880.6998, 0.0000, 6709.7906, -859.3706, 0.0000, 50, 76, 50
L 6709.7906, -859.3706, 0.0000, 6688.6150, -845.5004, 0.0000, 50, 76, 50
L 6688.6150, -845.5004, 0.0000, 6680.3776, -826.9815, 0.0000, 50, 76, 50
L 6680.3776, -826.9815, 0.0000, 6667.6844, -807.0039, 0.0000, 50, 76, 50
L 6667.6844, -807.0039, 0.0000, 6641.3341, -808.4469, 0.0000, 50, 76, 50
L 6641.3341, -808.4469, 0.0000, 6619.3340, -809.6966, 0.0000, 50, 76, 50
L 6619.3340, -809.6966, 0.0000, 6594.8449, -800.2725, 0.0000, 50, 76, 50
L 6594.8449, -800.2725, 0.0000, 6573.4726, -810.7977, 0.0000, 50, 76, 50
L 6573.4726, -810.7977, 0.0000, 6563.2685, -831.3622, 0.0000, 50, 76, 50
L 6563.2685, -831.3622, 0.0000, 6542.5860, -841.7066, 0.0000, 50, 76, 50
L 6542.5860, -841.7066, 0.0000, 6526.3885, -858.7837, 0.0000, 50, 76, 50
L 6526.3885, -858.7837, 0.0000, 6536.3778, -880.6998, 0.0000, 50, 76, 50
L 6536.3778, -880.6998, 0.0000, 6539.9147, -899.4265, 0.0000, 50, 76, 50
L 6539.9147, -899.4265, 0.0000, 6536.3085, -922.8825, 0.0000, 50, 76, 50
L 6536.3085, -922.8825, 0.0000, 6556.0198, -936.4163, 0.0000, 50, 76, 50
L 6556.0198, -936.4163, 0.0000, 6579.7502, -941.0337, 0.0000, 50, 76, 50
L 6579.7502, -941.0337, 0.0000, 6595.8160, -957.9377, 0.0000, 50, 76, 50
L 6595.8160, -957.9377, 0.0000, 6619.3340, -964.4608, 0.0000, 50, 76, 50
L 6619.3340, -964.4608, 0.0000, 6640.3630, -949.7633, 0.0000, 50, 76, 50
L 6640.3630, -949.7633, 0.0000, 6661.4069, -944.8274, 0.0000, 50, 76, 50
L 6661.4069, -944.8274, 0.0000, 6687.6263, -940.7970, 0.0000, 50, 76, 50
L 6687.6263, -940.7970, 0.0000, 6694.8926, -919.0887, 0.0000, 50, 76, 50
L 6694.8926, -919.0887, 0.0000, 6696.2643, -898.8396, 0.0000, 50, 76, 50
L 6696.2643, -898.8396, 0.0000, 6712.2463, -880.6998, 0.0000, 50, 76, 50
L 6619.3340, -808.5938, 0.0000, 6619.3340, -746.2122, 0.0000, 56, 48, 40
L 13064.9118, -956.3924, 0.0000, 13055.9115, -944.0966, 0.0000, 50, 76, 50
L 13055.9115, -944.0966, 0.0000, 13047.8151, -934.0122, 0.0000, 50, 76, 50
L 13047.8151, -934.0122, 0.0000, 13045.9378, -919.2808, 0.0000, 50, 76, 50
L 13045.9378, -919.2808, 0.0000, 13032.8750, -912.0236, 0.0000, 50, 76, 50
L 13032.8750, -912.0236, 0.0000, 13016.7527, -913.7401, 0.0000, 50, 76, 50
L 13016.7527, -913.7401, 0.0000, 13003.7656, -907.3218, 0.0000, 50, 76, 50
L 13003.7656, -907.3218, 0.0000, 12988.0004, -904.6160, 0.0000, 50, 76, 50
L 12988.0004, -904.6160, 0.0000, 12977.4343, -916.2581, 0.0000, 50, 76, 50
L 12977.4343, -916.2581, 0.0000, 12967.1497, -924.1704, 0.0000, 50, 76, 50
L 12967.1497, -924.1704, 0.0000, 12951.3816, -929.7777, 0.0000, 50, 76, 50
L 12951.3816, -929.7777, 0.0000, 12948.8415, -943.4415, 0.0000, 50, 76, 50
L 12948.8415, -943.4415, 0.0000, 12953.7321, -956.3924, 0.0000, 50, 76, 50
L 12953.7321, -956.3924, 0.0000, 12948.5202, -969.4190, 0.0000, 50, 76, 50
L 12948.5202, -969.4190, 0.0000, 12951.5307, -982.9312, 0.0000, 50, 76, 50
L 12951.5307, -982.9312, 0.0000, 12967.3219, -988.4628, 0.0000, 50, 76, 50
L 12967.3219, -988.4628, 0.0000, 12977.2852, -996.7539, 0.0000, 50, 76, 50
L 12977.2852, -996.7539, 0.0000, 12987.9773, -1008.2444, 0.0000, 50, 76, 50
L 12987.9773, -1008.2444, 0.0000, 13003.7656, -1005.1599, 0.0000, 50, 76, 50
L 13003.7656, -1005.1599, 0.0000, 13016.7758, -999.1204, 0.0000, 50, 76, 50
L 13016.7758, -999.1204, 0.0000, 13033.0242, -1000.9884, 0.0000, 50, 76, 50
L 13033.0242, -1000.9884, 0.0000, 13045.7656, -993.3524, 0.0000, 50, 76, 50
L 13045.7656, -993.3524, 0.0000, 13047.6660, -978.6968, 0.0000, 50, 76, 50
L 13047.6660, -978.6968, 0.0000, 13056.2328, -968.7639, 0.0000, 50, 76, 50
L 13056.2328, -968.7639, 0.0000, 13064.9118, -956.3924, 0.0000, 50, 76, 50
L 13003.7656, -910.8087, 0.0000, 13003.7656, -871.3726, 0.0000, 56, 48, 40
L 9146.1001, 184.7619, 0.0000, 9130.4314, 202.8468, 0.0000, 50, 76, 50
L 9130.4314, 202.8468, 0.0000, 9129.6916, 223.3536, 0.0000, 50, 76, 50
L 9129.6916, 223.3536, 0.0000, 9121.8795, 244.7300, 0.0000, 50, 76, 50
L 9121.8795, 244.7300, 0.0000, 9095.5251, 248.4601, 0.0000, 50, 76, 50
L 9095.5251, 248.4601, 0.0000, 9074.8378, 254.0712, 0.0000, 50, 76, 50
L 9074.8378, 254.0712, 0.0000, 9053.7340, 268.7022, 0.0000, 50, 76, 50
L 9053.7340, 268.7022, 0.0000, 9030.3725, 261.4858, 0.0000, 50, 76, 50
L 9030.3725, 261.4858, 0.0000, 9014.2006, 245.0190, 0.0000, 50, 76, 50
L 9014.2006, 245.0190, 0.0000, 8990.1038, 240.7565, 0.0000, 50, 76, 50
L 8990.1038, 240.7565, 0.0000, 8971.0034, 226.7948, 0.0000, 50, 76, 50
L 8971.0034, 226.7948, 0.0000, 8974.7789, 203.3792, 0.0000, 50, 76, 50
L 8974.7789, 203.3792, 0.0000, 8970.3986, 184.7619, 0.0000, 50, 76, 50
L 8970.3986, 184.7619, 0.0000, 8960.7168, 162.8289, 0.0000, 50, 76, 50
L 8960.7168, 162.8289, 0.0000, 8977.5296, 146.0449, 0.0000, 50, 76, 50
L 8977.5296, 146.0449, 0.0000, 8997.6397, 135.3990, 0.0000, 50, 76, 50
L 8997.6397, 135.3990, 0.0000, 9007.6743, 114.5576, 0.0000, 50, 76, 50
L 9007.6743, 114.5576, 0.0000, 9029.3629, 104.7223, 0.0000, 50, 76, 50
L 9029.3629, 104.7223, 0.0000, 9053.7340, 114.0848, 0.0000, 50, 76, 50
L 9053.7340, 114.0848, 0.0000, 9075.8474, 112.1369, 0.0000, 50, 76, 50
L 9075.8474, 112.1369, 0.0000, 9102.0513, 111.1164, 0.0000, 50, 76, 50
L 9102.0513, 111.1164, 0.0000, 9114.3436, 131.4255, 0.0000, 50, 76, 50
L 9114.3436, 131.4255, 0.0000, 9123.1654, 149.4861, 0.0000, 50, 76, 50
L 9123.1654, 149.4861, 0.0000, 9144.4935, 163.3613, 0.0000, 50, 76, 50
L 9144.4935, 163.3613, 0.0000, 9146.1001, 184.7619, 0.0000, 50, 76, 50
L 9053.7340, 256.7996, 0.0000, 9053.7340, 319.1220, 0.0000, 56, 48, 40
L 13387.7875, -1167.1408, 0.0000, 13383.1913, -1151.5624, 0.0000, 50, 76, 50
L 13383.1913, -1151.5624, 0.0000, 13386.4965, -1131.8948, 0.0000, 50, 76, 50
L 13386.4965, -1131.8948, 0.0000, 13371.0836, -1119.6564, 0.0000, 50, 76, 50
L 13371.0836, -1119.6564, 0.0000, 13350.4079, -1116.4094, 0.0000, 50, 76, 50
L 13350.4079, -1116.4094, 0.0000, 13336.6403, -1103.0455, 0.0000, 50, 76, 50
L 13336.6403, -1103.0455, 0.0000, 13317.1241, -1096.2365, 0.0000, 50, 76, 50
L 13317.1241, -1096.2365, 0.0000, 13299.2499, -1108.4383, 0.0000, 50, 76, 50
L 13299.2499, -1108.4383, 0.0000, 13282.1982, -1113.9066, 0.0000, 50, 76, 50
L 13282.1982, -1113.9066, 0.0000, 13259.8805, -1116.7664, 0.0000, 50, 76, 50
L 13259.8805, -1116.7664, 0.0000, 13252.6778, -1134.3977, 0.0000, 50, 76, 50
L 13252.6778, -1134.3977, 0.0000, 13252.6989, -1151.9496, 0.0000, 50, 76, 50
L 13252.6989, -1151.9496, 0.0000, 13239.8924, -1167.1408, 0.0000, 50, 76, 50
L 13239.8924, -1167.1408, 0.0000, 13240.3356, -1185.2471, 0.0000, 50, 76, 50
L 13240.3356, -1185.2471, 0.0000, 13258.4156, -1196.9687, 0.0000, 50, 76, 50
L 13258.4156, -1196.9687, 0.0000, 13266.5060, -1211.6847, 0.0000, 50, 76, 50
L 13266.5060, -1211.6847, 0.0000, 13276.4604, -1229.1206, 0.0000, 50, 76, 50
L 13276.4604, -1229.1206, 0.0000, 13298.3622, -1228.7585, 0.0000, 50, 76, 50
L 13298.3622, -1228.7585, 0.0000, 13317.1241, -1226.3842, 0.0000, 50, 76, 50
L 13317.1241, -1226.3842, 0.0000, 13337.5280, -1234.1513, 0.0000, 50, 76, 50
L 13337.5280, -1234.1513, 0.0000, 13356.1457, -1226.6178, 0.0000, 50, 76, 50
L 13356.1457, -1226.6178, 0.0000, 13364.4581, -1208.7947, 0.0000, 50, 76, 50
L 13364.4581, -1208.7947, 0.0000, 13380.7587, -1199.4715, 0.0000, 50, 76, 50
L 13380.7587, -1199.4715, 0.0000, 13395.5546, -1185.6343, 0.0000, 50, 76, 50
L 13395.5546, -1185.6343, 0.0000, 13387.7875, -1167.1408, 0.0000, 50, 76, 50
L 13317.1241, -1106.5038, 0.0000, 13317.1241, -1054.0445, 0.0000, 56, 48, 40
L 7718.3654, 159.7196, 0.0000, 7724.8901, 178.6079, 0.0000, 50, 76, 50
L 7724.8901, 178.6079, 0.0000, 7722.0203, 198.9602, 0.0000, 50, 76, 50
L 7722.0203, 198.9602, 0.0000, 7698.9470, 207.3817, 0.0000, 50, 76, 50
L 7698.9470, 207.3817, 0.0000, 7683.2149, 218.2940, 0.0000, 50, 76, 50
L 7683.2149, 218.2940, 0.0000, 7667.9006, 235.6344, 0.0000, 50, 76, 50
L 7667.9006, 235.6344, 0.0000, 7644.7855, 232.4092, 0.0000, 50, 76, 50
L 7644.7855, 232.4092, 0.0000, 7625.7304, 222.3004, 0.0000, 50, 76, 50
L 7625.7304, 222.3004, 0.0000, 7602.2960, 224.4823, 0.0000, 50, 76, 50
L 7602.2960, 224.4823, 0.0000, 7582.5039, 214.5274, 0.0000, 50, 76, 50
L 7582.5039, 214.5274, 0.0000, 7579.7308, 192.7718, 0.0000, 50, 76, 50
L 7579.7308, 192.7718, 0.0000, 7568.7408, 177.6506, 0.0000, 50, 76, 50
L 7568.7408, 177.6506, 0.0000, 7554.9654, 159.7196, 0.0000, 50, 76, 50
L 7554.9654, 159.7196, 0.0000, 7567.0579, 141.3918, 0.0000, 50, 76, 50
L 7567.0579, 141.3918, 0.0000, 7580.5118, 127.0642, 0.0000, 50, 76, 50
L 7580.5118, 127.0642, 0.0000, 7583.4058, 105.7055, 0.0000, 50, 76, 50
L 7583.4058, 105.7055, 0.0000, 7601.5149, 93.7665, 0.0000, 50, 76, 50
L 7601.5149, 93.7665, 0.0000, 7625.6096, 96.7420, 0.0000, 50, 76, 50
L 7625.6096, 96.7420, 0.0000, 7644.7855, 88.6173, 0.0000, 50, 76, 50
L 7644.7855, 88.6173, 0.0000, 7668.0214, 83.4080, 0.0000, 50, 76, 50
L 7668.0214, 83.4080, 0.0000, 7683.9960, 99.9548, 0.0000, 50, 76, 50
L 7683.9960, 99.9548, 0.0000, 7698.0451, 112.8511, 0.0000, 50, 76, 50
L 7698.0451, 112.8511, 0.0000, 7721.2392, 120.8759, 0.0000, 50, 76, 50
L 7721.2392, 120.8759, 0.0000, 7726.5730, 140.4345, 0.0000, 50, 76, 50
L 7726.5730, 140.4345, 0.0000, 7718.3654, 159.7196, 0.0000, 50, 76, 50
L 7644.7855, 226.7136, 0.0000, 7644.7855, 284.6725, 0.0000, 56, 48, 40
L 3306.2953, -949.6462, 0.0000, 3306.2953, -988.6720, 0.0000, 56, 48, 40
L 3233.1219, -981.3546, 0.0000, 3306.2953, -1039.2836, 0.0000, 46, 72, 48
L 3306.2953, -1039.2836, 0.0000, 3379.4687, -981.3546, 0.0000, 46, 72, 48
L 3233.1219, -981.3546, 0.0000, 3379.4687, -981.3546, 0.0000, 46, 72, 48
L 3244.4637, -1030.1369, 0.0000, 3306.2953, -1088.0659, 0.0000, 46, 72, 48
L 3306.2953, -1088.0659, 0.0000, 3368.1268, -1030.1369, 0.0000, 46, 72, 48
L 3244.4637, -1030.1369, 0.0000, 3368.1268, -1030.1369, 0.0000, 46, 72, 48
L 3255.8056, -1078.9192, 0.0000, 3306.2953, -1136.8482, 0.0000, 46, 72, 48
L 3306.2953, -1136.8482, 0.0000, 3356.7849, -1078.9192, 0.0000, 46, 72, 48
L 3255.8056, -1078.9192, 0.0000, 3356.7849, -1078.9192, 0.0000, 46, 72, 48
L 3267.1475, -1127.7015, 0.0000, 3306.2953, -1185.6304, 0.0000, 46, 72, 48
L 3306.2953, -1185.6304, 0.0000, 3345.4431, -1127.7015, 0.0000, 46, 72, 48
L 3267.1475, -1127.7015, 0.0000, 3345.4431, -1127.7015, 0.0000, 46, 72, 48
L 12799.3478, 3791.3139, 0.0000, 12799.3478, 3753.4275, 0.0000, 56, 48, 40
L 12728.3109, 3760.5312, 0.0000, 12799.3478, 3704.2937, 0.0000, 46, 72, 48
L 12799.3478, 3704.2937, 0.0000, 12870.3847, 3760.5312, 0.0000, 46, 72, 48
L 12728.3109, 3760.5312, 0.0000, 12870.3847, 3760.5312, 0.0000, 46, 72, 48
L 12739.3216, 3713.1733, 0.0000, 12799.3478, 3656.9357, 0.0000, 46, 72, 48
L 12799.3478, 3656.9357, 0.0000, 12859.3740, 3713.1733, 0.0000, 46, 72, 48
L 12739.3216, 3713.1733, 0.0000, 12859.3740, 3713.1733, 0.0000, 46, 72, 48
L 12750.3324, 3665.8153, 0.0000, 12799.3478, 3609.5778, 0.0000, 46, 72, 48
L 12799.3478, 3609.5778, 0.0000, 12848.3633, 3665.8153, 0.0000, 46, 72, 48
L 12750.3324, 3665.8153, 0.0000, 12848.3633, 3665.8153, 0.0000, 46, 72, 48
L 12761.3431, 3618.4574, 0.0000, 12799.3478, 3562.2198, 0.0000, 46, 72, 48
L 12799.3478, 3562.2198, 0.0000, 12837.3526, 3618.4574, 0.0000, 46, 72, 48
L 12761.3431, 3618.4574, 0.0000, 12837.3526, 3618.4574, 0.0000, 46, 72, 48
L 961.1640, 1578.3374, 0.0000, 961.1640, 1493.0434, 0.0000, 56, 48, 40
L 900.7474, 1493.0434, 0.0000, 903.7044, 1482.0612, 0.0000, 54, 80, 46
L 903.7044, 1482.0612, 0.0000, 912.2860, 1472.1540, 0.0000, 54, 80, 46
L 912.2860, 1472.1540, 0.0000, 925.6520, 1464.2916, 0.0000, 54, 80, 46
L 925.6520, 1464.2916, 0.0000, 942.4943, 1459.2437, 0.0000, 54, 80, 46
L 942.4943, 1459.2437, 0.0000, 961.1640, 1457.5043, 0.0000, 54, 80, 46
L 961.1640, 1457.5043, 0.0000, 979.8337, 1459.2437, 0.0000, 54, 80, 46
L 979.8337, 1459.2437, 0.0000, 996.6760, 1464.2916, 0.0000, 54, 80, 46
L 996.6760, 1464.2916, 0.0000, 1010.0420, 1472.1540, 0.0000, 54, 80, 46
L 1010.0420, 1472.1540, 0.0000, 1018.6236, 1482.0612, 0.0000, 54, 80, 46
L 1018.6236, 1482.0612, 0.0000, 1021.5806, 1493.0434, 0.0000, 54, 80, 46
L 907.4747, 1484.5811, 0.0000, 907.4286, 1540.7746, 0.0000, 54, 80, 46
L 921.8607, 1469.9238, 0.0000, 926.1419, 1537.2696, 0.0000, 54, 80, 46
L 946.7780, 1461.4615, 0.0000, 941.8423, 1535.2460, 0.0000, 54, 80, 46
L 975.5500, 1461.4615, 0.0000, 974.0911, 1535.2460, 0.0000, 54, 80, 46
L 1000.4673, 1469.9238, 0.0000, 995.0572, 1537.2696, 0.0000, 54, 80, 46
L 1014.8533, 1484.5811, 0.0000, 1016.6508, 1540.7746, 0.0000, 54, 80, 46
L 8740.2514, 3751.1696, 0.0000, 8727.2469, 3765.5015, 0.0000, 50, 76, 50
L 8727.2469, 3765.5015, 0.0000, 8724.2450, 3780.5254, 0.0000, 50, 76, 50
L 8724.2450, 3780.5254, 0.0000, 8719.9337, 3798.2213, 0.0000, 50, 76, 50
L 8719.9337, 3798.2213, 0.0000, 8700.0743, 3802.3958, 0.0000, 50, 76, 50
L 8700.0743, 3802.3958, 0.0000, 8682.6852, 3804.4373, 0.0000, 50, 76, 50
L 8682.6852, 3804.4373, 0.0000, 8666.4659, 3815.7793, 0.0000, 50, 76, 50
L 8666.4659, 3815.7793, 0.0000, 8647.7264, 3812.7140, 0.0000, 50, 76, 50
L 8647.7264, 3812.7140, 0.0000, 8635.3776, 3798.5545, 0.0000, 50, 76, 50
L 8635.3776, 3798.5545, 0.0000, 8618.0384, 3793.7858, 0.0000, 50, 76, 50
L 8618.0384, 3793.7858, 0.0000, 8601.1263, 3784.3666, 0.0000, 50, 76, 50
L 8601.1263, 3784.3666, 0.0000, 8603.1647, 3766.0958, 0.0000, 50, 76, 50
L 8603.1647, 3766.0958, 0.0000, 8602.7610, 3751.1696, 0.0000, 50, 76, 50
L 8602.7610, 3751.1696, 0.0000, 8594.4413, 3734.1866, 0.0000, 50, 76, 50
L 8594.4413, 3734.1866, 0.0000, 8605.1748, 3720.0296, 0.0000, 50, 76, 50
L 8605.1748, 3720.0296, 0.0000, 8622.7133, 3712.6673, 0.0000, 50, 76, 50
L 8622.7133, 3712.6673, 0.0000, 8631.3291, 3697.6140, 0.0000, 50, 76, 50
L 8631.3291, 3697.6140, 0.0000, 8647.1001, 3687.5683, 0.0000, 50, 76, 50
L 8647.1001, 3687.5683, 0.0000, 8666.4659, 3694.7877, 0.0000, 50, 76, 50
L 8666.4659, 3694.7877, 0.0000, 8683.3115, 3695.8451, 0.0000, 50, 76, 50
L 8683.3115, 3695.8451, 0.0000, 8704.1228, 3693.7727, 0.0000, 50, 76, 50
L 8704.1228, 3693.7727, 0.0000, 8715.2589, 3708.2318, 0.0000, 50, 76, 50
L 8715.2589, 3708.2318, 0.0000, 8720.1965, 3723.8708, 0.0000, 50, 76, 50
L 8720.1965, 3723.8708, 0.0000, 8735.9703, 3734.7808, 0.0000, 50, 76, 50
L 8735.9703, 3734.7808, 0.0000, 8740.2514, 3751.1696, 0.0000, 50, 76, 50
L 8666.4659, 3807.5407, 0.0000, 8666.4659, 3856.3094, 0.0000, 56, 48, 40
L 1563.0383, 1645.0901, 0.0000, 1556.5690, 1657.9867, 0.0000, 50, 76, 50
L 1556.5690, 1657.9867, 0.0000, 1559.2693, 1674.2504, 0.0000, 50, 76, 50
L 1559.2693, 1674.2504, 0.0000, 1548.4153, 1686.0458, 0.0000, 50, 76, 50
L 1548.4153, 1686.0458, 0.0000, 1530.0767, 1688.0758, 0.0000, 50, 76, 50
L 1530.0767, 1688.0758, 0.0000, 1517.8522, 1697.5636, 0.0000, 50, 76, 50
L 1517.8522, 1697.5636, 0.0000, 1501.8747, 1705.2720, 0.0000, 50, 76, 50
L 1501.8747, 1705.2720, 0.0000, 1486.4453, 1695.7635, 0.0000, 50, 76, 50
L 1486.4453, 1695.7635, 0.0000, 1473.1245, 1688.9112, 0.0000, 50, 76, 50
L 1473.1245, 1688.9112, 0.0000, 1454.2379, 1687.0105, 0.0000, 50, 76, 50
L 1454.2379, 1687.0105, 0.0000, 1446.1245, 1673.4150, 0.0000, 50, 76, 50
L 1446.1245, 1673.4150, 0.0000, 1447.7285, 1657.8575, 0.0000, 50, 76, 50
L 1447.7285, 1657.8575, 0.0000, 1438.5186, 1645.0901, 0.0000, 50, 76, 50
L 1438.5186, 1645.0901, 0.0000, 1436.2922, 1629.6260, 0.0000, 50, 76, 50
L 1436.2922, 1629.6260, 0.0000, 1451.4321, 1619.4618, 0.0000, 50, 76, 50
L 1451.4321, 1619.4618, 0.0000, 1460.3666, 1608.5629, 0.0000, 50, 76, 50
L 1460.3666, 1608.5629, 0.0000, 1467.8169, 1593.1790, 0.0000, 50, 76, 50
L 1467.8169, 1593.1790, 0.0000, 1485.6242, 1591.7201, 0.0000, 50, 76, 50
L 1485.6242, 1591.7201, 0.0000, 1501.8747, 1595.6947, 0.0000, 50, 76, 50
L 1501.8747, 1595.6947, 0.0000, 1518.6733, 1589.9199, 0.0000, 50, 76, 50
L 1518.6733, 1589.9199, 0.0000, 1535.3844, 1594.0145, 0.0000, 50, 76, 50
L 1535.3844, 1594.0145, 0.0000, 1542.2866, 1609.5276, 0.0000, 50, 76, 50
L 1542.2866, 1609.5276, 0.0000, 1553.9617, 1618.6263, 0.0000, 50, 76, 50
L 1553.9617, 1618.6263, 0.0000, 1568.0053, 1629.4968, 0.0000, 50, 76, 50
L 1568.0053, 1629.4968, 0.0000, 1563.0383, 1645.0901, 0.0000, 50, 76, 50
L 1501.8747, 1696.1431, 0.0000, 1501.8747, 1740.3110, 0.0000, 56, 48, 40
L 9106.7532, 2322.6233, 0.0000, 9106.7532, 2285.5362, 0.0000, 56, 48, 40
L 9037.2150, 2292.4901, 0.0000, 9106.7532, 2237.4390, 0.0000, 46, 72, 48
L 9106.7532, 2237.4390, 0.0000, 9176.2914, 2292.4901, 0.0000, 46, 72, 48
L 9037.2150, 2292.4901, 0.0000, 9176.2914, 2292.4901, 0.0000, 46, 72, 48
L 9047.9934, 2246.1312, 0.0000, 9106.7532, 2191.0801, 0.0000, 46, 72, 48
L 9106.7532, 2191.0801, 0.0000, 9165.5130, 2246.1312, 0.0000, 46, 72, 48
L 9047.9934, 2246.1312, 0.0000, 9165.5130, 2246.1312, 0.0000, 46, 72, 48
L 9058.7718, 2199.7724, 0.0000, 9106.7532, 2144.7213, 0.0000, 46, 72, 48
L 9106.7532, 2144.7213, 0.0000, 9154.7346, 2199.7724, 0.0000, 46, 72, 48
L 9058.7718, 2199.7724, 0.0000, 9154.7346, 2199.7724, 0.0000, 46, 72, 48
L 9069.5502, 2153.4136, 0.0000, 9106.7532, 2098.3625, 0.0000, 46, 72, 48
L 9106.7532, 2098.3625, 0.0000, 9143.9562, 2153.4136, 0.0000, 46, 72, 48
L 9069.5502, 2153.4136, 0.0000, 9143.9562, 2153.4136, 0.0000, 46, 72, 48
L 7383.4977, 1749.9104, 0.0000, 7383.4977, 1667.8970, 0.0000, 56, 48, 40
L 7325.4048, 1667.8970, 0.0000, 7328.2481, 1657.3372, 0.0000, 54, 80, 46
L 7328.2481, 1657.3372, 0.0000, 7336.4996, 1647.8111, 0.0000, 54, 80, 46
L 7336.4996, 1647.8111, 0.0000, 7349.3516, 1640.2511, 0.0000, 54, 80, 46
L 7349.3516, 1640.2511, 0.0000, 7365.5460, 1635.3973, 0.0000, 54, 80, 46
L 7365.5460, 1635.3973, 0.0000, 7383.4977, 1633.7248, 0.0000, 54, 80, 46
L 7383.4977, 1633.7248, 0.0000, 7401.4493, 1635.3973, 0.0000, 54, 80, 46
L 7401.4493, 1635.3973, 0.0000, 7417.6438, 1640.2511, 0.0000, 54, 80, 46
L 7417.6438, 1640.2511, 0.0000, 7430.4958, 1647.8111, 0.0000, 54, 80, 46
L 7430.4958, 1647.8111, 0.0000, 7438.7472, 1657.3372, 0.0000, 54, 80, 46
L 7438.7472, 1657.3372, 0.0000, 7441.5905, 1667.8970, 0.0000, 54, 80, 46
L 7331.8734, 1659.7601, 0.0000, 7327.6248, 1713.7924, 0.0000, 54, 80, 46
L 7345.7061, 1645.6667, 0.0000, 7341.9762, 1710.4222, 0.0000, 54, 80, 46
L 7369.6650, 1637.5298, 0.0000, 7373.7343, 1708.4765, 0.0000, 54, 80, 46
L 7397.3304, 1637.5298, 0.0000, 7397.8169, 1708.4765, 0.0000, 54, 80, 46
L 7421.2893, 1645.6667, 0.0000, 7418.6596, 1710.4222, 0.0000, 54, 80, 46
L 7435.1220, 1659.7601, 0.0000, 7433.1472, 1713.7924, 0.0000, 54, 80, 46
L 9833.8814, 3439.9530, 0.0000, 9833.8814, 3397.8805, 0.0000, 56, 48, 40
L 9754.9954, 3405.7691, 0.0000, 9833.8814, 3343.3177, 0.0000, 46, 72, 48
L 9833.8814, 3343.3177, 0.0000, 9912.7674, 3405.7691, 0.0000, 46, 72, 48
L 9754.9954, 3405.7691, 0.0000, 9912.7674, 3405.7691, 0.0000, 46, 72, 48
L 9767.2228, 3353.1784, 0.0000, 9833.8814, 3290.7271, 0.0000, 46, 72, 48
L 9833.8814, 3290.7271, 0.0000, 9900.5400, 3353.1784, 0.0000, 46, 72, 48
L 9767.2228, 3353.1784, 0.0000, 9900.5400, 3353.1784, 0.0000, 46, 72, 48
L 9779.4501, 3300.5878, 0.0000, 9833.8814, 3238.1364, 0.0000, 46, 72, 48
L 9833.8814, 3238.1364, 0.0000, 9888.3127, 3300.5878, 0.0000, 46, 72, 48
L 9779.4501, 3300.5878, 0.0000, 9888.3127, 3300.5878, 0.0000, 46, 72, 48
L 9791.6774, 3247.9972, 0.0000, 9833.8814, 3185.5458, 0.0000, 46, 72, 48
L 9833.8814, 3185.5458, 0.0000, 9876.0854, 3247.9972, 0.0000, 46, 72, 48
L 9791.6774, 3247.9972, 0.0000, 9876.0854, 3247.9972, 0.0000, 46, 72, 48
L 9366.9420, -938.4248, 0.0000, 9359.9845, -921.1082, 0.0000, 50, 76, 50
L 9359.9845, -921.1082, 0.0000, 9344.2462, -909.1089, 0.0000, 50, 76, 50
L 9344.2462, -909.1089, 0.0000, 9340.1873, -891.2199, 0.0000, 50, 76, 50
L 9340.1873, -891.2199, 0.0000, 9326.7874, -877.0879, 0.0000, 50, 76, 50
L 9326.7874, -877.0879, 0.0000, 9304.3670, -879.8954, 0.0000, 50, 76, 50
L 9304.3670, -879.8954, 0.0000, 9286.5455, -876.6024, 0.0000, 50, 76, 50
L 9286.5455, -876.6024, 0.0000, 9265.5405, -869.4401, 0.0000, 50, 76, 50
L 9265.5405, -869.4401, 0.0000, 9249.4871, -881.9402, 0.0000, 50, 76, 50
L 9249.4871, -881.9402, 0.0000, 9239.2707, -896.8229, 0.0000, 50, 76, 50
L 9239.2707, -896.8229, 0.0000, 9219.2942, -904.2565, 0.0000, 50, 76, 50
L 9219.2942, -904.2565, 0.0000, 9209.9229, -920.3575, 0.0000, 50, 76, 50
L 9209.9229, -920.3575, 0.0000, 9218.8831, -938.4248, 0.0000, 50, 76, 50
L 9218.8831, -938.4248, 0.0000, 9216.9706, -954.8302, 0.0000, 50, 76, 50
L 9216.9706, -954.8302, 0.0000, 9216.0234, -974.2548, 0.0000, 50, 76, 50
L 9216.0234, -974.2548, 0.0000, 9235.4939, -983.3502, 0.0000, 50, 76, 50
L 9235.4939, -983.3502, 0.0000, 9252.7579, -989.9239, 0.0000, 50, 76, 50
L 9252.7579, -989.9239, 0.0000, 9266.0465, -1005.7477, 0.0000, 50, 76, 50
L 9266.0465, -1005.7477, 0.0000, 9286.5455, -1006.8943, 0.0000, 50, 76, 50
L 9286.5455, -1006.8943, 0.0000, 9303.8610, -995.2923, 0.0000, 50, 76, 50
L 9303.8610, -995.2923, 0.0000, 9323.5166, -994.7763, 0.0000, 50, 76, 50
L 9323.5166, -994.7763, 0.0000, 9343.9642, -988.9532, 0.0000, 50, 76, 50
L 9343.9642, -988.9532, 0.0000, 9347.5170, -969.4025, 0.0000, 50, 76, 50
L 9347.5170, -969.4025, 0.0000, 9352.9369, -954.0795, 0.0000, 50, 76, 50
L 9352.9369, -954.0795, 0.0000, 9366.9420, -938.4248, 0.0000, 50, 76, 50
L 9286.5455, -877.7206, 0.0000, 9286.5455, -825.2032, 0.0000, 56, 48, 40
L 375.5798, -1178.4376, 0.0000, 360.0446, -1160.8322, 0.0000, 50, 76, 50
L 360.0446, -1160.8322, 0.0000, 353.1399, -1144.0112, 0.0000, 50, 76, 50
L 353.1399, -1144.0112, 0.0000, 349.4830, -1122.0275, 0.0000, 50, 76, 50
L 349.4830, -1122.0275, 0.0000, 327.0233, -1114.9657, 0.0000, 50, 76, 50
L 327.0233, -1114.9657, 0.0000, 304.7111, -1114.9525, 0.0000, 50, 76, 50
L 304.7111, -1114.9525, 0.0000, 285.3807, -1102.3114, 0.0000, 50, 76, 50
L 285.3807, -1102.3114, 0.0000, 262.3493, -1102.7976, 0.0000, 50, 76, 50
L 262.3493, -1102.7976, 0.0000, 247.4391, -1120.6068, 0.0000, 50, 76, 50
L 247.4391, -1120.6068, 0.0000, 228.6804, -1128.5413, 0.0000, 50, 76, 50
L 228.6804, -1128.5413, 0.0000, 206.5184, -1138.3701, 0.0000, 50, 76, 50
L 206.5184, -1138.3701, 0.0000, 207.0158, -1159.9595, 0.0000, 50, 76, 50
L 207.0158, -1159.9595, 0.0000, 209.9857, -1178.4376, 0.0000, 50, 76, 50
L 209.9857, -1178.4376, 0.0000, 200.0930, -1198.5480, 0.0000, 50, 76, 50
L 200.0930, -1198.5480, 0.0000, 209.7313, -1216.8726, 0.0000, 50, 76, 50
L 209.7313, -1216.8726, 0.0000, 232.3903, -1225.0691, 0.0000, 50, 76, 50
L 232.3903, -1225.0691, 0.0000, 244.2262, -1241.1654, 0.0000, 50, 76, 50
L 244.2262, -1241.1654, 0.0000, 261.8522, -1255.7099, 0.0000, 50, 76, 50
L 261.8522, -1255.7099, 0.0000, 285.3807, -1248.0342, 0.0000, 50, 76, 50
L 285.3807, -1248.0342, 0.0000, 305.2082, -1243.5550, 0.0000, 50, 76, 50
L 305.2082, -1243.5550, 0.0000, 330.2362, -1246.8065, 0.0000, 50, 76, 50
L 330.2362, -1246.8065, 0.0000, 345.7731, -1231.5829, 0.0000, 50, 76, 50
L 345.7731, -1231.5829, 0.0000, 349.9271, -1211.2315, 0.0000, 50, 76, 50
L 349.9271, -1211.2315, 0.0000, 366.9674, -1197.6753, 0.0000, 50, 76, 50
L 366.9674, -1197.6753, 0.0000, 375.5798, -1178.4376, 0.0000, 50, 76, 50
L 285.3807, -1110.5440, 0.0000, 285.3807, -1051.8068, 0.0000, 56, 48, 40
L 10650.7606, -216.7093, 0.0000, 10650.7606, -318.6154, 0.0000, 56, 48, 40
L 10578.5771, -318.6154, 0.0000, 10582.1100, -331.7366, 0.0000, 54, 80, 46
L 10582.1100, -331.7366, 0.0000, 10592.3629, -343.5733, 0.0000, 54, 80, 46
L 10592.3629, -343.5733, 0.0000, 10608.3322, -352.9670, 0.0000, 54, 80, 46
L 10608.3322, -352.9670, 0.0000, 10628.4547, -358.9982, 0.0000, 54, 80, 46
L 10628.4547, -358.9982, 0.0000, 10650.7606, -361.0763, 0.0000, 54, 80, 46
L 10650.7606, -361.0763, 0.0000, 10673.0666, -358.9982, 0.0000, 54, 80, 46
L 10673.0666, -358.9982, 0.0000, 10693.1890, -352.9670, 0.0000, 54, 80, 46
L 10693.1890, -352.9670, 0.0000, 10709.1583, -343.5733, 0.0000, 54, 80, 46
L 10709.1583, -343.5733, 0.0000, 10719.4112, -331.7366, 0.0000, 54, 80, 46
L 10719.4112, -331.7366, 0.0000, 10722.9442, -318.6154, 0.0000, 54, 80, 46
L 10586.6146, -328.7260, 0.0000, 10581.6168, -261.5879, 0.0000, 54, 80, 46
L 10603.8025, -346.2379, 0.0000, 10599.8710, -265.7755, 0.0000, 54, 80, 46
L 10633.5727, -356.3484, 0.0000, 10635.7785, -268.1933, 0.0000, 54, 80, 46
L 10667.9485, -356.3484, 0.0000, 10663.8848, -268.1933, 0.0000, 54, 80, 46
L 10697.7188, -346.2379, 0.0000, 10703.1093, -265.7755, 0.0000, 54, 80, 46
L 10714.9067, -328.7260, 0.0000, 10719.0386, -261.5879, 0.0000, 54, 80, 46
L 7966.5243, 1779.1261, 0.0000, 7966.5243, 1738.0545, 0.0000, 56, 48, 40
L 7889.5150, 1745.7554, 0.0000, 7966.5243, 1684.7897, 0.0000, 46, 72, 48
L 7966.5243, 1684.7897, 0.0000, 8043.5336, 1745.7554, 0.0000, 46, 72, 48
L 7889.5150, 1745.7554, 0.0000, 8043.5336, 1745.7554, 0.0000, 46, 72, 48
L 7901.4514, 1694.4159, 0.0000, 7966.5243, 1633.4502, 0.0000, 46, 72, 48
L 7966.5243, 1633.4502, 0.0000, 8031.5971, 1694.4159, 0.0000, 46, 72, 48
L 7901.4514, 1694.4159, 0.0000, 8031.5971, 1694.4159, 0.0000, 46, 72, 48
L 7913.3879, 1643.0764, 0.0000, 7966.5243, 1582.1107, 0.0000, 46, 72, 48
L 7966.5243, 1582.1107, 0.0000, 8019.6607, 1643.0764, 0.0000, 46, 72, 48
L 7913.3879, 1643.0764, 0.0000, 8019.6607, 1643.0764, 0.0000, 46, 72, 48
L 7925.3243, 1591.7368, 0.0000, 7966.5243, 1530.7711, 0.0000, 46, 72, 48
L 7966.5243, 1530.7711, 0.0000, 8007.7242, 1591.7368, 0.0000, 46, 72, 48
L 7925.3243, 1591.7368, 0.0000, 8007.7242, 1591.7368, 0.0000, 46, 72, 48
L 11069.6975, 885.7879, 0.0000, 11069.6975, 844.5571, 0.0000, 56, 48, 40
L 10992.3896, 852.2878, 0.0000, 11069.6975, 791.0858, 0.0000, 46, 72, 48
L 11069.6975, 791.0858, 0.0000, 11147.0053, 852.2878, 0.0000, 46, 72, 48
L 10992.3896, 852.2878, 0.0000, 11147.0053, 852.2878, 0.0000, 46, 72, 48
L 11004.3723, 800.7493, 0.0000, 11069.6975, 739.5472, 0.0000, 46, 72, 48
L 11069.6975, 739.5472, 0.0000, 11135.0226, 800.7493, 0.0000, 46, 72, 48
L 11004.3723, 800.7493, 0.0000, 11135.0226, 800.7493, 0.0000, 46, 72, 48
L 11016.3550, 749.2107, 0.0000, 11069.6975, 688.0086, 0.0000, 46, 72, 48
L 11069.6975, 688.0086, 0.0000, 11123.0399, 749.2107, 0.0000, 46, 72, 48
L 11016.3550, 749.2107, 0.0000, 11123.0399, 749.2107, 0.0000, 46, 72, 48
L 11028.3377, 697.6721, 0.0000, 11069.6975, 636.4700, 0.0000, 46, 72, 48
L 11069.6975, 636.4700, 0.0000, 11111.0572, 697.6721, 0.0000, 46, 72, 48
L 11028.3377, 697.6721, 0.0000, 11111.0572, 697.6721, 0.0000, 46, 72, 48
L 15759.5748, 2882.8030, 0.0000, 15759.5748, 2855.3860, 0.0000, 56, 48, 40
L 15708.1679, 2860.5267, 0.0000, 15759.5748, 2819.8296, 0.0000, 46, 72, 48
L 15759.5748, 2819.8296, 0.0000, 15810.9817, 2860.5267, 0.0000, 46, 72, 48
L 15708.1679, 2860.5267, 0.0000, 15810.9817, 2860.5267, 0.0000, 46, 72, 48
L 15716.1360, 2826.2554, 0.0000, 15759.5748, 2785.5583, 0.0000, 46, 72, 48
L 15759.5748, 2785.5583, 0.0000, 15803.0136, 2826.2554, 0.0000, 46, 72, 48
L 15716.1360, 2826.2554, 0.0000, 15803.0136, 2826.2554, 0.0000, 46, 72, 48
L 15724.1041, 2791.9842, 0.0000, 15759.5748, 2751.2871, 0.0000, 46, 72, 48
L 15759.5748, 2751.2871, 0.0000, 15795.0455, 2791.9842, 0.0000, 46, 72, 48
L 15724.1041, 2791.9842, 0.0000, 15795.0455, 2791.9842, 0.0000, 46, 72, 48
L 15732.0721, 2757.7129, 0.0000, 15759.5748, 2717.0158, 0.0000, 46, 72, 48
L 15759.5748, 2717.0158, 0.0000, 15787.0775, 2757.7129, 0.0000, 46, 72, 48
L 15732.0721, 2757.7129, 0.0000, 15787.0775, 2757.7129, 0.0000, 46, 72, 48
L 6963.4190, -255.0018, 0.0000, 6963.4190, -287.5817, 0.0000, 56, 48, 40
L 6902.3317, -281.4730, 0.0000, 6963.4190, -329.8338, 0.0000, 46, 72, 48
L 6963.4190, -329.8338, 0.0000, 7024.5064, -281.4730, 0.0000, 46, 72, 48
L 6902.3317, -281.4730, 0.0000, 7024.5064, -281.4730, 0.0000, 46, 72, 48
L 6911.8002, -322.1979, 0.0000, 6963.4190, -370.5588, 0.0000, 46, 72, 48
L 6963.4190, -370.5588, 0.0000, 7015.0379, -322.1979, 0.0000, 46, 72, 48
L 6911.8002, -322.1979, 0.0000, 7015.0379, -322.1979, 0.0000, 46, 72, 48
L 6921.2687, -362.9228, 0.0000, 6963.4190, -411.2837, 0.0000, 46, 72, 48
L 6963.4190, -411.2837, 0.0000, 7005.5693, -362.9228, 0.0000, 46, 72, 48
L 6921.2687, -362.9228, 0.0000, 7005.5693, -362.9228, 0.0000, 46, 72, 48
L 6930.7373, -403.6478, 0.0000, 6963.4190, -452.0086, 0.0000, 46, 72, 48
L 6963.4190, -452.0086, 0.0000, 6996.1008, -403.6478, 0.0000, 46, 72, 48
L 6930.7373, -403.6478, 0.0000, 6996.1008, -403.6478, 0.0000, 46, 72, 48
L 13519.8439, 3773.7763, 0.0000, 13508.9854, 3787.3914, 0.0000, 50, 76, 50
L 13508.9854, 3787.3914, 0.0000, 13501.2138, 3799.1642, 0.0000, 50, 76, 50
L 13501.2138, 3799.1642, 0.0000, 13499.0427, 3815.8389, 0.0000, 50, 76, 50
L 13499.0427, 3815.8389, 0.0000, 13483.5203, 3822.9716, 0.0000, 50, 76, 50
L 13483.5203, 3822.9716, 0.0000, 13465.7979, 3821.5735, 0.0000, 50, 76, 50
L 13465.7979, 3821.5735, 0.0000, 13451.2442, 3829.7297, 0.0000, 50, 76, 50
L 13451.2442, 3829.7297, 0.0000, 13433.6190, 3831.6612, 0.0000, 50, 76, 50
L 13433.6190, 3831.6612, 0.0000, 13422.0397, 3818.2899, 0.0000, 50, 76, 50
L 13422.0397, 3818.2899, 0.0000, 13409.5889, 3810.4330, 0.0000, 50, 76, 50
L 13409.5889, 3810.4330, 0.0000, 13392.0599, 3803.8459, 0.0000, 50, 76, 50
L 13392.0599, 3803.8459, 0.0000, 13390.4315, 3788.1156, 0.0000, 50, 76, 50
L 13390.4315, 3788.1156, 0.0000, 13394.9308, 3773.7763, 0.0000, 50, 76, 50
L 13394.9308, 3773.7763, 0.0000, 13388.3286, 3758.9411, 0.0000, 50, 76, 50
L 13388.3286, 3758.9411, 0.0000, 13393.0359, 3744.2024, 0.0000, 50, 76, 50
L 13393.0359, 3744.2024, 0.0000, 13410.7158, 3738.1112, 0.0000, 50, 76, 50
L 13410.7158, 3738.1112, 0.0000, 13421.0638, 3727.7751, 0.0000, 50, 76, 50
L 13421.0638, 3727.7751, 0.0000, 13433.4680, 3715.3955, 0.0000, 50, 76, 50
L 13433.4680, 3715.3955, 0.0000, 13451.2442, 3719.8062, 0.0000, 50, 76, 50
L 13451.2442, 3719.8062, 0.0000, 13465.9489, 3725.4832, 0.0000, 50, 76, 50
L 13465.9489, 3725.4832, 0.0000, 13484.4963, 3723.0934, 0.0000, 50, 76, 50
L 13484.4963, 3723.0934, 0.0000, 13497.9158, 3732.7053, 0.0000, 50, 76, 50
L 13497.9158, 3732.7053, 0.0000, 13500.2379, 3748.8841, 0.0000, 50, 76, 50
L 13500.2379, 3748.8841, 0.0000, 13511.0883, 3759.6653, 0.0000, 50, 76, 50
L 13511.0883, 3759.6653, 0.0000, 13519.8439, 3773.7763, 0.0000, 50, 76, 50
L 13451.2442, 3824.9906, 0.0000, 13451.2442, 3869.2980, 0.0000, 56, 48, 40
L 11048.7752, -526.1404, 0.0000, 11035.0940, -509.4165, 0.0000, 50, 76, 50
L 11035.0940, -509.4165, 0.0000, 11035.7051, -489.7950, 0.0000, 50, 76, 50
L 11035.7051, -489.7950, 0.0000, 11027.1242, -470.7394, 0.0000, 50, 76, 50
L 11027.1242, -470.7394, 0.0000, 11002.4330, -467.8177, 0.0000, 50, 76, 50
L 11002.4330, -467.8177, 0.0000, 10983.9869, -461.0533, 0.0000, 50, 76, 50
L 10983.9869, -461.0533, 0.0000, 10964.1687, -447.7734, 0.0000, 50, 76, 50
L 10964.1687, -447.7734, 0.0000, 10942.8033, -455.9722, 0.0000, 50, 76, 50
L 10942.8033, -455.9722, 0.0000, 10927.4515, -470.1758, 0.0000, 50, 76, 50
L 10927.4515, -470.1758, 0.0000, 10904.3074, -473.4624, 0.0000, 50, 76, 50
L 10904.3074, -473.4624, 0.0000, 10887.9909, -487.4368, 0.0000, 50, 76, 50
L 10887.9909, -487.4368, 0.0000, 10891.6962, -509.0517, 0.0000, 50, 76, 50
L 10891.6962, -509.0517, 0.0000, 10885.7506, -526.1404, 0.0000, 50, 76, 50
L 10885.7506, -526.1404, 0.0000, 10877.6243, -546.5471, 0.0000, 50, 76, 50
L 10877.6243, -546.5471, 0.0000, 10894.5216, -561.5258, 0.0000, 50, 76, 50
L 10894.5216, -561.5258, 0.0000, 10911.8484, -572.1821, 0.0000, 50, 76, 50
L 10911.8484, -572.1821, 0.0000, 10920.9207, -592.0591, 0.0000, 50, 76, 50
L 10920.9207, -592.0591, 0.0000, 10941.7930, -599.6266, 0.0000, 50, 76, 50
L 10941.7930, -599.6266, 0.0000, 10964.1687, -591.2350, 0.0000, 50, 76, 50
L 10964.1687, -591.2350, 0.0000, 10984.9972, -594.5455, 0.0000, 50, 76, 50
L 10984.9972, -594.5455, 0.0000, 11008.9638, -594.4173, 0.0000, 50, 76, 50
L 11008.9638, -594.4173, 0.0000, 11019.5831, -574.9051, 0.0000, 50, 76, 50
L 11019.5831, -574.9051, 0.0000, 11029.1743, -559.1676, 0.0000, 50, 76, 50
L 11029.1743, -559.1676, 0.0000, 11049.1658, -546.1823, 0.0000, 50, 76, 50
L 11049.1658, -546.1823, 0.0000, 11048.7752, -526.1404, 0.0000, 50, 76, 50
L 10964.1687, -459.3003, 0.0000, 10964.1687, -401.4745, 0.0000, 56, 48, 40
L 5531.2873, 3636.4673, 0.0000, 5531.2873, 3510.0011, 0.0000, 56, 48, 40
L 5441.7071, 3510.0011, 0.0000, 5446.0914, 3493.7177, 0.0000, 54, 80, 46
L 5446.0914, 3493.7177, 0.0000, 5458.8154, 3479.0282, 0.0000, 54, 80, 46
L 5458.8154, 3479.0282, 0.0000, 5478.6333, 3467.3705, 0.0000, 54, 80, 46
L 5478.6333, 3467.3705, 0.0000, 5503.6055, 3459.8859, 0.0000, 54, 80, 46
L 5503.6055, 3459.8859, 0.0000, 5531.2873, 3457.3068, 0.0000, 54, 80, 46
L 5531.2873, 3457.3068, 0.0000, 5558.9691, 3459.8859, 0.0000, 54, 80, 46
L 5558.9691, 3459.8859, 0.0000, 5583.9412, 3467.3705, 0.0000, 54, 80, 46
L 5583.9412, 3467.3705, 0.0000, 5603.7592, 3479.0282, 0.0000, 54, 80, 46
L 5603.7592, 3479.0282, 0.0000, 5616.4831, 3493.7177, 0.0000, 54, 80, 46
L 5616.4831, 3493.7177, 0.0000, 5620.8675, 3510.0011, 0.0000, 54, 80, 46
L 5451.6817, 3497.4539, 0.0000, 5449.9584, 3580.7726, 0.0000, 54, 80, 46
L 5473.0119, 3475.7215, 0.0000, 5476.9858, 3575.5757, 0.0000, 54, 80, 46
L 5509.9570, 3463.1742, 0.0000, 5508.1856, 3572.5753, 0.0000, 54, 80, 46
L 5552.6175, 3463.1742, 0.0000, 5547.3222, 3572.5753, 0.0000, 54, 80, 46
L 5589.5626, 3475.7215, 0.0000, 5589.2426, 3575.5757, 0.0000, 54, 80, 46
L 5610.8929, 3497.4539, 0.0000, 5613.6311, 3580.7726, 0.0000, 54, 80, 46
L 9636.7633, -759.6329, 0.0000, 9636.7633, -868.3109, 0.0000, 56, 48, 40
L 9559.7831, -868.3109, 0.0000, 9563.5508, -882.3039, 0.0000, 54, 80, 46
L 9563.5508, -882.3039, 0.0000, 9574.4850, -894.9273, 0.0000, 54, 80, 46
L 9574.4850, -894.9273, 0.0000, 9591.5155, -904.9452, 0.0000, 54, 80, 46
L 9591.5155, -904.9452, 0.0000, 9612.9751, -911.3771, 0.0000, 54, 80, 46
L 9612.9751, -911.3771, 0.0000, 9636.7633, -913.5934, 0.0000, 54, 80, 46
L 9636.7633, -913.5934, 0.0000, 9660.5515, -911.3771, 0.0000, 54, 80, 46
L 9660.5515, -911.3771, 0.0000, 9682.0111, -904.9452, 0.0000, 54, 80, 46
L 9682.0111, -904.9452, 0.0000, 9699.0416, -894.9273, 0.0000, 54, 80, 46
L 9699.0416, -894.9273, 0.0000, 9709.9758, -882.3039, 0.0000, 54, 80, 46
L 9709.9758, -882.3039, 0.0000, 9713.7435, -868.3109, 0.0000, 54, 80, 46
L 9568.3547, -879.0933, 0.0000, 9567.2024, -807.4938, 0.0000, 54, 80, 46
L 9586.6847, -897.7689, 0.0000, 9583.0856, -811.9597, 0.0000, 54, 80, 46
L 9618.4333, -908.5512, 0.0000, 9614.5789, -814.5381, 0.0000, 54, 80, 46
L 9655.0933, -908.5512, 0.0000, 9652.0745, -814.5381, 0.0000, 54, 80, 46
L 9686.8419, -897.7689, 0.0000, 9689.9604, -811.9597, 0.0000, 54, 80, 46
L 9705.1719, -879.0933, 0.0000, 9702.1857, -807.4938, 0.0000, 54, 80, 46
L 3097.2203, 1689.1558, 0.0000, 3104.0722, 1704.7564, 0.0000, 50, 76, 50
L 3104.0722, 1704.7564, 0.0000, 3092.0538, 1716.6643, 0.0000, 50, 76, 50
L 3092.0538, 1716.6643, 0.0000, 3077.8105, 1724.2678, 0.0000, 50, 76, 50
L 3077.8105, 1724.2678, 0.0000, 3070.6890, 1739.1169, 0.0000, 50, 76, 50
L 3070.6890, 1739.1169, 0.0000, 3055.2315, 1746.0415, 0.0000, 50, 76, 50
L 3055.2315, 1746.0415, 0.0000, 3037.9105, 1739.3916, 0.0000, 50, 76, 50
L 3037.9105, 1739.3916, 0.0000, 3022.1712, 1740.8468, 0.0000, 50, 76, 50
L 3022.1712, 1740.8468, 0.0000, 3003.5503, 1741.5278, 0.0000, 50, 76, 50
L 3003.5503, 1741.5278, 0.0000, 2994.8471, 1727.0516, 0.0000, 50, 76, 50
L 2994.8471, 1727.0516, 0.0000, 2988.5124, 1714.2534, 0.0000, 50, 76, 50
L 2988.5124, 1714.2534, 0.0000, 2973.3305, 1704.3835, 0.0000, 50, 76, 50
L 2973.3305, 1704.3835, 0.0000, 2972.2738, 1689.1558, 0.0000, 50, 76, 50
L 2972.2738, 1689.1558, 0.0000, 2983.3832, 1676.2985, 0.0000, 50, 76, 50
L 2983.3832, 1676.2985, 0.0000, 2983.8470, 1661.6879, 0.0000, 50, 76, 50
L 2983.8470, 1661.6879, 0.0000, 2989.4600, 1646.5193, 0.0000, 50, 76, 50
L 2989.4600, 1646.5193, 0.0000, 3008.2158, 1643.8949, 0.0000, 50, 76, 50
L 3008.2158, 1643.8949, 0.0000, 3022.8930, 1639.8352, 0.0000, 50, 76, 50
L 3022.8930, 1639.8352, 0.0000, 3037.9105, 1629.4387, 0.0000, 50, 76, 50
L 3037.9105, 1629.4387, 0.0000, 3054.5098, 1634.6405, 0.0000, 50, 76, 50
L 3054.5098, 1634.6405, 0.0000, 3066.0236, 1646.3058, 0.0000, 50, 76, 50
L 3066.0236, 1646.3058, 0.0000, 3083.1976, 1649.3032, 0.0000, 50, 76, 50
L 3083.1976, 1649.3032, 0.0000, 3096.7192, 1659.2770, 0.0000, 50, 76, 50
L 3096.7192, 1659.2770, 0.0000, 3094.0196, 1675.9256, 0.0000, 50, 76, 50
L 3094.0196, 1675.9256, 0.0000, 3097.2203, 1689.1558, 0.0000, 50, 76, 50
L 3037.9105, 1740.3839, 0.0000, 3037.9105, 1784.7031, 0.0000, 56, 48, 40
L 12737.4768, -1118.8751, 0.0000, 12737.4768, -1148.5856, 0.0000, 56, 48, 40
L 12681.7695, -1143.0149, 0.0000, 12737.4768, -1187.1165, 0.0000, 46, 72, 48
L 12737.4768, -1187.1165, 0.0000, 12793.1841, -1143.0149, 0.0000, 46, 72, 48
L 12681.7695, -1143.0149, 0.0000, 12793.1841, -1143.0149, 0.0000, 46, 72, 48
L 12690.4042, -1180.1531, 0.0000, 12737.4768, -1224.2547, 0.0000, 46, 72, 48
L 12737.4768, -1224.2547, 0.0000, 12784.5494, -1180.1531, 0.0000, 46, 72, 48
L 12690.4042, -1180.1531, 0.0000, 12784.5494, -1180.1531, 0.0000, 46, 72, 48
L 12699.0388, -1217.2913, 0.0000, 12737.4768, -1261.3928, 0.0000, 46, 72, 48
L 12737.4768, -1261.3928, 0.0000, 12775.9148, -1217.2913, 0.0000, 46, 72, 48
L 12699.0388, -1217.2913, 0.0000, 12775.9148, -1217.2913, 0.0000, 46, 72, 48
L 12707.6734, -1254.4294, 0.0000, 12737.4768, -1298.5310, 0.0000, 46, 72, 48
L 12737.4768, -1298.5310, 0.0000, 12767.2802, -1254.4294, 0.0000, 46, 72, 48
L 12707.6734, -1254.4294, 0.0000, 12767.2802, -1254.4294, 0.0000, 46, 72, 48
L 2873.0539, -1075.3821, 0.0000, 2860.4651, -1056.4391, 0.0000, 50, 76, 50
L 2860.4651, -1056.4391, 0.0000, 2846.6449, -1041.5873, 0.0000, 50, 76, 50
L 2846.6449, -1041.5873, 0.0000, 2843.6660, -1019.4691, 0.0000, 50, 76, 50
L 2843.6660, -1019.4691, 0.0000, 2824.8610, -1007.2007, 0.0000, 50, 76, 50
L 2824.8610, -1007.2007, 0.0000, 2799.9587, -1010.2556, 0.0000, 50, 76, 50
L 2799.9587, -1010.2556, 0.0000, 2780.1285, -1001.7624, 0.0000, 50, 76, 50
L 2780.1285, -1001.7624, 0.0000, 2756.0943, -996.4488, 0.0000, 50, 76, 50
L 2756.0943, -996.4488, 0.0000, 2739.6000, -1013.6085, 0.0000, 50, 76, 50
L 2739.6000, -1013.6085, 0.0000, 2724.9990, -1026.8682, 0.0000, 50, 76, 50
L 2724.9990, -1026.8682, 0.0000, 2701.0001, -1035.1795, 0.0000, 50, 76, 50
L 2701.0001, -1035.1795, 0.0000, 2695.5879, -1055.4479, 0.0000, 50, 76, 50
L 2695.5879, -1055.4479, 0.0000, 2704.0191, -1075.3821, 0.0000, 50, 76, 50
L 2704.0191, -1075.3821, 0.0000, 2697.1900, -1094.9386, 0.0000, 50, 76, 50
L 2697.1900, -1094.9386, 0.0000, 2700.2565, -1115.9625, 0.0000, 50, 76, 50
L 2700.2565, -1115.9625, 0.0000, 2724.1404, -1124.6516, 0.0000, 50, 76, 50
L 2724.1404, -1124.6516, 0.0000, 2740.3436, -1136.0225, 0.0000, 50, 76, 50
L 2740.3436, -1136.0225, 0.0000, 2756.2093, -1153.9377, 0.0000, 50, 76, 50
L 2756.2093, -1153.9377, 0.0000, 2780.1285, -1150.5130, 0.0000, 50, 76, 50
L 2780.1285, -1150.5130, 0.0000, 2799.8437, -1140.1308, 0.0000, 50, 76, 50
L 2799.8437, -1140.1308, 0.0000, 2824.1174, -1142.4302, 0.0000, 50, 76, 50
L 2824.1174, -1142.4302, 0.0000, 2844.5246, -1132.0507, 0.0000, 50, 76, 50
L 2844.5246, -1132.0507, 0.0000, 2847.3885, -1109.5548, 0.0000, 50, 76, 50
L 2847.3885, -1109.5548, 0.0000, 2858.8629, -1093.9473, 0.0000, 50, 76, 50
L 2858.8629, -1093.9473, 0.0000, 2873.0539, -1075.3821, 0.0000, 50, 76, 50
L 2780.1285, -1006.0779, 0.0000, 2780.1285, -946.1203, 0.0000, 56, 48, 40
L 7422.8309, -1241.2156, 0.0000, 7422.8309, -1272.7788, 0.0000, 56, 48, 40
L 7363.6500, -1266.8607, 0.0000, 7422.8309, -1313.7122, 0.0000, 46, 72, 48
L 7422.8309, -1313.7122, 0.0000, 7482.0118, -1266.8607, 0.0000, 46, 72, 48
L 7363.6500, -1266.8607, 0.0000, 7482.0118, -1266.8607, 0.0000, 46, 72, 48
L 7372.8230, -1306.3146, 0.0000, 7422.8309, -1353.1662, 0.0000, 46, 72, 48
L 7422.8309, -1353.1662, 0.0000, 7472.8387, -1306.3146, 0.0000, 46, 72, 48
L 7372.8230, -1306.3146, 0.0000, 7472.8387, -1306.3146, 0.0000, 46, 72, 48
L 7381.9961, -1345.7685, 0.0000, 7422.8309, -1392.6201, 0.0000, 46, 72, 48
L 7422.8309, -1392.6201, 0.0000, 7463.6657, -1345.7685, 0.0000, 46, 72, 48
L 7381.9961, -1345.7685, 0.0000, 7463.6657, -1345.7685, 0.0000, 46, 72, 48
L 7391.1691, -1385.2225, 0.0000, 7422.8309, -1432.0740, 0.0000, 46, 72, 48
L 7422.8309, -1432.0740, 0.0000, 7454.4927, -1385.2225, 0.0000, 46, 72, 48
L 7391.1691, -1385.2225, 0.0000, 7454.4927, -1385.2225, 0.0000, 46, 72, 48
L 11748.7747, 3839.9271, 0.0000, 11748.7747, 3716.2656, 0.0000, 56, 48, 40
L 11661.1812, 3716.2656, 0.0000, 11665.4683, 3700.3433, 0.0000, 54, 80, 46
L 11665.4683, 3700.3433, 0.0000, 11677.9100, 3685.9796, 0.0000, 54, 80, 46
L 11677.9100, 3685.9796, 0.0000, 11697.2885, 3674.5806, 0.0000, 54, 80, 46
L 11697.2885, 3674.5806, 0.0000, 11721.7068, 3667.2619, 0.0000, 54, 80, 46
L 11721.7068, 3667.2619, 0.0000, 11748.7747, 3664.7400, 0.0000, 54, 80, 46
L 11748.7747, 3664.7400, 0.0000, 11775.8426, 3667.2619, 0.0000, 54, 80, 46
L 11775.8426, 3667.2619, 0.0000, 11800.2608, 3674.5806, 0.0000, 54, 80, 46
L 11800.2608, 3674.5806, 0.0000, 11819.6393, 3685.9796, 0.0000, 54, 80, 46
L 11819.6393, 3685.9796, 0.0000, 11832.0811, 3700.3433, 0.0000, 54, 80, 46
L 11832.0811, 3700.3433, 0.0000, 11836.3682, 3716.2656, 0.0000, 54, 80, 46
L 11670.9345, 3703.9967, 0.0000, 11676.4541, 3785.4676, 0.0000, 54, 80, 46
L 11691.7917, 3682.7463, 0.0000, 11696.2541, 3780.3860, 0.0000, 54, 80, 46
L 11727.9175, 3670.4773, 0.0000, 11730.7003, 3777.4521, 0.0000, 54, 80, 46
L 11769.6319, 3670.4773, 0.0000, 11766.3633, 3777.4521, 0.0000, 54, 80, 46
L 11805.7576, 3682.7463, 0.0000, 11803.7253, 3780.3860, 0.0000, 54, 80, 46
L 11826.6148, 3703.9967, 0.0000, 11829.1805, 3785.4676, 0.0000, 54, 80, 46
L 13782.7042, -387.8104, 0.0000, 13786.5476, -374.2682, 0.0000, 50, 76, 50
L 13786.5476, -374.2682, 0.0000, 13785.4522, -359.1876, 0.0000, 50, 76, 50
L 13785.4522, -359.1876, 0.0000, 13768.9164, -352.7857, 0.0000, 50, 76, 50
L 13768.9164, -352.7857, 0.0000, 13756.7306, -345.7194, 0.0000, 50, 76, 50
L 13756.7306, -345.7194, 0.0000, 13745.8203, -332.9486, 0.0000, 50, 76, 50
L 13745.8203, -332.9486, 0.0000, 13729.1156, -334.3252, 0.0000, 50, 76, 50
L 13729.1156, -334.3252, 0.0000, 13715.2908, -342.4071, 0.0000, 50, 76, 50
L 13715.2908, -342.4071, 0.0000, 13698.6205, -341.3297, 0.0000, 50, 76, 50
L 13698.6205, -341.3297, 0.0000, 13683.5547, -347.7169, 0.0000, 50, 76, 50
L 13683.5547, -347.7169, 0.0000, 13681.4189, -363.5773, 0.0000, 50, 76, 50
L 13681.4189, -363.5773, 0.0000, 13674.5635, -374.9473, 0.0000, 50, 76, 50
L 13674.5635, -374.9473, 0.0000, 13664.0070, -387.8104, 0.0000, 50, 76, 50
L 13664.0070, -387.8104, 0.0000, 13671.8950, -401.3028, 0.0000, 50, 76, 50
L 13671.8950, -401.3028, 0.0000, 13682.6574, -411.4143, 0.0000, 50, 76, 50
L 13682.6574, -411.4143, 0.0000, 13684.9848, -426.6455, 0.0000, 50, 76, 50
L 13684.9848, -426.6455, 0.0000, 13697.3820, -436.1788, 0.0000, 50, 76, 50
L 13697.3820, -436.1788, 0.0000, 13715.0992, -433.8430, 0.0000, 50, 76, 50
L 13715.0992, -433.8430, 0.0000, 13729.1156, -438.7787, 0.0000, 50, 76, 50
L 13729.1156, -438.7787, 0.0000, 13746.0119, -443.3015, 0.0000, 50, 76, 50
L 13746.0119, -443.3015, 0.0000, 13757.9691, -431.7891, 0.0000, 50, 76, 50
L 13757.9691, -431.7891, 0.0000, 13767.4863, -421.5767, 0.0000, 50, 76, 50
L 13767.4863, -421.5767, 0.0000, 13784.2137, -415.8040, 0.0000, 50, 76, 50
L 13784.2137, -415.8040, 0.0000, 13789.2162, -401.9819, 0.0000, 50, 76, 50
L 13789.2162, -401.9819, 0.0000, 13782.7042, -387.8104, 0.0000, 50, 76, 50
L 13729.1156, -339.1446, 0.0000, 13729.1156, -297.0420, 0.0000, 56, 48, 40
L 14125.9646, 2636.7240, 0.0000, 14136.9872, 2659.2628, 0.0000, 50, 76, 50
L 14136.9872, 2659.2628, 0.0000, 14122.6405, 2677.9992, 0.0000, 50, 76, 50
L 14122.6405, 2677.9992, 0.0000, 14099.4397, 2687.7980, 0.0000, 50, 76, 50
L 14099.4397, 2687.7980, 0.0000, 14088.0515, 2707.8287, 0.0000, 50, 76, 50
L 14088.0515, 2707.8287, 0.0000, 14067.0812, 2721.0626, 0.0000, 50, 76, 50
L 14067.0812, 2721.0626, 0.0000, 14041.4011, 2711.4662, 0.0000, 50, 76, 50
L 14041.4011, 2711.4662, 0.0000, 14019.0366, 2710.1736, 0.0000, 50, 76, 50
L 14019.0366, 2710.1736, 0.0000, 13991.4352, 2712.8823, 0.0000, 50, 76, 50
L 13991.4352, 2712.8823, 0.0000, 13976.7314, 2693.6334, 0.0000, 50, 76, 50
L 13976.7314, 2693.6334, 0.0000, 13970.1084, 2672.9456, 0.0000, 50, 76, 50
L 13970.1084, 2672.9456, 0.0000, 13949.1306, 2658.4810, 0.0000, 50, 76, 50
L 13949.1306, 2658.4810, 0.0000, 13943.5753, 2636.7240, 0.0000, 50, 76, 50
L 13943.5753, 2636.7240, 0.0000, 13960.8127, 2617.7216, 0.0000, 50, 76, 50
L 13960.8127, 2617.7216, 0.0000, 13964.6868, 2597.7479, 0.0000, 50, 76, 50
L 13964.6868, 2597.7479, 0.0000, 13970.4710, 2574.3055, 0.0000, 50, 76, 50
L 13970.4710, 2574.3055, 0.0000, 13996.8568, 2568.8294, 0.0000, 50, 76, 50
L 13996.8568, 2568.8294, 0.0000, 14019.8753, 2566.0290, 0.0000, 50, 76, 50
L 14019.8753, 2566.0290, 0.0000, 14041.4011, 2550.9636, 0.0000, 50, 76, 50
L 14041.4011, 2550.9636, 0.0000, 14066.2424, 2555.1400, 0.0000, 50, 76, 50
L 14066.2424, 2555.1400, 0.0000, 14082.6298, 2573.8830, 0.0000, 50, 76, 50
L 14082.6298, 2573.8830, 0.0000, 14105.7001, 2580.1409, 0.0000, 50, 76, 50
L 14105.7001, 2580.1409, 0.0000, 14128.0622, 2592.6943, 0.0000, 50, 76, 50
L 14128.0622, 2592.6943, 0.0000, 14125.3051, 2616.9399, 0.0000, 50, 76, 50
L 14125.3051, 2616.9399, 0.0000, 14125.9646, 2636.7240, 0.0000, 50, 76, 50
L 14041.4011, 2711.5036, 0.0000, 14041.4011, 2776.1982, 0.0000, 56, 48, 40
L 5921.5455, -1389.4827, 0.0000, 5924.5120, -1368.1472, 0.0000, 50, 76, 50
L 5924.5120, -1368.1472, 0.0000, 5903.5977, -1354.1369, 0.0000, 50, 76, 50
L 5903.5977, -1354.1369, 0.0000, 5891.3611, -1339.0302, 0.0000, 50, 76, 50
L 5891.3611, -1339.0302, 0.0000, 5881.0469, -1317.8173, 0.0000, 50, 76, 50
L 5881.0469, -1317.8173, 0.0000, 5856.4374, -1315.8876, 0.0000, 50, 76, 50
L 5856.4374, -1315.8876, 0.0000, 5834.0286, -1321.2967, 0.0000, 50, 76, 50
L 5834.0286, -1321.2967, 0.0000, 5810.8259, -1313.2802, 0.0000, 50, 76, 50
L 5810.8259, -1313.2802, 0.0000, 5787.8043, -1319.0274, 0.0000, 50, 76, 50
L 5787.8043, -1319.0274, 0.0000, 5778.2840, -1340.4275, 0.0000, 50, 76, 50
L 5778.2840, -1340.4275, 0.0000, 5762.0778, -1352.9268, 0.0000, 50, 76, 50
L 5762.0778, -1352.9268, 0.0000, 5742.7514, -1367.9600, 0.0000, 50, 76, 50
L 5742.7514, -1367.9600, 0.0000, 5749.6874, -1389.4827, 0.0000, 50, 76, 50
L 5749.6874, -1389.4827, 0.0000, 5758.5098, -1407.2897, 0.0000, 50, 76, 50
L 5758.5098, -1407.2897, 0.0000, 5754.7643, -1429.7544, 0.0000, 50, 76, 50
L 5754.7643, -1429.7544, 0.0000, 5769.8391, -1445.9695, 0.0000, 50, 76, 50
L 5769.8391, -1445.9695, 0.0000, 5795.1178, -1448.7908, 0.0000, 50, 76, 50
L 5795.1178, -1448.7908, 0.0000, 5811.9573, -1461.9695, 0.0000, 50, 76, 50
L 5811.9573, -1461.9695, 0.0000, 5834.0286, -1472.5318, 0.0000, 50, 76, 50
L 5834.0286, -1472.5318, 0.0000, 5855.3060, -1459.3621, 0.0000, 50, 76, 50
L 5855.3060, -1459.3621, 0.0000, 5873.7333, -1450.0008, 0.0000, 50, 76, 50
L 5873.7333, -1450.0008, 0.0000, 5899.8060, -1447.3668, 0.0000, 50, 76, 50
L 5899.8060, -1447.3668, 0.0000, 5910.9112, -1428.5443, 0.0000, 50, 76, 50
L 5910.9112, -1428.5443, 0.0000, 5908.7535, -1407.1025, 0.0000, 50, 76, 50
L 5908.7535, -1407.1025, 0.0000, 5921.5455, -1389.4827, 0.0000, 50, 76, 50
L 5834.0286, -1319.0209, 0.0000, 5834.0286, -1258.0619, 0.0000, 56, 48, 40
L 9700.3878, 3866.9424, 0.0000, 9700.3878, 3776.8225, 0.0000, 56, 48, 40
L 9636.5530, 3776.8225, 0.0000, 9639.6773, 3765.2190, 0.0000, 54, 80, 46
L 9639.6773, 3765.2190, 0.0000, 9648.7443, 3754.7512, 0.0000, 54, 80, 46
L 9648.7443, 3754.7512, 0.0000, 9662.8666, 3746.4440, 0.0000, 54, 80, 46
L 9662.8666, 3746.4440, 0.0000, 9680.6618, 3741.1104, 0.0000, 54, 80, 46
L 9680.6618, 3741.1104, 0.0000, 9700.3878, 3739.2726, 0.0000, 54, 80, 46
L 9700.3878, 3739.2726, 0.0000, 9720.1139, 3741.1104, 0.0000, 54, 80, 46
L 9720.1139, 3741.1104, 0.0000, 9737.9090, 3746.4440, 0.0000, 54, 80, 46
L 9737.9090, 3746.4440, 0.0000, 9752.0313, 3754.7512, 0.0000, 54, 80, 46
L 9752.0313, 3754.7512, 0.0000, 9761.0984, 3765.2190, 0.0000, 54, 80, 46
L 9761.0984, 3765.2190, 0.0000, 9764.2227, 3776.8225, 0.0000, 54, 80, 46
L 9643.6609, 3767.8814, 0.0000, 9639.2271, 3827.2543, 0.0000, 54, 80, 46
L 9658.8608, 3752.3949, 0.0000, 9662.6484, 3823.5510, 0.0000, 54, 80, 46
L 9685.1879, 3743.4537, 0.0000, 9689.7532, 3821.4129, 0.0000, 54, 80, 46
L 9715.5878, 3743.4537, 0.0000, 9714.2089, 3821.4129, 0.0000, 54, 80, 46
L 9741.9149, 3752.3949, 0.0000, 9739.2336, 3823.5510, 0.0000, 54, 80, 46
L 9757.1148, 3767.8814, 0.0000, 9753.4654, 3827.2543, 0.0000, 54, 80, 46
L 8407.2680, 1462.0640, 0.0000, 8407.2680, 1430.7425, 0.0000, 56, 48, 40
L 8348.5400, 1436.6153, 0.0000, 8407.2680, 1390.1223, 0.0000, 46, 72, 48
L 8407.2680, 1390.1223, 0.0000, 8465.9960, 1436.6153, 0.0000, 46, 72, 48
L 8348.5400, 1436.6153, 0.0000, 8465.9960, 1436.6153, 0.0000, 46, 72, 48
L 8357.6428, 1397.4633, 0.0000, 8407.2680, 1350.9703, 0.0000, 46, 72, 48
L 8407.2680, 1350.9703, 0.0000, 8456.8931, 1397.4633, 0.0000, 46, 72, 48
L 8357.6428, 1397.4633, 0.0000, 8456.8931, 1397.4633, 0.0000, 46, 72, 48
L 8366.7457, 1358.3113, 0.0000, 8407.2680, 1311.8183, 0.0000, 46, 72, 48
L 8407.2680, 1311.8183, 0.0000, 8447.7903, 1358.3113, 0.0000, 46, 72, 48
L 8366.7457, 1358.3113, 0.0000, 8447.7903, 1358.3113, 0.0000, 46, 72, 48
L 8375.8485, 1319.1593, 0.0000, 8407.2680, 1272.6663, 0.0000, 46, 72, 48
L 8407.2680, 1272.6663, 0.0000, 8438.6875, 1319.1593, 0.0000, 46, 72, 48
L 8375.8485, 1319.1593, 0.0000, 8438.6875, 1319.1593, 0.0000, 46, 72, 48
L 6514.6929, -1189.5419, 0.0000, 6506.7819, -1176.1543, 0.0000, 50, 76, 50
L 6506.7819, -1176.1543, 0.0000, 6509.3017, -1159.4153, 0.0000, 50, 76, 50
L 6509.3017, -1159.4153, 0.0000, 6499.0514, -1146.3813, 0.0000, 50, 76, 50
L 6499.0514, -1146.3813, 0.0000, 6479.6102, -1144.4180, 0.0000, 50, 76, 50
L 6479.6102, -1144.4180, 0.0000, 6466.4591, -1135.5042, 0.0000, 50, 76, 50
L 6466.4591, -1135.5042, 0.0000, 6450.0053, -1126.6517, 0.0000, 50, 76, 50
L 6450.0053, -1126.6517, 0.0000, 6433.6952, -1135.9762, 0.0000, 50, 76, 50
L 6433.6952, -1135.9762, 0.0000, 6420.2566, -1144.1989, 0.0000, 50, 76, 50
L 6420.2566, -1144.1989, 0.0000, 6400.6716, -1146.1283, 0.0000, 50, 76, 50
L 6400.6716, -1146.1283, 0.0000, 6391.1400, -1159.6344, 0.0000, 50, 76, 50
L 6391.1400, -1159.6344, 0.0000, 6393.3723, -1176.1882, 0.0000, 50, 76, 50
L 6393.3723, -1176.1882, 0.0000, 6384.7427, -1189.5419, 0.0000, 50, 76, 50
L 6384.7427, -1189.5419, 0.0000, 6381.2597, -1205.7518, 0.0000, 50, 76, 50
L 6381.2597, -1205.7518, 0.0000, 6396.7615, -1216.5934, 0.0000, 50, 76, 50
L 6396.7615, -1216.5934, 0.0000, 6407.1628, -1227.2433, 0.0000, 50, 76, 50
L 6407.1628, -1227.2433, 0.0000, 6414.6351, -1243.4533, 0.0000, 50, 76, 50
L 6414.6351, -1243.4533, 0.0000, 6432.8255, -1245.9637, 0.0000, 50, 76, 50
L 6432.8255, -1245.9637, 0.0000, 6450.0053, -1241.0078, 0.0000, 50, 76, 50
L 6450.0053, -1241.0078, 0.0000, 6467.3287, -1246.4358, 0.0000, 50, 76, 50
L 6467.3287, -1246.4358, 0.0000, 6485.2317, -1243.2342, 0.0000, 50, 76, 50
L 6485.2317, -1243.2342, 0.0000, 6492.5603, -1226.9903, 0.0000, 50, 76, 50
L 6492.5603, -1226.9903, 0.0000, 6503.6802, -1216.8125, 0.0000, 50, 76, 50
L 6503.6802, -1216.8125, 0.0000, 6518.8945, -1205.7857, 0.0000, 50, 76, 50
L 6518.8945, -1205.7857, 0.0000, 6514.6929, -1189.5419, 0.0000, 50, 76, 50
L 6450.0053, -1136.2624, 0.0000, 6450.0053, -1090.1683, 0.0000, 56, 48, 40
L 4491.1067, 3035.8615, 0.0000, 4492.9216, 3050.7116, 0.0000, 50, 76, 50
L 4492.9216, 3050.7116, 0.0000, 4493.7234, 3068.2665, 0.0000, 50, 76, 50
L 4493.7234, 3068.2665, 0.0000, 4476.0733, 3076.4565, 0.0000, 50, 76, 50
L 4476.0733, 3076.4565, 0.0000, 4460.5148, 3082.4598, 0.0000, 50, 76, 50
L 4460.5148, 3082.4598, 0.0000, 4448.4929, 3096.7844, 0.0000, 50, 76, 50
L 4448.4929, 3096.7844, 0.0000, 4429.9426, 3097.7406, 0.0000, 50, 76, 50
L 4429.9426, 3097.7406, 0.0000, 4414.2865, 3087.2793, 0.0000, 50, 76, 50
L 4414.2865, 3087.2793, 0.0000, 4396.4762, 3086.8711, 0.0000, 50, 76, 50
L 4396.4762, 3086.8711, 0.0000, 4378.0235, 3081.5503, 0.0000, 50, 76, 50
L 4378.0235, 3081.5503, 0.0000, 4374.8444, 3063.8551, 0.0000, 50, 76, 50
L 4374.8444, 3063.8551, 0.0000, 4369.8578, 3050.0292, 0.0000, 50, 76, 50
L 4369.8578, 3050.0292, 0.0000, 4357.2017, 3035.8615, 0.0000, 50, 76, 50
L 4357.2017, 3035.8615, 0.0000, 4363.5793, 3020.2133, 0.0000, 50, 76, 50
L 4363.5793, 3020.2133, 0.0000, 4377.7582, 3009.3483, 0.0000, 50, 76, 50
L 4377.7582, 3009.3483, 0.0000, 4381.3882, 2993.1336, 0.0000, 50, 76, 50
L 4381.3882, 2993.1336, 0.0000, 4393.5623, 2980.4105, 0.0000, 50, 76, 50
L 4393.5623, 2980.4105, 0.0000, 4413.8357, 2982.9632, 0.0000, 50, 76, 50
L 4413.8357, 2982.9632, 0.0000, 4429.9426, 2979.9042, 0.0000, 50, 76, 50
L 4429.9426, 2979.9042, 0.0000, 4448.9436, 2973.4581, 0.0000, 50, 76, 50
L 4448.9436, 2973.4581, 0.0000, 4463.4287, 2984.8218, 0.0000, 50, 76, 50
L 4463.4287, 2984.8218, 0.0000, 4472.7086, 2998.2274, 0.0000, 50, 76, 50
L 4472.7086, 2998.2274, 0.0000, 4490.8095, 3004.9369, 0.0000, 50, 76, 50
L 4490.8095, 3004.9369, 0.0000, 4499.2001, 3019.5309, 0.0000, 50, 76, 50
L 4499.2001, 3019.5309, 0.0000, 4491.1067, 3035.8615, 0.0000, 50, 76, 50
L 4429.9426, 3090.7625, 0.0000, 4429.9426, 3138.2594, 0.0000, 56, 48, 40
L 14703.8554, -1371.5386, 0.0000, 14712.8150, -1353.3498, 0.0000, 50, 76, 50
L 14712.8150, -1353.3498, 0.0000, 14704.0074, -1336.8220, 0.0000, 50, 76, 50
L 14704.0074, -1336.8220, 0.0000, 14683.5596, -1329.4018, 0.0000, 50, 76, 50
L 14683.5596, -1329.4018, 0.0000, 14672.9089, -1314.7893, 0.0000, 50, 76, 50
L 14672.9089, -1314.7893, 0.0000, 14656.9404, -1301.7047, 0.0000, 50, 76, 50
L 14656.9404, -1301.7047, 0.0000, 14635.6769, -1308.6831, 0.0000, 50, 76, 50
L 14635.6769, -1308.6831, 0.0000, 14617.7436, -1312.6422, 0.0000, 50, 76, 50
L 14617.7436, -1312.6422, 0.0000, 14595.1145, -1309.7132, 0.0000, 50, 76, 50
L 14595.1145, -1309.7132, 0.0000, 14581.1335, -1323.5404, 0.0000, 50, 76, 50
L 14581.1335, -1323.5404, 0.0000, 14577.3373, -1341.8982, 0.0000, 50, 76, 50
L 14577.3373, -1341.8982, 0.0000, 14561.8691, -1354.1351, 0.0000, 50, 76, 50
L 14561.8691, -1354.1351, 0.0000, 14554.1770, -1371.5386, 0.0000, 50, 76, 50
L 14554.1770, -1371.5386, 0.0000, 14568.2368, -1387.4407, 0.0000, 50, 76, 50
L 14568.2368, -1387.4407, 0.0000, 14574.3821, -1402.6805, 0.0000, 50, 76, 50
L 14574.3821, -1402.6805, 0.0000, 14577.7210, -1422.5398, 0.0000, 50, 76, 50
L 14577.7210, -1422.5398, 0.0000, 14598.0697, -1428.8596, 0.0000, 50, 76, 50
L 14598.0697, -1428.8596, 0.0000, 14618.2008, -1428.9335, 0.0000, 50, 76, 50
L 14618.2008, -1428.9335, 0.0000, 14635.6769, -1440.4000, 0.0000, 50, 76, 50
L 14635.6769, -1440.4000, 0.0000, 14656.4833, -1439.8710, 0.0000, 50, 76, 50
L 14656.4833, -1439.8710, 0.0000, 14669.9537, -1423.7835, 0.0000, 50, 76, 50
L 14669.9537, -1423.7835, 0.0000, 14686.9721, -1416.6784, 0.0000, 50, 76, 50
L 14686.9721, -1416.6784, 0.0000, 14706.9626, -1407.7566, 0.0000, 50, 76, 50
L 14706.9626, -1407.7566, 0.0000, 14706.4473, -1388.2259, 0.0000, 50, 76, 50
L 14706.4473, -1388.2259, 0.0000, 14703.8554, -1371.5386, 0.0000, 50, 76, 50
L 14635.6769, -1310.1705, 0.0000, 14635.6769, -1257.0787, 0.0000, 56, 48, 40
L 374.6417, -698.3370, 0.0000, 374.6417, -736.4428, 0.0000, 56, 48, 40
L 303.1933, -729.2979, 0.0000, 374.6417, -785.8613, 0.0000, 46, 72, 48
L 374.6417, -785.8613, 0.0000, 446.0901, -729.2979, 0.0000, 46, 72, 48
L 303.1933, -729.2979, 0.0000, 446.0901, -729.2979, 0.0000, 46, 72, 48
L 314.2678, -776.9302, 0.0000, 374.6417, -833.4935, 0.0000, 46, 72, 48
L 374.6417, -833.4935, 0.0000, 435.0156, -776.9302, 0.0000, 46, 72, 48
L 314.2678, -776.9302, 0.0000, 435.0156, -776.9302, 0.0000, 46, 72, 48
L 325.3423, -824.5625, 0.0000, 374.6417, -881.1258, 0.0000, 46, 72, 48
L 374.6417, -881.1258, 0.0000, 423.9411, -824.5625, 0.0000, 46, 72, 48
L 325.3423, -824.5625, 0.0000, 423.9411, -824.5625, 0.0000, 46, 72, 48
L 336.4168, -872.1948, 0.0000, 374.6417, -928.7581, 0.0000, 46, 72, 48
L 374.6417, -928.7581, 0.0000, 412.8666, -872.1948, 0.0000, 46, 72, 48
L 336.4168, -872.1948, 0.0000, 412.8666, -872.1948, 0.0000, 46, 72, 48
L 5079.5278, -466.2179, 0.0000, 5079.5278, -502.6490, 0.0000, 56, 48, 40
L 5011.2195, -495.8182, 0.0000, 5079.5278, -549.8956, 0.0000, 46, 72, 48
L 5079.5278, -549.8956, 0.0000, 5147.8361, -495.8182, 0.0000, 46, 72, 48
L 5011.2195, -495.8182, 0.0000, 5147.8361, -495.8182, 0.0000, 46, 72, 48
L 5021.8073, -541.3570, 0.0000, 5079.5278, -595.4345, 0.0000, 46, 72, 48
L 5079.5278, -595.4345, 0.0000, 5137.2483, -541.3570, 0.0000, 46, 72, 48
L 5021.8073, -541.3570, 0.0000, 5137.2483, -541.3570, 0.0000, 46, 72, 48
L 5032.3951, -586.8959, 0.0000, 5079.5278, -640.9733, 0.0000, 46, 72, 48
L 5079.5278, -640.9733, 0.0000, 5126.6606, -586.8959, 0.0000, 46, 72, 48
L 5032.3951, -586.8959, 0.0000, 5126.6606, -586.8959, 0.0000, 46, 72, 48
L 5042.9829, -632.4348, 0.0000, 5079.5278, -686.5122, 0.0000, 46, 72, 48
L 5079.5278, -686.5122, 0.0000, 5116.0728, -632.4348, 0.0000, 46, 72, 48
L 5042.9829, -632.4348, 0.0000, 5116.0728, -632.4348, 0.0000, 46, 72, 48
L 5909.4123, 3715.2894, 0.0000, 5897.1787, 3729.6908, 0.0000, 50, 76, 50
L 5897.1787, 3729.6908, 0.0000, 5890.3024, 3742.8266, 0.0000, 50, 76, 50
L 5890.3024, 3742.8266, 0.0000, 5887.7200, 3760.7127, 0.0000, 50, 76, 50
L 5887.7200, 3760.7127, 0.0000, 5870.2294, 3767.3057, 0.0000, 50, 76, 50
L 5870.2294, 3767.3057, 0.0000, 5851.7083, 3766.5420, 0.0000, 50, 76, 50
L 5851.7083, 3766.5420, 0.0000, 5836.1025, 3776.1499, 0.0000, 50, 76, 50
L 5836.1025, 3776.1499, 0.0000, 5817.3306, 3776.9402, 0.0000, 50, 76, 50
L 5817.3306, 3776.9402, 0.0000, 5805.1418, 3762.4799, 0.0000, 50, 76, 50
L 5805.1418, 3762.4799, 0.0000, 5790.8174, 3755.1403, 0.0000, 50, 76, 50
L 5790.8174, 3755.1403, 0.0000, 5772.4042, 3747.6524, 0.0000, 50, 76, 50
L 5772.4042, 3747.6524, 0.0000, 5771.8602, 3730.4374, 0.0000, 50, 76, 50
L 5771.8602, 3730.4374, 0.0000, 5775.4574, 3715.2894, 0.0000, 50, 76, 50
L 5775.4574, 3715.2894, 0.0000, 5767.7882, 3699.1812, 0.0000, 50, 76, 50
L 5767.7882, 3699.1812, 0.0000, 5774.2940, 3683.8864, 0.0000, 50, 76, 50
L 5774.2940, 3683.8864, 0.0000, 5792.9996, 3677.3587, 0.0000, 50, 76, 50
L 5792.9996, 3677.3587, 0.0000, 5803.2520, 3665.2183, 0.0000, 50, 76, 50
L 5803.2520, 3665.2183, 0.0000, 5817.0382, 3652.6783, 0.0000, 50, 76, 50
L 5817.0382, 3652.6783, 0.0000, 5836.1025, 3658.2695, 0.0000, 50, 76, 50
L 5836.1025, 3658.2695, 0.0000, 5852.0007, 3663.0766, 0.0000, 50, 76, 50
L 5852.0007, 3663.0766, 0.0000, 5872.1193, 3660.3925, 0.0000, 50, 76, 50
L 5872.1193, 3660.3925, 0.0000, 5885.5378, 3671.7863, 0.0000, 50, 76, 50
L 5885.5378, 3671.7863, 0.0000, 5888.4126, 3688.7123, 0.0000, 50, 76, 50
L 5888.4126, 3688.7123, 0.0000, 5901.2507, 3699.9277, 0.0000, 50, 76, 50
L 5901.2507, 3699.9277, 0.0000, 5909.4123, 3715.2894, 0.0000, 50, 76, 50
L 5836.1025, 3770.2109, 0.0000, 5836.1025, 3817.7255, 0.0000, 56, 48, 40
L 11144.7320, -913.3498, 0.0000, 11144.7320, -942.9490, 0.0000, 56, 48, 40
L 11089.2335, -937.3992, 0.0000, 11144.7320, -981.3354, 0.0000, 46, 72, 48
L 11144.7320, -981.3354, 0.0000, 11200.2304, -937.3992, 0.0000, 46, 72, 48
L 11089.2335, -937.3992, 0.0000, 11200.2304, -937.3992, 0.0000, 46, 72, 48
L 11097.8358, -974.3981, 0.0000, 11144.7320, -1018.3344, 0.0000, 46, 72, 48
L 11144.7320, -1018.3344, 0.0000, 11191.6282, -974.3981, 0.0000, 46, 72, 48
L 11097.8358, -974.3981, 0.0000, 11191.6282, -974.3981, 0.0000, 46, 72, 48
L 11106.4380, -1011.3971, 0.0000, 11144.7320, -1055.3334, 0.0000, 46, 72, 48
L 11144.7320, -1055.3334, 0.0000, 11183.0259, -1011.3971, 0.0000, 46, 72, 48
L 11106.4380, -1011.3971, 0.0000, 11183.0259, -1011.3971, 0.0000, 46, 72, 48
L 11115.0403, -1048.3961, 0.0000, 11144.7320, -1092.3323, 0.0000, 46, 72, 48
L 11144.7320, -1092.3323, 0.0000, 11174.4236, -1048.3961, 0.0000, 46, 72, 48
L 11115.0403, -1048.3961, 0.0000, 11174.4236, -1048.3961, 0.0000, 46, 72, 48
L 15749.1749, 393.8918, 0.0000, 15749.1749, 365.1106, 0.0000, 56, 48, 40
L 15695.2103, 370.5071, 0.0000, 15749.1749, 327.7851, 0.0000, 46, 72, 48
L 15749.1749, 327.7851, 0.0000, 15803.1395, 370.5071, 0.0000, 46, 72, 48
L 15695.2103, 370.5071, 0.0000, 15803.1395, 370.5071, 0.0000, 46, 72, 48
L 15703.5748, 334.5307, 0.0000, 15749.1749, 291.8087, 0.0000, 46, 72, 48
L 15749.1749, 291.8087, 0.0000, 15794.7750, 334.5307, 0.0000, 46, 72, 48
L 15703.5748, 334.5307, 0.0000, 15794.7750, 334.5307, 0.0000, 46, 72, 48
L 15711.9393, 298.5543, 0.0000, 15749.1749, 255.8323, 0.0000, 46, 72, 48
L 15749.1749, 255.8323, 0.0000, 15786.4105, 298.5543, 0.0000, 46, 72, 48
L 15711.9393, 298.5543, 0.0000, 15786.4105, 298.5543, 0.0000, 46, 72, 48
L 15720.3038, 262.5778, 0.0000, 15749.1749, 219.8558, 0.0000, 46, 72, 48
L 15749.1749, 219.8558, 0.0000, 15778.0460, 262.5778, 0.0000, 46, 72, 48
L 15720.3038, 262.5778, 0.0000, 15778.0460, 262.5778, 0.0000, 46, 72, 48
L 14491.8273, 3130.7673, 0.0000, 14491.8273, 3096.9809, 0.0000, 56, 48, 40
L 14428.4779, 3103.3159, 0.0000, 14491.8273, 3053.1642, 0.0000, 46, 72, 48
L 14491.8273, 3053.1642, 0.0000, 14555.1768, 3103.3159, 0.0000, 46, 72, 48
L 14428.4779, 3103.3159, 0.0000, 14555.1768, 3103.3159, 0.0000, 46, 72, 48
L 14438.2970, 3061.0829, 0.0000, 14491.8273, 3010.9313, 0.0000, 46, 72, 48
L 14491.8273, 3010.9313, 0.0000, 14545.3576, 3061.0829, 0.0000, 46, 72, 48
L 14438.2970, 3061.0829, 0.0000, 14545.3576, 3061.0829, 0.0000, 46, 72, 48
L 14448.1162, 3018.8499, 0.0000, 14491.8273, 2968.6983, 0.0000, 46, 72, 48
L 14491.8273, 2968.6983, 0.0000, 14535.5384, 3018.8499, 0.0000, 46, 72, 48
L 14448.1162, 3018.8499, 0.0000, 14535.5384, 3018.8499, 0.0000, 46, 72, 48
L 14457.9354, 2976.6170, 0.0000, 14491.8273, 2926.4653, 0.0000, 46, 72, 48
L 14491.8273, 2926.4653, 0.0000, 14525.7193, 2976.6170, 0.0000, 46, 72, 48
L 14457.9354, 2976.6170, 0.0000, 14525.7193, 2976.6170, 0.0000, 46, 72, 48
L 7048.3875, -939.2216, 0.0000, 7048.3875, -970.3795, 0.0000, 56, 48, 40
L 6989.9664, -964.5374, 0.0000, 7048.3875, -1010.7875, 0.0000, 46, 72, 48
L 7048.3875, -1010.7875, 0.0000, 7106.8087, -964.5374, 0.0000, 46, 72, 48
L 6989.9664, -964.5374, 0.0000, 7106.8087, -964.5374, 0.0000, 46, 72, 48
L 6999.0216, -1003.4849, 0.0000, 7048.3875, -1049.7350, 0.0000, 46, 72, 48
L 7048.3875, -1049.7350, 0.0000, 7097.7534, -1003.4849, 0.0000, 46, 72, 48
L 6999.0216, -1003.4849, 0.0000, 7097.7534, -1003.4849, 0.0000, 46, 72, 48
L 7008.0769, -1042.4323, 0.0000, 7048.3875, -1088.6824, 0.0000, 46, 72, 48
L 7048.3875, -1088.6824, 0.0000, 7088.6982, -1042.4323, 0.0000, 46, 72, 48
L 7008.0769, -1042.4323, 0.0000, 7088.6982, -1042.4323, 0.0000, 46, 72, 48
L 7017.1322, -1081.3798, 0.0000, 7048.3875, -1127.6299, 0.0000, 46, 72, 48
L 7048.3875, -1127.6299, 0.0000, 7079.6429, -1081.3798, 0.0000, 46, 72, 48
L 7017.1322, -1081.3798, 0.0000, 7079.6429, -1081.3798, 0.0000, 46, 72, 48
L 4648.0312, 3756.4113, 0.0000, 4648.0312, 3716.9072, 0.0000, 56, 48, 40
L 4573.9610, 3724.3142, 0.0000, 4648.0312, 3665.6753, 0.0000, 46, 72, 48
L 4648.0312, 3665.6753, 0.0000, 4722.1014, 3724.3142, 0.0000, 46, 72, 48
L 4573.9610, 3724.3142, 0.0000, 4722.1014, 3724.3142, 0.0000, 46, 72, 48
L 4585.4419, 3674.9340, 0.0000, 4648.0312, 3616.2951, 0.0000, 46, 72, 48
L 4648.0312, 3616.2951, 0.0000, 4710.6206, 3674.9340, 0.0000, 46, 72, 48
L 4585.4419, 3674.9340, 0.0000, 4710.6206, 3674.9340, 0.0000, 46, 72, 48
L 4596.9228, 3625.5539, 0.0000, 4648.0312, 3566.9150, 0.0000, 46, 72, 48
L 4648.0312, 3566.9150, 0.0000, 4699.1397, 3625.5539, 0.0000, 46, 72, 48
L 4596.9228, 3625.5539, 0.0000, 4699.1397, 3625.5539, 0.0000, 46, 72, 48
L 4608.4036, 3576.1737, 0.0000, 4648.0312, 3517.5348, 0.0000, 46, 72, 48
L 4648.0312, 3517.5348, 0.0000, 4687.6588, 3576.1737, 0.0000, 46, 72, 48
L 4608.4036, 3576.1737, 0.0000, 4687.6588, 3576.1737, 0.0000, 46, 72, 48
L 9543.1686, 2572.0142, 0.0000, 9543.1686, 2448.0957, 0.0000, 56, 48, 40
L 9455.3930, 2448.0957, 0.0000, 9459.6890, 2432.1403, 0.0000, 54, 80, 46
L 9459.6890, 2432.1403, 0.0000, 9472.1566, 2417.7468, 0.0000, 54, 80, 46
L 9472.1566, 2417.7468, 0.0000, 9491.5754, 2406.3240, 0.0000, 54, 80, 46
L 9491.5754, 2406.3240, 0.0000, 9516.0444, 2398.9901, 0.0000, 54, 80, 46
L 9516.0444, 2398.9901, 0.0000, 9543.1686, 2396.4630, 0.0000, 54, 80, 46
L 9543.1686, 2396.4630, 0.0000, 9570.2927, 2398.9901, 0.0000, 54, 80, 46
L 9570.2927, 2398.9901, 0.0000, 9594.7617, 2406.3240, 0.0000, 54, 80, 46
L 9594.7617, 2406.3240, 0.0000, 9614.1805, 2417.7468, 0.0000, 54, 80, 46
L 9614.1805, 2417.7468, 0.0000, 9626.6481, 2432.1403, 0.0000, 54, 80, 46
L 9626.6481, 2432.1403, 0.0000, 9630.9441, 2448.0957, 0.0000, 54, 80, 46
L 9465.1666, 2435.8013, 0.0000, 9460.2143, 2517.4415, 0.0000, 54, 80, 46
L 9486.0672, 2414.5067, 0.0000, 9487.0729, 2512.3493, 0.0000, 54, 80, 46
L 9522.2680, 2402.2122, 0.0000, 9521.0410, 2509.4094, 0.0000, 54, 80, 46
L 9564.0691, 2402.2122, 0.0000, 9569.0450, 2509.4094, 0.0000, 54, 80, 46
L 9600.2699, 2414.5067, 0.0000, 9601.6437, 2512.3493, 0.0000, 54, 80, 46
L 9621.1705, 2435.8013, 0.0000, 9621.4408, 2517.4415, 0.0000, 54, 80, 46
L 15690.5194, 710.4154, 0.0000, 15677.0831, 726.0092, 0.0000, 50, 76, 50
L 15677.0831, 726.0092, 0.0000, 15676.5955, 743.7677, 0.0000, 50, 76, 50
L 15676.5955, 743.7677, 0.0000, 15669.7159, 762.1292, 0.0000, 50, 76, 50
L 15669.7159, 762.1292, 0.0000, 15646.9453, 765.2793, 0.0000, 50, 76, 50
L 15646.9453, 765.2793, 0.0000, 15629.1810, 770.2889, 0.0000, 50, 76, 50
L 15629.1810, 770.2889, 0.0000, 15610.9502, 782.8909, 0.0000, 50, 76, 50
L 15610.9502, 782.8909, 0.0000, 15590.8296, 776.4956, 0.0000, 50, 76, 50
L 15590.8296, 776.4956, 0.0000, 15576.8450, 762.3987, 0.0000, 50, 76, 50
L 15576.8450, 762.3987, 0.0000, 15555.9643, 758.8030, 0.0000, 50, 76, 50
L 15555.9643, 758.8030, 0.0000, 15539.6353, 746.6482, 0.0000, 50, 76, 50
L 15539.6353, 746.6482, 0.0000, 15542.9275, 726.4548, 0.0000, 50, 76, 50
L 15542.9275, 726.4548, 0.0000, 15538.9405, 710.4154, 0.0000, 50, 76, 50
L 15538.9405, 710.4154, 0.0000, 15530.6692, 691.4855, 0.0000, 50, 76, 50
L 15530.6692, 691.4855, 0.0000, 15545.3244, 677.0730, 0.0000, 50, 76, 50
L 15545.3244, 677.0730, 0.0000, 15562.5335, 667.8086, 0.0000, 50, 76, 50
L 15562.5335, 667.8086, 0.0000, 15571.1559, 649.7607, 0.0000, 50, 76, 50
L 15571.1559, 649.7607, 0.0000, 15589.9495, 641.4447, 0.0000, 50, 76, 50
L 15589.9495, 641.4447, 0.0000, 15610.9502, 649.5016, 0.0000, 50, 76, 50
L 15610.9502, 649.5016, 0.0000, 15630.0611, 647.6514, 0.0000, 50, 76, 50
L 15630.0611, 647.6514, 0.0000, 15652.6344, 646.8802, 0.0000, 50, 76, 50
L 15652.6344, 646.8802, 0.0000, 15663.1467, 664.4825, 0.0000, 50, 76, 50
L 15663.1467, 664.4825, 0.0000, 15670.9065, 679.9535, 0.0000, 50, 76, 50
L 15670.9065, 679.9535, 0.0000, 15689.3414, 691.9311, 0.0000, 50, 76, 50
L 15689.3414, 691.9311, 0.0000, 15690.5194, 710.4154, 0.0000, 50, 76, 50
L 15610.9502, 772.5627, 0.0000, 15610.9502, 826.3286, 0.0000, 56, 48, 40
L 15288.6840, 2984.6815, 0.0000, 15284.9773, 2997.8369, 0.0000, 50, 76, 50
L 15284.9773, 2997.8369, 0.0000, 15287.7460, 3014.4340, 0.0000, 50, 76, 50
L 15287.7460, 3014.4340, 0.0000, 15274.6205, 3024.6638, 0.0000, 50, 76, 50
L 15274.6205, 3024.6638, 0.0000, 15257.2541, 3027.4630, 0.0000, 50, 76, 50
L 15257.2541, 3027.4630, 0.0000, 15245.6737, 3038.8304, 0.0000, 50, 76, 50
L 15245.6737, 3038.8304, 0.0000, 15229.1860, 3044.4372, 0.0000, 50, 76, 50
L 15229.1860, 3044.4372, 0.0000, 15214.1325, 3034.1204, 0.0000, 50, 76, 50
L 15214.1325, 3034.1204, 0.0000, 15199.6839, 3029.6489, 0.0000, 50, 76, 50
L 15199.6839, 3029.6489, 0.0000, 15180.8834, 3027.1879, 0.0000, 50, 76, 50
L 15180.8834, 3027.1879, 0.0000, 15174.9285, 3012.2481, 0.0000, 50, 76, 50
L 15174.9285, 3012.2481, 0.0000, 15174.8289, 2997.4987, 0.0000, 50, 76, 50
L 15174.8289, 2997.4987, 0.0000, 15163.9516, 2984.6815, 0.0000, 50, 76, 50
L 15163.9516, 2984.6815, 0.0000, 15164.4950, 2969.4277, 0.0000, 50, 76, 50
L 15164.4950, 2969.4277, 0.0000, 15179.7245, 2959.5517, 0.0000, 50, 76, 50
L 15179.7245, 2959.5517, 0.0000, 15186.4213, 2947.0486, 0.0000, 50, 76, 50
L 15186.4213, 2947.0486, 0.0000, 15194.8879, 2932.4041, 0.0000, 50, 76, 50
L 15194.8879, 2932.4041, 0.0000, 15213.3906, 2932.8060, 0.0000, 50, 76, 50
L 15213.3906, 2932.8060, 0.0000, 15229.1860, 2934.6726, 0.0000, 50, 76, 50
L 15229.1860, 2934.6726, 0.0000, 15246.4156, 2928.0960, 0.0000, 50, 76, 50
L 15246.4156, 2928.0960, 0.0000, 15262.0501, 2934.5900, 0.0000, 50, 76, 50
L 15262.0501, 2934.5900, 0.0000, 15269.0825, 2949.5726, 0.0000, 50, 76, 50
L 15269.0825, 2949.5726, 0.0000, 15282.9500, 2957.3658, 0.0000, 50, 76, 50
L 15282.9500, 2957.3658, 0.0000, 15295.3112, 2969.0895, 0.0000, 50, 76, 50
L 15295.3112, 2969.0895, 0.0000, 15288.6840, 2984.6815, 0.0000, 50, 76, 50
L 15229.1860, 3035.8219, 0.0000, 15229.1860, 3080.0652, 0.0000, 56, 48, 40
L 6520.3549, 1037.7475, 0.0000, 6520.3549, 998.8422, 0.0000, 56, 48, 40
L 6447.4073, 1006.1369, 0.0000, 6520.3549, 948.3868, 0.0000, 46, 72, 48
L 6520.3549, 948.3868, 0.0000, 6593.3024, 1006.1369, 0.0000, 46, 72, 48
L 6447.4073, 1006.1369, 0.0000, 6593.3024, 1006.1369, 0.0000, 46, 72, 48
L 6458.7142, 957.5052, 0.0000, 6520.3549, 899.7551, 0.0000, 46, 72, 48
L 6520.3549, 899.7551, 0.0000, 6581.9955, 957.5052, 0.0000, 46, 72, 48
L 6458.7142, 957.5052, 0.0000, 6581.9955, 957.5052, 0.0000, 46, 72, 48
L 6470.0211, 908.8736, 0.0000, 6520.3549, 851.1235, 0.0000, 46, 72, 48
L 6520.3549, 851.1235, 0.0000, 6570.6886, 908.8736, 0.0000, 46, 72, 48
L 6470.0211, 908.8736, 0.0000, 6570.6886, 908.8736, 0.0000, 46, 72, 48
L 6481.3279, 860.2419, 0.0000, 6520.3549, 802.4918, 0.0000, 46, 72, 48
L 6520.3549, 802.4918, 0.0000, 6559.3818, 860.2419, 0.0000, 46, 72, 48
L 6481.3279, 860.2419, 0.0000, 6559.3818, 860.2419, 0.0000, 46, 72, 48
L 9400.4387, -207.3831, 0.0000, 9400.4387, -233.3038, 0.0000, 56, 48, 40
L 9351.8373, -228.4437, 0.0000, 9400.4387, -266.9198, 0.0000, 46, 72, 48
L 9400.4387, -266.9198, 0.0000, 9449.0401, -228.4437, 0.0000, 46, 72, 48
L 9351.8373, -228.4437, 0.0000, 9449.0401, -228.4437, 0.0000, 46, 72, 48
L 9359.3706, -260.8446, 0.0000, 9400.4387, -299.3207, 0.0000, 46, 72, 48
L 9400.4387, -299.3207, 0.0000, 9441.5069, -260.8446, 0.0000, 46, 72, 48
L 9359.3706, -260.8446, 0.0000, 9441.5069, -260.8446, 0.0000, 46, 72, 48
L 9366.9038, -293.2455, 0.0000, 9400.4387, -331.7216, 0.0000, 46, 72, 48
L 9400.4387, -331.7216, 0.0000, 9433.9737, -293.2455, 0.0000, 46, 72, 48
L 9366.9038, -293.2455, 0.0000, 9433.9737, -293.2455, 0.0000, 46, 72, 48
L 9374.4370, -325.6465, 0.0000, 9400.4387, -364.1226, 0.0000, 46, 72, 48
L 9400.4387, -364.1226, 0.0000, 9426.4405, -325.6465, 0.0000, 46, 72, 48
L 9374.4370, -325.6465, 0.0000, 9426.4405, -325.6465, 0.0000, 46, 72, 48
L 11410.9750, 1644.8682, 0.0000, 11410.9750, 1605.4149, 0.0000, 56, 48, 40
L 11337.0000, 1612.8124, 0.0000, 11410.9750, 1554.2488, 0.0000, 46, 72, 48
L 11410.9750, 1554.2488, 0.0000, 11484.9500, 1612.8124, 0.0000, 46, 72, 48
L 11337.0000, 1612.8124, 0.0000, 11484.9500, 1612.8124, 0.0000, 46, 72, 48
L 11348.4661, 1563.4957, 0.0000, 11410.9750, 1504.9322, 0.0000, 46, 72, 48
L 11410.9750, 1504.9322, 0.0000, 11473.4838, 1563.4957, 0.0000, 46, 72, 48
L 11348.4661, 1563.4957, 0.0000, 11473.4838, 1563.4957, 0.0000, 46, 72, 48
L 11359.9322, 1514.1790, 0.0000, 11410.9750, 1455.6155, 0.0000, 46, 72, 48
L 11410.9750, 1455.6155, 0.0000, 11462.0177, 1514.1790, 0.0000, 46, 72, 48
L 11359.9322, 1514.1790, 0.0000, 11462.0177, 1514.1790, 0.0000, 46, 72, 48
L 11371.3984, 1464.8624, 0.0000, 11410.9750, 1406.2989, 0.0000, 46, 72, 48
L 11410.9750, 1406.2989, 0.0000, 11450.5516, 1464.8624, 0.0000, 46, 72, 48
L 11371.3984, 1464.8624, 0.0000, 11450.5516, 1464.8624, 0.0000, 46, 72, 48
L 347.0038, 2863.4738, 0.0000, 338.9465, 2877.1341, 0.0000, 50, 76, 50
L 338.9465, 2877.1341, 0.0000, 328.1048, 2887.3993, 0.0000, 50, 76, 50
L 328.1048, 2887.3993, 0.0000, 325.7656, 2902.8554, 0.0000, 50, 76, 50
L 325.7656, 2902.8554, 0.0000, 313.1515, 2912.4583, 0.0000, 50, 76, 50
L 313.1515, 2912.4583, 0.0000, 295.2105, 2910.0989, 0.0000, 50, 76, 50
L 295.2105, 2910.0989, 0.0000, 281.0137, 2915.1678, 0.0000, 50, 76, 50
L 281.0137, 2915.1678, 0.0000, 263.8922, 2919.7043, 0.0000, 50, 76, 50
L 263.8922, 2919.7043, 0.0000, 251.8007, 2908.0005, 0.0000, 50, 76, 50
L 251.8007, 2908.0005, 0.0000, 242.1114, 2897.7079, 0.0000, 50, 76, 50
L 242.1114, 2897.7079, 0.0000, 225.1485, 2891.8572, 0.0000, 50, 76, 50
L 225.1485, 2891.8572, 0.0000, 220.1562, 2877.8237, 0.0000, 50, 76, 50
L 220.1562, 2877.8237, 0.0000, 226.7226, 2863.4738, 0.0000, 50, 76, 50
L 226.7226, 2863.4738, 0.0000, 222.7639, 2849.7388, 0.0000, 50, 76, 50
L 222.7639, 2849.7388, 0.0000, 223.9383, 2834.4756, 0.0000, 50, 76, 50
L 223.9383, 2834.4756, 0.0000, 240.7139, 2828.0100, 0.0000, 50, 76, 50
L 240.7139, 2828.0100, 0.0000, 253.0109, 2820.7918, 0.0000, 50, 76, 50
L 253.0109, 2820.7918, 0.0000, 264.0795, 2807.8582, 0.0000, 50, 76, 50
L 264.0795, 2807.8582, 0.0000, 281.0137, 2809.3204, 0.0000, 50, 76, 50
L 281.0137, 2809.3204, 0.0000, 295.0233, 2817.4636, 0.0000, 50, 76, 50
L 295.0233, 2817.4636, 0.0000, 311.9413, 2816.3339, 0.0000, 50, 76, 50
L 311.9413, 2816.3339, 0.0000, 327.1630, 2822.8625, 0.0000, 50, 76, 50
L 327.1630, 2822.8625, 0.0000, 329.3150, 2838.9335, 0.0000, 50, 76, 50
L 329.3150, 2838.9335, 0.0000, 336.3389, 2850.4284, 0.0000, 50, 76, 50
L 336.3389, 2850.4284, 0.0000, 347.0038, 2863.4738, 0.0000, 50, 76, 50
L 281.0137, 2912.7891, 0.0000, 281.0137, 2955.4535, 0.0000, 56, 48, 40
L 5304.6696, 2780.7082, 0.0000, 5304.6696, 2747.2057, 0.0000, 56, 48, 40
L 5241.8524, 2753.4874, 0.0000, 5304.6696, 2703.7571, 0.0000, 46, 72, 48
L 5304.6696, 2703.7571, 0.0000, 5367.4868, 2753.4874, 0.0000, 46, 72, 48
L 5241.8524, 2753.4874, 0.0000, 5367.4868, 2753.4874, 0.0000, 46, 72, 48
L 5251.5891, 2711.6093, 0.0000, 5304.6696, 2661.8790, 0.0000, 46, 72, 48
L 5304.6696, 2661.8790, 0.0000, 5357.7501, 2711.6093, 0.0000, 46, 72, 48
L 5251.5891, 2711.6093, 0.0000, 5357.7501, 2711.6093, 0.0000, 46, 72, 48
L 5261.3257, 2669.7311, 0.0000, 5304.6696, 2620.0008, 0.0000, 46, 72, 48
L 5304.6696, 2620.0008, 0.0000, 5348.0135, 2669.7311, 0.0000, 46, 72, 48
L 5261.3257, 2669.7311, 0.0000, 5348.0135, 2669.7311, 0.0000, 46, 72, 48
L 5271.0624, 2627.8530, 0.0000, 5304.6696, 2578.1227, 0.0000, 46, 72, 48
L 5304.6696, 2578.1227, 0.0000, 5338.2768, 2627.8530, 0.0000, 46, 72, 48
L 5271.0624, 2627.8530, 0.0000, 5338.2768, 2627.8530, 0.0000, 46, 72, 48
L 14702.5062, 811.2232, 0.0000, 14694.5877, 827.4084, 0.0000, 50, 76, 50
L 14694.5877, 827.4084, 0.0000, 14698.0068, 847.8345, 0.0000, 50, 76, 50
L 14698.0068, 847.8345, 0.0000, 14684.2251, 862.5079, 0.0000, 50, 76, 50
L 14684.2251, 862.5079, 0.0000, 14661.2876, 865.0895, 0.0000, 50, 76, 50
L 14661.2876, 865.0895, 0.0000, 14646.0175, 877.1386, 0.0000, 50, 76, 50
L 14646.0175, 877.1386, 0.0000, 14625.9470, 886.6648, 0.0000, 50, 76, 50
L 14625.9470, 886.6648, 0.0000, 14606.6318, 874.6583, 0.0000, 50, 76, 50
L 14606.6318, 874.6583, 0.0000, 14589.8513, 866.2406, 0.0000, 50, 76, 50
L 14589.8513, 866.2406, 0.0000, 14566.1585, 863.8371, 0.0000, 50, 76, 50
L 14566.1585, 863.8371, 0.0000, 14556.1530, 846.6834, 0.0000, 50, 76, 50
L 14556.1530, 846.6834, 0.0000, 14558.0616, 827.2303, 0.0000, 50, 76, 50
L 14558.0616, 827.2303, 0.0000, 14546.3670, 811.2232, 0.0000, 50, 76, 50
L 14546.3670, 811.2232, 0.0000, 14543.7688, 791.8460, 0.0000, 50, 76, 50
L 14543.7688, 791.8460, 0.0000, 14562.7862, 779.1332, 0.0000, 50, 76, 50
L 14562.7862, 779.1332, 0.0000, 14573.8180, 765.3497, 0.0000, 50, 76, 50
L 14573.8180, 765.3497, 0.0000, 14583.2180, 746.0954, 0.0000, 50, 76, 50
L 14583.2180, 746.0954, 0.0000, 14605.6057, 744.4180, 0.0000, 50, 76, 50
L 14605.6057, 744.4180, 0.0000, 14625.9470, 749.2623, 0.0000, 50, 76, 50
L 14625.9470, 749.2623, 0.0000, 14647.0436, 741.9377, 0.0000, 50, 76, 50
L 14647.0436, 741.9377, 0.0000, 14667.9209, 747.2465, 0.0000, 50, 76, 50
L 14667.9209, 747.2465, 0.0000, 14676.5656, 766.6788, 0.0000, 50, 76, 50
L 14676.5656, 766.6788, 0.0000, 14691.3735, 777.9821, 0.0000, 50, 76, 50
L 14691.3735, 777.9821, 0.0000, 14708.8805, 791.6679, 0.0000, 50, 76, 50
L 14708.8805, 791.6679, 0.0000, 14702.5062, 811.2232, 0.0000, 50, 76, 50
L 14625.9470, 875.2403, 0.0000, 14625.9470, 930.6238, 0.0000, 56, 48, 40
L 10504.8499, 117.4496, 0.0000, 10508.6281, 135.2022, 0.0000, 50, 76, 50
L 10508.6281, 135.2022, 0.0000, 10508.3741, 155.5721, 0.0000, 50, 76, 50
L 10508.3741, 155.5721, 0.0000, 10486.8718, 164.5577, 0.0000, 50, 76, 50
L 10486.8718, 164.5577, 0.0000, 10469.6742, 172.8307, 0.0000, 50, 76, 50
L 10469.6742, 172.8307, 0.0000, 10455.3853, 189.8515, 0.0000, 50, 76, 50
L 10455.3853, 189.8515, 0.0000, 10433.3398, 189.3801, 0.0000, 50, 76, 50
L 10433.3398, 189.3801, 0.0000, 10414.9609, 177.8095, 0.0000, 50, 76, 50
L 10414.9609, 177.8095, 0.0000, 10393.3387, 178.4194, 0.0000, 50, 76, 50
L 10393.3387, 178.4194, 0.0000, 10372.4745, 171.0110, 0.0000, 50, 76, 50
L 10372.4745, 171.0110, 0.0000, 10369.3054, 149.9834, 0.0000, 50, 76, 50
L 10369.3054, 149.9834, 0.0000, 10361.7181, 134.3376, 0.0000, 50, 76, 50
L 10361.7181, 134.3376, 0.0000, 10347.1631, 117.4496, 0.0000, 50, 76, 50
L 10347.1631, 117.4496, 0.0000, 10356.3143, 99.2873, 0.0000, 50, 76, 50
L 10356.3143, 99.2873, 0.0000, 10371.8133, 86.1899, 0.0000, 50, 76, 50
L 10371.8133, 86.1899, 0.0000, 10375.3704, 66.4365, 0.0000, 50, 76, 50
L 10375.3704, 66.4365, 0.0000, 10390.8308, 52.6572, 0.0000, 50, 76, 50
L 10390.8308, 52.6572, 0.0000, 10414.5729, 55.8154, 0.0000, 50, 76, 50
L 10414.5729, 55.8154, 0.0000, 10433.3398, 50.6157, 0.0000, 50, 76, 50
L 10433.3398, 50.6157, 0.0000, 10455.7733, 43.7734, 0.0000, 50, 76, 50
L 10455.7733, 43.7734, 0.0000, 10472.1821, 58.2459, 0.0000, 50, 76, 50
L 10472.1821, 58.2459, 0.0000, 10483.9760, 72.8897, 0.0000, 50, 76, 50
L 10483.9760, 72.8897, 0.0000, 10505.8662, 80.6012, 0.0000, 50, 76, 50
L 10505.8662, 80.6012, 0.0000, 10514.0319, 98.4227, 0.0000, 50, 76, 50
L 10514.0319, 98.4227, 0.0000, 10504.8499, 117.4496, 0.0000, 50, 76, 50
L 10433.3398, 182.1012, 0.0000, 10433.3398, 238.0336, 0.0000, 56, 48, 40
L 7392.9366, 3377.8302, 0.0000, 7403.9503, 3400.0049, 0.0000, 50, 76, 50
L 7403.9503, 3400.0049, 0.0000, 7391.3787, 3419.2228, 0.0000, 50, 76, 50
L 7391.3787, 3419.2228, 0.0000, 7367.4975, 3428.5088, 0.0000, 50, 76, 50
L 7367.4975, 3428.5088, 0.0000, 7355.5417, 3447.3851, 0.0000, 50, 76, 50
L 7355.5417, 3447.3851, 0.0000, 7335.4827, 3461.8223, 0.0000, 50, 76, 50
L 7335.4827, 3461.8223, 0.0000, 7309.9082, 3452.7035, 0.0000, 50, 76, 50
L 7309.9082, 3452.7035, 0.0000, 7288.0005, 3449.7794, 0.0000, 50, 76, 50
L 7288.0005, 3449.7794, 0.0000, 7260.6077, 3452.9743, 0.0000, 50, 76, 50
L 7260.6077, 3452.9743, 0.0000, 7244.9850, 3434.9626, 0.0000, 50, 76, 50
L 7244.9850, 3434.9626, 0.0000, 7239.4384, 3413.6337, 0.0000, 50, 76, 50
L 7239.4384, 3413.6337, 0.0000, 7219.5330, 3399.1403, 0.0000, 50, 76, 50
L 7219.5330, 3399.1403, 0.0000, 7212.2121, 3377.8302, 0.0000, 50, 76, 50
L 7212.2121, 3377.8302, 0.0000, 7229.3838, 3358.8430, 0.0000, 50, 76, 50
L 7229.3838, 3358.8430, 0.0000, 7234.8666, 3339.7040, 0.0000, 50, 76, 50
L 7234.8666, 3339.7040, 0.0000, 7239.7059, 3316.0523, 0.0000, 50, 76, 50
L 7239.7059, 3316.0523, 0.0000, 7265.1795, 3309.6545, 0.0000, 50, 76, 50
L 7265.1795, 3309.6545, 0.0000, 7288.7078, 3308.2038, 0.0000, 50, 76, 50
L 7288.7078, 3308.2038, 0.0000, 7309.9082, 3293.6659, 0.0000, 50, 76, 50
L 7309.9082, 3293.6659, 0.0000, 7334.7755, 3296.1609, 0.0000, 50, 76, 50
L 7334.7755, 3296.1609, 0.0000, 7350.9699, 3315.2437, 0.0000, 50, 76, 50
L 7350.9699, 3315.2437, 0.0000, 7372.7765, 3322.5061, 0.0000, 50, 76, 50
L 7372.7765, 3322.5061, 0.0000, 7395.9504, 3334.1149, 0.0000, 50, 76, 50
L 7395.9504, 3334.1149, 0.0000, 7394.0994, 3357.9783, 0.0000, 50, 76, 50
L 7394.0994, 3357.9783, 0.0000, 7392.9366, 3377.8302, 0.0000, 50, 76, 50
L 7309.9082, 3451.9273, 0.0000, 7309.9082, 3516.0313, 0.0000, 56, 48, 40
L 15698.9874, 1710.2710, 0.0000, 15698.9874, 1623.4005, 0.0000, 56, 48, 40
L 15637.4541, 1623.4005, 0.0000, 15640.4658, 1612.2153, 0.0000, 54, 80, 46
L 15640.4658, 1612.2153, 0.0000, 15649.2059, 1602.1250, 0.0000, 54, 80, 46
L 15649.2059, 1602.1250, 0.0000, 15662.8191, 1594.1173, 0.0000, 54, 80, 46
L 15662.8191, 1594.1173, 0.0000, 15679.9726, 1588.9760, 0.0000, 54, 80, 46
L 15679.9726, 1588.9760, 0.0000, 15698.9874, 1587.2044, 0.0000, 54, 80, 46
L 15698.9874, 1587.2044, 0.0000, 15718.0022, 1588.9760, 0.0000, 54, 80, 46
L 15718.0022, 1588.9760, 0.0000, 15735.1558, 1594.1173, 0.0000, 54, 80, 46
L 15735.1558, 1594.1173, 0.0000, 15748.7689, 1602.1250, 0.0000, 54, 80, 46
L 15748.7689, 1602.1250, 0.0000, 15757.5090, 1612.2153, 0.0000, 54, 80, 46
L 15757.5090, 1612.2153, 0.0000, 15760.5207, 1623.4005, 0.0000, 54, 80, 46
L 15644.3058, 1614.7817, 0.0000, 15643.2549, 1672.0139, 0.0000, 54, 80, 46
L 15658.9577, 1599.8536, 0.0000, 15657.8503, 1668.4441, 0.0000, 54, 80, 46
L 15684.3355, 1591.2348, 0.0000, 15689.1086, 1666.3831, 0.0000, 54, 80, 46
L 15713.6393, 1591.2348, 0.0000, 15718.4164, 1666.3831, 0.0000, 54, 80, 46
L 15739.0171, 1599.8536, 0.0000, 15736.7024, 1668.4441, 0.0000, 54, 80, 46
L 15753.6691, 1614.7817, 0.0000, 15757.8521, 1672.0139, 0.0000, 54, 80, 46
L 13399.0399, 2303.5788, 0.0000, 13391.2305, 2322.4727, 0.0000, 50, 76, 50
L 13391.2305, 2322.4727, 0.0000, 13374.1632, 2335.6181, 0.0000, 50, 76, 50
L 13374.1632, 2335.6181, 0.0000, 13369.8255, 2355.2553, 0.0000, 50, 76, 50
L 13369.8255, 2355.2553, 0.0000, 13355.0471, 2370.5599, 0.0000, 50, 76, 50
L 13355.0471, 2370.5599, 0.0000, 13330.5530, 2367.4595, 0.0000, 50, 76, 50
L 13330.5530, 2367.4595, 0.0000, 13311.1021, 2371.2537, 0.0000, 50, 76, 50
L 13311.1021, 2371.2537, 0.0000, 13288.1359, 2379.0044, 0.0000, 50, 76, 50
L 13288.1359, 2379.0044, 0.0000, 13270.6724, 2365.2019, 0.0000, 50, 76, 50
L 13270.6724, 2365.2019, 0.0000, 13259.4093, 2349.0684, 0.0000, 50, 76, 50
L 13259.4093, 2349.0684, 0.0000, 13237.4952, 2340.9761, 0.0000, 50, 76, 50
L 13237.4952, 2340.9761, 0.0000, 13227.4585, 2323.3015, 0.0000, 50, 76, 50
L 13227.4585, 2323.3015, 0.0000, 13237.2255, 2303.5788, 0.0000, 50, 76, 50
L 13237.2255, 2303.5788, 0.0000, 13234.9298, 2285.6177, 0.0000, 50, 76, 50
L 13234.9298, 2285.6177, 0.0000, 13234.0278, 2264.4197, 0.0000, 50, 76, 50
L 13234.0278, 2264.4197, 0.0000, 13255.4054, 2254.5657, 0.0000, 50, 76, 50
L 13255.4054, 2254.5657, 0.0000, 13274.1399, 2247.2408, 0.0000, 50, 76, 50
L 13274.1399, 2247.2408, 0.0000, 13288.6724, 2229.9149, 0.0000, 50, 76, 50
L 13288.6724, 2229.9149, 0.0000, 13311.1021, 2228.8570, 0.0000, 50, 76, 50
L 13311.1021, 2228.8570, 0.0000, 13330.0166, 2241.4598, 0.0000, 50, 76, 50
L 13330.0166, 2241.4598, 0.0000, 13351.5796, 2241.8828, 0.0000, 50, 76, 50
L 13351.5796, 2241.8828, 0.0000, 13373.8294, 2248.3788, 0.0000, 50, 76, 50
L 13373.8294, 2248.3788, 0.0000, 13377.6306, 2269.7777, 0.0000, 50, 76, 50
L 13377.6306, 2269.7777, 0.0000, 13383.7592, 2286.4466, 0.0000, 50, 76, 50
L 13383.7592, 2286.4466, 0.0000, 13399.0399, 2303.5788, 0.0000, 50, 76, 50
L 13311.1021, 2369.9227, 0.0000, 13311.1021, 2427.3192, 0.0000, 56, 48, 40
L 15807.7900, 3730.0623, 0.0000, 15795.3163, 3744.1438, 0.0000, 50, 76, 50
L 15795.3163, 3744.1438, 0.0000, 15789.9555, 3757.6800, 0.0000, 50, 76, 50
L 15789.9555, 3757.6800, 0.0000, 15786.9665, 3775.2671, 0.0000, 50, 76, 50
L 15786.9665, 3775.2671, 0.0000, 15768.8930, 3780.8116, 0.0000, 50, 76, 50
L 15768.8930, 3780.8116, 0.0000, 15751.0868, 3780.9325, 0.0000, 50, 76, 50
L 15751.0868, 3780.9325, 0.0000, 15735.5974, 3791.1285, 0.0000, 50, 76, 50
L 15735.5974, 3791.1285, 0.0000, 15717.1705, 3790.5802, 0.0000, 50, 76, 50
L 15717.1705, 3790.5802, 0.0000, 15705.2395, 3776.3341, 0.0000, 50, 76, 50
L 15705.2395, 3776.3341, 0.0000, 15690.1035, 3770.0969, 0.0000, 50, 76, 50
L 15690.1035, 3770.0969, 0.0000, 15672.4265, 3762.1575, 0.0000, 50, 76, 50
L 15672.4265, 3762.1575, 0.0000, 15672.9409, 3744.8365, 0.0000, 50, 76, 50
L 15672.9409, 3744.8365, 0.0000, 15675.1552, 3730.0623, 0.0000, 50, 76, 50
L 15675.1552, 3730.0623, 0.0000, 15667.2010, 3713.9348, 0.0000, 50, 76, 50
L 15667.2010, 3713.9348, 0.0000, 15675.0904, 3699.3207, 0.0000, 50, 76, 50
L 15675.0904, 3699.3207, 0.0000, 15693.1795, 3692.7346, 0.0000, 50, 76, 50
L 15693.1795, 3692.7346, 0.0000, 15702.5756, 3679.7303, 0.0000, 50, 76, 50
L 15702.5756, 3679.7303, 0.0000, 15716.7583, 3668.1910, 0.0000, 50, 76, 50
L 15716.7583, 3668.1910, 0.0000, 15735.5974, 3674.4099, 0.0000, 50, 76, 50
L 15735.5974, 3674.4099, 0.0000, 15751.4989, 3677.8387, 0.0000, 50, 76, 50
L 15751.4989, 3677.8387, 0.0000, 15771.5569, 3675.2528, 0.0000, 50, 76, 50
L 15771.5569, 3675.2528, 0.0000, 15783.8905, 3687.5644, 0.0000, 50, 76, 50
L 15783.8905, 3687.5644, 0.0000, 15787.2916, 3703.7982, 0.0000, 50, 76, 50
L 15787.2916, 3703.7982, 0.0000, 15801.0562, 3714.6275, 0.0000, 50, 76, 50
L 15801.0562, 3714.6275, 0.0000, 15807.7900, 3730.0623, 0.0000, 50, 76, 50
L 15735.5974, 3784.4426, 0.0000, 15735.5974, 3831.4889, 0.0000, 56, 48, 40
L 14898.3695, 3155.0371, 0.0000, 14890.5673, 3166.6411, 0.0000, 50, 76, 50
L 14890.5673, 3166.6411, 0.0000, 14892.3616, 3180.9517, 0.0000, 50, 76, 50
L 14892.3616, 3180.9517, 0.0000, 14884.3817, 3192.9002, 0.0000, 50, 76, 50
L 14884.3817, 3192.9002, 0.0000, 14867.3000, 3194.5820, 0.0000, 50, 76, 50
L 14867.3000, 3194.5820, 0.0000, 14855.4806, 3201.4269, 0.0000, 50, 76, 50
L 14855.4806, 3201.4269, 0.0000, 14841.3555, 3209.7238, 0.0000, 50, 76, 50
L 14841.3555, 3209.7238, 0.0000, 14826.9806, 3202.2470, 0.0000, 50, 76, 50
L 14826.9806, 3202.2470, 0.0000, 14815.6606, 3194.2014, 0.0000, 50, 76, 50
L 14815.6606, 3194.2014, 0.0000, 14798.8286, 3192.4608, 0.0000, 50, 76, 50
L 14798.8286, 3192.4608, 0.0000, 14789.6002, 3181.3323, 0.0000, 50, 76, 50
L 14789.6002, 3181.3323, 0.0000, 14791.8939, 3166.6999, 0.0000, 50, 76, 50
L 14791.8939, 3166.6999, 0.0000, 14785.3402, 3155.0371, 0.0000, 50, 76, 50
L 14785.3402, 3155.0371, 0.0000, 14781.3894, 3140.8974, 0.0000, 50, 76, 50
L 14781.3894, 3140.8974, 0.0000, 14794.4754, 3131.2189, 0.0000, 50, 76, 50
L 14794.4754, 3131.2189, 0.0000, 14804.4580, 3122.5674, 0.0000, 50, 76, 50
L 14804.4580, 3122.5674, 0.0000, 14810.7854, 3108.4422, 0.0000, 50, 76, 50
L 14810.7854, 3108.4422, 0.0000, 14826.2264, 3105.3504, 0.0000, 50, 76, 50
L 14826.2264, 3105.3504, 0.0000, 14841.3555, 3110.2581, 0.0000, 50, 76, 50
L 14841.3555, 3110.2581, 0.0000, 14856.2348, 3106.1705, 0.0000, 50, 76, 50
L 14856.2348, 3106.1705, 0.0000, 14872.1752, 3108.0616, 0.0000, 50, 76, 50
L 14872.1752, 3108.0616, 0.0000, 14878.7524, 3122.1279, 0.0000, 50, 76, 50
L 14878.7524, 3122.1279, 0.0000, 14887.4864, 3131.5995, 0.0000, 50, 76, 50
L 14887.4864, 3131.5995, 0.0000, 14901.0718, 3140.9563, 0.0000, 50, 76, 50
L 14901.0718, 3140.9563, 0.0000, 14898.3695, 3155.0371, 0.0000, 50, 76, 50
L 14841.3555, 3201.3791, 0.0000, 14841.3555, 3241.4713, 0.0000, 56, 48, 40
L 9964.2676, -262.7696, 0.0000, 9964.2676, -360.3684, 0.0000, 56, 48, 40
L 9895.1350, -360.3684, 0.0000, 9898.5186, -372.9350, 0.0000, 54, 80, 46
L 9898.5186, -372.9350, 0.0000, 9908.3382, -384.2714, 0.0000, 54, 80, 46
L 9908.3382, -384.2714, 0.0000, 9923.6325, -393.2681, 0.0000, 54, 80, 46
L 9923.6325, -393.2681, 0.0000, 9942.9045, -399.0443, 0.0000, 54, 80, 46
L 9942.9045, -399.0443, 0.0000, 9964.2676, -401.0346, 0.0000, 54, 80, 46
L 9964.2676, -401.0346, 0.0000, 9985.6307, -399.0443, 0.0000, 54, 80, 46
L 9985.6307, -399.0443, 0.0000, 10004.9027, -393.2681, 0.0000, 54, 80, 46
L 10004.9027, -393.2681, 0.0000, 10020.1970, -384.2714, 0.0000, 54, 80, 46
L 10020.1970, -384.2714, 0.0000, 10030.0165, -372.9350, 0.0000, 54, 80, 46
L 10030.0165, -372.9350, 0.0000, 10033.4001, -360.3684, 0.0000, 54, 80, 46
L 9902.8328, -370.0516, 0.0000, 9903.7414, -305.7513, 0.0000, 54, 80, 46
L 9919.2942, -386.8234, 0.0000, 9919.6313, -309.7619, 0.0000, 54, 80, 46
L 9947.8062, -396.5065, 0.0000, 9947.0041, -312.0775, 0.0000, 54, 80, 46
L 9980.7290, -396.5065, 0.0000, 9983.9007, -312.0775, 0.0000, 54, 80, 46
L 10009.2409, -386.8234, 0.0000, 10008.3132, -309.7619, 0.0000, 54, 80, 46
L 10025.7023, -370.0516, 0.0000, 10021.3808, -305.7513, 0.0000, 54, 80, 46
L 5311.0818, 2179.9010, 0.0000, 5319.2995, 2197.1109, 0.0000, 50, 76, 50
L 5319.2995, 2197.1109, 0.0000, 5312.2614, 2213.4073, 0.0000, 50, 76, 50
L 5312.2614, 2213.4073, 0.0000, 5292.3126, 2220.3807, 0.0000, 50, 76, 50
L 5292.3126, 2220.3807, 0.0000, 5281.4171, 2233.4069, 0.0000, 50, 76, 50
L 5281.4171, 2233.4069, 0.0000, 5266.6658, 2246.7439, 0.0000, 50, 76, 50
L 5266.6658, 2246.7439, 0.0000, 5246.3130, 2240.7258, 0.0000, 50, 76, 50
L 5246.3130, 2240.7258, 0.0000, 5229.3301, 2235.6764, 0.0000, 50, 76, 50
L 5229.3301, 2235.6764, 0.0000, 5207.8390, 2238.5433, 0.0000, 50, 76, 50
L 5207.8390, 2238.5433, 0.0000, 5193.5737, 2226.3117, 0.0000, 50, 76, 50
L 5193.5737, 2226.3117, 0.0000, 5190.4743, 2208.2709, 0.0000, 50, 76, 50
L 5190.4743, 2208.2709, 0.0000, 5176.6964, 2196.3163, 0.0000, 50, 76, 50
L 5176.6964, 2196.3163, 0.0000, 5168.0646, 2179.9010, 0.0000, 50, 76, 50
L 5168.0646, 2179.9010, 0.0000, 5181.1554, 2164.5372, 0.0000, 50, 76, 50
L 5181.1554, 2164.5372, 0.0000, 5188.4049, 2150.4798, 0.0000, 50, 76, 50
L 5188.4049, 2150.4798, 0.0000, 5191.1841, 2131.3876, 0.0000, 50, 76, 50
L 5191.1841, 2131.3876, 0.0000, 5209.9085, 2124.4131, 0.0000, 50, 76, 50
L 5209.9085, 2124.4131, 0.0000, 5229.6502, 2125.1771, 0.0000, 50, 76, 50
L 5229.6502, 2125.1771, 0.0000, 5246.3130, 2114.8706, 0.0000, 50, 76, 50
L 5246.3130, 2114.8706, 0.0000, 5266.3457, 2114.1097, 0.0000, 50, 76, 50
L 5266.3457, 2114.1097, 0.0000, 5279.3477, 2129.5495, 0.0000, 50, 76, 50
L 5279.3477, 2129.5495, 0.0000, 5294.7021, 2137.3186, 0.0000, 50, 76, 50
L 5294.7021, 2137.3186, 0.0000, 5314.3309, 2145.3433, 0.0000, 50, 76, 50
L 5314.3309, 2145.3433, 0.0000, 5314.8405, 2163.7426, 0.0000, 50, 76, 50
L 5314.8405, 2163.7426, 0.0000, 5311.0818, 2179.9010, 0.0000, 50, 76, 50
L 5246.3130, 2238.5381, 0.0000, 5246.3130, 2289.2672, 0.0000, 56, 48, 40
L 10562.0570, 2403.4014, 0.0000, 10562.0570, 2373.4978, 0.0000, 56, 48, 40
L 10505.9877, 2379.1047, 0.0000, 10562.0570, 2334.7165, 0.0000, 46, 72, 48
L 10562.0570, 2334.7165, 0.0000, 10618.1263, 2379.1047, 0.0000, 46, 72, 48
L 10505.9877, 2379.1047, 0.0000, 10618.1263, 2379.1047, 0.0000, 46, 72, 48
L 10514.6785, 2341.7252, 0.0000, 10562.0570, 2297.3370, 0.0000, 46, 72, 48
L 10562.0570, 2297.3370, 0.0000, 10609.4356, 2341.7252, 0.0000, 46, 72, 48
L 10514.6785, 2341.7252, 0.0000, 10609.4356, 2341.7252, 0.0000, 46, 72, 48
L 10523.3692, 2304.3457, 0.0000, 10562.0570, 2259.9575, 0.0000, 46, 72, 48
L 10562.0570, 2259.9575, 0.0000, 10600.7448, 2304.3457, 0.0000, 46, 72, 48
L 10523.3692, 2304.3457, 0.0000, 10600.7448, 2304.3457, 0.0000, 46, 72, 48
L 10532.0599, 2266.9661, 0.0000, 10562.0570, 2222.5779, 0.0000, 46, 72, 48
L 10562.0570, 2222.5779, 0.0000, 10592.0541, 2266.9661, 0.0000, 46, 72, 48
L 10532.0599, 2266.9661, 0.0000, 10592.0541, 2266.9661, 0.0000, 46, 72, 48
L 12431.9308, 397.5545, 0.0000, 12431.9308, 290.1841, 0.0000, 56, 48, 40
L 12355.8767, 290.1841, 0.0000, 12359.5991, 276.3594, 0.0000, 54, 80, 46
L 12359.5991, 276.3594, 0.0000, 12370.4017, 263.8880, 0.0000, 54, 80, 46
L 12370.4017, 263.8880, 0.0000, 12387.2273, 253.9906, 0.0000, 54, 80, 46
L 12387.2273, 253.9906, 0.0000, 12408.4288, 247.6361, 0.0000, 54, 80, 46
L 12408.4288, 247.6361, 0.0000, 12431.9308, 245.4464, 0.0000, 54, 80, 46
L 12431.9308, 245.4464, 0.0000, 12455.4328, 247.6361, 0.0000, 54, 80, 46
L 12455.4328, 247.6361, 0.0000, 12476.6342, 253.9906, 0.0000, 54, 80, 46
L 12476.6342, 253.9906, 0.0000, 12493.4598, 263.8880, 0.0000, 54, 80, 46
L 12493.4598, 263.8880, 0.0000, 12504.2625, 276.3594, 0.0000, 54, 80, 46
L 12504.2625, 276.3594, 0.0000, 12507.9848, 290.1841, 0.0000, 54, 80, 46
L 12364.3452, 279.5315, 0.0000, 12358.3633, 350.2695, 0.0000, 54, 80, 46
L 12382.4547, 261.0806, 0.0000, 12384.7945, 345.8573, 0.0000, 54, 80, 46
L 12413.8213, 250.4279, 0.0000, 12414.2872, 343.3100, 0.0000, 54, 80, 46
L 12450.0403, 250.4279, 0.0000, 12454.7341, 343.3100, 0.0000, 54, 80, 46
L 12481.4068, 261.0806, 0.0000, 12486.6905, 345.8573, 0.0000, 54, 80, 46
L 12499.5163, 279.5315, 0.0000, 12501.3976, 350.2695, 0.0000, 54, 80, 46
L 8359.3357, 362.3363, 0.0000, 8359.3357, 329.0928, 0.0000, 56, 48, 40
L 8297.0042, 335.3260, 0.0000, 8359.3357, 285.9803, 0.0000, 46, 72, 48
L 8359.3357, 285.9803, 0.0000, 8421.6671, 335.3260, 0.0000, 46, 72, 48
L 8297.0042, 335.3260, 0.0000, 8421.6671, 335.3260, 0.0000, 46, 72, 48
L 8306.6656, 293.7717, 0.0000, 8359.3357, 244.4260, 0.0000, 46, 72, 48
L 8359.3357, 244.4260, 0.0000, 8412.0058, 293.7717, 0.0000, 46, 72, 48
L 8306.6656, 293.7717, 0.0000, 8412.0058, 293.7717, 0.0000, 46, 72, 48
L 8316.3270, 252.2174, 0.0000, 8359.3357, 202.8717, 0.0000, 46, 72, 48
L 8359.3357, 202.8717, 0.0000, 8402.3444, 252.2174, 0.0000, 46, 72, 48
L 8316.3270, 252.2174, 0.0000, 8402.3444, 252.2174, 0.0000, 46, 72, 48
L 8325.9884, 210.6631, 0.0000, 8359.3357, 161.3174, 0.0000, 46, 72, 48
L 8359.3357, 161.3174, 0.0000, 8392.6830, 210.6631, 0.0000, 46, 72, 48
L 8325.9884, 210.6631, 0.0000, 8392.6830, 210.6631, 0.0000, 46, 72, 48
L 6894.6342, 661.8360, 0.0000, 6881.8576, 677.5856, 0.0000, 50, 76, 50
L 6881.8576, 677.5856, 0.0000, 6882.5653, 696.1312, 0.0000, 50, 76, 50
L 6882.5653, 696.1312, 0.0000, 6874.3281, 713.9882, 0.0000, 50, 76, 50
L 6874.3281, 713.9882, 0.0000, 6851.0543, 716.6923, 0.0000, 50, 76, 50
L 6851.0543, 716.6923, 0.0000, 6833.7603, 723.2381, 0.0000, 50, 76, 50
L 6833.7603, 723.2381, 0.0000, 6815.0641, 735.6992, 0.0000, 50, 76, 50
L 6815.0641, 735.6992, 0.0000, 6794.9737, 727.8170, 0.0000, 50, 76, 50
L 6794.9737, 727.8170, 0.0000, 6780.4682, 714.5672, 0.0000, 50, 76, 50
L 6780.4682, 714.5672, 0.0000, 6758.5887, 711.5344, 0.0000, 50, 76, 50
L 6758.5887, 711.5344, 0.0000, 6743.3803, 698.2563, 0.0000, 50, 76, 50
L 6743.3803, 698.2563, 0.0000, 6746.8764, 677.9143, 0.0000, 50, 76, 50
L 6746.8764, 677.9143, 0.0000, 6741.0711, 661.8360, 0.0000, 50, 76, 50
L 6741.0711, 661.8360, 0.0000, 6733.5270, 642.6099, 0.0000, 50, 76, 50
L 6733.5270, 642.6099, 0.0000, 6749.5757, 628.5634, 0.0000, 50, 76, 50
L 6749.5757, 628.5634, 0.0000, 6765.7426, 618.4330, 0.0000, 50, 76, 50
L 6765.7426, 618.4330, 0.0000, 6774.2727, 599.6616, 0.0000, 50, 76, 50
L 6774.2727, 599.6616, 0.0000, 6794.0153, 592.7072, 0.0000, 50, 76, 50
L 6794.0153, 592.7072, 0.0000, 6815.0641, 600.5637, 0.0000, 50, 76, 50
L 6815.0641, 600.5637, 0.0000, 6834.7188, 597.2862, 0.0000, 50, 76, 50
L 6834.7188, 597.2862, 0.0000, 6857.2498, 597.5364, 0.0000, 50, 76, 50
L 6857.2498, 597.5364, 0.0000, 6867.1742, 615.9791, 0.0000, 50, 76, 50
L 6867.1742, 615.9791, 0.0000, 6876.3698, 630.6885, 0.0000, 50, 76, 50
L 6876.3698, 630.6885, 0.0000, 6895.2070, 642.9387, 0.0000, 50, 76, 50
L 6895.2070, 642.9387, 0.0000, 6894.6342, 661.8360, 0.0000, 50, 76, 50
L 6815.0641, 724.7968, 0.0000, 6815.0641, 779.2666, 0.0000, 56, 48, 40
L 2550.9146, 1703.7977, 0.0000, 2550.9146, 1677.7316, 0.0000, 56, 48, 40
L 2502.0407, 1682.6190, 0.0000, 2550.9146, 1643.9272, 0.0000, 46, 72, 48
L 2550.9146, 1643.9272, 0.0000, 2599.7885, 1682.6190, 0.0000, 46, 72, 48
L 2502.0407, 1682.6190, 0.0000, 2599.7885, 1682.6190, 0.0000, 46, 72, 48
L 2509.6161, 1650.0364, 0.0000, 2550.9146, 1611.3445, 0.0000, 46, 72, 48
L 2550.9146, 1611.3445, 0.0000, 2592.2131, 1650.0364, 0.0000, 46, 72, 48
L 2509.6161, 1650.0364, 0.0000, 2592.2131, 1650.0364, 0.0000, 46, 72, 48
L 2517.1916, 1617.4538, 0.0000, 2550.9146, 1578.7619, 0.0000, 46, 72, 48
L 2550.9146, 1578.7619, 0.0000, 2584.6376, 1617.4538, 0.0000, 46, 72, 48
L 2517.1916, 1617.4538, 0.0000, 2584.6376, 1617.4538, 0.0000, 46, 72, 48
L 2524.7671, 1584.8712, 0.0000, 2550.9146, 1546.1793, 0.0000, 46, 72, 48
L 2550.9146, 1546.1793, 0.0000, 2577.0622, 1584.8712, 0.0000, 46, 72, 48
L 2524.7671, 1584.8712, 0.0000, 2577.0622, 1584.8712, 0.0000, 46, 72, 48
L 7142.9111, 3121.6098, 0.0000, 7142.9111, 3087.0485, 0.0000, 56, 48, 40
L 7078.1086, 3093.5287, 0.0000, 7142.9111, 3042.2267, 0.0000, 46, 72, 48
L 7142.9111, 3042.2267, 0.0000, 7207.7136, 3093.5287, 0.0000, 46, 72, 48
L 7078.1086, 3093.5287, 0.0000, 7207.7136, 3093.5287, 0.0000, 46, 72, 48
L 7088.1530, 3050.3271, 0.0000, 7142.9111, 2999.0251, 0.0000, 46, 72, 48
L 7142.9111, 2999.0251, 0.0000, 7197.6692, 3050.3271, 0.0000, 46, 72, 48
L 7088.1530, 3050.3271, 0.0000, 7197.6692, 3050.3271, 0.0000, 46, 72, 48
L 7098.1974, 3007.1254, 0.0000, 7142.9111, 2955.8234, 0.0000, 46, 72, 48
L 7142.9111, 2955.8234, 0.0000, 7187.6248, 3007.1254, 0.0000, 46, 72, 48
L 7098.1974, 3007.1254, 0.0000, 7187.6248, 3007.1254, 0.0000, 46, 72, 48
L 7108.2417, 2963.9238, 0.0000, 7142.9111, 2912.6218, 0.0000, 46, 72, 48
L 7142.9111, 2912.6218, 0.0000, 7177.5804, 2963.9238, 0.0000, 46, 72, 48
L 7108.2417, 2963.9238, 0.0000, 7177.5804, 2963.9238, 0.0000, 46, 72, 48
L 471.8307, 1254.5366, 0.0000, 480.2667, 1273.9455, 0.0000, 50, 76, 50
L 480.2667, 1273.9455, 0.0000, 465.1673, 1288.6855, 0.0000, 50, 76, 50
L 465.1673, 1288.6855, 0.0000, 447.5988, 1298.2240, 0.0000, 50, 76, 50
L 447.5988, 1298.2240, 0.0000, 438.7767, 1316.7588, 0.0000, 50, 76, 50
L 438.7767, 1316.7588, 0.0000, 419.4691, 1325.1967, 0.0000, 50, 76, 50
L 419.4691, 1325.1967, 0.0000, 397.9540, 1316.9492, 0.0000, 50, 76, 50
L 397.9540, 1316.9492, 0.0000, 378.3463, 1318.9323, 0.0000, 50, 76, 50
L 378.3463, 1318.9323, 0.0000, 355.2239, 1319.6661, 0.0000, 50, 76, 50
L 355.2239, 1319.6661, 0.0000, 344.4944, 1301.5810, 0.0000, 50, 76, 50
L 344.4944, 1301.5810, 0.0000, 336.4630, 1285.7782, 0.0000, 50, 76, 50
L 336.4630, 1285.7782, 0.0000, 317.5488, 1273.4958, 0.0000, 50, 76, 50
L 317.5488, 1273.4958, 0.0000, 316.4477, 1254.5366, 0.0000, 50, 76, 50
L 316.4477, 1254.5366, 0.0000, 330.1782, 1238.5554, 0.0000, 50, 76, 50
L 330.1782, 1238.5554, 0.0000, 330.6016, 1220.3170, 0.0000, 50, 76, 50
L 330.6016, 1220.3170, 0.0000, 337.7264, 1201.5363, 0.0000, 50, 76, 50
L 337.7264, 1201.5363, 0.0000, 361.0852, 1198.3410, 0.0000, 50, 76, 50
L 361.0852, 1198.3410, 0.0000, 379.2531, 1193.1188, 0.0000, 50, 76, 50
L 379.2531, 1193.1188, 0.0000, 397.9540, 1180.2122, 0.0000, 50, 76, 50
L 397.9540, 1180.2122, 0.0000, 418.5624, 1186.8545, 0.0000, 50, 76, 50
L 418.5624, 1186.8545, 0.0000, 432.9154, 1201.2483, 0.0000, 50, 76, 50
L 432.9154, 1201.2483, 0.0000, 454.3668, 1204.8933, 0.0000, 50, 76, 50
L 454.3668, 1204.8933, 0.0000, 471.0286, 1217.4097, 0.0000, 50, 76, 50
L 471.0286, 1217.4097, 0.0000, 467.6373, 1238.1056, 0.0000, 50, 76, 50
L 467.6373, 1238.1056, 0.0000, 471.8307, 1254.5366, 0.0000, 50, 76, 50
L 397.9540, 1318.2436, 0.0000, 397.9540, 1373.3589, 0.0000, 56, 48, 40
L 1556.5786, 2420.0834, 0.0000, 1556.5786, 2340.7388, 0.0000, 56, 48, 40
L 1500.3762, 2340.7388, 0.0000, 1503.1270, 2330.5226, 0.0000, 54, 80, 46
L 1503.1270, 2330.5226, 0.0000, 1511.1099, 2321.3065, 0.0000, 54, 80, 46
L 1511.1099, 2321.3065, 0.0000, 1523.5437, 2313.9925, 0.0000, 54, 80, 46
L 1523.5437, 2313.9925, 0.0000, 1539.2111, 2309.2967, 0.0000, 54, 80, 46
L 1539.2111, 2309.2967, 0.0000, 1556.5786, 2307.6786, 0.0000, 54, 80, 46
L 1556.5786, 2307.6786, 0.0000, 1573.9461, 2309.2967, 0.0000, 54, 80, 46
L 1573.9461, 2309.2967, 0.0000, 1589.6136, 2313.9925, 0.0000, 54, 80, 46
L 1589.6136, 2313.9925, 0.0000, 1602.0473, 2321.3065, 0.0000, 54, 80, 46
L 1602.0473, 2321.3065, 0.0000, 1610.0303, 2330.5226, 0.0000, 54, 80, 46
L 1610.0303, 2330.5226, 0.0000, 1612.7810, 2340.7388, 0.0000, 54, 80, 46
L 1506.6343, 2332.8667, 0.0000, 1511.0800, 2385.1407, 0.0000, 54, 80, 46
L 1520.0168, 2319.2319, 0.0000, 1523.6897, 2381.8802, 0.0000, 54, 80, 46
L 1543.1961, 2311.3598, 0.0000, 1548.1365, 2379.9977, 0.0000, 54, 80, 46
L 1569.9612, 2311.3598, 0.0000, 1563.9814, 2379.9977, 0.0000, 54, 80, 46
L 1593.1404, 2319.2319, 0.0000, 1587.4341, 2381.8802, 0.0000, 54, 80, 46
L 1606.5230, 2332.8667, 0.0000, 1604.3729, 2385.1407, 0.0000, 54, 80, 46
L 14601.3584, 3611.5330, 0.0000, 14587.4118, 3632.2250, 0.0000, 50, 76, 50
L 14587.4118, 3632.2250, 0.0000, 14572.5039, 3648.5438, 0.0000, 50, 76, 50
L 14572.5039, 3648.5438, 0.0000, 14569.2741, 3672.7953, 0.0000, 50, 76, 50
L 14569.2741, 3672.7953, 0.0000, 14548.5404, 3686.0400, 0.0000, 50, 76, 50
L 14548.5404, 3686.0400, 0.0000, 14521.3427, 3682.7505, 0.0000, 50, 76, 50
L 14521.3427, 3682.7505, 0.0000, 14499.6579, 3692.2362, 0.0000, 50, 76, 50
L 14499.6579, 3692.2362, 0.0000, 14473.3651, 3697.8839, 0.0000, 50, 76, 50
L 14473.3651, 3697.8839, 0.0000, 14455.3832, 3679.0166, 0.0000, 50, 76, 50
L 14455.3832, 3679.0166, 0.0000, 14439.2574, 3664.6854, 0.0000, 50, 76, 50
L 14439.2574, 3664.6854, 0.0000, 14412.9881, 3655.5671, 0.0000, 50, 76, 50
L 14412.9881, 3655.5671, 0.0000, 14407.2960, 3633.3115, 0.0000, 50, 76, 50
L 14407.2960, 3633.3115, 0.0000, 14416.3890, 3611.5330, 0.0000, 50, 76, 50
L 14416.3890, 3611.5330, 0.0000, 14408.7450, 3590.0962, 0.0000, 50, 76, 50
L 14408.7450, 3590.0962, 0.0000, 14412.3157, 3567.1572, 0.0000, 50, 76, 50
L 14412.3157, 3567.1572, 0.0000, 14438.4810, 3557.6973, 0.0000, 50, 76, 50
L 14438.4810, 3557.6973, 0.0000, 14456.0557, 3545.0744, 0.0000, 50, 76, 50
L 14456.0557, 3545.0744, 0.0000, 14473.4691, 3525.5238, 0.0000, 50, 76, 50
L 14473.4691, 3525.5238, 0.0000, 14499.6579, 3529.4631, 0.0000, 50, 76, 50
L 14499.6579, 3529.4631, 0.0000, 14521.2387, 3540.6571, 0.0000, 50, 76, 50
L 14521.2387, 3540.6571, 0.0000, 14547.8679, 3538.0510, 0.0000, 50, 76, 50
L 14547.8679, 3538.0510, 0.0000, 14570.0506, 3549.5874, 0.0000, 50, 76, 50
L 14570.0506, 3549.5874, 0.0000, 14573.1763, 3574.1806, 0.0000, 50, 76, 50
L 14573.1763, 3574.1806, 0.0000, 14585.9628, 3591.1827, 0.0000, 50, 76, 50
L 14585.9628, 3591.1827, 0.0000, 14601.3584, 3611.5330, 0.0000, 50, 76, 50
L 14499.6579, 3687.3705, 0.0000, 14499.6579, 3752.9802, 0.0000, 56, 48, 40
L 5954.0418, -821.7785, 0.0000, 5941.3082, -807.4885, 0.0000, 50, 76, 50
L 5941.3082, -807.4885, 0.0000, 5939.7869, -791.7608, 0.0000, 50, 76, 50
L 5939.7869, -791.7608, 0.0000, 5934.4313, -774.4992, 0.0000, 50, 76, 50
L 5934.4313, -774.4992, 0.0000, 5913.9467, -771.1111, 0.0000, 50, 76, 50
L 5913.9467, -771.1111, 0.0000, 5897.1764, -767.6826, 0.0000, 50, 76, 50
L 5897.1764, -767.6826, 0.0000, 5880.7048, -756.1221, 0.0000, 50, 76, 50
L 5880.7048, -756.1221, 0.0000, 5862.1282, -760.7691, 0.0000, 50, 76, 50
L 5862.1282, -760.7691, 0.0000, 5849.5680, -774.3196, 0.0000, 50, 76, 50
L 5849.5680, -774.3196, 0.0000, 5831.1885, -778.2041, 0.0000, 50, 76, 50
L 5831.1885, -778.2041, 0.0000, 5815.3076, -788.5522, 0.0000, 50, 76, 50
L 5815.3076, -788.5522, 0.0000, 5817.9963, -806.9921, 0.0000, 50, 76, 50
L 5817.9963, -806.9921, 0.0000, 5815.7881, -821.7785, 0.0000, 50, 76, 50
L 5815.7881, -821.7785, 0.0000, 5807.7655, -838.9772, 0.0000, 50, 76, 50
L 5807.7655, -838.9772, 0.0000, 5820.0557, -852.5924, 0.0000, 50, 76, 50
L 5820.0557, -852.5924, 0.0000, 5836.6712, -860.5281, 0.0000, 50, 76, 50
L 5836.6712, -860.5281, 0.0000, 5844.8199, -876.4745, 0.0000, 50, 76, 50
L 5844.8199, -876.4745, 0.0000, 5861.3937, -885.2002, 0.0000, 50, 76, 50
L 5861.3937, -885.2002, 0.0000, 5880.7048, -877.7853, 0.0000, 50, 76, 50
L 5880.7048, -877.7853, 0.0000, 5897.9109, -878.2868, 0.0000, 50, 76, 50
L 5897.9109, -878.2868, 0.0000, 5918.6948, -879.6831, 0.0000, 50, 76, 50
L 5918.6948, -879.6831, 0.0000, 5928.9486, -864.2330, 0.0000, 50, 76, 50
L 5928.9486, -864.2330, 0.0000, 5935.0387, -849.3838, 0.0000, 50, 76, 50
L 5935.0387, -849.3838, 0.0000, 5951.5391, -838.4809, 0.0000, 50, 76, 50
L 5951.5391, -838.4809, 0.0000, 5954.0418, -821.7785, 0.0000, 50, 76, 50
L 5880.7048, -765.0945, 0.0000, 5880.7048, -716.0551, 0.0000, 56, 48, 40
L 5709.2076, 2822.3141, 0.0000, 5703.0986, 2838.3619, 0.0000, 50, 76, 50
L 5703.0986, 2838.3619, 0.0000, 5706.5962, 2858.6693, 0.0000, 50, 76, 50
L 5706.5962, 2858.6693, 0.0000, 5691.6343, 2872.1166, 0.0000, 50, 76, 50
L 5691.6343, 2872.1166, 0.0000, 5669.6454, 2875.0590, 0.0000, 50, 76, 50
L 5669.6454, 2875.0590, 0.0000, 5655.0740, 2888.1081, 0.0000, 50, 76, 50
L 5655.0740, 2888.1081, 0.0000, 5635.0405, 2896.2235, 0.0000, 50, 76, 50
L 5635.0405, 2896.2235, 0.0000, 5616.3057, 2883.8432, 0.0000, 50, 76, 50
L 5616.3057, 2883.8432, 0.0000, 5599.1371, 2877.0383, 0.0000, 50, 76, 50
L 5599.1371, 2877.0383, 0.0000, 5575.8496, 2874.4022, 0.0000, 50, 76, 50
L 5575.8496, 2874.4022, 0.0000, 5567.3807, 2856.6899, 0.0000, 50, 76, 50
L 5567.3807, 2856.6899, 0.0000, 5568.2811, 2838.0557, 0.0000, 50, 76, 50
L 5568.2811, 2838.0557, 0.0000, 5555.6791, 2822.3141, 0.0000, 50, 76, 50
L 5555.6791, 2822.3141, 0.0000, 5554.8015, 2803.3941, 0.0000, 50, 76, 50
L 5554.8015, 2803.3941, 0.0000, 5573.6366, 2791.1167, 0.0000, 50, 76, 50
L 5573.6366, 2791.1167, 0.0000, 5583.0733, 2776.5829, 0.0000, 50, 76, 50
L 5583.0733, 2776.5829, 0.0000, 5592.8812, 2758.0546, 0.0000, 50, 76, 50
L 5592.8812, 2758.0546, 0.0000, 5615.3379, 2757.6066, 0.0000, 50, 76, 50
L 5615.3379, 2757.6066, 0.0000, 5635.0405, 2761.1185, 0.0000, 50, 76, 50
L 5635.0405, 2761.1185, 0.0000, 5656.0418, 2753.3418, 0.0000, 50, 76, 50
L 5656.0418, 2753.3418, 0.0000, 5675.9013, 2760.0339, 0.0000, 50, 76, 50
L 5675.9013, 2760.0339, 0.0000, 5684.4106, 2778.8685, 0.0000, 50, 76, 50
L 5684.4106, 2778.8685, 0.0000, 5700.3402, 2789.1374, 0.0000, 50, 76, 50
L 5700.3402, 2789.1374, 0.0000, 5716.5782, 2803.0879, 0.0000, 50, 76, 50
L 5716.5782, 2803.0879, 0.0000, 5709.2076, 2822.3141, 0.0000, 50, 76, 50
L 5635.0405, 2885.2608, 0.0000, 5635.0405, 2939.7182, 0.0000, 56, 48, 40
L 15201.3987, -855.8755, 0.0000, 15201.3987, -898.3706, 0.0000, 56, 48, 40
L 15121.7203, -890.4028, 0.0000, 15201.3987, -953.4815, 0.0000, 46, 72, 48
L 15201.3987, -953.4815, 0.0000, 15281.0770, -890.4028, 0.0000, 46, 72, 48
L 15121.7203, -890.4028, 0.0000, 15281.0770, -890.4028, 0.0000, 46, 72, 48
L 15134.0704, -943.5217, 0.0000, 15201.3987, -1006.6004, 0.0000, 46, 72, 48
L 15201.3987, -1006.6004, 0.0000, 15268.7269, -943.5217, 0.0000, 46, 72, 48
L 15134.0704, -943.5217, 0.0000, 15268.7269, -943.5217, 0.0000, 46, 72, 48
L 15146.4206, -996.6406, 0.0000, 15201.3987, -1059.7193, 0.0000, 46, 72, 48
L 15201.3987, -1059.7193, 0.0000, 15256.3767, -996.6406, 0.0000, 46, 72, 48
L 15146.4206, -996.6406, 0.0000, 15256.3767, -996.6406, 0.0000, 46, 72, 48
L 15158.7707, -1049.7595, 0.0000, 15201.3987, -1112.8382, 0.0000, 46, 72, 48
L 15201.3987, -1112.8382, 0.0000, 15244.0266, -1049.7595, 0.0000, 46, 72, 48
L 15158.7707, -1049.7595, 0.0000, 15244.0266, -1049.7595, 0.0000, 46, 72, 48
L 3426.2504, -497.4134, 0.0000, 3426.2504, -535.5048, 0.0000, 56, 48, 40
L 3354.8291, -528.3626, 0.0000, 3426.2504, -584.9045, 0.0000, 46, 72, 48
L 3426.2504, -584.9045, 0.0000, 3497.6717, -528.3626, 0.0000, 46, 72, 48
L 3354.8291, -528.3626, 0.0000, 3497.6717, -528.3626, 0.0000, 46, 72, 48
L 3365.8994, -575.9768, 0.0000, 3426.2504, -632.5187, 0.0000, 46, 72, 48
L 3426.2504, -632.5187, 0.0000, 3486.6014, -575.9768, 0.0000, 46, 72, 48
L 3365.8994, -575.9768, 0.0000, 3486.6014, -575.9768, 0.0000, 46, 72, 48
L 3376.9697, -623.5910, 0.0000, 3426.2504, -680.1329, 0.0000, 46, 72, 48
L 3426.2504, -680.1329, 0.0000, 3475.5311, -623.5910, 0.0000, 46, 72, 48
L 3376.9697, -623.5910, 0.0000, 3475.5311, -623.5910, 0.0000, 46, 72, 48
L 3388.0400, -671.2053, 0.0000, 3426.2504, -727.7471, 0.0000, 46, 72, 48
L 3426.2504, -727.7471, 0.0000, 3464.4608, -671.2053, 0.0000, 46, 72, 48
L 3388.0400, -671.2053, 0.0000, 3464.4608, -671.2053, 0.0000, 46, 72, 48
L 14110.2201, 546.3004, 0.0000, 14112.5954, 564.6994, 0.0000, 50, 76, 50
L 14112.5954, 564.6994, 0.0000, 14094.5171, 576.7597, 0.0000, 50, 76, 50
L 14094.5171, 576.7597, 0.0000, 14084.1197, 589.9079, 0.0000, 50, 76, 50
L 14084.1197, 589.9079, 0.0000, 14075.1629, 608.1787, 0.0000, 50, 76, 50
L 14075.1629, 608.1787, 0.0000, 14053.8702, 609.7004, 0.0000, 50, 76, 50
L 14053.8702, 609.7004, 0.0000, 14034.5657, 605.1661, 0.0000, 50, 76, 50
L 14034.5657, 605.1661, 0.0000, 14014.5116, 612.1620, 0.0000, 50, 76, 50
L 14014.5116, 612.1620, 0.0000, 13994.7181, 607.0363, 0.0000, 50, 76, 50
L 13994.7181, 607.0363, 0.0000, 13986.5107, 588.5887, 0.0000, 50, 76, 50
L 13986.5107, 588.5887, 0.0000, 13972.3658, 577.9022, 0.0000, 50, 76, 50
L 13972.3658, 577.9022, 0.0000, 13955.7865, 564.8761, 0.0000, 50, 76, 50
L 13955.7865, 564.8761, 0.0000, 13961.9094, 546.3004, 0.0000, 50, 76, 50
L 13961.9094, 546.3004, 0.0000, 13969.3384, 530.9201, 0.0000, 50, 76, 50
L 13969.3384, 530.9201, 0.0000, 13966.0763, 511.5031, 0.0000, 50, 76, 50
L 13966.0763, 511.5031, 0.0000, 13979.2483, 497.6210, 0.0000, 50, 76, 50
L 13979.2483, 497.6210, 0.0000, 14001.0075, 495.1508, 0.0000, 50, 76, 50
L 14001.0075, 495.1508, 0.0000, 14015.4846, 483.6342, 0.0000, 50, 76, 50
L 14015.4846, 483.6342, 0.0000, 14034.5657, 474.6527, 0.0000, 50, 76, 50
L 14034.5657, 474.6527, 0.0000, 14052.8973, 486.0958, 0.0000, 50, 76, 50
L 14052.8973, 486.0958, 0.0000, 14068.8734, 494.0084, 0.0000, 50, 76, 50
L 14068.8734, 494.0084, 0.0000, 14091.3822, 496.3019, 0.0000, 50, 76, 50
L 14091.3822, 496.3019, 0.0000, 14100.8065, 512.6455, 0.0000, 50, 76, 50
L 14100.8065, 512.6455, 0.0000, 14099.0435, 531.0968, 0.0000, 50, 76, 50
L 14099.0435, 531.0968, 0.0000, 14110.2201, 546.3004, 0.0000, 50, 76, 50
L 14034.5657, 607.1077, 0.0000, 14034.5657, 659.7144, 0.0000, 56, 48, 40
L 8937.5972, 1581.6036, 0.0000, 8928.3488, 1599.7594, 0.0000, 50, 76, 50
L 8928.3488, 1599.7594, 0.0000, 8912.9180, 1612.8841, 0.0000, 50, 76, 50
L 8912.9180, 1612.8841, 0.0000, 8909.3952, 1632.6829, 0.0000, 50, 76, 50
L 8909.3952, 1632.6829, 0.0000, 8893.8597, 1646.3962, 0.0000, 50, 76, 50
L 8893.8597, 1646.3962, 0.0000, 8870.1164, 1643.2345, 0.0000, 50, 76, 50
L 8870.1164, 1643.2345, 0.0000, 8851.3505, 1648.5293, 0.0000, 50, 76, 50
L 8851.3505, 1648.5293, 0.0000, 8828.9034, 1655.3244, 0.0000, 50, 76, 50
L 8828.9034, 1655.3244, 0.0000, 8812.5226, 1640.7853, 0.0000, 50, 76, 50
L 8812.5226, 1640.7853, 0.0000, 8800.6683, 1626.2040, 0.0000, 50, 76, 50
L 8800.6683, 1626.2040, 0.0000, 8778.7393, 1618.4950, 0.0000, 50, 76, 50
L 8778.7393, 1618.4950, 0.0000, 8770.6710, 1600.6274, 0.0000, 50, 76, 50
L 8770.6710, 1600.6274, 0.0000, 8779.8287, 1581.6036, 0.0000, 50, 76, 50
L 8779.8287, 1581.6036, 0.0000, 8775.9561, 1563.8259, 0.0000, 50, 76, 50
L 8775.9561, 1563.8259, 0.0000, 8776.2865, 1543.4659, 0.0000, 50, 76, 50
L 8776.2865, 1543.4659, 0.0000, 8797.8360, 1534.5108, 0.0000, 50, 76, 50
L 8797.8360, 1534.5108, 0.0000, 8814.9754, 1526.1605, 0.0000, 50, 76, 50
L 8814.9754, 1526.1605, 0.0000, 8829.2829, 1509.1290, 0.0000, 50, 76, 50
L 8829.2829, 1509.1290, 0.0000, 8851.3505, 1509.6930, 0.0000, 50, 76, 50
L 8851.3505, 1509.6930, 0.0000, 8869.7369, 1521.2188, 0.0000, 50, 76, 50
L 8869.7369, 1521.2188, 0.0000, 8891.4068, 1520.5496, 0.0000, 50, 76, 50
L 8891.4068, 1520.5496, 0.0000, 8912.2275, 1528.0319, 0.0000, 50, 76, 50
L 8912.2275, 1528.0319, 0.0000, 8915.3709, 1549.0769, 0.0000, 50, 76, 50
L 8915.3709, 1549.0769, 0.0000, 8923.0637, 1564.6940, 0.0000, 50, 76, 50
L 8923.0637, 1564.6940, 0.0000, 8937.5972, 1581.6036, 0.0000, 50, 76, 50
L 8851.3505, 1646.2887, 0.0000, 8851.3505, 1702.2501, 0.0000, 56, 48, 40
L 6734.7976, 2708.3748, 0.0000, 6717.3161, 2727.6912, 0.0000, 50, 76, 50
L 6717.3161, 2727.6912, 0.0000, 6711.8487, 2747.2181, 0.0000, 50, 76, 50
L 6711.8487, 2747.2181, 0.0000, 6706.8671, 2771.2695, 0.0000, 50, 76, 50
L 6706.8671, 2771.2695, 0.0000, 6680.8869, 2777.7124, 0.0000, 50, 76, 50
L 6680.8869, 2777.7124, 0.0000, 6656.9843, 2779.2757, 0.0000, 50, 76, 50
L 6656.9843, 2779.2757, 0.0000, 6635.3959, 2794.1077, 0.0000, 50, 76, 50
L 6635.3959, 2794.1077, 0.0000, 6610.0986, 2791.4562, 0.0000, 50, 76, 50
L 6610.0986, 2791.4562, 0.0000, 6593.6137, 2772.0595, 0.0000, 50, 76, 50
L 6593.6137, 2772.0595, 0.0000, 6571.3423, 2764.7420, 0.0000, 50, 76, 50
L 6571.3423, 2764.7420, 0.0000, 6547.8166, 2752.8710, 0.0000, 50, 76, 50
L 6547.8166, 2752.8710, 0.0000, 6549.7669, 2728.5657, 0.0000, 50, 76, 50
L 6549.7669, 2728.5657, 0.0000, 6550.8294, 2708.3748, 0.0000, 50, 76, 50
L 6550.8294, 2708.3748, 0.0000, 6539.6164, 2685.7904, 0.0000, 50, 76, 50
L 6539.6164, 2685.7904, 0.0000, 6552.5275, 2666.2720, 0.0000, 50, 76, 50
L 6552.5275, 2666.2720, 0.0000, 6576.7819, 2656.7945, 0.0000, 50, 76, 50
L 6576.7819, 2656.7945, 0.0000, 6588.9028, 2637.5098, 0.0000, 50, 76, 50
L 6588.9028, 2637.5098, 0.0000, 6609.3699, 2622.9000, 0.0000, 50, 76, 50
L 6609.3699, 2622.9000, 0.0000, 6635.3959, 2632.2157, 0.0000, 50, 76, 50
L 6635.3959, 2632.2157, 0.0000, 6657.7131, 2635.0804, 0.0000, 50, 76, 50
L 6657.7131, 2635.0804, 0.0000, 6685.5978, 2631.8568, 0.0000, 50, 76, 50
L 6685.5978, 2631.8568, 0.0000, 6701.4275, 2650.2670, 0.0000, 50, 76, 50
L 6701.4275, 2650.2670, 0.0000, 6707.1378, 2671.9250, 0.0000, 50, 76, 50
L 6707.1378, 2671.9250, 0.0000, 6727.4666, 2686.6650, 0.0000, 50, 76, 50
L 6727.4666, 2686.6650, 0.0000, 6734.7976, 2708.3748, 0.0000, 50, 76, 50
L 6635.3959, 2783.8018, 0.0000, 6635.3959, 2849.0564, 0.0000, 56, 48, 40
L 10458.3453, 1399.1443, 0.0000, 10451.7647, 1410.5017, 0.0000, 50, 76, 50
L 10451.7647, 1410.5017, 0.0000, 10453.9427, 1424.7227, 0.0000, 50, 76, 50
L 10453.9427, 1424.7227, 0.0000, 10445.1301, 1435.6923, 0.0000, 50, 76, 50
L 10445.1301, 1435.6923, 0.0000, 10428.6763, 1437.3683, 0.0000, 50, 76, 50
L 10428.6763, 1437.3683, 0.0000, 10417.5732, 1445.0405, 0.0000, 50, 76, 50
L 10417.5732, 1445.0405, 0.0000, 10403.5984, 1452.4603, 0.0000, 50, 76, 50
L 10403.5984, 1452.4603, 0.0000, 10389.7941, 1444.4803, 0.0000, 50, 76, 50
L 10389.7941, 1444.4803, 0.0000, 10378.3499, 1437.6282, 0.0000, 50, 76, 50
L 10378.3499, 1437.6282, 0.0000, 10361.7256, 1435.9924, 0.0000, 50, 76, 50
L 10361.7256, 1435.9924, 0.0000, 10353.7657, 1424.4627, 0.0000, 50, 76, 50
L 10353.7657, 1424.4627, 0.0000, 10355.6026, 1410.4615, 0.0000, 50, 76, 50
L 10355.6026, 1410.4615, 0.0000, 10348.1692, 1399.1443, 0.0000, 50, 76, 50
L 10348.1692, 1399.1443, 0.0000, 10345.3427, 1385.4079, 0.0000, 50, 76, 50
L 10345.3427, 1385.4079, 0.0000, 10358.5274, 1376.2452, 0.0000, 50, 76, 50
L 10358.5274, 1376.2452, 0.0000, 10367.2238, 1367.1347, 0.0000, 50, 76, 50
L 10367.2238, 1367.1347, 0.0000, 10373.5883, 1353.4028, 0.0000, 50, 76, 50
L 10373.5883, 1353.4028, 0.0000, 10389.0575, 1351.3891, 0.0000, 50, 76, 50
L 10389.0575, 1351.3891, 0.0000, 10403.5984, 1355.5053, 0.0000, 50, 76, 50
L 10403.5984, 1355.5053, 0.0000, 10418.3098, 1350.8290, 0.0000, 50, 76, 50
L 10418.3098, 1350.8290, 0.0000, 10433.4379, 1353.6627, 0.0000, 50, 76, 50
L 10433.4379, 1353.6627, 0.0000, 10439.6319, 1367.4349, 0.0000, 50, 76, 50
L 10439.6319, 1367.4349, 0.0000, 10449.1811, 1375.9852, 0.0000, 50, 76, 50
L 10449.1811, 1375.9852, 0.0000, 10462.0246, 1385.3677, 0.0000, 50, 76, 50
L 10462.0246, 1385.3677, 0.0000, 10458.3453, 1399.1443, 0.0000, 50, 76, 50
L 10403.5984, 1444.3166, 0.0000, 10403.5984, 1483.3967, 0.0000, 56, 48, 40
L 11032.1526, 3879.9252, 0.0000, 11032.1526, 3842.7338, 0.0000, 56, 48, 40
L 10962.4187, 3849.7072, 0.0000, 11032.1526, 3794.5012, 0.0000, 46, 72, 48
L 11032.1526, 3794.5012, 0.0000, 11101.8865, 3849.7072, 0.0000, 46, 72, 48
L 10962.4187, 3849.7072, 0.0000, 11101.8865, 3849.7072, 0.0000, 46, 72, 48
L 10973.2275, 3803.2179, 0.0000, 11032.1526, 3748.0119, 0.0000, 46, 72, 48
L 11032.1526, 3748.0119, 0.0000, 11091.0778, 3803.2179, 0.0000, 46, 72, 48
L 10973.2275, 3803.2179, 0.0000, 11091.0778, 3803.2179, 0.0000, 46, 72, 48
L 10984.0362, 3756.7286, 0.0000, 11032.1526, 3701.5226, 0.0000, 46, 72, 48
L 11032.1526, 3701.5226, 0.0000, 11080.2690, 3756.7286, 0.0000, 46, 72, 48
L 10984.0362, 3756.7286, 0.0000, 11080.2690, 3756.7286, 0.0000, 46, 72, 48
L 10994.8450, 3710.2394, 0.0000, 11032.1526, 3655.0334, 0.0000, 46, 72, 48
L 11032.1526, 3655.0334, 0.0000, 11069.4603, 3710.2394, 0.0000, 46, 72, 48
L 10994.8450, 3710.2394, 0.0000, 11069.4603, 3710.2394, 0.0000, 46, 72, 48
L 1448.0320, 1319.5641, 0.0000, 1448.0320, 1240.8140, 0.0000, 56, 48, 40
L 1392.2506, 1240.8140, 0.0000, 1394.9808, 1230.6744, 0.0000, 54, 80, 46
L 1394.9808, 1230.6744, 0.0000, 1402.9039, 1221.5273, 0.0000, 54, 80, 46
L 1402.9039, 1221.5273, 0.0000, 1415.2445, 1214.2681, 0.0000, 54, 80, 46
L 1415.2445, 1214.2681, 0.0000, 1430.7946, 1209.6074, 0.0000, 54, 80, 46
L 1430.7946, 1209.6074, 0.0000, 1448.0320, 1208.0014, 0.0000, 54, 80, 46
L 1448.0320, 1208.0014, 0.0000, 1465.2693, 1209.6074, 0.0000, 54, 80, 46
L 1465.2693, 1209.6074, 0.0000, 1480.8194, 1214.2681, 0.0000, 54, 80, 46
L 1480.8194, 1214.2681, 0.0000, 1493.1600, 1221.5273, 0.0000, 54, 80, 46
L 1493.1600, 1221.5273, 0.0000, 1501.0832, 1230.6744, 0.0000, 54, 80, 46
L 1501.0832, 1230.6744, 0.0000, 1503.8133, 1240.8140, 0.0000, 54, 80, 46
L 1398.4618, 1233.0009, 0.0000, 1398.3151, 1284.8832, 0.0000, 54, 80, 46
L 1411.7441, 1219.4682, 0.0000, 1416.4114, 1281.6471, 0.0000, 54, 80, 46
L 1434.7497, 1211.6551, 0.0000, 1431.7192, 1279.7788, 0.0000, 54, 80, 46
L 1461.3143, 1211.6551, 0.0000, 1459.6062, 1279.7788, 0.0000, 54, 80, 46
L 1484.3199, 1219.4682, 0.0000, 1480.9966, 1281.6471, 0.0000, 54, 80, 46
L 1497.6021, 1233.0009, 0.0000, 1493.4918, 1284.8832, 0.0000, 54, 80, 46
L 7487.3794, -883.4574, 0.0000, 7487.3794, -919.6785, 0.0000, 56, 48, 40
L 7419.4648, -912.8870, 0.0000, 7487.3794, -966.6527, 0.0000, 46, 72, 48
L 7487.3794, -966.6527, 0.0000, 7555.2939, -912.8870, 0.0000, 46, 72, 48
L 7419.4648, -912.8870, 0.0000, 7555.2939, -912.8870, 0.0000, 46, 72, 48
L 7429.9916, -958.1634, 0.0000, 7487.3794, -1011.9291, 0.0000, 46, 72, 48
L 7487.3794, -1011.9291, 0.0000, 7544.7671, -958.1634, 0.0000, 46, 72, 48
L 7429.9916, -958.1634, 0.0000, 7544.7671, -958.1634, 0.0000, 46, 72, 48
L 7440.5183, -1003.4398, 0.0000, 7487.3794, -1057.2054, 0.0000, 46, 72, 48
L 7487.3794, -1057.2054, 0.0000, 7534.2404, -1003.4398, 0.0000, 46, 72, 48
L 7440.5183, -1003.4398, 0.0000, 7534.2404, -1003.4398, 0.0000, 46, 72, 48
L 7451.0451, -1048.7161, 0.0000, 7487.3794, -1102.4818, 0.0000, 46, 72, 48
L 7487.3794, -1102.4818, 0.0000, 7523.7136, -1048.7161, 0.0000, 46, 72, 48
L 7451.0451, -1048.7161, 0.0000, 7523.7136, -1048.7161, 0.0000, 46, 72, 48
L 7507.0949, 2648.3206, 0.0000, 7501.5559, 2665.3128, 0.0000, 50, 76, 50
L 7501.5559, 2665.3128, 0.0000, 7485.5688, 2676.8112, 0.0000, 50, 76, 50
L 7485.5688, 2676.8112, 0.0000, 7481.0045, 2693.6513, 0.0000, 50, 76, 50
L 7481.0045, 2693.6513, 0.0000, 7468.7482, 2708.1546, 0.0000, 50, 76, 50
L 7468.7482, 2708.1546, 0.0000, 7446.9581, 2705.6821, 0.0000, 50, 76, 50
L 7446.9581, 2705.6821, 0.0000, 7429.4923, 2707.7464, 0.0000, 50, 76, 50
L 7429.4923, 2707.7464, 0.0000, 7409.1661, 2715.0758, 0.0000, 50, 76, 50
L 7409.1661, 2715.0758, 0.0000, 7393.0966, 2703.7950, 0.0000, 50, 76, 50
L 7393.0966, 2703.7950, 0.0000, 7383.7006, 2688.6172, 0.0000, 50, 76, 50
L 7383.7006, 2688.6172, 0.0000, 7364.8349, 2681.1709, 0.0000, 50, 76, 50
L 7364.8349, 2681.1709, 0.0000, 7354.5683, 2665.9873, 0.0000, 50, 76, 50
L 7354.5683, 2665.9873, 0.0000, 7363.3308, 2648.3206, 0.0000, 50, 76, 50
L 7363.3308, 2648.3206, 0.0000, 7362.6905, 2632.5690, 0.0000, 50, 76, 50
L 7362.6905, 2632.5690, 0.0000, 7361.0654, 2613.5550, 0.0000, 50, 76, 50
L 7361.0654, 2613.5550, 0.0000, 7379.3479, 2604.1935, 0.0000, 50, 76, 50
L 7379.3479, 2604.1935, 0.0000, 7396.8661, 2598.5917, 0.0000, 50, 76, 50
L 7396.8661, 2598.5917, 0.0000, 7409.7493, 2583.4805, 0.0000, 50, 76, 50
L 7409.7493, 2583.4805, 0.0000, 7429.4923, 2581.2340, 0.0000, 50, 76, 50
L 7429.4923, 2581.2340, 0.0000, 7446.3750, 2592.8742, 0.0000, 50, 76, 50
L 7446.3750, 2592.8742, 0.0000, 7464.9787, 2594.2320, 0.0000, 50, 76, 50
L 7464.9787, 2594.2320, 0.0000, 7485.3572, 2599.1595, 0.0000, 50, 76, 50
L 7485.3572, 2599.1595, 0.0000, 7489.3383, 2617.9147, 0.0000, 50, 76, 50
L 7489.3383, 2617.9147, 0.0000, 7493.4338, 2633.2434, 0.0000, 50, 76, 50
L 7493.4338, 2633.2434, 0.0000, 7507.0949, 2648.3206, 0.0000, 50, 76, 50
L 7429.4923, 2707.2638, 0.0000, 7429.4923, 2758.2578, 0.0000, 56, 48, 40
L 3664.0050, 344.4857, 0.0000, 3653.9461, 356.2561, 0.0000, 50, 76, 50
L 3653.9461, 356.2561, 0.0000, 3648.4585, 367.0594, 0.0000, 50, 76, 50
L 3648.4585, 367.0594, 0.0000, 3646.3102, 381.6940, 0.0000, 50, 76, 50
L 3646.3102, 381.6940, 0.0000, 3631.9156, 386.9922, 0.0000, 50, 76, 50
L 3631.9156, 386.9922, 0.0000, 3616.8044, 386.4462, 0.0000, 50, 76, 50
L 3616.8044, 386.4462, 0.0000, 3604.0280, 394.3850, 0.0000, 50, 76, 50
L 3604.0280, 394.3850, 0.0000, 3588.6760, 394.9047, 0.0000, 50, 76, 50
L 3588.6760, 394.9047, 0.0000, 3578.7158, 383.0666, 0.0000, 50, 76, 50
L 3578.7158, 383.0666, 0.0000, 3566.8968, 377.1611, 0.0000, 50, 76, 50
L 3566.8968, 377.1611, 0.0000, 3551.8709, 370.9850, 0.0000, 50, 76, 50
L 3551.8709, 370.9850, 0.0000, 3551.5344, 356.8634, 0.0000, 50, 76, 50
L 3551.5344, 356.8634, 0.0000, 3554.3530, 344.4857, 0.0000, 50, 76, 50
L 3554.3530, 344.4857, 0.0000, 3548.0304, 331.2817, 0.0000, 50, 76, 50
L 3548.0304, 331.2817, 0.0000, 3553.4971, 318.8126, 0.0000, 50, 76, 50
L 3553.4971, 318.8126, 0.0000, 3568.7745, 313.4627, 0.0000, 50, 76, 50
L 3568.7745, 313.4627, 0.0000, 3577.0896, 303.4261, 0.0000, 50, 76, 50
L 3577.0896, 303.4261, 0.0000, 3588.4244, 293.2404, 0.0000, 50, 76, 50
L 3588.4244, 293.2404, 0.0000, 3604.0280, 297.8913, 0.0000, 50, 76, 50
L 3604.0280, 297.8913, 0.0000, 3617.0560, 301.6989, 0.0000, 50, 76, 50
L 3617.0560, 301.6989, 0.0000, 3633.5418, 299.5006, 0.0000, 50, 76, 50
L 3633.5418, 299.5006, 0.0000, 3644.4324, 308.9298, 0.0000, 50, 76, 50
L 3644.4324, 308.9298, 0.0000, 3646.8323, 322.7382, 0.0000, 50, 76, 50
L 3646.8323, 322.7382, 0.0000, 3657.4500, 331.8890, 0.0000, 50, 76, 50
L 3657.4500, 331.8890, 0.0000, 3664.0050, 344.4857, 0.0000, 50, 76, 50
L 3604.0280, 389.4430, 0.0000, 3604.0280, 428.3372, 0.0000, 56, 48, 40
L 2966.4344, 519.3990, 0.0000, 2953.0765, 537.3522, 0.0000, 50, 76, 50
L 2953.0765, 537.3522, 0.0000, 2955.0384, 559.0796, 0.0000, 50, 76, 50
L 2955.0384, 559.0796, 0.0000, 2944.0954, 578.4980, 0.0000, 50, 76, 50
L 2944.0954, 578.4980, 0.0000, 2917.5058, 581.2334, 0.0000, 50, 76, 50
L 2917.5058, 581.2334, 0.0000, 2898.5509, 590.3818, 0.0000, 50, 76, 50
L 2898.5509, 590.3818, 0.0000, 2876.9375, 603.9840, 0.0000, 50, 76, 50
L 2876.9375, 603.9840, 0.0000, 2854.3632, 593.5373, 0.0000, 50, 76, 50
L 2854.3632, 593.5373, 0.0000, 2837.3299, 579.7690, 0.0000, 50, 76, 50
L 2837.3299, 579.7690, 0.0000, 2811.7011, 576.8069, 0.0000, 50, 76, 50
L 2811.7011, 576.8069, 0.0000, 2795.9541, 560.5440, 0.0000, 50, 76, 50
L 2795.9541, 560.5440, 0.0000, 2799.8376, 537.5788, 0.0000, 50, 76, 50
L 2799.8376, 537.5788, 0.0000, 2791.2838, 519.3990, 0.0000, 50, 76, 50
L 2791.2838, 519.3990, 0.0000, 2783.8941, 497.4598, 0.0000, 50, 76, 50
L 2783.8941, 497.4598, 0.0000, 2803.3535, 482.0133, 0.0000, 50, 76, 50
L 2803.3535, 482.0133, 0.0000, 2820.2452, 469.5098, 0.0000, 50, 76, 50
L 2820.2452, 469.5098, 0.0000, 2829.9305, 447.7508, 0.0000, 50, 76, 50
L 2829.9305, 447.7508, 0.0000, 2853.2186, 441.5012, 0.0000, 50, 76, 50
L 2853.2186, 441.5012, 0.0000, 2876.9375, 449.8515, 0.0000, 50, 76, 50
L 2876.9375, 449.8515, 0.0000, 2899.6955, 444.6567, 0.0000, 50, 76, 50
L 2899.6955, 444.6567, 0.0000, 2924.9052, 446.2863, 0.0000, 50, 76, 50
L 2924.9052, 446.2863, 0.0000, 2935.5513, 467.8188, 0.0000, 50, 76, 50
L 2935.5513, 467.8188, 0.0000, 2947.6390, 483.4778, 0.0000, 50, 76, 50
L 2947.6390, 483.4778, 0.0000, 2969.0200, 497.6863, 0.0000, 50, 76, 50
L 2969.0200, 497.6863, 0.0000, 2966.4344, 519.3990, 0.0000, 50, 76, 50
L 2876.9375, 591.2107, 0.0000, 2876.9375, 653.3376, 0.0000, 56, 48, 40
L 14009.7374, -929.2213, 0.0000, 14008.6998, -911.5296, 0.0000, 50, 76, 50
L 14008.6998, -911.5296, 0.0000, 14011.3547, -889.7521, 0.0000, 50, 76, 50
L 14011.3547, -889.7521, 0.0000, 13991.5596, -878.2783, 0.0000, 50, 76, 50
L 13991.5596, -878.2783, 0.0000, 13970.6188, -872.9037, 0.0000, 50, 76, 50
L 13970.6188, -872.9037, 0.0000, 13955.8916, -856.2408, 0.0000, 50, 76, 50
L 13955.8916, -856.2408, 0.0000, 13933.6700, -852.1003, 0.0000, 50, 76, 50
L 13933.6700, -852.1003, 0.0000, 13914.3216, -865.6775, 0.0000, 50, 76, 50
L 13914.3216, -865.6775, 0.0000, 13893.8478, -868.5241, 0.0000, 50, 76, 50
L 13893.8478, -868.5241, 0.0000, 13870.0336, -873.2213, 0.0000, 50, 76, 50
L 13870.0336, -873.2213, 0.0000, 13864.6052, -894.1317, 0.0000, 50, 76, 50
L 13864.6052, -894.1317, 0.0000, 13861.5134, -912.2071, 0.0000, 50, 76, 50
L 13861.5134, -912.2071, 0.0000, 13846.1091, -929.2213, 0.0000, 50, 76, 50
L 13846.1091, -929.2213, 0.0000, 13850.6469, -948.7977, 0.0000, 50, 76, 50
L 13850.6469, -948.7977, 0.0000, 13869.6484, -961.7486, 0.0000, 50, 76, 50
L 13869.6484, -961.7486, 0.0000, 13875.8569, -980.0967, 0.0000, 50, 76, 50
L 13875.8569, -980.0967, 0.0000, 13888.8046, -997.6052, 0.0000, 50, 76, 50
L 13888.8046, -997.6052, 0.0000, 13913.5415, -995.3273, 0.0000, 50, 76, 50
L 13913.5415, -995.3273, 0.0000, 13933.6700, -996.0932, 0.0000, 50, 76, 50
L 13933.6700, -996.0932, 0.0000, 13956.6718, -1004.7640, 0.0000, 50, 76, 50
L 13956.6718, -1004.7640, 0.0000, 13975.6619, -993.2257, 0.0000, 50, 76, 50
L 13975.6619, -993.2257, 0.0000, 13985.7363, -975.0397, 0.0000, 50, 76, 50
L 13985.7363, -975.0397, 0.0000, 14006.3116, -966.1282, 0.0000, 50, 76, 50
L 14006.3116, -966.1282, 0.0000, 14019.5663, -949.4752, 0.0000, 50, 76, 50
L 14019.5663, -949.4752, 0.0000, 14009.7374, -929.2213, 0.0000, 50, 76, 50
L 13933.6700, -862.1336, 0.0000, 13933.6700, -804.0937, 0.0000, 56, 48, 40
L 5155.4829, 3836.2574, 0.0000, 5155.4829, 3739.3741, 0.0000, 56, 48, 40
L 5086.8572, 3739.3741, 0.0000, 5090.2159, 3726.8996, 0.0000, 54, 80, 46
L 5090.2159, 3726.8996, 0.0000, 5099.9635, 3715.6463, 0.0000, 54, 80, 46
L 5099.9635, 3715.6463, 0.0000, 5115.1457, 3706.7156, 0.0000, 54, 80, 46
L 5115.1457, 3706.7156, 0.0000, 5134.2764, 3700.9817, 0.0000, 54, 80, 46
L 5134.2764, 3700.9817, 0.0000, 5155.4829, 3699.0060, 0.0000, 54, 80, 46
L 5155.4829, 3699.0060, 0.0000, 5176.6894, 3700.9817, 0.0000, 54, 80, 46
L 5176.6894, 3700.9817, 0.0000, 5195.8201, 3706.7156, 0.0000, 54, 80, 46
L 5195.8201, 3706.7156, 0.0000, 5211.0022, 3715.6463, 0.0000, 54, 80, 46
L 5211.0022, 3715.6463, 0.0000, 5220.7498, 3726.8996, 0.0000, 54, 80, 46
L 5220.7498, 3726.8996, 0.0000, 5224.1086, 3739.3741, 0.0000, 54, 80, 46
L 5094.4985, 3729.7619, 0.0000, 5089.1430, 3793.5908, 0.0000, 54, 80, 46
L 5110.8392, 3713.1131, 0.0000, 5115.6745, 3789.6096, 0.0000, 54, 80, 46
L 5139.1422, 3703.5009, 0.0000, 5135.5976, 3787.3110, 0.0000, 54, 80, 46
L 5171.8236, 3703.5009, 0.0000, 5168.2533, 3787.3110, 0.0000, 54, 80, 46
L 5200.1265, 3713.1131, 0.0000, 5200.1204, 3789.6096, 0.0000, 54, 80, 46
L 5216.4672, 3729.7619, 0.0000, 5217.7995, 3793.5908, 0.0000, 54, 80, 46
L 5919.2126, 1322.8224, 0.0000, 5925.5537, 1339.1063, 0.0000, 50, 76, 50
L 5925.5537, 1339.1063, 0.0000, 5911.9070, 1350.9759, 0.0000, 50, 76, 50
L 5911.9070, 1350.9759, 0.0000, 5898.2811, 1359.5949, 0.0000, 50, 76, 50
L 5898.2811, 1359.5949, 0.0000, 5891.0627, 1375.5120, 0.0000, 50, 76, 50
L 5891.0627, 1375.5120, 0.0000, 5874.3084, 1381.3280, 0.0000, 50, 76, 50
L 5874.3084, 1381.3280, 0.0000, 5856.4941, 1374.6957, 0.0000, 50, 76, 50
L 5856.4941, 1374.6957, 0.0000, 5839.8338, 1377.5382, 0.0000, 50, 76, 50
L 5839.8338, 1377.5382, 0.0000, 5820.7716, 1377.2708, 0.0000, 50, 76, 50
L 5820.7716, 1377.2708, 0.0000, 5812.3993, 1361.6258, 0.0000, 50, 76, 50
L 5812.3993, 1361.6258, 0.0000, 5804.5430, 1349.2171, 0.0000, 50, 76, 50
L 5804.5430, 1349.2171, 0.0000, 5788.5885, 1338.8342, 0.0000, 50, 76, 50
L 5788.5885, 1338.8342, 0.0000, 5789.1600, 1322.8224, 0.0000, 50, 76, 50
L 5789.1600, 1322.8224, 0.0000, 5799.9326, 1309.4854, 0.0000, 50, 76, 50
L 5799.9326, 1309.4854, 0.0000, 5799.2782, 1293.7528, 0.0000, 50, 76, 50
L 5799.2782, 1293.7528, 0.0000, 5806.3200, 1278.6692, 0.0000, 50, 76, 50
L 5806.3200, 1278.6692, 0.0000, 5826.0365, 1276.3986, 0.0000, 50, 76, 50
L 5826.0365, 1276.3986, 0.0000, 5840.6483, 1270.7814, 0.0000, 50, 76, 50
L 5840.6483, 1270.7814, 0.0000, 5856.4941, 1260.2495, 0.0000, 50, 76, 50
L 5856.4941, 1260.2495, 0.0000, 5873.4939, 1266.9917, 0.0000, 50, 76, 50
L 5873.4939, 1266.9917, 0.0000, 5885.7979, 1278.1575, 0.0000, 50, 76, 50
L 5885.7979, 1278.1575, 0.0000, 5904.3604, 1280.7001, 0.0000, 50, 76, 50
L 5904.3604, 1280.7001, 0.0000, 5917.1718, 1291.9940, 0.0000, 50, 76, 50
L 5917.1718, 1291.9940, 0.0000, 5914.2096, 1309.2133, 0.0000, 50, 76, 50
L 5914.2096, 1309.2133, 0.0000, 5919.2126, 1322.8224, 0.0000, 50, 76, 50
L 5856.4941, 1376.1439, 0.0000, 5856.4941, 1422.2743, 0.0000, 56, 48, 40
L 12445.3022, 756.8310, 0.0000, 12445.3022, 656.1323, 0.0000, 56, 48, 40
L 12373.9739, 656.1323, 0.0000, 12377.4649, 643.1666, 0.0000, 54, 80, 46
L 12377.4649, 643.1666, 0.0000, 12387.5963, 631.4701, 0.0000, 54, 80, 46
L 12387.5963, 631.4701, 0.0000, 12403.3764, 622.1877, 0.0000, 54, 80, 46
L 12403.3764, 622.1877, 0.0000, 12423.2605, 616.2280, 0.0000, 54, 80, 46
L 12423.2605, 616.2280, 0.0000, 12445.3022, 614.1744, 0.0000, 54, 80, 46
L 12445.3022, 614.1744, 0.0000, 12467.3438, 616.2280, 0.0000, 54, 80, 46
L 12467.3438, 616.2280, 0.0000, 12487.2279, 622.1877, 0.0000, 54, 80, 46
L 12487.2279, 622.1877, 0.0000, 12503.0080, 631.4701, 0.0000, 54, 80, 46
L 12503.0080, 631.4701, 0.0000, 12513.1394, 643.1666, 0.0000, 54, 80, 46
L 12513.1394, 643.1666, 0.0000, 12516.6305, 656.1323, 0.0000, 54, 80, 46
L 12381.9161, 646.1415, 0.0000, 12377.0602, 712.4841, 0.0000, 54, 80, 46
L 12398.9004, 628.8371, 0.0000, 12396.5128, 708.3461, 0.0000, 54, 80, 46
L 12428.3179, 618.8464, 0.0000, 12433.6418, 705.9570, 0.0000, 54, 80, 46
L 12462.2864, 618.8464, 0.0000, 12461.8423, 705.9570, 0.0000, 54, 80, 46
L 12491.7039, 628.8371, 0.0000, 12492.9645, 708.3461, 0.0000, 54, 80, 46
L 12508.6882, 646.1415, 0.0000, 12504.1395, 712.4841, 0.0000, 54, 80, 46
L 11501.8209, 1020.1352, 0.0000, 11486.6612, 1040.3881, 0.0000, 50, 76, 50
L 11486.6612, 1040.3881, 0.0000, 11473.7306, 1057.2045, 0.0000, 50, 76, 50
L 11473.7306, 1057.2045, 0.0000, 11470.6296, 1081.6122, 0.0000, 50, 76, 50
L 11470.6296, 1081.6122, 0.0000, 11448.7391, 1093.2511, 0.0000, 50, 76, 50
L 11448.7391, 1093.2511, 0.0000, 11422.2176, 1090.5760, 0.0000, 50, 76, 50
L 11422.2176, 1090.5760, 0.0000, 11400.7693, 1101.5291, 0.0000, 50, 76, 50
L 11400.7693, 1101.5291, 0.0000, 11374.7369, 1105.6309, 0.0000, 50, 76, 50
L 11374.7369, 1105.6309, 0.0000, 11357.3835, 1086.2640, 0.0000, 50, 76, 50
L 11357.3835, 1086.2640, 0.0000, 11340.0772, 1073.5443, 0.0000, 50, 76, 50
L 11340.0772, 1073.5443, 0.0000, 11314.0559, 1064.1916, 0.0000, 50, 76, 50
L 11314.0559, 1064.1916, 0.0000, 11310.2933, 1041.4690, 0.0000, 50, 76, 50
L 11310.2933, 1041.4690, 0.0000, 11318.0539, 1020.1352, 0.0000, 50, 76, 50
L 11318.0539, 1020.1352, 0.0000, 11309.1560, 998.5332, 0.0000, 50, 76, 50
L 11309.1560, 998.5332, 0.0000, 11314.5837, 976.3471, 0.0000, 50, 76, 50
L 11314.5837, 976.3471, 0.0000, 11340.6867, 967.2625, 0.0000, 50, 76, 50
L 11340.6867, 967.2625, 0.0000, 11356.8557, 953.2018, 0.0000, 50, 76, 50
L 11356.8557, 953.2018, 0.0000, 11374.6553, 934.3713, 0.0000, 50, 76, 50
L 11374.6553, 934.3713, 0.0000, 11400.7693, 939.8141, 0.0000, 50, 76, 50
L 11400.7693, 939.8141, 0.0000, 11422.2993, 949.4263, 0.0000, 50, 76, 50
L 11422.2993, 949.4263, 0.0000, 11449.2670, 946.2148, 0.0000, 50, 76, 50
L 11449.2670, 946.2148, 0.0000, 11470.0200, 959.1946, 0.0000, 50, 76, 50
L 11470.0200, 959.1946, 0.0000, 11473.2027, 983.3341, 0.0000, 50, 76, 50
L 11473.2027, 983.3341, 0.0000, 11487.7986, 999.6141, 0.0000, 50, 76, 50
L 11487.7986, 999.6141, 0.0000, 11501.8209, 1020.1352, 0.0000, 50, 76, 50
L 11400.7693, 1095.4797, 0.0000, 11400.7693, 1160.6629, 0.0000, 56, 48, 40
L 1068.1996, 533.7767, 0.0000, 1056.4413, 547.5030, 0.0000, 50, 76, 50
L 1056.4413, 547.5030, 0.0000, 1056.1426, 563.2009, 0.0000, 50, 76, 50
L 1056.1426, 563.2009, 0.0000, 1049.9591, 579.2995, 0.0000, 50, 76, 50
L 1049.9591, 579.2995, 0.0000, 1029.8775, 582.0160, 0.0000, 50, 76, 50
L 1029.8775, 582.0160, 0.0000, 1014.3057, 586.5771, 0.0000, 50, 76, 50
L 1014.3057, 586.5771, 0.0000, 998.2287, 597.6545, 0.0000, 50, 76, 50
L 998.2287, 597.6545, 0.0000, 980.5388, 591.8740, 0.0000, 50, 76, 50
L 980.5388, 591.8740, 0.0000, 968.1927, 579.5576, 0.0000, 50, 76, 50
L 968.1927, 579.5576, 0.0000, 949.7240, 576.4609, 0.0000, 50, 76, 50
L 949.7240, 576.4609, 0.0000, 935.4762, 565.6593, 0.0000, 50, 76, 50
L 935.4762, 565.6593, 0.0000, 938.4032, 547.8833, 0.0000, 50, 76, 50
L 938.4032, 547.8833, 0.0000, 934.7093, 533.7767, 0.0000, 50, 76, 50
L 934.7093, 533.7767, 0.0000, 927.4995, 517.0991, 0.0000, 50, 76, 50
L 927.4995, 517.0991, 0.0000, 940.5366, 504.4652, 0.0000, 50, 76, 50
L 940.5366, 504.4652, 0.0000, 955.5672, 496.2346, 0.0000, 50, 76, 50
L 955.5672, 496.2346, 0.0000, 963.1323, 480.2827, 0.0000, 50, 76, 50
L 963.1323, 480.2827, 0.0000, 979.7559, 473.1083, 0.0000, 50, 76, 50
L 979.7559, 473.1083, 0.0000, 998.2287, 480.1830, 0.0000, 50, 76, 50
L 998.2287, 480.1830, 0.0000, 1015.0886, 478.4053, 0.0000, 50, 76, 50
L 1015.0886, 478.4053, 0.0000, 1034.9379, 477.8243, 0.0000, 50, 76, 50
L 1034.9379, 477.8243, 0.0000, 1044.1159, 493.3960, 0.0000, 50, 76, 50
L 1044.1159, 493.3960, 0.0000, 1051.0822, 506.9235, 0.0000, 50, 76, 50
L 1051.0822, 506.9235, 0.0000, 1067.3450, 517.4794, 0.0000, 50, 76, 50
L 1067.3450, 517.4794, 0.0000, 1068.1996, 533.7767, 0.0000, 50, 76, 50
L 998.2287, 588.5077, 0.0000, 998.2287, 635.8575, 0.0000, 56, 48, 40
L 9990.6489, -865.6155, 0.0000, 9990.6489, -967.9258, 0.0000, 56, 48, 40
L 9918.1791, -967.9258, 0.0000, 9921.7260, -981.0990, 0.0000, 54, 80, 46
L 9921.7260, -981.0990, 0.0000, 9932.0196, -992.9827, 0.0000, 54, 80, 46
L 9932.0196, -992.9827, 0.0000, 9948.0522, -1002.4137, 0.0000, 54, 80, 46
L 9948.0522, -1002.4137, 0.0000, 9968.2545, -1008.4687, 0.0000, 54, 80, 46
L 9968.2545, -1008.4687, 0.0000, 9990.6489, -1010.5551, 0.0000, 54, 80, 46
L 9990.6489, -1010.5551, 0.0000, 10013.0433, -1008.4687, 0.0000, 54, 80, 46
L 10013.0433, -1008.4687, 0.0000, 10033.2455, -1002.4137, 0.0000, 54, 80, 46
L 10033.2455, -1002.4137, 0.0000, 10049.2782, -992.9827, 0.0000, 54, 80, 46
L 10049.2782, -992.9827, 0.0000, 10059.5717, -981.0990, 0.0000, 54, 80, 46
L 10059.5717, -981.0990, 0.0000, 10063.1187, -967.9258, 0.0000, 54, 80, 46
L 9926.2485, -978.0764, 0.0000, 9922.9944, -910.6721, 0.0000, 54, 80, 46
L 9943.5045, -995.6578, 0.0000, 9938.5591, -914.8764, 0.0000, 54, 80, 46
L 9973.3928, -1005.8084, 0.0000, 9972.4877, -917.3037, 0.0000, 54, 80, 46
L 10007.9049, -1005.8084, 0.0000, 10013.5066, -917.3037, 0.0000, 54, 80, 46
L 10037.7932, -995.6578, 0.0000, 10041.0177, -914.8764, 0.0000, 54, 80, 46
L 10055.0493, -978.0764, 0.0000, 10057.7171, -910.6721, 0.0000, 54, 80, 46
L 9639.4981, 1064.1241, 0.0000, 9639.4981, 982.8836, 0.0000, 56, 48, 40
L 9581.9527, 982.8836, 0.0000, 9584.7692, 972.4233, 0.0000, 54, 80, 46
L 9584.7692, 972.4233, 0.0000, 9592.9429, 962.9869, 0.0000, 54, 80, 46
L 9592.9429, 962.9869, 0.0000, 9605.6738, 955.4981, 0.0000, 54, 80, 46
L 9605.6738, 955.4981, 0.0000, 9621.7156, 950.6901, 0.0000, 54, 80, 46
L 9621.7156, 950.6901, 0.0000, 9639.4981, 949.0333, 0.0000, 54, 80, 46
L 9639.4981, 949.0333, 0.0000, 9657.2806, 950.6901, 0.0000, 54, 80, 46
L 9657.2806, 950.6901, 0.0000, 9673.3224, 955.4981, 0.0000, 54, 80, 46
L 9673.3224, 955.4981, 0.0000, 9686.0533, 962.9869, 0.0000, 54, 80, 46
L 9686.0533, 962.9869, 0.0000, 9694.2270, 972.4233, 0.0000, 54, 80, 46
L 9694.2270, 972.4233, 0.0000, 9697.0435, 982.8836, 0.0000, 54, 80, 46
L 9588.3603, 974.8234, 0.0000, 9591.3070, 1028.3464, 0.0000, 54, 80, 46
L 9602.0626, 960.8627, 0.0000, 9602.2670, 1025.0080, 0.0000, 54, 80, 46
L 9625.7957, 952.8025, 0.0000, 9624.3512, 1023.0806, 0.0000, 54, 80, 46
L 9653.2004, 952.8025, 0.0000, 9649.8599, 1023.0806, 0.0000, 54, 80, 46
L 9676.9335, 960.8627, 0.0000, 9673.2140, 1025.0080, 0.0000, 54, 80, 46
L 9690.6359, 974.8234, 0.0000, 9694.9969, 1028.3464, 0.0000, 54, 80, 46
L 11555.0143, 667.2849, 0.0000, 11565.1119, 689.0097, 0.0000, 50, 76, 50
L 11565.1119, 689.0097, 0.0000, 11549.4974, 706.1621, 0.0000, 50, 76, 50
L 11549.4974, 706.1621, 0.0000, 11528.5896, 716.2233, 0.0000, 50, 76, 50
L 11528.5896, 716.2233, 0.0000, 11518.3279, 736.4079, 0.0000, 50, 76, 50
L 11518.3279, 736.4079, 0.0000, 11497.3511, 747.3320, 0.0000, 50, 76, 50
L 11497.3511, 747.3320, 0.0000, 11472.9777, 737.9676, 0.0000, 50, 76, 50
L 11472.9777, 737.9676, 0.0000, 11451.2318, 738.7028, 0.0000, 50, 76, 50
L 11451.2318, 738.7028, 0.0000, 11425.0000, 740.4127, 0.0000, 50, 76, 50
L 11425.0000, 740.4127, 0.0000, 11412.1109, 720.8477, 0.0000, 50, 76, 50
L 11412.1109, 720.8477, 0.0000, 11404.3404, 702.1573, 0.0000, 50, 76, 50
L 11404.3404, 702.1573, 0.0000, 11383.4710, 688.3901, 0.0000, 50, 76, 50
L 11383.4710, 688.3901, 0.0000, 11380.4312, 667.2849, 0.0000, 50, 76, 50
L 11380.4312, 667.2849, 0.0000, 11396.4775, 649.2465, 0.0000, 50, 76, 50
L 11396.4775, 649.2465, 0.0000, 11398.3040, 629.3455, 0.0000, 50, 76, 50
L 11398.3040, 629.3455, 0.0000, 11405.1407, 607.5883, 0.0000, 50, 76, 50
L 11405.1407, 607.5883, 0.0000, 11431.0364, 603.3577, 0.0000, 50, 76, 50
L 11431.0364, 603.3577, 0.0000, 11452.1656, 598.9338, 0.0000, 50, 76, 50
L 11452.1656, 598.9338, 0.0000, 11472.9777, 584.3345, 0.0000, 50, 76, 50
L 11472.9777, 584.3345, 0.0000, 11496.4172, 590.3046, 0.0000, 50, 76, 50
L 11496.4172, 590.3046, 0.0000, 11512.2915, 607.3625, 0.0000, 50, 76, 50
L 11512.2915, 607.3625, 0.0000, 11535.5598, 612.2126, 0.0000, 50, 76, 50
L 11535.5598, 612.2126, 0.0000, 11555.5338, 625.3407, 0.0000, 50, 76, 50
L 11555.5338, 625.3407, 0.0000, 11552.1053, 648.6269, 0.0000, 50, 76, 50
L 11552.1053, 648.6269, 0.0000, 11555.0143, 667.2849, 0.0000, 50, 76, 50
L 11472.9777, 738.8639, 0.0000, 11472.9777, 800.7896, 0.0000, 56, 48, 40
L 2760.1210, 2841.6474, 0.0000, 2760.8343, 2859.0251, 0.0000, 50, 76, 50
L 2760.8343, 2859.0251, 0.0000, 2743.5262, 2870.2975, 0.0000, 50, 76, 50
L 2743.5262, 2870.2975, 0.0000, 2734.9295, 2883.7057, 0.0000, 50, 76, 50
L 2734.9295, 2883.7057, 0.0000, 2725.8823, 2900.7046, 0.0000, 50, 76, 50
L 2725.8823, 2900.7046, 0.0000, 2705.2250, 2901.0552, 0.0000, 50, 76, 50
L 2705.2250, 2901.0552, 0.0000, 2687.1360, 2897.8998, 0.0000, 50, 76, 50
L 2687.1360, 2897.8998, 0.0000, 2667.8244, 2905.0706, 0.0000, 50, 76, 50
L 2667.8244, 2905.0706, 0.0000, 2649.6124, 2898.8411, 0.0000, 50, 76, 50
L 2649.6124, 2898.8411, 0.0000, 2641.7878, 2881.5538, 0.0000, 50, 76, 50
L 2641.7878, 2881.5538, 0.0000, 2627.0779, 2872.1610, 0.0000, 50, 76, 50
L 2627.0779, 2872.1610, 0.0000, 2612.2151, 2859.3134, 0.0000, 50, 76, 50
L 2612.2151, 2859.3134, 0.0000, 2619.0415, 2841.6474, 0.0000, 50, 76, 50
L 2619.0415, 2841.6474, 0.0000, 2624.5619, 2826.8927, 0.0000, 50, 76, 50
L 2624.5619, 2826.8927, 0.0000, 2621.3478, 2808.2225, 0.0000, 50, 76, 50
L 2621.3478, 2808.2225, 0.0000, 2635.1712, 2795.9183, 0.0000, 50, 76, 50
L 2635.1712, 2795.9183, 0.0000, 2655.3425, 2793.1876, 0.0000, 50, 76, 50
L 2655.3425, 2793.1876, 0.0000, 2668.7109, 2781.1355, 0.0000, 50, 76, 50
L 2668.7109, 2781.1355, 0.0000, 2687.1360, 2773.7498, 0.0000, 50, 76, 50
L 2687.1360, 2773.7498, 0.0000, 2704.3385, 2785.1509, 0.0000, 50, 76, 50
L 2704.3385, 2785.1509, 0.0000, 2720.1521, 2791.3240, 0.0000, 50, 76, 50
L 2720.1521, 2791.3240, 0.0000, 2741.5461, 2793.7665, 0.0000, 50, 76, 50
L 2741.5461, 2793.7665, 0.0000, 2749.2564, 2810.0860, 0.0000, 50, 76, 50
L 2749.2564, 2810.0860, 0.0000, 2748.4875, 2827.1810, 0.0000, 50, 76, 50
L 2748.4875, 2827.1810, 0.0000, 2760.1210, 2841.6474, 0.0000, 50, 76, 50
L 2687.1360, 2899.4900, 0.0000, 2687.1360, 2949.5317, 0.0000, 56, 48, 40
L 14110.0134, 164.5947, 0.0000, 14099.8067, 181.6013, 0.0000, 50, 76, 50
L 14099.8067, 181.6013, 0.0000, 14086.4471, 194.4512, 0.0000, 50, 76, 50
L 14086.4471, 194.4512, 0.0000, 14083.5754, 213.7806, 0.0000, 50, 76, 50
L 14083.5754, 213.7806, 0.0000, 14067.7152, 225.6130, 0.0000, 50, 76, 50
L 14067.7152, 225.6130, 0.0000, 14045.3721, 222.6917, 0.0000, 50, 76, 50
L 14045.3721, 222.6917, 0.0000, 14027.6823, 229.1802, 0.0000, 50, 76, 50
L 14027.6823, 229.1802, 0.0000, 14006.3300, 234.7201, 0.0000, 50, 76, 50
L 14006.3300, 234.7201, 0.0000, 13991.3119, 220.0306, 0.0000, 50, 76, 50
L 13991.3119, 220.0306, 0.0000, 13979.1142, 207.3346, 0.0000, 50, 76, 50
L 13979.1142, 207.3346, 0.0000, 13957.9300, 200.0336, 0.0000, 50, 76, 50
L 13957.9300, 200.0336, 0.0000, 13951.8954, 182.4649, 0.0000, 50, 76, 50
L 13951.8954, 182.4649, 0.0000, 13960.0013, 164.5947, 0.0000, 50, 76, 50
L 13960.0013, 164.5947, 0.0000, 13954.9061, 147.4344, 0.0000, 50, 76, 50
L 13954.9061, 147.4344, 0.0000, 13956.5327, 128.4458, 0.0000, 50, 76, 50
L 13956.5327, 128.4458, 0.0000, 13977.5008, 120.4349, 0.0000, 50, 76, 50
L 13977.5008, 120.4349, 0.0000, 13992.7092, 111.2884, 0.0000, 50, 76, 50
L 13992.7092, 111.2884, 0.0000, 14006.5461, 95.1791, 0.0000, 50, 76, 50
L 14006.5461, 95.1791, 0.0000, 14027.6823, 97.1695, 0.0000, 50, 76, 50
L 14027.6823, 97.1695, 0.0000, 14045.1560, 107.2076, 0.0000, 50, 76, 50
L 14045.1560, 107.2076, 0.0000, 14066.3180, 105.7060, 0.0000, 50, 76, 50
L 14066.3180, 105.7060, 0.0000, 14085.1889, 113.9889, 0.0000, 50, 76, 50
L 14085.1889, 113.9889, 0.0000, 14087.8444, 134.0282, 0.0000, 50, 76, 50
L 14087.8444, 134.0282, 0.0000, 14096.7960, 148.2980, 0.0000, 50, 76, 50
L 14096.7960, 148.2980, 0.0000, 14110.0134, 164.5947, 0.0000, 50, 76, 50
L 14027.6823, 226.0996, 0.0000, 14027.6823, 279.3098, 0.0000, 56, 48, 40
L 265.1908, 1770.1691, 0.0000, 265.1908, 1735.9624, 0.0000, 56, 48, 40
L 201.0533, 1742.3762, 0.0000, 265.1908, 1691.6006, 0.0000, 46, 72, 48
L 265.1908, 1691.6006, 0.0000, 329.3283, 1742.3762, 0.0000, 46, 72, 48
L 201.0533, 1742.3762, 0.0000, 329.3283, 1742.3762, 0.0000, 46, 72, 48
L 210.9946, 1699.6178, 0.0000, 265.1908, 1648.8423, 0.0000, 46, 72, 48
L 265.1908, 1648.8423, 0.0000, 319.3870, 1699.6178, 0.0000, 46, 72, 48
L 210.9946, 1699.6178, 0.0000, 319.3870, 1699.6178, 0.0000, 46, 72, 48
L 220.9359, 1656.8595, 0.0000, 265.1908, 1606.0840, 0.0000, 46, 72, 48
L 265.1908, 1606.0840, 0.0000, 309.4456, 1656.8595, 0.0000, 46, 72, 48
L 220.9359, 1656.8595, 0.0000, 309.4456, 1656.8595, 0.0000, 46, 72, 48
L 230.8772, 1614.1011, 0.0000, 265.1908, 1563.3256, 0.0000, 46, 72, 48
L 265.1908, 1563.3256, 0.0000, 299.5043, 1614.1011, 0.0000, 46, 72, 48
L 230.8772, 1614.1011, 0.0000, 299.5043, 1614.1011, 0.0000, 46, 72, 48
L 4485.3436, 2640.8019, 0.0000, 4485.3436, 2612.6525, 0.0000, 56, 48, 40
L 4432.5634, 2617.9305, 0.0000, 4485.3436, 2576.1462, 0.0000, 46, 72, 48
L 4485.3436, 2576.1462, 0.0000, 4538.1238, 2617.9305, 0.0000, 46, 72, 48
L 4432.5634, 2617.9305, 0.0000, 4538.1238, 2617.9305, 0.0000, 46, 72, 48
L 4440.7443, 2582.7437, 0.0000, 4485.3436, 2540.9594, 0.0000, 46, 72, 48
L 4485.3436, 2540.9594, 0.0000, 4529.9428, 2582.7437, 0.0000, 46, 72, 48
L 4440.7443, 2582.7437, 0.0000, 4529.9428, 2582.7437, 0.0000, 46, 72, 48
L 4448.9252, 2547.5569, 0.0000, 4485.3436, 2505.7726, 0.0000, 46, 72, 48
L 4485.3436, 2505.7726, 0.0000, 4521.7619, 2547.5569, 0.0000, 46, 72, 48
L 4448.9252, 2547.5569, 0.0000, 4521.7619, 2547.5569, 0.0000, 46, 72, 48
L 4457.1062, 2512.3701, 0.0000, 4485.3436, 2470.5858, 0.0000, 46, 72, 48
L 4485.3436, 2470.5858, 0.0000, 4513.5810, 2512.3701, 0.0000, 46, 72, 48
L 4457.1062, 2512.3701, 0.0000, 4513.5810, 2512.3701, 0.0000, 46, 72, 48
L 3416.4997, 1785.4511, 0.0000, 3416.4997, 1748.8977, 0.0000, 56, 48, 40
L 3347.9621, 1755.7515, 0.0000, 3416.4997, 1701.4925, 0.0000, 46, 72, 48
L 3416.4997, 1701.4925, 0.0000, 3485.0373, 1755.7515, 0.0000, 46, 72, 48
L 3347.9621, 1755.7515, 0.0000, 3485.0373, 1755.7515, 0.0000, 46, 72, 48
L 3358.5854, 1710.0597, 0.0000, 3416.4997, 1655.8008, 0.0000, 46, 72, 48
L 3416.4997, 1655.8008, 0.0000, 3474.4140, 1710.0597, 0.0000, 46, 72, 48
L 3358.5854, 1710.0597, 0.0000, 3474.4140, 1710.0597, 0.0000, 46, 72, 48
L 3369.2088, 1664.3680, 0.0000, 3416.4997, 1610.1091, 0.0000, 46, 72, 48
L 3416.4997, 1610.1091, 0.0000, 3463.7906, 1664.3680, 0.0000, 46, 72, 48
L 3369.2088, 1664.3680, 0.0000, 3463.7906, 1664.3680, 0.0000, 46, 72, 48
L 3379.8321, 1618.6763, 0.0000, 3416.4997, 1564.4174, 0.0000, 46, 72, 48
L 3416.4997, 1564.4174, 0.0000, 3453.1673, 1618.6763, 0.0000, 46, 72, 48
L 3379.8321, 1618.6763, 0.0000, 3453.1673, 1618.6763, 0.0000, 46, 72, 48
L 3924.2975, 2296.0429, 0.0000, 3932.0351, 2311.6347, 0.0000, 50, 76, 50
L 3932.0351, 2311.6347, 0.0000, 3923.0477, 2325.0722, 0.0000, 50, 76, 50
L 3923.0477, 2325.0722, 0.0000, 3906.3503, 2331.6294, 0.0000, 50, 76, 50
L 3906.3503, 2331.6294, 0.0000, 3898.0204, 2344.9841, 0.0000, 50, 76, 50
L 3898.0204, 2344.9841, 0.0000, 3883.8644, 2355.0052, 0.0000, 50, 76, 50
L 3883.8644, 2355.0052, 0.0000, 3865.9111, 2348.5549, 0.0000, 50, 76, 50
L 3865.9111, 2348.5549, 0.0000, 3850.5002, 2346.6552, 0.0000, 50, 76, 50
L 3850.5002, 2346.6552, 0.0000, 3831.2593, 2348.8593, 0.0000, 50, 76, 50
L 3831.2593, 2348.8593, 0.0000, 3820.3869, 2336.1042, 0.0000, 50, 76, 50
L 3820.3869, 2336.1042, 0.0000, 3816.4018, 2321.1970, 0.0000, 50, 76, 50
L 3816.4018, 2321.1970, 0.0000, 3802.3295, 2311.0352, 0.0000, 50, 76, 50
L 3802.3295, 2311.0352, 0.0000, 3797.3548, 2296.0429, 0.0000, 50, 76, 50
L 3797.3548, 2296.0429, 0.0000, 3809.4179, 2282.7221, 0.0000, 50, 76, 50
L 3809.4179, 2282.7221, 0.0000, 3813.1121, 2269.2174, 0.0000, 50, 76, 50
L 3813.1121, 2269.2174, 0.0000, 3816.5883, 2252.6388, 0.0000, 50, 76, 50
L 3816.5883, 2252.6388, 0.0000, 3834.5490, 2248.2408, 0.0000, 50, 76, 50
L 3834.5490, 2248.2408, 0.0000, 3851.0092, 2247.1020, 0.0000, 50, 76, 50
L 3851.0092, 2247.1020, 0.0000, 3865.9111, 2236.8453, 0.0000, 50, 76, 50
L 3865.9111, 2236.8453, 0.0000, 3883.3554, 2238.7521, 0.0000, 50, 76, 50
L 3883.3554, 2238.7521, 0.0000, 3894.7306, 2252.1160, 0.0000, 50, 76, 50
L 3894.7306, 2252.1160, 0.0000, 3910.1490, 2257.1136, 0.0000, 50, 76, 50
L 3910.1490, 2257.1136, 0.0000, 3926.3374, 2265.3422, 0.0000, 50, 76, 50
L 3926.3374, 2265.3422, 0.0000, 3924.9467, 2282.1226, 0.0000, 50, 76, 50
L 3924.9467, 2282.1226, 0.0000, 3924.2975, 2296.0429, 0.0000, 50, 76, 50
L 3865.9111, 2348.0894, 0.0000, 3865.9111, 2393.1167, 0.0000, 56, 48, 40
L 6902.0546, 198.1961, 0.0000, 6902.0546, 167.4008, 0.0000, 56, 48, 40
L 6844.3133, 173.1749, 0.0000, 6902.0546, 127.4630, 0.0000, 46, 72, 48
L 6902.0546, 127.4630, 0.0000, 6959.7959, 173.1749, 0.0000, 46, 72, 48
L 6844.3133, 173.1749, 0.0000, 6959.7959, 173.1749, 0.0000, 46, 72, 48
L 6853.2632, 134.6807, 0.0000, 6902.0546, 88.9688, 0.0000, 46, 72, 48
L 6902.0546, 88.9688, 0.0000, 6950.8460, 134.6807, 0.0000, 46, 72, 48
L 6853.2632, 134.6807, 0.0000, 6950.8460, 134.6807, 0.0000, 46, 72, 48
L 6862.2131, 96.1865, 0.0000, 6902.0546, 50.4746, 0.0000, 46, 72, 48
L 6902.0546, 50.4746, 0.0000, 6941.8961, 96.1865, 0.0000, 46, 72, 48
L 6862.2131, 96.1865, 0.0000, 6941.8961, 96.1865, 0.0000, 46, 72, 48
L 6871.1630, 57.6923, 0.0000, 6902.0546, 11.9804, 0.0000, 46, 72, 48
L 6902.0546, 11.9804, 0.0000, 6932.9462, 57.6923, 0.0000, 46, 72, 48
L 6871.1630, 57.6923, 0.0000, 6932.9462, 57.6923, 0.0000, 46, 72, 48
L 10687.4475, 3513.5628, 0.0000, 10687.4475, 3421.0129, 0.0000, 56, 48, 40
L 10621.8913, 3421.0129, 0.0000, 10625.0999, 3409.0964, 0.0000, 54, 80, 46
L 10625.0999, 3409.0964, 0.0000, 10634.4114, 3398.3464, 0.0000, 54, 80, 46
L 10634.4114, 3398.3464, 0.0000, 10648.9145, 3389.8152, 0.0000, 54, 80, 46
L 10648.9145, 3389.8152, 0.0000, 10667.1895, 3384.3378, 0.0000, 54, 80, 46
L 10667.1895, 3384.3378, 0.0000, 10687.4475, 3382.4504, 0.0000, 54, 80, 46
L 10687.4475, 3382.4504, 0.0000, 10707.7055, 3384.3378, 0.0000, 54, 80, 46
L 10707.7055, 3384.3378, 0.0000, 10725.9805, 3389.8152, 0.0000, 54, 80, 46
L 10725.9805, 3389.8152, 0.0000, 10740.4836, 3398.3464, 0.0000, 54, 80, 46
L 10740.4836, 3398.3464, 0.0000, 10749.7952, 3409.0964, 0.0000, 54, 80, 46
L 10749.7952, 3409.0964, 0.0000, 10753.0037, 3421.0129, 0.0000, 54, 80, 46
L 10629.1909, 3411.8306, 0.0000, 10634.8050, 3472.8046, 0.0000, 54, 80, 46
L 10644.8007, 3395.9265, 0.0000, 10644.7831, 3469.0014, 0.0000, 54, 80, 46
L 10671.8377, 3386.7442, 0.0000, 10672.8293, 3466.8057, 0.0000, 54, 80, 46
L 10703.0573, 3386.7442, 0.0000, 10705.5724, 3466.8057, 0.0000, 54, 80, 46
L 10730.0944, 3395.9265, 0.0000, 10733.7969, 3469.0014, 0.0000, 54, 80, 46
L 10745.7042, 3411.8306, 0.0000, 10740.2239, 3472.8046, 0.0000, 54, 80, 46
L 8751.3469, -336.7371, 0.0000, 8738.3652, -322.1344, 0.0000, 50, 76, 50
L 8738.3652, -322.1344, 0.0000, 8732.9738, -308.0119, 0.0000, 50, 76, 50
L 8732.9738, -308.0119, 0.0000, 8729.8052, -289.7720, 0.0000, 50, 76, 50
L 8729.8052, -289.7720, 0.0000, 8710.9507, -284.1292, 0.0000, 50, 76, 50
L 8710.9507, -284.1292, 0.0000, 8692.5279, -283.8872, 0.0000, 50, 76, 50
L 8692.5279, -283.8872, 0.0000, 8676.4358, -273.2281, 0.0000, 50, 76, 50
L 8676.4358, -273.2281, 0.0000, 8657.3218, -273.9629, 0.0000, 50, 76, 50
L 8657.3218, -273.9629, 0.0000, 8644.9427, -288.7351, 0.0000, 50, 76, 50
L 8644.9427, -288.7351, 0.0000, 8629.1100, -295.0904, 0.0000, 50, 76, 50
L 8629.1100, -295.0904, 0.0000, 8610.8323, -303.4060, 0.0000, 50, 76, 50
L 8610.8323, -303.4060, 0.0000, 8611.4846, -321.4219, 0.0000, 50, 76, 50
L 8611.4846, -321.4219, 0.0000, 8613.6119, -336.7371, 0.0000, 50, 76, 50
L 8613.6119, -336.7371, 0.0000, 8605.3234, -353.5050, 0.0000, 50, 76, 50
L 8605.3234, -353.5050, 0.0000, 8613.6918, -368.6153, 0.0000, 50, 76, 50
L 8613.6918, -368.6153, 0.0000, 8632.4118, -375.4781, 0.0000, 50, 76, 50
L 8632.4118, -375.4781, 0.0000, 8642.0832, -389.0974, 0.0000, 50, 76, 50
L 8642.0832, -389.0974, 0.0000, 8656.8795, -400.9640, 0.0000, 50, 76, 50
L 8656.8795, -400.9640, 0.0000, 8676.4358, -394.4349, 0.0000, 50, 76, 50
L 8676.4358, -394.4349, 0.0000, 8692.9703, -391.0397, 0.0000, 50, 76, 50
L 8692.9703, -391.0397, 0.0000, 8713.8102, -393.7032, 0.0000, 50, 76, 50
L 8713.8102, -393.7032, 0.0000, 8726.5034, -380.7966, 0.0000, 50, 76, 50
L 8726.5034, -380.7966, 0.0000, 8730.1143, -364.0094, 0.0000, 50, 76, 50
L 8730.1143, -364.0094, 0.0000, 8744.5264, -352.7925, 0.0000, 50, 76, 50
L 8744.5264, -352.7925, 0.0000, 8751.3469, -336.7371, 0.0000, 50, 76, 50
L 8676.4358, -280.2657, 0.0000, 8676.4358, -231.4103, 0.0000, 56, 48, 40
L 8448.2246, -888.8623, 0.0000, 8437.3171, -872.3868, 0.0000, 50, 76, 50
L 8437.3171, -872.3868, 0.0000, 8439.9500, -852.0249, 0.0000, 50, 76, 50
L 8439.9500, -852.0249, 0.0000, 8428.4479, -835.1798, 0.0000, 50, 76, 50
L 8428.4479, -835.1798, 0.0000, 8404.2284, -832.7970, 0.0000, 50, 76, 50
L 8404.2284, -832.7970, 0.0000, 8387.5277, -822.9068, 0.0000, 50, 76, 50
L 8387.5277, -822.9068, 0.0000, 8367.4451, -811.2346, 0.0000, 50, 76, 50
L 8367.4451, -811.2346, 0.0000, 8347.0788, -821.9752, 0.0000, 50, 76, 50
L 8347.0788, -821.9752, 0.0000, 8330.9454, -833.2293, 0.0000, 50, 76, 50
L 8330.9454, -833.2293, 0.0000, 8307.0095, -835.6791, 0.0000, 50, 76, 50
L 8307.0095, -835.6791, 0.0000, 8294.0892, -851.5925, 0.0000, 50, 76, 50
L 8294.0892, -851.5925, 0.0000, 8297.2893, -872.3199, 0.0000, 50, 76, 50
L 8297.2893, -872.3199, 0.0000, 8287.8001, -888.8623, 0.0000, 50, 76, 50
L 8287.8001, -888.8623, 0.0000, 8282.3590, -908.9252, 0.0000, 50, 76, 50
L 8282.3590, -908.9252, 0.0000, 8301.0184, -922.6116, 0.0000, 50, 76, 50
L 8301.0184, -922.6116, 0.0000, 8315.0107, -935.0046, 0.0000, 50, 76, 50
L 8315.0107, -935.0046, 0.0000, 8324.0162, -955.0568, 0.0000, 50, 76, 50
L 8324.0162, -955.0568, 0.0000, 8346.0068, -959.2699, 0.0000, 50, 76, 50
L 8346.0068, -959.2699, 0.0000, 8367.4451, -952.4081, 0.0000, 50, 76, 50
L 8367.4451, -952.4081, 0.0000, 8388.5997, -958.3384, 0.0000, 50, 76, 50
L 8388.5997, -958.3384, 0.0000, 8411.1576, -955.4892, 0.0000, 50, 76, 50
L 8411.1576, -955.4892, 0.0000, 8420.4467, -935.5038, 0.0000, 50, 76, 50
L 8420.4467, -935.5038, 0.0000, 8433.0208, -922.1793, 0.0000, 50, 76, 50
L 8433.0208, -922.1793, 0.0000, 8452.2475, -908.8583, 0.0000, 50, 76, 50
L 8452.2475, -908.8583, 0.0000, 8448.2246, -888.8623, 0.0000, 50, 76, 50
L 8367.4451, -823.0883, 0.0000, 8367.4451, -766.1848, 0.0000, 56, 48, 40
L 1862.9693, -1355.5394, 0.0000, 1863.5785, -1342.4818, 0.0000, 50, 76, 50
L 1863.5785, -1342.4818, 0.0000, 1864.8829, -1326.7414, 0.0000, 50, 76, 50
L 1864.8829, -1326.7414, 0.0000, 1849.6976, -1319.0228, 0.0000, 50, 76, 50
L 1849.6976, -1319.0228, 0.0000, 1835.2350, -1314.3348, 0.0000, 50, 76, 50
L 1835.2350, -1314.3348, 0.0000, 1824.5647, -1301.7991, 0.0000, 50, 76, 50
L 1824.5647, -1301.7991, 0.0000, 1808.2014, -1300.0107, 0.0000, 50, 76, 50
L 1808.2014, -1300.0107, 0.0000, 1794.2231, -1309.6317, 0.0000, 50, 76, 50
L 1794.2231, -1309.6317, 0.0000, 1778.7830, -1310.6997, 0.0000, 50, 76, 50
L 1778.7830, -1310.6997, 0.0000, 1761.9354, -1314.8253, 0.0000, 50, 76, 50
L 1761.9354, -1314.8253, 0.0000, 1758.6748, -1330.3765, 0.0000, 50, 76, 50
L 1758.6748, -1330.3765, 0.0000, 1755.2093, -1343.0441, 0.0000, 50, 76, 50
L 1755.2093, -1343.0441, 0.0000, 1743.8938, -1355.5394, 0.0000, 50, 76, 50
L 1743.8938, -1355.5394, 0.0000, 1748.5605, -1369.6025, 0.0000, 50, 76, 50
L 1748.5605, -1369.6025, 0.0000, 1761.7605, -1379.1346, 0.0000, 50, 76, 50
L 1761.7605, -1379.1346, 0.0000, 1765.4985, -1393.1180, 0.0000, 50, 76, 50
L 1765.4985, -1393.1180, 0.0000, 1775.6972, -1405.0825, 0.0000, 50, 76, 50
L 1775.6972, -1405.0825, 0.0000, 1793.7457, -1403.0149, 0.0000, 50, 76, 50
L 1793.7457, -1403.0149, 0.0000, 1808.2014, -1404.7971, 0.0000, 50, 76, 50
L 1808.2014, -1404.7971, 0.0000, 1825.0421, -1410.8476, 0.0000, 50, 76, 50
L 1825.0421, -1410.8476, 0.0000, 1838.3207, -1401.4474, 0.0000, 50, 76, 50
L 1838.3207, -1401.4474, 0.0000, 1846.1345, -1388.9205, 0.0000, 50, 76, 50
L 1846.1345, -1388.9205, 0.0000, 1861.7972, -1382.7697, 0.0000, 50, 76, 50
L 1861.7972, -1382.7697, 0.0000, 1870.2273, -1370.1649, 0.0000, 50, 76, 50
L 1870.2273, -1370.1649, 0.0000, 1862.9693, -1355.5394, 0.0000, 50, 76, 50
L 1808.2014, -1306.7185, 0.0000, 1808.2014, -1264.4817, 0.0000, 56, 48, 40
L 7072.6038, 2381.2032, 0.0000, 7072.6038, 2347.4253, 0.0000, 56, 48, 40
L 7009.2702, 2353.7587, 0.0000, 7072.6038, 2303.6195, 0.0000, 46, 72, 48
L 7072.6038, 2303.6195, 0.0000, 7135.9375, 2353.7587, 0.0000, 46, 72, 48
L 7009.2702, 2353.7587, 0.0000, 7135.9375, 2353.7587, 0.0000, 46, 72, 48
L 7019.0869, 2311.5362, 0.0000, 7072.6038, 2261.3971, 0.0000, 46, 72, 48
L 7072.6038, 2261.3971, 0.0000, 7126.1208, 2311.5362, 0.0000, 46, 72, 48
L 7019.0869, 2311.5362, 0.0000, 7126.1208, 2311.5362, 0.0000, 46, 72, 48
L 7028.9036, 2269.3138, 0.0000, 7072.6038, 2219.1746, 0.0000, 46, 72, 48
L 7072.6038, 2219.1746, 0.0000, 7116.3040, 2269.3138, 0.0000, 46, 72, 48
L 7028.9036, 2269.3138, 0.0000, 7116.3040, 2269.3138, 0.0000, 46, 72, 48
L 7038.7203, 2227.0913, 0.0000, 7072.6038, 2176.9522, 0.0000, 46, 72, 48
L 7072.6038, 2176.9522, 0.0000, 7106.4873, 2227.0913, 0.0000, 46, 72, 48
L 7038.7203, 2227.0913, 0.0000, 7106.4873, 2227.0913, 0.0000, 46, 72, 48
L 15235.2048, 676.0462, 0.0000, 15242.7681, 698.7427, 0.0000, 50, 76, 50
L 15242.7681, 698.7427, 0.0000, 15222.5735, 714.6901, 0.0000, 50, 76, 50
L 15222.5735, 714.6901, 0.0000, 15205.1949, 727.6862, 0.0000, 50, 76, 50
L 15205.1949, 727.6862, 0.0000, 15195.1714, 750.2115, 0.0000, 50, 76, 50
L 15195.1714, 750.2115, 0.0000, 15171.0332, 756.5752, 0.0000, 50, 76, 50
L 15171.0332, 756.5752, 0.0000, 15146.5131, 747.9817, 0.0000, 50, 76, 50
L 15146.5131, 747.9817, 0.0000, 15122.9479, 753.4393, 0.0000, 50, 76, 50
L 15122.9479, 753.4393, 0.0000, 15096.8999, 751.6669, 0.0000, 50, 76, 50
L 15096.8999, 751.6669, 0.0000, 15085.9217, 729.3667, 0.0000, 50, 76, 50
L 15085.9217, 729.3667, 0.0000, 15073.3173, 713.2347, 0.0000, 50, 76, 50
L 15073.3173, 713.2347, 0.0000, 15051.2129, 698.5176, 0.0000, 50, 76, 50
L 15051.2129, 698.5176, 0.0000, 15054.0020, 676.0462, 0.0000, 50, 76, 50
L 15054.0020, 676.0462, 0.0000, 15067.7396, 657.4718, 0.0000, 50, 76, 50
L 15067.7396, 657.4718, 0.0000, 15065.6472, 634.9609, 0.0000, 50, 76, 50
L 15065.6472, 634.9609, 0.0000, 15077.0651, 614.9320, 0.0000, 50, 76, 50
L 15077.0651, 614.9320, 0.0000, 15104.5700, 612.1163, 0.0000, 50, 76, 50
L 15104.5700, 612.1163, 0.0000, 15124.1344, 602.5501, 0.0000, 50, 76, 50
L 15124.1344, 602.5501, 0.0000, 15146.5131, 588.5232, 0.0000, 50, 76, 50
L 15146.5131, 588.5232, 0.0000, 15169.8466, 599.4142, 0.0000, 50, 76, 50
L 15169.8466, 599.4142, 0.0000, 15187.5014, 613.5717, 0.0000, 50, 76, 50
L 15187.5014, 613.5717, 0.0000, 15214.0514, 616.6125, 0.0000, 50, 76, 50
L 15214.0514, 616.6125, 0.0000, 15230.2436, 633.5055, 0.0000, 50, 76, 50
L 15230.2436, 633.5055, 0.0000, 15226.2415, 657.2467, 0.0000, 50, 76, 50
L 15226.2415, 657.2467, 0.0000, 15235.2048, 676.0462, 0.0000, 50, 76, 50
L 15146.5131, 750.3394, 0.0000, 15146.5131, 814.6132, 0.0000, 56, 48, 40
L 8773.1007, 2311.2736, 0.0000, 8769.3567, 2327.0252, 0.0000, 50, 76, 50
L 8769.3567, 2327.0252, 0.0000, 8754.0921, 2337.4582, 0.0000, 50, 76, 50
L 8754.0921, 2337.4582, 0.0000, 8749.1474, 2352.2753, 0.0000, 50, 76, 50
L 8749.1474, 2352.2753, 0.0000, 8738.6731, 2366.3255, 0.0000, 50, 76, 50
L 8738.6731, 2366.3255, 0.0000, 8718.7491, 2364.4598, 0.0000, 50, 76, 50
L 8718.7491, 2364.4598, 0.0000, 8702.5546, 2365.1557, 0.0000, 50, 76, 50
L 8702.5546, 2365.1557, 0.0000, 8684.0258, 2372.1261, 0.0000, 50, 76, 50
L 8684.0258, 2372.1261, 0.0000, 8668.7704, 2362.7676, 0.0000, 50, 76, 50
L 8668.7704, 2362.7676, 0.0000, 8660.6304, 2348.1669, 0.0000, 50, 76, 50
L 8660.6304, 2348.1669, 0.0000, 8644.0142, 2341.0161, 0.0000, 50, 76, 50
L 8644.0142, 2341.0161, 0.0000, 8633.4182, 2327.5756, 0.0000, 50, 76, 50
L 8633.4182, 2327.5756, 0.0000, 8641.3457, 2311.2736, 0.0000, 50, 76, 50
L 8641.3457, 2311.2736, 0.0000, 8642.0912, 2297.0166, 0.0000, 50, 76, 50
L 8642.0912, 2297.0166, 0.0000, 8639.9890, 2279.4860, 0.0000, 50, 76, 50
L 8639.9890, 2279.4860, 0.0000, 8655.9826, 2270.2902, 0.0000, 50, 76, 50
L 8655.9826, 2270.2902, 0.0000, 8672.7956, 2265.9148, 0.0000, 50, 76, 50
L 8672.7956, 2265.9148, 0.0000, 8684.6485, 2252.4662, 0.0000, 50, 76, 50
L 8684.6485, 2252.4662, 0.0000, 8702.5546, 2249.2113, 0.0000, 50, 76, 50
L 8702.5546, 2249.2113, 0.0000, 8718.1264, 2260.1325, 0.0000, 50, 76, 50
L 8718.1264, 2260.1325, 0.0000, 8734.6479, 2262.3568, 0.0000, 50, 76, 50
L 8734.6479, 2262.3568, 0.0000, 8753.7952, 2266.1819, 0.0000, 50, 76, 50
L 8753.7952, 2266.1819, 0.0000, 8758.1173, 2283.0440, 0.0000, 50, 76, 50
L 8758.1173, 2283.0440, 0.0000, 8760.6837, 2297.5670, 0.0000, 50, 76, 50
L 8760.6837, 2297.5670, 0.0000, 8773.1007, 2311.2736, 0.0000, 50, 76, 50
L 8702.5546, 2365.2931, 0.0000, 8702.5546, 2412.0274, 0.0000, 56, 48, 40
L 631.4205, -1240.6687, 0.0000, 663.7370, -1342.1690, 0.0000, 56, 84, 48
L 653.7505, -1240.6687, 0.0000, 676.3721, -1313.7489, 0.0000, 56, 84, 48
L 836.6678, -1257.6684, 0.0000, 823.8635, -1359.3044, 0.0000, 72, 102, 60
L 859.0277, -1257.6684, 0.0000, 850.0647, -1330.8463, 0.0000, 72, 102, 60
L 1610.1589, -1235.3804, 0.0000, 1625.2366, -1352.6141, 0.0000, 56, 84, 48
L 1635.9502, -1235.3804, 0.0000, 1646.5047, -1319.7886, 0.0000, 56, 84, 48
L 1886.5519, -1253.6907, 0.0000, 1867.5018, -1340.7474, 0.0000, 72, 102, 60
L 1905.7044, -1253.6907, 0.0000, 1892.3694, -1316.3715, 0.0000, 72, 102, 60
L 2174.5606, -1338.9294, 0.0000, 2188.8037, -1455.2477, 0.0000, 72, 102, 60
L 2200.1506, -1338.9294, 0.0000, 2210.1208, -1422.6786, 0.0000, 72, 102, 60
L 2449.2313, -1206.2792, 0.0000, 2458.8109, -1297.3729, 0.0000, 56, 84, 48
L 2469.2719, -1206.2792, 0.0000, 2475.9777, -1271.8666, 0.0000, 56, 84, 48
L 2873.7553, -1335.9829, 0.0000, 2858.6587, -1452.6484, 0.0000, 96, 124, 78
L 2899.4217, -1335.9829, 0.0000, 2888.8541, -1419.9820, 0.0000, 96, 124, 78
L 4720.9976, -1223.3798, 0.0000, 4715.6759, -1314.8707, 0.0000, 72, 102, 60
L 4741.1256, -1223.3798, 0.0000, 4737.4004, -1289.2532, 0.0000, 72, 102, 60
L 4961.6003, -1212.4693, 0.0000, 4960.2458, -1297.9147, 0.0000, 56, 84, 48
L 4980.3983, -1212.4693, 0.0000, 4979.4501, -1273.9900, 0.0000, 56, 84, 48
L 6770.8135, -1238.2985, 0.0000, 6756.2529, -1336.9008, 0.0000, 96, 124, 78
L 6792.5060, -1238.2985, 0.0000, 6782.3136, -1309.2921, 0.0000, 96, 124, 78
L 6992.8312, -1344.1459, 0.0000, 6961.6513, -1461.3626, 0.0000, 96, 124, 78
L 7018.6189, -1344.1459, 0.0000, 6996.7930, -1428.5419, 0.0000, 96, 124, 78
L 7220.5456, -1230.6418, 0.0000, 7252.5460, -1345.9183, 0.0000, 96, 124, 78
L 7245.9064, -1230.6418, 0.0000, 7268.3067, -1313.6409, 0.0000, 96, 124, 78
L 8347.1774, -1273.5777, 0.0000, 8370.1421, -1352.9963, 0.0000, 72, 102, 60
L 8364.6495, -1273.5777, 0.0000, 8380.7248, -1330.7591, 0.0000, 72, 102, 60
L 8521.5801, -1204.5339, 0.0000, 8540.7262, -1301.4139, 0.0000, 96, 124, 78
L 8542.8937, -1204.5339, 0.0000, 8556.2960, -1274.2875, 0.0000, 96, 124, 78
L 8790.1082, -1272.0837, 0.0000, 8807.3158, -1356.3647, 0.0000, 56, 84, 48
L 8808.6500, -1272.0837, 0.0000, 8820.6954, -1332.7660, 0.0000, 56, 84, 48
L 9886.3937, -1221.4364, 0.0000, 9867.2945, -1329.8195, 0.0000, 56, 84, 48
L 9910.2380, -1221.4364, 0.0000, 9896.8686, -1299.4723, 0.0000, 56, 84, 48
L 10611.4664, -1228.0822, 0.0000, 10576.7908, -1337.2379, 0.0000, 56, 84, 48
L 10635.4806, -1228.0822, 0.0000, 10611.2077, -1306.6743, 0.0000, 56, 84, 48
L 11615.4908, -1343.5733, 0.0000, 11621.7883, -1447.4433, 0.0000, 72, 102, 60
L 11638.3422, -1343.5733, 0.0000, 11642.7505, -1418.3597, 0.0000, 72, 102, 60
L 11878.1670, -1303.8791, 0.0000, 11849.5000, -1386.3606, 0.0000, 56, 84, 48
L 11896.3130, -1303.8791, 0.0000, 11876.2460, -1363.2658, 0.0000, 56, 84, 48
L 12949.5029, -1254.2238, 0.0000, 12969.0848, -1347.1114, 0.0000, 96, 124, 78
L 12969.9382, -1254.2238, 0.0000, 12983.6455, -1321.1029, 0.0000, 96, 124, 78
L 13450.6872, -1278.0278, 0.0000, 13479.1176, -1368.2252, 0.0000, 96, 124, 78
L 13470.5306, -1278.0278, 0.0000, 13490.4319, -1342.9699, 0.0000, 96, 124, 78
L 13653.3537, -1320.8884, 0.0000, 13621.6077, -1426.7460, 0.0000, 72, 102, 60
L 13676.6424, -1320.8884, 0.0000, 13654.4202, -1397.1058, 0.0000, 72, 102, 60
L 13973.7777, -1218.7930, 0.0000, 13999.5775, -1311.4323, 0.0000, 72, 102, 60
L 13994.1583, -1218.7930, 0.0000, 14012.2182, -1285.4933, 0.0000, 72, 102, 60
L 14494.5287, -1335.6390, 0.0000, 14522.8638, -1440.1423, 0.0000, 96, 124, 78
L 14517.5195, -1335.6390, 0.0000, 14537.3540, -1410.8814, 0.0000, 96, 124, 78
L 139.7307, -1023.8962, 0.0000, 118.6411, -1102.1708, 0.0000, 56, 84, 48
L 156.9511, -1023.8962, 0.0000, 142.1884, -1080.2539, 0.0000, 56, 84, 48
L 501.0738, -1109.9319, 0.0000, 465.3264, -1220.0555, 0.0000, 72, 102, 60
L 525.3010, -1109.9319, 0.0000, 500.2778, -1189.2209, 0.0000, 72, 102, 60
L 1538.8752, -1009.5281, 0.0000, 1564.7046, -1109.4115, 0.0000, 56, 84, 48
L 1560.8495, -1009.5281, 0.0000, 1578.9301, -1081.4441, 0.0000, 56, 84, 48
L 1692.5602, -999.6761, 0.0000, 1699.6658, -1087.1971, 0.0000, 96, 124, 78
L 1711.8149, -999.6761, 0.0000, 1716.7887, -1062.6912, 0.0000, 96, 124, 78
L 2252.2091, -1092.6110, 0.0000, 2284.9007, -1192.7628, 0.0000, 72, 102, 60
L 2274.2426, -1092.6110, 0.0000, 2297.1267, -1164.7203, 0.0000, 72, 102, 60
L 2489.2083, -1010.3116, 0.0000, 2482.2656, -1127.3688, 0.0000, 96, 124, 78
L 2514.9609, -1010.3116, 0.0000, 2510.1010, -1094.5928, 0.0000, 96, 124, 78
L 3801.9079, -1016.7884, 0.0000, 3816.0085, -1097.9623, 0.0000, 56, 84, 48
L 3819.7662, -1016.7884, 0.0000, 3829.6366, -1075.2336, 0.0000, 56, 84, 48
L 4623.2577, -1125.1274, 0.0000, 4596.4877, -1233.3277, 0.0000, 72, 102, 60
L 4647.0618, -1125.1274, 0.0000, 4628.3228, -1203.0316, 0.0000, 72, 102, 60
L 7642.6529, -1029.6787, 0.0000, 7634.4174, -1113.9987, 0.0000, 56, 84, 48
L 7661.2033, -1029.6787, 0.0000, 7655.4384, -1090.3891, 0.0000, 56, 84, 48
L 7978.2411, -1131.6917, 0.0000, 7984.9618, -1228.6701, 0.0000, 96, 124, 78
L 7999.5764, -1131.6917, 0.0000, 8004.2808, -1201.5162, 0.0000, 96, 124, 78
L 8742.2348, -1021.5620, 0.0000, 8771.4982, -1131.0417, 0.0000, 72, 102, 60
L 8766.3203, -1021.5620, 0.0000, 8786.8047, -1100.3874, 0.0000, 72, 102, 60
L 9029.0276, -1016.2581, 0.0000, 9042.1350, -1123.0432, 0.0000, 96, 124, 78
L 9052.5203, -1016.2581, 0.0000, 9061.6955, -1093.1434, 0.0000, 96, 124, 78
L 9689.8827, -1113.9278, 0.0000, 9702.4909, -1216.7679, 0.0000, 56, 84, 48
L 9712.5076, -1113.9278, 0.0000, 9721.3333, -1187.9727, 0.0000, 56, 84, 48
L 10062.2368, -1127.6606, 0.0000, 10057.3972, -1217.7949, 0.0000, 56, 84, 48
L 10082.0664, -1127.6606, 0.0000, 10078.6787, -1192.5573, 0.0000, 56, 84, 48
L 10447.1600, -1025.0711, 0.0000, 10444.5349, -1103.7846, 0.0000, 72, 102, 60
L 10464.4770, -1025.0711, 0.0000, 10462.6394, -1081.7448, 0.0000, 72, 102, 60
L 10952.2271, -1102.6765, 0.0000, 10932.4943, -1199.9149, 0.0000, 72, 102, 60
L 10973.6196, -1102.6765, 0.0000, 10959.8066, -1172.6882, 0.0000, 72, 102, 60
L 11804.0214, -1135.4654, 0.0000, 11800.2275, -1215.8313, 0.0000, 72, 102, 60
L 11821.7019, -1135.4654, 0.0000, 11819.0462, -1193.3289, 0.0000, 72, 102, 60
L 12058.8341, -1115.1162, 0.0000, 12048.6215, -1231.1107, 0.0000, 96, 124, 78
L 12084.3528, -1115.1162, 0.0000, 12077.2040, -1198.6322, 0.0000, 96, 124, 78
L 12854.0113, -1052.8492, 0.0000, 12879.4105, -1134.4887, 0.0000, 72, 102, 60
L 12871.9720, -1052.8492, 0.0000, 12889.7514, -1111.6296, 0.0000, 72, 102, 60
L 13094.4651, -1072.6804, 0.0000, 13084.3679, -1170.2475, 0.0000, 96, 124, 78
L 13115.9298, -1072.6804, 0.0000, 13108.8618, -1142.9287, 0.0000, 96, 124, 78
L 14136.4374, -1056.4316, 0.0000, 14163.6303, -1148.9285, 0.0000, 56, 84, 48
L 14156.7867, -1056.4316, 0.0000, 14175.8218, -1123.0293, 0.0000, 56, 84, 48
L 15370.2296, -1125.0050, 0.0000, 15349.8202, -1215.0992, 0.0000, 72, 102, 60
L 15390.0503, -1125.0050, 0.0000, 15375.7638, -1189.8729, 0.0000, 72, 102, 60
L 15691.7871, -1037.3420, 0.0000, 15684.1455, -1138.2855, 0.0000, 96, 124, 78
L 15713.9947, -1037.3420, 0.0000, 15708.6455, -1110.0213, 0.0000, 96, 124, 78
L 1419.4624, -942.3935, 0.0000, 1389.0246, -1054.4997, 0.0000, 72, 102, 60
L 1444.1257, -942.3935, 0.0000, 1422.8193, -1023.1099, 0.0000, 72, 102, 60
L 1567.2968, -935.6815, 0.0000, 1578.6501, -1017.5239, 0.0000, 96, 124, 78
L 1585.3022, -935.6815, 0.0000, 1593.2495, -994.6081, 0.0000, 96, 124, 78
L 2476.0510, -933.2425, 0.0000, 2470.1308, -1016.5009, 0.0000, 96, 124, 78
L 2494.3678, -933.2425, 0.0000, 2490.2237, -993.1885, 0.0000, 96, 124, 78
L 2663.0694, -865.3007, 0.0000, 2652.7549, -978.3000, 0.0000, 56, 84, 48
L 2687.9293, -865.3007, 0.0000, 2680.7091, -946.6602, 0.0000, 56, 84, 48
L 2969.0933, -884.3803, 0.0000, 2959.5782, -1000.7056, 0.0000, 72, 102, 60
L 2994.6849, -884.3803, 0.0000, 2988.0243, -968.1345, 0.0000, 72, 102, 60
L 4516.3415, -878.3203, 0.0000, 4524.3235, -963.3914, 0.0000, 96, 124, 78
L 4535.0571, -878.3203, 0.0000, 4540.6445, -939.5715, 0.0000, 96, 124, 78
L 4757.6900, -916.9758, 0.0000, 4754.9607, -1015.7685, 0.0000, 56, 84, 48
L 4779.4244, -916.9758, 0.0000, 4777.5139, -988.1065, 0.0000, 56, 84, 48
L 4980.1385, -947.3615, 0.0000, 5016.2150, -1062.7283, 0.0000, 96, 124, 78
L 5005.5192, -947.3615, 0.0000, 5030.7727, -1030.4256, 0.0000, 96, 124, 78
L 5199.5166, -851.5325, 0.0000, 5216.4648, -934.3426, 0.0000, 56, 84, 48
L 5217.7348, -851.5325, 0.0000, 5229.5986, -911.1557, 0.0000, 56, 84, 48
L 5726.1924, -917.0348, 0.0000, 5693.2693, -1014.7962, 0.0000, 56, 84, 48
L 5747.6999, -917.0348, 0.0000, 5724.6538, -987.4230, 0.0000, 56, 84, 48
L 5978.7376, -899.9850, 0.0000, 5999.4940, -982.7443, 0.0000, 96, 124, 78
L 5996.9447, -899.9850, 0.0000, 6011.4741, -959.5717, 0.0000, 96, 124, 78
L 7993.9689, -941.0476, 0.0000, 7985.8952, -1047.3444, 0.0000, 56, 84, 48
L 8017.3542, -941.0476, 0.0000, 8011.7027, -1017.5813, 0.0000, 56, 84, 48
L 8577.7406, -949.4764, 0.0000, 8570.2626, -1057.8847, 0.0000, 72, 102, 60
L 8601.5904, -949.4764, 0.0000, 8596.3558, -1027.5303, 0.0000, 72, 102, 60
L 8898.5449, -841.9285, 0.0000, 8894.4414, -954.1132, 0.0000, 72, 102, 60
L 8923.2255, -841.9285, 0.0000, 8920.3531, -922.7015, 0.0000, 72, 102, 60
L 9079.1084, -803.3104, 0.0000, 9071.0886, -891.1899, 0.0000, 56, 84, 48
L 9098.4419, -803.3104, 0.0000, 9092.8280, -866.5837, 0.0000, 56, 84, 48
L 9792.7375, -862.8047, 0.0000, 9764.9018, -946.9611, 0.0000, 96, 124, 78
L 9811.2520, -862.8047, 0.0000, 9791.7669, -923.3973, 0.0000, 96, 124, 78
L 10670.2083, -945.1909, 0.0000, 10669.8353, -1024.0284, 0.0000, 72, 102, 60
L 10687.5526, -945.1909, 0.0000, 10687.2915, -1001.9539, 0.0000, 72, 102, 60
L 11393.9114, -923.6406, 0.0000, 11382.8487, -1026.5031, 0.0000, 72, 102, 60
L 11416.5411, -923.6406, 0.0000, 11408.7972, -997.7016, 0.0000, 72, 102, 60
L 11599.2502, -840.6954, 0.0000, 11635.6473, -958.3372, 0.0000, 72, 102, 60
L 11625.1314, -840.6954, 0.0000, 11650.6094, -925.3975, 0.0000, 72, 102, 60
L 12450.1577, -948.4348, 0.0000, 12438.9485, -1051.5713, 0.0000, 72, 102, 60
L 12472.8477, -948.4348, 0.0000, 12465.0013, -1022.6931, 0.0000, 72, 102, 60
L 12726.3076, -803.3813, 0.0000, 12697.9058, -906.0454, 0.0000, 96, 124, 78
L 12748.8937, -803.3813, 0.0000, 12729.0124, -877.2994, 0.0000, 96, 124, 78
L 13213.4418, -878.6642, 0.0000, 13242.6327, -982.8389, 0.0000, 56, 84, 48
L 13236.3602, -878.6642, 0.0000, 13256.7939, -953.6700, 0.0000, 56, 84, 48
L 13543.5783, -879.4315, 0.0000, 13579.0085, -994.4410, 0.0000, 72, 102, 60
L 13568.8804, -879.4315, 0.0000, 13593.6816, -962.2383, 0.0000, 72, 102, 60
L 13697.6500, -859.3444, 0.0000, 13685.9607, -940.1854, 0.0000, 72, 102, 60
L 13715.4350, -859.3444, 0.0000, 13707.2525, -917.5499, 0.0000, 72, 102, 60
L 177.7211, -726.0822, 0.0000, 209.1660, -834.3110, 0.0000, 96, 124, 78
L 201.5315, -726.0822, 0.0000, 223.5429, -804.0070, 0.0000, 96, 124, 78
L 934.8748, -636.2037, 0.0000, 945.7551, -717.2183, 0.0000, 72, 102, 60
L 952.6980, -636.2037, 0.0000, 960.3142, -694.5342, 0.0000, 72, 102, 60
L 2482.9650, -630.7648, 0.0000, 2470.9243, -721.9310, 0.0000, 56, 84, 48
L 2503.0215, -630.7648, 0.0000, 2494.5930, -696.4045, 0.0000, 56, 84, 48
L 5163.4216, -631.4918, 0.0000, 5138.5150, -716.0326, 0.0000, 72, 102, 60
L 5182.0206, -631.4918, 0.0000, 5164.5860, -692.3612, 0.0000, 72, 102, 60
L 5937.2834, -739.0516, 0.0000, 5958.6222, -832.7161, 0.0000, 72, 102, 60
L 5957.8896, -739.0516, 0.0000, 5972.8268, -806.4900, 0.0000, 72, 102, 60
L 7975.0593, -609.5969, 0.0000, 7969.2533, -717.1080, 0.0000, 96, 124, 78
L 7998.7117, -609.5969, 0.0000, 7994.6475, -687.0049, 0.0000, 96, 124, 78
L 8685.0627, -598.5054, 0.0000, 8681.3503, -685.4569, 0.0000, 72, 102, 60
L 8704.1920, -598.5054, 0.0000, 8701.5933, -661.1105, 0.0000, 72, 102, 60
L 8938.2623, -636.5325, 0.0000, 8966.3663, -743.6748, 0.0000, 56, 84, 48
L 8961.8337, -636.5325, 0.0000, 8981.5064, -713.6749, 0.0000, 56, 84, 48
L 10809.7316, -689.4405, 0.0000, 10792.9722, -804.5707, 0.0000, 96, 124, 78
L 10835.0603, -689.4405, 0.0000, 10823.3287, -772.3342, 0.0000, 96, 124, 78
L 11219.9143, -640.7301, 0.0000, 11189.8350, -738.6942, 0.0000, 72, 102, 60
L 11241.4664, -640.7301, 0.0000, 11220.4109, -711.2642, 0.0000, 72, 102, 60
L 11492.6156, -720.2757, 0.0000, 11482.2902, -815.3104, 0.0000, 72, 102, 60
L 11513.5232, -720.2757, 0.0000, 11506.2955, -788.7007, 0.0000, 72, 102, 60
L 12504.1798, -728.6355, 0.0000, 12496.3982, -817.5724, 0.0000, 96, 124, 78
L 12523.7460, -728.6355, 0.0000, 12518.2988, -792.6701, 0.0000, 96, 124, 78
L 671.3745, -495.4742, 0.0000, 654.0294, -574.1464, 0.0000, 96, 124, 78
L 688.6824, -495.4742, 0.0000, 676.5409, -552.1182, 0.0000, 96, 124, 78
L 846.4280, -499.2666, 0.0000, 868.6672, -601.3480, 0.0000, 56, 84, 48
L 868.8859, -499.2666, 0.0000, 884.4534, -572.7652, 0.0000, 56, 84, 48
L 1406.1391, -499.0713, 0.0000, 1414.6094, -593.9894, 0.0000, 56, 84, 48
L 1427.0210, -499.0713, 0.0000, 1432.9503, -567.4123, 0.0000, 56, 84, 48
L 10446.3466, -523.5370, 0.0000, 10437.9483, -639.5412, 0.0000, 72, 102, 60
L 10471.8675, -523.5370, 0.0000, 10465.9887, -607.0600, 0.0000, 72, 102, 60
L 10913.2819, -465.7649, 0.0000, 10898.8325, -548.4072, 0.0000, 56, 84, 48
L 10931.4632, -465.7649, 0.0000, 10921.3486, -525.2673, 0.0000, 56, 84, 48
L 11369.3023, -520.6232, 0.0000, 11340.7501, -626.6052, 0.0000, 56, 84, 48
L 11392.6183, -520.6232, 0.0000, 11372.6318, -596.9303, 0.0000, 56, 84, 48
L 13030.3058, -480.1924, 0.0000, 12998.6944, -579.9114, 0.0000, 72, 102, 60
L 13052.2439, -480.1924, 0.0000, 13030.1160, -551.9901, 0.0000, 72, 102, 60
L 13283.6451, -529.2382, 0.0000, 13312.8135, -613.7915, 0.0000, 96, 124, 78
L 13302.2468, -529.2382, 0.0000, 13322.6647, -590.1166, 0.0000, 96, 124, 78
L 14828.6514, -468.9250, 0.0000, 14823.5464, -578.2263, 0.0000, 72, 102, 60
L 14852.6977, -468.9250, 0.0000, 14849.1242, -547.6219, 0.0000, 72, 102, 60
L 146.0331, -266.3901, 0.0000, 165.8225, -347.8912, 0.0000, 72, 102, 60
L 163.9634, -266.3901, 0.0000, 177.8159, -325.0709, 0.0000, 72, 102, 60
L 507.7297, -268.7313, 0.0000, 505.1980, -369.3869, 0.0000, 72, 102, 60
L 529.8739, -268.7313, 0.0000, 528.1017, -341.2034, 0.0000, 72, 102, 60
L 2346.5635, -287.5105, 0.0000, 2318.6816, -369.4548, 0.0000, 56, 84, 48
L 2364.5913, -287.5105, 0.0000, 2345.0739, -346.5104, 0.0000, 56, 84, 48
L 6928.6533, -307.1102, 0.0000, 6927.1674, -402.9895, 0.0000, 72, 102, 60
L 6949.7468, -307.1102, 0.0000, 6948.7067, -376.1433, 0.0000, 72, 102, 60
L 9178.9108, -265.9780, 0.0000, 9203.3429, -360.9591, 0.0000, 56, 84, 48
L 9199.8066, -265.9780, 0.0000, 9216.9091, -334.3644, 0.0000, 56, 84, 48
L 9707.0239, -272.6769, 0.0000, 9734.2380, -367.9941, 0.0000, 72, 102, 60
L 9727.9937, -272.6769, 0.0000, 9747.0436, -341.3053, 0.0000, 72, 102, 60
L 11014.9010, -320.3209, 0.0000, 11044.2211, -419.7379, 0.0000, 56, 84, 48
L 11036.7727, -320.3209, 0.0000, 11057.2968, -391.9011, 0.0000, 56, 84, 48
L 13783.6268, -296.4718, 0.0000, 13816.7443, -393.8879, 0.0000, 56, 84, 48
L 13805.0584, -296.4718, 0.0000, 13828.2406, -366.6114, 0.0000, 56, 84, 48
L 15110.7048, -251.8142, 0.0000, 15079.8927, -357.5089, 0.0000, 96, 124, 78
L 15133.9577, -251.8142, 0.0000, 15112.3892, -327.9144, 0.0000, 96, 124, 78
L 8380.2223, 136.8215, 0.0000, 8368.6000, 19.8314, 0.0000, 96, 124, 78
L 8405.9601, 136.8215, 0.0000, 8397.8245, 52.5886, 0.0000, 96, 124, 78
L 9197.7776, 176.7239, 0.0000, 9176.4554, 92.8604, 0.0000, 96, 124, 78
L 9216.2276, 176.7239, 0.0000, 9201.3020, 116.3422, 0.0000, 96, 124, 78
L 10503.2474, 204.3754, 0.0000, 10481.6043, 108.9162, 0.0000, 96, 124, 78
L 10524.2484, 204.3754, 0.0000, 10509.0982, 135.6448, 0.0000, 96, 124, 78
L 409.8708, 396.6092, 0.0000, 384.9314, 301.3169, 0.0000, 56, 84, 48
L 430.8351, 396.6092, 0.0000, 413.3775, 327.9987, 0.0000, 56, 84, 48
L 836.2170, 405.9822, 0.0000, 811.9626, 325.7448, 0.0000, 56, 84, 48
L 853.8693, 405.9822, 0.0000, 836.8912, 348.2112, 0.0000, 56, 84, 48
L 3183.4057, 314.3060, 0.0000, 3209.0790, 235.2754, 0.0000, 96, 124, 78
L 3200.7924, 314.3060, 0.0000, 3218.7637, 257.4040, 0.0000, 96, 124, 78
L 7246.4343, 303.6721, 0.0000, 7282.8770, 199.1281, 0.0000, 56, 84, 48
L 7269.4339, 303.6721, 0.0000, 7294.9438, 228.4004, 0.0000, 56, 84, 48
L 7534.6381, 311.1646, 0.0000, 7516.3577, 229.9004, 0.0000, 72, 102, 60
L 7552.5162, 311.1646, 0.0000, 7539.7199, 252.6544, 0.0000, 72, 102, 60
L 8311.3725, 257.8108, 0.0000, 8303.1702, 146.9543, 0.0000, 96, 124, 78
L 8335.7609, 257.8108, 0.0000, 8330.0193, 177.9941, 0.0000, 96, 124, 78
L 9595.7204, 382.1499, 0.0000, 9594.0659, 273.3641, 0.0000, 96, 124, 78
L 9619.6533, 382.1499, 0.0000, 9618.4952, 303.8241, 0.0000, 96, 124, 78
L 9867.0051, 318.4750, 0.0000, 9837.0862, 221.7134, 0.0000, 56, 84, 48
L 9888.2927, 318.4750, 0.0000, 9867.3494, 248.8067, 0.0000, 56, 84, 48
L 11607.3281, 284.7537, 0.0000, 11581.3727, 184.9041, 0.0000, 72, 102, 60
L 11629.2950, 284.7537, 0.0000, 11611.1262, 212.8620, 0.0000, 72, 102, 60
L 12001.8579, 275.9829, 0.0000, 11995.7879, 164.5792, 0.0000, 96, 124, 78
L 12026.3667, 275.9829, 0.0000, 12022.1177, 195.7723, 0.0000, 96, 124, 78
L 13532.3469, 303.0833, 0.0000, 13557.7837, 193.9833, 0.0000, 72, 102, 60
L 13556.3489, 303.0833, 0.0000, 13574.1547, 224.5313, 0.0000, 72, 102, 60
L 14445.2833, 294.5457, 0.0000, 14431.2785, 214.4068, 0.0000, 96, 124, 78
L 14462.9139, 294.5457, 0.0000, 14453.1105, 236.8457, 0.0000, 96, 124, 78
L 15775.8909, 260.3178, 0.0000, 15762.8165, 172.1567, 0.0000, 72, 102, 60
L 15795.2863, 260.3178, 0.0000, 15786.1343, 196.8418, 0.0000, 72, 102, 60
L 532.2763, 513.9889, 0.0000, 553.7247, 404.0215, 0.0000, 72, 102, 60
L 556.4691, 513.9889, 0.0000, 571.4830, 434.8124, 0.0000, 72, 102, 60
L 766.3572, 546.3099, 0.0000, 786.7018, 468.0682, 0.0000, 56, 84, 48
L 783.5704, 546.3099, 0.0000, 797.8116, 489.9759, 0.0000, 56, 84, 48
L 934.5526, 503.0634, 0.0000, 942.7709, 393.7435, 0.0000, 56, 84, 48
L 958.6029, 503.0634, 0.0000, 964.3557, 424.3531, 0.0000, 56, 84, 48
L 1491.5202, 561.6450, 0.0000, 1465.7132, 464.5397, 0.0000, 56, 84, 48
L 1512.8834, 561.6450, 0.0000, 1494.8184, 491.7292, 0.0000, 56, 84, 48
L 5085.6013, 468.9336, 0.0000, 5101.9725, 373.1120, 0.0000, 96, 124, 78
L 5106.6820, 468.9336, 0.0000, 5118.1418, 399.9421, 0.0000, 96, 124, 78
L 8917.9659, 535.2697, 0.0000, 8923.2045, 449.1082, 0.0000, 56, 84, 48
L 8936.9214, 535.2697, 0.0000, 8940.5885, 473.2334, 0.0000, 56, 84, 48
L 10030.5788, 575.9650, 0.0000, 10014.0611, 487.1483, 0.0000, 96, 124, 78
L 10050.1185, 575.9650, 0.0000, 10038.5561, 512.0170, 0.0000, 96, 124, 78
L 10742.2130, 570.7634, 0.0000, 10715.5280, 481.3482, 0.0000, 56, 84, 48
L 10761.8843, 570.7634, 0.0000, 10743.2048, 506.3844, 0.0000, 56, 84, 48
L 13345.2392, 528.2939, 0.0000, 13362.2499, 443.1655, 0.0000, 96, 124, 78
L 13363.9674, 528.2939, 0.0000, 13375.8750, 467.0014, 0.0000, 96, 124, 78
L 14077.2480, 472.9547, 0.0000, 14058.1509, 358.3665, 0.0000, 96, 124, 78
L 14102.4574, 472.9547, 0.0000, 14089.0894, 390.4512, 0.0000, 96, 124, 78
L 15631.4501, 499.0072, 0.0000, 15647.4967, 419.9466, 0.0000, 96, 124, 78
L 15648.8434, 499.0072, 0.0000, 15660.0760, 442.0836, 0.0000, 96, 124, 78
L 397.5324, 733.3460, 0.0000, 379.3386, 646.2102, 0.0000, 72, 102, 60
L 416.7022, 733.3460, 0.0000, 403.9666, 670.6082, 0.0000, 72, 102, 60
L 658.1230, 664.6573, 0.0000, 656.5731, 580.0553, 0.0000, 56, 84, 48
L 676.7355, 664.6573, 0.0000, 675.6505, 603.7439, 0.0000, 56, 84, 48
L 806.0305, 709.5181, 0.0000, 806.6301, 612.6653, 0.0000, 56, 84, 48
L 827.3381, 709.5181, 0.0000, 827.7578, 639.7841, 0.0000, 56, 84, 48
L 1378.7177, 758.0562, 0.0000, 1366.2646, 674.9870, 0.0000, 72, 102, 60
L 1396.9929, 758.0562, 0.0000, 1388.2758, 698.2464, 0.0000, 72, 102, 60
L 2466.4018, 783.1552, 0.0000, 2475.1305, 677.1567, 0.0000, 96, 124, 78
L 2489.7215, 783.1552, 0.0000, 2495.8316, 706.8363, 0.0000, 96, 124, 78
L 2886.1920, 672.2320, 0.0000, 2910.5698, 555.3363, 0.0000, 56, 84, 48
L 2911.9091, 672.2320, 0.0000, 2928.9735, 588.0671, 0.0000, 56, 84, 48
L 3103.2104, 759.6834, 0.0000, 3117.4017, 651.1708, 0.0000, 72, 102, 60
L 3127.0832, 759.6834, 0.0000, 3137.0171, 681.5543, 0.0000, 72, 102, 60
L 10455.4528, 789.9394, 0.0000, 10432.4367, 682.7597, 0.0000, 72, 102, 60
L 10479.0324, 789.9394, 0.0000, 10462.9211, 712.7700, 0.0000, 72, 102, 60
L 10945.6432, 753.8601, 0.0000, 10936.8863, 655.0846, 0.0000, 56, 84, 48
L 10967.3738, 753.8601, 0.0000, 10961.2440, 682.7418, 0.0000, 56, 84, 48
L 11434.0221, 769.2980, 0.0000, 11438.0927, 687.4943, 0.0000, 96, 124, 78
L 11452.0189, 769.2980, 0.0000, 11454.8684, 710.3993, 0.0000, 96, 124, 78
L 12743.3410, 749.4631, 0.0000, 12728.0797, 633.5942, 0.0000, 96, 124, 78
L 12768.8322, 749.4631, 0.0000, 12758.1492, 666.0375, 0.0000, 96, 124, 78
L 13546.2847, 772.0046, 0.0000, 13547.8227, 678.9302, 0.0000, 96, 124, 78
L 13566.7611, 772.0046, 0.0000, 13567.8377, 704.9910, 0.0000, 96, 124, 78
L 15578.2936, 708.1012, 0.0000, 15550.5779, 614.3650, 0.0000, 96, 124, 78
L 15598.9156, 708.1012, 0.0000, 15579.5145, 640.6112, 0.0000, 96, 124, 78
L 510.5984, 981.5072, 0.0000, 540.9740, 876.3032, 0.0000, 96, 124, 78
L 533.7433, 981.5072, 0.0000, 555.0062, 905.7603, 0.0000, 96, 124, 78
L 919.9913, 942.6196, 0.0000, 903.5856, 857.3102, 0.0000, 56, 84, 48
L 938.7594, 942.6196, 0.0000, 927.2753, 881.1968, 0.0000, 56, 84, 48
L 1449.3561, 972.2853, 0.0000, 1449.5731, 878.8011, 0.0000, 56, 84, 48
L 1469.9226, 972.2853, 0.0000, 1470.0745, 904.9766, 0.0000, 56, 84, 48
L 3557.6180, 955.8273, 0.0000, 3566.4055, 868.8588, 0.0000, 56, 84, 48
L 3576.7510, 955.8273, 0.0000, 3582.9023, 893.2100, 0.0000, 56, 84, 48
L 10011.0162, 871.5819, 0.0000, 10036.5938, 771.9515, 0.0000, 56, 84, 48
L 10032.9348, 871.5819, 0.0000, 10050.8392, 799.8480, 0.0000, 56, 84, 48
L 11346.3822, 924.9107, 0.0000, 11315.8456, 813.3822, 0.0000, 56, 84, 48
L 11370.9185, 924.9107, 0.0000, 11349.5429, 844.6102, 0.0000, 56, 84, 48
L 15684.9381, 1003.0456, 0.0000, 15657.9935, 913.2070, 0.0000, 72, 102, 60
L 15704.7026, 1003.0456, 0.0000, 15685.8414, 938.3618, 0.0000, 72, 102, 60
L 560.3468, 1088.9273, 0.0000, 557.7723, 987.7757, 0.0000, 96, 124, 78
L 582.6001, 1088.9273, 0.0000, 580.7980, 1016.0981, 0.0000, 96, 124, 78
L 2690.5664, 1146.1780, 0.0000, 2691.5647, 1038.3568, 0.0000, 72, 102, 60
L 2714.2871, 1146.1780, 0.0000, 2714.9859, 1068.5468, 0.0000, 72, 102, 60
L 2901.6032, 1113.5442, 0.0000, 2919.8079, 1033.0880, 0.0000, 72, 102, 60
L 2919.3036, 1113.5442, 0.0000, 2932.0468, 1055.6157, 0.0000, 72, 102, 60
L 3676.5495, 1164.0217, 0.0000, 3661.2638, 1082.8071, 0.0000, 72, 102, 60
L 3694.4167, 1164.0217, 0.0000, 3683.7168, 1105.5472, 0.0000, 72, 102, 60
L 7101.2619, 1175.8928, 0.0000, 7091.9206, 1067.5754, 0.0000, 56, 84, 48
L 7125.0917, 1175.8928, 0.0000, 7118.5528, 1097.9043, 0.0000, 56, 84, 48
L 8332.8350, 1195.0823, 0.0000, 8341.9014, 1091.9823, 0.0000, 96, 124, 78
L 8355.5170, 1195.0823, 0.0000, 8361.8635, 1120.8503, 0.0000, 96, 124, 78
L 9828.2402, 1207.0315, 0.0000, 9817.3195, 1119.5495, 0.0000, 56, 84, 48
L 9847.4863, 1207.0315, 0.0000, 9839.8418, 1144.0445, 0.0000, 56, 84, 48
L 11401.0079, 1132.0127, 0.0000, 11379.4392, 1051.7504, 0.0000, 56, 84, 48
L 11418.6656, 1132.0127, 0.0000, 11403.5675, 1074.2238, 0.0000, 56, 84, 48
L 11898.5447, 1123.6946, 0.0000, 11883.3943, 1044.5549, 0.0000, 96, 124, 78
L 11915.9555, 1123.6946, 0.0000, 11905.3502, 1066.7140, 0.0000, 96, 124, 78
L 12750.1947, 1182.7005, 0.0000, 12775.8904, 1068.7389, 0.0000, 56, 84, 48
L 12775.2662, 1182.7005, 0.0000, 12793.2532, 1100.6481, 0.0000, 56, 84, 48
L 15850.8352, 1085.9388, 0.0000, 15870.0008, 968.5388, 0.0000, 56, 84, 48
L 15876.6632, 1085.9388, 0.0000, 15890.0791, 1001.4108, 0.0000, 56, 84, 48
L 749.0195, 1305.3693, 0.0000, 768.8042, 1225.0235, 0.0000, 56, 84, 48
L 766.6956, 1305.3693, 0.0000, 780.5449, 1247.5203, 0.0000, 56, 84, 48
L 910.0137, 1377.4447, 0.0000, 907.4730, 1298.2591, 0.0000, 72, 102, 60
L 927.4346, 1377.4447, 0.0000, 925.6561, 1320.4311, 0.0000, 72, 102, 60
L 1469.9868, 1375.8743, 0.0000, 1498.2038, 1275.2705, 0.0000, 72, 102, 60
L 1492.1196, 1375.8743, 0.0000, 1511.8715, 1303.4396, 0.0000, 72, 102, 60
L 3834.2825, 1256.0187, 0.0000, 3859.2262, 1166.2553, 0.0000, 56, 84, 48
L 3854.0305, 1256.0187, 0.0000, 3871.4910, 1191.3891, 0.0000, 56, 84, 48
L 6831.6700, 1358.0421, 0.0000, 6866.0558, 1248.3374, 0.0000, 56, 84, 48
L 6855.8050, 1358.0421, 0.0000, 6879.8751, 1279.0547, 0.0000, 56, 84, 48
L 7421.9711, 1292.7469, 0.0000, 7436.3886, 1189.8479, 0.0000, 72, 102, 60
L 7444.6089, 1292.7469, 0.0000, 7454.7011, 1218.6596, 0.0000, 72, 102, 60
L 12609.8738, 1337.2002, 0.0000, 12596.0920, 1241.6590, 0.0000, 72, 102, 60
L 12630.8929, 1337.2002, 0.0000, 12621.2456, 1268.4106, 0.0000, 72, 102, 60
L 14641.4642, 1366.7115, 0.0000, 14625.1735, 1264.6601, 0.0000, 96, 124, 78
L 14663.9155, 1366.7115, 0.0000, 14652.5120, 1293.2345, 0.0000, 96, 124, 78
L 15619.6471, 1382.8601, 0.0000, 15647.4735, 1303.0113, 0.0000, 72, 102, 60
L 15637.2138, 1382.8601, 0.0000, 15656.6923, 1325.3689, 0.0000, 72, 102, 60
L 411.7512, 1565.0949, 0.0000, 418.6049, 1467.0883, 0.0000, 56, 84, 48
L 433.3127, 1565.0949, 0.0000, 438.1103, 1494.5301, 0.0000, 56, 84, 48
L 613.4491, 1503.8692, 0.0000, 583.5422, 1388.0096, 0.0000, 72, 102, 60
L 638.9382, 1503.8692, 0.0000, 618.0034, 1420.4503, 0.0000, 72, 102, 60
L 1054.2481, 1591.5966, 0.0000, 1064.7327, 1481.9684, 0.0000, 96, 124, 78
L 1078.3663, 1591.5966, 0.0000, 1085.7055, 1512.6643, 0.0000, 96, 124, 78
L 2871.1011, 1540.6637, 0.0000, 2879.6735, 1450.8255, 0.0000, 96, 124, 78
L 2890.8655, 1540.6637, 0.0000, 2896.8662, 1475.9802, 0.0000, 96, 124, 78
L 3442.7445, 1555.3268, 0.0000, 3461.1082, 1470.0616, 0.0000, 96, 124, 78
L 3461.5029, 1555.3268, 0.0000, 3474.3574, 1493.9359, 0.0000, 96, 124, 78
L 3750.8013, 1552.9694, 0.0000, 3744.6929, 1445.5536, 0.0000, 72, 102, 60
L 3774.4328, 1552.9694, 0.0000, 3770.1569, 1475.6300, 0.0000, 72, 102, 60
L 4783.7612, 1511.8471, 0.0000, 4803.7766, 1424.0813, 0.0000, 96, 124, 78
L 4803.0696, 1511.8471, 0.0000, 4817.0804, 1448.6557, 0.0000, 96, 124, 78
L 4911.6294, 1587.3508, 0.0000, 4909.1176, 1491.5486, 0.0000, 72, 102, 60
L 4932.7059, 1587.3508, 0.0000, 4930.9477, 1518.3732, 0.0000, 72, 102, 60
L 5799.7461, 1589.1427, 0.0000, 5807.6399, 1499.1537, 0.0000, 56, 84, 48
L 5819.5437, 1589.1427, 0.0000, 5825.0693, 1524.3506, 0.0000, 56, 84, 48
L 6817.1007, 1601.9129, 0.0000, 6817.3293, 1489.5721, 0.0000, 56, 84, 48
L 6841.8157, 1601.9129, 0.0000, 6841.9757, 1521.0276, 0.0000, 56, 84, 48
L 7369.3387, 1466.6855, 0.0000, 7386.6417, 1378.6103, 0.0000, 96, 124, 78
L 7388.7152, 1466.6855, 0.0000, 7400.8273, 1403.2714, 0.0000, 96, 124, 78
L 7594.1264, 1534.8785, 0.0000, 7587.7822, 1420.7567, 0.0000, 72, 102, 60
L 7619.2332, 1534.8785, 0.0000, 7614.7922, 1452.7108, 0.0000, 72, 102, 60
L 7802.1793, 1492.8895, 0.0000, 7788.5483, 1411.9346, 0.0000, 72, 102, 60
L 7819.9893, 1492.8895, 0.0000, 7810.4477, 1434.6020, 0.0000, 72, 102, 60
L 10824.1344, 1504.6137, 0.0000, 10833.3138, 1402.4022, 0.0000, 56, 84, 48
L 10846.6209, 1504.6137, 0.0000, 10853.0465, 1431.0214, 0.0000, 56, 84, 48
L 14002.1579, 1586.2653, 0.0000, 13978.9937, 1490.2587, 0.0000, 96, 124, 78
L 14023.2793, 1586.2653, 0.0000, 14007.0644, 1517.1405, 0.0000, 96, 124, 78
L 15586.8152, 1601.6538, 0.0000, 15612.9260, 1518.0787, 0.0000, 96, 124, 78
L 15605.2017, 1601.6538, 0.0000, 15623.4793, 1541.4797, 0.0000, 96, 124, 78
L 487.4262, 1804.9696, 0.0000, 463.0204, 1686.5586, 0.0000, 56, 84, 48
L 513.4766, 1804.9696, 0.0000, 496.3925, 1719.7136, 0.0000, 56, 84, 48
L 1459.9149, 1770.3037, 0.0000, 1475.9727, 1676.5744, 0.0000, 96, 124, 78
L 1480.5354, 1770.3037, 0.0000, 1491.7758, 1702.8186, 0.0000, 96, 124, 78
L 2719.8697, 1706.3661, 0.0000, 2717.4584, 1607.5493, 0.0000, 56, 84, 48
L 2741.6093, 1706.3661, 0.0000, 2739.9215, 1635.2180, 0.0000, 56, 84, 48
L 3017.5106, 1712.9522, 0.0000, 3012.5824, 1600.5223, 0.0000, 72, 102, 60
L 3042.2452, 1712.9522, 0.0000, 3038.7954, 1632.0027, 0.0000, 72, 102, 60
L 5832.1961, 1794.3381, 0.0000, 5838.7132, 1683.9539, 0.0000, 72, 102, 60
L 5856.4807, 1794.3381, 0.0000, 5861.0427, 1714.8615, 0.0000, 72, 102, 60
L 7630.3499, 1757.6935, 0.0000, 7638.4958, 1665.4070, 0.0000, 72, 102, 60
L 7650.6530, 1757.6935, 0.0000, 7656.3550, 1691.2472, 0.0000, 72, 102, 60
L 7947.9610, 1705.7663, 0.0000, 7979.0197, 1599.2819, 0.0000, 72, 102, 60
L 7971.3876, 1705.7663, 0.0000, 7993.1287, 1629.0975, 0.0000, 72, 102, 60
L 15858.4781, 1698.7242, 0.0000, 15881.6986, 1614.0674, 0.0000, 56, 84, 48
L 15877.1026, 1698.7242, 0.0000, 15893.3569, 1637.7713, 0.0000, 56, 84, 48
L 3367.6685, 1867.9380, 0.0000, 3397.9391, 1765.8587, 0.0000, 96, 124, 78
L 3390.1260, 1867.9380, 0.0000, 3411.3154, 1794.4409, 0.0000, 96, 124, 78
L 4791.5827, 2176.1604, 0.0000, 4812.1926, 2061.4398, 0.0000, 72, 102, 60
L 4816.8213, 2176.1604, 0.0000, 4831.2482, 2093.5616, 0.0000, 72, 102, 60
L 881.7183, 2296.7105, 0.0000, 896.8995, 2199.0628, 0.0000, 56, 84, 48
L 903.2008, 2296.7105, 0.0000, 913.8277, 2226.4042, 0.0000, 56, 84, 48
L 3704.9349, 2277.1217, 0.0000, 3698.0052, 2172.7162, 0.0000, 56, 84, 48
L 3727.9042, 2277.1217, 0.0000, 3723.0534, 2201.9497, 0.0000, 56, 84, 48
L 3896.3460, 2321.5449, 0.0000, 3921.0923, 2224.8982, 0.0000, 56, 84, 48
L 3917.6082, 2321.5449, 0.0000, 3934.9306, 2251.9593, 0.0000, 56, 84, 48
L 7241.0031, 2332.2083, 0.0000, 7245.9150, 2223.0969, 0.0000, 96, 124, 78
L 7265.0076, 2332.2083, 0.0000, 7268.4459, 2253.6481, 0.0000, 96, 124, 78
L 7528.9361, 2325.7092, 0.0000, 7521.9057, 2245.8968, 0.0000, 56, 84, 48
L 7546.4948, 2325.7092, 0.0000, 7541.5735, 2268.2442, 0.0000, 56, 84, 48
L 8787.4533, 2262.4296, 0.0000, 8815.4457, 2157.3149, 0.0000, 72, 102, 60
L 8810.5785, 2262.4296, 0.0000, 8830.1732, 2186.7470, 0.0000, 72, 102, 60
L 9034.2485, 2399.8207, 0.0000, 9018.0009, 2312.3850, 0.0000, 96, 124, 78
L 9053.4843, 2399.8207, 0.0000, 9042.1110, 2336.8670, 0.0000, 96, 124, 78
L 9365.2643, 2360.6502, 0.0000, 9386.6874, 2262.4399, 0.0000, 72, 102, 60
L 9386.8706, 2360.6502, 0.0000, 9401.8667, 2289.9388, 0.0000, 72, 102, 60
L 10601.4521, 2338.7273, 0.0000, 10588.0813, 2232.0305, 0.0000, 72, 102, 60
L 10624.9254, 2338.7273, 0.0000, 10615.5658, 2261.9056, 0.0000, 72, 102, 60
L 11174.7572, 2411.2632, 0.0000, 11152.8824, 2326.7962, 0.0000, 56, 84, 48
L 11193.3400, 2411.2632, 0.0000, 11178.0276, 2350.4469, 0.0000, 56, 84, 48
L 11352.2748, 2396.2301, 0.0000, 11324.7397, 2300.7591, 0.0000, 96, 124, 78
L 11373.2784, 2396.2301, 0.0000, 11354.0038, 2327.4910, 0.0000, 96, 124, 78
L 13201.7913, 2386.6915, 0.0000, 13197.7065, 2309.1869, 0.0000, 96, 124, 78
L 13218.8423, 2386.6915, 0.0000, 13215.9829, 2330.8882, 0.0000, 96, 124, 78
L 13410.5782, 2320.1040, 0.0000, 13444.1482, 2206.4954, 0.0000, 72, 102, 60
L 13435.5721, 2320.1040, 0.0000, 13459.0711, 2238.3058, 0.0000, 72, 102, 60
L 14990.5214, 2328.9923, 0.0000, 14963.3773, 2233.3120, 0.0000, 56, 84, 48
L 15011.5711, 2328.9923, 0.0000, 14992.5702, 2260.1025, 0.0000, 56, 84, 48
L 15272.3495, 2260.6022, 0.0000, 15265.6255, 2152.7957, 0.0000, 72, 102, 60
L 15296.0670, 2260.6022, 0.0000, 15291.3601, 2182.9816, 0.0000, 72, 102, 60
L 160.2119, 2464.5548, 0.0000, 135.5535, 2353.8970, 0.0000, 96, 124, 78
L 184.5566, 2464.5548, 0.0000, 167.2957, 2384.8812, 0.0000, 96, 124, 78
L 766.3398, 2518.4288, 0.0000, 775.4967, 2439.5027, 0.0000, 96, 124, 78
L 783.7036, 2518.4288, 0.0000, 790.1134, 2461.6020, 0.0000, 96, 124, 78
L 1006.9426, 2477.2297, 0.0000, 1020.1064, 2386.7820, 0.0000, 56, 84, 48
L 1026.8410, 2477.2297, 0.0000, 1036.0557, 2412.1074, 0.0000, 56, 84, 48
L 1436.9899, 2492.2351, 0.0000, 1433.6398, 2403.7656, 0.0000, 96, 124, 78
L 1456.4532, 2492.2351, 0.0000, 1454.1081, 2428.5370, 0.0000, 96, 124, 78
L 3346.6546, 2608.4493, 0.0000, 3343.8322, 2508.2989, 0.0000, 96, 124, 78
L 3368.6877, 2608.4493, 0.0000, 3366.7121, 2536.3410, 0.0000, 96, 124, 78
L 5436.0538, 2497.6879, 0.0000, 5431.6143, 2419.9868, 0.0000, 56, 84, 48
L 5453.1480, 2497.6879, 0.0000, 5450.0404, 2441.7431, 0.0000, 56, 84, 48
L 8897.2387, 2586.0774, 0.0000, 8912.7439, 2503.9354, 0.0000, 72, 102, 60
L 8915.3100, 2586.0774, 0.0000, 8926.1636, 2526.9352, 0.0000, 72, 102, 60
L 10469.9526, 2572.6920, 0.0000, 10450.4339, 2463.8654, 0.0000, 72, 102, 60
L 10493.8945, 2572.6920, 0.0000, 10480.2314, 2494.3369, 0.0000, 72, 102, 60
L 11075.6490, 2554.9381, 0.0000, 11060.2067, 2470.9685, 0.0000, 96, 124, 78
L 11094.1223, 2554.9381, 0.0000, 11083.3127, 2494.4800, 0.0000, 96, 124, 78
L 13363.7475, 2585.1032, 0.0000, 13391.6790, 2502.8135, 0.0000, 72, 102, 60
L 13381.8512, 2585.1032, 0.0000, 13401.4033, 2525.8546, 0.0000, 72, 102, 60
L 13533.9505, 2533.3219, 0.0000, 13555.2073, 2434.5522, 0.0000, 96, 124, 78
L 13555.6798, 2533.3219, 0.0000, 13570.5596, 2462.2077, 0.0000, 96, 124, 78
L 15401.9510, 2582.3209, 0.0000, 15378.6142, 2494.9189, 0.0000, 96, 124, 78
L 15421.1794, 2582.3209, 0.0000, 15404.8437, 2519.3914, 0.0000, 96, 124, 78
L 15691.3098, 2565.0357, 0.0000, 15700.8121, 2472.5869, 0.0000, 56, 84, 48
L 15711.6485, 2565.0357, 0.0000, 15718.3001, 2498.4726, 0.0000, 56, 84, 48
L 140.7113, 2779.5188, 0.0000, 146.7656, 2671.7541, 0.0000, 96, 124, 78
L 164.4195, 2779.5188, 0.0000, 168.6575, 2701.9282, 0.0000, 96, 124, 78
L 625.4357, 2720.1328, 0.0000, 637.4767, 2605.4494, 0.0000, 72, 102, 60
L 650.6660, 2720.1328, 0.0000, 659.0947, 2637.5607, 0.0000, 72, 102, 60
L 3136.1197, 2712.4363, 0.0000, 3167.7297, 2594.0775, 0.0000, 72, 102, 60
L 3162.1586, 2712.4363, 0.0000, 3184.2857, 2627.2179, 0.0000, 72, 102, 60
L 4407.4762, 2673.7655, 0.0000, 4434.6910, 2593.6447, 0.0000, 96, 124, 78
L 4425.1028, 2673.7655, 0.0000, 4444.1531, 2616.0785, 0.0000, 96, 124, 78
L 4774.4634, 2724.3743, 0.0000, 4761.8733, 2626.5956, 0.0000, 72, 102, 60
L 4795.9747, 2724.3743, 0.0000, 4787.1616, 2653.9736, 0.0000, 72, 102, 60
L 5441.0599, 2792.1440, 0.0000, 5456.8379, 2702.8253, 0.0000, 72, 102, 60
L 5460.7101, 2792.1440, 0.0000, 5471.7546, 2727.8345, 0.0000, 72, 102, 60
L 9409.5532, 2711.6717, 0.0000, 9397.7105, 2600.0508, 0.0000, 56, 84, 48
L 9434.1098, 2711.6717, 0.0000, 9425.8199, 2631.3047, 0.0000, 56, 84, 48
L 9615.4159, 2798.7158, 0.0000, 9653.7047, 2685.7193, 0.0000, 56, 84, 48
L 9640.2752, 2798.7158, 0.0000, 9667.0773, 2717.3583, 0.0000, 56, 84, 48
L 13005.5821, 2766.1104, 0.0000, 12999.3250, 2676.7907, 0.0000, 56, 84, 48
L 13025.2324, 2766.1104, 0.0000, 13020.8525, 2701.8002, 0.0000, 56, 84, 48
L 14032.6031, 2661.9698, 0.0000, 14037.6488, 2551.9639, 0.0000, 72, 102, 60
L 14056.8044, 2661.9698, 0.0000, 14060.3364, 2582.7655, 0.0000, 72, 102, 60
L 456.5812, 2877.3940, 0.0000, 472.7307, 2792.5856, 0.0000, 72, 102, 60
L 475.2391, 2877.3940, 0.0000, 486.5437, 2816.3319, 0.0000, 72, 102, 60
L 929.2951, 2991.0116, 0.0000, 951.9732, 2893.4026, 0.0000, 56, 84, 48
L 950.7691, 2991.0116, 0.0000, 966.6438, 2920.7331, 0.0000, 56, 84, 48
L 2591.6439, 2886.1761, 0.0000, 2597.6486, 2808.0659, 0.0000, 56, 84, 48
L 2608.8282, 2886.1761, 0.0000, 2613.0314, 2829.9368, 0.0000, 56, 84, 48
L 2812.3664, 2991.2804, 0.0000, 2844.5802, 2878.8647, 0.0000, 72, 102, 60
L 2837.0979, 2991.2804, 0.0000, 2859.6475, 2910.3411, 0.0000, 72, 102, 60
L 3254.1824, 2904.2786, 0.0000, 3258.8739, 2821.3153, 0.0000, 56, 84, 48
L 3272.4343, 2904.2786, 0.0000, 3275.7184, 2844.5450, 0.0000, 56, 84, 48
L 4569.7026, 2994.7585, 0.0000, 4575.9676, 2915.7440, 0.0000, 96, 124, 78
L 4587.0858, 2994.7585, 0.0000, 4591.4713, 2937.8680, 0.0000, 96, 124, 78
L 4794.0227, 2869.2350, 0.0000, 4780.0490, 2756.5028, 0.0000, 72, 102, 60
L 4818.8238, 2869.2350, 0.0000, 4809.0422, 2788.0678, 0.0000, 72, 102, 60
L 5678.9680, 2959.6761, 0.0000, 5704.7124, 2866.9972, 0.0000, 72, 102, 60
L 5699.3574, 2959.6761, 0.0000, 5717.3785, 2892.9473, 0.0000, 72, 102, 60
L 6460.3281, 2863.4757, 0.0000, 6451.9560, 2774.0270, 0.0000, 72, 102, 60
L 6480.0068, 2863.4757, 0.0000, 6474.1464, 2799.0726, 0.0000, 72, 102, 60
L 7461.4006, 2897.5839, 0.0000, 7446.5834, 2811.2925, 0.0000, 96, 124, 78
L 7480.3847, 2897.5839, 0.0000, 7470.0127, 2835.4541, 0.0000, 96, 124, 78
L 12819.8751, 2984.3876, 0.0000, 12835.7703, 2901.9952, 0.0000, 56, 84, 48
L 12838.0015, 2984.3876, 0.0000, 12849.1281, 2925.0650, 0.0000, 56, 84, 48
L 13031.3337, 2986.6995, 0.0000, 12999.7303, 2877.3159, 0.0000, 72, 102, 60
L 13055.3981, 2986.6995, 0.0000, 13033.2757, 2907.9433, 0.0000, 72, 102, 60
L 13810.3311, 2934.8208, 0.0000, 13827.4724, 2824.2023, 0.0000, 72, 102, 60
L 13834.6672, 2934.8208, 0.0000, 13846.6661, 2855.1755, 0.0000, 72, 102, 60
L 15685.1756, 2896.9308, 0.0000, 15706.7997, 2816.4288, 0.0000, 96, 124, 78
L 15702.8861, 2896.9308, 0.0000, 15718.0229, 2838.9694, 0.0000, 96, 124, 78
L 339.4578, 3117.5703, 0.0000, 361.3303, 3032.6009, 0.0000, 56, 84, 48
L 358.1510, 3117.5703, 0.0000, 373.4618, 3056.3924, 0.0000, 56, 84, 48
L 609.8611, 3161.2013, 0.0000, 626.5279, 3064.8527, 0.0000, 72, 102, 60
L 631.0578, 3161.2013, 0.0000, 642.7245, 3091.8303, 0.0000, 72, 102, 60
L 792.0793, 3177.8590, 0.0000, 778.5125, 3092.8367, 0.0000, 56, 84, 48
L 810.7842, 3177.8590, 0.0000, 801.2874, 3116.6429, 0.0000, 56, 84, 48
L 3230.0213, 3108.7273, 0.0000, 3206.8414, 3002.9231, 0.0000, 96, 124, 78
L 3253.2982, 3108.7273, 0.0000, 3237.0723, 3032.5483, 0.0000, 96, 124, 78
L 4658.0274, 3121.0112, 0.0000, 4640.9324, 3032.9882, 0.0000, 72, 102, 60
L 4677.3925, 3121.0112, 0.0000, 4665.4260, 3057.6346, 0.0000, 72, 102, 60
L 5950.7207, 3177.2372, 0.0000, 5947.5048, 3096.7262, 0.0000, 72, 102, 60
L 5968.4331, 3177.2372, 0.0000, 5966.1820, 3119.2693, 0.0000, 72, 102, 60
L 7367.6883, 3091.3941, 0.0000, 7393.8809, 2987.4650, 0.0000, 72, 102, 60
L 7390.5527, 3091.3941, 0.0000, 7408.8875, 3016.5651, 0.0000, 72, 102, 60
L 14426.4077, 3066.4424, 0.0000, 14411.2657, 2961.2015, 0.0000, 56, 84, 48
L 14449.5607, 3066.4424, 0.0000, 14438.9613, 2990.6690, 0.0000, 56, 84, 48
L 14774.2985, 3117.8626, 0.0000, 14747.7426, 3039.9260, 0.0000, 72, 102, 60
L 14791.4446, 3117.8626, 0.0000, 14772.8554, 3061.7482, 0.0000, 72, 102, 60
L 15291.6531, 3082.4762, 0.0000, 15297.5182, 2977.0621, 0.0000, 56, 84, 48
L 15314.8441, 3082.4762, 0.0000, 15318.9498, 3006.5781, 0.0000, 56, 84, 48
L 244.7779, 3330.5812, 0.0000, 220.8936, 3212.7326, 0.0000, 96, 124, 78
L 270.7046, 3330.5812, 0.0000, 253.9856, 3245.7302, 0.0000, 96, 124, 78
L 416.7027, 3309.9337, 0.0000, 445.5439, 3220.2013, 0.0000, 72, 102, 60
L 436.4438, 3309.9337, 0.0000, 456.6326, 3245.3264, 0.0000, 72, 102, 60
L 993.9051, 3343.6930, 0.0000, 1019.2912, 3242.6511, 0.0000, 96, 124, 78
L 1016.1343, 3343.6930, 0.0000, 1033.9046, 3270.9428, 0.0000, 96, 124, 78
L 5411.8946, 3397.6445, 0.0000, 5398.2097, 3317.9838, 0.0000, 96, 124, 78
L 5429.4199, 3397.6445, 0.0000, 5419.8406, 3340.2888, 0.0000, 96, 124, 78
L 7446.2600, 3271.9786, 0.0000, 7445.2628, 3184.7360, 0.0000, 56, 84, 48
L 7465.4534, 3271.9786, 0.0000, 7464.7554, 3209.1639, 0.0000, 56, 84, 48
L 9773.0517, 3396.0250, 0.0000, 9764.6473, 3291.1435, 0.0000, 72, 102, 60
L 9796.1256, 3396.0250, 0.0000, 9790.2426, 3320.5103, 0.0000, 72, 102, 60
L 9965.8025, 3359.9685, 0.0000, 9958.6093, 3246.8997, 0.0000, 56, 84, 48
L 9990.6777, 3359.9685, 0.0000, 9985.6424, 3278.5589, 0.0000, 56, 84, 48
L 10565.1569, 3345.5426, 0.0000, 10536.4809, 3235.1205, 0.0000, 72, 102, 60
L 10589.4498, 3345.5426, 0.0000, 10569.3766, 3266.0387, 0.0000, 72, 102, 60
L 12093.7158, 3353.7126, 0.0000, 12088.3172, 3273.7292, 0.0000, 96, 124, 78
L 12111.3121, 3353.7126, 0.0000, 12107.5331, 3296.1246, 0.0000, 96, 124, 78
L 14134.9694, 3322.0077, 0.0000, 14147.8483, 3215.5585, 0.0000, 72, 102, 60
L 14158.3883, 3322.0077, 0.0000, 14167.4035, 3245.3643, 0.0000, 72, 102, 60
L 14445.0778, 3373.4657, 0.0000, 14442.6586, 3295.6917, 0.0000, 56, 84, 48
L 14462.1881, 3373.4657, 0.0000, 14460.4946, 3317.4684, 0.0000, 56, 84, 48
L 304.9515, 3481.5549, 0.0000, 293.7978, 3394.9211, 0.0000, 96, 124, 78
L 324.0109, 3481.5549, 0.0000, 316.2033, 3419.1786, 0.0000, 96, 124, 78
L 867.3237, 3482.2634, 0.0000, 903.9516, 3373.2002, 0.0000, 56, 84, 48
L 891.3176, 3482.2634, 0.0000, 916.9571, 3403.7379, 0.0000, 56, 84, 48
L 4724.6888, 3608.7622, 0.0000, 4688.8155, 3505.5169, 0.0000, 96, 124, 78
L 4747.4028, 3608.7622, 0.0000, 4722.2914, 3534.4256, 0.0000, 96, 124, 78
L 5470.1352, 3596.3965, 0.0000, 5445.9720, 3491.2463, 0.0000, 96, 124, 78
L 5493.2683, 3596.3965, 0.0000, 5476.3540, 3520.6883, 0.0000, 96, 124, 78
L 7248.0428, 3466.7688, 0.0000, 7263.8059, 3363.6574, 0.0000, 96, 124, 78
L 7270.7273, 3466.7688, 0.0000, 7281.7615, 3392.5286, 0.0000, 96, 124, 78
L 9850.0125, 3541.9158, 0.0000, 9850.2955, 3461.1929, 0.0000, 96, 124, 78
L 9867.7715, 3541.9158, 0.0000, 9867.9696, 3483.7953, 0.0000, 96, 124, 78
L 11408.7386, 3604.2810, 0.0000, 11382.6238, 3492.1194, 0.0000, 72, 102, 60
L 11433.4142, 3604.2810, 0.0000, 11415.1338, 3523.5247, 0.0000, 72, 102, 60
L 13024.3024, 3531.9813, 0.0000, 13030.0837, 3449.4242, 0.0000, 56, 84, 48
L 13042.4649, 3531.9813, 0.0000, 13046.5119, 3472.5402, 0.0000, 56, 84, 48
L 446.3565, 3667.8378, 0.0000, 432.4416, 3557.7047, 0.0000, 72, 102, 60
L 470.5858, 3667.8378, 0.0000, 460.8454, 3588.5419, 0.0000, 72, 102, 60
L 3779.3097, 3716.3345, 0.0000, 3794.6791, 3617.7814, 0.0000, 56, 84, 48
L 3800.9914, 3716.3345, 0.0000, 3811.7499, 3645.3763, 0.0000, 56, 84, 48
L 5323.0435, 3787.0377, 0.0000, 5325.6071, 3678.7567, 0.0000, 56, 84, 48
L 5346.8653, 3787.0377, 0.0000, 5348.6598, 3709.0754, 0.0000, 56, 84, 48
L 9710.3437, 3791.8087, 0.0000, 9697.3139, 3682.3685, 0.0000, 56, 84, 48
L 9734.4206, 3791.8087, 0.0000, 9725.2997, 3713.0117, 0.0000, 56, 84, 48
L 9963.8275, 3804.9318, 0.0000, 9943.3594, 3727.5196, 0.0000, 72, 102, 60
L 9980.8581, 3804.9318, 0.0000, 9966.5305, 3749.1950, 0.0000, 72, 102, 60
L 11339.3255, 3704.5522, 0.0000, 11361.8095, 3589.8971, 0.0000, 56, 84, 48
L 11364.5497, 3704.5522, 0.0000, 11380.2884, 3622.0006, 0.0000, 56, 84, 48
L 11597.1030, 3742.5120, 0.0000, 11580.7886, 3655.1444, 0.0000, 56, 84, 48
L 11616.3239, 3742.5120, 0.0000, 11604.9038, 3679.6073, 0.0000, 56, 84, 48
L 14670.0282, 3799.0181, 0.0000, 14646.0924, 3711.1525, 0.0000, 56, 84, 48
L 14689.3586, 3799.0181, 0.0000, 14672.6036, 3735.7549, 0.0000, 56, 84, 48
L 373.7793, 3935.6456, 0.0000, 348.8234, 3820.0645, 0.0000, 96, 124, 78
L 399.2071, 3935.6456, 0.0000, 381.7380, 3852.4272, 0.0000, 96, 124, 78
L 872.2172, 3902.2099, 0.0000, 889.5037, 3815.8748, 0.0000, 72, 102, 60
L 891.2109, 3902.2099, 0.0000, 903.3115, 3840.0486, 0.0000, 72, 102, 60
L 4782.4658, 3930.7870, 0.0000, 4781.5191, 3837.7733, 0.0000, 96, 124, 78
L 4802.9288, 3930.7870, 0.0000, 4802.2661, 3863.8171, 0.0000, 96, 124, 78
L 5268.5148, 3939.0133, 0.0000, 5245.7315, 3839.6051, 0.0000, 96, 124, 78
L 5290.3846, 3939.0133, 0.0000, 5274.4363, 3867.4394, 0.0000, 96, 124, 78
L 5761.5283, 3916.2117, 0.0000, 5779.8509, 3803.1130, 0.0000, 96, 124, 78
L 5786.4100, 3916.2117, 0.0000, 5799.2358, 3834.7806, 0.0000, 96, 124, 78
L 8572.9646, 3870.9393, 0.0000, 8570.5850, 3778.2350, 0.0000, 96, 124, 78
L 8593.3596, 3870.9393, 0.0000, 8591.6939, 3804.1922, 0.0000, 96, 124, 78
L 10912.0319, 3925.8475, 0.0000, 10938.8162, 3826.2675, 0.0000, 72, 102, 60
L 10933.9395, 3925.8475, 0.0000, 10952.6885, 3854.1499, 0.0000, 72, 102, 60
L 11411.4502, 3897.8005, 0.0000, 11446.1924, 3791.5661, 0.0000, 96, 124, 78
L 11434.8217, 3897.8005, 0.0000, 11459.1413, 3821.3117, 0.0000, 96, 124, 78
L 13007.9837, 3919.9871, 0.0000, 13012.9614, 3834.4851, 0.0000, 72, 102, 60
L 13026.7941, 3919.9871, 0.0000, 13030.2785, 3858.4257, 0.0000, 72, 102, 60
L 13143.9536, 3909.5859, 0.0000, 13114.4544, 3799.0442, 0.0000, 56, 84, 48
L 13168.2728, 3909.5859, 0.0000, 13147.6234, 3829.9959, 0.0000, 56, 84, 48
L 15304.3582, 3883.1159, 0.0000, 15289.1312, 3765.0093, 0.0000, 96, 124, 78
L 15330.3416, 3883.1159, 0.0000, 15319.6827, 3798.0791, 0.0000, 96, 124, 78
L 15489.8754, 3941.9250, 0.0000, 15490.4933, 3859.7434, 0.0000, 56, 84, 48
L 15507.9554, 3941.9250, 0.0000, 15508.3879, 3882.7542, 0.0000, 56, 84, 48
L 15745.0219, 3913.6119, 0.0000, 15733.2678, 3828.4156, 0.0000, 96, 124, 78
L 15763.7651, 3913.6119, 0.0000, 15755.5372, 3852.2705, 0.0000, 96, 124, 78
L 933.6983, 4210.2316, 0.0000, 965.8007, 4103.1701, 0.0000, 72, 102, 60
L 957.2519, 4210.2316, 0.0000, 979.7235, 4133.1473, 0.0000, 72, 102, 60
L 6593.7396, 4309.2656, 0.0000, 6594.8581, 4217.5714, 0.0000, 96, 124, 78
L 6613.9123, 4309.2656, 0.0000, 6614.6953, 4243.2458, 0.0000, 96, 124, 78
L 7045.0414, 4292.6066, 0.0000, 7025.5099, 4183.0759, 0.0000, 96, 124, 78
L 7069.1382, 4292.6066, 0.0000, 7055.4661, 4213.7445, 0.0000, 96, 124, 78
L 7819.7174, 4274.3083, 0.0000, 7803.2733, 4171.3587, 0.0000, 56, 84, 48
L 7842.3663, 4274.3083, 0.0000, 7830.8554, 4200.1846, 0.0000, 56, 84, 48
