L -2752.3334, -2345.0050, -1.0000, -2699.5243, -2318.6004, -1.0000, 110, 88, 66
L -2480.0247, -2345.0050, -1.0000, -2416.7640, -2313.3746, -1.0000, 96, 74, 56
L -2411.9486, -2345.0050, -1.0000, -2389.9448, -2375.8103, -1.0000, 120, 150, 86
L -2389.9448, -2345.0050, -1.0000, -2389.9448, -2371.4095, -1.0000, 120, 150, 86
L -1577.4047, -2345.0050, -1.0000, -1555.4009, -2375.8103, -1.0000, 134, 162, 98
L -1555.4009, -2345.0050, -1.0000, -1555.4009, -2371.4095, -1.0000, 120, 150, 86
L -1024.6094, -2345.0050, -1.0000, -1002.6056, -2375.8103, -1.0000, 120, 150, 86
L -1002.6056, -2345.0050, -1.0000, -1002.6056, -2371.4095, -1.0000, 120, 150, 86
L 28.6590, -2345.0050, -1.0000, 81.4682, -2318.6004, -1.0000, 110, 88, 66
L 873.7522, -2345.0050, -1.0000, 895.7560, -2375.8103, -1.0000, 134, 162, 98
L 895.7560, -2345.0050, -1.0000, 895.7560, -2371.4095, -1.0000, 120, 150, 86
L -2853.6257, -2256.9897, -1.0000, -2800.8165, -2230.5851, -1.0000, 110, 88, 66
L -2499.3247, -2256.9897, -1.0000, -2477.3209, -2287.7951, -1.0000, 134, 162, 98
L -2477.3209, -2256.9897, -1.0000, -2477.3209, -2283.3943, -1.0000, 120, 150, 86
L -2306.2184, -2256.9897, -1.0000, -2227.4029, -2217.5820, -1.0000, 96, 74, 56
L -2222.7299, -2256.9897, -1.0000, -2200.7261, -2287.7951, -1.0000, 120, 150, 86
L -2200.7261, -2256.9897, -1.0000, -2200.7261, -2283.3943, -1.0000, 120, 150, 86
L -1290.4778, -2256.9897, -1.0000, -1210.4303, -2216.9660, -1.0000, 96, 74, 56
L -771.8488, -2256.9897, -1.0000, -670.6518, -2206.3912, -1.0000, 96, 74, 56
L -427.7278, -2256.9897, -1.0000, -356.9300, -2221.5908, -1.0000, 96, 74, 56
L -276.5619, -2256.9897, -1.0000, -254.5581, -2287.7951, -1.0000, 120, 150, 86
L -254.5581, -2256.9897, -1.0000, -254.5581, -2283.3943, -1.0000, 120, 150, 86
L -87.1358, -2256.9897, -1.0000, -65.1320, -2287.7951, -1.0000, 134, 162, 98
L -65.1320, -2256.9897, -1.0000, -65.1320, -2283.3943, -1.0000, 120, 150, 86
L 768.1810, -2256.9897, -1.0000, 820.9902, -2230.5851, -1.0000, 110, 88, 66
L 973.1558, -2256.9897, -1.0000, 1025.9649, -2230.5851, -1.0000, 110, 88, 66
L 1298.5253, -2256.9897, -1.0000, 1403.1975, -2204.6536, -1.0000, 96, 74, 56
L 1492.7261, -2256.9897, -1.0000, 1561.6879, -2222.5088, -1.0000, 96, 74, 56
L 2149.0402, -2256.9897, -1.0000, 2233.4309, -2214.7944, -1.0000, 96, 74, 56
L 2427.2887, -2256.9897, -1.0000, 2490.1288, -2225.5697, -1.0000, 96, 74, 56
L -2282.1935, -2168.9745, -1.0000, -2210.5998, -2133.1777, -1.0000, 96, 74, 56
L -1540.3733, -2168.9745, -1.0000, -1487.5641, -2142.5699, -1.0000, 110, 88, 66
L -886.1917, -2168.9745, -1.0000, -833.3825, -2142.5699, -1.0000, 110, 88, 66
L -742.9875, -2168.9745, -1.0000, -641.5565, -2118.2590, -1.0000, 96, 74, 56
L -661.7846, -2168.9745, -1.0000, -608.9754, -2142.5699, -1.0000, 110, 88, 66
L 346.5463, -2168.9745, -1.0000, 399.3554, -2142.5699, -1.0000, 110, 88, 66
L 500.7344, -2168.9745, -1.0000, 553.5436, -2142.5699, -1.0000, 110, 88, 66
L 1465.5153, -2168.9745, -1.0000, 1535.1841, -2134.1401, -1.0000, 96, 74, 56
L 2117.6342, -2168.9745, -1.0000, 2213.2302, -2121.1765, -1.0000, 96, 74, 56
L 3190.8049, -2168.9745, -1.0000, 3293.8488, -2117.4525, -1.0000, 96, 74, 56
L -2682.5886, -2080.9592, -1.0000, -2629.7794, -2054.5547, -1.0000, 110, 88, 66
L -1291.1176, -2080.9592, -1.0000, -1215.4894, -2043.1451, -1.0000, 96, 74, 56
L -1212.8844, -2080.9592, -1.0000, -1190.8806, -2111.7646, -1.0000, 120, 150, 86
L -1190.8806, -2080.9592, -1.0000, -1190.8806, -2107.3638, -1.0000, 120, 150, 86
L -978.7034, -2080.9592, -1.0000, -956.6996, -2111.7646, -1.0000, 120, 150, 86
L -956.6996, -2080.9592, -1.0000, -956.6996, -2107.3638, -1.0000, 120, 150, 86
L -720.3003, -2080.9592, -1.0000, -655.8603, -2048.7393, -1.0000, 96, 74, 56
L -347.8819, -2080.9592, -1.0000, -251.9894, -2033.0130, -1.0000, 96, 74, 56
L 250.5510, -2080.9592, -1.0000, 272.5548, -2111.7646, -1.0000, 120, 150, 86
L 272.5548, -2080.9592, -1.0000, 272.5548, -2107.3638, -1.0000, 120, 150, 86
L 517.4404, -2080.9592, -1.0000, 539.4442, -2111.7646, -1.0000, 134, 162, 98
L 539.4442, -2080.9592, -1.0000, 539.4442, -2107.3638, -1.0000, 120, 150, 86
L 777.2314, -2080.9592, -1.0000, 799.2352, -2111.7646, -1.0000, 134, 162, 98
L 799.2352, -2080.9592, -1.0000, 799.2352, -2107.3638, -1.0000, 120, 150, 86
L 1390.5388, -2080.9592, -1.0000, 1412.5426, -2111.7646, -1.0000, 120, 150, 86
L 1412.5426, -2080.9592, -1.0000, 1412.5426, -2107.3638, -1.0000, 120, 150, 86
L 1762.6220, -2080.9592, -1.0000, 1846.2404, -2039.1501, -1.0000, 96, 74, 56
L 1821.6943, -2080.9592, -1.0000, 1884.1043, -2049.7542, -1.0000, 96, 74, 56
L 1883.3208, -2080.9592, -1.0000, 1905.3246, -2111.7646, -1.0000, 134, 162, 98
L 1905.3246, -2080.9592, -1.0000, 1905.3246, -2107.3638, -1.0000, 120, 150, 86
L 3109.9277, -2080.9592, -1.0000, 3208.1653, -2031.8404, -1.0000, 96, 74, 56
L 3306.2230, -2080.9592, -1.0000, 3328.2268, -2111.7646, -1.0000, 120, 150, 86
L 3328.2268, -2080.9592, -1.0000, 3328.2268, -2107.3638, -1.0000, 120, 150, 86
L 3602.1019, -2080.9592, -1.0000, 3667.4306, -2048.2949, -1.0000, 96, 74, 56
L -2853.6257, -1992.9440, -1.0000, -2771.7956, -1952.0290, -1.0000, 96, 74, 56
L -2795.2704, -1992.9440, -1.0000, -2722.0750, -1956.3463, -1.0000, 96, 74, 56
L -2280.0258, -1992.9440, -1.0000, -2201.6207, -1953.7414, -1.0000, 96, 74, 56
L -2104.8018, -1992.9440, -1.0000, -2042.9732, -1962.0297, -1.0000, 96, 74, 56
L -2042.6923, -1992.9440, -1.0000, -2020.6885, -2023.7493, -1.0000, 120, 150, 86
L -2020.6885, -1992.9440, -1.0000, -2020.6885, -2019.3486, -1.0000, 120, 150, 86
L -1861.1608, -1992.9440, -1.0000, -1839.1570, -2023.7493, -1.0000, 120, 150, 86
L -1839.1570, -1992.9440, -1.0000, -1839.1570, -2019.3486, -1.0000, 120, 150, 86
L -846.0057, -1992.9440, -1.0000, -747.6360, -1943.7591, -1.0000, 96, 74, 56
L -113.8977, -1992.9440, -1.0000, -91.8938, -2023.7493, -1.0000, 120, 150, 86
L -91.8938, -1992.9440, -1.0000, -91.8938, -2019.3486, -1.0000, 120, 150, 86
L 109.7545, -1992.9440, -1.0000, 162.5636, -1966.5394, -1.0000, 110, 88, 66
L 589.5556, -1992.9440, -1.0000, 611.5594, -2023.7493, -1.0000, 134, 162, 98
L 611.5594, -1992.9440, -1.0000, 611.5594, -2019.3486, -1.0000, 120, 150, 86
L 999.4952, -1992.9440, -1.0000, 1052.3044, -1966.5394, -1.0000, 110, 88, 66
L 1443.1425, -1992.9440, -1.0000, 1537.3113, -1945.8596, -1.0000, 96, 74, 56
L 2209.3019, -1992.9440, -1.0000, 2231.3057, -2023.7493, -1.0000, 120, 150, 86
L 2231.3057, -1992.9440, -1.0000, 2231.3057, -2019.3486, -1.0000, 120, 150, 86
L 2884.0782, -1992.9440, -1.0000, 2985.0169, -1942.4747, -1.0000, 96, 74, 56
L 3114.3221, -1992.9440, -1.0000, 3196.1310, -1952.0396, -1.0000, 96, 74, 56
L -2686.5987, -1904.9288, -1.0000, -2623.8951, -1873.5770, -1.0000, 120, 96, 74
L -2633.6631, -1904.9288, -1.0000, -2552.2156, -1864.2050, -1.0000, 96, 74, 56
L -2570.2234, -1904.9288, -1.0000, -2517.4143, -1878.5242, -1.0000, 110, 88, 66
L -2245.9585, -1904.9288, -1.0000, -2151.3098, -1857.6044, -1.0000, 96, 74, 56
L -2163.6075, -1904.9288, -1.0000, -2061.2282, -1853.7391, -1.0000, 96, 74, 56
L -1597.4694, -1904.9288, -1.0000, -1575.4656, -1935.7341, -1.0000, 120, 150, 86
L -1575.4656, -1904.9288, -1.0000, -1575.4656, -1931.3333, -1.0000, 120, 150, 86
L -1311.2426, -1904.9288, -1.0000, -1208.4589, -1853.5369, -1.0000, 96, 74, 56
L -507.7884, -1904.9288, -1.0000, -485.7846, -1935.7341, -1.0000, 134, 162, 98
L -485.7846, -1904.9288, -1.0000, -485.7846, -1931.3333, -1.0000, 120, 150, 86
L 182.3155, -1904.9288, -1.0000, 276.4493, -1857.8619, -1.0000, 96, 74, 56
L 1222.6627, -1904.9288, -1.0000, 1244.6665, -1935.7341, -1.0000, 120, 150, 86
L 1244.6665, -1904.9288, -1.0000, 1244.6665, -1931.3333, -1.0000, 120, 150, 86
L 1811.9275, -1904.9288, -1.0000, 1896.6056, -1862.5897, -1.0000, 96, 74, 56
L 1878.0046, -1904.9288, -1.0000, 1942.3464, -1872.7579, -1.0000, 96, 74, 56
L 2290.1334, -1904.9288, -1.0000, 2342.9425, -1878.5242, -1.0000, 110, 88, 66
L 2823.9288, -1904.9288, -1.0000, 2845.9326, -1935.7341, -1.0000, 134, 162, 98
L 2845.9326, -1904.9288, -1.0000, 2845.9326, -1931.3333, -1.0000, 120, 150, 86
L 3257.9074, -1904.9288, -1.0000, 3279.9112, -1935.7341, -1.0000, 120, 150, 86
L 3279.9112, -1904.9288, -1.0000, 3279.9112, -1931.3333, -1.0000, 120, 150, 86
L -2853.6257, -1816.9135, -1.0000, -2761.9985, -1771.0999, -1.0000, 120, 96, 74
L -2639.4035, -1816.9135, -1.0000, -2586.5944, -1790.5089, -1.0000, 110, 88, 66
L -763.8216, -1816.9135, -1.0000, -700.7104, -1785.3579, -1.0000, 96, 74, 56
L -260.3982, -1816.9135, -1.0000, -156.1064, -1764.7676, -1.0000, 96, 74, 56
L 238.4627, -1816.9135, -1.0000, 308.3166, -1781.9866, -1.0000, 96, 74, 56
L 767.0533, -1816.9135, -1.0000, 819.8624, -1790.5089, -1.0000, 110, 88, 66
L 903.6389, -1816.9135, -1.0000, 982.5587, -1777.4536, -1.0000, 96, 74, 56
L 1568.6298, -1816.9135, -1.0000, 1590.6336, -1847.7189, -1.0000, 134, 162, 98
L 1590.6336, -1816.9135, -1.0000, 1590.6336, -1843.3181, -1.0000, 120, 150, 86
L 1794.6467, -1816.9135, -1.0000, 1870.8546, -1778.8096, -1.0000, 96, 74, 56
L 1853.4149, -1816.9135, -1.0000, 1927.3392, -1779.9514, -1.0000, 96, 74, 56
L 2769.2366, -1816.9135, -1.0000, 2791.2404, -1847.7189, -1.0000, 120, 150, 86
L 2791.2404, -1816.9135, -1.0000, 2791.2404, -1843.3181, -1.0000, 120, 150, 86
L 3052.4464, -1816.9135, -1.0000, 3105.2556, -1790.5089, -1.0000, 110, 88, 66
L 3187.5370, -1816.9135, -1.0000, 3209.5408, -1847.7189, -1.0000, 134, 162, 98
L 3209.5408, -1816.9135, -1.0000, 3209.5408, -1843.3181, -1.0000, 120, 150, 86
L -2741.3508, -1728.8983, -1.0000, -2719.3470, -1759.7036, -1.0000, 134, 162, 98
L -2719.3470, -1728.8983, -1.0000, -2719.3470, -1755.3029, -1.0000, 120, 150, 86
L -2273.2910, -1728.8983, -1.0000, -2201.3885, -1692.9470, -1.0000, 96, 74, 56
L -1290.5943, -1728.8983, -1.0000, -1220.3004, -1693.7513, -1.0000, 96, 74, 56
L -1117.5662, -1728.8983, -1.0000, -1095.5624, -1759.7036, -1.0000, 120, 150, 86
L -1095.5624, -1728.8983, -1.0000, -1095.5624, -1755.3029, -1.0000, 120, 150, 86
L -787.1985, -1728.8983, -1.0000, -721.3445, -1695.9713, -1.0000, 96, 74, 56
L 231.1159, -1728.8983, -1.0000, 331.6367, -1678.6379, -1.0000, 96, 74, 56
L 304.2841, -1728.8983, -1.0000, 383.3248, -1689.3779, -1.0000, 96, 74, 56
L 1785.4550, -1728.8983, -1.0000, 1873.3007, -1684.9754, -1.0000, 96, 74, 56
L 2953.9305, -1728.8983, -1.0000, 2975.9344, -1759.7036, -1.0000, 120, 150, 86
L 2975.9344, -1728.8983, -1.0000, 2975.9344, -1755.3029, -1.0000, 120, 150, 86
L 3221.7705, -1728.8983, -1.0000, 3295.8486, -1691.8592, -1.0000, 96, 74, 56
L -2387.4305, -1640.8830, -1.0000, -2325.1670, -1609.7513, -1.0000, 96, 74, 56
L -2315.2035, -1640.8830, -1.0000, -2293.1997, -1671.6884, -1.0000, 134, 162, 98
L -2293.1997, -1640.8830, -1.0000, -2293.1997, -1667.2876, -1.0000, 120, 150, 86
L -1322.6262, -1640.8830, -1.0000, -1300.6223, -1671.6884, -1.0000, 134, 162, 98
L -1300.6223, -1640.8830, -1.0000, -1300.6223, -1667.2876, -1.0000, 120, 150, 86
L -850.6478, -1640.8830, -1.0000, -797.8386, -1614.4785, -1.0000, 110, 88, 66
L -281.2154, -1640.8830, -1.0000, -214.1893, -1607.3700, -1.0000, 96, 74, 56
L -52.7174, -1640.8830, -1.0000, -30.7136, -1671.6884, -1.0000, 120, 150, 86
L -30.7136, -1640.8830, -1.0000, -30.7136, -1667.2876, -1.0000, 120, 150, 86
L 223.3152, -1640.8830, -1.0000, 245.3191, -1671.6884, -1.0000, 134, 162, 98
L 245.3191, -1640.8830, -1.0000, 245.3191, -1667.2876, -1.0000, 120, 150, 86
L 1436.2013, -1640.8830, -1.0000, 1503.4650, -1607.2512, -1.0000, 96, 74, 56
L 1504.1702, -1640.8830, -1.0000, 1526.1740, -1671.6884, -1.0000, 120, 150, 86
L 1526.1740, -1640.8830, -1.0000, 1526.1740, -1667.2876, -1.0000, 120, 150, 86
L 1747.5536, -1640.8830, -1.0000, 1837.1724, -1596.0737, -1.0000, 96, 74, 56
L 3052.0992, -1640.8830, -1.0000, 3104.9083, -1614.4785, -1.0000, 110, 88, 66
L -2853.6257, -1552.8678, -1.0000, -2831.6219, -1583.6731, -1.0000, 120, 150, 86
L -2831.6219, -1552.8678, -1.0000, -2831.6219, -1579.2724, -1.0000, 120, 150, 86
L -2307.4608, -1552.8678, -1.0000, -2217.8472, -1508.0610, -1.0000, 96, 74, 56
L -1266.7211, -1552.8678, -1.0000, -1244.7173, -1583.6731, -1.0000, 134, 162, 98
L -1244.7173, -1552.8678, -1.0000, -1244.7173, -1579.2724, -1.0000, 120, 150, 86
L -794.4027, -1552.8678, -1.0000, -726.2189, -1518.7759, -1.0000, 96, 74, 56
L -341.6320, -1552.8678, -1.0000, -319.6282, -1583.6731, -1.0000, 120, 150, 86
L -319.6282, -1552.8678, -1.0000, -319.6282, -1579.2724, -1.0000, 120, 150, 86
L 546.3417, -1552.8678, -1.0000, 599.1508, -1526.4632, -1.0000, 110, 88, 66
L 691.5064, -1552.8678, -1.0000, 713.5102, -1583.6731, -1.0000, 134, 162, 98
L 713.5102, -1552.8678, -1.0000, 713.5102, -1579.2724, -1.0000, 120, 150, 86
L 1477.3340, -1552.8678, -1.0000, 1580.1867, -1501.4414, -1.0000, 96, 74, 56
L 1723.5049, -1552.8678, -1.0000, 1808.5068, -1510.3668, -1.0000, 96, 74, 56
L 2611.5821, -1552.8678, -1.0000, 2633.5859, -1583.6731, -1.0000, 134, 162, 98
L 2633.5859, -1552.8678, -1.0000, 2633.5859, -1579.2724, -1.0000, 120, 150, 86
L 3349.2212, -1552.8678, -1.0000, 3371.2250, -1583.6731, -1.0000, 120, 150, 86
L 3371.2250, -1552.8678, -1.0000, 3371.2250, -1579.2724, -1.0000, 120, 150, 86
L -2252.1714, -1464.8526, -1.0000, -2180.1702, -1428.8519, -1.0000, 96, 74, 56
L -829.4491, -1464.8526, -1.0000, -740.4383, -1420.3472, -1.0000, 96, 74, 56
L -673.1590, -1464.8526, -1.0000, -651.1552, -1495.6579, -1.0000, 120, 150, 86
L -651.1552, -1464.8526, -1.0000, -651.1552, -1491.2571, -1.0000, 120, 150, 86
L -273.9866, -1464.8526, -1.0000, -210.5431, -1433.1308, -1.0000, 96, 74, 56
L 326.5231, -1464.8526, -1.0000, 379.3322, -1438.4480, -1.0000, 110, 88, 66
L 730.2383, -1464.8526, -1.0000, 829.1549, -1415.3942, -1.0000, 96, 74, 56
L 1085.5763, -1464.8526, -1.0000, 1107.5801, -1495.6579, -1.0000, 120, 150, 86
L 1107.5801, -1464.8526, -1.0000, 1107.5801, -1491.2571, -1.0000, 120, 150, 86
L 1477.7004, -1464.8526, -1.0000, 1540.2317, -1433.5869, -1.0000, 96, 74, 56
L 1690.5603, -1464.8526, -1.0000, 1766.2898, -1426.9878, -1.0000, 96, 74, 56
L 2613.5675, -1464.8526, -1.0000, 2635.5713, -1495.6579, -1.0000, 120, 150, 86
L 2635.5713, -1464.8526, -1.0000, 2635.5713, -1491.2571, -1.0000, 120, 150, 86
L 2890.2233, -1464.8526, -1.0000, 2943.0325, -1438.4480, -1.0000, 110, 88, 66
L -2709.5860, -1376.8373, -1.0000, -2687.5821, -1407.6427, -1.0000, 134, 162, 98
L -2687.5821, -1376.8373, -1.0000, -2687.5821, -1403.2419, -1.0000, 120, 150, 86
L -2174.8986, -1376.8373, -1.0000, -2074.1032, -1326.4396, -1.0000, 96, 74, 56
L -904.3859, -1376.8373, -1.0000, -823.4648, -1336.3768, -1.0000, 96, 74, 56
L -824.3471, -1376.8373, -1.0000, -771.5380, -1350.4327, -1.0000, 110, 88, 66
L 1650.3037, -1376.8373, -1.0000, 1738.4821, -1332.7481, -1.0000, 96, 74, 56
L 2701.3018, -1376.8373, -1.0000, 2723.3056, -1407.6427, -1.0000, 120, 150, 86
L 2723.3056, -1376.8373, -1.0000, 2723.3056, -1403.2419, -1.0000, 120, 150, 86
L -1455.4580, -1288.8221, -1.0000, -1433.4542, -1319.6274, -1.0000, 120, 150, 86
L -1433.4542, -1288.8221, -1.0000, -1433.4542, -1315.2267, -1.0000, 120, 150, 86
L -826.3863, -1288.8221, -1.0000, -755.1418, -1253.1998, -1.0000, 96, 74, 56
L -200.9881, -1288.8221, -1.0000, -96.9601, -1236.8081, -1.0000, 96, 74, 56
L 735.2232, -1288.8221, -1.0000, 815.5857, -1248.6408, -1.0000, 96, 74, 56
L 794.5768, -1288.8221, -1.0000, 816.5806, -1319.6274, -1.0000, 134, 162, 98
L 816.5806, -1288.8221, -1.0000, 816.5806, -1315.2267, -1.0000, 120, 150, 86
L 1757.2511, -1288.8221, -1.0000, 1779.2549, -1319.6274, -1.0000, 120, 150, 86
L 1779.2549, -1288.8221, -1.0000, 1779.2549, -1315.2267, -1.0000, 120, 150, 86
L 2058.9368, -1288.8221, -1.0000, 2111.7459, -1262.4175, -1.0000, 110, 88, 66
L 2199.8943, -1288.8221, -1.0000, 2271.7869, -1252.8757, -1.0000, 96, 74, 56
L 2280.0341, -1288.8221, -1.0000, 2348.3635, -1254.6574, -1.0000, 96, 74, 56
L 2364.6726, -1288.8221, -1.0000, 2417.4818, -1262.4175, -1.0000, 110, 88, 66
L -2557.8018, -1200.8068, -1.0000, -2535.7980, -1231.6122, -1.0000, 134, 162, 98
L -2535.7980, -1200.8068, -1.0000, -2535.7980, -1227.2114, -1.0000, 120, 150, 86
L -1879.8369, -1200.8068, -1.0000, -1857.8331, -1231.6122, -1.0000, 134, 162, 98
L -1857.8331, -1200.8068, -1.0000, -1857.8331, -1227.2114, -1.0000, 120, 150, 86
L -1619.8232, -1200.8068, -1.0000, -1597.8194, -1231.6122, -1.0000, 134, 162, 98
L -1597.8194, -1200.8068, -1.0000, -1597.8194, -1227.2114, -1.0000, 120, 150, 86
L -1053.7031, -1200.8068, -1.0000, -1031.6992, -1231.6122, -1.0000, 134, 162, 98
L -1031.6992, -1200.8068, -1.0000, -1031.6992, -1227.2114, -1.0000, 120, 150, 86
L -219.3270, -1200.8068, -1.0000, -133.3349, -1157.8108, -1.0000, 96, 74, 56
L 705.4132, -1200.8068, -1.0000, 798.8271, -1154.0999, -1.0000, 96, 74, 56
L 2008.6370, -1200.8068, -1.0000, 2030.6408, -1231.6122, -1.0000, 134, 162, 98
L 2030.6408, -1200.8068, -1.0000, 2030.6408, -1227.2114, -1.0000, 120, 150, 86
L 2583.0715, -1200.8068, -1.0000, 2635.8806, -1174.4023, -1.0000, 110, 88, 66
L 2741.6785, -1200.8068, -1.0000, 2817.3046, -1162.9938, -1.0000, 96, 74, 56
L 2809.6500, -1200.8068, -1.0000, 2831.6538, -1231.6122, -1.0000, 120, 150, 86
L 2831.6538, -1200.8068, -1.0000, 2831.6538, -1227.2114, -1.0000, 120, 150, 86
L -2752.2529, -1112.7916, -1.0000, -2730.2491, -1143.5969, -1.0000, 120, 150, 86
L -2730.2491, -1112.7916, -1.0000, -2730.2491, -1139.1962, -1.0000, 120, 150, 86
L -2312.8817, -1112.7916, -1.0000, -2290.8779, -1143.5969, -1.0000, 134, 162, 98
L -2290.8779, -1112.7916, -1.0000, -2290.8779, -1139.1962, -1.0000, 120, 150, 86
L -2119.8244, -1112.7916, -1.0000, -2097.8206, -1143.5969, -1.0000, 134, 162, 98
L -2097.8206, -1112.7916, -1.0000, -2097.8206, -1139.1962, -1.0000, 120, 150, 86
L -1807.2985, -1112.7916, -1.0000, -1785.2947, -1143.5969, -1.0000, 134, 162, 98
L -1785.2947, -1112.7916, -1.0000, -1785.2947, -1139.1962, -1.0000, 120, 150, 86
L -1384.8209, -1112.7916, -1.0000, -1362.8171, -1143.5969, -1.0000, 134, 162, 98
L -1362.8171, -1112.7916, -1.0000, -1362.8171, -1139.1962, -1.0000, 120, 150, 86
L -683.1709, -1112.7916, -1.0000, -661.1671, -1143.5969, -1.0000, 134, 162, 98
L -661.1671, -1112.7916, -1.0000, -661.1671, -1139.1962, -1.0000, 120, 150, 86
L -399.2324, -1112.7916, -1.0000, -377.2286, -1143.5969, -1.0000, 120, 150, 86
L -377.2286, -1112.7916, -1.0000, -377.2286, -1139.1962, -1.0000, 120, 150, 86
L -126.8989, -1112.7916, -1.0000, -27.3991, -1063.0417, -1.0000, 96, 74, 56
L -56.9680, -1112.7916, -1.0000, -34.9642, -1143.5969, -1.0000, 120, 150, 86
L -34.9642, -1112.7916, -1.0000, -34.9642, -1139.1962, -1.0000, 120, 150, 86
L 644.1959, -1112.7916, -1.0000, 722.7819, -1073.4986, -1.0000, 96, 74, 56
L 995.5095, -1112.7916, -1.0000, 1017.5134, -1143.5969, -1.0000, 134, 162, 98
L 1017.5134, -1112.7916, -1.0000, 1017.5134, -1139.1962, -1.0000, 120, 150, 86
L 2173.6688, -1112.7916, -1.0000, 2195.6726, -1143.5969, -1.0000, 120, 150, 86
L 2195.6726, -1112.7916, -1.0000, 2195.6726, -1139.1962, -1.0000, 120, 150, 86
L -2853.6257, -1024.7764, -1.0000, -2831.6219, -1055.5817, -1.0000, 134, 162, 98
L -2831.6219, -1024.7764, -1.0000, -2831.6219, -1051.1809, -1.0000, 120, 150, 86
L -2575.6516, -1024.7764, -1.0000, -2488.5345, -981.2178, -1.0000, 120, 96, 74
L -2351.3799, -1024.7764, -1.0000, -2281.3060, -989.7394, -1.0000, 120, 96, 74
L -2168.7687, -1024.7764, -1.0000, -2100.6005, -990.6923, -1.0000, 120, 96, 74
L -1970.6833, -1024.7764, -1.0000, -1917.8742, -998.3718, -1.0000, 110, 88, 66
L -1652.3613, -1024.7764, -1.0000, -1630.3575, -1055.5817, -1.0000, 120, 150, 86
L -1630.3575, -1024.7764, -1.0000, -1630.3575, -1051.1809, -1.0000, 120, 150, 86
L -585.3986, -1024.7764, -1.0000, -563.3948, -1055.5817, -1.0000, 120, 150, 86
L -563.3948, -1024.7764, -1.0000, -563.3948, -1051.1809, -1.0000, 120, 150, 86
L -207.4302, -1024.7764, -1.0000, -185.4264, -1055.5817, -1.0000, 120, 150, 86
L -185.4264, -1024.7764, -1.0000, -185.4264, -1051.1809, -1.0000, 120, 150, 86
L 983.5243, -1024.7764, -1.0000, 1036.3335, -998.3718, -1.0000, 110, 88, 66
L 2459.7139, -1024.7764, -1.0000, 2481.7177, -1055.5817, -1.0000, 134, 162, 98
L 2481.7177, -1024.7764, -1.0000, 2481.7177, -1051.1809, -1.0000, 120, 150, 86
L 2661.5025, -1024.7764, -1.0000, 2714.3117, -998.3718, -1.0000, 110, 88, 66
L 3339.0094, -1024.7764, -1.0000, 3361.0132, -1055.5817, -1.0000, 134, 162, 98
L 3361.0132, -1024.7764, -1.0000, 3361.0132, -1051.1809, -1.0000, 120, 150, 86
L -2602.7969, -936.7611, -1.0000, -2580.7930, -967.5665, -1.0000, 134, 162, 98
L -2580.7930, -936.7611, -1.0000, -2580.7930, -963.1657, -1.0000, 120, 150, 86
L -1835.4640, -936.7611, -1.0000, -1752.2453, -895.1518, -1.0000, 96, 74, 56
L -1673.3932, -936.7611, -1.0000, -1651.3894, -967.5665, -1.0000, 134, 162, 98
L -1651.3894, -936.7611, -1.0000, -1651.3894, -963.1657, -1.0000, 120, 150, 86
L -1279.0959, -936.7611, -1.0000, -1206.1403, -900.2834, -1.0000, 96, 74, 56
L -874.5118, -936.7611, -1.0000, -800.1641, -899.5873, -1.0000, 96, 74, 56
L -790.1510, -936.7611, -1.0000, -768.1472, -967.5665, -1.0000, 134, 162, 98
L -768.1472, -936.7611, -1.0000, -768.1472, -963.1657, -1.0000, 120, 150, 86
L -145.3751, -936.7611, -1.0000, -64.6101, -896.3786, -1.0000, 96, 74, 56
L 427.3531, -936.7611, -1.0000, 449.3569, -967.5665, -1.0000, 134, 162, 98
L 449.3569, -936.7611, -1.0000, 449.3569, -963.1657, -1.0000, 120, 150, 86
L 668.7983, -936.7611, -1.0000, 739.4759, -901.4223, -1.0000, 96, 74, 56
L 848.9887, -936.7611, -1.0000, 870.9925, -967.5665, -1.0000, 134, 162, 98
L 870.9925, -936.7611, -1.0000, 870.9925, -963.1657, -1.0000, 120, 150, 86
L 2188.1939, -936.7611, -1.0000, 2210.1977, -967.5665, -1.0000, 120, 150, 86
L 2210.1977, -936.7611, -1.0000, 2210.1977, -963.1657, -1.0000, 120, 150, 86
L 2986.3567, -936.7611, -1.0000, 3086.3774, -886.7508, -1.0000, 96, 74, 56
L 3341.2576, -936.7611, -1.0000, 3363.2614, -967.5665, -1.0000, 134, 162, 98
L 3363.2614, -936.7611, -1.0000, 3363.2614, -963.1657, -1.0000, 120, 150, 86
L 3803.8109, -936.7611, -1.0000, 3825.8147, -967.5665, -1.0000, 120, 150, 86
L 3825.8147, -936.7611, -1.0000, 3825.8147, -963.1657, -1.0000, 120, 150, 86
L -1710.9952, -848.7459, -1.0000, -1658.1860, -822.3413, -1.0000, 110, 88, 66
L -84.7032, -848.7459, -1.0000, -0.3241, -806.5563, -1.0000, 96, 74, 56
L 390.2197, -848.7459, -1.0000, 412.2235, -879.5512, -1.0000, 120, 150, 86
L 412.2235, -848.7459, -1.0000, 412.2235, -875.1505, -1.0000, 120, 150, 86
L 632.8920, -848.7459, -1.0000, 654.8958, -879.5512, -1.0000, 120, 150, 86
L 654.8958, -848.7459, -1.0000, 654.8958, -875.1505, -1.0000, 120, 150, 86
L 1432.5447, -848.7459, -1.0000, 1454.5486, -879.5512, -1.0000, 134, 162, 98
L 1454.5486, -848.7459, -1.0000, 1454.5486, -875.1505, -1.0000, 120, 150, 86
L 2919.3502, -848.7459, -1.0000, 2972.1594, -822.3413, -1.0000, 110, 88, 66
L 3087.1552, -848.7459, -1.0000, 3159.4773, -812.5848, -1.0000, 96, 74, 56
L -1905.3460, -760.7306, -1.0000, -1883.3422, -791.5360, -1.0000, 134, 162, 98
L -1883.3422, -760.7306, -1.0000, -1883.3422, -787.1352, -1.0000, 120, 150, 86
L -1671.2273, -760.7306, -1.0000, -1592.5466, -721.3903, -1.0000, 120, 96, 74
L -1332.8520, -760.7306, -1.0000, -1280.0429, -734.3261, -1.0000, 110, 88, 66
L 477.7767, -760.7306, -1.0000, 559.5385, -719.8497, -1.0000, 96, 74, 56
L 1433.7825, -760.7306, -1.0000, 1455.7863, -791.5360, -1.0000, 134, 162, 98
L 1455.7863, -760.7306, -1.0000, 1455.7863, -787.1352, -1.0000, 120, 150, 86
L 2028.8617, -760.7306, -1.0000, 2050.8655, -791.5360, -1.0000, 120, 150, 86
L 2050.8655, -760.7306, -1.0000, 2050.8655, -787.1352, -1.0000, 120, 150, 86
L 3176.0439, -760.7306, -1.0000, 3198.0477, -791.5360, -1.0000, 120, 150, 86
L 3198.0477, -760.7306, -1.0000, 3198.0477, -787.1352, -1.0000, 120, 150, 86
L -1580.6528, -672.7154, -1.0000, -1510.7639, -637.7710, -1.0000, 120, 96, 74
L -955.7631, -672.7154, -1.0000, -863.7564, -626.7121, -1.0000, 96, 74, 56
L -902.8162, -672.7154, -1.0000, -804.1441, -623.3794, -1.0000, 96, 74, 56
L -40.6037, -672.7154, -1.0000, 12.2055, -646.3108, -1.0000, 110, 88, 66
L 376.2016, -672.7154, -1.0000, 429.0107, -646.3108, -1.0000, 110, 88, 66
L 856.3923, -672.7154, -1.0000, 878.3961, -703.5207, -1.0000, 134, 162, 98
L 878.3961, -672.7154, -1.0000, 878.3961, -699.1200, -1.0000, 120, 150, 86
L 1705.6987, -672.7154, -1.0000, 1727.7025, -703.5207, -1.0000, 134, 162, 98
L 1727.7025, -672.7154, -1.0000, 1727.7025, -699.1200, -1.0000, 120, 150, 86
L 3090.4717, -672.7154, -1.0000, 3167.8545, -634.0240, -1.0000, 96, 74, 56
L 3149.8486, -672.7154, -1.0000, 3202.6578, -646.3108, -1.0000, 110, 88, 66
L 3589.7911, -672.7154, -1.0000, 3611.7949, -703.5207, -1.0000, 120, 150, 86
L 3611.7949, -672.7154, -1.0000, 3611.7949, -699.1200, -1.0000, 120, 150, 86
L -2381.3540, -584.7002, -1.0000, -2359.3501, -615.5055, -1.0000, 120, 150, 86
L -2359.3501, -584.7002, -1.0000, -2359.3501, -611.1047, -1.0000, 120, 150, 86
L -1334.7363, -584.7002, -1.0000, -1242.0354, -538.3497, -1.0000, 96, 74, 56
L -957.5130, -584.7002, -1.0000, -872.0241, -541.9557, -1.0000, 96, 74, 56
L -634.8686, -584.7002, -1.0000, -612.8648, -615.5055, -1.0000, 120, 150, 86
L -612.8648, -584.7002, -1.0000, -612.8648, -611.1047, -1.0000, 120, 150, 86
L -62.6601, -584.7002, -1.0000, 20.9705, -542.8849, -1.0000, 96, 74, 56
L 0.6038, -584.7002, -1.0000, 22.6076, -615.5055, -1.0000, 120, 150, 86
L 22.6076, -584.7002, -1.0000, 22.6076, -611.1047, -1.0000, 120, 150, 86
L 913.5424, -584.7002, -1.0000, 935.5462, -615.5055, -1.0000, 134, 162, 98
L 935.5462, -584.7002, -1.0000, 935.5462, -611.1047, -1.0000, 120, 150, 86
L 2007.7533, -584.7002, -1.0000, 2029.7571, -615.5055, -1.0000, 120, 150, 86
L 2029.7571, -584.7002, -1.0000, 2029.7571, -611.1047, -1.0000, 120, 150, 86
L 2555.5289, -584.7002, -1.0000, 2608.3380, -558.2956, -1.0000, 110, 88, 66
L 3157.5594, -584.7002, -1.0000, 3255.8845, -535.5376, -1.0000, 96, 74, 56
L 3470.9760, -584.7002, -1.0000, 3492.9798, -615.5055, -1.0000, 120, 150, 86
L 3492.9798, -584.7002, -1.0000, 3492.9798, -611.1047, -1.0000, 120, 150, 86
L -2853.6257, -496.6849, -1.0000, -2831.6219, -527.4903, -1.0000, 134, 162, 98
L -2831.6219, -496.6849, -1.0000, -2831.6219, -523.0895, -1.0000, 120, 150, 86
L -1805.5846, -496.6849, -1.0000, -1783.5808, -527.4903, -1.0000, 134, 162, 98
L -1783.5808, -496.6849, -1.0000, -1783.5808, -523.0895, -1.0000, 120, 150, 86
L -1403.2973, -496.6849, -1.0000, -1308.1563, -449.1144, -1.0000, 120, 96, 74
L -958.7247, -496.6849, -1.0000, -881.3670, -458.0061, -1.0000, 96, 74, 56
L 1411.9253, -496.6849, -1.0000, 1433.9291, -527.4903, -1.0000, 134, 162, 98
L 1433.9291, -496.6849, -1.0000, 1433.9291, -523.0895, -1.0000, 120, 150, 86
L 1687.0317, -496.6849, -1.0000, 1709.0355, -527.4903, -1.0000, 134, 162, 98
L 1709.0355, -496.6849, -1.0000, 1709.0355, -523.0895, -1.0000, 120, 150, 86
L 2742.2007, -496.6849, -1.0000, 2795.0098, -470.2803, -1.0000, 110, 88, 66
L 2886.4270, -496.6849, -1.0000, 2908.4309, -527.4903, -1.0000, 134, 162, 98
L 2908.4309, -496.6849, -1.0000, 2908.4309, -523.0895, -1.0000, 120, 150, 86
L 3173.3011, -496.6849, -1.0000, 3243.0855, -461.7927, -1.0000, 96, 74, 56
L -1382.4259, -408.6697, -1.0000, -1360.4221, -439.4750, -1.0000, 120, 150, 86
L -1360.4221, -408.6697, -1.0000, -1360.4221, -435.0743, -1.0000, 120, 150, 86
L -996.7251, -408.6697, -1.0000, -898.1118, -359.3630, -1.0000, 96, 74, 56
L 95.3535, -408.6697, -1.0000, 177.2286, -367.7321, -1.0000, 96, 74, 56
L 514.4367, -408.6697, -1.0000, 536.4405, -439.4750, -1.0000, 134, 162, 98
L 536.4405, -408.6697, -1.0000, 536.4405, -435.0743, -1.0000, 120, 150, 86
L 1319.7759, -408.6697, -1.0000, 1341.7797, -439.4750, -1.0000, 120, 150, 86
L 1341.7797, -408.6697, -1.0000, 1341.7797, -435.0743, -1.0000, 120, 150, 86
L 2162.1422, -408.6697, -1.0000, 2214.9514, -382.2651, -1.0000, 110, 88, 66
L 2580.7211, -408.6697, -1.0000, 2602.7249, -439.4750, -1.0000, 120, 150, 86
L 2602.7249, -408.6697, -1.0000, 2602.7249, -435.0743, -1.0000, 120, 150, 86
L 3198.3439, -408.6697, -1.0000, 3251.1531, -382.2651, -1.0000, 110, 88, 66
L 3366.2793, -408.6697, -1.0000, 3388.2832, -439.4750, -1.0000, 120, 150, 86
L 3388.2832, -408.6697, -1.0000, 3388.2832, -435.0743, -1.0000, 120, 150, 86
L -1986.4289, -320.6544, -1.0000, -1964.4251, -351.4598, -1.0000, 120, 150, 86
L -1964.4251, -320.6544, -1.0000, -1964.4251, -347.0590, -1.0000, 120, 150, 86
L -360.1665, -320.6544, -1.0000, -338.1626, -351.4598, -1.0000, 134, 162, 98
L -338.1626, -320.6544, -1.0000, -338.1626, -347.0590, -1.0000, 120, 150, 86
L -12.2872, -320.6544, -1.0000, 90.0462, -269.4877, -1.0000, 96, 74, 56
L 64.2937, -320.6544, -1.0000, 134.4044, -285.5991, -1.0000, 96, 74, 56
L 2296.4186, -320.6544, -1.0000, 2349.2278, -294.2499, -1.0000, 110, 88, 66
L 2457.4225, -320.6544, -1.0000, 2510.2316, -294.2499, -1.0000, 110, 88, 66
L 2668.1296, -320.6544, -1.0000, 2690.1334, -351.4598, -1.0000, 120, 150, 86
L 2690.1334, -320.6544, -1.0000, 2690.1334, -347.0590, -1.0000, 120, 150, 86
L 3149.7668, -320.6544, -1.0000, 3171.7706, -351.4598, -1.0000, 120, 150, 86
L 3171.7706, -320.6544, -1.0000, 3171.7706, -347.0590, -1.0000, 120, 150, 86
L 3369.8638, -320.6544, -1.0000, 3391.8676, -351.4598, -1.0000, 120, 150, 86
L 3391.8676, -320.6544, -1.0000, 3391.8676, -347.0590, -1.0000, 120, 150, 86
L 3676.1213, -320.6544, -1.0000, 3698.1251, -351.4598, -1.0000, 120, 150, 86
L 3698.1251, -320.6544, -1.0000, 3698.1251, -347.0590, -1.0000, 120, 150, 86
L -2320.6286, -232.6392, -1.0000, -2298.6247, -263.4445, -1.0000, 120, 150, 86
L -2298.6247, -232.6392, -1.0000, -2298.6247, -259.0438, -1.0000, 120, 150, 86
L -919.3603, -232.6392, -1.0000, -842.9095, -194.4138, -1.0000, 96, 74, 56
L -39.0838, -232.6392, -1.0000, 35.7947, -195.1999, -1.0000, 96, 74, 56
L 418.4617, -232.6392, -1.0000, 440.4655, -263.4445, -1.0000, 120, 150, 86
L 440.4655, -232.6392, -1.0000, 440.4655, -259.0438, -1.0000, 120, 150, 86
L 1288.0839, -232.6392, -1.0000, 1310.0877, -263.4445, -1.0000, 120, 150, 86
L 1310.0877, -232.6392, -1.0000, 1310.0877, -259.0438, -1.0000, 120, 150, 86
L 2367.6023, -232.6392, -1.0000, 2420.4114, -206.2346, -1.0000, 110, 88, 66
L 3050.8253, -232.6392, -1.0000, 3103.6344, -206.2346, -1.0000, 110, 88, 66
L 3219.3104, -232.6392, -1.0000, 3308.4835, -188.0526, -1.0000, 96, 74, 56
L 3553.3311, -232.6392, -1.0000, 3575.3349, -263.4445, -1.0000, 134, 162, 98
L 3575.3349, -232.6392, -1.0000, 3575.3349, -259.0438, -1.0000, 120, 150, 86
L -1042.5353, -144.6240, -1.0000, -980.5268, -113.6197, -1.0000, 96, 74, 56
L -643.2613, -144.6240, -1.0000, -621.2575, -175.4293, -1.0000, 120, 150, 86
L -621.2575, -144.6240, -1.0000, -621.2575, -171.0285, -1.0000, 120, 150, 86
L -449.5209, -144.6240, -1.0000, -427.5171, -175.4293, -1.0000, 120, 150, 86
L -427.5171, -144.6240, -1.0000, -427.5171, -171.0285, -1.0000, 120, 150, 86
L 326.9285, -144.6240, -1.0000, 348.9323, -175.4293, -1.0000, 134, 162, 98
L 348.9323, -144.6240, -1.0000, 348.9323, -171.0285, -1.0000, 120, 150, 86
L 1233.8401, -144.6240, -1.0000, 1255.8439, -175.4293, -1.0000, 134, 162, 98
L 1255.8439, -144.6240, -1.0000, 1255.8439, -171.0285, -1.0000, 120, 150, 86
L 2178.7214, -144.6240, -1.0000, 2231.5306, -118.2194, -1.0000, 110, 88, 66
L 2629.9888, -144.6240, -1.0000, 2682.7980, -118.2194, -1.0000, 110, 88, 66
L 3227.1462, -144.6240, -1.0000, 3327.9663, -94.2139, -1.0000, 96, 74, 56
L -2575.3594, -56.6087, -1.0000, -2553.3556, -87.4141, -1.0000, 120, 150, 86
L -2553.3556, -56.6087, -1.0000, -2553.3556, -83.0133, -1.0000, 120, 150, 86
L -2270.6942, -56.6087, -1.0000, -2248.6904, -87.4141, -1.0000, 134, 162, 98
L -2248.6904, -56.6087, -1.0000, -2248.6904, -83.0133, -1.0000, 120, 150, 86
L -1830.0440, -56.6087, -1.0000, -1808.0402, -87.4141, -1.0000, 120, 150, 86
L -1808.0402, -56.6087, -1.0000, -1808.0402, -83.0133, -1.0000, 120, 150, 86
L -1027.1156, -56.6087, -1.0000, -955.3115, -20.7067, -1.0000, 120, 96, 74
L 566.0237, -56.6087, -1.0000, 588.0275, -87.4141, -1.0000, 120, 150, 86
L 588.0275, -56.6087, -1.0000, 588.0275, -83.0133, -1.0000, 120, 150, 86
L 2474.9805, -56.6087, -1.0000, 2527.7896, -30.2041, -1.0000, 110, 88, 66
L 2954.6634, -56.6087, -1.0000, 2976.6673, -87.4141, -1.0000, 134, 162, 98
L 2976.6673, -56.6087, -1.0000, 2976.6673, -83.0133, -1.0000, 120, 150, 86
L 3483.3816, -56.6087, -1.0000, 3505.3854, -87.4141, -1.0000, 134, 162, 98
L 3505.3854, -56.6087, -1.0000, 3505.3854, -83.0133, -1.0000, 120, 150, 86
L -405.0855, 31.4065, -1.0000, -383.0816, 0.6012, -1.0000, 120, 150, 86
L -383.0816, 31.4065, -1.0000, -383.0816, 5.0019, -1.0000, 120, 150, 86
L 1576.6746, 31.4065, -1.0000, 1598.6784, 0.6012, -1.0000, 120, 150, 86
L 1598.6784, 31.4065, -1.0000, 1598.6784, 5.0019, -1.0000, 120, 150, 86
L 2125.4871, 31.4065, -1.0000, 2147.4910, 0.6012, -1.0000, 134, 162, 98
L 2147.4910, 31.4065, -1.0000, 2147.4910, 5.0019, -1.0000, 120, 150, 86
L 2660.8927, 31.4065, -1.0000, 2713.7019, 57.8111, -1.0000, 110, 88, 66
L -2853.6257, 119.4218, -1.0000, -2831.6219, 88.6164, -1.0000, 134, 162, 98
L -2831.6219, 119.4218, -1.0000, -2831.6219, 93.0172, -1.0000, 120, 150, 86
L -2341.1357, 119.4218, -1.0000, -2319.1319, 88.6164, -1.0000, 120, 150, 86
L -2319.1319, 119.4218, -1.0000, -2319.1319, 93.0172, -1.0000, 120, 150, 86
L -1282.2523, 119.4218, -1.0000, -1260.2485, 88.6164, -1.0000, 134, 162, 98
L -1260.2485, 119.4218, -1.0000, -1260.2485, 93.0172, -1.0000, 120, 150, 86
L -769.8838, 119.4218, -1.0000, -747.8800, 88.6164, -1.0000, 134, 162, 98
L -747.8800, 119.4218, -1.0000, -747.8800, 93.0172, -1.0000, 120, 150, 86
L -580.4257, 119.4218, -1.0000, -558.4219, 88.6164, -1.0000, 134, 162, 98
L -558.4219, 119.4218, -1.0000, -558.4219, 93.0172, -1.0000, 120, 150, 86
L -329.8797, 119.4218, -1.0000, -238.3006, 165.2113, -1.0000, 96, 74, 56
L 1562.5937, 119.4218, -1.0000, 1584.5975, 88.6164, -1.0000, 120, 150, 86
L 1584.5975, 119.4218, -1.0000, 1584.5975, 93.0172, -1.0000, 120, 150, 86
L 2281.8383, 119.4218, -1.0000, 2334.6475, 145.8263, -1.0000, 110, 88, 66
L 3152.3321, 119.4218, -1.0000, 3252.5841, 169.5478, -1.0000, 96, 74, 56
L 3207.1732, 119.4218, -1.0000, 3296.9168, 164.2935, -1.0000, 96, 74, 56
L -1963.0536, 207.4370, -1.0000, -1941.0498, 176.6317, -1.0000, 134, 162, 98
L -1941.0498, 207.4370, -1.0000, -1941.0498, 181.0324, -1.0000, 120, 150, 86
L -779.8662, 207.4370, -1.0000, -701.5338, 246.6032, -1.0000, 120, 96, 74
L -704.4976, 207.4370, -1.0000, -618.8711, 250.2502, -1.0000, 96, 74, 56
L -348.5127, 207.4370, -1.0000, -250.4420, 256.4724, -1.0000, 96, 74, 56
L 664.8520, 207.4370, -1.0000, 686.8558, 176.6317, -1.0000, 120, 150, 86
L 686.8558, 207.4370, -1.0000, 686.8558, 181.0324, -1.0000, 120, 150, 86
L 1208.5023, 207.4370, -1.0000, 1230.5062, 176.6317, -1.0000, 120, 150, 86
L 1230.5062, 207.4370, -1.0000, 1230.5062, 181.0324, -1.0000, 120, 150, 86
L 2214.0932, 207.4370, -1.0000, 2266.9024, 233.8416, -1.0000, 110, 88, 66
L 3138.9776, 207.4370, -1.0000, 3242.0235, 258.9599, -1.0000, 96, 74, 56
L 3304.5950, 207.4370, -1.0000, 3326.5988, 176.6317, -1.0000, 134, 162, 98
L 3326.5988, 207.4370, -1.0000, 3326.5988, 181.0324, -1.0000, 120, 150, 86
L -2179.4406, 295.4522, -1.0000, -2157.4368, 264.6469, -1.0000, 134, 162, 98
L -2157.4368, 295.4522, -1.0000, -2157.4368, 269.0477, -1.0000, 120, 150, 86
L -1200.2294, 295.4522, -1.0000, -1178.2256, 264.6469, -1.0000, 120, 150, 86
L -1178.2256, 295.4522, -1.0000, -1178.2256, 269.0477, -1.0000, 120, 150, 86
L 1582.6568, 295.4522, -1.0000, 1604.6606, 264.6469, -1.0000, 134, 162, 98
L 1604.6606, 295.4522, -1.0000, 1604.6606, 269.0477, -1.0000, 120, 150, 86
L 2131.4411, 295.4522, -1.0000, 2184.2503, 321.8568, -1.0000, 110, 88, 66
L -1681.7877, 383.4675, -1.0000, -1659.7839, 352.6621, -1.0000, 120, 150, 86
L -1659.7839, 383.4675, -1.0000, -1659.7839, 357.0629, -1.0000, 120, 150, 86
L -578.1436, 383.4675, -1.0000, -487.4439, 428.8173, -1.0000, 120, 96, 74
L -348.7931, 383.4675, -1.0000, -326.7893, 352.6621, -1.0000, 134, 162, 98
L -326.7893, 383.4675, -1.0000, -326.7893, 357.0629, -1.0000, 120, 150, 86
L 1038.7511, 383.4675, -1.0000, 1060.7549, 352.6621, -1.0000, 120, 150, 86
L 1060.7549, 383.4675, -1.0000, 1060.7549, 357.0629, -1.0000, 120, 150, 86
L 2204.1318, 383.4675, -1.0000, 2226.1356, 352.6621, -1.0000, 134, 162, 98
L 2226.1356, 383.4675, -1.0000, 2226.1356, 357.0629, -1.0000, 120, 150, 86
L 3142.0563, 383.4675, -1.0000, 3164.0601, 352.6621, -1.0000, 134, 162, 98
L 3164.0601, 383.4675, -1.0000, 3164.0601, 357.0629, -1.0000, 120, 150, 86
L 3856.2085, 383.4675, -1.0000, 3878.2123, 352.6621, -1.0000, 120, 150, 86
L 3878.2123, 383.4675, -1.0000, 3878.2123, 357.0629, -1.0000, 120, 150, 86
L -615.5091, 471.4827, -1.0000, -551.5442, 503.4652, -1.0000, 96, 74, 56
L -552.2215, 471.4827, -1.0000, -448.0587, 523.5641, -1.0000, 96, 74, 56
L 2105.1334, 471.4827, -1.0000, 2157.9426, 497.8873, -1.0000, 110, 88, 66
L -1004.6493, 559.4980, -1.0000, -982.6455, 528.6926, -1.0000, 134, 162, 98
L -982.6455, 559.4980, -1.0000, -982.6455, 533.0934, -1.0000, 120, 150, 86
L -719.7995, 559.4980, -1.0000, -648.8116, 594.9919, -1.0000, 96, 74, 56
L -659.1089, 559.4980, -1.0000, -637.1050, 528.6926, -1.0000, 134, 162, 98
L -637.1050, 559.4980, -1.0000, -637.1050, 533.0934, -1.0000, 120, 150, 86
L -23.7026, 559.4980, -1.0000, -1.6988, 528.6926, -1.0000, 134, 162, 98
L -1.6988, 559.4980, -1.0000, -1.6988, 533.0934, -1.0000, 120, 150, 86
L 1529.8665, 559.4980, -1.0000, 1551.8703, 528.6926, -1.0000, 134, 162, 98
L 1551.8703, 559.4980, -1.0000, 1551.8703, 533.0934, -1.0000, 120, 150, 86
L 2064.6199, 559.4980, -1.0000, 2117.4291, 585.9025, -1.0000, 110, 88, 66
L 2620.4579, 559.4980, -1.0000, 2642.4617, 528.6926, -1.0000, 120, 150, 86
L 2642.4617, 559.4980, -1.0000, 2642.4617, 533.0934, -1.0000, 120, 150, 86
L -2533.2979, 647.5132, -1.0000, -2511.2941, 616.7079, -1.0000, 120, 150, 86
L -2511.2941, 647.5132, -1.0000, -2511.2941, 621.1086, -1.0000, 120, 150, 86
L -818.7915, 647.5132, -1.0000, -765.9824, 673.9178, -1.0000, 110, 88, 66
L -434.2755, 647.5132, -1.0000, -332.6676, 698.3172, -1.0000, 96, 74, 56
L 229.6011, 647.5132, -1.0000, 251.6049, 616.7079, -1.0000, 120, 150, 86
L 251.6049, 647.5132, -1.0000, 251.6049, 621.1086, -1.0000, 120, 150, 86
L 955.7814, 647.5132, -1.0000, 977.7852, 616.7079, -1.0000, 120, 150, 86
L 977.7852, 647.5132, -1.0000, 977.7852, 621.1086, -1.0000, 120, 150, 86
L 2214.0111, 647.5132, -1.0000, 2266.8203, 673.9178, -1.0000, 110, 88, 66
L 2409.7991, 647.5132, -1.0000, 2431.8029, 616.7079, -1.0000, 120, 150, 86
L 2431.8029, 647.5132, -1.0000, 2431.8029, 621.1086, -1.0000, 120, 150, 86
L 3807.4762, 647.5132, -1.0000, 3829.4800, 616.7079, -1.0000, 120, 150, 86
L 3829.4800, 647.5132, -1.0000, 3829.4800, 621.1086, -1.0000, 120, 150, 86
L -2762.2601, 735.5284, -1.0000, -2740.2563, 704.7231, -1.0000, 120, 150, 86
L -2740.2563, 735.5284, -1.0000, -2740.2563, 709.1239, -1.0000, 120, 150, 86
L -1105.4600, 735.5284, -1.0000, -1083.4562, 704.7231, -1.0000, 134, 162, 98
L -1083.4562, 735.5284, -1.0000, -1083.4562, 709.1239, -1.0000, 120, 150, 86
L -488.6053, 735.5284, -1.0000, -466.6015, 704.7231, -1.0000, 120, 150, 86
L -466.6015, 735.5284, -1.0000, -466.6015, 709.1239, -1.0000, 120, 150, 86
L 1337.4245, 735.5284, -1.0000, 1359.4283, 704.7231, -1.0000, 120, 150, 86
L 1359.4283, 735.5284, -1.0000, 1359.4283, 709.1239, -1.0000, 120, 150, 86
L 2917.2992, 735.5284, -1.0000, 3010.0010, 781.8793, -1.0000, 96, 74, 56
L -1021.7612, 823.5437, -1.0000, -947.5032, 860.6727, -1.0000, 120, 96, 74
L -937.0365, 823.5437, -1.0000, -915.0327, 792.7383, -1.0000, 120, 150, 86
L -915.0327, 823.5437, -1.0000, -915.0327, 797.1391, -1.0000, 120, 150, 86
L 460.5973, 823.5437, -1.0000, 482.6011, 792.7383, -1.0000, 120, 150, 86
L 482.6011, 823.5437, -1.0000, 482.6011, 797.1391, -1.0000, 120, 150, 86
L 2171.9070, 823.5437, -1.0000, 2224.7161, 849.9483, -1.0000, 110, 88, 66
L 2776.4850, 823.5437, -1.0000, 2798.4888, 792.7383, -1.0000, 134, 162, 98
L 2798.4888, 823.5437, -1.0000, 2798.4888, 797.1391, -1.0000, 120, 150, 86
L 3234.9506, 823.5437, -1.0000, 3256.9544, 792.7383, -1.0000, 134, 162, 98
L 3256.9544, 823.5437, -1.0000, 3256.9544, 797.1391, -1.0000, 120, 150, 86
L -1939.3625, 911.5589, -1.0000, -1917.3587, 880.7536, -1.0000, 134, 162, 98
L -1917.3587, 911.5589, -1.0000, -1917.3587, 885.1543, -1.0000, 120, 150, 86
L -1313.4512, 911.5589, -1.0000, -1291.4474, 880.7536, -1.0000, 120, 150, 86
L -1291.4474, 911.5589, -1.0000, -1291.4474, 885.1543, -1.0000, 120, 150, 86
L -1074.1130, 911.5589, -1.0000, -1002.3478, 947.4416, -1.0000, 96, 74, 56
L -645.6578, 911.5589, -1.0000, -623.6540, 880.7536, -1.0000, 120, 150, 86
L -623.6540, 911.5589, -1.0000, -623.6540, 885.1543, -1.0000, 120, 150, 86
L 653.5219, 911.5589, -1.0000, 675.5257, 880.7536, -1.0000, 120, 150, 86
L 675.5257, 911.5589, -1.0000, 675.5257, 885.1543, -1.0000, 120, 150, 86
L 1469.1142, 911.5589, -1.0000, 1491.1180, 880.7536, -1.0000, 120, 150, 86
L 1491.1180, 911.5589, -1.0000, 1491.1180, 885.1543, -1.0000, 120, 150, 86
L 2757.8203, 911.5589, -1.0000, 2779.8241, 880.7536, -1.0000, 120, 150, 86
L 2779.8241, 911.5589, -1.0000, 2779.8241, 885.1543, -1.0000, 120, 150, 86
L 3511.3926, 911.5589, -1.0000, 3533.3964, 880.7536, -1.0000, 134, 162, 98
L 3533.3964, 911.5589, -1.0000, 3533.3964, 885.1543, -1.0000, 120, 150, 86
L -1202.6150, 999.5742, -1.0000, -1118.0233, 1041.8700, -1.0000, 120, 96, 74
L -364.0988, 999.5742, -1.0000, -342.0950, 968.7688, -1.0000, 134, 162, 98
L -342.0950, 999.5742, -1.0000, -342.0950, 973.1696, -1.0000, 120, 150, 86
L -174.3243, 999.5742, -1.0000, -152.3205, 968.7688, -1.0000, 120, 150, 86
L -152.3205, 999.5742, -1.0000, -152.3205, 973.1696, -1.0000, 120, 150, 86
L 1152.4731, 999.5742, -1.0000, 1174.4769, 968.7688, -1.0000, 134, 162, 98
L 1174.4769, 999.5742, -1.0000, 1174.4769, 973.1696, -1.0000, 120, 150, 86
L 2191.5165, 999.5742, -1.0000, 2213.5203, 968.7688, -1.0000, 120, 150, 86
L 2213.5203, 999.5742, -1.0000, 2213.5203, 973.1696, -1.0000, 120, 150, 86
L 2774.4338, 999.5742, -1.0000, 2827.2429, 1025.9787, -1.0000, 110, 88, 66
L 3825.9550, 999.5742, -1.0000, 3847.9588, 968.7688, -1.0000, 120, 150, 86
L 3847.9588, 999.5742, -1.0000, 3847.9588, 973.1696, -1.0000, 120, 150, 86
L -2211.5741, 1087.5894, -1.0000, -2189.5703, 1056.7841, -1.0000, 134, 162, 98
L -2189.5703, 1087.5894, -1.0000, -2189.5703, 1061.1848, -1.0000, 120, 150, 86
L -685.6656, 1087.5894, -1.0000, -663.6618, 1056.7841, -1.0000, 120, 150, 86
L -663.6618, 1087.5894, -1.0000, -663.6618, 1061.1848, -1.0000, 120, 150, 86
L -413.8365, 1087.5894, -1.0000, -349.1430, 1119.9361, -1.0000, 96, 74, 56
L -211.5963, 1087.5894, -1.0000, -189.5925, 1056.7841, -1.0000, 120, 150, 86
L -189.5925, 1087.5894, -1.0000, -189.5925, 1061.1848, -1.0000, 120, 150, 86
L 174.3425, 1087.5894, -1.0000, 196.3463, 1056.7841, -1.0000, 120, 150, 86
L 196.3463, 1087.5894, -1.0000, 196.3463, 1061.1848, -1.0000, 120, 150, 86
L 944.3664, 1087.5894, -1.0000, 966.3702, 1056.7841, -1.0000, 120, 150, 86
L 966.3702, 1087.5894, -1.0000, 966.3702, 1061.1848, -1.0000, 120, 150, 86
L 1141.8453, 1087.5894, -1.0000, 1163.8491, 1056.7841, -1.0000, 134, 162, 98
L 1163.8491, 1087.5894, -1.0000, 1163.8491, 1061.1848, -1.0000, 120, 150, 86
L 1927.5702, 1087.5894, -1.0000, 1949.5740, 1056.7841, -1.0000, 120, 150, 86
L 1949.5740, 1087.5894, -1.0000, 1949.5740, 1061.1848, -1.0000, 120, 150, 86
L 2972.6519, 1087.5894, -1.0000, 2994.6557, 1056.7841, -1.0000, 134, 162, 98
L 2994.6557, 1087.5894, -1.0000, 2994.6557, 1061.1848, -1.0000, 120, 150, 86
L 3812.0522, 1087.5894, -1.0000, 3834.0560, 1056.7841, -1.0000, 134, 162, 98
L 3834.0560, 1087.5894, -1.0000, 3834.0560, 1061.1848, -1.0000, 120, 150, 86
L -1443.5138, 1175.6046, -1.0000, -1421.5100, 1144.7993, -1.0000, 120, 150, 86
L -1421.5100, 1175.6046, -1.0000, -1421.5100, 1149.2001, -1.0000, 120, 150, 86
L -492.3348, 1175.6046, -1.0000, -470.3310, 1144.7993, -1.0000, 120, 150, 86
L -470.3310, 1175.6046, -1.0000, -470.3310, 1149.2001, -1.0000, 120, 150, 86
L -252.4676, 1175.6046, -1.0000, -161.4365, 1221.1202, -1.0000, 96, 74, 56
L -191.8469, 1175.6046, -1.0000, -109.2491, 1216.9035, -1.0000, 96, 74, 56
L 559.5600, 1175.6046, -1.0000, 581.5638, 1144.7993, -1.0000, 134, 162, 98
L 581.5638, 1175.6046, -1.0000, 581.5638, 1149.2001, -1.0000, 120, 150, 86
L 1099.1222, 1175.6046, -1.0000, 1121.1260, 1144.7993, -1.0000, 134, 162, 98
L 1121.1260, 1175.6046, -1.0000, 1121.1260, 1149.2001, -1.0000, 120, 150, 86
L 1914.2829, 1175.6046, -1.0000, 1936.2867, 1144.7993, -1.0000, 120, 150, 86
L 1936.2867, 1175.6046, -1.0000, 1936.2867, 1149.2001, -1.0000, 120, 150, 86
L 2536.5410, 1175.6046, -1.0000, 2608.8379, 1211.7531, -1.0000, 96, 74, 56
L -1440.2382, 1263.6199, -1.0000, -1387.4291, 1290.0245, -1.0000, 110, 88, 66
L 738.7099, 1263.6199, -1.0000, 760.7137, 1232.8145, -1.0000, 134, 162, 98
L 760.7137, 1263.6199, -1.0000, 760.7137, 1237.2153, -1.0000, 120, 150, 86
L 1595.4336, 1263.6199, -1.0000, 1617.4374, 1232.8145, -1.0000, 134, 162, 98
L 1617.4374, 1263.6199, -1.0000, 1617.4374, 1237.2153, -1.0000, 120, 150, 86
L 1801.4458, 1263.6199, -1.0000, 1823.4496, 1232.8145, -1.0000, 120, 150, 86
L 1823.4496, 1263.6199, -1.0000, 1823.4496, 1237.2153, -1.0000, 120, 150, 86
L 2644.6971, 1263.6199, -1.0000, 2745.8999, 1314.2213, -1.0000, 96, 74, 56
L -2853.6257, 1351.6351, -1.0000, -2831.6219, 1320.8298, -1.0000, 120, 150, 86
L -2831.6219, 1351.6351, -1.0000, -2831.6219, 1325.2305, -1.0000, 120, 150, 86
L -2494.7118, 1351.6351, -1.0000, -2472.7080, 1320.8298, -1.0000, 120, 150, 86
L -2472.7080, 1351.6351, -1.0000, -2472.7080, 1325.2305, -1.0000, 120, 150, 86
L -503.7285, 1351.6351, -1.0000, -450.9193, 1378.0397, -1.0000, 110, 88, 66
L -30.4606, 1351.6351, -1.0000, -8.4568, 1320.8298, -1.0000, 120, 150, 86
L -8.4568, 1351.6351, -1.0000, -8.4568, 1325.2305, -1.0000, 120, 150, 86
L 1348.4196, 1351.6351, -1.0000, 1370.4234, 1320.8298, -1.0000, 120, 150, 86
L 1370.4234, 1351.6351, -1.0000, 1370.4234, 1325.2305, -1.0000, 120, 150, 86
L 2691.9299, 1351.6351, -1.0000, 2713.9337, 1320.8298, -1.0000, 134, 162, 98
L 2713.9337, 1351.6351, -1.0000, 2713.9337, 1325.2305, -1.0000, 120, 150, 86
L 2926.3971, 1351.6351, -1.0000, 2948.4009, 1320.8298, -1.0000, 120, 150, 86
L 2948.4009, 1351.6351, -1.0000, 2948.4009, 1325.2305, -1.0000, 120, 150, 86
L -1805.8078, 1439.6504, -1.0000, -1783.8039, 1408.8450, -1.0000, 134, 162, 98
L -1783.8039, 1439.6504, -1.0000, -1783.8039, 1413.2458, -1.0000, 120, 150, 86
L -1502.1120, 1439.6504, -1.0000, -1424.9186, 1478.2471, -1.0000, 96, 74, 56
L -1045.6943, 1439.6504, -1.0000, -1023.6905, 1408.8450, -1.0000, 134, 162, 98
L -1023.6905, 1439.6504, -1.0000, -1023.6905, 1413.2458, -1.0000, 120, 150, 86
L -506.6634, 1439.6504, -1.0000, -431.9287, 1477.0177, -1.0000, 96, 74, 56
L 3292.8994, 1439.6504, -1.0000, 3314.9032, 1408.8450, -1.0000, 134, 162, 98
L 3314.9032, 1439.6504, -1.0000, 3314.9032, 1413.2458, -1.0000, 120, 150, 86
L 3742.4015, 1439.6504, -1.0000, 3764.4053, 1408.8450, -1.0000, 120, 150, 86
L 3764.4053, 1439.6504, -1.0000, 3764.4053, 1413.2458, -1.0000, 120, 150, 86
L -2853.6257, 1527.6656, -1.0000, -2831.6219, 1496.8603, -1.0000, 134, 162, 98
L -2831.6219, 1527.6656, -1.0000, -2831.6219, 1501.2610, -1.0000, 120, 150, 86
L -1596.4648, 1527.6656, -1.0000, -1543.6557, 1554.0702, -1.0000, 110, 88, 66
L -1088.5679, 1527.6656, -1.0000, -1066.5641, 1496.8603, -1.0000, 120, 150, 86
L -1066.5641, 1527.6656, -1.0000, -1066.5641, 1501.2610, -1.0000, 120, 150, 86
L -12.1259, 1527.6656, -1.0000, 79.8797, 1573.6684, -1.0000, 96, 74, 56
L 2238.1455, 1527.6656, -1.0000, 2260.1493, 1496.8603, -1.0000, 134, 162, 98
L 2260.1493, 1527.6656, -1.0000, 2260.1493, 1501.2610, -1.0000, 120, 150, 86
L 3468.1370, 1527.6656, -1.0000, 3490.1409, 1496.8603, -1.0000, 120, 150, 86
L 3490.1409, 1527.6656, -1.0000, 3490.1409, 1501.2610, -1.0000, 120, 150, 86
L -1594.3261, 1615.6808, -1.0000, -1489.2234, 1668.2322, -1.0000, 96, 74, 56
L -1142.0177, 1615.6808, -1.0000, -1120.0139, 1584.8755, -1.0000, 120, 150, 86
L -1120.0139, 1615.6808, -1.0000, -1120.0139, 1589.2763, -1.0000, 120, 150, 86
L -787.8826, 1615.6808, -1.0000, -765.8788, 1584.8755, -1.0000, 120, 150, 86
L -765.8788, 1615.6808, -1.0000, -765.8788, 1589.2763, -1.0000, 120, 150, 86
L 960.3419, 1615.6808, -1.0000, 982.3457, 1584.8755, -1.0000, 134, 162, 98
L 982.3457, 1615.6808, -1.0000, 982.3457, 1589.2763, -1.0000, 120, 150, 86
L 2723.1478, 1615.6808, -1.0000, 2826.9960, 1667.6049, -1.0000, 96, 74, 56
L 3187.3265, 1615.6808, -1.0000, 3209.3303, 1584.8755, -1.0000, 120, 150, 86
L 3209.3303, 1615.6808, -1.0000, 3209.3303, 1589.2763, -1.0000, 120, 150, 86
L -2252.3243, 1703.6961, -1.0000, -2230.3205, 1672.8907, -1.0000, 120, 150, 86
L -2230.3205, 1703.6961, -1.0000, -2230.3205, 1677.2915, -1.0000, 120, 150, 86
L -1398.3531, 1703.6961, -1.0000, -1376.3493, 1672.8907, -1.0000, 120, 150, 86
L -1376.3493, 1703.6961, -1.0000, -1376.3493, 1677.2915, -1.0000, 120, 150, 86
L -956.3343, 1703.6961, -1.0000, -934.3305, 1672.8907, -1.0000, 120, 150, 86
L -934.3305, 1703.6961, -1.0000, -934.3305, 1677.2915, -1.0000, 120, 150, 86
L -500.5793, 1703.6961, -1.0000, -430.0470, 1738.9622, -1.0000, 96, 74, 56
L 73.5240, 1703.6961, -1.0000, 165.8268, 1749.8475, -1.0000, 96, 74, 56
L 2194.0377, 1703.6961, -1.0000, 2216.0415, 1672.8907, -1.0000, 120, 150, 86
L 2216.0415, 1703.6961, -1.0000, 2216.0415, 1677.2915, -1.0000, 120, 150, 86
L 2741.0349, 1703.6961, -1.0000, 2806.7199, 1736.5386, -1.0000, 96, 74, 56
L 3564.8726, 1703.6961, -1.0000, 3586.8764, 1672.8907, -1.0000, 120, 150, 86
L 3586.8764, 1703.6961, -1.0000, 3586.8764, 1677.2915, -1.0000, 120, 150, 86
L -1768.2476, 1791.7113, -1.0000, -1673.9614, 1838.8544, -1.0000, 120, 96, 74
L -514.8753, 1791.7113, -1.0000, -446.4113, 1825.9433, -1.0000, 96, 74, 56
L 90.4000, 1791.7113, -1.0000, 187.6028, 1840.3127, -1.0000, 96, 74, 56
L 836.1906, 1791.7113, -1.0000, 858.1944, 1760.9060, -1.0000, 134, 162, 98
L 858.1944, 1791.7113, -1.0000, 858.1944, 1765.3067, -1.0000, 120, 150, 86
L 1234.3145, 1791.7113, -1.0000, 1256.3183, 1760.9060, -1.0000, 120, 150, 86
L 1256.3183, 1791.7113, -1.0000, 1256.3183, 1765.3067, -1.0000, 120, 150, 86
L 2068.1672, 1791.7113, -1.0000, 2090.1710, 1760.9060, -1.0000, 134, 162, 98
L 2090.1710, 1791.7113, -1.0000, 2090.1710, 1765.3067, -1.0000, 120, 150, 86
L 2732.6727, 1791.7113, -1.0000, 2785.4818, 1818.1159, -1.0000, 110, 88, 66
L 2678.7622, 1879.7266, -1.0000, 2700.7660, 1848.9212, -1.0000, 120, 150, 86
L 2700.7660, 1879.7266, -1.0000, 2700.7660, 1853.3220, -1.0000, 120, 150, 86
L 3207.7225, 1879.7266, -1.0000, 3229.7263, 1848.9212, -1.0000, 134, 162, 98
L 3229.7263, 1879.7266, -1.0000, 3229.7263, 1853.3220, -1.0000, 120, 150, 86
L -2853.6257, 1967.7418, -1.0000, -2831.6219, 1936.9365, -1.0000, 120, 150, 86
L -2831.6219, 1967.7418, -1.0000, -2831.6219, 1941.3372, -1.0000, 120, 150, 86
L -1000.9048, 1967.7418, -1.0000, -978.9010, 1936.9365, -1.0000, 120, 150, 86
L -978.9010, 1967.7418, -1.0000, -978.9010, 1941.3372, -1.0000, 120, 150, 86
L 96.7802, 1967.7418, -1.0000, 118.7840, 1936.9365, -1.0000, 120, 150, 86
L 118.7840, 1967.7418, -1.0000, 118.7840, 1941.3372, -1.0000, 120, 150, 86
L 1692.3964, 1967.7418, -1.0000, 1745.2055, 1994.1464, -1.0000, 110, 88, 66
L 2247.2772, 1967.7418, -1.0000, 2300.0864, 1994.1464, -1.0000, 110, 88, 66
L 2561.3488, 1967.7418, -1.0000, 2614.1579, 1994.1464, -1.0000, 110, 88, 66
L 2762.9004, 1967.7418, -1.0000, 2861.1215, 2016.8524, -1.0000, 96, 74, 56
L -1925.4944, 2055.7570, -1.0000, -1844.4094, 2096.2996, -1.0000, 120, 96, 74
L -844.6748, 2055.7570, -1.0000, -822.6710, 2024.9517, -1.0000, 134, 162, 98
L -822.6710, 2055.7570, -1.0000, -822.6710, 2029.3525, -1.0000, 120, 150, 86
L 53.2247, 2055.7570, -1.0000, 75.2285, 2024.9517, -1.0000, 134, 162, 98
L 75.2285, 2055.7570, -1.0000, 75.2285, 2029.3525, -1.0000, 120, 150, 86
L 245.2049, 2055.7570, -1.0000, 319.6914, 2093.0003, -1.0000, 96, 74, 56
L 1805.0140, 2055.7570, -1.0000, 1857.8232, 2082.1616, -1.0000, 110, 88, 66
L 2021.2104, 2055.7570, -1.0000, 2074.0195, 2082.1616, -1.0000, 110, 88, 66
L 2608.0082, 2055.7570, -1.0000, 2630.0120, 2024.9517, -1.0000, 134, 162, 98
L 2630.0120, 2055.7570, -1.0000, 2630.0120, 2029.3525, -1.0000, 120, 150, 86
L -1906.7054, 2143.7723, -1.0000, -1810.8907, 2191.6796, -1.0000, 96, 74, 56
L -645.0233, 2143.7723, -1.0000, -562.5071, 2185.0304, -1.0000, 96, 74, 56
L -573.2832, 2143.7723, -1.0000, -489.5057, 2185.6611, -1.0000, 96, 74, 56
L -491.0130, 2143.7723, -1.0000, -469.0092, 2112.9669, -1.0000, 134, 162, 98
L -469.0092, 2143.7723, -1.0000, -469.0092, 2117.3677, -1.0000, 120, 150, 86
L -288.6785, 2143.7723, -1.0000, -266.6746, 2112.9669, -1.0000, 134, 162, 98
L -266.6746, 2143.7723, -1.0000, -266.6746, 2117.3677, -1.0000, 120, 150, 86
L 423.1138, 2143.7723, -1.0000, 445.1176, 2112.9669, -1.0000, 134, 162, 98
L 445.1176, 2143.7723, -1.0000, 445.1176, 2117.3677, -1.0000, 120, 150, 86
L 1088.4296, 2143.7723, -1.0000, 1110.4334, 2112.9669, -1.0000, 120, 150, 86
L 1110.4334, 2143.7723, -1.0000, 1110.4334, 2117.3677, -1.0000, 120, 150, 86
L 2314.7086, 2143.7723, -1.0000, 2336.7124, 2112.9669, -1.0000, 134, 162, 98
L 2336.7124, 2143.7723, -1.0000, 2336.7124, 2117.3677, -1.0000, 120, 150, 86
L 3868.3773, 2143.7723, -1.0000, 3890.3812, 2112.9669, -1.0000, 120, 150, 86
L 3890.3812, 2143.7723, -1.0000, 3890.3812, 2117.3677, -1.0000, 120, 150, 86
L -1934.3703, 2231.7875, -1.0000, -1853.3248, 2272.3103, -1.0000, 120, 96, 74
L 325.2794, 2231.7875, -1.0000, 388.7469, 2263.5213, -1.0000, 96, 74, 56
L 1927.6327, 2231.7875, -1.0000, 1949.6365, 2200.9822, -1.0000, 120, 150, 86
L 1949.6365, 2231.7875, -1.0000, 1949.6365, 2205.3829, -1.0000, 120, 150, 86
L 2317.3836, 2231.7875, -1.0000, 2339.3874, 2200.9822, -1.0000, 120, 150, 86
L 2339.3874, 2231.7875, -1.0000, 2339.3874, 2205.3829, -1.0000, 120, 150, 86
L 2743.8646, 2231.7875, -1.0000, 2816.0803, 2267.8954, -1.0000, 96, 74, 56
L 2826.2323, 2231.7875, -1.0000, 2848.2361, 2200.9822, -1.0000, 134, 162, 98
L 2848.2361, 2231.7875, -1.0000, 2848.2361, 2205.3829, -1.0000, 120, 150, 86
L -2709.0619, 2319.8028, -1.0000, -2687.0581, 2288.9974, -1.0000, 134, 162, 98
L -2687.0581, 2319.8028, -1.0000, -2687.0581, 2293.3982, -1.0000, 120, 150, 86
L -1949.5876, 2319.8028, -1.0000, -1844.8031, 2372.1950, -1.0000, 96, 74, 56
L -1146.5076, 2319.8028, -1.0000, -1124.5038, 2288.9974, -1.0000, 134, 162, 98
L -1124.5038, 2319.8028, -1.0000, -1124.5038, 2293.3982, -1.0000, 120, 150, 86
L -579.8722, 2319.8028, -1.0000, -527.0630, 2346.2073, -1.0000, 110, 88, 66
L -257.4752, 2319.8028, -1.0000, -235.4714, 2288.9974, -1.0000, 120, 150, 86
L -235.4714, 2319.8028, -1.0000, -235.4714, 2293.3982, -1.0000, 120, 150, 86
L 2961.2457, 2319.8028, -1.0000, 2983.2495, 2288.9974, -1.0000, 120, 150, 86
L 2983.2495, 2319.8028, -1.0000, 2983.2495, 2293.3982, -1.0000, 120, 150, 86
L 3187.4321, 2319.8028, -1.0000, 3209.4359, 2288.9974, -1.0000, 134, 162, 98
L 3209.4359, 2319.8028, -1.0000, 3209.4359, 2293.3982, -1.0000, 120, 150, 86
L 3412.9926, 2319.8028, -1.0000, 3434.9964, 2288.9974, -1.0000, 134, 162, 98
L 3434.9964, 2319.8028, -1.0000, 3434.9964, 2293.3982, -1.0000, 120, 150, 86
L 3709.3337, 2319.8028, -1.0000, 3731.3375, 2288.9974, -1.0000, 134, 162, 98
L 3731.3375, 2319.8028, -1.0000, 3731.3375, 2293.3982, -1.0000, 120, 150, 86
L 378.0313, 2407.8180, -1.0000, 461.3379, 2449.4713, -1.0000, 96, 74, 56
L 807.0858, 2407.8180, -1.0000, 829.0896, 2377.0127, -1.0000, 120, 150, 86
L 829.0896, 2407.8180, -1.0000, 829.0896, 2381.4134, -1.0000, 120, 150, 86
L 2185.6076, 2407.8180, -1.0000, 2207.6114, 2377.0127, -1.0000, 120, 150, 86
L 2207.6114, 2407.8180, -1.0000, 2207.6114, 2381.4134, -1.0000, 120, 150, 86
L -1976.1421, 2495.8332, -1.0000, -1890.6342, 2538.5872, -1.0000, 96, 74, 56
L -1546.8863, 2495.8332, -1.0000, -1524.8825, 2465.0279, -1.0000, 120, 150, 86
L -1524.8825, 2495.8332, -1.0000, -1524.8825, 2469.4287, -1.0000, 120, 150, 86
L -688.2548, 2495.8332, -1.0000, -612.5447, 2533.6882, -1.0000, 96, 74, 56
L -604.5924, 2495.8332, -1.0000, -582.5886, 2465.0279, -1.0000, 134, 162, 98
L -582.5886, 2495.8332, -1.0000, -582.5886, 2469.4287, -1.0000, 120, 150, 86
L 443.1539, 2495.8332, -1.0000, 495.9631, 2522.2378, -1.0000, 110, 88, 66
L 1614.7384, 2495.8332, -1.0000, 1636.7422, 2465.0279, -1.0000, 120, 150, 86
L 1636.7422, 2495.8332, -1.0000, 1636.7422, 2469.4287, -1.0000, 120, 150, 86
L 2655.3162, 2495.8332, -1.0000, 2708.1254, 2522.2378, -1.0000, 110, 88, 66
L 2948.1474, 2495.8332, -1.0000, 2970.1513, 2465.0279, -1.0000, 134, 162, 98
L 2970.1513, 2495.8332, -1.0000, 2970.1513, 2469.4287, -1.0000, 120, 150, 86
L -2028.7600, 2583.8485, -1.0000, -2006.7562, 2553.0431, -1.0000, 120, 150, 86
L -2006.7562, 2583.8485, -1.0000, -2006.7562, 2557.4439, -1.0000, 120, 150, 86
L -681.1420, 2583.8485, -1.0000, -608.8791, 2619.9799, -1.0000, 96, 74, 56
L -2321.5202, 2671.8637, -1.0000, -2299.5164, 2641.0584, -1.0000, 120, 150, 86
L -2299.5164, 2671.8637, -1.0000, -2299.5164, 2645.4591, -1.0000, 120, 150, 86
L -2068.4911, 2671.8637, -1.0000, -1963.6449, 2724.2868, -1.0000, 120, 96, 74
L -1047.9235, 2671.8637, -1.0000, -1025.9197, 2641.0584, -1.0000, 120, 150, 86
L -1025.9197, 2671.8637, -1.0000, -1025.9197, 2645.4591, -1.0000, 120, 150, 86
L -659.9568, 2671.8637, -1.0000, -564.0073, 2719.8385, -1.0000, 96, 74, 56
L -456.6802, 2671.8637, -1.0000, -434.6763, 2641.0584, -1.0000, 120, 150, 86
L -434.6763, 2671.8637, -1.0000, -434.6763, 2645.4591, -1.0000, 120, 150, 86
L 3125.5283, 2671.8637, -1.0000, 3147.5321, 2641.0584, -1.0000, 134, 162, 98
L 3147.5321, 2671.8637, -1.0000, 3147.5321, 2645.4591, -1.0000, 120, 150, 86
L -2109.0625, 2759.8790, -1.0000, -2021.1414, 2803.8395, -1.0000, 120, 96, 74
L -1363.9979, 2759.8790, -1.0000, -1341.9941, 2729.0736, -1.0000, 120, 150, 86
L -1341.9941, 2759.8790, -1.0000, -1341.9941, 2733.4744, -1.0000, 120, 150, 86
L -691.9546, 2759.8790, -1.0000, -639.1455, 2786.2835, -1.0000, 110, 88, 66
L 60.2969, 2759.8790, -1.0000, 82.3007, 2729.0736, -1.0000, 134, 162, 98
L 82.3007, 2759.8790, -1.0000, 82.3007, 2733.4744, -1.0000, 120, 150, 86
L 1844.5039, 2759.8790, -1.0000, 1866.5077, 2729.0736, -1.0000, 134, 162, 98
L 1866.5077, 2759.8790, -1.0000, 1866.5077, 2733.4744, -1.0000, 120, 150, 86
L 2680.2128, 2759.8790, -1.0000, 2733.0219, 2786.2835, -1.0000, 110, 88, 66
L -1764.2265, 2847.8942, -1.0000, -1742.2226, 2817.0889, -1.0000, 134, 162, 98
L -1742.2226, 2847.8942, -1.0000, -1742.2226, 2821.4896, -1.0000, 120, 150, 86
L -614.5600, 2847.8942, -1.0000, -592.5561, 2817.0889, -1.0000, 134, 162, 98
L -592.5561, 2847.8942, -1.0000, -592.5561, 2821.4896, -1.0000, 120, 150, 86
L 235.6764, 2847.8942, -1.0000, 257.6802, 2817.0889, -1.0000, 120, 150, 86
L 257.6802, 2847.8942, -1.0000, 257.6802, 2821.4896, -1.0000, 120, 150, 86
L 543.0457, 2847.8942, -1.0000, 595.8549, 2874.2988, -1.0000, 110, 88, 66
L 1105.3741, 2847.8942, -1.0000, 1127.3779, 2817.0889, -1.0000, 120, 150, 86
L 1127.3779, 2847.8942, -1.0000, 1127.3779, 2821.4896, -1.0000, 120, 150, 86
L 3078.8809, 2847.8942, -1.0000, 3100.8847, 2817.0889, -1.0000, 134, 162, 98
L 3100.8847, 2847.8942, -1.0000, 3100.8847, 2821.4896, -1.0000, 120, 150, 86
L -792.7504, 2935.9094, -1.0000, -770.7466, 2905.1041, -1.0000, 134, 162, 98
L -770.7466, 2935.9094, -1.0000, -770.7466, 2909.5049, -1.0000, 120, 150, 86
L -315.3721, 2935.9094, -1.0000, -293.3683, 2905.1041, -1.0000, 134, 162, 98
L -293.3683, 2935.9094, -1.0000, -293.3683, 2909.5049, -1.0000, 120, 150, 86
L 636.9600, 2935.9094, -1.0000, 715.6216, 2975.2403, -1.0000, 96, 74, 56
L 1906.0230, 2935.9094, -1.0000, 1928.0268, 2905.1041, -1.0000, 120, 150, 86
L 1928.0268, 2935.9094, -1.0000, 1928.0268, 2909.5049, -1.0000, 120, 150, 86
L 3482.0778, 2935.9094, -1.0000, 3504.0816, 2905.1041, -1.0000, 120, 150, 86
L 3504.0816, 2935.9094, -1.0000, 3504.0816, 2909.5049, -1.0000, 120, 150, 86
L -2083.1114, 3023.9247, -1.0000, -1988.0704, 3071.4452, -1.0000, 96, 74, 56
L -206.7629, 3023.9247, -1.0000, -184.7591, 2993.1193, -1.0000, 120, 150, 86
L -184.7591, 3023.9247, -1.0000, -184.7591, 2997.5201, -1.0000, 120, 150, 86
L 1444.6000, 3023.9247, -1.0000, 1466.6038, 2993.1193, -1.0000, 134, 162, 98
L 1466.6038, 3023.9247, -1.0000, 1466.6038, 2997.5201, -1.0000, 120, 150, 86
L 2526.0089, 3023.9247, -1.0000, 2630.9576, 3076.3990, -1.0000, 96, 74, 56
L -1093.6265, 3111.9399, -1.0000, -1071.6226, 3081.1346, -1.0000, 120, 150, 86
L -1071.6226, 3111.9399, -1.0000, -1071.6226, 3085.5353, -1.0000, 120, 150, 86
L -410.3051, 3111.9399, -1.0000, -388.3013, 3081.1346, -1.0000, 134, 162, 98
L -388.3013, 3111.9399, -1.0000, -388.3013, 3085.5353, -1.0000, 120, 150, 86
L 626.3515, 3111.9399, -1.0000, 710.5489, 3154.0386, -1.0000, 96, 74, 56
L 1384.5714, 3111.9399, -1.0000, 1406.5752, 3081.1346, -1.0000, 120, 150, 86
L 1406.5752, 3111.9399, -1.0000, 1406.5752, 3085.5353, -1.0000, 120, 150, 86
L 1687.9004, 3111.9399, -1.0000, 1709.9042, 3081.1346, -1.0000, 134, 162, 98
L 1709.9042, 3111.9399, -1.0000, 1709.9042, 3085.5353, -1.0000, 120, 150, 86
L 2206.3284, 3111.9399, -1.0000, 2228.3323, 3081.1346, -1.0000, 134, 162, 98
L 2228.3323, 3111.9399, -1.0000, 2228.3323, 3085.5353, -1.0000, 120, 150, 86
L 2872.0983, 3111.9399, -1.0000, 2894.1021, 3081.1346, -1.0000, 120, 150, 86
L 2894.1021, 3111.9399, -1.0000, 2894.1021, 3085.5353, -1.0000, 120, 150, 86
L -1929.2098, 3199.9552, -1.0000, -1907.2060, 3169.1498, -1.0000, 134, 162, 98
L -1907.2060, 3199.9552, -1.0000, -1907.2060, 3173.5506, -1.0000, 120, 150, 86
L -728.1998, 3199.9552, -1.0000, -626.5907, 3250.7597, -1.0000, 96, 74, 56
L -504.8131, 3199.9552, -1.0000, -400.2736, 3252.2249, -1.0000, 96, 74, 56
L -418.3419, 3199.9552, -1.0000, -396.3380, 3169.1498, -1.0000, 120, 150, 86
L -396.3380, 3199.9552, -1.0000, -396.3380, 3173.5506, -1.0000, 120, 150, 86
L -196.6877, 3199.9552, -1.0000, -116.4826, 3240.0577, -1.0000, 96, 74, 56
L -1.6235, 3199.9552, -1.0000, 72.0306, 3236.7822, -1.0000, 96, 74, 56
L 53.1747, 3199.9552, -1.0000, 128.0135, 3237.3746, -1.0000, 96, 74, 56
L 795.9161, 3199.9552, -1.0000, 895.3743, 3249.6842, -1.0000, 96, 74, 56
L 1393.7435, 3199.9552, -1.0000, 1415.7473, 3169.1498, -1.0000, 120, 150, 86
L 1415.7473, 3199.9552, -1.0000, 1415.7473, 3173.5506, -1.0000, 120, 150, 86
L 2804.3185, 3199.9552, -1.0000, 2826.3223, 3169.1498, -1.0000, 134, 162, 98
L 2826.3223, 3199.9552, -1.0000, 2826.3223, 3173.5506, -1.0000, 120, 150, 86
L 3630.6166, 3199.9552, -1.0000, 3652.6204, 3169.1498, -1.0000, 120, 150, 86
L 3652.6204, 3199.9552, -1.0000, 3652.6204, 3173.5506, -1.0000, 120, 150, 86
L -2479.0032, 3287.9704, -1.0000, -2456.9994, 3257.1651, -1.0000, 134, 162, 98
L -2456.9994, 3287.9704, -1.0000, -2456.9994, 3261.5658, -1.0000, 120, 150, 86
L -868.5697, 3287.9704, -1.0000, -783.3242, 3330.5931, -1.0000, 96, 74, 56
L -795.5219, 3287.9704, -1.0000, -693.3363, 3339.0632, -1.0000, 96, 74, 56
L -727.2444, 3287.9704, -1.0000, -647.5210, 3327.8321, -1.0000, 96, 74, 56
L -653.6147, 3287.9704, -1.0000, -591.8756, 3318.8399, -1.0000, 96, 74, 56
L -597.5531, 3287.9704, -1.0000, -544.7439, 3314.3750, -1.0000, 110, 88, 66
L -339.6720, 3287.9704, -1.0000, -244.8684, 3335.3722, -1.0000, 96, 74, 56
L -265.7777, 3287.9704, -1.0000, -203.3518, 3319.1834, -1.0000, 96, 74, 56
L 48.4294, 3287.9704, -1.0000, 70.4332, 3257.1651, -1.0000, 134, 162, 98
L 70.4332, 3287.9704, -1.0000, 70.4332, 3261.5658, -1.0000, 120, 150, 86
L 851.7010, 3287.9704, -1.0000, 904.5102, 3314.3750, -1.0000, 110, 88, 66
L 2423.4029, 3287.9704, -1.0000, 2512.7588, 3332.6483, -1.0000, 96, 74, 56
L 3696.7986, 3287.9704, -1.0000, 3718.8024, 3257.1651, -1.0000, 120, 150, 86
L 3718.8024, 3287.9704, -1.0000, 3718.8024, 3261.5658, -1.0000, 120, 150, 86
L -2120.3145, 3375.9856, -1.0000, -2067.5054, 3402.3902, -1.0000, 110, 88, 66
L -1222.6860, 3375.9856, -1.0000, -1117.4850, 3428.5861, -1.0000, 96, 74, 56
L -1037.0480, 3375.9856, -1.0000, -938.8722, 3425.0736, -1.0000, 96, 74, 56
L -791.4793, 3375.9856, -1.0000, -728.9978, 3407.2264, -1.0000, 96, 74, 56
L -726.6830, 3375.9856, -1.0000, -662.0970, 3408.2787, -1.0000, 96, 74, 56
L -639.4402, 3375.9856, -1.0000, -617.4364, 3345.1803, -1.0000, 120, 150, 86
L -617.4364, 3375.9856, -1.0000, -617.4364, 3349.5811, -1.0000, 120, 150, 86
L -42.5285, 3375.9856, -1.0000, -20.5247, 3345.1803, -1.0000, 134, 162, 98
L -20.5247, 3375.9856, -1.0000, -20.5247, 3349.5811, -1.0000, 120, 150, 86
L 2382.6871, 3375.9856, -1.0000, 2481.6275, 3425.4558, -1.0000, 96, 74, 56
L 2680.1635, 3375.9856, -1.0000, 2702.1673, 3345.1803, -1.0000, 120, 150, 86
L 2702.1673, 3375.9856, -1.0000, 2702.1673, 3349.5811, -1.0000, 120, 150, 86
L 2872.4749, 3375.9856, -1.0000, 2894.4787, 3345.1803, -1.0000, 134, 162, 98
L 2894.4787, 3375.9856, -1.0000, 2894.4787, 3349.5811, -1.0000, 120, 150, 86
L -2617.6219, 3464.0009, -1.0000, -2595.6181, 3433.1955, -1.0000, 120, 150, 86
L -2595.6181, 3464.0009, -1.0000, -2595.6181, 3437.5963, -1.0000, 120, 150, 86
L -1557.2588, 3464.0009, -1.0000, -1466.6896, 3509.2855, -1.0000, 96, 74, 56
L -1499.8362, 3464.0009, -1.0000, -1416.4791, 3505.6794, -1.0000, 96, 74, 56
L -1446.8117, 3464.0009, -1.0000, -1368.3822, 3503.2156, -1.0000, 96, 74, 56
L -1386.7777, 3464.0009, -1.0000, -1313.7257, 3500.5269, -1.0000, 96, 74, 56
L -1325.3867, 3464.0009, -1.0000, -1245.5352, 3503.9266, -1.0000, 96, 74, 56
L -1259.9080, 3464.0009, -1.0000, -1197.4544, 3495.2277, -1.0000, 96, 74, 56
L -1046.2238, 3464.0009, -1.0000, -1024.2200, 3433.1955, -1.0000, 120, 150, 86
L -1024.2200, 3464.0009, -1.0000, -1024.2200, 3437.5963, -1.0000, 120, 150, 86
L -591.1133, 3464.0009, -1.0000, -538.3042, 3490.4055, -1.0000, 110, 88, 66
L 90.3914, 3464.0009, -1.0000, 112.3952, 3433.1955, -1.0000, 120, 150, 86
L 112.3952, 3464.0009, -1.0000, 112.3952, 3437.5963, -1.0000, 120, 150, 86
L 544.6756, 3464.0009, -1.0000, 566.6795, 3433.1955, -1.0000, 134, 162, 98
L 566.6795, 3464.0009, -1.0000, 566.6795, 3437.5963, -1.0000, 120, 150, 86
L 3032.8302, 3464.0009, -1.0000, 3054.8340, 3433.1955, -1.0000, 120, 150, 86
L 3054.8340, 3464.0009, -1.0000, 3054.8340, 3437.5963, -1.0000, 120, 150, 86
L 3288.2308, 3464.0009, -1.0000, 3310.2346, 3433.1955, -1.0000, 134, 162, 98
L 3310.2346, 3464.0009, -1.0000, 3310.2346, 3437.5963, -1.0000, 120, 150, 86
L -1919.4457, 3552.0161, -1.0000, -1847.6588, 3587.9096, -1.0000, 96, 74, 56
L -1839.1244, 3552.0161, -1.0000, -1746.2805, 3598.4381, -1.0000, 96, 74, 56
L -1769.0883, 3552.0161, -1.0000, -1676.3785, 3598.3710, -1.0000, 96, 74, 56
L -676.5883, 3552.0161, -1.0000, -623.7792, 3578.4207, -1.0000, 110, 88, 66
L -495.3292, 3552.0161, -1.0000, -442.5201, 3578.4207, -1.0000, 110, 88, 66
L -20.9104, 3552.0161, -1.0000, 1.0934, 3521.2108, -1.0000, 120, 150, 86
L 1.0934, 3552.0161, -1.0000, 1.0934, 3525.6115, -1.0000, 120, 150, 86
L 3165.7694, 3552.0161, -1.0000, 3187.7733, 3521.2108, -1.0000, 120, 150, 86
L 3187.7733, 3552.0161, -1.0000, 3187.7733, 3525.6115, -1.0000, 120, 150, 86
L -2416.6796, 3640.0314, -1.0000, -2394.6758, 3609.2260, -1.0000, 134, 162, 98
L -2394.6758, 3640.0314, -1.0000, -2394.6758, 3613.6268, -1.0000, 120, 150, 86
L -1979.5410, 3640.0314, -1.0000, -1897.2462, 3681.1787, -1.0000, 96, 74, 56
L -679.6094, 3640.0314, -1.0000, -626.8003, 3666.4359, -1.0000, 110, 88, 66
L -350.2561, 3640.0314, -1.0000, -276.3461, 3676.9863, -1.0000, 96, 74, 56
L -262.7799, 3640.0314, -1.0000, -240.7761, 3609.2260, -1.0000, 134, 162, 98
L -240.7761, 3640.0314, -1.0000, -240.7761, 3613.6268, -1.0000, 120, 150, 86
L 266.8033, 3640.0314, -1.0000, 288.8071, 3609.2260, -1.0000, 120, 150, 86
L 288.8071, 3640.0314, -1.0000, 288.8071, 3613.6268, -1.0000, 120, 150, 86
L 777.5466, 3640.0314, -1.0000, 799.5504, 3609.2260, -1.0000, 120, 150, 86
L 799.5504, 3640.0314, -1.0000, 799.5504, 3613.6268, -1.0000, 120, 150, 86
L 1024.7880, 3640.0314, -1.0000, 1111.9166, 3683.5957, -1.0000, 96, 74, 56
L 1093.3014, 3640.0314, -1.0000, 1191.4567, 3689.1090, -1.0000, 96, 74, 56
L 1267.8064, 3640.0314, -1.0000, 1289.8102, 3609.2260, -1.0000, 120, 150, 86
L 1289.8102, 3640.0314, -1.0000, 1289.8102, 3613.6268, -1.0000, 120, 150, 86
L 2130.8714, 3640.0314, -1.0000, 2183.6806, 3666.4359, -1.0000, 110, 88, 66
L 2587.1565, 3640.0314, -1.0000, 2609.1604, 3609.2260, -1.0000, 120, 150, 86
L 2609.1604, 3640.0314, -1.0000, 2609.1604, 3613.6268, -1.0000, 120, 150, 86
L 3409.2072, 3640.0314, -1.0000, 3431.2110, 3609.2260, -1.0000, 134, 162, 98
L 3431.2110, 3640.0314, -1.0000, 3431.2110, 3613.6268, -1.0000, 120, 150, 86
L -2067.2301, 3728.0466, -1.0000, -1986.4967, 3768.4133, -1.0000, 120, 96, 74
L 1986.7526, 3728.0466, -1.0000, 2008.7564, 3697.2413, -1.0000, 134, 162, 98
L 2008.7564, 3728.0466, -1.0000, 2008.7564, 3701.6420, -1.0000, 120, 150, 86
L 2373.6292, 3728.0466, -1.0000, 2395.6330, 3697.2413, -1.0000, 120, 150, 86
L 2395.6330, 3728.0466, -1.0000, 2395.6330, 3701.6420, -1.0000, 120, 150, 86
L 3841.9898, 3728.0466, -1.0000, 3863.9936, 3697.2413, -1.0000, 120, 150, 86
L 3863.9936, 3728.0466, -1.0000, 3863.9936, 3701.6420, -1.0000, 120, 150, 86
L -2016.2010, 3816.0618, -1.0000, -1994.1972, 3785.2565, -1.0000, 134, 162, 98
L -1994.1972, 3816.0618, -1.0000, -1994.1972, 3789.6573, -1.0000, 120, 150, 86
L -1637.1714, 3816.0618, -1.0000, -1615.1676, 3785.2565, -1.0000, 134, 162, 98
L -1615.1676, 3816.0618, -1.0000, -1615.1676, 3789.6573, -1.0000, 120, 150, 86
L -532.8623, 3816.0618, -1.0000, -510.8585, 3785.2565, -1.0000, 120, 150, 86
L -510.8585, 3816.0618, -1.0000, -510.8585, 3789.6573, -1.0000, 120, 150, 86
L -228.5620, 3816.0618, -1.0000, -132.9829, 3863.8514, -1.0000, 96, 74, 56
L -164.9920, 3816.0618, -1.0000, -142.9882, 3785.2565, -1.0000, 120, 150, 86
L -142.9882, 3816.0618, -1.0000, -142.9882, 3789.6573, -1.0000, 120, 150, 86
L 1138.0797, 3816.0618, -1.0000, 1223.9916, 3859.0178, -1.0000, 96, 74, 56
L 1191.6736, 3816.0618, -1.0000, 1255.0201, 3847.7351, -1.0000, 96, 74, 56
L -2563.5884, 3904.0771, -1.0000, -2541.5846, 3873.2717, -1.0000, 134, 162, 98
L -2541.5846, 3904.0771, -1.0000, -2541.5846, 3877.6725, -1.0000, 120, 150, 86
L -2274.5514, 3904.0771, -1.0000, -2252.5476, 3873.2717, -1.0000, 134, 162, 98
L -2252.5476, 3904.0771, -1.0000, -2252.5476, 3877.6725, -1.0000, 120, 150, 86
L -1258.2185, 3904.0771, -1.0000, -1236.2146, 3873.2717, -1.0000, 134, 162, 98
L -1236.2146, 3904.0771, -1.0000, -1236.2146, 3877.6725, -1.0000, 120, 150, 86
L -716.5491, 3904.0771, -1.0000, -694.5453, 3873.2717, -1.0000, 120, 150, 86
L -694.5453, 3904.0771, -1.0000, -694.5453, 3877.6725, -1.0000, 120, 150, 86
L 802.9231, 3904.0771, -1.0000, 824.9269, 3873.2717, -1.0000, 120, 150, 86
L 824.9269, 3904.0771, -1.0000, 824.9269, 3877.6725, -1.0000, 120, 150, 86
L 2138.9949, 3904.0771, -1.0000, 2191.8041, 3930.4817, -1.0000, 110, 88, 66
L 2348.8511, 3904.0771, -1.0000, 2370.8550, 3873.2717, -1.0000, 134, 162, 98
L 2370.8550, 3904.0771, -1.0000, 2370.8550, 3877.6725, -1.0000, 120, 150, 86
L 3424.3298, 3904.0771, -1.0000, 3446.3336, 3873.2717, -1.0000, 134, 162, 98
L 3446.3336, 3904.0771, -1.0000, 3446.3336, 3877.6725, -1.0000, 120, 150, 86
L -1145.8384, 3992.0923, -1.0000, -1123.8346, 3961.2870, -1.0000, 120, 150, 86
L -1123.8346, 3992.0923, -1.0000, -1123.8346, 3965.6877, -1.0000, 120, 150, 86
L -700.6532, 3992.0923, -1.0000, -678.6494, 3961.2870, -1.0000, 134, 162, 98
L -678.6494, 3992.0923, -1.0000, -678.6494, 3965.6877, -1.0000, 120, 150, 86
L 1900.7926, 3992.0923, -1.0000, 1922.7964, 3961.2870, -1.0000, 120, 150, 86
L 1922.7964, 3992.0923, -1.0000, 1922.7964, 3965.6877, -1.0000, 120, 150, 86
L 2251.7678, 3992.0923, -1.0000, 2326.8221, 4029.6195, -1.0000, 96, 74, 56
L 2332.8295, 3992.0923, -1.0000, 2422.3391, 4036.8471, -1.0000, 96, 74, 56
L 2386.7683, 3992.0923, -1.0000, 2408.7721, 3961.2870, -1.0000, 134, 162, 98
L 2408.7721, 3992.0923, -1.0000, 2408.7721, 3965.6877, -1.0000, 120, 150, 86
L -2764.1024, 4080.1076, -1.0000, -2742.0986, 4049.3022, -1.0000, 120, 150, 86
L -2742.0986, 4080.1076, -1.0000, -2742.0986, 4053.7030, -1.0000, 120, 150, 86
L -2192.5651, 4080.1076, -1.0000, -2170.5613, 4049.3022, -1.0000, 134, 162, 98
L -2170.5613, 4080.1076, -1.0000, -2170.5613, 4053.7030, -1.0000, 120, 150, 86
L -1606.6278, 4080.1076, -1.0000, -1584.6239, 4049.3022, -1.0000, 120, 150, 86
L -1584.6239, 4080.1076, -1.0000, -1584.6239, 4053.7030, -1.0000, 120, 150, 86
L 475.0229, 4080.1076, -1.0000, 497.0267, 4049.3022, -1.0000, 120, 150, 86
L 497.0267, 4080.1076, -1.0000, 497.0267, 4053.7030, -1.0000, 120, 150, 86
L 2115.8738, 4080.1076, -1.0000, 2137.8776, 4049.3022, -1.0000, 120, 150, 86
L 2137.8776, 4080.1076, -1.0000, 2137.8776, 4053.7030, -1.0000, 120, 150, 86
L 3847.8818, 4080.1076, -1.0000, 3869.8856, 4049.3022, -1.0000, 134, 162, 98
L 3869.8856, 4080.1076, -1.0000, 3869.8856, 4053.7030, -1.0000, 120, 150, 86
L -2352.5546, 4168.1228, -1.0000, -2330.5508, 4137.3175, -1.0000, 120, 150, 86
L -2330.5508, 4168.1228, -1.0000, -2330.5508, 4141.7182, -1.0000, 120, 150, 86
L -961.2384, 4168.1228, -1.0000, -939.2346, 4137.3175, -1.0000, 120, 150, 86
L -939.2346, 4168.1228, -1.0000, -939.2346, 4141.7182, -1.0000, 120, 150, 86
L 151.2096, 4168.1228, -1.0000, 226.5969, 4205.8164, -1.0000, 96, 74, 56
L 551.2258, 4168.1228, -1.0000, 573.2296, 4137.3175, -1.0000, 134, 162, 98
L 573.2296, 4168.1228, -1.0000, 573.2296, 4141.7182, -1.0000, 120, 150, 86
L 956.6829, 4168.1228, -1.0000, 978.6867, 4137.3175, -1.0000, 120, 150, 86
L 978.6867, 4168.1228, -1.0000, 978.6867, 4141.7182, -1.0000, 120, 150, 86
L 2315.9926, 4168.1228, -1.0000, 2337.9964, 4137.3175, -1.0000, 134, 162, 98
L 2337.9964, 4168.1228, -1.0000, 2337.9964, 4141.7182, -1.0000, 120, 150, 86
L 2559.0503, 4168.1228, -1.0000, 2611.8594, 4194.5274, -1.0000, 110, 88, 66
L 3158.4061, 4168.1228, -1.0000, 3180.4099, 4137.3175, -1.0000, 134, 162, 98
L 3180.4099, 4168.1228, -1.0000, 3180.4099, 4141.7182, -1.0000, 120, 150, 86
L -2335.6939, 4256.1380, -1.0000, -2313.6901, 4225.3327, -1.0000, 134, 162, 98
L -2313.6901, 4256.1380, -1.0000, -2313.6901, 4229.7335, -1.0000, 120, 150, 86
L -1942.6782, 4256.1380, -1.0000, -1851.5510, 4301.7016, -1.0000, 96, 74, 56
L -1736.8675, 4256.1380, -1.0000, -1714.8637, 4225.3327, -1.0000, 134, 162, 98
L -1714.8637, 4256.1380, -1.0000, -1714.8637, 4229.7335, -1.0000, 120, 150, 86
L -1127.7849, 4256.1380, -1.0000, -1105.7811, 4225.3327, -1.0000, 134, 162, 98
L -1105.7811, 4256.1380, -1.0000, -1105.7811, 4229.7335, -1.0000, 120, 150, 86
L 538.7560, 4256.1380, -1.0000, 560.7599, 4225.3327, -1.0000, 120, 150, 86
L 560.7599, 4256.1380, -1.0000, 560.7599, 4229.7335, -1.0000, 120, 150, 86
L 971.9714, 4256.1380, -1.0000, 993.9752, 4225.3327, -1.0000, 120, 150, 86
L 993.9752, 4256.1380, -1.0000, 993.9752, 4229.7335, -1.0000, 120, 150, 86
L 1256.8009, 4256.1380, -1.0000, 1278.8047, 4225.3327, -1.0000, 134, 162, 98
L 1278.8047, 4256.1380, -1.0000, 1278.8047, 4229.7335, -1.0000, 120, 150, 86
L 2683.2376, 4256.1380, -1.0000, 2768.0385, 4298.5385, -1.0000, 96, 74, 56
L 3526.9111, 4256.1380, -1.0000, 3548.9149, 4225.3327, -1.0000, 120, 150, 86
L 3548.9149, 4256.1380, -1.0000, 3548.9149, 4229.7335, -1.0000, 120, 150, 86
L 332.9626, 4344.1533, -1.0000, 416.6831, 4386.0135, -1.0000, 96, 74, 56
L 734.6553, 4344.1533, -1.0000, 756.6592, 4313.3479, -1.0000, 120, 150, 86
L 756.6592, 4344.1533, -1.0000, 756.6592, 4317.7487, -1.0000, 120, 150, 86
L 1089.7002, 4344.1533, -1.0000, 1111.7040, 4313.3479, -1.0000, 134, 162, 98
L 1111.7040, 4344.1533, -1.0000, 1111.7040, 4317.7487, -1.0000, 120, 150, 86
L 1586.6862, 4344.1533, -1.0000, 1608.6900, 4313.3479, -1.0000, 134, 162, 98
L 1608.6900, 4344.1533, -1.0000, 1608.6900, 4317.7487, -1.0000, 120, 150, 86
L 1946.3281, 4344.1533, -1.0000, 1968.3319, 4313.3479, -1.0000, 120, 150, 86
L 1968.3319, 4344.1533, -1.0000, 1968.3319, 4317.7487, -1.0000, 120, 150, 86
L 2712.9061, 4344.1533, -1.0000, 2734.9099, 4313.3479, -1.0000, 134, 162, 98
L 2734.9099, 4344.1533, -1.0000, 2734.9099, 4317.7487, -1.0000, 120, 150, 86
L 3505.6035, 4344.1533, -1.0000, 3527.6073, 4313.3479, -1.0000, 120, 150, 86
L 3527.6073, 4344.1533, -1.0000, 3527.6073, 4317.7487, -1.0000, 120, 150, 86
L -1925.8890, 4432.1685, -1.0000, -1851.3170, 4469.4545, -1.0000, 96, 74, 56
L -327.8253, 4432.1685, -1.0000, -305.8215, 4401.3632, -1.0000, 120, 150, 86
L -305.8215, 4432.1685, -1.0000, -305.8215, 4405.7639, -1.0000, 120, 150, 86
L 395.1849, 4432.1685, -1.0000, 493.6895, 4481.4208, -1.0000, 96, 74, 56
L 1047.1001, 4432.1685, -1.0000, 1069.1040, 4401.3632, -1.0000, 120, 150, 86
L 1069.1040, 4432.1685, -1.0000, 1069.1040, 4405.7639, -1.0000, 120, 150, 86
L 1891.6398, 4432.1685, -1.0000, 1913.6436, 4401.3632, -1.0000, 120, 150, 86
L 1913.6436, 4432.1685, -1.0000, 1913.6436, 4405.7639, -1.0000, 120, 150, 86
L 2771.9963, 4432.1685, -1.0000, 2868.3220, 4480.3314, -1.0000, 96, 74, 56
L 2961.5950, 4432.1685, -1.0000, 2983.5988, 4401.3632, -1.0000, 120, 150, 86
L 2983.5988, 4432.1685, -1.0000, 2983.5988, 4405.7639, -1.0000, 120, 150, 86
L -2596.9750, 4520.1838, -1.0000, -2574.9711, 4489.3784, -1.0000, 134, 162, 98
L -2574.9711, 4520.1838, -1.0000, -2574.9711, 4493.7792, -1.0000, 120, 150, 86
L -2329.2431, 4520.1838, -1.0000, -2307.2393, 4489.3784, -1.0000, 134, 162, 98
L -2307.2393, 4520.1838, -1.0000, -2307.2393, 4493.7792, -1.0000, 120, 150, 86
L -1636.5093, 4520.1838, -1.0000, -1614.5055, 4489.3784, -1.0000, 120, 150, 86
L -1614.5055, 4520.1838, -1.0000, -1614.5055, 4493.7792, -1.0000, 120, 150, 86
L -186.1889, 4520.1838, -1.0000, -133.3797, 4546.5883, -1.0000, 110, 88, 66
L 471.1944, 4520.1838, -1.0000, 576.6483, 4572.9107, -1.0000, 96, 74, 56
L 649.1598, 4520.1838, -1.0000, 671.1636, 4489.3784, -1.0000, 134, 162, 98
L 671.1636, 4520.1838, -1.0000, 671.1636, 4493.7792, -1.0000, 120, 150, 86
L 921.0757, 4520.1838, -1.0000, 973.8848, 4546.5883, -1.0000, 110, 88, 66
L 1560.4310, 4520.1838, -1.0000, 1582.4348, 4489.3784, -1.0000, 120, 150, 86
L 1582.4348, 4520.1838, -1.0000, 1582.4348, 4493.7792, -1.0000, 120, 150, 86
L 3076.1693, 4520.1838, -1.0000, 3098.1731, 4489.3784, -1.0000, 120, 150, 86
L 3098.1731, 4520.1838, -1.0000, 3098.1731, 4493.7792, -1.0000, 120, 150, 86
L 3663.0502, 4520.1838, -1.0000, 3685.0540, 4489.3784, -1.0000, 120, 150, 86
L 3685.0540, 4520.1838, -1.0000, 3685.0540, 4493.7792, -1.0000, 120, 150, 86
L -1799.0771, 4608.1990, -1.0000, -1714.2888, 4650.5931, -1.0000, 96, 74, 56
L -597.0840, 4608.1990, -1.0000, -575.0802, 4577.3937, -1.0000, 134, 162, 98
L -575.0802, 4608.1990, -1.0000, -575.0802, 4581.7944, -1.0000, 120, 150, 86
L 389.3201, 4608.1990, -1.0000, 411.3239, 4577.3937, -1.0000, 120, 150, 86
L 411.3239, 4608.1990, -1.0000, 411.3239, 4581.7944, -1.0000, 120, 150, 86
L 922.4737, 4608.1990, -1.0000, 1020.1590, 4657.0417, -1.0000, 96, 74, 56
L 2313.4100, 4608.1990, -1.0000, 2335.4139, 4577.3937, -1.0000, 134, 162, 98
L 2335.4139, 4608.1990, -1.0000, 2335.4139, 4581.7944, -1.0000, 120, 150, 86
L -1880.3564, 4696.2142, -1.0000, -1858.3526, 4665.4089, -1.0000, 120, 150, 86
L -1858.3526, 4696.2142, -1.0000, -1858.3526, 4669.8097, -1.0000, 120, 150, 86
L -133.2348, 4696.2142, -1.0000, -111.2310, 4665.4089, -1.0000, 120, 150, 86
L -111.2310, 4696.2142, -1.0000, -111.2310, 4669.8097, -1.0000, 120, 150, 86
L 533.4544, 4696.2142, -1.0000, 555.4582, 4665.4089, -1.0000, 120, 150, 86
L 555.4582, 4696.2142, -1.0000, 555.4582, 4669.8097, -1.0000, 120, 150, 86
L 1172.4162, 4696.2142, -1.0000, 1194.4200, 4665.4089, -1.0000, 120, 150, 86
L 1194.4200, 4696.2142, -1.0000, 1194.4200, 4669.8097, -1.0000, 120, 150, 86
L 1738.4507, 4696.2142, -1.0000, 1760.4545, 4665.4089, -1.0000, 134, 162, 98
L 1760.4545, 4696.2142, -1.0000, 1760.4545, 4669.8097, -1.0000, 120, 150, 86
L 2981.5212, 4696.2142, -1.0000, 3064.5264, 4737.7168, -1.0000, 96, 74, 56
L 3785.8800, 4696.2142, -1.0000, 3807.8838, 4665.4089, -1.0000, 134, 162, 98
L 3807.8838, 4696.2142, -1.0000, 3807.8838, 4669.8097, -1.0000, 120, 150, 86
L -2420.8452, 4784.2295, -1.0000, -2398.8414, 4753.4241, -1.0000, 134, 162, 98
L -2398.8414, 4784.2295, -1.0000, -2398.8414, 4757.8249, -1.0000, 120, 150, 86
L 698.2675, 4784.2295, -1.0000, 720.2713, 4753.4241, -1.0000, 120, 150, 86
L 720.2713, 4784.2295, -1.0000, 720.2713, 4757.8249, -1.0000, 120, 150, 86
L 2511.4474, 4784.2295, -1.0000, 2533.4512, 4753.4241, -1.0000, 120, 150, 86
L 2533.4512, 4784.2295, -1.0000, 2533.4512, 4757.8249, -1.0000, 120, 150, 86
L 3033.4036, 4784.2295, -1.0000, 3125.0119, 4830.0336, -1.0000, 96, 74, 56
L -2624.8926, 4872.2447, -1.0000, -2602.8888, 4841.4394, -1.0000, 134, 162, 98
L -2602.8888, 4872.2447, -1.0000, -2602.8888, 4845.8401, -1.0000, 120, 150, 86
L -940.7726, 4872.2447, -1.0000, -918.7688, 4841.4394, -1.0000, 134, 162, 98
L -918.7688, 4872.2447, -1.0000, -918.7688, 4845.8401, -1.0000, 120, 150, 86
L -322.5654, 4872.2447, -1.0000, -300.5616, 4841.4394, -1.0000, 120, 150, 86
L -300.5616, 4872.2447, -1.0000, -300.5616, 4845.8401, -1.0000, 120, 150, 86
L -23.5360, 4872.2447, -1.0000, 29.2731, 4898.6493, -1.0000, 110, 88, 66
L 906.2814, 4872.2447, -1.0000, 928.2852, 4841.4394, -1.0000, 120, 150, 86
L 928.2852, 4872.2447, -1.0000, 928.2852, 4845.8401, -1.0000, 120, 150, 86
L -2085.6332, 4960.2600, -1.0000, -2063.6294, 4929.4546, -1.0000, 120, 150, 86
L -2063.6294, 4960.2600, -1.0000, -2063.6294, 4933.8554, -1.0000, 120, 150, 86
L -1862.6968, 4960.2600, -1.0000, -1840.6930, 4929.4546, -1.0000, 134, 162, 98
L -1840.6930, 4960.2600, -1.0000, -1840.6930, 4933.8554, -1.0000, 120, 150, 86
L -1646.0747, 4960.2600, -1.0000, -1593.2655, 4986.6645, -1.0000, 110, 88, 66
L -1351.3989, 4960.2600, -1.0000, -1253.2041, 5009.3573, -1.0000, 96, 74, 56
L -1271.7913, 4960.2600, -1.0000, -1185.4472, 5003.4320, -1.0000, 96, 74, 56
L -1190.6806, 4960.2600, -1.0000, -1108.1416, 5001.5294, -1.0000, 96, 74, 56
L -964.4649, 4960.2600, -1.0000, -873.2075, 5005.8886, -1.0000, 96, 74, 56
L -219.1595, 4960.2600, -1.0000, -197.1557, 4929.4546, -1.0000, 134, 162, 98
L -197.1557, 4960.2600, -1.0000, -197.1557, 4933.8554, -1.0000, 120, 150, 86
L 623.5288, 4960.2600, -1.0000, 707.1167, 5002.0539, -1.0000, 96, 74, 56
L 694.4516, 4960.2600, -1.0000, 777.6036, 5001.8359, -1.0000, 96, 74, 56
L 2086.0242, 4960.2600, -1.0000, 2108.0280, 4929.4546, -1.0000, 134, 162, 98
L 2108.0280, 4960.2600, -1.0000, 2108.0280, 4933.8554, -1.0000, 120, 150, 86
L 3141.1510, 4960.2600, -1.0000, 3240.0725, 5009.7207, -1.0000, 96, 74, 56
L -2458.9282, 5048.2752, -1.0000, -2436.9244, 5017.4699, -1.0000, 120, 150, 86
L -2436.9244, 5048.2752, -1.0000, -2436.9244, 5021.8706, -1.0000, 120, 150, 86
L -1142.8193, 5048.2752, -1.0000, -1120.8155, 5017.4699, -1.0000, 134, 162, 98
L -1120.8155, 5048.2752, -1.0000, -1120.8155, 5021.8706, -1.0000, 120, 150, 86
L -885.4220, 5048.2752, -1.0000, -783.8838, 5099.0443, -1.0000, 120, 96, 74
L -801.0874, 5048.2752, -1.0000, -748.2782, 5074.6798, -1.0000, 110, 88, 66
L -614.1895, 5048.2752, -1.0000, -527.3248, 5091.7075, -1.0000, 120, 96, 74
L -532.1467, 5048.2752, -1.0000, -433.3754, 5097.6608, -1.0000, 120, 96, 74
L -468.4031, 5048.2752, -1.0000, -405.1497, 5079.9019, -1.0000, 120, 96, 74
L -411.8410, 5048.2752, -1.0000, -326.9510, 5090.7202, -1.0000, 120, 96, 74
L -325.9439, 5048.2752, -1.0000, -251.6138, 5085.4402, -1.0000, 96, 74, 56
L -158.7550, 5048.2752, -1.0000, -71.6324, 5091.8365, -1.0000, 96, 74, 56
L -80.4641, 5048.2752, -1.0000, -16.7386, 5080.1380, -1.0000, 96, 74, 56
L -4.1096, 5048.2752, -1.0000, 98.2378, 5099.4489, -1.0000, 96, 74, 56
L 73.0136, 5048.2752, -1.0000, 152.6461, 5088.0914, -1.0000, 96, 74, 56
L 127.7836, 5048.2752, -1.0000, 204.8797, 5086.8232, -1.0000, 96, 74, 56
L 3526.0078, 5048.2752, -1.0000, 3548.0116, 5017.4699, -1.0000, 134, 162, 98
L 3548.0116, 5048.2752, -1.0000, 3548.0116, 5021.8706, -1.0000, 120, 150, 86
L -2853.6257, 5136.2904, -1.0000, -2831.6219, 5105.4851, -1.0000, 120, 150, 86
L -2831.6219, 5136.2904, -1.0000, -2831.6219, 5109.8859, -1.0000, 120, 150, 86
L -572.5067, 5136.2904, -1.0000, -550.5029, 5105.4851, -1.0000, 120, 150, 86
L -550.5029, 5136.2904, -1.0000, -550.5029, 5109.8859, -1.0000, 120, 150, 86
L -45.9391, 5136.2904, -1.0000, -23.9353, 5105.4851, -1.0000, 120, 150, 86
L -23.9353, 5136.2904, -1.0000, -23.9353, 5109.8859, -1.0000, 120, 150, 86
L 449.4568, 5136.2904, -1.0000, 502.2660, 5162.6950, -1.0000, 110, 88, 66
L 3804.9507, 5136.2904, -1.0000, 3826.9545, 5105.4851, -1.0000, 120, 150, 86
L 3826.9545, 5136.2904, -1.0000, 3826.9545, 5109.8859, -1.0000, 120, 150, 86
L -1521.3891, 5224.3057, -1.0000, -1499.3853, 5193.5003, -1.0000, 120, 150, 86
L -1499.3853, 5224.3057, -1.0000, -1499.3853, 5197.9011, -1.0000, 120, 150, 86
L -318.2240, 5224.3057, -1.0000, -296.2202, 5193.5003, -1.0000, 120, 150, 86
L -296.2202, 5224.3057, -1.0000, -296.2202, 5197.9011, -1.0000, 120, 150, 86
L 816.0539, 5224.3057, -1.0000, 838.0577, 5193.5003, -1.0000, 134, 162, 98
L 838.0577, 5224.3057, -1.0000, 838.0577, 5197.9011, -1.0000, 120, 150, 86
L 3231.0905, 5224.3057, -1.0000, 3313.6844, 5265.6026, -1.0000, 96, 74, 56
L 3588.1952, 5224.3057, -1.0000, 3610.1990, 5193.5003, -1.0000, 120, 150, 86
L 3610.1990, 5224.3057, -1.0000, 3610.1990, 5197.9011, -1.0000, 120, 150, 86
L -2485.1779, 5312.3209, -1.0000, -2463.1741, 5281.5156, -1.0000, 134, 162, 98
L -2463.1741, 5312.3209, -1.0000, -2463.1741, 5285.9163, -1.0000, 120, 150, 86
L -2092.8947, 5312.3209, -1.0000, -2070.8908, 5281.5156, -1.0000, 120, 150, 86
L -2070.8908, 5312.3209, -1.0000, -2070.8908, 5285.9163, -1.0000, 120, 150, 86
L -1309.3277, 5312.3209, -1.0000, -1287.3239, 5281.5156, -1.0000, 120, 150, 86
L -1287.3239, 5312.3209, -1.0000, -1287.3239, 5285.9163, -1.0000, 120, 150, 86
L -385.2407, 5312.3209, -1.0000, -283.3294, 5363.2766, -1.0000, 120, 96, 74
L 196.7755, 5312.3209, -1.0000, 218.7793, 5281.5156, -1.0000, 120, 150, 86
L 218.7793, 5312.3209, -1.0000, 218.7793, 5285.9163, -1.0000, 120, 150, 86
L 2991.7328, 5312.3209, -1.0000, 3013.7366, 5281.5156, -1.0000, 120, 150, 86
L 3013.7366, 5312.3209, -1.0000, 3013.7366, 5285.9163, -1.0000, 120, 150, 86
L -1775.6016, 5400.3362, -1.0000, -1753.5978, 5369.5308, -1.0000, 120, 150, 86
L -1753.5978, 5400.3362, -1.0000, -1753.5978, 5373.9316, -1.0000, 120, 150, 86
L -1207.8363, 5400.3362, -1.0000, -1185.8325, 5369.5308, -1.0000, 120, 150, 86
L -1185.8325, 5400.3362, -1.0000, -1185.8325, 5373.9316, -1.0000, 120, 150, 86
L -952.6147, 5400.3362, -1.0000, -930.6109, 5369.5308, -1.0000, 120, 150, 86
L -930.6109, 5400.3362, -1.0000, -930.6109, 5373.9316, -1.0000, 120, 150, 86
L -461.1005, 5400.3362, -1.0000, -368.3064, 5446.7332, -1.0000, 120, 96, 74
L -398.2602, 5400.3362, -1.0000, -314.4813, 5442.2256, -1.0000, 120, 96, 74
L 455.1147, 5400.3362, -1.0000, 477.1185, 5369.5308, -1.0000, 134, 162, 98
L 477.1185, 5400.3362, -1.0000, 477.1185, 5373.9316, -1.0000, 120, 150, 86
L 902.8882, 5400.3362, -1.0000, 924.8920, 5369.5308, -1.0000, 120, 150, 86
L 924.8920, 5400.3362, -1.0000, 924.8920, 5373.9316, -1.0000, 120, 150, 86
L 2699.5744, 5400.3362, -1.0000, 2796.7726, 5448.9352, -1.0000, 96, 74, 56
L 3660.8840, 5400.3362, -1.0000, 3682.8878, 5369.5308, -1.0000, 134, 162, 98
L 3682.8878, 5400.3362, -1.0000, 3682.8878, 5373.9316, -1.0000, 120, 150, 86
L -2478.4239, 5488.3514, -1.0000, -2456.4201, 5457.5461, -1.0000, 134, 162, 98
L -2456.4201, 5488.3514, -1.0000, -2456.4201, 5461.9468, -1.0000, 120, 150, 86
L -2044.4001, 5488.3514, -1.0000, -1991.5909, 5514.7560, -1.0000, 110, 88, 66
L 2634.2056, 5488.3514, -1.0000, 2697.8263, 5520.1617, -1.0000, 96, 74, 56
L 2877.0667, 5488.3514, -1.0000, 2899.0705, 5457.5461, -1.0000, 120, 150, 86
L 2899.0705, 5488.3514, -1.0000, 2899.0705, 5461.9468, -1.0000, 120, 150, 86
L 3303.5013, 5488.3514, -1.0000, 3401.8754, 5537.5384, -1.0000, 96, 74, 56
L 3372.8022, 5488.3514, -1.0000, 3435.7313, 5519.8160, -1.0000, 96, 74, 56
L 3429.2411, 5488.3514, -1.0000, 3530.2716, 5538.8666, -1.0000, 96, 74, 56
L 3483.7183, 5488.3514, -1.0000, 3566.1545, 5529.5695, -1.0000, 96, 74, 56
L 3556.7115, 5488.3514, -1.0000, 3646.7399, 5533.3656, -1.0000, 96, 74, 56
L 3632.0265, 5488.3514, -1.0000, 3684.8357, 5514.7560, -1.0000, 110, 88, 66
L 3790.0918, 5488.3514, -1.0000, 3864.4485, 5525.5298, -1.0000, 96, 74, 56
L 3850.4077, 5488.3514, -1.0000, 3947.5425, 5536.9188, -1.0000, 96, 74, 56
L -2020.2622, 5576.3666, -1.0000, -1937.9050, 5617.5453, -1.0000, 120, 96, 74
L -1555.0271, 5576.3666, -1.0000, -1471.1731, 5618.2936, -1.0000, 120, 96, 74
L -1361.0609, 5576.3666, -1.0000, -1339.0571, 5545.5613, -1.0000, 134, 162, 98
L -1339.0571, 5576.3666, -1.0000, -1339.0571, 5549.9621, -1.0000, 120, 150, 86
L 635.1976, 5576.3666, -1.0000, 698.8845, 5608.2101, -1.0000, 120, 96, 74
L 708.5254, 5576.3666, -1.0000, 801.6516, 5622.9297, -1.0000, 120, 96, 74
L 1215.0670, 5576.3666, -1.0000, 1237.0708, 5545.5613, -1.0000, 134, 162, 98
L 1237.0708, 5576.3666, -1.0000, 1237.0708, 5549.9621, -1.0000, 120, 150, 86
L -2582.1509, 5664.3819, -1.0000, -2560.1471, 5633.5765, -1.0000, 120, 150, 86
L -2560.1471, 5664.3819, -1.0000, -2560.1471, 5637.9773, -1.0000, 120, 150, 86
L -2035.7572, 5664.3819, -1.0000, -1982.9481, 5690.7865, -1.0000, 110, 88, 66
L -21.3125, 5664.3819, -1.0000, 0.6913, 5633.5765, -1.0000, 120, 150, 86
L 0.6913, 5664.3819, -1.0000, 0.6913, 5637.9773, -1.0000, 120, 150, 86
L 249.3833, 5664.3819, -1.0000, 271.3872, 5633.5765, -1.0000, 134, 162, 98
L 271.3872, 5664.3819, -1.0000, 271.3872, 5637.9773, -1.0000, 120, 150, 86
L 766.4856, 5664.3819, -1.0000, 859.7854, 5711.0318, -1.0000, 96, 74, 56
L 2182.6472, 5664.3819, -1.0000, 2204.6510, 5633.5765, -1.0000, 134, 162, 98
L 2204.6510, 5664.3819, -1.0000, 2204.6510, 5637.9773, -1.0000, 120, 150, 86
L 2696.1037, 5664.3819, -1.0000, 2760.8026, 5696.7313, -1.0000, 96, 74, 56
L -1769.8222, 5752.3971, -1.0000, -1747.8184, 5721.5918, -1.0000, 134, 162, 98
L -1747.8184, 5752.3971, -1.0000, -1747.8184, 5725.9925, -1.0000, 120, 150, 86
L -1322.3912, 5752.3971, -1.0000, -1300.3873, 5721.5918, -1.0000, 134, 162, 98
L -1300.3873, 5752.3971, -1.0000, -1300.3873, 5725.9925, -1.0000, 120, 150, 86
L 1813.8292, 5752.3971, -1.0000, 1835.8330, 5721.5918, -1.0000, 134, 162, 98
L 1835.8330, 5752.3971, -1.0000, 1835.8330, 5725.9925, -1.0000, 120, 150, 86
L -630.2230, 5840.4124, -1.0000, -549.8573, 5880.5952, -1.0000, 120, 96, 74
L -449.8128, 5840.4124, -1.0000, -427.8090, 5809.6070, -1.0000, 134, 162, 98
L -427.8090, 5840.4124, -1.0000, -427.8090, 5814.0078, -1.0000, 120, 150, 86
L 223.8592, 5840.4124, -1.0000, 311.6323, 5884.2989, -1.0000, 120, 96, 74
L 803.6205, 5840.4124, -1.0000, 856.4297, 5866.8169, -1.0000, 110, 88, 66
L 1835.8801, 5840.4124, -1.0000, 1857.8839, 5809.6070, -1.0000, 120, 150, 86
L 1857.8839, 5840.4124, -1.0000, 1857.8839, 5814.0078, -1.0000, 120, 150, 86
L -2126.7432, 5928.4276, -1.0000, -2023.9108, 5979.8438, -1.0000, 120, 96, 74
L -1395.8043, 5928.4276, -1.0000, -1324.7092, 5963.9751, -1.0000, 120, 96, 74
L -1223.8267, 5928.4276, -1.0000, -1201.8229, 5897.6223, -1.0000, 120, 150, 86
L -1201.8229, 5928.4276, -1.0000, -1201.8229, 5902.0230, -1.0000, 120, 150, 86
L 116.5343, 5928.4276, -1.0000, 178.3172, 5959.3190, -1.0000, 120, 96, 74
L 846.6459, 5928.4276, -1.0000, 936.8705, 5973.5399, -1.0000, 120, 96, 74
L 1184.6989, 5928.4276, -1.0000, 1206.7027, 5897.6223, -1.0000, 120, 150, 86
L 1206.7027, 5928.4276, -1.0000, 1206.7027, 5902.0230, -1.0000, 120, 150, 86
L 3748.1089, 5928.4276, -1.0000, 3770.1127, 5897.6223, -1.0000, 120, 150, 86
L 3770.1127, 5928.4276, -1.0000, 3770.1127, 5902.0230, -1.0000, 120, 150, 86
L -2580.6817, 6016.4428, -1.0000, -2558.6779, 5985.6375, -1.0000, 120, 150, 86
L -2558.6779, 6016.4428, -1.0000, -2558.6779, 5990.0383, -1.0000, 120, 150, 86
L -2164.6323, 6016.4428, -1.0000, -2063.8842, 6066.8169, -1.0000, 120, 96, 74
L -2091.1524, 6016.4428, -1.0000, -2026.3716, 6048.8332, -1.0000, 120, 96, 74
L -2036.3639, 6016.4428, -1.0000, -1947.6313, 6060.8091, -1.0000, 120, 96, 74
L -1981.5143, 6016.4428, -1.0000, -1883.9140, 6065.2430, -1.0000, 120, 96, 74
L -1382.0822, 6016.4428, -1.0000, -1279.5819, 6067.6930, -1.0000, 120, 96, 74
L -777.0007, 6016.4428, -1.0000, -672.5024, 6068.6920, -1.0000, 120, 96, 74
L 7.1981, 6016.4428, -1.0000, 29.2019, 5985.6375, -1.0000, 120, 150, 86
L 29.2019, 6016.4428, -1.0000, 29.2019, 5990.0383, -1.0000, 120, 150, 86
L 504.1179, 6016.4428, -1.0000, 526.1217, 5985.6375, -1.0000, 120, 150, 86
L 526.1217, 6016.4428, -1.0000, 526.1217, 5990.0383, -1.0000, 120, 150, 86
L 1520.4415, 6016.4428, -1.0000, 1542.4453, 5985.6375, -1.0000, 120, 150, 86
L 1542.4453, 6016.4428, -1.0000, 1542.4453, 5990.0383, -1.0000, 120, 150, 86
L 2828.4558, 6016.4428, -1.0000, 2850.4596, 5985.6375, -1.0000, 120, 150, 86
L 2850.4596, 6016.4428, -1.0000, 2850.4596, 5990.0383, -1.0000, 120, 150, 86
L 3188.4211, 6016.4428, -1.0000, 3210.4249, 5985.6375, -1.0000, 134, 162, 98
L 3210.4249, 6016.4428, -1.0000, 3210.4249, 5990.0383, -1.0000, 120, 150, 86
L -1969.1335, 6104.4581, -1.0000, -1867.0880, 6155.4808, -1.0000, 120, 96, 74
L -1888.2560, 6104.4581, -1.0000, -1810.8222, 6143.1750, -1.0000, 120, 96, 74
L -823.1440, 6104.4581, -1.0000, -723.0457, 6154.5073, -1.0000, 120, 96, 74
L -233.3959, 6104.4581, -1.0000, -139.1505, 6151.5808, -1.0000, 120, 96, 74
L -157.1173, 6104.4581, -1.0000, -70.3765, 6147.8285, -1.0000, 120, 96, 74
L 643.5015, 6104.4581, -1.0000, 746.5664, 6155.9905, -1.0000, 120, 96, 74
L 865.1206, 6104.4581, -1.0000, 887.1244, 6073.6527, -1.0000, 120, 150, 86
L 887.1244, 6104.4581, -1.0000, 887.1244, 6078.0535, -1.0000, 120, 150, 86
L 1170.7546, 6104.4581, -1.0000, 1244.3760, 6141.2688, -1.0000, 96, 74, 56
L 2620.2165, 6104.4581, -1.0000, 2712.8613, 6150.7805, -1.0000, 96, 74, 56
L 2808.4000, 6104.4581, -1.0000, 2830.4038, 6073.6527, -1.0000, 134, 162, 98
L 2830.4038, 6104.4581, -1.0000, 2830.4038, 6078.0535, -1.0000, 120, 150, 86
L 3843.5510, 6104.4581, -1.0000, 3945.0376, 6155.2014, -1.0000, 96, 74, 56
L -1793.3282, 6192.4733, -1.0000, -1688.2334, 6245.0208, -1.0000, 120, 96, 74
L -1726.9522, 6192.4733, -1.0000, -1622.5667, 6244.6661, -1.0000, 120, 96, 74
L -1279.8812, 6192.4733, -1.0000, -1197.3040, 6233.7619, -1.0000, 120, 96, 74
L -824.0258, 6192.4733, -1.0000, -753.0951, 6227.9387, -1.0000, 120, 96, 74
L 560.4654, 6192.4733, -1.0000, 665.2775, 6244.8794, -1.0000, 120, 96, 74
L 620.8108, 6192.4733, -1.0000, 707.4412, 6235.7885, -1.0000, 120, 96, 74
L 1232.3494, 6192.4733, -1.0000, 1299.7489, 6226.1731, -1.0000, 120, 96, 74
L 1310.9826, 6192.4733, -1.0000, 1416.1899, 6245.0769, -1.0000, 96, 74, 56
L 1964.7840, 6192.4733, -1.0000, 1986.7878, 6161.6680, -1.0000, 120, 150, 86
L 1986.7878, 6192.4733, -1.0000, 1986.7878, 6166.0687, -1.0000, 120, 150, 86
L 3039.1282, 6192.4733, -1.0000, 3139.1938, 6242.5061, -1.0000, 96, 74, 56
L 3324.0941, 6192.4733, -1.0000, 3346.0979, 6161.6680, -1.0000, 120, 150, 86
L 3346.0979, 6192.4733, -1.0000, 3346.0979, 6166.0687, -1.0000, 120, 150, 86
L 3592.2794, 6192.4733, -1.0000, 3695.5999, 6244.1336, -1.0000, 96, 74, 56
L 3840.8445, 6192.4733, -1.0000, 3862.8483, 6161.6680, -1.0000, 134, 162, 98
L 3862.8483, 6192.4733, -1.0000, 3862.8483, 6166.0687, -1.0000, 120, 150, 86
L -2726.7872, 6280.4886, -1.0000, -2704.7834, 6249.6832, -1.0000, 134, 162, 98
L -2704.7834, 6280.4886, -1.0000, -2704.7834, 6254.0840, -1.0000, 120, 150, 86
L -2202.6495, 6280.4886, -1.0000, -2127.5428, 6318.0419, -1.0000, 120, 96, 74
L -1624.7539, 6280.4886, -1.0000, -1546.7742, 6319.4784, -1.0000, 120, 96, 74
L -1353.4445, 6280.4886, -1.0000, -1331.4407, 6249.6832, -1.0000, 120, 150, 86
L -1331.4407, 6280.4886, -1.0000, -1331.4407, 6254.0840, -1.0000, 120, 150, 86
L -914.8385, 6280.4886, -1.0000, -838.5966, 6318.6095, -1.0000, 120, 96, 74
L -841.6156, 6280.4886, -1.0000, -752.5398, 6325.0265, -1.0000, 120, 96, 74
L 130.7294, 6280.4886, -1.0000, 152.7332, 6249.6832, -1.0000, 134, 162, 98
L 152.7332, 6280.4886, -1.0000, 152.7332, 6254.0840, -1.0000, 120, 150, 86
L 588.2166, 6280.4886, -1.0000, 610.2204, 6249.6832, -1.0000, 120, 150, 86
L 610.2204, 6280.4886, -1.0000, 610.2204, 6254.0840, -1.0000, 120, 150, 86
L 884.0935, 6280.4886, -1.0000, 906.0973, 6249.6832, -1.0000, 120, 150, 86
L 906.0973, 6280.4886, -1.0000, 906.0973, 6254.0840, -1.0000, 120, 150, 86
L 1148.5250, 6280.4886, -1.0000, 1170.5289, 6249.6832, -1.0000, 134, 162, 98
L 1170.5289, 6280.4886, -1.0000, 1170.5289, 6254.0840, -1.0000, 120, 150, 86
L 1492.9956, 6280.4886, -1.0000, 1514.9994, 6249.6832, -1.0000, 120, 150, 86
L 1514.9994, 6280.4886, -1.0000, 1514.9994, 6254.0840, -1.0000, 120, 150, 86
L 2152.7511, 6280.4886, -1.0000, 2174.7549, 6249.6832, -1.0000, 134, 162, 98
L 2174.7549, 6280.4886, -1.0000, 2174.7549, 6254.0840, -1.0000, 120, 150, 86
L 3830.4109, 6280.4886, -1.0000, 3852.4147, 6249.6832, -1.0000, 134, 162, 98
L 3852.4147, 6280.4886, -1.0000, 3852.4147, 6254.0840, -1.0000, 120, 150, 86
L -2853.6257, 6368.5038, -1.0000, -2831.6219, 6337.6985, -1.0000, 120, 150, 86
L -2831.6219, 6368.5038, -1.0000, -2831.6219, 6342.0992, -1.0000, 120, 150, 86
L -2304.0994, 6368.5038, -1.0000, -2212.2193, 6414.4439, -1.0000, 120, 96, 74
L -1533.8156, 6368.5038, -1.0000, -1461.1229, 6404.8501, -1.0000, 120, 96, 74
L -1463.9985, 6368.5038, -1.0000, -1441.9947, 6337.6985, -1.0000, 134, 162, 98
L -1441.9947, 6368.5038, -1.0000, -1441.9947, 6342.0992, -1.0000, 120, 150, 86
L -1169.7732, 6368.5038, -1.0000, -1064.4386, 6421.1711, -1.0000, 120, 96, 74
L -915.8870, 6368.5038, -1.0000, -863.0779, 6394.9084, -1.0000, 110, 88, 66
L -530.4266, 6368.5038, -1.0000, -429.2128, 6419.1107, -1.0000, 120, 96, 74
L 459.8824, 6368.5038, -1.0000, 541.8679, 6409.4965, -1.0000, 120, 96, 74
L 1478.0821, 6368.5038, -1.0000, 1530.8913, 6394.9084, -1.0000, 110, 88, 66
L 2614.2887, 6368.5038, -1.0000, 2697.9681, 6410.3435, -1.0000, 96, 74, 56
L 2696.6937, 6368.5038, -1.0000, 2749.5029, 6394.9084, -1.0000, 110, 88, 66
L 2884.2834, 6368.5038, -1.0000, 2952.1434, 6402.4338, -1.0000, 120, 96, 74
L -2487.1282, 6456.5190, -1.0000, -2465.1244, 6425.7137, -1.0000, 120, 150, 86
L -2465.1244, 6456.5190, -1.0000, -2465.1244, 6430.1145, -1.0000, 120, 150, 86
L -1121.2811, 6456.5190, -1.0000, -1047.5381, 6493.3906, -1.0000, 120, 96, 74
L -675.2092, 6456.5190, -1.0000, -612.5429, 6487.8522, -1.0000, 120, 96, 74
L 336.8686, 6456.5190, -1.0000, 404.6331, 6490.4013, -1.0000, 120, 96, 74
L 420.6320, 6456.5190, -1.0000, 442.6359, 6425.7137, -1.0000, 120, 150, 86
L 442.6359, 6456.5190, -1.0000, 442.6359, 6430.1145, -1.0000, 120, 150, 86
L 646.6528, 6456.5190, -1.0000, 668.6566, 6425.7137, -1.0000, 120, 150, 86
L 668.6566, 6456.5190, -1.0000, 668.6566, 6430.1145, -1.0000, 120, 150, 86
L 1672.1865, 6456.5190, -1.0000, 1724.9957, 6482.9236, -1.0000, 110, 88, 66
L -2853.6257, 6544.5343, -1.0000, -2831.6219, 6513.7289, -1.0000, 134, 162, 98
L -2831.6219, 6544.5343, -1.0000, -2831.6219, 6518.1297, -1.0000, 120, 150, 86
L -2292.3050, 6544.5343, -1.0000, -2270.3012, 6513.7289, -1.0000, 134, 162, 98
L -2270.3012, 6544.5343, -1.0000, -2270.3012, 6518.1297, -1.0000, 120, 150, 86
L -1780.8555, 6544.5343, -1.0000, -1758.8517, 6513.7289, -1.0000, 134, 162, 98
L -1758.8517, 6544.5343, -1.0000, -1758.8517, 6518.1297, -1.0000, 120, 150, 86
L -1176.0526, 6544.5343, -1.0000, -1079.2690, 6592.9261, -1.0000, 120, 96, 74
L -840.7937, 6544.5343, -1.0000, -736.4094, 6596.7264, -1.0000, 120, 96, 74
L -776.8177, 6544.5343, -1.0000, -692.0880, 6586.8991, -1.0000, 120, 96, 74
L -65.2853, 6544.5343, -1.0000, -43.2815, 6513.7289, -1.0000, 134, 162, 98
L -43.2815, 6544.5343, -1.0000, -43.2815, 6518.1297, -1.0000, 120, 150, 86
L 513.3672, 6544.5343, -1.0000, 535.3710, 6513.7289, -1.0000, 120, 150, 86
L 535.3710, 6544.5343, -1.0000, 535.3710, 6518.1297, -1.0000, 120, 150, 86
L 793.9920, 6544.5343, -1.0000, 815.9959, 6513.7289, -1.0000, 120, 150, 86
L 815.9959, 6544.5343, -1.0000, 815.9959, 6518.1297, -1.0000, 120, 150, 86
L 1952.0680, 6544.5343, -1.0000, 2045.4971, 6591.2488, -1.0000, 120, 96, 74
L 2014.8553, 6544.5343, -1.0000, 2108.2863, 6591.2498, -1.0000, 120, 96, 74
L 2096.8213, 6544.5343, -1.0000, 2166.0499, 6579.1486, -1.0000, 96, 74, 56
L 2447.9175, 6544.5343, -1.0000, 2469.9213, 6513.7289, -1.0000, 120, 150, 86
L 2469.9213, 6544.5343, -1.0000, 2469.9213, 6518.1297, -1.0000, 120, 150, 86
L 2703.2806, 6544.5343, -1.0000, 2799.8744, 6592.8312, -1.0000, 96, 74, 56
L 2763.5657, 6544.5343, -1.0000, 2855.2766, 6590.3897, -1.0000, 120, 96, 74
L 2947.4288, 6544.5343, -1.0000, 2969.4327, 6513.7289, -1.0000, 120, 150, 86
L 2969.4327, 6544.5343, -1.0000, 2969.4327, 6518.1297, -1.0000, 120, 150, 86
L -2853.6257, 6632.5495, -1.0000, -2831.6219, 6601.7442, -1.0000, 120, 150, 86
L -2831.6219, 6632.5495, -1.0000, -2831.6219, 6606.1449, -1.0000, 120, 150, 86
L -1875.5907, 6632.5495, -1.0000, -1853.5869, 6601.7442, -1.0000, 120, 150, 86
L -1853.5869, 6632.5495, -1.0000, -1853.5869, 6606.1449, -1.0000, 120, 150, 86
L -1428.9625, 6632.5495, -1.0000, -1406.9587, 6601.7442, -1.0000, 120, 150, 86
L -1406.9587, 6632.5495, -1.0000, -1406.9587, 6606.1449, -1.0000, 120, 150, 86
L -1139.7296, 6632.5495, -1.0000, -1062.9264, 6670.9511, -1.0000, 120, 96, 74
L -1062.2518, 6632.5495, -1.0000, -986.1475, 6670.6017, -1.0000, 120, 96, 74
L -853.4647, 6632.5495, -1.0000, -800.6556, 6658.9541, -1.0000, 110, 88, 66
L 1047.3927, 6632.5495, -1.0000, 1069.3965, 6601.7442, -1.0000, 134, 162, 98
L 1069.3965, 6632.5495, -1.0000, 1069.3965, 6606.1449, -1.0000, 120, 150, 86
L 2367.5691, 6632.5495, -1.0000, 2440.5123, 6669.0211, -1.0000, 120, 96, 74
L 2447.5787, 6632.5495, -1.0000, 2536.7066, 6677.1135, -1.0000, 120, 96, 74
L 2511.0505, 6632.5495, -1.0000, 2607.0351, 6680.5418, -1.0000, 120, 96, 74
L -2722.3897, 6720.5648, -1.0000, -2700.3859, 6689.7594, -1.0000, 134, 162, 98
L -2700.3859, 6720.5648, -1.0000, -2700.3859, 6694.1602, -1.0000, 120, 150, 86
L -2307.9107, 6720.5648, -1.0000, -2233.7908, 6757.6247, -1.0000, 120, 96, 74
L -2234.9791, 6720.5648, -1.0000, -2182.1699, 6746.9693, -1.0000, 110, 88, 66
L -1220.6383, 6720.5648, -1.0000, -1147.5309, 6757.1185, -1.0000, 120, 96, 74
L -1055.5995, 6720.5648, -1.0000, -1002.7903, 6746.9693, -1.0000, 110, 88, 66
L -902.9718, 6720.5648, -1.0000, -823.9172, 6760.0921, -1.0000, 120, 96, 74
L -827.5018, 6720.5648, -1.0000, -727.9934, 6770.3190, -1.0000, 120, 96, 74
L 94.3836, 6720.5648, -1.0000, 194.8675, 6770.8067, -1.0000, 120, 96, 74
L 1037.1949, 6720.5648, -1.0000, 1059.1987, 6689.7594, -1.0000, 120, 150, 86
L 1059.1987, 6720.5648, -1.0000, 1059.1987, 6694.1602, -1.0000, 120, 150, 86
L 1635.4929, 6720.5648, -1.0000, 1657.4967, 6689.7594, -1.0000, 120, 150, 86
L 1657.4967, 6720.5648, -1.0000, 1657.4967, 6694.1602, -1.0000, 120, 150, 86
L 3032.2535, 6720.5648, -1.0000, 3054.2573, 6689.7594, -1.0000, 120, 150, 86
L 3054.2573, 6720.5648, -1.0000, 3054.2573, 6694.1602, -1.0000, 120, 150, 86
L 3227.8643, 6720.5648, -1.0000, 3249.8681, 6689.7594, -1.0000, 120, 150, 86
L 3249.8681, 6720.5648, -1.0000, 3249.8681, 6694.1602, -1.0000, 120, 150, 86
L -2559.5182, 6808.5800, -1.0000, -2537.5144, 6777.7747, -1.0000, 120, 150, 86
L -2537.5144, 6808.5800, -1.0000, -2537.5144, 6782.1754, -1.0000, 120, 150, 86
L -2164.6968, 6808.5800, -1.0000, -2074.9230, 6853.4669, -1.0000, 120, 96, 74
L -1439.8994, 6808.5800, -1.0000, -1368.3614, 6844.3490, -1.0000, 120, 96, 74
L -1372.3920, 6808.5800, -1.0000, -1281.6064, 6853.9728, -1.0000, 120, 96, 74
L -1311.1398, 6808.5800, -1.0000, -1231.1018, 6848.5990, -1.0000, 96, 74, 56
L -1252.3707, 6808.5800, -1.0000, -1230.3669, 6777.7747, -1.0000, 120, 150, 86
L -1230.3669, 6808.5800, -1.0000, -1230.3669, 6782.1754, -1.0000, 120, 150, 86
L -1075.7000, 6808.5800, -1.0000, -1022.8909, 6834.9846, -1.0000, 110, 88, 66
L -661.7976, 6808.5800, -1.0000, -639.7938, 6777.7747, -1.0000, 120, 150, 86
L -639.7938, 6808.5800, -1.0000, -639.7938, 6782.1754, -1.0000, 120, 150, 86
L -466.8742, 6808.5800, -1.0000, -390.7018, 6846.6662, -1.0000, 120, 96, 74
L -410.4494, 6808.5800, -1.0000, -357.6402, 6834.9846, -1.0000, 110, 88, 66
L 161.6523, 6808.5800, -1.0000, 183.6561, 6777.7747, -1.0000, 134, 162, 98
L 183.6561, 6808.5800, -1.0000, 183.6561, 6782.1754, -1.0000, 120, 150, 86
L 1805.8971, 6808.5800, -1.0000, 1827.9009, 6777.7747, -1.0000, 120, 150, 86
L 1827.9009, 6808.5800, -1.0000, 1827.9009, 6782.1754, -1.0000, 120, 150, 86
L -2077.9179, 6896.5952, -1.0000, -2005.0332, 6933.0376, -1.0000, 120, 96, 74
L -1996.8311, 6896.5952, -1.0000, -1944.0219, 6922.9998, -1.0000, 110, 88, 66
L -1596.9210, 6896.5952, -1.0000, -1574.9172, 6865.7899, -1.0000, 120, 150, 86
L -1574.9172, 6896.5952, -1.0000, -1574.9172, 6870.1907, -1.0000, 120, 150, 86
L -386.5884, 6896.5952, -1.0000, -307.9681, 6935.9054, -1.0000, 120, 96, 74
L -187.3514, 6896.5952, -1.0000, -113.4384, 6933.5518, -1.0000, 120, 96, 74
L -114.3139, 6896.5952, -1.0000, -45.1310, 6931.1867, -1.0000, 120, 96, 74
L 219.6185, 6896.5952, -1.0000, 241.6223, 6865.7899, -1.0000, 134, 162, 98
L 241.6223, 6896.5952, -1.0000, 241.6223, 6870.1907, -1.0000, 120, 150, 86
L 614.1408, 6896.5952, -1.0000, 636.1446, 6865.7899, -1.0000, 134, 162, 98
L 636.1446, 6896.5952, -1.0000, 636.1446, 6870.1907, -1.0000, 120, 150, 86
L 2790.7127, 6896.5952, -1.0000, 2812.7165, 6865.7899, -1.0000, 120, 150, 86
L 2812.7165, 6896.5952, -1.0000, 2812.7165, 6870.1907, -1.0000, 120, 150, 86
L -2853.6257, 6984.6105, -1.0000, -2831.6219, 6953.8051, -1.0000, 120, 150, 86
L -2831.6219, 6984.6105, -1.0000, -2831.6219, 6958.2059, -1.0000, 120, 150, 86
L -2567.4949, 6984.6105, -1.0000, -2503.0111, 7016.8523, -1.0000, 120, 96, 74
L -2507.4401, 6984.6105, -1.0000, -2413.2574, 7031.7019, -1.0000, 120, 96, 74
L -1926.6549, 6984.6105, -1.0000, -1856.8097, 7019.5331, -1.0000, 120, 96, 74
L -1850.6581, 6984.6105, -1.0000, -1769.8577, 7025.0106, -1.0000, 120, 96, 74
L -1792.5693, 6984.6105, -1.0000, -1770.5655, 6953.8051, -1.0000, 120, 150, 86
L -1770.5655, 6984.6105, -1.0000, -1770.5655, 6958.2059, -1.0000, 120, 150, 86
L -1259.6370, 6984.6105, -1.0000, -1155.3707, 7036.7436, -1.0000, 96, 74, 56
L -1035.6823, 6984.6105, -1.0000, -982.8732, 7011.0151, -1.0000, 110, 88, 66
L -829.8194, 6984.6105, -1.0000, -759.3530, 7019.8437, -1.0000, 120, 96, 74
L -296.2362, 6984.6105, -1.0000, -225.7328, 7019.8622, -1.0000, 120, 96, 74
L 1399.1692, 6984.6105, -1.0000, 1421.1730, 6953.8051, -1.0000, 120, 150, 86
L 1421.1730, 6984.6105, -1.0000, 1421.1730, 6958.2059, -1.0000, 120, 150, 86
L 3164.0225, 6984.6105, -1.0000, 3186.0264, 6953.8051, -1.0000, 120, 150, 86
L 3186.0264, 6984.6105, -1.0000, 3186.0264, 6958.2059, -1.0000, 120, 150, 86
L 3400.7772, 6984.6105, -1.0000, 3422.7810, 6953.8051, -1.0000, 120, 150, 86
L 3422.7810, 6984.6105, -1.0000, 3422.7810, 6958.2059, -1.0000, 120, 150, 86
L 3757.5192, 6984.6105, -1.0000, 3779.5230, 6953.8051, -1.0000, 120, 150, 86
L 3779.5230, 6984.6105, -1.0000, 3779.5230, 6958.2059, -1.0000, 120, 150, 86
L -1759.0763, 7072.6257, -1.0000, -1706.2671, 7099.0303, -1.0000, 110, 88, 66
L -1308.6622, 7072.6257, -1.0000, -1246.3833, 7103.7652, -1.0000, 96, 74, 56
L -1254.5762, 7072.6257, -1.0000, -1201.7670, 7099.0303, -1.0000, 110, 88, 66
L -1084.9902, 7072.6257, -1.0000, -982.3597, 7123.9410, -1.0000, 96, 74, 56
L -1014.3374, 7072.6257, -1.0000, -961.5283, 7099.0303, -1.0000, 110, 88, 66
L -841.5426, 7072.6257, -1.0000, -753.9820, 7116.4060, -1.0000, 120, 96, 74
L -452.5477, 7072.6257, -1.0000, -430.5439, 7041.8204, -1.0000, 120, 150, 86
L -430.5439, 7072.6257, -1.0000, -430.5439, 7046.2211, -1.0000, 120, 150, 86
L 1592.8157, 7072.6257, -1.0000, 1614.8195, 7041.8204, -1.0000, 120, 150, 86
L 1614.8195, 7072.6257, -1.0000, 1614.8195, 7046.2211, -1.0000, 120, 150, 86
L 3672.0057, 7072.6257, -1.0000, 3694.0095, 7041.8204, -1.0000, 134, 162, 98
L 3694.0095, 7072.6257, -1.0000, 3694.0095, 7046.2211, -1.0000, 120, 150, 86
L -2740.6720, 7160.6410, -1.0000, -2669.8065, 7196.0737, -1.0000, 120, 96, 74
L -1640.5929, 7160.6410, -1.0000, -1541.4463, 7210.2142, -1.0000, 120, 96, 74
L -1567.4664, 7160.6410, -1.0000, -1496.5229, 7196.1127, -1.0000, 96, 74, 56
L -1495.0081, 7160.6410, -1.0000, -1393.6327, 7211.3287, -1.0000, 96, 74, 56
L -1308.7396, 7160.6410, -1.0000, -1238.9344, 7195.5436, -1.0000, 96, 74, 56
L -872.4566, 7160.6410, -1.0000, -809.3315, 7192.2035, -1.0000, 96, 74, 56
L -801.4101, 7160.6410, -1.0000, -734.7046, 7193.9937, -1.0000, 120, 96, 74
L -469.3416, 7160.6410, -1.0000, -405.5615, 7192.5310, -1.0000, 96, 74, 56
L 81.5652, 7160.6410, -1.0000, 103.5690, 7129.8356, -1.0000, 134, 162, 98
L 103.5690, 7160.6410, -1.0000, 103.5690, 7134.2364, -1.0000, 120, 150, 86
L -2251.4058, 7248.6562, -1.0000, -2229.4020, 7217.8509, -1.0000, 134, 162, 98
L -2229.4020, 7248.6562, -1.0000, -2229.4020, 7222.2516, -1.0000, 120, 150, 86
L -1514.6130, 7248.6562, -1.0000, -1492.6092, 7217.8509, -1.0000, 120, 150, 86
L -1492.6092, 7248.6562, -1.0000, -1492.6092, 7222.2516, -1.0000, 120, 150, 86
L -1134.5896, 7248.6562, -1.0000, -1112.5858, 7217.8509, -1.0000, 120, 150, 86
L -1112.5858, 7248.6562, -1.0000, -1112.5858, 7222.2516, -1.0000, 120, 150, 86
L -736.1769, 7248.6562, -1.0000, -635.7495, 7298.8699, -1.0000, 96, 74, 56
L -468.8928, 7248.6562, -1.0000, -446.8890, 7217.8509, -1.0000, 120, 150, 86
L -446.8890, 7248.6562, -1.0000, -446.8890, 7222.2516, -1.0000, 120, 150, 86
L 219.5207, 7248.6562, -1.0000, 241.5246, 7217.8509, -1.0000, 134, 162, 98
L 241.5246, 7248.6562, -1.0000, 241.5246, 7222.2516, -1.0000, 120, 150, 86
L 1156.6177, 7248.6562, -1.0000, 1178.6215, 7217.8509, -1.0000, 120, 150, 86
L 1178.6215, 7248.6562, -1.0000, 1178.6215, 7222.2516, -1.0000, 120, 150, 86
L 1357.2357, 7248.6562, -1.0000, 1379.2395, 7217.8509, -1.0000, 120, 150, 86
L 1379.2395, 7248.6562, -1.0000, 1379.2395, 7222.2516, -1.0000, 120, 150, 86
L 3426.1689, 7248.6562, -1.0000, 3448.1728, 7217.8509, -1.0000, 120, 150, 86
L 3448.1728, 7248.6562, -1.0000, 3448.1728, 7222.2516, -1.0000, 120, 150, 86
L -2853.6257, 7336.6714, -1.0000, -2831.6219, 7305.8661, -1.0000, 120, 150, 86
L -2831.6219, 7336.6714, -1.0000, -2831.6219, 7310.2669, -1.0000, 120, 150, 86
L -2468.8954, 7336.6714, -1.0000, -2446.8916, 7305.8661, -1.0000, 134, 162, 98
L -2446.8916, 7336.6714, -1.0000, -2446.8916, 7310.2669, -1.0000, 120, 150, 86
L -1231.4654, 7336.6714, -1.0000, -1154.4480, 7375.1801, -1.0000, 96, 74, 56
L -1028.7611, 7336.6714, -1.0000, -954.3588, 7373.8726, -1.0000, 96, 74, 56
L -953.9159, 7336.6714, -1.0000, -901.1067, 7363.0760, -1.0000, 110, 88, 66
L -497.3961, 7336.6714, -1.0000, -475.3923, 7305.8661, -1.0000, 120, 150, 86
L -475.3923, 7336.6714, -1.0000, -475.3923, 7310.2669, -1.0000, 120, 150, 86
L 748.7353, 7336.6714, -1.0000, 770.7391, 7305.8661, -1.0000, 120, 150, 86
L 770.7391, 7336.6714, -1.0000, 770.7391, 7310.2669, -1.0000, 120, 150, 86
L 1868.6899, 7336.6714, -1.0000, 1890.6937, 7305.8661, -1.0000, 134, 162, 98
L 1890.6937, 7336.6714, -1.0000, 1890.6937, 7310.2669, -1.0000, 120, 150, 86
L -2260.3873, 7424.6867, -1.0000, -2238.3835, 7393.8813, -1.0000, 120, 150, 86
L -2238.3835, 7424.6867, -1.0000, -2238.3835, 7398.2821, -1.0000, 120, 150, 86
L -1345.1532, 7424.6867, -1.0000, -1272.5245, 7461.0010, -1.0000, 120, 96, 74
L -1264.4042, 7424.6867, -1.0000, -1242.4004, 7393.8813, -1.0000, 120, 150, 86
L -1242.4004, 7424.6867, -1.0000, -1242.4004, 7398.2821, -1.0000, 120, 150, 86
L -991.3739, 7424.6867, -1.0000, -969.3701, 7393.8813, -1.0000, 134, 162, 98
L -969.3701, 7424.6867, -1.0000, -969.3701, 7398.2821, -1.0000, 120, 150, 86
L -466.9821, 7424.6867, -1.0000, -414.1729, 7451.0913, -1.0000, 110, 88, 66
L 345.1998, 7424.6867, -1.0000, 367.2036, 7393.8813, -1.0000, 134, 162, 98
L 367.2036, 7424.6867, -1.0000, 367.2036, 7398.2821, -1.0000, 120, 150, 86
L 640.0758, 7424.6867, -1.0000, 662.0796, 7393.8813, -1.0000, 120, 150, 86
L 662.0796, 7424.6867, -1.0000, 662.0796, 7398.2821, -1.0000, 120, 150, 86
L -1877.5983, 7512.7019, -1.0000, -1855.5945, 7481.8966, -1.0000, 120, 150, 86
L -1855.5945, 7512.7019, -1.0000, -1855.5945, 7486.2973, -1.0000, 120, 150, 86
L -1438.9751, 7512.7019, -1.0000, -1386.1660, 7539.1065, -1.0000, 110, 88, 66
L -1139.7578, 7512.7019, -1.0000, -1059.5293, 7552.8162, -1.0000, 96, 74, 56
L -813.5710, 7512.7019, -1.0000, -734.3790, 7552.2979, -1.0000, 96, 74, 56
L -742.6575, 7512.7019, -1.0000, -648.5299, 7559.7657, -1.0000, 96, 74, 56
L -394.5342, 7512.7019, -1.0000, -294.6187, 7562.6597, -1.0000, 120, 96, 74
L 505.4361, 7512.7019, -1.0000, 527.4399, 7481.8966, -1.0000, 134, 162, 98
L 527.4399, 7512.7019, -1.0000, 527.4399, 7486.2973, -1.0000, 120, 150, 86
L 1788.6239, 7512.7019, -1.0000, 1810.6277, 7481.8966, -1.0000, 134, 162, 98
L 1810.6277, 7512.7019, -1.0000, 1810.6277, 7486.2973, -1.0000, 120, 150, 86
L 3592.6552, 7512.7019, -1.0000, 3614.6590, 7481.8966, -1.0000, 120, 150, 86
L 3614.6590, 7512.7019, -1.0000, 3614.6590, 7486.2973, -1.0000, 120, 150, 86
L -1467.5601, 7600.7172, -1.0000, -1395.6597, 7636.6674, -1.0000, 120, 96, 74
L -752.6983, 7600.7172, -1.0000, -730.6945, 7569.9118, -1.0000, 120, 150, 86
L -730.6945, 7600.7172, -1.0000, -730.6945, 7574.3126, -1.0000, 120, 150, 86
L -286.6287, 7600.7172, -1.0000, -264.6249, 7569.9118, -1.0000, 120, 150, 86
L -264.6249, 7600.7172, -1.0000, -264.6249, 7574.3126, -1.0000, 120, 150, 86
L 175.0964, 7600.7172, -1.0000, 197.1002, 7569.9118, -1.0000, 134, 162, 98
L 197.1002, 7600.7172, -1.0000, 197.1002, 7574.3126, -1.0000, 120, 150, 86
L 740.8588, 7600.7172, -1.0000, 762.8626, 7569.9118, -1.0000, 134, 162, 98
L 762.8626, 7600.7172, -1.0000, 762.8626, 7574.3126, -1.0000, 120, 150, 86
L 2846.3143, 7600.7172, -1.0000, 2868.3181, 7569.9118, -1.0000, 134, 162, 98
L 2868.3181, 7600.7172, -1.0000, 2868.3181, 7574.3126, -1.0000, 120, 150, 86
L -1670.8546, 7688.7324, -1.0000, -1648.8508, 7657.9271, -1.0000, 120, 150, 86
L -1648.8508, 7688.7324, -1.0000, -1648.8508, 7662.3278, -1.0000, 120, 150, 86
L -1311.2933, 7688.7324, -1.0000, -1289.2895, 7657.9271, -1.0000, 120, 150, 86
L -1289.2895, 7688.7324, -1.0000, -1289.2895, 7662.3278, -1.0000, 120, 150, 86
L -434.2735, 7688.7324, -1.0000, -331.1978, 7740.2702, -1.0000, 96, 74, 56
L -98.7872, 7688.7324, -1.0000, -76.7834, 7657.9271, -1.0000, 134, 162, 98
L -76.7834, 7688.7324, -1.0000, -76.7834, 7662.3278, -1.0000, 120, 150, 86
L 146.3294, 7688.7324, -1.0000, 168.3332, 7657.9271, -1.0000, 120, 150, 86
L 168.3332, 7688.7324, -1.0000, 168.3332, 7662.3278, -1.0000, 120, 150, 86
L 988.3609, 7688.7324, -1.0000, 1010.3647, 7657.9271, -1.0000, 134, 162, 98
L 1010.3647, 7688.7324, -1.0000, 1010.3647, 7662.3278, -1.0000, 120, 150, 86
L 1521.5383, 7688.7324, -1.0000, 1543.5421, 7657.9271, -1.0000, 120, 150, 86
L 1543.5421, 7688.7324, -1.0000, 1543.5421, 7662.3278, -1.0000, 120, 150, 86
L 1868.1031, 7688.7324, -1.0000, 1890.1069, 7657.9271, -1.0000, 120, 150, 86
L 1890.1069, 7688.7324, -1.0000, 1890.1069, 7662.3278, -1.0000, 120, 150, 86
L 3561.6092, 7688.7324, -1.0000, 3583.6130, 7657.9271, -1.0000, 120, 150, 86
L 3583.6130, 7688.7324, -1.0000, 3583.6130, 7662.3278, -1.0000, 120, 150, 86
L -2610.4265, 7776.7476, -1.0000, -2588.4227, 7745.9423, -1.0000, 134, 162, 98
L -2588.4227, 7776.7476, -1.0000, -2588.4227, 7750.3431, -1.0000, 120, 150, 86
L -2272.9541, 7776.7476, -1.0000, -2250.9503, 7745.9423, -1.0000, 134, 162, 98
L -2250.9503, 7776.7476, -1.0000, -2250.9503, 7750.3431, -1.0000, 120, 150, 86
L -1223.1433, 7776.7476, -1.0000, -1170.3341, 7803.1522, -1.0000, 110, 88, 66
L -1027.2732, 7776.7476, -1.0000, -960.9416, 7809.9134, -1.0000, 96, 74, 56
L -698.4587, 7776.7476, -1.0000, -627.5911, 7812.1814, -1.0000, 96, 74, 56
L 1125.9205, 7776.7476, -1.0000, 1147.9243, 7745.9423, -1.0000, 120, 150, 86
L 1147.9243, 7776.7476, -1.0000, 1147.9243, 7750.3431, -1.0000, 120, 150, 86
L 3357.2849, 7864.7629, -1.0000, 3379.2887, 7833.9575, -1.0000, 120, 150, 86
L 3379.2887, 7864.7629, -1.0000, 3379.2887, 7838.3583, -1.0000, 120, 150, 86
L -1349.4804, 7952.7781, -1.0000, -1285.7922, 7984.6222, -1.0000, 120, 96, 74
L -1197.9552, 7952.7781, -1.0000, -1145.1461, 7979.1827, -1.0000, 110, 88, 66
L -709.1400, 7952.7781, -1.0000, -656.3308, 7979.1827, -1.0000, 110, 88, 66
L -1219.2188, 8040.7934, -1.0000, -1166.4096, 8067.1979, -1.0000, 110, 88, 66
L -1885.4580, -2389.0126, -1.0000, -1533.3971, -2389.0126, -1.0000, 90, 160, 210
L -785.2675, -2389.0126, -1.0000, -213.1685, -2389.0126, -1.0000, 90, 160, 210
L 1327.0982, -2389.0126, -1.0000, 1679.1592, -2389.0126, -1.0000, 90, 160, 210
L 1943.2049, -2389.0126, -1.0000, 2427.2887, -2389.0126, -1.0000, 90, 160, 210
L 2647.3268, -2389.0126, -1.0000, 3835.5326, -2389.0126, -1.0000, 90, 160, 210
L -1841.4504, -2345.0050, -1.0000, -1577.4047, -2345.0050, -1.0000, 108, 176, 220
L -741.2599, -2345.0050, -1.0000, -257.1761, -2345.0050, -1.0000, 108, 176, 220
L 1371.1058, -2345.0050, -1.0000, 1635.1516, -2345.0050, -1.0000, 108, 176, 220
L 1987.2125, -2345.0050, -1.0000, 2471.2963, -2345.0050, -1.0000, 108, 176, 220
L 2603.3192, -2345.0050, -1.0000, 3791.5249, -2345.0050, -1.0000, 108, 176, 220
L -1797.4428, -2300.9973, -1.0000, -1665.4199, -2300.9973, -1.0000, 90, 160, 210
L -697.2523, -2300.9973, -1.0000, -301.1837, -2300.9973, -1.0000, 90, 160, 210
L 1415.1135, -2300.9973, -1.0000, 1547.1363, -2300.9973, -1.0000, 90, 160, 210
L 2031.2201, -2300.9973, -1.0000, 2427.2887, -2300.9973, -1.0000, 90, 160, 210
L 2515.3040, -2300.9973, -1.0000, 3747.5173, -2300.9973, -1.0000, 90, 160, 210
L -565.2294, -2256.9897, -1.0000, -521.2218, -2256.9897, -1.0000, 108, 176, 220
L 2207.2506, -2256.9897, -1.0000, 2427.2887, -2256.9897, -1.0000, 108, 176, 220
L 2471.2963, -2256.9897, -1.0000, 3571.4868, -2256.9897, -1.0000, 108, 176, 220
L 2207.2506, -2212.9821, -1.0000, 2735.3421, -2212.9821, -1.0000, 90, 160, 210
L 3263.4335, -2212.9821, -1.0000, 3571.4868, -2212.9821, -1.0000, 90, 160, 210
L 2207.2506, -2168.9745, -1.0000, 2647.3268, -2168.9745, -1.0000, 108, 176, 220
L 3307.4411, -2168.9745, -1.0000, 3527.4792, -2168.9745, -1.0000, 108, 176, 220
L 2251.2582, -2124.9669, -1.0000, 2603.3192, -2124.9669, -1.0000, 90, 160, 210
L 2295.2659, -2080.9592, -1.0000, 2515.3040, -2080.9592, -1.0000, 108, 176, 220
L 2427.2887, -2036.9516, -1.0000, 2471.2963, -2036.9516, -1.0000, 90, 160, 210
L -1885.4580, -2389.0126, -1.0000, -1841.4504, -2389.0126, -1.0000, 40, 92, 158
L -1577.4047, -2389.0126, -1.0000, -1533.3971, -2389.0126, -1.0000, 40, 92, 158
L -785.2675, -2389.0126, -1.0000, -741.2599, -2389.0126, -1.0000, 40, 92, 158
L -257.1761, -2389.0126, -1.0000, -213.1685, -2389.0126, -1.0000, 40, 92, 158
L 1327.0982, -2389.0126, -1.0000, 1371.1058, -2389.0126, -1.0000, 40, 92, 158
L 1635.1516, -2389.0126, -1.0000, 1679.1592, -2389.0126, -1.0000, 40, 92, 158
L 1943.2049, -2389.0126, -1.0000, 1987.2125, -2389.0126, -1.0000, 40, 92, 158
L 2383.2811, -2389.0126, -1.0000, 2427.2887, -2389.0126, -1.0000, 40, 92, 158
L 2647.3268, -2389.0126, -1.0000, 2691.3344, -2389.0126, -1.0000, 40, 92, 158
L 2691.3344, -2389.0126, -1.0000, 2735.3421, -2389.0126, -1.0000, 40, 92, 158
L -1841.4504, -2345.0050, -1.0000, -1797.4428, -2345.0050, -1.0000, 40, 92, 158
L -1665.4199, -2345.0050, -1.0000, -1621.4123, -2345.0050, -1.0000, 40, 92, 158
L -1621.4123, -2345.0050, -1.0000, -1577.4047, -2345.0050, -1.0000, 40, 92, 158
L -741.2599, -2345.0050, -1.0000, -697.2523, -2345.0050, -1.0000, 40, 92, 158
L -301.1837, -2345.0050, -1.0000, -257.1761, -2345.0050, -1.0000, 40, 92, 158
L 1371.1058, -2345.0050, -1.0000, 1415.1135, -2345.0050, -1.0000, 40, 92, 158
L 1547.1363, -2345.0050, -1.0000, 1591.1439, -2345.0050, -1.0000, 40, 92, 158
L 1591.1439, -2345.0050, -1.0000, 1635.1516, -2345.0050, -1.0000, 40, 92, 158
L 1987.2125, -2345.0050, -1.0000, 2031.2201, -2345.0050, -1.0000, 40, 92, 158
L 2427.2887, -2345.0050, -1.0000, 2471.2963, -2345.0050, -1.0000, 40, 92, 158
L 2603.3192, -2345.0050, -1.0000, 2647.3268, -2345.0050, -1.0000, 40, 92, 158
L -1797.4428, -2300.9973, -1.0000, -1753.4352, -2300.9973, -1.0000, 40, 92, 158
L -1753.4352, -2300.9973, -1.0000, -1709.4276, -2300.9973, -1.0000, 40, 92, 158
L -1709.4276, -2300.9973, -1.0000, -1665.4199, -2300.9973, -1.0000, 40, 92, 158
L -697.2523, -2300.9973, -1.0000, -653.2447, -2300.9973, -1.0000, 40, 92, 158
L -653.2447, -2300.9973, -1.0000, -609.2371, -2300.9973, -1.0000, 40, 92, 158
L -609.2371, -2300.9973, -1.0000, -565.2294, -2300.9973, -1.0000, 40, 92, 158
L -521.2218, -2300.9973, -1.0000, -477.2142, -2300.9973, -1.0000, 40, 92, 158
L -477.2142, -2300.9973, -1.0000, -433.2066, -2300.9973, -1.0000, 40, 92, 158
L -433.2066, -2300.9973, -1.0000, -389.1990, -2300.9973, -1.0000, 40, 92, 158
L -389.1990, -2300.9973, -1.0000, -345.1913, -2300.9973, -1.0000, 40, 92, 158
L -345.1913, -2300.9973, -1.0000, -301.1837, -2300.9973, -1.0000, 40, 92, 158
L 1415.1135, -2300.9973, -1.0000, 1459.1211, -2300.9973, -1.0000, 40, 92, 158
L 1459.1211, -2300.9973, -1.0000, 1503.1287, -2300.9973, -1.0000, 40, 92, 158
L 1503.1287, -2300.9973, -1.0000, 1547.1363, -2300.9973, -1.0000, 40, 92, 158
L 2031.2201, -2300.9973, -1.0000, 2075.2278, -2300.9973, -1.0000, 40, 92, 158
L 2075.2278, -2300.9973, -1.0000, 2119.2354, -2300.9973, -1.0000, 40, 92, 158
L 2119.2354, -2300.9973, -1.0000, 2163.2430, -2300.9973, -1.0000, 40, 92, 158
L 2163.2430, -2300.9973, -1.0000, 2207.2506, -2300.9973, -1.0000, 40, 92, 158
L 2383.2811, -2300.9973, -1.0000, 2427.2887, -2300.9973, -1.0000, 40, 92, 158
L 2515.3040, -2300.9973, -1.0000, 2559.3116, -2300.9973, -1.0000, 40, 92, 158
L 2559.3116, -2300.9973, -1.0000, 2603.3192, -2300.9973, -1.0000, 40, 92, 158
L -565.2294, -2256.9897, -1.0000, -521.2218, -2256.9897, -1.0000, 40, 92, 158
L 2207.2506, -2256.9897, -1.0000, 2251.2582, -2256.9897, -1.0000, 40, 92, 158
L 2383.2811, -2256.9897, -1.0000, 2427.2887, -2256.9897, -1.0000, 40, 92, 158
L 2471.2963, -2256.9897, -1.0000, 2515.3040, -2256.9897, -1.0000, 40, 92, 158
L 2735.3421, -2256.9897, -1.0000, 2779.3497, -2256.9897, -1.0000, 40, 92, 158
L 2779.3497, -2256.9897, -1.0000, 2823.3573, -2256.9897, -1.0000, 40, 92, 158
L 2823.3573, -2256.9897, -1.0000, 2867.3649, -2256.9897, -1.0000, 40, 92, 158
L 2867.3649, -2256.9897, -1.0000, 2911.3725, -2256.9897, -1.0000, 40, 92, 158
L 2911.3725, -2256.9897, -1.0000, 2955.3802, -2256.9897, -1.0000, 40, 92, 158
L 2955.3802, -2256.9897, -1.0000, 2999.3878, -2256.9897, -1.0000, 40, 92, 158
L 2999.3878, -2256.9897, -1.0000, 3043.3954, -2256.9897, -1.0000, 40, 92, 158
L 3043.3954, -2256.9897, -1.0000, 3087.4030, -2256.9897, -1.0000, 40, 92, 158
L 3087.4030, -2256.9897, -1.0000, 3131.4106, -2256.9897, -1.0000, 40, 92, 158
L 3131.4106, -2256.9897, -1.0000, 3175.4183, -2256.9897, -1.0000, 40, 92, 158
L 3175.4183, -2256.9897, -1.0000, 3219.4259, -2256.9897, -1.0000, 40, 92, 158
L 3219.4259, -2256.9897, -1.0000, 3263.4335, -2256.9897, -1.0000, 40, 92, 158
L 2207.2506, -2212.9821, -1.0000, 2251.2582, -2212.9821, -1.0000, 40, 92, 158
L 2427.2887, -2212.9821, -1.0000, 2471.2963, -2212.9821, -1.0000, 40, 92, 158
L 2647.3268, -2212.9821, -1.0000, 2691.3344, -2212.9821, -1.0000, 40, 92, 158
L 2691.3344, -2212.9821, -1.0000, 2735.3421, -2212.9821, -1.0000, 40, 92, 158
L 3263.4335, -2212.9821, -1.0000, 3307.4411, -2212.9821, -1.0000, 40, 92, 158
L 2207.2506, -2168.9745, -1.0000, 2251.2582, -2168.9745, -1.0000, 40, 92, 158
L 2603.3192, -2168.9745, -1.0000, 2647.3268, -2168.9745, -1.0000, 40, 92, 158
L 3307.4411, -2168.9745, -1.0000, 3351.4487, -2168.9745, -1.0000, 40, 92, 158
L 2251.2582, -2124.9669, -1.0000, 2295.2659, -2124.9669, -1.0000, 40, 92, 158
L 2515.3040, -2124.9669, -1.0000, 2559.3116, -2124.9669, -1.0000, 40, 92, 158
L 2559.3116, -2124.9669, -1.0000, 2603.3192, -2124.9669, -1.0000, 40, 92, 158
L 2295.2659, -2080.9592, -1.0000, 2339.2735, -2080.9592, -1.0000, 40, 92, 158
L 2339.2735, -2080.9592, -1.0000, 2383.2811, -2080.9592, -1.0000, 40, 92, 158
L 2383.2811, -2080.9592, -1.0000, 2427.2887, -2080.9592, -1.0000, 40, 92, 158
L 2471.2963, -2080.9592, -1.0000, 2515.3040, -2080.9592, -1.0000, 40, 92, 158
L 2427.2887, -2036.9516, -1.0000, 2471.2963, -2036.9516, -1.0000, 40, 92, 158
L -612.9272, 3197.0908, -2.0615, -642.1871, 3178.1272, -1.6025, 64, 64, 64
L -630.4680, 3222.0959, -1.4103, -612.9272, 3197.0908, -2.0615, 64, 64, 64
L -659.5385, 3202.3740, -0.0205, -630.4680, 3222.0959, -1.4103, 64, 64, 64
L -642.1871, 3178.1272, 0.4689, -659.5385, 3202.3740, -0.0205, 64, 64, 64
L -622.7641, 3426.2371, -1.3194, -639.9116, 3451.1479, 0.6352, 64, 64, 64
L -593.7838, 3445.9502, -2.0615, -622.7641, 3426.2371, -1.3194, 64, 64, 64
L -611.2880, 3471.1526, -2.0606, -593.7838, 3445.9502, -2.0615, 64, 64, 64
L -639.9116, 3451.1479, -0.2010, -611.2880, 3471.1526, -2.0606, 64, 64, 64
L -815.1865, 3513.0947, -1.0927, -833.1727, 3537.7078, -1.0928, 64, 64, 64
L -785.9265, 3533.6445, -1.0928, -815.1865, 3513.0947, -1.0927, 64, 64, 64
L -803.0560, 3558.1001, -1.0914, -785.9265, 3533.6445, -1.0928, 64, 64, 64
L -833.1727, 3537.7078, -1.0775, -803.0560, 3558.1001, -1.0914, 64, 64, 64
L 1734.3446, 2025.2047, -3.1552, 1735.7625, 2011.1874, -3.1552, 64, 64, 64
L 1696.6565, 2037.5729, -2.8545, 1734.3446, 2025.2047, -3.1552, 64, 64, 64
L 1696.1575, 2033.9784, -3.1552, 1696.6565, 2037.5729, -2.8545, 64, 64, 64
L 1735.7625, 2011.1874, -3.1552, 1696.1575, 2033.9784, -3.1552, 64, 64, 64
L 1745.4916, 2128.6606, -3.1552, 1732.1750, 2128.9768, -3.1552, 64, 64, 64
L 1745.6936, 2142.4304, -3.1552, 1745.4916, 2128.6606, -3.1552, 64, 64, 64
L 1732.2869, 2142.1987, -3.1552, 1745.6936, 2142.4304, -3.1552, 64, 64, 64
L 1732.1750, 2128.9768, -3.1552, 1732.2869, 2142.1987, -3.1552, 64, 64, 64
L 1632.6281, 2142.0049, -3.1552, 1632.4408, 2128.8132, -3.1552, 64, 64, 64
L 1618.7766, 2141.9751, -3.1552, 1632.6281, 2142.0049, -3.1552, 64, 64, 64
L 1619.2794, 2128.7178, -3.1552, 1618.7766, 2141.9751, -3.1552, 64, 64, 64
L 1632.4408, 2128.8132, -3.1552, 1619.2794, 2128.7178, -3.1552, 64, 64, 64
L 1619.2780, 2026.0146, -3.1552, 1632.7445, 2026.8600, -3.1552, 64, 64, 64
L 1619.7371, 2013.0591, -3.0672, 1619.2780, 2026.0146, -3.1552, 64, 64, 64
L 1633.2340, 2012.4897, -3.1552, 1619.7371, 2013.0591, -3.0672, 64, 64, 64
L 1632.7445, 2026.8600, -3.1552, 1633.2340, 2012.4897, -3.1552, 64, 64, 64
L 1719.6630, 2114.9534, -3.1552, 1719.6747, 2037.9884, -3.1552, 64, 64, 64
L 1645.7119, 2114.7881, -3.1552, 1719.6630, 2114.9534, -3.1552, 64, 64, 64
L 1645.6897, 2038.1315, -3.1552, 1645.7119, 2114.7881, -3.1552, 64, 64, 64
L 1719.6747, 2037.9884, -3.1550, 1645.6897, 2038.1315, -3.1552, 64, 64, 64
L -937.5692, -2373.3667, -33.7802, -936.0726, -2873.0964, -33.7802, 64, 64, 64
L -872.1978, -2349.8511, -33.7411, -937.5692, -2373.3667, -33.7802, 64, 64, 64
L -865.7432, -2873.0369, -30.6552, -872.1978, -2349.8511, -33.7411, 64, 64, 64
L -865.7432, -2873.0369, -30.6552, -865.7432, -2873.0369, -30.6552, 150, 0, 200
L -936.0726, -2873.0964, -30.6552, -865.7432, -2873.0369, -30.6552, 150, 0, 200
L 3724.5784, -2377.9531, -68.9153, 3730.3250, 5564.0972, -3.1552, 150, 100, 0
L 3730.3250, 5564.0972, -3.1552, 3797.7876, 6187.5117, -3.1552, 64, 64, 64
L 3797.7876, 6187.5117, -3.1552, 3723.4417, 7742.8462, 127.6686, 150, 100, 0
L 3723.4417, 7742.8462, 127.6686, -438.0405, 7726.5376, -3.1552, 0, 125, 0
L -438.0405, 7726.5376, -3.1552, -767.7747, 7860.4497, 10.4749, 0, 125, 0
L -767.7747, 7860.4497, 10.4749, -941.1901, 7967.8330, 11.8762, 0, 125, 0
L -941.1901, 7967.8330, 11.8762, -1099.0547, 8129.1987, 16.5126, 0, 125, 0
L -1099.0547, 8129.1987, 16.5126, -1228.1880, 8402.1162, 22.3848, 0, 125, 0
L -1228.1880, 8402.1162, 22.3848, -1221.6207, 8466.9453, 9.8547, 0, 125, 0
L -1221.6207, 8466.9453, 9.8547, -1134.1168, 8520.0430, 0.8798, 0, 125, 0
L -1134.1168, 8520.0430, 0.8798, -1133.0759, 8568.8848, 0.6289, 0, 125, 0
L -1133.0759, 8568.8848, 0.6289, -1176.7766, 8568.4648, 0.6298, 150, 0, 200
L -1176.7766, 8568.4648, 0.6298, -1175.8044, 8541.6494, 0.6266, 0, 125, 0
L -1175.8044, 8541.6494, 0.6266, -1269.4045, 8504.8594, 1.3448, 0, 125, 0
L -1269.4045, 8504.8594, 1.3448, -1316.2052, 8378.9590, 3.1314, 0, 125, 0
L -1316.2052, 8378.9590, 3.1314, -1350.6217, 8268.2598, 39.1107, 0, 125, 0
L -1350.6217, 8268.2598, 39.1107, -1385.8794, 8089.4893, 56.6944, 0, 125, 0
L -1385.8794, 8089.4893, 56.6944, -1396.1582, 8060.4688, 52.3386, 0, 125, 0
L -1396.1582, 8060.4688, 52.3386, -1430.2014, 8020.1060, 54.5706, 0, 125, 0
L -1430.2014, 8020.1060, 54.5706, -1691.3571, 7745.6567, 151.7511, 0, 125, 0
L -1691.3571, 7745.6567, 151.7511, -3300.8762, 7740.9380, 128.7790, 64, 64, 64
L -3300.8762, 7740.9380, 128.7790, -3332.8152, -982.5868, 157.1992, 64, 64, 64
L -3332.8152, -982.5868, 157.1992, -3335.8745, -1820.0669, 103.6990, 64, 64, 64
L -3335.8745, -1820.0669, 103.6990, -3336.2439, -1920.8400, 19.3694, 64, 64, 64
L -3336.2439, -1920.8400, 19.3694, -3337.7095, -2319.6277, -67.6593, 0, 125, 0
L -3337.7095, -2319.6277, -67.6593, -3248.6921, -2322.0430, -68.0413, 40, 92, 158
L -3248.6921, -2322.0430, -68.0413, -3054.4316, -2392.2173, -67.6516, 40, 92, 158
L -3054.4316, -2392.2173, -67.6516, -2942.7080, -2583.5164, -69.0776, 40, 92, 158
L -2942.7080, -2583.5164, -69.0776, -2796.2231, -2617.5789, -66.2352, 40, 92, 158
L -2796.2231, -2617.5789, -66.2352, -2633.6626, -2820.5149, -67.7778, 40, 92, 158
L -2633.6626, -2820.5149, -67.7778, -2468.0168, -2613.1240, -69.1544, 40, 92, 158
L -2468.0168, -2613.1240, -69.1544, -2321.8396, -2578.7417, -69.0321, 40, 92, 158
L -2321.8396, -2578.7417, -69.0321, -2263.8994, -2483.5823, -67.1643, 40, 92, 158
L -2263.8994, -2483.5823, -67.1643, -2017.7126, -2530.2129, -67.9781, 40, 92, 158
L -2017.7126, -2530.2129, -67.9781, -1866.9833, -2621.4343, -68.5446, 40, 92, 158
L -1866.9833, -2621.4343, -68.5446, -1769.9442, -2386.5879, -68.6809, 40, 92, 158
L -1769.9442, -2386.5879, -68.6809, -1755.4813, -2362.8435, -68.8289, 40, 92, 158
L -1755.4813, -2362.8435, -68.8289, -1702.3739, -2363.7136, -68.7941, 40, 92, 158
L -1702.3739, -2363.7136, -68.7941, -1631.2781, -2392.6575, -68.1373, 40, 92, 158
L -1631.2781, -2392.6575, -68.1373, -1383.5530, -2622.5918, -68.6215, 40, 92, 158
L -1383.5530, -2622.5918, -68.6215, -1230.8523, -2618.4863, -67.8218, 40, 92, 158
L -1230.8523, -2618.4863, -67.8218, -1054.0001, -2583.6719, -68.7532, 40, 92, 158
L -1054.0001, -2583.6719, -68.7532, -932.0031, -2580.5557, -68.4703, 40, 92, 158
L -932.0031, -2580.5557, -68.4703, -742.9556, -2486.6162, -68.8168, 40, 92, 158
L -742.9556, -2486.6162, -68.8168, -675.1099, -2484.3916, -69.0374, 40, 92, 158
L -675.1099, -2484.3916, -69.0374, -655.4211, -2388.8118, -68.7691, 40, 92, 158
L -655.4211, -2388.8118, -68.7691, -528.1451, -2336.1653, -68.6840, 40, 92, 158
L -528.1451, -2336.1653, -68.6840, -412.7365, -2367.7361, -68.4106, 40, 92, 158
L -412.7365, -2367.7361, -68.4106, -280.9756, -2396.0017, -66.9637, 40, 92, 158
L -280.9756, -2396.0017, -66.9637, -102.2077, -2632.8091, -68.9471, 40, 92, 158
L -102.2077, -2632.8091, -68.9471, 59.6914, -2621.4819, -68.5617, 40, 92, 158
L 59.6914, -2621.4819, -68.5617, 215.1009, -2621.0896, -68.4644, 40, 92, 158
L 215.1009, -2621.0896, -68.4644, 346.6804, -2575.9663, -68.3964, 40, 92, 158
L 346.6804, -2575.9663, -68.3964, 542.6217, -2570.0190, -68.2624, 40, 92, 158
L 542.6217, -2570.0190, -68.2624, 688.6349, -2614.0161, -68.7389, 40, 92, 158
L 688.6349, -2614.0161, -68.7389, 860.4417, -2612.9048, -68.7681, 40, 92, 158
L 860.4417, -2612.9048, -68.7681, 991.9200, -2580.5386, -68.4473, 40, 92, 158
L 991.9200, -2580.5386, -68.4473, 1186.2915, -2588.5322, -67.9668, 40, 92, 158
L 1186.2915, -2588.5322, -67.9668, 1329.8199, -2621.1616, -68.4975, 40, 92, 158
L 1329.8199, -2621.1616, -68.4975, 1416.8634, -2390.7383, -68.8711, 40, 92, 158
L 1416.8634, -2390.7383, -68.8711, 1474.9934, -2371.1663, -70.1916, 40, 92, 158
L 1474.9934, -2371.1663, -70.1916, 1499.7672, -2354.8752, -63.9193, 40, 92, 158
L 1499.7672, -2354.8752, -63.9193, 1581.4117, -2392.3796, -68.0068, 40, 92, 158
L 1581.4117, -2392.3796, -68.0068, 1818.1285, -2623.3657, -68.6065, 40, 92, 158
L 1818.1285, -2623.3657, -68.6065, 1976.4069, -2619.6462, -69.6273, 40, 92, 158
L 1976.4069, -2619.6462, -69.6273, 2060.0071, -2382.6523, -66.4078, 40, 92, 158
L 2060.0071, -2382.6523, -66.4078, 2142.3413, -2356.5195, -68.7421, 40, 92, 158
L 2142.3413, -2356.5195, -68.7421, 2362.1968, -2339.0073, -69.5047, 40, 92, 158
L 2362.1968, -2339.0073, -69.5047, 2299.2048, -2227.5833, -67.3269, 40, 92, 158
L 2299.2048, -2227.5833, -67.3269, 2343.5271, -2125.6489, -68.6859, 40, 92, 158
L 2343.5271, -2125.6489, -68.6859, 2459.2026, -2124.7383, -66.5846, 40, 92, 158
L 2459.2026, -2124.7383, -66.5846, 2779.6252, -2343.4753, -69.5553, 40, 92, 158
L 2779.6252, -2343.4753, -69.5553, 3322.2681, -2341.5552, -68.1251, 40, 92, 158
L 3322.2681, -2341.5552, -68.1251, 3340.2593, -2228.4033, -68.3751, 40, 92, 158
L 3340.2593, -2228.4033, -68.3751, 3367.1016, -2182.2446, -67.5673, 40, 92, 158
L 3367.1016, -2182.2446, -67.5673, 3419.9241, -2185.7212, -68.2578, 40, 92, 158
L 3419.9241, -2185.7212, -68.2578, 3454.4858, -2196.4854, -68.5026, 40, 92, 158
L 3454.4858, -2196.4854, -68.5026, 3479.7266, -2237.0471, -67.1590, 40, 92, 158
L 3479.7266, -2237.0471, -67.1590, 3490.0925, -2353.0852, -68.3426, 40, 92, 158
L 3490.0925, -2353.0852, -68.3426, 3724.5798, -2377.2073, -68.3938, 40, 92, 158
L -1170.9928, 6695.1758, -3.1553, -1170.9811, 6771.5376, 13.0947, 150, 120, 70
L -1170.9811, 6771.5376, 13.0947, -1171.0051, 6790.3101, 13.0653, 150, 120, 70
L -1171.0051, 6790.3101, 13.0653, -1155.3010, 6789.8501, 13.0947, 150, 120, 70
L -1155.3010, 6789.8501, 13.0947, -1077.3562, 6789.7080, 27.1004, 150, 120, 70
L -1077.3562, 6789.7080, 27.1004, -1076.5668, 6789.2749, 27.1572, 150, 120, 70
L -1076.5668, 6789.2749, 27.1572, -1076.3927, 6813.1299, 27.1572, 150, 120, 70
L -1076.3927, 6813.1299, 27.1572, -1076.3927, 6814.3857, 27.1572, 150, 120, 70
L -1076.3927, 6814.3857, 27.1572, -1049.1793, 6814.1763, 27.1572, 150, 120, 70
L -1049.1793, 6814.1763, 27.1572, -1049.9335, 6848.2300, 24.9697, 150, 120, 70
L -1049.9335, 6848.2300, 24.9697, -1035.7836, 6848.9731, 24.9697, 150, 120, 70
L -1035.7836, 6848.9731, 24.9697, -1035.7430, 6815.0308, 24.9697, 150, 120, 70
L -1035.7430, 6815.0308, 24.9697, -1010.6629, 6814.2915, 27.1572, 150, 120, 70
L -1010.6629, 6814.2915, 27.1572, -1010.5771, 6789.0181, 27.1572, 150, 120, 70
L -1010.5771, 6789.0181, 27.1572, -933.5910, 6789.3315, 39.2197, 150, 120, 70
L -933.5910, 6789.3315, 39.2197, -915.6092, 6789.3315, 39.2197, 150, 120, 70
L -915.6092, 6789.3315, 39.2197, -916.0454, 6693.3579, 53.4697, 150, 120, 70
L -916.0454, 6693.3579, 53.4697, -904.4013, 6694.0518, 53.4697, 150, 120, 70
L -904.4013, 6694.0518, 53.4697, -904.6562, 6668.8008, 53.4697, 150, 120, 70
L -904.6562, 6668.8008, 53.4697, -870.3016, 6668.6509, 51.4072, 150, 120, 70
L -870.3016, 6668.6509, 51.4072, -870.1958, 6655.4087, 51.4072, 150, 120, 70
L -870.1958, 6655.4087, 51.4072, -904.0000, 6655.5698, 51.4072, 150, 120, 70
L -904.0000, 6655.5698, 51.4072, -904.9164, 6628.1089, 53.4697, 150, 120, 70
L -904.9164, 6628.1089, 53.4697, -917.7166, 6627.3394, 53.4697, 150, 120, 70
L -917.7166, 6627.3394, 53.4697, -918.0729, 6549.4204, 64.6572, 150, 120, 70
L -918.0729, 6549.4204, 64.6572, -918.0721, 6532.5552, 64.6572, 150, 120, 70
L -918.0721, 6532.5552, 64.6572, -918.2925, 6531.4922, 64.6572, 150, 120, 70
L -918.2925, 6531.4922, 64.6572, -936.2652, 6532.5444, 64.8446, 150, 120, 70
L -936.2652, 6532.5444, 64.8446, -1012.5851, 6531.7891, 79.0322, 150, 120, 70
L -1012.5851, 6531.7891, 79.0322, -1013.0936, 6508.2080, 79.0322, 150, 120, 70
L -1013.0936, 6508.2080, 79.0322, -1035.5597, 6508.1479, 79.0322, 150, 120, 70
L -1035.5597, 6508.1479, 79.0322, -1037.9484, 6507.7568, 79.0322, 150, 120, 70
L -1037.9484, 6507.7568, 79.0322, -1037.6772, 6472.9556, 76.7510, 150, 120, 70
L -1037.6772, 6472.9556, 76.7510, -1051.8444, 6473.3018, 76.7510, 150, 120, 70
L -1051.8444, 6473.3018, 76.7510, -1051.5996, 6507.0313, 76.7510, 150, 120, 70
L -1051.5996, 6507.0313, 76.7510, -1077.7158, 6507.7412, 79.0322, 150, 120, 70
L -1077.7158, 6507.7412, 79.0322, -1077.7347, 6531.7485, 79.0322, 150, 120, 70
L -1077.7347, 6531.7485, 79.0322, -1155.9128, 6530.7993, 91.6885, 150, 120, 70
L -1155.9128, 6530.7993, 91.6885, -1173.2543, 6530.9438, 91.6885, 150, 120, 70
L -1173.2543, 6530.9438, 91.6885, -1173.0599, 6623.2764, 105.4679, 150, 120, 70
L -1173.0599, 6623.2764, 105.4679, -1173.1104, 6624.8652, 105.8135, 150, 120, 70
L -1173.1104, 6624.8652, 105.8135, -1191.4377, 6625.6060, 105.8135, 150, 120, 70
L -1191.4377, 6625.6060, 105.8135, -1192.6510, 6625.6060, 105.8135, 150, 120, 70
L -1192.6510, 6625.6060, 105.8135, -1192.5154, 6656.7935, 105.8135, 150, 120, 70
L -1192.5154, 6656.7935, 105.8135, -1226.4606, 6656.1812, 103.5947, 150, 120, 70
L -1226.4606, 6656.1812, 103.5947, -1226.1785, 6668.5459, 103.5947, 150, 120, 70
L -1226.1785, 6668.5459, 103.5947, -1193.0311, 6668.8374, 103.5947, 150, 120, 70
L -1193.0311, 6668.8374, 103.5947, -1191.9576, 6669.4668, 106.5161, 150, 120, 70
L -1191.9576, 6669.4668, 106.5161, -1191.6945, 6710.2188, 105.7197, 150, 120, 70
L -1191.6945, 6710.2188, 105.7197, -1173.5225, 6710.7266, 106.1801, 150, 120, 70
L -1173.5225, 6710.7266, 106.1801, -1059.3850, 6778.1870, 161.1885, 150, 120, 70
L -1059.3850, 6778.1870, 161.1885, -1042.4264, 6788.2725, 161.1885, 150, 120, 70
L -1042.4264, 6788.2725, 161.1885, -1041.8466, 6770.8691, 161.4385, 150, 120, 70
L -1041.8466, 6770.8691, 161.4385, -998.9296, 6746.5972, 161.4385, 150, 120, 70
L -998.9296, 6746.5972, 161.4385, -998.4988, 6746.3862, 161.4385, 150, 120, 70
L -998.4988, 6746.3862, 161.4385, -980.6887, 6776.2202, 158.9385, 150, 120, 70
L -980.6887, 6776.2202, 158.9385, -968.5252, 6769.3032, 158.9385, 150, 120, 70
L -968.5252, 6769.3032, 158.9385, -986.1454, 6740.1323, 158.9385, 150, 120, 70
L -986.1454, 6740.1323, 158.9385, -987.3713, 6740.1987, 162.1044, 150, 120, 70
L -987.3713, 6740.1987, 162.1044, -945.6948, 6715.7969, 161.4385, 150, 120, 70
L -945.6948, 6715.7969, 161.4385, -946.0838, 6605.3271, 161.4385, 150, 120, 70
L -946.0838, 6605.3271, 161.4385, -982.1686, 6583.9727, 161.4385, 150, 120, 70
L -982.1686, 6583.9727, 161.4385, -964.4709, 6554.4604, 158.9385, 150, 120, 70
L -964.4709, 6554.4604, 158.9385, -977.8256, 6547.0947, 158.9385, 150, 120, 70
L -977.8256, 6547.0947, 158.9385, -994.5326, 6576.6499, 158.9385, 150, 120, 70
L -994.5326, 6576.6499, 158.9385, -1042.4604, 6549.9199, 161.4385, 150, 120, 70
L -1042.4604, 6549.9199, 161.4385, -1082.0330, 6573.8706, 161.4385, 150, 120, 70
L -1082.0330, 6573.8706, 161.4385, -1099.8463, 6544.2329, 158.9385, 150, 120, 70
L -1099.8463, 6544.2329, 158.9385, -1112.2197, 6551.6362, 158.9385, 150, 120, 70
L -1112.2197, 6551.6362, 158.9385, -1094.9634, 6580.2759, 158.9385, 150, 120, 70
L -1094.9634, 6580.2759, 158.9385, -1136.4397, 6605.3125, 161.7450, 150, 120, 70
L -1136.4397, 6605.3125, 161.7450, -1137.1855, 6716.0620, 161.4385, 150, 120, 70
L -1137.1855, 6716.0620, 161.4385, -1060.2615, 6760.9517, 161.4381, 150, 120, 70
L -1080.0355, 6727.9995, 161.4385, -1119.1046, 6659.8809, 161.4385, 150, 120, 70
L -1119.1046, 6659.8809, 161.4385, -1080.2170, 6592.8438, 161.4385, 150, 120, 70
L -1080.2170, 6592.8438, 161.4385, -1002.1978, 6592.7202, 161.4385, 150, 120, 70
L -1002.1978, 6592.7202, 161.4385, -963.0922, 6660.5210, 161.4385, 150, 120, 70
L -963.0922, 6660.5210, 161.4385, -1002.0198, 6727.9209, 161.4385, 150, 120, 70
L -1002.0198, 6727.9209, 161.4385, -1020.8495, 6727.9702, 161.4385, 150, 120, 70
L -1020.8495, 6727.9702, 161.4385, -1020.8253, 6725.1108, 161.4385, 150, 120, 70
L -1020.8253, 6725.1108, 161.4385, -1003.7789, 6725.0313, 161.4385, 150, 120, 70
L -1003.7789, 6725.0313, 161.4385, -966.7673, 6659.7959, 161.4385, 150, 120, 70
L -966.7673, 6659.7959, 161.4385, -1003.7788, 6595.7183, 161.4385, 150, 120, 70
L -1003.7788, 6595.7183, 161.4385, -1078.4393, 6595.7178, 161.4385, 150, 120, 70
L -1078.4393, 6595.7178, 161.4385, -1115.7546, 6660.3745, 161.4385, 150, 120, 70
L -1115.7546, 6660.3745, 161.4385, -1078.4395, 6725.0313, 161.4385, 150, 120, 70
L -1078.4395, 6725.0313, 161.4385, -1055.7854, 6725.0942, 161.4385, 150, 120, 70
L -1055.7854, 6725.0942, 161.4385, -1056.0634, 6727.9995, 161.4385, 150, 120, 70
L -1056.0634, 6727.9995, 161.4385, -1080.0355, 6727.9995, 161.4385, 150, 120, 70
L -1172.8563, 6695.8623, 105.8135, -1116.5389, 6695.3560, 105.8135, 150, 120, 70
L -1116.5389, 6695.3560, 105.8135, -1116.7362, 6626.4019, 105.8135, 150, 120, 70
L -1116.7362, 6626.4019, 105.8135, -1116.7362, 6625.1431, 105.8135, 150, 120, 70
L -1116.7362, 6625.1431, 105.8135, -1155.3169, 6625.1797, 105.8135, 150, 120, 70
L -1174.4282, 6696.3213, 105.8106, -1061.9955, 6760.3706, 160.2680, 150, 120, 70
L -1155.3169, 6625.1797, 105.6798, -1155.1886, 6595.5776, 100.4201, 150, 120, 70
L -1155.1886, 6595.5776, 100.4201, -1154.7278, 6547.4214, 92.0423, 150, 120, 70
L -1154.7278, 6547.4214, 92.0423, -1076.7516, 6547.3418, 79.0322, 150, 120, 70
L -1076.7516, 6547.3418, 79.0322, -1076.6504, 6573.4375, 79.0322, 150, 120, 70
L -1076.6504, 6573.4375, 79.0322, -1012.7648, 6573.1641, 79.0322, 150, 120, 70
L -1012.7648, 6573.1641, 79.0322, -1012.7056, 6550.8799, 79.0322, 150, 120, 70
L -1012.7056, 6550.8799, 79.0322, -934.6844, 6551.9526, 64.5524, 150, 120, 70
L -934.6844, 6551.9526, 64.5524, -934.7249, 6627.0352, 53.4697, 150, 120, 70
L -934.7249, 6627.0352, 53.4697, -971.7487, 6627.4478, 53.4697, 150, 120, 70
L -971.7487, 6627.4478, 53.4697, -971.6093, 6695.3247, 53.4697, 150, 120, 70
L -971.6093, 6695.3247, 53.4697, -933.9449, 6695.1479, 53.4697, 150, 120, 70
L -933.9449, 6695.1479, 53.4697, -934.0862, 6772.3301, 39.3231, 150, 120, 70
L -934.0862, 6772.3301, 39.3231, -1010.8132, 6772.4429, 27.1572, 150, 120, 70
L -1010.8132, 6772.4429, 27.1572, -1010.7500, 6747.3486, 27.1572, 150, 120, 70
L -1010.7500, 6747.3486, 27.1572, -1076.5563, 6747.6714, 27.1572, 150, 120, 70
L -1076.5563, 6747.6714, 27.1572, -1076.9993, 6771.7256, 27.1572, 150, 120, 70
L -1076.9993, 6771.7256, 27.1572, -1153.9795, 6771.2891, 13.2510, 150, 120, 70
L -1153.9795, 6771.2891, 13.2510, -1153.8452, 6695.3057, -3.0877, 150, 120, 70
L -1153.8452, 6695.3057, -3.0877, -1170.9928, 6695.1758, -3.1553, 150, 120, 70
L -791.9666, 3288.8018, 6.8314, -842.7804, 3246.7620, -5.6561, 150, 100, 0
L -842.7804, 3246.7620, -5.6561, -863.0892, 3229.4514, -3.4023, 150, 100, 0
L -863.0892, 3229.4514, -3.4023, -860.0286, 3219.7620, -11.3115, 150, 100, 0
L -860.0286, 3219.7620, -11.3115, -860.6859, 3190.1934, -11.3115, 150, 100, 0
L -860.6859, 3190.1934, -11.3115, -876.2767, 3174.5264, -11.3115, 150, 100, 0
L -876.2767, 3174.5264, -11.3115, -924.6621, 3174.1819, -11.3115, 150, 100, 0
L -924.6621, 3174.1819, -11.3115, -930.4178, 3163.4949, -11.3115, 150, 100, 0
L -930.4178, 3163.4949, -11.3115, -915.4271, 3152.9441, -11.3115, 150, 0, 200
L -915.4271, 3152.9441, -11.3115, -910.2066, 3158.0830, -11.3115, 150, 100, 0
L -910.2066, 3158.0830, -11.3115, -862.5173, 3158.4160, -11.3115, 150, 100, 0
L -862.5173, 3158.4160, -11.3115, -845.4368, 3189.9666, -11.3115, 150, 100, 0
L -845.4368, 3189.9666, -11.3115, -846.2637, 3227.6553, -8.3619, 150, 100, 0
L -846.2637, 3227.6553, -8.3619, -824.6971, 3246.5669, -1.8985, 150, 100, 0
L -824.6971, 3246.5669, -1.8985, -790.9348, 3272.0674, 6.2462, 150, 100, 0
L -790.9348, 3272.0674, 6.2462, -784.0701, 3274.3430, 4.6719, 150, 100, 0
L 2296.2576, -132.2750, -3.1553, 2295.7744, -145.3824, -3.1553, 64, 64, 64
L 2295.7744, -145.3824, -3.1553, 2266.0754, -175.0816, -3.1553, 64, 64, 64
L 2266.0754, -175.0816, -3.1553, 2223.0488, -174.9692, -3.1552, 64, 64, 64
L 2223.0488, -174.9692, -3.1552, 2142.6560, -144.8337, -3.1552, 64, 64, 64
L 2142.6560, -144.8337, -3.1552, 2142.6560, -102.4163, -3.1552, 64, 64, 64
L 2142.6560, -102.4163, -3.1552, 2223.3804, -72.1875, -3.1552, 64, 64, 64
L 2223.3804, -72.1875, -3.1552, 2266.0635, -72.1874, -3.1553, 64, 64, 64
L 2266.0635, -72.1874, -3.1553, 2296.2188, -102.3115, -3.1553, 64, 64, 64
L 2296.2188, -102.3115, -3.1553, 2296.3799, -115.9983, -3.1553, 64, 64, 64
L 2296.3799, -115.9983, -3.1553, 2298.9353, -116.2755, -3.1553, 64, 64, 64
L 2298.9353, -116.2755, -3.1553, 2299.7493, -116.1983, -3.1553, 64, 64, 64
L 2299.7493, -116.1983, -3.1553, 2299.6560, -101.0951, -3.1553, 64, 64, 64
L 2299.6560, -101.0951, -3.1553, 2267.0842, -68.7500, -3.1553, 64, 64, 64
L 2267.0842, -68.7500, -3.1553, 2221.9563, -68.7585, -3.1552, 64, 64, 64
L 2221.9563, -68.7585, -3.1552, 2139.2188, -101.2737, -3.1552, 64, 64, 64
L 2139.2188, -101.2737, -3.1552, 2139.2395, -146.3419, -3.1552, 64, 64, 64
L 2139.2395, -146.3419, -3.1552, 2222.4219, -178.5312, -3.1552, 64, 64, 64
L 2222.4219, -178.5312, -3.1552, 2267.3699, -178.5303, -3.1553, 64, 64, 64
L 2267.3699, -178.5303, -3.1553, 2299.4565, -146.5738, -3.1553, 64, 64, 64
L 2299.4565, -146.5738, -3.1553, 2299.5405, -132.0371, -3.1553, 64, 64, 64
L 2299.5405, -132.0371, -3.1553, 2296.2576, -132.2750, -3.1553, 64, 64, 64
L 2367.7842, -211.6875, -3.1553, 2354.0264, -211.7404, -3.1553, 64, 64, 64
L 2354.0264, -211.7404, -3.1553, 2321.9282, -243.8730, -3.1553, 64, 64, 64
L 2321.9282, -243.8730, -3.1553, 2321.9468, -289.3265, -3.1553, 64, 64, 64
L 2321.9468, -289.3265, -3.1553, 2354.3135, -321.4687, -3.1552, 64, 64, 64
L 2354.3135, -321.4687, -3.1552, 2399.6897, -321.3097, -3.1553, 64, 64, 64
L 2399.6897, -321.3097, -3.1553, 2431.4841, -289.5150, -3.1552, 64, 64, 64
L 2431.4841, -289.5150, -3.1552, 2431.6865, -243.9760, -3.1552, 64, 64, 64
L 2431.6865, -243.9760, -3.1552, 2399.4102, -211.6891, -3.1553, 64, 64, 64
L 2399.4102, -211.6891, -3.1553, 2385.9956, -211.6875, -3.1553, 64, 64, 64
L 2385.9956, -211.6875, -3.1553, 2385.9956, -211.6875, -3.1553, 64, 64, 64
L 2385.9956, -211.6875, -3.1553, 2385.9219, -215.3372, -3.1553, 64, 64, 64
L 2385.9219, -215.3372, -3.1553, 2398.1975, -215.1971, -3.1552, 64, 64, 64
L 2398.1975, -215.1971, -3.1552, 2428.2498, -245.2800, -3.1552, 64, 64, 64
L 2428.2498, -245.2800, -3.1552, 2428.2500, -287.9069, -3.1553, 64, 64, 64
L 2428.2500, -287.9069, -3.1553, 2398.0952, -318.0312, -3.1552, 64, 64, 64
L 2398.0952, -318.0312, -3.1552, 2355.4907, -318.0313, -3.1552, 64, 64, 64
L 2355.4907, -318.0313, -3.1552, 2325.3435, -287.9070, -3.1552, 64, 64, 64
L 2325.3435, -287.9070, -3.1552, 2325.3435, -245.2805, -3.1553, 64, 64, 64
L 2325.3435, -245.2805, -3.1553, 2355.4988, -215.1250, -3.1552, 64, 64, 64
L 2355.4988, -215.1250, -3.1552, 2367.6096, -215.1250, -3.1552, 64, 64, 64
L 2367.6096, -215.1250, -3.1552, 2368.0935, -211.6875, -3.1553, 64, 64, 64
L 2530.9087, -193.7118, -3.1553, 2531.5901, -173.4106, -3.1553, 64, 64, 64
L 2531.5901, -173.4106, -3.1553, 2578.1145, -126.9316, -3.1553, 64, 64, 64
L 2578.1145, -126.9316, -3.1553, 2644.6277, -126.9062, -3.1553, 64, 64, 64
L 2644.6277, -126.9062, -3.1553, 2691.8076, -173.9649, -3.1552, 64, 64, 64
L 2691.8076, -173.9649, -3.1552, 2691.7930, -240.9246, -3.1553, 64, 64, 64
L 2691.7930, -240.9246, -3.1553, 2644.3381, -287.9375, -3.1553, 64, 64, 64
L 2644.3381, -287.9375, -3.1553, 2578.1235, -287.9292, -3.1552, 64, 64, 64
L 2578.1235, -287.9292, -3.1552, 2530.9373, -240.3323, -3.1553, 64, 64, 64
L 2530.9373, -240.3323, -3.1553, 2530.9373, -221.1052, -3.1553, 64, 64, 64
L 2530.9373, -221.1052, -3.1553, 2530.9404, -220.5266, -3.1552, 64, 64, 64
L 2530.9404, -220.5266, -3.1552, 2535.6248, -220.7903, -3.1553, 64, 64, 64
L 2535.6248, -220.7903, -3.1553, 2535.6248, -238.8132, -3.1553, 64, 64, 64
L 2535.6248, -238.8132, -3.1553, 2579.2915, -282.5105, -3.1552, 64, 64, 64
L 2579.2915, -282.5105, -3.1552, 2580.0242, -283.2500, -3.1552, 64, 64, 64
L 2580.0242, -283.2500, -3.1552, 2642.8445, -283.2500, -3.1552, 64, 64, 64
L 2642.8445, -283.2500, -3.1552, 2687.2500, -238.8447, -3.1552, 64, 64, 64
L 2687.2500, -238.8447, -3.1552, 2687.2500, -176.0303, -3.1553, 64, 64, 64
L 2687.2500, -176.0303, -3.1553, 2642.8445, -131.6250, -3.1553, 64, 64, 64
L 2642.8445, -131.6250, -3.1553, 2579.8860, -131.7657, -3.1552, 64, 64, 64
L 2579.8860, -131.7657, -3.1552, 2535.6248, -176.0303, -3.1552, 64, 64, 64
L 2535.6248, -176.0303, -3.1552, 2535.6245, -193.7120, -3.1553, 64, 64, 64
L 2530.9087, -193.7118, -3.1550, 2535.6245, -193.7120, -3.1553, 64, 64, 64
L 2407.1643, -102.2128, -3.1553, 2393.2280, -101.9147, -3.1553, 64, 64, 64
L 2393.2280, -101.9147, -3.1553, 2361.3921, -70.3976, -3.1553, 64, 64, 64
L 2361.3921, -70.3976, -3.1553, 2361.3435, -24.8990, -3.1552, 64, 64, 64
L 2361.3435, -24.8990, -3.1552, 2393.7681, 7.5937, -3.1553, 64, 64, 64
L 2393.7681, 7.5937, -3.1553, 2439.5212, 7.1095, -3.1553, 64, 64, 64
L 2439.5212, 7.1095, -3.1553, 2470.9385, -24.3769, -3.1553, 64, 64, 64
L 2470.9385, -24.3769, -3.1553, 2471.0930, -70.1061, -3.1553, 64, 64, 64
L 2471.0930, -70.1061, -3.1553, 2438.9661, -102.1888, -3.1553, 64, 64, 64
L 2438.9661, -102.1888, -3.1553, 2424.2981, -102.1403, -3.1553, 64, 64, 64
L 2424.2981, -102.1403, -3.1553, 2425.2759, -98.2675, -3.1552, 64, 64, 64
L 2425.2759, -98.2675, -3.1552, 2437.6868, -98.5955, -3.1553, 64, 64, 64
L 2437.6868, -98.5955, -3.1553, 2467.6873, -68.1182, -3.1553, 64, 64, 64
L 2467.6873, -68.1182, -3.1553, 2467.6873, -25.9991, -3.1553, 64, 64, 64
L 2467.6873, -25.9991, -3.1553, 2437.2600, 4.1560, -3.1553, 64, 64, 64
L 2437.2600, 4.1560, -3.1553, 2394.9048, 4.1557, -3.1553, 64, 64, 64
L 2394.9048, 4.1557, -3.1553, 2364.7810, -25.9989, -3.1553, 64, 64, 64
L 2364.7810, -25.9989, -3.1553, 2364.7810, -68.5945, -3.1553, 64, 64, 64
L 2364.7810, -68.5945, -3.1553, 2394.9011, -98.7500, -3.1553, 64, 64, 64
L 2394.9011, -98.7500, -3.1553, 2407.1235, -98.7500, -3.1553, 64, 64, 64
L 2407.1235, -98.7500, -3.1553, 2407.1643, -102.2128, -3.1553, 64, 64, 64
L 2524.7717, -7.6842, -3.1553, 2509.1321, 8.3602, -3.1552, 64, 64, 64
L 2509.1321, 8.3602, -3.1552, 2494.5710, 26.0472, -3.1553, 64, 64, 64
L 2494.5710, 26.0472, -3.1553, 2526.1997, 54.8364, -3.1552, 64, 64, 64
L 2526.1997, 54.8364, -3.1552, 2556.7651, 22.2921, -3.1552, 64, 64, 64
L 2556.7651, 22.2921, -3.1552, 2524.7717, -7.6842, -3.1553, 64, 64, 64
L 2665.6594, -28.1530, -3.1553, 2695.4600, -59.3116, -3.1553, 64, 64, 64
L 2695.4600, -59.3116, -3.1553, 2663.7822, -91.5926, -3.1552, 64, 64, 64
L 2663.7822, -91.5926, -3.1552, 2632.8909, -60.6439, -3.1552, 64, 64, 64
L 2632.8909, -60.6439, -3.1552, 2665.6594, -28.1530, -3.1553, 64, 64, 64
L 2707.8142, 5455.5825, -3.1552, 2707.7656, 5431.3389, -3.1552, 64, 64, 64
L 2707.7656, 5431.3389, -3.1552, 2650.6792, 5398.4307, -3.1552, 64, 64, 64
L 2650.6792, 5398.4307, -3.1552, 2593.9924, 5431.4453, -3.1552, 64, 64, 64
L 2593.9924, 5431.4453, -3.1552, 2594.1294, 5497.3291, -3.1552, 64, 64, 64
L 2594.1294, 5497.3291, -3.1552, 2651.0862, 5529.7515, -3.1552, 64, 64, 64
L 2651.0862, 5529.7515, -3.1552, 2707.8123, 5496.5996, -3.1552, 64, 64, 64
L 2707.8123, 5496.5996, -3.1552, 2707.8018, 5476.2988, -3.1552, 64, 64, 64
L 2707.8018, 5476.2988, -3.1552, 2703.0313, 5476.6875, -3.1552, 64, 64, 64
L 2703.0313, 5476.6875, -3.1552, 2703.0310, 5494.2520, -3.1552, 64, 64, 64
L 2703.0310, 5494.2520, -3.1552, 2650.9373, 5524.3169, -3.1552, 64, 64, 64
L 2650.9373, 5524.3169, -3.1552, 2598.8748, 5493.8325, -3.1552, 64, 64, 64
L 2598.8748, 5493.8325, -3.1552, 2598.8748, 5434.1226, -3.1552, 64, 64, 64
L 2598.8748, 5434.1226, -3.1552, 2650.9373, 5404.0576, -3.1552, 64, 64, 64
L 2650.9373, 5404.0576, -3.1552, 2703.0313, 5434.1040, -3.1552, 64, 64, 64
L 2703.0313, 5434.1040, -3.1552, 2703.1187, 5455.8032, -3.1552, 64, 64, 64
L 2703.1187, 5455.8032, -3.1552, 2707.8142, 5455.5825, -3.1552, 64, 64, 64
L 2658.8123, 5443.3433, -1.8407, 2669.9651, 5443.3433, -1.9025, 64, 64, 64
L 2669.9651, 5443.3433, -1.9025, 2669.9651, 5485.3120, -1.9029, 64, 64, 64
L 2669.9651, 5485.3120, -1.9029, 2638.8306, 5485.3120, -1.7208, 64, 64, 64
L 2638.8306, 5485.3120, -1.7208, 2638.8206, 5444.6978, -1.7207, 64, 64, 64
L 2638.8206, 5444.6978, -1.7207, 2638.8406, 5443.3433, -1.7208, 64, 64, 64
L 2638.8406, 5443.3433, -1.7208, 2649.4690, 5443.2476, -1.7819, 64, 64, 64
L 2649.4690, 5443.2476, -1.7819, 2649.2620, 5440.9370, -3.1552, 64, 64, 64
L 2649.2620, 5440.9370, -3.1552, 2636.5286, 5440.9888, -3.1552, 64, 64, 64
L 2636.5286, 5440.9888, -3.1552, 2636.7515, 5487.6587, -3.1552, 64, 64, 64
L 2636.7515, 5487.6587, -3.1552, 2649.4063, 5487.7935, -3.1552, 64, 64, 64
L 2649.4063, 5487.7935, -3.1552, 2649.4922, 5491.5864, -2.6135, 64, 64, 64
L 2649.4922, 5491.5864, -2.6135, 2658.2302, 5491.7178, -1.9733, 64, 64, 64
L 2658.2302, 5491.7178, -1.9733, 2658.5310, 5487.8120, -1.1291, 64, 64, 64
L 2658.5310, 5487.8120, -1.1291, 2671.6541, 5487.7930, -2.5992, 64, 64, 64
L 2671.6541, 5487.7930, -2.5992, 2671.4998, 5440.9277, -3.1552, 64, 64, 64
L 2671.4998, 5440.9277, -3.1552, 2658.8123, 5440.9370, -3.1552, 64, 64, 64
L 2658.8123, 5440.9370, -1.6552, 2658.8123, 5443.3433, -1.6552, 64, 64, 64
