L -521.9999, 2063.2417, -111.1240, -521.9999, 2044.7813, -111.1240, 150, 100, 0
L -535.2500, 2063.2185, -111.1240, -521.9999, 2063.2417, -111.1240, 150, 0, 200
L -535.2902, 2058.2371, -111.1240, -535.2500, 2063.2185, -111.1240, 150, 100, 0
L -535.7246, 2058.0313, -111.1240, -535.2902, 2058.2371, -111.1240, 150, 100, 0
L -563.2500, 2058.0310, -111.1240, -535.7246, 2058.0313, -111.1240, 150, 100, 0
L -549.9991, 2044.4307, -111.1244, -549.9999, 2039.7051, -111.1313, 150, 100, 0
L -549.4230, 2044.7813, -111.1240, -549.9991, 2044.4307, -111.1244, 150, 100, 0
L -521.9999, 2044.7813, -111.1240, -549.4230, 2044.7813, -111.1240, 150, 100, 0
L -549.9455, 2044.6008, -111.1241, -546.5641, 1876.4154, -111.2801, 150, 100, 0
L -566.6000, 1876.6637, -111.2799, -563.2500, 2058.0310, -111.1240, 150, 100, 0
L -1701.4744, 415.5436, -110.8253, -1703.3688, 414.1914, -110.7880, 150, 100, 0
L -1701.2310, 415.7355, -110.8298, -1701.4744, 415.5436, -110.8253, 150, 100, 0
L -1698.8069, 430.6642, -110.6511, -1701.2310, 415.7355, -110.8298, 150, 100, 0
L -1698.9275, 431.5347, -110.6323, -1698.8069, 430.6642, -110.6511, 150, 100, 0
L -1707.7891, 443.3436, -109.7332, -1698.9275, 431.5347, -110.6323, 150, 100, 0
L -1708.5480, 443.7557, -109.6551, -1707.7891, 443.3436, -109.7332, 150, 100, 0
L -1722.7587, 445.6742, -108.5742, -1708.5480, 443.7557, -109.6551, 150, 100, 0
L -1723.9485, 445.1906, -108.5154, -1722.7587, 445.6742, -108.5742, 150, 100, 0
L -1735.1809, 436.9161, -108.1875, -1723.9485, 445.1906, -108.5154, 150, 100, 0
L -1735.4343, 436.3692, -108.2069, -1735.1809, 436.9161, -108.1875, 150, 100, 0
L -1737.8710, 422.3170, -108.8026, -1735.4343, 436.3692, -108.2069, 150, 100, 0
L -1737.6449, 421.4618, -108.8669, -1737.8710, 422.3170, -108.8026, 150, 100, 0
L -1729.3800, 409.4167, -110.0298, -1737.6449, 421.4618, -108.8669, 150, 100, 0
L -1729.0691, 409.2210, -110.0465, -1729.3800, 409.4167, -110.0298, 150, 100, 0
L -1714.4177, 406.7280, -110.5631, -1729.0691, 409.2210, -110.0465, 150, 100, 0
L -1713.6381, 406.8532, -110.5858, -1714.4177, 406.7280, -110.5631, 150, 100, 0
L -1711.4775, 408.3935, -110.6284, -1713.6381, 406.8532, -110.5858, 150, 100, 0
L -1726.0934, 311.3947, -111.9052, -1727.4229, 313.1092, -111.9052, 150, 100, 0
L -1725.5784, 310.3946, -111.9052, -1726.0934, 311.3947, -111.9052, 150, 100, 0
L -1727.3822, 295.7382, -111.9052, -1725.5784, 310.3946, -111.9052, 150, 100, 0
L -1727.6963, 295.1139, -111.9052, -1727.3822, 295.7382, -111.9052, 150, 100, 0
L -1739.1591, 286.1660, -111.9052, -1727.6963, 295.1139, -111.9052, 150, 100, 0
L -1740.5100, 285.8972, -111.9052, -1739.1591, 286.1660, -111.9052, 150, 100, 0
L -1754.3317, 287.8776, -111.1466, -1740.5100, 285.8972, -111.9052, 150, 100, 0
L -1754.9628, 288.1197, -111.0657, -1754.3317, 287.8776, -111.1466, 150, 100, 0
L -1763.6013, 299.8345, -109.9738, -1754.9628, 288.1197, -111.0657, 150, 100, 0
L -1763.7227, 300.6924, -109.9572, -1763.6013, 299.8345, -109.9738, 150, 100, 0
L -1762.0658, 314.7850, -110.0976, -1763.7227, 300.6924, -109.9572, 150, 100, 0
L -1762.0658, 314.7850, -110.0976, -1762.0658, 314.7850, -110.0976, 150, 100, 0
L -1750.5061, 324.5902, -111.5928, -1762.0658, 314.7850, -110.0976, 150, 100, 0
L -1749.9235, 324.6393, -111.6773, -1750.5061, 324.5902, -111.5928, 150, 100, 0
L -1735.4720, 322.9435, -111.9021, -1749.9235, 324.6393, -111.6773, 150, 100, 0
L -1734.8959, 322.6711, -111.9052, -1735.4720, 322.9435, -111.9021, 150, 100, 0
L -1733.4324, 320.7990, -111.9052, -1734.8959, 322.6711, -111.9052, 150, 100, 0
L -1433.6661, 545.9041, -114.9726, -1433.6661, 545.9041, -114.9726, 150, 100, 0
L -1435.0685, 547.5717, -114.8038, -1433.6661, 545.9041, -114.9726, 150, 100, 0
L -1435.0137, 548.3375, -114.7745, -1435.0685, 547.5717, -114.8038, 150, 100, 0
L -1434.1791, 556.5363, -114.6031, -1435.0137, 548.3375, -114.7745, 150, 100, 0
L -1433.7373, 557.1650, -114.6413, -1434.1791, 556.5363, -114.6031, 150, 100, 0
L -1427.3762, 562.4732, -115.0337, -1433.7373, 557.1650, -114.6413, 150, 100, 0
L -1426.7999, 562.7762, -115.0761, -1427.3762, 562.4732, -115.0337, 150, 100, 0
L -1417.8513, 562.0285, -115.8531, -1426.7999, 562.7762, -115.0761, 150, 100, 0
L -1417.4156, 561.7772, -115.9103, -1417.8513, 562.0285, -115.8531, 150, 100, 0
L -1411.5181, 554.7673, -116.6210, -1417.4156, 561.7772, -115.9103, 150, 100, 0
L -1411.5389, 554.0380, -116.6405, -1411.5181, 554.7673, -116.6210, 150, 100, 0
L -1412.3660, 545.3125, -116.8245, -1411.5389, 554.0380, -116.6405, 150, 100, 0
L -1412.8802, 544.7782, -116.7960, -1412.3660, 545.3125, -116.8245, 150, 100, 0
L -1419.6453, 539.3158, -116.3751, -1412.8802, 544.7782, -116.7960, 150, 100, 0
L -1420.5248, 539.2514, -116.3007, -1419.6453, 539.3158, -116.3751, 150, 100, 0
L -1428.9380, 540.2064, -115.5438, -1420.5248, 539.2514, -116.3007, 150, 100, 0
L -1429.3733, 540.4045, -115.5004, -1428.9380, 540.2064, -115.5438, 150, 100, 0
L -1430.3927, 541.6531, -115.3767, -1429.3733, 540.4045, -115.5004, 150, 100, 0
L -1436.0060, 439.1964, -111.9047, -1436.0060, 439.1964, -111.9047, 150, 100, 0
L -1434.9188, 440.3302, -111.9052, -1436.0060, 439.1964, -111.9047, 150, 100, 0
L -1434.1096, 440.4356, -111.9043, -1434.9188, 440.3302, -111.9052, 150, 100, 0
L -1425.8816, 440.4368, -111.9005, -1434.1096, 440.4356, -111.9043, 150, 100, 0
L -1425.0223, 440.1316, -111.9052, -1425.8816, 440.4368, -111.9005, 150, 100, 0
L -1418.8121, 433.9277, -111.9052, -1425.0223, 440.1316, -111.9052, 150, 100, 0
L -1418.6519, 433.2203, -111.9052, -1418.8121, 433.9277, -111.9052, 150, 100, 0
L -1418.6500, 424.7272, -111.9052, -1418.6519, 433.2203, -111.9052, 150, 100, 0
L -1418.8582, 424.1157, -111.9052, -1418.6500, 424.7272, -111.9052, 150, 100, 0
L -1425.1205, 417.8507, -111.9052, -1418.8582, 424.1157, -111.9052, 150, 100, 0
L -1425.4769, 417.6474, -111.9052, -1425.1205, 417.8507, -111.9052, 150, 100, 0
L -1434.5583, 417.6454, -111.9052, -1425.4769, 417.6474, -111.9052, 150, 100, 0
L -1435.0950, 417.9765, -111.9052, -1434.5583, 417.6454, -111.9052, 150, 100, 0
L -1441.3455, 424.2252, -111.9052, -1435.0950, 417.9765, -111.9052, 150, 100, 0
L -1441.4370, 424.8276, -111.8861, -1441.3455, 424.2252, -111.9052, 150, 100, 0
L -1441.4413, 433.3252, -111.8999, -1441.4370, 424.8276, -111.8861, 150, 100, 0
L -1441.1387, 434.0598, -111.8930, -1441.4413, 433.3252, -111.8999, 150, 100, 0
L -1440.2800, 434.9274, -111.9032, -1441.1387, 434.0598, -111.8930, 150, 100, 0
L -1470.0090, 413.3568, -111.8996, -1472.6991, 412.5124, -111.9000, 150, 100, 0
L -1469.4714, 413.2946, -111.9052, -1470.0090, 413.3568, -111.8996, 150, 100, 0
L -1456.1019, 406.3603, -111.9052, -1469.4714, 413.2946, -111.9052, 150, 100, 0
L -1455.9125, 406.0207, -111.9052, -1456.1019, 406.3603, -111.9052, 150, 100, 0
L -1451.3844, 391.7128, -111.8876, -1455.9125, 406.0207, -111.9052, 150, 100, 0
L -1451.6169, 391.0197, -111.8674, -1451.3844, 391.7128, -111.8876, 150, 100, 0
L -1458.3485, 378.3315, -111.4963, -1451.6169, 391.0197, -111.8674, 150, 100, 0
L -1458.6202, 377.9199, -111.4843, -1458.3485, 378.3315, -111.4963, 150, 100, 0
L -1473.1105, 373.3670, -111.3594, -1458.6202, 377.9199, -111.4843, 150, 100, 0
L -1473.8088, 373.6540, -111.3648, -1473.1105, 373.3670, -111.3594, 150, 100, 0
L -1486.5439, 379.9984, -111.8614, -1473.8088, 373.6540, -111.3648, 150, 100, 0
L -1487.0587, 380.5722, -111.8885, -1486.5439, 379.9984, -111.8614, 150, 100, 0
L -1491.5018, 394.5749, -111.9019, -1487.0587, 380.5722, -111.8885, 150, 100, 0
L -1491.5831, 395.1149, -111.8921, -1491.5018, 394.5749, -111.9019, 150, 100, 0
L -1484.6074, 408.5790, -111.9015, -1491.5831, 395.1149, -111.8921, 150, 100, 0
L -1484.2050, 408.8573, -111.8991, -1484.6074, 408.5790, -111.9015, 150, 100, 0
L -1481.8214, 409.6203, -111.9001, -1484.2050, 408.8573, -111.8991, 150, 100, 0
L -1222.9352, -1792.5276, -111.2802, -1222.9352, -1792.5276, -111.2802, 150, 100, 0
L -1221.4222, -1792.1632, -111.2802, -1222.9352, -1792.5276, -111.2802, 150, 100, 0
L -1220.8135, -1792.2651, -111.2802, -1221.4222, -1792.1632, -111.2802, 150, 100, 0
L -1213.2729, -1796.7823, -111.2802, -1220.8135, -1792.2651, -111.2802, 150, 100, 0
L -1213.2729, -1796.7823, -111.2802, -1213.2729, -1796.7823, -111.2802, 150, 100, 0
L -1213.0095, -1797.0626, -111.2802, -1213.2729, -1796.7823, -111.2802, 150, 100, 0
L -1210.8252, -1805.7750, -111.2802, -1213.0095, -1797.0626, -111.2802, 150, 100, 0
L -1210.9886, -1806.4253, -111.2802, -1210.8252, -1805.7750, -111.2802, 150, 100, 0
L -1215.4816, -1813.9242, -111.2777, -1210.9886, -1806.4253, -111.2802, 150, 100, 0
L -1215.7062, -1814.1353, -111.2788, -1215.4816, -1813.9242, -111.2777, 150, 100, 0
L -1224.2504, -1816.2760, -111.2604, -1215.7062, -1814.1353, -111.2788, 150, 100, 0
L -1225.1578, -1816.1270, -111.2661, -1224.2504, -1816.2760, -111.2604, 150, 100, 0
L -1232.3873, -1811.7982, -111.2772, -1225.1578, -1816.1270, -111.2661, 150, 100, 0
L -1232.8363, -1811.3409, -111.2761, -1232.3873, -1811.7982, -111.2772, 150, 100, 0
L -1235.0161, -1802.6467, -111.2769, -1232.8363, -1811.3409, -111.2761, 150, 100, 0
L -1234.9363, -1802.2201, -111.2787, -1235.0161, -1802.6467, -111.2769, 150, 100, 0
L -1230.3921, -1794.6340, -111.2802, -1234.9363, -1802.2201, -111.2787, 150, 100, 0
L -1230.0714, -1794.3315, -111.2802, -1230.3921, -1794.6340, -111.2802, 150, 100, 0
L -1228.6848, -1793.9828, -111.2802, -1230.0714, -1794.3315, -111.2802, 150, 100, 0
L -1250.5188, -1782.7255, -111.2802, -1250.5188, -1782.7255, -111.2802, 150, 100, 0
L -1249.0436, -1784.8722, -111.2802, -1250.5188, -1782.7255, -111.2802, 150, 100, 0
L -1248.9198, -1785.4908, -111.2802, -1249.0436, -1784.8722, -111.2802, 150, 100, 0
L -1251.6168, -1799.9979, -111.2802, -1248.9198, -1785.4908, -111.2802, 150, 100, 0
L -1251.7136, -1800.3098, -111.2790, -1251.6168, -1799.9979, -111.2802, 150, 100, 0
L -1264.1799, -1808.8870, -111.2802, -1251.7136, -1800.3098, -111.2790, 150, 100, 0
L -1264.6921, -1808.9639, -111.2779, -1264.1799, -1808.8870, -111.2802, 150, 100, 0
L -1279.2516, -1806.2504, -111.2597, -1264.6921, -1808.9639, -111.2779, 150, 100, 0
L -1279.6979, -1805.9528, -111.2710, -1279.2516, -1806.2504, -111.2597, 150, 100, 0
L -1288.1202, -1793.7325, -111.2802, -1279.6979, -1805.9528, -111.2710, 150, 100, 0
L -1288.1481, -1792.9736, -111.2798, -1288.1202, -1793.7325, -111.2802, 150, 100, 0
L -1285.4762, -1778.6007, -111.2802, -1288.1481, -1792.9736, -111.2798, 150, 100, 0
L -1285.2505, -1778.2271, -111.2802, -1285.4762, -1778.6007, -111.2802, 150, 100, 0
L -1272.9647, -1769.7954, -111.2802, -1285.2505, -1778.2271, -111.2802, 150, 100, 0
L -1272.5131, -1769.6735, -111.2802, -1272.9647, -1769.7954, -111.2802, 150, 100, 0
L -1257.9105, -1772.3883, -111.2802, -1272.5131, -1769.6735, -111.2802, 150, 100, 0
L -1257.4897, -1772.5762, -111.2802, -1257.9105, -1772.3883, -111.2802, 150, 100, 0
L -1256.0496, -1774.6677, -111.2802, -1257.4897, -1772.5762, -111.2802, 150, 100, 0
L -1255.9448, -1730.6473, -111.2802, -1259.8627, -1728.5543, -111.2802, 150, 100, 0
L -1256.0339, -1730.5999, -111.2802, -1256.0339, -1730.5999, -111.2802, 150, 100, 0
L -1255.5896, -1731.0151, -111.2802, -1256.0339, -1730.5999, -111.2802, 150, 100, 0
L -1253.0243, -1739.4650, -111.2802, -1255.5896, -1731.0151, -111.2802, 150, 100, 0
L -1253.0597, -1740.0590, -111.2802, -1253.0243, -1739.4650, -111.2802, 150, 100, 0
L -1253.6863, -1741.2417, -111.2802, -1253.0597, -1740.0590, -111.2802, 150, 100, 0
L -1257.2228, -1747.8513, -111.2802, -1256.3958, -1746.3149, -111.2802, 150, 100, 0
L -1257.5065, -1748.1426, -111.2780, -1257.2228, -1747.8513, -111.2802, 150, 100, 0
L -1266.0127, -1750.7247, -111.2763, -1257.5065, -1748.1426, -111.2780, 150, 100, 0
L -1266.6783, -1750.6526, -111.2701, -1266.0127, -1750.7247, -111.2763, 150, 100, 0
L -1274.2900, -1746.5836, -111.2564, -1266.6783, -1750.6526, -111.2701, 150, 100, 0
L -1274.7001, -1746.2162, -111.2650, -1274.2900, -1746.5836, -111.2564, 150, 100, 0
L -1277.2344, -1737.8770, -111.2802, -1274.7001, -1746.2162, -111.2650, 150, 100, 0
L -1277.3055, -1737.2590, -111.2802, -1277.2344, -1737.8770, -111.2802, 150, 100, 0
L -1273.0626, -1729.3188, -111.2762, -1277.3055, -1737.2590, -111.2802, 150, 100, 0
L -1272.7621, -1729.0465, -111.2802, -1273.0626, -1729.3188, -111.2762, 150, 100, 0
L -1264.1450, -1726.4283, -111.2802, -1272.7621, -1729.0465, -111.2802, 150, 100, 0
L -1263.7511, -1726.5264, -111.2802, -1264.1450, -1726.4283, -111.2802, 150, 100, 0
L -1258.1548, -1729.5549, -111.2802, -1263.7511, -1726.5264, -111.2802, 150, 100, 0
L -1762.5164, 751.2219, -109.9939, -1768.0604, 749.2782, -109.7975, 150, 100, 0
L -1761.8945, 751.2760, -110.0327, -1762.5164, 751.2219, -109.9939, 150, 100, 0
L -1760.5145, 750.6373, -110.1137, -1761.8945, 751.2760, -110.0327, 150, 100, 0
L -1755.2374, 748.1097, -110.4258, -1755.2374, 748.1097, -110.4258, 150, 100, 0
L -1753.8219, 747.4275, -110.5096, -1755.2374, 748.1097, -110.4258, 150, 100, 0
L -1753.5199, 747.1311, -110.5319, -1753.8219, 747.4275, -110.5096, 150, 100, 0
L -1750.5494, 738.6982, -110.9091, -1753.5199, 747.1311, -110.5319, 150, 100, 0
L -1750.4661, 738.3255, -110.9236, -1750.5494, 738.6982, -110.9091, 150, 100, 0
L -1754.5061, 729.9876, -110.9801, -1750.4661, 738.3255, -110.9236, 150, 100, 0
L -1754.9546, 729.6787, -110.9686, -1754.5061, 729.9876, -110.9801, 150, 100, 0
L -1763.1581, 727.0505, -109.8696, -1754.9546, 729.6787, -110.9686, 150, 100, 0
L -1763.6093, 726.9428, -109.8139, -1763.1581, 727.0505, -109.8696, 150, 100, 0
L -1771.8357, 730.8655, -110.1686, -1763.6093, 726.9428, -109.8139, 150, 100, 0
L -1772.1244, 731.1820, -110.1439, -1771.8357, 730.8655, -110.1686, 150, 100, 0
L -1774.9554, 739.6046, -109.7591, -1772.1244, 731.1820, -110.1439, 150, 100, 0
L -1774.9323, 740.1032, -109.7580, -1774.9554, 739.6046, -109.7591, 150, 100, 0
L -1771.0479, 748.0471, -109.7086, -1774.9323, 740.1032, -109.7580, 150, 100, 0
L -1770.6592, 748.3678, -109.7092, -1771.0479, 748.0471, -109.7086, 150, 100, 0
L -1766.3827, 749.8661, -109.8556, -1770.6592, 748.3678, -109.7092, 150, 100, 0
L -1787.2623, 770.8309, -108.8990, -1793.9275, 771.9084, -108.9177, 150, 100, 0
L -1786.7913, 770.6229, -108.8959, -1787.2623, 770.8309, -108.8990, 150, 100, 0
L -1785.3228, 768.5791, -108.8609, -1786.7913, 770.6229, -108.8959, 150, 100, 0
L -1779.6595, 760.8087, -108.9525, -1779.6595, 760.8087, -108.9525, 150, 100, 0
L -1777.8031, 758.1390, -109.1135, -1779.6595, 760.8087, -108.9525, 150, 100, 0
L -1780.1539, 743.1390, -109.4382, -1777.8031, 758.1390, -109.1135, 150, 100, 0
L -1780.3900, 742.9005, -109.4344, -1780.1539, 743.1390, -109.4382, 150, 100, 0
L -1792.6371, 734.1512, -109.1303, -1780.3900, 742.9005, -109.4344, 150, 100, 0
L -1793.0587, 734.1522, -109.1112, -1792.6371, 734.1512, -109.1303, 150, 100, 0
L -1807.4388, 736.7310, -108.3846, -1793.0587, 734.1522, -109.1112, 150, 100, 0
L -1808.0728, 737.1636, -108.3375, -1807.4388, 736.7310, -108.3846, 150, 100, 0
L -1816.6770, 748.9488, -108.3925, -1808.0728, 737.1636, -108.3375, 150, 100, 0
L -1816.6711, 749.5052, -108.4044, -1816.6770, 748.9488, -108.3925, 150, 100, 0
L -1814.4955, 763.8961, -108.7715, -1816.6711, 749.5052, -108.4044, 150, 100, 0
L -1814.1554, 764.4594, -108.7902, -1814.4955, 763.8961, -108.7715, 150, 100, 0
L -1802.4293, 772.9503, -108.9337, -1814.1554, 764.4594, -108.7902, 150, 100, 0
L -1801.9727, 773.2004, -108.9311, -1802.4293, 772.9503, -108.9337, 150, 100, 0
L -1788.5094, 771.0309, -108.8983, -1801.9727, 773.2004, -108.9311, 150, 100, 0
L -1649.8857, 1759.9373, -110.9886, -1639.9628, 1758.9459, -110.6778, 0, 0, 0
L -1650.4274, 1759.4005, -110.9829, -1649.8857, 1759.9373, -110.9886, 0, 0, 0
L -1651.9937, 1743.3051, -110.5612, -1650.4274, 1759.4005, -110.9829, 0, 0, 0
L -1651.4539, 1742.5874, -110.5344, -1651.9937, 1743.3051, -110.5612, 0, 0, 0
L -1635.2834, 1741.0175, -110.0298, -1651.4539, 1742.5874, -110.5344, 0, 0, 0
L -1634.7198, 1741.3534, -110.0235, -1635.2834, 1741.0175, -110.0298, 0, 0, 0
L -1633.0812, 1757.7966, -110.4496, -1634.7198, 1741.3534, -110.0235, 0, 0, 0
L -1633.7092, 1758.3210, -110.4788, -1633.0812, 1757.7966, -110.4496, 0, 0, 0
L -1643.9675, 1759.3459, -110.8020, -1633.7092, 1758.3210, -110.4788, 0, 0, 0
L -1634.6542, 1790.2137, -111.2629, -1630.8037, 1789.8348, -111.2754, 0, 0, 0
L -1635.4901, 1789.4982, -111.2610, -1634.6542, 1790.2137, -111.2629, 0, 0, 0
L -1636.2057, 1782.2274, -111.2406, -1635.4901, 1789.4982, -111.2610, 0, 0, 0
L -1635.9138, 1781.5864, -111.2138, -1636.2057, 1782.2274, -111.2406, 0, 0, 0
L -1627.9584, 1780.7899, -110.9649, -1635.9138, 1781.5864, -111.2138, 0, 0, 0
L -1627.5420, 1781.3917, -110.9704, -1627.9584, 1780.7899, -110.9649, 0, 0, 0
L -1626.7881, 1789.0007, -111.1677, -1627.5420, 1781.3917, -110.9704, 0, 0, 0
L -1627.4891, 1789.5067, -111.2021, -1626.7881, 1789.0007, -111.1677, 0, 0, 0
L -1634.8967, 1790.2377, -111.2598, -1627.4891, 1789.5067, -111.2021, 0, 0, 0
L -1635.4529, 1789.8763, -111.2617, -1634.8967, 1790.2377, -111.2598, 0, 0, 0
L -1635.9911, 1784.4152, -111.2778, -1635.4529, 1789.8763, -111.2617, 0, 0, 0
L -1650.4629, 1791.7303, -111.2074, -1647.2355, 1791.4127, -111.2171, 0, 0, 0
L -1651.2987, 1791.2601, -111.2058, -1650.4629, 1791.7303, -111.2074, 0, 0, 0
L -1652.0624, 1783.5109, -111.2288, -1651.2987, 1791.2601, -111.2058, 0, 0, 0
L -1651.4939, 1783.0806, -111.2329, -1652.0624, 1783.5109, -111.2288, 0, 0, 0
L -1644.1664, 1782.3583, -111.2587, -1651.4939, 1783.0806, -111.2329, 0, 0, 0
L -1643.4178, 1782.5591, -111.2605, -1644.1664, 1782.3583, -111.2587, 0, 0, 0
L -1642.6482, 1790.7780, -111.2363, -1643.4178, 1782.5591, -111.2605, 0, 0, 0
L -1643.1520, 1791.0109, -111.2313, -1642.6482, 1790.7780, -111.2363, 0, 0, 0
L -1650.6187, 1791.7457, -111.2076, -1643.1520, 1791.0109, -111.2313, 0, 0, 0
L -1651.3138, 1791.1058, -111.2068, -1650.6187, 1791.7457, -111.2076, 0, 0, 0
L -1651.7428, 1786.7542, -111.2188, -1651.3138, 1791.1058, -111.2068, 0, 0, 0
L -1675.3972, 1755.5524, -111.2455, -1680.1644, 1756.0225, -111.2218, 0, 0, 0
L -1674.8489, 1755.8911, -111.2462, -1675.3972, 1755.5524, -111.2455, 0, 0, 0
L -1674.0769, 1763.7352, -111.2232, -1674.8489, 1755.8911, -111.2462, 0, 0, 0
L -1674.4554, 1764.2114, -111.2205, -1674.0769, 1763.7352, -111.2232, 0, 0, 0
L -1682.0525, 1764.9484, -110.7158, -1674.4554, 1764.2114, -111.2205, 0, 0, 0
L -1682.7460, 1764.4170, -110.5404, -1682.0525, 1764.9484, -110.7158, 0, 0, 0
L -1683.4954, 1756.7704, -110.3767, -1682.7460, 1764.4170, -110.5404, 0, 0, 0
L -1683.0642, 1756.3245, -110.4882, -1683.4954, 1756.7704, -110.3767, 0, 0, 0
L -1677.0468, 1755.7148, -111.2397, -1683.0642, 1756.3245, -110.4882, 0, 0, 0
L -1676.7224, 1739.7057, -111.1849, -1682.9692, 1740.3300, -110.5638, 0, 0, 0
L -1676.3530, 1740.2374, -111.1744, -1676.7224, 1739.7057, -111.1849, 0, 0, 0
L -1675.6213, 1747.6453, -111.2705, -1676.3530, 1740.2374, -111.1744, 0, 0, 0
L -1676.1472, 1748.3958, -111.2638, -1675.6213, 1747.6453, -111.2705, 0, 0, 0
L -1683.8933, 1749.1316, -110.2910, -1676.1472, 1748.3958, -111.2638, 0, 0, 0
L -1684.2400, 1748.7747, -110.2142, -1683.8933, 1749.1316, -110.2910, 0, 0, 0
L -1684.9767, 1740.7234, -110.0553, -1684.2400, 1748.7747, -110.2142, 0, 0, 0
L -1684.6345, 1740.5033, -110.1423, -1684.9767, 1740.7234, -110.0553, 0, 0, 0
L -1680.3103, 1740.0526, -111.2610, -1684.6345, 1740.5033, -110.1423, 0, 0, 0
L -1648.1841, 1718.1185, -110.5625, -1648.1841, 1718.1185, -110.5625, 0, 0, 0
L -1648.8824, 1711.0093, -110.6452, -1648.1841, 1718.1185, -110.5625, 0, 0, 0
L -1649.3799, 1710.1635, -110.6668, -1648.8824, 1711.0093, -110.6452, 0, 0, 0
L -1657.2216, 1710.9310, -110.8835, -1649.3799, 1710.1635, -110.6668, 0, 0, 0
L -1657.5721, 1711.4308, -110.8881, -1657.2216, 1710.9310, -110.8835, 0, 0, 0
L -1656.8180, 1719.0667, -110.7954, -1657.5721, 1711.4308, -110.8881, 0, 0, 0
L -1656.0560, 1719.5502, -110.7741, -1656.8180, 1719.0667, -110.7954, 0, 0, 0
L -1648.6626, 1718.8173, -110.5669, -1656.0560, 1719.5502, -110.7741, 0, 0, 0
L -1648.1603, 1718.3612, -110.5597, -1648.6626, 1718.8173, -110.5669, 0, 0, 0
L -1648.4299, 1715.6152, -110.5916, -1648.1603, 1718.3612, -110.5597, 0, 0, 0
L -1632.3219, 1716.9115, -110.5609, -1632.7993, 1711.8801, -111.2804, 0, 0, 0
L -1632.9291, 1717.3038, -110.4275, -1632.3219, 1716.9115, -110.5609, 0, 0, 0
L -1640.5175, 1718.0493, -110.3426, -1632.9291, 1717.3038, -110.4275, 0, 0, 0
L -1640.9644, 1717.6521, -110.3588, -1640.5175, 1718.0493, -110.3426, 0, 0, 0
L -1641.7166, 1710.0553, -110.5394, -1640.9644, 1717.6521, -110.3588, 0, 0, 0
L -1641.1442, 1709.3906, -110.7074, -1641.7166, 1710.0553, -110.5394, 0, 0, 0
L -1633.2435, 1708.6750, -111.7227, -1641.1442, 1709.3906, -110.7074, 0, 0, 0
L -1633.0560, 1709.1869, -111.6654, -1633.2435, 1708.6750, -111.7227, 0, 0, 0
L -1632.5361, 1714.6411, -110.8857, -1633.0560, 1709.1869, -111.6654, 0, 0, 0
L -1607.0111, 1742.7529, -110.0391, -1613.4790, 1743.3779, -109.4732, 0, 0, 0
L -1606.7488, 1742.1121, -110.0923, -1607.0111, 1742.7529, -110.0391, 0, 0, 0
L -1607.5032, 1734.3662, -110.8853, -1606.7488, 1742.1121, -110.0923, 0, 0, 0
L -1608.0187, 1734.1390, -110.8419, -1607.5032, 1734.3662, -110.8853, 0, 0, 0
L -1615.4705, 1734.8942, -109.7244, -1608.0187, 1734.1390, -110.8419, 0, 0, 0
L -1616.0905, 1735.4642, -109.5656, -1615.4705, 1734.8942, -109.7244, 0, 0, 0
L -1615.3499, 1742.9991, -109.5186, -1616.0905, 1735.4642, -109.5656, 0, 0, 0
L -1614.6913, 1743.4973, -109.5150, -1615.3499, 1742.9991, -109.5186, 0, 0, 0
L -1607.4149, 1742.7948, -109.9770, -1614.6913, 1743.4973, -109.5150, 0, 0, 0
L -1605.9650, 1750.5145, -110.2562, -1605.4250, 1756.0033, -110.4694, 0, 0, 0
L -1606.6914, 1750.0101, -110.1671, -1605.9650, 1750.5145, -110.2562, 0, 0, 0
L -1614.2003, 1750.7526, -109.7106, -1606.6914, 1750.0101, -110.1671, 0, 0, 0
L -1614.5836, 1751.3088, -109.7375, -1614.2003, 1750.7526, -109.7106, 0, 0, 0
L -1613.8519, 1758.8557, -109.9336, -1614.5836, 1751.3088, -109.7375, 0, 0, 0
L -1613.2810, 1759.3511, -109.9301, -1613.8519, 1758.8557, -109.9336, 0, 0, 0
L -1605.7887, 1758.6333, -110.5077, -1613.2810, 1759.3511, -109.9301, 0, 0, 0
L -1605.2477, 1757.8062, -110.5395, -1605.7887, 1758.6333, -110.5077, 0, 0, 0
L -1605.8528, 1751.7616, -110.3036, -1605.2477, 1757.8062, -110.5395, 0, 0, 0
L -611.1511, 1921.9854, -75.5158, -604.3248, 1931.3904, -68.7075, 0, 0, 0
L -611.9621, 1921.9564, -75.6472, -611.1511, 1921.9854, -75.5158, 0, 0, 0
L -627.6078, 1937.6022, -68.0955, -611.9621, 1921.9564, -75.6472, 0, 0, 0
L -634.6246, 1930.5853, -73.4439, -627.6078, 1937.6022, -68.0955, 0, 0, 0
L -635.7474, 1930.2793, -73.7913, -634.6246, 1930.5853, -73.4439, 0, 0, 0
L -662.4916, 1956.5587, -49.8134, -635.7474, 1930.2793, -73.7913, 0, 0, 0
L -662.3943, 1957.5536, -48.3957, -662.4916, 1956.5587, -49.8134, 0, 0, 0
L -660.4879, 1959.4156, -45.5171, -662.3943, 1957.5536, -48.3957, 0, 0, 0
L -659.9167, 1959.5739, -45.2191, -660.4879, 1959.4156, -45.5171, 0, 0, 0
L -638.2101, 1966.3127, -30.4173, -659.9167, 1959.5739, -45.2191, 0, 0, 0
L -635.5663, 1968.9565, -26.0029, -638.2101, 1966.3127, -30.4173, 0, 0, 0
L -634.7433, 1968.9980, -25.7322, -635.5663, 1968.9565, -26.0029, 0, 0, 0
L -630.8762, 1965.1310, -30.5982, -634.7433, 1968.9980, -25.7322, 0, 0, 0
L -614.0936, 1957.5424, -39.8924, -630.8762, 1965.1310, -30.5982, 0, 0, 0
L -613.2904, 1956.5514, -41.2992, -614.0936, 1957.5424, -39.8924, 0, 0, 0
L -612.0212, 1953.8484, -45.2606, -613.2904, 1956.5514, -41.2992, 0, 0, 0
L -611.9946, 1953.2168, -46.2233, -612.0212, 1953.8484, -45.2606, 0, 0, 0
L -615.7723, 1949.4375, -52.5342, -611.9946, 1953.2168, -46.2233, 0, 0, 0
L -601.6284, 1935.3408, -65.8716, -615.7723, 1949.4375, -52.5342, 0, 0, 0
L -601.8577, 1934.7896, -66.2468, -601.6284, 1935.3408, -65.8716, 0, 0, 0
L -609.6647, 1924.0339, -74.0329, -601.8577, 1934.7896, -66.2468, 0, 0, 0
L -579.0149, 1907.5875, -90.1402, -582.3579, 1912.4603, -85.1679, 0, 0, 0
L -579.1531, 1906.6914, -90.7730, -579.0149, 1907.5875, -90.1402, 0, 0, 0
L -600.8318, 1903.5897, -89.3759, -579.1531, 1906.6914, -90.7730, 0, 0, 0
L -600.7117, 1904.5114, -88.6718, -600.8318, 1903.5897, -89.3759, 0, 0, 0
L -594.6349, 1914.9202, -80.4082, -600.7117, 1904.5114, -88.6718, 0, 0, 0
L -594.1093, 1915.5154, -80.1346, -594.6349, 1914.9202, -80.4082, 0, 0, 0
L -590.1625, 1919.1322, -77.4194, -594.1093, 1915.5154, -80.1346, 0, 0, 0
L -589.6993, 1919.4562, -77.2553, -590.1625, 1919.1322, -77.4194, 0, 0, 0
L -585.9432, 1917.1857, -80.2176, -589.6993, 1919.4562, -77.2553, 0, 0, 0
L -585.6784, 1916.9146, -80.5237, -585.9432, 1917.1857, -80.2176, 0, 0, 0
L -579.3052, 1908.0106, -89.7084, -585.6784, 1916.9146, -80.5237, 0, 0, 0
L -545.4139, 1923.6998, -78.2022, -550.2817, 1945.7201, -55.4242, 0, 0, 0
L -546.0513, 1923.5182, -78.3820, -545.4139, 1923.6998, -78.2022, 0, 0, 0
L -589.5020, 1934.4021, -65.8379, -546.0513, 1923.5182, -78.3820, 0, 0, 0
L -589.8376, 1934.9989, -65.3820, -589.5020, 1934.4021, -65.8379, 0, 0, 0
L -578.4144, 1947.9016, -52.6518, -589.8376, 1934.9989, -65.3820, 0, 0, 0
L -578.0869, 1948.1171, -52.3780, -578.4144, 1947.9016, -52.6518, 0, 0, 0
L -566.5632, 1954.0543, -44.7374, -578.0869, 1948.1171, -52.3780, 0, 0, 0
L -566.1324, 1954.5577, -44.1928, -566.5632, 1954.0543, -44.7374, 0, 0, 0
L -563.9053, 1954.3654, -44.4362, -566.1324, 1954.5577, -44.1928, 0, 0, 0
L -561.3054, 1957.0790, -40.9836, -563.9053, 1954.3654, -44.4362, 0, 0, 0
L -560.6147, 1956.9452, -41.1587, -561.3054, 1957.0790, -40.9836, 0, 0, 0
L -559.8823, 1954.4266, -44.3594, -560.6147, 1956.9452, -41.1587, 0, 0, 0
L -557.9635, 1954.2584, -44.5732, -559.8823, 1954.4266, -44.3594, 0, 0, 0
L -557.5665, 1954.2512, -44.5823, -557.9635, 1954.2584, -44.5732, 0, 0, 0
L -551.2017, 1948.0184, -52.4992, -557.5665, 1954.2512, -44.5823, 0, 0, 0
L -550.8394, 1947.8472, -52.7210, -551.2017, 1948.0184, -52.4992, 0, 0, 0
L -549.6360, 1942.8076, -59.1255, -550.8394, 1947.8472, -52.7210, 0, 0, 0
L -513.5397, 1939.0205, -63.1711, -514.5850, 1939.0468, -63.0808, 0, 0, 0
L -512.9763, 1938.8694, -63.4932, -513.5397, 1939.0205, -63.1711, 0, 0, 0
L -511.9350, 1937.0330, -65.1033, -512.9763, 1938.8694, -63.4932, 0, 0, 0
L -511.7072, 1936.5402, -65.5116, -511.9350, 1937.0330, -65.1033, 0, 0, 0
L -513.5260, 1915.7607, -81.1310, -511.7072, 1936.5402, -65.5116, 0, 0, 0
L -514.1711, 1915.6821, -81.1008, -513.5260, 1915.7607, -81.1310, 0, 0, 0
L -538.1194, 1917.7634, -84.0782, -514.1711, 1915.6821, -81.1008, 0, 0, 0
L -538.3442, 1918.1509, -83.6947, -538.1194, 1917.7634, -84.0782, 0, 0, 0
L -536.5697, 1936.6860, -65.3481, -538.3442, 1918.1509, -83.6947, 0, 0, 0
L -536.1062, 1937.0830, -64.7290, -536.5697, 1936.6860, -65.3481, 0, 0, 0
L -534.1782, 1939.6461, -62.3786, -536.1062, 1937.0830, -64.7290, 0, 0, 0
L -533.5245, 1940.1453, -61.9240, -534.1782, 1939.6461, -62.3786, 0, 0, 0
L -513.2671, 1938.9067, -63.1173, -533.5245, 1940.1453, -61.9240, 0, 0, 0
L -506.3295, 1927.9813, -72.8019, -471.2127, 1922.2329, -81.8329, 0, 0, 0
L -506.4473, 1929.0247, -71.9884, -506.3295, 1927.9813, -72.8019, 0, 0, 0
L -496.6158, 1941.9259, -63.4574, -506.4473, 1929.0247, -71.9884, 0, 0, 0
L -495.9508, 1942.3909, -63.0132, -496.6158, 1941.9259, -63.4574, 0, 0, 0
L -488.3825, 1947.7220, -57.7876, -495.9508, 1942.3909, -63.0132, 0, 0, 0
L -487.9897, 1947.7578, -57.7993, -488.3825, 1947.7220, -57.7876, 0, 0, 0
L -482.0793, 1943.8390, -63.3649, -487.9897, 1947.7578, -57.7993, 0, 0, 0
L -481.4978, 1943.3698, -64.0137, -482.0793, 1943.8390, -63.3649, 0, 0, 0
L -470.3098, 1922.8776, -81.4317, -481.4978, 1943.3698, -64.0137, 0, 0, 0
L -471.1737, 1922.2266, -81.8369, -470.3098, 1922.8776, -81.4317, 0, 0, 0
L -472.3590, 1922.4205, -81.7161, -471.1737, 1922.2266, -81.8369, 0, 0, 0
L -511.3270, 1892.9889, -98.8343, -511.3270, 1892.9889, -98.8343, 0, 0, 0
L -512.0383, 1893.5468, -98.3086, -511.3270, 1892.9889, -98.8343, 0, 0, 0
L -511.8584, 1907.4583, -87.7066, -512.0383, 1893.5468, -98.3086, 0, 0, 0
L -511.6674, 1910.5686, -85.3572, -511.8584, 1907.4583, -87.7066, 0, 0, 0
L -509.9599, 1910.4724, -85.6695, -511.6674, 1910.5686, -85.3572, 0, 0, 0
L -494.1671, 1911.0709, -87.0462, -509.9599, 1910.4724, -85.6695, 0, 0, 0
L -493.1603, 1910.8965, -87.6949, -494.1671, 1911.0709, -87.0462, 0, 0, 0
L -493.2075, 1906.2507, -91.2335, -493.1603, 1910.8965, -87.6949, 0, 0, 0
L -487.6730, 1905.2974, -92.3744, -493.2075, 1906.2507, -91.2335, 0, 0, 0
L -483.8925, 1898.2865, -96.7383, -487.6730, 1905.2974, -92.3744, 0, 0, 0
L -484.4723, 1897.8228, -97.0270, -483.8925, 1898.2865, -96.7383, 0, 0, 0
L -493.3096, 1897.9313, -96.9594, -484.4723, 1897.8228, -97.0270, 0, 0, 0
L -493.1777, 1893.4171, -99.7693, -493.3096, 1897.9313, -96.9594, 0, 0, 0
L -493.9271, 1892.7753, -100.1688, -493.1777, 1893.4171, -99.7693, 0, 0, 0
L -511.4298, 1892.9901, -98.8189, -493.9271, 1892.7753, -100.1688, 0, 0, 0
L -838.8973, 1704.5856, -110.3062, -842.4013, 1703.8381, -110.3062, 0, 0, 0
L -838.1870, 1705.1061, -110.3062, -838.8973, 1704.5856, -110.3062, 0, 0, 0
L -834.2330, 1709.6089, -110.3062, -838.1870, 1705.1061, -110.3062, 0, 0, 0
L -828.1160, 1709.6093, -110.3062, -834.2330, 1709.6089, -110.3062, 0, 0, 0
L -824.2079, 1704.8624, -110.3062, -828.1160, 1709.6093, -110.3062, 0, 0, 0
L -824.2079, 1697.1254, -110.3062, -824.2079, 1704.8624, -110.3062, 0, 0, 0
L -828.1184, 1692.3766, -110.3062, -824.2079, 1697.1254, -110.3062, 0, 0, 0
L -834.2311, 1692.3766, -110.3062, -828.1184, 1692.3766, -110.3062, 0, 0, 0
L -838.3887, 1697.1161, -110.3062, -834.2311, 1692.3766, -110.3062, 0, 0, 0
L -839.0052, 1697.4226, -110.3062, -838.3887, 1697.1161, -110.3062, 0, 0, 0
L -845.7229, 1698.8545, -110.3062, -839.0052, 1697.4226, -110.3062, 0, 0, 0
L -845.7229, 1703.1304, -110.3062, -845.7229, 1698.8545, -110.3062, 0, 0, 0
L -839.1270, 1704.5363, -110.3062, -845.7229, 1703.1304, -110.3062, 0, 0, 0
L -838.1726, 1705.1228, -110.3062, -839.1270, 1704.5363, -110.3062, 0, 0, 0
L -835.9042, 1707.7062, -110.3062, -838.1726, 1705.1228, -110.3062, 0, 0, 0
L -827.4489, 1710.2922, -111.2802, -824.4265, 1706.9329, -111.2802, 0, 0, 0
L -827.4489, 1714.5648, -111.2802, -827.4489, 1710.2922, -111.2802, 0, 0, 0
L -827.9206, 1715.0685, -111.2802, -827.4489, 1714.5648, -111.2802, 0, 0, 0
L -834.5053, 1715.1013, -111.2802, -827.9206, 1715.0685, -111.2802, 0, 0, 0
L -834.8541, 1714.5015, -111.2802, -834.5053, 1715.1013, -111.2802, 0, 0, 0
L -834.8541, 1710.3467, -111.2802, -834.8541, 1714.5015, -111.2802, 0, 0, 0
L -839.3660, 1705.6130, -111.2802, -834.8541, 1710.3467, -111.2802, 0, 0, 0
L -846.4124, 1704.0066, -111.2802, -839.3660, 1705.6130, -111.2802, 0, 0, 0
L -846.8678, 1703.1337, -111.2802, -846.4124, 1704.0066, -111.2802, 0, 0, 0
L -846.8678, 1698.4207, -111.2802, -846.8678, 1703.1337, -111.2802, 0, 0, 0
L -846.3835, 1697.9723, -111.2802, -846.8678, 1698.4207, -111.2802, 0, 0, 0
L -839.3660, 1696.3726, -111.2802, -846.3835, 1697.9723, -111.2802, 0, 0, 0
L -834.8811, 1691.5359, -111.2802, -839.3660, 1696.3726, -111.2802, 0, 0, 0
L -833.8334, 1691.3340, -111.2802, -834.8811, 1691.5359, -111.2802, 0, 0, 0
L -828.0320, 1691.3339, -111.2802, -833.8334, 1691.3340, -111.2802, 0, 0, 0
L -827.4189, 1691.7266, -111.2802, -828.0320, 1691.3339, -111.2802, 0, 0, 0
L -823.2842, 1696.3223, -111.2802, -827.4189, 1691.7266, -111.2802, 0, 0, 0
L -823.0621, 1696.7322, -111.2802, -823.2842, 1696.3223, -111.2802, 0, 0, 0
L -823.0621, 1705.0885, -111.2802, -823.0621, 1696.7322, -111.2802, 0, 0, 0
L -823.2669, 1705.6440, -111.2802, -823.0621, 1705.0885, -111.2802, 0, 0, 0
L -825.5306, 1708.1602, -111.2802, -823.2669, 1705.6440, -111.2802, 0, 0, 0
L -580.8336, 1854.2196, -111.2802, -581.6118, 1855.7761, -111.2802, 0, 0, 0
L -579.8113, 1854.5831, -111.2802, -580.8336, 1854.2196, -111.2802, 0, 0, 0
L -576.1796, 1861.8926, -111.2802, -579.8113, 1854.5831, -111.2802, 0, 0, 0
L -576.8609, 1862.3174, -111.2802, -576.1796, 1861.8926, -111.2802, 0, 0, 0
L -584.2865, 1862.3173, -111.2802, -576.8609, 1862.3174, -111.2802, 0, 0, 0
L -584.4895, 1861.5269, -111.2802, -584.2865, 1862.3173, -111.2802, 0, 0, 0
L -581.1631, 1854.8788, -111.2802, -584.4895, 1861.5269, -111.2802, 0, 0, 0
L -689.8557, 1771.6096, -111.2802, -689.7099, 1772.3644, -111.2802, 0, 0, 0
L -686.7070, 1769.0255, -111.2802, -689.8557, 1771.6096, -111.2802, 0, 0, 0
L -685.9782, 1769.0822, -111.2802, -686.7070, 1769.0255, -111.2802, 0, 0, 0
L -683.3645, 1772.2697, -111.2802, -685.9782, 1769.0822, -111.2802, 0, 0, 0
L -683.9047, 1773.1516, -111.2802, -683.3645, 1772.2697, -111.2802, 0, 0, 0
L -684.0872, 1773.3014, -111.2802, -683.9047, 1773.1516, -111.2802, 0, 0, 0
L -682.8533, 1774.8048, -111.2802, -684.0872, 1773.3014, -111.2802, 0, 0, 0
L -682.9690, 1775.4821, -111.2800, -682.8533, 1774.8048, -111.2802, 0, 0, 0
L -684.0967, 1776.4056, -111.2746, -682.9690, 1775.4821, -111.2800, 0, 0, 0
L -685.0054, 1776.1819, -111.2802, -684.0967, 1776.4056, -111.2746, 0, 0, 0
L -686.0483, 1774.9109, -111.2802, -685.0054, 1776.1819, -111.2802, 0, 0, 0
L -686.5693, 1775.4249, -111.2802, -686.0483, 1774.9109, -111.2802, 0, 0, 0
L -687.3331, 1775.2605, -111.2802, -686.5693, 1775.4249, -111.2802, 0, 0, 0
L -689.8315, 1772.2161, -111.2802, -687.3331, 1775.2605, -111.2802, 0, 0, 0
L -667.2271, 1783.3995, -110.3654, -658.9489, 1783.8405, -109.2130, 0, 0, 0
L -667.2261, 1792.0616, -110.3654, -667.2271, 1783.3995, -110.3654, 0, 0, 0
L -658.9477, 1791.9401, -109.2130, -667.2261, 1792.0616, -110.3654, 0, 0, 0
L -658.9489, 1783.8405, -109.2130, -658.9477, 1791.9401, -109.2130, 0, 0, 0
L -681.9901, 1780.8157, -110.3654, -678.7607, 1779.5874, -110.3654, 0, 0, 0
L -681.9931, 1794.3649, -110.3653, -681.9901, 1780.8157, -110.3654, 0, 0, 0
L -674.8177, 1796.8124, -110.3654, -681.9931, 1794.3649, -110.3653, 0, 0, 0
L -669.7712, 1795.1855, -110.3654, -674.8177, 1796.8124, -110.3654, 0, 0, 0
L -667.2208, 1794.3627, -110.3654, -669.7712, 1795.1855, -110.3654, 0, 0, 0
L -667.2165, 1780.8207, -110.3654, -667.2208, 1794.3627, -110.3654, 0, 0, 0
L -674.8175, 1778.0867, -110.3654, -667.2165, 1780.8207, -110.3654, 0, 0, 0
L -678.2784, 1779.4038, -110.3654, -674.8175, 1778.0867, -110.3654, 0, 0, 0
L -681.9901, 1780.8157, -110.3654, -678.2784, 1779.4038, -110.3654, 0, 0, 0
L -670.5554, 1796.6591, -111.2802, -670.5554, 1796.6591, -111.2802, 0, 0, 0
L -666.5795, 1795.3912, -111.2802, -670.5554, 1796.6591, -111.2802, 0, 0, 0
L -666.2338, 1795.3036, -111.2802, -666.5795, 1795.3912, -111.2802, 0, 0, 0
L -666.1204, 1780.1165, -111.2802, -666.2338, 1795.3036, -111.2802, 0, 0, 0
L -666.6752, 1779.7562, -111.2802, -666.1204, 1780.1165, -111.2802, 0, 0, 0
L -674.4128, 1777.0168, -111.2802, -666.6752, 1779.7562, -111.2802, 0, 0, 0
L -675.3235, 1777.0576, -111.2802, -674.4128, 1777.0168, -111.2802, 0, 0, 0
L -682.6553, 1779.7965, -111.2802, -675.3235, 1777.0576, -111.2802, 0, 0, 0
L -683.0906, 1780.6730, -111.2802, -682.6553, 1779.7965, -111.2802, 0, 0, 0
L -683.0906, 1784.7213, -111.2802, -683.0906, 1780.6730, -111.2802, 0, 0, 0
L -683.5064, 1784.7332, -111.2802, -683.0906, 1784.7213, -111.2802, 0, 0, 0
L -683.7195, 1785.3018, -111.2802, -683.5064, 1784.7332, -111.2802, 0, 0, 0
L -683.7271, 1789.6702, -111.2802, -683.7195, 1785.3018, -111.2802, 0, 0, 0
L -683.0906, 1790.3307, -111.2802, -683.7271, 1789.6702, -111.2802, 0, 0, 0
L -683.0906, 1790.3307, -111.2802, -683.0906, 1790.3307, -111.2802, 0, 0, 0
L -683.0906, 1794.4823, -111.2802, -683.0906, 1790.3307, -111.2802, 0, 0, 0
L -682.0698, 1795.5824, -111.2802, -683.0906, 1794.4823, -111.2802, 0, 0, 0
L -675.3622, 1797.8392, -111.2802, -682.0698, 1795.5824, -111.2802, 0, 0, 0
L -674.2874, 1797.8491, -111.2802, -675.3622, 1797.8392, -111.2802, 0, 0, 0
L -668.2381, 1795.9202, -111.2802, -674.2874, 1797.8491, -111.2802, 0, 0, 0
L -509.4619, 1852.3992, -111.2802, -508.4313, 1855.2212, -111.2802, 0, 0, 0
L -510.3101, 1852.1837, -111.2802, -509.4619, 1852.3992, -111.2802, 0, 0, 0
L -518.0190, 1855.6683, -111.2802, -510.3101, 1852.1837, -111.2802, 0, 0, 0
L -517.9628, 1856.5481, -111.2802, -518.0190, 1855.6683, -111.2802, 0, 0, 0
L -514.5941, 1863.8906, -111.2802, -517.9628, 1856.5481, -111.2802, 0, 0, 0
L -513.7498, 1863.9706, -111.2802, -514.5941, 1863.8906, -111.2802, 0, 0, 0
L -506.2761, 1860.5089, -111.2802, -513.7498, 1863.9706, -111.2802, 0, 0, 0
L -506.2127, 1859.9121, -111.2802, -506.2761, 1860.5089, -111.2802, 0, 0, 0
L -508.8736, 1854.2861, -111.2802, -506.2127, 1859.9121, -111.2802, 0, 0, 0
L -348.1069, 1782.9753, -110.3062, -345.0576, 1780.2985, -110.3062, 0, 0, 0
L -348.1069, 1782.9753, -110.3062, -348.1069, 1782.9753, -110.3062, 0, 0, 0
L -348.1074, 1789.0938, -110.3062, -348.1069, 1782.9753, -110.3062, 0, 0, 0
L -343.3603, 1793.0022, -110.3062, -348.1074, 1789.0938, -110.3062, 0, 0, 0
L -335.6233, 1793.0021, -110.3062, -343.3603, 1793.0022, -110.3062, 0, 0, 0
L -330.8744, 1789.0917, -110.3062, -335.6233, 1793.0021, -110.3062, 0, 0, 0
L -330.8745, 1784.5569, -110.3062, -330.8744, 1789.0917, -110.3062, 0, 0, 0
L -330.8745, 1782.9790, -110.3062, -330.8745, 1784.5569, -110.3062, 0, 0, 0
L -335.5182, 1778.9056, -110.3062, -330.8745, 1782.9790, -110.3062, 0, 0, 0
L -335.9360, 1778.1324, -110.3062, -335.5182, 1778.9056, -110.3062, 0, 0, 0
L -337.1906, 1772.2437, -110.3062, -335.9360, 1778.1324, -110.3062, 0, 0, 0
L -341.8186, 1772.3796, -110.3062, -337.1906, 1772.2437, -110.3062, 0, 0, 0
L -343.1201, 1778.4823, -110.3062, -341.8186, 1772.3796, -110.3062, 0, 0, 0
L -343.5462, 1778.9733, -110.3062, -343.1201, 1778.4823, -110.3062, 0, 0, 0
L -346.6378, 1781.6866, -110.3062, -343.5462, 1778.9733, -110.3062, 0, 0, 0
L -344.0017, 1777.3644, -111.2802, -344.0017, 1777.3644, -111.2802, 0, 0, 0
L -342.5383, 1770.7505, -111.2802, -344.0017, 1777.3644, -111.2802, 0, 0, 0
L -342.0315, 1770.3422, -111.2802, -342.5383, 1770.7505, -111.2802, 0, 0, 0
L -337.1898, 1770.3423, -111.2802, -342.0315, 1770.3422, -111.2802, 0, 0, 0
L -336.4752, 1770.8055, -111.2802, -337.1898, 1770.3423, -111.2802, 0, 0, 0
L -334.8705, 1777.8440, -111.2802, -336.4752, 1770.8055, -111.2802, 0, 0, 0
L -329.8777, 1782.6274, -111.2802, -334.8705, 1777.8440, -111.2802, 0, 0, 0
L -329.8320, 1783.1227, -111.2802, -329.8777, 1782.6274, -111.2802, 0, 0, 0
L -329.8320, 1789.1387, -111.2802, -329.8320, 1783.1227, -111.2802, 0, 0, 0
L -330.0237, 1789.6105, -111.2802, -329.8320, 1789.1387, -111.2802, 0, 0, 0
L -334.8599, 1793.9615, -111.2802, -330.0237, 1789.6105, -111.2802, 0, 0, 0
L -335.3164, 1794.1479, -111.2802, -334.8599, 1793.9615, -111.2802, 0, 0, 0
L -343.3116, 1794.2008, -111.2802, -335.3164, 1794.1479, -111.2802, 0, 0, 0
L -344.2397, 1793.8552, -111.2802, -343.3116, 1794.2008, -111.2802, 0, 0, 0
L -348.7120, 1789.8315, -111.2802, -344.2397, 1793.8552, -111.2802, 0, 0, 0
L -353.2684, 1789.8555, -111.2802, -348.7120, 1789.8315, -111.2802, 0, 0, 0
L -353.5664, 1788.8967, -111.2802, -353.2684, 1789.8555, -111.2802, 0, 0, 0
L -353.5849, 1782.7406, -111.2802, -353.5664, 1788.8967, -111.2802, 0, 0, 0
L -353.0209, 1782.3560, -111.2802, -353.5849, 1782.7406, -111.2802, 0, 0, 0
L -348.8443, 1782.3560, -111.2802, -353.0209, 1782.3560, -111.2802, 0, 0, 0
L -344.1109, 1777.8440, -111.2802, -348.8443, 1782.3560, -111.2802, 0, 0, 0
L -343.5566, 1775.4124, -111.2802, -344.1109, 1777.8440, -111.2802, 0, 0, 0
L -427.2001, 1635.0337, -110.3062, -427.2001, 1635.0337, -110.3062, 0, 0, 0
L -421.0833, 1635.0341, -110.3062, -427.2001, 1635.0337, -110.3062, 0, 0, 0
L -417.1749, 1630.2874, -110.3062, -421.0833, 1635.0341, -110.3062, 0, 0, 0
L -417.1749, 1622.5573, -110.3062, -417.1749, 1630.2874, -110.3062, 0, 0, 0
L -421.0853, 1617.8014, -110.3062, -417.1749, 1622.5573, -110.3062, 0, 0, 0
L -427.1979, 1617.8013, -110.3062, -421.0853, 1617.8014, -110.3062, 0, 0, 0
L -431.1049, 1622.2555, -110.3062, -427.1979, 1617.8013, -110.3062, 0, 0, 0
L -432.0072, 1622.8549, -110.3062, -431.1049, 1622.2555, -110.3062, 0, 0, 0
L -438.6899, 1624.2793, -110.3062, -432.0072, 1622.8549, -110.3062, 0, 0, 0
L -438.6899, 1628.5553, -110.3062, -438.6899, 1624.2793, -110.3062, 0, 0, 0
L -431.8257, 1630.0187, -110.3062, -438.6899, 1628.5553, -110.3062, 0, 0, 0
L -431.3322, 1630.3239, -110.3062, -431.8257, 1630.0187, -110.3062, 0, 0, 0
L -427.2001, 1635.0337, -110.3062, -431.3322, 1630.3239, -110.3062, 0, 0, 0
L -416.0291, 1622.3926, -111.2802, -416.0291, 1629.7891, -111.2802, 0, 0, 0
L -416.2107, 1621.7921, -111.2802, -416.0291, 1622.3926, -111.2802, 0, 0, 0
L -420.1064, 1617.4620, -111.2802, -416.2107, 1621.7921, -111.2802, 0, 0, 0
L -421.2427, 1616.7588, -111.2802, -420.1064, 1617.4620, -111.2802, 0, 0, 0
L -426.7968, 1616.6649, -111.2802, -421.2427, 1616.7588, -111.2802, 0, 0, 0
L -427.9169, 1617.1643, -111.2802, -426.7968, 1616.6649, -111.2802, 0, 0, 0
L -432.3128, 1621.7761, -111.2802, -427.9169, 1617.1643, -111.2802, 0, 0, 0
L -439.5274, 1623.0995, -111.2802, -432.3128, 1621.7761, -111.2802, 0, 0, 0
L -439.8348, 1624.1978, -111.2802, -439.5274, 1623.0995, -111.2802, 0, 0, 0
L -440.0775, 1628.8483, -111.2802, -439.8348, 1624.1978, -111.2802, 0, 0, 0
L -439.2017, 1629.4719, -111.2802, -440.0775, 1628.8483, -111.2802, 0, 0, 0
L -432.1861, 1631.1920, -111.2802, -439.2017, 1629.4719, -111.2802, 0, 0, 0
L -427.8211, 1635.7715, -111.2802, -432.1861, 1631.1920, -111.2802, 0, 0, 0
L -427.8211, 1639.8180, -111.2802, -427.8211, 1635.7715, -111.2802, 0, 0, 0
L -427.2598, 1640.4933, -111.2802, -427.8211, 1639.8180, -111.2802, 0, 0, 0
L -421.0587, 1640.4933, -111.2802, -427.2598, 1640.4933, -111.2802, 0, 0, 0
L -420.4158, 1640.0479, -111.2802, -421.0587, 1640.4933, -111.2802, 0, 0, 0
L -420.4158, 1635.7570, -111.2802, -420.4158, 1640.0479, -111.2802, 0, 0, 0
L -416.1277, 1630.9508, -111.2802, -420.4158, 1635.7570, -111.2802, 0, 0, 0
L -416.0291, 1630.4199, -111.2802, -416.1277, 1630.9508, -111.2802, 0, 0, 0
L -416.0291, 1622.3165, -111.2802, -416.0291, 1630.4199, -111.2802, 0, 0, 0
L -416.2795, 1621.7155, -111.2802, -416.0291, 1622.3165, -111.2802, 0, 0, 0
L -420.3738, 1617.1648, -111.2802, -416.2795, 1621.7155, -111.2802, 0, 0, 0
L -421.2229, 1616.7589, -111.2802, -420.3738, 1617.1648, -111.2802, 0, 0, 0
L -426.8395, 1616.7589, -111.2802, -421.2229, 1616.7589, -111.2802, 0, 0, 0
L 1706.6246, -1631.5751, -111.2668, 1716.3744, -1639.0553, -111.2802, 0, 0, 0
L 1703.9509, -1612.2358, -111.2434, 1706.6246, -1631.5751, -111.2668, 0, 0, 0
L 1715.6620, -1596.7494, -111.2525, 1703.9509, -1612.2358, -111.2434, 0, 0, 0
L 1734.9103, -1594.1951, -111.2634, 1715.6620, -1596.7494, -111.2525, 0, 0, 0
L 1750.4652, -1606.3032, -111.2802, 1734.9103, -1594.1951, -111.2634, 0, 0, 0
L 1753.0934, -1625.4060, -111.2802, 1750.4652, -1606.3032, -111.2802, 0, 0, 0
L 1741.4525, -1640.8678, -111.2802, 1753.0934, -1625.4060, -111.2802, 0, 0, 0
L 1722.1167, -1643.4354, -111.2802, 1741.4525, -1640.8678, -111.2802, 0, 0, 0
L 1718.4047, -1640.5947, -111.2802, 1722.1167, -1643.4354, -111.2802, 0, 0, 0
L 1706.6245, -1631.5750, -111.2667, 1718.4047, -1640.5947, -111.2802, 0, 0, 0
L 1782.8315, -1550.6619, -110.9514, 1782.8315, -1550.6619, -110.9514, 0, 0, 0
L 1797.0796, -1546.7124, -110.8045, 1782.8315, -1550.6619, -110.9514, 0, 0, 0
L 1801.8549, -1557.6021, -108.6694, 1797.0796, -1546.7124, -110.8045, 0, 0, 0
L 1819.5463, -1559.8474, -109.4553, 1801.8549, -1557.6021, -108.6694, 0, 0, 0
L 1819.8241, -1560.3809, -109.5353, 1819.5463, -1559.8474, -109.4553, 0, 0, 0
L 1818.4011, -1566.5581, -110.6772, 1819.8241, -1560.3809, -109.5353, 0, 0, 0
L 1855.1312, -1575.1898, -109.7191, 1818.4011, -1566.5581, -110.6772, 0, 0, 0
L 1854.7892, -1576.1029, -109.7401, 1855.1312, -1575.1898, -109.7191, 0, 0, 0
L 1831.7262, -1605.1270, -110.5796, 1854.7892, -1576.1029, -109.7401, 0, 0, 0
L 1862.3334, -1627.3790, -111.2192, 1831.7262, -1605.1270, -110.5796, 0, 0, 0
L 1862.1149, -1627.9307, -111.2260, 1862.3334, -1627.3790, -111.2192, 0, 0, 0
L 1829.4220, -1645.8588, -111.2802, 1862.1149, -1627.9307, -111.2260, 0, 0, 0
L 1849.2246, -1678.2664, -111.2605, 1829.4220, -1645.8588, -111.2802, 0, 0, 0
L 1849.2098, -1678.3158, -111.2802, 1849.2246, -1678.2664, -111.2605, 0, 0, 0
L 1811.7323, -1682.4178, -111.2745, 1849.2098, -1678.3158, -111.2802, 0, 0, 0
L 1817.8066, -1719.2465, -111.0837, 1811.7323, -1682.4178, -111.2745, 0, 0, 0
L 1816.7675, -1719.7456, -111.0800, 1817.8066, -1719.2465, -111.0837, 0, 0, 0
L 1781.4066, -1709.3059, -111.2725, 1816.7675, -1719.7456, -111.0800, 0, 0, 0
L 1772.9161, -1745.8333, -111.0566, 1781.4066, -1709.3059, -111.2725, 0, 0, 0
L 1772.0586, -1745.8309, -111.0671, 1772.9161, -1745.8333, -111.0566, 0, 0, 0
L 1743.0638, -1722.4381, -111.2678, 1772.0586, -1745.8309, -111.0671, 0, 0, 0
L 1721.6096, -1752.3994, -111.2726, 1743.0638, -1722.4381, -111.2678, 0, 0, 0
L 1720.7701, -1752.9708, -111.2802, 1721.6096, -1752.3994, -111.2726, 0, 0, 0
L 1702.5347, -1719.8091, -111.2676, 1720.7701, -1752.9708, -111.2802, 0, 0, 0
L 1670.6445, -1739.6212, -111.2802, 1702.5347, -1719.8091, -111.2676, 0, 0, 0
L 1670.1544, -1738.9183, -111.2802, 1670.6445, -1739.6212, -111.2802, 0, 0, 0
L 1665.9938, -1701.8125, -111.2688, 1670.1544, -1738.9183, -111.2802, 0, 0, 0
L 1629.3065, -1707.6831, -111.2719, 1665.9938, -1701.8125, -111.2688, 0, 0, 0
L 1628.7185, -1707.0819, -111.2802, 1629.3065, -1707.6831, -111.2719, 0, 0, 0
L 1639.0063, -1671.1986, -111.2796, 1628.7185, -1707.0819, -111.2802, 0, 0, 0
L 1613.1798, -1664.6849, -111.2240, 1639.0063, -1671.1986, -111.2796, 0, 0, 0
L 1612.5271, -1664.2971, -111.2717, 1613.1798, -1664.6849, -111.2240, 0, 0, 0
L 1611.3485, -1661.0695, -111.2645, 1612.5271, -1664.2971, -111.2717, 0, 0, 0
L 1611.1523, -1660.5883, -111.2802, 1611.3485, -1661.0695, -111.2645, 0, 0, 0
L 1611.4391, -1659.6898, -111.2802, 1611.1523, -1660.5883, -111.2802, 0, 0, 0
L 1611.8787, -1659.3337, -111.2773, 1611.4391, -1659.6898, -111.2802, 0, 0, 0
L 1643.2698, -1633.3022, -111.2007, 1611.8787, -1659.3337, -111.2773, 0, 0, 0
L 1638.0254, -1595.4594, -111.2802, 1643.4512, -1634.4839, -110.9650, 0, 0, 0
L 1638.2224, -1594.2267, -111.2802, 1638.0254, -1595.4594, -111.2802, 0, 0, 0
L 1650.6396, -1578.1722, -111.2802, 1638.2224, -1594.2267, -111.2802, 0, 0, 0
L 1651.4391, -1577.6569, -111.2802, 1650.6396, -1578.1722, -111.2802, 0, 0, 0
L 1728.2837, -1532.9937, -111.2750, 1651.4391, -1577.6569, -111.2802, 0, 0, 0
L 1729.6125, -1532.2670, -111.2601, 1728.2837, -1532.9937, -111.2750, 0, 0, 0
L 1735.8086, -1530.1255, -111.0841, 1729.6125, -1532.2670, -111.2601, 0, 0, 0
L 1737.1448, -1529.9939, -111.0461, 1735.8086, -1530.1255, -111.0841, 0, 0, 0
L 1752.4181, -1527.9973, -110.3121, 1737.1448, -1529.9939, -111.0461, 0, 0, 0
L 1753.0906, -1528.0580, -110.5927, 1752.4181, -1527.9973, -110.3121, 0, 0, 0
L 1809.9418, -1571.2404, -108.1593, 1753.0906, -1528.0580, -110.5927, 0, 0, 0
L 1810.1469, -1571.9912, -107.9786, 1809.9418, -1571.2404, -108.1593, 0, 0, 0
L 1819.4650, -1641.8683, -100.0569, 1810.1469, -1571.9912, -107.9786, 0, 0, 0
L 1819.1855, -1642.5901, -99.9077, 1819.4650, -1641.8683, -100.0569, 0, 0, 0
L 1776.0428, -1698.9625, -96.5551, 1819.1855, -1642.5901, -99.9077, 0, 0, 0
L 1775.2609, -1699.3217, -96.4747, 1776.0428, -1698.9625, -96.5551, 0, 0, 0
L 1704.9950, -1709.1321, -99.8877, 1775.2609, -1699.3217, -96.4747, 0, 0, 0
L 1704.1117, -1708.6906, -99.8662, 1704.9950, -1709.1321, -99.8877, 0, 0, 0
L 1647.9047, -1666.1439, -107.9644, 1704.1117, -1708.6906, -99.8662, 0, 0, 0
L 1647.8451, -1665.6454, -107.9516, 1647.9047, -1666.1439, -107.9644, 0, 0, 0
L 1641.6740, -1621.9100, -111.2802, 1647.8451, -1665.6454, -107.9516, 0, 0, 0
L 1445.3740, -1556.0983, -111.2718, 1442.7712, -1561.1831, -111.2740, 0, 0, 0
L 1444.8080, -1554.9320, -111.2802, 1445.3740, -1556.0983, -111.2718, 0, 0, 0
L 1390.6808, -1537.9141, -111.2802, 1444.8080, -1554.9320, -111.2802, 0, 0, 0
L 1386.9695, -1536.7607, -111.2209, 1390.6808, -1537.9141, -111.2802, 0, 0, 0
L 1381.0909, -1535.0471, -110.8842, 1386.9695, -1536.7607, -111.2209, 0, 0, 0
L 1380.5499, -1535.1132, -110.8532, 1381.0909, -1535.0471, -110.8842, 0, 0, 0
L 1378.3713, -1539.0686, -110.7284, 1380.5499, -1535.1132, -110.8532, 0, 0, 0
L 1354.0861, -1534.7156, -109.3372, 1378.3713, -1539.0686, -110.7284, 0, 0, 0
L 1352.8236, -1534.9286, -109.2648, 1354.0861, -1534.7156, -109.3372, 0, 0, 0
L 1355.1735, -1561.7661, -109.3995, 1352.8236, -1534.9286, -109.2648, 0, 0, 0
L 1352.1527, -1564.4944, -109.1484, 1355.1735, -1561.7661, -109.3995, 0, 0, 0
L 1352.9182, -1565.4222, -109.1622, 1352.1527, -1564.4944, -109.1484, 0, 0, 0
L 1388.8075, -1582.2737, -111.2802, 1352.9182, -1565.4222, -109.1622, 0, 0, 0
L 1427.0525, -1596.1473, -111.1901, 1388.8075, -1582.2737, -111.2802, 0, 0, 0
L 1428.0950, -1594.8745, -111.1943, 1427.0525, -1596.1473, -111.1901, 0, 0, 0
L 1429.1035, -1588.3163, -111.2802, 1428.0950, -1594.8745, -111.1943, 0, 0, 0
L 1445.2251, -1556.3855, -111.2675, 1429.1035, -1588.3163, -111.2802, 0, 0, 0
L 1483.7451, -1567.5134, -111.1914, 1497.5636, -1571.8981, -111.1195, 0, 0, 0
L 1482.5319, -1568.0354, -111.1828, 1483.7451, -1567.5134, -111.1914, 0, 0, 0
L 1474.0490, -1609.1925, -110.4762, 1482.5319, -1568.0354, -111.1828, 0, 0, 0
L 1474.9570, -1610.2777, -110.4578, 1474.0490, -1609.1925, -110.4762, 0, 0, 0
L 1538.9457, -1630.5319, -111.2802, 1474.9570, -1610.2777, -110.4578, 0, 0, 0
L 1540.5518, -1629.5540, -111.2719, 1538.9457, -1630.5319, -111.2802, 0, 0, 0
L 1542.7010, -1625.3615, -111.2802, 1540.5518, -1629.5540, -111.2719, 0, 0, 0
L 1552.0305, -1628.0071, -111.2802, 1542.7010, -1625.3615, -111.2802, 0, 0, 0
L 1553.6016, -1626.1428, -111.2802, 1552.0305, -1628.0071, -111.2802, 0, 0, 0
L 1572.1246, -1604.1438, -111.2156, 1553.6016, -1626.1428, -111.2802, 0, 0, 0
L 1571.9210, -1602.7164, -111.2802, 1572.1246, -1604.1438, -111.2156, 0, 0, 0
L 1547.3457, -1592.7477, -110.9138, 1571.9210, -1602.7164, -111.2802, 0, 0, 0
L 1548.2352, -1588.2188, -111.2802, 1547.3457, -1592.7477, -110.9138, 0, 0, 0
L 1547.5909, -1587.6101, -111.2802, 1548.2352, -1588.2188, -111.2802, 0, 0, 0
L 1483.4637, -1567.4240, -111.1928, 1547.5909, -1587.6101, -111.2802, 0, 0, 0
L 2256.4407, -1401.8997, -102.8115, 2269.0847, -1403.4709, -102.8115, 150, 100, 0
L 2255.8154, -1402.4510, -102.8115, 2256.4407, -1401.8997, -102.8115, 150, 100, 0
L 2243.9602, -1473.6115, -102.8115, 2255.8154, -1402.4510, -102.8115, 150, 100, 0
L 2240.9917, -1474.6122, -102.8115, 2243.9602, -1473.6115, -102.8115, 150, 100, 0
L 2219.5042, -1475.8269, -102.8115, 2240.9917, -1474.6122, -102.8115, 150, 100, 0
L 2218.9502, -1475.9567, -102.8115, 2219.5042, -1475.8269, -102.8115, 150, 100, 0
L 2183.3274, -1518.2803, -102.8115, 2218.9502, -1475.9567, -102.8115, 150, 100, 0
L 2182.9792, -1518.7539, -102.8115, 2183.3274, -1518.2803, -102.8115, 150, 100, 0
L 2179.6274, -1536.5656, -102.8115, 2182.9792, -1518.7539, -102.8115, 150, 100, 0
L 2179.6799, -1537.0635, -102.8115, 2179.6274, -1536.5656, -102.8115, 150, 100, 0
L 2196.3857, -1577.1516, -102.8115, 2179.6799, -1537.0635, -102.8115, 150, 100, 0
L 2207.6072, -1643.2089, -102.8115, 2196.3857, -1577.1516, -102.8115, 150, 100, 0
L 2193.1868, -1667.6243, -102.8115, 2207.6072, -1643.2089, -102.8115, 150, 100, 0
L 2156.7747, -1679.4312, -102.8115, 2193.1868, -1667.6243, -102.8115, 150, 100, 0
L 2156.3369, -1679.7347, -102.8115, 2156.7747, -1679.4312, -102.8115, 150, 100, 0
L 2140.5352, -1702.3401, -102.8115, 2156.3369, -1679.7347, -102.8115, 150, 100, 0
L 2140.4707, -1703.0361, -102.8115, 2140.5352, -1702.3401, -102.8115, 150, 100, 0
L 2145.9031, -1719.3639, -102.8115, 2140.4707, -1703.0361, -102.8115, 150, 100, 0
L 2146.6389, -1719.8749, -102.8115, 2145.9031, -1719.3639, -102.8115, 150, 100, 0
L 2153.9399, -1719.8749, -102.8115, 2146.6389, -1719.8749, -102.8115, 150, 100, 0
L 2154.6677, -1719.5594, -102.8115, 2153.9399, -1719.8749, -102.8115, 150, 100, 0
L 2205.1096, -1671.3130, -102.8115, 2154.6677, -1719.5594, -102.8115, 150, 100, 0
L 2207.0203, -1671.8424, -102.8115, 2205.1096, -1671.3130, -102.8115, 150, 100, 0
L 2236.6411, -1699.3458, -102.8115, 2207.0203, -1671.8424, -102.8115, 150, 100, 0
L 2195.8352, -1748.5228, -102.8115, 2236.6411, -1699.3458, -102.8115, 150, 100, 0
L 2192.5374, -1751.2144, -102.8115, 2195.8352, -1748.5228, -102.8115, 150, 100, 0
L 2158.6597, -1735.9384, -102.8115, 2192.5374, -1751.2144, -102.8115, 150, 100, 0
L 2158.4272, -1736.6116, -102.8115, 2158.6597, -1735.9384, -102.8115, 150, 100, 0
L 2170.5837, -1757.6548, -102.8115, 2158.4272, -1736.6116, -102.8115, 150, 100, 0
L 2171.1094, -1758.0306, -102.8115, 2170.5837, -1757.6548, -102.8115, 150, 100, 0
L 2197.6760, -1763.5538, -102.8115, 2171.1094, -1758.0306, -102.8115, 150, 100, 0
L 2198.4355, -1763.0872, -102.8115, 2197.6760, -1763.5538, -102.8115, 150, 100, 0
L 2215.9751, -1735.6779, -102.8115, 2198.4355, -1763.0872, -102.8115, 150, 100, 0
L 2247.4116, -1695.2393, -102.8115, 2215.9751, -1735.6779, -102.8115, 150, 100, 0
L 2247.5994, -1694.5713, -102.8115, 2247.4116, -1695.2393, -102.8115, 150, 100, 0
L 2246.5005, -1683.6127, -102.8115, 2247.5994, -1694.5713, -102.8115, 150, 100, 0
L 2247.6138, -1652.5593, -102.8115, 2246.5005, -1683.6127, -102.8115, 150, 100, 0
L 2263.7644, -1649.3173, -102.8115, 2247.6138, -1652.5593, -102.8115, 150, 100, 0
L 2264.4763, -1649.1068, -102.8115, 2263.7644, -1649.3173, -102.8115, 150, 100, 0
L 2293.3369, -1636.8883, -102.8115, 2264.4763, -1649.1068, -102.8115, 150, 100, 0
L 2293.5935, -1636.5254, -102.8115, 2293.3369, -1636.8883, -102.8115, 150, 100, 0
L 2293.5935, -1626.6484, -102.8115, 2293.5935, -1636.5254, -102.8115, 150, 100, 0
L 2293.1279, -1626.0328, -102.8115, 2293.5935, -1626.6484, -102.8115, 150, 100, 0
L 2226.6611, -1614.1945, -102.8115, 2293.1279, -1626.0328, -102.8115, 150, 100, 0
L 2218.9683, -1590.0118, -102.8115, 2226.6611, -1614.1945, -102.8115, 150, 100, 0
L 2218.8120, -1589.6012, -102.8115, 2218.9683, -1590.0118, -102.8115, 150, 100, 0
L 2200.7593, -1554.4755, -102.8115, 2218.8120, -1589.6012, -102.8115, 150, 100, 0
L 2198.7847, -1550.6334, -102.8115, 2200.7593, -1554.4755, -102.8115, 150, 100, 0
L 2211.8196, -1516.3945, -102.8115, 2198.7847, -1550.6334, -102.8115, 150, 100, 0
L 2214.5969, -1509.0994, -102.8115, 2211.8196, -1516.3945, -102.8115, 150, 100, 0
L 2244.1538, -1484.2811, -102.8115, 2214.5969, -1509.0994, -102.8115, 150, 100, 0
L 2244.6348, -1483.4781, -102.8115, 2244.1538, -1484.2811, -102.8115, 150, 100, 0
L 2254.3374, -1459.6741, -102.8115, 2244.6348, -1483.4781, -102.8115, 150, 100, 0
L 2254.5566, -1459.1108, -102.8115, 2254.3374, -1459.6741, -102.8115, 150, 100, 0
L 2266.8762, -1422.4895, -102.8115, 2254.5566, -1459.1108, -102.8115, 150, 100, 0
L 2278.3875, -1431.2416, -102.8115, 2266.8762, -1422.4895, -102.8115, 150, 100, 0
L 2261.5168, -1497.1729, -102.8115, 2278.3875, -1431.2416, -102.8115, 150, 100, 0
L 2261.4888, -1497.8469, -102.8115, 2261.5168, -1497.1729, -102.8115, 150, 100, 0
L 2265.8904, -1521.9647, -102.8115, 2261.4888, -1497.8469, -102.8115, 150, 100, 0
L 2266.0303, -1522.5828, -102.8115, 2265.8904, -1521.9647, -102.8115, 150, 100, 0
L 2273.7378, -1551.2327, -102.8115, 2266.0303, -1522.5828, -102.8115, 150, 100, 0
L 2275.9153, -1568.3817, -102.8115, 2273.7378, -1551.2327, -102.8115, 150, 100, 0
L 2276.0251, -1569.2581, -102.8115, 2275.9153, -1568.3817, -102.8115, 150, 100, 0
L 2282.7068, -1601.6123, -102.8115, 2276.0251, -1569.2581, -102.8115, 150, 100, 0
L 2283.1125, -1602.1903, -102.8115, 2282.7068, -1601.6123, -102.8115, 150, 100, 0
L 2304.1343, -1612.1627, -102.8115, 2283.1125, -1602.1903, -102.8115, 150, 100, 0
L 2314.0713, -1630.9297, -102.8115, 2304.1343, -1612.1627, -102.8115, 150, 100, 0
L 2303.0273, -1650.0464, -102.8115, 2314.0713, -1630.9297, -102.8115, 150, 100, 0
L 2302.3271, -1649.7877, -102.8115, 2303.0273, -1650.0464, -102.8115, 150, 100, 0
L 2300.2908, -1651.7225, -102.8115, 2302.3271, -1649.7877, -102.8115, 150, 100, 0
L 2300.2905, -1652.0449, -103.3740, 2300.2908, -1651.7225, -102.8115, 150, 100, 0
L 2300.6602, -1652.6265, -103.3740, 2300.2905, -1652.0449, -103.3740, 150, 100, 0
L 2265.2349, -1661.9109, -102.8115, 2300.6602, -1652.6265, -103.3740, 150, 100, 0
L 2264.8103, -1662.3501, -102.8115, 2265.2349, -1661.9109, -102.8115, 150, 100, 0
L 2263.6936, -1686.8525, -102.8115, 2264.8103, -1662.3501, -102.8115, 150, 100, 0
L 2264.5671, -1687.2384, -102.8115, 2263.6936, -1686.8525, -102.8115, 150, 100, 0
L 2316.7925, -1671.6594, -102.8115, 2264.5671, -1687.2384, -102.8115, 150, 100, 0
L 2317.1577, -1671.4602, -102.8115, 2316.7925, -1671.6594, -102.8115, 150, 100, 0
L 2330.0815, -1662.8542, -102.8115, 2317.1577, -1671.4602, -102.8115, 150, 100, 0
L 2330.6292, -1662.2458, -102.8115, 2330.0815, -1662.8542, -102.8115, 150, 100, 0
L 2341.6921, -1624.5753, -102.8115, 2330.6292, -1662.2458, -102.8115, 150, 100, 0
L 2341.5396, -1623.6459, -102.8115, 2341.6921, -1624.5753, -102.8115, 150, 100, 0
L 2335.0640, -1610.6649, -102.8115, 2341.5396, -1623.6459, -102.8115, 150, 100, 0
L 2334.5786, -1610.2982, -102.8115, 2335.0640, -1610.6649, -102.8115, 150, 100, 0
L 2308.0862, -1599.2521, -102.8115, 2334.5786, -1610.2982, -102.8115, 150, 100, 0
L 2276.9617, -1506.9435, -102.8115, 2308.0862, -1599.2521, -102.8115, 150, 100, 0
L 2276.6277, -1507.0112, -103.3740, 2276.9617, -1506.9435, -102.8115, 150, 100, 0
L 2277.2493, -1503.1233, -102.8115, 2276.6277, -1507.0112, -103.3740, 150, 100, 0
L 2278.2161, -1496.0771, -102.8115, 2277.2493, -1503.1233, -102.8115, 150, 100, 0
L 2286.7556, -1434.2882, -102.8115, 2278.2161, -1496.0771, -102.8115, 150, 100, 0
L 2286.8313, -1433.4985, -102.8115, 2286.7556, -1434.2882, -102.8115, 150, 100, 0
L 2283.3938, -1405.3323, -102.8115, 2286.8313, -1433.4985, -102.8115, 150, 100, 0
L 2282.9182, -1405.1901, -102.8115, 2283.3938, -1405.3323, -102.8115, 150, 100, 0
L 2263.9414, -1402.8317, -102.8115, 2282.9182, -1405.1901, -102.8115, 150, 100, 0
L 1786.3900, 1092.2269, -107.7042, 1805.1230, 1105.9283, -107.5315, 0, 150, 0
L 1778.4189, 1088.4313, -108.1774, 1786.3900, 1092.2269, -107.7042, 0, 150, 0
L 1760.2178, 1080.3551, -109.3263, 1778.4189, 1088.4313, -108.1774, 0, 150, 0
L 1750.4028, 1079.5115, -110.3530, 1760.2178, 1080.3551, -109.3263, 0, 150, 0
L 1714.2684, 1083.7339, -103.9955, 1750.4028, 1079.5115, -110.3530, 0, 150, 0
L 1705.9375, 1089.3385, -99.9188, 1714.2684, 1083.7339, -103.9955, 0, 150, 0
L 1699.9333, 1097.4224, -97.0620, 1705.9375, 1089.3385, -99.9188, 0, 150, 0
L 1694.9436, 1107.9554, -98.3931, 1699.9333, 1097.4224, -97.0620, 0, 150, 0
L 1685.2821, 1139.0198, -110.6653, 1694.9436, 1107.9554, -98.3931, 0, 150, 0
L 1681.7112, 1146.5261, -111.4329, 1685.2821, 1139.0198, -110.6653, 0, 150, 0
L 1658.3330, 1182.3009, -110.4155, 1681.7112, 1146.5261, -111.4329, 0, 150, 0
L 1651.0056, 1187.5443, -105.8330, 1658.3330, 1182.3009, -110.4155, 0, 150, 0
L 1617.1405, 1201.4082, -110.8244, 1651.0056, 1187.5443, -105.8330, 0, 150, 0
L 1598.6248, 1206.3536, -110.7557, 1617.1405, 1201.4082, -110.8244, 0, 150, 0
L 1404.9109, 1230.0201, -99.1619, 1598.6248, 1206.3536, -110.7557, 0, 150, 0
L 1395.7384, 1228.7039, -98.7109, 1404.9109, 1230.0201, -99.1619, 0, 150, 0
L 1387.8203, 1225.2465, -97.7078, 1395.7384, 1228.7039, -98.7109, 0, 150, 0
L 1376.1036, 1217.2258, -98.7275, 1387.8203, 1225.2465, -97.7078, 0, 150, 0
L 1370.9559, 1212.3751, -98.7367, 1376.1036, 1217.2258, -98.7275, 0, 150, 0
L 1363.3408, 1202.0771, -97.7693, 1370.9559, 1212.3751, -98.7367, 0, 150, 0
L 1342.5215, 1164.6255, -103.3763, 1363.3408, 1202.0771, -97.7693, 0, 150, 0
L 1339.8928, 1153.8530, -103.9815, 1342.5215, 1164.6255, -103.3763, 0, 150, 0
L 1338.5973, 1139.3507, -98.9007, 1339.8928, 1153.8530, -103.9815, 0, 150, 0
L 1339.8544, 1130.7673, -96.0884, 1338.5973, 1139.3507, -98.9007, 0, 150, 0
L 1348.0569, 1102.3878, -90.9873, 1339.8544, 1130.7673, -96.0884, 0, 150, 0
L 1368.4974, 1059.6837, -107.6595, 1348.0569, 1102.3878, -90.9873, 0, 150, 0
L 1370.1616, 1050.3806, -107.5416, 1368.4974, 1059.6837, -107.6595, 0, 150, 0
L 1369.2705, 1023.9561, -109.3938, 1370.1616, 1050.3806, -107.5416, 0, 150, 0
L 1366.9830, 1014.8582, -110.0770, 1369.2705, 1023.9561, -109.3938, 0, 150, 0
L 1366.7242, 1002.0703, -111.0375, 1366.9830, 1014.8582, -110.0770, 0, 150, 0
L 1369.3792, 994.2576, -111.2802, 1366.7242, 1002.0703, -111.0375, 0, 150, 0
L 1373.6890, 986.2960, -111.2802, 1369.3792, 994.2576, -111.2802, 0, 150, 0
L 1394.5382, 959.3966, -102.5221, 1373.6890, 986.2960, -111.2802, 0, 150, 0
L 1402.7007, 953.1571, -93.5471, 1394.5382, 959.3966, -102.5221, 0, 150, 0
L 1413.8312, 946.2379, -89.1801, 1402.7007, 953.1571, -93.5471, 0, 150, 0
L 1424.0131, 937.8696, -90.8421, 1413.8312, 946.2379, -89.1801, 0, 150, 0
L 1456.5321, 788.4551, -111.5198, 1451.8406, 795.9415, -111.4616, 0, 150, 0
L 1462.6571, 783.4803, -111.6643, 1456.5321, 788.4551, -111.5198, 0, 150, 0
L 1477.4176, 775.8614, -111.8849, 1462.6571, 783.4803, -111.6643, 0, 150, 0
L 1485.4221, 773.7685, -111.9450, 1477.4176, 775.8614, -111.8849, 0, 150, 0
L 1493.6948, 772.8615, -111.9704, 1485.4221, 773.7685, -111.9450, 0, 150, 0
L 1550.0122, 771.7543, -116.3056, 1493.6948, 772.8615, -111.9704, 0, 150, 0
L 1570.6477, 768.5035, -117.6524, 1550.0122, 771.7543, -116.3056, 0, 150, 0
L 1595.6451, 768.6567, -121.2011, 1570.6477, 768.5035, -117.6524, 0, 150, 0
L 1604.2118, 770.5748, -118.4895, 1595.6451, 768.6567, -121.2011, 0, 150, 0
L 1632.1328, 779.1773, -108.3792, 1604.2118, 770.5748, -118.4895, 0, 150, 0
L 1644.2961, 780.4723, -105.1581, 1632.1328, 779.1773, -108.3792, 0, 150, 0
L 1739.0511, 784.8162, -94.2769, 1644.2961, 780.4723, -105.1581, 0, 150, 0
L 1746.9520, 784.0621, -93.8335, 1739.0511, 784.8162, -94.2769, 0, 150, 0
L 1754.9406, 782.0411, -93.7476, 1746.9520, 784.0621, -93.8335, 0, 150, 0
L 1764.0549, 778.0946, -94.1105, 1754.9406, 782.0411, -93.7476, 0, 150, 0
L 1772.2441, 772.4316, -95.0503, 1764.0549, 778.0946, -94.1105, 0, 150, 0
L 1783.0630, 761.6374, -99.0835, 1772.2441, 772.4316, -95.0503, 0, 150, 0
L 1786.7305, 756.0867, -101.1740, 1783.0630, 761.6374, -99.0835, 0, 150, 0
L 1792.3473, 743.7185, -105.8321, 1786.7305, 756.0867, -101.1740, 0, 150, 0
L 1798.0327, 736.5552, -107.4915, 1792.3473, 743.7185, -105.8321, 0, 150, 0
L 1803.9806, 731.7358, -106.9534, 1798.0327, 736.5552, -107.4915, 0, 150, 0
L 1812.1212, 728.0338, -106.8474, 1803.9806, 731.7358, -106.9534, 0, 150, 0
L 1819.5040, 727.2083, -104.7251, 1812.1212, 728.0338, -106.8474, 0, 150, 0
L 1830.1132, 727.5542, -101.6718, 1819.5040, 727.2083, -104.7251, 0, 150, 0
L 1836.2758, 726.9000, -99.9133, 1830.1132, 727.5542, -101.6718, 0, 150, 0
L 1845.0308, 723.9285, -97.4413, 1836.2758, 726.9000, -99.9133, 0, 150, 0
L 1851.9166, 718.7792, -95.4983, 1845.0308, 723.9285, -97.4413, 0, 150, 0
L 1856.0405, 712.4185, -94.5944, 1851.9166, 718.7792, -95.4983, 0, 150, 0
L 1857.8433, 706.4063, -94.3292, 1856.0405, 712.4185, -94.5944, 0, 150, 0
L 1857.9740, 696.7147, -94.5786, 1857.8433, 706.4063, -94.3292, 0, 150, 0
L 1857.0070, 689.9446, -95.0256, 1857.9740, 696.7147, -94.5786, 0, 150, 0
L 1853.3118, 681.6207, -96.2212, 1857.0070, 689.9446, -95.0256, 0, 150, 0
L 1848.5685, 675.1746, -97.6321, 1853.3118, 681.6207, -96.2212, 0, 150, 0
L 1837.9075, 664.4794, -100.6926, 1848.5685, 675.1746, -97.6321, 0, 150, 0
L 1834.5387, 658.8766, -101.6371, 1837.9075, 664.4794, -100.6926, 0, 150, 0
L 1832.5013, 652.5145, -102.1623, 1834.5387, 658.8766, -101.6371, 0, 150, 0
L 1833.7903, 642.3062, -101.7856, 1832.5013, 652.5145, -102.1623, 0, 150, 0
L 1840.1274, 628.2540, -102.2239, 1833.7903, 642.3062, -101.7856, 0, 150, 0
L 1841.3712, 621.0724, -103.8520, 1840.1274, 628.2540, -102.2239, 0, 150, 0
L 1840.7212, 614.0110, -105.5065, 1841.3712, 621.0724, -103.8520, 0, 150, 0
L 1838.7452, 607.4867, -107.0746, 1840.7212, 614.0110, -105.5065, 0, 150, 0
L 1838.1997, 599.9891, -108.8302, 1838.7452, 607.4867, -107.0746, 0, 150, 0
L 1839.9769, 592.0633, -110.5489, 1838.1997, 599.9891, -108.8302, 0, 150, 0
L 1859.1165, 541.9478, -112.0541, 1839.9769, 592.0633, -110.5489, 0, 150, 0
L 1863.2820, 535.9609, -111.3714, 1859.1165, 541.9478, -112.0541, 0, 150, 0
L 1868.3284, 531.2360, -106.9359, 1863.2820, 535.9609, -111.3714, 0, 150, 0
L 1899.8682, 509.4865, -97.7414, 1868.3284, 531.2360, -106.9359, 0, 150, 0
L 1909.2465, 501.3384, -94.5718, 1899.8682, 509.4865, -97.7414, 0, 150, 0
L 1913.8710, 495.2858, -94.1522, 1909.2465, 501.3384, -94.5718, 0, 150, 0
L 1916.9031, 489.5452, -94.1222, 1913.8710, 495.2858, -94.1522, 0, 150, 0
L 1920.7521, 478.4973, -94.6229, 1916.9031, 489.5452, -94.1222, 0, 150, 0
L 1922.1508, 471.4610, -95.2433, 1920.7521, 478.4973, -94.6229, 0, 150, 0
L 1922.6359, 464.2839, -96.1458, 1922.1508, 471.4610, -95.2433, 0, 150, 0
L 1921.0284, 439.5681, -96.9168, 1922.6359, 464.2839, -96.1458, 0, 150, 0
L 1916.2816, 413.6530, -98.1394, 1921.0284, 439.5681, -96.9168, 0, 150, 0
L 1904.3337, 371.4883, -100.7919, 1916.2816, 413.6530, -98.1394, 0, 150, 0
L 1904.0261, 363.2448, -100.6793, 1904.3337, 371.4883, -100.7919, 0, 150, 0
L 1905.7119, 355.0110, -99.9714, 1904.0261, 363.2448, -100.6793, 0, 150, 0
L 1907.9170, 346.4675, -99.1492, 1905.7119, 355.0110, -99.9714, 0, 150, 0
L 1908.6844, 339.8965, -98.7721, 1907.9170, 346.4675, -99.1492, 0, 150, 0
L 1906.4355, 265.3823, -91.8378, 1908.6844, 339.8965, -98.7721, 0, 150, 0
L 1904.8906, 258.6646, -91.1271, 1906.4355, 265.3823, -91.8378, 0, 150, 0
L 1900.5562, 246.5514, -93.1172, 1904.8906, 258.6646, -91.1271, 0, 150, 0
L 1900.2356, 238.2468, -93.2726, 1900.5562, 246.5514, -93.1172, 0, 150, 0
L 1901.8766, 231.2476, -92.4299, 1900.2356, 238.2468, -93.2726, 0, 150, 0
L 1923.3042, 166.8754, -104.6505, 1901.8766, 231.2476, -92.4299, 0, 150, 0
L 1934.8260, 140.6849, -104.0563, 1923.3042, 166.8754, -104.6505, 0, 150, 0
L 1936.9456, 131.5930, -101.5761, 1934.8260, 140.6849, -104.0563, 0, 150, 0
L 1937.1344, 123.4761, -103.1092, 1936.9456, 131.5930, -101.5761, 0, 150, 0
L 1935.6324, 114.9220, -103.1983, 1937.1344, 123.4761, -103.1092, 0, 150, 0
L 1932.4006, 107.7401, -103.8943, 1935.6324, 114.9220, -103.1983, 0, 150, 0
L 1927.3981, 102.0914, -102.1621, 1932.4006, 107.7401, -103.8943, 0, 150, 0
L 1917.1986, 96.9376, -100.3641, 1927.3981, 102.0914, -102.1621, 0, 150, 0
L 1901.5363, 93.3505, -98.9348, 1917.1986, 96.9376, -100.3641, 0, 150, 0
L 1884.5540, 93.2891, -99.3649, 1901.5363, 93.3505, -98.9348, 0, 150, 0
L 1873.0254, 96.3069, -100.7211, 1884.5540, 93.2891, -99.3649, 0, 150, 0
L 1853.2208, 104.4303, -94.3909, 1873.0254, 96.3069, -100.7211, 0, 150, 0
L 1842.5220, 110.8884, -94.9974, 1853.2208, 104.4303, -94.3909, 0, 150, 0
L 1811.8337, 138.0679, -101.3946, 1842.5220, 110.8884, -94.9974, 0, 150, 0
L 1802.4551, 140.8173, -102.6766, 1811.8337, 138.0679, -101.3946, 0, 150, 0
L 1795.4469, 139.9600, -102.1637, 1802.4551, 140.8173, -102.6766, 0, 150, 0
L 1785.1071, 138.0131, -98.9258, 1795.4469, 139.9600, -102.1637, 0, 150, 0
L 1777.7900, 138.9212, -97.2515, 1785.1071, 138.0131, -98.9258, 0, 150, 0
L 1770.5874, 141.7504, -96.0507, 1777.7900, 138.9212, -97.2515, 0, 150, 0
L 1765.1389, 145.3174, -95.5148, 1770.5874, 141.7504, -96.0507, 0, 150, 0
L 1755.3394, 154.4821, -97.1937, 1765.1389, 145.3174, -95.5148, 0, 150, 0
L 1750.5919, 160.0629, -100.9760, 1755.3394, 154.4821, -97.1937, 0, 150, 0
L 1743.0763, 170.5701, -107.9816, 1750.5919, 160.0629, -100.9760, 0, 150, 0
L 1737.2679, 175.5312, -111.4726, 1743.0763, 170.5701, -107.9816, 0, 150, 0
L 1730.8503, 178.8350, -114.0043, 1737.2679, 175.5312, -111.4726, 0, 150, 0
L 1683.1134, 196.8524, -117.3859, 1730.8503, 178.8350, -114.0043, 0, 150, 0
L 1606.8541, 213.2567, -108.7146, 1683.1134, 196.8524, -117.3859, 0, 150, 0
L 1600.2029, 212.2791, -108.6522, 1606.8541, 213.2567, -108.7146, 0, 150, 0
L 1592.4131, 210.1440, -108.4751, 1600.2029, 212.2791, -108.6522, 0, 150, 0
L 1585.3833, 209.5147, -107.6386, 1592.4131, 210.1440, -108.4751, 0, 150, 0
L 1579.1691, 210.0853, -106.9617, 1585.3833, 209.5147, -107.6386, 0, 150, 0
L 1573.3640, 211.5641, -106.3859, 1579.1691, 210.0853, -106.9617, 0, 150, 0
L 1558.2704, 217.9077, -105.0303, 1573.3640, 211.5641, -106.3859, 0, 150, 0
L 1551.9949, 221.6639, -105.0076, 1558.2704, 217.9077, -105.0303, 0, 150, 0
L 1547.2712, 225.3356, -105.5727, 1551.9949, 221.6639, -105.0076, 0, 150, 0
L 1525.8477, 247.8582, -109.1051, 1547.2712, 225.3356, -105.5727, 0, 150, 0
L 1520.0105, 251.8287, -105.7089, 1525.8477, 247.8582, -109.1051, 0, 150, 0
L 1473.5309, 274.7064, -93.8402, 1520.0105, 251.8287, -105.7089, 0, 150, 0
L 1464.9486, 276.2621, -93.9679, 1473.5309, 274.7064, -93.8402, 0, 150, 0
L 1452.4297, 280.1925, -95.9008, 1464.9486, 276.2621, -93.9679, 0, 150, 0
L 1438.2007, 286.6690, -102.0243, 1452.4297, 280.1925, -95.9008, 0, 150, 0
L 1427.5656, 288.1525, -105.5734, 1438.2007, 286.6690, -102.0243, 0, 150, 0
L 1420.1096, 287.0363, -107.4016, 1427.5656, 288.1525, -105.5734, 0, 150, 0
L 1413.6519, 284.5755, -108.1075, 1420.1096, 287.0363, -107.4016, 0, 150, 0
L 1406.9044, 281.5539, -108.2218, 1413.6519, 284.5755, -108.1075, 0, 150, 0
L 1399.1981, 280.8688, -108.4987, 1406.9044, 281.5539, -108.2218, 0, 150, 0
L 1381.7896, 282.0197, -109.3380, 1399.1981, 280.8688, -108.4987, 0, 150, 0
L 1374.8416, 281.2360, -109.6595, 1381.7896, 282.0197, -109.3380, 0, 150, 0
L 1358.9918, 277.1129, -110.2697, 1374.8416, 281.2360, -109.6595, 0, 150, 0
L 1352.6796, 276.3039, -110.5567, 1358.9918, 277.1129, -110.2697, 0, 150, 0
L 1256.2909, 278.1729, -108.5689, 1352.6796, 276.3039, -110.5567, 0, 150, 0
L 1218.9835, 269.9850, -105.2471, 1256.2909, 278.1729, -108.5689, 0, 150, 0
L 1211.1343, 269.5925, -104.5506, 1218.9835, 269.9850, -105.2471, 0, 150, 0
L 1174.2383, 271.1027, -102.1605, 1211.1343, 269.5925, -104.5506, 0, 150, 0
L 1166.2819, 272.9673, -101.3279, 1174.2383, 271.1027, -102.1605, 0, 150, 0
L 1160.5566, 275.4295, -100.8955, 1166.2819, 272.9673, -101.3279, 0, 150, 0
L 1155.3701, 278.8502, -100.6740, 1160.5566, 275.4295, -100.8955, 0, 150, 0
L 1149.1885, 284.7872, -100.6719, 1155.3701, 278.8502, -100.6740, 0, 150, 0
L 1121.9387, 319.2320, -108.7170, 1149.1885, 284.7872, -100.6719, 0, 150, 0
L 1115.4247, 324.0685, -109.8334, 1121.9387, 319.2320, -108.7170, 0, 150, 0
L 1073.8458, 346.8448, -104.8309, 1115.4247, 324.0685, -109.8334, 0, 150, 0
L 1066.4757, 349.4229, -104.4860, 1073.8458, 346.8448, -104.8309, 0, 150, 0
L 1057.3986, 350.3739, -104.3332, 1066.4757, 349.4229, -104.4860, 0, 150, 0
L 1025.7220, 350.3899, -106.7878, 1057.3986, 350.3739, -104.3332, 0, 150, 0
L 1008.0377, 345.6619, -108.5164, 1025.7220, 350.3899, -106.7878, 0, 150, 0
L 1000.6575, 340.2542, -108.8508, 1008.0377, 345.6619, -108.5164, 0, 150, 0
L 996.7750, 335.4595, -108.7946, 1000.6575, 340.2542, -108.8508, 0, 150, 0
L 973.8474, 302.4640, -102.8829, 985.8839, 313.2677, -105.4446, 0, 150, 0
L 968.2662, 299.2881, -100.7019, 973.8474, 302.4640, -102.8829, 0, 150, 0
L 960.7797, 297.0815, -98.2503, 968.2662, 299.2881, -100.7019, 0, 150, 0
L 952.8406, 296.5998, -96.1628, 960.7797, 297.0815, -98.2503, 0, 150, 0
L 944.9531, 298.0321, -96.0507, 952.8406, 296.5998, -96.1628, 0, 150, 0
L 938.4590, 300.1615, -96.7592, 944.9531, 298.0321, -96.0507, 0, 150, 0
L 931.2798, 304.0956, -98.2716, 938.4590, 300.1615, -96.7592, 0, 150, 0
L 866.3005, 348.6269, -90.8299, 931.2798, 304.0956, -98.2716, 0, 150, 0
L 856.9305, 349.4085, -89.7814, 866.3005, 348.6269, -90.8299, 0, 150, 0
L 824.7466, 340.1996, -83.6524, 856.9305, 349.4085, -89.7814, 0, 150, 0
L 817.0181, 338.9659, -82.7371, 824.7466, 340.1996, -83.6524, 0, 150, 0
L 809.6891, 338.7495, -82.1889, 817.0181, 338.9659, -82.7371, 0, 150, 0
L 803.2955, 339.2258, -81.9339, 809.6891, 338.7495, -82.1889, 0, 150, 0
L 757.5543, 348.0824, -87.1364, 803.2955, 339.2258, -81.9339, 0, 150, 0
L 735.1556, 350.2181, -90.3095, 757.5543, 348.0824, -87.1364, 0, 150, 0
L 726.5992, 352.9845, -91.9169, 735.1556, 350.2181, -90.3095, 0, 150, 0
L 715.7018, 358.3358, -94.4056, 726.5992, 352.9845, -91.9169, 0, 150, 0
L 705.3499, 358.3215, -95.0725, 715.7018, 358.3358, -94.4056, 0, 150, 0
L 697.1572, 354.5628, -96.5430, 705.3499, 358.3215, -95.0725, 0, 150, 0
L 669.5603, 337.8559, -99.9471, 697.1572, 354.5628, -96.5430, 0, 150, 0
L 658.6569, 330.0631, -100.8356, 669.5603, 337.8559, -99.9471, 0, 150, 0
L 645.1379, 319.0996, -101.6397, 658.6569, 330.0631, -100.8356, 0, 150, 0
L 619.8588, 296.5327, -102.8511, 645.1379, 319.0996, -101.6397, 0, 150, 0
L 611.1983, 287.7219, -102.9096, 619.8588, 296.5327, -102.8511, 0, 150, 0
L 598.9487, 278.5501, -104.1458, 611.1983, 287.7219, -102.9096, 0, 150, 0
L 593.5012, 275.4340, -105.0338, 598.9487, 278.5501, -104.1458, 0, 150, 0
L 587.4466, 272.8343, -106.3239, 593.5012, 275.4340, -105.0338, 0, 150, 0
L 581.2798, 270.8719, -107.2963, 587.4466, 272.8343, -106.3239, 0, 150, 0
L 573.4540, 269.4439, -107.7956, 581.2798, 270.8719, -107.2963, 0, 150, 0
L 551.2130, 267.6880, -108.6557, 573.4540, 269.4439, -107.7956, 0, 150, 0
L 545.1860, 266.6238, -108.8177, 551.2130, 267.6880, -108.6557, 0, 150, 0
L 538.0439, 264.4356, -108.9560, 545.1860, 266.6238, -108.8177, 0, 150, 0
L 530.6081, 261.4149, -109.0568, 538.0439, 264.4356, -108.9560, 0, 150, 0
L 511.6452, 252.6317, -109.4506, 530.6081, 261.4149, -109.0568, 0, 150, 0
L 491.0941, 240.8233, -110.0110, 511.6452, 252.6317, -109.4506, 0, 150, 0
L 484.4414, 235.1911, -110.1613, 491.0941, 240.8233, -110.0110, 0, 150, 0
L 479.6259, 230.2471, -110.2552, 484.4414, 235.1911, -110.1613, 0, 150, 0
L 471.8483, 224.1161, -110.4387, 479.6259, 230.2471, -110.2552, 0, 150, 0
L 466.7226, 219.2415, -110.5453, 471.8483, 224.1161, -110.4387, 0, 150, 0
L 463.0257, 213.3567, -110.5810, 466.7226, 219.2415, -110.5453, 0, 150, 0
L 461.0519, 206.4698, -110.5297, 463.0257, 213.3567, -110.5810, 0, 150, 0
L 461.4215, 198.0928, -110.3658, 461.0519, 206.4698, -110.5297, 0, 150, 0
L 463.8874, 191.0544, -110.1502, 461.4215, 198.0928, -110.3658, 0, 150, 0
L 470.2470, 178.0034, -109.9055, 463.8874, 191.0544, -110.1502, 0, 150, 0
L 480.2172, 161.7250, -109.6684, 470.2470, 178.0034, -109.9055, 0, 150, 0
L 485.5085, 155.2322, -109.6725, 480.2172, 161.7250, -109.6684, 0, 150, 0
L 490.7940, 149.8136, -109.6575, 485.5085, 155.2322, -109.6725, 0, 150, 0
L 506.8109, 136.9888, -105.1229, 490.7940, 149.8136, -109.6575, 0, 150, 0
L 515.0386, 132.6506, -101.5420, 506.8109, 136.9888, -105.1229, 0, 150, 0
L 534.9686, 125.2365, -104.0840, 515.0386, 132.6506, -101.5420, 0, 150, 0
L 589.1625, 113.3061, -94.8933, 534.9686, 125.2365, -104.0840, 0, 150, 0
L 596.8164, 109.5095, -92.3585, 589.1625, 113.3061, -94.8933, 0, 150, 0
L 604.9977, 102.6774, -90.0442, 596.8164, 109.5095, -92.3585, 0, 150, 0
L 633.9139, 73.5924, -99.4251, 604.9977, 102.6774, -90.0442, 0, 150, 0
L 640.9119, 69.3081, -99.8620, 633.9139, 73.5924, -99.4251, 0, 150, 0
L 665.7457, 60.0201, -94.0220, 640.9119, 69.3081, -99.8620, 0, 150, 0
L 686.7852, 55.6781, -87.8949, 665.7457, 60.0201, -94.0220, 0, 150, 0
L 718.2625, 42.4972, -84.4754, 686.7852, 55.6781, -87.8949, 0, 150, 0
L 725.6215, 37.8316, -86.0272, 718.2625, 42.4972, -84.4754, 0, 150, 0
L 731.1033, 32.5615, -87.8422, 725.6215, 37.8316, -86.0272, 0, 150, 0
L 746.5292, 13.3095, -96.0012, 731.1033, 32.5615, -87.8422, 0, 150, 0
L 773.5759, -9.0862, -108.4434, 746.5292, 13.3095, -96.0012, 0, 150, 0
L 781.3765, -12.9905, -109.4430, 773.5759, -9.0862, -108.4434, 0, 150, 0
L 811.5836, -23.2580, -107.6746, 781.3765, -12.9905, -109.4430, 0, 150, 0
L 861.8526, -43.9744, -109.2379, 811.5836, -23.2580, -107.6746, 0, 150, 0
L 869.6678, -43.6598, -109.6297, 861.8526, -43.9744, -109.2379, 0, 150, 0
L 879.5196, -41.3375, -109.9565, 869.6678, -43.6598, -109.6297, 0, 150, 0
L 911.2296, -31.9735, -109.7554, 879.5196, -41.3375, -109.9565, 0, 150, 0
L 920.5401, -30.6426, -110.0216, 911.2296, -31.9735, -109.7554, 0, 150, 0
L 991.8721, -28.7925, -110.3988, 920.5401, -30.6426, -110.0216, 0, 150, 0
L 1026.3002, -35.6530, -108.0139, 991.8721, -28.7925, -110.3988, 0, 150, 0
L 1033.8875, -38.9708, -107.1700, 1026.3002, -35.6530, -108.0139, 0, 150, 0
L 1044.6517, -45.7887, -105.8994, 1033.8875, -38.9708, -107.1700, 0, 150, 0
L 1068.9307, -66.8148, -90.8367, 1044.6517, -45.7887, -105.8994, 0, 150, 0
L 1087.4122, -81.1566, -89.3073, 1068.9307, -66.8148, -90.8367, 0, 150, 0
L 1091.5366, -90.1871, -87.8513, 1087.4122, -81.1566, -89.3073, 0, 150, 0
L 1091.5583, -98.9100, -87.8850, 1091.5366, -90.1871, -87.8513, 0, 150, 0
L 1088.3202, -107.9283, -89.8754, 1091.5583, -98.9100, -87.8850, 0, 150, 0
L 1059.2023, -163.0822, -97.4228, 1088.3202, -107.9283, -89.8754, 0, 150, 0
L 1050.9447, -189.6802, -85.2249, 1059.2023, -163.0822, -97.4228, 0, 150, 0
L 1045.1105, -198.4577, -81.6286, 1050.9447, -189.6802, -85.2249, 0, 150, 0
L 1031.0212, -211.8937, -78.1597, 1045.1105, -198.4577, -81.6286, 0, 150, 0
L 1021.2816, -216.5857, -78.2931, 1031.0212, -211.8937, -78.1597, 0, 150, 0
L 1008.0389, -221.9160, -79.3028, 1021.2816, -216.5857, -78.2931, 0, 150, 0
L 950.0497, -268.2506, -77.1371, 1008.0389, -221.9160, -79.3028, 0, 150, 0
L 940.6348, -270.2292, -78.1524, 950.0497, -268.2506, -77.1371, 0, 150, 0
L 931.0599, -268.0116, -80.3007, 940.6348, -270.2292, -78.1524, 0, 150, 0
L 924.1484, -263.0850, -83.4811, 931.0599, -268.0116, -80.3007, 0, 150, 0
L 919.8989, -257.8793, -86.9129, 924.1484, -263.0850, -83.4811, 0, 150, 0
L 911.4680, -253.3268, -91.3689, 919.8989, -257.8793, -86.9129, 0, 150, 0
L 891.5926, -252.6000, -99.7201, 911.4680, -253.3268, -91.3689, 0, 150, 0
L 883.3713, -253.5014, -102.7145, 891.5926, -252.6000, -99.7201, 0, 150, 0
L 876.1005, -255.4701, -104.8854, 883.3713, -253.5014, -102.7145, 0, 150, 0
L 866.2065, -259.9904, -107.0895, 876.1005, -255.4701, -104.8854, 0, 150, 0
L 858.7551, -262.7584, -108.0108, 866.2065, -259.9904, -107.0895, 0, 150, 0
L 851.2276, -263.7151, -108.3727, 858.7551, -262.7584, -108.0108, 0, 150, 0
L 844.1573, -263.8198, -108.7514, 851.2276, -263.7151, -108.3727, 0, 150, 0
L 774.5995, -257.0904, -110.0528, 844.1573, -263.8198, -108.7514, 0, 150, 0
L 765.3539, -257.5896, -110.2931, 774.5995, -257.0904, -110.0528, 0, 150, 0
L 704.2150, -268.3811, -111.2802, 765.3539, -257.5896, -110.2931, 0, 150, 0
L 695.2078, -271.4521, -111.2802, 704.2150, -268.3811, -111.2802, 0, 150, 0
L 680.7772, -277.1652, -111.2802, 695.2078, -271.4521, -111.2802, 0, 150, 0
L 670.8047, -282.2447, -111.2775, 680.7772, -277.1652, -111.2802, 0, 150, 0
L 664.1206, -287.2555, -111.2610, 670.8047, -282.2447, -111.2775, 0, 150, 0
L 657.7150, -294.2842, -111.2381, 664.1206, -287.2555, -111.2610, 0, 150, 0
L 645.7836, -311.5552, -111.1820, 657.7150, -294.2842, -111.2381, 0, 150, 0
L 619.6606, -362.3778, -111.1077, 645.7836, -311.5552, -111.1820, 0, 150, 0
L 617.0760, -369.5341, -111.1100, 619.6606, -362.3778, -111.1077, 0, 150, 0
L 613.3952, -387.3718, -110.3462, 617.0760, -369.5341, -111.1100, 0, 150, 0
L 612.9720, -395.9340, -109.9047, 613.3952, -387.3718, -110.3462, 0, 150, 0
L 613.3440, -403.1335, -109.4882, 612.9720, -395.9340, -109.9047, 0, 150, 0
L 616.6816, -426.8367, -108.6037, 613.3440, -403.1335, -109.4882, 0, 150, 0
L 616.3922, -439.5405, -108.4100, 616.6816, -426.8367, -108.6037, 0, 150, 0
L 615.1644, -449.3697, -107.6339, 616.3922, -439.5405, -108.4100, 0, 150, 0
L 611.9567, -460.7299, -107.0181, 615.1644, -449.3697, -107.6339, 0, 150, 0
L 603.8606, -479.0241, -106.4705, 611.9567, -460.7299, -107.0181, 0, 150, 0
L 557.6888, -550.8469, -106.4895, 603.8606, -479.0241, -106.4705, 0, 150, 0
L 555.3128, -558.8591, -106.5448, 557.6888, -550.8469, -106.4895, 0, 150, 0
L 554.8132, -567.1895, -105.9475, 555.3128, -558.8591, -106.5448, 0, 150, 0
L 555.0646, -583.9470, -100.4982, 554.8132, -567.1895, -105.9475, 0, 150, 0
L 551.9832, -601.9896, -95.9835, 555.0646, -583.9470, -100.4982, 0, 150, 0
L 548.4761, -610.9538, -94.5127, 551.9832, -601.9896, -95.9835, 0, 150, 0
L 544.2967, -621.5884, -93.7806, 548.4761, -610.9538, -94.5127, 0, 150, 0
L 541.7513, -641.0724, -95.0928, 544.2967, -621.5884, -93.7806, 0, 150, 0
L 542.1768, -656.3158, -93.4370, 541.7513, -641.0724, -95.0928, 0, 150, 0
L 543.7664, -669.3772, -90.7584, 542.1768, -656.3158, -93.4370, 0, 150, 0
L 543.6652, -676.5820, -89.8358, 543.7664, -669.3772, -90.7584, 0, 150, 0
L 541.1524, -696.4977, -89.8814, 543.6652, -676.5820, -89.8358, 0, 150, 0
L 542.8970, -730.3021, -88.2534, 541.1524, -696.4977, -89.8814, 0, 150, 0
L 546.9972, -754.5589, -85.1243, 542.8970, -730.3021, -88.2534, 0, 150, 0
L 545.1236, -773.6561, -86.2041, 546.9972, -754.5589, -85.1243, 0, 150, 0
L 541.9489, -781.8380, -87.9400, 545.1236, -773.6561, -86.2041, 0, 150, 0
L 538.1154, -790.5176, -89.6591, 541.9489, -781.8380, -87.9400, 0, 150, 0
L 533.2303, -812.2170, -90.7593, 538.1154, -790.5176, -89.6591, 0, 150, 0
L 532.3518, -836.5425, -88.8805, 533.2303, -812.2170, -90.7593, 0, 150, 0
L 537.9236, -904.1498, -78.9218, 532.3518, -836.5425, -88.8805, 0, 150, 0
L 537.3459, -917.1804, -77.3668, 537.9236, -904.1498, -78.9218, 0, 150, 0
L 539.2024, -928.1768, -76.9646, 537.3459, -917.1804, -77.3668, 0, 150, 0
L 545.3903, -947.6013, -76.0281, 539.2024, -928.1768, -76.9646, 0, 150, 0
L 565.3176, -975.3553, -71.0025, 545.3903, -947.6013, -76.0281, 0, 150, 0
L 576.4808, -979.1917, -70.0192, 565.3176, -975.3553, -71.0025, 0, 150, 0
L 587.8150, -977.1035, -70.5964, 576.4808, -979.1917, -70.0192, 0, 150, 0
L 605.6324, -972.5001, -71.3397, 587.8150, -977.1035, -70.5964, 0, 150, 0
L 613.3898, -973.7554, -72.0678, 605.6324, -972.5001, -71.3397, 0, 150, 0
L 621.0839, -980.2279, -74.7184, 613.3898, -973.7554, -72.0678, 0, 150, 0
L 623.8151, -986.2408, -77.0803, 621.0839, -980.2279, -74.7184, 0, 150, 0
L 634.5665, -993.5558, -81.6943, 623.8151, -986.2408, -77.0803, 0, 150, 0
L 644.2679, -991.4788, -84.7143, 634.5665, -993.5558, -81.6943, 0, 150, 0
L 656.0698, -983.0341, -87.6062, 644.2679, -991.4788, -84.7143, 0, 150, 0
L 666.8159, -977.8618, -90.9606, 656.0698, -983.0341, -87.6062, 0, 150, 0
L 681.4487, -972.3961, -95.9800, 666.8159, -977.8618, -90.9606, 0, 150, 0
L 688.1599, -968.0131, -97.7446, 681.4487, -972.3961, -95.9800, 0, 150, 0
L 694.6104, -962.5838, -99.0921, 688.1599, -968.0131, -97.7446, 0, 150, 0
L 705.8406, -950.2668, -101.0349, 694.6104, -962.5838, -99.0921, 0, 150, 0
L 710.2134, -943.9801, -101.2337, 705.8406, -950.2668, -101.0349, 0, 150, 0
L 714.1964, -935.3292, -100.7515, 710.2134, -943.9801, -101.2337, 0, 150, 0
L 724.3644, -904.8782, -97.8544, 714.1964, -935.3292, -100.7515, 0, 150, 0
L 728.6121, -895.6085, -97.3772, 724.3644, -904.8782, -97.8544, 0, 150, 0
L 732.5659, -887.2217, -97.1691, 728.6121, -895.6085, -97.3772, 0, 150, 0
L 734.2153, -878.0148, -97.7255, 732.5659, -887.2217, -97.1691, 0, 150, 0
L 734.8616, -851.9383, -96.9278, 734.2153, -878.0148, -97.7255, 0, 150, 0
L 732.9161, -831.4255, -93.6107, 734.8616, -851.9383, -96.9278, 0, 150, 0
L 733.2794, -820.3251, -92.5676, 732.9161, -831.4255, -93.6107, 0, 150, 0
L 737.4446, -797.5909, -94.4678, 733.2794, -820.3251, -92.5676, 0, 150, 0
L 736.6718, -788.9961, -94.3089, 737.4446, -797.5909, -94.4678, 0, 150, 0
L 734.7236, -777.0530, -94.9811, 736.6718, -788.9961, -94.3089, 0, 150, 0
L 734.7479, -765.9971, -96.2316, 734.7236, -777.0530, -94.9811, 0, 150, 0
L 733.2589, -758.4408, -96.5687, 734.7479, -765.9971, -96.2316, 0, 150, 0
L 727.4481, -737.7463, -95.1304, 733.2589, -758.4408, -96.5687, 0, 150, 0
L 725.3972, -713.2759, -87.0353, 727.4481, -737.7463, -95.1304, 0, 150, 0
L 721.2863, -696.1469, -78.7150, 725.3972, -713.2759, -87.0353, 0, 150, 0
L 720.7952, -689.1470, -76.2304, 721.2863, -696.1469, -78.7150, 0, 150, 0
L 721.4720, -681.1886, -74.1906, 720.7952, -689.1470, -76.2304, 0, 150, 0
L 723.9577, -672.4338, -73.1612, 721.4720, -681.1886, -74.1906, 0, 150, 0
L 730.2835, -664.3990, -74.8695, 723.9577, -672.4338, -73.1612, 0, 150, 0
L 737.7579, -659.5358, -78.3479, 730.2835, -664.3990, -74.8695, 0, 150, 0
L 743.0896, -652.1630, -79.5916, 737.7579, -659.5358, -78.3479, 0, 150, 0
L 751.0668, -634.7856, -81.6788, 743.0896, -652.1630, -79.5916, 0, 150, 0
L 763.0179, -616.9384, -85.4475, 751.0668, -634.7856, -81.6788, 0, 150, 0
L 775.7466, -592.5928, -82.9763, 763.0179, -616.9384, -85.4475, 0, 150, 0
L 828.3761, -602.1103, -81.8350, 823.4472, -596.9091, -87.7526, 0, 150, 0
L 838.0543, -611.7548, -74.4602, 828.3761, -602.1103, -81.8350, 0, 150, 0
L 840.2154, -619.4410, -71.2135, 838.0543, -611.7548, -74.4602, 0, 150, 0
L 839.1107, -632.5375, -76.1255, 840.2154, -619.4410, -71.2135, 0, 150, 0
L 832.6920, -641.7486, -81.0147, 839.1107, -632.5375, -76.1255, 0, 150, 0
L 826.6322, -647.1500, -84.4467, 832.6920, -641.7486, -81.0147, 0, 150, 0
L 816.4635, -661.3354, -92.0460, 826.6322, -647.1500, -84.4467, 0, 150, 0
L 813.2811, -672.0704, -96.6862, 816.4635, -661.3354, -92.0460, 0, 150, 0
L 813.7024, -685.6786, -101.4719, 813.2811, -672.0704, -96.6862, 0, 150, 0
L 817.4373, -718.7474, -101.2749, 813.7024, -685.6786, -101.4719, 0, 150, 0
L 819.4481, -726.7147, -101.5280, 817.4373, -718.7474, -101.2749, 0, 150, 0
L 820.0553, -735.5353, -102.0864, 819.4481, -726.7147, -101.5280, 0, 150, 0
L 818.3990, -743.2816, -102.9531, 820.0553, -735.5353, -102.0864, 0, 150, 0
L 815.9357, -749.2446, -103.8245, 818.3990, -743.2816, -102.9531, 0, 150, 0
L 813.6423, -761.3256, -104.5255, 815.9357, -749.2446, -103.8245, 0, 150, 0
L 816.9712, -820.6953, -105.1853, 813.6423, -761.3256, -104.5255, 0, 150, 0
L 816.1243, -828.7300, -105.3090, 816.9712, -820.6953, -105.1853, 0, 150, 0
L 811.3511, -841.0319, -105.9915, 816.1243, -828.7300, -105.3090, 0, 150, 0
L 810.5500, -851.9844, -106.0887, 811.3511, -841.0319, -105.9915, 0, 150, 0
L 813.6797, -859.5219, -105.6308, 810.5500, -851.9844, -106.0887, 0, 150, 0
L 818.6976, -868.9701, -104.9212, 813.6797, -859.5219, -105.6308, 0, 150, 0
L 821.0261, -876.8268, -104.6025, 818.6976, -868.9701, -104.9212, 0, 150, 0
L 821.4045, -888.2053, -104.5487, 821.0261, -876.8268, -104.6025, 0, 150, 0
L 819.9781, -915.1697, -104.2377, 821.4045, -888.2053, -104.5487, 0, 150, 0
L 817.9583, -923.1336, -104.3180, 819.9781, -915.1697, -104.2377, 0, 150, 0
L 765.6685, -1035.0178, -105.5248, 817.9583, -923.1336, -104.3180, 0, 150, 0
L 763.8189, -1042.7765, -105.4621, 765.6685, -1035.0178, -105.5248, 0, 150, 0
L 761.3172, -1069.7250, -105.1277, 763.8189, -1042.7765, -105.4621, 0, 150, 0
L 763.2870, -1107.8530, -105.8700, 761.3172, -1069.7250, -105.1277, 0, 150, 0
L 766.2726, -1118.9602, -107.0378, 763.2870, -1107.8530, -105.8700, 0, 150, 0
L 771.6808, -1128.6373, -108.1220, 766.2726, -1118.9602, -107.0378, 0, 150, 0
L 776.4669, -1135.9282, -107.3730, 771.6808, -1128.6373, -108.1220, 0, 150, 0
L 780.4823, -1145.9270, -105.4776, 776.4669, -1135.9282, -107.3730, 0, 150, 0
L 785.2188, -1152.6952, -106.4144, 780.4823, -1145.9270, -105.4776, 0, 150, 0
L 800.7750, -1165.8969, -108.4300, 785.2188, -1152.6952, -106.4144, 0, 150, 0
L 818.2911, -1177.2734, -106.7341, 800.7750, -1165.8969, -108.4300, 0, 150, 0
L 823.3690, -1184.1317, -106.9551, 818.2911, -1177.2734, -106.7341, 0, 150, 0
L 827.2510, -1193.5176, -107.8138, 823.3690, -1184.1317, -106.9551, 0, 150, 0
L 827.7936, -1203.2534, -108.7347, 827.2510, -1193.5176, -107.8138, 0, 150, 0
L 826.3563, -1220.3234, -110.3703, 827.7936, -1203.2534, -108.7347, 0, 150, 0
L 827.3825, -1227.8545, -110.8178, 826.3563, -1220.3234, -110.3703, 0, 150, 0
L 838.5064, -1271.3213, -111.0934, 827.3825, -1227.8545, -110.8178, 0, 150, 0
L 843.2516, -1282.9005, -110.4068, 838.5064, -1271.3213, -111.0934, 0, 150, 0
L 848.7544, -1289.8698, -107.5271, 843.2516, -1282.9005, -110.4068, 0, 150, 0
L 855.7447, -1294.6030, -105.7470, 848.7544, -1289.8698, -107.5271, 0, 150, 0
L 871.5632, -1302.4722, -99.4320, 855.7447, -1294.6030, -105.7470, 0, 150, 0
L 877.2583, -1306.5414, -97.1779, 871.5632, -1302.4722, -99.4320, 0, 150, 0
L 883.6423, -1312.8232, -94.6884, 877.2583, -1306.5414, -97.1779, 0, 150, 0
L 888.1024, -1318.4694, -92.4892, 883.6423, -1312.8232, -94.6884, 0, 150, 0
L 893.0368, -1327.4435, -89.3711, 888.1024, -1318.4694, -92.4892, 0, 150, 0
L 896.8568, -1337.9185, -86.6571, 893.0368, -1327.4435, -89.3711, 0, 150, 0
L 898.2960, -1348.7131, -85.0813, 896.8568, -1337.9185, -86.6571, 0, 150, 0
L 897.6166, -1366.9612, -84.4672, 898.2960, -1348.7131, -85.0813, 0, 150, 0
L 895.3080, -1376.8691, -85.2811, 897.6166, -1366.9612, -84.4672, 0, 150, 0
L 892.2548, -1384.9137, -85.8882, 895.3080, -1376.8691, -85.2811, 0, 150, 0
L 886.7816, -1394.5231, -87.8262, 892.2548, -1384.9137, -85.8882, 0, 150, 0
L 821.7153, -1486.6454, -106.7836, 886.7816, -1394.5231, -87.8262, 0, 150, 0
L 816.3930, -1492.4889, -106.7225, 821.7153, -1486.6454, -106.7836, 0, 150, 0
L 752.8458, -1538.9597, -108.8923, 816.3930, -1492.4889, -106.7225, 0, 150, 0
L 723.4622, -1548.4872, -110.9189, 752.8458, -1538.9597, -108.8923, 0, 150, 0
L 705.1387, -1546.6388, -111.2802, 723.4622, -1548.4872, -110.9189, 0, 150, 0
L 679.8287, -1549.9160, -111.2802, 705.1387, -1546.6388, -111.2802, 0, 150, 0
L 670.8215, -1555.9108, -111.2802, 679.8287, -1549.9160, -111.2802, 0, 150, 0
L 666.0074, -1562.1372, -111.1809, 670.8215, -1555.9108, -111.2802, 0, 150, 0
L 649.9281, -1593.2338, -103.9869, 666.0074, -1562.1372, -111.1809, 0, 150, 0
L 621.1957, -1630.7147, -98.9031, 649.9281, -1593.2338, -103.9869, 0, 150, 0
L 622.2828, -1643.8690, -98.9335, 621.1957, -1630.7147, -98.9031, 0, 150, 0
L 629.6858, -1656.9065, -101.3108, 622.2828, -1643.8690, -98.9335, 0, 150, 0
L 637.5833, -1664.4663, -102.7580, 629.6858, -1656.9065, -101.3108, 0, 150, 0
L 657.4804, -1677.1201, -96.2248, 637.5833, -1664.4663, -102.7580, 0, 150, 0
L 666.3259, -1679.4010, -96.0850, 657.4804, -1677.1201, -96.2248, 0, 150, 0
L 704.2670, -1682.9275, -92.5191, 666.3259, -1679.4010, -96.0850, 0, 150, 0
L 745.7502, -1693.6113, -77.9473, 704.2670, -1682.9275, -92.5191, 0, 150, 0
L 753.8659, -1703.2572, -76.8720, 745.7502, -1693.6113, -77.9473, 0, 150, 0
L 756.1992, -1712.8848, -77.3764, 753.8659, -1703.2572, -76.8720, 0, 150, 0
L 767.4681, -1741.2538, -95.6219, 756.1992, -1712.8848, -77.3764, 0, 150, 0
L 773.6237, -1749.5248, -101.2343, 767.4681, -1741.2538, -95.6219, 0, 150, 0
L 782.4899, -1759.1478, -104.0649, 773.6237, -1749.5248, -101.2343, 0, 150, 0
L 798.8801, -1772.9965, -107.4634, 782.4899, -1759.1478, -104.0649, 0, 150, 0
L 807.0350, -1778.7043, -106.1512, 798.8801, -1772.9965, -107.4634, 0, 150, 0
L 811.8176, -1788.2666, -105.2156, 807.0350, -1778.7043, -106.1512, 0, 150, 0
L 814.1603, -1805.7417, -102.7912, 811.8176, -1788.2666, -105.2156, 0, 150, 0
L 811.3239, -1815.3107, -102.1789, 814.1603, -1805.7417, -102.7912, 0, 150, 0
L 802.7057, -1822.0358, -103.4267, 811.3239, -1815.3107, -102.1789, 0, 150, 0
L 794.2591, -1823.6719, -105.3687, 802.7057, -1822.0358, -103.4267, 0, 150, 0
L 783.6962, -1823.8451, -108.0690, 794.2591, -1823.6719, -105.3687, 0, 150, 0
L 774.7776, -1828.9570, -109.3620, 783.6962, -1823.8451, -108.0690, 0, 150, 0
L 768.6246, -1835.0852, -109.4069, 774.7776, -1828.9570, -109.3620, 0, 150, 0
L 762.2951, -1842.1814, -109.3841, 768.6246, -1835.0852, -109.4069, 0, 150, 0
L 756.1823, -1847.3307, -109.4097, 762.2951, -1842.1814, -109.3841, 0, 150, 0
L 730.6537, -1862.7927, -109.6904, 756.1823, -1847.3307, -109.4097, 0, 150, 0
L 722.9655, -1868.9797, -109.7310, 730.6537, -1862.7927, -109.6904, 0, 150, 0
L 705.0864, -1885.5013, -109.7621, 722.9655, -1868.9797, -109.7310, 0, 150, 0
L 696.3602, -1897.0533, -109.6762, 705.0864, -1885.5013, -109.7621, 0, 150, 0
L 680.8625, -1920.9460, -94.7235, 696.3602, -1897.0533, -109.6762, 0, 150, 0
L 674.3009, -1927.4308, -90.6225, 680.8625, -1920.9460, -94.7235, 0, 150, 0
L 667.4629, -1932.0908, -87.7014, 674.3009, -1927.4308, -90.6225, 0, 150, 0
L 660.0060, -1935.0961, -85.8766, 667.4629, -1932.0908, -87.7014, 0, 150, 0
L 638.7994, -1940.7611, -82.6613, 660.0060, -1935.0961, -85.8766, 0, 150, 0
L 629.6998, -1941.4847, -87.3364, 638.7994, -1940.7611, -82.6613, 0, 150, 0
L 603.8837, -1939.4990, -104.6880, 629.6998, -1941.4847, -87.3364, 0, 150, 0
L 571.6130, -1941.7400, -108.8063, 603.8837, -1939.4990, -104.6880, 0, 150, 0
L 554.7535, -1945.3613, -105.0004, 571.6130, -1941.7400, -108.8063, 0, 150, 0
L 540.9722, -1945.9088, -101.7611, 554.7535, -1945.3613, -105.0004, 0, 150, 0
L 487.4088, -1944.3513, -90.7200, 540.9722, -1945.9088, -101.7611, 0, 150, 0
L 480.7390, -1943.1738, -87.9118, 487.4088, -1944.3513, -90.7200, 0, 150, 0
L 465.5247, -1938.6598, -81.6756, 480.7390, -1943.1738, -87.9118, 0, 150, 0
L 450.2744, -1936.3937, -81.7719, 465.5247, -1938.6598, -81.6756, 0, 150, 0
L 439.9926, -1936.5636, -81.5981, 450.2744, -1936.3937, -81.7719, 0, 150, 0
L 430.4073, -1937.6835, -83.0232, 439.9926, -1936.5636, -81.5981, 0, 150, 0
L 401.9594, -1938.4871, -103.7748, 430.4073, -1937.6835, -83.0232, 0, 150, 0
L 388.9284, -1936.1754, -110.2065, 401.9594, -1938.4871, -103.7748, 0, 150, 0
L 381.3640, -1936.3484, -110.1992, 388.9284, -1936.1754, -110.2065, 0, 150, 0
L 372.2940, -1938.1908, -110.1474, 381.3640, -1936.3484, -110.1992, 0, 150, 0
L 242.7642, -1944.9572, -99.0053, 372.2940, -1938.1908, -110.1474, 0, 150, 0
L 234.1187, -1947.1619, -98.3945, 242.7642, -1944.9572, -99.0053, 0, 150, 0
L 226.7939, -1949.7321, -96.1312, 234.1187, -1947.1619, -98.3945, 0, 150, 0
L 214.1479, -1951.5074, -89.1892, 226.7939, -1949.7321, -96.1312, 0, 150, 0
L 112.0115, -1955.1320, -66.9817, 214.1479, -1951.5074, -89.1892, 0, 150, 0
L 102.0398, -1955.0078, -67.0797, 112.0115, -1955.1320, -66.9817, 0, 150, 0
L 88.7535, -1954.8428, -69.8460, 102.0398, -1955.0078, -67.0797, 0, 150, 0
L 81.4788, -1950.6858, -78.2151, 88.7535, -1954.8428, -69.8460, 0, 150, 0
L 76.7054, -1944.9557, -86.0764, 81.4788, -1950.6858, -78.2151, 0, 150, 0
L 61.4734, -1932.7205, -106.3870, 76.7054, -1944.9557, -86.0764, 0, 150, 0
L 54.1000, -1928.8584, -108.8146, 61.4734, -1932.7205, -106.3870, 0, 150, 0
L 21.9973, -1915.9806, -107.8538, 54.1000, -1928.8584, -108.8146, 0, 150, 0
L 7.4557, -1907.6492, -102.2595, 21.9973, -1915.9806, -107.8538, 0, 150, 0
L -1.5116, -1904.6704, -101.4951, 7.4557, -1907.6492, -102.2595, 0, 150, 0
L -25.3473, -1898.2078, -98.4110, -1.5116, -1904.6704, -101.4951, 0, 150, 0
L -35.4379, -1893.9290, -96.2233, -25.3473, -1898.2078, -98.4110, 0, 150, 0
L -57.2505, -1886.4823, -94.4677, -35.4379, -1893.9290, -96.2233, 0, 150, 0
L -66.4831, -1881.2157, -94.3325, -57.2505, -1886.4823, -94.4677, 0, 150, 0
L -72.7268, -1875.3086, -94.7008, -66.4831, -1881.2157, -94.3325, 0, 150, 0
L -77.0467, -1869.4576, -95.3075, -72.7268, -1875.3086, -94.7008, 0, 150, 0
L -82.9034, -1863.2200, -96.5850, -77.0467, -1869.4576, -95.3075, 0, 150, 0
L -112.4500, -1840.6614, -102.5562, -82.9034, -1863.2200, -96.5850, 0, 150, 0
L -140.7730, -1822.2372, -95.2020, -112.4500, -1840.6614, -102.5562, 0, 150, 0
L -147.5939, -1815.4326, -93.0400, -140.7730, -1822.2372, -95.2020, 0, 150, 0
L -152.1865, -1808.7712, -91.7653, -147.5939, -1815.4326, -93.0400, 0, 150, 0
L -155.5480, -1800.8345, -90.8827, -152.1865, -1808.7712, -91.7653, 0, 150, 0
L -162.4458, -1776.8943, -89.2370, -155.5480, -1800.8345, -90.8827, 0, 150, 0
L -162.5305, -1766.6960, -89.7032, -162.4458, -1776.8943, -89.2370, 0, 150, 0
L -160.9808, -1753.3094, -90.5510, -162.5305, -1766.6960, -89.7032, 0, 150, 0
L -162.6976, -1744.5497, -90.3376, -160.9808, -1753.3094, -90.5510, 0, 150, 0
L -173.4889, -1719.4579, -91.9605, -162.6976, -1744.5497, -90.3376, 0, 150, 0
L -185.8513, -1702.1597, -90.0372, -173.4889, -1719.4579, -91.9605, 0, 150, 0
L -216.9856, -1674.7571, -88.2431, -185.8513, -1702.1597, -90.0372, 0, 150, 0
L -222.0595, -1667.4105, -88.2229, -216.9856, -1674.7571, -88.2431, 0, 150, 0
L -225.6102, -1658.5872, -88.8501, -222.0595, -1667.4105, -88.2229, 0, 150, 0
L -227.1292, -1648.2302, -90.3179, -225.6102, -1658.5872, -88.8501, 0, 150, 0
L -226.9112, -1632.6785, -93.2165, -227.1292, -1648.2302, -90.3179, 0, 150, 0
L -220.0185, -1567.5636, -115.9777, -226.9112, -1632.6785, -93.2165, 0, 150, 0
L -221.2174, -1558.7430, -118.5294, -220.0185, -1567.5636, -115.9777, 0, 150, 0
L -223.3687, -1552.1135, -121.2113, -221.2174, -1558.7430, -118.5294, 0, 150, 0
L -228.9564, -1542.9153, -122.4406, -223.3687, -1552.1135, -121.2113, 0, 150, 0
L -238.3820, -1530.7806, -108.0894, -228.9564, -1542.9153, -122.4406, 0, 150, 0
L -241.5030, -1520.6716, -101.7828, -238.3820, -1530.7806, -108.0894, 0, 150, 0
L -241.3714, -1509.8682, -99.1913, -241.5030, -1520.6716, -101.7828, 0, 150, 0
L -245.8877, -1498.7985, -89.6116, -241.3714, -1509.8682, -99.1913, 0, 150, 0
L -255.5136, -1488.3479, -88.5911, -245.8877, -1498.7985, -89.6116, 0, 150, 0
L -264.0775, -1482.8776, -89.5966, -255.5136, -1488.3479, -88.5911, 0, 150, 0
L -284.9964, -1471.6727, -90.7293, -264.0775, -1482.8776, -89.5966, 0, 150, 0
L -296.7592, -1462.6377, -91.6071, -284.9964, -1471.6727, -90.7293, 0, 150, 0
L -301.6887, -1455.2659, -93.3621, -296.7592, -1462.6377, -91.6071, 0, 150, 0
L -319.3739, -1425.2661, -102.0809, -301.6887, -1455.2659, -93.3621, 0, 150, 0
L -334.6061, -1419.5813, -103.8308, -319.3739, -1425.2661, -102.0809, 0, 150, 0
L -349.1002, -1409.5747, -106.5609, -334.6061, -1419.5813, -103.8308, 0, 150, 0
L -359.7070, -1399.1763, -108.8876, -349.1002, -1409.5747, -106.5609, 0, 150, 0
L -364.8599, -1389.6804, -109.5422, -359.7070, -1399.1763, -108.8876, 0, 150, 0
L -365.9722, -1368.0367, -111.9533, -364.8599, -1389.6804, -109.5422, 0, 150, 0
L -362.8923, -1359.9249, -113.0534, -365.9722, -1368.0367, -111.9533, 0, 150, 0
L -355.4724, -1348.5708, -108.9703, -362.8923, -1359.9249, -113.0534, 0, 150, 0
L -356.1356, -1338.5948, -104.8696, -355.4724, -1348.5708, -108.9703, 0, 150, 0
L -358.9121, -1329.9790, -103.3589, -356.1356, -1338.5948, -104.8696, 0, 150, 0
L -359.8954, -1322.8358, -103.9023, -358.9121, -1329.9790, -103.3589, 0, 150, 0
L -359.6325, -1313.8259, -104.0728, -359.8954, -1322.8358, -103.9023, 0, 150, 0
L -355.1002, -1270.4396, -112.2884, -359.6325, -1313.8259, -104.0728, 0, 150, 0
L -356.4036, -1261.2764, -114.8522, -355.1002, -1270.4396, -112.2884, 0, 150, 0
L -361.8389, -1241.0612, -112.1708, -356.4036, -1261.2764, -114.8522, 0, 150, 0
L -362.6900, -1233.6838, -111.3778, -361.8389, -1241.0612, -112.1708, 0, 150, 0
L -362.3547, -1224.6521, -110.6489, -362.6900, -1233.6838, -111.3778, 0, 150, 0
L -358.8010, -1196.2581, -109.5204, -362.3547, -1224.6521, -110.6489, 0, 150, 0
L -359.0764, -1188.5322, -108.9339, -358.8010, -1196.2581, -109.5204, 0, 150, 0
L -360.7496, -1179.3660, -108.0313, -359.0764, -1188.5322, -108.9339, 0, 150, 0
L -361.1127, -1171.1316, -107.4251, -360.7496, -1179.3660, -108.0313, 0, 150, 0
L -359.4435, -1155.3402, -106.8505, -361.1127, -1171.1316, -107.4251, 0, 150, 0
L -361.5150, -1119.9974, -107.0871, -359.4435, -1155.3402, -106.8505, 0, 150, 0
L -364.3850, -1104.9761, -106.8518, -361.5150, -1119.9974, -107.0871, 0, 150, 0
L -367.8979, -1096.3046, -106.3945, -364.3850, -1104.9761, -106.8518, 0, 150, 0
L -373.0242, -1083.1146, -105.5536, -367.8979, -1096.3046, -106.3945, 0, 150, 0
L -374.3214, -1046.4479, -110.0723, -373.0242, -1083.1146, -105.5536, 0, 150, 0
L -377.4831, -1038.1564, -111.2013, -374.3214, -1046.4479, -110.0723, 0, 150, 0
L -383.0820, -1030.5868, -112.1909, -377.4831, -1038.1564, -111.2013, 0, 150, 0
L -390.0521, -1025.1052, -109.5943, -383.0820, -1030.5868, -112.1909, 0, 150, 0
L -424.7733, -1006.3729, -110.3811, -390.0521, -1025.1052, -109.5943, 0, 150, 0
L -433.1522, -1003.5676, -109.4419, -424.7733, -1006.3729, -110.3811, 0, 150, 0
L -440.8282, -1002.1890, -106.4788, -433.1522, -1003.5676, -109.4419, 0, 150, 0
L -467.4890, -999.7131, -96.5700, -440.8282, -1002.1890, -106.4788, 0, 150, 0
L -474.4205, -997.3144, -94.5051, -467.4890, -999.7131, -96.5700, 0, 150, 0
L -481.2987, -993.0824, -92.7706, -474.4205, -997.3144, -94.5051, 0, 150, 0
L -487.6702, -986.8122, -92.6932, -481.2987, -993.0824, -92.7706, 0, 150, 0
L -493.7678, -977.5125, -97.2760, -487.6702, -986.8122, -92.6932, 0, 150, 0
L -496.6292, -969.3533, -101.4393, -493.7678, -977.5125, -97.2760, 0, 150, 0
L -498.0193, -960.3369, -106.1416, -496.6292, -969.3533, -101.4393, 0, 150, 0
L -498.1488, -953.1646, -108.6870, -498.0193, -960.3369, -106.1416, 0, 150, 0
L -497.2346, -941.7461, -108.7394, -498.1488, -953.1646, -108.6870, 0, 150, 0
L -497.3247, -933.7640, -108.7328, -497.2346, -941.7461, -108.7394, 0, 150, 0
L -510.6077, -749.8227, -109.6399, -497.3247, -933.7640, -108.7328, 0, 150, 0
L -509.1607, -739.7736, -108.9342, -510.6077, -749.8227, -109.6399, 0, 150, 0
L -504.9995, -729.9301, -107.1127, -509.1607, -739.7736, -108.9342, 0, 150, 0
L -497.6800, -718.5814, -105.9227, -504.9995, -729.9301, -107.1127, 0, 150, 0
L -490.8029, -711.8404, -106.1410, -497.6800, -718.5814, -105.9227, 0, 150, 0
L -468.8349, -695.7198, -108.7120, -490.8029, -711.8404, -106.1410, 0, 150, 0
L -462.1981, -688.6164, -108.6959, -468.8349, -695.7198, -108.7120, 0, 150, 0
L -423.6046, -639.5105, -105.1695, -462.1981, -688.6164, -108.6959, 0, 150, 0
L -415.7716, -632.8829, -105.5575, -423.6046, -639.5105, -105.1695, 0, 150, 0
L -403.1576, -624.4552, -106.9628, -415.7716, -632.8829, -105.5575, 0, 150, 0
L -395.8440, -618.5167, -107.4466, -403.1576, -624.4552, -106.9628, 0, 150, 0
L -390.7144, -610.5416, -109.1395, -395.8440, -618.5167, -107.4466, 0, 150, 0
L -387.5024, -602.7934, -110.1752, -390.7144, -610.5416, -109.1395, 0, 150, 0
L -381.6250, -582.5821, -111.1568, -387.5024, -602.7934, -110.1752, 0, 150, 0
L -380.5349, -575.2584, -111.1584, -381.6250, -582.5821, -111.1568, 0, 150, 0
L -379.4967, -562.9767, -111.1177, -380.5349, -575.2584, -111.1584, 0, 150, 0
L -377.9237, -557.1387, -111.1650, -379.4967, -562.9767, -111.1177, 0, 150, 0
L -374.9846, -550.3611, -111.4476, -377.9237, -557.1387, -111.1650, 0, 150, 0
L -365.8265, -533.1304, -115.0879, -374.9846, -550.3611, -111.4476, 0, 150, 0
L -357.4892, -510.3529, -115.9498, -365.8265, -533.1304, -115.0879, 0, 150, 0
L -353.8496, -491.1326, -115.4147, -357.4892, -510.3529, -115.9498, 0, 150, 0
L -354.6082, -483.0968, -114.5500, -353.8496, -491.1326, -115.4147, 0, 150, 0
L -366.2925, -423.8115, -108.6961, -354.6082, -483.0968, -114.5500, 0, 150, 0
L -366.9955, -417.3438, -108.1399, -366.2925, -423.8115, -108.6961, 0, 150, 0
L -366.3020, -378.0685, -111.6980, -366.9955, -417.3438, -108.1399, 0, 150, 0
L -364.8596, -368.4148, -113.0721, -366.3020, -378.0685, -111.6980, 0, 150, 0
L -360.3752, -353.7429, -116.0223, -364.8596, -368.4148, -113.0721, 0, 150, 0
L -355.6469, -328.7625, -129.9184, -360.3752, -353.7429, -116.0223, 0, 150, 0
L -355.3885, -321.6561, -134.1329, -355.6469, -328.7625, -129.9184, 0, 150, 0
L -356.8111, -312.9415, -134.1091, -355.3885, -321.6561, -134.1329, 0, 150, 0
L -364.8381, -284.6075, -128.6834, -356.8111, -312.9415, -134.1091, 0, 150, 0
L -365.6386, -275.8478, -127.9997, -364.8381, -284.6075, -128.6834, 0, 150, 0
L -365.3945, -268.6750, -128.0113, -365.6386, -275.8478, -127.9997, 0, 150, 0
L -362.2886, -245.7560, -130.5003, -365.3945, -268.6750, -128.0113, 0, 150, 0
L -358.1601, -158.3655, -128.7422, -362.2886, -245.7560, -130.5003, 0, 150, 0
L -359.0874, -148.8024, -128.0788, -358.1601, -158.3655, -128.7422, 0, 150, 0
L -361.5240, -136.9306, -122.4973, -359.0874, -148.8024, -128.0788, 0, 150, 0
L -367.7711, -51.3728, -109.5714, -361.5240, -136.9306, -122.4973, 0, 150, 0
L -367.1004, -41.2120, -108.2988, -367.7711, -51.3728, -109.5714, 0, 150, 0
L -362.4180, -20.2892, -106.4546, -367.1004, -41.2120, -108.2988, 0, 150, 0
L -359.8114, 2.5942, -104.6628, -362.4180, -20.2892, -106.4546, 0, 150, 0
L -360.3706, 28.3082, -101.2856, -359.8114, 2.5942, -104.6628, 0, 150, 0
L -362.3458, 47.5781, -97.9108, -360.3706, 28.3082, -101.2856, 0, 150, 0
L -361.8687, 70.8672, -96.9905, -362.3458, 47.5781, -97.9108, 0, 150, 0
L -363.2297, 89.0988, -95.7908, -361.8687, 70.8672, -96.9905, 0, 150, 0
L -366.6153, 109.4019, -93.3692, -363.2297, 89.0988, -95.7908, 0, 150, 0
L -367.0460, 124.0285, -92.4337, -366.6153, 109.4019, -93.3692, 0, 150, 0
L -365.1582, 137.6076, -92.7459, -367.0460, 124.0285, -92.4337, 0, 150, 0
L -362.4529, 146.0042, -93.4723, -365.1582, 137.6076, -92.7459, 0, 150, 0
L -357.7966, 154.1298, -94.8686, -362.4529, 146.0042, -93.4723, 0, 150, 0
L -336.5121, 179.1721, -101.9527, -357.7966, 154.1298, -94.8686, 0, 150, 0
L -328.6958, 190.0455, -104.4531, -336.5121, 179.1721, -101.9527, 0, 150, 0
L -320.5621, 198.6275, -104.0019, -328.6958, 190.0455, -104.4531, 0, 150, 0
L -257.6319, 253.2076, -108.8644, -320.5621, 198.6275, -104.0019, 0, 150, 0
L -253.3500, 258.1881, -108.9698, -257.6319, 253.2076, -108.8644, 0, 150, 0
L -248.4321, 266.8120, -111.1952, -253.3500, 258.1881, -108.9698, 0, 150, 0
L -224.8563, 328.5358, -110.9033, -248.4321, 266.8120, -111.1952, 0, 150, 0
L -223.4372, 336.9462, -110.4184, -224.8563, 328.5358, -110.9033, 0, 150, 0
L -222.6947, 349.5762, -109.6906, -223.4372, 336.9462, -110.4184, 0, 150, 0
L -218.5314, 357.8368, -108.3208, -222.6947, 349.5762, -109.6906, 0, 150, 0
L -213.5276, 363.2904, -107.9288, -218.5314, 357.8368, -108.3208, 0, 150, 0
L -205.2071, 369.6243, -108.0606, -213.5276, 363.2904, -107.9288, 0, 150, 0
L -200.4915, 374.3304, -107.7648, -205.2071, 369.6243, -108.0606, 0, 150, 0
L -196.4915, 379.8124, -107.0513, -200.4915, 374.3304, -107.7648, 0, 150, 0
L -192.7414, 386.4779, -105.9045, -196.4915, 379.8124, -107.0513, 0, 150, 0
L -183.0374, 407.3301, -98.9126, -192.7414, 386.4779, -105.9045, 0, 150, 0
L -174.1894, 424.3821, -93.7484, -183.0374, 407.3301, -98.9126, 0, 150, 0
L -166.8288, 445.9903, -86.1338, -174.1894, 424.3821, -93.7484, 0, 150, 0
L -165.9869, 455.0585, -81.8860, -166.8288, 445.9903, -86.1338, 0, 150, 0
L -166.9235, 462.4701, -79.7452, -165.9869, 455.0585, -81.8860, 0, 150, 0
L -166.9996, 471.0683, -80.4128, -166.9235, 462.4701, -79.7452, 0, 150, 0
L -164.5395, 486.6367, -87.9340, -166.9996, 471.0683, -80.4128, 0, 150, 0
L -157.9271, 508.8895, -99.7470, -164.5395, 486.6367, -87.9340, 0, 150, 0
L -155.0897, 526.4912, -109.0833, -157.9271, 508.8895, -99.7470, 0, 150, 0
L -156.1444, 534.7661, -109.6155, -155.0897, 526.4912, -109.0833, 0, 150, 0
L -159.3638, 544.0803, -109.8428, -156.1444, 534.7661, -109.6155, 0, 150, 0
L -163.3914, 550.9888, -109.7684, -159.3638, 544.0803, -109.8428, 0, 150, 0
L -169.0960, 557.8011, -109.5361, -163.3914, 550.9888, -109.7684, 0, 150, 0
L -175.5209, 564.1958, -109.2820, -169.0960, 557.8011, -109.5361, 0, 150, 0
L -186.0989, 572.8524, -104.4178, -175.5209, 564.1958, -109.2820, 0, 150, 0
L -202.1995, 582.7021, -94.2998, -186.0989, 572.8524, -104.4178, 0, 150, 0
L -207.6472, 588.0891, -91.4445, -202.1995, 582.7021, -94.2998, 0, 150, 0
L -211.9293, 595.1535, -89.2010, -207.6472, 588.0891, -91.4445, 0, 150, 0
L -214.8037, 603.9261, -86.9053, -211.9293, 595.1535, -89.2010, 0, 150, 0
L -222.7155, 615.1330, -81.0907, -214.8037, 603.9261, -86.9053, 0, 150, 0
L -229.1023, 618.1190, -79.8448, -222.7155, 615.1330, -81.0907, 0, 150, 0
L -246.8713, 623.6459, -80.0132, -229.1023, 618.1190, -79.8448, 0, 150, 0
L -254.7589, 624.7319, -80.5061, -246.8713, 623.6459, -80.0132, 0, 150, 0
L -264.4872, 624.9139, -80.8711, -254.7589, 624.7319, -80.5061, 0, 150, 0
L -279.0430, 623.9099, -80.8189, -264.4872, 624.9139, -80.8711, 0, 150, 0
L -286.5269, 622.1957, -80.2418, -279.0430, 623.9099, -80.8189, 0, 150, 0
L -298.4743, 618.4351, -80.0730, -286.5269, 622.1957, -80.2418, 0, 150, 0
L -306.3218, 617.3923, -81.0642, -298.4743, 618.4351, -80.0730, 0, 150, 0
L -338.3121, 616.4402, -93.7172, -306.3218, 617.3923, -81.0642, 0, 150, 0
L -358.7968, 613.6228, -102.4061, -338.3121, 616.4402, -93.7172, 0, 150, 0
L -365.2756, 613.8387, -105.8138, -358.7968, 613.6228, -102.4061, 0, 150, 0
L -373.1622, 615.4092, -106.0194, -365.2756, 613.8387, -105.8138, 0, 150, 0
L -380.8159, 617.9474, -106.3292, -373.1622, 615.4092, -106.0194, 0, 150, 0
L -387.2751, 619.1385, -105.8784, -380.8159, 617.9474, -106.3292, 0, 150, 0
L -395.1445, 619.2494, -104.3144, -387.2751, 619.1385, -105.8784, 0, 150, 0
L -409.1768, 618.0053, -101.4103, -395.1445, 619.2494, -104.3144, 0, 150, 0
L -423.2446, 618.4756, -98.6643, -409.1768, 618.0053, -101.4103, 0, 150, 0
L -431.0794, 620.3755, -98.3022, -423.2446, 618.4756, -98.6643, 0, 150, 0
L -447.0086, 626.5513, -100.4311, -431.0794, 620.3755, -98.3022, 0, 150, 0
L -457.5300, 626.0734, -101.5410, -447.0086, 626.5513, -100.4311, 0, 150, 0
L -469.9200, 620.8343, -103.1304, -457.5300, 626.0734, -101.5410, 0, 150, 0
L -485.7064, 612.1254, -104.4997, -469.9200, 620.8343, -103.1304, 0, 150, 0
L -492.4915, 609.7990, -105.5450, -485.7064, 612.1254, -104.4997, 0, 150, 0
L -509.2424, 606.1776, -108.8099, -492.4915, 609.7990, -105.5450, 0, 150, 0
L -515.4122, 603.3052, -109.3340, -509.2424, 606.1776, -108.8099, 0, 150, 0
L -520.2929, 599.6321, -109.3512, -515.4122, 603.3052, -109.3340, 0, 150, 0
L -525.3634, 593.4822, -108.7325, -520.2929, 599.6321, -109.3512, 0, 150, 0
L -531.3377, 583.3817, -108.6678, -525.3634, 593.4822, -108.7325, 0, 150, 0
L -535.7448, 578.4042, -108.8981, -531.3377, 583.3817, -108.6678, 0, 150, 0
L -542.6655, 571.3100, -109.2261, -535.7448, 578.4042, -108.8981, 0, 150, 0
L -546.1245, 565.8714, -109.4779, -542.6655, 571.3100, -109.2261, 0, 150, 0
L -548.9421, 559.5562, -109.7704, -546.1245, 565.8714, -109.4779, 0, 150, 0
L -550.5750, 553.1850, -110.0659, -548.9421, 559.5562, -109.7704, 0, 150, 0
L -551.0308, 546.6898, -110.3682, -550.5750, 553.1850, -110.0659, 0, 150, 0
L -548.5223, 537.7655, -110.7835, -551.0308, 546.6898, -110.3682, 0, 150, 0
L -546.8301, 529.5891, -111.1639, -548.5223, 537.7655, -110.7835, 0, 150, 0
L -545.9513, 514.4320, -111.2802, -546.8301, 529.5891, -111.1639, 0, 150, 0
L -546.7054, 501.6636, -111.2786, -545.9513, 514.4320, -111.2802, 0, 150, 0
L -546.3457, 494.8122, -111.2580, -546.7054, 501.6636, -111.2786, 0, 150, 0
L -545.4988, 487.6245, -111.2353, -546.3457, 494.8122, -111.2580, 0, 150, 0
L -545.5403, 480.8183, -111.2161, -545.4988, 487.6245, -111.2353, 0, 150, 0
L -546.2928, 474.1588, -111.1977, -545.5403, 480.8183, -111.2161, 0, 150, 0
L -548.7881, 462.8585, -111.1698, -546.2928, 474.1588, -111.1977, 0, 150, 0
L -549.4194, 455.1788, -111.1630, -548.7881, 462.8585, -111.1698, 0, 150, 0
L -549.1644, 448.3398, -111.1619, -549.4194, 455.1788, -111.1630, 0, 150, 0
L -548.1511, 441.5487, -111.1581, -549.1644, 448.3398, -111.1619, 0, 150, 0
L -545.9399, 433.5852, -111.0341, -548.1511, 441.5487, -111.1581, 0, 150, 0
L -543.1169, 426.3875, -110.4733, -545.9399, 433.5852, -111.0341, 0, 150, 0
L -540.6326, 418.5925, -109.9029, -543.1169, 426.3875, -110.4733, 0, 150, 0
L -539.1279, 411.8928, -109.4530, -540.6326, 418.5925, -109.9029, 0, 150, 0
L -537.7706, 401.6837, -108.8163, -539.1279, 411.8928, -109.4530, 0, 150, 0
L -537.5317, 394.5325, -108.4160, -537.7706, 401.6837, -108.8163, 0, 150, 0
L -539.1747, 378.8436, -108.4115, -537.5317, 394.5325, -108.4160, 0, 150, 0
L -541.1631, 370.7122, -108.2379, -539.1747, 378.8436, -108.4115, 0, 150, 0
L -544.0502, 362.8087, -107.6843, -541.1631, 370.7122, -108.2379, 0, 150, 0
L -548.3714, 354.6125, -107.3824, -544.0502, 362.8087, -107.6843, 0, 150, 0
L -552.9636, 348.2031, -107.3731, -548.3714, 354.6125, -107.3824, 0, 150, 0
L -559.3880, 341.1918, -107.6413, -552.9636, 348.2031, -107.3731, 0, 150, 0
L -569.9024, 331.1272, -108.2917, -559.3880, 341.1918, -107.6413, 0, 150, 0
L -597.6246, 298.6525, -111.2802, -569.9024, 331.1272, -108.2917, 0, 150, 0
L -601.6175, 292.6383, -111.2802, -597.6246, 298.6525, -111.2802, 0, 150, 0
L -605.2518, 285.2936, -111.2802, -601.6175, 292.6383, -111.2802, 0, 150, 0
L -607.7003, 278.7098, -111.2802, -605.2518, 285.2936, -111.2802, 0, 150, 0
L -609.9503, 271.0475, -111.2802, -607.7003, 278.7098, -111.2802, 0, 150, 0
L -611.7689, 262.2259, -111.2802, -609.9503, 271.0475, -111.2802, 0, 150, 0
L -612.8461, 253.7223, -111.2802, -611.7689, 262.2259, -111.2802, 0, 150, 0
L -613.3780, 243.8852, -111.2802, -612.8461, 253.7223, -111.2802, 0, 150, 0
L -613.5062, 236.6451, -111.2802, -613.3780, 243.8852, -111.2802, 0, 150, 0
L -613.1136, 228.2175, -110.7393, -613.5062, 236.6451, -111.2802, 0, 150, 0
L -610.0334, 204.4779, -108.4151, -613.1136, 228.2175, -110.7393, 0, 150, 0
L -605.4799, 183.7025, -106.8143, -610.0334, 204.4779, -108.4151, 0, 150, 0
L -598.6928, 162.5967, -102.3961, -605.4799, 183.7025, -106.8143, 0, 150, 0
L -596.1713, 149.0987, -98.9632, -598.6928, 162.5967, -102.3961, 0, 150, 0
L -595.8183, 141.0675, -97.2538, -596.1713, 149.0987, -98.9632, 0, 150, 0
L -596.3222, 134.4830, -96.0907, -595.8183, 141.0675, -97.2538, 0, 150, 0
L -600.7983, 114.1912, -95.0505, -596.3222, 134.4830, -96.0907, 0, 150, 0
L -604.8733, 105.4547, -95.7216, -600.7983, 114.1912, -95.0505, 0, 150, 0
L -610.6687, 98.5563, -97.0761, -604.8733, 105.4547, -95.7216, 0, 150, 0
L -636.4175, 75.8069, -105.1533, -610.6687, 98.5563, -97.0761, 0, 150, 0
L -646.1922, 63.0239, -107.1386, -636.4175, 75.8069, -105.1533, 0, 150, 0
L -649.6639, 55.2097, -107.0298, -646.1922, 63.0239, -107.1386, 0, 150, 0
L -653.0391, 42.2984, -108.8659, -649.6639, 55.2097, -107.0298, 0, 150, 0
L -653.5844, 32.0745, -109.1371, -653.0391, 42.2984, -108.8659, 0, 150, 0
L -651.9804, 22.6679, -108.2156, -653.5844, 32.0745, -109.1371, 0, 150, 0
L -647.6832, 8.5552, -105.9006, -651.9804, 22.6679, -108.2156, 0, 150, 0
L -646.3771, -0.3782, -105.2351, -647.6832, 8.5552, -105.9006, 0, 150, 0
L -646.8661, -11.9116, -102.1886, -646.3771, -0.3782, -105.2351, 0, 150, 0
L -648.7125, -20.1553, -103.5003, -646.8661, -11.9116, -102.1886, 0, 150, 0
L -677.8361, -91.0396, -109.9223, -648.7125, -20.1553, -103.5003, 0, 150, 0
L -679.4993, -102.7200, -109.9676, -677.8361, -91.0396, -109.9223, 0, 150, 0
L -676.8177, -112.2439, -109.8877, -679.4993, -102.7200, -109.9676, 0, 150, 0
L -672.3337, -122.1338, -109.7627, -676.8177, -112.2439, -109.8877, 0, 150, 0
L -663.9979, -153.8831, -109.5280, -672.3337, -122.1338, -109.7627, 0, 150, 0
L -663.7503, -161.8656, -109.5220, -663.9979, -153.8831, -109.5280, 0, 150, 0
L -674.8238, -258.5806, -107.4409, -663.7503, -161.8656, -109.5220, 0, 150, 0
L -680.0159, -274.7489, -106.6410, -674.8238, -258.5806, -107.4409, 0, 150, 0
L -687.8641, -288.7338, -104.8286, -680.0159, -274.7489, -106.6410, 0, 150, 0
L -703.7610, -306.5547, -101.5184, -687.8641, -288.7338, -104.8286, 0, 150, 0
L -711.7762, -311.5451, -101.0095, -703.7610, -306.5547, -101.5184, 0, 150, 0
L -720.1913, -315.0000, -100.9797, -711.7762, -311.5451, -101.0095, 0, 150, 0
L -767.8113, -325.5822, -109.0500, -720.1913, -315.0000, -100.9797, 0, 150, 0
L -787.9026, -334.8126, -109.2455, -767.8113, -325.5822, -109.0500, 0, 150, 0
L -801.1998, -345.8188, -108.0348, -787.9026, -334.8126, -109.2455, 0, 150, 0
L -807.4365, -353.5426, -106.6535, -801.1998, -345.8188, -108.0348, 0, 150, 0
L -818.1851, -372.6755, -103.0694, -807.4365, -353.5426, -106.6535, 0, 150, 0
L -830.7527, -402.0992, -85.4567, -818.1851, -372.6755, -103.0694, 0, 150, 0
L -836.8686, -408.7979, -83.6218, -830.7527, -402.0992, -85.4567, 0, 150, 0
L -843.9254, -413.7393, -83.7721, -836.8686, -408.7979, -83.6218, 0, 150, 0
L -853.1583, -417.7373, -86.2049, -843.9254, -413.7393, -83.7721, 0, 150, 0
L -869.2010, -421.0478, -94.7076, -853.1583, -417.7373, -86.2049, 0, 150, 0
L -894.5917, -423.0693, -101.4948, -869.2010, -421.0478, -94.7076, 0, 150, 0
L -928.7910, -432.0591, -110.4566, -894.5917, -423.0693, -101.4948, 0, 150, 0
L -934.9114, -437.4776, -110.8071, -928.7910, -432.0591, -110.4566, 0, 150, 0
L -939.3069, -444.5293, -110.7251, -934.9114, -437.4776, -110.8071, 0, 150, 0
L -943.9315, -460.2861, -110.3997, -939.3069, -444.5293, -110.7251, 0, 150, 0
L -944.3303, -479.6222, -109.8525, -943.9315, -460.2861, -110.3997, 0, 150, 0
L -942.3355, -490.5370, -109.6279, -944.3303, -479.6222, -109.8525, 0, 150, 0
L -942.2148, -498.2440, -109.4426, -942.3355, -490.5370, -109.6279, 0, 150, 0
L -943.7542, -505.9023, -109.1746, -942.2148, -498.2440, -109.4426, 0, 150, 0
L -950.8624, -525.2834, -108.7076, -943.7542, -505.9023, -109.1746, 0, 150, 0
L -956.5101, -534.7075, -108.6337, -950.8624, -525.2834, -108.7076, 0, 150, 0
L -967.8890, -547.5271, -108.7793, -956.5101, -534.7075, -108.6337, 0, 150, 0
L -993.5599, -568.6406, -106.3604, -967.8890, -547.5271, -108.7793, 0, 150, 0
L -999.1446, -577.2492, -104.8692, -993.5599, -568.6406, -106.3604, 0, 150, 0
L -1001.3583, -584.5295, -103.5655, -999.1446, -577.2492, -104.8692, 0, 150, 0
L -1003.7959, -601.4296, -100.2022, -1001.3583, -584.5295, -103.5655, 0, 150, 0
L -1008.6827, -613.1229, -98.4543, -1003.7959, -601.4296, -100.2022, 0, 150, 0
L -1017.1450, -624.1015, -99.0445, -1008.6827, -613.1229, -98.4543, 0, 150, 0
L -1018.2430, -635.3032, -99.8859, -1017.1450, -624.1015, -99.0445, 0, 150, 0
L -1015.5984, -647.9061, -102.2824, -1018.2430, -635.3032, -99.8859, 0, 150, 0
L -1017.6884, -656.5103, -104.2836, -1015.5984, -647.9061, -102.2824, 0, 150, 0
L -1022.5257, -665.3483, -106.3478, -1017.6884, -656.5103, -104.2836, 0, 150, 0
L -1021.1282, -676.4423, -108.9149, -1022.5257, -665.3483, -106.3478, 0, 150, 0
L -1014.3026, -683.1819, -110.4553, -1021.1282, -676.4423, -108.9149, 0, 150, 0
L -1005.9556, -686.3036, -111.0847, -1014.3026, -683.1819, -110.4553, 0, 150, 0
L -987.8560, -690.1227, -109.2457, -1005.9556, -686.3036, -111.0847, 0, 150, 0
L -969.2926, -699.3712, -106.1365, -987.8560, -690.1227, -109.2457, 0, 150, 0
L -955.6027, -703.9126, -103.8501, -969.2926, -699.3712, -106.1365, 0, 150, 0
L -939.2826, -714.7307, -104.5564, -955.6027, -703.9126, -103.8501, 0, 150, 0
L -934.7394, -722.6458, -105.9331, -939.2826, -714.7307, -104.5564, 0, 150, 0
L -929.1596, -738.7170, -107.7058, -934.7394, -722.6458, -105.9331, 0, 150, 0
L -923.5941, -745.2601, -104.0399, -929.1596, -738.7170, -107.7058, 0, 150, 0
L -915.8005, -749.4543, -105.7553, -923.5941, -745.2601, -104.0399, 0, 150, 0
L -908.5500, -750.7436, -105.6632, -915.8005, -749.4543, -105.7553, 0, 150, 0
L -900.7153, -750.7733, -104.5606, -908.5500, -750.7436, -105.6632, 0, 150, 0
L -892.8991, -752.6932, -105.0033, -900.7153, -750.7733, -104.5606, 0, 150, 0
L -885.8588, -757.0451, -104.1473, -892.8991, -752.6932, -105.0033, 0, 150, 0
L -880.7411, -762.7418, -102.8571, -885.8588, -757.0451, -104.1473, 0, 150, 0
L -877.6844, -769.5475, -101.6505, -880.7411, -762.7418, -102.8571, 0, 150, 0
L -876.6348, -776.8289, -100.1186, -877.6844, -769.5475, -101.6505, 0, 150, 0
L -878.2538, -785.1793, -99.0245, -876.6348, -776.8289, -100.1186, 0, 150, 0
L -881.8647, -792.2150, -98.6316, -878.2538, -785.1793, -99.0245, 0, 150, 0
L -886.9921, -798.3681, -98.7509, -881.8647, -792.2150, -98.6316, 0, 150, 0
L -892.8319, -812.0683, -97.5439, -886.9921, -798.3681, -98.7509, 0, 150, 0
L -891.0483, -824.8125, -95.9792, -892.8319, -812.0683, -97.5439, 0, 150, 0
L -893.1863, -838.7556, -97.6579, -891.0483, -824.8125, -95.9792, 0, 150, 0
L -888.7588, -852.8693, -99.0464, -893.1863, -838.7556, -97.6579, 0, 150, 0
L -886.3588, -876.3437, -106.2908, -888.7588, -852.8693, -99.0464, 0, 150, 0
L -887.3254, -892.6943, -110.0195, -886.3588, -876.3437, -106.2908, 0, 150, 0
L -885.9340, -917.3201, -110.1222, -887.3254, -892.6943, -110.0195, 0, 150, 0
L -881.2112, -940.5259, -109.8065, -885.9340, -917.3201, -110.1222, 0, 150, 0
L -868.2224, -970.6930, -107.5944, -881.2112, -940.5259, -109.8065, 0, 150, 0
L -856.5687, -990.1790, -98.9523, -868.2224, -970.6930, -107.5944, 0, 150, 0
L -854.7170, -999.0309, -96.2790, -856.5687, -990.1790, -98.9523, 0, 150, 0
L -855.8013, -1009.1817, -95.2922, -854.7170, -999.0309, -96.2790, 0, 150, 0
L -858.2500, -1019.5813, -95.2078, -855.8013, -1009.1817, -95.2922, 0, 150, 0
L -858.4081, -1029.8099, -96.4984, -858.2500, -1019.5813, -95.2078, 0, 150, 0
L -854.2461, -1054.7900, -98.7756, -858.4081, -1029.8099, -96.4984, 0, 150, 0
L -845.3960, -1073.3401, -97.3960, -854.2461, -1054.7900, -98.7756, 0, 150, 0
L -834.2020, -1083.8812, -104.0158, -845.3960, -1073.3401, -97.3960, 0, 150, 0
L -814.7298, -1097.9452, -108.1516, -834.2020, -1083.8812, -104.0158, 0, 150, 0
L -808.8584, -1108.4052, -108.4194, -814.7298, -1097.9452, -108.1516, 0, 150, 0
L -807.0723, -1116.5946, -108.8943, -808.8584, -1108.4052, -108.4194, 0, 150, 0
L -807.8309, -1125.9249, -109.4356, -807.0723, -1116.5946, -108.8943, 0, 150, 0
L -813.5202, -1148.9855, -110.7742, -807.8309, -1125.9249, -109.4356, 0, 150, 0
L -813.7268, -1155.9862, -111.1789, -813.5202, -1148.9855, -110.7742, 0, 150, 0
L -812.5786, -1163.5636, -111.2802, -813.7268, -1155.9862, -111.1789, 0, 150, 0
L -801.8488, -1205.0522, -111.2802, -812.5786, -1163.5636, -111.2802, 0, 150, 0
L -794.3789, -1220.0554, -111.2802, -801.8488, -1205.0522, -111.2802, 0, 150, 0
L -781.3037, -1232.2103, -107.1082, -794.3789, -1220.0554, -111.2802, 0, 150, 0
L -757.4163, -1248.4221, -99.3961, -781.3037, -1232.2103, -107.1082, 0, 150, 0
L -752.0761, -1254.9150, -98.1264, -757.4163, -1248.4221, -99.3961, 0, 150, 0
L -746.5790, -1268.6880, -98.2492, -752.0761, -1254.9150, -98.1264, 0, 150, 0
L -746.4225, -1278.2203, -99.1551, -746.5790, -1268.6880, -98.2492, 0, 150, 0
L -749.8647, -1297.7471, -102.1020, -746.4225, -1278.2203, -99.1551, 0, 150, 0
L -758.7141, -1323.1013, -107.7806, -749.8647, -1297.7471, -102.1020, 0, 150, 0
L -758.1894, -1332.7477, -107.0532, -758.7141, -1323.1013, -107.7806, 0, 150, 0
L -751.9823, -1342.5071, -103.1816, -758.1894, -1332.7477, -107.0532, 0, 150, 0
L -746.3115, -1348.2592, -100.1888, -751.9823, -1342.5071, -103.1816, 0, 150, 0
L -742.7086, -1358.8424, -97.6989, -746.3115, -1348.2592, -100.1888, 0, 150, 0
L -742.8233, -1374.3760, -98.0658, -742.7086, -1358.8424, -97.6989, 0, 150, 0
L -738.1335, -1394.0770, -102.8222, -742.8233, -1374.3760, -98.0658, 0, 150, 0
L -724.6080, -1419.2144, -108.1500, -738.1335, -1394.0770, -102.8222, 0, 150, 0
L -718.3535, -1425.5774, -109.5963, -724.6080, -1419.2144, -108.1500, 0, 150, 0
L -707.8488, -1434.0883, -113.0656, -718.3535, -1425.5774, -109.5963, 0, 150, 0
L -691.4736, -1449.3274, -118.1115, -707.8488, -1434.0883, -113.0656, 0, 150, 0
L -670.9026, -1461.5491, -117.2527, -691.4736, -1449.3274, -118.1115, 0, 150, 0
L -665.4048, -1467.5057, -116.8141, -670.9026, -1461.5491, -117.2527, 0, 150, 0
L -655.4272, -1481.9174, -113.7872, -665.4048, -1467.5057, -116.8141, 0, 150, 0
L -650.1665, -1486.7914, -108.2146, -655.4272, -1481.9174, -113.7872, 0, 150, 0
L -645.0054, -1496.3367, -119.1184, -650.1665, -1486.7914, -108.2146, 0, 150, 0
L -641.8141, -1505.8951, -125.4950, -645.0054, -1496.3367, -119.1184, 0, 150, 0
L -635.7950, -1512.3113, -129.4431, -641.8141, -1505.8951, -125.4950, 0, 150, 0
L -627.9075, -1516.8798, -131.9456, -635.7950, -1512.3113, -129.4431, 0, 150, 0
L -616.8265, -1521.8197, -134.4328, -627.9075, -1516.8798, -131.9456, 0, 150, 0
L -609.9509, -1527.5361, -134.9652, -616.8265, -1521.8197, -134.4328, 0, 150, 0
L -603.9283, -1537.6808, -137.7743, -609.9509, -1527.5361, -134.9652, 0, 150, 0
L -591.2715, -1553.2861, -141.0274, -603.9283, -1537.6808, -137.7743, 0, 150, 0
L -577.2553, -1564.5707, -137.9791, -591.2715, -1553.2861, -141.0274, 0, 150, 0
L -552.6819, -1579.3400, -126.3427, -577.2553, -1564.5707, -137.9791, 0, 150, 0
L -546.5060, -1585.5027, -123.8428, -552.6819, -1579.3400, -126.3427, 0, 150, 0
L -538.7863, -1599.0792, -119.5218, -546.5060, -1585.5027, -123.8428, 0, 150, 0
L -536.3988, -1608.2319, -118.3348, -538.7863, -1599.0792, -119.5218, 0, 150, 0
L -535.0930, -1627.3051, -118.0805, -536.3988, -1608.2319, -118.3348, 0, 150, 0
L -538.7062, -1663.4739, -120.8931, -535.0930, -1627.3051, -118.0805, 0, 150, 0
L -537.8967, -1671.4475, -120.6069, -538.7062, -1663.4739, -120.8931, 0, 150, 0
L -535.4960, -1679.8635, -119.3663, -537.8967, -1671.4475, -120.6069, 0, 150, 0
L -526.7153, -1702.1724, -114.9158, -535.4960, -1679.8635, -119.3663, 0, 150, 0
L -525.3220, -1713.9460, -113.5465, -526.7153, -1702.1724, -114.9158, 0, 150, 0
L -523.5975, -1740.6210, -111.3113, -525.3220, -1713.9460, -113.5465, 0, 150, 0
L -518.1911, -1758.4766, -105.1633, -523.5975, -1740.6210, -111.3113, 0, 150, 0
L -511.6891, -1765.7291, -104.3840, -518.1911, -1758.4766, -105.1633, 0, 150, 0
L -500.3654, -1775.6772, -97.3598, -511.6891, -1765.7291, -104.3840, 0, 150, 0
L -496.0358, -1786.2526, -93.3057, -500.3654, -1775.6772, -97.3598, 0, 150, 0
L -497.8580, -1796.2814, -91.7735, -496.0358, -1786.2526, -93.3057, 0, 150, 0
L -504.7923, -1803.6438, -92.8334, -497.8580, -1796.2814, -91.7735, 0, 150, 0
L -512.7175, -1808.6859, -94.8452, -504.7923, -1803.6438, -92.8334, 0, 150, 0
L -517.1041, -1818.2330, -94.2640, -512.7175, -1808.6859, -94.8452, 0, 150, 0
L -519.4056, -1836.6663, -92.5710, -517.1041, -1818.2330, -94.2640, 0, 150, 0
L -524.7875, -1852.3323, -94.8021, -519.4056, -1836.6663, -92.5710, 0, 150, 0
L -528.8103, -1859.0652, -96.0585, -524.7875, -1852.3323, -94.8021, 0, 150, 0
L -534.9331, -1866.5234, -97.8038, -528.8103, -1859.0652, -96.0585, 0, 150, 0
L -544.1109, -1880.9252, -100.6128, -534.9331, -1866.5234, -97.8038, 0, 150, 0
L -547.2201, -1888.3599, -101.7174, -544.1109, -1880.9252, -100.6128, 0, 150, 0
L -549.2331, -1895.7345, -102.5857, -547.2201, -1888.3599, -101.7174, 0, 150, 0
L -551.0565, -1905.5541, -103.1720, -549.2331, -1895.7345, -102.5857, 0, 150, 0
L -554.2950, -1916.1664, -103.8591, -551.0565, -1905.5541, -103.1720, 0, 150, 0
L -558.1633, -1923.1421, -104.6800, -554.2950, -1916.1664, -103.8591, 0, 150, 0
L -563.4125, -1929.0099, -105.7931, -558.1633, -1923.1421, -104.6800, 0, 150, 0
L -569.6703, -1933.7245, -107.1180, -563.4125, -1929.0099, -105.7931, 0, 150, 0
L -577.1695, -1937.3884, -108.7064, -569.6703, -1933.7245, -107.1180, 0, 150, 0
L -585.6052, -1939.8397, -110.4989, -577.1695, -1937.3884, -108.7064, 0, 150, 0
L -594.3944, -1940.9512, -110.2428, -585.6052, -1939.8397, -110.4989, 0, 150, 0
L -610.3539, -1940.8497, -107.2128, -594.3944, -1940.9512, -110.2428, 0, 150, 0
L -628.5571, -1937.0009, -104.0017, -610.3539, -1940.8497, -107.2128, 0, 150, 0
L -644.9407, -1929.2473, -104.7135, -628.5571, -1937.0009, -104.0017, 0, 150, 0
L -651.7443, -1924.9196, -105.1803, -644.9407, -1929.2473, -104.7135, 0, 150, 0
L -657.9256, -1919.7566, -105.3997, -651.7443, -1924.9196, -105.1803, 0, 150, 0
L -666.8052, -1910.5399, -101.9133, -657.9256, -1919.7566, -105.3997, 0, 150, 0
L -682.1754, -1900.1335, -104.7071, -666.8052, -1910.5399, -101.9133, 0, 150, 0
L -713.6143, -1887.1487, -104.3019, -682.1754, -1900.1335, -104.7071, 0, 150, 0
L -722.5573, -1886.2637, -101.6357, -713.6143, -1887.1487, -104.3019, 0, 150, 0
L -747.6234, -1888.3140, -104.4417, -722.5573, -1886.2637, -101.6357, 0, 150, 0
L -760.0511, -1892.4794, -106.0172, -747.6234, -1888.3140, -104.4417, 0, 150, 0
L -769.7412, -1896.9894, -107.0432, -760.0511, -1892.4794, -106.0172, 0, 150, 0
L -780.3718, -1904.2942, -106.5909, -769.7412, -1896.9894, -107.0432, 0, 150, 0
L -792.1108, -1915.7050, -104.3538, -780.3718, -1904.2942, -106.5909, 0, 150, 0
L -804.5789, -1931.2036, -97.8256, -792.1108, -1915.7050, -104.3538, 0, 150, 0
L -810.1222, -1936.0754, -95.5809, -804.5789, -1931.2036, -97.8256, 0, 150, 0
L -819.5963, -1939.5310, -93.6165, -810.1222, -1936.0754, -95.5809, 0, 150, 0
L -825.6893, -1939.5017, -93.1417, -819.5963, -1939.5310, -93.6165, 0, 150, 0
L -831.9275, -1939.4084, -92.6779, -825.6893, -1939.5017, -93.1417, 0, 150, 0
L -841.1190, -1939.2711, -92.5643, -831.9275, -1939.4084, -92.6779, 0, 150, 0
L -853.0565, -1939.0930, -92.6850, -841.1190, -1939.2711, -92.5643, 0, 150, 0
L -862.5341, -1938.9526, -92.7555, -853.0565, -1939.0930, -92.6850, 0, 150, 0
L -872.8123, -1938.8000, -92.5324, -862.5341, -1938.9526, -92.7555, 0, 150, 0
L -881.3522, -1938.6735, -92.3472, -872.8123, -1938.8000, -92.5324, 0, 150, 0
L -888.0034, -1938.5748, -92.2031, -881.3522, -1938.6735, -92.3472, 0, 150, 0
L -898.3679, -1936.5065, -92.8714, -888.0034, -1938.5748, -92.2031, 0, 150, 0
L -932.9885, -1909.7095, -104.8737, -898.3679, -1936.5065, -92.8714, 0, 150, 0
L -938.7133, -1906.3013, -104.7274, -932.9885, -1909.7095, -104.8737, 0, 150, 0
L -946.2142, -1903.0374, -104.7027, -938.7133, -1906.3013, -104.7274, 0, 150, 0
L -960.9746, -1898.0938, -103.1982, -946.2142, -1903.0374, -104.7027, 0, 150, 0
L -969.0425, -1896.9817, -101.1845, -960.9746, -1898.0938, -103.1982, 0, 150, 0
L -980.7727, -1897.0916, -98.2435, -969.0425, -1896.9817, -101.1845, 0, 150, 0
L -993.1752, -1895.4197, -95.1371, -980.7727, -1897.0916, -98.2435, 0, 150, 0
L -1001.4672, -1893.6284, -94.8088, -993.1752, -1895.4197, -95.1371, 0, 150, 0
L -1024.7386, -1885.9034, -93.6834, -1001.4672, -1893.6284, -94.8088, 0, 150, 0
L -1032.0725, -1884.8137, -93.0055, -1024.7386, -1885.9034, -93.6834, 0, 150, 0
L -1067.8455, -1881.9287, -91.8674, -1032.0725, -1884.8137, -93.0055, 0, 150, 0
L -1076.7319, -1879.2732, -95.9464, -1067.8455, -1881.9287, -91.8674, 0, 150, 0
L -1092.0839, -1872.6594, -103.7159, -1076.7319, -1879.2732, -95.9464, 0, 150, 0
L -1100.1005, -1871.4635, -106.9677, -1092.0839, -1872.6594, -103.7159, 0, 150, 0
L -1107.7252, -1871.6960, -109.3626, -1100.1005, -1871.4635, -106.9677, 0, 150, 0
L -1121.3593, -1873.6295, -109.6944, -1107.7252, -1871.6960, -109.3626, 0, 150, 0
L -1134.4014, -1876.7057, -109.9765, -1121.3593, -1873.6295, -109.6944, 0, 150, 0
L -1145.4587, -1877.6818, -109.9575, -1134.4014, -1876.7057, -109.9765, 0, 150, 0
L -1259.4143, -1876.0258, -110.0051, -1145.4587, -1877.6818, -109.9575, 0, 150, 0
L -1287.9076, -1871.3246, -109.1594, -1259.4143, -1876.0258, -110.0051, 0, 150, 0
L -1296.4447, -1867.5376, -108.7835, -1287.9076, -1871.3246, -109.1594, 0, 150, 0
L -1303.2599, -1862.5736, -108.6008, -1296.4447, -1867.5376, -108.7835, 0, 150, 0
L -1309.6592, -1855.2676, -109.2344, -1303.2599, -1862.5736, -108.6008, 0, 150, 0
L -1318.6423, -1840.7781, -110.4912, -1309.6592, -1855.2676, -109.2344, 0, 150, 0
L -1321.4919, -1832.3361, -111.2234, -1318.6423, -1840.7781, -110.4912, 0, 150, 0
L -1327.9329, -1801.8689, -111.2802, -1321.4919, -1832.3361, -111.2234, 0, 150, 0
L -1331.1526, -1792.5612, -111.2802, -1327.9329, -1801.8689, -111.2802, 0, 150, 0
L -1331.8492, -1781.0190, -111.2802, -1331.1526, -1792.5612, -111.2802, 0, 150, 0
L -1329.5259, -1741.8822, -110.9028, -1331.8492, -1781.0190, -111.2802, 0, 150, 0
L -1329.6761, -1731.3159, -110.5943, -1329.5259, -1741.8822, -110.9028, 0, 150, 0
L -1332.7146, -1699.4932, -109.5929, -1329.6761, -1731.3159, -110.5943, 0, 150, 0
L -1332.7229, -1688.6652, -109.5281, -1332.7146, -1699.4932, -109.5929, 0, 150, 0
L -1331.0746, -1674.6033, -109.5750, -1332.7229, -1688.6652, -109.5281, 0, 150, 0
L -1318.6804, -1615.0201, -109.9271, -1331.0746, -1674.6033, -109.5750, 0, 150, 0
L -1317.0702, -1596.4628, -110.2923, -1318.6804, -1615.0201, -109.9271, 0, 150, 0
L -1318.1121, -1584.9813, -110.6223, -1317.0702, -1596.4628, -110.2923, 0, 150, 0
L -1317.7559, -1577.7010, -110.8316, -1318.1121, -1584.9813, -110.6223, 0, 150, 0
L -1314.8628, -1562.8085, -111.2596, -1317.7559, -1577.7010, -110.8316, 0, 150, 0
L -1308.0392, -1546.3649, -111.2802, -1314.8628, -1562.8085, -111.2596, 0, 150, 0
L -1297.0541, -1528.8513, -111.2802, -1308.0392, -1546.3649, -111.2802, 0, 150, 0
L -1291.1321, -1522.7889, -111.2802, -1297.0541, -1528.8513, -111.2802, 0, 150, 0
L -1283.2544, -1517.5801, -111.2802, -1291.1321, -1522.7889, -111.2802, 0, 150, 0
L -1267.0015, -1510.5104, -111.1565, -1283.2544, -1517.5801, -111.2802, 0, 150, 0
L -1259.9346, -1506.1505, -110.9566, -1267.0015, -1510.5104, -111.1565, 0, 150, 0
L -1254.0332, -1500.6002, -110.7901, -1259.9346, -1506.1505, -110.9566, 0, 150, 0
L -1249.1283, -1494.0706, -110.2109, -1254.0332, -1500.6002, -110.7901, 0, 150, 0
L -1245.5461, -1487.1528, -107.2195, -1249.1283, -1494.0706, -110.2109, 0, 150, 0
L -1238.1071, -1467.3118, -98.8965, -1245.5461, -1487.1528, -107.2195, 0, 150, 0
L -1232.5875, -1459.1201, -95.4459, -1238.1071, -1467.3118, -98.8965, 0, 150, 0
L -1225.5732, -1453.1992, -92.8968, -1232.5875, -1459.1201, -95.4459, 0, 150, 0
L -1218.2544, -1448.9103, -90.9473, -1225.5732, -1453.1992, -92.8968, 0, 150, 0
L -1188.0344, -1435.2792, -91.0041, -1218.2544, -1448.9103, -90.9473, 0, 150, 0
L -1179.7878, -1425.6583, -91.1312, -1188.0344, -1435.2792, -91.0041, 0, 150, 0
L -1177.0817, -1414.5247, -92.5498, -1179.7878, -1425.6583, -91.1312, 0, 150, 0
L -1177.1793, -1406.0326, -92.7394, -1177.0817, -1414.5247, -92.5498, 0, 150, 0
L -1181.1320, -1381.8743, -100.2654, -1177.1793, -1406.0326, -92.7394, 0, 150, 0
L -1181.0176, -1374.2488, -103.1701, -1181.1320, -1381.8743, -100.2654, 0, 150, 0
L -1179.7395, -1365.7126, -106.4995, -1181.0176, -1374.2488, -103.1701, 0, 150, 0
L -1171.3571, -1335.2262, -109.1909, -1179.7395, -1365.7126, -106.4995, 0, 150, 0
L -1172.3684, -1326.9368, -109.2120, -1171.3571, -1335.2262, -109.1909, 0, 150, 0
L -1174.9011, -1321.1708, -109.3050, -1172.3684, -1326.9368, -109.2120, 0, 150, 0
L -1177.1560, -1313.9899, -109.4504, -1174.9011, -1321.1708, -109.3050, 0, 150, 0
L -1183.8621, -1262.7427, -107.1736, -1177.1560, -1313.9899, -109.4504, 0, 150, 0
L -1186.3180, -1255.3390, -105.3052, -1183.8621, -1262.7427, -107.1736, 0, 150, 0
L -1195.5570, -1232.8721, -99.2404, -1186.3180, -1255.3390, -105.3052, 0, 150, 0
L -1196.6890, -1226.5566, -97.8404, -1195.5570, -1232.8721, -99.2404, 0, 150, 0
L -1198.4337, -1185.6284, -96.8577, -1196.6890, -1226.5566, -97.8404, 0, 150, 0
L -1199.8406, -1179.3198, -96.5546, -1198.4337, -1185.6284, -96.8577, 0, 150, 0
L -1202.3212, -1173.2726, -96.0744, -1199.8406, -1179.3198, -96.5546, 0, 150, 0
L -1207.7527, -1166.7860, -91.6193, -1202.3212, -1173.2726, -96.0744, 0, 150, 0
L -1217.5382, -1158.6183, -92.3401, -1207.7527, -1166.7860, -91.6193, 0, 150, 0
L -1238.4282, -1136.5261, -92.7947, -1217.5382, -1158.6183, -92.3401, 0, 150, 0
L -1241.5726, -1130.7052, -93.2950, -1238.4282, -1136.5261, -92.7947, 0, 150, 0
L -1243.8295, -1124.6018, -93.3819, -1241.5726, -1130.7052, -93.2950, 0, 150, 0
L -1252.1223, -1095.8483, -93.4644, -1243.8295, -1124.6018, -93.3819, 0, 150, 0
L -1255.7184, -1090.1276, -92.8090, -1252.1223, -1095.8483, -93.4644, 0, 150, 0
L -1261.4310, -1085.4806, -91.0170, -1255.7184, -1090.1276, -92.8090, 0, 150, 0
L -1267.7830, -1083.6260, -90.2177, -1261.4310, -1085.4806, -91.0170, 0, 150, 0
L -1274.5032, -1082.9904, -90.8009, -1267.7830, -1083.6260, -90.2177, 0, 150, 0
L -1287.0750, -1083.2101, -92.5174, -1274.5032, -1082.9904, -90.8009, 0, 150, 0
L -1295.9160, -1082.1680, -94.0720, -1287.0750, -1083.2101, -92.5174, 0, 150, 0
L -1315.1849, -1076.6571, -98.4008, -1295.9160, -1082.1680, -94.0720, 0, 150, 0
L -1322.0983, -1075.6805, -99.6634, -1315.1849, -1076.6571, -98.4008, 0, 150, 0
L -1344.8474, -1073.7136, -102.0498, -1322.0983, -1075.6805, -99.6634, 0, 150, 0
L -1353.2290, -1071.4243, -103.8469, -1344.8474, -1073.7136, -102.0498, 0, 150, 0
L -1364.8177, -1066.7787, -106.6270, -1353.2290, -1071.4243, -103.8469, 0, 150, 0
L -1373.9407, -1065.8235, -108.2767, -1364.8177, -1066.7787, -106.6270, 0, 150, 0
L -1381.7596, -1067.1970, -109.2534, -1373.9407, -1065.8235, -108.2767, 0, 150, 0
L -1390.7798, -1069.5436, -109.5296, -1381.7596, -1067.1970, -109.2534, 0, 150, 0
L -1398.1985, -1069.5146, -109.5314, -1390.7798, -1069.5436, -109.5296, 0, 150, 0
L -1406.4215, -1067.5790, -109.6041, -1398.1985, -1069.5146, -109.5314, 0, 150, 0
L -1416.9144, -1064.4412, -107.4320, -1406.4215, -1067.5790, -109.6041, 0, 150, 0
L -1424.0470, -1063.8961, -105.7848, -1416.9144, -1064.4412, -107.4320, 0, 150, 0
L -1444.9348, -1064.9757, -100.8704, -1424.0470, -1063.8961, -105.7848, 0, 150, 0
L -1452.7672, -1063.5524, -100.1207, -1444.9348, -1064.9757, -100.8704, 0, 150, 0
L -1462.5349, -1061.1248, -100.5371, -1452.7672, -1063.5524, -100.1207, 0, 150, 0
L -1469.8469, -1061.3123, -100.3246, -1462.5349, -1061.1248, -100.5371, 0, 150, 0
L -1491.0764, -1064.5648, -100.6507, -1469.8469, -1061.3123, -100.3246, 0, 150, 0
L -1497.6042, -1066.6135, -100.6490, -1491.0764, -1064.5648, -100.6507, 0, 150, 0
L -1506.0162, -1070.5741, -100.3158, -1497.6042, -1066.6135, -100.6490, 0, 150, 0
L -1534.9949, -1087.8385, -98.2829, -1506.0162, -1070.5741, -100.3158, 0, 150, 0
L -1540.4779, -1092.6111, -98.3156, -1534.9949, -1087.8385, -98.2829, 0, 150, 0
L -1562.4126, -1116.2913, -102.5282, -1540.4779, -1092.6111, -98.3156, 0, 150, 0
L -1566.4102, -1123.9351, -103.5690, -1562.4126, -1116.2913, -102.5282, 0, 150, 0
L -1568.6650, -1132.6735, -104.5008, -1566.4102, -1123.9351, -103.5690, 0, 150, 0
L -1569.1823, -1139.1177, -105.0604, -1568.6650, -1132.6735, -104.5008, 0, 150, 0
L -1566.5852, -1183.5399, -107.0038, -1569.1823, -1139.1177, -105.0604, 0, 150, 0
L -1566.8341, -1190.7338, -107.2997, -1566.5852, -1183.5399, -107.0038, 0, 150, 0
L -1573.8827, -1240.7217, -108.8520, -1566.8341, -1190.7338, -107.2997, 0, 150, 0
L -1573.6663, -1248.8582, -108.5876, -1573.8827, -1240.7217, -108.8520, 0, 150, 0
L -1572.2621, -1258.2198, -108.4157, -1573.6663, -1248.8582, -108.5876, 0, 150, 0
L -1570.3109, -1265.1481, -108.4212, -1572.2621, -1258.2198, -108.4157, 0, 150, 0
L -1565.6520, -1279.4792, -108.4015, -1570.3109, -1265.1481, -108.4212, 0, 150, 0
L -1563.4575, -1299.0756, -108.4996, -1565.6520, -1279.4792, -108.4015, 0, 150, 0
L -1564.0885, -1305.9240, -108.5358, -1563.4575, -1299.0756, -108.4996, 0, 150, 0
L -1566.6412, -1313.6290, -108.6821, -1564.0885, -1305.9240, -108.5358, 0, 150, 0
L -1572.9457, -1324.5623, -107.3817, -1566.6412, -1313.6290, -108.6821, 0, 150, 0
L -1578.2319, -1330.9026, -107.1521, -1572.9457, -1324.5623, -107.3817, 0, 150, 0
L -1584.3706, -1336.4382, -107.7705, -1578.2319, -1330.9026, -107.1521, 0, 150, 0
L -1602.4846, -1350.0546, -110.7364, -1584.3706, -1336.4382, -107.7705, 0, 150, 0
L -1607.2109, -1356.4531, -110.2725, -1602.4846, -1350.0546, -110.7364, 0, 150, 0
L -1609.9712, -1362.9504, -110.1600, -1607.2109, -1356.4531, -110.2725, 0, 150, 0
L -1622.6348, -1403.1842, -111.2802, -1609.9712, -1362.9504, -110.1600, 0, 150, 0
L -1636.2279, -1430.8916, -111.2802, -1622.6348, -1403.1842, -111.2802, 0, 150, 0
L -1641.3333, -1445.1110, -111.2802, -1636.2279, -1430.8916, -111.2802, 0, 150, 0
L -1645.1228, -1452.3214, -111.2802, -1641.3333, -1445.1110, -111.2802, 0, 150, 0
L -1649.1505, -1457.7361, -111.2802, -1645.1228, -1452.3214, -111.2802, 0, 150, 0
L -1653.7307, -1462.7123, -111.2802, -1649.1505, -1457.7361, -111.2802, 0, 150, 0
L -1666.5861, -1472.9548, -111.2802, -1653.7307, -1462.7123, -111.2802, 0, 150, 0
L -1673.6257, -1476.8389, -111.2802, -1666.5861, -1472.9548, -111.2802, 0, 150, 0
L -1681.2192, -1479.5380, -111.2405, -1673.6257, -1476.8389, -111.2802, 0, 150, 0
L -1689.7012, -1480.8477, -110.9978, -1681.2192, -1479.5380, -111.2405, 0, 150, 0
L -1696.4452, -1480.4482, -110.8057, -1689.7012, -1480.8477, -110.9978, 0, 150, 0
L -1705.1815, -1477.8665, -110.5566, -1696.4452, -1480.4482, -110.8057, 0, 150, 0
L -1711.1742, -1474.4436, -110.3859, -1705.1815, -1477.8665, -110.5566, 0, 150, 0
L -1716.4418, -1469.6847, -110.2374, -1711.1742, -1474.4436, -110.3859, 0, 150, 0
L -1721.1703, -1463.2926, -109.8129, -1716.4418, -1469.6847, -110.2374, 0, 150, 0
L -1724.0696, -1457.5320, -109.2347, -1721.1703, -1463.2926, -109.8129, 0, 150, 0
L -1726.3241, -1449.5266, -108.5825, -1724.0696, -1457.5320, -109.2347, 0, 150, 0
L -1727.1329, -1441.9087, -108.0749, -1726.3241, -1449.5266, -108.5825, 0, 150, 0
L -1727.0610, -1427.6372, -107.2615, -1727.1329, -1441.9087, -108.0749, 0, 150, 0
L -1724.2819, -1410.6224, -107.4954, -1727.0610, -1427.6372, -107.2615, 0, 150, 0
L -1724.3169, -1401.3700, -106.0415, -1724.2819, -1410.6224, -107.4954, 0, 150, 0
L -1725.1610, -1386.2860, -96.9837, -1724.3169, -1401.3700, -106.0415, 0, 150, 0
L -1723.2760, -1379.4778, -94.7505, -1725.1610, -1386.2860, -96.9837, 0, 150, 0
L -1718.9500, -1369.6071, -91.9712, -1723.2760, -1379.4778, -94.7505, 0, 150, 0
L -1716.8975, -1361.4139, -88.4868, -1718.9500, -1369.6071, -91.9712, 0, 150, 0
L -1716.9977, -1355.1149, -88.3024, -1716.8975, -1361.4139, -88.4868, 0, 150, 0
L -1718.2600, -1348.9431, -87.8177, -1716.9977, -1355.1149, -88.3024, 0, 150, 0
L -1720.5547, -1343.1384, -86.6417, -1718.2600, -1348.9431, -87.8177, 0, 150, 0
L -1723.7649, -1336.9354, -85.0202, -1720.5547, -1343.1384, -86.6417, 0, 150, 0
L -1725.9244, -1331.3326, -85.3723, -1723.7649, -1336.9354, -85.0202, 0, 150, 0
L -1726.6708, -1325.1228, -86.6708, -1725.9244, -1331.3326, -85.3723, 0, 150, 0
L -1725.8829, -1318.9567, -88.6175, -1726.6708, -1325.1228, -86.6708, 0, 150, 0
L -1722.9714, -1312.8429, -91.4635, -1725.8829, -1318.9567, -88.6175, 0, 150, 0
L -1718.6450, -1307.6396, -94.6804, -1722.9714, -1312.8429, -91.4635, 0, 150, 0
L -1715.0747, -1302.2758, -97.6142, -1718.6450, -1307.6396, -94.6804, 0, 150, 0
L -1714.7843, -1289.8351, -101.2593, -1715.0747, -1302.2758, -97.6142, 0, 150, 0
L -1724.5442, -1274.0068, -102.8458, -1714.7843, -1289.8351, -101.2593, 0, 150, 0
L -1727.3263, -1265.2939, -105.6632, -1724.5442, -1274.0068, -102.8458, 0, 150, 0
L -1730.3285, -1247.9982, -113.2732, -1727.3263, -1265.2939, -105.6632, 0, 150, 0
L -1732.7109, -1241.0570, -115.9701, -1730.3285, -1247.9982, -113.2732, 0, 150, 0
L -1736.0272, -1235.0850, -117.9063, -1732.7109, -1241.0570, -115.9701, 0, 150, 0
L -1741.5345, -1228.7159, -119.3696, -1736.0272, -1235.0850, -117.9063, 0, 150, 0
L -1748.3801, -1224.2404, -118.9389, -1741.5345, -1228.7159, -119.3696, 0, 150, 0
L -1755.7527, -1221.1541, -117.3919, -1748.3801, -1224.2404, -118.9389, 0, 150, 0
L -1764.0986, -1219.0541, -115.7760, -1755.7527, -1221.1541, -117.3919, 0, 150, 0
L -1788.4310, -1215.4395, -111.2932, -1764.0986, -1219.0541, -115.7760, 0, 150, 0
L -1799.5352, -1215.9292, -109.4297, -1788.4310, -1215.4395, -111.2932, 0, 150, 0
L -1822.8390, -1219.0865, -107.1511, -1799.5352, -1215.9292, -109.4297, 0, 150, 0
L -1832.8326, -1218.0046, -106.3655, -1822.8390, -1219.0865, -107.1511, 0, 150, 0
L -1840.4093, -1215.3708, -105.8761, -1832.8326, -1218.0046, -106.3655, 0, 150, 0
L -1846.8734, -1211.3286, -105.5621, -1840.4093, -1215.3708, -105.8761, 0, 150, 0
L -1856.2216, -1202.7743, -105.2675, -1846.8734, -1211.3286, -105.5621, 0, 150, 0
L -1862.0847, -1193.5327, -106.1004, -1856.2216, -1202.7743, -105.2675, 0, 150, 0
L -1867.8657, -1187.1417, -107.0253, -1862.0847, -1193.5327, -106.1004, 0, 150, 0
L -1879.7043, -1177.8206, -108.3742, -1867.8657, -1187.1417, -107.0253, 0, 150, 0
L -1887.2489, -1173.6134, -106.6398, -1879.7043, -1177.8206, -108.3742, 0, 150, 0
L -1894.3127, -1171.0165, -101.0002, -1887.2489, -1173.6134, -106.6398, 0, 150, 0
L -1907.0275, -1167.2037, -95.1755, -1894.3127, -1171.0165, -101.0002, 0, 150, 0
L -1920.7068, -1150.2965, -91.5944, -1907.0275, -1167.2037, -95.1755, 0, 150, 0
L -1922.2468, -1139.7429, -90.8345, -1920.7068, -1150.2965, -91.5944, 0, 150, 0
L -1920.1274, -1125.2404, -91.9999, -1922.2468, -1139.7429, -90.8345, 0, 150, 0
L -1915.7179, -1115.5231, -94.7105, -1920.1274, -1125.2404, -91.9999, 0, 150, 0
L -1908.3224, -1107.4314, -98.7809, -1915.7179, -1115.5231, -94.7105, 0, 150, 0
L -1897.4983, -1096.1582, -104.7038, -1908.3224, -1107.4314, -98.7809, 0, 150, 0
L -1893.5415, -1085.4036, -105.5597, -1897.4983, -1096.1582, -104.7038, 0, 150, 0
L -1892.0026, -1073.4410, -103.0296, -1893.5415, -1085.4036, -105.5597, 0, 150, 0
L -1891.7767, -1054.2489, -98.2876, -1892.0026, -1073.4410, -103.0296, 0, 150, 0
L -1889.9985, -1042.5120, -96.1560, -1891.7767, -1054.2489, -98.2876, 0, 150, 0
L -1885.6245, -1030.8838, -95.3176, -1889.9985, -1042.5120, -96.1560, 0, 150, 0
L -1878.5171, -1019.6381, -94.9632, -1885.6245, -1030.8838, -95.3176, 0, 150, 0
L -1861.8580, -984.0813, -90.9507, -1878.5171, -1019.6381, -94.9632, 0, 150, 0
L -1855.1667, -961.2660, -85.6729, -1861.8580, -984.0813, -90.9507, 0, 150, 0
L -1854.1073, -949.6231, -85.2770, -1855.1667, -961.2660, -85.6729, 0, 150, 0
L -1855.7993, -931.6494, -86.9196, -1854.1073, -949.6231, -85.2770, 0, 150, 0
L -1859.1113, -921.4962, -89.1867, -1855.7993, -931.6494, -86.9196, 0, 150, 0
L -1868.1074, -900.1945, -96.3144, -1859.1113, -921.4962, -89.1867, 0, 150, 0
L -1871.2606, -886.1627, -99.6155, -1868.1074, -900.1945, -96.3144, 0, 150, 0
L -1872.5421, -875.4296, -96.4992, -1871.2606, -886.1627, -99.6155, 0, 150, 0
L -1872.0032, -837.6547, -103.9923, -1872.5421, -875.4296, -96.4992, 0, 150, 0
L -1874.7433, -835.6204, -105.2359, -1872.0032, -837.6547, -103.9923, 0, 150, 0
L -1878.6913, -833.4196, -106.8798, -1874.7433, -835.6204, -105.2359, 0, 150, 0
L -1884.3850, -831.0222, -109.0932, -1878.6913, -833.4196, -106.8798, 0, 150, 0
L -1888.3522, -830.0942, -106.1534, -1884.3850, -831.0222, -109.0932, 0, 150, 0
L -1892.7302, -829.9833, -102.6828, -1888.3522, -830.0942, -106.1534, 0, 150, 0
L -1902.7014, -831.1461, -100.6952, -1892.7302, -829.9833, -102.6828, 0, 150, 0
L -1912.4764, -831.2104, -100.6348, -1902.7014, -831.1461, -100.6952, 0, 150, 0
L -1915.7863, -830.8814, -100.9685, -1912.4764, -831.2104, -100.6348, 0, 150, 0
L -1934.2871, -827.1898, -104.7132, -1915.7863, -830.8814, -100.9685, 0, 150, 0
L -1939.7264, -825.4313, -106.4970, -1934.2871, -827.1898, -104.7132, 0, 150, 0
L -1952.7537, -820.4147, -111.2802, -1939.7264, -825.4313, -106.4970, 0, 150, 0
L -1952.7537, -756.5782, -111.2802, -1952.7537, -820.4147, -111.2802, 0, 150, 0
L -1953.6549, -753.2599, -111.2881, -1952.7537, -756.5782, -111.2802, 0, 150, 0
L -1964.7854, -753.3977, -111.4003, -1953.6549, -753.2599, -111.2881, 0, 150, 0
L -1979.0439, -753.5777, -111.5364, -1964.7854, -753.3977, -111.4003, 0, 150, 0
L -2020.9548, -754.1374, -111.8696, -1979.0439, -753.5777, -111.5364, 0, 150, 0
L -2129.9465, -717.8231, -112.6190, -2020.9548, -754.1374, -111.8696, 0, 150, 0
L -2177.0950, -659.4359, -112.6221, -2129.9465, -717.8231, -112.6190, 0, 150, 0
L -2192.7327, -603.5445, -112.6240, -2177.0950, -659.4359, -112.6221, 0, 150, 0
L -2193.9744, -601.8741, -112.6240, -2192.7327, -603.5445, -112.6240, 0, 150, 0
L -2210.9309, -600.1755, -112.6240, -2193.9744, -601.8741, -112.6240, 0, 150, 0
L -2213.7559, -600.6026, -112.6217, -2210.9309, -600.1755, -112.6240, 0, 150, 0
L -2217.1179, -604.4386, -112.6240, -2213.7559, -600.6026, -112.6217, 0, 150, 0
L -2211.0000, -555.6474, -112.6156, -2217.1179, -604.4386, -112.6240, 150, 0, 200
L -2211.0000, -555.6474, -112.6156, -2211.0000, -555.6474, -112.6156, 0, 125, 0
L -2211.0000, -555.6475, -112.6199, -2211.0000, -555.6474, -112.6156, 0, 125, 0
L -2162.3904, -580.9299, -112.6210, -2211.0000, -555.6475, -112.6199, 0, 125, 0
L -2098.5481, -699.3611, -112.6225, -2162.3904, -580.9299, -112.6210, 0, 125, 0
L -2096.5703, -700.1897, -112.6129, -2098.5481, -699.3611, -112.6225, 0, 125, 0
L -2022.4901, -686.8589, -111.9705, -2096.5703, -700.1897, -112.6129, 0, 150, 0
L -2020.4886, -685.9166, -111.9413, -2022.4901, -686.8589, -111.9705, 0, 125, 0
L -2000.4425, -667.6736, -111.2110, -2020.4886, -685.9166, -111.9413, 0, 125, 0
L -1994.0231, -660.0598, -110.9286, -2000.4425, -667.6736, -111.2110, 0, 125, 0
L -1951.6715, -618.6613, -109.3788, -1994.0231, -660.0598, -110.9286, 0, 125, 0
L -1931.8960, -592.5264, -108.2223, -1951.6715, -618.6613, -109.3788, 0, 125, 0
L -1913.6134, -573.5298, -108.4303, -1931.8960, -592.5264, -108.2223, 0, 125, 0
L -1899.2588, -553.7047, -107.0211, -1913.6134, -573.5298, -108.4303, 0, 125, 0
L -1876.5051, -513.2418, -110.4204, -1899.2588, -553.7047, -107.0211, 0, 125, 0
L -1872.7490, -503.6936, -110.2494, -1876.5051, -513.2418, -110.4204, 0, 125, 0
L -1869.5391, -489.1046, -109.9156, -1872.7490, -503.6936, -110.2494, 0, 125, 0
L -1869.3680, -481.8162, -109.7779, -1869.5391, -489.1046, -109.9156, 0, 125, 0
L -1870.2485, -452.1879, -110.2517, -1869.3680, -481.8162, -109.7779, 0, 125, 0
L -1865.6869, -444.4551, -110.4739, -1870.2485, -452.1879, -110.2517, 0, 125, 0
L -1856.5942, -432.8912, -110.8063, -1865.6869, -444.4551, -110.4739, 0, 125, 0
L -1853.7119, -423.0789, -111.0884, -1856.5942, -432.8912, -110.8063, 0, 125, 0
L -1853.8568, -413.9305, -111.2802, -1853.7119, -423.0789, -111.0884, 0, 125, 0
L -1858.6775, -374.2258, -111.2802, -1853.8568, -413.9305, -111.2802, 0, 125, 0
L -1858.7911, -367.0340, -111.2802, -1858.6775, -374.2258, -111.2802, 0, 125, 0
L -1854.9539, -326.8310, -110.7031, -1858.7911, -367.0340, -111.2802, 0, 125, 0
L -1855.0414, -319.9924, -110.5298, -1854.9539, -326.8310, -110.7031, 0, 125, 0
L -1856.2156, -310.8835, -110.3498, -1855.0414, -319.9924, -110.5298, 0, 125, 0
L -1856.6982, -303.4515, -110.2003, -1856.2156, -310.8835, -110.3498, 0, 125, 0
L -1856.1694, -287.7907, -109.8785, -1856.6982, -303.4515, -110.2003, 0, 125, 0
L -1857.1384, -279.5496, -109.6767, -1856.1694, -287.7907, -109.8785, 0, 125, 0
L -1865.7152, -232.8383, -106.7575, -1857.1384, -279.5496, -109.6767, 0, 125, 0
L -1866.1974, -224.0987, -106.0566, -1865.7152, -232.8383, -106.7575, 0, 125, 0
L -1864.2067, -201.7824, -105.3851, -1866.1974, -224.0987, -106.0566, 0, 125, 0
L -1864.8237, -190.9747, -104.0703, -1864.2067, -201.7824, -105.3851, 0, 125, 0
L -1871.3832, -159.2877, -92.7988, -1864.8237, -190.9747, -104.0703, 0, 125, 0
L -1872.0142, -148.9469, -89.6871, -1871.3832, -159.2877, -92.7988, 0, 125, 0
L -1870.7207, -140.2133, -89.6354, -1872.0142, -148.9469, -89.6871, 0, 125, 0
L -1867.4860, -130.5923, -90.7133, -1870.7207, -140.2133, -89.6354, 0, 125, 0
L -1863.3014, -123.2194, -91.5179, -1867.4860, -130.5923, -90.7133, 0, 125, 0
L -1848.0663, -103.2865, -95.4074, -1863.3014, -123.2194, -91.5179, 0, 125, 0
L -1822.2933, -82.2855, -104.8294, -1848.0663, -103.2865, -95.4074, 0, 125, 0
L -1797.5059, -54.4556, -103.8015, -1822.2933, -82.2855, -104.8294, 0, 125, 0
L -1786.2426, -37.0346, -101.2563, -1797.5059, -54.4556, -103.8015, 0, 125, 0
L -1779.4730, -22.1823, -98.9921, -1786.2426, -37.0346, -101.2563, 0, 125, 0
L -1775.1803, -15.6316, -98.0523, -1779.4730, -22.1823, -98.9921, 0, 125, 0
L -1762.5259, -1.4178, -95.0014, -1775.1803, -15.6316, -98.0523, 0, 125, 0
L -1750.5608, 7.5745, -92.9785, -1762.5259, -1.4178, -95.0014, 0, 125, 0
L -1745.4945, 13.1328, -92.8124, -1750.5608, 7.5745, -92.9785, 0, 125, 0
L -1730.0178, 34.5631, -93.5764, -1745.4945, 13.1328, -92.8124, 0, 125, 0
L -1719.0217, 44.0409, -95.7087, -1730.0178, 34.5631, -93.5764, 0, 125, 0
L -1711.1013, 46.2585, -98.5068, -1719.0217, 44.0409, -95.7087, 0, 125, 0
L -1702.3206, 45.2233, -102.5657, -1711.1013, 46.2585, -98.5068, 0, 125, 0
L -1694.1349, 46.1301, -105.8371, -1702.3206, 45.2233, -102.5657, 0, 125, 0
L -1686.4473, 49.4330, -108.2379, -1694.1349, 46.1301, -105.8371, 0, 125, 0
L -1679.8202, 59.3542, -108.3804, -1686.4473, 49.4330, -108.2379, 0, 125, 0
L -1694.5377, 48.3339, -105.0601, -1704.5485, 41.8229, -102.5393, 0, 125, 0
L -1670.0011, 76.3874, -106.7450, -1682.9838, 59.6538, -106.9824, 0, 125, 0
L -1660.7427, 81.0462, -108.1804, -1670.0011, 76.3874, -106.7450, 0, 125, 0
L -1652.0743, 82.0321, -110.1406, -1660.7427, 81.0462, -108.1804, 0, 125, 0
L -1642.0752, 89.1755, -110.4247, -1652.0743, 82.0321, -110.1406, 0, 125, 0
L -1635.7355, 100.6135, -110.1783, -1642.0752, 89.1755, -110.4247, 0, 125, 0
L -1632.3926, 110.1274, -108.6144, -1635.7355, 100.6135, -110.1783, 0, 125, 0
L -1631.2065, 119.0081, -106.6147, -1632.3926, 110.1274, -108.6144, 0, 125, 0
L -1631.9417, 139.9643, -105.5176, -1631.2065, 119.0081, -106.6147, 0, 125, 0
L -1639.5510, 149.8202, -103.2361, -1631.9417, 139.9643, -105.5176, 0, 125, 0
L -1653.9744, 154.7228, -101.0159, -1639.5510, 149.8202, -103.2361, 0, 125, 0
L -1661.0613, 159.7330, -102.4676, -1653.9744, 154.7228, -101.0159, 0, 125, 0
L -1666.9509, 166.9742, -104.5658, -1661.0613, 159.7330, -102.4676, 0, 125, 0
L -1678.1855, 183.7880, -109.4376, -1666.9509, 166.9742, -104.5658, 0, 125, 0
L -1685.7181, 187.5626, -109.0689, -1678.1855, 183.7880, -109.4376, 0, 125, 0
L -1695.5922, 189.6520, -110.0134, -1685.7181, 187.5626, -109.0689, 0, 125, 0
L -1713.4670, 191.2214, -109.3540, -1695.5922, 189.6520, -110.0134, 0, 125, 0
L -1733.2245, 197.4385, -108.2247, -1713.4670, 191.2214, -109.3540, 0, 125, 0
L -1742.3726, 198.5548, -107.8657, -1733.2245, 197.4385, -108.2247, 0, 125, 0
L -1826.5330, 199.9151, -92.4034, -1742.3726, 198.5548, -107.8657, 0, 125, 0
L -1837.4507, 202.3822, -88.8488, -1826.5330, 199.9151, -92.4034, 0, 125, 0
L -1848.1466, 206.9570, -85.6024, -1837.4507, 202.3822, -88.8488, 0, 125, 0
L -1855.2545, 212.6031, -83.7686, -1848.1466, 206.9570, -85.6024, 0, 125, 0
L -1863.4521, 222.8075, -81.7265, -1855.2545, 212.6031, -83.7686, 0, 125, 0
L -1866.8491, 230.2186, -81.1164, -1863.4521, 222.8075, -81.7265, 0, 125, 0
L -1868.9208, 238.5030, -81.0591, -1866.8491, 230.2186, -81.1164, 0, 125, 0
L -1869.5354, 251.6941, -81.9755, -1868.9208, 238.5030, -81.0591, 0, 125, 0
L -1868.1892, 257.9915, -82.9845, -1869.5354, 251.6941, -81.9755, 0, 125, 0
L -1865.0100, 264.1454, -84.0707, -1868.1892, 257.9915, -82.9845, 0, 125, 0
L -1860.3654, 269.6574, -85.7271, -1865.0100, 264.1454, -84.0707, 0, 125, 0
L -1853.5121, 276.1518, -88.2039, -1860.3654, 269.6574, -85.7271, 0, 125, 0
L -1849.7783, 281.5179, -89.5168, -1853.5121, 276.1518, -88.2039, 0, 125, 0
L -1847.1564, 288.6383, -90.3716, -1849.7783, 281.5179, -89.5168, 0, 125, 0
L -1845.0916, 303.3408, -92.4853, -1847.1564, 288.6383, -90.3716, 0, 125, 0
L -1843.1193, 309.7590, -94.1924, -1845.0916, 303.3408, -92.4853, 0, 125, 0
L -1818.4690, 362.3095, -100.1755, -1843.1193, 309.7590, -94.1924, 0, 125, 0
L -1815.5214, 372.7611, -100.3518, -1818.4690, 362.3095, -100.1755, 0, 125, 0
L -1813.3191, 385.8718, -100.3537, -1815.5214, 372.7611, -100.3518, 0, 125, 0
L -1813.6058, 395.4886, -99.8487, -1813.3191, 385.8718, -100.3537, 0, 125, 0
L -1818.8049, 440.6972, -89.1789, -1813.6058, 395.4886, -99.8487, 0, 125, 0
L -1817.4686, 449.1328, -88.4374, -1818.8049, 440.6972, -89.1789, 0, 125, 0
L -1805.4524, 481.8701, -94.2682, -1817.4686, 449.1328, -88.4374, 0, 125, 0
L -1804.6284, 489.8480, -96.9018, -1805.4524, 481.8701, -94.2682, 0, 125, 0
L -1805.5649, 497.8583, -99.5615, -1804.6284, 489.8480, -96.9018, 0, 125, 0
L -1807.9691, 504.7864, -101.8758, -1805.5649, 497.8583, -99.5615, 0, 125, 0
L -1814.4998, 513.6855, -104.8784, -1807.9691, 504.7864, -101.8758, 0, 125, 0
L -1822.2666, 518.8745, -101.6810, -1814.4998, 513.6855, -104.8784, 0, 125, 0
L -1833.2993, 525.3733, -103.0022, -1822.2666, 518.8745, -101.6810, 0, 125, 0
L -1840.6880, 533.8042, -101.5301, -1833.2993, 525.3733, -103.0022, 0, 125, 0
L -1843.4091, 542.0982, -99.8667, -1840.6880, 533.8042, -101.5301, 0, 125, 0
L -1845.4137, 557.9063, -97.6108, -1843.4091, 542.0982, -99.8667, 0, 125, 0
L -1843.1384, 569.4609, -97.1668, -1845.4137, 557.9063, -97.6108, 0, 125, 0
L -1837.6920, 576.7103, -98.1201, -1843.1384, 569.4609, -97.1668, 0, 125, 0
L -1829.6133, 584.6726, -99.6053, -1837.6920, 576.7103, -98.1201, 0, 125, 0
L -1825.2969, 591.9405, -100.3219, -1829.6133, 584.6726, -99.6053, 0, 125, 0
L -1823.4519, 600.0959, -99.0104, -1825.2969, 591.9405, -100.3219, 0, 125, 0
L -1823.0394, 609.1526, -97.1482, -1823.4519, 600.0959, -99.0104, 0, 125, 0
L -1823.5096, 618.4352, -94.8614, -1823.0394, 609.1526, -97.1482, 0, 125, 0
L -1822.1160, 631.8044, -91.9994, -1823.5096, 618.4352, -94.8614, 0, 125, 0
L -1816.6631, 652.0134, -88.3850, -1822.1160, 631.8044, -91.9994, 0, 125, 0
L -1812.1705, 660.9211, -87.7813, -1816.6631, 652.0134, -88.3850, 0, 125, 0
L -1809.3010, 669.3227, -88.8814, -1812.1705, 660.9211, -87.7813, 0, 125, 0
L -1802.5760, 699.5646, -99.0849, -1809.3010, 669.3227, -88.8814, 0, 125, 0
L -1802.5967, 707.4103, -101.6519, -1802.5760, 699.5646, -99.0849, 0, 125, 0
L -1804.6074, 715.8510, -104.3234, -1802.5967, 707.4103, -101.6519, 0, 125, 0
L -1808.7614, 724.5231, -106.9734, -1804.6074, 715.8510, -104.3234, 0, 125, 0
L -1819.0801, 742.0238, -106.5459, -1808.7614, 724.5231, -106.9734, 0, 125, 0
L -1822.0088, 748.9414, -104.7074, -1819.0801, 742.0238, -106.5459, 0, 125, 0
L -1824.9321, 762.3489, -103.0194, -1822.0088, 748.9414, -104.7074, 0, 125, 0
L -1824.4305, 773.5023, -103.5512, -1824.9321, 762.3489, -103.0194, 0, 125, 0
L -1821.5029, 785.7322, -105.7482, -1824.4305, 773.5023, -103.5512, 0, 125, 0
L -1801.8805, 848.6528, -124.2921, -1821.5029, 785.7322, -105.7482, 0, 125, 0
L -1801.3625, 858.3435, -127.1617, -1801.8805, 848.6528, -124.2921, 0, 125, 0
L -1802.8147, 868.1736, -128.1358, -1801.3625, 858.3435, -127.1617, 0, 125, 0
L -1808.5568, 885.1986, -124.8747, -1802.8147, 868.1736, -128.1358, 0, 125, 0
L -1812.9825, 892.8847, -123.2680, -1808.5568, 885.1986, -124.8747, 0, 125, 0
L -1824.0430, 907.3452, -110.6285, -1812.9825, 892.8847, -123.2680, 0, 125, 0
L -1832.4208, 915.5229, -100.1443, -1824.0430, 907.3452, -110.6285, 0, 125, 0
L -1852.7365, 931.1642, -95.2451, -1832.4208, 915.5229, -100.1443, 0, 125, 0
L -1858.0999, 938.1274, -92.0303, -1852.7365, 931.1642, -95.2451, 0, 125, 0
L -1861.5609, 944.9980, -89.7874, -1858.0999, 938.1274, -92.0303, 0, 125, 0
L -1876.1868, 986.6962, -93.0903, -1861.5609, 944.9980, -89.7874, 0, 125, 0
L -1877.8710, 997.6266, -95.1902, -1876.1868, 986.6962, -93.0903, 0, 125, 0
L -1877.6338, 1005.6609, -95.4132, -1877.8710, 997.6266, -95.1902, 0, 125, 0
L -1876.2781, 1013.6001, -93.6207, -1877.6338, 1005.6609, -95.4132, 0, 125, 0
L -1860.0325, 1074.8121, -83.3735, -1876.2781, 1013.6001, -93.6207, 0, 125, 0
L -1856.3037, 1083.9116, -83.2275, -1860.0325, 1074.8121, -83.3735, 0, 125, 0
L -1849.1903, 1095.4081, -84.4279, -1856.3037, 1083.9116, -83.2275, 0, 125, 0
L -1842.2870, 1110.7273, -83.3326, -1849.1903, 1095.4081, -84.4279, 0, 125, 0
L -1837.5710, 1129.9653, -75.2124, -1842.2870, 1110.7273, -83.3326, 0, 125, 0
L -1836.2487, 1142.3113, -74.3636, -1837.5710, 1129.9653, -75.2124, 0, 125, 0
L -1836.6316, 1152.2278, -73.7408, -1836.2487, 1142.3113, -74.3636, 0, 125, 0
L -1838.0640, 1161.7660, -72.0924, -1836.6316, 1152.2278, -73.7408, 0, 125, 0
L -1842.3253, 1173.4043, -67.4704, -1838.0640, 1161.7660, -72.0924, 0, 125, 0
L -1846.8221, 1180.8232, -70.1972, -1842.3253, 1173.4043, -67.4704, 0, 125, 0
L -1860.0781, 1198.6605, -78.7142, -1846.8221, 1180.8232, -70.1972, 0, 125, 0
L -1864.0431, 1208.5831, -81.2985, -1860.0781, 1198.6605, -78.7142, 0, 125, 0
L -1864.1573, 1217.3773, -83.6329, -1864.0431, 1208.5831, -81.2985, 0, 125, 0
L -1860.3821, 1226.1987, -86.6834, -1864.1573, 1217.3773, -83.6329, 0, 125, 0
L -1855.6633, 1232.1663, -89.1820, -1860.3821, 1226.1987, -86.6834, 0, 125, 0
L -1840.5883, 1246.8497, -97.3430, -1855.6633, 1232.1663, -89.1820, 0, 125, 0
L -1836.5656, 1252.8109, -99.4374, -1840.5883, 1246.8497, -97.3430, 0, 125, 0
L -1833.2422, 1260.4104, -101.0585, -1836.5656, 1252.8109, -99.4374, 0, 125, 0
L -1819.3116, 1301.5219, -106.6318, -1833.2422, 1260.4104, -101.0585, 0, 125, 0
L -1818.1178, 1309.6489, -106.7660, -1819.3116, 1301.5219, -106.6318, 0, 125, 0
L -1818.2521, 1317.1206, -106.1610, -1818.1178, 1309.6489, -106.7660, 0, 125, 0
L -1819.7874, 1326.7473, -104.5902, -1818.2521, 1317.1206, -106.1610, 0, 125, 0
L -1822.0953, 1335.0535, -101.1645, -1819.7874, 1326.7473, -104.5902, 0, 125, 0
L -1829.1439, 1349.9149, -92.9295, -1822.0953, 1335.0535, -101.1645, 0, 125, 0
L -1837.4938, 1363.5736, -84.0403, -1829.1439, 1349.9149, -92.9295, 0, 125, 0
L -1856.0647, 1402.1984, -63.4063, -1837.4938, 1363.5736, -84.0403, 0, 125, 0
L -1858.1740, 1410.9921, -58.2889, -1856.0647, 1402.1984, -63.4063, 0, 125, 0
L -1858.5842, 1417.4634, -55.5245, -1858.1740, 1410.9921, -58.2889, 0, 125, 0
L -1855.4459, 1471.1718, -53.0986, -1858.5842, 1417.4634, -55.5245, 0, 125, 0
L -1857.3370, 1493.4578, -65.1767, -1855.4459, 1471.1718, -53.0986, 0, 125, 0
L -1859.9841, 1505.7697, -73.4044, -1857.3370, 1493.4578, -65.1767, 0, 125, 0
L -1863.5073, 1514.1022, -79.2196, -1859.9841, 1505.7697, -73.4044, 0, 125, 0
L -1867.6631, 1520.2280, -83.1812, -1863.5073, 1514.1022, -79.2196, 0, 125, 0
L -1873.9777, 1526.3344, -86.6951, -1867.6631, 1520.2280, -83.1812, 0, 125, 0
L -1885.1776, 1536.5072, -91.9120, -1873.9777, 1526.3344, -86.6951, 0, 125, 0
L -1888.5884, 1543.4692, -86.8174, -1885.1776, 1536.5072, -91.9120, 0, 125, 0
L -1889.9916, 1551.7788, -85.0277, -1888.5884, 1543.4692, -86.8174, 0, 125, 0
L -1889.6053, 1559.9513, -86.1848, -1889.9916, 1551.7788, -85.0277, 0, 125, 0
L -1886.4788, 1576.7917, -92.6920, -1889.6053, 1559.9513, -86.1848, 0, 125, 0
L -1884.1318, 1584.0038, -96.4991, -1886.4788, 1576.7917, -92.6920, 0, 125, 0
L -1863.3575, 1626.0151, -101.8990, -1884.1318, 1584.0038, -96.4991, 0, 125, 0
L -1861.5466, 1633.0791, -102.5410, -1863.3575, 1626.0151, -101.8990, 0, 125, 0
L -1860.8104, 1640.9254, -103.1009, -1861.5466, 1633.0791, -102.5410, 0, 125, 0
L -1861.4570, 1649.1526, -103.4852, -1860.8104, 1640.9254, -103.1009, 0, 125, 0
L -1864.8862, 1673.7045, -104.3613, -1861.4570, 1649.1526, -103.4852, 0, 125, 0
L -1863.9550, 1681.0701, -104.4696, -1864.8862, 1673.7045, -104.3613, 0, 125, 0
L -1861.0980, 1689.0244, -104.8511, -1863.9550, 1681.0701, -104.4696, 0, 125, 0
L -1857.7841, 1694.4709, -105.3065, -1861.0980, 1689.0244, -104.8511, 0, 125, 0
L -1852.5043, 1700.2711, -106.0418, -1857.7841, 1694.4709, -105.3065, 0, 125, 0
L -1821.6702, 1728.5359, -110.3550, -1852.5043, 1700.2711, -106.0418, 0, 125, 0
L -1815.9956, 1732.5403, -110.8750, -1821.6702, 1728.5359, -110.3550, 0, 125, 0
L -1782.8571, 1750.9493, -104.8646, -1815.9956, 1732.5403, -110.8750, 0, 125, 0
L -1777.4564, 1755.0228, -104.3818, -1782.8571, 1750.9493, -104.8646, 0, 125, 0
L -1771.7109, 1761.1113, -104.2303, -1777.4564, 1755.0228, -104.3818, 0, 125, 0
L -1742.0962, 1798.4520, -106.4554, -1771.7109, 1761.1113, -104.2303, 0, 125, 0
L -1738.7673, 1804.7822, -107.9183, -1742.0962, 1798.4520, -106.4554, 0, 125, 0
L -1736.2083, 1813.0073, -108.3938, -1738.7673, 1804.7822, -107.9183, 0, 125, 0
L -1725.8627, 1851.4956, -108.2597, -1736.2083, 1813.0073, -108.3938, 0, 125, 0
L -1722.3662, 1859.0411, -108.2902, -1725.8627, 1851.4956, -108.2597, 0, 125, 0
L -1704.3359, 1887.8409, -107.3045, -1722.3662, 1859.0411, -108.2902, 0, 125, 0
L -1680.1217, 1915.3871, -104.9674, -1704.3359, 1887.8409, -107.3045, 0, 125, 0
L -1667.3513, 1924.2007, -100.5310, -1680.1217, 1915.3871, -104.9674, 0, 125, 0
L -1658.6700, 1928.3209, -97.6656, -1667.3513, 1924.2007, -100.5310, 0, 125, 0
L -1651.2726, 1930.1202, -95.3807, -1658.6700, 1928.3209, -97.6656, 0, 125, 0
L -1644.0822, 1930.7081, -93.2479, -1651.2726, 1930.1202, -95.3807, 0, 125, 0
L -1620.9478, 1930.8018, -87.5721, -1644.0822, 1930.7081, -93.2479, 0, 125, 0
L -1596.0361, 1932.0244, -86.8389, -1620.9478, 1930.8018, -87.5721, 0, 125, 0
L -1589.5605, 1931.1630, -86.9613, -1596.0361, 1932.0244, -86.8389, 0, 125, 0
L -1581.5696, 1929.1270, -87.5191, -1589.5605, 1931.1630, -86.9613, 0, 125, 0
L -1552.3632, 1918.4594, -90.7632, -1581.5696, 1929.1270, -87.5191, 0, 125, 0
L -1543.9851, 1917.1407, -90.9178, -1552.3632, 1918.4594, -90.7632, 0, 125, 0
L -1489.0732, 1914.7543, -96.4781, -1543.9851, 1917.1407, -90.9178, 0, 125, 0
L -1476.6946, 1916.2662, -96.5887, -1489.0732, 1914.7543, -96.4781, 0, 125, 0
L -1464.9102, 1919.0063, -99.4401, -1476.6946, 1916.2662, -96.5887, 0, 125, 0
L -1444.4790, 1926.2428, -104.0272, -1464.9102, 1919.0063, -99.4401, 0, 125, 0
L -1438.6001, 1929.5125, -104.9109, -1444.4790, 1926.2428, -104.0272, 0, 125, 0
L -1431.9949, 1934.5275, -105.4115, -1438.6001, 1929.5125, -104.9109, 0, 125, 0
L -1421.9661, 1942.9290, -105.4440, -1431.9949, 1934.5275, -105.4115, 0, 125, 0
L -1416.0895, 1946.4694, -104.4135, -1421.9661, 1942.9290, -105.4440, 0, 125, 0
L -1409.3490, 1949.4484, -104.1601, -1416.0895, 1946.4694, -104.4135, 0, 125, 0
L -1403.4489, 1951.2592, -100.5225, -1409.3490, 1949.4484, -104.1601, 0, 125, 0
L -1383.6510, 1953.9371, -92.1944, -1403.4489, 1951.2592, -100.5225, 0, 125, 0
L -1376.8322, 1953.9371, -90.8050, -1383.6510, 1953.9371, -92.1944, 0, 125, 0
L -1369.7041, 1953.3849, -90.0923, -1376.8322, 1953.9371, -90.8050, 0, 125, 0
L -1363.4136, 1950.8071, -91.9381, -1369.7041, 1953.3849, -90.0923, 0, 125, 0
L -1357.4987, 1947.0785, -95.2574, -1363.4136, 1950.8071, -91.9381, 0, 125, 0
L -1352.0972, 1942.2086, -99.9386, -1357.4987, 1947.0785, -95.2574, 0, 125, 0
L -1347.4786, 1936.5197, -98.9617, -1352.0972, 1942.2086, -99.9386, 0, 125, 0
L -1343.7399, 1929.8765, -98.2815, -1347.4786, 1936.5197, -98.9617, 0, 125, 0
L -1333.2645, 1905.3060, -93.1753, -1343.7399, 1929.8765, -98.2815, 0, 125, 0
L -1329.2245, 1898.8683, -90.2139, -1333.2645, 1905.3060, -93.1753, 0, 125, 0
L -1298.6168, 1863.5548, -88.3143, -1329.2245, 1898.8683, -90.2139, 0, 125, 0
L -1292.4976, 1858.4771, -87.5361, -1298.6168, 1863.5548, -88.3143, 0, 125, 0
L -1226.3385, 1814.1824, -90.3375, -1292.4976, 1858.4771, -87.5361, 0, 125, 0
L -1220.3031, 1809.0234, -90.0647, -1226.3385, 1814.1824, -90.3375, 0, 125, 0
L -1155.9204, 1737.7032, -92.6077, -1220.3031, 1809.0234, -90.0647, 0, 125, 0
L -1145.1298, 1721.0350, -90.6773, -1155.9204, 1737.7032, -92.6077, 0, 125, 0
L -1140.7205, 1713.1600, -92.0584, -1145.1298, 1721.0350, -90.6773, 0, 125, 0
L -1137.6821, 1706.1301, -93.4220, -1140.7205, 1713.1600, -92.0584, 0, 125, 0
L -1118.9042, 1635.2848, -82.9939, -1137.6821, 1706.1301, -93.4220, 0, 125, 0
L -1116.5413, 1629.5150, -80.0355, -1118.9042, 1635.2848, -82.9939, 0, 125, 0
L -1112.2849, 1622.7408, -78.0508, -1116.5413, 1629.5150, -80.0355, 0, 125, 0
L -1095.1384, 1602.0242, -75.7466, -1112.2849, 1622.7408, -78.0508, 0, 125, 0
L -1091.8442, 1596.5743, -73.7746, -1095.1384, 1602.0242, -75.7466, 0, 125, 0
L -1089.3860, 1590.3816, -72.5053, -1091.8442, 1596.5743, -73.7746, 0, 125, 0
L -1087.4899, 1582.2837, -72.6307, -1089.3860, 1590.3816, -72.5053, 0, 125, 0
L -1078.2029, 1533.2772, -87.4197, -1087.4899, 1582.2837, -72.6307, 0, 125, 0
L -1074.6091, 1522.3815, -88.7630, -1078.2029, 1533.2772, -87.4197, 0, 125, 0
L -1067.3303, 1507.3165, -93.8915, -1074.6091, 1522.3815, -88.7630, 0, 125, 0
L -1062.8552, 1500.8180, -92.3726, -1067.3303, 1507.3165, -93.8915, 0, 125, 0
L -1057.1011, 1495.2692, -88.7333, -1062.8552, 1500.8180, -92.3726, 0, 125, 0
L -1050.2957, 1490.1827, -84.3249, -1057.1011, 1495.2692, -88.7333, 0, 125, 0
L -1039.3691, 1481.3702, -88.9301, -1050.2957, 1490.1827, -84.3249, 0, 125, 0
L -1033.3287, 1474.2692, -95.2283, -1039.3691, 1481.3702, -88.9301, 0, 125, 0
L -1029.8324, 1467.6854, -98.6332, -1033.3287, 1474.2692, -95.2283, 0, 125, 0
L -1023.9734, 1451.0095, -98.1749, -1029.8324, 1467.6854, -98.6332, 0, 125, 0
L -1013.4019, 1428.3400, -103.4075, -1023.9734, 1451.0095, -98.1749, 0, 125, 0
L -1008.6813, 1421.0261, -105.5192, -1013.4019, 1428.3400, -103.4075, 0, 125, 0
L -1003.9614, 1415.8765, -106.9938, -1008.6813, 1421.0261, -105.5192, 0, 125, 0
L -995.8171, 1410.7258, -103.4133, -1003.9614, 1415.8765, -106.9938, 0, 125, 0
L -988.2395, 1408.0428, -102.2927, -995.8171, 1410.7258, -103.4133, 0, 125, 0
L -980.2976, 1406.4656, -104.9345, -988.2395, 1408.0428, -102.2927, 0, 125, 0
L -958.6872, 1404.6953, -107.8552, -980.2976, 1406.4656, -104.9345, 0, 125, 0
L -940.1797, 1405.3372, -106.6145, -958.6872, 1404.6953, -107.8552, 0, 125, 0
L -931.0627, 1406.5734, -104.3504, -940.1797, 1405.3372, -106.6145, 0, 125, 0
L -911.2990, 1411.5497, -105.4998, -931.0627, 1406.5734, -104.3504, 0, 125, 0
L -904.2400, 1414.3330, -103.8244, -911.2990, 1411.5497, -105.4998, 0, 125, 0
L -897.7391, 1417.7245, -101.7819, -904.2400, 1414.3330, -103.8244, 0, 125, 0
L -890.3030, 1423.0127, -98.6975, -897.7391, 1417.7245, -101.7819, 0, 125, 0
L -883.4445, 1428.7865, -95.1394, -890.3030, 1423.0127, -98.6975, 0, 125, 0
L -878.2775, 1434.4010, -91.8787, -883.4445, 1428.7865, -95.1394, 0, 125, 0
L -874.2347, 1439.9730, -88.3793, -878.2775, 1434.4010, -91.8787, 0, 125, 0
L -870.7341, 1445.9950, -84.7117, -874.2347, 1439.9730, -88.3793, 0, 125, 0
L -867.7074, 1452.8026, -80.6649, -870.7341, 1445.9950, -84.7117, 0, 125, 0
L -865.7220, 1459.1864, -76.5940, -867.7074, 1452.8026, -80.6649, 0, 125, 0
L -864.5944, 1467.0217, -70.3954, -865.7220, 1459.1864, -76.5940, 0, 125, 0
L -863.5641, 1481.3754, -67.8873, -864.5944, 1467.0217, -70.3954, 0, 125, 0
L -862.2031, 1488.9877, -68.9201, -863.5641, 1481.3754, -67.8873, 0, 125, 0
L -860.3937, 1496.3807, -69.7820, -862.2031, 1488.9877, -68.9201, 0, 125, 0
L -857.3503, 1504.2610, -71.2683, -860.3937, 1496.3807, -69.7820, 0, 125, 0
L -851.0955, 1516.8014, -74.5372, -857.3503, 1504.2610, -71.2683, 0, 125, 0
L -842.4344, 1538.1050, -78.8698, -851.0955, 1516.8014, -74.5372, 0, 125, 0
L -840.6898, 1546.1073, -80.1275, -842.4344, 1538.1050, -78.8698, 0, 125, 0
L -840.1014, 1555.0216, -80.6520, -840.6898, 1546.1073, -80.1275, 0, 125, 0
L -840.7646, 1563.1096, -82.7103, -840.1014, 1555.0216, -80.6520, 0, 125, 0
L -842.5496, 1570.6880, -86.9522, -840.7646, 1563.1096, -82.7103, 0, 125, 0
L -845.3135, 1577.6461, -90.7503, -842.5496, 1570.6880, -86.9522, 0, 125, 0
L -849.2844, 1584.1212, -94.1646, -845.3135, 1577.6461, -90.7503, 0, 125, 0
L -855.3884, 1590.3961, -97.2875, -849.2844, 1584.1212, -94.1646, 0, 125, 0
L -861.5379, 1594.9344, -98.5547, -855.3884, 1590.3961, -97.2875, 0, 125, 0
L -870.7150, 1600.1052, -89.6946, -861.5379, 1594.9344, -98.5547, 0, 125, 0
L -878.5641, 1605.7924, -86.9212, -870.7150, 1600.1052, -89.6946, 0, 125, 0
L -893.0298, 1619.1393, -73.1228, -878.5641, 1605.7924, -86.9212, 0, 125, 0
L -897.9312, 1625.5150, -68.6350, -893.0298, 1619.1393, -73.1228, 0, 125, 0
L -914.8965, 1653.1052, -72.3595, -897.9312, 1625.5150, -68.6350, 0, 125, 0
L -918.5466, 1659.9423, -75.1402, -914.8965, 1653.1052, -72.3595, 0, 125, 0
L -921.6401, 1667.8126, -78.8807, -918.5466, 1659.9423, -75.1402, 0, 125, 0
L -923.6975, 1675.0486, -81.1921, -921.6401, 1667.8126, -78.8807, 0, 125, 0
L -928.9235, 1714.3906, -90.3818, -923.6975, 1675.0486, -81.1921, 0, 125, 0
L -929.1314, 1723.7272, -93.0443, -928.9235, 1714.3906, -90.3818, 0, 125, 0
L -928.3622, 1733.2932, -95.9690, -929.1314, 1723.7272, -93.0443, 0, 125, 0
L -926.3220, 1746.5007, -98.1560, -928.3622, 1733.2932, -95.9690, 0, 125, 0
L -920.7192, 1768.2809, -97.8702, -926.3220, 1746.5007, -98.1560, 0, 125, 0
L -917.1300, 1777.1394, -98.1266, -920.7192, 1768.2809, -97.8702, 0, 125, 0
L -900.0529, 1811.9382, -99.0560, -917.1300, 1777.1394, -98.1266, 0, 125, 0
L -892.7581, 1823.2523, -97.8810, -900.0529, 1811.9382, -99.0560, 0, 125, 0
L -887.5350, 1829.9161, -97.4686, -892.7581, 1823.2523, -97.8810, 0, 125, 0
L -881.0421, 1836.6597, -97.3799, -887.5350, 1829.9161, -97.4686, 0, 125, 0
L -874.1224, 1842.9026, -97.5540, -881.0421, 1836.6597, -97.3799, 0, 125, 0
L -836.3175, 1873.2599, -99.5789, -874.1224, 1842.9026, -97.5540, 0, 125, 0
L -823.8854, 1885.0951, -97.8683, -836.3175, 1873.2599, -99.5789, 0, 125, 0
L -786.8130, 1931.1359, -84.8282, -823.8854, 1885.0951, -97.8683, 0, 125, 0
L -780.0491, 1936.7810, -82.0915, -786.8130, 1931.1359, -84.8282, 0, 125, 0
L -733.0987, 1966.6934, -35.9747, -780.0491, 1936.7810, -82.0915, 0, 125, 0
L -710.9403, 1973.6776, -26.7845, -733.0987, 1966.6934, -35.9747, 0, 125, 0
L -646.0673, 1978.9371, -14.5011, -710.9403, 1973.6776, -26.7845, 0, 125, 0
L -637.0175, 1978.9371, -12.1715, -646.0673, 1978.9371, -14.5011, 0, 125, 0
L -594.2432, 1973.0903, -13.3115, -637.0175, 1978.9371, -12.1715, 0, 125, 0
L -403.2538, 1930.3491, -83.2652, -594.2432, 1973.0903, -13.3115, 0, 125, 0
L -375.2750, 1926.4365, -86.0299, -403.2538, 1930.3491, -83.2652, 0, 125, 0
L -365.5000, 1926.5115, -85.9698, -375.2750, 1926.4365, -86.0299, 0, 125, 0
L -340.5754, 1928.8409, -84.8511, -365.5000, 1926.5115, -85.9698, 0, 125, 0
L -315.7183, 1926.2440, -85.9685, -340.5754, 1928.8409, -84.8511, 0, 125, 0
L -305.5703, 1922.8495, -85.9000, -315.7183, 1926.2440, -85.9685, 0, 125, 0
L -289.7677, 1913.8442, -87.5952, -305.5703, 1922.8495, -85.9000, 0, 125, 0
L -282.9876, 1907.0446, -89.8282, -289.7677, 1913.8442, -87.5952, 0, 125, 0
L -276.2368, 1895.8059, -95.2135, -282.9876, 1907.0446, -89.8282, 0, 125, 0
L -255.8429, 1854.3508, -104.7039, -276.2368, 1895.8059, -95.2135, 0, 125, 0
L -254.6161, 1845.0591, -104.8692, -255.8429, 1854.3508, -104.7039, 0, 125, 0
L -267.7296, 1695.6926, -103.4750, -254.6161, 1845.0591, -104.8692, 0, 125, 0
L -270.4220, 1686.3391, -103.2172, -267.7296, 1695.6926, -103.4750, 0, 125, 0
L -274.9683, 1677.6982, -103.3800, -270.4220, 1686.3391, -103.2172, 0, 125, 0
L -388.5657, 1537.4521, -109.4520, -274.9683, 1677.6982, -103.3800, 0, 125, 0
L -390.3129, 1529.5234, -109.2117, -388.5657, 1537.4521, -109.4520, 0, 125, 0
L -395.1315, 1412.7094, -110.1733, -390.3129, 1529.5234, -109.2117, 0, 125, 0
L -390.4151, 1404.0093, -111.1837, -395.1315, 1412.7094, -110.1733, 0, 125, 0
L -382.7811, 1398.7548, -111.0831, -390.4151, 1404.0093, -111.1837, 0, 125, 0
L -370.5136, 1393.4883, -110.0269, -382.7811, 1398.7548, -111.0831, 0, 125, 0
L -362.1328, 1391.3252, -109.3089, -370.5136, 1393.4883, -110.0269, 0, 125, 0
L -353.7219, 1390.8444, -108.5862, -362.1328, 1391.3252, -109.3089, 0, 125, 0
L -327.7513, 1391.9535, -106.4103, -353.7219, 1390.8444, -108.5862, 0, 125, 0
L -318.1263, 1390.0575, -106.5747, -327.7513, 1391.9535, -106.4103, 0, 125, 0
L -280.5178, 1379.0369, -91.7282, -318.1263, 1390.0575, -106.5747, 0, 125, 0
L -272.9567, 1378.4697, -88.9758, -280.5178, 1379.0369, -91.7282, 0, 125, 0
L -265.1379, 1379.4645, -88.4260, -272.9567, 1378.4697, -88.9758, 0, 125, 0
L -257.6323, 1381.4463, -87.3661, -265.1379, 1379.4645, -88.4260, 0, 125, 0
L -249.9627, 1384.7560, -85.5517, -257.6323, 1381.4463, -87.3661, 0, 125, 0
L -243.6401, 1389.0118, -84.7841, -249.9627, 1384.7560, -85.5517, 0, 125, 0
L -236.6493, 1395.4086, -83.4221, -243.6401, 1389.0118, -84.7841, 0, 125, 0
L -219.3062, 1413.9000, -77.0068, -236.6493, 1395.4086, -83.4221, 0, 125, 0
L -213.1174, 1423.0278, -72.5954, -219.3062, 1413.9000, -77.0068, 0, 125, 0
L -204.2649, 1440.3893, -63.7356, -213.1174, 1423.0278, -72.5954, 0, 125, 0
L -197.1446, 1451.2352, -58.5484, -204.2649, 1440.3893, -63.7356, 0, 125, 0
L -190.3734, 1458.0103, -56.1069, -197.1446, 1451.2352, -58.5484, 0, 125, 0
L -143.4178, 1489.6135, -59.8520, -190.3734, 1458.0103, -56.1069, 0, 125, 0
L -137.4902, 1495.0161, -60.8025, -143.4178, 1489.6135, -59.8520, 0, 125, 0
L -51.9791, 1590.1044, -71.8978, -137.4902, 1495.0161, -60.8025, 0, 125, 0
L -44.4992, 1602.8302, -73.5932, -51.9791, 1590.1044, -71.8978, 0, 125, 0
L -42.2559, 1612.4725, -71.6336, -44.4992, 1602.8302, -73.5932, 0, 125, 0
L -40.4691, 1626.1820, -67.6988, -42.2559, 1612.4725, -71.6336, 0, 125, 0
L -34.2176, 1647.9866, -61.6694, -40.4691, 1626.1820, -67.6988, 0, 125, 0
L -30.3716, 1656.5123, -59.4260, -34.2176, 1647.9866, -61.6694, 0, 125, 0
L -26.2701, 1663.1906, -57.7962, -30.3716, 1656.5123, -59.4260, 0, 125, 0
L 31.4578, 1739.3392, -62.9176, -26.2701, 1663.1906, -57.7962, 0, 125, 0
L 36.3879, 1747.7943, -65.1672, 31.4578, 1739.3392, -62.9176, 0, 125, 0
L 104.3402, 1886.2678, -89.9527, 36.3879, 1747.7943, -65.1672, 0, 125, 0
L 109.7885, 1893.3087, -91.2839, 104.3402, 1886.2678, -89.9527, 0, 125, 0
L 160.6008, 1933.3828, -109.5344, 109.7885, 1893.3087, -91.2839, 0, 125, 0
L 185.2912, 1944.1884, -105.9232, 160.6008, 1933.3828, -109.5344, 0, 125, 0
L 195.8542, 1945.5934, -103.7314, 185.2912, 1944.1884, -105.9232, 0, 125, 0
L 236.8448, 1944.1769, -106.3393, 195.8542, 1945.5934, -103.7314, 0, 125, 0
L 245.9609, 1941.5419, -109.3657, 236.8448, 1944.1769, -106.3393, 0, 125, 0
L 252.7759, 1937.6484, -109.4777, 245.9609, 1941.5419, -109.3657, 0, 125, 0
L 259.7787, 1931.9059, -109.6428, 252.7759, 1937.6484, -109.4777, 0, 125, 0
L 265.2608, 1925.9755, -109.8134, 259.7787, 1931.9059, -109.6428, 0, 125, 0
L 284.0695, 1899.2405, -110.5822, 265.2608, 1925.9755, -109.8134, 0, 125, 0
L 296.1694, 1887.7184, -110.9135, 284.0695, 1899.2405, -110.5822, 0, 125, 0
L 304.2636, 1883.5203, -105.1753, 296.1694, 1887.7184, -110.9135, 0, 125, 0
L 328.0019, 1875.0723, -110.2848, 304.2636, 1883.5203, -105.1753, 0, 125, 0
L 338.7872, 1873.6257, -110.0863, 328.0019, 1875.0723, -110.2848, 0, 125, 0
L 369.7985, 1872.6132, -109.0106, 338.7872, 1873.6257, -110.0863, 0, 125, 0
L 402.5036, 1873.4961, -106.1572, 369.7985, 1872.6132, -109.0106, 0, 125, 0
L 432.2037, 1875.8204, -101.8633, 402.5036, 1873.4961, -106.1572, 0, 125, 0
L 499.5329, 1886.4832, -88.8804, 432.2037, 1875.8204, -101.8633, 0, 125, 0
L 515.0749, 1892.5376, -90.8651, 499.5329, 1886.4832, -88.8804, 0, 125, 0
L 546.9813, 1901.0369, -88.9960, 515.0749, 1892.5376, -90.8651, 0, 125, 0
L 567.6959, 1902.0032, -88.8158, 546.9813, 1901.0369, -88.9960, 0, 125, 0
L 585.6588, 1905.9326, -97.2768, 567.6959, 1902.0032, -88.8158, 0, 125, 0
L 605.4581, 1912.3767, -106.5916, 585.6588, 1905.9326, -97.2768, 0, 125, 0
L 678.1892, 1941.2533, -108.6590, 605.4581, 1912.3767, -106.5916, 0, 125, 0
L 691.1802, 1944.6736, -103.9394, 678.1892, 1941.2533, -108.6590, 0, 125, 0
L 723.7898, 1946.5607, -103.2379, 691.1802, 1944.6736, -103.9394, 0, 125, 0
L 742.4246, 1942.6764, -109.7316, 723.7898, 1946.5607, -103.2379, 0, 125, 0
L 769.7208, 1933.1865, -113.3079, 742.4246, 1942.6764, -109.7316, 0, 125, 0
L 796.2152, 1927.3876, -112.5838, 769.7208, 1933.1865, -113.3079, 0, 125, 0
L 814.1011, 1925.0221, -112.7895, 796.2152, 1927.3876, -112.5838, 0, 125, 0
L 822.8770, 1925.6030, -112.7327, 814.1011, 1925.0221, -112.7895, 0, 125, 0
L 885.7277, 1937.6703, -111.2802, 822.8770, 1925.6030, -112.7327, 0, 125, 0
L 894.0573, 1937.5757, -111.2802, 885.7277, 1937.6703, -111.2802, 0, 125, 0
L 1004.1021, 1925.6300, -111.2802, 894.0573, 1937.5757, -111.2802, 0, 125, 0
L 1012.4865, 1925.8212, -111.2802, 1004.1021, 1925.6300, -111.2802, 0, 125, 0
L 1068.7010, 1934.5448, -109.3960, 1012.4865, 1925.8212, -111.2802, 0, 125, 0
L 1081.1896, 1933.1831, -108.3288, 1068.7010, 1934.5448, -109.3960, 0, 125, 0
L 1089.5248, 1930.0154, -107.6174, 1081.1896, 1933.1831, -108.3288, 0, 125, 0
L 1098.0278, 1923.6934, -107.0535, 1089.5248, 1930.0154, -107.6174, 0, 125, 0
L 1115.6613, 1903.4128, -108.0583, 1098.0278, 1923.6934, -107.0535, 0, 125, 0
L 1124.9009, 1897.4047, -99.8462, 1115.6613, 1903.4128, -108.0583, 0, 125, 0
L 1133.3313, 1894.2086, -92.7517, 1124.9009, 1897.4047, -99.8462, 0, 125, 0
L 1165.1007, 1886.6677, -95.3465, 1133.3313, 1894.2086, -92.7517, 0, 125, 0
L 1173.6678, 1881.4084, -98.9387, 1165.1007, 1886.6677, -95.3465, 0, 125, 0
L 1179.1263, 1873.3768, -103.9532, 1173.6678, 1881.4084, -98.9387, 0, 125, 0
L 1182.6913, 1858.8868, -104.8908, 1179.1263, 1873.3768, -103.9532, 0, 125, 0
L 1180.4772, 1848.4974, -105.8593, 1182.6913, 1858.8868, -104.8908, 0, 125, 0
L 1173.8274, 1832.0144, -107.4849, 1180.4772, 1848.4974, -105.8593, 0, 125, 0
L 1170.9188, 1818.6835, -108.7294, 1173.8274, 1832.0144, -107.4849, 0, 125, 0
L 1168.9125, 1790.7687, -109.8254, 1170.9188, 1818.6835, -108.7294, 0, 125, 0
L 1171.9397, 1770.9758, -110.3943, 1168.9125, 1790.7687, -109.8254, 0, 125, 0
L 1176.0085, 1762.4857, -110.6383, 1171.9397, 1770.9758, -110.3943, 0, 125, 0
L 1183.8174, 1753.4255, -110.3285, 1176.0085, 1762.4857, -110.6383, 0, 125, 0
L 1190.9938, 1749.6699, -104.0912, 1183.8174, 1753.4255, -110.3285, 0, 125, 0
L 1228.8413, 1744.7128, -106.2403, 1190.9938, 1749.6699, -104.0912, 0, 125, 0
L 1291.2281, 1743.5524, -103.8848, 1228.8413, 1744.7128, -106.2403, 0, 125, 0
L 1301.1793, 1745.7920, -100.7478, 1291.2281, 1743.5524, -103.8848, 0, 125, 0
L 1310.0037, 1749.5111, -95.5756, 1301.1793, 1745.7920, -100.7478, 0, 125, 0
L 1317.8859, 1754.6980, -88.9515, 1310.0037, 1749.5111, -95.5756, 0, 125, 0
L 1377.9362, 1804.6423, -95.2373, 1317.8859, 1754.6980, -88.9515, 0, 125, 0
L 1386.9989, 1816.3807, -101.4742, 1377.9362, 1804.6423, -95.2373, 0, 125, 0
L 1394.6343, 1832.2313, -102.6472, 1386.9989, 1816.3807, -101.4742, 0, 125, 0
L 1399.9636, 1848.6881, -102.2767, 1394.6343, 1832.2313, -102.6472, 0, 125, 0
L 1404.7856, 1871.3480, -101.2894, 1399.9636, 1848.6881, -102.2767, 0, 125, 0
L 1408.9607, 1882.1261, -101.1974, 1404.7856, 1871.3480, -101.2894, 0, 125, 0
L 1415.9086, 1894.2390, -101.5383, 1408.9607, 1882.1261, -101.1974, 0, 125, 0
L 1424.0052, 1903.5134, -102.3554, 1415.9086, 1894.2390, -101.5383, 0, 125, 0
L 1439.8856, 1917.7277, -104.3030, 1424.0052, 1903.5134, -102.3554, 0, 125, 0
L 1452.2594, 1924.5748, -106.1873, 1439.8856, 1917.7277, -104.3030, 0, 125, 0
L 1466.9199, 1929.5117, -106.5440, 1452.2594, 1924.5748, -106.1873, 0, 125, 0
L 1481.5026, 1931.4332, -106.3818, 1466.9199, 1929.5117, -106.5440, 0, 125, 0
L 1493.8795, 1931.6461, -106.3633, 1481.5026, 1931.4332, -106.3818, 0, 125, 0
L 1572.7052, 1933.0065, -106.2453, 1493.8795, 1931.6461, -106.3633, 0, 125, 0
L 1682.6726, 1934.9054, -107.8046, 1572.7052, 1933.0065, -106.2453, 0, 125, 0
L 1753.4795, 1936.1284, -104.8769, 1682.6726, 1934.9054, -107.8046, 0, 125, 0
L 1792.9259, 1930.9559, -101.5399, 1753.4795, 1936.1284, -104.8769, 0, 125, 0
L 1817.9454, 1931.6273, -97.1676, 1792.9259, 1930.9559, -101.5399, 0, 125, 0
L 1836.5117, 1928.0313, -94.1211, 1817.9454, 1931.6273, -97.1676, 0, 125, 0
L 1844.8383, 1921.3207, -93.8055, 1836.5117, 1928.0313, -94.1211, 0, 125, 0
L 1856.4320, 1904.5796, -100.1145, 1844.8383, 1921.3207, -93.8055, 0, 125, 0
L 1865.0872, 1897.5321, -102.7291, 1856.4320, 1904.5796, -100.1145, 0, 125, 0
L 1878.8843, 1889.4984, -99.1209, 1865.0872, 1897.5321, -102.7291, 0, 125, 0
L 1892.9540, 1875.2372, -108.6558, 1878.8843, 1889.4984, -99.1209, 0, 125, 0
L 1922.3615, 1834.8008, -108.9182, 1892.9540, 1875.2372, -108.6558, 0, 125, 0
L 1933.4313, 1822.6681, -108.6635, 1922.3615, 1834.8008, -108.9182, 0, 125, 0
L 1942.7277, 1817.0994, -95.0805, 1933.4313, 1822.6681, -108.6635, 0, 125, 0
L 1958.9786, 1809.2380, -95.3553, 1942.7277, 1817.0994, -95.0805, 0, 125, 0
L 1970.9177, 1799.8073, -90.7596, 1958.9786, 1809.2380, -95.3553, 0, 125, 0
L 1977.8848, 1790.8219, -86.9813, 1970.9177, 1799.8073, -90.7596, 0, 125, 0
L 1985.8677, 1774.6791, -87.7636, 1977.8848, 1790.8219, -86.9813, 0, 125, 0
L 1989.0431, 1763.3540, -90.2269, 1985.8677, 1774.6791, -87.7636, 0, 125, 0
L 1992.4424, 1736.0510, -96.0788, 1989.0431, 1763.3540, -90.2269, 0, 125, 0
L 1990.9191, 1685.6807, -96.4713, 1992.4424, 1736.0510, -96.0788, 0, 125, 0
L 1990.6392, 1676.4222, -96.5435, 1990.9191, 1685.6807, -96.4713, 0, 125, 0
L 1981.0621, 1642.2997, -94.2135, 1990.6392, 1676.4222, -96.5435, 0, 125, 0
L 1978.2318, 1631.3057, -91.9122, 1981.0621, 1642.2997, -94.2135, 0, 125, 0
L 1972.4788, 1587.0916, -81.8514, 1978.2318, 1631.3057, -91.9122, 0, 125, 0
L 1969.1080, 1576.0933, -81.1614, 1972.4788, 1587.0916, -81.8514, 0, 125, 0
L 1949.7418, 1524.9528, -73.4749, 1969.1080, 1576.0933, -81.1614, 0, 125, 0
L 1937.8159, 1499.0061, -81.6826, 1949.7418, 1524.9528, -73.4749, 0, 125, 0
L 1934.1989, 1487.8929, -83.7028, 1937.8159, 1499.0061, -81.6826, 0, 125, 0
L 1932.0410, 1477.2887, -83.5304, 1934.1989, 1487.8929, -83.7028, 0, 125, 0
L 1932.4435, 1465.7081, -82.8667, 1932.0410, 1477.2887, -83.5304, 0, 125, 0
L 1936.3258, 1456.6748, -80.8850, 1932.4435, 1465.7081, -82.8667, 0, 125, 0
L 1939.0524, 1443.2972, -79.9766, 1936.3258, 1456.6748, -80.8850, 0, 125, 0
L 1939.4637, 1432.9154, -80.8052, 1939.0524, 1443.2972, -79.9766, 0, 125, 0
L 1935.4618, 1396.1908, -83.4233, 1939.4637, 1432.9154, -80.8052, 0, 125, 0
L 1934.2397, 1357.7023, -94.3723, 1935.4618, 1396.1908, -92.5981, 0, 125, 0
L 1932.2847, 1346.5356, -96.6136, 1934.2397, 1357.7023, -94.3723, 0, 125, 0
L 1928.7535, 1336.1327, -98.5271, 1932.2847, 1346.5356, -96.6136, 0, 125, 0
L 1923.4421, 1324.2899, -98.3215, 1928.7535, 1336.1327, -98.5271, 0, 125, 0
L 1917.0182, 1314.6653, -97.5616, 1923.4421, 1324.2899, -98.3215, 0, 125, 0
L 1908.4677, 1305.4473, -98.5875, 1917.0182, 1314.6653, -97.5616, 0, 125, 0
L 1899.2473, 1297.4600, -100.8255, 1908.4677, 1305.4473, -98.5875, 0, 125, 0
L 1889.3337, 1291.8724, -104.9704, 1899.2473, 1297.4600, -100.8255, 0, 125, 0
L 1879.1387, 1288.0886, -107.1300, 1889.3337, 1291.8724, -104.9704, 0, 125, 0
L 1868.9320, 1281.6680, -108.9896, 1879.1387, 1288.0886, -107.1300, 0, 125, 0
L 1859.3436, 1272.3285, -109.7939, 1868.9320, 1281.6680, -108.9896, 0, 125, 0
L 1853.0958, 1263.9489, -109.9086, 1859.3436, 1272.3285, -109.7939, 0, 125, 0
L 1848.9425, 1254.0028, -109.8542, 1853.0958, 1263.9489, -109.9086, 0, 125, 0
L 1846.4053, 1243.1495, -109.4735, 1848.9425, 1254.0028, -109.8542, 0, 125, 0
L 1846.3875, 1232.5560, -108.8536, 1846.4053, 1243.1495, -109.4735, 0, 125, 0
L 1850.1033, 1221.3646, -107.8718, 1846.3875, 1232.5560, -108.8536, 0, 125, 0
L 1856.2355, 1212.0704, -106.8189, 1850.1033, 1221.3646, -107.8718, 0, 125, 0
L 1859.4208, 1198.8772, -105.9375, 1856.2355, 1212.0704, -106.8189, 0, 125, 0
L 1857.4702, 1187.9336, -104.3479, 1859.4208, 1198.8772, -105.9375, 0, 125, 0
L 1850.9828, 1178.2340, -103.8744, 1857.4702, 1187.9336, -104.3479, 0, 125, 0
L 1844.4700, 1169.0293, -103.4795, 1850.9828, 1178.2340, -103.8744, 0, 125, 0
L 1841.1465, 1158.0010, -101.2363, 1844.4700, 1169.0293, -103.4795, 0, 125, 0
L 1840.2391, 1146.2046, -97.7551, 1841.1465, 1158.0010, -101.2363, 0, 125, 0
L 1840.0648, 1134.7644, -94.3255, 1840.2391, 1146.2046, -97.7551, 0, 125, 0
L 1834.6127, 1123.1208, -95.0007, 1840.0648, 1134.7644, -94.3255, 0, 125, 0
L 1827.6149, 1113.7313, -96.7173, 1834.6127, 1123.1208, -95.0007, 0, 125, 0
L 1817.5750, 1108.2144, -100.1026, 1827.6149, 1113.7313, -96.7173, 0, 125, 0
L 1805.1230, 1105.9283, -104.3353, 1817.5750, 1108.2144, -100.1026, 0, 125, 0
L 1834.0197, 1515.4498, -110.3062, 1834.0197, 1515.4498, -110.3062, 0, 0, 0
L 1834.0193, 1521.5669, -110.3062, 1834.0197, 1515.4498, -110.3062, 0, 0, 0
L 1838.7638, 1525.4752, -110.3062, 1834.0193, 1521.5669, -110.3062, 0, 0, 0
L 1846.5034, 1525.4752, -110.3062, 1838.7638, 1525.4752, -110.3062, 0, 0, 0
L 1851.2521, 1521.5648, -110.3062, 1846.5034, 1525.4752, -110.3062, 0, 0, 0
L 1851.2521, 1517.7957, -110.3062, 1851.2521, 1521.5648, -110.3062, 0, 0, 0
L 1851.2521, 1515.4473, -110.3062, 1851.2521, 1517.7957, -110.3062, 0, 0, 0
L 1846.6084, 1511.3788, -110.3062, 1851.2521, 1515.4473, -110.3062, 0, 0, 0
L 1846.2377, 1510.8264, -110.3062, 1846.6084, 1511.3788, -110.3062, 0, 0, 0
L 1844.8785, 1504.4467, -110.3062, 1846.2377, 1510.8264, -110.3062, 0, 0, 0
L 1840.4191, 1504.3306, -110.3062, 1844.8785, 1504.4467, -110.3062, 0, 0, 0
L 1839.0779, 1510.6243, -110.3059, 1840.4191, 1504.3306, -110.3062, 0, 0, 0
L 1838.6575, 1511.3800, -110.3062, 1839.0779, 1510.6243, -110.3059, 0, 0, 0
L 1834.0197, 1515.4500, -110.3062, 1838.6575, 1511.3800, -110.3062, 0, 0, 0
L 1838.5100, 1526.6211, -111.2802, 1843.1576, 1526.6211, -111.2802, 0, 0, 0
L 1838.1348, 1526.5488, -111.2802, 1838.5100, 1526.6211, -111.2802, 0, 0, 0
L 1833.3287, 1522.2344, -111.2802, 1838.1348, 1526.5488, -111.2802, 0, 0, 0
L 1829.1130, 1522.2344, -111.2802, 1833.3287, 1522.2344, -111.2802, 0, 0, 0
L 1828.5602, 1521.6749, -111.2802, 1829.1130, 1522.2344, -111.2802, 0, 0, 0
L 1828.5602, 1515.4523, -111.2802, 1828.5602, 1521.6749, -111.2802, 0, 0, 0
L 1828.9253, 1514.8291, -111.2802, 1828.5602, 1515.4523, -111.2802, 0, 0, 0
L 1833.2820, 1514.8291, -111.2802, 1828.9253, 1514.8291, -111.2802, 0, 0, 0
L 1838.0155, 1510.3173, -111.2802, 1833.2820, 1514.8291, -111.2802, 0, 0, 0
L 1839.6099, 1503.3240, -111.2802, 1838.0155, 1510.3173, -111.2802, 0, 0, 0
L 1839.9517, 1502.8226, -111.2802, 1839.6099, 1503.3240, -111.2802, 0, 0, 0
L 1844.9160, 1502.8154, -111.2802, 1839.9517, 1502.8226, -111.2802, 0, 0, 0
L 1845.8518, 1504.1575, -111.2802, 1844.9160, 1502.8154, -111.2802, 0, 0, 0
L 1846.7533, 1508.1117, -111.2802, 1845.8518, 1504.1575, -111.2802, 0, 0, 0
L 1848.6316, 1511.6283, -111.2802, 1846.7533, 1508.1117, -111.2802, 0, 0, 0
L 1852.2108, 1515.0439, -111.2802, 1848.6316, 1511.6283, -111.2802, 0, 0, 0
L 1852.2946, 1515.4653, -111.2802, 1852.2108, 1515.0439, -111.2802, 0, 0, 0
L 1852.2946, 1521.6700, -111.2802, 1852.2946, 1515.4653, -111.2802, 0, 0, 0
L 1851.9819, 1522.1924, -111.2802, 1852.2946, 1521.6700, -111.2802, 0, 0, 0
L 1847.4740, 1526.2480, -111.2802, 1851.9819, 1522.1924, -111.2802, 0, 0, 0
L 1846.2633, 1526.6211, -111.2802, 1847.4740, 1526.2480, -111.2802, 0, 0, 0
L 1840.2260, 1526.6211, -111.2802, 1846.2633, 1526.6211, -111.2802, 0, 0, 0
L 1819.8329, 1584.6891, -109.2130, 1819.8329, 1576.7587, -109.2130, 0, 0, 0
L 1827.9325, 1584.6888, -109.2130, 1819.8329, 1584.6891, -109.2130, 0, 0, 0
L 1827.9325, 1576.8022, -109.2130, 1827.9325, 1584.6888, -109.2130, 0, 0, 0
L 1830.9580, 1561.6486, -110.3654, 1830.9580, 1561.6486, -110.3654, 0, 0, 0
L 1817.4080, 1561.6437, -110.3654, 1830.9580, 1561.6486, -110.3654, 0, 0, 0
L 1815.7926, 1566.3774, -110.3654, 1817.4080, 1561.6437, -110.3654, 0, 0, 0
L 1814.9606, 1568.8192, -110.3654, 1815.7926, 1566.3774, -110.3654, 0, 0, 0
L 1816.3605, 1573.1621, -110.3652, 1814.9606, 1568.8192, -110.3654, 0, 0, 0
L 1817.4102, 1576.4156, -110.3654, 1816.3605, 1573.1621, -110.3652, 0, 0, 0
L 1830.9521, 1576.4204, -110.3654, 1817.4102, 1576.4156, -110.3654, 0, 0, 0
L 1832.8297, 1571.2000, -110.3654, 1830.9521, 1576.4204, -110.3654, 0, 0, 0
L 1832.2849, 1565.1370, -110.3654, 1832.8297, 1571.2000, -110.3654, 0, 0, 0
L 1830.9573, 1561.6467, -110.3654, 1832.2849, 1565.1370, -110.3654, 0, 0, 0
L 1826.6978, 1561.6414, -110.3654, 1830.9573, 1561.6467, -110.3654, 0, 0, 0
L 1816.8467, 1577.5460, -111.2802, 1817.0116, 1577.5209, -111.2802, 0, 0, 0
L 1816.3810, 1577.0552, -111.2802, 1816.8467, 1577.5460, -111.2802, 0, 0, 0
L 1813.9125, 1569.3828, -111.2802, 1816.3810, 1577.0552, -111.2802, 0, 0, 0
L 1813.8602, 1568.4930, -111.2802, 1813.9125, 1569.3828, -111.2802, 0, 0, 0
L 1816.3534, 1561.0829, -111.2802, 1813.8602, 1568.4930, -111.2802, 0, 0, 0
L 1817.0908, 1560.5461, -111.2802, 1816.3534, 1561.0829, -111.2802, 0, 0, 0
L 1821.4423, 1560.5461, -111.2802, 1817.0908, 1560.5461, -111.2802, 0, 0, 0
L 1821.7710, 1559.9202, -111.2802, 1821.4423, 1560.5461, -111.2802, 0, 0, 0
L 1826.5801, 1559.9174, -111.2802, 1821.7710, 1559.9202, -111.2802, 0, 0, 0
L 1827.0493, 1560.5463, -111.2802, 1826.5801, 1559.9174, -111.2802, 0, 0, 0
L 1827.0493, 1560.5463, -111.2802, 1827.0493, 1560.5463, -111.2802, 0, 0, 0
L 1827.0493, 1560.5463, -111.2802, 1827.0493, 1560.5463, -111.2802, 0, 0, 0
L 1831.2782, 1560.5463, -111.2802, 1827.0493, 1560.5463, -111.2802, 0, 0, 0
L 1832.0677, 1561.2261, -111.2802, 1831.2782, 1560.5463, -111.2802, 0, 0, 0
L 1834.7756, 1567.8461, -111.2802, 1832.0677, 1561.2261, -111.2802, 0, 0, 0
L 1834.7186, 1569.3298, -111.2802, 1834.7756, 1567.8461, -111.2802, 0, 0, 0
L 1831.9978, 1577.0148, -111.2802, 1834.7186, 1569.3298, -111.2802, 0, 0, 0
L 1831.4857, 1577.5209, -111.2802, 1831.9978, 1577.0148, -111.2802, 0, 0, 0
L 1817.0122, 1577.5209, -111.2802, 1831.4857, 1577.5209, -111.2802, 0, 0, 0
L 1844.4359, 1591.1875, -110.3062, 1844.4359, 1591.1875, -110.3062, 0, 0, 0
L 1843.7037, 1591.2576, -110.3062, 1844.4359, 1591.1875, -110.3062, 0, 0, 0
L 1843.4524, 1590.6852, -110.3062, 1843.7037, 1591.2576, -110.3062, 0, 0, 0
L 1843.4523, 1590.5305, -110.3062, 1843.4524, 1590.6852, -110.3062, 0, 0, 0
L 1839.2395, 1590.5293, -110.3062, 1843.4523, 1590.5305, -110.3062, 0, 0, 0
L 1839.2395, 1590.7230, -110.3062, 1839.2395, 1590.5293, -110.3062, 0, 0, 0
L 1838.8494, 1591.1873, -110.3062, 1839.2395, 1590.7230, -110.3062, 0, 0, 0
L 1838.3191, 1591.1873, -110.3062, 1838.8494, 1591.1873, -110.3062, 0, 0, 0
L 1834.4106, 1595.9343, -110.3062, 1838.3191, 1591.1873, -110.3062, 0, 0, 0
L 1834.4106, 1603.6713, -110.3062, 1834.4106, 1595.9343, -110.3062, 0, 0, 0
L 1838.3210, 1608.4200, -110.3062, 1834.4106, 1603.6713, -110.3062, 0, 0, 0
L 1842.3754, 1608.4200, -110.3062, 1838.3210, 1608.4200, -110.3062, 0, 0, 0
L 1844.4338, 1608.4200, -110.3062, 1842.3754, 1608.4200, -110.3062, 0, 0, 0
L 1848.3337, 1603.9739, -110.3062, 1844.4338, 1608.4200, -110.3062, 0, 0, 0
L 1849.0096, 1603.4161, -110.3062, 1848.3337, 1603.9739, -110.3062, 0, 0, 0
L 1856.0953, 1602.2435, -110.8687, 1849.0096, 1603.4161, -110.3062, 0, 0, 0
L 1855.9257, 1597.6661, -110.3062, 1856.0953, 1602.2435, -110.8687, 0, 0, 0
L 1849.1859, 1596.2533, -110.3062, 1855.9257, 1597.6661, -110.3062, 0, 0, 0
L 1848.4148, 1595.7196, -110.3062, 1849.1859, 1596.2533, -110.3062, 0, 0, 0
L 1844.4358, 1591.1875, -110.3062, 1848.4148, 1595.7196, -110.3062, 0, 0, 0
L 1844.0238, 1591.1876, -110.3062, 1844.4358, 1591.1875, -110.3062, 0, 0, 0
L 1837.6515, 1586.3788, -111.2802, 1837.6515, 1586.3788, -111.2802, 0, 0, 0
L 1838.0956, 1585.7281, -111.2802, 1837.6515, 1586.3788, -111.2802, 0, 0, 0
L 1844.5323, 1585.7281, -111.2802, 1838.0956, 1585.7281, -111.2802, 0, 0, 0
L 1845.0569, 1586.2867, -111.2802, 1844.5323, 1585.7281, -111.2802, 0, 0, 0
L 1845.0569, 1590.4498, -111.2802, 1845.0569, 1586.2867, -111.2802, 0, 0, 0
L 1849.5699, 1595.1838, -111.2802, 1845.0569, 1590.4498, -111.2802, 0, 0, 0
L 1856.7155, 1596.8129, -111.2802, 1849.5699, 1595.1838, -111.2802, 0, 0, 0
L 1857.0706, 1597.4668, -111.2802, 1856.7155, 1596.8129, -111.2802, 0, 0, 0
L 1857.0706, 1601.8516, -111.2802, 1857.0706, 1597.4668, -111.2802, 0, 0, 0
L 1856.5859, 1602.8243, -111.2802, 1857.0706, 1601.8516, -111.2802, 0, 0, 0
L 1849.5687, 1604.4242, -111.2802, 1856.5859, 1602.8243, -111.2802, 0, 0, 0
L 1844.9812, 1609.2372, -111.2802, 1849.5687, 1604.4242, -111.2802, 0, 0, 0
L 1844.1210, 1609.4625, -111.2802, 1844.9812, 1609.2372, -111.2802, 0, 0, 0
L 1838.0525, 1609.4518, -111.2802, 1844.1210, 1609.4625, -111.2802, 0, 0, 0
L 1837.7556, 1609.2189, -111.2802, 1838.0525, 1609.4518, -111.2802, 0, 0, 0
L 1833.5140, 1604.5043, -111.2802, 1837.7556, 1609.2189, -111.2802, 0, 0, 0
L 1833.2648, 1603.9733, -111.2802, 1833.5140, 1604.5043, -111.2802, 0, 0, 0
L 1833.2648, 1595.6272, -111.2802, 1833.2648, 1603.9733, -111.2802, 0, 0, 0
L 1833.4343, 1595.1919, -111.2802, 1833.2648, 1595.6272, -111.2802, 0, 0, 0
L 1837.6517, 1590.5043, -111.2802, 1833.4343, 1595.1919, -111.2802, 0, 0, 0
L 1837.4302, 1586.1201, -111.2802, 1837.6517, 1590.5043, -111.2802, 0, 0, 0
L 597.5724, -1935.1947, -109.1854, 597.3892, -1935.0745, -109.1924, 0, 125, 0
L 780.6612, -597.0940, -86.7085, 780.6612, -597.0940, -86.7085, 0, 125, 0
L 393.7651, 164.6845, -111.2802, 397.1341, 213.2150, -111.2802, 150, 100, 0
L 397.1341, 213.2150, -111.2802, 403.1131, 218.8299, -111.2802, 150, 100, 0
L 403.1131, 218.8299, -111.2802, 401.3493, 233.1792, -111.2802, 150, 100, 0
L 401.3493, 233.1792, -111.2802, 389.4961, 240.6813, -111.2802, 150, 100, 0
L 389.4961, 240.6813, -111.2802, 379.1407, 244.2383, -111.2802, 150, 100, 0
L 379.1407, 244.2383, -111.2802, 362.1789, 257.1293, -111.2741, 150, 100, 0
L 362.1789, 257.1293, -111.2741, 355.2479, 265.5778, -111.2802, 150, 100, 0
L 355.2479, 265.5778, -111.2802, 337.6245, 265.5046, -111.2802, 150, 100, 0
L 337.6245, 265.5046, -111.2802, 334.7949, 270.2867, -111.2802, 150, 100, 0
L 334.7949, 270.2867, -111.2802, 329.5182, 272.0317, -111.2802, 150, 100, 0
L 329.5182, 272.0317, -111.2802, 324.4399, 272.0860, -111.2802, 150, 100, 0
L 324.4399, 272.0860, -111.2802, 321.5476, 275.5866, -111.2802, 150, 100, 0
L 321.5476, 275.5866, -111.2802, 321.5990, 284.6857, -111.2802, 150, 100, 0
L 321.5990, 284.6857, -111.2802, 323.8329, 288.5742, -111.2802, 150, 100, 0
L 323.8329, 288.5742, -111.2802, 324.4105, 296.7635, -111.2802, 150, 100, 0
L 324.4105, 296.7635, -111.2802, 322.4512, 299.9475, -111.2802, 150, 100, 0
L 322.4512, 299.9475, -111.2802, 322.3685, 307.3126, -111.2802, 150, 100, 0
L 322.3685, 307.3126, -111.2802, 299.2203, 321.1806, -111.2802, 150, 100, 0
L 299.2203, 321.1806, -111.2802, 277.4648, 337.2957, -112.4335, 150, 100, 0
L 277.4648, 337.2957, -112.4335, 264.5906, 341.1087, -113.0641, 150, 100, 0
L 264.5906, 341.1087, -113.0641, 259.8475, 346.0936, -113.4010, 150, 100, 0
L 259.8475, 346.0936, -113.4010, 257.5207, 361.8137, -113.3505, 150, 100, 0
L 257.5207, 361.8137, -113.3505, 257.6152, 366.0655, -113.1798, 150, 100, 0
L 257.6152, 366.0655, -113.1798, 261.4350, 377.8304, -112.8101, 150, 100, 0
L 261.4350, 377.8304, -112.8101, 260.2874, 405.7477, -114.5207, 150, 100, 0
L 260.2874, 405.7477, -114.5207, 254.2822, 416.8722, -116.2822, 150, 100, 0
L 254.2822, 416.8722, -116.2822, 259.8294, 423.8076, -117.3991, 150, 100, 0
L 259.8294, 423.8076, -117.3991, 260.3257, 429.6621, -117.0335, 150, 100, 0
L 260.3257, 429.6621, -117.0335, 265.7296, 431.7956, -118.3963, 150, 100, 0
L 265.7296, 431.7956, -118.3963, 265.5838, 434.9024, -118.0851, 150, 100, 0
L 265.5838, 434.9024, -118.0851, 260.3109, 440.3095, -116.1058, 150, 100, 0
L 260.3109, 440.3095, -116.1058, 260.0857, 445.0403, -115.6309, 150, 100, 0
L 260.0857, 445.0403, -115.6309, 256.9808, 450.0833, -114.3042, 150, 100, 0
L 256.9808, 450.0833, -114.3042, 257.3404, 453.6140, -114.1009, 150, 100, 0
L 257.3404, 453.6140, -114.1009, 260.9964, 461.1108, -114.5975, 150, 100, 0
L 260.9964, 461.1108, -114.5975, 262.2655, 463.7258, -114.9162, 150, 100, 0
L 262.2655, 463.7258, -114.9162, 261.5311, 467.6969, -114.6377, 150, 100, 0
L 261.5311, 467.6969, -114.6377, 260.5844, 472.8089, -114.2788, 150, 100, 0
L 260.5844, 472.8089, -114.2788, 260.3018, 474.3705, -114.1711, 150, 100, 0
L 260.3018, 474.3705, -114.1711, 254.3129, 480.4005, -112.3522, 150, 100, 0
L 254.3129, 480.4005, -112.3522, 254.4015, 484.4221, -112.3086, 150, 100, 0
L 254.4015, 484.4221, -112.3086, 259.0247, 489.5643, -113.5672, 150, 100, 0
L 259.0247, 489.5643, -113.5672, 259.9102, 490.4073, -113.8006, 150, 100, 0
L 259.9102, 490.4073, -113.8006, 262.5556, 497.5502, -115.3007, 150, 100, 0
L 262.5556, 497.5502, -115.3007, 265.1228, 501.6089, -116.2569, 150, 100, 0
L 265.1228, 501.6089, -116.2569, 257.2378, 515.8428, -117.9618, 150, 100, 0
L 257.2378, 515.8428, -117.9618, 258.7997, 522.1006, -119.2008, 150, 100, 0
L 258.7997, 522.1006, -119.2008, 261.9950, 534.8900, -119.3562, 150, 100, 0
L 261.9950, 534.8900, -119.3562, 259.2272, 541.1978, -118.2551, 150, 100, 0
L 259.2272, 541.1978, -118.2551, 254.6811, 547.6555, -116.9607, 150, 100, 0
L 254.6811, 547.6555, -116.9607, 255.1463, 553.1418, -116.2929, 150, 100, 0
L 255.1463, 553.1418, -116.2929, 260.2665, 556.5625, -116.3326, 150, 100, 0
L 260.2665, 556.5625, -116.3326, 260.8892, 563.7325, -115.7777, 150, 100, 0
L 260.8892, 563.7325, -115.7777, 265.3060, 567.4512, -115.6771, 150, 100, 0
L 265.3060, 567.4512, -115.6771, 265.3944, 568.5817, -115.6045, 150, 100, 0
L 265.3944, 568.5817, -115.6045, 261.7064, 574.5726, -115.0810, 150, 100, 0
L 261.7064, 574.5726, -115.0810, 258.6482, 580.4456, -114.5864, 150, 100, 0
L 258.6482, 580.4456, -114.5864, 262.2463, 601.0968, -113.4180, 150, 100, 0
L 262.2463, 601.0968, -113.4180, 260.7408, 607.6590, -113.0125, 150, 100, 0
L 260.7408, 607.6590, -113.0125, 254.9350, 614.3336, -112.4557, 150, 100, 0
L 254.9350, 614.3336, -112.4557, 254.8524, 619.1440, -112.1915, 150, 100, 0
L 254.8524, 619.1440, -112.1915, 260.5921, 624.0912, -112.1143, 150, 100, 0
L 260.5921, 624.0912, -112.1143, 261.4163, 631.6319, -111.9026, 150, 100, 0
L 261.4163, 631.6319, -111.9026, 265.3098, 634.0278, -111.8533, 150, 100, 0
L 265.3098, 634.0278, -111.8533, 265.9280, 636.2842, -111.8069, 150, 100, 0
L 265.9280, 636.2842, -111.8069, 261.7880, 641.4622, -111.7003, 150, 100, 0
L 261.7880, 641.4622, -111.7003, 260.0179, 647.3279, -111.5796, 150, 100, 0
L 260.0179, 647.3279, -111.5796, 257.3133, 651.9715, -111.4840, 150, 100, 0
L 257.3133, 651.9715, -111.4840, 259.7499, 663.5291, -111.2234, 150, 100, 0
L 259.7499, 663.5291, -111.2234, 258.2666, 668.9106, -111.0388, 150, 100, 0
L 258.2666, 668.9106, -111.0388, 256.2913, 679.6153, -110.6715, 150, 100, 0
L 256.2913, 679.6153, -110.6715, 251.6938, 687.7634, -110.4497, 150, 100, 0
L 251.6938, 687.7634, -110.4497, 248.7499, 692.9634, -110.4104, 150, 100, 0
L 248.7499, 692.9634, -110.4104, 228.6827, 692.9262, -110.7476, 150, 100, 0
L 228.6827, 692.9262, -110.7476, 221.8083, 694.1956, -110.7258, 150, 100, 0
L 221.8083, 694.1956, -110.7258, 215.3140, 692.8256, -110.7493, 150, 100, 0
L 215.3140, 692.8256, -110.7493, 206.8741, 687.3340, -110.8434, 150, 100, 0
L 206.8741, 687.3340, -110.8434, 202.2996, 688.1047, -110.8303, 150, 100, 0
L 202.2996, 688.1047, -110.8303, 198.0333, 692.3699, -110.7571, 150, 100, 0
L 198.0333, 692.3699, -110.7571, 191.2761, 691.7391, -110.7679, 150, 100, 0
L 191.2761, 691.7391, -110.7679, 188.2562, 698.5629, -110.8136, 150, 100, 0
L 188.2562, 698.5629, -110.8136, 185.5355, 697.7806, -110.8597, 150, 100, 0
L 185.5355, 697.7806, -110.8597, 177.3105, 692.9911, -110.9993, 150, 100, 0
L 177.3105, 692.9911, -110.9993, 171.5053, 689.6072, -111.0976, 150, 100, 0
L 171.5053, 689.6072, -111.0976, 167.1806, 690.8381, -111.1711, 150, 100, 0
L 167.1806, 690.8381, -111.1711, 155.0610, 694.7902, -110.4652, 150, 100, 0
L 155.0610, 694.7902, -110.4652, 147.1647, 693.1231, -109.3361, 150, 100, 0
L 147.1647, 693.1231, -109.3361, 140.1602, 686.9945, -108.3345, 150, 100, 0
L 140.1602, 686.9945, -108.3345, 135.6145, 687.7666, -107.6846, 150, 100, 0
L 135.6145, 687.7666, -107.6846, 131.2290, 691.6398, -107.0575, 150, 100, 0
L 131.2290, 691.6398, -107.0575, 124.0133, 692.9112, -106.0257, 150, 100, 0
L 124.0133, 692.9112, -106.0257, 122.4675, 695.7244, -106.4248, 150, 100, 0
L 122.4675, 695.7244, -106.4248, 121.0791, 698.2509, -106.7902, 150, 100, 0
L 121.0791, 698.2509, -106.7902, 117.8469, 698.2181, -106.7855, 150, 100, 0
L 117.8469, 698.2181, -106.7855, 113.1865, 693.1800, -106.0567, 150, 100, 0
L 113.1865, 693.1800, -106.0567, 108.0922, 692.6763, -105.9839, 150, 100, 0
L 108.0922, 692.6763, -105.9839, 106.4093, 690.9083, -105.7281, 150, 100, 0
L 106.4093, 690.9083, -105.7281, 99.4193, 690.7250, -105.7016, 150, 100, 0
L 99.4193, 690.7250, -105.7016, 87.7968, 695.3745, -107.1503, 150, 100, 0
L 87.7968, 695.3745, -107.1503, 85.3316, 694.8574, -107.4780, 150, 100, 0
L 85.3316, 694.8574, -107.4780, 77.7691, 691.6251, -108.2454, 150, 100, 0
L 77.7691, 691.6251, -108.2454, 71.9239, 687.1297, -108.5496, 150, 100, 0
L 71.9239, 687.1297, -108.5496, 67.2801, 687.5784, -109.3727, 150, 100, 0
L 67.2801, 687.5784, -109.3727, 62.6197, 692.0107, -110.7748, 150, 100, 0
L 62.6197, 692.0107, -110.7748, 54.9428, 692.3292, -112.0384, 150, 100, 0
L 54.9428, 692.3292, -112.0384, 52.5743, 698.1566, -111.9188, 150, 100, 0
L 52.5743, 698.1566, -111.9188, 49.6917, 698.0942, -111.9201, 150, 100, 0
L 49.6917, 698.0942, -111.9201, 46.1185, 695.7110, -111.9690, 150, 100, 0
L 46.1185, 695.7110, -111.9690, 44.7622, 693.2264, -112.0200, 150, 100, 0
L 44.7622, 693.2264, -112.0200, 38.0613, 692.3303, -112.0384, 150, 100, 0
L 38.0613, 692.3303, -112.0384, 35.9544, 689.9434, -112.0874, 150, 100, 0
L 35.9544, 689.9434, -112.0874, 35.9544, 689.9434, -112.0874, 150, 100, 0
L 35.9544, 689.9434, -112.0874, 30.6568, 691.1952, -112.0589, 150, 100, 0
L 30.6568, 691.1952, -112.0589, 18.2097, 694.7928, -112.1306, 150, 100, 0
L 18.2097, 694.7928, -112.1306, 10.9343, 693.2221, -112.3360, 150, 100, 0
L 10.9343, 693.2221, -112.3360, 1.1154, 686.6819, -112.7034, 150, 100, 0
L 1.1154, 686.6819, -112.7034, -5.0413, 692.2277, -112.7370, 150, 100, 0
L -5.0413, 692.2277, -112.7370, -12.7631, 693.8563, -112.8567, 150, 100, 0
L -12.7631, 693.8563, -112.8567, -15.8117, 698.4882, -112.6506, 150, 100, 0
L -15.8117, 698.4882, -112.6506, -18.6114, 698.4278, -112.6533, 150, 100, 0
L -18.6114, 698.4278, -112.6533, -23.1146, 693.4544, -112.8746, 150, 100, 0
L -23.1146, 693.4544, -112.8746, -30.0617, 692.9556, -112.8968, 150, 100, 0
L -30.0617, 692.9556, -112.8968, -35.5066, 688.6029, -113.0905, 150, 100, 0
L -35.5066, 688.6029, -113.0905, -44.0629, 691.9979, -112.9283, 150, 100, 0
L -44.0629, 691.9979, -112.9283, -53.4294, 695.3403, -112.3674, 150, 100, 0
L -53.4294, 695.3403, -112.3674, -58.4300, 693.8263, -112.2148, 150, 100, 0
L -58.4300, 693.8263, -112.2148, -66.9265, 688.3027, -112.0868, 150, 100, 0
L -66.9265, 688.3027, -112.0868, -70.0541, 689.7294, -111.8857, 150, 100, 0
L -70.0541, 689.7294, -111.8857, -75.3350, 693.7667, -111.4737, 150, 100, 0
L -75.3350, 693.7667, -111.4737, -82.6560, 695.0692, -111.2802, 150, 100, 0
L -82.6560, 695.0692, -111.2802, -84.3736, 699.6328, -111.2802, 150, 100, 0
L -84.3736, 699.6328, -111.2802, -87.1726, 699.7276, -111.2802, 150, 100, 0
L -87.1726, 699.7276, -111.2802, -92.9610, 695.3261, -111.2802, 150, 100, 0
L -92.9610, 695.3261, -111.2802, -99.7849, 693.8003, -111.2802, 150, 100, 0
L -99.7849, 693.8003, -111.2802, -106.4096, 691.8082, -111.2802, 150, 100, 0
L -106.4096, 691.8082, -111.2802, -111.3130, 693.6896, -111.2802, 150, 100, 0
L -111.3130, 693.6896, -111.2802, -116.7842, 694.8417, -110.8695, 150, 100, 0
L -116.7842, 694.8417, -110.8695, -125.8464, 692.3924, -110.0925, 150, 100, 0
L -125.8464, 692.3924, -110.0925, -132.5554, 687.4182, -109.5172, 150, 100, 0
L -132.5554, 687.4182, -109.5172, -136.2468, 686.8056, -109.2007, 150, 100, 0
L -136.2468, 686.8056, -109.2007, -141.7678, 692.6073, -108.7274, 150, 100, 0
L -141.7678, 692.6073, -108.7274, -148.7850, 693.0298, -108.1301, 150, 100, 0
L -148.7850, 693.0298, -108.1301, -154.2807, 698.6642, -108.0130, 150, 100, 0
L -154.2807, 698.6642, -108.0130, -163.9637, 692.5361, -107.2931, 150, 100, 0
L -163.9637, 692.5361, -107.2931, -171.8082, 690.0089, -106.7878, 150, 100, 0
L -171.8082, 690.0089, -106.7878, -180.5910, 693.4402, -106.3899, 150, 100, 0
L -180.5910, 693.4402, -106.3899, -194.2088, 692.7856, -104.6465, 150, 100, 0
L -194.2088, 692.7856, -104.6465, -202.7443, 686.9337, -103.3796, 150, 100, 0
L -202.7443, 686.9337, -103.3796, -205.8124, 687.6163, -103.0134, 150, 100, 0
L -205.8124, 687.6163, -103.0134, -210.3440, 692.1472, -102.5851, 150, 100, 0
L -210.3440, 692.1472, -102.5851, -217.8288, 692.6865, -101.7712, 150, 100, 0
L -217.8288, 692.6865, -101.7712, -220.3716, 698.0450, -103.0589, 150, 100, 0
L -220.3716, 698.0450, -103.0589, -222.8528, 698.1602, -103.2178, 150, 100, 0
L -222.8528, 698.1602, -103.2178, -227.3604, 693.6556, -102.4947, 150, 100, 0
L -227.3604, 693.6556, -102.4947, -230.1727, 693.0653, -102.5200, 150, 100, 0
L -230.1727, 693.0653, -102.5200, -235.1158, 692.0236, -102.5638, 150, 100, 0
L -235.1158, 692.0236, -102.5638, -236.7474, 690.5837, -102.3429, 150, 100, 0
L -236.7474, 690.5837, -102.3429, -243.5635, 691.5139, -102.9112, 150, 100, 0
L -243.5635, 691.5139, -102.9112, -249.5597, 693.9918, -103.9513, 150, 100, 0
L -249.5597, 693.9918, -103.9513, -255.8631, 693.7139, -105.2045, 150, 100, 0
L -255.8631, 693.7139, -105.2045, -262.8053, 692.6025, -106.4245, 150, 100, 0
L -262.8053, 692.6025, -106.4245, -268.1991, 688.0482, -106.5732, 150, 100, 0
L -268.1991, 688.0482, -106.5732, -270.5077, 686.7044, -106.7672, 150, 100, 0
L -270.5077, 686.7044, -106.7672, -273.1589, 686.9932, -107.3840, 150, 100, 0
L -273.1589, 686.9932, -107.3840, -277.4389, 692.5671, -109.4786, 150, 100, 0
L -277.4389, 692.5671, -109.4786, -284.7216, 692.9095, -111.0760, 150, 100, 0
L -284.7216, 692.9095, -111.0760, -286.7168, 694.6702, -111.1729, 150, 100, 0
L -286.7168, 694.6702, -111.1729, -288.0764, 698.0814, -111.1838, 150, 100, 0
L -288.0764, 698.0814, -111.1838, -291.0353, 698.2938, -111.1840, 150, 100, 0
L -291.0353, 698.2938, -111.1840, -296.3785, 693.2087, -111.1665, 150, 100, 0
L -296.3785, 693.2087, -111.1665, -301.6919, 692.8951, -111.1646, 150, 100, 0
L -301.6919, 692.8951, -111.1646, -303.0864, 691.8361, -111.1610, 150, 100, 0
L -303.0864, 691.8361, -111.1610, -304.1253, 689.2257, -111.1523, 150, 100, 0
L -304.1253, 689.2257, -111.1523, -314.2808, 691.9862, -111.1596, 150, 100, 0
L -314.2808, 691.9862, -111.1596, -319.5953, 693.7374, -111.1747, 150, 100, 0
L -319.5953, 693.7374, -111.1747, -326.1379, 694.0516, -111.1967, 150, 100, 0
L -326.1379, 694.0516, -111.1967, -337.7631, 692.8400, -111.2301, 150, 100, 0
L -337.7631, 692.8400, -111.2301, -340.2520, 691.6675, -111.2343, 150, 100, 0
L -340.2520, 691.6675, -111.2343, -341.7733, 689.3281, -111.2316, 150, 100, 0
L -341.7733, 689.3281, -111.2316, -343.3841, 687.9705, -111.2323, 150, 100, 0
L -343.3841, 687.9705, -111.2323, -361.2686, 689.8446, -111.2802, 150, 100, 0
L -361.2686, 689.8446, -111.2802, -370.6335, 701.1418, -111.2802, 150, 100, 0
L -370.6335, 701.1418, -111.2802, -372.2745, 709.9822, -111.2802, 150, 100, 0
L -372.2745, 709.9822, -111.2802, -386.2261, 729.2111, -111.6671, 150, 100, 0
L -386.2261, 729.2111, -111.6671, -392.9030, 737.5119, -118.2541, 150, 100, 0
L -392.9030, 737.5119, -118.2541, -409.5880, 736.4175, -122.2590, 150, 100, 0
L -409.5880, 736.4175, -122.2590, -413.0717, 737.0137, -123.5692, 150, 100, 0
L -413.0717, 737.0137, -123.5692, -416.4569, 742.1614, -127.4676, 150, 100, 0
L -416.4569, 742.1614, -127.4676, -427.3250, 743.6130, -131.3201, 150, 100, 0
L -427.3250, 743.6130, -131.3201, -429.1550, 747.9069, -134.2960, 150, 100, 0
L -429.1550, 747.9069, -134.2960, -428.1947, 755.2205, -137.7843, 150, 100, 0
L -428.1947, 755.2205, -137.7843, -425.4954, 760.2734, -139.1992, 150, 100, 0
L -425.4954, 760.2734, -139.1992, -426.6663, 767.6004, -141.1064, 150, 100, 0
L -426.6663, 767.6004, -141.1064, -428.1882, 771.1630, -142.0067, 150, 100, 0
L -428.1882, 771.1630, -142.0067, -428.9481, 777.2094, -143.5864, 150, 100, 0
L -428.9481, 777.2094, -143.5864, -428.5107, 779.9263, -144.3097, 150, 100, 0
L -428.5107, 779.9263, -144.3097, -439.2819, 784.9990, -145.3558, 150, 100, 0
L -439.2819, 784.9990, -145.3558, -447.5549, 789.1204, -146.2123, 150, 100, 0
L -447.5549, 789.1204, -146.2123, -462.4050, 805.6171, -146.8803, 150, 100, 0
L -462.4050, 805.6171, -146.8803, -468.6999, 811.9575, -146.1922, 150, 100, 0
L -468.6999, 811.9575, -146.1922, -473.9102, 826.5378, -147.6432, 150, 100, 0
L -473.9102, 826.5378, -147.6432, -476.5969, 827.6452, -147.0034, 150, 100, 0
L -476.5969, 827.6452, -147.0034, -482.0165, 831.3600, -146.0335, 150, 100, 0
L -482.0165, 831.3600, -146.0335, -483.8315, 832.6022, -145.7082, 150, 100, 0
L -483.8315, 832.6022, -145.7082, -492.8417, 833.4060, -140.3886, 150, 100, 0
L -492.8417, 833.4060, -140.3886, -498.1534, 829.2656, -137.4349, 150, 100, 0
L -498.1534, 829.2656, -137.4349, -507.1561, 829.7545, -131.9068, 150, 100, 0
L -507.1561, 829.7545, -131.9068, -549.5553, 829.0547, -121.5369, 150, 100, 0
L -549.5553, 829.0547, -121.5369, -557.4293, 824.4638, -121.3141, 150, 100, 0
L -557.4293, 824.4638, -121.3141, -557.1158, 820.7486, -121.5932, 150, 100, 0
L -557.1158, 820.7486, -121.5932, -550.6533, 807.2075, -122.9769, 150, 100, 0
L -550.6533, 807.2075, -122.9769, -552.1030, 798.0942, -123.5088, 150, 100, 0
L -552.1030, 798.0942, -123.5088, -553.3230, 789.2468, -126.4331, 150, 100, 0
L -553.3230, 789.2468, -126.4331, -549.1907, 753.8914, -139.3587, 150, 100, 0
L -549.1907, 753.8914, -139.3587, -559.1110, 743.7219, -142.6348, 150, 100, 0
L -559.1110, 743.7219, -142.6348, -568.8364, 741.1486, -143.6003, 150, 100, 0
L -568.8364, 741.1486, -143.6003, -597.3401, 718.2881, -146.8432, 150, 100, 0
L -597.3401, 718.2881, -146.8432, -597.4620, 702.3002, -146.0471, 150, 100, 0
L -597.4620, 702.3002, -146.0471, -599.2422, 698.8526, -145.8312, 150, 100, 0
L -599.2422, 698.8526, -145.8312, -603.2278, 696.3983, -145.6090, 150, 100, 0
L -603.2278, 696.3983, -145.6090, -605.4917, 685.6890, -145.0207, 150, 100, 0
L -605.4917, 685.6890, -145.0207, -608.8145, 685.4088, -144.9230, 150, 100, 0
L -608.8145, 685.4088, -144.9230, -629.5500, 688.9047, -144.5738, 150, 100, 0
L -629.5500, 688.9047, -144.5738, -634.1176, 685.7726, -143.8909, 150, 100, 0
L -634.1176, 685.7726, -143.8909, -637.7945, 684.7614, -142.5536, 150, 100, 0
L -637.7945, 684.7614, -142.5536, -662.4638, 653.1015, -144.0558, 150, 100, 0
L -662.4638, 653.1015, -144.0558, -665.0568, 653.7786, -143.3402, 150, 100, 0
L -665.0568, 653.7786, -143.3402, -664.1833, 633.7293, -149.3236, 150, 100, 0
L -664.1833, 633.7293, -149.3236, -670.3069, 631.0698, -148.8675, 150, 100, 0
L -670.3069, 631.0698, -148.8675, -672.9900, 625.3001, -150.0016, 150, 100, 0
L -672.9900, 625.3001, -150.0016, -674.3961, 618.2143, -151.7727, 150, 100, 0
L -674.3961, 618.2143, -151.7727, -690.1589, 620.8038, -147.8650, 150, 100, 0
L -690.1589, 620.8038, -147.8650, -695.1013, 621.8442, -146.5736, 150, 100, 0
L -695.1013, 621.8442, -146.5736, -702.2269, 618.2584, -146.0971, 150, 100, 0
L -702.2269, 618.2584, -146.0971, -707.7648, 617.9790, -144.4556, 150, 100, 0
L -707.7648, 617.9790, -144.4556, -712.6345, 610.1916, -146.0853, 150, 100, 0
L -712.6345, 610.1916, -146.0853, -723.9503, 591.3031, -147.4017, 150, 100, 0
L -723.9503, 591.3031, -147.4017, -731.7798, 582.2054, -142.4366, 150, 100, 0
L -731.7798, 582.2054, -142.4366, -738.8057, 574.3699, -138.2155, 150, 100, 0
L -738.8057, 574.3699, -138.2155, -739.9905, 566.3083, -134.6869, 150, 100, 0
L -739.9905, 566.3083, -134.6869, -751.8541, 557.1901, -129.2779, 150, 100, 0
L -751.8541, 557.1901, -129.2779, -766.5642, 555.1095, -125.9700, 150, 100, 0
L -766.5642, 555.1095, -125.9700, -817.4769, 558.7578, -111.3447, 150, 100, 0
L -817.4769, 558.7578, -111.3447, -823.8375, 563.5939, -111.3936, 150, 100, 0
L -823.8375, 563.5939, -111.3936, -837.0108, 562.1688, -111.0577, 150, 100, 0
L -837.0108, 562.1688, -111.0577, -841.5850, 555.8381, -111.0947, 150, 100, 0
L -841.5850, 555.8381, -111.0947, -847.3173, 541.4869, -111.3228, 150, 100, 0
L -847.3173, 541.4869, -111.3228, -861.0981, 523.6995, -111.1911, 150, 100, 0
L -861.0981, 523.6995, -111.1911, -890.7208, 505.3638, -111.2802, 150, 100, 0
L -890.7208, 505.3638, -111.2802, -898.9448, 499.9137, -111.2802, 150, 100, 0
L -898.9448, 499.9137, -111.2802, -898.5107, 486.5648, -111.1674, 150, 100, 0
L -898.5107, 486.5648, -111.1674, -894.7393, 481.5895, -110.9455, 150, 100, 0
L -894.7393, 481.5895, -110.9455, -894.5096, 471.5283, -110.6831, 150, 100, 0
L -894.5096, 471.5283, -110.6831, -893.7863, 459.3454, -110.3571, 150, 100, 0
L -893.7863, 459.3454, -110.3571, -894.6572, 448.5437, -110.1937, 150, 100, 0
L -894.6572, 448.5437, -110.1937, -892.7623, 437.1224, -109.9499, 150, 100, 0
L -892.7623, 437.1224, -109.9499, -889.4853, 433.9289, -109.8125, 150, 100, 0
L -889.4853, 433.9289, -109.8125, -891.2476, 415.2778, -108.9326, 150, 100, 0
L -891.2476, 415.2778, -108.9326, -901.0378, 407.0701, -109.0959, 150, 100, 0
L -901.0378, 407.0701, -109.0959, -912.3632, 403.1308, -109.5966, 150, 100, 0
L -912.3632, 403.1308, -109.5966, -929.2756, 392.0005, -109.9799, 150, 100, 0
L -929.2756, 392.0005, -109.9799, -937.8755, 385.1811, -110.2549, 150, 100, 0
L -937.8755, 385.1811, -110.2549, -937.7717, 363.7484, -104.6929, 150, 100, 0
L -937.7717, 363.7484, -104.6929, -941.8510, 361.0967, -105.1264, 150, 100, 0
L -941.8510, 361.0967, -105.1264, -943.8955, 359.7687, -105.3427, 150, 100, 0
L -943.8955, 359.7687, -105.3427, -944.9200, 348.7827, -102.7304, 150, 100, 0
L -944.9200, 348.7827, -102.7304, -961.8242, 350.9315, -107.9920, 150, 100, 0
L -961.8242, 350.9315, -107.9920, -969.9485, 351.7023, -110.4517, 150, 100, 0
L -969.9485, 351.7023, -110.4517, -982.9366, 344.7610, -111.0190, 150, 100, 0
L -982.9366, 344.7610, -111.0190, -995.8423, 324.9671, -110.5905, 150, 100, 0
L -995.8423, 324.9671, -110.5905, -1013.8554, 310.5579, -111.2802, 150, 100, 0
L -1013.8554, 310.5579, -111.2802, -1032.6147, 301.0997, -111.2802, 150, 100, 0
L -1032.6147, 301.0997, -111.2802, -1034.1871, 282.7548, -111.2584, 150, 100, 0
L -1034.1871, 282.7548, -111.2584, -1030.3022, 277.8990, -111.2302, 150, 100, 0
L -1030.3022, 277.8990, -111.2302, -1030.2999, 271.4696, -111.2093, 150, 100, 0
L -1030.2999, 271.4696, -111.2093, -1029.8370, 236.9413, -110.9813, 150, 100, 0
L -1029.8370, 236.9413, -110.9813, -1024.0250, 230.8349, -110.8873, 150, 100, 0
L -1024.0250, 230.8349, -110.8873, -1024.5049, 217.3127, -110.5518, 150, 100, 0
L -1024.5049, 217.3127, -110.5518, -1035.2683, 205.8645, -110.4718, 150, 100, 0
L -1035.2683, 205.8645, -110.4718, -1046.5367, 202.4476, -110.6066, 150, 100, 0
L -1046.5367, 202.4476, -110.6066, -1066.2356, 189.3703, -110.5989, 150, 100, 0
L -1066.2356, 189.3703, -110.5989, -1074.4640, 179.1099, -110.4138, 150, 100, 0
L -1074.4640, 179.1099, -110.4138, -1074.3845, 161.6010, -108.5296, 150, 100, 0
L -1074.3845, 161.6010, -108.5296, -1079.6287, 158.3709, -108.7846, 150, 100, 0
L -1079.6287, 158.3709, -108.7846, -1081.3655, 148.3180, -107.9070, 150, 100, 0
L -1081.3655, 148.3180, -107.9070, -1086.0703, 146.1372, -108.2109, 150, 100, 0
L -1086.0703, 146.1372, -108.2109, -1099.2205, 148.9128, -110.0164, 150, 100, 0
L -1099.2205, 148.9128, -110.0164, -1105.2987, 149.0124, -110.7234, 150, 100, 0
L -1105.2987, 149.0124, -110.7234, -1116.0538, 145.9739, -111.1177, 150, 100, 0
L -1116.0538, 145.9739, -111.1177, -1140.9037, 114.4465, -111.2731, 150, 100, 0
L -1140.9037, 114.4465, -111.2731, -1142.7679, 95.4451, -111.2159, 150, 100, 0
L -1142.7679, 95.4451, -111.2159, -1148.0275, 91.9296, -111.2215, 150, 100, 0
L -1148.0275, 91.9296, -111.2215, -1150.3993, 79.6644, -111.1884, 150, 100, 0
L -1150.3993, 79.6644, -111.1884, -1167.5699, 82.4091, -111.2541, 150, 100, 0
L -1167.5699, 82.4091, -111.2541, -1185.1060, 78.5300, -111.4438, 150, 100, 0
L -1185.1060, 78.5300, -111.4438, -1198.4684, 55.8546, -111.2673, 150, 100, 0
L -1198.4684, 55.8546, -111.2673, -1210.3201, 44.8438, -111.0990, 150, 100, 0
L -1210.3201, 44.8438, -111.0990, -1210.6949, 29.1945, -110.2265, 150, 100, 0
L -1210.6949, 29.1945, -110.2265, -1215.3499, 24.1581, -110.1999, 150, 100, 0
L -1215.3499, 24.1581, -110.1999, -1216.8656, 13.4458, -109.6618, 150, 100, 0
L -1216.8656, 13.4458, -109.6618, -1221.5750, 12.0204, -109.8485, 150, 100, 0
L -1221.5750, 12.0204, -109.8485, -1233.6437, 13.5040, -110.6265, 150, 100, 0
L -1233.6437, 13.5040, -110.6265, -1239.0300, 14.1634, -110.9686, 150, 100, 0
L -1239.0300, 14.1634, -110.9686, -1246.0646, 11.8412, -111.2331, 150, 100, 0
L -1246.0646, 11.8412, -111.2331, -1253.0847, 10.9198, -111.2802, 150, 100, 0
L -1253.0847, 10.9198, -111.2802, -1275.7274, -22.3438, -111.2802, 150, 100, 0
L -1275.7274, -22.3438, -111.2802, -1278.4955, -37.2505, -111.2802, 150, 100, 0
L -1278.4955, -37.2505, -111.2802, -1283.3240, -42.5300, -111.2802, 150, 100, 0
L -1283.3240, -42.5300, -111.2802, -1286.9158, -53.3741, -111.2802, 150, 100, 0
L -1286.9158, -53.3741, -111.2802, -1303.4186, -54.2607, -111.2802, 150, 100, 0
L -1303.4186, -54.2607, -111.2802, -1308.7947, -53.6689, -111.2802, 150, 100, 0
L -1308.7947, -53.6689, -111.2802, -1320.2164, -55.5178, -111.2802, 150, 100, 0
L -1320.2164, -55.5178, -111.2802, -1346.2487, -88.7612, -111.1280, 150, 100, 0
L -1346.2487, -88.7612, -111.1280, -1347.8546, -107.5406, -110.0440, 150, 100, 0
L -1347.8546, -107.5406, -110.0440, -1352.1921, -112.5744, -109.9970, 150, 100, 0
L -1352.1921, -112.5744, -109.9970, -1354.3478, -121.6832, -109.5570, 150, 100, 0
L -1354.3478, -121.6832, -109.5570, -1358.2185, -124.0186, -109.6510, 150, 100, 0
L -1358.2185, -124.0186, -109.6510, -1370.6062, -120.4283, -110.6495, 150, 100, 0
L -1370.6062, -120.4283, -110.6495, -1388.7108, -124.4678, -111.2802, 150, 100, 0
L -1388.7108, -124.4678, -111.2802, -1414.8624, -157.2454, -111.2802, 150, 100, 0
L -1414.8624, -157.2454, -111.2802, -1414.2894, -172.0764, -111.2802, 150, 100, 0
L -1414.2894, -172.0764, -111.2802, -1418.8623, -177.3301, -111.2802, 150, 100, 0
L -1418.8623, -177.3301, -111.2802, -1421.1185, -186.3685, -111.2802, 150, 100, 0
L -1421.1185, -186.3685, -111.2802, -1426.0336, -189.9196, -111.2802, 150, 100, 0
L -1426.0336, -189.9196, -111.2802, -1445.6780, -188.2896, -111.2802, 150, 100, 0
L -1445.6780, -188.2896, -111.2802, -1453.1746, -190.8652, -111.2802, 150, 100, 0
L -1453.1746, -190.8652, -111.2802, -1458.5950, -190.8051, -111.2802, 150, 100, 0
L -1458.5950, -190.8051, -111.2802, -1471.6031, -213.9027, -111.2802, 150, 100, 0
L -1471.6031, -213.9027, -111.2802, -1477.9720, -220.5349, -111.2802, 150, 100, 0
L -1477.9720, -220.5349, -111.2802, -1479.9943, -222.0327, -111.2802, 150, 100, 0
L -1479.9943, -222.0327, -111.2802, -1482.7997, -222.3020, -111.2802, 150, 100, 0
L -1482.7997, -222.3020, -111.2802, -1481.8419, -240.6744, -111.2802, 150, 100, 0
L -1481.8419, -240.6744, -111.2802, -1483.3905, -242.3456, -111.2802, 150, 100, 0
L -1483.3905, -242.3456, -111.2802, -1487.5869, -244.4565, -111.2802, 150, 100, 0
L -1487.5869, -244.4565, -111.2802, -1489.9625, -254.9758, -111.2802, 150, 100, 0
L -1489.9625, -254.9758, -111.2802, -1495.3945, -256.9908, -111.2802, 150, 100, 0
L -1495.3945, -256.9908, -111.2802, -1498.6949, -258.2137, -111.2802, 150, 100, 0
L -1498.6949, -258.2137, -111.2802, -1507.4490, -255.7962, -111.2802, 150, 100, 0
L -1507.4490, -255.7962, -111.2802, -1512.4059, -255.3146, -111.2802, 150, 100, 0
L -1512.4059, -255.3146, -111.2802, -1517.6045, -257.6595, -111.2802, 150, 100, 0
L -1517.6045, -257.6595, -111.2802, -1526.1705, -260.1405, -111.2802, 150, 100, 0
L -1526.1705, -260.1405, -111.2802, -1550.5629, -291.3262, -111.2802, 150, 100, 0
L -1550.5629, -291.3262, -111.2802, -1550.8237, -308.8734, -111.2802, 150, 100, 0
L -1550.8237, -308.8734, -111.2802, -1556.3408, -312.1785, -111.2802, 150, 100, 0
L -1556.3408, -312.1785, -111.2802, -1557.9396, -323.6054, -111.2802, 150, 100, 0
L -1557.9396, -323.6054, -111.2802, -1564.8234, -326.0899, -111.2802, 150, 100, 0
L -1564.8234, -326.0899, -111.2802, -1574.9414, -323.0209, -111.2802, 150, 100, 0
L -1574.9414, -323.0209, -111.2802, -1580.6393, -323.0841, -111.2802, 150, 100, 0
L -1580.6393, -323.0841, -111.2802, -1585.4923, -325.5252, -111.2802, 150, 100, 0
L -1585.4923, -325.5252, -111.2802, -1591.8136, -325.9859, -111.2802, 150, 100, 0
L -1591.8136, -325.9859, -111.2802, -1594.3308, -326.1664, -111.2802, 150, 100, 0
L -1594.3308, -326.1664, -111.2802, -1619.1935, -359.1529, -111.6240, 150, 100, 0
L -1619.1935, -359.1529, -111.6240, -1619.5526, -373.4499, -113.2407, 150, 100, 0
L -1619.5526, -373.4499, -113.2407, -1624.0348, -379.7874, -113.4621, 150, 100, 0
L -1624.0348, -379.7874, -113.4621, -1626.7152, -389.9646, -114.3335, 150, 100, 0
L -1626.7152, -389.9646, -114.3335, -1639.9241, -392.1361, -113.0735, 150, 100, 0
L -1639.9241, -392.1361, -113.0735, -1649.3990, -389.3605, -111.6660, 150, 100, 0
L -1649.3990, -389.3605, -111.6660, -1652.9661, -392.5942, -111.6323, 150, 100, 0
L -1652.9661, -392.5942, -111.6323, -1657.0551, -393.0141, -111.2802, 150, 100, 0
L -1657.0551, -393.0141, -111.2802, -1666.6292, -401.3122, -111.2802, 150, 100, 0
L -1666.6292, -401.3122, -111.2802, -1673.7068, -411.9116, -111.4959, 150, 100, 0
L -1673.7068, -411.9116, -111.4959, -1687.2739, -428.1539, -111.6896, 150, 100, 0
L -1687.2739, -428.1539, -111.6896, -1687.3489, -441.9423, -112.8849, 150, 100, 0
L -1687.3489, -441.9423, -112.8849, -1692.7537, -449.6273, -113.0889, 150, 100, 0
L -1692.7537, -449.6273, -113.0889, -1694.9799, -457.4529, -113.5791, 150, 100, 0
L -1694.9799, -457.4529, -113.5791, -1699.9910, -459.9737, -113.3670, 150, 100, 0
L -1699.9910, -459.9737, -113.3670, -1718.0502, -457.0326, -111.5543, 150, 100, 0
L -1718.0502, -457.0326, -111.5543, -1724.1444, -461.0262, -111.3771, 150, 100, 0
L -1724.1444, -461.0262, -111.3771, -1730.6272, -463.4734, -111.2802, 150, 100, 0
L -1730.6272, -463.4734, -111.2802, -1747.4541, -486.5872, -111.4221, 150, 100, 0
L -1747.4541, -486.5872, -111.4221, -1755.4058, -492.3107, -111.3165, 150, 100, 0
L -1755.4058, -492.3107, -111.3165, -1755.2339, -509.3484, -111.7286, 150, 100, 0
L -1755.2339, -509.3484, -111.7286, -1760.1324, -514.0359, -111.7253, 150, 100, 0
L -1760.1324, -514.0359, -111.7253, -1763.5405, -525.3508, -111.9158, 150, 100, 0
L -1763.5405, -525.3508, -111.9158, -1787.7362, -524.6312, -111.3252, 150, 100, 0
L -1787.7362, -524.6312, -111.3252, -1796.6917, -527.9318, -111.2802, 150, 100, 0
L -1796.6917, -527.9318, -111.2802, -1799.8274, -531.2261, -111.2802, 150, 100, 0
L -1799.8274, -531.2261, -111.2802, -1806.3572, -541.2707, -111.2827, 150, 100, 0
L -1806.3572, -541.2707, -111.2827, -1811.5649, -549.0309, -111.3453, 150, 100, 0
L -1811.5649, -549.0309, -111.3453, -1823.1621, -559.7585, -111.2802, 150, 100, 0
L -1823.1621, -559.7585, -111.2802, -1823.5217, -578.1221, -111.2802, 150, 100, 0
L -1823.5217, -578.1221, -111.2802, -1829.1216, -583.1026, -111.2802, 150, 100, 0
L -1829.1216, -583.1026, -111.2802, -1831.4810, -592.7747, -111.2802, 150, 100, 0
L -1831.4810, -592.7747, -111.2802, -1841.4260, -596.7042, -111.2802, 150, 100, 0
L -1841.4260, -596.7042, -111.2802, -1848.4060, -593.1904, -111.2802, 150, 100, 0
L -1848.4060, -593.1904, -111.2802, -1853.3041, -592.4081, -111.2802, 150, 100, 0
L -1853.3041, -592.4081, -111.2802, -1859.9047, -595.3340, -111.2802, 150, 100, 0
L -1859.9047, -595.3340, -111.2802, -1865.4303, -595.0016, -111.2802, 150, 100, 0
L -1865.4303, -595.0016, -111.2802, -1868.6300, -598.5363, -111.2802, 150, 100, 0
L -1868.6300, -598.5363, -111.2802, -1878.7750, -616.3801, -111.2802, 150, 100, 0
L -1878.7750, -616.3801, -111.2802, -1904.1395, -635.5712, -111.2160, 150, 100, 0
L -1904.1395, -635.5712, -111.2160, -1916.6691, -641.1414, -111.0200, 150, 100, 0
L -1916.6691, -641.1414, -111.0200, -1921.0930, -652.2067, -111.2118, 150, 100, 0
L -1921.0930, -652.2067, -111.2118, -1920.2090, -657.8490, -111.2802, 150, 100, 0
L -1920.2090, -657.8490, -111.2802, -1916.4669, -663.7545, -111.2802, 150, 100, 0
L -1916.4669, -663.7545, -111.2802, -1915.1818, -676.2857, -111.2802, 150, 100, 0
L -1915.1818, -676.2857, -111.2802, -1916.5541, -690.3173, -111.2802, 150, 100, 0
L -1916.5541, -690.3173, -111.2802, -1921.4707, -707.4151, -111.2802, 150, 100, 0
L -1921.4707, -707.4151, -111.2802, -1928.0043, -722.6868, -111.2802, 150, 100, 0
L -1928.0043, -722.6868, -111.2802, -1934.9807, -724.6143, -111.2802, 150, 100, 0
L -1934.9807, -724.6143, -111.2802, -1953.1237, -724.1738, -111.2826, 150, 100, 0
L -1953.1237, -724.1738, -111.2826, -1963.3046, -723.9301, -111.3853, 150, 100, 0
L -1963.3046, -723.9301, -111.3853, -1967.7720, -726.3861, -111.4303, 150, 100, 0
L -1967.7720, -726.3861, -111.4303, -1973.8674, -726.6064, -111.4918, 150, 100, 0
L -1973.8674, -726.6064, -111.4918, -1977.6207, -730.6479, -111.5292, 150, 100, 0
L -1977.6207, -730.6479, -111.5292, -1980.3268, -730.3829, -111.5570, 150, 100, 0
L -1980.3268, -730.3829, -111.5570, -1983.0454, -715.7593, -111.5842, 150, 100, 0
L -1983.0454, -715.7593, -111.5842, -1980.3746, -714.5208, -111.5575, 150, 100, 0
L -1980.3746, -714.5208, -111.5575, -1974.5055, -715.9108, -111.4983, 150, 100, 0
L -1974.5055, -715.9108, -111.4983, -1970.7740, -716.7874, -111.4607, 150, 100, 0
L -1970.7740, -716.7874, -111.4607, -1965.2216, -715.9741, -111.4047, 150, 100, 0
L -1965.2216, -715.9741, -111.4047, -1962.9937, -717.1945, -111.3823, 150, 100, 0
L -1962.9937, -717.1945, -111.3823, -1953.8003, -717.8652, -111.2896, 150, 100, 0
L -1953.8003, -717.8652, -111.2896, -1932.3092, -717.0785, -111.2802, 150, 100, 0
L -1932.3092, -717.0785, -111.2802, -1929.3754, -713.2197, -111.2802, 150, 100, 0
L -1929.3754, -713.2197, -111.2802, -1929.3754, -713.2197, -111.2802, 150, 100, 0
L -1929.3754, -713.2197, -111.2802, -1927.0276, -705.1833, -111.2802, 150, 100, 0
L -1927.0276, -705.1833, -111.2802, -1923.5671, -690.9519, -111.2802, 150, 100, 0
L -1923.5671, -690.9519, -111.2802, -1923.1868, -673.6023, -111.2802, 150, 100, 0
L -1923.1868, -673.6023, -111.2802, -1924.3458, -663.1957, -111.2802, 150, 100, 0
L -1924.3458, -663.1957, -111.2802, -1925.0087, -644.8773, -110.8903, 150, 100, 0
L -1925.0087, -644.8773, -110.8903, -1915.8491, -634.0767, -110.8402, 150, 100, 0
L -1915.8491, -634.0767, -110.8402, -1905.0121, -630.1519, -111.0354, 150, 100, 0
L -1905.0121, -630.1519, -111.0354, -1886.8557, -617.3718, -111.2194, 150, 100, 0
L -1886.8557, -617.3718, -111.2194, -1875.6462, -602.4751, -111.2802, 150, 100, 0
L -1875.6462, -602.4751, -111.2802, -1868.6942, -590.2497, -111.2802, 150, 100, 0
L -1868.6942, -590.2497, -111.2802, -1856.2756, -585.5903, -111.2802, 150, 100, 0
L -1856.2756, -585.5903, -111.2802, -1845.4459, -588.3338, -111.2802, 150, 100, 0
L -1845.4459, -588.3338, -111.2802, -1836.7092, -588.0187, -111.2802, 150, 100, 0
L -1836.7092, -588.0187, -111.2802, -1834.7816, -582.1756, -111.2802, 150, 100, 0
L -1834.7816, -582.1756, -111.2802, -1833.4438, -579.9413, -111.2802, 150, 100, 0
L -1833.4438, -579.9413, -111.2802, -1828.9098, -578.0024, -111.2802, 150, 100, 0
L -1828.9098, -578.0024, -111.2802, -1828.2075, -573.2343, -111.2802, 150, 100, 0
L -1828.2075, -573.2343, -111.2802, -1827.8949, -558.2435, -111.2802, 150, 100, 0
L -1827.8949, -558.2435, -111.2802, -1824.1033, -553.7787, -111.2802, 150, 100, 0
L -1824.1033, -553.7787, -111.2802, -1808.6788, -536.7828, -111.2802, 150, 100, 0
L -1808.6788, -536.7828, -111.2802, -1805.0979, -530.0821, -111.2802, 150, 100, 0
L -1805.0979, -530.0821, -111.2802, -1803.8954, -527.0663, -111.2802, 150, 100, 0
L -1803.8954, -527.0663, -111.2802, -1802.9368, -524.6600, -111.2802, 150, 100, 0
L -1802.9368, -524.6600, -111.2802, -1798.6648, -521.8085, -111.2802, 150, 100, 0
L -1798.6648, -521.8085, -111.2802, -1791.7678, -520.0024, -111.2802, 150, 100, 0
L -1791.7678, -520.0024, -111.2802, -1788.4839, -517.8688, -111.2802, 150, 100, 0
L -1788.4839, -517.8688, -111.2802, -1782.5734, -518.1546, -111.2916, 150, 100, 0
L -1782.5734, -518.1546, -111.2916, -1778.8470, -520.2353, -111.4305, 150, 100, 0
L -1778.8470, -520.2353, -111.4305, -1770.0209, -520.7690, -111.6524, 150, 100, 0
L -1770.0209, -520.7690, -111.6524, -1766.8364, -513.5887, -111.5557, 150, 100, 0
L -1766.8364, -513.5887, -111.5557, -1761.7224, -510.1882, -111.5954, 150, 100, 0
L -1761.7224, -510.1882, -111.5954, -1760.3440, -507.6067, -111.5662, 150, 100, 0
L -1760.3440, -507.6067, -111.5662, -1761.1396, -496.7995, -111.2883, 150, 100, 0
L -1761.1396, -496.7995, -111.2883, -1760.0701, -491.3315, -111.2802, 150, 100, 0
L -1760.0701, -491.3315, -111.2802, -1746.2742, -477.8828, -111.2802, 150, 100, 0
L -1746.2742, -477.8828, -111.2802, -1736.4865, -462.3757, -111.2802, 150, 100, 0
L -1736.4865, -462.3757, -111.2802, -1736.6624, -458.6531, -111.2802, 150, 100, 0
L -1736.6624, -458.6531, -111.2802, -1730.9222, -454.7931, -111.2802, 150, 100, 0
L -1730.9222, -454.7931, -111.2802, -1724.8617, -453.6744, -111.2802, 150, 100, 0
L -1724.8617, -453.6744, -111.2802, -1716.1694, -451.0152, -111.2802, 150, 100, 0
L -1716.1694, -451.0152, -111.2802, -1710.9292, -453.4875, -111.8590, 150, 100, 0
L -1710.9292, -453.4875, -111.8590, -1701.4056, -453.8239, -112.7090, 150, 100, 0
L -1701.4056, -453.8239, -112.7090, -1694.7488, -443.7092, -112.4011, 150, 100, 0
L -1694.7488, -443.7092, -112.4011, -1692.5750, -442.9948, -112.5262, 150, 100, 0
L -1692.5750, -442.9948, -112.5262, -1692.2177, -438.0914, -112.1296, 150, 100, 0
L -1692.2177, -438.0914, -112.1296, -1692.4410, -425.1299, -111.2802, 150, 100, 0
L -1692.4410, -425.1299, -111.2802, -1688.1769, -420.0598, -111.2802, 150, 100, 0
L -1688.1769, -420.0598, -111.2802, -1676.5400, -408.6867, -111.2802, 150, 100, 0
L -1676.5400, -408.6867, -111.2802, -1668.8630, -395.1433, -111.2802, 150, 100, 0
L -1668.8630, -395.1433, -111.2802, -1668.9396, -391.6643, -111.2802, 150, 100, 0
L -1668.9396, -391.6643, -111.2802, -1667.8317, -388.5603, -111.2802, 150, 100, 0
L -1667.8317, -388.5603, -111.2802, -1657.3606, -385.8067, -111.2802, 150, 100, 0
L -1657.3606, -385.8067, -111.2802, -1647.2335, -383.7856, -111.2802, 150, 100, 0
L -1647.2335, -383.7856, -111.2802, -1644.1743, -385.4177, -111.8075, 150, 100, 0
L -1644.1743, -385.4177, -111.8075, -1633.0236, -386.6173, -113.2242, 150, 100, 0
L -1633.0236, -386.6173, -113.2242, -1628.6821, -378.4911, -112.7793, 150, 100, 0
L -1628.6821, -378.4911, -112.7793, -1623.9061, -375.1309, -112.9369, 150, 100, 0
L -1623.9061, -375.1309, -112.9369, -1623.6180, -373.5467, -112.7862, 150, 100, 0
L -1623.6180, -373.5467, -112.7862, -1624.5743, -363.1060, -111.4660, 150, 100, 0
L -1624.5743, -363.1060, -111.4660, -1622.7557, -354.9926, -111.2802, 150, 100, 0
L -1622.7557, -354.9926, -111.2802, -1608.9137, -341.5414, -111.2802, 150, 100, 0
L -1608.9137, -341.5414, -111.2802, -1602.1324, -331.3923, -111.2802, 150, 100, 0
L -1602.1324, -331.3923, -111.2802, -1600.8563, -328.6850, -111.2802, 150, 100, 0
L -1600.8563, -328.6850, -111.2802, -1599.6423, -323.5539, -111.2802, 150, 100, 0
L -1599.6423, -323.5539, -111.2802, -1595.2849, -320.0673, -111.2802, 150, 100, 0
L -1595.2849, -320.0673, -111.2802, -1588.9158, -319.2270, -111.2802, 150, 100, 0
L -1588.9158, -319.2270, -111.2802, -1581.5712, -315.7473, -111.2802, 150, 100, 0
L -1581.5712, -315.7473, -111.2802, -1579.3226, -316.1300, -111.2802, 150, 100, 0
L -1579.3226, -316.1300, -111.2802, -1573.5991, -318.4542, -111.2802, 150, 100, 0
L -1573.5991, -318.4542, -111.2802, -1569.0332, -319.6509, -111.2802, 150, 100, 0
L -1569.0332, -319.6509, -111.2802, -1564.6399, -318.6178, -111.2802, 150, 100, 0
L -1564.6399, -318.6178, -111.2802, -1561.2727, -313.2990, -111.2802, 150, 100, 0
L -1561.2727, -313.2990, -111.2802, -1555.7576, -307.7860, -111.2802, 150, 100, 0
L -1555.7576, -307.7860, -111.2802, -1555.8428, -288.6632, -111.2802, 150, 100, 0
L -1555.8428, -288.6632, -111.2802, -1541.7439, -276.0792, -111.2802, 150, 100, 0
L -1541.7439, -276.0792, -111.2802, -1533.4015, -262.2700, -111.2802, 150, 100, 0
L -1533.4015, -262.2700, -111.2802, -1533.4907, -258.2679, -111.2802, 150, 100, 0
L -1533.4907, -258.2679, -111.2802, -1532.1473, -255.8230, -111.2802, 150, 100, 0
L -1532.1473, -255.8230, -111.2802, -1528.5708, -253.4953, -111.2802, 150, 100, 0
L -1528.5708, -253.4953, -111.2802, -1520.5369, -251.4121, -111.2802, 150, 100, 0
L -1520.5369, -251.4121, -111.2802, -1516.5463, -248.5285, -111.2802, 150, 100, 0
L -1516.5463, -248.5285, -111.2802, -1511.4174, -248.5037, -111.2802, 150, 100, 0
L -1511.4174, -248.5037, -111.2802, -1505.8265, -251.4701, -111.2802, 150, 100, 0
L -1505.8265, -251.4701, -111.2802, -1497.0675, -251.7818, -111.2802, 150, 100, 0
L -1497.0675, -251.7818, -111.2802, -1492.8661, -243.6557, -111.2802, 150, 100, 0
L -1492.8661, -243.6557, -111.2802, -1487.8146, -240.6994, -111.2802, 150, 100, 0
L -1487.8146, -240.6994, -111.2802, -1487.6931, -222.5011, -111.2802, 150, 100, 0
L -1487.6931, -222.5011, -111.2802, -1483.0797, -217.2819, -111.2802, 150, 100, 0
L -1483.0797, -217.2819, -111.2802, -1481.3198, -215.2891, -111.2802, 150, 100, 0
L -1481.3198, -215.2891, -111.2802, -1473.3718, -208.6064, -111.2802, 150, 100, 0
L -1473.3718, -208.6064, -111.2802, -1464.4335, -193.2219, -111.2802, 150, 100, 0
L -1464.4335, -193.2219, -111.2802, -1462.6229, -187.4942, -111.2802, 150, 100, 0
L -1462.6229, -187.4942, -111.2802, -1452.7659, -183.7496, -111.2802, 150, 100, 0
L -1452.7659, -183.7496, -111.2802, -1436.1451, -183.9155, -111.2802, 150, 100, 0
L -1436.1451, -183.9155, -111.2802, -1429.7288, -183.5288, -111.2802, 150, 100, 0
L -1429.7288, -183.5288, -111.2802, -1423.7036, -177.3008, -111.2802, 150, 100, 0
L -1423.7036, -177.3008, -111.2802, -1418.3600, -172.2180, -111.2802, 150, 100, 0
L -1418.3600, -172.2180, -111.2802, -1419.3785, -158.3151, -111.2802, 150, 100, 0
L -1419.3785, -158.3151, -111.2802, -1419.5898, -155.3730, -111.2802, 150, 100, 0
L -1419.5898, -155.3730, -111.2802, -1414.4084, -149.6085, -111.2802, 150, 100, 0
L -1414.4084, -149.6085, -111.2802, -1398.8639, -132.0318, -111.2802, 150, 100, 0
L -1398.8639, -132.0318, -111.2802, -1397.1729, -128.8657, -111.2802, 150, 100, 0
L -1397.1729, -128.8657, -111.2802, -1396.5338, -124.1290, -111.2802, 150, 100, 0
L -1396.5338, -124.1290, -111.2802, -1396.1477, -121.2512, -111.2802, 150, 100, 0
L -1396.1477, -121.2512, -111.2802, -1386.3763, -117.5872, -111.2802, 150, 100, 0
L -1386.3763, -117.5872, -111.2802, -1384.1630, -117.1515, -111.2802, 150, 100, 0
L -1384.1630, -117.1515, -111.2802, -1377.9447, -113.1072, -111.2802, 150, 100, 0
L -1377.9447, -113.1072, -111.2802, -1373.2811, -113.7201, -111.2392, 150, 100, 0
L -1373.2811, -113.7201, -111.2392, -1365.6238, -117.2168, -110.5415, 150, 100, 0
L -1365.6238, -117.2168, -110.5415, -1360.8712, -117.0007, -110.2589, 150, 100, 0
L -1360.8712, -117.0007, -110.2589, -1354.7637, -106.1751, -110.5607, 150, 100, 0
L -1354.7637, -106.1751, -110.5607, -1351.2949, -105.7526, -110.3712, 150, 100, 0
L -1351.2949, -105.7526, -110.3712, -1351.1930, -102.7977, -110.5511, 150, 100, 0
L -1351.1930, -102.7977, -110.5511, -1350.5725, -85.8307, -111.2802, 150, 100, 0
L -1350.5725, -85.8307, -111.2802, -1335.1503, -70.5103, -111.2802, 150, 100, 0
L -1335.1503, -70.5103, -111.2802, -1328.0905, -58.0670, -111.2802, 150, 100, 0
L -1328.0905, -58.0670, -111.2802, -1327.4738, -54.7422, -111.2802, 150, 100, 0
L -1327.4738, -54.7422, -111.2802, -1323.1128, -51.4952, -111.2802, 150, 100, 0
L -1323.1128, -51.4952, -111.2802, -1313.8959, -48.4493, -111.2802, 150, 100, 0
L -1313.8959, -48.4493, -111.2802, -1310.0825, -45.9500, -111.2802, 150, 100, 0
L -1310.0825, -45.9500, -111.2802, -1299.2285, -49.6632, -111.2802, 150, 100, 0
L -1299.2285, -49.6632, -111.2802, -1295.6843, -50.3655, -111.2802, 150, 100, 0
L -1295.6843, -50.3655, -111.2802, -1291.5461, -49.4803, -111.2802, 150, 100, 0
L -1291.5461, -49.4803, -111.2802, -1288.7920, -41.7671, -111.2802, 150, 100, 0
L -1288.7920, -41.7671, -111.2802, -1282.6932, -38.1155, -111.2802, 150, 100, 0
L -1282.6932, -38.1155, -111.2802, -1283.8759, -19.9169, -111.2802, 150, 100, 0
L -1283.8759, -19.9169, -111.2802, -1272.7942, -9.4291, -111.2802, 150, 100, 0
L -1272.7942, -9.4291, -111.2802, -1269.0435, -6.0340, -111.2802, 150, 100, 0
L -1269.0435, -6.0340, -111.2802, -1267.5610, -4.6910, -111.2802, 150, 100, 0
L -1267.5610, -4.6910, -111.2802, -1262.2808, 3.1022, -111.2802, 150, 100, 0
L -1262.2808, 3.1022, -111.2802, -1257.4310, 14.8046, -111.2802, 150, 100, 0
L -1257.4310, 14.8046, -111.2802, -1254.8591, 15.7087, -111.2802, 150, 100, 0
L -1254.8591, 15.7087, -111.2802, -1247.4805, 18.2465, -111.2802, 150, 100, 0
L -1247.4805, 18.2465, -111.2802, -1240.2468, 21.0693, -111.2802, 150, 100, 0
L -1240.2468, 21.0693, -111.2802, -1223.7305, 17.5985, -110.2975, 150, 100, 0
L -1223.7305, 17.5985, -110.2975, -1219.9015, 26.5262, -110.5937, 150, 100, 0
L -1219.9015, 26.5262, -110.5937, -1216.3662, 27.6656, -110.4596, 150, 100, 0
L -1216.3662, 27.6656, -110.4596, -1214.6541, 30.7787, -110.5408, 150, 100, 0
L -1214.6541, 30.7787, -110.5408, -1215.7899, 44.9457, -111.2802, 150, 100, 0
L -1215.7899, 44.9457, -111.2802, -1213.0710, 49.3599, -111.2802, 150, 100, 0
L -1213.0710, 49.3599, -111.2802, -1199.7520, 63.2879, -111.4212, 150, 100, 0
L -1199.7520, 63.2879, -111.4212, -1190.2040, 81.0229, -111.6638, 150, 100, 0
L -1190.2040, 81.0229, -111.6638, -1186.1461, 84.1060, -111.6367, 150, 100, 0
L -1186.1461, 84.1060, -111.6367, -1181.0631, 84.6642, -111.5063, 150, 100, 0
L -1181.0631, 84.6642, -111.5063, -1173.9525, 88.4619, -111.4119, 150, 100, 0
L -1173.9525, 88.4619, -111.4119, -1167.8156, 87.3230, -111.2713, 150, 100, 0
L -1167.8156, 87.3230, -111.2713, -1159.4292, 84.4445, -111.2341, 150, 100, 0
L -1159.4292, 84.4445, -111.2341, -1156.8805, 85.3519, -111.2287, 150, 100, 0
L -1156.8805, 85.3519, -111.2287, -1154.7091, 87.9997, -111.2304, 150, 100, 0
L -1154.7091, 87.9997, -111.2304, -1152.9594, 92.8979, -111.2410, 150, 100, 0
L -1152.9594, 92.8979, -111.2410, -1146.7166, 96.4669, -111.2323, 150, 100, 0
L -1146.7166, 96.4669, -111.2323, -1146.9993, 114.8121, -111.4008, 150, 100, 0
L -1146.9993, 114.8121, -111.4008, -1144.8931, 117.5130, -111.4169, 150, 100, 0
L -1144.8931, 117.5130, -111.4169, -1132.8671, 128.9556, -111.2641, 150, 100, 0
L -1132.8671, 128.9556, -111.2641, -1129.4928, 135.4556, -111.2347, 150, 100, 0
L -1129.4928, 135.4556, -111.2347, -1124.8214, 141.7663, -111.1941, 150, 100, 0
L -1124.8214, 141.7663, -111.1941, -1122.4453, 148.9538, -111.1734, 150, 100, 0
L -1122.4453, 148.9538, -111.1734, -1110.2634, 153.6157, -111.0673, 150, 100, 0
L -1110.2634, 153.6157, -111.0673, -1105.6350, 156.3888, -111.0270, 150, 100, 0
L -1105.6350, 156.3888, -111.0270, -1088.3679, 154.7762, -109.4009, 150, 100, 0
L -1088.3679, 154.7762, -109.4009, -1083.4023, 161.1212, -109.5105, 150, 100, 0
L -1083.4023, 161.1212, -109.5105, -1077.7908, 164.1239, -109.1901, 150, 100, 0
L -1077.7908, 164.1239, -109.1901, -1079.2217, 183.5729, -110.7969, 150, 100, 0
L -1079.2217, 183.5729, -110.7969, -1071.0416, 190.4262, -110.7284, 150, 100, 0
L -1071.0416, 190.4262, -110.7284, -1058.0930, 199.9498, -110.7460, 150, 100, 0
L -1058.0930, 199.9498, -110.7460, -1052.5197, 204.4026, -110.7673, 150, 100, 0
L -1052.5197, 204.4026, -110.7673, -1035.7068, 211.8739, -110.6338, 150, 100, 0
L -1035.7068, 211.8739, -110.6338, -1031.3093, 217.2339, -110.6839, 150, 100, 0
L -1031.3093, 217.2339, -110.6839, -1030.0280, 230.3020, -110.9234, 150, 100, 0
L -1030.0280, 230.3020, -110.9234, -1032.9045, 233.9972, -110.9652, 150, 100, 0
L -1032.9045, 233.9972, -110.9652, -1033.7625, 248.9410, -111.0997, 150, 100, 0
L -1033.7625, 248.9410, -111.0997, -1035.8159, 279.5712, -111.2533, 150, 100, 0
L -1035.8159, 279.5712, -111.2533, -1037.9724, 282.5599, -111.2699, 150, 100, 0
L -1037.9724, 282.5599, -111.2699, -1038.6034, 300.3135, -111.2802, 150, 100, 0
L -1038.6034, 300.3135, -111.2802, -1029.0392, 309.6394, -111.2802, 150, 100, 0
L -1029.0392, 309.6394, -111.2802, -1019.2406, 312.0868, -111.2802, 150, 100, 0
L -1019.2406, 312.0868, -111.2802, -1001.4982, 325.5915, -111.2802, 150, 100, 0
L -1001.4982, 325.5915, -111.2802, -993.4485, 334.2001, -111.1972, 150, 100, 0
L -993.4485, 334.2001, -111.1972, -987.5447, 345.5757, -111.0971, 150, 100, 0
L -987.5447, 345.5757, -111.0971, -985.3735, 351.4425, -111.0603, 150, 100, 0
L -985.3735, 351.4425, -111.0603, -974.0381, 355.3409, -110.8681, 150, 100, 0
L -974.0381, 355.3409, -110.8681, -971.1847, 358.4773, -110.8197, 150, 100, 0
L -971.1847, 358.4773, -110.8197, -963.2126, 357.4621, -110.1003, 150, 100, 0
L -963.2126, 357.4621, -110.1003, -958.8060, 354.6743, -108.1411, 150, 100, 0
L -958.8060, 354.6743, -108.1411, -952.0524, 355.0730, -106.3706, 150, 100, 0
L -952.0524, 355.0730, -106.3706, -948.2557, 362.8997, -107.3808, 150, 100, 0
L -948.2557, 362.8997, -107.3808, -941.5833, 367.1157, -106.6398, 150, 100, 0
L -941.5833, 367.1157, -106.6398, -942.1514, 386.1728, -110.3274, 150, 100, 0
L -942.1514, 386.1728, -110.3274, -915.7123, 406.3184, -109.9889, 150, 100, 0
L -915.7123, 406.3184, -109.9889, -900.6795, 412.0703, -109.3537, 150, 100, 0
L -900.6795, 412.0703, -109.3537, -894.6371, 419.4548, -109.3830, 150, 100, 0
L -894.6371, 419.4548, -109.3830, -893.1021, 429.7869, -109.8322, 150, 100, 0
L -893.1021, 429.7869, -109.8322, -897.1855, 437.4583, -110.0672, 150, 100, 0
L -897.1855, 437.4583, -110.0672, -898.0405, 472.8119, -110.8048, 150, 100, 0
L -898.0405, 472.8119, -110.8048, -902.0302, 485.4229, -111.2270, 150, 100, 0
L -902.0302, 485.4229, -111.2270, -900.9766, 501.9022, -111.2802, 150, 100, 0
L -900.9766, 501.9022, -111.2802, -899.5073, 505.7232, -111.2802, 150, 100, 0
L -899.5073, 505.7232, -111.2802, -893.1184, 510.7576, -111.2802, 150, 100, 0
L -893.1184, 510.7576, -111.2802, -881.3831, 516.1275, -111.2802, 150, 100, 0
L -881.3831, 516.1275, -111.2802, -848.7521, 546.7340, -111.1293, 150, 100, 0
L -848.7521, 546.7340, -111.1293, -848.0977, 556.1384, -110.8795, 150, 100, 0
L -848.0977, 556.1384, -110.8795, -837.8506, 564.7141, -110.9578, 150, 100, 0
L -837.8506, 564.7141, -110.9578, -825.6240, 566.1199, -111.3045, 150, 100, 0
L -825.6240, 566.1199, -111.3045, -821.6526, 566.9496, -111.4073, 150, 100, 0
L -821.6526, 566.9496, -111.4073, -814.1073, 563.1511, -111.3622, 150, 100, 0
L -814.1073, 563.1511, -111.3622, -799.7136, 562.3455, -111.3098, 150, 100, 0
L -799.7136, 562.3455, -111.3098, -793.3557, 562.3455, -111.5162, 150, 100, 0
L -793.3557, 562.3455, -111.5162, -788.2374, 563.0344, -114.2909, 150, 100, 0
L -788.2374, 563.0344, -114.2909, -774.8767, 562.8811, -121.5214, 150, 100, 0
L -774.8767, 562.8811, -121.5214, -764.3936, 560.9186, -127.1826, 150, 100, 0
L -764.3936, 560.9186, -127.1826, -758.7240, 559.8665, -129.4707, 150, 100, 0
L -758.7240, 559.8665, -129.4707, -749.9240, 559.7922, -130.6254, 150, 100, 0
L -749.9240, 559.7922, -130.6254, -745.2795, 566.7406, -134.1517, 150, 100, 0
L -745.2795, 566.7406, -134.1517, -742.9311, 573.8503, -137.4367, 150, 100, 0
L -742.9311, 573.8503, -137.4367, -740.7066, 579.0652, -139.9082, 150, 100, 0
L -740.7066, 579.0652, -139.9082, -735.8838, 585.4194, -142.7725, 150, 100, 0
L -735.8838, 585.4194, -142.7725, -726.4174, 597.8607, -146.5586, 150, 100, 0
L -726.4174, 597.8607, -146.5586, -720.2001, 606.0334, -145.3845, 150, 100, 0
L -720.2001, 606.0334, -145.3845, -713.0195, 619.6024, -142.1430, 150, 100, 0
L -713.0195, 619.6024, -142.1430, -711.8431, 623.0331, -141.1231, 150, 100, 0
L -711.8431, 623.0331, -141.1231, -702.8536, 624.2902, -143.4415, 150, 100, 0
L -702.8536, 624.2902, -143.4415, -701.3771, 625.8345, -143.2829, 150, 100, 0
L -701.3771, 625.8345, -143.2829, -692.4830, 627.7712, -145.3031, 150, 100, 0
L -692.4830, 627.7712, -145.3031, -687.8372, 624.6762, -147.2044, 150, 100, 0
L -687.8372, 624.6762, -147.2044, -677.8312, 624.0640, -149.3899, 150, 100, 0
L -677.8312, 624.0640, -149.3899, -673.7151, 633.9609, -147.3472, 150, 100, 0
L -673.7151, 633.9609, -147.3472, -669.0118, 635.7698, -147.7653, 150, 100, 0
L -669.0118, 635.7698, -147.7653, -668.5155, 638.6707, -147.0243, 150, 100, 0
L -668.5155, 638.6707, -147.0243, -669.0421, 649.5288, -143.7731, 150, 100, 0
L -669.0421, 649.5288, -143.7731, -669.4798, 655.2991, -141.3844, 150, 100, 0
L -669.4798, 655.2991, -141.3844, -656.8264, 666.7509, -140.8147, 150, 100, 0
L -656.8264, 666.7509, -140.8147, -643.3460, 688.6243, -138.3483, 150, 100, 0
L -643.3460, 688.6243, -138.3483, -632.6069, 692.3257, -141.9505, 150, 100, 0
L -632.6069, 692.3257, -141.9505, -623.8060, 695.5958, -144.7998, 150, 100, 0
L -623.8060, 695.5958, -144.7998, -617.1578, 691.8683, -145.0331, 150, 100, 0
L -617.1578, 691.8683, -145.0331, -608.9553, 691.2177, -145.2076, 150, 100, 0
L -608.9553, 691.2177, -145.2076, -607.2422, 699.3240, -145.6525, 150, 100, 0
L -607.2422, 699.3240, -145.6525, -605.2700, 701.9204, -145.8310, 150, 100, 0
L -605.2700, 701.9204, -145.8310, -602.4230, 702.0530, -145.9098, 150, 100, 0
L -602.4230, 702.0530, -145.9098, -600.3792, 704.0959, -146.0626, 150, 100, 0
L -600.3792, 704.0959, -146.0626, -601.4229, 716.3046, -146.6420, 150, 100, 0
L -601.4229, 716.3046, -146.6420, -600.9908, 723.0127, -144.5278, 150, 100, 0
L -600.9908, 723.0127, -144.5278, -568.8859, 747.1331, -141.7654, 150, 100, 0
L -568.8859, 747.1331, -141.7654, -554.6720, 753.9586, -139.4314, 150, 100, 0
L -554.6720, 753.9586, -139.4314, -551.9321, 770.5848, -133.8910, 150, 100, 0
L -551.9321, 770.5848, -133.8910, -557.9372, 776.1652, -131.2746, 150, 100, 0
L -557.9372, 776.1652, -131.2746, -556.8102, 786.4127, -127.3118, 150, 100, 0
L -556.8102, 786.4127, -127.3118, -556.6885, 801.5354, -122.9544, 150, 100, 0
L -556.6885, 801.5354, -122.9544, -554.3367, 803.6107, -122.9724, 150, 100, 0
L -554.3367, 803.6107, -122.9724, -552.9772, 805.7607, -122.9170, 150, 100, 0
L -552.9772, 805.7607, -122.9170, -556.7644, 814.0383, -122.0824, 150, 100, 0
L -556.7644, 814.0383, -122.0824, -560.8389, 819.4059, -121.4310, 150, 100, 0
L -560.8389, 819.4059, -121.4310, -562.4516, 823.6005, -120.9934, 150, 100, 0
L -562.4516, 823.6005, -120.9934, -563.3927, 826.0540, -120.5030, 150, 100, 0
L -563.3927, 826.0540, -120.5030, -555.9311, 831.8377, -120.7333, 150, 100, 0
L -555.9311, 831.8377, -120.7333, -550.8725, 842.2043, -119.9561, 150, 100, 0
L -550.8725, 842.2043, -119.9561, -556.7447, 850.1639, -117.9614, 150, 100, 0
L -556.7447, 850.1639, -117.9614, -557.8899, 859.3608, -116.4644, 150, 100, 0
L -557.8899, 859.3608, -116.4644, -556.6600, 869.3727, -115.3446, 150, 100, 0
L -556.6600, 869.3727, -115.3446, -557.7802, 875.0358, -114.5279, 150, 100, 0
L -557.7802, 875.0358, -114.5279, -557.3217, 883.5679, -113.6057, 150, 100, 0
L -557.3217, 883.5679, -113.6057, -562.7590, 891.4978, -112.0392, 150, 100, 0
L -562.7590, 891.4978, -112.0392, -559.8798, 908.7763, -112.1351, 150, 100, 0
L -559.8798, 908.7763, -112.1351, -550.9688, 916.8474, -112.3922, 150, 100, 0
L -550.9688, 916.8474, -112.3922, -511.3628, 955.9880, -112.5319, 150, 100, 0
L -511.3628, 955.9880, -112.5319, -494.6022, 963.9440, -112.2995, 150, 100, 0
L -494.6022, 963.9440, -112.2995, -472.8207, 961.2254, -114.8101, 150, 100, 0
L -472.8207, 961.2254, -114.8101, -468.7707, 971.2111, -113.7061, 150, 100, 0
L -468.7707, 971.2111, -113.7061, -462.8580, 972.9228, -114.2168, 150, 100, 0
L -462.8580, 972.9228, -114.2168, -465.7834, 992.8553, -111.4551, 150, 100, 0
L -465.7834, 992.8553, -111.4551, -417.0636, 1025.4113, -112.0810, 150, 100, 0
L -417.0636, 1025.4113, -112.0810, -415.6477, 1039.9429, -112.0315, 150, 100, 0
L -415.6477, 1039.9429, -112.0315, -420.7115, 1043.5049, -111.9294, 150, 100, 0
L -420.7115, 1043.5049, -111.9294, -420.3922, 1070.6958, -111.8451, 150, 100, 0
L -420.3922, 1070.6958, -111.8451, -418.1851, 1078.8011, -111.7242, 150, 100, 0
L -418.1851, 1078.8011, -111.7242, -421.4806, 1083.4836, -111.5622, 150, 100, 0
L -421.4806, 1083.4836, -111.5622, -425.0213, 1096.6625, -111.2802, 150, 100, 0
L -425.0213, 1096.6625, -111.2802, -418.4907, 1105.1467, -111.2802, 150, 100, 0
L -418.4907, 1105.1467, -111.2802, -414.9206, 1114.5299, -111.2802, 150, 100, 0
L -414.9206, 1114.5299, -111.2802, -422.7911, 1121.2291, -111.2802, 150, 100, 0
L -422.7911, 1121.2291, -111.2802, -421.4165, 1123.8816, -111.2802, 150, 100, 0
L -421.4165, 1123.8816, -111.2802, -422.8316, 1131.4341, -111.2802, 150, 100, 0
L -422.8316, 1131.4341, -111.2802, -420.8642, 1137.2891, -111.7454, 150, 100, 0
L -420.8642, 1137.2891, -111.7454, -420.8642, 1156.2927, -114.1711, 150, 100, 0
L -420.8642, 1156.2927, -114.1711, -416.2140, 1164.2729, -115.1893, 150, 100, 0
L -416.2140, 1164.2729, -115.1893, -418.1721, 1177.3641, -115.6649, 150, 100, 0
L -418.1721, 1177.3641, -115.6649, -427.3020, 1182.9260, -114.5177, 150, 100, 0
L -427.3020, 1182.9260, -114.5177, -432.2821, 1185.8219, -113.8877, 150, 100, 0
L -432.2821, 1185.8219, -113.8877, -438.8595, 1187.5625, -113.0558, 150, 100, 0
L -438.8595, 1187.5625, -113.0558, -448.5752, 1194.7375, -111.8268, 150, 100, 0
L -448.5752, 1194.7375, -111.8268, -461.1133, 1208.6368, -111.4742, 150, 100, 0
L -461.1133, 1208.6368, -111.4742, -480.4939, 1208.8453, -111.4795, 150, 100, 0
L -480.4939, 1208.8453, -111.4795, -487.8140, 1214.4342, -111.6221, 150, 100, 0
L -487.8140, 1214.4342, -111.6221, -496.0899, 1216.7651, -111.6816, 150, 100, 0
L -496.0899, 1216.7651, -111.6816, -496.7154, 1229.1235, -111.9297, 150, 100, 0
L -496.7154, 1229.1235, -111.9297, -494.8587, 1231.1741, -111.9784, 150, 100, 0
L -494.8587, 1231.1741, -111.9784, -494.1817, 1240.4844, -112.0716, 150, 100, 0
L -494.1817, 1240.4844, -112.0716, -497.0021, 1243.9243, -112.0554, 150, 100, 0
L -497.0021, 1243.9243, -112.0554, -497.3427, 1248.7126, -112.0919, 150, 100, 0
L -497.3427, 1248.7126, -112.0919, -497.1780, 1251.5181, -112.1193, 150, 100, 0
L -497.1780, 1251.5181, -112.1193, -540.4035, 1282.0724, -111.5804, 150, 100, 0
L -540.4035, 1282.0724, -111.5804, -552.5578, 1284.2201, -111.4551, 150, 100, 0
L -552.5578, 1284.2201, -111.4551, -559.3398, 1292.8785, -111.3238, 150, 100, 0
L -559.3398, 1292.8785, -111.3238, -558.9756, 1312.4282, -111.2802, 150, 100, 0
L -558.9756, 1312.4282, -111.2802, -556.3417, 1327.1588, -111.2802, 150, 100, 0
L -556.3417, 1327.1588, -111.2802, -555.9097, 1345.0519, -111.2802, 150, 100, 0
L -555.9097, 1345.0519, -111.2802, -560.6776, 1352.7892, -111.2802, 150, 100, 0
L -560.6776, 1352.7892, -111.2802, -563.1953, 1355.7235, -111.2802, 150, 100, 0
L -563.1953, 1355.7235, -111.2802, -564.3238, 1358.3420, -111.2802, 150, 100, 0
L -564.3238, 1358.3420, -111.2802, -562.2480, 1361.4891, -111.2802, 150, 100, 0
L -562.2480, 1361.4891, -111.2802, -558.1938, 1365.7485, -111.2802, 150, 100, 0
L -558.1938, 1365.7485, -111.2802, -559.5236, 1367.4752, -111.2802, 150, 100, 0
L -559.5236, 1367.4752, -111.2802, -562.9442, 1367.3126, -111.2802, 150, 100, 0
L -562.9442, 1367.3126, -111.2802, -567.5679, 1364.8593, -111.2802, 150, 100, 0
L -567.5679, 1364.8593, -111.2802, -572.9028, 1366.2427, -111.2802, 150, 100, 0
L -572.9028, 1366.2427, -111.2802, -577.5792, 1367.4677, -111.2802, 150, 100, 0
L -577.5792, 1367.4677, -111.2802, -590.8849, 1367.7205, -111.2802, 150, 100, 0
L -590.8849, 1367.7205, -111.2802, -603.0950, 1366.9991, -111.2802, 150, 100, 0
L -603.0950, 1366.9991, -111.2802, -610.6450, 1361.0574, -111.2802, 150, 100, 0
L -610.6450, 1361.0574, -111.2802, -614.1766, 1361.0205, -111.2802, 150, 100, 0
L -614.1766, 1361.0205, -111.2802, -618.3865, 1366.4221, -111.2802, 150, 100, 0
L -618.3865, 1366.4221, -111.2802, -625.3124, 1367.1564, -111.2802, 150, 100, 0
L -625.3124, 1367.1564, -111.2802, -630.0262, 1371.7261, -111.2802, 150, 100, 0
L -630.0262, 1371.7261, -111.2802, -633.6421, 1370.7352, -111.2802, 150, 100, 0
L -633.6421, 1370.7352, -111.2802, -638.2504, 1366.7610, -111.2802, 150, 100, 0
L -638.2504, 1366.7610, -111.2802, -644.1729, 1365.7401, -111.2802, 150, 100, 0
L -644.1729, 1365.7401, -111.2802, -647.0120, 1363.7390, -111.2802, 150, 100, 0
L -647.0120, 1363.7390, -111.2802, -658.3692, 1367.2239, -111.2802, 150, 100, 0
L -658.3692, 1367.2239, -111.2802, -663.3190, 1368.2640, -111.2802, 150, 100, 0
L -663.3190, 1368.2640, -111.2802, -671.5956, 1367.4657, -111.2802, 150, 100, 0
L -671.5956, 1367.4657, -111.2802, -678.2803, 1360.9329, -111.2802, 150, 100, 0
L -678.2803, 1360.9329, -111.2802, -682.2904, 1360.8495, -111.2802, 150, 100, 0
L -682.2904, 1360.8495, -111.2802, -686.4348, 1365.4426, -111.2802, 150, 100, 0
L -686.4348, 1365.4426, -111.2802, -695.4851, 1366.9852, -111.2802, 150, 100, 0
L -695.4851, 1366.9852, -111.2802, -698.8306, 1371.9874, -111.2802, 150, 100, 0
L -698.8306, 1371.9874, -111.2802, -705.4312, 1367.2760, -111.2802, 150, 100, 0
L -705.4312, 1367.2760, -111.2802, -712.7568, 1365.7937, -111.2802, 150, 100, 0
L -712.7568, 1365.7937, -111.2802, -714.8681, 1363.3447, -111.2802, 150, 100, 0
L -714.8681, 1363.3447, -111.2802, -730.4363, 1368.6411, -111.1832, 150, 100, 0
L -730.4363, 1368.6411, -111.1832, -739.1194, 1367.0293, -111.0081, 150, 100, 0
L -739.1194, 1367.0293, -111.0081, -748.0497, 1360.2368, -110.8280, 150, 100, 0
L -748.0497, 1360.2368, -110.8280, -754.3492, 1365.6981, -110.7010, 150, 100, 0
L -754.3492, 1365.6981, -110.7010, -764.6828, 1368.3326, -110.5689, 150, 100, 0
L -764.6828, 1368.3326, -110.5689, -767.7119, 1372.4204, -110.6523, 150, 100, 0
L -767.7119, 1372.4204, -110.6523, -772.9037, 1368.3699, -110.5696, 150, 100, 0
L -772.9037, 1368.3699, -110.5696, -787.6400, 1364.5425, -110.4915, 150, 100, 0
L -787.6400, 1364.5425, -110.4915, -814.9149, 1368.0192, -110.9882, 150, 100, 0
L -814.9149, 1368.0192, -110.9882, -828.2510, 1371.2100, -111.2802, 150, 100, 0
L -828.2510, 1371.2100, -111.2802, -836.7440, 1370.7281, -111.2802, 150, 100, 0
L -836.7440, 1370.7281, -111.2802, -844.6469, 1359.6512, -111.2802, 150, 100, 0
L -844.6469, 1359.6512, -111.2802, -854.4741, 1341.1091, -111.2376, 150, 100, 0
L -854.4741, 1341.1091, -111.2376, -876.2233, 1313.9193, -111.1459, 150, 100, 0
L -876.2233, 1313.9193, -111.1459, -875.9975, 1307.5736, -111.0333, 150, 100, 0
L -875.9975, 1307.5736, -111.0333, -884.0831, 1300.9033, -111.0560, 150, 100, 0
L -884.0831, 1300.9033, -111.0560, -886.2949, 1297.3292, -111.0322, 150, 100, 0
L -886.2949, 1297.3292, -111.0322, -899.1788, 1296.6106, -111.2385, 150, 100, 0
L -899.1788, 1296.6106, -111.2385, -901.9085, 1296.2117, -111.2779, 150, 100, 0
L -901.9085, 1296.2117, -111.2779, -911.0352, 1300.8019, -111.2802, 150, 100, 0
L -911.0352, 1300.8019, -111.2802, -937.0969, 1300.5420, -110.8824, 150, 100, 0
L -937.0969, 1300.5420, -110.8824, -943.9895, 1298.7296, -110.4875, 150, 100, 0
L -943.9895, 1298.7296, -110.4875, -951.2046, 1293.9083, -110.0742, 150, 100, 0
L -951.2046, 1293.9083, -110.0742, -955.0311, 1293.7257, -109.8550, 150, 100, 0
L -955.0311, 1293.7257, -109.8550, -958.5493, 1298.7251, -109.6534, 150, 100, 0
L -958.5493, 1298.7251, -109.6534, -966.1287, 1299.9360, -109.2192, 150, 100, 0
L -966.1287, 1299.9360, -109.2192, -970.3044, 1303.4452, -109.3161, 150, 100, 0
L -970.3044, 1303.4452, -109.3161, -973.8452, 1304.1083, -109.3044, 150, 100, 0
L -973.8452, 1304.1083, -109.3044, -977.9482, 1299.5756, -109.0474, 150, 100, 0
L -977.9482, 1299.5756, -109.0474, -984.3983, 1299.0251, -108.9453, 150, 100, 0
L -984.3983, 1299.0251, -108.9453, -987.7363, 1296.6133, -108.7948, 150, 100, 0
L -987.7363, 1296.6133, -108.7948, -1007.0720, 1299.6892, -109.3094, 150, 100, 0
L -1007.0720, 1299.6892, -109.3094, -1015.8306, 1299.6965, -109.8115, 150, 100, 0
L -1015.8306, 1299.6965, -109.8115, -1021.7958, 1300.7152, -110.2000, 150, 100, 0
L -1021.7958, 1300.7152, -110.2000, -1026.2573, 1305.0646, -110.6552, 150, 100, 0
L -1026.2573, 1305.0646, -110.6552, -1040.9507, 1303.3918, -110.9754, 150, 100, 0
L -1040.9507, 1303.3918, -110.9754, -1048.5967, 1292.5985, -111.0665, 150, 100, 0
L -1048.5967, 1292.5985, -111.0665, -1054.4462, 1280.1344, -111.1258, 150, 100, 0
L -1054.4462, 1280.1344, -111.1258, -1061.1650, 1270.0724, -111.0489, 150, 100, 0
L -1061.1650, 1270.0724, -111.0489, -1075.0188, 1255.8530, -111.9066, 150, 100, 0
L -1075.0188, 1255.8530, -111.9066, -1074.2625, 1241.6115, -112.7409, 150, 100, 0
L -1074.2625, 1241.6115, -112.7409, -1075.5603, 1239.0974, -112.8714, 150, 100, 0
L -1075.5603, 1239.0974, -112.8714, -1080.6683, 1237.6174, -112.8966, 150, 100, 0
L -1080.6683, 1237.6174, -112.8966, -1081.7355, 1227.2139, -113.4870, 150, 100, 0
L -1081.7355, 1227.2139, -113.4870, -1085.4813, 1224.1403, -113.6206, 150, 100, 0
L -1085.4813, 1224.1403, -113.6206, -1092.4449, 1225.0784, -113.4832, 150, 100, 0
L -1092.4449, 1225.0784, -113.4832, -1097.9246, 1227.8308, -113.2584, 150, 100, 0
L -1097.9246, 1227.8308, -113.2584, -1104.1663, 1228.0796, -113.1696, 150, 100, 0
L -1104.1663, 1228.0796, -113.1696, -1116.4626, 1223.9917, -113.9882, 150, 100, 0
L -1116.4626, 1223.9917, -113.9882, -1148.6639, 1178.9727, -113.7398, 150, 100, 0
L -1148.6639, 1178.9727, -113.7398, -1150.0232, 1170.4923, -114.0590, 150, 100, 0
L -1150.0232, 1170.4923, -114.0590, -1157.6543, 1164.8722, -113.3107, 150, 100, 0
L -1157.6543, 1164.8722, -113.3107, -1160.3483, 1162.4910, -113.0708, 150, 100, 0
L -1160.3483, 1162.4910, -113.0708, -1170.1606, 1161.7727, -111.7127, 150, 100, 0
L -1170.1606, 1161.7727, -111.7127, -1175.5269, 1161.4204, -111.0407, 150, 100, 0
L -1175.5269, 1161.4204, -111.0407, -1182.6533, 1165.4493, -110.8641, 150, 100, 0
L -1182.6533, 1165.4493, -110.8641, -1187.5250, 1166.3657, -110.6748, 150, 100, 0
L -1187.5250, 1166.3657, -110.6748, -1216.8428, 1163.1245, -110.7765, 150, 100, 0
L -1216.8428, 1163.1245, -110.7765, -1223.4768, 1160.6927, -111.1276, 150, 100, 0
L -1223.4768, 1160.6927, -111.1276, -1227.1770, 1156.6989, -111.2218, 150, 100, 0
L -1227.1770, 1156.6989, -111.2218, -1230.0808, 1166.2278, -111.7731, 150, 100, 0
L -1230.0808, 1166.2278, -111.7731, -1232.4424, 1168.8372, -112.0274, 150, 100, 0
L -1232.4424, 1168.8372, -112.0274, -1231.1809, 1172.3701, -112.0767, 150, 100, 0
L -1231.1809, 1172.3701, -112.0767, -1228.3833, 1172.7086, -111.9032, 150, 100, 0
L -1228.3833, 1172.7086, -111.9032, -1224.5616, 1170.9631, -111.5828, 150, 100, 0
L -1224.5616, 1170.9631, -111.5828, -1209.9216, 1168.6426, -110.5213, 150, 100, 0
L -1209.9216, 1168.6426, -110.5213, -1180.7593, 1169.2787, -111.0937, 150, 100, 0
L -1180.7593, 1169.2787, -111.0937, -1177.1390, 1165.3253, -111.1124, 150, 100, 0
L -1177.1390, 1165.3253, -111.1124, -1170.8143, 1165.0490, -111.4200, 150, 100, 0
L -1170.8143, 1165.0490, -111.4200, -1161.0413, 1166.2952, -112.7403, 150, 100, 0
L -1161.0413, 1166.2952, -112.7403, -1153.6180, 1174.2169, -113.3198, 150, 100, 0
L -1153.6180, 1174.2169, -113.3198, -1149.7000, 1184.9430, -113.2306, 150, 100, 0
L -1149.7000, 1184.9430, -113.2306, -1123.1249, 1223.2719, -114.8214, 150, 100, 0
L -1123.1249, 1223.2719, -114.8214, -1120.7552, 1228.2878, -114.9557, 150, 100, 0
L -1120.7552, 1228.2878, -114.9557, -1114.2820, 1231.3113, -114.3570, 150, 100, 0
L -1114.2820, 1231.3113, -114.3570, -1110.4117, 1230.6517, -113.7759, 150, 100, 0
L -1110.4117, 1230.6517, -113.7759, -1108.1029, 1234.6149, -113.8232, 150, 100, 0
L -1108.1029, 1234.6149, -113.8232, -1101.6257, 1235.5676, -113.0367, 150, 100, 0
L -1101.6257, 1235.5676, -113.0367, -1095.0623, 1231.1843, -113.0980, 150, 100, 0
L -1095.0623, 1231.1843, -113.0980, -1086.5745, 1230.8126, -113.2207, 150, 100, 0
L -1086.5745, 1230.8126, -113.2207, -1084.0197, 1239.6244, -112.7403, 150, 100, 0
L -1084.0197, 1239.6244, -112.7403, -1077.4175, 1242.6747, -112.6421, 150, 100, 0
L -1077.4175, 1242.6747, -112.6421, -1078.0820, 1261.9261, -112.2484, 150, 100, 0
L -1078.0820, 1261.9261, -112.2484, -1054.0485, 1287.5100, -111.1315, 150, 100, 0
L -1054.0485, 1287.5100, -111.1315, -1052.7373, 1295.0046, -111.1159, 150, 100, 0
L -1052.7373, 1295.0046, -111.1159, -1050.1949, 1299.2469, -111.0856, 150, 100, 0
L -1050.1949, 1299.2469, -111.0856, -1043.9844, 1306.0082, -111.0116, 150, 100, 0
L -1043.9844, 1306.0082, -111.0116, -1032.1819, 1307.0132, -110.8709, 150, 100, 0
L -1032.1819, 1307.0132, -110.8709, -1025.7129, 1307.3168, -110.7273, 150, 100, 0
L -1025.7129, 1307.3168, -110.7273, -1016.0742, 1304.3228, -110.0378, 150, 100, 0
L -1016.0742, 1304.3228, -110.0378, -997.7238, 1303.6462, -108.9986, 150, 100, 0
L -997.7238, 1303.6462, -108.9986, -987.3339, 1301.2563, -109.0127, 150, 100, 0
L -987.3339, 1301.2563, -109.0127, -981.7411, 1303.8107, -109.1966, 150, 100, 0
L -981.7411, 1303.8107, -109.1966, -973.5825, 1309.0128, -109.5323, 150, 100, 0
L -973.5825, 1309.0128, -109.5323, -968.3236, 1309.1492, -109.6015, 150, 100, 0
L -968.3236, 1309.1492, -109.6015, -963.9611, 1304.7858, -109.4532, 150, 100, 0
L -963.9611, 1304.7858, -109.4532, -960.5759, 1301.4000, -109.5373, 150, 100, 0
L -960.5759, 1301.4000, -109.5373, -949.5195, 1298.3306, -110.1703, 150, 100, 0
L -949.5195, 1298.3306, -110.1703, -942.3451, 1305.1625, -110.5817, 150, 100, 0
L -942.3451, 1305.1625, -110.5817, -938.0681, 1304.3699, -110.8267, 150, 100, 0
L -938.0681, 1304.3699, -110.8267, -933.3247, 1306.9010, -111.0985, 150, 100, 0
L -933.3247, 1306.9010, -111.0985, -929.2936, 1303.7573, -111.2802, 150, 100, 0
L -929.2936, 1303.7573, -111.2802, -913.4257, 1304.3906, -111.2802, 150, 100, 0
L -913.4257, 1304.3906, -111.2802, -907.6730, 1304.3906, -111.2802, 150, 100, 0
L -907.6730, 1304.3906, -111.2802, -900.3156, 1299.9191, -111.2802, 150, 100, 0
L -900.3156, 1299.9191, -111.2802, -887.6328, 1301.0305, -111.1184, 150, 100, 0
L -887.6328, 1301.0305, -111.1184, -879.2774, 1312.7227, -111.1772, 150, 100, 0
L -879.2774, 1312.7227, -111.1772, -876.9560, 1318.3367, -111.2341, 150, 100, 0
L -876.9560, 1318.3367, -111.2341, -865.5756, 1335.5192, -111.2802, 150, 100, 0
L -865.5756, 1335.5192, -111.2802, -848.3195, 1354.9709, -111.2802, 150, 100, 0
L -848.3195, 1354.9709, -111.2802, -848.0574, 1362.6724, -111.2802, 150, 100, 0
L -848.0574, 1362.6724, -111.2802, -845.4669, 1367.5239, -111.2802, 150, 100, 0
L -845.4669, 1367.5239, -111.2802, -842.4438, 1369.0886, -111.2802, 150, 100, 0
L -842.4438, 1369.0886, -111.2802, -839.6316, 1374.0291, -111.2802, 150, 100, 0
L -839.6316, 1374.0291, -111.2802, -826.0217, 1375.4823, -111.2802, 150, 100, 0
L -826.0217, 1375.4823, -111.2802, -822.0738, 1375.3601, -111.2802, 150, 100, 0
L -822.0738, 1375.3601, -111.2802, -808.7803, 1371.0674, -110.9266, 150, 100, 0
L -808.7803, 1371.0674, -110.9266, -793.7488, 1370.4426, -110.6119, 150, 100, 0
L -793.7488, 1370.4426, -110.6119, -783.5389, 1367.7261, -110.5565, 150, 100, 0
L -783.5389, 1367.7261, -110.5565, -780.9829, 1371.8765, -110.6411, 150, 100, 0
L -780.9829, 1371.8765, -110.6411, -775.3787, 1371.9958, -110.6436, 150, 100, 0
L -775.3787, 1371.9958, -110.6436, -765.7426, 1376.5316, -110.7362, 150, 100, 0
L -765.7426, 1376.5316, -110.7362, -759.2343, 1371.5106, -110.6337, 150, 100, 0
L -759.2343, 1371.5106, -110.6337, -753.7880, 1368.4530, -110.7123, 150, 100, 0
L -753.7880, 1368.4530, -110.7123, -747.8145, 1364.6050, -110.8328, 150, 100, 0
L -747.8145, 1364.6050, -110.8328, -745.2556, 1365.7334, -110.8844, 150, 100, 0
L -745.2556, 1365.7334, -110.8844, -739.1411, 1373.2550, -111.0077, 150, 100, 0
L -739.1411, 1373.2550, -111.0077, -734.5607, 1370.6189, -111.1000, 150, 100, 0
L -734.5607, 1370.6189, -111.1000, -730.8658, 1373.9045, -111.1745, 150, 100, 0
L -730.8658, 1373.9045, -111.1745, -728.3858, 1373.5426, -111.2245, 150, 100, 0
L -728.3858, 1373.5426, -111.2245, -715.2495, 1367.8015, -111.2802, 150, 100, 0
L -715.2495, 1367.8015, -111.2802, -711.1719, 1370.8207, -111.2802, 150, 100, 0
L -711.1719, 1370.8207, -111.2802, -707.7917, 1372.2144, -111.2802, 150, 100, 0
L -707.7917, 1372.2144, -111.2802, -702.2590, 1376.3123, -111.2802, 150, 100, 0
L -702.2590, 1376.3123, -111.2802, -693.6123, 1375.2269, -111.2802, 150, 100, 0
L -693.6123, 1375.2269, -111.2802, -690.6831, 1370.5968, -111.2802, 150, 100, 0
L -690.6831, 1370.5968, -111.2802, -687.0641, 1368.8900, -111.2802, 150, 100, 0
L -687.0641, 1368.8900, -111.2802, -678.6192, 1364.9032, -111.2802, 150, 100, 0
L -678.6192, 1364.9032, -111.2802, -677.1577, 1366.0105, -111.2802, 150, 100, 0
L -677.1577, 1366.0105, -111.2802, -669.2360, 1373.3578, -111.2802, 150, 100, 0
L -669.2360, 1373.3578, -111.2802, -663.2600, 1372.9539, -111.2802, 150, 100, 0
L -663.2600, 1372.9539, -111.2802, -646.0887, 1367.9301, -111.2802, 150, 100, 0
L -646.0887, 1367.9301, -111.2802, -642.1108, 1370.8784, -111.2802, 150, 100, 0
L -642.1108, 1370.8784, -111.2802, -630.5549, 1376.3435, -111.2802, 150, 100, 0
L -630.5549, 1376.3435, -111.2802, -625.6404, 1375.6794, -111.2802, 150, 100, 0
L -625.6404, 1375.6794, -111.2802, -623.4719, 1373.1781, -111.2802, 150, 100, 0
L -623.4719, 1373.1781, -111.2802, -621.4623, 1368.6321, -111.2802, 150, 100, 0
L -621.4623, 1368.6321, -111.2802, -613.3582, 1366.2312, -111.2802, 150, 100, 0
L -613.3582, 1366.2312, -111.2802, -610.8276, 1364.8403, -111.2802, 150, 100, 0
L -610.8276, 1364.8403, -111.2802, -602.6431, 1372.7430, -111.2802, 150, 100, 0
L -602.6431, 1372.7430, -111.2802, -600.4298, 1373.0912, -111.2802, 150, 100, 0
L -600.4298, 1373.0912, -111.2802, -597.0734, 1372.0759, -111.2802, 150, 100, 0
L -597.0734, 1372.0759, -111.2802, -592.0470, 1371.8348, -111.2802, 150, 100, 0
L -592.0470, 1371.8348, -111.2802, -557.6133, 1372.5435, -111.2802, 150, 100, 0
L -557.6133, 1372.5435, -111.2802, -554.2046, 1374.9858, -111.2802, 150, 100, 0
L -554.2046, 1374.9858, -111.2802, -551.5729, 1375.7064, -111.2802, 150, 100, 0
L -551.5729, 1375.7064, -111.2802, -552.9736, 1378.9866, -111.2802, 150, 100, 0
L -552.9736, 1378.9866, -111.2802, -559.0277, 1391.1866, -111.2802, 150, 100, 0
L -559.0277, 1391.1866, -111.2802, -555.0699, 1412.0818, -111.2802, 150, 100, 0
L -555.0699, 1412.0818, -111.2802, -562.5010, 1428.6218, -111.2802, 150, 100, 0
L -562.5010, 1428.6218, -111.2802, -558.1605, 1436.3046, -111.2802, 150, 100, 0
L -558.1605, 1436.3046, -111.2802, -553.0612, 1445.3066, -111.2802, 150, 100, 0
L -553.0612, 1445.3066, -111.2802, -553.0612, 1450.1965, -111.2802, 150, 100, 0
L -553.0612, 1450.1965, -111.2802, -558.1458, 1463.4257, -111.2802, 150, 100, 0
L -558.1458, 1463.4257, -111.2802, -554.7172, 1478.6359, -111.2802, 150, 100, 0
L -554.7172, 1478.6359, -111.2802, -557.4452, 1485.4696, -111.2802, 150, 100, 0
L -557.4452, 1485.4696, -111.2802, -562.2093, 1497.2654, -111.2802, 150, 100, 0
L -562.2093, 1497.2654, -111.2802, -558.0751, 1504.2581, -111.2802, 150, 100, 0
L -558.0751, 1504.2581, -111.2802, -553.7108, 1512.4193, -111.2802, 150, 100, 0
L -553.7108, 1512.4193, -111.2802, -552.0946, 1515.4501, -111.2802, 150, 100, 0
L -552.0946, 1515.4501, -111.2802, -553.5276, 1520.9117, -111.2802, 150, 100, 0
L -553.5276, 1520.9117, -111.2802, -558.0597, 1525.2225, -111.2802, 150, 100, 0
L -558.0597, 1525.2225, -111.2802, -558.7895, 1532.1335, -111.2802, 150, 100, 0
L -558.7895, 1532.1335, -111.2802, -555.0741, 1547.1340, -111.2802, 150, 100, 0
L -555.0741, 1547.1340, -111.2802, -562.5417, 1562.7992, -111.2802, 150, 100, 0
L -562.5417, 1562.7992, -111.2802, -559.1381, 1569.1473, -111.2802, 150, 100, 0
L -559.1381, 1569.1473, -111.2802, -555.8072, 1573.1073, -111.2802, 150, 100, 0
L -555.8072, 1573.1073, -111.2802, -553.3263, 1580.3879, -111.2802, 150, 100, 0
L -553.3263, 1580.3879, -111.2802, -551.8455, 1583.1608, -111.2802, 150, 100, 0
L -551.8455, 1583.1608, -111.2802, -552.1666, 1584.4640, -111.2802, 150, 100, 0
L -552.1666, 1584.4640, -111.2802, -553.1639, 1586.3342, -111.2802, 150, 100, 0
L -553.1639, 1586.3342, -111.2802, -558.3481, 1590.1212, -111.2802, 150, 100, 0
L -558.3481, 1590.1212, -111.2802, -558.5299, 1596.8350, -111.2802, 150, 100, 0
L -558.5299, 1596.8350, -111.2802, -559.2244, 1599.7845, -111.2802, 150, 100, 0
L -559.2244, 1599.7845, -111.2802, -554.6570, 1614.5540, -111.2802, 150, 100, 0
L -554.6570, 1614.5540, -111.2802, -557.5905, 1621.4137, -111.2802, 150, 100, 0
L -557.5905, 1621.4137, -111.2802, -562.5880, 1629.9927, -111.2802, 150, 100, 0
L -562.5880, 1629.9927, -111.2802, -561.7596, 1634.1730, -111.2802, 150, 100, 0
L -561.7596, 1634.1730, -111.2802, -556.9453, 1640.0417, -111.2802, 150, 100, 0
L -556.9453, 1640.0417, -111.2802, -552.0010, 1651.5964, -111.2802, 150, 100, 0
L -552.0010, 1651.5964, -111.2802, -553.4213, 1654.3384, -111.2802, 150, 100, 0
L -553.4213, 1654.3384, -111.2802, -558.4085, 1658.7062, -111.2802, 150, 100, 0
L -558.4085, 1658.7062, -111.2802, -557.5652, 1662.9658, -111.2802, 150, 100, 0
L -557.5652, 1662.9658, -111.2802, -559.5852, 1667.2484, -111.2802, 150, 100, 0
L -559.5852, 1667.2484, -111.2802, -554.4271, 1680.3170, -111.2802, 150, 100, 0
L -554.4271, 1680.3170, -111.2802, -557.0113, 1686.6259, -111.2802, 150, 100, 0
L -557.0113, 1686.6259, -111.2802, -561.8985, 1697.2646, -111.2802, 150, 100, 0
L -561.8985, 1697.2646, -111.2802, -559.6631, 1703.0776, -111.2802, 150, 100, 0
L -559.6631, 1703.0776, -111.2802, -555.7294, 1707.8745, -111.2802, 150, 100, 0
L -555.7294, 1707.8745, -111.2802, -554.2805, 1711.4086, -111.2802, 150, 100, 0
L -554.2805, 1711.4086, -111.2802, -551.1222, 1718.1384, -111.2802, 150, 100, 0
L -551.1222, 1718.1384, -111.2802, -553.6097, 1721.7677, -111.2802, 150, 100, 0
L -553.6097, 1721.7677, -111.2802, -557.5848, 1724.7119, -111.2802, 150, 100, 0
L -557.5848, 1724.7119, -111.2802, -558.5812, 1727.8698, -111.2802, 150, 100, 0
L -558.5812, 1727.8698, -111.2802, -558.2956, 1730.4817, -111.2802, 150, 100, 0
L -558.2956, 1730.4817, -111.2802, -559.4408, 1734.8506, -111.2802, 150, 100, 0
L -559.4408, 1734.8506, -111.2802, -557.3448, 1744.7628, -111.2802, 150, 100, 0
L -557.3448, 1744.7628, -111.2802, -558.0883, 1751.5209, -111.2802, 150, 100, 0
L -558.0883, 1751.5209, -111.2802, -562.4183, 1757.5112, -111.2802, 150, 100, 0
L -562.4183, 1757.5112, -111.2802, -563.1837, 1761.1108, -111.2802, 150, 100, 0
L -563.1837, 1761.1108, -111.2802, -563.1837, 1761.1108, -111.2802, 150, 100, 0
L -563.1837, 1761.1108, -111.2802, -564.0094, 1765.0343, -111.2802, 150, 100, 0
L -564.0094, 1765.0343, -111.2802, -560.6852, 1768.2726, -111.2802, 150, 100, 0
L -560.6852, 1768.2726, -111.2802, -559.2319, 1773.2874, -111.2802, 150, 100, 0
L -559.2319, 1773.2874, -111.2802, -556.0899, 1777.8735, -111.2802, 150, 100, 0
L -556.0899, 1777.8735, -111.2802, -553.4979, 1781.6558, -111.2802, 150, 100, 0
L -553.4979, 1781.6558, -111.2802, -556.5645, 1786.1251, -111.2802, 150, 100, 0
L -556.5645, 1786.1251, -111.2802, -559.4255, 1794.0687, -111.2802, 150, 100, 0
L -559.4255, 1794.0687, -111.2802, -560.5740, 1797.3014, -111.2802, 150, 100, 0
L -560.5740, 1797.3014, -111.2802, -558.7708, 1802.9969, -111.2802, 150, 100, 0
L -558.7708, 1802.9969, -111.2802, -558.5875, 1818.1770, -111.2802, 150, 100, 0
L -558.5875, 1818.1770, -111.2802, -561.3163, 1821.7222, -111.2802, 150, 100, 0
L -561.3163, 1821.7222, -111.2802, -560.8788, 1826.2292, -111.2802, 150, 100, 0
L -560.8788, 1826.2292, -111.2802, -564.3130, 1829.9246, -111.2802, 150, 100, 0
L -564.3130, 1829.9246, -111.2802, -564.8246, 1833.1495, -111.2802, 150, 100, 0
L -564.8246, 1833.1495, -111.2802, -561.6251, 1834.2491, -111.2802, 150, 100, 0
L -561.6251, 1834.2491, -111.2802, -552.2402, 1837.4711, -111.2802, 150, 100, 0
L -552.2402, 1837.4711, -111.2802, -550.2091, 1835.9917, -111.2802, 150, 100, 0
L -550.2091, 1835.9917, -111.2802, -549.3652, 1832.7787, -111.2802, 150, 100, 0
L -549.3652, 1832.7787, -111.2802, -550.9792, 1828.9756, -111.2802, 150, 100, 0
L -550.9792, 1828.9756, -111.2802, -550.9792, 1828.9756, -111.2802, 150, 100, 0
L -550.9792, 1828.9756, -111.2802, -553.8947, 1815.2285, -111.2802, 150, 100, 0
L -553.8947, 1815.2285, -111.2802, -553.6097, 1807.2146, -111.2802, 150, 100, 0
L -553.6097, 1807.2146, -111.2802, -555.8182, 1798.3918, -111.2802, 150, 100, 0
L -555.8182, 1798.3918, -111.2802, -553.1289, 1792.4948, -111.2802, 150, 100, 0
L -553.1289, 1792.4948, -111.2802, -548.6627, 1784.5941, -111.2802, 150, 100, 0
L -548.6627, 1784.5941, -111.2802, -549.2394, 1779.3427, -111.2802, 150, 100, 0
L -549.2394, 1779.3427, -111.2802, -553.4257, 1772.8083, -111.2802, 150, 100, 0
L -553.4257, 1772.8083, -111.2802, -558.1744, 1763.3690, -111.2802, 150, 100, 0
L -558.1744, 1763.3690, -111.2802, -558.4703, 1761.1824, -111.2802, 150, 100, 0
L -558.4703, 1761.1824, -111.2802, -557.0004, 1758.3595, -111.2802, 150, 100, 0
L -557.0004, 1758.3595, -111.2802, -551.7128, 1755.6172, -111.2802, 150, 100, 0
L -551.7128, 1755.6172, -111.2802, -551.0104, 1754.5083, -111.2802, 150, 100, 0
L -551.0104, 1754.5083, -111.2802, -551.1592, 1749.4814, -111.2802, 150, 100, 0
L -551.1592, 1749.4814, -111.2802, -551.4164, 1743.9858, -111.2802, 150, 100, 0
L -551.4164, 1743.9858, -111.2802, -553.8832, 1736.5056, -111.2802, 150, 100, 0
L -553.8832, 1736.5056, -111.2802, -552.4291, 1727.8282, -111.2802, 150, 100, 0
L -552.4291, 1727.8282, -111.2802, -547.4250, 1720.3680, -111.2802, 150, 100, 0
L -547.4250, 1720.3680, -111.2802, -546.4240, 1716.1298, -111.2802, 150, 100, 0
L -546.4240, 1716.1298, -111.2802, -550.4245, 1712.3219, -111.2802, 150, 100, 0
L -550.4245, 1712.3219, -111.2802, -552.5055, 1703.9840, -111.2802, 150, 100, 0
L -552.5055, 1703.9840, -111.2802, -556.8516, 1700.9084, -111.2802, 150, 100, 0
L -556.8516, 1700.9084, -111.2802, -557.2431, 1697.3291, -111.2802, 150, 100, 0
L -557.2431, 1697.3291, -111.2802, -554.2286, 1693.8302, -111.2802, 150, 100, 0
L -554.2286, 1693.8302, -111.2802, -551.3408, 1687.7129, -111.2802, 150, 100, 0
L -551.3408, 1687.7129, -111.2802, -550.1965, 1685.2825, -111.2802, 150, 100, 0
L -550.1965, 1685.2825, -111.2802, -549.9644, 1681.4075, -111.2802, 150, 100, 0
L -549.9644, 1681.4075, -111.2802, -550.5189, 1677.8506, -111.2802, 150, 100, 0
L -550.5189, 1677.8506, -111.2802, -554.0980, 1670.0216, -111.2802, 150, 100, 0
L -554.0980, 1670.0216, -111.2802, -552.4137, 1660.7402, -111.2802, 150, 100, 0
L -552.4137, 1660.7402, -111.2802, -547.1996, 1652.8632, -111.2802, 150, 100, 0
L -547.1996, 1652.8632, -111.2802, -548.0674, 1647.4215, -111.2802, 150, 100, 0
L -548.0674, 1647.4215, -111.2802, -550.3716, 1645.1156, -111.2802, 150, 100, 0
L -550.3716, 1645.1156, -111.2802, -551.7252, 1638.6978, -111.2802, 150, 100, 0
L -551.7252, 1638.6978, -111.2802, -552.0585, 1637.0933, -111.2802, 150, 100, 0
L -552.0585, 1637.0933, -111.2802, -555.2090, 1634.6974, -111.2802, 150, 100, 0
L -555.2090, 1634.6974, -111.2802, -556.2592, 1633.8975, -111.2802, 150, 100, 0
L -556.2592, 1633.8975, -111.2802, -557.3831, 1630.7544, -111.2802, 150, 100, 0
L -557.3831, 1630.7544, -111.2802, -554.0998, 1626.3972, -111.2802, 150, 100, 0
L -554.0998, 1626.3972, -111.2802, -552.2739, 1621.0787, -111.2802, 150, 100, 0
L -552.2739, 1621.0787, -111.2802, -550.6151, 1618.6567, -111.2802, 150, 100, 0
L -550.6151, 1618.6567, -111.2802, -550.4331, 1612.5215, -111.2802, 150, 100, 0
L -550.4331, 1612.5215, -111.2802, -553.6373, 1600.1433, -111.2802, 150, 100, 0
L -553.6373, 1600.1433, -111.2802, -552.1169, 1592.7568, -111.2802, 150, 100, 0
L -552.1169, 1592.7568, -111.2802, -548.0535, 1588.1571, -111.2802, 150, 100, 0
L -548.0535, 1588.1571, -111.2802, -546.4556, 1582.0209, -111.2802, 150, 100, 0
L -546.4556, 1582.0209, -111.2802, -550.9041, 1576.1671, -111.2802, 150, 100, 0
L -550.9041, 1576.1671, -111.2802, -551.7302, 1570.7133, -111.2802, 150, 100, 0
L -551.7302, 1570.7133, -111.2802, -555.8732, 1567.3140, -111.2802, 150, 100, 0
L -555.8732, 1567.3140, -111.2802, -556.6320, 1562.6525, -111.2802, 150, 100, 0
L -556.6320, 1562.6525, -111.2802, -554.5113, 1560.6361, -111.2802, 150, 100, 0
L -554.5113, 1560.6361, -111.2802, -552.4202, 1554.0244, -111.2802, 150, 100, 0
L -552.4202, 1554.0244, -111.2802, -548.5741, 1549.2148, -111.2802, 150, 100, 0
L -548.5741, 1549.2148, -111.2802, -553.4241, 1533.8970, -111.2802, 150, 100, 0
L -553.4241, 1533.8970, -111.2802, -551.4159, 1526.2212, -111.2802, 150, 100, 0
L -551.4159, 1526.2212, -111.2802, -547.1641, 1519.3535, -111.2802, 150, 100, 0
L -547.1641, 1519.3535, -111.2802, -546.6646, 1514.2124, -111.2802, 150, 100, 0
L -546.6646, 1514.2124, -111.2802, -550.3529, 1509.3524, -111.2802, 150, 100, 0
L -550.3529, 1509.3524, -111.2802, -551.0717, 1502.8165, -111.2802, 150, 100, 0
L -551.0717, 1502.8165, -111.2802, -556.1039, 1498.7885, -111.2802, 150, 100, 0
L -556.1039, 1498.7885, -111.2802, -556.8471, 1495.7947, -111.2802, 150, 100, 0
L -556.8471, 1495.7947, -111.2802, -554.1393, 1492.0776, -111.2802, 150, 100, 0
L -554.1393, 1492.0776, -111.2802, -551.1484, 1484.5873, -111.2802, 150, 100, 0
L -551.1484, 1484.5873, -111.2802, -549.9036, 1482.6699, -111.2802, 150, 100, 0
L -549.9036, 1482.6699, -111.2802, -550.1865, 1477.1541, -111.2802, 150, 100, 0
L -550.1865, 1477.1541, -111.2802, -553.2498, 1469.3846, -111.2802, 150, 100, 0
L -553.2498, 1469.3846, -111.2802, -552.1807, 1458.3167, -111.2802, 150, 100, 0
L -552.1807, 1458.3167, -111.2802, -546.8787, 1449.9347, -111.2802, 150, 100, 0
L -546.8787, 1449.9347, -111.2802, -547.4706, 1446.4736, -111.2802, 150, 100, 0
L -547.4706, 1446.4736, -111.2802, -550.8217, 1441.7090, -111.2802, 150, 100, 0
L -550.8217, 1441.7090, -111.2802, -551.0646, 1438.3304, -111.2802, 150, 100, 0
L -551.0646, 1438.3304, -111.2802, -555.7700, 1431.6420, -111.2802, 150, 100, 0
L -555.7700, 1431.6420, -111.2802, -557.1400, 1429.6910, -111.2802, 150, 100, 0
L -557.1400, 1429.6910, -111.2802, -556.0115, 1427.2939, -111.2802, 150, 100, 0
L -556.0115, 1427.2939, -111.2802, -553.4752, 1423.7808, -111.2802, 150, 100, 0
L -553.4752, 1423.7808, -111.2802, -551.6357, 1417.9628, -111.2802, 150, 100, 0
L -551.6357, 1417.9628, -111.2802, -549.3892, 1415.6566, -111.2802, 150, 100, 0
L -549.3892, 1415.6566, -111.2802, -549.5133, 1410.2407, -111.2802, 150, 100, 0
L -549.5133, 1410.2407, -111.2802, -556.0513, 1394.9513, -111.2802, 150, 100, 0
L -556.0513, 1394.9513, -111.2802, -552.6785, 1386.7858, -111.2802, 150, 100, 0
L -552.6785, 1386.7858, -111.2802, -547.7483, 1378.5597, -111.2802, 150, 100, 0
L -547.7483, 1378.5597, -111.2802, -547.8299, 1376.3611, -111.2802, 150, 100, 0
L -547.8299, 1376.3611, -111.2802, -549.1250, 1373.4941, -111.2802, 150, 100, 0
L -549.1250, 1373.4941, -111.2802, -553.8308, 1367.4607, -111.2802, 150, 100, 0
L -553.8308, 1367.4607, -111.2802, -558.1248, 1362.2166, -111.2802, 150, 100, 0
L -558.1248, 1362.2166, -111.2802, -558.9825, 1356.8362, -111.2802, 150, 100, 0
L -558.9825, 1356.8362, -111.2802, -553.9439, 1350.6959, -111.2802, 150, 100, 0
L -553.9439, 1350.6959, -111.2802, -553.4445, 1345.5973, -111.2802, 150, 100, 0
L -553.4445, 1345.5973, -111.2802, -550.7065, 1342.3389, -111.2802, 150, 100, 0
L -550.7065, 1342.3389, -111.2802, -550.8444, 1339.9683, -111.2802, 150, 100, 0
L -550.8444, 1339.9683, -111.2802, -552.0408, 1337.8501, -111.2802, 150, 100, 0
L -552.0408, 1337.8501, -111.2802, -552.8975, 1336.3324, -111.2802, 150, 100, 0
L -552.8975, 1336.3324, -111.2802, -552.2994, 1330.2002, -111.2802, 150, 100, 0
L -552.2994, 1330.2002, -111.2802, -552.7077, 1323.4784, -111.2802, 150, 100, 0
L -552.7077, 1323.4784, -111.2802, -552.5895, 1318.2915, -111.2802, 150, 100, 0
L -552.5895, 1318.2915, -111.2802, -553.0598, 1315.3179, -111.2802, 150, 100, 0
L -553.0598, 1315.3179, -111.2802, -556.0527, 1311.9711, -111.2802, 150, 100, 0
L -556.0527, 1311.9711, -111.2802, -558.0215, 1306.8643, -111.2802, 150, 100, 0
L -558.0215, 1306.8643, -111.2802, -556.9966, 1303.3174, -111.2802, 150, 100, 0
L -556.9966, 1303.3174, -111.2802, -556.1852, 1295.0507, -111.3319, 150, 100, 0
L -556.1852, 1295.0507, -111.3319, -551.9197, 1290.3400, -111.4082, 150, 100, 0
L -551.9197, 1290.3400, -111.4082, -544.6639, 1286.5760, -111.5026, 150, 100, 0
L -544.6639, 1286.5760, -111.5026, -534.5887, 1282.4012, -111.6281, 150, 100, 0
L -534.5887, 1282.4012, -111.6281, -529.5500, 1277.7189, -111.7156, 150, 100, 0
L -529.5500, 1277.7189, -111.7156, -521.0087, 1272.1536, -111.8405, 150, 100, 0
L -521.0087, 1272.1536, -111.8405, -518.7103, 1270.6622, -111.8552, 150, 100, 0
L -518.7103, 1270.6622, -111.8552, -512.2697, 1264.8236, -111.9873, 150, 100, 0
L -512.2697, 1264.8236, -111.9873, -499.3446, 1256.8527, -112.1306, 150, 100, 0
L -499.3446, 1256.8527, -112.1306, -494.5286, 1257.3832, -112.2144, 150, 100, 0
L -494.5286, 1257.3832, -112.2144, -491.6289, 1256.6687, -112.2563, 150, 100, 0
L -491.6289, 1256.6687, -112.2563, -488.2964, 1242.6113, -112.1875, 150, 100, 0
L -488.2964, 1242.6113, -112.1875, -487.8197, 1236.0739, -112.1377, 150, 100, 0
L -487.8197, 1236.0739, -112.1377, -490.6311, 1229.9338, -112.0175, 150, 100, 0
L -490.6311, 1229.9338, -112.0175, -491.5537, 1225.3215, -111.8998, 150, 100, 0
L -491.5537, 1225.3215, -111.8998, -490.4454, 1222.2814, -111.8223, 150, 100, 0
L -490.4454, 1222.2814, -111.8223, -488.5541, 1220.6910, -111.7817, 150, 100, 0
L -488.5541, 1220.6910, -111.7817, -484.7378, 1218.9984, -111.7385, 150, 100, 0
L -484.7378, 1218.9984, -111.7385, -481.9718, 1217.7811, -111.7075, 150, 100, 0
L -481.9718, 1217.7811, -111.7075, -479.6049, 1212.6130, -111.5756, 150, 100, 0
L -479.6049, 1212.6130, -111.5756, -478.0110, 1212.3301, -111.5684, 150, 100, 0
L -478.0110, 1212.3301, -111.5684, -475.0909, 1214.2797, -111.6179, 150, 100, 0
L -475.0909, 1214.2797, -111.6179, -464.7498, 1213.6621, -111.6024, 150, 100, 0
L -464.7498, 1213.6621, -111.6024, -461.5428, 1213.4697, -111.5975, 150, 100, 0
L -461.5428, 1213.4697, -111.5975, -457.8705, 1210.8478, -111.5306, 150, 100, 0
L -457.8705, 1210.8478, -111.5306, -455.2376, 1208.3252, -111.4663, 150, 100, 0
L -455.2376, 1208.3252, -111.4663, -430.8906, 1189.6080, -114.0637, 150, 100, 0
L -430.8906, 1189.6080, -114.0637, -424.1555, 1187.8313, -114.8997, 150, 100, 0
L -424.1555, 1187.8313, -114.8997, -419.2457, 1181.4420, -115.5315, 150, 100, 0
L -419.2457, 1181.4420, -115.5315, -415.1767, 1178.9203, -116.0358, 150, 100, 0
L -415.1767, 1178.9203, -116.0358, -411.9327, 1162.5541, -114.9700, 150, 100, 0
L -411.9327, 1162.5541, -114.9700, -416.5072, 1150.9961, -113.4953, 150, 100, 0
L -416.5072, 1150.9961, -113.4953, -417.3013, 1141.6837, -112.3072, 150, 100, 0
L -417.3013, 1141.6837, -112.3072, -415.1151, 1121.6016, -111.2802, 150, 100, 0
L -415.1151, 1121.6016, -111.2802, -409.8030, 1113.8536, -111.2802, 150, 100, 0
L -409.8030, 1113.8536, -111.2802, -410.0953, 1109.8231, -111.2802, 150, 100, 0
L -410.0953, 1109.8231, -111.2802, -413.9052, 1105.0428, -111.2802, 150, 100, 0
L -413.9052, 1105.0428, -111.2802, -416.6030, 1098.5157, -111.3537, 150, 100, 0
L -416.6030, 1098.5157, -111.3537, -419.3597, 1094.2721, -111.3848, 150, 100, 0
L -419.3597, 1094.2721, -111.3848, -420.4691, 1092.5657, -111.3972, 150, 100, 0
L -420.4691, 1092.5657, -111.3972, -413.1537, 1075.2089, -111.8986, 150, 100, 0
L -413.1537, 1075.2089, -111.8986, -415.5178, 1053.8088, -112.0341, 150, 100, 0
L -415.5178, 1053.8088, -112.0341, -414.7314, 1043.6272, -112.0500, 150, 100, 0
L -414.7314, 1043.6272, -112.0500, -412.7959, 1040.6460, -112.0881, 150, 100, 0
L -412.7959, 1040.6460, -112.0881, -413.7953, 1023.7352, -112.1900, 150, 100, 0
L -413.7953, 1023.7352, -112.1900, -422.0105, 1014.8436, -112.0313, 150, 100, 0
L -422.0105, 1014.8436, -112.0313, -438.4663, 1005.7352, -111.6364, 150, 100, 0
L -438.4663, 1005.7352, -111.6364, -460.3035, 986.9600, -112.2442, 150, 100, 0
L -460.3035, 986.9600, -112.2442, -461.1720, 974.2865, -114.2180, 150, 100, 0
L -461.1720, 974.2865, -114.2180, -462.1964, 971.7949, -114.4929, 150, 100, 0
L -462.1964, 971.7949, -114.4929, -466.3570, 966.5916, -114.7928, 150, 100, 0
L -466.3570, 966.5916, -114.7928, -468.2278, 957.7390, -116.0005, 150, 100, 0
L -468.2278, 957.7390, -116.0005, -473.6869, 955.2299, -115.6832, 150, 100, 0
L -473.6869, 955.2299, -115.6832, -491.5659, 957.1346, -112.9670, 150, 100, 0
L -491.5659, 957.1346, -112.9670, -499.7357, 953.8710, -112.5937, 150, 100, 0
L -499.7357, 953.8710, -112.5937, -505.0220, 951.7590, -112.6554, 150, 100, 0
L -505.0220, 951.7590, -112.6554, -514.5312, 935.4498, -113.4607, 150, 100, 0
L -514.5312, 935.4498, -113.4607, -546.1390, 911.6708, -112.5305, 150, 100, 0
L -546.1390, 911.6708, -112.5305, -554.6108, 904.5402, -112.2878, 150, 100, 0
L -554.6108, 904.5402, -112.2878, -557.4566, 899.0955, -112.2056, 150, 100, 0
L -557.4566, 899.0955, -112.2056, -557.6020, 896.0856, -112.1989, 150, 100, 0
L -557.6020, 896.0856, -112.1989, -557.7592, 892.8617, -112.4525, 150, 100, 0
L -557.7592, 892.8617, -112.4525, -554.6664, 887.9659, -113.4766, 150, 100, 0
L -554.6664, 887.9659, -113.4766, -553.0880, 881.9568, -114.3967, 150, 100, 0
L -553.0880, 881.9568, -114.3967, -554.0590, 855.8997, -117.5148, 150, 100, 0
L -554.0590, 855.8997, -117.5148, -549.0353, 846.4969, -119.5972, 150, 100, 0
L -549.0353, 846.4969, -119.5972, -547.4526, 843.5323, -120.2535, 150, 100, 0
L -547.4526, 843.5323, -120.2535, -546.4536, 840.7292, -120.8029, 150, 100, 0
L -546.4536, 840.7292, -120.8029, -548.1786, 837.4860, -121.0258, 150, 100, 0
L -548.1786, 837.4860, -121.0258, -550.9314, 834.5511, -121.0568, 150, 100, 0
L -550.9314, 834.5511, -121.0568, -550.5624, 833.9800, -121.1251, 150, 100, 0
L -550.5624, 833.9800, -121.1251, -545.5955, 833.9255, -121.4703, 150, 100, 0
L -545.5955, 833.9255, -121.4703, -540.6332, 833.8707, -121.8137, 150, 100, 0
L -540.6332, 833.8707, -121.8137, -523.8755, 832.9592, -123.0304, 150, 100, 0
L -523.8755, 832.9592, -123.0304, -495.2888, 835.9601, -138.7175, 150, 100, 0
L -495.2888, 835.9601, -138.7175, -476.7134, 835.2200, -148.6053, 150, 100, 0
L -476.7134, 835.2200, -148.6053, -467.6880, 825.5981, -149.4768, 150, 100, 0
L -467.6880, 825.5981, -149.4768, -463.0801, 815.1918, -148.7323, 150, 100, 0
L -463.0801, 815.1918, -148.7323, -456.9841, 807.4225, -149.0446, 150, 100, 0
L -456.9841, 807.4225, -149.0446, -424.5719, 780.3027, -144.5300, 150, 100, 0
L -424.5719, 780.3027, -144.5300, -419.7594, 767.1205, -141.1756, 150, 100, 0
L -419.7594, 767.1205, -141.1756, -420.0092, 761.8903, -139.7833, 150, 100, 0
L -420.0092, 761.8903, -139.7833, -422.8168, 756.4016, -137.4174, 150, 100, 0
L -422.8168, 756.4016, -137.4174, -422.5592, 747.7861, -132.3947, 150, 100, 0
L -422.5592, 747.7861, -132.3947, -414.8936, 746.5598, -129.5610, 150, 100, 0
L -414.8936, 746.5598, -129.5610, -411.9899, 744.5704, -127.6114, 150, 100, 0
L -411.9899, 744.5704, -127.6114, -411.8369, 741.3234, -125.7029, 150, 100, 0
L -411.8369, 741.3234, -125.7029, -411.3356, 739.2997, -124.4007, 150, 100, 0
L -411.3356, 739.2997, -124.4007, -390.5365, 741.0106, -119.6074, 150, 100, 0
L -390.5365, 741.0106, -119.6074, -384.3535, 733.4761, -113.5307, 150, 100, 0
L -384.3535, 733.4761, -113.5307, -367.7123, 711.5984, -111.2802, 150, 100, 0
L -367.7123, 711.5984, -111.2802, -359.9221, 696.1167, -111.2802, 150, 100, 0
L -359.9221, 696.1167, -111.2802, -354.2759, 693.0165, -111.2802, 150, 100, 0
L -354.2759, 693.0165, -111.2802, -342.4780, 692.6373, -111.2446, 150, 100, 0
L -342.4780, 692.6373, -111.2446, -338.9915, 698.6179, -111.2528, 150, 100, 0
L -338.9915, 698.6179, -111.2528, -304.9854, 694.6171, -111.1697, 150, 100, 0
L -304.9854, 694.6171, -111.1697, -302.4937, 698.7777, -111.1836, 150, 100, 0
L -302.4937, 698.7777, -111.1836, -298.2474, 699.3999, -111.1863, 150, 100, 0
L -298.2474, 699.3999, -111.1863, -291.8765, 701.4994, -111.1942, 150, 100, 0
L -291.8765, 701.4994, -111.1942, -285.4372, 702.0399, -111.1971, 150, 100, 0
L -285.4372, 702.0399, -111.1971, -280.0827, 695.1699, -110.5917, 150, 100, 0
L -280.0827, 695.1699, -110.5917, -271.8332, 692.1826, -108.2231, 150, 100, 0
L -271.8332, 692.1826, -108.2231, -267.1685, 691.8358, -107.1725, 150, 100, 0
L -267.1685, 691.8358, -107.1725, -262.3714, 699.8335, -107.8894, 150, 100, 0
L -262.3714, 699.8335, -107.8894, -252.8668, 700.2267, -105.9773, 150, 100, 0
L -252.8668, 700.2267, -105.9773, -237.4955, 694.5607, -103.2370, 150, 100, 0
L -237.4955, 694.5607, -103.2370, -233.0436, 697.2255, -103.5683, 150, 100, 0
L -233.0436, 697.2255, -103.5683, -229.5206, 699.3365, -103.8296, 150, 100, 0
L -229.5206, 699.3365, -103.8296, -224.6208, 702.2700, -104.1868, 150, 100, 0
L -224.6208, 702.2700, -104.1868, -219.0563, 701.8184, -103.7977, 150, 100, 0
L -219.0563, 701.8184, -103.7977, -210.3758, 694.7336, -102.6623, 150, 100, 0
L -210.3758, 694.7336, -102.6623, -202.4805, 691.2310, -103.5504, 150, 100, 0
L -202.4805, 691.2310, -103.5504, -199.4659, 692.5173, -103.9729, 150, 100, 0
L -199.4659, 692.5173, -103.9729, -193.8815, 698.9114, -104.8837, 150, 100, 0
L -193.8815, 698.9114, -104.8837, -191.0705, 698.2857, -105.2194, 150, 100, 0
L -191.0705, 698.2857, -105.2194, -189.0430, 697.3622, -105.4463, 150, 100, 0
L -189.0430, 697.3622, -105.4463, -182.7989, 699.4669, -106.3034, 150, 100, 0
L -182.7989, 699.4669, -106.3034, -170.0262, 693.7234, -107.0030, 150, 100, 0
L -170.0262, 693.7234, -107.0030, -167.0095, 697.9003, -107.2999, 150, 100, 0
L -167.0095, 697.9003, -107.2999, -161.5857, 698.0172, -107.5971, 150, 100, 0
L -161.5857, 698.0172, -107.5971, -154.9091, 702.4743, -108.1009, 150, 100, 0
L -154.9091, 702.4743, -108.1009, -149.0590, 701.5351, -108.3873, 150, 100, 0
L -149.0590, 701.5351, -108.3873, -131.8356, 691.5166, -109.5789, 150, 100, 0
L -131.8356, 691.5166, -109.5789, -124.8108, 699.4637, -110.1813, 150, 100, 0
L -124.8108, 699.4637, -110.1813, -103.9256, 697.6852, -111.2802, 150, 100, 0
L -103.9256, 697.6852, -111.2802, -89.8077, 703.9048, -111.2802, 150, 100, 0
L -89.8077, 703.9048, -111.2802, -84.8295, 703.9048, -111.2802, 150, 100, 0
L -84.8295, 703.9048, -111.2802, -67.1022, 694.0879, -111.8216, 150, 100, 0
L -67.1022, 694.0879, -111.8216, -59.6252, 699.6511, -111.9029, 150, 100, 0
L -59.6252, 699.6511, -111.9029, -50.5445, 701.1855, -112.2342, 150, 100, 0
L -50.5445, 701.1855, -112.2342, -33.8662, 694.7543, -112.8167, 150, 100, 0
L -33.8662, 694.7543, -112.8167, -26.6802, 697.9390, -112.6750, 150, 100, 0
L -26.6802, 697.9390, -112.6750, -19.9691, 702.1757, -112.4865, 150, 100, 0
L -19.9691, 702.1757, -112.4865, -15.2642, 702.0681, -112.4912, 150, 100, 0
L -15.2642, 702.0681, -112.4912, -8.3710, 696.6875, -112.7254, 150, 100, 0
L -8.3710, 696.6875, -112.7254, -4.1735, 694.2889, -112.6743, 150, 100, 0
L -4.1735, 694.2889, -112.6743, 0.4775, 693.4247, -112.5811, 150, 100, 0
L 0.4775, 693.4247, -112.5811, 1.9817, 692.0972, -112.5723, 150, 100, 0
L 1.9817, 692.0972, -112.5723, 4.2332, 692.5970, -112.5085, 150, 100, 0
L 4.2332, 692.5970, -112.5085, 9.9830, 698.2904, -112.2553, 150, 100, 0
L 9.9830, 698.2904, -112.2553, 13.2006, 697.2327, -112.2002, 150, 100, 0
L 13.2006, 697.2327, -112.2002, 20.2581, 699.9454, -111.9767, 150, 100, 0
L 20.2581, 699.9454, -111.9767, 33.2591, 694.8027, -111.9870, 150, 100, 0
L 33.2591, 694.8027, -111.9870, 52.3284, 702.4206, -111.8313, 150, 100, 0
L 52.3284, 702.4206, -111.8313, 71.0892, 692.6655, -109.4866, 150, 100, 0
L 71.0892, 692.6655, -109.4866, 78.4369, 698.9946, -109.2023, 150, 100, 0
L 78.4369, 698.9946, -109.2023, 88.4709, 700.5060, -107.7825, 150, 100, 0
L 88.4709, 700.5060, -107.7825, 100.5316, 696.4354, -106.5276, 150, 100, 0
L 100.5316, 696.4354, -106.5276, 103.0320, 695.8785, -106.4471, 150, 100, 0
L 103.0320, 695.8785, -106.4471, 117.3297, 702.5237, -107.4083, 150, 100, 0
L 117.3297, 702.5237, -107.4083, 127.2809, 698.5372, -106.8316, 150, 100, 0
L 127.2809, 698.5372, -106.8316, 128.7437, 696.8375, -106.7021, 150, 100, 0
L 128.7437, 696.8375, -106.7021, 138.9013, 692.9507, -108.1545, 150, 100, 0
L 138.9013, 692.9507, -108.1545, 143.9243, 696.7706, -108.8723, 150, 100, 0
L 143.9243, 696.7706, -108.8723, 150.7426, 699.0098, -109.8477, 150, 100, 0
L 150.7426, 699.0098, -109.8477, 154.8732, 700.3696, -110.4383, 150, 100, 0
L 154.8732, 700.3696, -110.4383, 170.1588, 696.4649, -111.1206, 150, 100, 0
L 170.1588, 696.4649, -111.1206, 176.6027, 698.4946, -111.0113, 150, 100, 0
L 176.6027, 698.4946, -111.0113, 188.7186, 702.2933, -110.8057, 150, 100, 0
L 188.7186, 702.2933, -110.8057, 200.7055, 696.5969, -110.6845, 150, 100, 0
L 200.7055, 696.5969, -110.6845, 206.7894, 692.9618, -110.7470, 150, 100, 0
L 206.7894, 692.9618, -110.7470, 209.4317, 692.5101, -110.7547, 150, 100, 0
L 209.4317, 692.5101, -110.7547, 215.9291, 699.6969, -110.6314, 150, 100, 0
L 215.9291, 699.6969, -110.6314, 219.0803, 699.5162, -110.6345, 150, 100, 0
L 219.0803, 699.5162, -110.6345, 246.5634, 702.7718, -110.2793, 150, 100, 0
L 246.5634, 702.7718, -110.2793, 254.0440, 701.4390, -110.1753, 150, 100, 0
L 254.0440, 701.4390, -110.1753, 261.7616, 683.4781, -110.5390, 150, 100, 0
L 261.7616, 683.4781, -110.5390, 265.2365, 666.0010, -111.1274, 150, 100, 0
L 265.2365, 666.0010, -111.1274, 263.7875, 651.7958, -111.4875, 150, 100, 0
L 263.7875, 651.7958, -111.4875, 265.8080, 644.5317, -111.6371, 150, 100, 0
L 265.8080, 644.5317, -111.6371, 269.7747, 634.5177, -111.8540, 150, 100, 0
L 269.7747, 634.5177, -111.8540, 264.4948, 625.9389, -112.1443, 150, 100, 0
L 264.4948, 625.9389, -112.1443, 259.9837, 616.3896, -112.5126, 150, 100, 0
L 259.9837, 616.3896, -112.5126, 265.6310, 608.3691, -113.1364, 150, 100, 0
L 265.6310, 608.3691, -113.1364, 266.2597, 599.8433, -113.6180, 150, 100, 0
L 266.2597, 599.8433, -113.6180, 263.0094, 584.4392, -114.4653, 150, 100, 0
L 263.0094, 584.4392, -114.4653, 269.8933, 569.8077, -115.6718, 150, 100, 0
L 269.8933, 569.8077, -115.6718, 264.9045, 560.7164, -116.2377, 150, 100, 0
L 264.9045, 560.7164, -116.2377, 259.4242, 548.3257, -117.3354, 150, 100, 0
L 259.4242, 548.3257, -117.3354, 261.2932, 545.5968, -117.8773, 150, 100, 0
L 261.2932, 545.5968, -117.8773, 265.4362, 542.3626, -118.7058, 150, 100, 0
L 265.4362, 542.3626, -118.7058, 265.9507, 536.4373, -119.5369, 150, 100, 0
L 265.9507, 536.4373, -119.5369, 266.5529, 533.8751, -119.9333, 150, 100, 0
L 266.5529, 533.8751, -119.9333, 266.0723, 530.8323, -120.2887, 150, 100, 0
L 266.0723, 530.8323, -120.2887, 261.6808, 520.1235, -119.1397, 150, 100, 0
L 261.6808, 520.1235, -119.1397, 261.6808, 520.1235, -119.1397, 150, 100, 0
L 261.6808, 520.1235, -119.1397, 265.3727, 508.9379, -117.5555, 150, 100, 0
L 265.3727, 508.9379, -117.5555, 270.6322, 502.0100, -116.8644, 150, 100, 0
L 270.6322, 502.0100, -116.8644, 268.6781, 495.6977, -116.2044, 150, 100, 0
L 268.6781, 495.6977, -116.2044, 262.6100, 489.9177, -114.5656, 150, 100, 0
L 262.6100, 489.9177, -114.5656, 259.2863, 479.9666, -113.7842, 150, 100, 0
L 259.2863, 479.9666, -113.7842, 266.3757, 472.0707, -115.9469, 150, 100, 0
L 266.3757, 472.0707, -115.9469, 265.2005, 469.5463, -115.6570, 150, 100, 0
L 265.2005, 469.5463, -115.6570, 267.1878, 464.5220, -116.3124, 150, 100, 0
L 267.1878, 464.5220, -116.3124, 261.0711, 449.5517, -115.5219, 150, 100, 0
L 261.0711, 449.5517, -115.5219, 264.8157, 444.7485, -117.0111, 150, 100, 0
L 264.8157, 444.7485, -117.0111, 265.5621, 442.4882, -117.4187, 150, 100, 0
L 265.5621, 442.4882, -117.4187, 269.2115, 435.4395, -119.0758, 150, 100, 0
L 269.2115, 435.4395, -119.0758, 269.7751, 430.1165, -119.0332, 150, 100, 0
L 269.7751, 430.1165, -119.0332, 262.9947, 422.8140, -117.5673, 150, 100, 0
L 262.9947, 422.8140, -117.5673, 261.6419, 420.4223, -117.1122, 150, 100, 0
L 261.6419, 420.4223, -117.1122, 257.4198, 412.9697, -115.6941, 150, 100, 0
L 257.4198, 412.9697, -115.6941, 267.2247, 405.6973, -114.7122, 150, 100, 0
L 267.2247, 405.6973, -114.7122, 264.7470, 401.5492, -113.9192, 150, 100, 0
L 264.7470, 401.5492, -113.9192, 267.1719, 397.4980, -113.2846, 150, 100, 0
L 267.1719, 397.4980, -113.2846, 267.2892, 394.9727, -112.8487, 150, 100, 0
L 267.2892, 394.9727, -112.8487, 264.9074, 390.6412, -112.3877, 150, 100, 0
L 264.9074, 390.6412, -112.3877, 265.5645, 374.6998, -113.0570, 150, 100, 0
L 265.5645, 374.6998, -113.0570, 264.8581, 368.8048, -113.2771, 150, 100, 0
L 264.8581, 368.8048, -113.2771, 261.0081, 364.5424, -113.3399, 150, 100, 0
L 261.0081, 364.5424, -113.3399, 261.6808, 350.2076, -113.4472, 150, 100, 0
L 261.6808, 350.2076, -113.4472, 271.4670, 342.4413, -112.8257, 150, 100, 0
L 271.4670, 342.4413, -112.8257, 275.4595, 342.2036, -112.6578, 150, 100, 0
L 275.4595, 342.2036, -112.6578, 284.2049, 338.3332, -112.1920, 150, 100, 0
L 284.2049, 338.3332, -112.1920, 320.2259, 314.2765, -111.2802, 150, 100, 0
L 320.2259, 314.2765, -111.2802, 324.2577, 312.6669, -111.2802, 150, 100, 0
L 324.2577, 312.6669, -111.2802, 327.1281, 311.5208, -111.2802, 150, 100, 0
L 327.1281, 311.5208, -111.2802, 327.7371, 301.6683, -111.2802, 150, 100, 0
L 327.7371, 301.6683, -111.2802, 331.5124, 295.8640, -111.2802, 150, 100, 0
L 331.5124, 295.8640, -111.2802, 331.3058, 292.3793, -111.2802, 150, 100, 0
L 331.3058, 292.3793, -111.2802, 327.9582, 284.4244, -111.2802, 150, 100, 0
L 327.9582, 284.4244, -111.2802, 327.6285, 277.4391, -111.2802, 150, 100, 0
L 327.6285, 277.4391, -111.2802, 337.0709, 273.6669, -111.2802, 150, 100, 0
L 337.0709, 273.6669, -111.2802, 339.0766, 268.9748, -111.2802, 150, 100, 0
L 339.0766, 268.9748, -111.2802, 342.4712, 269.0858, -111.2802, 150, 100, 0
L 342.4712, 269.0858, -111.2802, 358.0706, 269.6764, -111.2802, 150, 100, 0
L 358.0706, 269.6764, -111.2802, 360.2163, 268.8786, -111.2802, 150, 100, 0
L 360.2163, 268.8786, -111.2802, 384.6031, 244.8044, -111.2802, 150, 100, 0
L 384.6031, 244.8044, -111.2802, 393.8638, 243.6670, -111.2802, 150, 100, 0
L 393.8638, 243.6670, -111.2802, 400.3053, 235.5711, -111.2802, 150, 100, 0
L 400.3053, 235.5711, -111.2802, 404.7934, 232.9116, -111.2802, 150, 100, 0
L 404.7934, 232.9116, -111.2802, 405.1560, 222.6143, -111.2802, 150, 100, 0
L 405.1560, 222.6143, -111.2802, 405.4410, 217.8370, -111.2802, 150, 100, 0
L 405.4410, 217.8370, -111.2802, 401.9881, 213.4086, -111.2802, 150, 100, 0
L 401.9881, 213.4086, -111.2802, 400.5564, 203.6564, -111.2802, 150, 100, 0
L 400.5564, 203.6564, -111.2802, 401.8216, 188.8800, -111.2802, 150, 100, 0
L 401.8216, 188.8800, -111.2802, 402.8250, 177.1544, -111.2802, 150, 100, 0
L 402.8250, 177.1544, -111.2802, 405.9126, 169.4746, -111.2802, 150, 100, 0
L 405.9126, 169.4746, -111.2802, 409.5629, 164.4236, -111.2802, 150, 100, 0
L 409.5629, 164.4236, -111.2802, 410.9736, 162.4676, -111.2802, 150, 100, 0
L 410.9736, 162.4676, -111.2802, 400.2828, 161.1278, -111.2802, 150, 100, 0
L 400.2828, 161.1278, -111.2802, 395.0241, 161.9153, -111.2802, 150, 100, 0
L 395.0241, 161.9153, -111.2802, 393.0840, 164.4097, -111.2802, 150, 100, 0
L 393.0840, 164.4097, -111.2802, 394.4728, 168.3161, -111.2802, 150, 100, 0
L 427.0532, 108.1611, -111.2802, 410.0027, 98.3195, -111.2802, 0, 0, 0
L 410.0027, 98.3195, -111.2802, 409.6613, 97.7628, -111.2802, 0, 0, 0
L 409.6613, 97.7628, -111.2802, 409.6619, 36.8522, -110.9553, 0, 0, 0
L 409.6619, 36.8522, -110.9553, 409.9739, 36.3595, -110.9467, 0, 0, 0
L 409.9739, 36.3595, -110.9467, 462.8072, 5.8502, -111.2802, 0, 0, 0
L 462.8072, 5.8502, -111.2802, 463.2687, 5.9112, -111.2802, 0, 0, 0
L 463.2687, 5.9112, -111.2802, 515.8723, 36.2789, -111.2802, 0, 0, 0
L 515.8723, 36.2789, -111.2802, 516.2773, 36.5757, -111.2802, 0, 0, 0
L 516.2773, 36.5757, -111.2802, 516.3182, 97.7758, -108.6114, 0, 0, 0
L 516.3182, 97.7758, -108.6114, 515.9285, 98.3440, -108.6477, 0, 0, 0
L 515.9285, 98.3440, -108.6477, 463.3115, 128.7097, -110.5754, 0, 0, 0
L 463.3115, 128.7097, -110.5754, 462.7715, 128.7750, -110.5854, 0, 0, 0
L 462.7715, 128.7750, -110.5854, 424.6368, 106.7664, -111.2802, 0, 0, 0
L 412.1569, 67.9705, -109.2917, 412.1569, 38.4853, -109.2917, 0, 0, 0
L 412.1569, 38.4853, -109.2917, 462.7194, 9.2956, -109.2917, 0, 0, 0
L 462.7194, 9.2956, -109.2917, 513.2819, 38.4850, -109.2917, 0, 0, 0
L 513.2819, 38.4850, -109.2917, 513.2819, 38.4850, -109.2917, 0, 0, 0
L 513.2819, 38.4850, -109.2917, 513.2818, 96.8804, -109.0028, 0, 0, 0
L 513.2818, 96.8804, -109.0028, 462.7194, 126.0702, -109.2917, 0, 0, 0
L 462.7194, 126.0702, -109.2917, 412.1569, 96.8804, -109.2917, 0, 0, 0
L 412.1569, 96.8804, -109.2917, 412.1569, 66.1719, -109.2917, 0, 0, 0
L 412.1124, 73.6698, -109.2917, 409.6569, 74.2221, -111.2802, 0, 0, 0
L 409.6569, 60.1668, -111.2802, 412.1567, 59.8569, -109.2917, 0, 0, 0
L 447.1165, 68.3770, -109.2917, 447.1170, 59.5018, -109.2917, 0, 0, 0
L 447.1170, 59.5018, -109.2917, 447.2972, 59.2003, -109.2917, 0, 0, 0
L 447.2972, 59.2003, -109.2917, 460.1456, 51.7825, -109.2917, 0, 0, 0
L 460.1456, 51.7825, -109.2917, 460.8266, 51.6951, -109.2917, 0, 0, 0
L 460.8266, 51.6951, -109.2917, 473.6139, 59.0776, -109.2917, 0, 0, 0
L 473.6139, 59.0776, -109.2917, 474.0071, 59.7609, -109.2917, 0, 0, 0
L 474.0071, 59.7609, -109.2917, 474.0071, 74.6177, -109.2917, 0, 0, 0
L 474.0071, 74.6177, -109.2917, 473.8102, 74.9431, -109.2917, 0, 0, 0
L 473.8102, 74.9431, -109.2917, 460.8418, 82.4301, -109.2917, 0, 0, 0
L 460.8418, 82.4301, -109.2917, 460.1570, 82.3581, -109.2917, 0, 0, 0
L 460.1570, 82.3581, -109.2917, 447.4798, 75.0392, -109.2917, 0, 0, 0
L 447.4798, 75.0392, -109.2917, 447.1165, 74.3871, -109.2917, 0, 0, 0
L 447.1165, 74.3871, -109.2917, 447.1165, 65.3327, -109.2917, 0, 0, 0
L 573.6983, -58.3469, -111.0244, 564.5468, -63.6287, -111.2802, 0, 0, 0
L 564.5468, -63.6287, -111.2802, 564.3320, -64.1713, -111.2802, 0, 0, 0
L 564.3320, -64.1713, -111.2802, 564.3320, -125.0360, -111.2802, 0, 0, 0
L 564.3320, -125.0360, -111.2802, 564.6152, -125.5015, -111.2802, 0, 0, 0
L 564.6152, -125.5015, -111.2802, 617.4158, -155.9915, -111.2802, 0, 0, 0
L 617.4158, -155.9915, -111.2802, 617.9106, -155.9848, -111.2800, 0, 0, 0
L 617.9106, -155.9848, -111.2800, 670.4372, -125.6617, -111.2801, 0, 0, 0
L 670.4372, -125.6617, -111.2801, 670.9977, -125.0549, -111.2802, 0, 0, 0
L 670.9977, -125.0549, -111.2802, 670.9944, -64.2748, -109.5243, 0, 0, 0
L 670.9944, -64.2748, -109.5243, 670.7885, -63.6362, -109.4615, 0, 0, 0
L 670.7885, -63.6362, -109.4615, 617.9206, -33.1328, -108.1877, 0, 0, 0
L 617.9206, -33.1328, -108.1877, 617.1511, -33.2730, -108.2025, 0, 0, 0
L 617.1511, -33.2730, -108.2025, 571.0771, -59.8594, -111.1968, 0, 0, 0
L 564.3293, -88.2823, -111.2802, 566.2780, -88.4045, -107.6254, 0, 0, 0
L 566.2780, -88.4045, -107.6254, 566.9702, -88.1180, -108.2660, 0, 0, 0
L 566.9702, -88.1180, -108.2660, 566.8293, -64.9960, -108.2660, 0, 0, 0
L 566.8293, -64.9960, -108.2660, 617.3918, -35.8062, -108.2660, 0, 0, 0
L 617.3918, -35.8062, -108.2660, 667.9543, -64.9960, -108.2660, 0, 0, 0
L 667.9543, -64.9960, -108.2660, 667.9529, -123.3919, -108.2660, 0, 0, 0
L 667.9529, -123.3919, -108.2660, 617.3918, -152.5808, -108.2660, 0, 0, 0
L 617.3918, -152.5808, -108.2660, 566.8293, -123.3911, -108.2660, 0, 0, 0
L 566.8293, -123.3911, -108.2660, 566.8293, -102.0885, -108.2660, 0, 0, 0
L 566.8293, -102.0885, -108.2660, 566.2411, -101.6545, -107.6254, 0, 0, 0
L 566.2411, -101.6545, -107.6254, 564.3293, -102.1631, -111.2802, 0, 0, 0
L 566.8293, -104.7639, -108.2660, 566.8293, -83.2619, -108.2660, 0, 0, 0
L 611.5475, -91.1542, -108.2660, 611.5475, -101.7576, -108.2660, 0, 0, 0
L 611.5475, -101.7576, -108.2660, 611.8287, -102.2881, -108.2660, 0, 0, 0
L 611.8287, -102.2881, -108.2660, 624.5756, -109.6473, -108.2660, 0, 0, 0
L 624.5756, -109.6473, -108.2660, 625.3403, -109.6875, -108.2660, 0, 0, 0
L 625.3403, -109.6875, -108.2660, 638.0325, -102.3599, -108.2660, 0, 0, 0
L 638.0325, -102.3599, -108.2660, 638.4382, -101.3391, -108.2660, 0, 0, 0
L 638.4382, -101.3391, -108.2660, 638.4381, -87.0910, -108.2660, 0, 0, 0
L 638.4381, -87.0910, -108.2660, 638.0292, -86.3648, -108.2660, 0, 0, 0
L 638.0292, -86.3648, -108.2660, 625.3533, -79.0466, -108.2660, 0, 0, 0
L 625.3533, -79.0466, -108.2660, 624.5967, -79.0619, -108.2660, 0, 0, 0
L 624.5967, -79.0619, -108.2660, 611.9424, -86.3729, -108.2660, 0, 0, 0
L 611.9424, -86.3729, -108.2660, 611.5475, -86.9185, -108.2660, 0, 0, 0
L 611.5475, -86.9185, -108.2660, 611.5475, -94.0554, -108.2660, 0, 0, 0
L 824.7347, -138.8745, -110.3258, 824.7347, -155.8657, -110.3258, 0, 0, 0
L 824.7347, -155.8657, -110.3258, 875.2972, -185.0555, -110.3258, 0, 0, 0
L 875.2972, -185.0555, -110.3258, 925.8597, -155.8657, -110.3258, 0, 0, 0
L 925.8597, -155.8657, -110.3258, 925.8597, -97.4694, -110.3258, 0, 0, 0
L 925.8597, -97.4694, -110.3258, 875.2972, -68.2808, -110.3258, 0, 0, 0
L 875.2972, -68.2808, -110.3258, 824.7347, -97.4706, -110.3258, 0, 0, 0
L 824.7347, -97.4706, -110.3258, 824.7347, -120.4983, -110.3258, 0, 0, 0
L 824.7347, -120.4983, -110.3258, 824.2432, -120.8791, -109.6851, 0, 0, 0
L 824.2432, -120.8791, -109.6851, 822.5745, -120.8772, -109.6892, 0, 0, 0
L 822.5745, -120.8772, -109.6892, 822.2347, -120.7782, -111.2802, 0, 0, 0
L 822.2347, -120.7782, -111.2802, 822.2408, -96.4529, -111.2802, 0, 0, 0
L 822.2408, -96.4529, -111.2802, 822.6081, -96.0179, -111.2802, 0, 0, 0
L 822.6081, -96.0179, -111.2802, 875.0856, -65.7297, -110.8351, 0, 0, 0
L 875.0856, -65.7297, -110.8351, 875.8549, -65.6229, -110.8316, 0, 0, 0
L 875.8549, -65.6229, -110.8316, 928.5350, -96.0198, -111.2802, 0, 0, 0
L 928.5350, -96.0198, -111.2802, 928.8992, -96.7151, -111.2800, 0, 0, 0
L 928.8992, -96.7151, -111.2800, 928.8974, -157.5993, -110.3319, 0, 0, 0
L 928.8974, -157.5993, -110.3319, 928.4664, -158.0586, -110.3149, 0, 0, 0
L 928.4664, -158.0586, -110.3149, 875.8849, -188.4149, -110.8905, 0, 0, 0
L 875.8849, -188.4149, -110.8905, 875.2673, -188.4303, -110.9236, 0, 0, 0
L 875.2673, -188.4303, -110.9236, 822.7468, -158.1028, -111.2802, 0, 0, 0
L 822.7468, -158.1028, -111.2802, 822.2408, -157.3250, -111.2802, 0, 0, 0
L 822.2408, -157.3250, -111.2802, 822.2360, -113.3131, -111.2802, 0, 0, 0
L 824.7347, -143.6089, -110.3258, 824.7347, -117.2844, -110.3258, 0, 0, 0
L 824.7347, -134.4693, -110.3258, 822.2347, -134.6540, -111.2802, 0, 0, 0
L 853.4745, -124.6101, -110.3258, 860.2143, -136.2841, -110.3258, 0, 0, 0
L 860.2143, -136.2841, -110.3258, 860.8696, -136.6370, -110.3258, 0, 0, 0
L 860.8696, -136.6370, -110.3258, 875.6471, -136.6370, -110.3258, 0, 0, 0
L 875.6471, -136.6370, -110.3258, 876.0717, -136.4139, -110.3258, 0, 0, 0
L 876.0717, -136.4139, -110.3258, 883.4540, -123.6270, -110.3258, 0, 0, 0
L 883.4540, -123.6270, -110.3258, 883.3663, -122.6045, -110.3258, 0, 0, 0
L 883.3663, -122.6045, -110.3258, 876.2088, -110.2070, -110.3258, 0, 0, 0
L 876.2088, -110.2070, -110.3258, 875.4551, -109.7464, -110.3258, 0, 0, 0
L 875.4551, -109.7464, -110.3258, 860.6549, -109.7464, -110.3258, 0, 0, 0
L 860.6549, -109.7464, -110.3258, 860.1503, -110.2101, -110.3258, 0, 0, 0
L 860.1503, -110.2101, -110.3258, 852.8087, -122.9267, -110.3258, 0, 0, 0
L 852.8087, -122.9267, -110.3258, 853.1167, -123.9903, -110.3258, 0, 0, 0
L 853.1167, -123.9903, -110.3258, 855.9817, -128.9527, -110.3258, 0, 0, 0
L 909.7190, -249.2817, -93.6617, 909.9856, -249.2316, -93.5732, 0, 125, 0
L 1072.8138, -103.4147, -94.9782, 1072.8569, -103.3838, -94.9618, 0, 125, 0
L 985.8839, 313.2677, -106.1000, 987.6613, 328.4695, -109.1692, 0, 125, 0
L 987.6613, 328.4695, -109.1692, 1003.4843, 342.7391, -108.7693, 0, 125, 0
L 1452.5338, 793.6359, -112.0637, 1449.7104, 822.2733, -110.4488, 0, 125, 0
L 1449.7104, 822.2733, -110.4488, 1431.8951, 846.0393, -109.8693, 0, 125, 0
L 1431.8951, 846.0393, -109.8693, 1430.8267, 863.1269, -109.9059, 0, 125, 0
L 1430.8267, 863.1269, -109.9059, 1454.9218, 874.8053, -104.9358, 0, 125, 0
L 1454.9218, 874.8053, -104.9358, 1454.0206, 905.2049, -93.0948, 0, 125, 0
L 1454.0206, 905.2049, -93.0948, 1424.0131, 937.8696, -91.1479, 0, 125, 0
L 271.8486, -1872.0399, -112.0698, 269.4451, -1879.5774, -111.8495, 0, 0, 0
L 269.4451, -1879.5774, -111.8495, 269.5035, -1880.1195, -111.8337, 0, 0, 0
L 269.5035, -1880.1195, -111.8337, 272.0600, -1887.7174, -111.6117, 0, 0, 0
L 272.0600, -1887.7174, -111.6117, 272.5072, -1888.0331, -111.6025, 0, 0, 0
L 272.5072, -1888.0331, -111.6025, 277.0749, -1888.0308, -111.6025, 0, 0, 0
L 277.0749, -1888.0308, -111.6025, 277.0754, -1888.2916, -111.5949, 0, 0, 0
L 277.0754, -1888.2916, -111.5949, 277.6342, -1888.6598, -111.5826, 0, 0, 0
L 277.6342, -1888.6598, -111.5826, 282.2690, -1888.6593, -111.5788, 0, 0, 0
L 282.2690, -1888.6593, -111.5788, 282.6826, -1888.2859, -111.5939, 0, 0, 0
L 282.6826, -1888.2859, -111.5939, 282.6827, -1888.0331, -111.5956, 0, 0, 0
L 282.6827, -1888.0331, -111.5956, 287.0624, -1888.0331, -111.6025, 0, 0, 0
L 287.0624, -1888.0331, -111.6025, 287.7373, -1887.5807, -111.6157, 0, 0, 0
L 287.7373, -1887.5807, -111.6157, 290.4761, -1879.9218, -111.8395, 0, 0, 0
L 290.4761, -1879.9218, -111.8395, 290.4144, -1879.4293, -111.8539, 0, 0, 0
L 290.4144, -1879.4293, -111.8539, 287.6566, -1871.6401, -112.0815, 0, 0, 0
L 287.6566, -1871.6401, -112.0815, 286.9931, -1871.0583, -112.0985, 0, 0, 0
L 286.9931, -1871.0583, -112.0985, 272.6044, -1871.0583, -112.0985, 0, 0, 0
L 272.6044, -1871.0583, -112.0985, 272.0497, -1871.4097, -112.0882, 0, 0, 0
L 272.0497, -1871.4097, -112.0882, 271.7823, -1872.2479, -112.0637, 0, 0, 0
L 283.6512, -1886.9326, -111.0032, 286.5894, -1886.9326, -111.0032, 0, 0, 0
L 286.5894, -1886.9326, -111.0032, 289.3184, -1879.7599, -111.0032, 0, 0, 0
L 289.3184, -1879.7599, -111.0032, 286.5842, -1872.1589, -111.0032, 0, 0, 0
L 286.5842, -1872.1589, -111.0032, 273.0424, -1872.1636, -111.0032, 0, 0, 0
L 273.0424, -1872.1636, -111.0032, 270.4947, -1879.9927, -111.0032, 0, 0, 0
L 270.4947, -1879.9927, -111.0032, 273.0401, -1886.9357, -111.0032, 0, 0, 0
L 273.0401, -1886.9357, -111.0032, 286.5894, -1886.9325, -111.0032, 0, 0, 0
L 286.5894, -1886.9325, -111.0032, 286.5894, -1886.9325, -111.0032, 0, 0, 0
L 283.6469, -1872.0770, -109.8547, 283.5646, -1863.8860, -109.8506, 0, 0, 0
L 283.5646, -1863.8860, -109.8506, 275.4650, -1863.8915, -109.8508, 0, 0, 0
L 275.4650, -1863.8915, -109.8508, 275.4650, -1872.1627, -109.8508, 0, 0, 0
L 201.8839, -1866.9366, -112.3232, 197.2357, -1862.0608, -112.4512, 0, 0, 0
L 197.2357, -1862.0608, -112.4512, 196.5174, -1861.8979, -112.4281, 0, 0, 0
L 196.5174, -1861.8979, -112.4281, 190.0519, -1862.1615, -112.2206, 0, 0, 0
L 190.0519, -1862.1615, -112.2206, 190.1725, -1862.0276, -112.2245, 0, 0, 0
L 190.1725, -1862.0276, -112.2245, 185.7474, -1866.9459, -112.0825, 0, 0, 0
L 185.7474, -1866.9459, -112.0825, 185.5790, -1867.5818, -112.0771, 0, 0, 0
L 185.5790, -1867.5818, -112.0771, 185.5791, -1875.6627, -112.0399, 0, 0, 0
L 185.5791, -1875.6627, -112.0399, 185.6944, -1876.1086, -112.0254, 0, 0, 0
L 185.6944, -1876.1086, -112.0254, 189.9658, -1880.8562, -111.8713, 0, 0, 0
L 189.9658, -1880.8562, -111.8713, 189.9963, -1885.2780, -111.7277, 0, 0, 0
L 189.9963, -1885.2780, -111.7277, 190.4674, -1885.5961, -111.7134, 0, 0, 0
L 190.4674, -1885.5961, -111.7134, 196.8086, -1885.5970, -111.7156, 0, 0, 0
L 196.8086, -1885.5970, -111.7156, 197.3414, -1885.2513, -111.7285, 0, 0, 0
L 197.3414, -1885.2513, -111.7285, 197.6707, -1880.5962, -111.8797, 0, 0, 0
L 197.6707, -1880.5962, -111.8797, 202.0331, -1876.1428, -112.0243, 0, 0, 0
L 202.0331, -1876.1428, -112.0243, 208.9851, -1874.5579, -112.0758, 0, 0, 0
L 208.9851, -1874.5579, -112.0758, 209.3847, -1873.9875, -112.0943, 0, 0, 0
L 209.3847, -1873.9875, -112.0943, 209.3847, -1869.3087, -112.2462, 0, 0, 0
L 209.3847, -1869.3087, -112.2462, 209.2444, -1868.6360, -112.2680, 0, 0, 0
L 209.2444, -1868.6360, -112.2680, 201.8829, -1866.9365, -112.3232, 0, 0, 0
L 201.8829, -1866.9365, -112.3232, 201.8829, -1866.9365, -112.3232, 0, 0, 0
L 196.7501, -1880.1730, -111.2359, 200.7952, -1875.5640, -111.2359, 0, 0, 0
L 200.7952, -1875.5640, -111.2359, 201.3924, -1875.1543, -111.2359, 0, 0, 0
L 201.3924, -1875.1543, -111.2359, 208.2382, -1873.6948, -111.2359, 0, 0, 0
L 208.2382, -1873.6948, -111.2359, 208.2398, -1869.4185, -111.2359, 0, 0, 0
L 208.2398, -1869.4185, -111.2359, 201.4236, -1867.9656, -111.2359, 0, 0, 0
L 201.4236, -1867.9656, -111.2359, 201.3831, -1867.9569, -111.2359, 0, 0, 0
L 201.3831, -1867.9569, -111.2359, 200.8940, -1867.6669, -111.2359, 0, 0, 0
L 200.8940, -1867.6669, -111.2359, 196.7480, -1862.9406, -111.2359, 0, 0, 0
L 196.7480, -1862.9406, -111.2359, 190.6353, -1862.9406, -111.2359, 0, 0, 0
L 190.6353, -1862.9406, -111.2359, 186.7248, -1867.6893, -111.2359, 0, 0, 0
L 186.7248, -1867.6893, -111.2359, 186.7317, -1875.4351, -111.2359, 0, 0, 0
L 186.7317, -1875.4351, -111.2359, 186.7247, -1875.4264, -111.2359, 0, 0, 0
L 186.7247, -1875.4264, -111.2359, 190.6332, -1880.1732, -111.2359, 0, 0, 0
L 190.6332, -1880.1732, -111.2359, 196.7500, -1880.1729, -111.2359, 0, 0, 0
L 196.7500, -1880.1729, -111.2359, 196.7500, -1880.1729, -111.2359, 0, 0, 0
L 1034.0907, -429.3120, -111.2669, 1045.0326, -421.5826, -111.2802, 0, 125, 0
L 1045.0326, -421.5826, -111.2802, 1049.9082, -416.9056, -111.2802, 0, 125, 0
L 1049.9082, -416.9056, -111.2802, 1053.9359, -411.6241, -111.2647, 0, 125, 0
L 1053.9359, -411.6241, -111.2647, 1058.6349, -402.7292, -109.8800, 0, 125, 0
L 1058.6349, -402.7292, -109.8800, 1062.8873, -396.2821, -108.5646, 0, 125, 0
L 1062.8873, -396.2821, -108.5646, 1070.1719, -388.2508, -108.0548, 0, 125, 0
L 1070.1719, -388.2508, -108.0548, 1077.5205, -381.6307, -108.3894, 0, 125, 0
L 1077.5205, -381.6307, -108.3894, 1082.4330, -377.6272, -108.8326, 0, 125, 0
L 1082.4330, -377.6272, -108.8326, 1089.4620, -373.0119, -110.0958, 0, 125, 0
L 1089.4620, -373.0119, -110.0958, 1097.2533, -369.6623, -111.1285, 0, 125, 0
L 1097.2533, -369.6623, -111.1285, 1103.4558, -368.1285, -111.1235, 0, 125, 0
L 1103.4558, -368.1285, -111.1235, 1110.3276, -367.2969, -111.1208, 0, 125, 0
L 1110.3276, -367.2969, -111.1208, 1119.3783, -367.8434, -111.1337, 0, 125, 0
L 1119.3783, -367.8434, -111.1337, 1126.8363, -369.3592, -111.1624, 0, 125, 0
L 1126.8363, -369.3592, -111.1624, 1137.2252, -372.4841, -111.2058, 0, 125, 0
L 1137.2252, -372.4841, -111.2058, 1145.1967, -374.1139, -111.2370, 0, 125, 0
L 1145.1967, -374.1139, -111.2370, 1152.6836, -374.6814, -111.2631, 0, 125, 0
L 1152.6836, -374.6814, -111.2631, 1159.0439, -374.1855, -111.3105, 0, 125, 0
L 1159.0439, -374.1855, -111.3105, 1165.2839, -371.1761, -111.4756, 0, 125, 0
L 1165.2839, -371.1761, -111.4756, 1170.7644, -367.6957, -111.5748, 0, 125, 0
L 1170.7644, -367.6957, -111.5748, 1176.1230, -363.2227, -111.6193, 0, 125, 0
L 1176.1230, -363.2227, -111.6193, 1181.2504, -357.6868, -111.5976, 0, 125, 0
L 1181.2504, -357.6868, -111.5976, 1186.8132, -349.8235, -111.2230, 0, 125, 0
L 1186.8132, -349.8235, -111.2230, 1193.0197, -338.8177, -109.8030, 0, 125, 0
L 1193.0197, -338.8177, -109.8030, 1197.3557, -332.0232, -108.1430, 0, 125, 0
L 1197.3557, -332.0232, -108.1430, 1202.2062, -326.2143, -107.1167, 0, 125, 0
L 1202.2062, -326.2143, -107.1167, 1209.6219, -319.1524, -106.3910, 0, 125, 0
L 1209.6219, -319.1524, -106.3910, 1215.7452, -312.4490, -105.3902, 0, 125, 0
L 1215.7452, -312.4490, -105.3902, 1220.7452, -305.6526, -103.9593, 0, 125, 0
L 1220.7452, -305.6526, -103.9593, 1224.7710, -300.7357, -103.0643, 0, 125, 0
L 1224.7710, -300.7357, -103.0643, 1229.2832, -296.2896, -102.5543, 0, 125, 0
L 1229.2832, -296.2896, -102.5543, 1235.3618, -291.6498, -102.4795, 0, 125, 0
L 1235.3618, -291.6498, -102.4795, 1241.8536, -287.6728, -102.8573, 0, 125, 0
L 1241.8536, -287.6728, -102.8573, 1248.1205, -282.7990, -102.7735, 0, 125, 0
L 1248.1205, -282.7990, -102.7735, 1253.7661, -277.2951, -102.6534, 0, 125, 0
L 1253.7661, -277.2951, -102.6534, 1258.9821, -270.8177, -102.6406, 0, 125, 0
L 1258.9821, -270.8177, -102.6406, 1263.9938, -262.3960, -101.6511, 0, 125, 0
L 1263.9938, -262.3960, -101.6511, 1267.2125, -257.0542, -101.0447, 0, 125, 0
L 1267.2125, -257.0542, -101.0447, 1271.6498, -251.2651, -100.8802, 0, 125, 0
L 1271.6498, -251.2651, -100.8802, 1275.9471, -246.7986, -101.1932, 0, 125, 0
L 1275.9471, -246.7986, -101.1932, 1282.8225, -240.6221, -102.1595, 0, 125, 0
L 1282.8225, -240.6221, -102.1595, 1295.1267, -227.5198, -103.0356, 0, 125, 0
L 1295.1267, -227.5198, -103.0356, 1299.7002, -223.3675, -103.6262, 0, 125, 0
L 1299.7002, -223.3675, -103.6262, 1308.5704, -216.8826, -105.5026, 0, 125, 0
L 1308.5704, -216.8826, -105.5026, 1313.0585, -212.6834, -106.6362, 0, 125, 0
L 1313.0585, -212.6834, -106.6362, 1317.3894, -206.8445, -108.7744, 0, 125, 0
L 1317.3894, -206.8445, -108.7744, 1319.1458, -203.7939, -109.7915, 0, 125, 0
L 1319.1458, -203.7939, -109.7915, 1320.1733, -200.1668, -110.0629, 0, 125, 0
L 1320.1733, -200.1668, -110.0629, 1320.4490, -198.8304, -110.0245, 0, 125, 0
L 1320.4490, -198.8304, -110.0245, 1319.2118, -196.2059, -109.6085, 0, 125, 0
L 1319.2118, -196.2059, -109.6085, 1318.0331, -193.7043, -108.9091, 0, 125, 0
L 1318.0331, -193.7043, -108.9091, 1317.0399, -191.5954, -108.3198, 0, 125, 0
L 1317.0399, -191.5954, -108.3198, 1312.1654, -181.2646, -105.4281, 0, 125, 0
L 1312.1654, -181.2646, -105.4281, 1311.2549, -157.0575, -104.2476, 0, 125, 0
L 1311.2549, -157.0575, -104.2476, 1299.5770, -124.8293, -103.5343, 0, 125, 0
L 1299.5770, -124.8293, -103.5343, 1307.5776, -101.5472, -104.3071, 0, 125, 0
L 1307.5776, -101.5472, -104.3071, 1324.6887, -91.5528, -105.1072, 0, 125, 0
L 1324.6887, -91.5528, -105.1072, 1335.9614, -96.5287, -102.1943, 0, 125, 0
L 1335.9614, -96.5287, -102.1943, 1361.6390, -107.6631, -96.0626, 0, 125, 0
L 1361.6390, -107.6631, -96.0626, 1367.2970, -111.1862, -97.2086, 0, 125, 0
L 1367.2970, -111.1862, -97.2086, 1377.2499, -112.4784, -97.6729, 0, 125, 0
L 1377.2499, -112.4784, -97.6729, 1391.2126, -108.3340, -97.3841, 0, 125, 0
L 1391.2126, -108.3340, -97.3841, 1422.1821, -114.3676, -109.6080, 0, 125, 0
L 1422.1821, -114.3676, -109.6080, 1444.0050, -112.4731, -110.4738, 0, 125, 0
L 1444.0050, -112.4731, -110.4738, 1466.9116, -119.5094, -111.1302, 0, 125, 0
L 1466.9116, -119.5094, -111.1302, 1496.7922, -108.7008, -111.3294, 0, 125, 0
L 1496.7922, -108.7008, -111.3294, 1516.0338, -89.6846, -111.3298, 0, 125, 0
L 1516.0338, -89.6846, -111.3298, 1527.8392, -71.4812, -107.0721, 0, 125, 0
L 1527.8392, -71.4812, -107.0721, 1531.3850, -61.3722, -101.9551, 0, 125, 0
L 1531.3850, -61.3722, -101.9551, 1550.7562, -53.6631, -94.0698, 0, 125, 0
L 1550.7562, -53.6631, -94.0698, 1570.8649, -58.4966, -97.1706, 0, 125, 0
L 1570.8649, -58.4966, -97.1706, 1581.3154, -65.4966, -101.7013, 0, 125, 0
L 1581.3154, -65.4966, -101.7013, 1595.7379, -79.5236, -109.8820, 0, 125, 0
L 1595.7379, -79.5236, -109.8820, 1610.7462, -88.1960, -107.6337, 0, 125, 0
L 1610.7462, -88.1960, -107.6337, 1644.5509, -117.4805, -105.2779, 0, 125, 0
L 1644.5509, -117.4805, -105.2779, 1650.4749, -125.3508, -106.8498, 0, 125, 0
L 1650.4749, -125.3508, -106.8498, 1658.3784, -142.9708, -110.4047, 0, 125, 0
L 1658.3784, -142.9708, -110.4047, 1664.0315, -151.3715, -110.8050, 0, 125, 0
L 1664.0315, -151.3715, -110.8050, 1678.3419, -160.4450, -108.7588, 0, 125, 0
L 1678.3419, -160.4450, -108.7588, 1697.8026, -178.2696, -106.0381, 0, 125, 0
L 1697.8026, -178.2696, -106.0381, 1715.8324, -204.6404, -109.8443, 0, 125, 0
L 1715.8324, -204.6404, -109.8443, 1729.0992, -213.8436, -110.8731, 0, 125, 0
L 1729.0992, -213.8436, -110.8731, 1738.3768, -217.7155, -109.1060, 0, 125, 0
L 1738.3768, -217.7155, -109.1060, 1752.6873, -237.4808, -105.8268, 0, 125, 0
L 1752.6873, -237.4808, -105.8268, 1765.8209, -246.2487, -103.0458, 0, 125, 0
L 1765.8209, -246.2487, -103.0458, 1774.7449, -252.7816, -104.5460, 0, 125, 0
L 1774.7449, -252.7816, -104.5460, 1781.2770, -260.5367, -106.3287, 0, 125, 0
L 1781.2770, -260.5367, -106.3287, 1792.8805, -277.3490, -110.2149, 0, 125, 0
L 1792.8805, -277.3490, -110.2149, 1800.8152, -284.6885, -110.1002, 0, 125, 0
L 1800.8152, -284.6885, -110.1002, 1814.2213, -291.2596, -105.8788, 0, 125, 0
L 1814.2213, -291.2596, -105.8788, 1822.9537, -297.7137, -103.1297, 0, 125, 0
L 1822.9537, -297.7137, -103.1297, 1840.5920, -318.2641, -101.3578, 0, 125, 0
L 1840.5920, -318.2641, -101.3578, 1859.9308, -344.0811, -109.6008, 0, 125, 0
L 1859.9308, -344.0811, -109.6008, 1882.4904, -362.2472, -106.3447, 0, 125, 0
L 1882.4904, -362.2472, -106.3447, 1900.9191, -380.9673, -101.0661, 0, 125, 0
L 1900.9191, -380.9673, -101.0661, 1906.2279, -388.3687, -101.6799, 0, 125, 0
L 1906.2279, -388.3687, -101.6799, 1911.3635, -399.8489, -103.0682, 0, 125, 0
L 1911.3635, -399.8489, -103.0682, 1912.3762, -410.1716, -104.7252, 0, 125, 0
L 1912.3762, -410.1716, -104.7252, 1900.4812, -465.2878, -109.0855, 0, 125, 0
L 1900.4812, -465.2878, -109.0855, 1901.1605, -478.9084, -110.6679, 0, 125, 0
L 1901.1605, -478.9084, -110.6679, 1903.0775, -487.7036, -111.2802, 0, 125, 0
L 1903.0775, -487.7036, -111.2802, 1912.0796, -508.6161, -111.2802, 0, 125, 0
L 1912.0796, -508.6161, -111.2802, 1918.1982, -519.3320, -111.2802, 0, 125, 0
L 1918.1982, -519.3320, -111.2802, 1941.1483, -553.8849, -108.6304, 0, 125, 0
L 1941.1483, -553.8849, -108.6304, 1969.8492, -582.3231, -98.7608, 0, 125, 0
L 1969.8492, -582.3231, -98.7608, 1974.8392, -589.1240, -97.3801, 0, 125, 0
L 1974.8392, -589.1240, -97.3801, 1978.8153, -599.3849, -96.4275, 0, 125, 0
L 1978.8153, -599.3849, -96.4275, 1980.1262, -609.1784, -96.2970, 0, 125, 0
L 1980.1262, -609.1784, -96.2970, 1974.5637, -669.5420, -93.4023, 0, 125, 0
L 1974.5637, -669.5420, -93.4023, 1975.9995, -693.0897, -89.3225, 0, 125, 0
L 1975.9995, -693.0897, -89.3225, 1974.3964, -703.5969, -90.0934, 0, 125, 0
L 1974.3964, -703.5969, -90.0934, 1963.5459, -722.8110, -95.5930, 0, 125, 0
L 1963.5459, -722.8110, -95.5930, 1950.7280, -738.8060, -101.7968, 0, 125, 0
L 1950.7280, -738.8060, -101.7968, 1938.9171, -749.8363, -107.9101, 0, 125, 0
L 1938.9171, -749.8363, -107.9101, 1928.1709, -758.2311, -112.8710, 0, 125, 0
L 1928.1709, -758.2311, -112.8710, 1919.4351, -770.2756, -116.6103, 0, 125, 0
L 1919.4351, -770.2756, -116.6103, 1914.9597, -779.3401, -119.0593, 0, 125, 0
L 1914.9597, -779.3401, -119.0593, 1907.9531, -805.1832, -125.3447, 0, 125, 0
L 1907.9531, -805.1832, -125.3447, 1905.4991, -886.2963, -135.9432, 0, 125, 0
L 1905.4991, -886.2963, -135.9432, 1902.1859, -903.9191, -128.6855, 0, 125, 0
L 1902.1859, -903.9191, -128.6855, 1896.2532, -923.1965, -120.1593, 0, 125, 0
L 1896.2532, -923.1965, -120.1593, 1896.2900, -932.9266, -115.7783, 0, 125, 0
L 1896.2900, -932.9266, -115.7783, 1901.1282, -948.2679, -108.2755, 0, 125, 0
L 1901.1282, -948.2679, -108.2755, 1902.7201, -958.5825, -104.8437, 0, 125, 0
L 1902.7201, -958.5825, -104.8437, 1898.1276, -984.5833, -105.6205, 0, 125, 0
L 1898.1276, -984.5833, -105.6205, 1894.6023, -994.2499, -106.0755, 0, 125, 0
L 1894.6023, -994.2499, -106.0755, 1873.4445, -1019.8735, -107.5015, 0, 125, 0
L 1873.4445, -1019.8735, -107.5015, 1853.7339, -1039.2112, -110.4338, 0, 125, 0
L 1853.7339, -1039.2112, -110.4338, 1843.3650, -1052.2061, -109.9557, 0, 125, 0
L 1843.3650, -1052.2061, -109.9557, 1828.8058, -1079.7672, -107.6632, 0, 125, 0
L 1828.8058, -1079.7672, -107.6632, 1825.0168, -1090.1362, -106.5056, 0, 125, 0
L 1825.0168, -1090.1362, -106.5056, 1825.4883, -1102.8384, -106.3894, 0, 125, 0
L 1825.4883, -1102.8384, -106.3894, 1830.1667, -1115.6570, -105.5858, 0, 125, 0
L 1830.1667, -1115.6570, -105.5858, 1834.6831, -1146.0408, -98.8968, 0, 125, 0
L 1834.6831, -1146.0408, -98.8968, 1834.8594, -1154.8624, -96.7826, 0, 125, 0
L 1834.8594, -1154.8624, -96.7826, 1829.8090, -1176.1632, -98.1077, 0, 125, 0
L 1829.8090, -1176.1632, -98.1077, 1826.1868, -1185.8345, -99.5378, 0, 125, 0
L 1826.1868, -1185.8345, -99.5378, 1816.0532, -1205.2618, -103.5849, 0, 125, 0
L 1816.0532, -1205.2618, -103.5849, 1805.0734, -1219.7035, -108.3235, 0, 125, 0
L 1805.0734, -1219.7035, -108.3235, 1794.6237, -1229.9445, -111.2802, 0, 125, 0
L 1794.6237, -1229.9445, -111.2802, 1783.0747, -1240.9368, -111.2802, 0, 125, 0
L 1783.0747, -1240.9368, -111.2802, 1777.5251, -1248.9111, -111.2802, 0, 125, 0
L 1777.5251, -1248.9111, -111.2802, 1771.4097, -1267.2444, -111.2802, 0, 125, 0
L 1771.4097, -1267.2444, -111.2802, 1767.9194, -1290.6537, -111.2802, 0, 125, 0
L 1767.9194, -1290.6537, -111.2802, 1770.0420, -1316.8091, -111.2802, 0, 125, 0
L 1770.0420, -1316.8091, -111.2802, 1766.8145, -1337.3328, -109.9900, 0, 125, 0
L 1766.8145, -1337.3328, -109.9900, 1769.7611, -1352.3784, -108.4331, 0, 125, 0
L 1769.7611, -1352.3784, -108.4331, 1771.0898, -1362.6896, -107.6645, 0, 125, 0
L 1771.0898, -1362.6896, -107.6645, 1770.1173, -1371.4131, -107.7430, 0, 125, 0
L 1770.1173, -1371.4131, -107.7430, 1763.8861, -1387.5089, -108.2710, 0, 125, 0
L 1763.8861, -1387.5089, -108.2710, 1764.6389, -1400.5313, -105.9769, 0, 125, 0
L 1764.6389, -1400.5313, -105.9769, 1774.8689, -1418.6108, -97.7400, 0, 125, 0
L 1774.8689, -1418.6108, -97.7400, 1788.6024, -1463.2262, -99.3983, 0, 125, 0
L 1788.6024, -1463.2262, -99.3983, 1795.2543, -1489.5569, -107.5771, 0, 125, 0
L 1795.2543, -1489.5569, -107.5771, 1799.7853, -1497.5723, -108.0055, 0, 125, 0
L 1799.7853, -1497.5723, -108.0055, 1835.4862, -1520.7174, -90.2761, 0, 125, 0
L 1835.4862, -1520.7174, -90.2761, 1841.6162, -1525.7106, -90.8242, 0, 125, 0
L 1841.6162, -1525.7106, -90.8242, 1859.9644, -1557.5786, -106.8650, 0, 125, 0
L 1859.9644, -1557.5786, -106.8650, 1864.0568, -1570.9091, -109.5873, 0, 125, 0
L 1864.0568, -1570.9091, -109.5873, 1865.2994, -1579.3055, -109.7391, 0, 125, 0
L 1865.2994, -1579.3055, -109.7391, 1864.9716, -1626.7220, -111.1913, 0, 125, 0
L 1864.9716, -1626.7220, -111.1913, 1867.2975, -1636.0721, -110.9904, 0, 125, 0
L 1867.2975, -1636.0721, -110.9904, 1873.5669, -1643.5074, -110.0939, 0, 125, 0
L 1873.5669, -1643.5074, -110.0939, 1896.9614, -1654.2354, -106.7498, 0, 125, 0
L 1896.9614, -1654.2354, -106.7498, 1909.3407, -1666.5144, -106.4857, 0, 125, 0
L 1909.3407, -1666.5144, -106.4857, 1913.5961, -1674.7719, -107.3087, 0, 125, 0
L 1913.5961, -1674.7719, -107.3087, 1916.1622, -1692.7611, -109.3170, 0, 125, 0
L 1916.1622, -1692.7611, -109.3170, 1902.5313, -1788.8851, -108.0833, 0, 125, 0
L 1902.5313, -1788.8851, -108.0833, 1898.4077, -1799.4833, -108.3395, 0, 125, 0
L 1898.4077, -1799.4833, -108.3395, 1892.9871, -1807.6602, -108.3105, 0, 125, 0
L 1892.9871, -1807.6602, -108.3105, 1865.2249, -1836.4128, -110.4470, 0, 125, 0
L 1865.2249, -1836.4128, -110.4470, 1844.3448, -1866.7644, -106.3818, 0, 125, 0
L 1844.3448, -1866.7644, -106.3818, 1837.2314, -1873.6339, -105.5965, 0, 125, 0
L 1837.2314, -1873.6339, -105.5965, 1822.2975, -1883.5719, -104.7276, 0, 125, 0
L 1822.2975, -1883.5719, -104.7276, 1815.1797, -1886.7527, -104.5841, 0, 125, 0
L 1815.1797, -1886.7527, -104.5841, 1787.9047, -1893.2766, -104.1757, 0, 125, 0
L 1787.9047, -1893.2766, -104.1757, 1677.3479, -1896.4701, -109.7617, 0, 125, 0
L 1677.3479, -1896.4701, -109.7617, 1667.0093, -1899.4619, -110.3977, 0, 125, 0
L 1667.0093, -1899.4619, -110.3977, 1655.8065, -1906.6388, -107.6705, 0, 125, 0
L 1655.8065, -1906.6388, -107.6705, 1616.3525, -1947.4531, -84.5483, 0, 125, 0
L 1616.3525, -1947.4531, -84.5483, 1607.5535, -1951.4589, -80.4630, 0, 125, 0
L 1607.5535, -1951.4589, -80.4630, 1591.4968, -1952.3575, -80.1372, 0, 125, 0
L 1591.4968, -1952.3575, -80.1372, 1580.9811, -1950.9589, -83.8492, 0, 125, 0
L 1580.9811, -1950.9589, -83.8492, 1553.1752, -1942.3667, -96.7191, 0, 125, 0
L 1553.1752, -1942.3667, -96.7191, 1544.5579, -1940.8766, -98.7044, 0, 125, 0
L 1544.5579, -1940.8766, -98.7044, 1530.4907, -1940.2275, -98.9122, 0, 125, 0
L 1530.4907, -1940.2275, -98.9122, 1519.8665, -1938.5238, -98.8306, 0, 125, 0
L 1519.8665, -1938.5238, -98.8306, 1503.2717, -1930.7260, -98.9613, 0, 125, 0
L 1503.2717, -1930.7260, -98.9613, 1494.2406, -1922.2483, -100.3628, 0, 125, 0
L 1494.2406, -1922.2483, -100.3628, 1447.9661, -1834.2581, -104.1081, 0, 125, 0
L 1447.9661, -1834.2581, -104.1081, 1441.2234, -1825.6637, -106.1612, 0, 125, 0
L 1441.2234, -1825.6637, -106.1612, 1365.5571, -1761.6072, -104.4318, 0, 125, 0
L 1365.5571, -1761.6072, -104.4318, 1342.6528, -1733.1744, -100.4939, 0, 125, 0
L 1342.6528, -1733.1744, -100.4939, 1336.9318, -1727.1720, -100.7699, 0, 125, 0
L 1336.9318, -1727.1720, -100.7699, 1331.1990, -1718.3086, -101.4493, 0, 125, 0
L 1331.1990, -1718.3086, -101.4493, 1328.5753, -1710.0677, -102.3993, 0, 125, 0
L 1328.5753, -1710.0677, -102.3993, 1328.7985, -1700.1113, -103.9299, 0, 125, 0
L 1328.7985, -1700.1113, -103.9299, 1335.1698, -1684.1990, -105.2011, 0, 125, 0
L 1335.1698, -1684.1990, -105.2011, 1336.7834, -1675.5455, -105.5104, 0, 125, 0
L 1336.7834, -1675.5455, -105.5104, 1328.5415, -1603.5398, -106.5168, 0, 125, 0
L 1328.5415, -1603.5398, -106.5168, 1327.9583, -1594.5323, -106.7757, 0, 125, 0
L 1327.9583, -1594.5323, -106.7757, 1330.7036, -1547.7394, -107.8939, 0, 125, 0
L 1330.7036, -1547.7394, -107.8939, 1344.8870, -1478.9750, -107.5775, 0, 125, 0
L 1344.8870, -1478.9750, -107.5775, 1345.6537, -1469.6307, -107.6501, 0, 125, 0
L 1345.6537, -1469.6307, -107.6501, 1342.2180, -1459.0717, -108.4940, 0, 125, 0
L 1342.2180, -1459.0717, -108.4940, 1320.6790, -1430.6188, -110.9690, 0, 125, 0
L 1320.6790, -1430.6188, -110.9690, 1312.7083, -1425.2990, -110.3440, 0, 125, 0
L 1312.7083, -1425.2990, -110.3440, 1237.0695, -1409.5632, -99.1286, 0, 125, 0
L 1237.0695, -1409.5632, -99.1286, 1218.1338, -1402.9379, -94.5740, 0, 125, 0
L 1218.1338, -1402.9379, -94.5740, 1204.2217, -1394.7693, -95.4777, 0, 125, 0
L 1204.2217, -1394.7693, -95.4777, 1197.2399, -1389.0475, -98.3991, 0, 125, 0
L 1197.2399, -1389.0475, -98.3991, 1158.6573, -1341.4030, -100.6119, 0, 125, 0
L 1158.6573, -1341.4030, -100.6119, 1152.3311, -1335.3361, -97.8952, 0, 125, 0
L 1152.3311, -1335.3361, -97.8952, 1141.9885, -1328.7312, -93.3117, 0, 125, 0
L 1141.9885, -1328.7312, -93.3117, 1135.4150, -1323.2500, -90.1390, 0, 125, 0
L 1135.4150, -1323.2500, -90.1390, 1124.7356, -1305.4310, -84.7242, 0, 125, 0
L 1124.7356, -1305.4310, -84.7242, 1121.2299, -1295.7191, -82.8339, 0, 125, 0
L 1121.2299, -1295.7191, -82.8339, 1119.4695, -1277.2401, -83.8155, 0, 125, 0
L 1119.4695, -1277.2401, -83.8155, 1119.8114, -1267.6422, -85.5597, 0, 125, 0
L 1119.8114, -1267.6422, -85.5597, 1121.6841, -1258.4553, -87.6794, 0, 125, 0
L 1121.6841, -1258.4553, -87.6794, 1136.2471, -1227.7858, -97.1152, 0, 125, 0
L 1136.2471, -1227.7858, -97.1152, 1139.9805, -1216.2542, -98.7887, 0, 125, 0
L 1139.9805, -1216.2542, -98.7887, 1140.8468, -1201.2805, -99.0628, 0, 125, 0
L 1140.8468, -1201.2805, -99.0628, 1133.8654, -1174.1499, -105.4881, 0, 125, 0
L 1133.8654, -1174.1499, -105.4881, 1120.6442, -1109.5480, -110.7151, 0, 125, 0
L 1120.6442, -1109.5480, -110.7151, 1117.0559, -1097.7809, -111.0546, 0, 125, 0
L 1117.0559, -1097.7809, -111.0546, 1111.0802, -1090.2133, -109.5835, 0, 125, 0
L 1111.0802, -1090.2133, -109.5835, 1090.7432, -1080.4561, -101.4282, 0, 125, 0
L 1090.7432, -1080.4561, -101.4282, 1082.9550, -1075.8989, -98.3050, 0, 125, 0
L 1082.9550, -1075.8989, -98.3050, 1071.6726, -1064.8644, -94.0657, 0, 125, 0
L 1071.6726, -1064.8644, -94.0657, 1066.7975, -1057.5697, -95.2460, 0, 125, 0
L 1066.7975, -1057.5697, -95.2460, 1063.6740, -1049.9058, -96.7844, 0, 125, 0
L 1063.6740, -1049.9058, -96.7844, 1062.2355, -1039.8363, -99.1809, 0, 125, 0
L 1062.2355, -1039.8363, -99.1809, 1063.6771, -1024.2533, -103.4118, 0, 125, 0
L 1063.6771, -1024.2533, -103.4118, 1070.4998, -995.8297, -105.2619, 0, 125, 0
L 1070.4998, -995.8297, -105.2619, 1071.7589, -984.6177, -106.5132, 0, 125, 0
L 1071.7589, -984.6177, -106.5132, 1065.6880, -920.1837, -107.9622, 0, 125, 0
L 1065.6880, -920.1837, -107.9622, 1065.7833, -912.3492, -107.5784, 0, 125, 0
L 1065.7833, -912.3492, -107.5784, 1071.5455, -881.9119, -105.6765, 0, 125, 0
L 1071.5455, -881.9119, -105.6765, 1070.3046, -849.6972, -103.3998, 0, 125, 0
L 1070.3046, -849.6972, -103.3998, 1072.0225, -822.5411, -103.9557, 0, 125, 0
L 1072.0225, -822.5411, -103.9557, 1076.7711, -798.3484, -107.6572, 0, 125, 0
L 1076.7711, -798.3484, -107.6572, 1076.4304, -783.6208, -108.8146, 0, 125, 0
L 1076.4304, -783.6208, -108.8146, 1072.0416, -758.5371, -107.7215, 0, 125, 0
L 1072.0416, -758.5371, -107.7215, 1071.1073, -749.0562, -107.4939, 0, 125, 0
L 1071.1073, -749.0562, -107.4939, 1077.7495, -686.0468, -108.4847, 0, 125, 0
L 1077.7495, -686.0468, -108.4847, 1082.8879, -665.6953, -111.5166, 0, 125, 0
L 1082.8879, -665.6953, -111.5166, 1082.3177, -646.8689, -113.6359, 0, 125, 0
L 1082.3177, -646.8689, -113.6359, 1079.3627, -636.7591, -113.5953, 0, 125, 0
L 1079.3627, -636.7591, -113.5953, 1076.1379, -629.8892, -113.3607, 0, 125, 0
L 1076.1379, -629.8892, -113.3607, 1073.0017, -617.6887, -113.2611, 0, 125, 0
L 1073.0017, -617.6887, -113.2611, 1073.5760, -600.4038, -112.0563, 0, 125, 0
L 1073.5760, -600.4038, -112.0563, 1070.7039, -588.4028, -111.4207, 0, 125, 0
L 1070.7039, -588.4028, -111.4207, 1058.6086, -568.9601, -111.3635, 0, 125, 0
L 1058.6086, -568.9601, -111.3635, 1053.1073, -562.1029, -111.2710, 0, 125, 0
L 1053.1073, -562.1029, -111.2710, 1048.2257, -551.7744, -111.3235, 0, 125, 0
L 1048.2257, -551.7744, -111.3235, 1040.2509, -543.4372, -110.0430, 0, 125, 0
L 1040.2509, -543.4372, -110.0430, 1019.9847, -534.0386, -106.3862, 0, 125, 0
L 1019.9847, -534.0386, -106.3862, 1006.1309, -524.8725, -103.8865, 0, 125, 0
L 1006.1309, -524.8725, -103.8865, 999.1718, -518.4772, -104.9032, 0, 125, 0
L 999.1718, -518.4772, -104.9032, 979.1591, -518.2100, -104.9986, 0, 125, 0
L 979.1591, -518.2100, -104.9986, 970.3566, -518.8185, -105.6637, 0, 125, 0
L 970.3566, -518.8185, -105.6637, 942.7558, -516.6112, -108.4360, 0, 125, 0
L 942.7558, -516.6112, -108.4360, 934.7507, -517.6368, -108.3484, 0, 125, 0
L 934.7507, -517.6368, -108.3484, 923.7491, -522.7375, -107.9063, 0, 125, 0
L 923.7491, -522.7375, -107.9063, 916.6526, -524.7418, -107.7326, 0, 125, 0
L 916.6526, -524.7418, -107.7326, 908.1718, -523.9645, -107.5220, 0, 125, 0
L 879.4668, -471.5272, -110.0632, 884.5984, -461.3371, -109.3312, 0, 125, 0
L 884.5984, -461.3371, -109.3312, 886.3753, -454.1998, -108.7124, 0, 125, 0
L 886.3753, -454.1998, -108.7124, 894.9836, -444.2943, -107.8536, 0, 125, 0
L 894.9836, -444.2943, -107.8536, 908.2419, -437.9048, -107.2997, 0, 125, 0
L 908.2419, -437.9048, -107.2997, 925.3673, -434.0452, -107.7911, 0, 125, 0
L 925.3673, -434.0452, -107.7911, 958.4739, -432.2166, -109.5262, 0, 125, 0
L 958.4739, -432.2166, -109.5262, 997.8591, -434.7996, -110.3973, 0, 125, 0
L 997.8591, -434.7996, -110.3973, 1009.8486, -432.4727, -110.6769, 0, 125, 0
L 1009.8486, -432.4727, -110.6769, 1027.1677, -424.8947, -110.9579, 0, 125, 0
L 1027.1677, -424.8947, -110.9579, 1027.1677, -424.8947, -110.9579, 0, 125, 0
L 1027.1677, -424.8947, -110.9579, 1027.1677, -424.8947, -110.9579, 0, 125, 0
L 1027.1677, -424.8947, -110.9579, 1027.5264, -425.0382, -110.9634, 0, 125, 0
L 1027.5264, -425.0382, -110.9634, 1029.7366, -425.9170, -111.0603, 0, 125, 0
L 1029.7366, -425.9170, -111.0603, 1031.2134, -426.5033, -111.1191, 0, 125, 0
L 1031.2134, -426.5033, -111.1191, 1032.4214, -427.6826, -111.1873, 0, 125, 0
L 1032.4214, -427.6826, -111.1873, 1034.0907, -429.3120, -111.2717, 0, 125, 0
L 908.1718, -523.9645, -107.8790, 898.8471, -527.2280, -106.9746, 0, 125, 0
L 898.8471, -527.2280, -106.9746, 846.2256, -565.2474, -95.7930, 0, 125, 0
L 846.2256, -565.2474, -95.7930, 830.1757, -584.3193, -90.1401, 0, 125, 0
L 830.1757, -584.3193, -90.1401, 825.3427, -592.1640, -87.8104, 0, 125, 0
L 825.3427, -592.1640, -87.8104, 823.4472, -596.9091, -84.8044, 0, 125, 0
L 822.0046, -600.5206, -84.8044, 822.0046, -600.5206, -84.8044, 0, 125, 0
L 881.8807, -471.2603, -110.1914, 881.8807, -471.2603, -110.1914, 0, 125, 0
L 881.8807, -471.2603, -110.1914, 881.8807, -471.2603, -110.1914, 0, 125, 0
L 881.8807, -471.2603, -110.1914, 881.8807, -471.2603, -110.1914, 0, 125, 0
L 879.4668, -471.5272, -110.1914, 859.0108, -473.7901, -110.4108, 0, 125, 0
L 859.0108, -473.7901, -110.4108, 858.4933, -473.9824, -110.4108, 0, 125, 0
L 858.4933, -473.9824, -110.4108, 843.0327, -479.7231, -109.8589, 0, 125, 0
L 843.0327, -479.7231, -109.8589, 843.0327, -479.7231, -109.8589, 0, 125, 0
L 843.0327, -479.7231, -109.8589, 810.1904, -499.3961, -89.9278, 0, 125, 0
L 810.1904, -499.3961, -89.9278, 802.0065, -505.7783, -84.8303, 0, 125, 0
L 802.0065, -505.7783, -84.8303, 793.7568, -515.3437, -80.0652, 0, 125, 0
L 793.7568, -515.3437, -80.0652, 787.1260, -525.5369, -76.5334, 0, 125, 0
L 787.1260, -525.5369, -76.5334, 782.2427, -535.8713, -74.2599, 0, 125, 0
L 782.2427, -535.8713, -74.2599, 776.4954, -548.0451, -71.6002, 0, 125, 0
L 776.4954, -548.0451, -71.6002, 775.5910, -549.9697, -71.1827, 0, 125, 0
L 775.5910, -549.9697, -71.1827, 772.2014, -558.7694, -71.8992, 0, 125, 0
L 772.2014, -558.7694, -71.8992, 770.8769, -566.4535, -73.6556, 0, 125, 0
L 770.8769, -566.4535, -73.6556, 771.6382, -576.8807, -76.9491, 0, 125, 0
L 771.6382, -576.8807, -76.9491, 773.4435, -586.6110, -80.4119, 0, 125, 0
L 773.4435, -586.6110, -80.4119, 775.7466, -592.5928, -84.0997, 0, 125, 0
L 1793.3326, -1230.6803, -111.2802, 1826.2993, -1249.7751, -103.7483, 150, 100, 0
L 1826.2993, -1249.7751, -103.7483, 1875.3571, -1249.4689, -102.9055, 150, 100, 0
L 1875.3571, -1249.4689, -102.9055, 1887.7207, -1249.4255, -102.8814, 150, 100, 0
L 1887.7207, -1249.4255, -102.8814, 1887.7224, -1251.9053, -102.8818, 150, 100, 0
L 1887.7224, -1251.9053, -102.8818, 1888.4336, -1252.2439, -102.8805, 150, 100, 0
L 1888.4336, -1252.2439, -102.8805, 1891.1047, -1252.2439, -102.8753, 150, 100, 0
L 1891.1047, -1252.2439, -102.8753, 1891.5518, -1251.2474, -102.8743, 150, 100, 0
L 1891.5518, -1251.2474, -102.8743, 1891.5518, -1249.4164, -102.8740, 150, 100, 0
L 1891.5518, -1249.4164, -102.8740, 1923.2643, -1249.3140, -102.8125, 150, 100, 0
L 1923.2643, -1249.3140, -102.8125, 1924.2515, -1248.9850, -102.8115, 150, 100, 0
L 1924.2515, -1248.9850, -102.8115, 1943.4988, -1231.2294, -102.8115, 150, 100, 0
L 1943.4988, -1231.2294, -102.8115, 1943.4988, -1231.2294, -102.8115, 150, 100, 0
L 1943.4988, -1231.2294, -102.8115, 1945.3739, -1232.9290, -102.8115, 150, 100, 0
L 1945.3739, -1232.9290, -102.8115, 1946.1389, -1232.8269, -102.8115, 150, 100, 0
L 1946.1389, -1232.8269, -102.8115, 1948.0282, -1230.7423, -102.8115, 150, 100, 0
L 1948.0282, -1230.7423, -102.8115, 1947.7751, -1229.1749, -102.8115, 150, 100, 0
L 1947.7751, -1229.1749, -102.8115, 1946.3259, -1228.6215, -102.8115, 150, 100, 0
L 1946.3259, -1228.6215, -102.8115, 1952.4454, -1222.9763, -102.8115, 150, 100, 0
L 1952.4454, -1222.9763, -102.8115, 1952.6871, -1221.9764, -102.8115, 150, 100, 0
L 1952.6871, -1221.9764, -102.8115, 1948.3491, -1185.1490, -102.8115, 150, 100, 0
L 1948.3491, -1185.1490, -102.8115, 1956.5005, -1152.4564, -102.8115, 150, 100, 0
L 1956.5005, -1152.4564, -102.8115, 1957.3356, -1154.0066, -102.8115, 150, 100, 0
L 1957.3356, -1154.0066, -102.8115, 1958.3140, -1153.4645, -102.8115, 150, 100, 0
L 1958.3140, -1153.4645, -102.8115, 1960.0375, -1151.9778, -102.8115, 150, 100, 0
L 1960.0375, -1151.9778, -102.8115, 1960.1238, -1150.7917, -102.8115, 150, 100, 0
L 1960.1238, -1150.7917, -102.8115, 1959.0181, -1149.5099, -102.8115, 150, 100, 0
L 1959.0181, -1149.5099, -102.8115, 1998.7898, -1135.5936, -102.8115, 150, 100, 0
L 1998.7898, -1135.5936, -102.8115, 1998.8423, -1136.2035, -102.8115, 150, 100, 0
L 1998.8423, -1136.2035, -102.8115, 1999.5820, -1136.6909, -102.8115, 150, 100, 0
L 1999.5820, -1136.6909, -102.8115, 2002.3214, -1136.4551, -102.8115, 150, 100, 0
L 2002.3214, -1136.4551, -102.8115, 2002.6388, -1135.6381, -102.8115, 150, 100, 0
L 2002.6388, -1135.6381, -102.8115, 2002.6045, -1135.2390, -102.8115, 150, 100, 0
L 2002.6045, -1135.2390, -102.8115, 2100.8757, -1154.4725, -102.8115, 150, 100, 0
L 2100.8757, -1154.4725, -102.8115, 2100.5151, -1155.1279, -102.8115, 150, 100, 0
L 2100.5151, -1155.1279, -102.8115, 2101.0864, -1156.1249, -102.8115, 150, 100, 0
L 2101.0864, -1156.1249, -102.8115, 2103.0618, -1157.2120, -102.8115, 150, 100, 0
L 2103.0618, -1157.2120, -102.8115, 2174.2935, -1299.6759, -102.8115, 150, 100, 0
L 2174.2935, -1299.6759, -102.8115, 2175.0830, -1299.9868, -102.8115, 150, 100, 0
L 2175.0830, -1299.9868, -102.8115, 2247.4573, -1304.2997, -102.8115, 150, 100, 0
L 2247.4573, -1304.2997, -102.8115, 2248.0225, -1303.6647, -102.8115, 150, 100, 0
L 2248.0225, -1303.6647, -102.8115, 2279.8650, -1265.4294, -102.8115, 150, 100, 0
L 2279.8650, -1265.4294, -102.8115, 2280.7517, -1264.3120, -102.8115, 150, 100, 0
L 2280.7517, -1264.3120, -102.8115, 2298.1914, -1214.0707, -102.8115, 150, 100, 0
L 2298.1914, -1214.0707, -102.8115, 2337.4238, -1205.3453, -102.8115, 150, 100, 0
L 2337.4238, -1205.3453, -102.8115, 2359.1802, -1224.9396, -102.8115, 150, 100, 0
L 2359.1802, -1224.9396, -102.8115, 2367.8833, -1284.3638, -102.8115, 150, 100, 0
L 2367.8833, -1284.3638, -102.8115, 2335.8330, -1384.5059, -102.8115, 150, 100, 0
L 2335.8330, -1384.5059, -102.8115, 2333.8306, -1384.0048, -102.8115, 150, 100, 0
L 2333.8306, -1384.0048, -102.8115, 2333.5913, -1384.3943, -102.8115, 150, 100, 0
L 2333.5913, -1384.3943, -102.8115, 2333.0408, -1386.2102, -102.8115, 150, 100, 0
L 2333.0408, -1386.2102, -102.8115, 2333.5383, -1386.7366, -102.8115, 150, 100, 0
L 2333.5383, -1386.7366, -102.8115, 2334.9790, -1387.1736, -102.8115, 150, 100, 0
L 2334.9790, -1387.1736, -102.8115, 2331.8765, -1475.1470, -102.8115, 150, 100, 0
L 2331.8765, -1475.1470, -102.8115, 2332.1772, -1475.9369, -102.8115, 150, 100, 0
L 2332.1772, -1475.9369, -102.8115, 2358.2629, -1508.4058, -102.8115, 150, 100, 0
L 2358.2629, -1508.4058, -102.8115, 2359.0103, -1508.6951, -102.8115, 150, 100, 0
L 2359.0103, -1508.6951, -102.8115, 2389.1631, -1515.3726, -102.8115, 150, 100, 0
L 2389.1631, -1515.3726, -102.8115, 2390.5488, -1515.8237, -102.8115, 150, 100, 0
L 2390.5488, -1515.8237, -102.8115, 2443.4785, -1524.1392, -102.8115, 150, 100, 0
L 2443.4785, -1524.1392, -102.8115, 2442.7512, -1524.0229, -102.8115, 150, 100, 0
L 2442.7512, -1524.0229, -102.8115, 2443.5911, -1525.5839, -102.8115, 150, 100, 0
L 2443.5911, -1525.5839, -102.8115, 2444.9219, -1527.4198, -102.8115, 150, 100, 0
L 2444.9219, -1527.4198, -102.8115, 2446.1536, -1550.7889, -102.8115, 150, 100, 0
L 2446.1536, -1550.7889, -102.8115, 2444.3328, -1550.9010, -102.8115, 150, 100, 0
L 2444.3328, -1550.9010, -102.8115, 2443.9539, -1551.5117, -102.8115, 150, 100, 0
L 2443.9539, -1551.5117, -102.8115, 2444.1279, -1553.3975, -102.8115, 150, 100, 0
L 2444.1279, -1553.3975, -102.8115, 2444.7446, -1553.6803, -102.8009, 150, 100, 0
L 2444.7446, -1553.6803, -102.8009, 2446.2751, -1553.5846, -102.7997, 150, 100, 0
L 2446.2751, -1553.5846, -102.7997, 2447.1763, -1574.4408, -102.8115, 150, 100, 0
L 2447.1763, -1574.4408, -102.8115, 2355.0269, -1613.9458, -102.8115, 150, 100, 0
L 2355.0269, -1613.9458, -102.8115, 2354.6660, -1614.7125, -102.8115, 150, 100, 0
L 2354.6660, -1614.7125, -102.8115, 2343.7864, -1671.3059, -102.8115, 150, 100, 0
L 2343.7864, -1671.3059, -102.8115, 2315.3623, -1690.9816, -102.8115, 150, 100, 0
L 2315.3623, -1690.9816, -102.8115, 2276.3354, -1695.2939, -102.8115, 150, 100, 0
L 2276.3354, -1695.2939, -102.8115, 2275.2078, -1695.6860, -102.8115, 150, 100, 0
L 2275.2078, -1695.6860, -102.8115, 2244.8525, -1713.0564, -102.8115, 150, 100, 0
L 2244.8525, -1713.0564, -102.8115, 2244.2461, -1714.2003, -102.8115, 150, 100, 0
L 2244.2461, -1714.2003, -102.8115, 2228.8660, -1744.6125, -102.8115, 150, 100, 0
L 2228.8660, -1744.6125, -102.8115, 2207.6431, -1772.3461, -102.8113, 150, 100, 0
L 2207.6431, -1772.3461, -102.8113, 2207.5942, -1771.7041, -102.8110, 150, 100, 0
L 2207.5942, -1771.7041, -102.8110, 2206.8362, -1771.5042, -102.8115, 150, 100, 0
L 2206.8362, -1771.5042, -102.8115, 2205.4253, -1771.5387, -102.8115, 150, 100, 0
L 2205.4253, -1771.5387, -102.8115, 2204.2590, -1772.0852, -102.8115, 150, 100, 0
L 2204.2590, -1772.0852, -102.8115, 2204.8823, -1773.9966, -102.8115, 150, 100, 0
L 2204.8823, -1773.9966, -102.8115, 2206.1318, -1774.3206, -102.8026, 150, 100, 0
L 2206.1318, -1774.3206, -102.8026, 2200.9399, -1781.1053, -102.8115, 150, 100, 0
L 2200.9399, -1781.1053, -102.8115, 2148.5559, -1759.2837, -102.8115, 150, 100, 0
L 2148.5559, -1759.2837, -102.8115, 2129.3792, -1697.4882, -102.8115, 150, 100, 0
L 2129.3792, -1697.4882, -102.8115, 2131.2004, -1697.8726, -102.8014, 150, 100, 0
L 2131.2004, -1697.8726, -102.8014, 2132.2246, -1697.2826, -102.8115, 150, 100, 0
L 2132.2246, -1697.2826, -102.8115, 2132.0645, -1695.9846, -102.8059, 150, 100, 0
L 2132.0645, -1695.9846, -102.8059, 2131.7417, -1695.1256, -102.8115, 150, 100, 0
L 2131.7417, -1695.1256, -102.8115, 2129.6465, -1694.7317, -102.8115, 150, 100, 0
L 2129.6465, -1694.7317, -102.8115, 2148.4792, -1669.6312, -102.8115, 150, 100, 0
L 2148.4792, -1669.6312, -102.8115, 2181.2810, -1658.6974, -102.8115, 150, 100, 0
L 2181.2810, -1658.6974, -102.8115, 2181.9338, -1657.9325, -102.8115, 150, 100, 0
L 2181.9338, -1657.9325, -102.8115, 2190.3188, -1627.9666, -102.8115, 150, 100, 0
L 2190.3188, -1627.9666, -102.8115, 2190.1648, -1626.6964, -102.8115, 150, 100, 0
L 2190.1648, -1626.6964, -102.8115, 2168.4150, -1567.9409, -102.8115, 150, 100, 0
L 2168.4150, -1567.9409, -102.8115, 2159.6504, -1521.9733, -102.8115, 150, 100, 0
L 2159.6504, -1521.9733, -102.8115, 2210.0562, -1458.4061, -102.8115, 150, 100, 0
L 2210.0562, -1458.4061, -102.8115, 2233.7463, -1458.4061, -102.8115, 150, 100, 0
L 2233.7463, -1458.4061, -102.8115, 2234.5891, -1458.0581, -102.8115, 150, 100, 0
L 2234.5891, -1458.0581, -102.8115, 2241.0618, -1396.3788, -102.8115, 150, 100, 0
L 2241.0618, -1396.3788, -102.8115, 2240.5278, -1395.9669, -102.8115, 150, 100, 0
L 2240.5278, -1395.9669, -102.8115, 2196.5903, -1382.5486, -102.8115, 150, 100, 0
L 2196.5903, -1382.5486, -102.8115, 2166.6267, -1346.1426, -102.8115, 150, 100, 0
L 2166.6267, -1346.1426, -102.8115, 2164.6545, -1342.8407, -102.8115, 150, 100, 0
L 2164.6545, -1342.8407, -102.8115, 2123.3467, -1267.7184, -102.8115, 150, 100, 0
L 2123.3467, -1267.7184, -102.8115, 2123.7766, -1267.4608, -102.8115, 150, 100, 0
L 2123.7766, -1267.4608, -102.8115, 2124.4458, -1267.0375, -102.8115, 150, 100, 0
L 2124.4458, -1267.0375, -102.8115, 2122.8845, -1263.9349, -102.8115, 150, 100, 0
L 2122.8845, -1263.9349, -102.8115, 2121.8835, -1263.8784, -102.8115, 150, 100, 0
L 2121.8835, -1263.8784, -102.8115, 2121.4995, -1264.3591, -102.8115, 150, 100, 0
L 2121.4995, -1264.3591, -102.8115, 2097.0020, -1221.2523, -102.8115, 150, 100, 0
L 2097.0020, -1221.2523, -102.8115, 2095.0837, -1217.8861, -102.8115, 150, 100, 0
L 2095.0837, -1217.8861, -102.8115, 2091.5740, -1211.7263, -102.8115, 150, 100, 0
L 2091.5740, -1211.7263, -102.8115, 2090.3096, -1210.5536, -102.8115, 150, 100, 0
L 2090.3096, -1210.5536, -102.8115, 2007.6588, -1169.4413, -102.8115, 150, 100, 0
L 2007.6588, -1169.4413, -102.8115, 2007.0219, -1169.5306, -102.8115, 150, 100, 0
L 2007.0219, -1169.5306, -102.8115, 1987.4468, -1186.9136, -102.8115, 150, 100, 0
L 1987.4468, -1186.9136, -102.8115, 1987.1741, -1187.6552, -102.8115, 150, 100, 0
L 1987.1741, -1187.6552, -102.8115, 1985.0088, -1244.3223, -102.8115, 150, 100, 0
L 1985.0088, -1244.3223, -102.8115, 1965.8660, -1253.5315, -102.8115, 150, 100, 0
L 1965.8660, -1253.5315, -102.8115, 1962.2407, -1255.2755, -102.8115, 150, 100, 0
L 1962.2407, -1255.2755, -102.8115, 1925.8593, -1272.7777, -102.8116, 150, 100, 0
L 1925.8593, -1272.7777, -102.8116, 1925.8593, -1272.7777, -102.8116, 150, 100, 0
L 1925.8593, -1272.7777, -102.8116, 1892.0459, -1271.3584, -102.8743, 150, 100, 0
L 1892.0459, -1271.3584, -102.8743, 1888.2181, -1271.1976, -102.8813, 150, 100, 0
L 1888.2181, -1271.1976, -102.8813, 1874.5767, -1270.5834, -102.9156, 150, 100, 0
L 1874.5767, -1270.5834, -102.9156, 1822.0123, -1268.6552, -104.4610, 150, 100, 0
L 1822.0123, -1268.6552, -104.4610, 1778.0106, -1248.2134, -111.2802, 150, 100, 0
L 2201.0828, -1333.0043, -102.8115, 2273.4417, -1314.6531, -102.8115, 150, 100, 0
L 2273.4417, -1314.6531, -102.8115, 2317.0012, -1242.8225, -102.8115, 150, 100, 0
L 2317.0012, -1242.8225, -102.8115, 2318.0837, -1242.0615, -102.8115, 150, 100, 0
L 2318.0837, -1242.0615, -102.8115, 2339.2261, -1248.3983, -102.8115, 150, 100, 0
L 2339.2261, -1248.3983, -102.8115, 2340.1768, -1249.2244, -102.8115, 150, 100, 0
L 2340.1768, -1249.2244, -102.8115, 2346.6257, -1275.0813, -102.8115, 150, 100, 0
L 2346.6257, -1275.0813, -102.8115, 2346.1843, -1276.4125, -102.8115, 150, 100, 0
L 2346.1843, -1276.4125, -102.8115, 2320.6243, -1361.2925, -102.8115, 150, 100, 0
L 2320.6243, -1361.2925, -102.8115, 2317.8655, -1363.9669, -102.8115, 150, 100, 0
L 2317.8655, -1363.9669, -102.8115, 2294.9468, -1365.8239, -102.8115, 150, 100, 0
L 2294.9468, -1365.8239, -102.8115, 2293.5234, -1365.5209, -102.8115, 150, 100, 0
L 2293.5234, -1365.5209, -102.8115, 2253.7307, -1357.1292, -102.8115, 150, 100, 0
L 2253.7307, -1357.1292, -102.8115, 2252.0425, -1356.3562, -102.8115, 150, 100, 0
L 2252.0425, -1356.3562, -102.8115, 2204.3809, -1334.5259, -102.8115, 150, 100, 0
L 2204.3809, -1334.5259, -102.8115, 2201.0828, -1333.0043, -102.8115, 150, 100, 0
L 2217.9622, -1329.7981, -102.8115, 2217.9622, -1329.7981, -102.8115, 150, 100, 0
L 2314.1931, -1436.0161, -102.8115, 2312.6602, -1481.7289, -102.8115, 150, 100, 0
L 2312.6602, -1481.7289, -102.8115, 2342.2583, -1518.6182, -102.8115, 150, 100, 0
L 2342.2583, -1518.6182, -102.8115, 2351.2837, -1527.1266, -102.8115, 150, 100, 0
L 2351.2837, -1527.1266, -102.8115, 2354.6821, -1528.9005, -102.8115, 150, 100, 0
L 2354.6821, -1528.9005, -102.8115, 2427.0974, -1540.7008, -102.8115, 150, 100, 0
L 2427.0974, -1540.7008, -102.8115, 2428.0273, -1541.9573, -102.8115, 150, 100, 0
L 2428.0273, -1541.9573, -102.8115, 2424.7976, -1564.4752, -102.8115, 150, 100, 0
L 2424.7976, -1564.4752, -102.8115, 2423.9451, -1565.3696, -102.8115, 150, 100, 0
L 2423.9451, -1565.3696, -102.8115, 2380.8218, -1583.8844, -102.8115, 150, 100, 0
L 2380.8218, -1583.8844, -102.8115, 2353.3760, -1603.9468, -102.8115, 150, 100, 0
L 2353.3760, -1603.9468, -102.8115, 2352.3604, -1604.3212, -102.8115, 150, 100, 0
L 2352.3604, -1604.3212, -102.8115, 2333.2102, -1595.2644, -102.8115, 150, 100, 0
L 2333.2102, -1595.2644, -102.8115, 2333.7053, -1595.5460, -102.8115, 150, 100, 0
L 2333.7053, -1595.5460, -102.8115, 2332.4485, -1594.6776, -102.8115, 150, 100, 0
L 2332.4485, -1594.6776, -102.8115, 2319.4558, -1584.6682, -102.8115, 150, 100, 0
L 2319.4558, -1584.6682, -102.8115, 2318.8108, -1583.5198, -102.8115, 150, 100, 0
L 2318.8108, -1583.5198, -102.8115, 2339.6609, -1575.8289, -102.8115, 150, 100, 0
L 2339.6609, -1575.8289, -102.8115, 2341.6084, -1575.3523, -102.8115, 150, 100, 0
L 2341.6084, -1575.3523, -102.8115, 2396.9758, -1564.2168, -102.8115, 150, 100, 0
L 2396.9758, -1564.2168, -102.8115, 2416.1563, -1558.9022, -102.8115, 150, 100, 0
L 2416.1563, -1558.9022, -102.8115, 2416.1563, -1550.6049, -102.8115, 150, 100, 0
L 2416.1563, -1550.6049, -102.8115, 2339.5930, -1553.0093, -102.8115, 150, 100, 0
L 2339.5930, -1553.0093, -102.8115, 2317.3386, -1558.0582, -102.8115, 150, 100, 0
L 2317.3386, -1558.0582, -102.8115, 2315.0176, -1558.0438, -102.8115, 150, 100, 0
L 2315.0176, -1558.0438, -102.8115, 2298.8486, -1525.3483, -102.8115, 150, 100, 0
L 2298.8486, -1525.3483, -102.8115, 2298.4556, -1524.0552, -102.8115, 150, 100, 0
L 2298.4556, -1524.0552, -102.8115, 2301.8098, -1413.5817, -102.8115, 150, 100, 0
L 2301.8098, -1413.5817, -102.8115, 2300.7014, -1400.1847, -102.8115, 150, 100, 0
L 2300.7014, -1400.1847, -102.8115, 2296.0557, -1396.2050, -102.8115, 150, 100, 0
L 2296.0557, -1396.2050, -102.8115, 2293.0447, -1393.6266, -102.8115, 150, 100, 0
L 2293.0447, -1393.6266, -102.8115, 2232.6553, -1380.1964, -102.8115, 150, 100, 0
L 2232.6553, -1380.1964, -102.8115, 2232.2080, -1380.0264, -102.8115, 150, 100, 0
L 2232.2080, -1380.0264, -102.8115, 2207.1765, -1369.1339, -102.8115, 150, 100, 0
L 2207.1765, -1369.1339, -102.8115, 2206.4126, -1368.4867, -102.8115, 150, 100, 0
L 2206.4126, -1368.4867, -102.8115, 2199.8127, -1354.1818, -102.8115, 150, 100, 0
L 2199.8127, -1354.1818, -102.8115, 2200.3965, -1353.7281, -102.8115, 150, 100, 0
L 2200.3965, -1353.7281, -102.8115, 2201.8228, -1354.3698, -102.8115, 150, 100, 0
L 2201.8228, -1354.3698, -102.8115, 2205.3530, -1355.9578, -102.8115, 150, 100, 0
L 2205.3530, -1355.9578, -102.8115, 2222.6418, -1363.7355, -102.8115, 150, 100, 0
L 2222.6418, -1363.7355, -102.8115, 2310.0693, -1385.9041, -102.8115, 150, 100, 0
L 2310.0693, -1385.9041, -102.8115, 2310.5698, -1386.3402, -102.8115, 150, 100, 0
L 2310.5698, -1386.3402, -102.8115, 2314.1931, -1436.0161, -102.8115, 150, 100, 0
L -2120.7920, -1811.6823, -30.0000, -2095.0212, -1867.2944, -30.0000, 112, 96, 74
L -2095.0212, -1867.2944, -30.0000, -2069.2504, -1811.6823, -30.0000, 112, 96, 74
L -2104.0409, -1836.7077, -30.0000, -2092.4441, -1846.1618, -30.0000, 84, 72, 56
L -2092.4441, -1811.6823, -30.0000, -2066.6733, -1858.5998, -30.0000, 112, 96, 74
L -2066.6733, -1858.5998, -30.0000, -2040.9025, -1811.6823, -30.0000, 112, 96, 74
L -2075.6931, -1832.7952, -30.0000, -2064.0962, -1840.7711, -30.0000, 84, 72, 56
L -2095.0212, -1867.2944, -30.0000, -2101.2062, -1887.9111, -30.0000, 150, 165, 180
L -2101.2062, -1887.9111, -30.0000, -2089.8670, -1905.9506, -30.0000, 150, 165, 180
L -1915.1138, -1845.1751, -30.0000, -1882.0582, -1910.2684, -30.0000, 112, 96, 74
L -1882.0582, -1910.2684, -30.0000, -1849.0025, -1845.1751, -30.0000, 112, 96, 74
L -1893.6276, -1874.4671, -30.0000, -1878.7526, -1885.5330, -30.0000, 84, 72, 56
L -1878.7526, -1845.1751, -30.0000, -1845.6970, -1917.9724, -30.0000, 112, 96, 74
L -1845.6970, -1917.9724, -30.0000, -1812.6413, -1845.1751, -30.0000, 112, 96, 74
L -1857.2664, -1877.9339, -30.0000, -1842.3914, -1890.3095, -30.0000, 84, 72, 56
L -1845.6970, -1917.9724, -30.0000, -1853.6303, -1944.4169, -30.0000, 150, 165, 180
L -1853.6303, -1944.4169, -30.0000, -1839.0858, -1967.5559, -30.0000, 150, 165, 180
L -1738.4094, -1836.7806, -30.0000, -1704.3240, -1887.6219, -30.0000, 112, 96, 74
L -1704.3240, -1887.6219, -30.0000, -1670.2386, -1836.7806, -30.0000, 112, 96, 74
L -1716.2539, -1859.6592, -30.0000, -1700.9154, -1868.3022, -30.0000, 84, 72, 56
L -1700.9154, -1836.7806, -30.0000, -1666.8300, -1896.8070, -30.0000, 112, 96, 74
L -1666.8300, -1896.8070, -30.0000, -1632.7446, -1836.7806, -30.0000, 112, 96, 74
L -1678.7599, -1863.7925, -30.0000, -1663.4215, -1873.9970, -30.0000, 84, 72, 56
L -1666.8300, -1896.8070, -30.0000, -1675.0105, -1924.0753, -30.0000, 150, 165, 180
L -1675.0105, -1924.0753, -30.0000, -1660.0130, -1947.9351, -30.0000, 150, 165, 180
L -1587.2680, -1843.1754, -30.0000, -1556.6876, -1904.1111, -30.0000, 112, 96, 74
L -1556.6876, -1904.1111, -30.0000, -1526.1072, -1843.1754, -30.0000, 112, 96, 74
L -1567.3907, -1870.5965, -30.0000, -1553.6296, -1880.9555, -30.0000, 84, 72, 56
L -1553.6296, -1843.1754, -30.0000, -1523.0492, -1889.9763, -30.0000, 112, 96, 74
L -1523.0492, -1889.9763, -30.0000, -1492.4688, -1843.1754, -30.0000, 112, 96, 74
L -1533.7523, -1864.2358, -30.0000, -1519.9911, -1872.1920, -30.0000, 84, 72, 56
L -905.3013, -1748.6442, -30.0000, -870.4927, -1807.9336, -30.0000, 112, 96, 74
L -870.4927, -1807.9336, -30.0000, -835.6842, -1748.6442, -30.0000, 112, 96, 74
L -882.6757, -1775.3244, -30.0000, -867.0119, -1785.4036, -30.0000, 84, 72, 56
L -867.0119, -1748.6442, -30.0000, -832.2033, -1822.4807, -30.0000, 112, 96, 74
L -832.2033, -1822.4807, -30.0000, -797.3947, -1748.6442, -30.0000, 112, 96, 74
L -844.3863, -1781.8707, -30.0000, -828.7224, -1794.4229, -30.0000, 84, 72, 56
L -427.4971, -1772.8704, -30.0000, -389.9830, -1834.9730, -30.0000, 112, 96, 74
L -389.9830, -1834.9730, -30.0000, -352.4689, -1772.8704, -30.0000, 112, 96, 74
L -403.1130, -1800.8166, -30.0000, -386.2316, -1811.3740, -30.0000, 84, 72, 56
L -386.2316, -1772.8704, -30.0000, -348.7175, -1838.8403, -30.0000, 112, 96, 74
L -348.7175, -1838.8403, -30.0000, -311.2034, -1772.8704, -30.0000, 112, 96, 74
L -361.8474, -1802.5569, -30.0000, -344.9661, -1813.7718, -30.0000, 84, 72, 56
L -344.9661, -1772.8704, -30.0000, -307.4519, -1851.2917, -30.0000, 112, 96, 74
L -307.4519, -1851.2917, -30.0000, -269.9378, -1772.8704, -30.0000, 112, 96, 74
L -320.5819, -1808.1600, -30.0000, -303.7005, -1821.4916, -30.0000, 84, 72, 56
L 256.5126, -1748.8385, -30.0000, 297.1000, -1839.0219, -30.0000, 112, 96, 74
L 297.1000, -1839.0219, -30.0000, 337.6875, -1748.8385, -30.0000, 112, 96, 74
L 282.8944, -1789.4210, -30.0000, 301.1588, -1804.7522, -30.0000, 84, 72, 56
L 301.1588, -1748.8385, -30.0000, 341.7463, -1825.3472, -30.0000, 112, 96, 74
L 341.7463, -1825.3472, -30.0000, 382.3337, -1748.8385, -30.0000, 112, 96, 74
L 327.5406, -1783.2674, -30.0000, 345.8050, -1796.2739, -30.0000, 84, 72, 56
L 345.8050, -1748.8385, -30.0000, 386.3925, -1816.2795, -30.0000, 112, 96, 74
L 386.3925, -1816.2795, -30.0000, 426.9799, -1748.8385, -30.0000, 112, 96, 74
L 372.1869, -1779.1869, -30.0000, 390.4512, -1790.6519, -30.0000, 84, 72, 56
L 297.1000, -1839.0219, -30.0000, 287.3591, -1871.4919, -30.0000, 150, 165, 180
L 287.3591, -1871.4919, -30.0000, 305.2175, -1899.9031, -30.0000, 150, 165, 180
L 450.8050, -1806.5892, -30.0000, 483.6393, -1883.6795, -30.0000, 112, 96, 74
L 483.6393, -1883.6795, -30.0000, 516.4735, -1806.5892, -30.0000, 112, 96, 74
L 472.1473, -1841.2798, -30.0000, 486.9227, -1854.3852, -30.0000, 84, 72, 56
L 486.9227, -1806.5892, -30.0000, 519.7569, -1865.5208, -30.0000, 112, 96, 74
L 519.7569, -1865.5208, -30.0000, 552.5912, -1806.5892, -30.0000, 112, 96, 74
L 508.2649, -1833.1084, -30.0000, 523.0403, -1843.1268, -30.0000, 84, 72, 56
L 483.6393, -1883.6795, -30.0000, 475.7590, -1909.9469, -30.0000, 150, 165, 180
L 475.7590, -1909.9469, -30.0000, 490.2061, -1932.9309, -30.0000, 150, 165, 180
L 886.1145, -1832.9876, -30.0000, 921.0514, -1894.8403, -30.0000, 112, 96, 74
L 921.0514, -1894.8403, -30.0000, 955.9883, -1832.9876, -30.0000, 112, 96, 74
L 908.8235, -1860.8213, -30.0000, 924.5451, -1871.3363, -30.0000, 84, 72, 56
L 924.5451, -1832.9876, -30.0000, 959.4820, -1895.0135, -30.0000, 112, 96, 74
L 959.4820, -1895.0135, -30.0000, 994.4189, -1832.9876, -30.0000, 112, 96, 74
L 947.2541, -1860.8992, -30.0000, 962.9757, -1871.4436, -30.0000, 84, 72, 56
L 959.4820, -1895.0135, -30.0000, 951.0971, -1922.9630, -30.0000, 150, 165, 180
L 951.0971, -1922.9630, -30.0000, 966.4694, -1947.4189, -30.0000, 150, 165, 180
L 970.2038, -1780.6353, -30.0000, 1011.1098, -1862.9880, -30.0000, 112, 96, 74
L 1011.1098, -1862.9880, -30.0000, 1052.0159, -1780.6353, -30.0000, 112, 96, 74
L 996.7927, -1817.6940, -30.0000, 1015.2004, -1831.6940, -30.0000, 84, 72, 56
L 1015.2004, -1780.6353, -30.0000, 1056.1065, -1848.8312, -30.0000, 112, 96, 74
L 1056.1065, -1848.8312, -30.0000, 1097.0126, -1780.6353, -30.0000, 112, 96, 74
L 1041.7894, -1811.3234, -30.0000, 1060.1971, -1822.9168, -30.0000, 84, 72, 56
L 1011.1098, -1862.9880, -30.0000, 1001.2924, -1895.7129, -30.0000, 150, 165, 180
L 1001.2924, -1895.7129, -30.0000, 1019.2910, -1924.3471, -30.0000, 150, 165, 180
L 1165.3104, -1850.3529, -30.0000, 1189.9805, -1885.6949, -30.0000, 112, 96, 74
L 1189.9805, -1885.6949, -30.0000, 1214.6505, -1850.3529, -30.0000, 112, 96, 74
L 1181.3459, -1866.2568, -30.0000, 1192.4475, -1872.2649, -30.0000, 84, 72, 56
L 1192.4475, -1850.3529, -30.0000, 1217.1175, -1896.7958, -30.0000, 112, 96, 74
L 1217.1175, -1896.7958, -30.0000, 1241.7876, -1850.3529, -30.0000, 112, 96, 74
L 1208.4830, -1871.2522, -30.0000, 1219.5845, -1879.1475, -30.0000, 84, 72, 56
L 1219.5845, -1850.3529, -30.0000, 1244.2546, -1885.2569, -30.0000, 112, 96, 74
L 1244.2546, -1885.2569, -30.0000, 1268.9247, -1850.3529, -30.0000, 112, 96, 74
L 1235.6201, -1866.0597, -30.0000, 1246.7216, -1871.9934, -30.0000, 84, 72, 56
L 1490.6243, -1788.8310, -30.0000, 1532.0428, -1882.6747, -30.0000, 112, 96, 74
L 1532.0428, -1882.6747, -30.0000, 1573.4613, -1788.8310, -30.0000, 112, 96, 74
L 1517.5463, -1831.0607, -30.0000, 1536.1847, -1847.0141, -30.0000, 84, 72, 56
L 1536.1847, -1788.8310, -30.0000, 1577.6032, -1882.3070, -30.0000, 112, 96, 74
L 1577.6032, -1882.3070, -30.0000, 1619.0217, -1788.8310, -30.0000, 112, 96, 74
L 1563.1067, -1830.8952, -30.0000, 1581.7450, -1846.7861, -30.0000, 84, 72, 56
L 1908.8028, -1835.1431, -30.0000, 1943.3988, -1892.8837, -30.0000, 112, 96, 74
L 1943.3988, -1892.8837, -30.0000, 1977.9948, -1835.1431, -30.0000, 112, 96, 74
L 1931.2902, -1861.1264, -30.0000, 1946.8584, -1870.9423, -30.0000, 84, 72, 56
L 1946.8584, -1835.1431, -30.0000, 1981.4544, -1901.8833, -30.0000, 112, 96, 74
L 1981.4544, -1901.8833, -30.0000, 2016.0504, -1835.1431, -30.0000, 112, 96, 74
L 1969.3458, -1865.1762, -30.0000, 1984.9140, -1876.5220, -30.0000, 84, 72, 56
L 2023.5876, -1776.6890, -30.0000, 2065.7542, -1847.9824, -30.0000, 112, 96, 74
L 2065.7542, -1847.9824, -30.0000, 2107.9207, -1776.6890, -30.0000, 112, 96, 74
L 2050.9959, -1808.7711, -30.0000, 2069.9708, -1820.8909, -30.0000, 84, 72, 56
L 2069.9708, -1776.6890, -30.0000, 2112.1373, -1874.0743, -30.0000, 112, 96, 74
L 2112.1373, -1874.0743, -30.0000, 2154.3038, -1776.6890, -30.0000, 112, 96, 74
L 2097.3790, -1820.5124, -30.0000, 2116.3540, -1837.0679, -30.0000, 84, 72, 56
L -2109.9040, -1658.3180, -30.0000, -2081.5378, -1715.5008, -30.0000, 112, 96, 74
L -2081.5378, -1715.5008, -30.0000, -2053.1716, -1658.3180, -30.0000, 112, 96, 74
L -2091.4660, -1684.0502, -30.0000, -2078.7012, -1693.7713, -30.0000, 84, 72, 56
L -2078.7012, -1658.3180, -30.0000, -2050.3350, -1719.4530, -30.0000, 112, 96, 74
L -2050.3350, -1719.4530, -30.0000, -2021.9688, -1658.3180, -30.0000, 112, 96, 74
L -2060.2632, -1685.8287, -30.0000, -2047.4984, -1696.2217, -30.0000, 84, 72, 56
L -1889.9435, -1571.9386, -30.0000, -1864.5168, -1607.8324, -30.0000, 112, 96, 74
L -1864.5168, -1607.8324, -30.0000, -1839.0901, -1571.9386, -30.0000, 112, 96, 74
L -1873.4161, -1588.0908, -30.0000, -1861.9741, -1594.1927, -30.0000, 84, 72, 56
L -1861.9741, -1571.9386, -30.0000, -1836.5474, -1626.2499, -30.0000, 112, 96, 74
L -1836.5474, -1626.2499, -30.0000, -1811.1207, -1571.9386, -30.0000, 112, 96, 74
L -1845.4467, -1596.3787, -30.0000, -1834.0047, -1605.6116, -30.0000, 84, 72, 56
L -1836.5474, -1626.2499, -30.0000, -1842.6498, -1646.5912, -30.0000, 150, 165, 180
L -1842.6498, -1646.5912, -30.0000, -1831.4620, -1664.3899, -30.0000, 150, 165, 180
L -1748.6217, -1575.3532, -30.0000, -1720.8859, -1627.1974, -30.0000, 112, 96, 74
L -1720.8859, -1627.1974, -30.0000, -1693.1502, -1575.3532, -30.0000, 112, 96, 74
L -1730.5935, -1598.6831, -30.0000, -1718.1124, -1607.4966, -30.0000, 84, 72, 56
L -1718.1124, -1575.3532, -30.0000, -1690.3767, -1622.0860, -30.0000, 112, 96, 74
L -1690.3767, -1622.0860, -30.0000, -1662.6409, -1575.3532, -30.0000, 112, 96, 74
L -1700.0842, -1596.3829, -30.0000, -1687.6031, -1604.3275, -30.0000, 84, 72, 56
L -1720.8859, -1627.1974, -30.0000, -1727.5425, -1649.3860, -30.0000, 150, 165, 180
L -1727.5425, -1649.3860, -30.0000, -1715.3388, -1668.8010, -30.0000, 150, 165, 180
L -1604.1125, -1668.1207, -30.0000, -1573.7936, -1723.1243, -30.0000, 112, 96, 74
L -1573.7936, -1723.1243, -30.0000, -1543.4746, -1668.1207, -30.0000, 112, 96, 74
L -1584.4052, -1692.8723, -30.0000, -1570.7617, -1702.2229, -30.0000, 84, 72, 56
L -1570.7617, -1668.1207, -30.0000, -1540.4427, -1719.7667, -30.0000, 112, 96, 74
L -1540.4427, -1719.7667, -30.0000, -1510.1238, -1668.1207, -30.0000, 112, 96, 74
L -1551.0544, -1691.3614, -30.0000, -1537.4109, -1700.1412, -30.0000, 84, 72, 56
L -1537.4109, -1668.1207, -30.0000, -1507.0919, -1721.6525, -30.0000, 112, 96, 74
L -1507.0919, -1721.6525, -30.0000, -1476.7730, -1668.1207, -30.0000, 112, 96, 74
L -1517.7035, -1692.2100, -30.0000, -1504.0600, -1701.3104, -30.0000, 84, 72, 56
L -1573.7936, -1723.1243, -30.0000, -1581.0701, -1747.3795, -30.0000, 150, 165, 180
L -1581.0701, -1747.3795, -30.0000, -1567.7298, -1768.6027, -30.0000, 150, 165, 180
L -1219.8521, -1663.8150, -30.0000, -1189.9082, -1709.4141, -30.0000, 112, 96, 74
L -1189.9082, -1709.4141, -30.0000, -1159.9642, -1663.8150, -30.0000, 112, 96, 74
L -1200.3886, -1684.3346, -30.0000, -1186.9138, -1692.0865, -30.0000, 84, 72, 56
L -1186.9138, -1663.8150, -30.0000, -1156.9698, -1719.1762, -30.0000, 112, 96, 74
L -1156.9698, -1719.1762, -30.0000, -1127.0259, -1663.8150, -30.0000, 112, 96, 74
L -1167.4502, -1688.7275, -30.0000, -1153.9754, -1698.1389, -30.0000, 84, 72, 56
L -1156.9698, -1719.1762, -30.0000, -1164.1564, -1743.1313, -30.0000, 150, 165, 180
L -1164.1564, -1743.1313, -30.0000, -1150.9810, -1764.0921, -30.0000, 150, 165, 180
L -1056.3948, -1610.7528, -30.0000, -1024.3688, -1656.9745, -30.0000, 112, 96, 74
L -1024.3688, -1656.9745, -30.0000, -992.3428, -1610.7528, -30.0000, 112, 96, 74
L -1035.5779, -1631.5526, -30.0000, -1021.1662, -1639.4102, -30.0000, 84, 72, 56
L -1021.1662, -1610.7528, -30.0000, -989.1402, -1684.2657, -30.0000, 112, 96, 74
L -989.1402, -1684.2657, -30.0000, -957.1142, -1610.7528, -30.0000, 112, 96, 74
L -1000.3493, -1643.8336, -30.0000, -985.9376, -1656.3308, -30.0000, 84, 72, 56
L -985.9376, -1610.7528, -30.0000, -953.9116, -1659.4544, -30.0000, 112, 96, 74
L -953.9116, -1659.4544, -30.0000, -921.8856, -1610.7528, -30.0000, 112, 96, 74
L -965.1207, -1632.6685, -30.0000, -950.7090, -1640.9478, -30.0000, 84, 72, 56
L -989.1402, -1684.2657, -30.0000, -996.8265, -1709.8865, -30.0000, 150, 165, 180
L -996.8265, -1709.8865, -30.0000, -982.7350, -1732.3047, -30.0000, 150, 165, 180
L -934.6006, -1567.3758, -30.0000, -900.1119, -1639.3280, -30.0000, 112, 96, 74
L -900.1119, -1639.3280, -30.0000, -865.6232, -1567.3758, -30.0000, 112, 96, 74
L -912.1829, -1599.7543, -30.0000, -896.6630, -1611.9862, -30.0000, 84, 72, 56
L -896.6630, -1567.3758, -30.0000, -862.1743, -1642.0959, -30.0000, 112, 96, 74
L -862.1743, -1642.0959, -30.0000, -827.6856, -1567.3758, -30.0000, 112, 96, 74
L -874.2453, -1600.9998, -30.0000, -858.7254, -1613.7022, -30.0000, 84, 72, 56
L -858.7254, -1567.3758, -30.0000, -824.2367, -1646.8590, -30.0000, 112, 96, 74
L -824.2367, -1646.8590, -30.0000, -789.7480, -1567.3758, -30.0000, 112, 96, 74
L -836.3077, -1603.1432, -30.0000, -820.7878, -1616.6554, -30.0000, 84, 72, 56
L -824.2367, -1646.8590, -30.0000, -832.5140, -1674.4500, -30.0000, 150, 165, 180
L -832.5140, -1674.4500, -30.0000, -817.3390, -1698.5921, -30.0000, 150, 165, 180
L -772.9299, -1589.9380, -30.0000, -743.3557, -1643.7038, -30.0000, 112, 96, 74
L -743.3557, -1643.7038, -30.0000, -713.7815, -1589.9380, -30.0000, 112, 96, 74
L -753.7067, -1614.1326, -30.0000, -740.3983, -1623.2728, -30.0000, 84, 72, 56
L -740.3983, -1589.9380, -30.0000, -710.8240, -1643.7049, -30.0000, 112, 96, 74
L -710.8240, -1643.7049, -30.0000, -681.2498, -1589.9380, -30.0000, 112, 96, 74
L -721.1750, -1614.1331, -30.0000, -707.8666, -1623.2735, -30.0000, 84, 72, 56
L -371.2258, -1642.3734, -30.0000, -346.4495, -1683.0714, -30.0000, 112, 96, 74
L -346.4495, -1683.0714, -30.0000, -321.6731, -1642.3734, -30.0000, 112, 96, 74
L -355.1212, -1660.6875, -30.0000, -343.9718, -1667.6061, -30.0000, 84, 72, 56
L -343.9718, -1642.3734, -30.0000, -319.1955, -1692.2503, -30.0000, 112, 96, 74
L -319.1955, -1692.2503, -30.0000, -294.4192, -1642.3734, -30.0000, 112, 96, 74
L -327.8672, -1664.8180, -30.0000, -316.7179, -1673.2970, -30.0000, 84, 72, 56
L -7.3061, -1664.6461, -30.0000, 31.3083, -1753.1671, -30.0000, 112, 96, 74
L 31.3083, -1753.1671, -30.0000, 69.9228, -1664.6461, -30.0000, 112, 96, 74
L 17.7933, -1704.4805, -30.0000, 35.1698, -1719.5291, -30.0000, 84, 72, 56
L 35.1698, -1664.6461, -30.0000, 73.7842, -1721.9326, -30.0000, 112, 96, 74
L 73.7842, -1721.9326, -30.0000, 112.3986, -1664.6461, -30.0000, 112, 96, 74
L 60.2692, -1690.4250, -30.0000, 77.6456, -1700.1637, -30.0000, 84, 72, 56
L 151.8884, -1616.4767, -30.0000, 189.0773, -1682.7794, -30.0000, 112, 96, 74
L 189.0773, -1682.7794, -30.0000, 226.2663, -1616.4767, -30.0000, 112, 96, 74
L 176.0612, -1646.3129, -30.0000, 192.7962, -1657.5844, -30.0000, 84, 72, 56
L 192.7962, -1616.4767, -30.0000, 229.9852, -1690.2142, -30.0000, 112, 96, 74
L 229.9852, -1690.2142, -30.0000, 267.1741, -1616.4767, -30.0000, 112, 96, 74
L 216.9690, -1649.6585, -30.0000, 233.7041, -1662.1939, -30.0000, 84, 72, 56
L 233.7041, -1616.4767, -30.0000, 270.8930, -1676.6584, -30.0000, 112, 96, 74
L 270.8930, -1676.6584, -30.0000, 308.0820, -1616.4767, -30.0000, 112, 96, 74
L 257.8769, -1643.5585, -30.0000, 274.6119, -1653.7893, -30.0000, 84, 72, 56
L 229.9852, -1690.2142, -30.0000, 221.0598, -1719.9653, -30.0000, 150, 165, 180
L 221.0598, -1719.9653, -30.0000, 237.4230, -1745.9976, -30.0000, 150, 165, 180
L 297.9939, -1595.1278, -30.0000, 329.4940, -1663.4354, -30.0000, 112, 96, 74
L 329.4940, -1663.4354, -30.0000, 360.9942, -1595.1278, -30.0000, 112, 96, 74
L 318.4690, -1625.8662, -30.0000, 332.6441, -1637.4785, -30.0000, 84, 72, 56
L 332.6441, -1595.1278, -30.0000, 364.1442, -1665.7995, -30.0000, 112, 96, 74
L 364.1442, -1665.7995, -30.0000, 395.6443, -1595.1278, -30.0000, 112, 96, 74
L 353.1192, -1626.9300, -30.0000, 367.2942, -1638.9442, -30.0000, 84, 72, 56
L 364.1442, -1665.7995, -30.0000, 356.5842, -1690.9996, -30.0000, 150, 165, 180
L 356.5842, -1690.9996, -30.0000, 370.4442, -1713.0497, -30.0000, 150, 165, 180
L 454.8812, -1571.8847, -30.0000, 485.8993, -1643.4351, -30.0000, 112, 96, 74
L 485.8993, -1643.4351, -30.0000, 516.9173, -1571.8847, -30.0000, 112, 96, 74
L 475.0429, -1604.0823, -30.0000, 489.0011, -1616.2459, -30.0000, 84, 72, 56
L 489.0011, -1571.8847, -30.0000, 520.0191, -1635.7660, -30.0000, 112, 96, 74
L 520.0191, -1635.7660, -30.0000, 551.0372, -1571.8847, -30.0000, 112, 96, 74
L 509.1628, -1600.6313, -30.0000, 523.1210, -1611.4911, -30.0000, 84, 72, 56
L 523.1210, -1571.8847, -30.0000, 554.1390, -1628.7240, -30.0000, 112, 96, 74
L 554.1390, -1628.7240, -30.0000, 585.1571, -1571.8847, -30.0000, 112, 96, 74
L 543.2827, -1597.4623, -30.0000, 557.2408, -1607.1250, -30.0000, 84, 72, 56
L 828.9289, -1605.6699, -30.0000, 855.3501, -1655.3386, -30.0000, 112, 96, 74
L 855.3501, -1655.3386, -30.0000, 881.7713, -1605.6699, -30.0000, 112, 96, 74
L 846.1027, -1628.0208, -30.0000, 857.9922, -1636.4645, -30.0000, 84, 72, 56
L 857.9922, -1605.6699, -30.0000, 884.4134, -1649.9840, -30.0000, 112, 96, 74
L 884.4134, -1649.9840, -30.0000, 910.8346, -1605.6699, -30.0000, 112, 96, 74
L 875.1660, -1625.6112, -30.0000, 887.0556, -1633.1446, -30.0000, 84, 72, 56
L 887.0556, -1605.6699, -30.0000, 913.4768, -1650.2154, -30.0000, 112, 96, 74
L 913.4768, -1650.2154, -30.0000, 939.8979, -1605.6699, -30.0000, 112, 96, 74
L 904.2293, -1625.7154, -30.0000, 916.1189, -1633.2881, -30.0000, 84, 72, 56
L 855.3501, -1655.3386, -30.0000, 849.0090, -1676.4756, -30.0000, 150, 165, 180
L 849.0090, -1676.4756, -30.0000, 860.6344, -1694.9704, -30.0000, 150, 165, 180
L 1071.4848, -1649.7067, -30.0000, 1095.4949, -1701.1448, -30.0000, 112, 96, 74
L 1095.4949, -1701.1448, -30.0000, 1119.5050, -1649.7067, -30.0000, 112, 96, 74
L 1087.0914, -1672.8538, -30.0000, 1097.8959, -1681.5983, -30.0000, 84, 72, 56
L 1097.8959, -1649.7067, -30.0000, 1121.9060, -1696.4220, -30.0000, 112, 96, 74
L 1121.9060, -1696.4220, -30.0000, 1145.9161, -1649.7067, -30.0000, 112, 96, 74
L 1113.5025, -1670.7286, -30.0000, 1124.3070, -1678.6702, -30.0000, 84, 72, 56
L -2186.3711, -1486.1585, -30.0000, -2152.2520, -1536.5224, -30.0000, 112, 96, 74
L -2152.2520, -1536.5224, -30.0000, -2118.1328, -1486.1585, -30.0000, 112, 96, 74
L -2164.1937, -1508.8223, -30.0000, -2148.8400, -1517.3841, -30.0000, 84, 72, 56
L -2148.8400, -1486.1585, -30.0000, -2114.7208, -1554.3468, -30.0000, 112, 96, 74
L -2114.7208, -1554.3468, -30.0000, -2080.6016, -1486.1585, -30.0000, 112, 96, 74
L -2126.6626, -1516.8433, -30.0000, -2111.3089, -1528.4353, -30.0000, 84, 72, 56
L -2111.3089, -1486.1585, -30.0000, -2077.1897, -1554.5928, -30.0000, 112, 96, 74
L -2077.1897, -1554.5928, -30.0000, -2043.0705, -1486.1585, -30.0000, 112, 96, 74
L -2089.1314, -1516.9539, -30.0000, -2073.7778, -1528.5878, -30.0000, 84, 72, 56
L -2077.1897, -1554.5928, -30.0000, -2085.3783, -1581.8881, -30.0000, 150, 165, 180
L -2085.3783, -1581.8881, -30.0000, -2070.3659, -1605.7715, -30.0000, 150, 165, 180
L -1948.8760, -1489.6800, -30.0000, -1916.8480, -1560.4003, -30.0000, 112, 96, 74
L -1916.8480, -1560.4003, -30.0000, -1884.8200, -1489.6800, -30.0000, 112, 96, 74
L -1928.0578, -1521.5041, -30.0000, -1913.6452, -1533.5266, -30.0000, 84, 72, 56
L -1913.6452, -1489.6800, -30.0000, -1881.6172, -1554.0884, -30.0000, 112, 96, 74
L -1881.6172, -1554.0884, -30.0000, -1849.5892, -1489.6800, -30.0000, 112, 96, 74
L -1892.8270, -1518.6638, -30.0000, -1878.4144, -1529.6132, -30.0000, 84, 72, 56
L -1878.4144, -1489.6800, -30.0000, -1846.3864, -1554.4367, -30.0000, 112, 96, 74
L -1846.3864, -1554.4367, -30.0000, -1814.3584, -1489.6800, -30.0000, 112, 96, 74
L -1857.5962, -1518.8205, -30.0000, -1843.1836, -1529.8291, -30.0000, 84, 72, 56
L -1470.9885, -1417.9937, -30.0000, -1432.5544, -1489.8492, -30.0000, 112, 96, 74
L -1432.5544, -1489.8492, -30.0000, -1394.1204, -1417.9937, -30.0000, 112, 96, 74
L -1446.0064, -1450.3287, -30.0000, -1428.7110, -1462.5441, -30.0000, 84, 72, 56
L -1428.7110, -1417.9937, -30.0000, -1390.2769, -1501.1642, -30.0000, 112, 96, 74
L -1390.2769, -1501.1642, -30.0000, -1351.8428, -1417.9937, -30.0000, 112, 96, 74
L -1403.7289, -1455.4204, -30.0000, -1386.4335, -1469.5594, -30.0000, 84, 72, 56
L -1390.2769, -1501.1642, -30.0000, -1399.5011, -1531.9114, -30.0000, 150, 165, 180
L -1399.5011, -1531.9114, -30.0000, -1382.5901, -1558.8153, -30.0000, 150, 165, 180
L -1120.7244, -1490.4711, -30.0000, -1087.1477, -1568.5873, -30.0000, 112, 96, 74
L -1087.1477, -1568.5873, -30.0000, -1053.5709, -1490.4711, -30.0000, 112, 96, 74
L -1098.8995, -1525.6234, -30.0000, -1083.7900, -1538.9031, -30.0000, 84, 72, 56
L -1083.7900, -1490.4711, -30.0000, -1050.2132, -1542.3352, -30.0000, 112, 96, 74
L -1050.2132, -1542.3352, -30.0000, -1016.6365, -1490.4711, -30.0000, 112, 96, 74
L -1061.9651, -1513.8100, -30.0000, -1046.8556, -1522.6269, -30.0000, 84, 72, 56
L -937.8133, -1435.7142, -30.0000, -913.1278, -1474.4026, -30.0000, 112, 96, 74
L -913.1278, -1474.4026, -30.0000, -888.4424, -1435.7142, -30.0000, 112, 96, 74
L -921.7677, -1453.1240, -30.0000, -910.6593, -1459.7010, -30.0000, 84, 72, 56
L -910.6593, -1435.7142, -30.0000, -885.9738, -1476.0309, -30.0000, 112, 96, 74
L -885.9738, -1476.0309, -30.0000, -861.2884, -1435.7142, -30.0000, 112, 96, 74
L -894.6137, -1453.8567, -30.0000, -883.5053, -1460.7106, -30.0000, 84, 72, 56
L -883.5053, -1435.7142, -30.0000, -858.8198, -1491.0284, -30.0000, 112, 96, 74
L -858.8198, -1491.0284, -30.0000, -834.1344, -1435.7142, -30.0000, 112, 96, 74
L -867.4597, -1460.6056, -30.0000, -856.3513, -1470.0090, -30.0000, 84, 72, 56
L -232.1651, -1478.1124, -30.0000, -199.5238, -1535.4654, -30.0000, 112, 96, 74
L -199.5238, -1535.4654, -30.0000, -166.8826, -1478.1124, -30.0000, 112, 96, 74
L -210.9483, -1503.9213, -30.0000, -196.2597, -1513.6713, -30.0000, 84, 72, 56
L -196.2597, -1478.1124, -30.0000, -163.6185, -1524.7134, -30.0000, 112, 96, 74
L -163.6185, -1524.7134, -30.0000, -130.9772, -1478.1124, -30.0000, 112, 96, 74
L -175.0429, -1499.0829, -30.0000, -160.3543, -1507.0050, -30.0000, 84, 72, 56
L -160.3543, -1478.1124, -30.0000, -127.7131, -1531.2952, -30.0000, 112, 96, 74
L -127.7131, -1531.2952, -30.0000, -95.0719, -1478.1124, -30.0000, 112, 96, 74
L -139.1375, -1502.0447, -30.0000, -124.4490, -1511.0857, -30.0000, 84, 72, 56
L -199.5238, -1535.4654, -30.0000, -207.3577, -1561.5784, -30.0000, 150, 165, 180
L -207.3577, -1561.5784, -30.0000, -192.9956, -1584.4273, -30.0000, 150, 165, 180
L -18.4046, -1434.5468, -30.0000, 23.4211, -1507.1300, -30.0000, 112, 96, 74
L 23.4211, -1507.1300, -30.0000, 65.2469, -1434.5468, -30.0000, 112, 96, 74
L 8.7821, -1467.2092, -30.0000, 27.6037, -1479.5484, -30.0000, 84, 72, 56
L 27.6037, -1434.5468, -30.0000, 69.4295, -1498.6124, -30.0000, 112, 96, 74
L 69.4295, -1498.6124, -30.0000, 111.2552, -1434.5468, -30.0000, 112, 96, 74
L 54.7905, -1463.3763, -30.0000, 73.6120, -1474.2675, -30.0000, 84, 72, 56
L 73.6120, -1434.5468, -30.0000, 115.4378, -1507.3432, -30.0000, 112, 96, 74
L 115.4378, -1507.3432, -30.0000, 157.2635, -1434.5468, -30.0000, 112, 96, 74
L 100.7988, -1467.3052, -30.0000, 119.6204, -1479.6806, -30.0000, 84, 72, 56
L 115.4378, -1507.3432, -30.0000, 105.3996, -1540.8038, -30.0000, 150, 165, 180
L 105.3996, -1540.8038, -30.0000, 123.8029, -1570.0818, -30.0000, 150, 165, 180
L 85.7836, -1387.6129, -30.0000, 126.5635, -1447.0850, -30.0000, 112, 96, 74
L 126.5635, -1447.0850, -30.0000, 167.3434, -1387.6129, -30.0000, 112, 96, 74
L 112.2905, -1414.3753, -30.0000, 130.6415, -1424.4856, -30.0000, 84, 72, 56
L 130.6415, -1387.6129, -30.0000, 171.4214, -1445.5550, -30.0000, 112, 96, 74
L 171.4214, -1445.5550, -30.0000, 212.2012, -1387.6129, -30.0000, 112, 96, 74
L 157.1484, -1413.6868, -30.0000, 175.4993, -1423.5370, -30.0000, 84, 72, 56
L 306.7536, -1440.9613, -30.0000, 340.4961, -1508.7080, -30.0000, 112, 96, 74
L 340.4961, -1508.7080, -30.0000, 374.2385, -1440.9613, -30.0000, 112, 96, 74
L 328.6862, -1471.4473, -30.0000, 343.8703, -1482.9642, -30.0000, 84, 72, 56
L 343.8703, -1440.9613, -30.0000, 377.6128, -1519.7606, -30.0000, 112, 96, 74
L 377.6128, -1519.7606, -30.0000, 411.3553, -1440.9613, -30.0000, 112, 96, 74
L 365.8029, -1476.4210, -30.0000, 380.9870, -1489.8168, -30.0000, 84, 72, 56
L 380.9870, -1440.9613, -30.0000, 414.7295, -1510.6541, -30.0000, 112, 96, 74
L 414.7295, -1510.6541, -30.0000, 448.4720, -1440.9613, -30.0000, 112, 96, 74
L 402.9196, -1472.3231, -30.0000, 418.1038, -1484.1708, -30.0000, 84, 72, 56
L 515.2935, -1487.2318, -30.0000, 551.1498, -1552.5305, -30.0000, 112, 96, 74
L 551.1498, -1552.5305, -30.0000, 587.0060, -1487.2318, -30.0000, 112, 96, 74
L 538.6001, -1516.6162, -30.0000, 554.7354, -1527.7170, -30.0000, 84, 72, 56
L 554.7354, -1487.2318, -30.0000, 590.5916, -1564.4843, -30.0000, 112, 96, 74
L 590.5916, -1564.4843, -30.0000, 626.4478, -1487.2318, -30.0000, 112, 96, 74
L 578.0419, -1521.9954, -30.0000, 594.1772, -1535.1283, -30.0000, 84, 72, 56
L 594.1772, -1487.2318, -30.0000, 630.0334, -1541.0723, -30.0000, 112, 96, 74
L 630.0334, -1541.0723, -30.0000, 665.8896, -1487.2318, -30.0000, 112, 96, 74
L 617.4837, -1511.4600, -30.0000, 633.6190, -1520.6129, -30.0000, 84, 72, 56
L 982.0244, -1423.7247, -30.0000, 1014.0950, -1476.9511, -30.0000, 112, 96, 74
L 1014.0950, -1476.9511, -30.0000, 1046.1656, -1423.7247, -30.0000, 112, 96, 74
L 1002.8703, -1447.6766, -30.0000, 1017.3021, -1456.7251, -30.0000, 84, 72, 56
L 1017.3021, -1423.7247, -30.0000, 1049.3727, -1469.4554, -30.0000, 112, 96, 74
L 1049.3727, -1469.4554, -30.0000, 1081.4433, -1423.7247, -30.0000, 112, 96, 74
L 1038.1480, -1444.3035, -30.0000, 1052.5798, -1452.0777, -30.0000, 84, 72, 56
L 1014.0950, -1476.9511, -30.0000, 1006.3980, -1502.6076, -30.0000, 150, 165, 180
L 1006.3980, -1502.6076, -30.0000, 1020.5091, -1525.0571, -30.0000, 150, 165, 180
L 1541.9926, -1407.9335, -30.0000, 1569.6147, -1462.6111, -30.0000, 112, 96, 74
L 1569.6147, -1462.6111, -30.0000, 1597.2368, -1407.9335, -30.0000, 112, 96, 74
L 1559.9470, -1432.5384, -30.0000, 1572.3769, -1441.8336, -30.0000, 84, 72, 56
L 1572.3769, -1407.9335, -30.0000, 1599.9990, -1461.0777, -30.0000, 112, 96, 74
L 1599.9990, -1461.0777, -30.0000, 1627.6211, -1407.9335, -30.0000, 112, 96, 74
L 1590.3313, -1431.8484, -30.0000, 1602.7612, -1440.8829, -30.0000, 84, 72, 56
L 1569.6147, -1462.6111, -30.0000, 1562.9854, -1484.7088, -30.0000, 150, 165, 180
L 1562.9854, -1484.7088, -30.0000, 1575.1391, -1504.0443, -30.0000, 150, 165, 180
L 1924.2326, -1410.7309, -30.0000, 1947.9526, -1451.8192, -30.0000, 112, 96, 74
L 1947.9526, -1451.8192, -30.0000, 1971.6725, -1410.7309, -30.0000, 112, 96, 74
L 1939.6506, -1429.2206, -30.0000, 1950.3246, -1436.2056, -30.0000, 84, 72, 56
L 1950.3246, -1410.7309, -30.0000, 1974.0445, -1467.4833, -30.0000, 112, 96, 74
L 1974.0445, -1467.4833, -30.0000, 1997.7645, -1410.7309, -30.0000, 112, 96, 74
L 1965.7425, -1436.2695, -30.0000, 1976.4165, -1445.9174, -30.0000, 84, 72, 56
L -2195.6685, -1299.8307, -30.0000, -2160.5062, -1352.9727, -30.0000, 112, 96, 74
L -2160.5062, -1352.9727, -30.0000, -2125.3439, -1299.8307, -30.0000, 112, 96, 74
L -2172.8130, -1323.7446, -30.0000, -2156.9900, -1332.7787, -30.0000, 84, 72, 56
L -2156.9900, -1299.8307, -30.0000, -2121.8277, -1375.1326, -30.0000, 112, 96, 74
L -2121.8277, -1375.1326, -30.0000, -2086.6653, -1299.8307, -30.0000, 112, 96, 74
L -2134.1345, -1333.7166, -30.0000, -2118.3114, -1346.5179, -30.0000, 84, 72, 56
L -2118.3114, -1299.8307, -30.0000, -2083.1491, -1357.6690, -30.0000, 112, 96, 74
L -2083.1491, -1357.6690, -30.0000, -2047.9868, -1299.8307, -30.0000, 112, 96, 74
L -2095.4559, -1325.8579, -30.0000, -2079.6329, -1335.6904, -30.0000, 84, 72, 56
L -2121.8277, -1375.1326, -30.0000, -2130.2666, -1403.2625, -30.0000, 150, 165, 180
L -2130.2666, -1403.2625, -30.0000, -2114.7952, -1427.8761, -30.0000, 150, 165, 180
L -1981.7921, -1315.9915, -30.0000, -1951.6962, -1366.7357, -30.0000, 112, 96, 74
L -1951.6962, -1366.7357, -30.0000, -1921.6003, -1315.9915, -30.0000, 112, 96, 74
L -1962.2297, -1338.8264, -30.0000, -1948.6866, -1347.4529, -30.0000, 84, 72, 56
L -1948.6866, -1315.9915, -30.0000, -1918.5907, -1381.0794, -30.0000, 112, 96, 74
L -1918.5907, -1381.0794, -30.0000, -1888.4948, -1315.9915, -30.0000, 112, 96, 74
L -1929.1243, -1345.2810, -30.0000, -1915.5811, -1356.3460, -30.0000, 84, 72, 56
L -1430.1974, -1245.7569, -30.0000, -1407.0260, -1290.2465, -30.0000, 112, 96, 74
L -1407.0260, -1290.2465, -30.0000, -1383.8546, -1245.7569, -30.0000, 112, 96, 74
L -1415.1360, -1265.7772, -30.0000, -1404.7089, -1273.3405, -30.0000, 84, 72, 56
L -1404.7089, -1245.7569, -30.0000, -1381.5375, -1294.4543, -30.0000, 112, 96, 74
L -1381.5375, -1294.4543, -30.0000, -1358.3661, -1245.7569, -30.0000, 112, 96, 74
L -1389.6475, -1267.6707, -30.0000, -1379.2203, -1275.9493, -30.0000, 84, 72, 56
L -1381.5375, -1294.4543, -30.0000, -1387.0986, -1312.9914, -30.0000, 150, 165, 180
L -1387.0986, -1312.9914, -30.0000, -1376.9032, -1329.2114, -30.0000, 150, 165, 180
L -1038.9244, -1214.0436, -30.0000, -999.2687, -1286.1254, -30.0000, 112, 96, 74
L -999.2687, -1286.1254, -30.0000, -959.6130, -1214.0436, -30.0000, 112, 96, 74
L -1013.1482, -1246.4804, -30.0000, -995.3031, -1258.7343, -30.0000, 84, 72, 56
L -995.3031, -1214.0436, -30.0000, -955.6474, -1279.7793, -30.0000, 112, 96, 74
L -955.6474, -1279.7793, -30.0000, -915.9917, -1214.0436, -30.0000, 112, 96, 74
L -969.5269, -1243.6247, -30.0000, -951.6818, -1254.7997, -30.0000, 84, 72, 56
L -935.7723, -1288.0477, -30.0000, -908.1460, -1337.7750, -30.0000, 112, 96, 74
L -908.1460, -1337.7750, -30.0000, -880.5197, -1288.0477, -30.0000, 112, 96, 74
L -917.8152, -1310.4250, -30.0000, -905.3834, -1318.8786, -30.0000, 84, 72, 56
L -905.3834, -1288.0477, -30.0000, -877.7570, -1342.9860, -30.0000, 112, 96, 74
L -877.7570, -1342.9860, -30.0000, -850.1307, -1288.0477, -30.0000, 112, 96, 74
L -887.4263, -1312.7700, -30.0000, -874.9944, -1322.1095, -30.0000, 84, 72, 56
L -690.3874, -1304.4643, -30.0000, -662.9643, -1344.5713, -30.0000, 112, 96, 74
L -662.9643, -1344.5713, -30.0000, -635.5412, -1304.4643, -30.0000, 112, 96, 74
L -672.5624, -1322.5124, -30.0000, -660.2220, -1329.3306, -30.0000, 84, 72, 56
L -660.2220, -1304.4643, -30.0000, -632.7989, -1358.0391, -30.0000, 112, 96, 74
L -632.7989, -1358.0391, -30.0000, -605.3758, -1304.4643, -30.0000, 112, 96, 74
L -642.3970, -1328.5730, -30.0000, -630.0566, -1337.6807, -30.0000, 84, 72, 56
L -630.1984, -1302.7825, -30.0000, -588.4358, -1374.4243, -30.0000, 112, 96, 74
L -588.4358, -1374.4243, -30.0000, -546.6732, -1302.7825, -30.0000, 112, 96, 74
L -603.0527, -1335.0213, -30.0000, -584.2596, -1347.2004, -30.0000, 84, 72, 56
L -584.2596, -1302.7825, -30.0000, -542.4969, -1384.5079, -30.0000, 112, 96, 74
L -542.4969, -1384.5079, -30.0000, -500.7343, -1302.7825, -30.0000, 112, 96, 74
L -557.1139, -1339.5589, -30.0000, -538.3207, -1353.4523, -30.0000, 84, 72, 56
L -538.3207, -1302.7825, -30.0000, -496.5581, -1383.5843, -30.0000, 112, 96, 74
L -496.5581, -1383.5843, -30.0000, -454.7954, -1302.7825, -30.0000, 112, 96, 74
L -511.1750, -1339.1433, -30.0000, -492.3818, -1352.8796, -30.0000, 84, 72, 56
L -178.7626, -1271.9773, -30.0000, -145.3223, -1330.3081, -30.0000, 112, 96, 74
L -145.3223, -1330.3081, -30.0000, -111.8820, -1271.9773, -30.0000, 112, 96, 74
L -157.0264, -1298.2262, -30.0000, -141.9783, -1308.1424, -30.0000, 84, 72, 56
L -141.9783, -1271.9773, -30.0000, -108.5380, -1350.0042, -30.0000, 112, 96, 74
L -108.5380, -1350.0042, -30.0000, -75.0977, -1271.9773, -30.0000, 112, 96, 74
L -120.2421, -1307.0894, -30.0000, -105.1940, -1320.3540, -30.0000, 84, 72, 56
L -33.5440, -1258.2470, -30.0000, -5.8209, -1320.7818, -30.0000, 112, 96, 74
L -5.8209, -1320.7818, -30.0000, 21.9022, -1258.2470, -30.0000, 112, 96, 74
L -15.5240, -1286.3877, -30.0000, -3.0486, -1297.0186, -30.0000, 84, 72, 56
L -3.0486, -1258.2470, -30.0000, 24.6745, -1307.1532, -30.0000, 112, 96, 74
L 24.6745, -1307.1532, -30.0000, 52.3975, -1258.2470, -30.0000, 112, 96, 74
L 14.9714, -1280.2548, -30.0000, 27.4468, -1288.5689, -30.0000, 84, 72, 56
L 130.8938, -1270.8998, -30.0000, 157.8410, -1331.2207, -30.0000, 112, 96, 74
L 157.8410, -1331.2207, -30.0000, 184.7881, -1270.8998, -30.0000, 112, 96, 74
L 148.4095, -1298.0442, -30.0000, 160.5357, -1308.2988, -30.0000, 84, 72, 56
L 160.5357, -1270.8998, -30.0000, 187.4829, -1323.5084, -30.0000, 112, 96, 74
L 187.4829, -1323.5084, -30.0000, 214.4300, -1270.8998, -30.0000, 112, 96, 74
L 178.0514, -1294.5737, -30.0000, 190.1776, -1303.5172, -30.0000, 84, 72, 56
L 157.8410, -1331.2207, -30.0000, 151.3737, -1352.7785, -30.0000, 150, 165, 180
L 151.3737, -1352.7785, -30.0000, 163.2304, -1371.6415, -30.0000, 150, 165, 180
L 330.3434, -1228.8296, -30.0000, 353.7880, -1262.9304, -30.0000, 112, 96, 74
L 353.7880, -1262.9304, -30.0000, 377.2327, -1228.8296, -30.0000, 112, 96, 74
L 345.5824, -1244.1750, -30.0000, 356.1325, -1249.9721, -30.0000, 84, 72, 56
L 356.1325, -1228.8296, -30.0000, 379.5772, -1278.6651, -30.0000, 112, 96, 74
L 379.5772, -1278.6651, -30.0000, 403.0219, -1228.8296, -30.0000, 112, 96, 74
L 371.3715, -1251.2556, -30.0000, 381.9216, -1259.7276, -30.0000, 84, 72, 56
L 456.0107, -1243.3432, -30.0000, 480.1667, -1297.7718, -30.0000, 112, 96, 74
L 480.1667, -1297.7718, -30.0000, 504.3228, -1243.3432, -30.0000, 112, 96, 74
L 471.7121, -1267.8361, -30.0000, 482.5823, -1277.0889, -30.0000, 84, 72, 56
L 482.5823, -1243.3432, -30.0000, 506.7384, -1282.3807, -30.0000, 112, 96, 74
L 506.7384, -1282.3807, -30.0000, 530.8945, -1243.3432, -30.0000, 112, 96, 74
L 498.2838, -1260.9101, -30.0000, 509.1540, -1267.5465, -30.0000, 84, 72, 56
L 509.1540, -1243.3432, -30.0000, 533.3101, -1289.2896, -30.0000, 112, 96, 74
L 533.3101, -1289.2896, -30.0000, 557.4661, -1243.3432, -30.0000, 112, 96, 74
L 524.8554, -1264.0191, -30.0000, 535.7257, -1271.8300, -30.0000, 84, 72, 56
L 642.7157, -1230.9622, -30.0000, 677.8208, -1295.5183, -30.0000, 112, 96, 74
L 677.8208, -1295.5183, -30.0000, 712.9258, -1230.9622, -30.0000, 112, 96, 74
L 665.5340, -1260.0124, -30.0000, 681.3313, -1270.9870, -30.0000, 84, 72, 56
L 681.3313, -1230.9622, -30.0000, 716.4363, -1290.5680, -30.0000, 112, 96, 74
L 716.4363, -1290.5680, -30.0000, 751.5414, -1230.9622, -30.0000, 112, 96, 74
L 704.1496, -1257.7848, -30.0000, 719.9469, -1267.9178, -30.0000, 84, 72, 56
L 989.1604, -1285.8210, -30.0000, 1028.1660, -1378.9617, -30.0000, 112, 96, 74
L 1028.1660, -1378.9617, -30.0000, 1067.1716, -1285.8210, -30.0000, 112, 96, 74
L 1014.5141, -1327.7343, -30.0000, 1032.0666, -1343.5682, -30.0000, 84, 72, 56
L 1032.0666, -1285.8210, -30.0000, 1071.0722, -1348.0835, -30.0000, 112, 96, 74
L 1071.0722, -1348.0835, -30.0000, 1110.0778, -1285.8210, -30.0000, 112, 96, 74
L 1057.4202, -1313.8391, -30.0000, 1074.9727, -1324.4237, -30.0000, 84, 72, 56
L 1211.2841, -1233.9636, -30.0000, 1252.3191, -1291.8843, -30.0000, 112, 96, 74
L 1252.3191, -1291.8843, -30.0000, 1293.3541, -1233.9636, -30.0000, 112, 96, 74
L 1237.9569, -1260.0279, -30.0000, 1256.4226, -1269.8744, -30.0000, 84, 72, 56
L 1256.4226, -1233.9636, -30.0000, 1297.4576, -1318.2126, -30.0000, 112, 96, 74
L 1297.4576, -1318.2126, -30.0000, 1338.4926, -1233.9636, -30.0000, 112, 96, 74
L 1283.0954, -1271.8757, -30.0000, 1301.5611, -1286.1980, -30.0000, 84, 72, 56
L 1301.5611, -1233.9636, -30.0000, 1342.5961, -1303.7699, -30.0000, 112, 96, 74
L 1342.5961, -1303.7699, -30.0000, 1383.6311, -1233.9636, -30.0000, 112, 96, 74
L 1328.2339, -1265.3764, -30.0000, 1346.6996, -1277.2435, -30.0000, 84, 72, 56
L 1403.6216, -1224.3405, -30.0000, 1445.0211, -1297.5245, -30.0000, 112, 96, 74
L 1445.0211, -1297.5245, -30.0000, 1486.4206, -1224.3405, -30.0000, 112, 96, 74
L 1430.5313, -1257.2733, -30.0000, 1449.1610, -1269.7146, -30.0000, 84, 72, 56
L 1449.1610, -1224.3405, -30.0000, 1490.5605, -1307.3587, -30.0000, 112, 96, 74
L 1490.5605, -1307.3587, -30.0000, 1531.9600, -1224.3405, -30.0000, 112, 96, 74
L 1476.0707, -1261.6987, -30.0000, 1494.7005, -1275.8118, -30.0000, 84, 72, 56
L 1490.5605, -1307.3587, -30.0000, 1480.6247, -1340.4783, -30.0000, 150, 165, 180
L 1480.6247, -1340.4783, -30.0000, 1498.8404, -1369.4579, -30.0000, 150, 165, 180
L 1584.9815, -1313.3945, -30.0000, 1614.3351, -1360.2768, -30.0000, 112, 96, 74
L 1614.3351, -1360.2768, -30.0000, 1643.6886, -1313.3945, -30.0000, 112, 96, 74
L 1604.0613, -1334.4916, -30.0000, 1617.2704, -1342.4615, -30.0000, 84, 72, 56
L 1617.2704, -1313.3945, -30.0000, 1646.6240, -1376.1617, -30.0000, 112, 96, 74
L 1646.6240, -1376.1617, -30.0000, 1675.9776, -1313.3945, -30.0000, 112, 96, 74
L 1636.3502, -1341.6398, -30.0000, 1649.5594, -1352.3102, -30.0000, 84, 72, 56
L 1649.5594, -1313.3945, -30.0000, 1678.9129, -1383.3285, -30.0000, 112, 96, 74
L 1678.9129, -1383.3285, -30.0000, 1708.2665, -1313.3945, -30.0000, 112, 96, 74
L 1668.6392, -1344.8648, -30.0000, 1681.8483, -1356.7536, -30.0000, 84, 72, 56
L 1678.9129, -1383.3285, -30.0000, 1671.8681, -1406.8114, -30.0000, 150, 165, 180
L 1671.8681, -1406.8114, -30.0000, 1684.7836, -1427.3589, -30.0000, 150, 165, 180
L -2134.2496, -1081.5152, -30.0000, -2099.8809, -1132.5394, -30.0000, 112, 96, 74
L -2099.8809, -1132.5394, -30.0000, -2065.5121, -1081.5152, -30.0000, 112, 96, 74
L -2111.9099, -1104.4761, -30.0000, -2096.4440, -1113.1502, -30.0000, 84, 72, 56
L -2096.4440, -1081.5152, -30.0000, -2062.0752, -1151.9898, -30.0000, 112, 96, 74
L -2062.0752, -1151.9898, -30.0000, -2027.7064, -1081.5152, -30.0000, 112, 96, 74
L -2074.1043, -1113.2288, -30.0000, -2058.6383, -1125.2095, -30.0000, 84, 72, 56
L -1063.4708, -1111.4214, -30.0000, -1031.5292, -1165.1924, -30.0000, 112, 96, 74
L -1031.5292, -1165.1924, -30.0000, -999.5877, -1111.4214, -30.0000, 112, 96, 74
L -1042.7088, -1135.6184, -30.0000, -1028.3351, -1144.7594, -30.0000, 84, 72, 56
L -1028.3351, -1111.4214, -30.0000, -996.3936, -1161.0629, -30.0000, 112, 96, 74
L -996.3936, -1161.0629, -30.0000, -964.4520, -1111.4214, -30.0000, 112, 96, 74
L -1007.5731, -1133.7601, -30.0000, -993.1994, -1142.1991, -30.0000, 84, 72, 56
L -1031.5292, -1165.1924, -30.0000, -1039.1952, -1190.7456, -30.0000, 150, 165, 180
L -1039.1952, -1190.7456, -30.0000, -1025.1409, -1213.1047, -30.0000, 150, 165, 180
L -679.3065, -1073.2870, -30.0000, -652.0818, -1116.3484, -30.0000, 112, 96, 74
L -652.0818, -1116.3484, -30.0000, -624.8571, -1073.2870, -30.0000, 112, 96, 74
L -661.6104, -1092.6646, -30.0000, -649.3593, -1099.9850, -30.0000, 84, 72, 56
L -649.3593, -1073.2870, -30.0000, -622.1347, -1117.3031, -30.0000, 112, 96, 74
L -622.1347, -1117.3031, -30.0000, -594.9100, -1073.2870, -30.0000, 112, 96, 74
L -631.6633, -1093.0942, -30.0000, -619.4122, -1100.5770, -30.0000, 84, 72, 56
L -546.7414, -1117.1568, -30.0000, -523.3590, -1153.9380, -30.0000, 112, 96, 74
L -523.3590, -1153.9380, -30.0000, -499.9766, -1117.1568, -30.0000, 112, 96, 74
L -531.5429, -1133.7083, -30.0000, -521.0208, -1139.9611, -30.0000, 84, 72, 56
L -521.0208, -1117.1568, -30.0000, -497.6383, -1172.5878, -30.0000, 112, 96, 74
L -497.6383, -1172.5878, -30.0000, -474.2559, -1117.1568, -30.0000, 112, 96, 74
L -505.8222, -1142.1007, -30.0000, -495.3001, -1151.5240, -30.0000, 84, 72, 56
L -495.3001, -1117.1568, -30.0000, -471.9177, -1155.4597, -30.0000, 112, 96, 74
L -471.9177, -1155.4597, -30.0000, -448.5352, -1117.1568, -30.0000, 112, 96, 74
L -480.1015, -1134.3931, -30.0000, -469.5794, -1140.9046, -30.0000, 84, 72, 56
L -175.3323, -1107.9468, -30.0000, -135.6609, -1181.1099, -30.0000, 112, 96, 74
L -135.6609, -1181.1099, -30.0000, -95.9895, -1107.9468, -30.0000, 112, 96, 74
L -149.5459, -1140.8702, -30.0000, -131.6938, -1153.3079, -30.0000, 84, 72, 56
L -131.6938, -1107.9468, -30.0000, -92.0224, -1200.4007, -30.0000, 112, 96, 74
L -92.0224, -1200.4007, -30.0000, -52.3510, -1107.9468, -30.0000, 112, 96, 74
L -105.9074, -1149.5510, -30.0000, -88.0552, -1165.2682, -30.0000, 84, 72, 56
L -92.0224, -1200.4007, -30.0000, -101.5435, -1232.1378, -30.0000, 150, 165, 180
L -101.5435, -1232.1378, -30.0000, -84.0881, -1259.9078, -30.0000, 150, 165, 180
L -33.4035, -1132.7976, -30.0000, 3.9349, -1189.7331, -30.0000, 112, 96, 74
L 3.9349, -1189.7331, -30.0000, 41.2732, -1132.7976, -30.0000, 112, 96, 74
L -9.1336, -1158.4186, -30.0000, 7.6687, -1168.0976, -30.0000, 84, 72, 56
L 7.6687, -1132.7976, -30.0000, 45.0071, -1207.9594, -30.0000, 112, 96, 74
L 45.0071, -1207.9594, -30.0000, 82.3454, -1132.7976, -30.0000, 112, 96, 74
L 31.9386, -1166.6204, -30.0000, 48.7409, -1179.3979, -30.0000, 84, 72, 56
L 137.7403, -1095.8816, -30.0000, 162.1688, -1137.1376, -30.0000, 112, 96, 74
L 162.1688, -1137.1376, -30.0000, 186.5973, -1095.8816, -30.0000, 112, 96, 74
L 153.6188, -1114.4468, -30.0000, 164.6116, -1121.4603, -30.0000, 84, 72, 56
L 164.6116, -1095.8816, -30.0000, 189.0401, -1142.6436, -30.0000, 112, 96, 74
L 189.0401, -1142.6436, -30.0000, 213.4686, -1095.8816, -30.0000, 112, 96, 74
L 180.4901, -1116.9245, -30.0000, 191.4830, -1124.8741, -30.0000, 84, 72, 56
L 189.0401, -1142.6436, -30.0000, 183.1773, -1162.1864, -30.0000, 150, 165, 180
L 183.1773, -1162.1864, -30.0000, 193.9258, -1179.2864, -30.0000, 150, 165, 180
L 285.1709, -1055.9594, -30.0000, 309.0113, -1096.7738, -30.0000, 112, 96, 74
L 309.0113, -1096.7738, -30.0000, 332.8517, -1055.9594, -30.0000, 112, 96, 74
L 300.6672, -1074.3259, -30.0000, 311.3953, -1081.2643, -30.0000, 84, 72, 56
L 311.3953, -1055.9594, -30.0000, 335.2357, -1111.3594, -30.0000, 112, 96, 74
L 335.2357, -1111.3594, -30.0000, 359.0761, -1055.9594, -30.0000, 112, 96, 74
L 326.8916, -1080.8894, -30.0000, 337.6198, -1090.3074, -30.0000, 84, 72, 56
L 472.8801, -1134.0675, -30.0000, 497.8011, -1171.8500, -30.0000, 112, 96, 74
L 497.8011, -1171.8500, -30.0000, 522.7221, -1134.0675, -30.0000, 112, 96, 74
L 489.0787, -1151.0696, -30.0000, 500.2932, -1157.4927, -30.0000, 84, 72, 56
L 500.2932, -1134.0675, -30.0000, 525.2142, -1179.1343, -30.0000, 112, 96, 74
L 525.2142, -1179.1343, -30.0000, 550.1351, -1134.0675, -30.0000, 112, 96, 74
L 516.4918, -1154.3475, -30.0000, 527.7063, -1162.0089, -30.0000, 84, 72, 56
L 827.9008, -1099.7803, -30.0000, 868.6695, -1175.8697, -30.0000, 112, 96, 74
L 868.6695, -1175.8697, -30.0000, 909.4383, -1099.7803, -30.0000, 112, 96, 74
L 854.4005, -1134.0205, -30.0000, 872.7464, -1146.9557, -30.0000, 84, 72, 56
L 872.7464, -1099.7803, -30.0000, 913.5152, -1184.9705, -30.0000, 112, 96, 74
L 913.5152, -1184.9705, -30.0000, 954.2839, -1099.7803, -30.0000, 112, 96, 74
L 899.2461, -1138.1159, -30.0000, 917.5920, -1152.5982, -30.0000, 84, 72, 56
L 917.5920, -1099.7803, -30.0000, 958.3608, -1190.5008, -30.0000, 112, 96, 74
L 958.3608, -1190.5008, -30.0000, 999.1295, -1099.7803, -30.0000, 112, 96, 74
L 944.0917, -1140.6045, -30.0000, 962.4376, -1156.0270, -30.0000, 84, 72, 56
L 1208.1452, -1111.4896, -30.0000, 1236.5437, -1152.3069, -30.0000, 112, 96, 74
L 1236.5437, -1152.3069, -30.0000, 1264.9422, -1111.4896, -30.0000, 112, 96, 74
L 1226.6042, -1129.8574, -30.0000, 1239.3836, -1136.7963, -30.0000, 84, 72, 56
L 1239.3836, -1111.4896, -30.0000, 1267.7820, -1174.0058, -30.0000, 112, 96, 74
L 1267.7820, -1174.0058, -30.0000, 1296.1805, -1111.4896, -30.0000, 112, 96, 74
L 1257.8426, -1139.6219, -30.0000, 1270.6219, -1150.2497, -30.0000, 84, 72, 56
L 1270.6219, -1111.4896, -30.0000, 1299.0204, -1153.1410, -30.0000, 112, 96, 74
L 1299.0204, -1153.1410, -30.0000, 1327.4188, -1111.4896, -30.0000, 112, 96, 74
L 1289.0809, -1130.2328, -30.0000, 1301.8602, -1137.3135, -30.0000, 84, 72, 56
L 1363.0209, -1109.9005, -30.0000, 1389.6696, -1155.0453, -30.0000, 112, 96, 74
L 1389.6696, -1155.0453, -30.0000, 1416.3182, -1109.9005, -30.0000, 112, 96, 74
L 1380.3425, -1130.2157, -30.0000, 1392.3344, -1137.8903, -30.0000, 84, 72, 56
L 1392.3344, -1109.9005, -30.0000, 1418.9830, -1159.4518, -30.0000, 112, 96, 74
L 1418.9830, -1159.4518, -30.0000, 1445.6317, -1109.9005, -30.0000, 112, 96, 74
L 1409.6560, -1132.1986, -30.0000, 1421.6479, -1140.6223, -30.0000, 84, 72, 56
L 1418.9830, -1159.4518, -30.0000, 1412.5874, -1180.7707, -30.0000, 150, 165, 180
L 1412.5874, -1180.7707, -30.0000, 1424.3128, -1199.4248, -30.0000, 150, 165, 180
L 1556.3564, -1054.6594, -30.0000, 1590.7719, -1120.3400, -30.0000, 112, 96, 74
L 1590.7719, -1120.3400, -30.0000, 1625.1873, -1054.6594, -30.0000, 112, 96, 74
L 1578.7264, -1084.2157, -30.0000, 1594.2134, -1095.3814, -30.0000, 84, 72, 56
L 1594.2134, -1054.6594, -30.0000, 1628.6288, -1130.3266, -30.0000, 112, 96, 74
L 1628.6288, -1130.3266, -30.0000, 1663.0443, -1054.6594, -30.0000, 112, 96, 74
L 1616.5834, -1088.7097, -30.0000, 1632.0704, -1101.5731, -30.0000, 84, 72, 56
L 1628.6288, -1130.3266, -30.0000, 1620.3691, -1157.8590, -30.0000, 150, 165, 180
L 1620.3691, -1157.8590, -30.0000, 1635.5119, -1181.9498, -30.0000, 150, 165, 180
L 1685.7091, -1080.8648, -30.0000, 1709.1115, -1131.9337, -30.0000, 112, 96, 74
L 1709.1115, -1131.9337, -30.0000, 1732.5139, -1080.8648, -30.0000, 112, 96, 74
L 1700.9206, -1103.8458, -30.0000, 1711.4517, -1112.5275, -30.0000, 84, 72, 56
L 1711.4517, -1080.8648, -30.0000, 1734.8541, -1130.9076, -30.0000, 112, 96, 74
L 1734.8541, -1130.9076, -30.0000, 1758.2565, -1080.8648, -30.0000, 112, 96, 74
L 1726.6633, -1103.3841, -30.0000, 1737.1944, -1111.8914, -30.0000, 84, 72, 56
L 1709.1115, -1131.9337, -30.0000, 1703.4949, -1150.6557, -30.0000, 150, 165, 180
L 1703.4949, -1150.6557, -30.0000, 1713.7920, -1167.0373, -30.0000, 150, 165, 180
L 2082.3798, -1048.1668, -30.0000, 2120.4724, -1106.1519, -30.0000, 112, 96, 74
L 2120.4724, -1106.1519, -30.0000, 2158.5651, -1048.1668, -30.0000, 112, 96, 74
L 2107.1400, -1074.2601, -30.0000, 2124.2817, -1084.1175, -30.0000, 84, 72, 56
L 2124.2817, -1048.1668, -30.0000, 2162.3744, -1119.7896, -30.0000, 112, 96, 74
L 2162.3744, -1119.7896, -30.0000, 2200.4671, -1048.1668, -30.0000, 112, 96, 74
L 2149.0419, -1080.3970, -30.0000, 2166.1837, -1092.5729, -30.0000, 84, 72, 56
L 2162.3744, -1119.7896, -30.0000, 2153.2321, -1150.2637, -30.0000, 150, 165, 180
L 2153.2321, -1150.2637, -30.0000, 2169.9929, -1176.9286, -30.0000, 150, 165, 180
L 2207.1100, -1131.5551, -30.0000, 2239.1395, -1192.9007, -30.0000, 112, 96, 74
L 2239.1395, -1192.9007, -30.0000, 2271.1691, -1131.5551, -30.0000, 112, 96, 74
L 2227.9292, -1159.1606, -30.0000, 2242.3425, -1169.5894, -30.0000, 84, 72, 56
L 2242.3425, -1131.5551, -30.0000, 2274.3720, -1180.0354, -30.0000, 112, 96, 74
L 2274.3720, -1180.0354, -30.0000, 2306.4016, -1131.5551, -30.0000, 112, 96, 74
L 2263.1617, -1153.3712, -30.0000, 2277.5750, -1161.6129, -30.0000, 84, 72, 56
L 2277.5750, -1131.5551, -30.0000, 2309.6045, -1180.2597, -30.0000, 112, 96, 74
L 2309.6045, -1180.2597, -30.0000, 2341.6341, -1131.5551, -30.0000, 112, 96, 74
L 2298.3942, -1153.4722, -30.0000, 2312.8075, -1161.7520, -30.0000, 84, 72, 56
L -2104.2140, -948.9087, -30.0000, -2074.5931, -1007.7004, -30.0000, 112, 96, 74
L -2074.5931, -1007.7004, -30.0000, -2044.9721, -948.9087, -30.0000, 112, 96, 74
L -2084.9604, -975.3650, -30.0000, -2071.6310, -985.3596, -30.0000, 84, 72, 56
L -2071.6310, -948.9087, -30.0000, -2042.0100, -1003.8366, -30.0000, 112, 96, 74
L -2042.0100, -1003.8366, -30.0000, -2012.3890, -948.9087, -30.0000, 112, 96, 74
L -2052.3773, -973.6263, -30.0000, -2039.0479, -982.9640, -30.0000, 84, 72, 56
L -1780.9521, -908.6677, -30.0000, -1739.3746, -986.1372, -30.0000, 112, 96, 74
L -1739.3746, -986.1372, -30.0000, -1697.7972, -908.6677, -30.0000, 112, 96, 74
L -1753.9267, -943.5290, -30.0000, -1735.2169, -956.6988, -30.0000, 84, 72, 56
L -1735.2169, -908.6677, -30.0000, -1693.6394, -983.0765, -30.0000, 112, 96, 74
L -1693.6394, -983.0765, -30.0000, -1652.0620, -908.6677, -30.0000, 112, 96, 74
L -1708.1915, -942.1516, -30.0000, -1689.4817, -954.8011, -30.0000, 84, 72, 56
L -1661.0571, -947.9282, -30.0000, -1622.4863, -1014.4979, -30.0000, 112, 96, 74
L -1622.4863, -1014.4979, -30.0000, -1583.9154, -947.9282, -30.0000, 112, 96, 74
L -1635.9861, -977.8846, -30.0000, -1618.6292, -989.2014, -30.0000, 84, 72, 56
L -1618.6292, -947.9282, -30.0000, -1580.0583, -1011.2035, -30.0000, 112, 96, 74
L -1580.0583, -1011.2035, -30.0000, -1541.4875, -947.9282, -30.0000, 112, 96, 74
L -1593.5581, -976.4021, -30.0000, -1576.2013, -987.1589, -30.0000, 84, 72, 56
L -1399.2363, -965.5145, -30.0000, -1373.5453, -1003.9488, -30.0000, 112, 96, 74
L -1373.5453, -1003.9488, -30.0000, -1347.8543, -965.5145, -30.0000, 112, 96, 74
L -1382.5372, -982.8100, -30.0000, -1370.9762, -989.3438, -30.0000, 84, 72, 56
L -1370.9762, -965.5145, -30.0000, -1345.2852, -1025.2305, -30.0000, 112, 96, 74
L -1345.2852, -1025.2305, -30.0000, -1319.5942, -965.5145, -30.0000, 112, 96, 74
L -1354.2771, -992.3867, -30.0000, -1342.7161, -1002.5385, -30.0000, 84, 72, 56
L -1295.7006, -909.2439, -30.0000, -1254.6536, -984.6679, -30.0000, 112, 96, 74
L -1254.6536, -984.6679, -30.0000, -1213.6067, -909.2439, -30.0000, 112, 96, 74
L -1269.0201, -943.1847, -30.0000, -1250.5489, -956.0068, -30.0000, 84, 72, 56
L -1250.5489, -909.2439, -30.0000, -1209.5020, -991.1678, -30.0000, 112, 96, 74
L -1209.5020, -991.1678, -30.0000, -1168.4550, -909.2439, -30.0000, 112, 96, 74
L -1223.8684, -946.1096, -30.0000, -1205.3973, -960.0367, -30.0000, 84, 72, 56
L -1209.5020, -991.1678, -30.0000, -1219.3532, -1024.0054, -30.0000, 150, 165, 180
L -1219.3532, -1024.0054, -30.0000, -1201.2926, -1052.7383, -30.0000, 150, 165, 180
L -1113.3848, -947.4088, -30.0000, -1076.6691, -1013.2746, -30.0000, 112, 96, 74
L -1076.6691, -1013.2746, -30.0000, -1039.9534, -947.4088, -30.0000, 112, 96, 74
L -1089.5196, -977.0484, -30.0000, -1072.9975, -988.2456, -30.0000, 84, 72, 56
L -1072.9975, -947.4088, -30.0000, -1036.2818, -1031.8026, -30.0000, 112, 96, 74
L -1036.2818, -1031.8026, -30.0000, -999.5662, -947.4088, -30.0000, 112, 96, 74
L -1049.1323, -985.3861, -30.0000, -1032.6103, -999.7330, -30.0000, 84, 72, 56
L -703.4642, -870.7583, -30.0000, -666.1508, -954.3261, -30.0000, 112, 96, 74
L -666.1508, -954.3261, -30.0000, -628.8375, -870.7583, -30.0000, 112, 96, 74
L -679.2105, -908.3638, -30.0000, -662.4195, -922.5703, -30.0000, 84, 72, 56
L -662.4195, -870.7583, -30.0000, -625.1062, -935.6122, -30.0000, 112, 96, 74
L -625.1062, -935.6122, -30.0000, -587.7929, -870.7583, -30.0000, 112, 96, 74
L -638.1659, -899.9426, -30.0000, -621.3749, -910.9677, -30.0000, 84, 72, 56
L -621.3749, -870.7583, -30.0000, -584.0615, -942.8302, -30.0000, 112, 96, 74
L -584.0615, -942.8302, -30.0000, -546.7482, -870.7583, -30.0000, 112, 96, 74
L -597.1212, -903.1907, -30.0000, -580.3302, -915.4429, -30.0000, 84, 72, 56
L -344.9757, -929.8969, -30.0000, -312.7037, -999.9077, -30.0000, 112, 96, 74
L -312.7037, -999.9077, -30.0000, -280.4316, -929.8969, -30.0000, 112, 96, 74
L -323.9989, -961.4018, -30.0000, -309.4765, -973.3036, -30.0000, 84, 72, 56
L -309.4765, -929.8969, -30.0000, -277.2044, -1006.8149, -30.0000, 112, 96, 74
L -277.2044, -1006.8149, -30.0000, -244.9324, -929.8969, -30.0000, 112, 96, 74
L -288.4997, -964.5100, -30.0000, -273.9772, -977.5860, -30.0000, 84, 72, 56
L -191.1422, -869.9004, -30.0000, -157.0226, -946.4577, -30.0000, 112, 96, 74
L -157.0226, -946.4577, -30.0000, -122.9030, -869.9004, -30.0000, 112, 96, 74
L -168.9645, -904.3512, -30.0000, -153.6106, -917.3659, -30.0000, 84, 72, 56
L -153.6106, -869.9004, -30.0000, -119.4911, -933.3601, -30.0000, 112, 96, 74
L -119.4911, -933.3601, -30.0000, -85.3715, -869.9004, -30.0000, 112, 96, 74
L -131.4329, -898.4573, -30.0000, -116.0791, -909.2454, -30.0000, 84, 72, 56
L -157.0226, -946.4577, -30.0000, -165.2113, -973.7534, -30.0000, 150, 165, 180
L -165.2113, -973.7534, -30.0000, -150.1987, -997.6371, -30.0000, 150, 165, 180
L 14.5944, -875.9238, -30.0000, 39.2921, -917.5046, -30.0000, 112, 96, 74
L 39.2921, -917.5046, -30.0000, 63.9899, -875.9238, -30.0000, 112, 96, 74
L 30.6479, -894.6352, -30.0000, 41.7619, -901.7039, -30.0000, 84, 72, 56
L 41.7619, -875.9238, -30.0000, 66.4596, -929.6390, -30.0000, 112, 96, 74
L 66.4596, -929.6390, -30.0000, 91.1574, -875.9238, -30.0000, 112, 96, 74
L 57.8154, -900.0956, -30.0000, 68.9294, -909.2272, -30.0000, 84, 72, 56
L 68.9294, -875.9238, -30.0000, 93.6271, -922.5811, -30.0000, 112, 96, 74
L 93.6271, -922.5811, -30.0000, 118.3249, -875.9238, -30.0000, 112, 96, 74
L 84.9829, -896.9196, -30.0000, 96.0969, -904.8513, -30.0000, 84, 72, 56
L 123.4424, -875.0507, -30.0000, 161.7906, -955.6320, -30.0000, 112, 96, 74
L 161.7906, -955.6320, -30.0000, 200.1387, -875.0507, -30.0000, 112, 96, 74
L 148.3687, -911.3123, -30.0000, 165.6254, -925.0111, -30.0000, 84, 72, 56
L 165.6254, -875.0507, -30.0000, 203.9736, -960.1883, -30.0000, 112, 96, 74
L 203.9736, -960.1883, -30.0000, 242.3217, -875.0507, -30.0000, 112, 96, 74
L 190.5517, -913.3626, -30.0000, 207.8084, -927.8360, -30.0000, 84, 72, 56
L 369.6716, -951.1025, -30.0000, 403.2949, -1016.8763, -30.0000, 112, 96, 74
L 403.2949, -1016.8763, -30.0000, 436.9182, -951.1025, -30.0000, 112, 96, 74
L 391.5268, -980.7007, -30.0000, 406.6572, -991.8822, -30.0000, 84, 72, 56
L 406.6572, -951.1025, -30.0000, 440.2805, -1031.5183, -30.0000, 112, 96, 74
L 440.2805, -1031.5183, -30.0000, 473.9038, -951.1025, -30.0000, 112, 96, 74
L 428.5124, -987.2896, -30.0000, 443.6428, -1000.9603, -30.0000, 84, 72, 56
L 1172.3979, -887.0905, -30.0000, 1201.0682, -948.3854, -30.0000, 112, 96, 74
L 1201.0682, -948.3854, -30.0000, 1229.7386, -887.0905, -30.0000, 112, 96, 74
L 1191.0336, -914.6732, -30.0000, 1203.9353, -925.0933, -30.0000, 84, 72, 56
L 1203.9353, -887.0905, -30.0000, 1232.6056, -952.3192, -30.0000, 112, 96, 74
L 1232.6056, -952.3192, -30.0000, 1261.2760, -887.0905, -30.0000, 112, 96, 74
L 1222.5710, -916.4435, -30.0000, 1235.4727, -927.5323, -30.0000, 84, 72, 56
L 1347.7280, -945.8629, -30.0000, 1371.4492, -1002.1705, -30.0000, 112, 96, 74
L 1371.4492, -1002.1705, -30.0000, 1395.1704, -945.8629, -30.0000, 112, 96, 74
L 1363.1468, -971.2013, -30.0000, 1373.8213, -980.7736, -30.0000, 84, 72, 56
L 1373.8213, -945.8629, -30.0000, 1397.5426, -986.9672, -30.0000, 112, 96, 74
L 1397.5426, -986.9672, -30.0000, 1421.2638, -945.8629, -30.0000, 112, 96, 74
L 1389.2401, -964.3599, -30.0000, 1399.9147, -971.3476, -30.0000, 84, 72, 56
L 1371.4492, -1002.1705, -30.0000, 1365.7561, -1021.1475, -30.0000, 150, 165, 180
L 1365.7561, -1021.1475, -30.0000, 1376.1935, -1037.7524, -30.0000, 150, 165, 180
L 1538.4798, -890.3931, -30.0000, 1570.5604, -959.9383, -30.0000, 112, 96, 74
L 1570.5604, -959.9383, -30.0000, 1602.6411, -890.3931, -30.0000, 112, 96, 74
L 1559.3322, -921.6884, -30.0000, 1573.7685, -933.5111, -30.0000, 84, 72, 56
L 1573.7685, -890.3931, -30.0000, 1605.8491, -957.8660, -30.0000, 112, 96, 74
L 1605.8491, -957.8660, -30.0000, 1637.9297, -890.3931, -30.0000, 112, 96, 74
L 1594.6209, -920.7559, -30.0000, 1609.0572, -932.2263, -30.0000, 84, 72, 56
L 1570.5604, -959.9383, -30.0000, 1562.8611, -985.6028, -30.0000, 150, 165, 180
L 1562.8611, -985.6028, -30.0000, 1576.9765, -1008.0593, -30.0000, 150, 165, 180
L 2074.4075, -947.9741, -30.0000, 2110.7524, -1024.7927, -30.0000, 112, 96, 74
L 2110.7524, -1024.7927, -30.0000, 2147.0974, -947.9741, -30.0000, 112, 96, 74
L 2098.0317, -982.5425, -30.0000, 2114.3869, -995.6016, -30.0000, 84, 72, 56
L 2114.3869, -947.9741, -30.0000, 2150.7319, -1016.3400, -30.0000, 112, 96, 74
L 2150.7319, -1016.3400, -30.0000, 2187.0769, -947.9741, -30.0000, 112, 96, 74
L 2138.0112, -978.7388, -30.0000, 2154.3664, -990.3610, -30.0000, 84, 72, 56
L 2238.5681, -906.0571, -30.0000, 2278.4681, -985.4825, -30.0000, 112, 96, 74
L 2278.4681, -985.4825, -30.0000, 2318.3681, -906.0571, -30.0000, 112, 96, 74
L 2264.5031, -941.7985, -30.0000, 2282.4581, -955.3008, -30.0000, 84, 72, 56
L 2282.4581, -906.0571, -30.0000, 2322.3581, -1000.5207, -30.0000, 112, 96, 74
L 2322.3581, -1000.5207, -30.0000, 2362.2581, -906.0571, -30.0000, 112, 96, 74
L 2308.3931, -948.5657, -30.0000, 2326.3481, -964.6245, -30.0000, 84, 72, 56
L -1723.6202, -757.3568, -30.0000, -1694.9093, -812.3723, -30.0000, 112, 96, 74
L -1694.9093, -812.3723, -30.0000, -1666.1985, -757.3568, -30.0000, 112, 96, 74
L -1704.9581, -782.1138, -30.0000, -1692.0382, -791.4664, -30.0000, 84, 72, 56
L -1692.0382, -757.3568, -30.0000, -1663.3274, -813.3455, -30.0000, 112, 96, 74
L -1663.3274, -813.3455, -30.0000, -1634.6165, -757.3568, -30.0000, 112, 96, 74
L -1673.3762, -782.5517, -30.0000, -1660.4563, -792.0698, -30.0000, 84, 72, 56
L -1615.8395, -772.6097, -30.0000, -1575.8729, -865.3323, -30.0000, 112, 96, 74
L -1575.8729, -865.3323, -30.0000, -1535.9063, -772.6097, -30.0000, 112, 96, 74
L -1589.8612, -814.3349, -30.0000, -1571.8762, -830.0977, -30.0000, 84, 72, 56
L -1571.8762, -772.6097, -30.0000, -1531.9097, -857.4570, -30.0000, 112, 96, 74
L -1531.9097, -857.4570, -30.0000, -1491.9431, -772.6097, -30.0000, 112, 96, 74
L -1545.8980, -810.7910, -30.0000, -1527.9130, -825.2150, -30.0000, 84, 72, 56
L -1451.6531, -780.1024, -30.0000, -1409.3676, -847.0216, -30.0000, 112, 96, 74
L -1409.3676, -847.0216, -30.0000, -1367.0821, -780.1024, -30.0000, 112, 96, 74
L -1424.1675, -810.2160, -30.0000, -1405.1390, -821.5923, -30.0000, 84, 72, 56
L -1405.1390, -780.1024, -30.0000, -1362.8536, -874.1355, -30.0000, 112, 96, 74
L -1362.8536, -874.1355, -30.0000, -1320.5681, -780.1024, -30.0000, 112, 96, 74
L -1377.6535, -822.4173, -30.0000, -1358.6250, -838.4029, -30.0000, 84, 72, 56
L -1358.6250, -780.1024, -30.0000, -1316.3396, -852.0932, -30.0000, 112, 96, 74
L -1316.3396, -852.0932, -30.0000, -1274.0541, -780.1024, -30.0000, 112, 96, 74
L -1331.1395, -812.4983, -30.0000, -1312.1110, -824.7367, -30.0000, 84, 72, 56
L -1273.9095, -768.0520, -30.0000, -1238.6562, -835.5203, -30.0000, 112, 96, 74
L -1238.6562, -835.5203, -30.0000, -1203.4029, -768.0520, -30.0000, 112, 96, 74
L -1250.9948, -798.4127, -30.0000, -1235.1309, -809.8823, -30.0000, 84, 72, 56
L -1235.1309, -768.0520, -30.0000, -1199.8776, -852.5577, -30.0000, 112, 96, 74
L -1199.8776, -852.5577, -30.0000, -1164.6243, -768.0520, -30.0000, 112, 96, 74
L -1212.2162, -806.0795, -30.0000, -1196.3523, -820.4455, -30.0000, 84, 72, 56
L -1196.3523, -768.0520, -30.0000, -1161.0990, -836.4159, -30.0000, 112, 96, 74
L -1161.0990, -836.4159, -30.0000, -1125.8457, -768.0520, -30.0000, 112, 96, 74
L -1173.4376, -798.8157, -30.0000, -1157.5737, -810.4376, -30.0000, 84, 72, 56
L -768.2060, -743.3172, -30.0000, -738.9763, -793.4363, -30.0000, 112, 96, 74
L -738.9763, -793.4363, -30.0000, -709.7466, -743.3172, -30.0000, 112, 96, 74
L -749.2067, -765.8708, -30.0000, -736.0533, -774.3910, -30.0000, 84, 72, 56
L -736.0533, -743.3172, -30.0000, -706.8236, -803.9215, -30.0000, 112, 96, 74
L -706.8236, -803.9215, -30.0000, -677.5939, -743.3172, -30.0000, 112, 96, 74
L -717.0540, -770.5891, -30.0000, -703.9006, -780.8918, -30.0000, 84, 72, 56
L -416.9049, -752.3767, -30.0000, -391.4378, -798.9552, -30.0000, 112, 96, 74
L -391.4378, -798.9552, -30.0000, -365.9706, -752.3767, -30.0000, 112, 96, 74
L -400.3513, -773.3370, -30.0000, -388.8910, -781.2554, -30.0000, 84, 72, 56
L -388.8910, -752.3767, -30.0000, -363.4239, -813.3743, -30.0000, 112, 96, 74
L -363.4239, -813.3743, -30.0000, -337.9567, -752.3767, -30.0000, 112, 96, 74
L -372.3374, -779.8256, -30.0000, -360.8772, -790.1952, -30.0000, 84, 72, 56
L -212.8888, -776.5472, -30.0000, -186.3252, -829.0096, -30.0000, 112, 96, 74
L -186.3252, -829.0096, -30.0000, -159.7615, -776.5472, -30.0000, 112, 96, 74
L -195.6224, -800.1553, -30.0000, -183.6688, -809.0739, -30.0000, 84, 72, 56
L -183.6688, -776.5472, -30.0000, -157.1051, -814.8807, -30.0000, 112, 96, 74
L -157.1051, -814.8807, -30.0000, -130.5415, -776.5472, -30.0000, 112, 96, 74
L -166.4024, -793.7973, -30.0000, -154.4488, -800.3140, -30.0000, 84, 72, 56
L -9.9576, -700.1765, -30.0000, 20.4446, -754.3154, -30.0000, 112, 96, 74
L 20.4446, -754.3154, -30.0000, 50.8469, -700.1765, -30.0000, 112, 96, 74
L 9.8038, -724.5390, -30.0000, 23.4849, -733.7426, -30.0000, 84, 72, 56
L 23.4849, -700.1765, -30.0000, 53.8871, -760.9640, -30.0000, 112, 96, 74
L 53.8871, -760.9640, -30.0000, 84.2893, -700.1765, -30.0000, 112, 96, 74
L 43.2463, -727.5309, -30.0000, 56.9273, -737.8647, -30.0000, 84, 72, 56
L 53.8871, -760.9640, -30.0000, 46.5906, -785.2858, -30.0000, 150, 165, 180
L 46.5906, -785.2858, -30.0000, 59.9675, -806.5673, -30.0000, 150, 165, 180
L 148.3944, -756.9622, -30.0000, 189.6954, -833.7627, -30.0000, 112, 96, 74
L 189.6954, -833.7627, -30.0000, 230.9965, -756.9622, -30.0000, 112, 96, 74
L 175.2401, -791.5224, -30.0000, 193.8255, -804.5785, -30.0000, 84, 72, 56
L 193.8255, -756.9622, -30.0000, 235.1266, -854.0906, -30.0000, 112, 96, 74
L 235.1266, -854.0906, -30.0000, 276.4276, -756.9622, -30.0000, 112, 96, 74
L 220.6712, -800.6700, -30.0000, 239.2567, -817.1818, -30.0000, 84, 72, 56
L 235.1266, -854.0906, -30.0000, 225.2143, -887.1314, -30.0000, 150, 165, 180
L 225.2143, -887.1314, -30.0000, 243.3868, -916.0422, -30.0000, 150, 165, 180
L 299.0436, -789.7399, -30.0000, 336.8800, -874.7627, -30.0000, 112, 96, 74
L 336.8800, -874.7627, -30.0000, 374.7164, -789.7399, -30.0000, 112, 96, 74
L 323.6373, -828.0001, -30.0000, 340.6637, -842.4540, -30.0000, 84, 72, 56
L 340.6637, -789.7399, -30.0000, 378.5001, -877.0806, -30.0000, 112, 96, 74
L 378.5001, -877.0806, -30.0000, 416.3365, -789.7399, -30.0000, 112, 96, 74
L 365.2573, -829.0432, -30.0000, 382.2837, -843.8911, -30.0000, 84, 72, 56
L 382.2837, -789.7399, -30.0000, 420.1201, -863.1132, -30.0000, 112, 96, 74
L 420.1201, -863.1132, -30.0000, 457.9565, -789.7399, -30.0000, 112, 96, 74
L 406.8774, -822.7579, -30.0000, 423.9038, -835.2314, -30.0000, 84, 72, 56
L 866.8878, -757.9040, -30.0000, 901.0402, -828.8143, -30.0000, 112, 96, 74
L 901.0402, -828.8143, -30.0000, 935.1925, -757.9040, -30.0000, 112, 96, 74
L 889.0868, -789.8136, -30.0000, 904.4554, -801.8684, -30.0000, 84, 72, 56
L 904.4554, -757.9040, -30.0000, 938.6077, -817.9519, -30.0000, 112, 96, 74
L 938.6077, -817.9519, -30.0000, 972.7600, -757.9040, -30.0000, 112, 96, 74
L 926.6544, -784.9256, -30.0000, 942.0229, -795.1337, -30.0000, 84, 72, 56
L 1181.5269, -716.5059, -30.0000, 1223.3738, -794.1861, -30.0000, 112, 96, 74
L 1223.3738, -794.1861, -30.0000, 1265.2206, -716.5059, -30.0000, 112, 96, 74
L 1208.7274, -751.4620, -30.0000, 1227.5584, -764.6677, -30.0000, 84, 72, 56
L 1227.5584, -716.5059, -30.0000, 1269.4053, -805.1730, -30.0000, 112, 96, 74
L 1269.4053, -805.1730, -30.0000, 1311.2521, -716.5059, -30.0000, 112, 96, 74
L 1254.7589, -756.4061, -30.0000, 1273.5900, -771.4795, -30.0000, 84, 72, 56
L 1273.5900, -716.5059, -30.0000, 1315.4368, -805.8442, -30.0000, 112, 96, 74
L 1315.4368, -805.8442, -30.0000, 1357.2836, -716.5059, -30.0000, 112, 96, 74
L 1300.7904, -756.7081, -30.0000, 1319.6215, -771.8956, -30.0000, 84, 72, 56
L 1315.4368, -805.8442, -30.0000, 1305.3936, -839.3216, -30.0000, 150, 165, 180
L 1305.3936, -839.3216, -30.0000, 1323.8062, -868.6144, -30.0000, 150, 165, 180
L 1325.7439, -736.2428, -30.0000, 1358.9084, -811.5881, -30.0000, 112, 96, 74
L 1358.9084, -811.5881, -30.0000, 1392.0730, -736.2428, -30.0000, 112, 96, 74
L 1347.3008, -770.1482, -30.0000, 1362.2249, -782.9569, -30.0000, 84, 72, 56
L 1362.2249, -736.2428, -30.0000, 1395.3894, -806.9465, -30.0000, 112, 96, 74
L 1395.3894, -806.9465, -30.0000, 1428.5539, -736.2428, -30.0000, 112, 96, 74
L 1383.7818, -768.0595, -30.0000, 1398.7059, -780.0791, -30.0000, 84, 72, 56
L 1358.9084, -811.5881, -30.0000, 1350.9489, -838.1198, -30.0000, 150, 165, 180
L 1350.9489, -838.1198, -30.0000, 1365.5413, -861.3349, -30.0000, 150, 165, 180
L 1557.8754, -755.9353, -30.0000, 1594.1240, -819.3384, -30.0000, 112, 96, 74
L 1594.1240, -819.3384, -30.0000, 1630.3727, -755.9353, -30.0000, 112, 96, 74
L 1581.4370, -784.4667, -30.0000, 1597.7489, -795.2452, -30.0000, 84, 72, 56
L 1597.7489, -755.9353, -30.0000, 1633.9975, -835.3460, -30.0000, 112, 96, 74
L 1633.9975, -835.3460, -30.0000, 1670.2462, -755.9353, -30.0000, 112, 96, 74
L 1621.3105, -791.6701, -30.0000, 1637.6224, -805.1699, -30.0000, 84, 72, 56
L 1637.6224, -755.9353, -30.0000, 1673.8710, -841.1771, -30.0000, 112, 96, 74
L 1673.8710, -841.1771, -30.0000, 1710.1197, -755.9353, -30.0000, 112, 96, 74
L 1661.1840, -794.2941, -30.0000, 1677.4959, -808.7852, -30.0000, 84, 72, 56
L 1744.3447, -759.4100, -30.0000, 1777.6527, -838.6232, -30.0000, 112, 96, 74
L 1777.6527, -838.6232, -30.0000, 1810.9607, -759.4100, -30.0000, 112, 96, 74
L 1765.9949, -795.0559, -30.0000, 1780.9835, -808.5222, -30.0000, 84, 72, 56
L 1780.9835, -759.4100, -30.0000, 1814.2915, -822.0036, -30.0000, 112, 96, 74
L 1814.2915, -822.0036, -30.0000, 1847.5995, -759.4100, -30.0000, 112, 96, 74
L 1802.6337, -787.5771, -30.0000, 1817.6223, -798.2180, -30.0000, 84, 72, 56
L 1817.6223, -759.4100, -30.0000, 1850.9303, -824.5403, -30.0000, 112, 96, 74
L 1850.9303, -824.5403, -30.0000, 1884.2383, -759.4100, -30.0000, 112, 96, 74
L 1839.2725, -788.7186, -30.0000, 1854.2611, -799.7908, -30.0000, 84, 72, 56
L 2122.4728, -763.8749, -30.0000, 2154.6193, -828.8047, -30.0000, 112, 96, 74
L 2154.6193, -828.8047, -30.0000, 2186.7658, -763.8749, -30.0000, 112, 96, 74
L 2143.3680, -793.0933, -30.0000, 2157.8339, -804.1313, -30.0000, 84, 72, 56
L 2157.8339, -763.8749, -30.0000, 2189.9805, -833.5148, -30.0000, 112, 96, 74
L 2189.9805, -833.5148, -30.0000, 2222.1270, -763.8749, -30.0000, 112, 96, 74
L 2178.7292, -795.2128, -30.0000, 2193.1951, -807.0516, -30.0000, 84, 72, 56
L 2223.7535, -712.5018, -30.0000, 2257.4066, -783.6884, -30.0000, 112, 96, 74
L 2257.4066, -783.6884, -30.0000, 2291.0597, -712.5018, -30.0000, 112, 96, 74
L 2245.6280, -744.5358, -30.0000, 2260.7719, -756.6375, -30.0000, 84, 72, 56
L 2260.7719, -712.5018, -30.0000, 2294.4250, -762.4750, -30.0000, 112, 96, 74
L 2294.4250, -762.4750, -30.0000, 2328.0781, -712.5018, -30.0000, 112, 96, 74
L 2282.6464, -734.9898, -30.0000, 2297.7903, -743.4852, -30.0000, 84, 72, 56
L -1751.9453, -600.7875, -30.0000, -1723.7529, -646.7133, -30.0000, 112, 96, 74
L -1723.7529, -646.7133, -30.0000, -1695.5605, -600.7875, -30.0000, 112, 96, 74
L -1733.6202, -621.4541, -30.0000, -1720.9337, -629.2615, -30.0000, 84, 72, 56
L -1720.9337, -600.7875, -30.0000, -1692.7413, -652.9446, -30.0000, 112, 96, 74
L -1692.7413, -652.9446, -30.0000, -1664.5489, -600.7875, -30.0000, 112, 96, 74
L -1702.6086, -624.2582, -30.0000, -1689.9220, -633.1249, -30.0000, 84, 72, 56
L -1692.7413, -652.9446, -30.0000, -1699.5074, -675.4986, -30.0000, 150, 165, 180
L -1699.5074, -675.4986, -30.0000, -1687.1028, -695.2332, -30.0000, 150, 165, 180
L -1622.1970, -608.3045, -30.0000, -1580.1256, -700.6365, -30.0000, 112, 96, 74
L -1580.1256, -700.6365, -30.0000, -1538.0541, -608.3045, -30.0000, 112, 96, 74
L -1594.8506, -649.8539, -30.0000, -1575.9184, -665.5503, -30.0000, 84, 72, 56
L -1575.9184, -608.3045, -30.0000, -1533.8470, -692.4539, -30.0000, 112, 96, 74
L -1533.8470, -692.4539, -30.0000, -1491.7755, -608.3045, -30.0000, 112, 96, 74
L -1548.5720, -646.1717, -30.0000, -1529.6398, -660.4771, -30.0000, 84, 72, 56
L -1427.9069, -525.7885, -30.0000, -1401.2485, -587.6667, -30.0000, 112, 96, 74
L -1401.2485, -587.6667, -30.0000, -1374.5901, -525.7885, -30.0000, 112, 96, 74
L -1410.5789, -553.6337, -30.0000, -1398.5826, -564.1530, -30.0000, 84, 72, 56
L -1398.5826, -525.7885, -30.0000, -1371.9242, -571.5337, -30.0000, 112, 96, 74
L -1371.9242, -571.5337, -30.0000, -1345.2658, -525.7885, -30.0000, 112, 96, 74
L -1381.2547, -546.3738, -30.0000, -1369.2584, -554.1505, -30.0000, 84, 72, 56
L -1401.2485, -587.6667, -30.0000, -1407.6465, -608.9934, -30.0000, 150, 165, 180
L -1407.6465, -608.9934, -30.0000, -1395.9168, -627.6543, -30.0000, 150, 165, 180
L -1242.2318, -535.9591, -30.0000, -1206.3416, -616.1008, -30.0000, 112, 96, 74
L -1206.3416, -616.1008, -30.0000, -1170.4513, -535.9591, -30.0000, 112, 96, 74
L -1218.9032, -572.0229, -30.0000, -1202.7526, -585.6469, -30.0000, 84, 72, 56
L -1202.7526, -535.9591, -30.0000, -1166.8623, -607.0146, -30.0000, 112, 96, 74
L -1166.8623, -607.0146, -30.0000, -1130.9721, -535.9591, -30.0000, 112, 96, 74
L -1179.4239, -567.9341, -30.0000, -1163.2733, -580.0135, -30.0000, 84, 72, 56
L -923.6547, -574.6122, -30.0000, -881.7547, -660.6690, -30.0000, 112, 96, 74
L -881.7547, -660.6690, -30.0000, -839.8548, -574.6122, -30.0000, 112, 96, 74
L -896.4197, -613.3378, -30.0000, -877.5647, -627.9674, -30.0000, 84, 72, 56
L -877.5647, -574.6122, -30.0000, -835.6648, -667.2907, -30.0000, 112, 96, 74
L -835.6648, -667.2907, -30.0000, -793.7648, -574.6122, -30.0000, 112, 96, 74
L -850.3298, -616.3175, -30.0000, -831.4748, -632.0729, -30.0000, 84, 72, 56
L -835.6648, -667.2907, -30.0000, -845.7208, -700.8107, -30.0000, 150, 165, 180
L -845.7208, -700.8107, -30.0000, -827.2848, -730.1406, -30.0000, 150, 165, 180
L -693.7835, -515.2201, -30.0000, -651.1801, -598.8387, -30.0000, 112, 96, 74
L -651.1801, -598.8387, -30.0000, -608.5766, -515.2201, -30.0000, 112, 96, 74
L -666.0913, -552.8484, -30.0000, -646.9197, -567.0636, -30.0000, 84, 72, 56
L -646.9197, -515.2201, -30.0000, -604.3163, -589.1946, -30.0000, 112, 96, 74
L -604.3163, -589.1946, -30.0000, -561.7128, -515.2201, -30.0000, 112, 96, 74
L -619.2275, -548.5086, -30.0000, -600.0559, -561.0843, -30.0000, 84, 72, 56
L -581.1383, -620.4558, -30.0000, -552.2968, -666.5138, -30.0000, 112, 96, 74
L -552.2968, -666.5138, -30.0000, -523.4553, -620.4558, -30.0000, 112, 96, 74
L -562.3913, -641.1819, -30.0000, -549.4127, -649.0117, -30.0000, 84, 72, 56
L -549.4127, -620.4558, -30.0000, -520.5711, -664.1039, -30.0000, 112, 96, 74
L -520.5711, -664.1039, -30.0000, -491.7296, -620.4558, -30.0000, 112, 96, 74
L -530.6657, -640.0974, -30.0000, -517.6870, -647.5176, -30.0000, 84, 72, 56
L -552.2968, -666.5138, -30.0000, -559.2188, -689.5870, -30.0000, 150, 165, 180
L -559.2188, -689.5870, -30.0000, -546.5285, -709.7761, -30.0000, 150, 165, 180
L -217.9241, -598.5668, -30.0000, -182.7094, -668.9895, -30.0000, 112, 96, 74
L -182.7094, -668.9895, -30.0000, -147.4946, -598.5668, -30.0000, 112, 96, 74
L -195.0345, -630.2570, -30.0000, -179.1879, -642.2289, -30.0000, 84, 72, 56
L -179.1879, -598.5668, -30.0000, -143.9731, -673.2972, -30.0000, 112, 96, 74
L -143.9731, -673.2972, -30.0000, -108.7584, -598.5668, -30.0000, 112, 96, 74
L -156.2983, -632.1955, -30.0000, -140.4517, -644.8997, -30.0000, 84, 72, 56
L -140.4517, -598.5668, -30.0000, -105.2369, -648.1749, -30.0000, 112, 96, 74
L -105.2369, -648.1749, -30.0000, -70.0222, -598.5668, -30.0000, 112, 96, 74
L -117.5621, -620.8905, -30.0000, -101.7154, -629.3238, -30.0000, 84, 72, 56
L -55.1122, -586.3690, -30.0000, -12.7261, -653.3988, -30.0000, 112, 96, 74
L -12.7261, -653.3988, -30.0000, 29.6600, -586.3690, -30.0000, 112, 96, 74
L -27.5612, -616.5324, -30.0000, -8.4875, -627.9275, -30.0000, 84, 72, 56
L -8.4875, -586.3690, -30.0000, 33.8986, -654.6016, -30.0000, 112, 96, 74
L 33.8986, -654.6016, -30.0000, 76.2847, -586.3690, -30.0000, 112, 96, 74
L 19.0635, -617.0737, -30.0000, 38.1372, -628.6732, -30.0000, 84, 72, 56
L 94.9451, -528.7710, -30.0000, 128.4817, -596.9141, -30.0000, 112, 96, 74
L 128.4817, -596.9141, -30.0000, 162.0183, -528.7710, -30.0000, 112, 96, 74
L 116.7439, -559.4354, -30.0000, 131.8353, -571.0197, -30.0000, 84, 72, 56
L 131.8353, -528.7710, -30.0000, 165.3719, -586.1913, -30.0000, 112, 96, 74
L 165.3719, -586.1913, -30.0000, 198.9085, -528.7710, -30.0000, 112, 96, 74
L 153.6341, -554.6101, -30.0000, 168.7256, -564.3716, -30.0000, 84, 72, 56
L 168.7256, -528.7710, -30.0000, 202.2622, -599.2856, -30.0000, 112, 96, 74
L 202.2622, -599.2856, -30.0000, 235.7987, -528.7710, -30.0000, 112, 96, 74
L 190.5244, -560.5026, -30.0000, 205.6158, -572.4901, -30.0000, 84, 72, 56
L 331.2048, -602.7679, -30.0000, 369.1039, -662.6416, -30.0000, 112, 96, 74
L 369.1039, -662.6416, -30.0000, 407.0030, -602.7679, -30.0000, 112, 96, 74
L 355.8392, -629.7111, -30.0000, 372.8938, -639.8896, -30.0000, 84, 72, 56
L 372.8938, -602.7679, -30.0000, 410.7929, -685.5429, -30.0000, 112, 96, 74
L 410.7929, -685.5429, -30.0000, 448.6921, -602.7679, -30.0000, 112, 96, 74
L 397.5282, -640.0167, -30.0000, 414.5828, -654.0884, -30.0000, 84, 72, 56
L 1199.0687, -540.9474, -30.0000, 1231.3367, -594.1215, -30.0000, 112, 96, 74
L 1231.3367, -594.1215, -30.0000, 1263.6048, -540.9474, -30.0000, 112, 96, 74
L 1220.0429, -564.8758, -30.0000, 1234.5635, -573.9154, -30.0000, 84, 72, 56
L 1234.5635, -540.9474, -30.0000, 1266.8316, -616.6258, -30.0000, 112, 96, 74
L 1266.8316, -616.6258, -30.0000, 1299.0996, -540.9474, -30.0000, 112, 96, 74
L 1255.5378, -575.0027, -30.0000, 1270.0584, -587.8680, -30.0000, 84, 72, 56
L 1270.0584, -540.9474, -30.0000, 1302.3264, -615.0081, -30.0000, 112, 96, 74
L 1302.3264, -615.0081, -30.0000, 1334.5944, -540.9474, -30.0000, 112, 96, 74
L 1291.0326, -574.2747, -30.0000, 1305.5532, -586.8651, -30.0000, 84, 72, 56
L 1381.9643, -555.1743, -30.0000, 1414.5017, -607.8248, -30.0000, 112, 96, 74
L 1414.5017, -607.8248, -30.0000, 1447.0391, -555.1743, -30.0000, 112, 96, 74
L 1403.1136, -578.8670, -30.0000, 1417.7554, -587.8176, -30.0000, 84, 72, 56
L 1417.7554, -555.1743, -30.0000, 1450.2929, -629.1436, -30.0000, 112, 96, 74
L 1450.2929, -629.1436, -30.0000, 1482.8303, -555.1743, -30.0000, 112, 96, 74
L 1438.9048, -588.4605, -30.0000, 1453.5466, -601.0352, -30.0000, 84, 72, 56
L 1474.2606, -574.9222, -30.0000, 1512.8206, -637.1218, -30.0000, 112, 96, 74
L 1512.8206, -637.1218, -30.0000, 1551.3806, -574.9222, -30.0000, 112, 96, 74
L 1499.3246, -602.9120, -30.0000, 1516.6766, -613.4860, -30.0000, 84, 72, 56
L 1516.6766, -574.9222, -30.0000, 1555.2366, -662.5276, -30.0000, 112, 96, 74
L 1555.2366, -662.5276, -30.0000, 1593.7966, -574.9222, -30.0000, 112, 96, 74
L 1541.7406, -614.3446, -30.0000, 1559.0926, -629.2375, -30.0000, 84, 72, 56
L 1559.0926, -574.9222, -30.0000, 1597.6526, -663.9781, -30.0000, 112, 96, 74
L 1597.6526, -663.9781, -30.0000, 1636.2126, -574.9222, -30.0000, 112, 96, 74
L 1584.1566, -614.9973, -30.0000, 1601.5086, -630.1368, -30.0000, 84, 72, 56
L 1597.6526, -663.9781, -30.0000, 1588.3982, -694.8261, -30.0000, 150, 165, 180
L 1588.3982, -694.8261, -30.0000, 1605.3646, -721.8181, -30.0000, 150, 165, 180
L 1745.8191, -613.4443, -30.0000, 1778.3803, -667.7460, -30.0000, 112, 96, 74
L 1778.3803, -667.7460, -30.0000, 1810.9416, -613.4443, -30.0000, 112, 96, 74
L 1766.9839, -637.8800, -30.0000, 1781.6365, -647.1113, -30.0000, 84, 72, 56
L 1781.6365, -613.4443, -30.0000, 1814.1977, -684.0683, -30.0000, 112, 96, 74
L 1814.1977, -684.0683, -30.0000, 1846.7590, -613.4443, -30.0000, 112, 96, 74
L 1802.8013, -645.2251, -30.0000, 1817.4539, -657.2311, -30.0000, 84, 72, 56
L 1814.1977, -684.0683, -30.0000, 1806.3830, -710.1173, -30.0000, 150, 165, 180
L 1806.3830, -710.1173, -30.0000, 1820.7100, -732.9102, -30.0000, 150, 165, 180
L 2029.3091, -551.0961, -30.0000, 2066.2561, -623.0782, -30.0000, 112, 96, 74
L 2066.2561, -623.0782, -30.0000, 2103.2031, -551.0961, -30.0000, 112, 96, 74
L 2053.3247, -583.4880, -30.0000, 2069.9508, -595.7250, -30.0000, 84, 72, 56
L 2069.9508, -551.0961, -30.0000, 2106.8978, -609.3644, -30.0000, 112, 96, 74
L 2106.8978, -609.3644, -30.0000, 2143.8448, -551.0961, -30.0000, 112, 96, 74
L 2093.9664, -577.3168, -30.0000, 2110.5925, -587.2224, -30.0000, 84, 72, 56
L 2248.1564, -522.1672, -30.0000, 2282.7089, -578.2297, -30.0000, 112, 96, 74
L 2282.7089, -578.2297, -30.0000, 2317.2613, -522.1672, -30.0000, 112, 96, 74
L 2270.6155, -547.3954, -30.0000, 2286.1641, -556.9260, -30.0000, 84, 72, 56
L 2286.1641, -522.1672, -30.0000, 2320.7166, -598.4607, -30.0000, 112, 96, 74
L 2320.7166, -598.4607, -30.0000, 2355.2690, -522.1672, -30.0000, 112, 96, 74
L 2308.6232, -556.4993, -30.0000, 2324.1718, -569.4692, -30.0000, 84, 72, 56
L -2205.5066, -413.6667, -30.0000, -2168.4654, -467.7550, -30.0000, 112, 96, 74
L -2168.4654, -467.7550, -30.0000, -2131.4242, -413.6667, -30.0000, 112, 96, 74
L -2181.4298, -438.0065, -30.0000, -2164.7613, -447.2014, -30.0000, 84, 72, 56
L -2164.7613, -413.6667, -30.0000, -2127.7201, -487.5816, -30.0000, 112, 96, 74
L -2127.7201, -487.5816, -30.0000, -2090.6789, -413.6667, -30.0000, 112, 96, 74
L -2140.6845, -446.9284, -30.0000, -2124.0159, -459.4940, -30.0000, 84, 72, 56
L -2124.0159, -413.6667, -30.0000, -2086.9747, -474.6919, -30.0000, 112, 96, 74
L -2086.9747, -474.6919, -30.0000, -2049.9335, -413.6667, -30.0000, 112, 96, 74
L -2099.9392, -441.1281, -30.0000, -2083.2706, -451.5023, -30.0000, 84, 72, 56
L -2127.7201, -487.5816, -30.0000, -2136.6100, -517.2146, -30.0000, 150, 165, 180
L -2136.6100, -517.2146, -30.0000, -2120.3118, -543.1434, -30.0000, 150, 165, 180
L -1649.0428, -440.4007, -30.0000, -1608.5818, -533.9613, -30.0000, 112, 96, 74
L -1608.5818, -533.9613, -30.0000, -1568.1208, -440.4007, -30.0000, 112, 96, 74
L -1622.7431, -482.5030, -30.0000, -1604.5357, -498.4083, -30.0000, 84, 72, 56
L -1604.5357, -440.4007, -30.0000, -1564.0747, -520.5336, -30.0000, 112, 96, 74
L -1564.0747, -520.5336, -30.0000, -1523.6137, -440.4007, -30.0000, 112, 96, 74
L -1578.2361, -476.4605, -30.0000, -1560.0286, -490.0831, -30.0000, 84, 72, 56
L -1427.5751, -399.6729, -30.0000, -1394.2087, -459.9214, -30.0000, 112, 96, 74
L -1394.2087, -459.9214, -30.0000, -1360.8423, -399.6729, -30.0000, 112, 96, 74
L -1405.8870, -426.7847, -30.0000, -1390.8721, -437.0269, -30.0000, 84, 72, 56
L -1390.8721, -399.6729, -30.0000, -1357.5057, -458.5304, -30.0000, 112, 96, 74
L -1357.5057, -458.5304, -30.0000, -1324.1393, -399.6729, -30.0000, 112, 96, 74
L -1369.1839, -426.1588, -30.0000, -1354.1691, -436.1646, -30.0000, 84, 72, 56
L -1254.8630, -403.6482, -30.0000, -1216.4080, -490.8654, -30.0000, 112, 96, 74
L -1216.4080, -490.8654, -30.0000, -1177.9529, -403.6482, -30.0000, 112, 96, 74
L -1229.8672, -442.8960, -30.0000, -1212.5625, -457.7229, -30.0000, 84, 72, 56
L -1212.5625, -403.6482, -30.0000, -1174.1074, -477.4963, -30.0000, 112, 96, 74
L -1174.1074, -477.4963, -30.0000, -1135.6523, -403.6482, -30.0000, 112, 96, 74
L -1187.5667, -436.8798, -30.0000, -1170.2619, -449.4340, -30.0000, 84, 72, 56
L -1170.2619, -403.6482, -30.0000, -1131.8068, -459.2609, -30.0000, 112, 96, 74
L -1131.8068, -459.2609, -30.0000, -1093.3518, -403.6482, -30.0000, 112, 96, 74
L -1145.2661, -428.6739, -30.0000, -1127.9613, -438.1281, -30.0000, 84, 72, 56
L -1139.6880, -341.4223, -30.0000, -1102.7704, -408.8141, -30.0000, 112, 96, 74
L -1102.7704, -408.8141, -30.0000, -1065.8529, -341.4223, -30.0000, 112, 96, 74
L -1115.6916, -371.7486, -30.0000, -1099.0787, -383.2052, -30.0000, 84, 72, 56
L -1099.0787, -341.4223, -30.0000, -1062.1611, -422.0694, -30.0000, 112, 96, 74
L -1062.1611, -422.0694, -30.0000, -1025.2435, -341.4223, -30.0000, 112, 96, 74
L -1075.0823, -377.7135, -30.0000, -1058.4693, -391.4235, -30.0000, 84, 72, 56
L -1058.4693, -341.4223, -30.0000, -1021.5517, -417.4799, -30.0000, 112, 96, 74
L -1021.5517, -417.4799, -30.0000, -984.6341, -341.4223, -30.0000, 112, 96, 74
L -1034.4729, -375.6482, -30.0000, -1017.8600, -388.5780, -30.0000, 84, 72, 56
L -694.6571, -409.4702, -30.0000, -657.6764, -475.0167, -30.0000, 112, 96, 74
L -657.6764, -475.0167, -30.0000, -620.6957, -409.4702, -30.0000, 112, 96, 74
L -670.6197, -438.9661, -30.0000, -653.9784, -450.1090, -30.0000, 84, 72, 56
L -653.9784, -409.4702, -30.0000, -616.9977, -480.0294, -30.0000, 112, 96, 74
L -616.9977, -480.0294, -30.0000, -580.0169, -409.4702, -30.0000, 112, 96, 74
L -629.9409, -441.2218, -30.0000, -613.2996, -453.2169, -30.0000, 84, 72, 56
L -503.0156, -349.0997, -30.0000, -474.9009, -392.8398, -30.0000, 112, 96, 74
L -474.9009, -392.8398, -30.0000, -446.7862, -349.0997, -30.0000, 112, 96, 74
L -484.7410, -368.7828, -30.0000, -472.0894, -376.2186, -30.0000, 84, 72, 56
L -472.0894, -349.0997, -30.0000, -443.9747, -390.2105, -30.0000, 112, 96, 74
L -443.9747, -390.2105, -30.0000, -415.8600, -349.0997, -30.0000, 112, 96, 74
L -453.8149, -367.5996, -30.0000, -441.1632, -374.5884, -30.0000, 84, 72, 56
L -474.9009, -392.8398, -30.0000, -481.6484, -415.3316, -30.0000, 150, 165, 180
L -481.6484, -415.3316, -30.0000, -469.2779, -435.0119, -30.0000, 150, 165, 180
L -168.3626, -439.7643, -30.0000, -137.1026, -494.6095, -30.0000, 112, 96, 74
L -137.1026, -494.6095, -30.0000, -105.8426, -439.7643, -30.0000, 112, 96, 74
L -148.0436, -464.4447, -30.0000, -133.9766, -473.7684, -30.0000, 84, 72, 56
L -133.9766, -439.7643, -30.0000, -102.7167, -493.6043, -30.0000, 112, 96, 74
L -102.7167, -493.6043, -30.0000, -71.4567, -439.7643, -30.0000, 112, 96, 74
L -113.6576, -463.9923, -30.0000, -99.5907, -473.1451, -30.0000, 84, 72, 56
L -31.7010, -361.7818, -30.0000, 0.3402, -423.4010, -30.0000, 112, 96, 74
L 0.3402, -423.4010, -30.0000, 32.3813, -361.7818, -30.0000, 112, 96, 74
L -10.8742, -389.5105, -30.0000, 3.5443, -399.9857, -30.0000, 84, 72, 56
L 3.5443, -361.7818, -30.0000, 35.5854, -429.8950, -30.0000, 112, 96, 74
L 35.5854, -429.8950, -30.0000, 67.6265, -361.7818, -30.0000, 112, 96, 74
L 24.3710, -392.4328, -30.0000, 38.7895, -404.0120, -30.0000, 84, 72, 56
L 67.1457, -419.8803, -30.0000, 106.7766, -490.1689, -30.0000, 112, 96, 74
L 106.7766, -490.1689, -30.0000, 146.4074, -419.8803, -30.0000, 112, 96, 74
L 92.9058, -451.5102, -30.0000, 110.7397, -463.4593, -30.0000, 84, 72, 56
L 110.7397, -419.8803, -30.0000, 150.3705, -500.8580, -30.0000, 112, 96, 74
L 150.3705, -500.8580, -30.0000, 190.0014, -419.8803, -30.0000, 112, 96, 74
L 136.4997, -456.3202, -30.0000, 154.3336, -470.0864, -30.0000, 84, 72, 56
L 154.3336, -419.8803, -30.0000, 193.9645, -486.3147, -30.0000, 112, 96, 74
L 193.9645, -486.3147, -30.0000, 233.5954, -419.8803, -30.0000, 112, 96, 74
L 180.0937, -449.7758, -30.0000, 197.9276, -461.0696, -30.0000, 84, 72, 56
L 361.1674, -391.5846, -30.0000, 385.7631, -436.5663, -30.0000, 112, 96, 74
L 385.7631, -436.5663, -30.0000, 410.3587, -391.5846, -30.0000, 112, 96, 74
L 377.1546, -411.8264, -30.0000, 388.2226, -419.4732, -30.0000, 84, 72, 56
L 388.2226, -391.5846, -30.0000, 412.8183, -427.5116, -30.0000, 112, 96, 74
L 412.8183, -427.5116, -30.0000, 437.4139, -391.5846, -30.0000, 112, 96, 74
L 404.2098, -407.7518, -30.0000, 415.2778, -413.8593, -30.0000, 84, 72, 56
L 415.2778, -391.5846, -30.0000, 439.8735, -438.1971, -30.0000, 112, 96, 74
L 439.8735, -438.1971, -30.0000, 464.4691, -391.5846, -30.0000, 112, 96, 74
L 431.2650, -412.5602, -30.0000, 442.3330, -420.4844, -30.0000, 84, 72, 56
L 439.8735, -438.1971, -30.0000, 433.9705, -457.8736, -30.0000, 150, 165, 180
L 433.9705, -457.8736, -30.0000, 444.7926, -475.0906, -30.0000, 150, 165, 180
L 656.2027, -398.4457, -30.0000, 685.0168, -444.0179, -30.0000, 112, 96, 74
L 685.0168, -444.0179, -30.0000, 713.8309, -398.4457, -30.0000, 112, 96, 74
L 674.9318, -418.9532, -30.0000, 687.8982, -426.7005, -30.0000, 84, 72, 56
L 687.8982, -398.4457, -30.0000, 716.7123, -448.1687, -30.0000, 112, 96, 74
L 716.7123, -448.1687, -30.0000, 745.5265, -398.4457, -30.0000, 112, 96, 74
L 706.6274, -420.8211, -30.0000, 719.5937, -429.2740, -30.0000, 84, 72, 56
L 716.7123, -448.1687, -30.0000, 709.7969, -471.2200, -30.0000, 150, 165, 180
L 709.7969, -471.2200, -30.0000, 722.4751, -491.3899, -30.0000, 150, 165, 180
L 1231.3743, -432.5346, -30.0000, 1269.5688, -500.5935, -30.0000, 112, 96, 74
L 1269.5688, -500.5935, -30.0000, 1307.7633, -432.5346, -30.0000, 112, 96, 74
L 1256.2007, -463.1611, -30.0000, 1273.3882, -474.7311, -30.0000, 84, 72, 56
L 1273.3882, -432.5346, -30.0000, 1311.5828, -522.1737, -30.0000, 112, 96, 74
L 1311.5828, -522.1737, -30.0000, 1349.7773, -432.5346, -30.0000, 112, 96, 74
L 1298.2147, -472.8722, -30.0000, 1315.4022, -488.1108, -30.0000, 84, 72, 56
L 1408.5775, -421.4356, -30.0000, 1439.0211, -493.2654, -30.0000, 112, 96, 74
L 1439.0211, -493.2654, -30.0000, 1469.4647, -421.4356, -30.0000, 112, 96, 74
L 1428.3658, -453.7590, -30.0000, 1442.0654, -465.9701, -30.0000, 84, 72, 56
L 1442.0654, -421.4356, -30.0000, 1472.5090, -482.8157, -30.0000, 112, 96, 74
L 1472.5090, -482.8157, -30.0000, 1502.9526, -421.4356, -30.0000, 112, 96, 74
L 1461.8538, -449.0566, -30.0000, 1475.5534, -459.4912, -30.0000, 84, 72, 56
L 1503.3546, -366.1768, -30.0000, 1545.8265, -426.9199, -30.0000, 112, 96, 74
L 1545.8265, -426.9199, -30.0000, 1588.2983, -366.1768, -30.0000, 112, 96, 74
L 1530.9613, -393.5112, -30.0000, 1550.0737, -403.8375, -30.0000, 84, 72, 56
L 1550.0737, -366.1768, -30.0000, 1592.5455, -426.4103, -30.0000, 112, 96, 74
L 1592.5455, -426.4103, -30.0000, 1635.0173, -366.1768, -30.0000, 112, 96, 74
L 1577.6803, -393.2819, -30.0000, 1596.7927, -403.5216, -30.0000, 84, 72, 56
L 1727.5036, -394.1267, -30.0000, 1761.2514, -467.6533, -30.0000, 112, 96, 74
L 1761.2514, -467.6533, -30.0000, 1794.9992, -394.1267, -30.0000, 112, 96, 74
L 1749.4397, -427.2137, -30.0000, 1764.6262, -439.7132, -30.0000, 84, 72, 56
L 1764.6262, -394.1267, -30.0000, 1798.3740, -460.9590, -30.0000, 112, 96, 74
L 1798.3740, -460.9590, -30.0000, 1832.1218, -394.1267, -30.0000, 112, 96, 74
L 1786.5622, -424.2013, -30.0000, 1801.7487, -435.5628, -30.0000, 84, 72, 56
L 1801.7487, -394.1267, -30.0000, 1835.4965, -457.4045, -30.0000, 112, 96, 74
L 1835.4965, -457.4045, -30.0000, 1869.2443, -394.1267, -30.0000, 112, 96, 74
L 1823.6848, -422.6017, -30.0000, 1838.8713, -433.3589, -30.0000, 84, 72, 56
L 2021.4696, -417.8455, -30.0000, 2058.3960, -495.1353, -30.0000, 112, 96, 74
L 2058.3960, -495.1353, -30.0000, 2095.3224, -417.8455, -30.0000, 112, 96, 74
L 2045.4717, -452.6259, -30.0000, 2062.0886, -465.7652, -30.0000, 84, 72, 56
L 2062.0886, -417.8455, -30.0000, 2099.0151, -493.1677, -30.0000, 112, 96, 74
L 2099.0151, -493.1677, -30.0000, 2135.9415, -417.8455, -30.0000, 112, 96, 74
L 2086.0908, -451.7405, -30.0000, 2102.7077, -464.5453, -30.0000, 84, 72, 56
L 2102.7077, -417.8455, -30.0000, 2139.6341, -475.6481, -30.0000, 112, 96, 74
L 2139.6341, -475.6481, -30.0000, 2176.5606, -417.8455, -30.0000, 112, 96, 74
L 2126.7099, -443.8566, -30.0000, 2143.3268, -453.6831, -30.0000, 84, 72, 56
L 2214.3192, -340.1837, -30.0000, 2251.8631, -424.7100, -30.0000, 112, 96, 74
L 2251.8631, -424.7100, -30.0000, 2289.4070, -340.1837, -30.0000, 112, 96, 74
L 2238.7228, -378.2205, -30.0000, 2255.6175, -392.5900, -30.0000, 84, 72, 56
L 2255.6175, -340.1837, -30.0000, 2293.1614, -394.4653, -30.0000, 112, 96, 74
L 2293.1614, -394.4653, -30.0000, 2330.7053, -340.1837, -30.0000, 112, 96, 74
L 2280.0211, -364.6104, -30.0000, 2296.9158, -373.8383, -30.0000, 84, 72, 56
L 2251.8631, -424.7100, -30.0000, 2242.8526, -454.7451, -30.0000, 150, 165, 180
L 2242.8526, -454.7451, -30.0000, 2259.3719, -481.0259, -30.0000, 150, 165, 180
L -2164.0636, -267.4046, -30.0000, -2129.1013, -317.5854, -30.0000, 112, 96, 74
L -2129.1013, -317.5854, -30.0000, -2094.1390, -267.4046, -30.0000, 112, 96, 74
L -2141.3381, -289.9860, -30.0000, -2125.6050, -298.5167, -30.0000, 84, 72, 56
L -2125.6050, -267.4046, -30.0000, -2090.6427, -319.2017, -30.0000, 112, 96, 74
L -2090.6427, -319.2017, -30.0000, -2055.6804, -267.4046, -30.0000, 112, 96, 74
L -2102.8796, -290.7133, -30.0000, -2087.1465, -299.5188, -30.0000, 84, 72, 56
L -1764.2627, -188.2292, -30.0000, -1733.5012, -259.3408, -30.0000, 112, 96, 74
L -1733.5012, -259.3408, -30.0000, -1702.7396, -188.2292, -30.0000, 112, 96, 74
L -1744.2677, -220.2294, -30.0000, -1730.4250, -232.3184, -30.0000, 84, 72, 56
L -1730.4250, -188.2292, -30.0000, -1699.6634, -231.3472, -30.0000, 112, 96, 74
L -1699.6634, -231.3472, -30.0000, -1668.9019, -188.2292, -30.0000, 112, 96, 74
L -1710.4300, -207.6323, -30.0000, -1696.5873, -214.9623, -30.0000, 84, 72, 56
L -1733.5012, -259.3408, -30.0000, -1740.8839, -283.9500, -30.0000, 150, 165, 180
L -1740.8839, -283.9500, -30.0000, -1727.3489, -305.4831, -30.0000, 150, 165, 180
L -1234.3873, -228.1287, -30.0000, -1192.7802, -292.1968, -30.0000, 112, 96, 74
L -1192.7802, -292.1968, -30.0000, -1151.1731, -228.1287, -30.0000, 112, 96, 74
L -1207.3426, -256.9594, -30.0000, -1188.6195, -267.8509, -30.0000, 84, 72, 56
L -1188.6195, -228.1287, -30.0000, -1147.0124, -300.0321, -30.0000, 112, 96, 74
L -1147.0124, -300.0321, -30.0000, -1105.4053, -228.1287, -30.0000, 112, 96, 74
L -1161.5749, -260.4852, -30.0000, -1142.8517, -272.7088, -30.0000, 84, 72, 56
L -1133.8196, -263.7957, -30.0000, -1103.5557, -325.6106, -30.0000, 112, 96, 74
L -1103.5557, -325.6106, -30.0000, -1073.2919, -263.7957, -30.0000, 112, 96, 74
L -1114.1481, -291.6124, -30.0000, -1100.5293, -302.1209, -30.0000, 84, 72, 56
L -1100.5293, -263.7957, -30.0000, -1070.2655, -334.2194, -30.0000, 112, 96, 74
L -1070.2655, -334.2194, -30.0000, -1040.0017, -263.7957, -30.0000, 112, 96, 74
L -1080.8579, -295.4864, -30.0000, -1067.2391, -307.4584, -30.0000, 84, 72, 56
L -1067.2391, -263.7957, -30.0000, -1036.9753, -318.0976, -30.0000, 112, 96, 74
L -1036.9753, -318.0976, -30.0000, -1006.7115, -263.7957, -30.0000, 112, 96, 74
L -1047.5676, -288.2315, -30.0000, -1033.9489, -297.4629, -30.0000, 84, 72, 56
L -898.2238, -236.2280, -30.0000, -870.8132, -293.8701, -30.0000, 112, 96, 74
L -870.8132, -293.8701, -30.0000, -843.4026, -236.2280, -30.0000, 112, 96, 74
L -880.4069, -262.1669, -30.0000, -868.0721, -271.9661, -30.0000, 84, 72, 56
L -868.0721, -236.2280, -30.0000, -840.6616, -296.4031, -30.0000, 112, 96, 74
L -840.6616, -296.4031, -30.0000, -813.2510, -236.2280, -30.0000, 112, 96, 74
L -850.2553, -263.3068, -30.0000, -837.9205, -273.5365, -30.0000, 84, 72, 56
L -500.0911, -208.8787, -30.0000, -471.9591, -251.0235, -30.0000, 112, 96, 74
L -471.9591, -251.0235, -30.0000, -443.8271, -208.8787, -30.0000, 112, 96, 74
L -481.8053, -227.8438, -30.0000, -469.1459, -235.0084, -30.0000, 84, 72, 56
L -469.1459, -208.8787, -30.0000, -441.0139, -258.8753, -30.0000, 112, 96, 74
L -441.0139, -258.8753, -30.0000, -412.8819, -208.8787, -30.0000, 112, 96, 74
L -450.8601, -231.3771, -30.0000, -438.2007, -239.8766, -30.0000, 84, 72, 56
L -441.0139, -258.8753, -30.0000, -447.7656, -281.3809, -30.0000, 150, 165, 180
L -447.7656, -281.3809, -30.0000, -435.3875, -301.0733, -30.0000, 150, 165, 180
L -241.3948, -191.1841, -30.0000, -213.0544, -256.2313, -30.0000, 112, 96, 74
L -213.0544, -256.2313, -30.0000, -184.7140, -191.1841, -30.0000, 112, 96, 74
L -222.9735, -220.4554, -30.0000, -210.2204, -231.5134, -30.0000, 84, 72, 56
L -210.2204, -191.1841, -30.0000, -181.8799, -236.1850, -30.0000, 112, 96, 74
L -181.8799, -236.1850, -30.0000, -153.5395, -191.1841, -30.0000, 112, 96, 74
L -191.7991, -211.4345, -30.0000, -179.0459, -219.0846, -30.0000, 84, 72, 56
L -65.7286, -190.4530, -30.0000, -40.2804, -236.5044, -30.0000, 112, 96, 74
L -40.2804, -236.5044, -30.0000, -14.8323, -190.4530, -30.0000, 112, 96, 74
L -49.1873, -211.1762, -30.0000, -37.7356, -219.0049, -30.0000, 84, 72, 56
L -37.7356, -190.4530, -30.0000, -12.2875, -248.2621, -30.0000, 112, 96, 74
L -12.2875, -248.2621, -30.0000, 13.1607, -190.4530, -30.0000, 112, 96, 74
L -21.1943, -216.4671, -30.0000, -9.7426, -226.2947, -30.0000, 84, 72, 56
L -9.7426, -190.4530, -30.0000, 15.7055, -244.2009, -30.0000, 112, 96, 74
L 15.7055, -244.2009, -30.0000, 41.1536, -190.4530, -30.0000, 112, 96, 74
L 6.7986, -214.6396, -30.0000, 18.2503, -223.7767, -30.0000, 84, 72, 56
L 107.2840, -250.0813, -30.0000, 148.1316, -332.9032, -30.0000, 112, 96, 74
L 148.1316, -332.9032, -30.0000, 188.9793, -250.0813, -30.0000, 112, 96, 74
L 133.8350, -287.3512, -30.0000, 152.2164, -301.4309, -30.0000, 84, 72, 56
L 152.2164, -250.0813, -30.0000, 193.0641, -322.8677, -30.0000, 112, 96, 74
L 193.0641, -322.8677, -30.0000, 233.9117, -250.0813, -30.0000, 112, 96, 74
L 178.7674, -282.8352, -30.0000, 197.1488, -295.2089, -30.0000, 84, 72, 56
L 148.1316, -332.9032, -30.0000, 138.3282, -365.5813, -30.0000, 150, 165, 180
L 138.3282, -365.5813, -30.0000, 156.3012, -394.1747, -30.0000, 150, 165, 180
L 354.0072, -257.5362, -30.0000, 378.4461, -293.5999, -30.0000, 112, 96, 74
L 378.4461, -293.5999, -30.0000, 402.8850, -257.5362, -30.0000, 112, 96, 74
L 369.8925, -273.7649, -30.0000, 380.8900, -279.8957, -30.0000, 84, 72, 56
L 380.8900, -257.5362, -30.0000, 405.3289, -298.1050, -30.0000, 112, 96, 74
L 405.3289, -298.1050, -30.0000, 429.7678, -257.5362, -30.0000, 112, 96, 74
L 396.7753, -275.7922, -30.0000, 407.7728, -282.6889, -30.0000, 84, 72, 56
L 1373.5449, -245.5104, -30.0000, 1403.8998, -312.9712, -30.0000, 112, 96, 74
L 1403.8998, -312.9712, -30.0000, 1434.2547, -245.5104, -30.0000, 112, 96, 74
L 1393.2756, -275.8678, -30.0000, 1406.9353, -287.3361, -30.0000, 84, 72, 56
L 1406.9353, -245.5104, -30.0000, 1437.2902, -311.9923, -30.0000, 112, 96, 74
L 1437.2902, -311.9923, -30.0000, 1467.6452, -245.5104, -30.0000, 112, 96, 74
L 1426.6660, -275.4272, -30.0000, 1440.3257, -286.7292, -30.0000, 84, 72, 56
L 1563.2435, -210.0175, -30.0000, 1599.1506, -278.3379, -30.0000, 112, 96, 74
L 1599.1506, -278.3379, -30.0000, 1635.0577, -210.0175, -30.0000, 112, 96, 74
L 1586.5831, -240.7617, -30.0000, 1602.7413, -252.3762, -30.0000, 84, 72, 56
L 1602.7413, -210.0175, -30.0000, 1638.6484, -295.5277, -30.0000, 112, 96, 74
L 1638.6484, -295.5277, -30.0000, 1674.5555, -210.0175, -30.0000, 112, 96, 74
L 1626.0809, -248.4971, -30.0000, 1642.2391, -263.0339, -30.0000, 84, 72, 56
L 1642.2391, -210.0175, -30.0000, 1678.1462, -270.5302, -30.0000, 112, 96, 74
L 1678.1462, -270.5302, -30.0000, 1714.0533, -210.0175, -30.0000, 112, 96, 74
L 1665.5787, -237.2482, -30.0000, 1681.7369, -247.5354, -30.0000, 84, 72, 56
L 1918.6540, -176.7316, -30.0000, 1956.5774, -245.6616, -30.0000, 112, 96, 74
L 1956.5774, -245.6616, -30.0000, 1994.5009, -176.7316, -30.0000, 112, 96, 74
L 1943.3042, -207.7501, -30.0000, 1960.3698, -219.4682, -30.0000, 84, 72, 56
L 1960.3698, -176.7316, -30.0000, 1998.2932, -257.8985, -30.0000, 112, 96, 74
L 1998.2932, -257.8985, -30.0000, 2036.2166, -176.7316, -30.0000, 112, 96, 74
L 1985.0200, -213.2567, -30.0000, 2002.0855, -227.0551, -30.0000, 84, 72, 56
L 2037.3696, -177.2384, -30.0000, 2079.2523, -256.4345, -30.0000, 112, 96, 74
L 2079.2523, -256.4345, -30.0000, 2121.1350, -177.2384, -30.0000, 112, 96, 74
L 2064.5934, -212.8766, -30.0000, 2083.4406, -226.3400, -30.0000, 84, 72, 56
L 2083.4406, -177.2384, -30.0000, 2125.3233, -242.6009, -30.0000, 112, 96, 74
L 2125.3233, -242.6009, -30.0000, 2167.2060, -177.2384, -30.0000, 112, 96, 74
L 2110.6643, -206.6515, -30.0000, 2129.5115, -217.7631, -30.0000, 84, 72, 56
L 2129.5115, -177.2384, -30.0000, 2171.3942, -237.1178, -30.0000, 112, 96, 74
L 2171.3942, -237.1178, -30.0000, 2213.2769, -177.2384, -30.0000, 112, 96, 74
L 2156.7353, -204.1841, -30.0000, 2175.5825, -214.3636, -30.0000, 84, 72, 56
L 2212.3085, -255.8928, -30.0000, 2242.0595, -325.6343, -30.0000, 112, 96, 74
L 2242.0595, -325.6343, -30.0000, 2271.8104, -255.8928, -30.0000, 112, 96, 74
L 2231.6466, -287.2765, -30.0000, 2245.0345, -299.1325, -30.0000, 84, 72, 56
L 2245.0345, -255.8928, -30.0000, 2274.7855, -304.1038, -30.0000, 112, 96, 74
L 2274.7855, -304.1038, -30.0000, 2304.5364, -255.8928, -30.0000, 112, 96, 74
L 2264.3726, -277.5878, -30.0000, 2277.7606, -285.7836, -30.0000, 84, 72, 56
L 2277.7606, -255.8928, -30.0000, 2307.5115, -322.4032, -30.0000, 112, 96, 74
L 2307.5115, -322.4032, -30.0000, 2337.2624, -255.8928, -30.0000, 112, 96, 74
L 2297.0986, -285.8225, -30.0000, 2310.4866, -297.1293, -30.0000, 84, 72, 56
L 2242.0595, -325.6343, -30.0000, 2234.9192, -349.4350, -30.0000, 150, 165, 180
L 2234.9192, -349.4350, -30.0000, 2248.0096, -370.2607, -30.0000, 150, 165, 180
L -2165.3189, -76.7682, -30.0000, -2140.6671, -115.4868, -30.0000, 112, 96, 74
L -2140.6671, -115.4868, -30.0000, -2116.0152, -76.7682, -30.0000, 112, 96, 74
L -2149.2952, -94.1916, -30.0000, -2138.2019, -100.7738, -30.0000, 84, 72, 56
L -2138.2019, -76.7682, -30.0000, -2113.5501, -122.3417, -30.0000, 112, 96, 74
L -2113.5501, -122.3417, -30.0000, -2088.8982, -76.7682, -30.0000, 112, 96, 74
L -2122.1782, -97.2763, -30.0000, -2111.0849, -105.0238, -30.0000, 84, 72, 56
L -1988.9375, -60.6204, -30.0000, -1965.8142, -104.6537, -30.0000, 112, 96, 74
L -1965.8142, -104.6537, -30.0000, -1942.6908, -60.6204, -30.0000, 112, 96, 74
L -1973.9073, -80.4354, -30.0000, -1963.5018, -87.9210, -30.0000, 84, 72, 56
L -1963.5018, -60.6204, -30.0000, -1940.3785, -102.2303, -30.0000, 112, 96, 74
L -1940.3785, -102.2303, -30.0000, -1917.2551, -60.6204, -30.0000, 112, 96, 74
L -1948.4716, -79.3448, -30.0000, -1938.0661, -86.4185, -30.0000, 84, 72, 56
L -1608.7170, -87.5356, -30.0000, -1571.1579, -147.7865, -30.0000, 112, 96, 74
L -1571.1579, -147.7865, -30.0000, -1533.5989, -87.5356, -30.0000, 112, 96, 74
L -1584.3036, -114.6485, -30.0000, -1567.4020, -124.8912, -30.0000, 84, 72, 56
L -1567.4020, -87.5356, -30.0000, -1529.8430, -146.4292, -30.0000, 112, 96, 74
L -1529.8430, -146.4292, -30.0000, -1492.2839, -87.5356, -30.0000, 112, 96, 74
L -1542.9886, -114.0377, -30.0000, -1526.0871, -124.0496, -30.0000, 84, 72, 56
L -1526.0871, -87.5356, -30.0000, -1488.5280, -174.9917, -30.0000, 112, 96, 74
L -1488.5280, -174.9917, -30.0000, -1450.9690, -87.5356, -30.0000, 112, 96, 74
L -1501.6737, -126.8909, -30.0000, -1484.7721, -141.7584, -30.0000, 84, 72, 56
L -1464.8345, -10.2329, -30.0000, -1428.9578, -85.2199, -30.0000, 112, 96, 74
L -1428.9578, -85.2199, -30.0000, -1393.0811, -10.2329, -30.0000, 112, 96, 74
L -1441.5147, -43.9770, -30.0000, -1425.3702, -56.7248, -30.0000, 84, 72, 56
L -1425.3702, -10.2329, -30.0000, -1389.4935, -82.9789, -30.0000, 112, 96, 74
L -1389.4935, -82.9789, -30.0000, -1353.6168, -10.2329, -30.0000, 112, 96, 74
L -1402.0503, -42.9686, -30.0000, -1385.9058, -55.3354, -30.0000, 84, 72, 56
L -1286.8855, -44.3844, -30.0000, -1244.2757, -130.5099, -30.0000, 112, 96, 74
L -1244.2757, -130.5099, -30.0000, -1201.6660, -44.3844, -30.0000, 112, 96, 74
L -1259.1892, -83.1409, -30.0000, -1240.0148, -97.7822, -30.0000, 84, 72, 56
L -1240.0148, -44.3844, -30.0000, -1197.4050, -142.7192, -30.0000, 112, 96, 74
L -1197.4050, -142.7192, -30.0000, -1154.7952, -44.3844, -30.0000, 112, 96, 74
L -1212.3184, -88.6351, -30.0000, -1193.1440, -105.3520, -30.0000, 84, 72, 56
L -1193.1440, -44.3844, -30.0000, -1150.5343, -111.4053, -30.0000, 112, 96, 74
L -1150.5343, -111.4053, -30.0000, -1107.9245, -44.3844, -30.0000, 112, 96, 74
L -1165.4477, -74.5438, -30.0000, -1146.2733, -85.9374, -30.0000, 84, 72, 56
L -1099.1630, -6.2079, -30.0000, -1072.0668, -64.2294, -30.0000, 112, 96, 74
L -1072.0668, -64.2294, -30.0000, -1044.9706, -6.2079, -30.0000, 112, 96, 74
L -1081.5504, -32.3176, -30.0000, -1069.3571, -42.1812, -30.0000, 84, 72, 56
L -1069.3571, -6.2079, -30.0000, -1042.2609, -71.0833, -30.0000, 112, 96, 74
L -1042.2609, -71.0833, -30.0000, -1015.1647, -6.2079, -30.0000, 112, 96, 74
L -1051.7446, -35.4018, -30.0000, -1039.5513, -46.4306, -30.0000, 84, 72, 56
L -1042.2609, -71.0833, -30.0000, -1048.7640, -92.7602, -30.0000, 150, 165, 180
L -1048.7640, -92.7602, -30.0000, -1036.8417, -111.7276, -30.0000, 150, 165, 180
L -931.0280, -79.3631, -30.0000, -907.2833, -114.0727, -30.0000, 112, 96, 74
L -907.2833, -114.0727, -30.0000, -883.5386, -79.3631, -30.0000, 112, 96, 74
L -915.5939, -94.9824, -30.0000, -904.9088, -100.8831, -30.0000, 84, 72, 56
L -904.9088, -79.3631, -30.0000, -881.1641, -129.6485, -30.0000, 112, 96, 74
L -881.1641, -129.6485, -30.0000, -857.4194, -79.3631, -30.0000, 112, 96, 74
L -889.4747, -101.9915, -30.0000, -878.7896, -110.5401, -30.0000, 84, 72, 56
L -541.1552, -69.1599, -30.0000, -510.9860, -130.4760, -30.0000, 112, 96, 74
L -510.9860, -130.4760, -30.0000, -480.8168, -69.1599, -30.0000, 112, 96, 74
L -521.5452, -96.7521, -30.0000, -507.9691, -107.1759, -30.0000, 84, 72, 56
L -507.9691, -69.1599, -30.0000, -477.7999, -123.6773, -30.0000, 112, 96, 74
L -477.7999, -123.6773, -30.0000, -447.6308, -69.1599, -30.0000, 112, 96, 74
L -488.3591, -93.6927, -30.0000, -474.7830, -102.9607, -30.0000, 84, 72, 56
L -510.9860, -130.4760, -30.0000, -518.2266, -154.6114, -30.0000, 150, 165, 180
L -518.2266, -154.6114, -30.0000, -504.9522, -175.7298, -30.0000, 150, 165, 180
L -216.3178, -22.9610, -30.0000, -190.4456, -80.4155, -30.0000, 112, 96, 74
L -190.4456, -80.4155, -30.0000, -164.5734, -22.9610, -30.0000, 112, 96, 74
L -199.5009, -48.8156, -30.0000, -187.8584, -58.5828, -30.0000, 84, 72, 56
L -187.8584, -22.9610, -30.0000, -161.9862, -67.6761, -30.0000, 112, 96, 74
L -161.9862, -67.6761, -30.0000, -136.1140, -22.9610, -30.0000, 112, 96, 74
L -171.0414, -43.0828, -30.0000, -159.3990, -50.6844, -30.0000, 84, 72, 56
L -108.8537, -19.1054, -30.0000, -68.8066, -79.7718, -30.0000, 112, 96, 74
L -68.8066, -79.7718, -30.0000, -28.7596, -19.1054, -30.0000, 112, 96, 74
L -82.8231, -46.4053, -30.0000, -64.8019, -56.7186, -30.0000, 84, 72, 56
L -64.8019, -19.1054, -30.0000, -24.7549, -89.9656, -30.0000, 112, 96, 74
L -24.7549, -89.9656, -30.0000, 15.2922, -19.1054, -30.0000, 112, 96, 74
L -38.7714, -50.9925, -30.0000, -20.7502, -63.0387, -30.0000, 84, 72, 56
L -20.7502, -19.1054, -30.0000, 19.2969, -82.5510, -30.0000, 112, 96, 74
L 19.2969, -82.5510, -30.0000, 59.3439, -19.1054, -30.0000, 112, 96, 74
L 5.2804, -47.6559, -30.0000, 23.3016, -58.4416, -30.0000, 84, 72, 56
L 161.0741, -17.8524, -30.0000, 202.6893, -97.7449, -30.0000, 112, 96, 74
L 202.6893, -97.7449, -30.0000, 244.3046, -17.8524, -30.0000, 112, 96, 74
L 188.1240, -53.8041, -30.0000, 206.8508, -67.3858, -30.0000, 84, 72, 56
L 206.8508, -17.8524, -30.0000, 248.4661, -83.4015, -30.0000, 112, 96, 74
L 248.4661, -83.4015, -30.0000, 290.0814, -17.8524, -30.0000, 112, 96, 74
L 233.9008, -47.3495, -30.0000, 252.6276, -58.4929, -30.0000, 84, 72, 56
L 1220.0275, -23.8711, -30.0000, 1253.6860, -101.6190, -30.0000, 112, 96, 74
L 1253.6860, -101.6190, -30.0000, 1287.3445, -23.8711, -30.0000, 112, 96, 74
L 1241.9055, -58.8576, -30.0000, 1257.0519, -72.0748, -30.0000, 84, 72, 56
L 1257.0519, -23.8711, -30.0000, 1290.7103, -90.7362, -30.0000, 112, 96, 74
L 1290.7103, -90.7362, -30.0000, 1324.3688, -23.8711, -30.0000, 112, 96, 74
L 1278.9299, -53.9604, -30.0000, 1294.0762, -65.3275, -30.0000, 84, 72, 56
L 1674.5590, 7.0699, -30.0000, 1706.4100, -49.8547, -30.0000, 112, 96, 74
L 1706.4100, -49.8547, -30.0000, 1738.2610, 7.0699, -30.0000, 112, 96, 74
L 1695.2621, -18.5461, -30.0000, 1709.5951, -28.2233, -30.0000, 84, 72, 56
L 1709.5951, 7.0699, -30.0000, 1741.4461, -50.7034, -30.0000, 112, 96, 74
L 1741.4461, -50.7034, -30.0000, 1773.2971, 7.0699, -30.0000, 112, 96, 74
L 1730.2982, -18.9281, -30.0000, 1744.6312, -28.7495, -30.0000, 84, 72, 56
L 1744.6312, 7.0699, -30.0000, 1776.4822, -69.2676, -30.0000, 112, 96, 74
L 1776.4822, -69.2676, -30.0000, 1808.3332, 7.0699, -30.0000, 112, 96, 74
L 1765.3344, -27.2819, -30.0000, 1779.6673, -40.2593, -30.0000, 84, 72, 56
L 1895.4673, -74.9345, -30.0000, 1927.4264, -125.8614, -30.0000, 112, 96, 74
L 1927.4264, -125.8614, -30.0000, 1959.3856, -74.9345, -30.0000, 112, 96, 74
L 1916.2407, -97.8516, -30.0000, 1930.6223, -106.5092, -30.0000, 84, 72, 56
L 1930.6223, -74.9345, -30.0000, 1962.5815, -129.2526, -30.0000, 112, 96, 74
L 1962.5815, -129.2526, -30.0000, 1994.5406, -74.9345, -30.0000, 112, 96, 74
L 1951.3958, -99.3776, -30.0000, 1965.7774, -108.6117, -30.0000, 84, 72, 56
L 2061.2466, -48.5450, -30.0000, 2099.1275, -120.0314, -30.0000, 112, 96, 74
L 2099.1275, -120.0314, -30.0000, 2137.0085, -48.5450, -30.0000, 112, 96, 74
L 2085.8692, -80.7139, -30.0000, 2102.9156, -92.8666, -30.0000, 84, 72, 56
L 2102.9156, -48.5450, -30.0000, 2140.7966, -132.6066, -30.0000, 112, 96, 74
L 2140.7966, -132.6066, -30.0000, 2178.6776, -48.5450, -30.0000, 112, 96, 74
L 2127.5383, -86.3727, -30.0000, 2144.5847, -100.6632, -30.0000, 84, 72, 56
L 2224.4109, -28.9226, -30.0000, 2260.8144, -95.9844, -30.0000, 112, 96, 74
L 2260.8144, -95.9844, -30.0000, 2297.2180, -28.9226, -30.0000, 112, 96, 74
L 2248.0732, -59.1004, -30.0000, 2264.4548, -70.5009, -30.0000, 84, 72, 56
L 2264.4548, -28.9226, -30.0000, 2300.8584, -80.7732, -30.0000, 112, 96, 74
L 2300.8584, -80.7732, -30.0000, 2337.2619, -28.9226, -30.0000, 112, 96, 74
L 2288.1171, -52.2554, -30.0000, 2304.4987, -61.0700, -30.0000, 84, 72, 56
L -2152.7573, 159.2029, -30.0000, -2128.3557, 119.3150, -30.0000, 112, 96, 74
L -2128.3557, 119.3150, -30.0000, -2103.9541, 159.2029, -30.0000, 112, 96, 74
L -2136.8963, 141.2533, -30.0000, -2125.9156, 134.4724, -30.0000, 84, 72, 56
L -2125.9156, 159.2029, -30.0000, -2101.5140, 107.3637, -30.0000, 112, 96, 74
L -2101.5140, 107.3637, -30.0000, -2077.1123, 159.2029, -30.0000, 112, 96, 74
L -2110.0545, 135.8753, -30.0000, -2099.0738, 127.0626, -30.0000, 84, 72, 56
L -1966.5508, 160.6879, -30.0000, -1941.1676, 123.7412, -30.0000, 112, 96, 74
L -1941.1676, 123.7412, -30.0000, -1915.7843, 160.6879, -30.0000, 112, 96, 74
L -1950.0517, 144.0619, -30.0000, -1938.6292, 137.7809, -30.0000, 84, 72, 56
L -1938.6292, 160.6879, -30.0000, -1913.2460, 101.1934, -30.0000, 112, 96, 74
L -1913.2460, 101.1934, -30.0000, -1887.8628, 160.6879, -30.0000, 112, 96, 74
L -1922.1301, 133.9154, -30.0000, -1910.7077, 123.8013, -30.0000, 84, 72, 56
L -1548.0446, 176.2656, -30.0000, -1520.6891, 124.3301, -30.0000, 112, 96, 74
L -1520.6891, 124.3301, -30.0000, -1493.3335, 176.2656, -30.0000, 112, 96, 74
L -1530.2635, 152.8946, -30.0000, -1517.9535, 144.0656, -30.0000, 84, 72, 56
L -1517.9535, 176.2656, -30.0000, -1490.5980, 122.0297, -30.0000, 112, 96, 74
L -1490.5980, 122.0297, -30.0000, -1463.2424, 176.2656, -30.0000, 112, 96, 74
L -1500.1724, 151.8594, -30.0000, -1487.8624, 142.6393, -30.0000, 84, 72, 56
L -1413.9365, 165.5773, -30.0000, -1380.6565, 87.1548, -30.0000, 112, 96, 74
L -1380.6565, 87.1548, -30.0000, -1347.3764, 165.5773, -30.0000, 112, 96, 74
L -1392.3045, 130.2872, -30.0000, -1377.3285, 116.9553, -30.0000, 84, 72, 56
L -1377.3285, 165.5773, -30.0000, -1344.0484, 89.2713, -30.0000, 112, 96, 74
L -1344.0484, 89.2713, -30.0000, -1310.7683, 165.5773, -30.0000, 112, 96, 74
L -1355.6964, 131.2396, -30.0000, -1340.7204, 118.2676, -30.0000, 84, 72, 56
L -952.9892, 155.5935, -30.0000, -918.1671, 102.5002, -30.0000, 112, 96, 74
L -918.1671, 102.5002, -30.0000, -883.3450, 155.5935, -30.0000, 112, 96, 74
L -930.3548, 131.7015, -30.0000, -914.6849, 122.6756, -30.0000, 84, 72, 56
L -914.6849, 155.5935, -30.0000, -879.8628, 104.5874, -30.0000, 112, 96, 74
L -879.8628, 104.5874, -30.0000, -845.0407, 155.5935, -30.0000, 112, 96, 74
L -892.0505, 132.6408, -30.0000, -876.3806, 123.9697, -30.0000, 84, 72, 56
L -788.2137, 182.7365, -30.0000, -745.4984, 119.5175, -30.0000, 112, 96, 74
L -745.4984, 119.5175, -30.0000, -702.7831, 182.7365, -30.0000, 112, 96, 74
L -760.4487, 154.2879, -30.0000, -741.2269, 143.5407, -30.0000, 84, 72, 56
L -741.2269, 182.7365, -30.0000, -698.5116, 122.4491, -30.0000, 112, 96, 74
L -698.5116, 122.4491, -30.0000, -655.7963, 182.7365, -30.0000, 112, 96, 74
L -713.4619, 155.6071, -30.0000, -694.2401, 145.3583, -30.0000, 84, 72, 56
L -745.4984, 119.5175, -30.0000, -755.7501, 85.3453, -30.0000, 150, 165, 180
L -755.7501, 85.3453, -30.0000, -736.9553, 55.4446, -30.0000, 150, 165, 180
L -595.9449, 121.5975, -30.0000, -555.4348, 36.5756, -30.0000, 112, 96, 74
L -555.4348, 36.5756, -30.0000, -514.9246, 121.5975, -30.0000, 112, 96, 74
L -569.6133, 83.3376, -30.0000, -551.3837, 68.8839, -30.0000, 84, 72, 56
L -551.3837, 121.5975, -30.0000, -510.8736, 62.5494, -30.0000, 112, 96, 74
L -510.8736, 62.5494, -30.0000, -470.3635, 121.5975, -30.0000, 112, 96, 74
L -525.0522, 95.0258, -30.0000, -506.8226, 84.9877, -30.0000, 84, 72, 56
L -506.8226, 121.5975, -30.0000, -466.3125, 27.2023, -30.0000, 112, 96, 74
L -466.3125, 27.2023, -30.0000, -425.8024, 121.5975, -30.0000, 112, 96, 74
L -480.4910, 79.1196, -30.0000, -462.2615, 63.0725, -30.0000, 84, 72, 56
L -234.3903, 154.1649, -30.0000, -202.5419, 98.3185, -30.0000, 112, 96, 74
L -202.5419, 98.3185, -30.0000, -170.6934, 154.1649, -30.0000, 112, 96, 74
L -213.6888, 129.0341, -30.0000, -199.3570, 119.5402, -30.0000, 84, 72, 56
L -199.3570, 154.1649, -30.0000, -167.5085, 102.1427, -30.0000, 112, 96, 74
L -167.5085, 102.1427, -30.0000, -135.6601, 154.1649, -30.0000, 112, 96, 74
L -178.6555, 130.7549, -30.0000, -164.3237, 121.9111, -30.0000, 84, 72, 56
L -67.0809, 81.0962, -30.0000, -38.7943, 38.9140, -30.0000, 112, 96, 74
L -38.7943, 38.9140, -30.0000, -10.5077, 81.0962, -30.0000, 112, 96, 74
L -48.6946, 62.1142, -30.0000, -35.9657, 54.9433, -30.0000, 84, 72, 56
L -35.9657, 81.0962, -30.0000, -7.6790, 17.3719, -30.0000, 112, 96, 74
L -7.6790, 17.3719, -30.0000, 20.6076, 81.0962, -30.0000, 112, 96, 74
L -17.5793, 52.4203, -30.0000, -4.8504, 41.5872, -30.0000, 84, 72, 56
L 106.4659, 112.3094, -30.0000, 147.6976, 54.2634, -30.0000, 112, 96, 74
L 147.6976, 54.2634, -30.0000, 188.9292, 112.3094, -30.0000, 112, 96, 74
L 133.2665, 86.1887, -30.0000, 151.8207, 76.3209, -30.0000, 84, 72, 56
L 151.8207, 112.3094, -30.0000, 193.0524, 25.9317, -30.0000, 112, 96, 74
L 193.0524, 25.9317, -30.0000, 234.2841, 112.3094, -30.0000, 112, 96, 74
L 178.6213, 73.4394, -30.0000, 197.1756, 58.7552, -30.0000, 84, 72, 56
L 807.9116, 130.8511, -30.0000, 837.8010, 84.4717, -30.0000, 112, 96, 74
L 837.8010, 84.4717, -30.0000, 867.6904, 130.8511, -30.0000, 112, 96, 74
L 827.3397, 109.9804, -30.0000, 840.7899, 102.0959, -30.0000, 84, 72, 56
L 840.7899, 130.8511, -30.0000, 870.6793, 80.0764, -30.0000, 112, 96, 74
L 870.6793, 80.0764, -30.0000, 900.5687, 130.8511, -30.0000, 112, 96, 74
L 860.2180, 108.0025, -30.0000, 873.6682, 99.3708, -30.0000, 84, 72, 56
L 982.4514, 124.0209, -30.0000, 1008.6020, 70.1257, -30.0000, 112, 96, 74
L 1008.6020, 70.1257, -30.0000, 1034.7525, 124.0209, -30.0000, 112, 96, 74
L 999.4493, 99.7680, -30.0000, 1011.2170, 90.6059, -30.0000, 84, 72, 56
L 1011.2170, 124.0209, -30.0000, 1037.3676, 64.8259, -30.0000, 112, 96, 74
L 1037.3676, 64.8259, -30.0000, 1063.5182, 124.0209, -30.0000, 112, 96, 74
L 1028.2149, 97.3831, -30.0000, 1039.9827, 87.3200, -30.0000, 84, 72, 56
L 1165.8206, 156.4211, -30.0000, 1197.3930, 86.2582, -30.0000, 112, 96, 74
L 1197.3930, 86.2582, -30.0000, 1228.9653, 156.4211, -30.0000, 112, 96, 74
L 1186.3426, 124.8478, -30.0000, 1200.5502, 112.9201, -30.0000, 84, 72, 56
L 1200.5502, 156.4211, -30.0000, 1232.1226, 86.8385, -30.0000, 112, 96, 74
L 1232.1226, 86.8385, -30.0000, 1263.6949, 156.4211, -30.0000, 112, 96, 74
L 1221.0722, 125.1089, -30.0000, 1235.2798, 113.2799, -30.0000, 84, 72, 56
L 1197.3930, 86.2582, -30.0000, 1189.8156, 61.0003, -30.0000, 150, 165, 180
L 1189.8156, 61.0003, -30.0000, 1203.7074, 38.8996, -30.0000, 150, 165, 180
L 1329.0019, 139.7924, -30.0000, 1366.6790, 55.3063, -30.0000, 112, 96, 74
L 1366.6790, 55.3063, -30.0000, 1404.3561, 139.7924, -30.0000, 112, 96, 74
L 1353.4920, 101.7737, -30.0000, 1370.4467, 87.4110, -30.0000, 84, 72, 56
L 1370.4467, 139.7924, -30.0000, 1408.1238, 78.7033, -30.0000, 112, 96, 74
L 1408.1238, 78.7033, -30.0000, 1445.8009, 139.7924, -30.0000, 112, 96, 74
L 1394.9368, 112.3023, -30.0000, 1411.8915, 101.9172, -30.0000, 84, 72, 56
L 1411.8915, 139.7924, -30.0000, 1449.5686, 52.5762, -30.0000, 112, 96, 74
L 1449.5686, 52.5762, -30.0000, 1487.2457, 139.7924, -30.0000, 112, 96, 74
L 1436.3816, 100.5451, -30.0000, 1453.3363, 85.7183, -30.0000, 84, 72, 56
L 1449.5686, 52.5762, -30.0000, 1440.5261, 22.4345, -30.0000, 150, 165, 180
L 1440.5261, 22.4345, -30.0000, 1457.1040, -3.9395, -30.0000, 150, 165, 180
L 1953.6652, 76.7581, -30.0000, 1980.4260, 17.3469, -30.0000, 112, 96, 74
L 1980.4260, 17.3469, -30.0000, 2007.1868, 76.7581, -30.0000, 112, 96, 74
L 1971.0597, 50.0231, -30.0000, 1983.1021, 39.9232, -30.0000, 84, 72, 56
L 1983.1021, 76.7581, -30.0000, 2009.8629, 31.9392, -30.0000, 112, 96, 74
L 2009.8629, 31.9392, -30.0000, 2036.6237, 76.7581, -30.0000, 112, 96, 74
L 2000.4966, 56.5896, -30.0000, 2012.5389, 48.9704, -30.0000, 84, 72, 56
L 2037.0333, 116.9351, -30.0000, 2067.1079, 69.7612, -30.0000, 112, 96, 74
L 2067.1079, 69.7612, -30.0000, 2097.1825, 116.9351, -30.0000, 112, 96, 74
L 2056.5818, 95.7068, -30.0000, 2070.1154, 87.6873, -30.0000, 84, 72, 56
L 2070.1154, 116.9351, -30.0000, 2100.1900, 64.7463, -30.0000, 112, 96, 74
L 2100.1900, 64.7463, -30.0000, 2130.2646, 116.9351, -30.0000, 112, 96, 74
L 2089.6639, 93.4501, -30.0000, 2103.1974, 84.5780, -30.0000, 84, 72, 56
L 2223.5626, 142.9828, -30.0000, 2253.5191, 77.4661, -30.0000, 112, 96, 74
L 2253.5191, 77.4661, -30.0000, 2283.4755, 142.9828, -30.0000, 112, 96, 74
L 2243.0343, 113.5003, -30.0000, 2256.5147, 102.3624, -30.0000, 84, 72, 56
L 2256.5147, 142.9828, -30.0000, 2286.4712, 74.9393, -30.0000, 112, 96, 74
L 2286.4712, 74.9393, -30.0000, 2316.4276, 142.9828, -30.0000, 112, 96, 74
L 2275.9864, 112.3632, -30.0000, 2289.4668, 100.7958, -30.0000, 84, 72, 56
L 2289.4668, 142.9828, -30.0000, 2319.4233, 85.6669, -30.0000, 112, 96, 74
L 2319.4233, 85.6669, -30.0000, 2349.3797, 142.9828, -30.0000, 112, 96, 74
L 2308.9385, 117.1907, -30.0000, 2322.4189, 107.4470, -30.0000, 84, 72, 56
L 2286.4712, 74.9393, -30.0000, 2279.2816, 50.9741, -30.0000, 150, 165, 180
L 2279.2816, 50.9741, -30.0000, 2292.4625, 30.0046, -30.0000, 150, 165, 180
L -2143.1486, 330.0047, -30.0000, -2101.6242, 237.2982, -30.0000, 112, 96, 74
L -2101.6242, 237.2982, -30.0000, -2060.0997, 330.0047, -30.0000, 112, 96, 74
L -2116.1577, 288.2868, -30.0000, -2097.4717, 272.5267, -30.0000, 84, 72, 56
L -2097.4717, 330.0047, -30.0000, -2055.9473, 268.2541, -30.0000, 112, 96, 74
L -2055.9473, 268.2541, -30.0000, -2014.4229, 330.0047, -30.0000, 112, 96, 74
L -2070.4808, 302.2169, -30.0000, -2051.7949, 291.7193, -30.0000, 84, 72, 56
L -1483.2168, 283.2617, -30.0000, -1451.7275, 224.6343, -30.0000, 112, 96, 74
L -1451.7275, 224.6343, -30.0000, -1420.2382, 283.2617, -30.0000, 112, 96, 74
L -1462.7487, 256.8794, -30.0000, -1448.5786, 246.9127, -30.0000, 84, 72, 56
L -1448.5786, 283.2617, -30.0000, -1417.0893, 209.8453, -30.0000, 112, 96, 74
L -1417.0893, 209.8453, -30.0000, -1385.6001, 283.2617, -30.0000, 112, 96, 74
L -1428.1106, 250.2243, -30.0000, -1413.9404, 237.7435, -30.0000, 84, 72, 56
L -1413.9404, 283.2617, -30.0000, -1382.4511, 233.7234, -30.0000, 112, 96, 74
L -1382.4511, 233.7234, -30.0000, -1350.9619, 283.2617, -30.0000, 112, 96, 74
L -1393.4724, 260.9695, -30.0000, -1379.3022, 252.5480, -30.0000, 84, 72, 56
L -1309.8086, 308.0164, -30.0000, -1267.9285, 246.5693, -30.0000, 112, 96, 74
L -1267.9285, 246.5693, -30.0000, -1226.0484, 308.0164, -30.0000, 112, 96, 74
L -1282.5865, 280.3652, -30.0000, -1263.7405, 269.9192, -30.0000, 84, 72, 56
L -1263.7405, 308.0164, -30.0000, -1221.8604, 242.9995, -30.0000, 112, 96, 74
L -1221.8604, 242.9995, -30.0000, -1179.9802, 308.0164, -30.0000, 112, 96, 74
L -1236.5184, 278.7588, -30.0000, -1217.6723, 267.7059, -30.0000, 84, 72, 56
L -1217.6723, 308.0164, -30.0000, -1175.7922, 233.1878, -30.0000, 112, 96, 74
L -1175.7922, 233.1878, -30.0000, -1133.9121, 308.0164, -30.0000, 112, 96, 74
L -1190.4503, 274.3435, -30.0000, -1171.6042, 261.6227, -30.0000, 84, 72, 56
L -1175.7922, 233.1878, -30.0000, -1185.8435, 199.6837, -30.0000, 150, 165, 180
L -1185.8435, 199.6837, -30.0000, -1167.4162, 170.3677, -30.0000, 150, 165, 180
L -941.5435, 315.9341, -30.0000, -907.6366, 255.0482, -30.0000, 112, 96, 74
L -907.6366, 255.0482, -30.0000, -873.7296, 315.9341, -30.0000, 112, 96, 74
L -919.5040, 288.5354, -30.0000, -904.2459, 278.1848, -30.0000, 84, 72, 56
L -904.2459, 315.9341, -30.0000, -870.3390, 246.5240, -30.0000, 112, 96, 74
L -870.3390, 246.5240, -30.0000, -836.4320, 315.9341, -30.0000, 112, 96, 74
L -882.2064, 284.6995, -30.0000, -866.9483, 272.8998, -30.0000, 84, 72, 56
L -866.9483, 315.9341, -30.0000, -833.0413, 237.8247, -30.0000, 112, 96, 74
L -833.0413, 237.8247, -30.0000, -799.1344, 315.9341, -30.0000, 112, 96, 74
L -844.9087, 280.7848, -30.0000, -829.6506, 267.5062, -30.0000, 84, 72, 56
L -789.9918, 263.5364, -30.0000, -751.9455, 190.9643, -30.0000, 112, 96, 74
L -751.9455, 190.9643, -30.0000, -713.8993, 263.5364, -30.0000, 112, 96, 74
L -765.2617, 230.8789, -30.0000, -748.1409, 218.5417, -30.0000, 84, 72, 56
L -748.1409, 263.5364, -30.0000, -710.0946, 185.5921, -30.0000, 112, 96, 74
L -710.0946, 185.5921, -30.0000, -672.0484, 263.5364, -30.0000, 112, 96, 74
L -723.4108, 228.4614, -30.0000, -706.2900, 215.2109, -30.0000, 84, 72, 56
L -706.2900, 263.5364, -30.0000, -668.2437, 209.1641, -30.0000, 112, 96, 74
L -668.2437, 209.1641, -30.0000, -630.1974, 263.5364, -30.0000, 112, 96, 74
L -681.5599, 239.0688, -30.0000, -664.4391, 229.8255, -30.0000, 84, 72, 56
L -524.2954, 285.4629, -30.0000, -497.3054, 247.2629, -30.0000, 112, 96, 74
L -497.3054, 247.2629, -30.0000, -470.3155, 285.4629, -30.0000, 112, 96, 74
L -506.7519, 268.2729, -30.0000, -494.6064, 261.7789, -30.0000, 84, 72, 56
L -494.6064, 285.4629, -30.0000, -467.6165, 243.2690, -30.0000, 112, 96, 74
L -467.6165, 243.2690, -30.0000, -440.6265, 285.4629, -30.0000, 112, 96, 74
L -477.0629, 266.4756, -30.0000, -464.9175, 259.3027, -30.0000, 84, 72, 56
L -464.9175, 285.4629, -30.0000, -437.9275, 229.0269, -30.0000, 112, 96, 74
L -437.9275, 229.0269, -30.0000, -410.9375, 285.4629, -30.0000, 112, 96, 74
L -447.3740, 260.0667, -30.0000, -435.2285, 250.4725, -30.0000, 84, 72, 56
L -422.0485, 319.9248, -30.0000, -387.4752, 251.7316, -30.0000, 112, 96, 74
L -387.4752, 251.7316, -30.0000, -352.9018, 319.9248, -30.0000, 112, 96, 74
L -399.5758, 289.2379, -30.0000, -384.0178, 277.6450, -30.0000, 84, 72, 56
L -384.0178, 319.9248, -30.0000, -349.4445, 254.9103, -30.0000, 112, 96, 74
L -349.4445, 254.9103, -30.0000, -314.8711, 319.9248, -30.0000, 112, 96, 74
L -361.5451, 290.6683, -30.0000, -345.9871, 279.6158, -30.0000, 84, 72, 56
L -160.1394, 325.5614, -30.0000, -125.6725, 251.6547, -30.0000, 112, 96, 74
L -125.6725, 251.6547, -30.0000, -91.2056, 325.5614, -30.0000, 112, 96, 74
L -137.7359, 292.3034, -30.0000, -122.2258, 279.7393, -30.0000, 84, 72, 56
L -122.2258, 325.5614, -30.0000, -87.7590, 248.1253, -30.0000, 112, 96, 74
L -87.7590, 248.1253, -30.0000, -53.2921, 325.5614, -30.0000, 112, 96, 74
L -99.8224, 290.7151, -30.0000, -84.3123, 277.5510, -30.0000, 84, 72, 56
L -31.3791, 354.0565, -30.0000, 10.0295, 258.7517, -30.0000, 112, 96, 74
L 10.0295, 258.7517, -30.0000, 51.4381, 354.0565, -30.0000, 112, 96, 74
L -4.4635, 311.1693, -30.0000, 14.1703, 294.9675, -30.0000, 84, 72, 56
L 14.1703, 354.0565, -30.0000, 55.5790, 265.6696, -30.0000, 112, 96, 74
L 55.5790, 265.6696, -30.0000, 96.9876, 354.0565, -30.0000, 112, 96, 74
L 41.0860, 314.2824, -30.0000, 59.7198, 299.2566, -30.0000, 84, 72, 56
L 10.0295, 258.7517, -30.0000, 0.0914, 225.6248, -30.0000, 150, 165, 180
L 0.0914, 225.6248, -30.0000, 18.3112, 196.6388, -30.0000, 150, 165, 180
L 123.8260, 262.0735, -30.0000, 149.3899, 208.0221, -30.0000, 112, 96, 74
L 149.3899, 208.0221, -30.0000, 174.9539, 262.0735, -30.0000, 112, 96, 74
L 140.4425, 237.7504, -30.0000, 151.9463, 228.5617, -30.0000, 84, 72, 56
L 151.9463, 262.0735, -30.0000, 177.5103, 215.5382, -30.0000, 112, 96, 74
L 177.5103, 215.5382, -30.0000, 203.0743, 262.0735, -30.0000, 112, 96, 74
L 168.5629, 241.1326, -30.0000, 180.0667, 233.2216, -30.0000, 84, 72, 56
L 1592.0273, 333.7575, -30.0000, 1619.5525, 277.4745, -30.0000, 112, 96, 74
L 1619.5525, 277.4745, -30.0000, 1647.0777, 333.7575, -30.0000, 112, 96, 74
L 1609.9187, 308.4301, -30.0000, 1622.3050, 298.8620, -30.0000, 84, 72, 56
L 1622.3050, 333.7575, -30.0000, 1649.8302, 283.9524, -30.0000, 112, 96, 74
L 1649.8302, 283.9524, -30.0000, 1677.3554, 333.7575, -30.0000, 112, 96, 74
L 1640.1964, 311.3452, -30.0000, 1652.5827, 302.8783, -30.0000, 84, 72, 56
L 1619.5525, 277.4745, -30.0000, 1612.9465, 255.4543, -30.0000, 150, 165, 180
L 1612.9465, 255.4543, -30.0000, 1625.0575, 236.1867, -30.0000, 150, 165, 180
L 2047.3320, 323.8154, -30.0000, 2083.0734, 272.2639, -30.0000, 112, 96, 74
L 2083.0734, 272.2639, -30.0000, 2118.8148, 323.8154, -30.0000, 112, 96, 74
L 2070.5639, 300.6172, -30.0000, 2086.6475, 291.8535, -30.0000, 84, 72, 56
L 2086.6475, 323.8154, -30.0000, 2122.3889, 256.1890, -30.0000, 112, 96, 74
L 2122.3889, 256.1890, -30.0000, 2158.1303, 323.8154, -30.0000, 112, 96, 74
L 2109.8794, 293.3836, -30.0000, 2125.9630, 281.8871, -30.0000, 84, 72, 56
L 2205.4230, 261.5928, -30.0000, 2231.7972, 201.9818, -30.0000, 112, 96, 74
L 2231.7972, 201.9818, -30.0000, 2258.1713, 261.5928, -30.0000, 112, 96, 74
L 2222.5662, 234.7679, -30.0000, 2234.4346, 224.6340, -30.0000, 84, 72, 56
L 2234.4346, 261.5928, -30.0000, 2260.8087, 200.2699, -30.0000, 112, 96, 74
L 2260.8087, 200.2699, -30.0000, 2287.1829, 261.5928, -30.0000, 112, 96, 74
L 2251.5778, 233.9975, -30.0000, 2263.4461, 223.5726, -30.0000, 84, 72, 56
L 2260.8087, 200.2699, -30.0000, 2254.4789, 179.1706, -30.0000, 150, 165, 180
L 2254.4789, 179.1706, -30.0000, 2266.0835, 160.7087, -30.0000, 150, 165, 180
L -2142.7931, 476.3257, -30.0000, -2119.1788, 431.8890, -30.0000, 112, 96, 74
L -2119.1788, 431.8890, -30.0000, -2095.5645, 476.3257, -30.0000, 112, 96, 74
L -2127.4438, 456.3291, -30.0000, -2116.8174, 448.7749, -30.0000, 84, 72, 56
L -2116.8174, 476.3257, -30.0000, -2093.2031, 440.9388, -30.0000, 112, 96, 74
L -2093.2031, 440.9388, -30.0000, -2069.5888, 476.3257, -30.0000, 112, 96, 74
L -2101.4681, 460.4016, -30.0000, -2090.8417, 454.3858, -30.0000, 84, 72, 56
L -1257.0102, 489.8289, -30.0000, -1220.5657, 435.9329, -30.0000, 112, 96, 74
L -1220.5657, 435.9329, -30.0000, -1184.1212, 489.8289, -30.0000, 112, 96, 74
L -1233.3213, 465.5757, -30.0000, -1216.9213, 456.4134, -30.0000, 84, 72, 56
L -1216.9213, 489.8289, -30.0000, -1180.4768, 403.2879, -30.0000, 112, 96, 74
L -1180.4768, 403.2879, -30.0000, -1144.0323, 489.8289, -30.0000, 112, 96, 74
L -1193.2324, 450.8854, -30.0000, -1176.8323, 436.1735, -30.0000, 84, 72, 56
L -1180.4768, 403.2879, -30.0000, -1189.2235, 374.1323, -30.0000, 150, 165, 180
L -1189.2235, 374.1323, -30.0000, -1173.1879, 348.6211, -30.0000, 150, 165, 180
L -1073.0236, 498.2256, -30.0000, -1049.0042, 448.7691, -30.0000, 112, 96, 74
L -1049.0042, 448.7691, -30.0000, -1024.9848, 498.2256, -30.0000, 112, 96, 74
L -1057.4110, 475.9702, -30.0000, -1046.6023, 467.5626, -30.0000, 84, 72, 56
L -1046.6023, 498.2256, -30.0000, -1022.5828, 450.0228, -30.0000, 112, 96, 74
L -1022.5828, 450.0228, -30.0000, -998.5634, 498.2256, -30.0000, 112, 96, 74
L -1030.9896, 476.5344, -30.0000, -1020.1809, 468.3399, -30.0000, 84, 72, 56
L -1020.1809, 498.2256, -30.0000, -996.1615, 441.9424, -30.0000, 112, 96, 74
L -996.1615, 441.9424, -30.0000, -972.1420, 498.2256, -30.0000, 112, 96, 74
L -1004.5683, 472.8982, -30.0000, -993.7595, 463.3301, -30.0000, 84, 72, 56
L -722.1451, 442.8894, -30.0000, -684.9939, 371.3509, -30.0000, 112, 96, 74
L -684.9939, 371.3509, -30.0000, -647.8427, 442.8894, -30.0000, 112, 96, 74
L -697.9969, 410.6971, -30.0000, -681.2788, 398.5356, -30.0000, 84, 72, 56
L -681.2788, 442.8894, -30.0000, -644.1276, 383.5894, -30.0000, 112, 96, 74
L -644.1276, 383.5894, -30.0000, -606.9764, 442.8894, -30.0000, 112, 96, 74
L -657.1305, 416.2044, -30.0000, -640.4125, 406.1234, -30.0000, 84, 72, 56
L -428.7023, 526.5915, -30.0000, -402.4622, 472.6103, -30.0000, 112, 96, 74
L -402.4622, 472.6103, -30.0000, -376.2221, 526.5915, -30.0000, 112, 96, 74
L -411.6462, 502.3000, -30.0000, -399.8382, 493.1232, -30.0000, 84, 72, 56
L -399.8382, 526.5915, -30.0000, -373.5981, 485.4127, -30.0000, 112, 96, 74
L -373.5981, 485.4127, -30.0000, -347.3579, 526.5915, -30.0000, 112, 96, 74
L -382.7821, 508.0610, -30.0000, -370.9740, 501.0606, -30.0000, 84, 72, 56
L -370.9740, 526.5915, -30.0000, -344.7339, 474.7590, -30.0000, 112, 96, 74
L -344.7339, 474.7590, -30.0000, -318.4938, 526.5915, -30.0000, 112, 96, 74
L -353.9180, 503.2669, -30.0000, -342.1099, 494.4553, -30.0000, 84, 72, 56
L -402.4622, 472.6103, -30.0000, -408.7598, 451.6182, -30.0000, 150, 165, 180
L -408.7598, 451.6182, -30.0000, -397.2142, 433.2502, -30.0000, 150, 165, 180
L -20.2631, 453.0171, -30.0000, 14.7206, 403.7922, -30.0000, 112, 96, 74
L 14.7206, 403.7922, -30.0000, 49.7044, 453.0171, -30.0000, 112, 96, 74
L 2.4763, 430.8659, -30.0000, 18.2190, 422.4976, -30.0000, 84, 72, 56
L 18.2190, 453.0171, -30.0000, 53.2027, 371.0991, -30.0000, 112, 96, 74
L 53.2027, 371.0991, -30.0000, 88.1865, 453.0171, -30.0000, 112, 96, 74
L 40.9584, 416.1540, -30.0000, 56.7011, 402.2279, -30.0000, 84, 72, 56
L 328.8436, 497.3688, -30.0000, 351.8846, 456.8773, -30.0000, 112, 96, 74
L 351.8846, 456.8773, -30.0000, 374.9257, 497.3688, -30.0000, 112, 96, 74
L 343.8203, 479.1476, -30.0000, 354.1887, 472.2641, -30.0000, 84, 72, 56
L 354.1887, 497.3688, -30.0000, 377.2298, 459.5333, -30.0000, 112, 96, 74
L 377.2298, 459.5333, -30.0000, 400.2708, 497.3688, -30.0000, 112, 96, 74
L 369.1654, 480.3429, -30.0000, 379.5339, 473.9108, -30.0000, 84, 72, 56
L 379.5339, 497.3688, -30.0000, 402.5749, 457.8850, -30.0000, 112, 96, 74
L 402.5749, 457.8850, -30.0000, 425.6159, 497.3688, -30.0000, 112, 96, 74
L 394.5105, 479.6011, -30.0000, 404.8790, 472.8888, -30.0000, 84, 72, 56
L 451.9968, 453.1580, -30.0000, 484.0366, 388.7794, -30.0000, 112, 96, 74
L 484.0366, 388.7794, -30.0000, 516.0764, 453.1580, -30.0000, 112, 96, 74
L 472.8226, 424.1876, -30.0000, 487.2405, 413.2432, -30.0000, 84, 72, 56
L 487.2405, 453.1580, -30.0000, 519.2803, 406.9814, -30.0000, 112, 96, 74
L 519.2803, 406.9814, -30.0000, 551.3201, 453.1580, -30.0000, 112, 96, 74
L 508.0664, 432.3785, -30.0000, 522.4843, 424.5285, -30.0000, 84, 72, 56
L 821.6813, 481.4321, -30.0000, 851.1755, 428.1399, -30.0000, 112, 96, 74
L 851.1755, 428.1399, -30.0000, 880.6696, 481.4321, -30.0000, 112, 96, 74
L 840.8525, 457.4506, -30.0000, 854.1249, 448.3909, -30.0000, 84, 72, 56
L 854.1249, 481.4321, -30.0000, 883.6191, 431.7580, -30.0000, 112, 96, 74
L 883.6191, 431.7580, -30.0000, 913.1132, 481.4321, -30.0000, 112, 96, 74
L 873.2961, 459.0787, -30.0000, 886.5685, 450.6341, -30.0000, 84, 72, 56
L 851.1755, 428.1399, -30.0000, 844.0969, 404.5445, -30.0000, 150, 165, 180
L 844.0969, 404.5445, -30.0000, 857.0743, 383.8986, -30.0000, 150, 165, 180
L 1115.1366, 434.9818, -30.0000, 1154.9343, 350.2703, -30.0000, 112, 96, 74
L 1154.9343, 350.2703, -30.0000, 1194.7320, 434.9818, -30.0000, 112, 96, 74
L 1141.0051, 396.8617, -30.0000, 1158.9141, 382.4607, -30.0000, 84, 72, 56
L 1158.9141, 434.9818, -30.0000, 1198.7118, 362.7548, -30.0000, 112, 96, 74
L 1198.7118, 362.7548, -30.0000, 1238.5096, 434.9818, -30.0000, 112, 96, 74
L 1184.7826, 402.4797, -30.0000, 1202.6916, 390.2011, -30.0000, 84, 72, 56
L 1202.6916, 434.9818, -30.0000, 1242.4893, 353.7664, -30.0000, 112, 96, 74
L 1242.4893, 353.7664, -30.0000, 1282.2871, 434.9818, -30.0000, 112, 96, 74
L 1228.5601, 398.4349, -30.0000, 1246.4691, 384.6283, -30.0000, 84, 72, 56
L 1360.5565, 500.3153, -30.0000, 1388.4771, 443.5958, -30.0000, 112, 96, 74
L 1388.4771, 443.5958, -30.0000, 1416.3978, 500.3153, -30.0000, 112, 96, 74
L 1378.7049, 474.7915, -30.0000, 1391.2692, 465.1492, -30.0000, 84, 72, 56
L 1391.2692, 500.3153, -30.0000, 1419.1898, 452.0256, -30.0000, 112, 96, 74
L 1419.1898, 452.0256, -30.0000, 1447.1105, 500.3153, -30.0000, 112, 96, 74
L 1409.4176, 478.5849, -30.0000, 1421.9819, 470.3757, -30.0000, 84, 72, 56
L 1586.7171, 514.7805, -30.0000, 1610.0698, 467.0952, -30.0000, 112, 96, 74
L 1610.0698, 467.0952, -30.0000, 1633.4224, 514.7805, -30.0000, 112, 96, 74
L 1601.8963, 493.3222, -30.0000, 1612.4050, 485.2157, -30.0000, 84, 72, 56
L 1612.4050, 514.7805, -30.0000, 1635.7577, 465.5521, -30.0000, 112, 96, 74
L 1635.7577, 465.5521, -30.0000, 1659.1104, 514.7805, -30.0000, 112, 96, 74
L 1627.5843, 492.6278, -30.0000, 1638.0930, 484.2589, -30.0000, 84, 72, 56
L 1724.1767, 527.0257, -30.0000, 1762.5621, 464.2425, -30.0000, 112, 96, 74
L 1762.5621, 464.2425, -30.0000, 1800.9474, 527.0257, -30.0000, 112, 96, 74
L 1749.1272, 498.7732, -30.0000, 1766.4006, 488.1001, -30.0000, 84, 72, 56
L 1766.4006, 527.0257, -30.0000, 1804.7859, 463.6281, -30.0000, 112, 96, 74
L 1804.7859, 463.6281, -30.0000, 1843.1713, 527.0257, -30.0000, 112, 96, 74
L 1791.3511, 498.4968, -30.0000, 1808.6245, 487.7192, -30.0000, 84, 72, 56
L 1804.7859, 463.6281, -30.0000, 1795.5735, 432.9198, -30.0000, 150, 165, 180
L 1795.5735, 432.9198, -30.0000, 1812.4630, 406.0501, -30.0000, 150, 165, 180
L 2093.4573, 447.7942, -30.0000, 2129.6145, 390.4293, -30.0000, 112, 96, 74
L 2129.6145, 390.4293, -30.0000, 2165.7716, 447.7942, -30.0000, 112, 96, 74
L 2116.9594, 421.9800, -30.0000, 2133.2302, 412.2280, -30.0000, 84, 72, 56
L 2133.2302, 447.7942, -30.0000, 2169.3873, 369.5849, -30.0000, 112, 96, 74
L 2169.3873, 369.5849, -30.0000, 2205.5445, 447.7942, -30.0000, 112, 96, 74
L 2156.7323, 412.6000, -30.0000, 2173.0031, 399.3044, -30.0000, 84, 72, 56
L 2228.0935, 453.9652, -30.0000, 2267.4970, 373.6834, -30.0000, 112, 96, 74
L 2267.4970, 373.6834, -30.0000, 2306.9004, 453.9652, -30.0000, 112, 96, 74
L 2253.7058, 417.8384, -30.0000, 2271.4373, 404.1905, -30.0000, 84, 72, 56
L 2271.4373, 453.9652, -30.0000, 2310.8408, 378.0207, -30.0000, 112, 96, 74
L 2310.8408, 378.0207, -30.0000, 2350.2442, 453.9652, -30.0000, 112, 96, 74
L 2297.0496, 419.7902, -30.0000, 2314.7811, 406.8796, -30.0000, 84, 72, 56
L 2314.7811, 453.9652, -30.0000, 2354.1845, 385.8491, -30.0000, 112, 96, 74
L 2354.1845, 385.8491, -30.0000, 2393.5880, 453.9652, -30.0000, 112, 96, 74
L 2340.3933, 423.3130, -30.0000, 2358.1249, 411.7332, -30.0000, 84, 72, 56
L -2107.9793, 611.5103, -30.0000, -2075.5477, 541.3234, -30.0000, 112, 96, 74
L -2075.5477, 541.3234, -30.0000, -2043.1160, 611.5103, -30.0000, 112, 96, 74
L -2086.8987, 579.9262, -30.0000, -2072.3045, 567.9944, -30.0000, 84, 72, 56
L -2072.3045, 611.5103, -30.0000, -2039.8729, 542.7447, -30.0000, 112, 96, 74
L -2039.8729, 542.7447, -30.0000, -2007.4412, 611.5103, -30.0000, 112, 96, 74
L -2051.2239, 580.5658, -30.0000, -2036.6297, 568.8756, -30.0000, 84, 72, 56
L -2036.6297, 611.5103, -30.0000, -2004.1981, 551.3579, -30.0000, 112, 96, 74
L -2004.1981, 551.3579, -30.0000, -1971.7664, 611.5103, -30.0000, 112, 96, 74
L -2015.5491, 584.4417, -30.0000, -2000.9549, 574.2158, -30.0000, 84, 72, 56
L -1634.1159, 661.1879, -30.0000, -1592.3680, 584.9835, -30.0000, 112, 96, 74
L -1592.3680, 584.9835, -30.0000, -1550.6201, 661.1879, -30.0000, 112, 96, 74
L -1606.9798, 626.8959, -30.0000, -1588.1932, 613.9412, -30.0000, 84, 72, 56
L -1588.1932, 661.1879, -30.0000, -1546.4453, 582.1960, -30.0000, 112, 96, 74
L -1546.4453, 582.1960, -30.0000, -1504.6974, 661.1879, -30.0000, 112, 96, 74
L -1561.0571, 625.6416, -30.0000, -1542.2706, 612.2130, -30.0000, 84, 72, 56
L -1376.5888, 697.9431, -30.0000, -1351.7736, 657.3641, -30.0000, 112, 96, 74
L -1351.7736, 657.3641, -30.0000, -1326.9584, 697.9431, -30.0000, 112, 96, 74
L -1360.4589, 679.6826, -30.0000, -1349.2921, 672.7842, -30.0000, 84, 72, 56
L -1349.2921, 697.9431, -30.0000, -1324.4769, 655.6052, -30.0000, 112, 96, 74
L -1324.4769, 655.6052, -30.0000, -1299.6617, 697.9431, -30.0000, 112, 96, 74
L -1333.1622, 678.8911, -30.0000, -1321.9954, 671.6936, -30.0000, 84, 72, 56
L -1324.4769, 655.6052, -30.0000, -1330.4325, 635.7531, -30.0000, 150, 165, 180
L -1330.4325, 635.7531, -30.0000, -1319.5138, 618.3824, -30.0000, 150, 165, 180
L -1196.8238, 636.8038, -30.0000, -1166.6275, 583.7214, -30.0000, 112, 96, 74
L -1166.6275, 583.7214, -30.0000, -1136.4312, 636.8038, -30.0000, 112, 96, 74
L -1177.1962, 612.9167, -30.0000, -1163.6078, 603.8927, -30.0000, 84, 72, 56
L -1163.6078, 636.8038, -30.0000, -1133.4115, 588.8362, -30.0000, 112, 96, 74
L -1133.4115, 588.8362, -30.0000, -1103.2152, 636.8038, -30.0000, 112, 96, 74
L -1143.9802, 615.2184, -30.0000, -1130.3919, 607.0639, -30.0000, 84, 72, 56
L -1113.6802, 689.1286, -30.0000, -1078.9039, 611.0919, -30.0000, 112, 96, 74
L -1078.9039, 611.0919, -30.0000, -1044.1276, 689.1286, -30.0000, 112, 96, 74
L -1091.0756, 654.0121, -30.0000, -1075.4263, 640.7458, -30.0000, 84, 72, 56
L -1075.4263, 689.1286, -30.0000, -1040.6499, 624.2798, -30.0000, 112, 96, 74
L -1040.6499, 624.2798, -30.0000, -1005.8736, 689.1286, -30.0000, 112, 96, 74
L -1052.8216, 659.9466, -30.0000, -1037.1723, 648.9223, -30.0000, 84, 72, 56
L 507.3210, 685.4934, -30.0000, 545.6841, 597.2121, -30.0000, 112, 96, 74
L 545.6841, 597.2121, -30.0000, 584.0472, 685.4934, -30.0000, 112, 96, 74
L 532.2570, 645.7668, -30.0000, 549.5204, 630.7590, -30.0000, 84, 72, 56
L 549.5204, 685.4934, -30.0000, 587.8835, 624.9617, -30.0000, 112, 96, 74
L 587.8835, 624.9617, -30.0000, 626.2466, 685.4934, -30.0000, 112, 96, 74
L 574.4564, 658.2541, -30.0000, 591.7198, 647.9637, -30.0000, 84, 72, 56
L 591.7198, 685.4934, -30.0000, 630.0830, 605.2526, -30.0000, 112, 96, 74
L 630.0830, 605.2526, -30.0000, 668.4461, 685.4934, -30.0000, 112, 96, 74
L 616.6559, 649.3850, -30.0000, 633.9193, 635.7441, -30.0000, 84, 72, 56
L 659.0016, 611.2740, -30.0000, 697.4701, 556.1926, -30.0000, 112, 96, 74
L 697.4701, 556.1926, -30.0000, 735.9386, 611.2740, -30.0000, 112, 96, 74
L 684.0061, 586.4874, -30.0000, 701.3169, 577.1235, -30.0000, 84, 72, 56
L 701.3169, 611.2740, -30.0000, 739.7854, 532.7374, -30.0000, 112, 96, 74
L 739.7854, 532.7374, -30.0000, 778.2539, 611.2740, -30.0000, 112, 96, 74
L 726.3215, 575.9325, -30.0000, 743.6323, 562.5813, -30.0000, 84, 72, 56
L 890.7228, 638.7673, -30.0000, 926.2330, 556.7662, -30.0000, 112, 96, 74
L 926.2330, 556.7662, -30.0000, 961.7433, 638.7673, -30.0000, 112, 96, 74
L 913.8044, 601.8668, -30.0000, 929.7840, 587.9266, -30.0000, 84, 72, 56
L 929.7840, 638.7673, -30.0000, 965.2943, 555.0824, -30.0000, 112, 96, 74
L 965.2943, 555.0824, -30.0000, 1000.8046, 638.7673, -30.0000, 112, 96, 74
L 952.8657, 601.1090, -30.0000, 968.8453, 586.8826, -30.0000, 84, 72, 56
L 958.2340, 706.8157, -30.0000, 995.4319, 630.3158, -30.0000, 112, 96, 74
L 995.4319, 630.3158, -30.0000, 1032.6297, 706.8157, -30.0000, 112, 96, 74
L 982.4126, 672.3908, -30.0000, 999.1516, 659.3858, -30.0000, 84, 72, 56
L 999.1516, 706.8157, -30.0000, 1036.3495, 633.3925, -30.0000, 112, 96, 74
L 1036.3495, 633.3925, -30.0000, 1073.5473, 706.8157, -30.0000, 112, 96, 74
L 1023.3302, 673.7753, -30.0000, 1040.0692, 661.2933, -30.0000, 84, 72, 56
L 1040.0692, 706.8157, -30.0000, 1077.2671, 646.5986, -30.0000, 112, 96, 74
L 1077.2671, 646.5986, -30.0000, 1114.4649, 706.8157, -30.0000, 112, 96, 74
L 1064.2478, 679.7180, -30.0000, 1080.9868, 669.4811, -30.0000, 84, 72, 56
L 1125.8856, 679.2416, -30.0000, 1162.4048, 623.0268, -30.0000, 112, 96, 74
L 1162.4048, 623.0268, -30.0000, 1198.9241, 679.2416, -30.0000, 112, 96, 74
L 1149.6231, 653.9449, -30.0000, 1166.0567, 644.3884, -30.0000, 84, 72, 56
L 1166.0567, 679.2416, -30.0000, 1202.5760, 594.9355, -30.0000, 112, 96, 74
L 1202.5760, 594.9355, -30.0000, 1239.0953, 679.2416, -30.0000, 112, 96, 74
L 1189.7943, 641.3038, -30.0000, 1206.2279, 626.9718, -30.0000, 84, 72, 56
L 1206.2279, 679.2416, -30.0000, 1242.7472, 612.4196, -30.0000, 112, 96, 74
L 1242.7472, 612.4196, -30.0000, 1279.2665, 679.2416, -30.0000, 112, 96, 74
L 1229.9655, 649.1717, -30.0000, 1246.3991, 637.8120, -30.0000, 84, 72, 56
L 1202.5760, 594.9355, -30.0000, 1193.8114, 565.7201, -30.0000, 150, 165, 180
L 1193.8114, 565.7201, -30.0000, 1209.8799, 540.1566, -30.0000, 150, 165, 180
L 1328.9048, 670.4886, -30.0000, 1370.5409, 605.4602, -30.0000, 112, 96, 74
L 1370.5409, 605.4602, -30.0000, 1412.1769, 670.4886, -30.0000, 112, 96, 74
L 1355.9682, 641.2258, -30.0000, 1374.7045, 630.1710, -30.0000, 84, 72, 56
L 1374.7045, 670.4886, -30.0000, 1416.3405, 577.8344, -30.0000, 112, 96, 74
L 1416.3405, 577.8344, -30.0000, 1457.9766, 670.4886, -30.0000, 112, 96, 74
L 1401.7679, 628.7942, -30.0000, 1420.5041, 613.0430, -30.0000, 84, 72, 56
L 1420.5041, 670.4886, -30.0000, 1462.1402, 582.0152, -30.0000, 112, 96, 74
L 1462.1402, 582.0152, -30.0000, 1503.7763, 670.4886, -30.0000, 112, 96, 74
L 1447.5676, 630.6756, -30.0000, 1466.3038, 615.6351, -30.0000, 84, 72, 56
L 1551.2532, 659.3267, -30.0000, 1593.6179, 559.2575, -30.0000, 112, 96, 74
L 1593.6179, 559.2575, -30.0000, 1635.9825, 659.3267, -30.0000, 112, 96, 74
L 1578.7902, 614.2956, -30.0000, 1597.8543, 597.2838, -30.0000, 84, 72, 56
L 1597.8543, 659.3267, -30.0000, 1640.2190, 565.1660, -30.0000, 112, 96, 74
L 1640.2190, 565.1660, -30.0000, 1682.5837, 659.3267, -30.0000, 112, 96, 74
L 1625.3914, 616.9544, -30.0000, 1644.4555, 600.9471, -30.0000, 84, 72, 56
L 1894.1623, 686.3249, -30.0000, 1932.6368, 627.7259, -30.0000, 112, 96, 74
L 1932.6368, 627.7259, -30.0000, 1971.1112, 686.3249, -30.0000, 112, 96, 74
L 1919.1707, 659.9554, -30.0000, 1936.4842, 649.9935, -30.0000, 84, 72, 56
L 1936.4842, 686.3249, -30.0000, 1974.9586, 598.8001, -30.0000, 112, 96, 74
L 1974.9586, 598.8001, -30.0000, 2013.4330, 686.3249, -30.0000, 112, 96, 74
L 1961.4926, 646.9388, -30.0000, 1978.8061, 632.0595, -30.0000, 84, 72, 56
L 1974.9586, 598.8001, -30.0000, 1965.7248, 568.0206, -30.0000, 150, 165, 180
L 1965.7248, 568.0206, -30.0000, 1982.6535, 541.0885, -30.0000, 150, 165, 180
L 2066.3104, 648.5997, -30.0000, 2093.2736, 589.2140, -30.0000, 112, 96, 74
L 2093.2736, 589.2140, -30.0000, 2120.2369, 648.5997, -30.0000, 112, 96, 74
L 2083.8365, 621.8761, -30.0000, 2095.9700, 611.7805, -30.0000, 84, 72, 56
L 2095.9700, 648.5997, -30.0000, 2122.9333, 606.1501, -30.0000, 112, 96, 74
L 2122.9333, 606.1501, -30.0000, 2149.8965, 648.5997, -30.0000, 112, 96, 74
L 2113.4961, 629.4973, -30.0000, 2125.6296, 622.2809, -30.0000, 84, 72, 56
L 2125.6296, 648.5997, -30.0000, 2152.5929, 604.6278, -30.0000, 112, 96, 74
L 2152.5929, 604.6278, -30.0000, 2179.5561, 648.5997, -30.0000, 112, 96, 74
L 2143.1557, 628.8123, -30.0000, 2155.2892, 621.3371, -30.0000, 84, 72, 56
L 2265.4879, 678.5979, -30.0000, 2296.7037, 626.6310, -30.0000, 112, 96, 74
L 2296.7037, 626.6310, -30.0000, 2327.9195, 678.5979, -30.0000, 112, 96, 74
L 2285.7781, 655.2128, -30.0000, 2299.8253, 646.3784, -30.0000, 84, 72, 56
L 2299.8253, 678.5979, -30.0000, 2331.0411, 633.0985, -30.0000, 112, 96, 74
L 2331.0411, 633.0985, -30.0000, 2362.2569, 678.5979, -30.0000, 112, 96, 74
L 2320.1156, 658.1232, -30.0000, 2334.1627, 650.3883, -30.0000, 84, 72, 56
L -2177.8284, 854.3897, -30.0000, -2141.8753, 777.9870, -30.0000, 112, 96, 74
L -2141.8753, 777.9870, -30.0000, -2105.9222, 854.3897, -30.0000, 112, 96, 74
L -2154.4589, 820.0085, -30.0000, -2138.2800, 807.0200, -30.0000, 84, 72, 56
L -2138.2800, 854.3897, -30.0000, -2102.3269, 776.3814, -30.0000, 112, 96, 74
L -2102.3269, 776.3814, -30.0000, -2066.3738, 854.3897, -30.0000, 112, 96, 74
L -2114.9105, 819.2860, -30.0000, -2098.7316, 806.0246, -30.0000, 84, 72, 56
L -2102.3269, 776.3814, -30.0000, -2110.9556, 747.6190, -30.0000, 150, 165, 180
L -2110.9556, 747.6190, -30.0000, -2095.1362, 722.4518, -30.0000, 150, 165, 180
L -1768.7851, 858.7068, -30.0000, -1729.7790, 789.6417, -30.0000, 112, 96, 74
L -1729.7790, 789.6417, -30.0000, -1690.7728, 858.7068, -30.0000, 112, 96, 74
L -1743.4311, 827.6275, -30.0000, -1725.8784, 815.8865, -30.0000, 84, 72, 56
L -1725.8784, 858.7068, -30.0000, -1686.8722, 765.4735, -30.0000, 112, 96, 74
L -1686.8722, 765.4735, -30.0000, -1647.8661, 858.7068, -30.0000, 112, 96, 74
L -1700.5244, 816.7518, -30.0000, -1682.9716, 800.9022, -30.0000, 84, 72, 56
L -1682.9716, 858.7068, -30.0000, -1643.9655, 790.3308, -30.0000, 112, 96, 74
L -1643.9655, 790.3308, -30.0000, -1604.9593, 858.7068, -30.0000, 112, 96, 74
L -1657.6176, 827.9376, -30.0000, -1640.0649, 816.3137, -30.0000, 84, 72, 56
L -1659.3203, 807.7700, -30.0000, -1625.6588, 743.9819, -30.0000, 112, 96, 74
L -1625.6588, 743.9819, -30.0000, -1591.9974, 807.7700, -30.0000, 112, 96, 74
L -1637.4404, 779.0653, -30.0000, -1622.2927, 768.2214, -30.0000, 84, 72, 56
L -1622.2927, 807.7700, -30.0000, -1588.6312, 754.9702, -30.0000, 112, 96, 74
L -1588.6312, 754.9702, -30.0000, -1554.9698, 807.7700, -30.0000, 112, 96, 74
L -1600.4127, 784.0101, -30.0000, -1585.2651, 775.0342, -30.0000, 84, 72, 56
L -1585.2651, 807.7700, -30.0000, -1551.6036, 752.6475, -30.0000, 112, 96, 74
L -1551.6036, 752.6475, -30.0000, -1517.9421, 807.7700, -30.0000, 112, 96, 74
L -1563.3851, 782.9649, -30.0000, -1548.2375, 773.5940, -30.0000, 84, 72, 56
L -1469.4749, 876.1748, -30.0000, -1442.9872, 836.7100, -30.0000, 112, 96, 74
L -1442.9872, 836.7100, -30.0000, -1416.4995, 876.1748, -30.0000, 112, 96, 74
L -1452.2579, 858.4156, -30.0000, -1440.3385, 851.7066, -30.0000, 84, 72, 56
L -1440.3385, 876.1748, -30.0000, -1413.8508, 820.0380, -30.0000, 112, 96, 74
L -1413.8508, 820.0380, -30.0000, -1387.3631, 876.1748, -30.0000, 112, 96, 74
L -1423.1215, 850.9132, -30.0000, -1411.2020, 841.3700, -30.0000, 84, 72, 56
L -1413.8508, 820.0380, -30.0000, -1420.2078, 798.8479, -30.0000, 150, 165, 180
L -1420.2078, 798.8479, -30.0000, -1408.5532, 780.3065, -30.0000, 150, 165, 180
L -1281.2314, 858.4298, -30.0000, -1253.5143, 814.3170, -30.0000, 112, 96, 74
L -1253.5143, 814.3170, -30.0000, -1225.7972, 858.4298, -30.0000, 112, 96, 74
L -1263.2153, 838.5790, -30.0000, -1250.7426, 831.0799, -30.0000, 84, 72, 56
L -1250.7426, 858.4298, -30.0000, -1223.0255, 799.9307, -30.0000, 112, 96, 74
L -1223.0255, 799.9307, -30.0000, -1195.3084, 858.4298, -30.0000, 112, 96, 74
L -1232.7265, 832.1052, -30.0000, -1220.2538, 822.1604, -30.0000, 84, 72, 56
L -1076.0516, 843.0573, -30.0000, -1048.9905, 803.5843, -30.0000, 112, 96, 74
L -1048.9905, 803.5843, -30.0000, -1021.9294, 843.0573, -30.0000, 112, 96, 74
L -1058.4619, 825.2945, -30.0000, -1046.2844, 818.5840, -30.0000, 84, 72, 56
L -1046.2844, 843.0573, -30.0000, -1019.2232, 779.3470, -30.0000, 112, 96, 74
L -1019.2232, 779.3470, -30.0000, -992.1621, 843.0573, -30.0000, 112, 96, 74
L -1028.6946, 814.3877, -30.0000, -1016.5171, 803.5569, -30.0000, 84, 72, 56
L -1016.5171, 843.0573, -30.0000, -989.4560, 796.6232, -30.0000, 112, 96, 74
L -989.4560, 796.6232, -30.0000, -962.3949, 843.0573, -30.0000, 112, 96, 74
L -998.9274, 822.1620, -30.0000, -986.7499, 814.2682, -30.0000, 84, 72, 56
L -983.8719, 857.0599, -30.0000, -943.3689, 778.7371, -30.0000, 112, 96, 74
L -943.3689, 778.7371, -30.0000, -902.8660, 857.0599, -30.0000, 112, 96, 74
L -957.5450, 821.8147, -30.0000, -939.3186, 808.4998, -30.0000, 84, 72, 56
L -939.3186, 857.0599, -30.0000, -898.8157, 796.1548, -30.0000, 112, 96, 74
L -898.8157, 796.1548, -30.0000, -858.3128, 857.0599, -30.0000, 112, 96, 74
L -912.9917, 829.6526, -30.0000, -894.7654, 819.2987, -30.0000, 84, 72, 56
L -894.7654, 857.0599, -30.0000, -854.2625, 762.9383, -30.0000, 112, 96, 74
L -854.2625, 762.9383, -30.0000, -813.7595, 857.0599, -30.0000, 112, 96, 74
L -868.4385, 814.7052, -30.0000, -850.2122, 798.7045, -30.0000, 84, 72, 56
L -436.9040, 875.2626, -30.0000, -397.3399, 818.7870, -30.0000, 112, 96, 74
L -397.3399, 818.7870, -30.0000, -357.7759, 875.2626, -30.0000, 112, 96, 74
L -411.1873, 849.8486, -30.0000, -393.3835, 840.2477, -30.0000, 84, 72, 56
L -393.3835, 875.2626, -30.0000, -353.8194, 798.8960, -30.0000, 112, 96, 74
L -353.8194, 798.8960, -30.0000, -314.2554, 875.2626, -30.0000, 112, 96, 74
L -367.6669, 840.8976, -30.0000, -349.8630, 827.9153, -30.0000, 84, 72, 56
L -186.6791, 878.6140, -30.0000, -146.9308, 810.4871, -30.0000, 112, 96, 74
L -146.9308, 810.4871, -30.0000, -107.1825, 878.6140, -30.0000, 112, 96, 74
L -160.8427, 847.9569, -30.0000, -142.9560, 836.3754, -30.0000, 84, 72, 56
L -142.9560, 878.6140, -30.0000, -103.2077, 820.8793, -30.0000, 112, 96, 74
L -103.2077, 820.8793, -30.0000, -63.4594, 878.6140, -30.0000, 112, 96, 74
L -117.1196, 852.6334, -30.0000, -99.2328, 842.8185, -30.0000, 84, 72, 56
L -99.2328, 878.6140, -30.0000, -59.4845, 800.5846, -30.0000, 112, 96, 74
L -59.4845, 800.5846, -30.0000, -19.7362, 878.6140, -30.0000, 112, 96, 74
L -73.3964, 843.5008, -30.0000, -55.5097, 830.2358, -30.0000, 84, 72, 56
L -59.4845, 800.5846, -30.0000, -69.0241, 768.7860, -30.0000, 150, 165, 180
L -69.0241, 768.7860, -30.0000, -51.5349, 740.9622, -30.0000, 150, 165, 180
L -83.0238, 851.7161, -30.0000, -42.5605, 778.5219, -30.0000, 112, 96, 74
L -42.5605, 778.5219, -30.0000, -2.0972, 851.7161, -30.0000, 112, 96, 74
L -56.7227, 818.7787, -30.0000, -38.5142, 806.3357, -30.0000, 84, 72, 56
L -38.5142, 851.7161, -30.0000, 1.9491, 762.9417, -30.0000, 112, 96, 74
L 1.9491, 762.9417, -30.0000, 42.4124, 851.7161, -30.0000, 112, 96, 74
L -12.2130, 811.7676, -30.0000, 5.9955, 796.6760, -30.0000, 84, 72, 56
L 5.9955, 851.7161, -30.0000, 46.4588, 776.1886, -30.0000, 112, 96, 74
L 46.4588, 776.1886, -30.0000, 86.9221, 851.7161, -30.0000, 112, 96, 74
L 32.2966, 817.7287, -30.0000, 50.5051, 804.8891, -30.0000, 84, 72, 56
L 359.8383, 793.8318, -30.0000, 401.0000, 724.3791, -30.0000, 112, 96, 74
L 401.0000, 724.3791, -30.0000, 442.1616, 793.8318, -30.0000, 112, 96, 74
L 386.5934, 762.5781, -30.0000, 405.1162, 750.7711, -30.0000, 84, 72, 56
L 405.1162, 793.8318, -30.0000, 446.2778, 733.3243, -30.0000, 112, 96, 74
L 446.2778, 733.3243, -30.0000, 487.4395, 793.8318, -30.0000, 112, 96, 74
L 431.8712, 766.6034, -30.0000, 450.3940, 756.3172, -30.0000, 84, 72, 56
L 488.1817, 802.9365, -30.0000, 518.7061, 744.4310, -30.0000, 112, 96, 74
L 518.7061, 744.4310, -30.0000, 549.2305, 802.9365, -30.0000, 112, 96, 74
L 508.0226, 776.6091, -30.0000, 521.7585, 766.6631, -30.0000, 84, 72, 56
L 521.7585, 802.9365, -30.0000, 552.2830, 738.2061, -30.0000, 112, 96, 74
L 552.2830, 738.2061, -30.0000, 582.8074, 802.9365, -30.0000, 112, 96, 74
L 541.5994, 773.8078, -30.0000, 555.3354, 762.8036, -30.0000, 84, 72, 56
L 552.2830, 738.2061, -30.0000, 544.9571, 713.7865, -30.0000, 150, 165, 180
L 544.9571, 713.7865, -30.0000, 558.3879, 692.4194, -30.0000, 150, 165, 180
L 723.2475, 841.6748, -30.0000, 748.7360, 797.3752, -30.0000, 112, 96, 74
L 748.7360, 797.3752, -30.0000, 774.2245, 841.6748, -30.0000, 112, 96, 74
L 739.8150, 821.7399, -30.0000, 751.2849, 814.2090, -30.0000, 84, 72, 56
L 751.2849, 841.6748, -30.0000, 776.7734, 797.1098, -30.0000, 112, 96, 74
L 776.7734, 797.1098, -30.0000, 802.2619, 841.6748, -30.0000, 112, 96, 74
L 767.8524, 821.6205, -30.0000, 779.3222, 814.0445, -30.0000, 84, 72, 56
L 870.1936, 819.3199, -30.0000, 909.7018, 735.3977, -30.0000, 112, 96, 74
L 909.7018, 735.3977, -30.0000, 949.2101, 819.3199, -30.0000, 112, 96, 74
L 895.8740, 781.5549, -30.0000, 913.6527, 767.2881, -30.0000, 84, 72, 56
L 913.6527, 819.3199, -30.0000, 953.1609, 732.4667, -30.0000, 112, 96, 74
L 953.1609, 732.4667, -30.0000, 992.6691, 819.3199, -30.0000, 112, 96, 74
L 939.3330, 780.2360, -30.0000, 957.1117, 765.4709, -30.0000, 84, 72, 56
L 1020.5283, 869.3500, -30.0000, 1054.5101, 801.9705, -30.0000, 112, 96, 74
L 1054.5101, 801.9705, -30.0000, 1088.4919, 869.3500, -30.0000, 112, 96, 74
L 1042.6165, 839.0292, -30.0000, 1057.9083, 827.5747, -30.0000, 84, 72, 56
L 1057.9083, 869.3500, -30.0000, 1091.8901, 801.2477, -30.0000, 112, 96, 74
L 1091.8901, 801.2477, -30.0000, 1125.8719, 869.3500, -30.0000, 112, 96, 74
L 1079.9965, 838.7040, -30.0000, 1095.2883, 827.1266, -30.0000, 84, 72, 56
L 1166.6665, 888.3513, -30.0000, 1209.2889, 811.5531, -30.0000, 112, 96, 74
L 1209.2889, 811.5531, -30.0000, 1251.9113, 888.3513, -30.0000, 112, 96, 74
L 1194.3710, 853.7921, -30.0000, 1213.5511, 840.7365, -30.0000, 84, 72, 56
L 1213.5511, 888.3513, -30.0000, 1256.1736, 821.9831, -30.0000, 112, 96, 74
L 1256.1736, 821.9831, -30.0000, 1298.7960, 888.3513, -30.0000, 112, 96, 74
L 1241.2557, 858.4856, -30.0000, 1260.4358, 847.2030, -30.0000, 84, 72, 56
L 1886.3332, 883.7306, -30.0000, 1920.8031, 812.7175, -30.0000, 112, 96, 74
L 1920.8031, 812.7175, -30.0000, 1955.2730, 883.7306, -30.0000, 112, 96, 74
L 1908.7386, 851.7747, -30.0000, 1924.2501, 839.7025, -30.0000, 84, 72, 56
L 1924.2501, 883.7306, -30.0000, 1958.7200, 810.1700, -30.0000, 112, 96, 74
L 1958.7200, 810.1700, -30.0000, 1993.1899, 883.7306, -30.0000, 112, 96, 74
L 1946.6555, 850.6283, -30.0000, 1962.1670, 838.1230, -30.0000, 84, 72, 56
L 2106.5167, 872.0707, -30.0000, 2135.0192, 831.7048, -30.0000, 112, 96, 74
L 2135.0192, 831.7048, -30.0000, 2163.5218, 872.0707, -30.0000, 112, 96, 74
L 2125.0433, 853.9060, -30.0000, 2137.8695, 847.0438, -30.0000, 84, 72, 56
L 2137.8695, 872.0707, -30.0000, 2166.3721, 812.5946, -30.0000, 112, 96, 74
L 2166.3721, 812.5946, -30.0000, 2194.8747, 872.0707, -30.0000, 112, 96, 74
L 2156.3962, 845.3065, -30.0000, 2169.2224, 835.1956, -30.0000, 84, 72, 56
L 2169.2224, 872.0707, -30.0000, 2197.7249, 816.7585, -30.0000, 112, 96, 74
L 2197.7249, 816.7585, -30.0000, 2226.2275, 872.0707, -30.0000, 112, 96, 74
L 2187.7490, 847.1802, -30.0000, 2200.5752, 837.7771, -30.0000, 84, 72, 56
L 2177.1688, 840.4272, -30.0000, 2211.6543, 773.7951, -30.0000, 112, 96, 74
L 2211.6543, 773.7951, -30.0000, 2246.1399, 840.4272, -30.0000, 112, 96, 74
L 2199.5844, 810.4428, -30.0000, 2215.1029, 799.1153, -30.0000, 84, 72, 56
L 2215.1029, 840.4272, -30.0000, 2249.5884, 778.1117, -30.0000, 112, 96, 74
L 2249.5884, 778.1117, -30.0000, 2284.0739, 840.4272, -30.0000, 112, 96, 74
L 2237.5185, 812.3852, -30.0000, 2253.0370, 801.7916, -30.0000, 84, 72, 56
L 2253.0370, 840.4272, -30.0000, 2287.5225, 787.1159, -30.0000, 112, 96, 74
L 2287.5225, 787.1159, -30.0000, 2322.0080, 840.4272, -30.0000, 112, 96, 74
L 2275.4526, 816.4371, -30.0000, 2290.9711, 807.3742, -30.0000, 84, 72, 56
L -2138.1012, 988.0053, -30.0000, -2109.6244, 933.8712, -30.0000, 112, 96, 74
L -2109.6244, 933.8712, -30.0000, -2081.1476, 988.0053, -30.0000, 112, 96, 74
L -2119.5913, 963.6450, -30.0000, -2106.7767, 954.4422, -30.0000, 84, 72, 56
L -2106.7767, 988.0053, -30.0000, -2078.2999, 936.4601, -30.0000, 112, 96, 74
L -2078.2999, 936.4601, -30.0000, -2049.8231, 988.0053, -30.0000, 112, 96, 74
L -2088.2668, 964.8099, -30.0000, -2075.4522, 956.0473, -30.0000, 84, 72, 56
L -1786.5181, 1004.0362, -30.0000, -1746.6151, 935.2271, -30.0000, 112, 96, 74
L -1746.6151, 935.2271, -30.0000, -1706.7121, 1004.0362, -30.0000, 112, 96, 74
L -1760.5812, 973.0721, -30.0000, -1742.6248, 961.3745, -30.0000, 84, 72, 56
L -1742.6248, 1004.0362, -30.0000, -1702.7218, 922.7871, -30.0000, 112, 96, 74
L -1702.7218, 922.7871, -30.0000, -1662.8189, 1004.0362, -30.0000, 112, 96, 74
L -1716.6879, 967.4741, -30.0000, -1698.7315, 953.6618, -30.0000, 84, 72, 56
L -1617.6900, 1035.7592, -30.0000, -1579.5989, 970.6101, -30.0000, 112, 96, 74
L -1579.5989, 970.6101, -30.0000, -1541.5078, 1035.7592, -30.0000, 112, 96, 74
L -1592.9308, 1006.4421, -30.0000, -1575.7898, 995.3667, -30.0000, 84, 72, 56
L -1575.7898, 1035.7592, -30.0000, -1537.6987, 968.4902, -30.0000, 112, 96, 74
L -1537.6987, 968.4902, -30.0000, -1499.6076, 1035.7592, -30.0000, 112, 96, 74
L -1551.0306, 1005.4881, -30.0000, -1533.8896, 994.0524, -30.0000, 84, 72, 56
L -1419.2655, 999.0812, -30.0000, -1391.5801, 948.9347, -30.0000, 112, 96, 74
L -1391.5801, 948.9347, -30.0000, -1363.8947, 999.0812, -30.0000, 112, 96, 74
L -1401.2700, 976.5153, -30.0000, -1388.8115, 967.9904, -30.0000, 84, 72, 56
L -1388.8115, 999.0812, -30.0000, -1361.1261, 952.8652, -30.0000, 112, 96, 74
L -1361.1261, 952.8652, -30.0000, -1333.4407, 999.0812, -30.0000, 112, 96, 74
L -1370.8160, 978.2840, -30.0000, -1358.3576, 970.4273, -30.0000, 84, 72, 56
L -1271.7261, 1050.3228, -30.0000, -1229.3063, 954.4252, -30.0000, 112, 96, 74
L -1229.3063, 954.4252, -30.0000, -1186.8864, 1050.3228, -30.0000, 112, 96, 74
L -1244.1532, 1007.1689, -30.0000, -1225.0643, 990.8663, -30.0000, 84, 72, 56
L -1225.0643, 1050.3228, -30.0000, -1182.6444, 984.3775, -30.0000, 112, 96, 74
L -1182.6444, 984.3775, -30.0000, -1140.2246, 1050.3228, -30.0000, 112, 96, 74
L -1197.4914, 1020.6474, -30.0000, -1178.4024, 1009.4367, -30.0000, 84, 72, 56
L -1178.4024, 1050.3228, -30.0000, -1135.9826, 968.3809, -30.0000, 112, 96, 74
L -1135.9826, 968.3809, -30.0000, -1093.5628, 1050.3228, -30.0000, 112, 96, 74
L -1150.8295, 1013.4489, -30.0000, -1131.7406, 999.5188, -30.0000, 84, 72, 56
L -1229.3063, 954.4252, -30.0000, -1239.4870, 920.4893, -30.0000, 150, 165, 180
L -1239.4870, 920.4893, -30.0000, -1220.8223, 890.7954, -30.0000, 150, 165, 180
L -1049.3791, 1055.9295, -30.0000, -1014.7065, 979.5117, -30.0000, 112, 96, 74
L -1014.7065, 979.5117, -30.0000, -980.0340, 1055.9295, -30.0000, 112, 96, 74
L -1026.8419, 1021.5415, -30.0000, -1011.2393, 1008.5505, -30.0000, 84, 72, 56
L -1011.2393, 1055.9295, -30.0000, -976.5668, 1004.2562, -30.0000, 112, 96, 74
L -976.5668, 1004.2562, -30.0000, -941.8942, 1055.9295, -30.0000, 112, 96, 74
L -988.7021, 1032.6765, -30.0000, -973.0995, 1023.8921, -30.0000, 84, 72, 56
L -913.4579, 1058.4413, -30.0000, -877.0245, 1004.8294, -30.0000, 112, 96, 74
L -877.0245, 1004.8294, -30.0000, -840.5912, 1058.4413, -30.0000, 112, 96, 74
L -889.7762, 1034.3160, -30.0000, -873.3812, 1025.2019, -30.0000, 84, 72, 56
L -873.3812, 1058.4413, -30.0000, -836.9478, 992.5930, -30.0000, 112, 96, 74
L -836.9478, 992.5930, -30.0000, -800.5144, 1058.4413, -30.0000, 112, 96, 74
L -849.6995, 1028.8096, -30.0000, -833.3045, 1017.6154, -30.0000, 84, 72, 56
L -775.7308, 1044.1565, -30.0000, -740.8278, 960.8580, -30.0000, 112, 96, 74
L -740.8278, 960.8580, -30.0000, -705.9249, 1044.1565, -30.0000, 112, 96, 74
L -753.0439, 1006.6722, -30.0000, -737.3375, 992.5115, -30.0000, 84, 72, 56
L -737.3375, 1044.1565, -30.0000, -702.4346, 994.2354, -30.0000, 112, 96, 74
L -702.4346, 994.2354, -30.0000, -667.5317, 1044.1565, -30.0000, 112, 96, 74
L -714.6506, 1021.6920, -30.0000, -698.9443, 1013.2054, -30.0000, 84, 72, 56
L -367.9792, 1017.6602, -30.0000, -332.6915, 941.5903, -30.0000, 112, 96, 74
L -332.6915, 941.5903, -30.0000, -297.4037, 1017.6602, -30.0000, 112, 96, 74
L -345.0422, 983.4288, -30.0000, -329.1627, 970.4969, -30.0000, 84, 72, 56
L -329.1627, 1017.6602, -30.0000, -293.8750, 953.8420, -30.0000, 112, 96, 74
L -293.8750, 953.8420, -30.0000, -258.5872, 1017.6602, -30.0000, 112, 96, 74
L -306.2257, 988.9420, -30.0000, -290.3462, 978.0930, -30.0000, 84, 72, 56
L -188.8889, 997.3796, -30.0000, -152.4202, 913.9717, -30.0000, 112, 96, 74
L -152.4202, 913.9717, -30.0000, -115.9516, 997.3796, -30.0000, 112, 96, 74
L -165.1843, 959.8461, -30.0000, -148.7734, 945.6667, -30.0000, 84, 72, 56
L -148.7734, 997.3796, -30.0000, -112.3047, 918.7874, -30.0000, 112, 96, 74
L -112.3047, 918.7874, -30.0000, -75.8360, 997.3796, -30.0000, 112, 96, 74
L -125.0687, 962.0131, -30.0000, -108.6578, 948.6525, -30.0000, 84, 72, 56
L -108.6578, 997.3796, -30.0000, -72.1891, 918.5309, -30.0000, 112, 96, 74
L -72.1891, 918.5309, -30.0000, -35.7204, 997.3796, -30.0000, 112, 96, 74
L -84.9532, 961.8977, -30.0000, -68.5423, 948.4934, -30.0000, 84, 72, 56
L -15.5144, 967.8908, -30.0000, 24.6112, 880.6701, -30.0000, 112, 96, 74
L 24.6112, 880.6701, -30.0000, 64.7368, 967.8908, -30.0000, 112, 96, 74
L 10.5672, 928.6415, -30.0000, 28.6237, 913.8140, -30.0000, 84, 72, 56
L 28.6237, 967.8908, -30.0000, 68.7493, 899.9812, -30.0000, 112, 96, 74
L 68.7493, 899.9812, -30.0000, 108.8749, 967.8908, -30.0000, 112, 96, 74
L 54.7054, 937.3315, -30.0000, 72.7619, 925.7868, -30.0000, 84, 72, 56
L 72.7619, 967.8908, -30.0000, 112.8874, 903.9656, -30.0000, 112, 96, 74
L 112.8874, 903.9656, -30.0000, 153.0130, 967.8908, -30.0000, 112, 96, 74
L 98.8435, 939.1245, -30.0000, 116.9000, 928.2572, -30.0000, 84, 72, 56
L 24.6112, 880.6701, -30.0000, 14.9810, 848.5696, -30.0000, 150, 165, 180
L 14.9810, 848.5696, -30.0000, 32.6363, 820.4817, -30.0000, 150, 165, 180
L 181.0000, 993.9954, -30.0000, 204.7677, 949.3581, -30.0000, 112, 96, 74
L 204.7677, 949.3581, -30.0000, 228.5354, 993.9954, -30.0000, 112, 96, 74
L 196.4490, 973.9086, -30.0000, 207.1445, 966.3203, -30.0000, 84, 72, 56
L 207.1445, 993.9954, -30.0000, 230.9122, 953.2551, -30.0000, 112, 96, 74
L 230.9122, 953.2551, -30.0000, 254.6799, 993.9954, -30.0000, 112, 96, 74
L 222.5935, 975.6622, -30.0000, 233.2889, 968.7364, -30.0000, 84, 72, 56
L 330.7170, 967.4137, -30.0000, 357.6124, 915.1873, -30.0000, 112, 96, 74
L 357.6124, 915.1873, -30.0000, 384.5077, 967.4137, -30.0000, 112, 96, 74
L 348.1990, 943.9118, -30.0000, 360.3019, 935.0333, -30.0000, 84, 72, 56
L 360.3019, 967.4137, -30.0000, 387.1972, 911.5908, -30.0000, 112, 96, 74
L 387.1972, 911.5908, -30.0000, 414.0925, 967.4137, -30.0000, 112, 96, 74
L 377.7838, 942.2934, -30.0000, 389.8867, 932.8035, -30.0000, 84, 72, 56
L 483.9680, 1024.8398, -30.0000, 525.6077, 965.6331, -30.0000, 112, 96, 74
L 525.6077, 965.6331, -30.0000, 567.2473, 1024.8398, -30.0000, 112, 96, 74
L 511.0338, 998.1968, -30.0000, 529.7716, 988.1317, -30.0000, 84, 72, 56
L 529.7716, 1024.8398, -30.0000, 571.4113, 926.6005, -30.0000, 112, 96, 74
L 571.4113, 926.6005, -30.0000, 613.0509, 1024.8398, -30.0000, 112, 96, 74
L 556.8374, 980.6321, -30.0000, 575.5752, 963.9314, -30.0000, 84, 72, 56
L 665.3460, 1034.5373, -30.0000, 699.2658, 968.0232, -30.0000, 112, 96, 74
L 699.2658, 968.0232, -30.0000, 733.1856, 1034.5373, -30.0000, 112, 96, 74
L 687.3939, 1004.6059, -30.0000, 702.6578, 993.2986, -30.0000, 84, 72, 56
L 702.6578, 1034.5373, -30.0000, 736.5776, 985.6480, -30.0000, 112, 96, 74
L 736.5776, 985.6480, -30.0000, 770.4974, 1034.5373, -30.0000, 112, 96, 74
L 724.7056, 1012.5371, -30.0000, 739.9696, 1004.2259, -30.0000, 84, 72, 56
L 739.9696, 1034.5373, -30.0000, 773.8894, 972.7922, -30.0000, 112, 96, 74
L 773.8894, 972.7922, -30.0000, 807.8092, 1034.5373, -30.0000, 112, 96, 74
L 762.0174, 1006.7520, -30.0000, 777.2813, 996.2553, -30.0000, 84, 72, 56
L 699.2658, 968.0232, -30.0000, 691.1250, 940.8874, -30.0000, 150, 165, 180
L 691.1250, 940.8874, -30.0000, 706.0498, 917.1435, -30.0000, 150, 165, 180
L 809.3297, 983.5078, -30.0000, 834.6939, 947.3297, -30.0000, 112, 96, 74
L 834.6939, 947.3297, -30.0000, 860.0580, 983.5078, -30.0000, 112, 96, 74
L 825.8164, 967.2276, -30.0000, 837.2303, 961.0773, -30.0000, 84, 72, 56
L 837.2303, 983.5078, -30.0000, 862.5944, 946.3188, -30.0000, 112, 96, 74
L 862.5944, 946.3188, -30.0000, 887.9586, 983.5078, -30.0000, 112, 96, 74
L 853.7170, 966.7727, -30.0000, 865.1308, 960.4506, -30.0000, 84, 72, 56
L 1029.3792, 987.1654, -30.0000, 1064.5948, 925.2616, -30.0000, 112, 96, 74
L 1064.5948, 925.2616, -30.0000, 1099.8104, 987.1654, -30.0000, 112, 96, 74
L 1052.2693, 959.3087, -30.0000, 1068.1164, 948.7850, -30.0000, 84, 72, 56
L 1068.1164, 987.1654, -30.0000, 1103.3319, 935.0708, -30.0000, 112, 96, 74
L 1103.3319, 935.0708, -30.0000, 1138.5475, 987.1654, -30.0000, 112, 96, 74
L 1091.0065, 963.7228, -30.0000, 1106.8535, 954.8668, -30.0000, 84, 72, 56
L 1188.3423, 955.3114, -30.0000, 1215.8877, 898.7071, -30.0000, 112, 96, 74
L 1215.8877, 898.7071, -30.0000, 1243.4331, 955.3114, -30.0000, 112, 96, 74
L 1206.2468, 929.8395, -30.0000, 1218.6422, 920.2167, -30.0000, 84, 72, 56
L 1218.6422, 955.3114, -30.0000, 1246.1877, 907.4031, -30.0000, 112, 96, 74
L 1246.1877, 907.4031, -30.0000, 1273.7331, 955.3114, -30.0000, 112, 96, 74
L 1236.5468, 933.7527, -30.0000, 1248.9422, 925.6083, -30.0000, 84, 72, 56
L 1215.8877, 898.7071, -30.0000, 1209.2768, 876.6708, -30.0000, 150, 165, 180
L 1209.2768, 876.6708, -30.0000, 1221.3968, 857.3890, -30.0000, 150, 165, 180
L 1565.0034, 1009.7757, -30.0000, 1597.2371, 953.0806, -30.0000, 112, 96, 74
L 1597.2371, 953.0806, -30.0000, 1629.4708, 1009.7757, -30.0000, 112, 96, 74
L 1585.9553, 984.2629, -30.0000, 1600.4605, 974.6247, -30.0000, 84, 72, 56
L 1600.4605, 1009.7757, -30.0000, 1632.6941, 943.6244, -30.0000, 112, 96, 74
L 1632.6941, 943.6244, -30.0000, 1664.9278, 1009.7757, -30.0000, 112, 96, 74
L 1621.4123, 980.0076, -30.0000, 1635.9175, 968.7619, -30.0000, 84, 72, 56
L 1915.2081, 1034.2023, -30.0000, 1945.1928, 972.2643, -30.0000, 112, 96, 74
L 1945.1928, 972.2643, -30.0000, 1975.1775, 1034.2023, -30.0000, 112, 96, 74
L 1934.6981, 1006.3302, -30.0000, 1948.1913, 995.8007, -30.0000, 84, 72, 56
L 1948.1913, 1034.2023, -30.0000, 1978.1760, 974.4217, -30.0000, 112, 96, 74
L 1978.1760, 974.4217, -30.0000, 2008.1607, 1034.2023, -30.0000, 112, 96, 74
L 1967.6813, 1007.3010, -30.0000, 1981.1745, 997.1383, -30.0000, 84, 72, 56
L 2047.5567, 955.6449, -30.0000, 2081.2374, 893.0363, -30.0000, 112, 96, 74
L 2081.2374, 893.0363, -30.0000, 2114.9181, 955.6449, -30.0000, 112, 96, 74
L 2069.4492, 927.4710, -30.0000, 2084.6055, 916.8276, -30.0000, 84, 72, 56
L 2084.6055, 955.6449, -30.0000, 2118.2861, 894.3900, -30.0000, 112, 96, 74
L 2118.2861, 894.3900, -30.0000, 2151.9668, 955.6449, -30.0000, 112, 96, 74
L 2106.4979, 928.0802, -30.0000, 2121.6542, 917.6669, -30.0000, 84, 72, 56
L 2202.5299, 981.5578, -30.0000, 2234.7755, 918.0097, -30.0000, 112, 96, 74
L 2234.7755, 918.0097, -30.0000, 2267.0211, 981.5578, -30.0000, 112, 96, 74
L 2223.4895, 952.9612, -30.0000, 2238.0000, 942.1580, -30.0000, 84, 72, 56
L 2238.0000, 981.5578, -30.0000, 2270.2456, 924.4415, -30.0000, 112, 96, 74
L 2270.2456, 924.4415, -30.0000, 2302.4912, 981.5578, -30.0000, 112, 96, 74
L 2258.9597, 955.8555, -30.0000, 2273.4702, 946.1457, -30.0000, 84, 72, 56
L -2138.8717, 1149.7277, -30.0000, -2107.4674, 1103.5686, -30.0000, 112, 96, 74
L -2107.4674, 1103.5686, -30.0000, -2076.0630, 1149.7277, -30.0000, 112, 96, 74
L -2118.4589, 1128.9561, -30.0000, -2104.3269, 1121.1090, -30.0000, 84, 72, 56
L -2104.3269, 1149.7277, -30.0000, -2072.9226, 1076.2476, -30.0000, 112, 96, 74
L -2072.9226, 1076.2476, -30.0000, -2041.5183, 1149.7277, -30.0000, 112, 96, 74
L -2083.9141, 1116.6617, -30.0000, -2069.7822, 1104.1700, -30.0000, 84, 72, 56
L -1765.6299, 1234.8127, -30.0000, -1729.8218, 1151.7695, -30.0000, 112, 96, 74
L -1729.8218, 1151.7695, -30.0000, -1694.0138, 1234.8127, -30.0000, 112, 96, 74
L -1742.3546, 1197.4433, -30.0000, -1726.2410, 1183.3259, -30.0000, 84, 72, 56
L -1726.2410, 1234.8127, -30.0000, -1690.4330, 1176.9151, -30.0000, 112, 96, 74
L -1690.4330, 1176.9151, -30.0000, -1654.6249, 1234.8127, -30.0000, 112, 96, 74
L -1702.9658, 1208.7588, -30.0000, -1686.8522, 1198.9162, -30.0000, 84, 72, 56
L -1729.8218, 1151.7695, -30.0000, -1738.4157, 1123.1231, -30.0000, 150, 165, 180
L -1738.4157, 1123.1231, -30.0000, -1722.6602, 1098.0574, -30.0000, 150, 165, 180
L -1565.7853, 1205.3903, -30.0000, -1526.6031, 1131.0348, -30.0000, 112, 96, 74
L -1526.6031, 1131.0348, -30.0000, -1487.4210, 1205.3903, -30.0000, 112, 96, 74
L -1540.3169, 1171.9303, -30.0000, -1522.6849, 1159.2899, -30.0000, 84, 72, 56
L -1522.6849, 1205.3903, -30.0000, -1483.5027, 1148.9295, -30.0000, 112, 96, 74
L -1483.5027, 1148.9295, -30.0000, -1444.3206, 1205.3903, -30.0000, 112, 96, 74
L -1497.2165, 1179.9829, -30.0000, -1479.5845, 1170.3846, -30.0000, 84, 72, 56
L -1418.4446, 1233.6698, -30.0000, -1384.4561, 1174.0146, -30.0000, 112, 96, 74
L -1384.4561, 1174.0146, -30.0000, -1350.4676, 1233.6698, -30.0000, 112, 96, 74
L -1396.3521, 1206.8249, -30.0000, -1381.0573, 1196.6836, -30.0000, 84, 72, 56
L -1381.0573, 1233.6698, -30.0000, -1347.0688, 1154.6606, -30.0000, 112, 96, 74
L -1347.0688, 1154.6606, -30.0000, -1313.0803, 1233.6698, -30.0000, 112, 96, 74
L -1358.9648, 1198.1156, -30.0000, -1343.6699, 1184.6841, -30.0000, 84, 72, 56
L -854.3491, 1143.0574, -30.0000, -823.1747, 1085.4642, -30.0000, 112, 96, 74
L -823.1747, 1085.4642, -30.0000, -792.0004, 1143.0574, -30.0000, 112, 96, 74
L -834.0858, 1117.1404, -30.0000, -820.0573, 1107.3496, -30.0000, 84, 72, 56
L -820.0573, 1143.0574, -30.0000, -788.8829, 1076.0723, -30.0000, 112, 96, 74
L -788.8829, 1076.0723, -30.0000, -757.7085, 1143.0574, -30.0000, 112, 96, 74
L -799.7940, 1112.9141, -30.0000, -785.7655, 1101.5266, -30.0000, 84, 72, 56
L -788.8829, 1076.0723, -30.0000, -796.3648, 1051.1328, -30.0000, 150, 165, 180
L -796.3648, 1051.1328, -30.0000, -782.6480, 1029.3107, -30.0000, 150, 165, 180
L -759.5676, 1197.9064, -30.0000, -719.4827, 1129.5019, -30.0000, 112, 96, 74
L -719.4827, 1129.5019, -30.0000, -679.3978, 1197.9064, -30.0000, 112, 96, 74
L -733.5124, 1167.1244, -30.0000, -715.4742, 1155.4956, -30.0000, 84, 72, 56
L -715.4742, 1197.9064, -30.0000, -675.3893, 1137.0947, -30.0000, 112, 96, 74
L -675.3893, 1137.0947, -30.0000, -635.3044, 1197.9064, -30.0000, 112, 96, 74
L -689.4190, 1170.5411, -30.0000, -671.3808, 1160.2031, -30.0000, 84, 72, 56
L -245.5778, 1200.5006, -30.0000, -205.0022, 1142.1027, -30.0000, 112, 96, 74
L -205.0022, 1142.1027, -30.0000, -164.4266, 1200.5006, -30.0000, 112, 96, 74
L -219.2037, 1174.2216, -30.0000, -200.9446, 1164.2939, -30.0000, 84, 72, 56
L -200.9446, 1200.5006, -30.0000, -160.3690, 1116.6906, -30.0000, 112, 96, 74
L -160.3690, 1116.6906, -30.0000, -119.7933, 1200.5006, -30.0000, 112, 96, 74
L -174.5705, 1162.7861, -30.0000, -156.3114, 1148.5384, -30.0000, 84, 72, 56
L -156.3114, 1200.5006, -30.0000, -115.7358, 1114.5334, -30.0000, 112, 96, 74
L -115.7358, 1114.5334, -30.0000, -75.1601, 1200.5006, -30.0000, 112, 96, 74
L -129.9373, 1161.8154, -30.0000, -111.6782, 1147.2009, -30.0000, 84, 72, 56
L 4.0447, 1178.9863, -30.0000, 32.2584, 1138.9002, -30.0000, 112, 96, 74
L 32.2584, 1138.9002, -30.0000, 60.4720, 1178.9863, -30.0000, 112, 96, 74
L 22.3836, 1160.9476, -30.0000, 35.0798, 1154.1329, -30.0000, 84, 72, 56
L 35.0798, 1178.9863, -30.0000, 63.2934, 1115.4615, -30.0000, 112, 96, 74
L 63.2934, 1115.4615, -30.0000, 91.5071, 1178.9863, -30.0000, 112, 96, 74
L 53.4186, 1150.4002, -30.0000, 66.1148, 1139.6009, -30.0000, 84, 72, 56
L 66.1148, 1178.9863, -30.0000, 94.3284, 1114.8462, -30.0000, 112, 96, 74
L 94.3284, 1114.8462, -30.0000, 122.5421, 1178.9863, -30.0000, 112, 96, 74
L 84.4537, 1150.1233, -30.0000, 97.1498, 1139.2194, -30.0000, 84, 72, 56
L 171.2957, 1220.8718, -30.0000, 210.1452, 1134.5847, -30.0000, 112, 96, 74
L 210.1452, 1134.5847, -30.0000, 248.9948, 1220.8718, -30.0000, 112, 96, 74
L 196.5479, 1182.0426, -30.0000, 214.0302, 1167.3738, -30.0000, 84, 72, 56
L 214.0302, 1220.8718, -30.0000, 252.8798, 1152.1349, -30.0000, 112, 96, 74
L 252.8798, 1152.1349, -30.0000, 291.7293, 1220.8718, -30.0000, 112, 96, 74
L 239.2824, 1189.9402, -30.0000, 256.7647, 1178.2549, -30.0000, 84, 72, 56
L 325.5882, 1193.3604, -30.0000, 356.4596, 1141.4294, -30.0000, 112, 96, 74
L 356.4596, 1141.4294, -30.0000, 387.3310, 1193.3604, -30.0000, 112, 96, 74
L 345.6546, 1169.9915, -30.0000, 359.5467, 1161.1632, -30.0000, 84, 72, 56
L 359.5467, 1193.3604, -30.0000, 390.4182, 1132.6391, -30.0000, 112, 96, 74
L 390.4182, 1132.6391, -30.0000, 421.2896, 1193.3604, -30.0000, 112, 96, 74
L 379.6132, 1166.0358, -30.0000, 393.5053, 1155.7132, -30.0000, 84, 72, 56
L 393.5053, 1193.3604, -30.0000, 424.3767, 1135.9845, -30.0000, 112, 96, 74
L 424.3767, 1135.9845, -30.0000, 455.2481, 1193.3604, -30.0000, 112, 96, 74
L 413.5717, 1167.5413, -30.0000, 427.4639, 1157.7874, -30.0000, 84, 72, 56
L 390.4182, 1132.6391, -30.0000, 383.0090, 1107.9419, -30.0000, 150, 165, 180
L 383.0090, 1107.9419, -30.0000, 396.5924, 1086.3319, -30.0000, 150, 165, 180
L 497.9299, 1169.9806, -30.0000, 535.0172, 1115.3710, -30.0000, 112, 96, 74
L 535.0172, 1115.3710, -30.0000, 572.1045, 1169.9806, -30.0000, 112, 96, 74
L 522.0366, 1145.4063, -30.0000, 538.7259, 1136.1226, -30.0000, 84, 72, 56
L 538.7259, 1169.9806, -30.0000, 575.8132, 1092.3654, -30.0000, 112, 96, 74
L 575.8132, 1092.3654, -30.0000, 612.9005, 1169.9806, -30.0000, 112, 96, 74
L 562.8326, 1135.0538, -30.0000, 579.5219, 1121.8592, -30.0000, 84, 72, 56
L 575.8132, 1092.3654, -30.0000, 566.9122, 1062.6956, -30.0000, 150, 165, 180
L 566.9122, 1062.6956, -30.0000, 583.2306, 1036.7345, -30.0000, 150, 165, 180
L 683.1609, 1163.6087, -30.0000, 720.8705, 1109.8729, -30.0000, 112, 96, 74
L 720.8705, 1109.8729, -30.0000, 758.5801, 1163.6087, -30.0000, 112, 96, 74
L 707.6721, 1139.4276, -30.0000, 724.6414, 1130.2925, -30.0000, 84, 72, 56
L 724.6414, 1163.6087, -30.0000, 762.3510, 1100.8720, -30.0000, 112, 96, 74
L 762.3510, 1100.8720, -30.0000, 800.0606, 1163.6087, -30.0000, 112, 96, 74
L 749.1527, 1135.3772, -30.0000, 766.1220, 1124.7120, -30.0000, 84, 72, 56
L 766.1220, 1163.6087, -30.0000, 803.8316, 1075.0341, -30.0000, 112, 96, 74
L 803.8316, 1075.0341, -30.0000, 841.5411, 1163.6087, -30.0000, 112, 96, 74
L 790.6332, 1123.7501, -30.0000, 807.6025, 1108.6925, -30.0000, 84, 72, 56
L 815.0779, 1134.3302, -30.0000, 841.8572, 1071.5515, -30.0000, 112, 96, 74
L 841.8572, 1071.5515, -30.0000, 868.6366, 1134.3302, -30.0000, 112, 96, 74
L 832.4844, 1106.0798, -30.0000, 844.5352, 1095.4074, -30.0000, 84, 72, 56
L 844.5352, 1134.3302, -30.0000, 871.3145, 1075.5510, -30.0000, 112, 96, 74
L 871.3145, 1075.5510, -30.0000, 898.0939, 1134.3302, -30.0000, 112, 96, 74
L 861.9417, 1107.8796, -30.0000, 873.9924, 1097.8871, -30.0000, 84, 72, 56
L 1003.4618, 1172.8292, -30.0000, 1034.2382, 1104.8054, -30.0000, 112, 96, 74
L 1034.2382, 1104.8054, -30.0000, 1065.0146, 1172.8292, -30.0000, 112, 96, 74
L 1023.4664, 1142.2184, -30.0000, 1037.3158, 1130.6544, -30.0000, 84, 72, 56
L 1037.3158, 1172.8292, -30.0000, 1068.0922, 1124.0187, -30.0000, 112, 96, 74
L 1068.0922, 1124.0187, -30.0000, 1098.8686, 1172.8292, -30.0000, 112, 96, 74
L 1057.3205, 1150.8645, -30.0000, 1071.1699, 1142.5667, -30.0000, 84, 72, 56
L 1400.1172, 1151.5609, -30.0000, 1429.1440, 1083.5748, -30.0000, 112, 96, 74
L 1429.1440, 1083.5748, -30.0000, 1458.1708, 1151.5609, -30.0000, 112, 96, 74
L 1418.9846, 1120.9672, -30.0000, 1432.0467, 1109.4095, -30.0000, 84, 72, 56
L 1432.0467, 1151.5609, -30.0000, 1461.0735, 1085.3705, -30.0000, 112, 96, 74
L 1461.0735, 1085.3705, -30.0000, 1490.1003, 1151.5609, -30.0000, 112, 96, 74
L 1450.9141, 1121.7752, -30.0000, 1463.9761, 1110.5228, -30.0000, 84, 72, 56
L 1463.9761, 1151.5609, -30.0000, 1493.0030, 1093.7073, -30.0000, 112, 96, 74
L 1493.0030, 1093.7073, -30.0000, 1522.0298, 1151.5609, -30.0000, 112, 96, 74
L 1482.8436, 1125.5268, -30.0000, 1495.9056, 1115.6917, -30.0000, 84, 72, 56
L 1429.1440, 1083.5748, -30.0000, 1422.1775, 1060.3533, -30.0000, 150, 165, 180
L 1422.1775, 1060.3533, -30.0000, 1434.9493, 1040.0346, -30.0000, 150, 165, 180
L 1902.7104, 1129.1758, -30.0000, 1928.9610, 1080.0161, -30.0000, 112, 96, 74
L 1928.9610, 1080.0161, -30.0000, 1955.2116, 1129.1758, -30.0000, 112, 96, 74
L 1919.7733, 1107.0539, -30.0000, 1931.5861, 1098.6968, -30.0000, 84, 72, 56
L 1931.5861, 1129.1758, -30.0000, 1957.8366, 1075.8065, -30.0000, 112, 96, 74
L 1957.8366, 1075.8065, -30.0000, 1984.0872, 1129.1758, -30.0000, 112, 96, 74
L 1948.6489, 1105.1596, -30.0000, 1960.4617, 1096.0868, -30.0000, 84, 72, 56
L 1960.4617, 1129.1758, -30.0000, 1986.7122, 1079.2398, -30.0000, 112, 96, 74
L 1986.7122, 1079.2398, -30.0000, 2012.9628, 1129.1758, -30.0000, 112, 96, 74
L 1977.5245, 1106.7046, -30.0000, 1989.3373, 1098.2155, -30.0000, 84, 72, 56
L 1957.8366, 1075.8065, -30.0000, 1951.5365, 1054.8060, -30.0000, 150, 165, 180
L 1951.5365, 1054.8060, -30.0000, 1963.0867, 1036.4306, -30.0000, 150, 165, 180
L 2042.0443, 1185.3122, -30.0000, 2079.6240, 1103.9306, -30.0000, 112, 96, 74
L 2079.6240, 1103.9306, -30.0000, 2117.2037, 1185.3122, -30.0000, 112, 96, 74
L 2066.4711, 1148.6905, -30.0000, 2083.3820, 1134.8556, -30.0000, 84, 72, 56
L 2083.3820, 1185.3122, -30.0000, 2120.9616, 1127.0637, -30.0000, 112, 96, 74
L 2120.9616, 1127.0637, -30.0000, 2158.5413, 1185.3122, -30.0000, 112, 96, 74
L 2107.8087, 1159.1004, -30.0000, 2124.7196, 1149.1981, -30.0000, 84, 72, 56
L 2201.0549, 1131.1423, -30.0000, 2232.2984, 1072.7280, -30.0000, 112, 96, 74
L 2232.2984, 1072.7280, -30.0000, 2263.5420, 1131.1423, -30.0000, 112, 96, 74
L 2221.3632, 1104.8559, -30.0000, 2235.4228, 1094.9254, -30.0000, 84, 72, 56
L 2235.4228, 1131.1423, -30.0000, 2266.6663, 1080.1824, -30.0000, 112, 96, 74
L 2266.6663, 1080.1824, -30.0000, 2297.9098, 1131.1423, -30.0000, 112, 96, 74
L 2255.7311, 1108.2103, -30.0000, 2269.7907, 1099.5472, -30.0000, 84, 72, 56
L -2166.0024, 1382.6060, -30.0000, -2126.7382, 1326.3207, -30.0000, 112, 96, 74
L -2126.7382, 1326.3207, -30.0000, -2087.4739, 1382.6060, -30.0000, 112, 96, 74
L -2140.4807, 1357.2777, -30.0000, -2122.8117, 1347.7092, -30.0000, 84, 72, 56
L -2122.8117, 1382.6060, -30.0000, -2083.5475, 1291.1823, -30.0000, 112, 96, 74
L -2083.5475, 1291.1823, -30.0000, -2044.2832, 1382.6060, -30.0000, 112, 96, 74
L -2097.2900, 1341.4654, -30.0000, -2079.6211, 1325.9233, -30.0000, 84, 72, 56
L -1732.1694, 1329.8960, -30.0000, -1697.8335, 1254.1093, -30.0000, 112, 96, 74
L -1697.8335, 1254.1093, -30.0000, -1663.4977, 1329.8960, -30.0000, 112, 96, 74
L -1709.8511, 1295.7920, -30.0000, -1694.4000, 1282.9083, -30.0000, 84, 72, 56
L -1694.4000, 1329.8960, -30.0000, -1660.0641, 1265.6866, -30.0000, 112, 96, 74
L -1660.0641, 1265.6866, -30.0000, -1625.7283, 1329.8960, -30.0000, 112, 96, 74
L -1672.0817, 1301.0018, -30.0000, -1656.6305, 1290.0862, -30.0000, 84, 72, 56
L -1647.8258, 1363.3017, -30.0000, -1610.8225, 1276.5453, -30.0000, 112, 96, 74
L -1610.8225, 1276.5453, -30.0000, -1573.8192, 1363.3017, -30.0000, 112, 96, 74
L -1623.7737, 1324.2613, -30.0000, -1607.1222, 1309.5127, -30.0000, 84, 72, 56
L -1607.1222, 1363.3017, -30.0000, -1570.1188, 1302.1149, -30.0000, 112, 96, 74
L -1570.1188, 1302.1149, -30.0000, -1533.1155, 1363.3017, -30.0000, 112, 96, 74
L -1583.0700, 1335.7676, -30.0000, -1566.4185, 1325.3659, -30.0000, 84, 72, 56
L -1427.2783, 1404.6472, -30.0000, -1396.7657, 1350.7060, -30.0000, 112, 96, 74
L -1396.7657, 1350.7060, -30.0000, -1366.2530, 1404.6472, -30.0000, 112, 96, 74
L -1407.4451, 1380.3737, -30.0000, -1393.7144, 1371.2037, -30.0000, 84, 72, 56
L -1393.7144, 1404.6472, -30.0000, -1363.2017, 1331.5230, -30.0000, 112, 96, 74
L -1363.2017, 1331.5230, -30.0000, -1332.6891, 1404.6472, -30.0000, 112, 96, 74
L -1373.8812, 1371.7413, -30.0000, -1360.1505, 1359.3102, -30.0000, 84, 72, 56
L -1360.1505, 1404.6472, -30.0000, -1329.6378, 1349.6410, -30.0000, 112, 96, 74
L -1329.6378, 1349.6410, -30.0000, -1299.1252, 1404.6472, -30.0000, 112, 96, 74
L -1340.3173, 1379.8944, -30.0000, -1326.5866, 1370.5434, -30.0000, 84, 72, 56
L -1270.2880, 1401.6790, -30.0000, -1231.3153, 1325.5033, -30.0000, 112, 96, 74
L -1231.3153, 1325.5033, -30.0000, -1192.3426, 1401.6790, -30.0000, 112, 96, 74
L -1244.9557, 1367.4000, -30.0000, -1227.4180, 1354.4501, -30.0000, 84, 72, 56
L -1227.4180, 1401.6790, -30.0000, -1188.4453, 1326.5022, -30.0000, 112, 96, 74
L -1188.4453, 1326.5022, -30.0000, -1149.4726, 1401.6790, -30.0000, 112, 96, 74
L -1202.0858, 1367.8495, -30.0000, -1184.5480, 1355.0694, -30.0000, 84, 72, 56
L -148.8004, 1324.3714, -30.0000, -124.7823, 1276.5429, -30.0000, 112, 96, 74
L -124.7823, 1276.5429, -30.0000, -100.7642, 1324.3714, -30.0000, 112, 96, 74
L -133.1886, 1302.8486, -30.0000, -122.3805, 1294.7177, -30.0000, 84, 72, 56
L -122.3805, 1324.3714, -30.0000, -98.3624, 1286.2415, -30.0000, 112, 96, 74
L -98.3624, 1286.2415, -30.0000, -74.3443, 1324.3714, -30.0000, 112, 96, 74
L -106.7687, 1307.2130, -30.0000, -95.9606, 1300.7309, -30.0000, 84, 72, 56
L -66.6360, 1333.4527, -30.0000, -26.3811, 1262.7475, -30.0000, 112, 96, 74
L -26.3811, 1262.7475, -30.0000, 13.8738, 1333.4527, -30.0000, 112, 96, 74
L -40.4703, 1301.6354, -30.0000, -22.3556, 1289.6155, -30.0000, 84, 72, 56
L -22.3556, 1333.4527, -30.0000, 17.8992, 1238.1497, -30.0000, 112, 96, 74
L 17.8992, 1238.1497, -30.0000, 58.1541, 1333.4527, -30.0000, 112, 96, 74
L 3.8100, 1290.5664, -30.0000, 21.9247, 1274.3649, -30.0000, 84, 72, 56
L 21.9247, 1333.4527, -30.0000, 62.1796, 1257.3505, -30.0000, 112, 96, 74
L 62.1796, 1257.3505, -30.0000, 102.4345, 1333.4527, -30.0000, 112, 96, 74
L 48.0904, 1299.2067, -30.0000, 66.2051, 1286.2693, -30.0000, 84, 72, 56
L 117.3378, 1314.9359, -30.0000, 147.8119, 1253.1941, -30.0000, 112, 96, 74
L 147.8119, 1253.1941, -30.0000, 178.2860, 1314.9359, -30.0000, 112, 96, 74
L 137.1460, 1287.1521, -30.0000, 150.8593, 1276.6560, -30.0000, 84, 72, 56
L 150.8593, 1314.9359, -30.0000, 181.3334, 1244.5965, -30.0000, 112, 96, 74
L 181.3334, 1244.5965, -30.0000, 211.8075, 1314.9359, -30.0000, 112, 96, 74
L 170.6675, 1283.2832, -30.0000, 184.3808, 1271.3255, -30.0000, 84, 72, 56
L 278.0913, 1366.2022, -30.0000, 320.3291, 1284.3022, -30.0000, 112, 96, 74
L 320.3291, 1284.3022, -30.0000, 362.5670, 1366.2022, -30.0000, 112, 96, 74
L 305.5459, 1329.3472, -30.0000, 324.5529, 1315.4242, -30.0000, 84, 72, 56
L 324.5529, 1366.2022, -30.0000, 366.7908, 1283.6925, -30.0000, 112, 96, 74
L 366.7908, 1283.6925, -30.0000, 409.0286, 1366.2022, -30.0000, 112, 96, 74
L 352.0075, 1329.0728, -30.0000, 371.0146, 1315.0462, -30.0000, 84, 72, 56
L 371.0146, 1366.2022, -30.0000, 413.2524, 1287.0125, -30.0000, 112, 96, 74
L 413.2524, 1287.0125, -30.0000, 455.4903, 1366.2022, -30.0000, 112, 96, 74
L 398.4692, 1330.5668, -30.0000, 417.4762, 1317.1046, -30.0000, 84, 72, 56
L 366.7908, 1283.6925, -30.0000, 356.6537, 1249.9022, -30.0000, 150, 165, 180
L 356.6537, 1249.9022, -30.0000, 375.2384, 1220.3357, -30.0000, 150, 165, 180
L 497.6872, 1390.3980, -30.0000, 523.3119, 1348.3688, -30.0000, 112, 96, 74
L 523.3119, 1348.3688, -30.0000, 548.9367, 1390.3980, -30.0000, 112, 96, 74
L 514.3433, 1371.4848, -30.0000, 525.8744, 1364.3399, -30.0000, 84, 72, 56
L 525.8744, 1390.3980, -30.0000, 551.4991, 1335.5493, -30.0000, 112, 96, 74
L 551.4991, 1335.5493, -30.0000, 577.1239, 1390.3980, -30.0000, 112, 96, 74
L 542.5305, 1365.7161, -30.0000, 554.0616, 1356.3918, -30.0000, 84, 72, 56
L 551.4991, 1335.5493, -30.0000, 545.3492, 1315.0495, -30.0000, 150, 165, 180
L 545.3492, 1315.0495, -30.0000, 556.6241, 1297.1122, -30.0000, 150, 165, 180
L 659.5277, 1400.9996, -30.0000, 699.2383, 1337.1752, -30.0000, 112, 96, 74
L 699.2383, 1337.1752, -30.0000, 738.9489, 1400.9996, -30.0000, 112, 96, 74
L 685.3396, 1372.2786, -30.0000, 703.2093, 1361.4284, -30.0000, 84, 72, 56
L 703.2093, 1400.9996, -30.0000, 742.9199, 1325.4453, -30.0000, 112, 96, 74
L 742.9199, 1325.4453, -30.0000, 782.6305, 1400.9996, -30.0000, 112, 96, 74
L 729.0212, 1367.0002, -30.0000, 746.8910, 1354.1560, -30.0000, 84, 72, 56
L 846.1299, 1319.6503, -30.0000, 889.1077, 1234.7793, -30.0000, 112, 96, 74
L 889.1077, 1234.7793, -30.0000, 932.0854, 1319.6503, -30.0000, 112, 96, 74
L 874.0655, 1281.4584, -30.0000, 893.4054, 1267.0303, -30.0000, 84, 72, 56
L 893.4054, 1319.6503, -30.0000, 936.3832, 1242.6851, -30.0000, 112, 96, 74
L 936.3832, 1242.6851, -30.0000, 979.3609, 1319.6503, -30.0000, 112, 96, 74
L 921.3410, 1285.0160, -30.0000, 940.6810, 1271.9319, -30.0000, 84, 72, 56
L 1019.6935, 1368.1016, -30.0000, 1044.6817, 1310.2118, -30.0000, 112, 96, 74
L 1044.6817, 1310.2118, -30.0000, 1069.6699, 1368.1016, -30.0000, 112, 96, 74
L 1035.9358, 1342.0512, -30.0000, 1047.1805, 1332.2099, -30.0000, 84, 72, 56
L 1047.1805, 1368.1016, -30.0000, 1072.1687, 1313.4291, -30.0000, 112, 96, 74
L 1072.1687, 1313.4291, -30.0000, 1097.1569, 1368.1016, -30.0000, 112, 96, 74
L 1063.4229, 1343.4990, -30.0000, 1074.6676, 1334.2047, -30.0000, 84, 72, 56
L 1044.6817, 1310.2118, -30.0000, 1038.6845, 1290.2212, -30.0000, 150, 165, 180
L 1038.6845, 1290.2212, -30.0000, 1049.6793, 1272.7295, -30.0000, 150, 165, 180
L 1124.7488, 1350.9255, -30.0000, 1163.5572, 1276.7735, -30.0000, 112, 96, 74
L 1163.5572, 1276.7735, -30.0000, 1202.3657, 1350.9255, -30.0000, 112, 96, 74
L 1149.9743, 1317.5571, -30.0000, 1167.4381, 1304.9513, -30.0000, 84, 72, 56
L 1167.4381, 1350.9255, -30.0000, 1206.2466, 1266.9028, -30.0000, 112, 96, 74
L 1206.2466, 1266.9028, -30.0000, 1245.0550, 1350.9255, -30.0000, 112, 96, 74
L 1192.6636, 1313.1153, -30.0000, 1210.1274, 1298.8314, -30.0000, 84, 72, 56
L 1210.1274, 1350.9255, -30.0000, 1248.9359, 1285.0936, -30.0000, 112, 96, 74
L 1248.9359, 1285.0936, -30.0000, 1287.7444, 1350.9255, -30.0000, 112, 96, 74
L 1235.3529, 1321.3012, -30.0000, 1252.8167, 1310.1097, -30.0000, 84, 72, 56
L 1405.9885, 1341.1813, -30.0000, 1434.1009, 1297.6594, -30.0000, 112, 96, 74
L 1434.1009, 1297.6594, -30.0000, 1462.2132, 1341.1813, -30.0000, 112, 96, 74
L 1424.2616, 1321.5964, -30.0000, 1436.9121, 1314.1977, -30.0000, 84, 72, 56
L 1436.9121, 1341.1813, -30.0000, 1465.0244, 1290.6032, -30.0000, 112, 96, 74
L 1465.0244, 1290.6032, -30.0000, 1493.1368, 1341.1813, -30.0000, 112, 96, 74
L 1455.1851, 1318.4212, -30.0000, 1467.8357, 1309.8229, -30.0000, 84, 72, 56
L 1562.5038, 1347.0940, -30.0000, 1590.4807, 1299.6110, -30.0000, 112, 96, 74
L 1590.4807, 1299.6110, -30.0000, 1618.4576, 1347.0940, -30.0000, 112, 96, 74
L 1580.6888, 1325.7267, -30.0000, 1593.2784, 1317.6546, -30.0000, 84, 72, 56
L 1593.2784, 1347.0940, -30.0000, 1621.2553, 1304.2096, -30.0000, 112, 96, 74
L 1621.2553, 1304.2096, -30.0000, 1649.2322, 1347.0940, -30.0000, 112, 96, 74
L 1611.4634, 1327.7960, -30.0000, 1624.0530, 1320.5056, -30.0000, 84, 72, 56
L 1682.1957, 1304.5958, -30.0000, 1706.9586, 1268.2579, -30.0000, 112, 96, 74
L 1706.9586, 1268.2579, -30.0000, 1731.7215, 1304.5958, -30.0000, 112, 96, 74
L 1698.2916, 1288.2437, -30.0000, 1709.4349, 1282.0663, -30.0000, 84, 72, 56
L 1709.4349, 1304.5958, -30.0000, 1734.1978, 1253.5145, -30.0000, 112, 96, 74
L 1734.1978, 1253.5145, -30.0000, 1758.9607, 1304.5958, -30.0000, 112, 96, 74
L 1725.5308, 1281.6092, -30.0000, 1736.6741, 1272.9254, -30.0000, 84, 72, 56
L 1736.6741, 1304.5958, -30.0000, 1761.4370, 1265.8857, -30.0000, 112, 96, 74
L 1761.4370, 1265.8857, -30.0000, 1786.1999, 1304.5958, -30.0000, 112, 96, 74
L 1752.7700, 1287.1762, -30.0000, 1763.9133, 1280.5955, -30.0000, 84, 72, 56
L 2104.9642, 1373.1595, -30.0000, 2136.8991, 1320.2376, -30.0000, 112, 96, 74
L 2136.8991, 1320.2376, -30.0000, 2168.8341, 1373.1595, -30.0000, 112, 96, 74
L 2125.7219, 1349.3446, -30.0000, 2140.0926, 1340.3479, -30.0000, 84, 72, 56
L 2140.0926, 1373.1595, -30.0000, 2172.0275, 1326.1840, -30.0000, 112, 96, 74
L 2172.0275, 1326.1840, -30.0000, 2203.9625, 1373.1595, -30.0000, 112, 96, 74
L 2160.8503, 1352.0205, -30.0000, 2175.2210, 1344.0347, -30.0000, 84, 72, 56
L 2209.5172, 1352.6268, -30.0000, 2240.5558, 1304.6635, -30.0000, 112, 96, 74
L 2240.5558, 1304.6635, -30.0000, 2271.5944, 1352.6268, -30.0000, 112, 96, 74
L 2229.6923, 1331.0433, -30.0000, 2243.6597, 1322.8896, -30.0000, 84, 72, 56
L 2243.6597, 1352.6268, -30.0000, 2274.6983, 1297.3200, -30.0000, 112, 96, 74
L 2274.6983, 1297.3200, -30.0000, 2305.7369, 1352.6268, -30.0000, 112, 96, 74
L 2263.8348, 1327.7387, -30.0000, 2277.8022, 1318.3366, -30.0000, 84, 72, 56
L 2277.8022, 1352.6268, -30.0000, 2308.8407, 1286.2618, -30.0000, 112, 96, 74
L 2308.8407, 1286.2618, -30.0000, 2339.8793, 1352.6268, -30.0000, 112, 96, 74
L 2297.9772, 1322.7626, -30.0000, 2311.9446, 1311.4805, -30.0000, 84, 72, 56
L -2107.8413, 1577.8628, -30.0000, -2076.7848, 1529.3127, -30.0000, 112, 96, 74
L -2076.7848, 1529.3127, -30.0000, -2045.7282, 1577.8628, -30.0000, 112, 96, 74
L -2087.6546, 1556.0152, -30.0000, -2073.6791, 1547.7617, -30.0000, 84, 72, 56
L -2073.6791, 1577.8628, -30.0000, -2042.6226, 1513.6670, -30.0000, 112, 96, 74
L -2042.6226, 1513.6670, -30.0000, -2011.5660, 1577.8628, -30.0000, 112, 96, 74
L -2053.4924, 1548.9747, -30.0000, -2039.5169, 1538.0614, -30.0000, 84, 72, 56
L -2039.5169, 1577.8628, -30.0000, -2008.4604, 1519.5563, -30.0000, 112, 96, 74
L -2008.4604, 1519.5563, -30.0000, -1977.4038, 1577.8628, -30.0000, 112, 96, 74
L -2019.3302, 1551.6249, -30.0000, -2005.3547, 1541.7128, -30.0000, 84, 72, 56
L -2042.6226, 1513.6670, -30.0000, -2050.0761, 1488.8217, -30.0000, 150, 165, 180
L -2050.0761, 1488.8217, -30.0000, -2036.4113, 1467.0821, -30.0000, 150, 165, 180
L -1749.1219, 1586.1293, -30.0000, -1706.5266, 1507.0597, -30.0000, 112, 96, 74
L -1706.5266, 1507.0597, -30.0000, -1663.9312, 1586.1293, -30.0000, 112, 96, 74
L -1721.4349, 1550.5480, -30.0000, -1702.2670, 1537.1062, -30.0000, 84, 72, 56
L -1702.2670, 1586.1293, -30.0000, -1659.6717, 1519.0100, -30.0000, 112, 96, 74
L -1659.6717, 1519.0100, -30.0000, -1617.0764, 1586.1293, -30.0000, 112, 96, 74
L -1674.5801, 1555.9256, -30.0000, -1655.4122, 1544.5153, -30.0000, 84, 72, 56
L -1571.6667, 1565.0283, -30.0000, -1539.2296, 1497.1849, -30.0000, 112, 96, 74
L -1539.2296, 1497.1849, -30.0000, -1506.7924, 1565.0283, -30.0000, 112, 96, 74
L -1550.5826, 1534.4988, -30.0000, -1535.9859, 1522.9654, -30.0000, 84, 72, 56
L -1535.9859, 1565.0283, -30.0000, -1503.5487, 1508.7194, -30.0000, 112, 96, 74
L -1503.5487, 1508.7194, -30.0000, -1471.1115, 1565.0283, -30.0000, 112, 96, 74
L -1514.9017, 1539.6893, -30.0000, -1500.3050, 1530.1168, -30.0000, 84, 72, 56
L -1423.3632, 1507.7634, -30.0000, -1380.4476, 1413.0979, -30.0000, 112, 96, 74
L -1380.4476, 1413.0979, -30.0000, -1337.5320, 1507.7634, -30.0000, 112, 96, 74
L -1395.4681, 1465.1639, -30.0000, -1376.1561, 1449.0708, -30.0000, 84, 72, 56
L -1376.1561, 1507.7634, -30.0000, -1333.2405, 1410.7338, -30.0000, 112, 96, 74
L -1333.2405, 1410.7338, -30.0000, -1290.3249, 1507.7634, -30.0000, 112, 96, 74
L -1348.2609, 1464.1001, -30.0000, -1328.9489, 1447.6050, -30.0000, 84, 72, 56
L -1289.5732, 1562.4233, -30.0000, -1250.8416, 1507.4268, -30.0000, 112, 96, 74
L -1250.8416, 1507.4268, -30.0000, -1212.1099, 1562.4233, -30.0000, 112, 96, 74
L -1264.3976, 1537.6749, -30.0000, -1246.9684, 1528.3254, -30.0000, 84, 72, 56
L -1246.9684, 1562.4233, -30.0000, -1208.2367, 1479.0597, -30.0000, 112, 96, 74
L -1208.2367, 1479.0597, -30.0000, -1169.5051, 1562.4233, -30.0000, 112, 96, 74
L -1221.7928, 1524.9097, -30.0000, -1204.3636, 1510.7379, -30.0000, 84, 72, 56
L -1208.2367, 1479.0597, -30.0000, -1217.5323, 1448.0744, -30.0000, 150, 165, 180
L -1217.5323, 1448.0744, -30.0000, -1200.4904, 1420.9623, -30.0000, 150, 165, 180
L -692.0304, 1534.7051, -30.0000, -666.2024, 1481.6540, -30.0000, 112, 96, 74
L -666.2024, 1481.6540, -30.0000, -640.3744, 1534.7051, -30.0000, 112, 96, 74
L -675.2422, 1510.8321, -30.0000, -663.6196, 1501.8134, -30.0000, 84, 72, 56
L -663.6196, 1534.7051, -30.0000, -637.7916, 1486.8229, -30.0000, 112, 96, 74
L -637.7916, 1486.8229, -30.0000, -611.9636, 1534.7051, -30.0000, 112, 96, 74
L -646.8314, 1513.1581, -30.0000, -635.2088, 1505.0182, -30.0000, 84, 72, 56
L -635.2088, 1534.7051, -30.0000, -609.3808, 1479.1187, -30.0000, 112, 96, 74
L -609.3808, 1479.1187, -30.0000, -583.5528, 1534.7051, -30.0000, 112, 96, 74
L -618.4206, 1509.6912, -30.0000, -606.7980, 1500.2416, -30.0000, 84, 72, 56
L -609.3808, 1479.1187, -30.0000, -615.5795, 1458.4563, -30.0000, 150, 165, 180
L -615.5795, 1458.4563, -30.0000, -604.2152, 1440.3767, -30.0000, 150, 165, 180
L 0.0426, 1527.3232, -30.0000, 31.9512, 1453.8463, -30.0000, 112, 96, 74
L 31.9512, 1453.8463, -30.0000, 63.8597, 1527.3232, -30.0000, 112, 96, 74
L 20.7832, 1494.2586, -30.0000, 35.1420, 1481.7675, -30.0000, 84, 72, 56
L 35.1420, 1527.3232, -30.0000, 67.0506, 1481.3554, -30.0000, 112, 96, 74
L 67.0506, 1481.3554, -30.0000, 98.9591, 1527.3232, -30.0000, 112, 96, 74
L 55.8826, 1506.6377, -30.0000, 70.2414, 1498.8232, -30.0000, 84, 72, 56
L 126.5925, 1580.0183, -30.0000, 164.8073, 1507.0073, -30.0000, 112, 96, 74
L 164.8073, 1507.0073, -30.0000, 203.0220, 1580.0183, -30.0000, 112, 96, 74
L 151.4321, 1547.1634, -30.0000, 168.6287, 1534.7515, -30.0000, 84, 72, 56
L 168.6287, 1580.0183, -30.0000, 206.8435, 1523.1165, -30.0000, 112, 96, 74
L 206.8435, 1523.1165, -30.0000, 245.0582, 1580.0183, -30.0000, 112, 96, 74
L 193.4683, 1554.4125, -30.0000, 210.6650, 1544.7392, -30.0000, 84, 72, 56
L 333.6177, 1488.5477, -30.0000, 371.8575, 1420.0625, -30.0000, 112, 96, 74
L 371.8575, 1420.0625, -30.0000, 410.0972, 1488.5477, -30.0000, 112, 96, 74
L 358.4736, 1457.7294, -30.0000, 375.6814, 1446.0869, -30.0000, 84, 72, 56
L 375.6814, 1488.5477, -30.0000, 413.9211, 1420.6929, -30.0000, 112, 96, 74
L 413.9211, 1420.6929, -30.0000, 452.1609, 1488.5477, -30.0000, 112, 96, 74
L 400.5372, 1458.0131, -30.0000, 417.7451, 1446.4777, -30.0000, 84, 72, 56
L 473.0697, 1550.9157, -30.0000, 505.4565, 1479.2120, -30.0000, 112, 96, 74
L 505.4565, 1479.2120, -30.0000, 537.8433, 1550.9157, -30.0000, 112, 96, 74
L 494.1211, 1518.6490, -30.0000, 508.6951, 1506.4594, -30.0000, 84, 72, 56
L 508.6951, 1550.9157, -30.0000, 541.0819, 1491.9756, -30.0000, 112, 96, 74
L 541.0819, 1491.9756, -30.0000, 573.4687, 1550.9157, -30.0000, 112, 96, 74
L 529.7466, 1524.3927, -30.0000, 544.3206, 1514.3729, -30.0000, 84, 72, 56
L 544.3206, 1550.9157, -30.0000, 576.7074, 1503.4927, -30.0000, 112, 96, 74
L 576.7074, 1503.4927, -30.0000, 609.0942, 1550.9157, -30.0000, 112, 96, 74
L 565.3720, 1529.5754, -30.0000, 579.9461, 1521.5134, -30.0000, 84, 72, 56
L 600.6493, 1538.8661, -30.0000, 638.1914, 1452.7208, -30.0000, 112, 96, 74
L 638.1914, 1452.7208, -30.0000, 675.7335, 1538.8661, -30.0000, 112, 96, 74
L 625.0517, 1500.1007, -30.0000, 641.9457, 1485.4560, -30.0000, 84, 72, 56
L 641.9457, 1538.8661, -30.0000, 679.4877, 1482.1170, -30.0000, 112, 96, 74
L 679.4877, 1482.1170, -30.0000, 717.0298, 1538.8661, -30.0000, 112, 96, 74
L 666.3480, 1513.3290, -30.0000, 683.2420, 1503.6816, -30.0000, 84, 72, 56
L 683.2420, 1538.8661, -30.0000, 720.7840, 1462.9458, -30.0000, 112, 96, 74
L 720.7840, 1462.9458, -30.0000, 758.3261, 1538.8661, -30.0000, 112, 96, 74
L 707.6443, 1504.7020, -30.0000, 724.5383, 1491.7955, -30.0000, 84, 72, 56
L 638.1914, 1452.7208, -30.0000, 629.1813, 1422.6871, -30.0000, 150, 165, 180
L 629.1813, 1422.6871, -30.0000, 645.6999, 1396.4077, -30.0000, 150, 165, 180
L 804.0497, 1540.0176, -30.0000, 832.4403, 1495.4925, -30.0000, 112, 96, 74
L 832.4403, 1495.4925, -30.0000, 860.8310, 1540.0176, -30.0000, 112, 96, 74
L 822.5036, 1519.9813, -30.0000, 835.2794, 1512.4121, -30.0000, 84, 72, 56
L 835.2794, 1540.0176, -30.0000, 863.6700, 1475.9004, -30.0000, 112, 96, 74
L 863.6700, 1475.9004, -30.0000, 892.0607, 1540.0176, -30.0000, 112, 96, 74
L 853.7333, 1511.1649, -30.0000, 866.5091, 1500.2650, -30.0000, 84, 72, 56
L 866.5091, 1540.0176, -30.0000, 894.8997, 1479.9577, -30.0000, 112, 96, 74
L 894.8997, 1479.9577, -30.0000, 923.2904, 1540.0176, -30.0000, 112, 96, 74
L 884.9630, 1512.9907, -30.0000, 897.7388, 1502.7805, -30.0000, 84, 72, 56
L 863.6700, 1475.9004, -30.0000, 856.8563, 1453.1879, -30.0000, 150, 165, 180
L 856.8563, 1453.1879, -30.0000, 869.3482, 1433.3145, -30.0000, 150, 165, 180
L 957.4650, 1482.6842, -30.0000, 988.2702, 1413.2738, -30.0000, 112, 96, 74
L 988.2702, 1413.2738, -30.0000, 1019.0754, 1482.6842, -30.0000, 112, 96, 74
L 977.4884, 1451.4495, -30.0000, 991.3508, 1439.6497, -30.0000, 84, 72, 56
L 991.3508, 1482.6842, -30.0000, 1022.1560, 1422.1782, -30.0000, 112, 96, 74
L 1022.1560, 1422.1782, -30.0000, 1052.9612, 1482.6842, -30.0000, 112, 96, 74
L 1011.3741, 1455.4565, -30.0000, 1025.2365, 1445.1705, -30.0000, 84, 72, 56
L 1025.2365, 1482.6842, -30.0000, 1056.0417, 1409.5527, -30.0000, 112, 96, 74
L 1056.0417, 1409.5527, -30.0000, 1086.8469, 1482.6842, -30.0000, 112, 96, 74
L 1045.2599, 1449.7750, -30.0000, 1059.1222, 1437.3427, -30.0000, 84, 72, 56
L 1175.9085, 1495.3704, -30.0000, 1205.4919, 1439.9578, -30.0000, 112, 96, 74
L 1205.4919, 1439.9578, -30.0000, 1235.0754, 1495.3704, -30.0000, 112, 96, 74
L 1195.1377, 1470.4347, -30.0000, 1208.4502, 1461.0146, -30.0000, 84, 72, 56
L 1208.4502, 1495.3704, -30.0000, 1238.0337, 1452.7260, -30.0000, 112, 96, 74
L 1238.0337, 1452.7260, -30.0000, 1267.6171, 1495.3704, -30.0000, 112, 96, 74
L 1227.6795, 1476.1804, -30.0000, 1240.9920, 1468.9308, -30.0000, 84, 72, 56
L 1399.1625, 1533.4584, -30.0000, 1433.6289, 1456.3145, -30.0000, 112, 96, 74
L 1433.6289, 1456.3145, -30.0000, 1468.0952, 1533.4584, -30.0000, 112, 96, 74
L 1421.5656, 1498.7436, -30.0000, 1437.0755, 1485.6292, -30.0000, 84, 72, 56
L 1437.0755, 1533.4584, -30.0000, 1471.5418, 1469.8697, -30.0000, 112, 96, 74
L 1471.5418, 1469.8697, -30.0000, 1506.0082, 1533.4584, -30.0000, 112, 96, 74
L 1459.4786, 1504.8435, -30.0000, 1474.9885, 1494.0334, -30.0000, 84, 72, 56
L 1554.1078, 1508.9430, -30.0000, 1594.9783, 1431.1873, -30.0000, 112, 96, 74
L 1594.9783, 1431.1873, -30.0000, 1635.8487, 1508.9430, -30.0000, 112, 96, 74
L 1580.6736, 1473.9529, -30.0000, 1599.0653, 1460.7345, -30.0000, 84, 72, 56
L 1599.0653, 1508.9430, -30.0000, 1639.9358, 1438.3229, -30.0000, 112, 96, 74
L 1639.9358, 1438.3229, -30.0000, 1680.8062, 1508.9430, -30.0000, 112, 96, 74
L 1625.6311, 1477.1640, -30.0000, 1644.0228, 1465.1586, -30.0000, 84, 72, 56
L 1644.0228, 1508.9430, -30.0000, 1684.8933, 1432.0361, -30.0000, 112, 96, 74
L 1684.8933, 1432.0361, -30.0000, 1725.7637, 1508.9430, -30.0000, 112, 96, 74
L 1670.5886, 1474.3349, -30.0000, 1688.9803, 1461.2607, -30.0000, 84, 72, 56
L 1594.9783, 1431.1873, -30.0000, 1585.1694, 1398.4909, -30.0000, 150, 165, 180
L 1585.1694, 1398.4909, -30.0000, 1603.1524, 1369.8816, -30.0000, 150, 165, 180
L 2060.6779, 1535.4888, -30.0000, 2094.2878, 1478.0558, -30.0000, 112, 96, 74
L 2094.2878, 1478.0558, -30.0000, 2127.8976, 1535.4888, -30.0000, 112, 96, 74
L 2082.5243, 1509.6440, -30.0000, 2097.6488, 1499.8804, -30.0000, 84, 72, 56
L 2097.6488, 1535.4888, -30.0000, 2131.2586, 1477.1536, -30.0000, 112, 96, 74
L 2131.2586, 1477.1536, -30.0000, 2164.8685, 1535.4888, -30.0000, 112, 96, 74
L 2119.4952, 1509.2380, -30.0000, 2134.6196, 1499.3210, -30.0000, 84, 72, 56
L 2288.8824, 1500.7541, -30.0000, 2317.2968, 1458.9473, -30.0000, 112, 96, 74
L 2317.2968, 1458.9473, -30.0000, 2345.7111, 1500.7541, -30.0000, 112, 96, 74
L 2307.3517, 1481.9411, -30.0000, 2320.1382, 1474.8339, -30.0000, 84, 72, 56
L 2320.1382, 1500.7541, -30.0000, 2348.5525, 1459.5811, -30.0000, 112, 96, 74
L 2348.5525, 1459.5811, -30.0000, 2376.9669, 1500.7541, -30.0000, 112, 96, 74
L 2338.6075, 1482.2263, -30.0000, 2351.3940, 1475.2269, -30.0000, 84, 72, 56
L 2351.3940, 1500.7541, -30.0000, 2379.8083, 1445.0432, -30.0000, 112, 96, 74
L 2379.8083, 1445.0432, -30.0000, 2408.2227, 1500.7541, -30.0000, 112, 96, 74
L 2369.8633, 1475.6842, -30.0000, 2382.6497, 1466.2134, -30.0000, 84, 72, 56
L -2109.9924, 1734.3482, -30.0000, -2080.5592, 1683.6901, -30.0000, 112, 96, 74
L -2080.5592, 1683.6901, -30.0000, -2051.1259, 1734.3482, -30.0000, 112, 96, 74
L -2090.8608, 1711.5521, -30.0000, -2077.6158, 1702.9402, -30.0000, 84, 72, 56
L -2077.6158, 1734.3482, -30.0000, -2048.1826, 1688.1014, -30.0000, 112, 96, 74
L -2048.1826, 1688.1014, -30.0000, -2018.7493, 1734.3482, -30.0000, 112, 96, 74
L -2058.4842, 1713.5371, -30.0000, -2045.2392, 1705.6752, -30.0000, 84, 72, 56
L -2045.2392, 1734.3482, -30.0000, -2015.8060, 1667.5272, -30.0000, 112, 96, 74
L -2015.8060, 1667.5272, -30.0000, -1986.3727, 1734.3482, -30.0000, 112, 96, 74
L -2026.1076, 1704.2787, -30.0000, -2012.8627, 1692.9192, -30.0000, 84, 72, 56
L -1402.8670, 1724.7219, -30.0000, -1367.3374, 1656.4644, -30.0000, 112, 96, 74
L -1367.3374, 1656.4644, -30.0000, -1331.8078, 1724.7219, -30.0000, 112, 96, 74
L -1379.7727, 1694.0060, -30.0000, -1363.7844, 1682.4023, -30.0000, 84, 72, 56
L -1363.7844, 1724.7219, -30.0000, -1328.2548, 1647.7828, -30.0000, 112, 96, 74
L -1328.2548, 1647.7828, -30.0000, -1292.7252, 1724.7219, -30.0000, 112, 96, 74
L -1340.6902, 1690.0993, -30.0000, -1324.7019, 1677.0196, -30.0000, 84, 72, 56
L -1318.9265, 1726.8846, -30.0000, -1287.1360, 1671.2256, -30.0000, 112, 96, 74
L -1287.1360, 1671.2256, -30.0000, -1255.3456, 1726.8846, -30.0000, 112, 96, 74
L -1298.2627, 1701.8380, -30.0000, -1283.9570, 1692.3760, -30.0000, 84, 72, 56
L -1283.9570, 1726.8846, -30.0000, -1252.1665, 1675.5188, -30.0000, 112, 96, 74
L -1252.1665, 1675.5188, -30.0000, -1220.3760, 1726.8846, -30.0000, 112, 96, 74
L -1263.2932, 1703.7700, -30.0000, -1248.9875, 1695.0378, -30.0000, 84, 72, 56
L -1248.9875, 1726.8846, -30.0000, -1217.1970, 1669.5218, -30.0000, 112, 96, 74
L -1217.1970, 1669.5218, -30.0000, -1185.4065, 1726.8846, -30.0000, 112, 96, 74
L -1228.3236, 1701.0714, -30.0000, -1214.0179, 1691.3197, -30.0000, 84, 72, 56
L -699.1157, 1672.9432, -30.0000, -659.7049, 1595.9047, -30.0000, 112, 96, 74
L -659.7049, 1595.9047, -30.0000, -620.2941, 1672.9432, -30.0000, 112, 96, 74
L -673.4987, 1638.2759, -30.0000, -655.7638, 1625.1793, -30.0000, 84, 72, 56
L -655.7638, 1672.9432, -30.0000, -616.3530, 1582.4018, -30.0000, 112, 96, 74
L -616.3530, 1582.4018, -30.0000, -576.9423, 1672.9432, -30.0000, 112, 96, 74
L -630.1468, 1632.1996, -30.0000, -612.4120, 1616.8076, -30.0000, 84, 72, 56
L -235.9788, 1675.7388, -30.0000, -194.1487, 1617.1359, -30.0000, 112, 96, 74
L -194.1487, 1617.1359, -30.0000, -152.3186, 1675.7388, -30.0000, 112, 96, 74
L -208.7892, 1649.3675, -30.0000, -189.9657, 1639.4050, -30.0000, 84, 72, 56
L -189.9657, 1675.7388, -30.0000, -148.1355, 1598.3779, -30.0000, 112, 96, 74
L -148.1355, 1598.3779, -30.0000, -106.3054, 1675.7388, -30.0000, 112, 96, 74
L -162.7761, 1640.9264, -30.0000, -143.9525, 1627.7750, -30.0000, 84, 72, 56
L 128.6075, 1753.0217, -30.0000, 162.7277, 1678.8163, -30.0000, 112, 96, 74
L 162.7277, 1678.8163, -30.0000, 196.8479, 1753.0217, -30.0000, 112, 96, 74
L 150.7856, 1719.6293, -30.0000, 166.1397, 1707.0144, -30.0000, 84, 72, 56
L 166.1397, 1753.0217, -30.0000, 200.2599, 1687.0534, -30.0000, 112, 96, 74
L 200.2599, 1687.0534, -30.0000, 234.3801, 1753.0217, -30.0000, 112, 96, 74
L 188.3178, 1723.3360, -30.0000, 203.6719, 1712.1214, -30.0000, 84, 72, 56
L 162.7277, 1678.8163, -30.0000, 154.5388, 1651.5202, -30.0000, 150, 165, 180
L 154.5388, 1651.5202, -30.0000, 169.5517, 1627.6360, -30.0000, 150, 165, 180
L 274.4581, 1679.6988, -30.0000, 309.6612, 1612.8174, -30.0000, 112, 96, 74
L 309.6612, 1612.8174, -30.0000, 344.8642, 1679.6988, -30.0000, 112, 96, 74
L 297.3401, 1649.6021, -30.0000, 313.1815, 1638.2323, -30.0000, 84, 72, 56
L 313.1815, 1679.6988, -30.0000, 348.3845, 1612.1182, -30.0000, 112, 96, 74
L 348.3845, 1612.1182, -30.0000, 383.5876, 1679.6988, -30.0000, 112, 96, 74
L 336.0635, 1649.2875, -30.0000, 351.9048, 1637.7988, -30.0000, 84, 72, 56
L 450.0844, 1676.2289, -30.0000, 480.4499, 1621.2001, -30.0000, 112, 96, 74
L 480.4499, 1621.2001, -30.0000, 510.8154, 1676.2289, -30.0000, 112, 96, 74
L 469.8220, 1651.4660, -30.0000, 483.4864, 1642.1111, -30.0000, 84, 72, 56
L 483.4864, 1676.2289, -30.0000, 513.8519, 1619.5370, -30.0000, 112, 96, 74
L 513.8519, 1619.5370, -30.0000, 544.2174, 1676.2289, -30.0000, 112, 96, 74
L 503.2240, 1650.7176, -30.0000, 516.8885, 1641.0799, -30.0000, 84, 72, 56
L 513.8519, 1619.5370, -30.0000, 506.5642, 1595.2446, -30.0000, 150, 165, 180
L 506.5642, 1595.2446, -30.0000, 519.9250, 1573.9887, -30.0000, 150, 165, 180
L 630.2063, 1752.4849, -30.0000, 663.5853, 1677.9388, -30.0000, 112, 96, 74
L 663.5853, 1677.9388, -30.0000, 696.9643, 1752.4849, -30.0000, 112, 96, 74
L 651.9026, 1718.9392, -30.0000, 666.9232, 1706.2663, -30.0000, 84, 72, 56
L 666.9232, 1752.4849, -30.0000, 700.3021, 1678.2795, -30.0000, 112, 96, 74
L 700.3021, 1678.2795, -30.0000, 733.6811, 1752.4849, -30.0000, 112, 96, 74
L 688.6195, 1719.0925, -30.0000, 703.6400, 1706.4776, -30.0000, 84, 72, 56
L 663.5853, 1677.9388, -30.0000, 655.5743, 1651.2357, -30.0000, 150, 165, 180
L 655.5743, 1651.2357, -30.0000, 670.2611, 1627.8704, -30.0000, 150, 165, 180
L 844.7329, 1687.0263, -30.0000, 869.9363, 1637.2476, -30.0000, 112, 96, 74
L 869.9363, 1637.2476, -30.0000, 895.1397, 1687.0263, -30.0000, 112, 96, 74
L 861.1151, 1664.6259, -30.0000, 872.4566, 1656.1635, -30.0000, 84, 72, 56
L 872.4566, 1687.0263, -30.0000, 897.6601, 1626.8390, -30.0000, 112, 96, 74
L 897.6601, 1626.8390, -30.0000, 922.8635, 1687.0263, -30.0000, 112, 96, 74
L 888.8389, 1659.9420, -30.0000, 900.1804, 1649.7102, -30.0000, 84, 72, 56
L 1004.0288, 1726.6997, -30.0000, 1041.9611, 1662.3328, -30.0000, 112, 96, 74
L 1041.9611, 1662.3328, -30.0000, 1079.8934, 1726.6997, -30.0000, 112, 96, 74
L 1028.6848, 1697.7346, -30.0000, 1045.7543, 1686.7922, -30.0000, 84, 72, 56
L 1045.7543, 1726.6997, -30.0000, 1083.6867, 1636.2869, -30.0000, 112, 96, 74
L 1083.6867, 1636.2869, -30.0000, 1121.6190, 1726.6997, -30.0000, 112, 96, 74
L 1070.4104, 1686.0140, -30.0000, 1087.4799, 1670.6438, -30.0000, 84, 72, 56
L 1087.4799, 1726.6997, -30.0000, 1125.4122, 1640.1712, -30.0000, 112, 96, 74
L 1125.4122, 1640.1712, -30.0000, 1163.3445, 1726.6997, -30.0000, 112, 96, 74
L 1112.1359, 1687.7619, -30.0000, 1129.2055, 1673.0520, -30.0000, 84, 72, 56
L 1083.6867, 1636.2869, -30.0000, 1074.5829, 1605.9411, -30.0000, 150, 165, 180
L 1074.5829, 1605.9411, -30.0000, 1091.2731, 1579.3884, -30.0000, 150, 165, 180
L 1371.2866, 1672.8501, -30.0000, 1396.1187, 1632.8950, -30.0000, 112, 96, 74
L 1396.1187, 1632.8950, -30.0000, 1420.9509, 1672.8501, -30.0000, 112, 96, 74
L 1387.4275, 1654.8703, -30.0000, 1398.6019, 1648.0779, -30.0000, 84, 72, 56
L 1398.6019, 1672.8501, -30.0000, 1423.4341, 1636.2613, -30.0000, 112, 96, 74
L 1423.4341, 1636.2613, -30.0000, 1448.2662, 1672.8501, -30.0000, 112, 96, 74
L 1414.7428, 1656.3851, -30.0000, 1425.9173, 1650.1650, -30.0000, 84, 72, 56
L 1396.1187, 1632.8950, -30.0000, 1390.1590, 1613.0293, -30.0000, 150, 165, 180
L 1390.1590, 1613.0293, -30.0000, 1401.0851, 1595.6468, -30.0000, 150, 165, 180
L 1579.0943, 1716.0523, -30.0000, 1604.3113, 1668.1553, -30.0000, 112, 96, 74
L 1604.3113, 1668.1553, -30.0000, 1629.5284, 1716.0523, -30.0000, 112, 96, 74
L 1595.4854, 1694.4986, -30.0000, 1606.8330, 1686.3561, -30.0000, 84, 72, 56
L 1606.8330, 1716.0523, -30.0000, 1632.0501, 1655.7083, -30.0000, 112, 96, 74
L 1632.0501, 1655.7083, -30.0000, 1657.2671, 1716.0523, -30.0000, 112, 96, 74
L 1623.2241, 1688.8975, -30.0000, 1634.5718, 1678.6390, -30.0000, 84, 72, 56
L 1632.0501, 1655.7083, -30.0000, 1625.9980, 1635.5347, -30.0000, 150, 165, 180
L 1625.9980, 1635.5347, -30.0000, 1637.0935, 1617.8828, -30.0000, 150, 165, 180
L 1759.3183, 1740.3014, -30.0000, 1782.9056, 1698.2112, -30.0000, 112, 96, 74
L 1782.9056, 1698.2112, -30.0000, 1806.4929, 1740.3014, -30.0000, 112, 96, 74
L 1774.6501, 1721.3608, -30.0000, 1785.2643, 1714.2055, -30.0000, 84, 72, 56
L 1785.2643, 1740.3014, -30.0000, 1808.8516, 1700.4207, -30.0000, 112, 96, 74
L 1808.8516, 1700.4207, -30.0000, 1832.4389, 1740.3014, -30.0000, 112, 96, 74
L 1800.5961, 1722.3551, -30.0000, 1811.2103, 1715.5754, -30.0000, 84, 72, 56
L 2100.5817, 1680.9510, -30.0000, 2131.1036, 1638.0440, -30.0000, 112, 96, 74
L 2131.1036, 1638.0440, -30.0000, 2161.6256, 1680.9510, -30.0000, 112, 96, 74
L 2120.4210, 1661.6428, -30.0000, 2134.1558, 1654.3486, -30.0000, 84, 72, 56
L 2134.1558, 1680.9510, -30.0000, 2164.6778, 1607.7120, -30.0000, 112, 96, 74
L 2164.6778, 1607.7120, -30.0000, 2195.1997, 1680.9510, -30.0000, 112, 96, 74
L 2153.9951, 1647.9934, -30.0000, 2167.7300, 1635.5428, -30.0000, 84, 72, 56
L 2164.6778, 1607.7120, -30.0000, 2157.3525, 1583.2945, -30.0000, 150, 165, 180
L 2157.3525, 1583.2945, -30.0000, 2170.7822, 1561.9291, -30.0000, 150, 165, 180
L 2182.1556, 1678.1036, -30.0000, 2216.7486, 1623.0419, -30.0000, 112, 96, 74
L 2216.7486, 1623.0419, -30.0000, 2251.3416, 1678.1036, -30.0000, 112, 96, 74
L 2204.6410, 1653.3258, -30.0000, 2220.2079, 1643.9653, -30.0000, 84, 72, 56
L 2220.2079, 1678.1036, -30.0000, 2254.8009, 1597.1057, -30.0000, 112, 96, 74
L 2254.8009, 1597.1057, -30.0000, 2289.3939, 1678.1036, -30.0000, 112, 96, 74
L 2242.6933, 1641.6546, -30.0000, 2258.2602, 1627.8849, -30.0000, 84, 72, 56
L 2258.2602, 1678.1036, -30.0000, 2292.8532, 1611.7267, -30.0000, 112, 96, 74
L 2292.8532, 1611.7267, -30.0000, 2327.4462, 1678.1036, -30.0000, 112, 96, 74
L 2280.7456, 1648.2340, -30.0000, 2296.3125, 1636.9499, -30.0000, 84, 72, 56
L -2092.2010, 1866.7065, -30.0000, -2055.9185, 1794.1616, -30.0000, 112, 96, 74
L -2055.9185, 1794.1616, -30.0000, -2019.6360, 1866.7065, -30.0000, 112, 96, 74
L -2068.6174, 1834.0613, -30.0000, -2052.2903, 1821.7286, -30.0000, 84, 72, 56
L -2052.2903, 1866.7065, -30.0000, -2016.0078, 1788.9222, -30.0000, 112, 96, 74
L -2016.0078, 1788.9222, -30.0000, -1979.7253, 1866.7065, -30.0000, 112, 96, 74
L -2028.7066, 1831.7036, -30.0000, -2012.3795, 1818.4802, -30.0000, 84, 72, 56
L -1898.9020, 1899.6939, -30.0000, -1871.6045, 1840.5040, -30.0000, 112, 96, 74
L -1871.6045, 1840.5040, -30.0000, -1844.3071, 1899.6939, -30.0000, 112, 96, 74
L -1881.1586, 1873.0584, -30.0000, -1868.8748, 1862.9961, -30.0000, 84, 72, 56
L -1868.8748, 1899.6939, -30.0000, -1841.5773, 1856.4773, -30.0000, 112, 96, 74
L -1841.5773, 1856.4773, -30.0000, -1814.2799, 1899.6939, -30.0000, 112, 96, 74
L -1851.1314, 1880.2465, -30.0000, -1838.8476, 1872.8996, -30.0000, 84, 72, 56
L -1871.6045, 1840.5040, -30.0000, -1878.1559, 1818.6660, -30.0000, 150, 165, 180
L -1878.1559, 1818.6660, -30.0000, -1866.1450, 1799.5578, -30.0000, 150, 165, 180
L -1444.1051, 1848.2972, -30.0000, -1409.8787, 1783.1894, -30.0000, 112, 96, 74
L -1409.8787, 1783.1894, -30.0000, -1375.6523, 1848.2972, -30.0000, 112, 96, 74
L -1421.8579, 1818.9987, -30.0000, -1406.4561, 1807.9304, -30.0000, 84, 72, 56
L -1406.4561, 1848.2972, -30.0000, -1372.2297, 1790.3272, -30.0000, 112, 96, 74
L -1372.2297, 1790.3272, -30.0000, -1338.0033, 1848.2972, -30.0000, 112, 96, 74
L -1384.2089, 1822.2107, -30.0000, -1368.8070, 1812.3558, -30.0000, 84, 72, 56
L -1056.2448, 1907.0795, -30.0000, -1015.5036, 1817.3473, -30.0000, 112, 96, 74
L -1015.5036, 1817.3473, -30.0000, -974.7624, 1907.0795, -30.0000, 112, 96, 74
L -1029.7630, 1866.7000, -30.0000, -1011.4295, 1851.4455, -30.0000, 84, 72, 56
L -1011.4295, 1907.0795, -30.0000, -970.6883, 1833.6826, -30.0000, 112, 96, 74
L -970.6883, 1833.6826, -30.0000, -929.9471, 1907.0795, -30.0000, 112, 96, 74
L -984.9477, 1874.0509, -30.0000, -966.6142, 1861.5734, -30.0000, 84, 72, 56
L -257.9604, 1916.9638, -30.0000, -228.7759, 1859.3047, -30.0000, 112, 96, 74
L -228.7759, 1859.3047, -30.0000, -199.5914, 1916.9638, -30.0000, 112, 96, 74
L -238.9905, 1891.0172, -30.0000, -225.8575, 1881.2152, -30.0000, 84, 72, 56
L -225.8575, 1916.9638, -30.0000, -196.6730, 1866.7052, -30.0000, 112, 96, 74
L -196.6730, 1866.7052, -30.0000, -167.4884, 1916.9638, -30.0000, 112, 96, 74
L -206.8875, 1894.3474, -30.0000, -193.7545, 1885.8035, -30.0000, 84, 72, 56
L -193.7545, 1916.9638, -30.0000, -164.5700, 1868.1770, -30.0000, 112, 96, 74
L -164.5700, 1868.1770, -30.0000, -135.3855, 1916.9638, -30.0000, 112, 96, 74
L -174.7846, 1895.0098, -30.0000, -161.6515, 1886.7160, -30.0000, 84, 72, 56
L 159.5042, 1836.2416, -30.0000, 192.9665, 1784.5984, -30.0000, 112, 96, 74
L 192.9665, 1784.5984, -30.0000, 226.4288, 1836.2416, -30.0000, 112, 96, 74
L 181.2547, 1813.0022, -30.0000, 196.3128, 1804.2228, -30.0000, 84, 72, 56
L 196.3128, 1836.2416, -30.0000, 229.7751, 1787.2726, -30.0000, 112, 96, 74
L 229.7751, 1787.2726, -30.0000, 263.2374, 1836.2416, -30.0000, 112, 96, 74
L 218.0633, 1814.2055, -30.0000, 233.1213, 1805.8808, -30.0000, 84, 72, 56
L 677.4819, 1844.3449, -30.0000, 703.7572, 1805.2262, -30.0000, 112, 96, 74
L 703.7572, 1805.2262, -30.0000, 730.0325, 1844.3449, -30.0000, 112, 96, 74
L 694.5608, 1826.7415, -30.0000, 706.3847, 1820.0913, -30.0000, 84, 72, 56
L 706.3847, 1844.3449, -30.0000, 732.6600, 1786.5384, -30.0000, 112, 96, 74
L 732.6600, 1786.5384, -30.0000, 758.9353, 1844.3449, -30.0000, 112, 96, 74
L 723.4636, 1818.3319, -30.0000, 735.2875, 1808.5048, -30.0000, 84, 72, 56
L 732.6600, 1786.5384, -30.0000, 726.3539, 1765.5181, -30.0000, 150, 165, 180
L 726.3539, 1765.5181, -30.0000, 737.9150, 1747.1254, -30.0000, 150, 165, 180
L 818.3613, 1884.5256, -30.0000, 860.0145, 1817.9709, -30.0000, 112, 96, 74
L 860.0145, 1817.9709, -30.0000, 901.6678, 1884.5256, -30.0000, 112, 96, 74
L 845.4359, 1854.5760, -30.0000, 864.1799, 1843.2617, -30.0000, 84, 72, 56
L 864.1799, 1884.5256, -30.0000, 905.8331, 1798.3115, -30.0000, 112, 96, 74
L 905.8331, 1798.3115, -30.0000, 947.4864, 1884.5256, -30.0000, 112, 96, 74
L 891.2545, 1845.7293, -30.0000, 909.9984, 1831.0729, -30.0000, 84, 72, 56
L 1049.7725, 1842.5921, -30.0000, 1077.5228, 1800.6762, -30.0000, 112, 96, 74
L 1077.5228, 1800.6762, -30.0000, 1105.2731, 1842.5921, -30.0000, 112, 96, 74
L 1067.8102, 1823.7300, -30.0000, 1080.2978, 1816.6042, -30.0000, 84, 72, 56
L 1080.2978, 1842.5921, -30.0000, 1108.0481, 1793.2220, -30.0000, 112, 96, 74
L 1108.0481, 1793.2220, -30.0000, 1135.7983, 1842.5921, -30.0000, 112, 96, 74
L 1098.3355, 1820.3756, -30.0000, 1110.8231, 1811.9826, -30.0000, 84, 72, 56
L 1551.7952, 1853.0530, -30.0000, 1591.7096, 1795.5254, -30.0000, 112, 96, 74
L 1591.7096, 1795.5254, -30.0000, 1631.6240, 1853.0530, -30.0000, 112, 96, 74
L 1577.7395, 1827.1656, -30.0000, 1595.7010, 1817.3859, -30.0000, 84, 72, 56
L 1595.7010, 1853.0530, -30.0000, 1635.6154, 1762.8080, -30.0000, 112, 96, 74
L 1635.6154, 1762.8080, -30.0000, 1675.5299, 1853.0530, -30.0000, 112, 96, 74
L 1621.6454, 1812.4428, -30.0000, 1639.6069, 1797.1011, -30.0000, 84, 72, 56
L 1639.6069, 1853.0530, -30.0000, 1679.5213, 1780.8070, -30.0000, 112, 96, 74
L 1679.5213, 1780.8070, -30.0000, 1719.4357, 1853.0530, -30.0000, 112, 96, 74
L 1665.5513, 1820.5423, -30.0000, 1683.5128, 1808.2605, -30.0000, 84, 72, 56
L 1727.6263, 1871.7148, -30.0000, 1756.0134, 1821.3828, -30.0000, 112, 96, 74
L 1756.0134, 1821.3828, -30.0000, 1784.4005, 1871.7148, -30.0000, 112, 96, 74
L 1746.0780, 1849.0654, -30.0000, 1758.8522, 1840.5089, -30.0000, 84, 72, 56
L 1758.8522, 1871.7148, -30.0000, 1787.2393, 1812.1199, -30.0000, 112, 96, 74
L 1787.2393, 1812.1199, -30.0000, 1815.6264, 1871.7148, -30.0000, 112, 96, 74
L 1777.3038, 1844.8971, -30.0000, 1790.0780, 1834.7659, -30.0000, 84, 72, 56
L 1787.2393, 1812.1199, -30.0000, 1780.4264, 1789.4102, -30.0000, 150, 165, 180
L 1780.4264, 1789.4102, -30.0000, 1792.9167, 1769.5392, -30.0000, 150, 165, 180
L 2040.0663, 1933.3300, -30.0000, 2078.6920, 1871.2551, -30.0000, 112, 96, 74
L 2078.6920, 1871.2551, -30.0000, 2117.3178, 1933.3300, -30.0000, 112, 96, 74
L 2065.1730, 1905.3963, -30.0000, 2082.5546, 1894.8436, -30.0000, 84, 72, 56
L 2082.5546, 1933.3300, -30.0000, 2121.1804, 1850.5639, -30.0000, 112, 96, 74
L 2121.1804, 1850.5639, -30.0000, 2159.8062, 1933.3300, -30.0000, 112, 96, 74
L 2107.6614, 1896.0853, -30.0000, 2125.0430, 1882.0151, -30.0000, 84, 72, 56
L 2279.6695, 1902.1017, -30.0000, 2317.2907, 1813.4942, -30.0000, 112, 96, 74
L 2317.2907, 1813.4942, -30.0000, 2354.9119, 1902.1017, -30.0000, 112, 96, 74
L 2304.1233, 1862.2283, -30.0000, 2321.0528, 1847.1651, -30.0000, 84, 72, 56
L 2321.0528, 1902.1017, -30.0000, 2358.6740, 1834.2521, -30.0000, 112, 96, 74
L 2358.6740, 1834.2521, -30.0000, 2396.2953, 1902.1017, -30.0000, 112, 96, 74
L 2345.5066, 1871.5694, -30.0000, 2362.4362, 1860.0350, -30.0000, 84, 72, 56
