L -2712.0000, -2573.0000, 0.0000,  -2621.7207, -2605.0000, 0.0000,  150, 60, 25
L  -2563.4479, 2621.5662, 0.0000, -2473.1691, 2653.5662, 0.0000,  45, 95, 55
L -2531.4419, -2573.0000, 0.0000,  -2441.1626, -2605.0000, 0.0000,  150, 60, 25
L -2441.1626, -2605.0000, 0.0000,  -2350.8835, -2573.0000, 0.0000,  45, 95, 55
L -2350.8835, -2573.0000, 0.0000,  -2260.6045, -2605.0000, 0.0000,  150, 60, 25
L -2260.6045, -2605.0000, 0.0000,  -2170.3254, -2573.0000, 0.0000,  45, 95, 55
L -2170.3254, -2573.0000, 0.0000,  -2080.0464, -2605.0000, 0.0000,  150, 60, 25
L -2080.0464, -2605.0000, 0.0000,  -1989.7673, -2573.0000, 0.0000,  45, 95, 55
L -1989.7673, -2573.0000, 0.0000,  -1899.4883, -2605.0000, 0.0000,  150, 60, 25
L -1899.4883, -2605.0000, 0.0000,  -1809.2092, -2573.0000, 0.0000,  45, 95, 55
L -1809.2092, -2573.0000, 0.0000,  -1718.9302, -2605.0000, 0.0000,  150, 60, 25
L -1718.9302, -2605.0000, 0.0000,  -1628.6511, -2573.0000, 0.0000,  45, 95, 55
L -1628.6511, -2573.0000, 0.0000,  -1538.3721, -2605.0000, 0.0000,  150, 60, 25
L -1538.3721, -2605.0000, 0.0000,  -1448.0929, -2573.0000, 0.0000,  45, 95, 55
L -1448.0929, -2573.0000, 0.0000,  -1357.8140, -2605.0000, 0.0000,  150, 60, 25
L -1357.8140, -2605.0000, 0.0000,  -1267.5348, -2573.0000, 0.0000,  45, 95, 55
L -1267.5348, -2573.0000, 0.0000,  -1177.2557, -2605.0000, 0.0000,  150, 60, 25
L -1177.2557, -2605.0000, 0.0000,  -1086.9767, -2573.0000, 0.0000,  45, 95, 55
L -1086.9767, -2573.0000, 0.0000,  -996.6977, -2605.0000, 0.0000,  150, 60, 25
L -996.6977, -2605.0000, 0.0000,  -906.4186, -2573.0000, 0.0000,  45, 95, 55
L -906.4186, -2573.0000, 0.0000,  -816.1395, -2605.0000, 0.0000,  150, 60, 25
L -816.1395, -2605.0000, 0.0000,  -725.8605, -2573.0000, 0.0000,  45, 95, 55
L -725.8605, -2573.0000, 0.0000,  -635.5814, -2605.0000, 0.0000,  150, 60, 25
L -635.5814, -2605.0000, 0.0000,  -545.3022, -2573.0000, 0.0000,  45, 95, 55
L -545.3022, -2573.0000, 0.0000,  -455.0233, -2605.0000, 0.0000,  150, 60, 25
L -455.0233, -2605.0000, 0.0000,  -364.7442, -2573.0000, 0.0000,  45, 95, 55
L -364.7442, -2573.0000, 0.0000,  -274.4651, -2605.0000, 0.0000,  150, 60, 25
L -274.4651, -2605.0000, 0.0000,  -184.1860, -2573.0000, 0.0000,  45, 95, 55
L -184.1860, -2573.0000, 0.0000,  -93.9070, -2605.0000, 0.0000,  150, 60, 25
L -93.9070, -2605.0000, 0.0000,  -3.6279, -2573.0000, 0.0000,  45, 95, 55
L -3.6279, -2573.0000, 0.0000,  86.6512, -2605.0000, 0.0000,  150, 60, 25
L 86.6512, -2605.0000, 0.0000,  176.9302, -2573.0000, 0.0000,  45, 95, 55
L 176.9302, -2573.0000, 0.0000,  267.2093, -2605.0000, 0.0000,  150, 60, 25
L 267.2093, -2605.0000, 0.0000,  357.4884, -2573.0000, 0.0000,  45, 95, 55
L 357.4884, -2573.0000, 0.0000,  447.7674, -2605.0000, 0.0000,  150, 60, 25
L 447.7674, -2605.0000, 0.0000,  538.0464, -2573.0000, 0.0000,  45, 95, 55
L 538.0464, -2573.0000, 0.0000,  628.3256, -2605.0000, 0.0000,  150, 60, 25
L 628.3256, -2605.0000, 0.0000,  718.6047, -2573.0000, 0.0000,  45, 95, 55
L 718.6047, -2573.0000, 0.0000,  808.8837, -2605.0000, 0.0000,  150, 60, 25
L 808.8837, -2605.0000, 0.0000,  899.1628, -2573.0000, 0.0000,  45, 95, 55
L 899.1628, -2573.0000, 0.0000,  989.4419, -2605.0000, 0.0000,  150, 60, 25
L 989.4419, -2605.0000, 0.0000,  1079.7208, -2573.0000, 0.0000,  45, 95, 55
L 1079.7208, -2573.0000, 0.0000,  1170.0000, -2605.0000, 0.0000,  150, 60, 25
L 1170.0000, -2573.0000, 0.0000,  1202.0000, -2482.6897, 0.0000,  150, 60, 25
L 1202.0000, -2482.6897, 0.0000,  1170.0000, -2392.3792, 0.0000,  45, 95, 55
L 1170.0000, -2392.3792, 0.0000,  1202.0000, -2302.0688, 0.0000,  150, 60, 25
L 1202.0000, -2302.0688, 0.0000,  1170.0000, -2211.7585, 0.0000,  45, 95, 55
L 1170.0000, -2211.7585, 0.0000,  1202.0000, -2121.4482, 0.0000,  150, 60, 25
L 1202.0000, -2121.4482, 0.0000,  1170.0000, -2031.1378, 0.0000,  45, 95, 55
L 1170.0000, -2031.1378, 0.0000,  1202.0000, -1940.8275, 0.0000,  150, 60, 25
L 1202.0000, -1940.8275, 0.0000,  1170.0000, -1850.5171, 0.0000,  45, 95, 55
L 1170.0000, -1850.5171, 0.0000,  1202.0000, -1760.2068, 0.0000,  150, 60, 25
L 1202.0000, -1760.2068, 0.0000,  1170.0000, -1669.8965, 0.0000,  45, 95, 55
L 1170.0000, -1669.8965, 0.0000,  1202.0000, -1579.5862, 0.0000,  150, 60, 25
L 1202.0000, -1579.5862, 0.0000,  1170.0000, -1489.2759, 0.0000,  45, 95, 55
L 1170.0000, -1489.2759, 0.0000,  1202.0000, -1398.9655, 0.0000,  150, 60, 25
L 1202.0000, -1398.9655, 0.0000,  1170.0000, -1308.6552, 0.0000,  45, 95, 55
L 1170.0000, -1308.6552, 0.0000,  1202.0000, -1218.3447, 0.0000,  150, 60, 25
L 1202.0000, -1218.3447, 0.0000,  1170.0000, -1128.0344, 0.0000,  45, 95, 55
L 1170.0000, -1128.0344, 0.0000,  1202.0000, -1037.7240, 0.0000,  150, 60, 25
L 1202.0000, -1037.7240, 0.0000,  1170.0000, -947.4138, 0.0000,  45, 95, 55
L 1170.0000, -947.4138, 0.0000,  1202.0000, -857.1034, 0.0000,  150, 60, 25
L 1202.0000, -857.1034, 0.0000,  1170.0000, -766.7931, 0.0000,  45, 95, 55
L 1170.0000, -766.7931, 0.0000,  1202.0000, -676.4828, 0.0000,  150, 60, 25
L 1202.0000, -676.4828, 0.0000,  1170.0000, -586.1724, 0.0000,  45, 95, 55
L 1170.0000, -586.1724, 0.0000,  1202.0000, -495.8621, 0.0000,  150, 60, 25
L 1202.0000, -495.8621, 0.0000,  1170.0000, -405.5517, 0.0000,  45, 95, 55
L 1170.0000, -405.5517, 0.0000,  1202.0000, -315.2414, 0.0000,  150, 60, 25
L 1202.0000, -315.2414, 0.0000,  1170.0000, -224.9310, 0.0000,  45, 95, 55
L 1170.0000, -224.9310, 0.0000,  1202.0000, -134.6207, 0.0000,  150, 60, 25
L 1202.0000, -134.6207, 0.0000,  1170.0000, -44.3103, 0.0000,  45, 95, 55
L 1170.0000, -44.3103, 0.0000,  1202.0000, 46.0000, 0.0000,  150, 60, 25
L 1202.0000, 46.0000, 0.0000,  1170.0000, 136.3103, 0.0000,  45, 95, 55
L 1170.0000, 136.3103, 0.0000,  1202.0000, 226.6207, 0.0000,  150, 60, 25
L 1202.0000, 226.6207, 0.0000,  1170.0000, 316.9310, 0.0000,  45, 95, 55
L 1170.0000, 316.9310, 0.0000,  1202.0000, 407.2414, 0.0000,  150, 60, 25
L 1202.0000, 407.2414, 0.0000,  1170.0000, 497.5517, 0.0000,  45, 95, 55
L 1170.0000, 497.5517, 0.0000,  1202.0000, 587.8621, 0.0000,  150, 60, 25
L 1202.0000, 587.8621, 0.0000,  1170.0000, 678.1724, 0.0000,  45, 95, 55
L 1170.0000, 678.1724, 0.0000,  1202.0000, 768.4828, 0.0000,  150, 60, 25
L 1202.0000, 768.4828, 0.0000,  1170.0000, 858.7931, 0.0000,  45, 95, 55
L 1170.0000, 858.7931, 0.0000,  1202.0000, 949.1034, 0.0000,  150, 60, 25
L 1202.0000, 949.1034, 0.0000,  1170.0000, 1039.4137, 0.0000,  45, 95, 55
L 1170.0000, 1039.4137, 0.0000,  1202.0000, 1129.7240, 0.0000,  150, 60, 25
L 1202.0000, 1129.7240, 0.0000,  1170.0000, 1220.0344, 0.0000,  45, 95, 55
L 1170.0000, 1220.0344, 0.0000,  1202.0000, 1310.3447, 0.0000,  150, 60, 25
L 1202.0000, 1310.3447, 0.0000,  1170.0000, 1400.6552, 0.0000,  45, 95, 55
L 1170.0000, 1400.6552, 0.0000,  1202.0000, 1490.9655, 0.0000,  150, 60, 25
L 1202.0000, 1490.9655, 0.0000,  1170.0000, 1581.2759, 0.0000,  45, 95, 55
L 1170.0000, 1581.2759, 0.0000,  1202.0000, 1671.5862, 0.0000,  150, 60, 25
L 1202.0000, 1671.5862, 0.0000,  1170.0000, 1761.8965, 0.0000,  45, 95, 55
L 1170.0000, 1761.8965, 0.0000,  1202.0000, 1852.2068, 0.0000,  150, 60, 25
L 1202.0000, 1852.2068, 0.0000,  1170.0000, 1942.5171, 0.0000,  45, 95, 55
L 1170.0000, 1942.5171, 0.0000,  1202.0000, 2032.8275, 0.0000,  150, 60, 25
L 1202.0000, 2032.8275, 0.0000,  1170.0000, 2123.1377, 0.0000,  45, 95, 55
L 1170.0000, 2123.1377, 0.0000,  1202.0000, 2213.4482, 0.0000,  150, 60, 25
L 1202.0000, 2213.4482, 0.0000,  1170.0000, 2303.7585, 0.0000,  45, 95, 55
L 1170.0000, 2303.7585, 0.0000,  1202.0000, 2394.0688, 0.0000,  150, 60, 25
L 1202.0000, 2394.0688, 0.0000,  1170.0000, 2484.3792, 0.0000,  45, 95, 55
L 1170.0000, 2484.3792, 0.0000,  1202.0000, 2574.6897, 0.0000,  150, 60, 25
L 1202.0000, 2574.6897, 0.0000,  1170.0000, 2665.0000, 0.0000,  45, 95, 55
L 1170.0000, 2665.0000, 0.0000,  1079.7208, 2697.0000, 0.0000,  150, 60, 25
L 1079.7208, 2697.0000, 0.0000,  989.4419, 2665.0000, 0.0000,  45, 95, 55
L 989.4419, 2665.0000, 0.0000,  899.1628, 2697.0000, 0.0000,  150, 60, 25
L 899.1628, 2697.0000, 0.0000,  808.8837, 2665.0000, 0.0000,  45, 95, 55
L 808.8837, 2665.0000, 0.0000,  718.6047, 2697.0000, 0.0000,  150, 60, 25
L 718.6047, 2697.0000, 0.0000,  628.3256, 2665.0000, 0.0000,  45, 95, 55
L 628.3256, 2665.0000, 0.0000,  538.0464, 2697.0000, 0.0000,  150, 60, 25
L 538.0464, 2697.0000, 0.0000,  447.7674, 2665.0000, 0.0000,  45, 95, 55
L 447.7674, 2665.0000, 0.0000,  357.4884, 2697.0000, 0.0000,  150, 60, 25
L 357.4884, 2697.0000, 0.0000,  267.2093, 2665.0000, 0.0000,  45, 95, 55
L 267.2093, 2665.0000, 0.0000,  176.9302, 2697.0000, 0.0000,  150, 60, 25
L 176.9302, 2697.0000, 0.0000,  86.6512, 2665.0000, 0.0000,  45, 95, 55
L 86.6512, 2665.0000, 0.0000,  -3.6279, 2697.0000, 0.0000,  150, 60, 25
L -3.6279, 2697.0000, 0.0000,  -93.9070, 2665.0000, 0.0000,  45, 95, 55
L -93.9070, 2665.0000, 0.0000,  -184.1860, 2697.0000, 0.0000,  150, 60, 25
L -184.1860, 2697.0000, 0.0000,  -274.4651, 2665.0000, 0.0000,  45, 95, 55
L -274.4651, 2665.0000, 0.0000,  -364.7442, 2697.0000, 0.0000,  150, 60, 25
L -364.7442, 2697.0000, 0.0000,  -455.0233, 2665.0000, 0.0000,  45, 95, 55
L -455.0233, 2665.0000, 0.0000,  -545.3022, 2697.0000, 0.0000,  150, 60, 25
L -545.3022, 2697.0000, 0.0000,  -635.5814, 2665.0000, 0.0000,  45, 95, 55
L -635.5814, 2665.0000, 0.0000,  -725.8605, 2697.0000, 0.0000,  150, 60, 25
L -725.8605, 2697.0000, 0.0000,  -816.1395, 2665.0000, 0.0000,  45, 95, 55
L -816.1395, 2665.0000, 0.0000,  -906.4186, 2697.0000, 0.0000,  150, 60, 25
L -906.4186, 2697.0000, 0.0000,  -996.6977, 2665.0000, 0.0000,  45, 95, 55
L -996.6977, 2665.0000, 0.0000,  -1086.9767, 2697.0000, 0.0000,  150, 60, 25
L -1086.9767, 2697.0000, 0.0000,  -1177.2557, 2665.0000, 0.0000,  45, 95, 55
L -1177.2557, 2665.0000, 0.0000,  -1267.5348, 2697.0000, 0.0000,  150, 60, 25
L -1267.5348, 2697.0000, 0.0000,  -1357.8140, 2665.0000, 0.0000,  45, 95, 55
L -1357.8140, 2665.0000, 0.0000,  -1448.0929, 2697.0000, 0.0000,  150, 60, 25
L -1448.0929, 2697.0000, 0.0000,  -1538.3721, 2665.0000, 0.0000,  45, 95, 55
L -1538.3721, 2665.0000, 0.0000,  -1628.6511, 2697.0000, 0.0000,  150, 60, 25
L -1628.6511, 2697.0000, 0.0000,  -1718.9302, 2665.0000, 0.0000,  45, 95, 55
L -1718.9302, 2665.0000, 0.0000,  -1809.2092, 2697.0000, 0.0000,  150, 60, 25
L  -796.7207, -2322.0000, 0.0000, -887.0000, -2290.0000, 0.0000,  150, 60, 25
L  -887.0000, -2322.0000, 0.0000, -919.0000, -2412.3103, 0.0000,  150, 60, 25
L  -919.0000, -2412.3103, 0.0000, -887.0000, -2502.6208, 0.0000,  45, 95, 55
L -2712.0000, 2484.3792, 0.0000,  -2744.0000, 2394.0688, 0.0000,  150, 60, 25
L -2744.0000, 2394.0688, 0.0000,  -2712.0000, 2303.7585, 0.0000,  45, 95, 55
L -2712.0000, 2303.7585, 0.0000,  -2744.0000, 2213.4482, 0.0000,  150, 60, 25
L -2744.0000, 2213.4482, 0.0000,  -2712.0000, 2123.1377, 0.0000,  45, 95, 55
L -2712.0000, 2123.1377, 0.0000,  -2744.0000, 2032.8275, 0.0000,  150, 60, 25
L -2744.0000, 2032.8275, 0.0000,  -2712.0000, 1942.5171, 0.0000,  45, 95, 55
L -2712.0000, 1942.5171, 0.0000,  -2744.0000, 1852.2068, 0.0000,  150, 60, 25
L -2744.0000, 1852.2068, 0.0000,  -2712.0000, 1761.8965, 0.0000,  45, 95, 55
L -2712.0000, 1761.8965, 0.0000,  -2744.0000, 1671.5862, 0.0000,  150, 60, 25
L -2744.0000, 1671.5862, 0.0000,  -2712.0000, 1581.2759, 0.0000,  45, 95, 55
L -2712.0000, 1581.2759, 0.0000,  -2744.0000, 1490.9655, 0.0000,  150, 60, 25
L -2744.0000, 1490.9655, 0.0000,  -2712.0000, 1400.6552, 0.0000,  45, 95, 55
L -2712.0000, 1400.6552, 0.0000,  -2744.0000, 1310.3447, 0.0000,  150, 60, 25
L -2744.0000, 1310.3447, 0.0000,  -2712.0000, 1220.0344, 0.0000,  45, 95, 55
L -2712.0000, 1220.0344, 0.0000,  -2744.0000, 1129.7240, 0.0000,  150, 60, 25
L -2744.0000, 1129.7240, 0.0000,  -2712.0000, 1039.4137, 0.0000,  45, 95, 55
L -2712.0000, 1039.4137, 0.0000,  -2744.0000, 949.1034, 0.0000,  150, 60, 25
L -2744.0000, 949.1034, 0.0000,  -2712.0000, 858.7931, 0.0000,  45, 95, 55
L -2712.0000, 858.7931, 0.0000,  -2744.0000, 768.4828, 0.0000,  150, 60, 25
L -2744.0000, 768.4828, 0.0000,  -2712.0000, 678.1724, 0.0000,  45, 95, 55
L -2712.0000, 678.1724, 0.0000,  -2744.0000, 587.8621, 0.0000,  150, 60, 25
L -2744.0000, 587.8621, 0.0000,  -2712.0000, 497.5517, 0.0000,  45, 95, 55
L -2712.0000, 497.5517, 0.0000,  -2744.0000, 407.2414, 0.0000,  150, 60, 25
L -2744.0000, 407.2414, 0.0000,  -2712.0000, 316.9310, 0.0000,  45, 95, 55
L -2712.0000, 316.9310, 0.0000,  -2744.0000, 226.6207, 0.0000,  150, 60, 25
L -2744.0000, 226.6207, 0.0000,  -2712.0000, 136.3103, 0.0000,  45, 95, 55
L -2712.0000, 136.3103, 0.0000,  -2744.0000, 46.0000, 0.0000,  150, 60, 25
L -2744.0000, 46.0000, 0.0000,  -2712.0000, -44.3103, 0.0000,  45, 95, 55
L -2712.0000, -44.3103, 0.0000,  -2744.0000, -134.6207, 0.0000,  150, 60, 25
L -2744.0000, -134.6207, 0.0000,  -2712.0000, -224.9310, 0.0000,  45, 95, 55
L -2712.0000, -224.9310, 0.0000,  -2744.0000, -315.2414, 0.0000,  150, 60, 25
L -2744.0000, -315.2414, 0.0000,  -2712.0000, -405.5517, 0.0000,  45, 95, 55
L -2712.0000, -405.5517, 0.0000,  -2744.0000, -495.8621, 0.0000,  150, 60, 25
L -2744.0000, -495.8621, 0.0000,  -2712.0000, -586.1724, 0.0000,  45, 95, 55
L -2712.0000, -586.1724, 0.0000,  -2744.0000, -676.4828, 0.0000,  150, 60, 25
L -2744.0000, -676.4828, 0.0000,  -2712.0000, -766.7931, 0.0000,  45, 95, 55
L -2712.0000, -766.7931, 0.0000,  -2744.0000, -857.1034, 0.0000,  150, 60, 25
L -2744.0000, -857.1034, 0.0000,  -2712.0000, -947.4138, 0.0000,  45, 95, 55
L -2712.0000, -947.4138, 0.0000,  -2744.0000, -1037.7240, 0.0000,  150, 60, 25
L -2744.0000, -1037.7240, 0.0000,  -2712.0000, -1128.0344, 0.0000,  45, 95, 55
L -2712.0000, -1128.0344, 0.0000,  -2744.0000, -1218.3447, 0.0000,  150, 60, 25
L -2744.0000, -1218.3447, 0.0000,  -2712.0000, -1308.6552, 0.0000,  45, 95, 55
L -2712.0000, -1308.6552, 0.0000,  -2744.0000, -1398.9655, 0.0000,  150, 60, 25
L -2744.0000, -1398.9655, 0.0000,  -2712.0000, -1489.2759, 0.0000,  45, 95, 55
L -2712.0000, -1489.2759, 0.0000,  -2744.0000, -1579.5862, 0.0000,  150, 60, 25
L -2744.0000, -1579.5862, 0.0000,  -2712.0000, -1669.8965, 0.0000,  45, 95, 55
L -2712.0000, -1669.8965, 0.0000,  -2744.0000, -1760.2068, 0.0000,  150, 60, 25
L -2744.0000, -1760.2068, 0.0000,  -2712.0000, -1850.5171, 0.0000,  45, 95, 55
L -2712.0000, -1850.5171, 0.0000,  -2744.0000, -1940.8275, 0.0000,  150, 60, 25
L -2744.0000, -1940.8275, 0.0000,  -2712.0000, -2031.1378, 0.0000,  45, 95, 55
L -2712.0000, -2031.1378, 0.0000,  -2744.0000, -2121.4482, 0.0000,  150, 60, 25
L -2744.0000, -2121.4482, 0.0000,  -2712.0000, -2211.7585, 0.0000,  45, 95, 55
L -2712.0000, -2211.7585, 0.0000,  -2744.0000, -2302.0688, 0.0000,  150, 60, 25
L -2744.0000, -2302.0688, 0.0000,  -2712.0000, -2392.3792, 0.0000,  45, 95, 55
L -2712.0000, -2392.3792, 0.0000,  -2744.0000, -2482.6897, 0.0000,  150, 60, 25
L -2744.0000, -2482.6897, 0.0000,  -2712.0000, -2573.0000, 0.0000,  45, 95, 55
L  -2698.7272, 2608.5662, 0.0000, -2608.4545, 2576.5662, 0.0000,  150, 60, 25
L  -2608.4545, 2576.5662, 0.0000, -2518.1815, 2608.5662, 0.0000,  45, 95, 55
L  -2518.1815, 2608.5662, 0.0000, -2427.9088, 2576.5662, 0.0000,  150, 60, 25
L  -2427.9088, 2576.5662, 0.0000, -2337.6361, 2608.5662, 0.0000,  45, 95, 55
L -2395.9089, -2618.0000, 0.0000,  -2305.6362, -2650.0000, 0.0000,  150, 60, 25
L -2305.6362, -2650.0000, 0.0000,  -2215.3635, -2618.0000, 0.0000,  45, 95, 55
L -2215.3635, -2618.0000, 0.0000,  -2125.0908, -2650.0000, 0.0000,  150, 60, 25
L -2125.0908, -2650.0000, 0.0000,  -2034.8181, -2618.0000, 0.0000,  45, 95, 55
L -2034.8181, -2618.0000, 0.0000,  -1944.5454, -2650.0000, 0.0000,  150, 60, 25
L -1944.5454, -2650.0000, 0.0000,  -1854.2726, -2618.0000, 0.0000,  45, 95, 55
L 312.2727, -2618.0000, 0.0000,  402.5455, -2650.0000, 0.0000,  150, 60, 25
L 402.5455, -2650.0000, 0.0000,  492.8182, -2618.0000, 0.0000,  45, 95, 55
L 492.8182, -2618.0000, 0.0000,  583.0909, -2650.0000, 0.0000,  150, 60, 25
L 583.0909, -2650.0000, 0.0000,  673.3636, -2618.0000, 0.0000,  45, 95, 55
L 673.3636, -2618.0000, 0.0000,  763.6364, -2650.0000, 0.0000,  150, 60, 25
L 763.6364, -2650.0000, 0.0000,  853.9091, -2618.0000, 0.0000,  45, 95, 55
L 853.9091, -2618.0000, 0.0000,  944.1818, -2650.0000, 0.0000,  150, 60, 25
L 944.1818, -2650.0000, 0.0000,  1034.4545, -2618.0000, 0.0000,  45, 95, 55
L 1034.4545, -2618.0000, 0.0000,  1124.7273, -2650.0000, 0.0000,  150, 60, 25
L 1124.7273, -2650.0000, 0.0000,  1215.0000, -2618.0000, 0.0000,  45, 95, 55
L 1215.0000, -2618.0000, 0.0000,  1247.0000, -2527.6948, 0.0000,  150, 60, 25
L 1247.0000, -2527.6948, 0.0000,  1215.0000, -2437.3896, 0.0000,  45, 95, 55
L 1215.0000, -2437.3896, 0.0000,  1247.0000, -2347.0845, 0.0000,  150, 60, 25
L 1247.0000, -2347.0845, 0.0000,  1215.0000, -2256.7795, 0.0000,  45, 95, 55
L 1215.0000, -2256.7795, 0.0000,  1247.0000, -2166.4744, 0.0000,  150, 60, 25
L 1247.0000, -2166.4744, 0.0000,  1215.0000, -2076.1694, 0.0000,  45, 95, 55
L 1215.0000, -2076.1694, 0.0000,  1247.0000, -1985.8644, 0.0000,  150, 60, 25
L 1247.0000, -1985.8644, 0.0000,  1215.0000, -1895.5592, 0.0000,  45, 95, 55
L 1215.0000, -1895.5592, 0.0000,  1247.0000, -1805.2542, 0.0000,  150, 60, 25
L 1247.0000, -1805.2542, 0.0000,  1215.0000, -1714.9491, 0.0000,  45, 95, 55
L 1215.0000, -1714.9491, 0.0000,  1247.0000, -1624.6440, 0.0000,  150, 60, 25
L 1247.0000, -1624.6440, 0.0000,  1215.0000, -1534.3390, 0.0000,  45, 95, 55
L 1215.0000, -1534.3390, 0.0000,  1247.0000, -1444.0338, 0.0000,  150, 60, 25
L 1247.0000, -1444.0338, 0.0000,  1215.0000, -1353.7288, 0.0000,  45, 95, 55
L 1215.0000, -1353.7288, 0.0000,  1247.0000, -1263.4236, 0.0000,  150, 60, 25
L 1247.0000, -1263.4236, 0.0000,  1215.0000, -1173.1185, 0.0000,  45, 95, 55
L 1215.0000, -1173.1185, 0.0000,  1247.0000, -1082.8136, 0.0000,  150, 60, 25
L 1247.0000, -1082.8136, 0.0000,  1215.0000, -992.5085, 0.0000,  45, 95, 55
L 1215.0000, -992.5085, 0.0000,  1247.0000, -902.2034, 0.0000,  150, 60, 25
L 1247.0000, -902.2034, 0.0000,  1215.0000, -811.8983, 0.0000,  45, 95, 55
L 1215.0000, -811.8983, 0.0000,  1247.0000, -721.5931, 0.0000,  150, 60, 25
L 1247.0000, -721.5931, 0.0000,  1215.0000, -631.2881, 0.0000,  45, 95, 55
L 1215.0000, -631.2881, 0.0000,  1247.0000, -540.9831, 0.0000,  150, 60, 25
L 1247.0000, -540.9831, 0.0000,  1215.0000, -450.6780, 0.0000,  45, 95, 55
L 1215.0000, -450.6780, 0.0000,  1247.0000, -360.3729, 0.0000,  150, 60, 25
L 1247.0000, -360.3729, 0.0000,  1215.0000, -270.0678, 0.0000,  45, 95, 55
L 1215.0000, -270.0678, 0.0000,  1247.0000, -179.7627, 0.0000,  150, 60, 25
L 1247.0000, -179.7627, 0.0000,  1215.0000, -89.4576, 0.0000,  45, 95, 55
L 1215.0000, -89.4576, 0.0000,  1247.0000, 0.8475, 0.0000,  150, 60, 25
L 1247.0000, 0.8475, 0.0000,  1215.0000, 91.1525, 0.0000,  45, 95, 55
L 1215.0000, 91.1525, 0.0000,  1247.0000, 181.4576, 0.0000,  150, 60, 25
L 1247.0000, 181.4576, 0.0000,  1215.0000, 271.7627, 0.0000,  45, 95, 55
L 1215.0000, 271.7627, 0.0000,  1247.0000, 362.0678, 0.0000,  150, 60, 25
L 1247.0000, 362.0678, 0.0000,  1215.0000, 452.3729, 0.0000,  45, 95, 55
L 1215.0000, 452.3729, 0.0000,  1247.0000, 542.6780, 0.0000,  150, 60, 25
L 1247.0000, 542.6780, 0.0000,  1215.0000, 632.9831, 0.0000,  45, 95, 55
L 1215.0000, 632.9831, 0.0000,  1247.0000, 723.2881, 0.0000,  150, 60, 25
L 1247.0000, 723.2881, 0.0000,  1215.0000, 813.5931, 0.0000,  45, 95, 55
L 1215.0000, 813.5931, 0.0000,  1247.0000, 903.8983, 0.0000,  150, 60, 25
L 1247.0000, 903.8983, 0.0000,  1215.0000, 994.2034, 0.0000,  45, 95, 55
L 1215.0000, 994.2034, 0.0000,  1247.0000, 1084.5084, 0.0000,  150, 60, 25
L 1247.0000, 1084.5084, 0.0000,  1215.0000, 1174.8136, 0.0000,  45, 95, 55
L 1215.0000, 1174.8136, 0.0000,  1247.0000, 1265.1185, 0.0000,  150, 60, 25
L 1247.0000, 1265.1185, 0.0000,  1215.0000, 1355.4236, 0.0000,  45, 95, 55
L 1215.0000, 1355.4236, 0.0000,  1247.0000, 1445.7288, 0.0000,  150, 60, 25
L 1247.0000, 1445.7288, 0.0000,  1215.0000, 1536.0338, 0.0000,  45, 95, 55
L 1215.0000, 1536.0338, 0.0000,  1247.0000, 1626.3390, 0.0000,  150, 60, 25
L 1247.0000, 1626.3390, 0.0000,  1215.0000, 1716.6440, 0.0000,  45, 95, 55
L 1215.0000, 1716.6440, 0.0000,  1247.0000, 1806.9491, 0.0000,  150, 60, 25
L 1247.0000, 1806.9491, 0.0000,  1215.0000, 1897.2542, 0.0000,  45, 95, 55
L 1215.0000, 1897.2542, 0.0000,  1247.0000, 1987.5592, 0.0000,  150, 60, 25
L 1247.0000, 1987.5592, 0.0000,  1215.0000, 2077.8643, 0.0000,  45, 95, 55
L 1215.0000, 2077.8643, 0.0000,  1247.0000, 2168.1694, 0.0000,  150, 60, 25
L 1247.0000, 2168.1694, 0.0000,  1215.0000, 2258.4744, 0.0000,  45, 95, 55
L 1215.0000, 2258.4744, 0.0000,  1247.0000, 2348.7795, 0.0000,  150, 60, 25
L 1247.0000, 2348.7795, 0.0000,  1215.0000, 2439.0845, 0.0000,  45, 95, 55
L 1215.0000, 2439.0845, 0.0000,  1247.0000, 2529.3896, 0.0000,  150, 60, 25
L 1247.0000, 2529.3896, 0.0000,  1215.0000, 2619.6948, 0.0000,  45, 95, 55
L 1215.0000, 2619.6948, 0.0000,  1247.0000, 2710.0000, 0.0000,  150, 60, 25
L 1215.0000, 2710.0000, 0.0000,  1124.7273, 2742.0000, 0.0000,  150, 60, 25
L 1124.7273, 2742.0000, 0.0000,  1034.4545, 2710.0000, 0.0000,  45, 95, 55
L 1034.4545, 2710.0000, 0.0000,  944.1818, 2742.0000, 0.0000,  150, 60, 25
L 944.1818, 2742.0000, 0.0000,  853.9091, 2710.0000, 0.0000,  45, 95, 55
L 853.9091, 2710.0000, 0.0000,  763.6364, 2742.0000, 0.0000,  150, 60, 25
L 763.6364, 2742.0000, 0.0000,  673.3636, 2710.0000, 0.0000,  45, 95, 55
L 673.3636, 2710.0000, 0.0000,  583.0909, 2742.0000, 0.0000,  150, 60, 25
L 583.0909, 2742.0000, 0.0000,  492.8182, 2710.0000, 0.0000,  45, 95, 55
L 492.8182, 2710.0000, 0.0000,  402.5455, 2742.0000, 0.0000,  150, 60, 25
L 402.5455, 2742.0000, 0.0000,  312.2727, 2710.0000, 0.0000,  45, 95, 55
L 312.2727, 2710.0000, 0.0000,  222.0000, 2742.0000, 0.0000,  150, 60, 25
L 222.0000, 2742.0000, 0.0000,  131.7273, 2710.0000, 0.0000,  45, 95, 55
L 131.7273, 2710.0000, 0.0000,  41.4545, 2742.0000, 0.0000,  150, 60, 25
L 41.4545, 2742.0000, 0.0000,  -48.8182, 2710.0000, 0.0000,  45, 95, 55
L -48.8182, 2710.0000, 0.0000,  -139.0909, 2742.0000, 0.0000,  150, 60, 25
L -139.0909, 2742.0000, 0.0000,  -229.3636, 2710.0000, 0.0000,  45, 95, 55
L -229.3636, 2710.0000, 0.0000,  -319.6364, 2742.0000, 0.0000,  150, 60, 25
L -319.6364, 2742.0000, 0.0000,  -409.9091, 2710.0000, 0.0000,  45, 95, 55
L -409.9091, 2710.0000, 0.0000,  -500.1818, 2742.0000, 0.0000,  150, 60, 25
L -500.1818, 2742.0000, 0.0000,  -590.4545, 2710.0000, 0.0000,  45, 95, 55
L -590.4545, 2710.0000, 0.0000,  -680.7273, 2742.0000, 0.0000,  150, 60, 25
L -680.7273, 2742.0000, 0.0000,  -771.0000, 2710.0000, 0.0000,  45, 95, 55
L -771.0000, 2710.0000, 0.0000,  -861.2726, 2742.0000, 0.0000,  150, 60, 25
L -861.2726, 2742.0000, 0.0000,  -951.5455, 2710.0000, 0.0000,  45, 95, 55
L -951.5455, 2710.0000, 0.0000,  -1041.8181, 2742.0000, 0.0000,  150, 60, 25
L -1041.8181, 2742.0000, 0.0000,  -1132.0908, 2710.0000, 0.0000,  45, 95, 55
L -1132.0908, 2710.0000, 0.0000,  -1222.3635, 2742.0000, 0.0000,  150, 60, 25
L -1222.3635, 2742.0000, 0.0000,  -1312.6364, 2710.0000, 0.0000,  45, 95, 55
L -1312.6364, 2710.0000, 0.0000,  -1402.9091, 2742.0000, 0.0000,  150, 60, 25
L -1402.9091, 2742.0000, 0.0000,  -1493.1818, 2710.0000, 0.0000,  45, 95, 55
L -1493.1818, 2710.0000, 0.0000,  -1583.4545, 2742.0000, 0.0000,  150, 60, 25
L -1583.4545, 2742.0000, 0.0000,  -1673.7273, 2710.0000, 0.0000,  45, 95, 55
L -1673.7273, 2710.0000, 0.0000,  -1764.0000, 2742.0000, 0.0000,  150, 60, 25
L -1764.0000, 2742.0000, 0.0000,  -1854.2726, 2710.0000, 0.0000,  45, 95, 55
L  -751.4543, -2277.0000, 0.0000, -841.7273, -2245.0000, 0.0000,  150, 60, 25
L  -841.7273, -2245.0000, 0.0000, -932.0000, -2277.0000, 0.0000,  45, 95, 55
L  -932.0000, -2277.0000, 0.0000, -964.0000, -2367.3052, 0.0000,  150, 60, 25
L  -964.0000, -2367.3052, 0.0000, -932.0000, -2457.6104, 0.0000,  45, 95, 55
L -2757.0000, 2529.3896, 0.0000,  -2789.0000, 2439.0845, 0.0000,  150, 60, 25
L -2789.0000, 2439.0845, 0.0000,  -2757.0000, 2348.7795, 0.0000,  45, 95, 55
L -2757.0000, 2348.7795, 0.0000,  -2789.0000, 2258.4744, 0.0000,  150, 60, 25
L -2789.0000, 2258.4744, 0.0000,  -2757.0000, 2168.1694, 0.0000,  45, 95, 55
L -2757.0000, 2168.1694, 0.0000,  -2789.0000, 2077.8643, 0.0000,  150, 60, 25
L -2789.0000, 2077.8643, 0.0000,  -2757.0000, 1987.5592, 0.0000,  45, 95, 55
L -2757.0000, 1987.5592, 0.0000,  -2789.0000, 1897.2542, 0.0000,  150, 60, 25
L -2789.0000, 1897.2542, 0.0000,  -2757.0000, 1806.9491, 0.0000,  45, 95, 55
L -2757.0000, 1806.9491, 0.0000,  -2789.0000, 1716.6440, 0.0000,  150, 60, 25
L -2789.0000, 1716.6440, 0.0000,  -2757.0000, 1626.3390, 0.0000,  45, 95, 55
L -2757.0000, 1626.3390, 0.0000,  -2789.0000, 1536.0338, 0.0000,  150, 60, 25
L -2789.0000, 1536.0338, 0.0000,  -2757.0000, 1445.7288, 0.0000,  45, 95, 55
L -2757.0000, 1445.7288, 0.0000,  -2789.0000, 1355.4236, 0.0000,  150, 60, 25
L -2789.0000, 1355.4236, 0.0000,  -2757.0000, 1265.1185, 0.0000,  45, 95, 55
L -2757.0000, 1265.1185, 0.0000,  -2789.0000, 1174.8136, 0.0000,  150, 60, 25
L -2789.0000, 1174.8136, 0.0000,  -2757.0000, 1084.5084, 0.0000,  45, 95, 55
L -2757.0000, 1084.5084, 0.0000,  -2789.0000, 994.2034, 0.0000,  150, 60, 25
L -2789.0000, 994.2034, 0.0000,  -2757.0000, 903.8983, 0.0000,  45, 95, 55
L -2757.0000, 903.8983, 0.0000,  -2789.0000, 813.5931, 0.0000,  150, 60, 25
L -2789.0000, 813.5931, 0.0000,  -2757.0000, 723.2881, 0.0000,  45, 95, 55
L -2757.0000, 723.2881, 0.0000,  -2789.0000, 632.9831, 0.0000,  150, 60, 25
L -2789.0000, 632.9831, 0.0000,  -2757.0000, 542.6780, 0.0000,  45, 95, 55
L -2757.0000, 542.6780, 0.0000,  -2789.0000, 452.3729, 0.0000,  150, 60, 25
L -2789.0000, 452.3729, 0.0000,  -2757.0000, 362.0678, 0.0000,  45, 95, 55
L -2757.0000, 362.0678, 0.0000,  -2789.0000, 271.7627, 0.0000,  150, 60, 25
L -2789.0000, 271.7627, 0.0000,  -2757.0000, 181.4576, 0.0000,  45, 95, 55
L -2757.0000, 181.4576, 0.0000,  -2789.0000, 91.1525, 0.0000,  150, 60, 25
L -2789.0000, 91.1525, 0.0000,  -2757.0000, 0.8475, 0.0000,  45, 95, 55
L -2757.0000, 0.8475, 0.0000,  -2789.0000, -89.4576, 0.0000,  150, 60, 25
L -2789.0000, -89.4576, 0.0000,  -2757.0000, -179.7627, 0.0000,  45, 95, 55
L -2757.0000, -179.7627, 0.0000,  -2789.0000, -270.0678, 0.0000,  150, 60, 25
L -2789.0000, -270.0678, 0.0000,  -2757.0000, -360.3729, 0.0000,  45, 95, 55
L -2757.0000, -360.3729, 0.0000,  -2789.0000, -450.6780, 0.0000,  150, 60, 25
L -2789.0000, -450.6780, 0.0000,  -2757.0000, -540.9831, 0.0000,  45, 95, 55
L -2757.0000, -540.9831, 0.0000,  -2789.0000, -631.2881, 0.0000,  150, 60, 25
L -2789.0000, -631.2881, 0.0000,  -2757.0000, -721.5931, 0.0000,  45, 95, 55
L -2757.0000, -721.5931, 0.0000,  -2789.0000, -811.8983, 0.0000,  150, 60, 25
L -2789.0000, -811.8983, 0.0000,  -2757.0000, -902.2034, 0.0000,  45, 95, 55
L -2757.0000, -902.2034, 0.0000,  -2789.0000, -992.5085, 0.0000,  150, 60, 25
L -2789.0000, -992.5085, 0.0000,  -2757.0000, -1082.8136, 0.0000,  45, 95, 55
L -2757.0000, -1082.8136, 0.0000,  -2789.0000, -1173.1185, 0.0000,  150, 60, 25
L -2789.0000, -1173.1185, 0.0000,  -2757.0000, -1263.4236, 0.0000,  45, 95, 55
L -2757.0000, -1263.4236, 0.0000,  -2789.0000, -1353.7288, 0.0000,  150, 60, 25
L -2789.0000, -1353.7288, 0.0000,  -2757.0000, -1444.0338, 0.0000,  45, 95, 55
L -2757.0000, -1444.0338, 0.0000,  -2789.0000, -1534.3390, 0.0000,  150, 60, 25
L -2789.0000, -1534.3390, 0.0000,  -2757.0000, -1624.6440, 0.0000,  45, 95, 55
L -2757.0000, -1624.6440, 0.0000,  -2789.0000, -1714.9491, 0.0000,  150, 60, 25
L -2789.0000, -1714.9491, 0.0000,  -2757.0000, -1805.2542, 0.0000,  45, 95, 55
L -2757.0000, -1805.2542, 0.0000,  -2789.0000, -1895.5592, 0.0000,  150, 60, 25
L -2789.0000, -1895.5592, 0.0000,  -2757.0000, -1985.8644, 0.0000,  45, 95, 55
L -2757.0000, -1985.8644, 0.0000,  -2789.0000, -2076.1694, 0.0000,  150, 60, 25
L -2789.0000, -2076.1694, 0.0000,  -2757.0000, -2166.4744, 0.0000,  45, 95, 55
L -2757.0000, -2166.4744, 0.0000,  -2789.0000, -2256.7795, 0.0000,  150, 60, 25
L -2789.0000, -2256.7795, 0.0000,  -2757.0000, -2347.0845, 0.0000,  45, 95, 55
L -2757.0000, -2347.0845, 0.0000,  -2789.0000, -2437.3896, 0.0000,  150, 60, 25
L -2789.0000, -2437.3896, 0.0000,  -2757.0000, -2527.6948, 0.0000,  45, 95, 55
L -2757.0000, -2527.6948, 0.0000,  -2789.0000, -2618.0000, 0.0000,  150, 60, 25
L -2712.0000, -2573.0000, 0.0000,  -2712.0000, 2665.0000, 0.0000,  150, 138, 120
L -2162.0000, 2583.9761, 0.0000,  -2162.0000, 2665.0000, 0.0000,  150, 138, 120
L -1062.0000, -2573.0000, 0.0000,  -1062.0000, 2665.0000, 0.0000,  150, 138, 120
L -512.0000, -2573.0000, 0.0000,  -512.0000, 2665.0000, 0.0000,  150, 138, 120
L 588.0000, -2573.0000, 0.0000,  588.0000, 2665.0000, 0.0000,  150, 138, 120
L 1138.0000, -2573.0000, 0.0000,  1138.0000, 2665.0000, 0.0000,  150, 138, 120
L -2712.0000, -2573.0000, 0.0000,  1170.0000, -2573.0000, 0.0000,  150, 138, 120
L -2712.0000, -2023.0000, 0.0000,  1170.0000, -2023.0000, 0.0000,  150, 138, 120
L -2712.0000, -1473.0000, 0.0000,  1170.0000, -1473.0000, 0.0000,  150, 138, 120
L -2712.0000, -923.0000, 0.0000,  1170.0000, -923.0000, 0.0000,  150, 138, 120
L -2712.0000, -373.0000, 0.0000,  1170.0000, -373.0000, 0.0000,  150, 138, 120
L -2712.0000, 177.0000, 0.0000,  1170.0000, 177.0000, 0.0000,  150, 138, 120
L -2712.0000, 1277.0000, 0.0000,  1170.0000, 1277.0000, 0.0000,  150, 138, 120
L -2712.0000, 1827.0000, 0.0000,  -2496.0986, 1827.0000, 0.0000,  150, 138, 120
L -1887.9012, 1827.0000, 0.0000,  1170.0000, 1827.0000, 0.0000,  150, 138, 120
L -2712.0000, 2377.0000, 0.0000,  -2565.8662, 2377.0000, 0.0000,  150, 138, 120
L -1818.1337, 2377.0000, 0.0000,  1170.0000, 2377.0000, 0.0000,  150, 138, 120
L -1169.0000, -2194.0000, 0.0000,  -1176.0000, -2166.0000, 0.0000,  200, 180, 120
L -1199.0000, -2194.0000, 0.0000,  -1206.0000, -2166.0000, 0.0000,  200, 180, 120
L -1176.0000, -2166.0000, 0.0000,  -1168.0000, -2139.0000, 0.0000,  200, 180, 120
L -1206.0000, -2166.0000, 0.0000,  -1198.0000, -2139.0000, 0.0000,  200, 180, 120
L -1168.0000, -2139.0000, 0.0000,  -1150.0000, -2122.0000, 0.0000,  200, 180, 120
L -1198.0000, -2139.0000, 0.0000,  -1180.0000, -2122.0000, 0.0000,  200, 180, 120
L -1150.0000, -2122.0000, 0.0000,  -1144.0000, -2083.0000, 0.0000,  200, 180, 120
L -1180.0000, -2122.0000, 0.0000,  -1174.0000, -2083.0000, 0.0000,  200, 180, 120
L -1144.0000, -2083.0000, 0.0000,  -1163.0000, -1995.0000, 0.0000,  200, 180, 120
L -1174.0000, -2083.0000, 0.0000,  -1193.0000, -1995.0000, 0.0000,  200, 180, 120
L -1163.0000, -1995.0000, 0.0000,  -1164.0000, -1983.0000, 0.0000,  200, 180, 120
L -1193.0000, -1995.0000, 0.0000,  -1194.0000, -1983.0000, 0.0000,  200, 180, 120
L -1164.0000, -1983.0000, 0.0000,  -1163.0000, -1934.0000, 0.0000,  200, 180, 120
L -1194.0000, -1983.0000, 0.0000,  -1193.0000, -1934.0000, 0.0000,  200, 180, 120
L -1163.0000, -1934.0000, 0.0000,  -1163.0000, -1929.0000, 0.0000,  200, 180, 120
L -1193.0000, -1934.0000, 0.0000,  -1193.0000, -1929.0000, 0.0000,  200, 180, 120
L -1163.0000, -1929.0000, 0.0000,  -1167.0000, -1905.0000, 0.0000,  200, 180, 120
L -1193.0000, -1929.0000, 0.0000,  -1197.0000, -1905.0000, 0.0000,  200, 180, 120
L -1167.0000, -1905.0000, 0.0000,  -1166.0000, -1889.0000, 0.0000,  200, 180, 120
L -1197.0000, -1905.0000, 0.0000,  -1196.0000, -1889.0000, 0.0000,  200, 180, 120
L -1166.0000, -1889.0000, 0.0000,  -1152.0000, -1832.0000, 0.0000,  200, 180, 120
L -1196.0000, -1889.0000, 0.0000,  -1182.0000, -1832.0000, 0.0000,  200, 180, 120
L -1152.0000, -1832.0000, 0.0000,  -1150.0000, -1820.0000, 0.0000,  200, 180, 120
L -1182.0000, -1832.0000, 0.0000,  -1180.0000, -1820.0000, 0.0000,  200, 180, 120
L -1150.0000, -1820.0000, 0.0000,  -1150.0000, -1694.0000, 0.0000,  200, 180, 120
L -1180.0000, -1820.0000, 0.0000,  -1180.0000, -1694.0000, 0.0000,  200, 180, 120
L -1135.0000, -1193.0000, 0.0000,  -1134.0000, -994.0000, 0.0000,  200, 180, 120
L -1165.0000, -1193.0000, 0.0000,  -1164.0000, -994.0000, 0.0000,  200, 180, 120
L -1134.0000, -994.0000, 0.0000,  -1139.0000, -973.0000, 0.0000,  200, 180, 120
L -1164.0000, -994.0000, 0.0000,  -1169.0000, -973.0000, 0.0000,  200, 180, 120
L -1139.0000, -973.0000, 0.0000,  -1161.0000, -932.0000, 0.0000,  200, 180, 120
L -1169.0000, -973.0000, 0.0000,  -1191.0000, -932.0000, 0.0000,  200, 180, 120
L -1161.0000, -932.0000, 0.0000,  -1166.0000, -910.0000, 0.0000,  200, 180, 120
L -1191.0000, -932.0000, 0.0000,  -1196.0000, -910.0000, 0.0000,  200, 180, 120
L -1166.0000, -910.0000, 0.0000,  -1164.0000, -709.0000, 0.0000,  200, 180, 120
L -1196.0000, -910.0000, 0.0000,  -1194.0000, -709.0000, 0.0000,  200, 180, 120
L -1164.0000, -709.0000, 0.0000,  -1161.0000, -693.0000, 0.0000,  200, 180, 120
L -1194.0000, -709.0000, 0.0000,  -1191.0000, -693.0000, 0.0000,  200, 180, 120
L -1161.0000, -693.0000, 0.0000,  -1137.0000, -621.0000, 0.0000,  200, 180, 120
L -1191.0000, -693.0000, 0.0000,  -1167.0000, -621.0000, 0.0000,  200, 180, 120
L -1137.0000, -621.0000, 0.0000,  -1134.0000, -605.0000, 0.0000,  200, 180, 120
L -1167.0000, -621.0000, 0.0000,  -1164.0000, -605.0000, 0.0000,  200, 180, 120
L -1134.0000, -605.0000, 0.0000,  -1135.0000, -494.0000, 0.0000,  200, 180, 120
L -1164.0000, -605.0000, 0.0000,  -1165.0000, -494.0000, 0.0000,  200, 180, 120
L -1067.0000, 474.0000, 0.0000,  -1058.0000, 496.0000, 0.0000,  200, 180, 120
L -1097.0000, 474.0000, 0.0000,  -1088.0000, 496.0000, 0.0000,  200, 180, 120
L -1058.0000, 496.0000, 0.0000,  -1050.0000, 570.0000, 0.0000,  200, 180, 120
L -1088.0000, 496.0000, 0.0000,  -1080.0000, 570.0000, 0.0000,  200, 180, 120
L -1050.0000, 570.0000, 0.0000,  -1036.0000, 587.0000, 0.0000,  200, 180, 120
L -1080.0000, 570.0000, 0.0000,  -1066.0000, 587.0000, 0.0000,  200, 180, 120
L -1160.0000, 1208.0000, 0.0000,  -1159.0000, 1368.0000, 0.0000,  200, 180, 120
L -1190.0000, 1208.0000, 0.0000,  -1189.0000, 1368.0000, 0.0000,  200, 180, 120
L -959.6254, -695.9525, 0.0000,  -959.6254, -822.7197, 0.0000,  120, 80, 40
L -959.6254, -822.7197, 0.0000,  -980.0105, -809.5909, 0.0000,  70, 95, 45
L -980.0105, -809.5909, 0.0000,  -1000.3956, -773.5195, 0.0000,  70, 95, 45
L -959.6254, -822.7197, 0.0000,  -987.1698, -817.4875, 0.0000,  70, 95, 45
L -987.1698, -817.4875, 0.0000,  -1014.7141, -793.1660, 0.0000,  70, 95, 45
L -959.6254, -822.7197, 0.0000,  -998.9629, -825.7332, 0.0000,  70, 95, 45
L -998.9629, -825.7332, 0.0000,  -1038.3003, -806.2228, 0.0000,  70, 95, 45
L -959.6254, -822.7197, 0.0000,  -1001.5173, -836.6436, 0.0000,  70, 95, 45
L -1001.5173, -836.6436, 0.0000,  -1043.4092, -826.5811, 0.0000,  70, 95, 45
L -959.6254, -822.7197, 0.0000,  -994.1662, -846.3796, 0.0000,  70, 95, 45
L -994.1662, -846.3796, 0.0000,  -1028.7068, -846.1012, 0.0000,  70, 95, 45
L -959.6254, -822.7197, 0.0000,  -979.0421, -850.8340, 0.0000,  70, 95, 45
L -979.0421, -850.8340, 0.0000,  -998.4589, -857.0954, 0.0000,  70, 95, 45
L -993.9524, 2231.4878, 0.0000,  -993.9524, 2211.0037, 0.0000,  110, 75, 35
L -1028.0925, 2219.0266, 0.0000,  -993.9524, 2176.0100, 0.0000,  70, 95, 45
L -993.9524, 2176.0100, 0.0000,  -959.8122, 2219.0266, 0.0000,  70, 95, 45
L -1028.0925, 2219.0266, 0.0000,  -1011.0225, 2214.4177, 0.0000,  70, 95, 45
L -959.8122, 2219.0266, 0.0000,  -976.8823, 2214.4177, 0.0000,  70, 95, 45
L -1022.6301, 2193.6775, 0.0000,  -993.9524, 2150.6609, 0.0000,  70, 95, 45
L -993.9524, 2150.6609, 0.0000,  -965.2746, 2193.6775, 0.0000,  70, 95, 45
L -1022.6301, 2193.6775, 0.0000,  -1008.2912, 2189.0686, 0.0000,  70, 95, 45
L -965.2746, 2193.6775, 0.0000,  -979.6135, 2189.0686, 0.0000,  70, 95, 45
L -1017.1677, 2168.3284, 0.0000,  -993.9524, 2125.3118, 0.0000,  70, 95, 45
L -993.9524, 2125.3118, 0.0000,  -970.7370, 2168.3284, 0.0000,  70, 95, 45
L -1017.1677, 2168.3284, 0.0000,  -1005.5600, 2163.7195, 0.0000,  70, 95, 45
L -970.7370, 2168.3284, 0.0000,  -982.3447, 2163.7195, 0.0000,  70, 95, 45
L -1011.7053, 2142.9792, 0.0000,  -993.9524, 2099.9626, 0.0000,  70, 95, 45
L -993.9524, 2099.9626, 0.0000,  -976.1995, 2142.9792, 0.0000,  70, 95, 45
L -1011.7053, 2142.9792, 0.0000,  -1002.8288, 2138.3704, 0.0000,  70, 95, 45
L -976.1995, 2142.9792, 0.0000,  -985.0759, 2138.3704, 0.0000,  70, 95, 45
L  -807.8033, -2291.6877, 0.0000, -807.8033, -2392.7563, 0.0000,  120, 80, 40
L  -807.8033, -2378.0554, 0.0000, -829.8546, -2396.4313, 0.0000,  120, 80, 40
L  -807.8033, -2378.0554, 0.0000, -785.7520, -2396.4313, 0.0000,  120, 80, 40
L  -899.6837, -2381.7304, 0.0000, -869.0569, -2385.4057, 0.0000,  70, 95, 45
L  -869.0569, -2385.4057, 0.0000, -838.4301, -2389.0810, 0.0000,  70, 95, 45
L  -838.4301, -2389.0810, 0.0000, -807.8033, -2392.7563, 0.0000,  70, 95, 45
L  -807.8033, -2392.7563, 0.0000, -777.1765, -2389.0810, 0.0000,  70, 95, 45
L  -777.1765, -2389.0810, 0.0000, -746.5497, -2385.4057, 0.0000,  70, 95, 45
L  -746.5497, -2385.4057, 0.0000, -715.9229, -2381.7304, 0.0000,  70, 95, 45
L  -883.1452, -2396.4313, 0.0000, -858.0313, -2400.1066, 0.0000,  70, 95, 45
L  -858.0313, -2400.1066, 0.0000, -832.9173, -2403.7819, 0.0000,  70, 95, 45
L  -832.9173, -2403.7819, 0.0000, -807.8033, -2407.4570, 0.0000,  70, 95, 45
L  -807.8033, -2407.4570, 0.0000, -782.6893, -2403.7819, 0.0000,  70, 95, 45
L  -782.6893, -2403.7819, 0.0000, -757.5752, -2400.1066, 0.0000,  70, 95, 45
L  -757.5752, -2400.1066, 0.0000, -732.4613, -2396.4313, 0.0000,  70, 95, 45
L  -866.6068, -2411.1323, 0.0000, -847.0056, -2414.8076, 0.0000,  70, 95, 45
L  -847.0056, -2414.8076, 0.0000, -827.4045, -2418.4826, 0.0000,  70, 95, 45
L  -827.4045, -2418.4826, 0.0000, -807.8033, -2422.1579, 0.0000,  70, 95, 45
L  -807.8033, -2422.1579, 0.0000, -788.2021, -2418.4826, 0.0000,  70, 95, 45
L  -788.2021, -2418.4826, 0.0000, -768.6010, -2414.8076, 0.0000,  70, 95, 45
L  -768.6010, -2414.8076, 0.0000, -748.9997, -2411.1323, 0.0000,  70, 95, 45
L -768.6229, -1962.5410, 0.0000,  -768.6229, -2076.7800, 0.0000,  120, 80, 40
L -768.6229, -2060.1636, 0.0000,  -793.5478, -2080.9343, 0.0000,  120, 80, 40
L -768.6229, -2060.1636, 0.0000,  -743.6980, -2080.9343, 0.0000,  120, 80, 40
L -837.8586, -2068.4717, 0.0000,  -803.2408, -2072.6260, 0.0000,  70, 95, 45
L -803.2408, -2072.6260, 0.0000,  -768.6229, -2076.7800, 0.0000,  70, 95, 45
L -768.6229, -2076.7800, 0.0000,  -734.0049, -2072.6260, 0.0000,  70, 95, 45
L -734.0049, -2072.6260, 0.0000,  -699.3871, -2068.4717, 0.0000,  70, 95, 45
L -699.3871, -2068.4717, 0.0000,  -664.7692, -2064.3176, 0.0000,  70, 95, 45
L -853.7830, -2080.9343, 0.0000,  -825.3962, -2085.0884, 0.0000,  70, 95, 45
L -825.3962, -2085.0884, 0.0000,  -797.0096, -2089.2427, 0.0000,  70, 95, 45
L -797.0096, -2089.2427, 0.0000,  -768.6229, -2093.3967, 0.0000,  70, 95, 45
L -768.6229, -2093.3967, 0.0000,  -740.2361, -2089.2427, 0.0000,  70, 95, 45
L -740.2361, -2089.2427, 0.0000,  -711.8495, -2085.0884, 0.0000,  70, 95, 45
L -711.8495, -2085.0884, 0.0000,  -683.4629, -2080.9343, 0.0000,  70, 95, 45
L -835.0893, -2097.5508, 0.0000,  -812.9339, -2101.7051, 0.0000,  70, 95, 45
L -812.9339, -2101.7051, 0.0000,  -790.7784, -2105.8591, 0.0000,  70, 95, 45
L -790.7784, -2105.8591, 0.0000,  -768.6229, -2110.0132, 0.0000,  70, 95, 45
L -768.6229, -2110.0132, 0.0000,  -746.4675, -2105.8591, 0.0000,  70, 95, 45
L -746.4675, -2105.8591, 0.0000,  -724.3120, -2101.7051, 0.0000,  70, 95, 45
L -724.3120, -2101.7051, 0.0000,  -702.1565, -2097.5508, 0.0000,  70, 95, 45
L -781.0367, -1816.0848, 0.0000,  -781.0367, -1933.2009, 0.0000,  120, 80, 40
L -781.0367, -1933.2009, 0.0000,  -799.6417, -1921.2186, 0.0000,  70, 95, 45
L -799.6417, -1921.2186, 0.0000,  -818.2466, -1888.2970, 0.0000,  70, 95, 45
L -781.0367, -1933.2009, 0.0000,  -805.9047, -1928.4773, 0.0000,  70, 95, 45
L -805.9047, -1928.4773, 0.0000,  -830.7726, -1906.5188, 0.0000,  70, 95, 45
L -781.0367, -1933.2009, 0.0000,  -813.7696, -1935.7085, 0.0000,  70, 95, 45
L -813.7696, -1935.7085, 0.0000,  -846.5024, -1919.4740, 0.0000,  70, 95, 45
L -781.0367, -1933.2009, 0.0000,  -813.2239, -1943.8993, 0.0000,  70, 95, 45
L -813.2239, -1943.8993, 0.0000,  -845.4111, -1936.1680, 0.0000,  70, 95, 45
L -781.0367, -1933.2009, 0.0000,  -812.0945, -1954.4751, 0.0000,  70, 95, 45
L -812.0945, -1954.4751, 0.0000,  -843.1522, -1954.2247, 0.0000,  70, 95, 45
L -781.0367, -1933.2009, 0.0000,  -799.8414, -1960.4291, 0.0000,  70, 95, 45
L -799.8414, -1960.4291, 0.0000,  -818.6461, -1966.4932, 0.0000,  70, 95, 45
L -699.2513, -1589.0897, 0.0000,  -699.2513, -1678.8047, 0.0000,  120, 80, 40
L -699.2513, -1665.7554, 0.0000,  -718.8254, -1682.0671, 0.0000,  120, 80, 40
L -699.2513, -1665.7554, 0.0000,  -679.6771, -1682.0671, 0.0000,  120, 80, 40
L -780.8104, -1669.0176, 0.0000,  -753.6240, -1672.2800, 0.0000,  70, 95, 45
L -753.6240, -1672.2800, 0.0000,  -726.4376, -1675.5425, 0.0000,  70, 95, 45
L -726.4376, -1675.5425, 0.0000,  -699.2513, -1678.8047, 0.0000,  70, 95, 45
L -699.2513, -1678.8047, 0.0000,  -672.0649, -1675.5425, 0.0000,  70, 95, 45
L -672.0649, -1675.5425, 0.0000,  -644.8785, -1672.2800, 0.0000,  70, 95, 45
L -644.8785, -1672.2800, 0.0000,  -617.6921, -1669.0176, 0.0000,  70, 95, 45
L -766.1298, -1682.0671, 0.0000,  -743.8369, -1685.3296, 0.0000,  70, 95, 45
L -743.8369, -1685.3296, 0.0000,  -721.5441, -1688.5918, 0.0000,  70, 95, 45
L -721.5441, -1688.5918, 0.0000,  -699.2513, -1691.8542, 0.0000,  70, 95, 45
L -699.2513, -1691.8542, 0.0000,  -676.9584, -1688.5918, 0.0000,  70, 95, 45
L -676.9584, -1688.5918, 0.0000,  -654.6656, -1685.3296, 0.0000,  70, 95, 45
L -654.6656, -1685.3296, 0.0000,  -632.3727, -1682.0671, 0.0000,  70, 95, 45
L -751.4491, -1695.1167, 0.0000,  -734.0497, -1698.3789, 0.0000,  70, 95, 45
L -734.0497, -1698.3789, 0.0000,  -716.6506, -1701.6414, 0.0000,  70, 95, 45
L -716.6506, -1701.6414, 0.0000,  -699.2513, -1704.9037, 0.0000,  70, 95, 45
L -699.2513, -1704.9037, 0.0000,  -681.8520, -1701.6414, 0.0000,  70, 95, 45
L -681.8520, -1701.6414, 0.0000,  -664.4527, -1698.3789, 0.0000,  70, 95, 45
L -664.4527, -1698.3789, 0.0000,  -647.0533, -1695.1167, 0.0000,  70, 95, 45
L -835.8317, -1241.6040, 0.0000,  -835.8317, -1266.8400, 0.0000,  110, 75, 35
L -877.8915, -1256.9558, 0.0000,  -835.8317, -1309.9512, 0.0000,  70, 95, 45
L -835.8317, -1309.9512, 0.0000,  -793.7719, -1256.9558, 0.0000,  70, 95, 45
L -877.8915, -1256.9558, 0.0000,  -856.8616, -1262.6339, 0.0000,  70, 95, 45
L -793.7719, -1256.9558, 0.0000,  -814.8018, -1262.6339, 0.0000,  70, 95, 45
L -871.1619, -1288.1852, 0.0000,  -835.8317, -1341.1805, 0.0000,  70, 95, 45
L -835.8317, -1341.1805, 0.0000,  -800.5015, -1288.1852, 0.0000,  70, 95, 45
L -871.1619, -1288.1852, 0.0000,  -853.4968, -1293.8633, 0.0000,  70, 95, 45
L -800.5015, -1288.1852, 0.0000,  -818.1666, -1293.8633, 0.0000,  70, 95, 45
L -864.4323, -1319.4147, 0.0000,  -835.8317, -1372.4099, 0.0000,  70, 95, 45
L -835.8317, -1372.4099, 0.0000,  -807.2311, -1319.4147, 0.0000,  70, 95, 45
L -864.4323, -1319.4147, 0.0000,  -850.1320, -1325.0927, 0.0000,  70, 95, 45
L -807.2311, -1319.4147, 0.0000,  -821.5314, -1325.0927, 0.0000,  70, 95, 45
L -857.7028, -1350.6439, 0.0000,  -835.8317, -1403.6393, 0.0000,  70, 95, 45
L -835.8317, -1403.6393, 0.0000,  -813.9606, -1350.6439, 0.0000,  70, 95, 45
L -857.7028, -1350.6439, 0.0000,  -846.7672, -1356.3220, 0.0000,  70, 95, 45
L -813.9606, -1350.6439, 0.0000,  -824.8962, -1356.3220, 0.0000,  70, 95, 45
L -813.7335, -816.9745, 0.0000,  -813.7335, -899.7651, 0.0000,  120, 80, 40
L -813.7335, -887.7228, 0.0000,  -831.7969, -902.7756, 0.0000,  120, 80, 40
L -813.7335, -887.7228, 0.0000,  -795.6700, -902.7756, 0.0000,  120, 80, 40
L -888.9977, -890.7334, 0.0000,  -863.9095, -893.7439, 0.0000,  70, 95, 45
L -863.9095, -893.7439, 0.0000,  -838.8216, -896.7545, 0.0000,  70, 95, 45
L -838.8216, -896.7545, 0.0000,  -813.7335, -899.7651, 0.0000,  70, 95, 45
L -813.7335, -899.7651, 0.0000,  -788.6454, -896.7545, 0.0000,  70, 95, 45
L -788.6454, -896.7545, 0.0000,  -763.5574, -893.7439, 0.0000,  70, 95, 45
L -763.5574, -893.7439, 0.0000,  -738.4693, -890.7334, 0.0000,  70, 95, 45
L -875.4501, -902.7756, 0.0000,  -854.8779, -905.7862, 0.0000,  70, 95, 45
L -854.8779, -905.7862, 0.0000,  -834.3057, -908.7968, 0.0000,  70, 95, 45
L -834.3057, -908.7968, 0.0000,  -813.7335, -911.8073, 0.0000,  70, 95, 45
L -813.7335, -911.8073, 0.0000,  -793.1613, -908.7968, 0.0000,  70, 95, 45
L -793.1613, -908.7968, 0.0000,  -772.5891, -905.7862, 0.0000,  70, 95, 45
L -772.5891, -905.7862, 0.0000,  -752.0168, -902.7756, 0.0000,  70, 95, 45
L -861.9026, -914.8179, 0.0000,  -845.8462, -917.8285, 0.0000,  70, 95, 45
L -845.8462, -917.8285, 0.0000,  -829.7899, -920.8390, 0.0000,  70, 95, 45
L -829.7899, -920.8390, 0.0000,  -813.7335, -923.8495, 0.0000,  70, 95, 45
L -813.7335, -923.8495, 0.0000,  -797.6771, -920.8390, 0.0000,  70, 95, 45
L -797.6771, -920.8390, 0.0000,  -781.6208, -917.8285, 0.0000,  70, 95, 45
L -781.6208, -917.8285, 0.0000,  -765.5644, -914.8179, 0.0000,  70, 95, 45
L -798.4999, -524.9155, 0.0000,  -798.4999, -609.8025, 0.0000,  120, 80, 40
L -798.4999, -597.4553, 0.0000,  -817.0207, -612.8893, 0.0000,  120, 80, 40
L -798.4999, -597.4553, 0.0000,  -779.9791, -612.8893, 0.0000,  120, 80, 40
L -875.6699, -600.5421, 0.0000,  -849.9466, -603.6288, 0.0000,  70, 95, 45
L -849.9466, -603.6288, 0.0000,  -824.2233, -606.7157, 0.0000,  70, 95, 45
L -824.2233, -606.7157, 0.0000,  -798.4999, -609.8025, 0.0000,  70, 95, 45
L -798.4999, -609.8025, 0.0000,  -772.7766, -606.7157, 0.0000,  70, 95, 45
L -772.7766, -606.7157, 0.0000,  -747.0533, -603.6288, 0.0000,  70, 95, 45
L -747.0533, -603.6288, 0.0000,  -721.3299, -600.5421, 0.0000,  70, 95, 45
L -861.7793, -612.8893, 0.0000,  -840.6862, -615.9761, 0.0000,  70, 95, 45
L -840.6862, -615.9761, 0.0000,  -819.5931, -619.0629, 0.0000,  70, 95, 45
L -819.5931, -619.0629, 0.0000,  -798.4999, -622.1497, 0.0000,  70, 95, 45
L -798.4999, -622.1497, 0.0000,  -777.4068, -619.0629, 0.0000,  70, 95, 45
L -777.4068, -619.0629, 0.0000,  -756.3137, -615.9761, 0.0000,  70, 95, 45
L -756.3137, -615.9761, 0.0000,  -735.2205, -612.8893, 0.0000,  70, 95, 45
L -847.8887, -625.2365, 0.0000,  -831.4258, -628.3232, 0.0000,  70, 95, 45
L -831.4258, -628.3232, 0.0000,  -814.9629, -631.4101, 0.0000,  70, 95, 45
L -814.9629, -631.4101, 0.0000,  -798.4999, -634.4969, 0.0000,  70, 95, 45
L -798.4999, -634.4969, 0.0000,  -782.0370, -631.4101, 0.0000,  70, 95, 45
L -782.0370, -631.4101, 0.0000,  -765.5741, -628.3232, 0.0000,  70, 95, 45
L -765.5741, -628.3232, 0.0000,  -749.1111, -625.2365, 0.0000,  70, 95, 45
L -699.8771, -289.0009, 0.0000,  -699.8771, -395.2856, 0.0000,  120, 80, 40
L -699.8771, -395.2856, 0.0000,  -715.3632, -385.3120, 0.0000,  70, 95, 45
L -715.3632, -385.3120, 0.0000,  -730.8494, -357.9092, 0.0000,  70, 95, 45
L -699.8771, -395.2856, 0.0000,  -725.6443, -390.3911, 0.0000,  70, 95, 45
L -725.6443, -390.3911, 0.0000,  -751.4114, -367.6387, 0.0000,  70, 95, 45
L -699.8771, -395.2856, 0.0000,  -731.2899, -397.6921, 0.0000,  70, 95, 45
L -731.2899, -397.6921, 0.0000,  -762.7027, -382.1122, 0.0000,  70, 95, 45
L -699.8771, -395.2856, 0.0000,  -730.2368, -405.3765, 0.0000,  70, 95, 45
L -730.2368, -405.3765, 0.0000,  -760.5964, -398.0841, 0.0000,  70, 95, 45
L -699.8771, -395.2856, 0.0000,  -726.2936, -413.3806, 0.0000,  70, 95, 45
L -726.2936, -413.3806, 0.0000,  -752.7103, -413.1677, 0.0000,  70, 95, 45
L -699.8771, -395.2856, 0.0000,  -715.5605, -417.9942, 0.0000,  70, 95, 45
L -715.5605, -417.9942, 0.0000,  -731.2439, -423.0517, 0.0000,  70, 95, 45
L -835.4546, -36.0348, 0.0000,  -835.4546, -127.2404, 0.0000,  120, 80, 40
L -835.4546, -113.9741, 0.0000,  -855.3539, -130.5570, 0.0000,  120, 80, 40
L -835.4546, -113.9741, 0.0000,  -815.5552, -130.5570, 0.0000,  120, 80, 40
L -863.0927, -123.9238, 0.0000,  -835.4546, -127.2404, 0.0000,  70, 95, 45
L -835.4546, -127.2404, 0.0000,  -807.8165, -123.9238, 0.0000,  70, 95, 45
L -807.8165, -123.9238, 0.0000,  -780.1785, -120.6073, 0.0000,  70, 95, 45
L -780.1785, -120.6073, 0.0000,  -752.5403, -117.2907, 0.0000,  70, 95, 45
L -880.7809, -133.8735, 0.0000,  -858.1178, -137.1901, 0.0000,  70, 95, 45
L -858.1178, -137.1901, 0.0000,  -835.4546, -140.5067, 0.0000,  70, 95, 45
L -835.4546, -140.5067, 0.0000,  -812.7914, -137.1901, 0.0000,  70, 95, 45
L -812.7914, -137.1901, 0.0000,  -790.1282, -133.8735, 0.0000,  70, 95, 45
L -790.1282, -133.8735, 0.0000,  -767.4650, -130.5570, 0.0000,  70, 95, 45
L -888.5197, -143.8232, 0.0000,  -870.8313, -147.1398, 0.0000,  70, 95, 45
L -870.8313, -147.1398, 0.0000,  -853.1429, -150.4564, 0.0000,  70, 95, 45
L -853.1429, -150.4564, 0.0000,  -835.4546, -153.7729, 0.0000,  70, 95, 45
L -835.4546, -153.7729, 0.0000,  -817.7662, -150.4564, 0.0000,  70, 95, 45
L -817.7662, -150.4564, 0.0000,  -800.0779, -147.1398, 0.0000,  70, 95, 45
L -800.0779, -147.1398, 0.0000,  -782.3895, -143.8232, 0.0000,  70, 95, 45
L -687.4261, 1286.7772, 0.0000,  -687.4261, 1264.8074, 0.0000,  110, 75, 35
L -724.0425, 1273.4122, 0.0000,  -687.4261, 1227.2754, 0.0000,  70, 95, 45
L -687.4261, 1227.2754, 0.0000,  -650.8094, 1273.4122, 0.0000,  70, 95, 45
L -724.0425, 1273.4122, 0.0000,  -705.7344, 1268.4690, 0.0000,  70, 95, 45
L -650.8094, 1273.4122, 0.0000,  -669.1178, 1268.4690, 0.0000,  70, 95, 45
L -718.1840, 1246.2245, 0.0000,  -687.4261, 1200.0875, 0.0000,  70, 95, 45
L -687.4261, 1200.0875, 0.0000,  -656.6681, 1246.2245, 0.0000,  70, 95, 45
L -718.1840, 1246.2245, 0.0000,  -702.8050, 1241.2811, 0.0000,  70, 95, 45
L -656.6681, 1246.2245, 0.0000,  -672.0471, 1241.2811, 0.0000,  70, 95, 45
L -712.3253, 1219.0365, 0.0000,  -687.4261, 1172.8997, 0.0000,  70, 95, 45
L -687.4261, 1172.8997, 0.0000,  -662.5268, 1219.0365, 0.0000,  70, 95, 45
L -712.3253, 1219.0365, 0.0000,  -699.8757, 1214.0934, 0.0000,  70, 95, 45
L -662.5268, 1219.0365, 0.0000,  -674.9764, 1214.0934, 0.0000,  70, 95, 45
L -706.4667, 1191.8488, 0.0000,  -687.4261, 1145.7118, 0.0000,  70, 95, 45
L -687.4261, 1145.7118, 0.0000,  -668.3854, 1191.8488, 0.0000,  70, 95, 45
L -706.4667, 1191.8488, 0.0000,  -696.9464, 1186.9055, 0.0000,  70, 95, 45
L -668.3854, 1191.8488, 0.0000,  -677.9056, 1186.9055, 0.0000,  70, 95, 45
L -831.2986, 1463.1189, 0.0000,  -831.2986, 1348.0690, 0.0000,  120, 80, 40
L -831.2986, 1348.0690, 0.0000,  -848.8286, 1359.3589, 0.0000,  70, 95, 45
L -848.8286, 1359.3589, 0.0000,  -866.3586, 1390.3783, 0.0000,  70, 95, 45
L -831.2986, 1348.0690, 0.0000,  -857.7889, 1353.1008, 0.0000,  70, 95, 45
L -857.7889, 1353.1008, 0.0000,  -884.2793, 1376.4918, 0.0000,  70, 95, 45
L -831.2986, 1348.0690, 0.0000,  -867.2027, 1345.3185, 0.0000,  70, 95, 45
L -867.2027, 1345.3185, 0.0000,  -903.1068, 1363.1259, 0.0000,  70, 95, 45
L -831.2986, 1348.0690, 0.0000,  -863.1172, 1337.4932, 0.0000,  70, 95, 45
L -863.1172, 1337.4932, 0.0000,  -894.9359, 1345.1360, 0.0000,  70, 95, 45
L -831.2986, 1348.0690, 0.0000,  -859.5580, 1328.7117, 0.0000,  70, 95, 45
L -859.5580, 1328.7117, 0.0000,  -887.8174, 1328.9395, 0.0000,  70, 95, 45
L -831.2986, 1348.0690, 0.0000,  -851.3169, 1319.0836, 0.0000,  70, 95, 45
L -851.3169, 1319.0836, 0.0000,  -871.3351, 1312.6283, 0.0000,  70, 95, 45
L -685.2443, 2198.0940, 0.0000,  -685.2443, 2088.6975, 0.0000,  120, 80, 40
L -685.2443, 2088.6975, 0.0000,  -700.6418, 2098.6140, 0.0000,  70, 95, 45
L -700.6418, 2098.6140, 0.0000,  -716.0392, 2125.8599, 0.0000,  70, 95, 45
L -685.2443, 2088.6975, 0.0000,  -712.3512, 2093.8467, 0.0000,  70, 95, 45
L -712.3512, 2093.8467, 0.0000,  -739.4581, 2117.7820, 0.0000,  70, 95, 45
L -685.2443, 2088.6975, 0.0000,  -714.7072, 2086.4404, 0.0000,  70, 95, 45
L -714.7072, 2086.4404, 0.0000,  -744.1700, 2101.0532, 0.0000,  70, 95, 45
L -685.2443, 2088.6975, 0.0000,  -721.1923, 2076.7493, 0.0000,  70, 95, 45
L -721.1923, 2076.7493, 0.0000,  -757.1402, 2085.3840, 0.0000,  70, 95, 45
L -685.2443, 2088.6975, 0.0000,  -710.1504, 2071.6372, 0.0000,  70, 95, 45
L -710.1504, 2071.6372, 0.0000,  -735.0565, 2071.8381, 0.0000,  70, 95, 45
L -685.2443, 2088.6975, 0.0000,  -702.1871, 2064.1653, 0.0000,  70, 95, 45
L -702.1871, 2064.1653, 0.0000,  -719.1299, 2058.7017, 0.0000,  70, 95, 45
L -587.4648, -1311.6876, 0.0000,  -587.4648, -1416.3942, 0.0000,  120, 80, 40
L -587.4648, -1416.3942, 0.0000,  -605.7219, -1404.6360, 0.0000,  70, 95, 45
L -605.7219, -1404.6360, 0.0000,  -623.9789, -1372.3301, 0.0000,  70, 95, 45
L -587.4648, -1416.3942, 0.0000,  -609.9274, -1412.1273, 0.0000,  70, 95, 45
L -609.9274, -1412.1273, 0.0000,  -632.3899, -1392.2930, 0.0000,  70, 95, 45
L -587.4648, -1416.3942, 0.0000,  -620.9720, -1418.9611, 0.0000,  70, 95, 45
L -620.9720, -1418.9611, 0.0000,  -654.4791, -1402.3424, 0.0000,  70, 95, 45
L -587.4648, -1416.3942, 0.0000,  -618.6955, -1426.7745, 0.0000,  70, 95, 45
L -618.6955, -1426.7745, 0.0000,  -649.9261, -1419.2729, 0.0000,  70, 95, 45
L -587.4648, -1416.3942, 0.0000,  -616.8282, -1436.5077, 0.0000,  70, 95, 45
L -616.8282, -1436.5077, 0.0000,  -646.1917, -1436.2710, 0.0000,  70, 95, 45
L -587.4648, -1416.3942, 0.0000,  -602.9845, -1438.8657, 0.0000,  70, 95, 45
L -602.9845, -1438.8657, 0.0000,  -618.5042, -1443.8705, 0.0000,  70, 95, 45
L -525.9233, -823.6962, 0.0000,  -525.9233, -844.3423, 0.0000,  110, 75, 35
L -560.3336, -836.2560, 0.0000,  -525.9233, -879.6130, 0.0000,  70, 95, 45
L -525.9233, -879.6130, 0.0000,  -491.5129, -836.2560, 0.0000,  70, 95, 45
L -560.3336, -836.2560, 0.0000,  -543.1284, -840.9014, 0.0000,  70, 95, 45
L -491.5129, -836.2560, 0.0000,  -508.7181, -840.9014, 0.0000,  70, 95, 45
L -554.8279, -861.8057, 0.0000,  -525.9233, -905.1627, 0.0000,  70, 95, 45
L -525.9233, -905.1627, 0.0000,  -497.0186, -861.8057, 0.0000,  70, 95, 45
L -554.8279, -861.8057, 0.0000,  -540.3755, -866.4510, 0.0000,  70, 95, 45
L -497.0186, -861.8057, 0.0000,  -511.4709, -866.4510, 0.0000,  70, 95, 45
L -549.3223, -887.3553, 0.0000,  -525.9233, -930.7123, 0.0000,  70, 95, 45
L -525.9233, -930.7123, 0.0000,  -502.5242, -887.3553, 0.0000,  70, 95, 45
L -549.3223, -887.3553, 0.0000,  -537.6227, -892.0007, 0.0000,  70, 95, 45
L -502.5242, -887.3553, 0.0000,  -514.2238, -892.0007, 0.0000,  70, 95, 45
L -543.8166, -912.9050, 0.0000,  -525.9233, -956.2620, 0.0000,  70, 95, 45
L -525.9233, -956.2620, 0.0000,  -508.0299, -912.9050, 0.0000,  70, 95, 45
L -543.8166, -912.9050, 0.0000,  -534.8700, -917.5504, 0.0000,  70, 95, 45
L -508.0299, -912.9050, 0.0000,  -516.9766, -917.5504, 0.0000,  70, 95, 45
L -493.2574, -460.5778, 0.0000,  -493.2574, -487.7241, 0.0000,  110, 75, 35
L -538.5011, -477.0918, 0.0000,  -493.2574, -534.0990, 0.0000,  70, 95, 45
L -493.2574, -534.0990, 0.0000,  -448.0136, -477.0918, 0.0000,  70, 95, 45
L -538.5011, -477.0918, 0.0000,  -515.8793, -483.1997, 0.0000,  70, 95, 45
L -448.0136, -477.0918, 0.0000,  -470.6355, -483.1997, 0.0000,  70, 95, 45
L -531.2621, -510.6853, 0.0000,  -493.2574, -567.6924, 0.0000,  70, 95, 45
L -493.2574, -567.6924, 0.0000,  -455.2526, -510.6853, 0.0000,  70, 95, 45
L -531.2621, -510.6853, 0.0000,  -512.2596, -516.7932, 0.0000,  70, 95, 45
L -455.2526, -510.6853, 0.0000,  -474.2550, -516.7932, 0.0000,  70, 95, 45
L -524.0231, -544.2787, 0.0000,  -493.2574, -601.2859, 0.0000,  70, 95, 45
L -493.2574, -601.2859, 0.0000,  -462.4916, -544.2787, 0.0000,  70, 95, 45
L -524.0231, -544.2787, 0.0000,  -508.6402, -550.3867, 0.0000,  70, 95, 45
L -462.4916, -544.2787, 0.0000,  -477.8745, -550.3867, 0.0000,  70, 95, 45
L -516.7841, -577.8723, 0.0000,  -493.2574, -634.8795, 0.0000,  70, 95, 45
L -493.2574, -634.8795, 0.0000,  -469.7306, -577.8723, 0.0000,  70, 95, 45
L -516.7841, -577.8723, 0.0000,  -505.0207, -583.9802, 0.0000,  70, 95, 45
L -469.7306, -577.8723, 0.0000,  -481.4940, -583.9802, 0.0000,  70, 95, 45
L -445.8171, -331.0035, 0.0000,  -445.8171, -358.3082, 0.0000,  110, 75, 35
L -491.3249, -347.6139, 0.0000,  -445.8171, -404.9536, 0.0000,  70, 95, 45
L -445.8171, -404.9536, 0.0000,  -400.3094, -347.6139, 0.0000,  70, 95, 45
L -491.3249, -347.6139, 0.0000,  -468.5710, -353.7574, 0.0000,  70, 95, 45
L -400.3094, -347.6139, 0.0000,  -423.0632, -353.7574, 0.0000,  70, 95, 45
L -484.0436, -381.4034, 0.0000,  -445.8171, -438.7432, 0.0000,  70, 95, 45
L -445.8171, -438.7432, 0.0000,  -407.5906, -381.4034, 0.0000,  70, 95, 45
L -484.0436, -381.4034, 0.0000,  -464.9304, -387.5469, 0.0000,  70, 95, 45
L -407.5906, -381.4034, 0.0000,  -426.7039, -387.5469, 0.0000,  70, 95, 45
L -476.7624, -415.1929, 0.0000,  -445.8171, -472.5327, 0.0000,  70, 95, 45
L -445.8171, -472.5327, 0.0000,  -414.8718, -415.1929, 0.0000,  70, 95, 45
L -476.7624, -415.1929, 0.0000,  -461.2898, -421.3364, 0.0000,  70, 95, 45
L -414.8718, -415.1929, 0.0000,  -430.3445, -421.3364, 0.0000,  70, 95, 45
L -469.4812, -448.9824, 0.0000,  -445.8171, -506.3222, 0.0000,  70, 95, 45
L -445.8171, -506.3222, 0.0000,  -422.1531, -448.9824, 0.0000,  70, 95, 45
L -469.4812, -448.9824, 0.0000,  -457.6491, -455.1259, 0.0000,  70, 95, 45
L -422.1531, -448.9824, 0.0000,  -433.9851, -455.1259, 0.0000,  70, 95, 45
L -437.4529, 736.5609, 0.0000,  -437.4529, 710.6338, 0.0000,  110, 75, 35
L -480.6649, 720.7886, 0.0000,  -437.4529, 666.3416, 0.0000,  70, 95, 45
L -437.4529, 666.3416, 0.0000,  -394.2410, 720.7886, 0.0000,  70, 95, 45
L -480.6649, 720.7886, 0.0000,  -459.0589, 714.9550, 0.0000,  70, 95, 45
L -394.2410, 720.7886, 0.0000,  -415.8470, 714.9550, 0.0000,  70, 95, 45
L -473.7509, 688.7037, 0.0000,  -437.4529, 634.2567, 0.0000,  70, 95, 45
L -437.4529, 634.2567, 0.0000,  -401.1549, 688.7037, 0.0000,  70, 95, 45
L -473.7509, 688.7037, 0.0000,  -455.6019, 682.8701, 0.0000,  70, 95, 45
L -401.1549, 688.7037, 0.0000,  -419.3039, 682.8701, 0.0000,  70, 95, 45
L -466.8370, 656.6189, 0.0000,  -437.4529, 602.1719, 0.0000,  70, 95, 45
L -437.4529, 602.1719, 0.0000,  -408.0688, 656.6189, 0.0000,  70, 95, 45
L -466.8370, 656.6189, 0.0000,  -452.1450, 650.7853, 0.0000,  70, 95, 45
L -408.0688, 656.6189, 0.0000,  -422.7609, 650.7853, 0.0000,  70, 95, 45
L -459.9231, 624.5340, 0.0000,  -437.4529, 570.0870, 0.0000,  70, 95, 45
L -437.4529, 570.0870, 0.0000,  -414.9827, 624.5340, 0.0000,  70, 95, 45
L -459.9231, 624.5340, 0.0000,  -448.6880, 618.7004, 0.0000,  70, 95, 45
L -414.9827, 624.5340, 0.0000,  -426.2178, 618.7004, 0.0000,  70, 95, 45
L -440.5623, 1403.5929, 0.0000,  -440.5623, 1311.5917, 0.0000,  120, 80, 40
L -440.5623, 1324.9736, 0.0000,  -460.6353, 1308.2461, 0.0000,  120, 80, 40
L -440.5623, 1324.9736, 0.0000,  -420.4893, 1308.2461, 0.0000,  120, 80, 40
L -524.1999, 1321.6282, 0.0000,  -496.3207, 1318.2826, 0.0000,  70, 95, 45
L -496.3207, 1318.2826, 0.0000,  -468.4415, 1314.9371, 0.0000,  70, 95, 45
L -468.4415, 1314.9371, 0.0000,  -440.5623, 1311.5917, 0.0000,  70, 95, 45
L -440.5623, 1311.5917, 0.0000,  -412.6831, 1314.9371, 0.0000,  70, 95, 45
L -412.6831, 1314.9371, 0.0000,  -384.8039, 1318.2826, 0.0000,  70, 95, 45
L -384.8039, 1318.2826, 0.0000,  -356.9247, 1321.6282, 0.0000,  70, 95, 45
L -509.1451, 1308.2461, 0.0000,  -486.2842, 1304.9006, 0.0000,  70, 95, 45
L -486.2842, 1304.9006, 0.0000,  -463.4233, 1301.5552, 0.0000,  70, 95, 45
L -463.4233, 1301.5552, 0.0000,  -440.5623, 1298.2096, 0.0000,  70, 95, 45
L -440.5623, 1298.2096, 0.0000,  -417.7014, 1301.5552, 0.0000,  70, 95, 45
L -417.7014, 1301.5552, 0.0000,  -394.8405, 1304.9006, 0.0000,  70, 95, 45
L -394.8405, 1304.9006, 0.0000,  -371.9795, 1308.2461, 0.0000,  70, 95, 45
L -494.0904, 1294.8641, 0.0000,  -476.2477, 1291.5187, 0.0000,  70, 95, 45
L -476.2477, 1291.5187, 0.0000,  -458.4050, 1288.1731, 0.0000,  70, 95, 45
L -458.4050, 1288.1731, 0.0000,  -440.5623, 1284.8276, 0.0000,  70, 95, 45
L -440.5623, 1284.8276, 0.0000,  -422.7196, 1288.1731, 0.0000,  70, 95, 45
L -422.7196, 1288.1731, 0.0000,  -404.8770, 1291.5187, 0.0000,  70, 95, 45
L -404.8770, 1291.5187, 0.0000,  -387.0343, 1294.8641, 0.0000,  70, 95, 45
L -199.1563, -1457.8005, 0.0000,  -199.1563, -1484.2939, 0.0000,  110, 75, 35
L -243.3120, -1473.9175, 0.0000,  -199.1563, -1529.5536, 0.0000,  70, 95, 45
L -199.1563, -1529.5536, 0.0000,  -155.0006, -1473.9175, 0.0000,  70, 95, 45
L -243.3120, -1473.9175, 0.0000,  -221.2341, -1479.8784, 0.0000,  70, 95, 45
L -155.0006, -1473.9175, 0.0000,  -177.0785, -1479.8784, 0.0000,  70, 95, 45
L -236.2471, -1506.7029, 0.0000,  -199.1563, -1562.3391, 0.0000,  70, 95, 45
L -199.1563, -1562.3391, 0.0000,  -162.0655, -1506.7029, 0.0000,  70, 95, 45
L -236.2471, -1506.7029, 0.0000,  -217.7017, -1512.6641, 0.0000,  70, 95, 45
L -162.0655, -1506.7029, 0.0000,  -180.6109, -1512.6641, 0.0000,  70, 95, 45
L -229.1822, -1539.4885, 0.0000,  -199.1563, -1595.1248, 0.0000,  70, 95, 45
L -199.1563, -1595.1248, 0.0000,  -169.1304, -1539.4885, 0.0000,  70, 95, 45
L -229.1822, -1539.4885, 0.0000,  -214.1692, -1545.4496, 0.0000,  70, 95, 45
L -169.1304, -1539.4885, 0.0000,  -184.1434, -1545.4496, 0.0000,  70, 95, 45
L -222.1173, -1572.2742, 0.0000,  -199.1563, -1627.9103, 0.0000,  70, 95, 45
L -199.1563, -1627.9103, 0.0000,  -176.1953, -1572.2742, 0.0000,  70, 95, 45
L -222.1173, -1572.2742, 0.0000,  -210.6368, -1578.2352, 0.0000,  70, 95, 45
L -176.1953, -1572.2742, 0.0000,  -187.6758, -1578.2352, 0.0000,  70, 95, 45
L -292.7509, -1260.5266, 0.0000,  -292.7509, -1374.2104, 0.0000,  120, 80, 40
L -292.7509, -1374.2104, 0.0000,  -310.0569, -1363.0647, 0.0000,  70, 95, 45
L -310.0569, -1363.0647, 0.0000,  -327.3629, -1332.4418, 0.0000,  70, 95, 45
L -292.7509, -1374.2104, 0.0000,  -321.3802, -1368.7722, 0.0000,  70, 95, 45
L -321.3802, -1368.7722, 0.0000,  -350.0095, -1343.4927, 0.0000,  70, 95, 45
L -292.7509, -1374.2104, 0.0000,  -329.9903, -1377.0632, 0.0000,  70, 95, 45
L -329.9903, -1377.0632, 0.0000,  -367.2297, -1358.5935, 0.0000,  70, 95, 45
L -292.7509, -1374.2104, 0.0000,  -324.9905, -1384.9261, 0.0000,  70, 95, 45
L -324.9905, -1384.9261, 0.0000,  -357.2300, -1377.1821, 0.0000,  70, 95, 45
L -292.7509, -1374.2104, 0.0000,  -319.3895, -1392.4574, 0.0000,  70, 95, 45
L -319.3895, -1392.4574, 0.0000,  -346.0280, -1392.2428, 0.0000,  70, 95, 45
L -292.7509, -1374.2104, 0.0000,  -311.0901, -1400.7645, 0.0000,  70, 95, 45
L -311.0901, -1400.7645, 0.0000,  -329.4293, -1406.6785, 0.0000,  70, 95, 45
L -264.2133, -1045.5048, 0.0000,  -264.2133, -1133.5352, 0.0000,  120, 80, 40
L -264.2133, -1120.7307, 0.0000,  -283.4199, -1136.7362, 0.0000,  120, 80, 40
L -264.2133, -1120.7307, 0.0000,  -245.0066, -1136.7362, 0.0000,  120, 80, 40
L -344.2409, -1123.9319, 0.0000,  -317.5650, -1127.1329, 0.0000,  70, 95, 45
L -317.5650, -1127.1329, 0.0000,  -290.8891, -1130.3340, 0.0000,  70, 95, 45
L -290.8891, -1130.3340, 0.0000,  -264.2133, -1133.5352, 0.0000,  70, 95, 45
L -264.2133, -1133.5352, 0.0000,  -237.5374, -1130.3340, 0.0000,  70, 95, 45
L -237.5374, -1130.3340, 0.0000,  -210.8615, -1127.1329, 0.0000,  70, 95, 45
L -210.8615, -1127.1329, 0.0000,  -184.1856, -1123.9319, 0.0000,  70, 95, 45
L -329.8359, -1136.7362, 0.0000,  -307.9617, -1139.9374, 0.0000,  70, 95, 45
L -307.9617, -1139.9374, 0.0000,  -286.0875, -1143.1385, 0.0000,  70, 95, 45
L -286.0875, -1143.1385, 0.0000,  -264.2133, -1146.3396, 0.0000,  70, 95, 45
L -264.2133, -1146.3396, 0.0000,  -242.3390, -1143.1385, 0.0000,  70, 95, 45
L -242.3390, -1143.1385, 0.0000,  -220.4648, -1139.9374, 0.0000,  70, 95, 45
L -220.4648, -1139.9374, 0.0000,  -198.5906, -1136.7362, 0.0000,  70, 95, 45
L -315.4309, -1149.5408, 0.0000,  -298.3584, -1152.7418, 0.0000,  70, 95, 45
L -298.3584, -1152.7418, 0.0000,  -281.2858, -1155.9430, 0.0000,  70, 95, 45
L -281.2858, -1155.9430, 0.0000,  -264.2133, -1159.1440, 0.0000,  70, 95, 45
L -264.2133, -1159.1440, 0.0000,  -247.1407, -1155.9430, 0.0000,  70, 95, 45
L -247.1407, -1155.9430, 0.0000,  -230.0681, -1152.7418, 0.0000,  70, 95, 45
L -230.0681, -1152.7418, 0.0000,  -212.9956, -1149.5408, 0.0000,  70, 95, 45
L -329.9299, 679.4009, 0.0000,  -329.9299, 652.9347, 0.0000,  110, 75, 35
L -374.0403, 663.3006, 0.0000,  -329.9299, 607.7215, 0.0000,  70, 95, 45
L -329.9299, 607.7215, 0.0000,  -285.8195, 663.3006, 0.0000,  70, 95, 45
L -374.0403, 663.3006, 0.0000,  -351.9851, 657.3456, 0.0000,  70, 95, 45
L -285.8195, 663.3006, 0.0000,  -307.8747, 657.3456, 0.0000,  70, 95, 45
L -366.9826, 630.5486, 0.0000,  -329.9299, 574.9695, 0.0000,  70, 95, 45
L -329.9299, 574.9695, 0.0000,  -292.8771, 630.5486, 0.0000,  70, 95, 45
L -366.9826, 630.5486, 0.0000,  -348.4563, 624.5937, 0.0000,  70, 95, 45
L -292.8771, 630.5486, 0.0000,  -311.4035, 624.5937, 0.0000,  70, 95, 45
L -359.9250, 597.7967, 0.0000,  -329.9299, 542.2176, 0.0000,  70, 95, 45
L -329.9299, 542.2176, 0.0000,  -299.9348, 597.7967, 0.0000,  70, 95, 45
L -359.9250, 597.7967, 0.0000,  -344.9274, 591.8418, 0.0000,  70, 95, 45
L -299.9348, 597.7967, 0.0000,  -314.9323, 591.8418, 0.0000,  70, 95, 45
L -352.8673, 565.0447, 0.0000,  -341.3986, 559.0898, 0.0000,  70, 95, 45
L -306.9925, 565.0447, 0.0000,  -318.4612, 559.0898, 0.0000,  70, 95, 45
L -265.8147, 997.8350, 0.0000,  -265.8147, 898.1125, 0.0000,  120, 80, 40
L -265.8147, 898.1125, 0.0000,  -280.6316, 907.6553, 0.0000,  70, 95, 45
L -280.6316, 907.6553, 0.0000,  -295.4485, 933.8738, 0.0000,  70, 95, 45
L -265.8147, 898.1125, 0.0000,  -288.9354, 902.5045, 0.0000,  70, 95, 45
L -288.9354, 902.5045, 0.0000,  -312.0560, 922.9200, 0.0000,  70, 95, 45
L -265.8147, 898.1125, 0.0000,  -298.7943, 895.5862, 0.0000,  70, 95, 45
L -298.7943, 895.5862, 0.0000,  -331.7739, 911.9431, 0.0000,  70, 95, 45
L -265.8147, 898.1125, 0.0000,  -295.1992, 888.3459, 0.0000,  70, 95, 45
L -295.1992, 888.3459, 0.0000,  -324.5837, 895.4041, 0.0000,  70, 95, 45
L -265.8147, 898.1125, 0.0000,  -290.7209, 881.0522, 0.0000,  70, 95, 45
L -290.7209, 881.0522, 0.0000,  -315.6271, 881.2530, 0.0000,  70, 95, 45
L -265.8147, 898.1125, 0.0000,  -281.2543, 875.7569, 0.0000,  70, 95, 45
L -281.2543, 875.7569, 0.0000,  -296.6940, 870.7780, 0.0000,  70, 95, 45
L -330.4816, 1486.7465, 0.0000,  -330.4816, 1461.8580, 0.0000,  110, 75, 35
L -371.9621, 1471.6061, 0.0000,  -330.4816, 1419.3406, 0.0000,  70, 95, 45
L -330.4816, 1419.3406, 0.0000,  -289.0010, 1471.6061, 0.0000,  70, 95, 45
L -371.9621, 1471.6061, 0.0000,  -351.2218, 1466.0061, 0.0000,  70, 95, 45
L -289.0010, 1471.6061, 0.0000,  -309.7413, 1466.0061, 0.0000,  70, 95, 45
L -365.3252, 1440.8066, 0.0000,  -330.4816, 1388.5411, 0.0000,  70, 95, 45
L -330.4816, 1388.5411, 0.0000,  -295.6379, 1440.8066, 0.0000,  70, 95, 45
L -365.3252, 1440.8066, 0.0000,  -347.9034, 1435.2068, 0.0000,  70, 95, 45
L -295.6379, 1440.8066, 0.0000,  -313.0597, 1435.2068, 0.0000,  70, 95, 45
L -358.6883, 1410.0073, 0.0000,  -330.4816, 1357.7418, 0.0000,  70, 95, 45
L -330.4816, 1357.7418, 0.0000,  -302.2748, 1410.0073, 0.0000,  70, 95, 45
L -358.6883, 1410.0073, 0.0000,  -344.5850, 1404.4075, 0.0000,  70, 95, 45
L -302.2748, 1410.0073, 0.0000,  -316.3782, 1404.4075, 0.0000,  70, 95, 45
L -352.0515, 1379.2080, 0.0000,  -330.4816, 1326.9425, 0.0000,  70, 95, 45
L -330.4816, 1326.9425, 0.0000,  -308.9117, 1379.2080, 0.0000,  70, 95, 45
L -352.0515, 1379.2080, 0.0000,  -341.2665, 1373.6082, 0.0000,  70, 95, 45
L -308.9117, 1379.2080, 0.0000,  -319.6966, 1373.6082, 0.0000,  70, 95, 45
L -330.6706, 1716.5339, 0.0000,  -330.6706, 1694.2902, 0.0000,  110, 75, 35
L -367.7436, 1703.0023, 0.0000,  -330.6706, 1656.2903, 0.0000,  70, 95, 45
L -330.6706, 1656.2903, 0.0000,  -293.5975, 1703.0023, 0.0000,  70, 95, 45
L -367.7436, 1703.0023, 0.0000,  -349.2071, 1697.9974, 0.0000,  70, 95, 45
L -293.5975, 1703.0023, 0.0000,  -312.1340, 1697.9974, 0.0000,  70, 95, 45
L -361.8119, 1675.4756, 0.0000,  -330.6706, 1628.7635, 0.0000,  70, 95, 45
L -330.6706, 1628.7635, 0.0000,  -299.5292, 1675.4756, 0.0000,  70, 95, 45
L -361.8119, 1675.4756, 0.0000,  -346.2413, 1670.4707, 0.0000,  70, 95, 45
L -299.5292, 1675.4756, 0.0000,  -315.0999, 1670.4707, 0.0000,  70, 95, 45
L -355.8802, 1647.9489, 0.0000,  -330.6706, 1601.2367, 0.0000,  70, 95, 45
L -330.6706, 1601.2367, 0.0000,  -305.4609, 1647.9489, 0.0000,  70, 95, 45
L -355.8802, 1647.9489, 0.0000,  -343.2754, 1642.9440, 0.0000,  70, 95, 45
L -305.4609, 1647.9489, 0.0000,  -318.0657, 1642.9440, 0.0000,  70, 95, 45
L -349.9486, 1620.4220, 0.0000,  -330.6706, 1573.7101, 0.0000,  70, 95, 45
L -330.6706, 1573.7101, 0.0000,  -311.3926, 1620.4220, 0.0000,  70, 95, 45
L -349.9486, 1620.4220, 0.0000,  -340.3096, 1615.4172, 0.0000,  70, 95, 45
L -311.3926, 1620.4220, 0.0000,  -321.0316, 1615.4172, 0.0000,  70, 95, 45
L 55.1127, -2070.3992, 0.0000,  55.1127, -2154.0537, 0.0000,  120, 80, 40
L 55.1127, -2141.8860, 0.0000,  36.8608, -2157.0957, 0.0000,  120, 80, 40
L 55.1127, -2141.8860, 0.0000,  73.3646, -2157.0957, 0.0000,  120, 80, 40
L -20.9370, -2144.9280, 0.0000,  4.4129, -2147.9700, 0.0000,  70, 95, 45
L 4.4129, -2147.9700, 0.0000,  29.7628, -2151.0120, 0.0000,  70, 95, 45
L 29.7628, -2151.0120, 0.0000,  55.1127, -2154.0537, 0.0000,  70, 95, 45
L 55.1127, -2154.0537, 0.0000,  80.4625, -2151.0120, 0.0000,  70, 95, 45
L 80.4625, -2151.0120, 0.0000,  105.8124, -2147.9700, 0.0000,  70, 95, 45
L 105.8124, -2147.9700, 0.0000,  131.1623, -2144.9280, 0.0000,  70, 95, 45
L -7.2480, -2157.0957, 0.0000,  13.5389, -2160.1377, 0.0000,  70, 95, 45
L 13.5389, -2160.1377, 0.0000,  34.3258, -2163.1797, 0.0000,  70, 95, 45
L 34.3258, -2163.1797, 0.0000,  55.1127, -2166.2217, 0.0000,  70, 95, 45
L 55.1127, -2166.2217, 0.0000,  75.8996, -2163.1797, 0.0000,  70, 95, 45
L 75.8996, -2163.1797, 0.0000,  96.6865, -2160.1377, 0.0000,  70, 95, 45
L 96.6865, -2160.1377, 0.0000,  117.4734, -2157.0957, 0.0000,  70, 95, 45
L 6.4409, -2169.2637, 0.0000,  22.6648, -2172.3057, 0.0000,  70, 95, 45
L 22.6648, -2172.3057, 0.0000,  38.8887, -2175.3477, 0.0000,  70, 95, 45
L 38.8887, -2175.3477, 0.0000,  55.1127, -2178.3896, 0.0000,  70, 95, 45
L 55.1127, -2178.3896, 0.0000,  71.3366, -2175.3477, 0.0000,  70, 95, 45
L 71.3366, -2175.3477, 0.0000,  87.5605, -2172.3057, 0.0000,  70, 95, 45
L 87.5605, -2172.3057, 0.0000,  103.7844, -2169.2637, 0.0000,  70, 95, 45
L 53.3028, -1585.2435, 0.0000,  53.3028, -1607.5552, 0.0000,  110, 75, 35
L 16.1169, -1598.8164, 0.0000,  53.3028, -1645.6707, 0.0000,  70, 95, 45
L 53.3028, -1645.6707, 0.0000,  90.4887, -1598.8164, 0.0000,  70, 95, 45
L 16.1169, -1598.8164, 0.0000,  34.7099, -1603.8365, 0.0000,  70, 95, 45
L 90.4887, -1598.8164, 0.0000,  71.8958, -1603.8365, 0.0000,  70, 95, 45
L 22.0666, -1626.4269, 0.0000,  53.3028, -1673.2813, 0.0000,  70, 95, 45
L 53.3028, -1673.2813, 0.0000,  84.5390, -1626.4269, 0.0000,  70, 95, 45
L 22.0666, -1626.4269, 0.0000,  37.6847, -1631.4470, 0.0000,  70, 95, 45
L 84.5390, -1626.4269, 0.0000,  68.9209, -1631.4470, 0.0000,  70, 95, 45
L 28.0164, -1654.0376, 0.0000,  53.3028, -1700.8917, 0.0000,  70, 95, 45
L 53.3028, -1700.8917, 0.0000,  78.5892, -1654.0376, 0.0000,  70, 95, 45
L 28.0164, -1654.0376, 0.0000,  40.6596, -1659.0576, 0.0000,  70, 95, 45
L 78.5892, -1654.0376, 0.0000,  65.9460, -1659.0576, 0.0000,  70, 95, 45
L 33.9661, -1681.6481, 0.0000,  53.3028, -1728.5023, 0.0000,  70, 95, 45
L 53.3028, -1728.5023, 0.0000,  72.6395, -1681.6481, 0.0000,  70, 95, 45
L 33.9661, -1681.6481, 0.0000,  43.6345, -1686.6681, 0.0000,  70, 95, 45
L 72.6395, -1681.6481, 0.0000,  62.9711, -1686.6681, 0.0000,  70, 95, 45
L 17.4786, -1337.6659, 0.0000,  17.4786, -1360.4279, 0.0000,  110, 75, 35
L -20.4579, -1351.5127, 0.0000,  17.4786, -1399.3126, 0.0000,  70, 95, 45
L 17.4786, -1399.3126, 0.0000,  55.4150, -1351.5127, 0.0000,  70, 95, 45
L -20.4579, -1351.5127, 0.0000,  -1.4897, -1356.6342, 0.0000,  70, 95, 45
L 55.4150, -1351.5127, 0.0000,  36.4468, -1356.6342, 0.0000,  70, 95, 45
L -14.3881, -1379.6805, 0.0000,  17.4786, -1427.4805, 0.0000,  70, 95, 45
L 17.4786, -1427.4805, 0.0000,  49.3452, -1379.6805, 0.0000,  70, 95, 45
L -14.3881, -1379.6805, 0.0000,  1.5453, -1384.8019, 0.0000,  70, 95, 45
L 49.3452, -1379.6805, 0.0000,  33.4119, -1384.8019, 0.0000,  70, 95, 45
L -8.3182, -1407.8484, 0.0000,  17.4786, -1455.6482, 0.0000,  70, 95, 45
L 17.4786, -1455.6482, 0.0000,  43.2753, -1407.8484, 0.0000,  70, 95, 45
L -8.3182, -1407.8484, 0.0000,  4.5802, -1412.9697, 0.0000,  70, 95, 45
L 43.2753, -1407.8484, 0.0000,  30.3769, -1412.9697, 0.0000,  70, 95, 45
L -2.2484, -1436.0161, 0.0000,  17.4786, -1483.8160, 0.0000,  70, 95, 45
L 17.4786, -1483.8160, 0.0000,  37.2055, -1436.0161, 0.0000,  70, 95, 45
L -2.2484, -1436.0161, 0.0000,  7.6151, -1441.1376, 0.0000,  70, 95, 45
L 37.2055, -1436.0161, 0.0000,  27.3420, -1441.1376, 0.0000,  70, 95, 45
L 53.5631, -1055.9474, 0.0000,  53.5631, -1171.2843, 0.0000,  120, 80, 40
L 53.5631, -1154.5081, 0.0000,  28.3986, -1175.4784, 0.0000,  120, 80, 40
L 53.5631, -1154.5081, 0.0000,  78.7275, -1175.4784, 0.0000,  120, 80, 40
L -51.2887, -1158.7020, 0.0000,  -16.3381, -1162.8961, 0.0000,  70, 95, 45
L -16.3381, -1162.8961, 0.0000,  18.6125, -1167.0902, 0.0000,  70, 95, 45
L 18.6125, -1167.0902, 0.0000,  53.5631, -1171.2843, 0.0000,  70, 95, 45
L 53.5631, -1171.2843, 0.0000,  88.5137, -1167.0902, 0.0000,  70, 95, 45
L 88.5137, -1167.0902, 0.0000,  123.4643, -1162.8961, 0.0000,  70, 95, 45
L 123.4643, -1162.8961, 0.0000,  158.4149, -1158.7020, 0.0000,  70, 95, 45
L -32.4154, -1175.4784, 0.0000,  -3.7559, -1179.6725, 0.0000,  70, 95, 45
L -3.7559, -1179.6725, 0.0000,  24.9036, -1183.8666, 0.0000,  70, 95, 45
L 24.9036, -1183.8666, 0.0000,  53.5631, -1188.0605, 0.0000,  70, 95, 45
L 53.5631, -1188.0605, 0.0000,  82.2226, -1183.8666, 0.0000,  70, 95, 45
L 82.2226, -1183.8666, 0.0000,  110.8821, -1179.6725, 0.0000,  70, 95, 45
L 110.8821, -1179.6725, 0.0000,  139.5416, -1175.4784, 0.0000,  70, 95, 45
L -13.5421, -1192.2546, 0.0000,  8.8263, -1196.4487, 0.0000,  70, 95, 45
L 8.8263, -1196.4487, 0.0000,  31.1947, -1200.6428, 0.0000,  70, 95, 45
L 31.1947, -1200.6428, 0.0000,  53.5631, -1204.8368, 0.0000,  70, 95, 45
L 53.5631, -1204.8368, 0.0000,  75.9315, -1200.6428, 0.0000,  70, 95, 45
L 75.9315, -1200.6428, 0.0000,  98.2999, -1196.4487, 0.0000,  70, 95, 45
L 98.2999, -1196.4487, 0.0000,  120.6682, -1192.2546, 0.0000,  70, 95, 45
L 26.3364, 756.6742, 0.0000,  26.3364, 635.6838, 0.0000,  120, 80, 40
L 26.3364, 635.6838, 0.0000,  9.1062, 646.7806, 0.0000,  70, 95, 45
L 9.1062, 646.7806, 0.0000,  -8.1239, 677.2695, 0.0000,  70, 95, 45
L 26.3364, 635.6838, 0.0000,  -3.6426, 641.3784, 0.0000,  70, 95, 45
L -3.6426, 641.3784, 0.0000,  -33.6217, 667.8499, 0.0000,  70, 95, 45
L 26.3364, 635.6838, 0.0000,  -10.6246, 632.8524, 0.0000,  70, 95, 45
L -10.6246, 632.8524, 0.0000,  -47.5856, 651.1840, 0.0000,  70, 95, 45
L 26.3364, 635.6838, 0.0000,  -9.5020, 623.7719, 0.0000,  70, 95, 45
L -9.5020, 623.7719, 0.0000,  -45.3405, 632.3804, 0.0000,  70, 95, 45
L 26.3364, 635.6838, 0.0000,  -4.4030, 614.6277, 0.0000,  70, 95, 45
L -4.4030, 614.6277, 0.0000,  -35.1424, 614.8755, 0.0000,  70, 95, 45
L 26.3364, 635.6838, 0.0000,  7.9583, 609.0734, 0.0000,  70, 95, 45
L 7.9583, 609.0734, 0.0000,  -10.4199, 603.1469, 0.0000,  70, 95, 45
L -9.1361, 929.3571, 0.0000,  -9.1361, 821.1232, 0.0000,  120, 80, 40
L -9.1361, 836.8663, 0.0000,  -32.7508, 817.1874, 0.0000,  120, 80, 40
L -9.1361, 836.8663, 0.0000,  14.4786, 817.1874, 0.0000,  120, 80, 40
L -107.5306, 832.9305, 0.0000,  -74.7324, 828.9948, 0.0000,  70, 95, 45
L -74.7324, 828.9948, 0.0000,  -41.9343, 825.0590, 0.0000,  70, 95, 45
L -41.9343, 825.0590, 0.0000,  -9.1361, 821.1232, 0.0000,  70, 95, 45
L -9.1361, 821.1232, 0.0000,  23.6620, 825.0590, 0.0000,  70, 95, 45
L 23.6620, 825.0590, 0.0000,  56.4602, 828.9948, 0.0000,  70, 95, 45
L 56.4602, 828.9948, 0.0000,  89.2584, 832.9305, 0.0000,  70, 95, 45
L -89.8196, 817.1874, 0.0000,  -62.9251, 813.2516, 0.0000,  70, 95, 45
L -62.9251, 813.2516, 0.0000,  -36.0306, 809.3159, 0.0000,  70, 95, 45
L -36.0306, 809.3159, 0.0000,  -9.1361, 805.3801, 0.0000,  70, 95, 45
L -9.1361, 805.3801, 0.0000,  17.7584, 809.3159, 0.0000,  70, 95, 45
L 17.7584, 809.3159, 0.0000,  44.6529, 813.2516, 0.0000,  70, 95, 45
L 44.6529, 813.2516, 0.0000,  71.5474, 817.1874, 0.0000,  70, 95, 45
L -72.1086, 801.4443, 0.0000,  -51.1178, 797.5085, 0.0000,  70, 95, 45
L -51.1178, 797.5085, 0.0000,  -30.1269, 793.5728, 0.0000,  70, 95, 45
L -30.1269, 793.5728, 0.0000,  -9.1361, 789.6370, 0.0000,  70, 95, 45
L -9.1361, 789.6370, 0.0000,  11.8547, 793.5728, 0.0000,  70, 95, 45
L 11.8547, 793.5728, 0.0000,  32.8455, 797.5085, 0.0000,  70, 95, 45
L 32.8455, 797.5085, 0.0000,  53.8363, 801.4443, 0.0000,  70, 95, 45
L 45.5566, 1229.4447, 0.0000,  45.5566, 1136.7438, 0.0000,  120, 80, 40
L 45.5566, 1150.2275, 0.0000,  25.3309, 1133.3727, 0.0000,  120, 80, 40
L 45.5566, 1150.2275, 0.0000,  65.7822, 1133.3727, 0.0000,  120, 80, 40
L -38.7171, 1146.8566, 0.0000,  -10.6259, 1143.4856, 0.0000,  70, 95, 45
L -10.6259, 1143.4856, 0.0000,  17.4653, 1140.1146, 0.0000,  70, 95, 45
L 17.4653, 1140.1146, 0.0000,  45.5566, 1136.7438, 0.0000,  70, 95, 45
L 45.5566, 1136.7438, 0.0000,  73.6478, 1140.1146, 0.0000,  70, 95, 45
L 73.6478, 1140.1146, 0.0000,  101.7390, 1143.4856, 0.0000,  70, 95, 45
L 101.7390, 1143.4856, 0.0000,  129.8302, 1146.8566, 0.0000,  70, 95, 45
L -23.5478, 1133.3727, 0.0000,  -0.5130, 1130.0018, 0.0000,  70, 95, 45
L -0.5130, 1130.0018, 0.0000,  22.5218, 1126.6309, 0.0000,  70, 95, 45
L 22.5218, 1126.6309, 0.0000,  45.5566, 1123.2599, 0.0000,  70, 95, 45
L 45.5566, 1123.2599, 0.0000,  68.5913, 1126.6309, 0.0000,  70, 95, 45
L 68.5913, 1126.6309, 0.0000,  91.6261, 1130.0018, 0.0000,  70, 95, 45
L 91.6261, 1130.0018, 0.0000,  114.6609, 1133.3727, 0.0000,  70, 95, 45
L -8.3786, 1119.8889, 0.0000,  9.5998, 1116.5181, 0.0000,  70, 95, 45
L 9.5998, 1116.5181, 0.0000,  27.5782, 1113.1471, 0.0000,  70, 95, 45
L 27.5782, 1113.1471, 0.0000,  45.5566, 1109.7761, 0.0000,  70, 95, 45
L 45.5566, 1109.7761, 0.0000,  63.5349, 1113.1471, 0.0000,  70, 95, 45
L 63.5349, 1113.1471, 0.0000,  81.5133, 1116.5181, 0.0000,  70, 95, 45
L 81.5133, 1116.5181, 0.0000,  99.4917, 1119.8889, 0.0000,  70, 95, 45
L -19.8648, 1466.8590, 0.0000,  -19.8648, 1346.7820, 0.0000,  120, 80, 40
L -19.8648, 1346.7820, 0.0000,  -37.4633, 1358.1161, 0.0000,  70, 95, 45
L -37.4633, 1358.1161, 0.0000,  -55.0618, 1389.2567, 0.0000,  70, 95, 45
L -19.8648, 1346.7820, 0.0000,  -53.6141, 1353.1927, 0.0000,  70, 95, 45
L -53.6141, 1353.1927, 0.0000,  -87.3635, 1382.9933, 0.0000,  70, 95, 45
L -19.8648, 1346.7820, 0.0000,  -52.6156, 1344.2731, 0.0000,  70, 95, 45
L -52.6156, 1344.2731, 0.0000,  -85.3665, 1360.5165, 0.0000,  70, 95, 45
L -19.8648, 1346.7820, 0.0000,  -53.6622, 1335.5485, 0.0000,  70, 95, 45
L -53.6622, 1335.5485, 0.0000,  -87.4595, 1343.6666, 0.0000,  70, 95, 45
L -19.8648, 1346.7820, 0.0000,  -48.8681, 1326.9152, 0.0000,  70, 95, 45
L -48.8681, 1326.9152, 0.0000,  -77.8714, 1327.1489, 0.0000,  70, 95, 45
L -19.8648, 1346.7820, 0.0000,  -36.7314, 1322.3601, 0.0000,  70, 95, 45
L -36.7314, 1322.3601, 0.0000,  -53.5980, 1316.9210, 0.0000,  70, 95, 45
L -43.7789, 1781.5221, 0.0000,  -43.7789, 1671.0656, 0.0000,  120, 80, 40
L -43.7789, 1687.1320, 0.0000,  -67.8785, 1667.0490, 0.0000,  120, 80, 40
L -43.7789, 1687.1320, 0.0000,  -19.6792, 1667.0490, 0.0000,  120, 80, 40
L -144.1940, 1683.1154, 0.0000,  -110.7223, 1679.0988, 0.0000,  70, 95, 45
L -110.7223, 1679.0988, 0.0000,  -77.2506, 1675.0822, 0.0000,  70, 95, 45
L -77.2506, 1675.0822, 0.0000,  -43.7789, 1671.0656, 0.0000,  70, 95, 45
L -43.7789, 1671.0656, 0.0000,  -10.3072, 1675.0822, 0.0000,  70, 95, 45
L -10.3072, 1675.0822, 0.0000,  23.1646, 1679.0988, 0.0000,  70, 95, 45
L 23.1646, 1679.0988, 0.0000,  56.6363, 1683.1154, 0.0000,  70, 95, 45
L -126.1193, 1667.0490, 0.0000,  -98.6725, 1663.0323, 0.0000,  70, 95, 45
L -98.6725, 1663.0323, 0.0000,  -71.2257, 1659.0157, 0.0000,  70, 95, 45
L -71.2257, 1659.0157, 0.0000,  -43.7789, 1654.9991, 0.0000,  70, 95, 45
L -43.7789, 1654.9991, 0.0000,  -16.3321, 1659.0157, 0.0000,  70, 95, 45
L -16.3321, 1659.0157, 0.0000,  11.1147, 1663.0323, 0.0000,  70, 95, 45
L 11.1147, 1663.0323, 0.0000,  38.5615, 1667.0490, 0.0000,  70, 95, 45
L -108.0445, 1650.9825, 0.0000,  -86.6226, 1646.9658, 0.0000,  70, 95, 45
L -86.6226, 1646.9658, 0.0000,  -65.2008, 1642.9492, 0.0000,  70, 95, 45
L -65.2008, 1642.9492, 0.0000,  -43.7789, 1638.9326, 0.0000,  70, 95, 45
L -43.7789, 1638.9326, 0.0000,  -22.3570, 1642.9492, 0.0000,  70, 95, 45
L -22.3570, 1642.9492, 0.0000,  -0.9351, 1646.9658, 0.0000,  70, 95, 45
L -0.9351, 1646.9658, 0.0000,  20.4868, 1650.9825, 0.0000,  70, 95, 45
L 35.8585, 1949.1449, 0.0000,  35.8585, 1846.3779, 0.0000,  120, 80, 40
L 35.8585, 1846.3779, 0.0000,  18.7100, 1857.4222, 0.0000,  70, 95, 45
L 18.7100, 1857.4222, 0.0000,  1.5616, 1887.7664, 0.0000,  70, 95, 45
L 35.8585, 1846.3779, 0.0000,  13.4952, 1850.6260, 0.0000,  70, 95, 45
L 13.4952, 1850.6260, 0.0000,  -8.8680, 1870.3727, 0.0000,  70, 95, 45
L 35.8585, 1846.3779, 0.0000,  1.1357, 1843.7179, 0.0000,  70, 95, 45
L 1.1357, 1843.7179, 0.0000,  -33.5871, 1860.9396, 0.0000,  70, 95, 45
L 35.8585, 1846.3779, 0.0000,  2.9281, 1835.4326, 0.0000,  70, 95, 45
L 2.9281, 1835.4326, 0.0000,  -30.0023, 1843.3425, 0.0000,  70, 95, 45
L 35.8585, 1846.3779, 0.0000,  12.2637, 1830.2159, 0.0000,  70, 95, 45
L 12.2637, 1830.2159, 0.0000,  -11.3311, 1830.4061, 0.0000,  70, 95, 45
L 35.8585, 1846.3779, 0.0000,  20.5293, 1824.1823, 0.0000,  70, 95, 45
L 20.5293, 1824.1823, 0.0000,  5.2002, 1819.2390, 0.0000,  70, 95, 45
L 195.6984, -1825.0562, 0.0000,  195.6984, -1936.8621, 0.0000,  120, 80, 40
L 195.6984, -1936.8621, 0.0000,  180.4640, -1927.0505, 0.0000,  70, 95, 45
L 180.4640, -1927.0505, 0.0000,  165.2296, -1900.0933, 0.0000,  70, 95, 45
L 195.6984, -1936.8621, 0.0000,  169.2628, -1931.8406, 0.0000,  70, 95, 45
L 169.2628, -1931.8406, 0.0000,  142.8272, -1908.4979, 0.0000,  70, 95, 45
L 195.6984, -1936.8621, 0.0000,  165.5766, -1939.1697, 0.0000,  70, 95, 45
L 165.5766, -1939.1697, 0.0000,  135.4547, -1924.2300, 0.0000,  70, 95, 45
L 195.6984, -1936.8621, 0.0000,  164.7426, -1947.1510, 0.0000,  70, 95, 45
L 164.7426, -1947.1510, 0.0000,  133.7868, -1939.7155, 0.0000,  70, 95, 45
L 195.6984, -1936.8621, 0.0000,  166.4150, -1956.9208, 0.0000,  70, 95, 45
L 166.4150, -1956.9208, 0.0000,  137.1316, -1956.6847, 0.0000,  70, 95, 45
L 195.6984, -1936.8621, 0.0000,  180.4145, -1958.9923, 0.0000,  70, 95, 45
L 180.4145, -1958.9923, 0.0000,  165.1305, -1963.9209, 0.0000,  70, 95, 45
L 236.5721, -1303.5510, 0.0000,  236.5721, -1414.1536, 0.0000,  120, 80, 40
L 236.5721, -1414.1536, 0.0000,  220.8634, -1404.0366, 0.0000,  70, 95, 45
L 220.8634, -1404.0366, 0.0000,  205.1547, -1376.2400, 0.0000,  70, 95, 45
L 236.5721, -1414.1536, 0.0000,  208.8403, -1408.8859, 0.0000,  70, 95, 45
L 208.8403, -1408.8859, 0.0000,  181.1084, -1384.3987, 0.0000,  70, 95, 45
L 236.5721, -1414.1536, 0.0000,  201.3526, -1416.8517, 0.0000,  70, 95, 45
L 201.3526, -1416.8517, 0.0000,  166.1331, -1399.3838, 0.0000,  70, 95, 45
L 236.5721, -1414.1536, 0.0000,  198.8617, -1426.6877, 0.0000,  70, 95, 45
L 198.8617, -1426.6877, 0.0000,  161.1513, -1417.6296, 0.0000,  70, 95, 45
L 236.5721, -1414.1536, 0.0000,  210.2603, -1432.1769, 0.0000,  70, 95, 45
L 210.2603, -1432.1769, 0.0000,  183.9484, -1431.9647, 0.0000,  70, 95, 45
L 236.5721, -1414.1536, 0.0000,  219.5414, -1438.8131, 0.0000,  70, 95, 45
L 219.5414, -1438.8131, 0.0000,  202.5106, -1444.3052, 0.0000,  70, 95, 45
L 257.4029, 296.6705, 0.0000,  257.4029, 208.4609, 0.0000,  120, 80, 40
L 257.4029, 221.2914, 0.0000,  238.1572, 205.2533, 0.0000,  120, 80, 40
L 257.4029, 221.2914, 0.0000,  276.6486, 205.2533, 0.0000,  120, 80, 40
L 177.2124, 218.0838, 0.0000,  203.9425, 214.8761, 0.0000,  70, 95, 45
L 203.9425, 214.8761, 0.0000,  230.6727, 211.6685, 0.0000,  70, 95, 45
L 230.6727, 211.6685, 0.0000,  257.4029, 208.4609, 0.0000,  70, 95, 45
L 257.4029, 208.4609, 0.0000,  284.1331, 211.6685, 0.0000,  70, 95, 45
L 284.1331, 211.6685, 0.0000,  310.8632, 214.8761, 0.0000,  70, 95, 45
L 310.8632, 214.8761, 0.0000,  337.5934, 218.0838, 0.0000,  70, 95, 45
L 191.6467, 205.2533, 0.0000,  213.5654, 202.0456, 0.0000,  70, 95, 45
L 213.5654, 202.0456, 0.0000,  235.4841, 198.8380, 0.0000,  70, 95, 45
L 235.4841, 198.8380, 0.0000,  257.4029, 195.6304, 0.0000,  70, 95, 45
L 257.4029, 195.6304, 0.0000,  279.3216, 198.8380, 0.0000,  70, 95, 45
L 279.3216, 198.8380, 0.0000,  301.2404, 202.0456, 0.0000,  70, 95, 45
L 301.2404, 202.0456, 0.0000,  323.1591, 205.2533, 0.0000,  70, 95, 45
L 206.0810, 192.4228, 0.0000,  223.1883, 189.2152, 0.0000,  70, 95, 45
L 223.1883, 189.2152, 0.0000,  240.2956, 186.0075, 0.0000,  70, 95, 45
L 240.2956, 186.0075, 0.0000,  257.4029, 182.7999, 0.0000,  70, 95, 45
L 257.4029, 182.7999, 0.0000,  274.5102, 186.0075, 0.0000,  70, 95, 45
L 274.5102, 186.0075, 0.0000,  291.6175, 189.2152, 0.0000,  70, 95, 45
L 291.6175, 189.2152, 0.0000,  308.7248, 192.4228, 0.0000,  70, 95, 45
L 238.9505, 469.5256, 0.0000,  238.9505, 359.4864, 0.0000,  120, 80, 40
L 238.9505, 375.4921, 0.0000,  214.9419, 355.4849, 0.0000,  120, 80, 40
L 238.9505, 375.4921, 0.0000,  262.9590, 355.4849, 0.0000,  120, 80, 40
L 138.9148, 371.4906, 0.0000,  172.2600, 367.4892, 0.0000,  70, 95, 45
L 172.2600, 367.4892, 0.0000,  205.6053, 363.4878, 0.0000,  70, 95, 45
L 205.6053, 363.4878, 0.0000,  238.9505, 359.4864, 0.0000,  70, 95, 45
L 238.9505, 359.4864, 0.0000,  272.2957, 363.4878, 0.0000,  70, 95, 45
L 272.2957, 363.4878, 0.0000,  305.6409, 367.4892, 0.0000,  70, 95, 45
L 305.6409, 367.4892, 0.0000,  338.9861, 371.4906, 0.0000,  70, 95, 45
L 156.9212, 355.4849, 0.0000,  184.2643, 351.4835, 0.0000,  70, 95, 45
L 184.2643, 351.4835, 0.0000,  211.6074, 347.4821, 0.0000,  70, 95, 45
L 211.6074, 347.4821, 0.0000,  238.9505, 343.4807, 0.0000,  70, 95, 45
L 238.9505, 343.4807, 0.0000,  266.2935, 347.4821, 0.0000,  70, 95, 45
L 266.2935, 347.4821, 0.0000,  293.6366, 351.4835, 0.0000,  70, 95, 45
L 293.6366, 351.4835, 0.0000,  320.9797, 355.4849, 0.0000,  70, 95, 45
L 174.9277, 339.4792, 0.0000,  196.2686, 335.4778, 0.0000,  70, 95, 45
L 196.2686, 335.4778, 0.0000,  217.6095, 331.4764, 0.0000,  70, 95, 45
L 217.6095, 331.4764, 0.0000,  238.9505, 327.4750, 0.0000,  70, 95, 45
L 238.9505, 327.4750, 0.0000,  260.2914, 331.4764, 0.0000,  70, 95, 45
L 260.2914, 331.4764, 0.0000,  281.6323, 335.4778, 0.0000,  70, 95, 45
L 281.6323, 335.4778, 0.0000,  302.9733, 339.4792, 0.0000,  70, 95, 45
L 181.1553, 725.3835, 0.0000,  181.1553, 601.0120, 0.0000,  120, 80, 40
L 181.1553, 601.0120, 0.0000,  162.2128, 613.2115, 0.0000,  70, 95, 45
L 162.2128, 613.2115, 0.0000,  143.2703, 646.7303, 0.0000,  70, 95, 45
L 181.1553, 601.0120, 0.0000,  147.0620, 607.4881, 0.0000,  70, 95, 45
L 147.0620, 607.4881, 0.0000,  112.9688, 637.5923, 0.0000,  70, 95, 45
L 181.1553, 601.0120, 0.0000,  148.4784, 598.5087, 0.0000,  70, 95, 45
L 148.4784, 598.5087, 0.0000,  115.8014, 614.7155, 0.0000,  70, 95, 45
L 181.1553, 601.0120, 0.0000,  145.2383, 589.0740, 0.0000,  70, 95, 45
L 145.2383, 589.0740, 0.0000,  109.3214, 597.7013, 0.0000,  70, 95, 45
L 181.1553, 601.0120, 0.0000,  154.5236, 582.7696, 0.0000,  70, 95, 45
L 154.5236, 582.7696, 0.0000,  127.8919, 582.9843, 0.0000,  70, 95, 45
L 181.1553, 601.0120, 0.0000,  161.3387, 572.3187, 0.0000,  70, 95, 45
L 161.3387, 572.3187, 0.0000,  141.5221, 565.9283, 0.0000,  70, 95, 45
L 166.7388, 1171.5662, 0.0000,  166.7388, 1057.6274, 0.0000,  120, 80, 40
L 166.7388, 1057.6274, 0.0000,  148.1585, 1069.5939, 0.0000,  70, 95, 45
L 148.1585, 1069.5939, 0.0000,  129.5782, 1102.4717, 0.0000,  70, 95, 45
L 166.7388, 1057.6274, 0.0000,  135.0204, 1063.6525, 0.0000,  70, 95, 45
L 135.0204, 1063.6525, 0.0000,  103.3021, 1091.6597, 0.0000,  70, 95, 45
L 166.7388, 1057.6274, 0.0000,  137.3291, 1055.3745, 0.0000,  70, 95, 45
L 137.3291, 1055.3745, 0.0000,  107.9195, 1069.9608, 0.0000,  70, 95, 45
L 166.7388, 1057.6274, 0.0000,  137.6666, 1047.9646, 0.0000,  70, 95, 45
L 137.6666, 1047.9646, 0.0000,  108.5944, 1054.9478, 0.0000,  70, 95, 45
L 166.7388, 1057.6274, 0.0000,  134.3485, 1035.4407, 0.0000,  70, 95, 45
L 134.3485, 1035.4407, 0.0000,  101.9582, 1035.7018, 0.0000,  70, 95, 45
L 166.7388, 1057.6274, 0.0000,  150.3111, 1033.8412, 0.0000,  70, 95, 45
L 150.3111, 1033.8412, 0.0000,  133.8835, 1028.5437, 0.0000,  70, 95, 45
L 189.4612, 1476.7959, 0.0000,  189.4612, 1452.0139, 0.0000,  110, 75, 35
L 148.1580, 1461.7201, 0.0000,  189.4612, 1409.6781, 0.0000,  70, 95, 45
L 189.4612, 1409.6781, 0.0000,  230.7644, 1461.7201, 0.0000,  70, 95, 45
L 148.1580, 1461.7201, 0.0000,  168.8096, 1456.1443, 0.0000,  70, 95, 45
L 230.7644, 1461.7201, 0.0000,  210.1128, 1456.1443, 0.0000,  70, 95, 45
L 154.7665, 1431.0525, 0.0000,  189.4612, 1379.0105, 0.0000,  70, 95, 45
L 189.4612, 1379.0105, 0.0000,  224.1559, 1431.0525, 0.0000,  70, 95, 45
L 154.7665, 1431.0525, 0.0000,  172.1138, 1425.4766, 0.0000,  70, 95, 45
L 224.1559, 1431.0525, 0.0000,  206.8086, 1425.4766, 0.0000,  70, 95, 45
L 161.3750, 1400.3849, 0.0000,  189.4612, 1348.3429, 0.0000,  70, 95, 45
L 189.4612, 1348.3429, 0.0000,  217.5474, 1400.3849, 0.0000,  70, 95, 45
L 161.3750, 1400.3849, 0.0000,  175.4181, 1394.8090, 0.0000,  70, 95, 45
L 217.5474, 1400.3849, 0.0000,  203.5043, 1394.8090, 0.0000,  70, 95, 45
L 167.9835, 1369.7173, 0.0000,  189.4612, 1317.6752, 0.0000,  70, 95, 45
L 189.4612, 1317.6752, 0.0000,  210.9389, 1369.7173, 0.0000,  70, 95, 45
L 167.9835, 1369.7173, 0.0000,  178.7224, 1364.1412, 0.0000,  70, 95, 45
L 210.9389, 1369.7173, 0.0000,  200.2000, 1364.1412, 0.0000,  70, 95, 45
L 189.9342, 1745.4083, 0.0000,  189.9342, 1640.2539, 0.0000,  120, 80, 40
L 189.9342, 1640.2539, 0.0000,  172.4978, 1651.4836, 0.0000,  70, 95, 45
L 172.4978, 1651.4836, 0.0000,  155.0614, 1682.3374, 0.0000,  70, 95, 45
L 189.9342, 1640.2539, 0.0000,  167.5591, 1644.5042, 0.0000,  70, 95, 45
L 167.5591, 1644.5042, 0.0000,  145.1840, 1664.2614, 0.0000,  70, 95, 45
L 189.9342, 1640.2539, 0.0000,  155.2240, 1637.5950, 0.0000,  70, 95, 45
L 155.2240, 1637.5950, 0.0000,  120.5139, 1654.8102, 0.0000,  70, 95, 45
L 189.9342, 1640.2539, 0.0000,  160.1431, 1630.3521, 0.0000,  70, 95, 45
L 160.1431, 1630.3521, 0.0000,  130.3521, 1637.5079, 0.0000,  70, 95, 45
L 189.9342, 1640.2539, 0.0000,  167.7076, 1625.0292, 0.0000,  70, 95, 45
L 167.7076, 1625.0292, 0.0000,  145.4810, 1625.2083, 0.0000,  70, 95, 45
L 189.9342, 1640.2539, 0.0000,  175.9700, 1620.0348, 0.0000,  70, 95, 45
L 175.9700, 1620.0348, 0.0000,  162.0059, 1615.5316, 0.0000,  70, 95, 45
L 423.3279, -2221.8567, 0.0000,  423.3279, -2247.7251, 0.0000,  110, 75, 35
L 380.2141, -2237.5933, 0.0000,  423.3279, -2291.9167, 0.0000,  70, 95, 45
L 423.3279, -2291.9167, 0.0000,  466.4418, -2237.5933, 0.0000,  70, 95, 45
L 380.2141, -2237.5933, 0.0000,  401.7710, -2243.4136, 0.0000,  70, 95, 45
L 466.4418, -2237.5933, 0.0000,  444.8849, -2243.4136, 0.0000,  70, 95, 45
L 387.1123, -2269.6055, 0.0000,  423.3279, -2323.9287, 0.0000,  70, 95, 45
L 423.3279, -2323.9287, 0.0000,  459.5436, -2269.6055, 0.0000,  70, 95, 45
L 387.1123, -2269.6055, 0.0000,  405.2201, -2275.4258, 0.0000,  70, 95, 45
L 459.5436, -2269.6055, 0.0000,  441.4358, -2275.4258, 0.0000,  70, 95, 45
L 394.0105, -2301.6174, 0.0000,  423.3279, -2355.9409, 0.0000,  70, 95, 45
L 423.3279, -2355.9409, 0.0000,  452.6454, -2301.6174, 0.0000,  70, 95, 45
L 394.0105, -2301.6174, 0.0000,  408.6692, -2307.4377, 0.0000,  70, 95, 45
L 452.6454, -2301.6174, 0.0000,  437.9867, -2307.4377, 0.0000,  70, 95, 45
L 400.9087, -2333.6294, 0.0000,  423.3279, -2387.9529, 0.0000,  70, 95, 45
L 423.3279, -2387.9529, 0.0000,  445.7471, -2333.6294, 0.0000,  70, 95, 45
L 400.9087, -2333.6294, 0.0000,  412.1183, -2339.4497, 0.0000,  70, 95, 45
L 445.7471, -2333.6294, 0.0000,  434.5375, -2339.4497, 0.0000,  70, 95, 45
L 544.3970, -993.2355, 0.0000,  544.3970, -1096.2289, 0.0000,  120, 80, 40
L 544.3970, -1096.2289, 0.0000,  530.6660, -1087.3856, 0.0000,  70, 95, 45
L 530.6660, -1087.3856, 0.0000,  516.9351, -1063.0886, 0.0000,  70, 95, 45
L 544.3970, -1096.2289, 0.0000,  518.0765, -1091.2292, 0.0000,  70, 95, 45
L 518.0765, -1091.2292, 0.0000,  491.7560, -1067.9883, 0.0000,  70, 95, 45
L 544.3970, -1096.2289, 0.0000,  508.9186, -1098.9468, 0.0000,  70, 95, 45
L 508.9186, -1098.9468, 0.0000,  473.4401, -1081.3505, 0.0000,  70, 95, 45
L 544.3970, -1096.2289, 0.0000,  516.8563, -1105.3827, 0.0000,  70, 95, 45
L 516.8563, -1105.3827, 0.0000,  489.3156, -1098.7675, 0.0000,  70, 95, 45
L 544.3970, -1096.2289, 0.0000,  516.1982, -1115.5446, 0.0000,  70, 95, 45
L 516.1982, -1115.5446, 0.0000,  487.9996, -1115.3173, 0.0000,  70, 95, 45
L 544.3970, -1096.2289, 0.0000,  530.3434, -1116.5776, 0.0000,  70, 95, 45
L 530.3434, -1116.5776, 0.0000,  516.2898, -1121.1095, 0.0000,  70, 95, 45
L 420.2502, -215.3298, 0.0000,  420.2502, -302.6239, 0.0000,  120, 80, 40
L 420.2502, -289.9266, 0.0000,  401.2042, -305.7982, 0.0000,  120, 80, 40
L 420.2502, -289.9266, 0.0000,  439.2961, -305.7982, 0.0000,  120, 80, 40
L 340.8920, -293.1009, 0.0000,  367.3447, -296.2752, 0.0000,  70, 95, 45
L 367.3447, -296.2752, 0.0000,  393.7974, -299.4496, 0.0000,  70, 95, 45
L 393.7974, -299.4496, 0.0000,  420.2502, -302.6239, 0.0000,  70, 95, 45
L 420.2502, -302.6239, 0.0000,  446.7029, -299.4496, 0.0000,  70, 95, 45
L 446.7029, -299.4496, 0.0000,  473.1557, -296.2752, 0.0000,  70, 95, 45
L 473.1557, -296.2752, 0.0000,  499.6084, -293.1009, 0.0000,  70, 95, 45
L 355.1764, -305.7982, 0.0000,  376.8677, -308.9725, 0.0000,  70, 95, 45
L 376.8677, -308.9725, 0.0000,  398.5589, -312.1469, 0.0000,  70, 95, 45
L 398.5589, -312.1469, 0.0000,  420.2502, -315.3212, 0.0000,  70, 95, 45
L 420.2502, -315.3212, 0.0000,  441.9414, -312.1469, 0.0000,  70, 95, 45
L 441.9414, -312.1469, 0.0000,  463.6327, -308.9725, 0.0000,  70, 95, 45
L 463.6327, -308.9725, 0.0000,  485.3239, -305.7982, 0.0000,  70, 95, 45
L 369.4609, -318.4955, 0.0000,  386.3907, -321.6699, 0.0000,  70, 95, 45
L 386.3907, -321.6699, 0.0000,  403.3204, -324.8442, 0.0000,  70, 95, 45
L 403.3204, -324.8442, 0.0000,  420.2502, -328.0185, 0.0000,  70, 95, 45
L 420.2502, -328.0185, 0.0000,  437.1799, -324.8442, 0.0000,  70, 95, 45
L 437.1799, -324.8442, 0.0000,  454.1097, -321.6699, 0.0000,  70, 95, 45
L 454.1097, -321.6699, 0.0000,  471.0394, -318.4955, 0.0000,  70, 95, 45
L 501.7807, 248.5055, 0.0000,  501.7807, 221.7092, 0.0000,  110, 75, 35
L 457.1203, 232.2044, 0.0000,  501.7807, 175.9323, 0.0000,  70, 95, 45
L 501.7807, 175.9323, 0.0000,  546.4410, 232.2044, 0.0000,  70, 95, 45
L 457.1203, 232.2044, 0.0000,  479.4505, 226.1753, 0.0000,  70, 95, 45
L 546.4410, 232.2044, 0.0000,  524.1108, 226.1753, 0.0000,  70, 95, 45
L 464.2659, 199.0440, 0.0000,  501.7807, 142.7719, 0.0000,  70, 95, 45
L 501.7807, 142.7719, 0.0000,  539.2955, 199.0440, 0.0000,  70, 95, 45
L 464.2659, 199.0440, 0.0000,  483.0233, 193.0149, 0.0000,  70, 95, 45
L 539.2955, 199.0440, 0.0000,  520.5381, 193.0149, 0.0000,  70, 95, 45
L 471.4116, 165.8837, 0.0000,  501.7807, 109.6115, 0.0000,  70, 95, 45
L 501.7807, 109.6115, 0.0000,  532.1498, 165.8837, 0.0000,  70, 95, 45
L 471.4116, 165.8837, 0.0000,  486.5962, 159.8545, 0.0000,  70, 95, 45
L 532.1498, 165.8837, 0.0000,  516.9653, 159.8545, 0.0000,  70, 95, 45
L 478.5573, 132.7233, 0.0000,  501.7807, 76.4512, 0.0000,  70, 95, 45
L 501.7807, 76.4512, 0.0000,  525.0041, 132.7233, 0.0000,  70, 95, 45
L 478.5573, 132.7233, 0.0000,  490.1690, 126.6941, 0.0000,  70, 95, 45
L 525.0041, 132.7233, 0.0000,  513.3924, 126.6941, 0.0000,  70, 95, 45
L 421.9885, 2055.8320, 0.0000,  421.9885, 2033.2577, 0.0000,  110, 75, 35
L 384.3644, 2042.0994, 0.0000,  421.9885, 1994.6930, 0.0000,  70, 95, 45
L 421.9885, 1994.6930, 0.0000,  459.6126, 2042.0994, 0.0000,  70, 95, 45
L 384.3644, 2042.0994, 0.0000,  403.1764, 2037.0201, 0.0000,  70, 95, 45
L 459.6126, 2042.0994, 0.0000,  440.8006, 2037.0201, 0.0000,  70, 95, 45
L 390.3842, 2014.1635, 0.0000,  421.9885, 1966.7571, 0.0000,  70, 95, 45
L 421.9885, 1966.7571, 0.0000,  453.5928, 2014.1635, 0.0000,  70, 95, 45
L 390.3842, 2014.1635, 0.0000,  406.1863, 2009.0841, 0.0000,  70, 95, 45
L 453.5928, 2014.1635, 0.0000,  437.7906, 2009.0841, 0.0000,  70, 95, 45
L 396.4041, 1986.2275, 0.0000,  421.9885, 1938.8212, 0.0000,  70, 95, 45
L 421.9885, 1938.8212, 0.0000,  447.5729, 1986.2275, 0.0000,  70, 95, 45
L 396.4041, 1986.2275, 0.0000,  409.1963, 1981.1482, 0.0000,  70, 95, 45
L 447.5729, 1986.2275, 0.0000,  434.7807, 1981.1482, 0.0000,  70, 95, 45
L 402.4239, 1958.2916, 0.0000,  421.9885, 1910.8853, 0.0000,  70, 95, 45
L 421.9885, 1910.8853, 0.0000,  441.5530, 1958.2916, 0.0000,  70, 95, 45
L 402.4239, 1958.2916, 0.0000,  412.2062, 1953.2123, 0.0000,  70, 95, 45
L 441.5530, 1958.2916, 0.0000,  431.7708, 1953.2123, 0.0000,  70, 95, 45
L 475.3671, 2237.3862, 0.0000,  475.3671, 2211.2205, 0.0000,  110, 75, 35
L 431.7578, 2221.4688, 0.0000,  475.3671, 2166.5210, 0.0000,  70, 95, 45
L 475.3671, 2166.5210, 0.0000,  518.9764, 2221.4688, 0.0000,  70, 95, 45
L 431.7578, 2221.4688, 0.0000,  453.5624, 2215.5815, 0.0000,  70, 95, 45
L 518.9764, 2221.4688, 0.0000,  497.1718, 2215.5815, 0.0000,  70, 95, 45
L 438.7353, 2189.0889, 0.0000,  475.3671, 2134.1411, 0.0000,  70, 95, 45
L 475.3671, 2134.1411, 0.0000,  511.9990, 2189.0889, 0.0000,  70, 95, 45
L 438.7353, 2189.0889, 0.0000,  457.0512, 2183.2017, 0.0000,  70, 95, 45
L 511.9990, 2189.0889, 0.0000,  493.6831, 2183.2017, 0.0000,  70, 95, 45
L 445.7128, 2156.7090, 0.0000,  475.3671, 2101.7610, 0.0000,  70, 95, 45
L 475.3671, 2101.7610, 0.0000,  505.0215, 2156.7090, 0.0000,  70, 95, 45
L 445.7128, 2156.7090, 0.0000,  460.5399, 2150.8215, 0.0000,  70, 95, 45
L 505.0215, 2156.7090, 0.0000,  490.1943, 2150.8215, 0.0000,  70, 95, 45
L 452.6903, 2124.3289, 0.0000,  475.3671, 2069.3811, 0.0000,  70, 95, 45
L 475.3671, 2069.3811, 0.0000,  498.0440, 2124.3289, 0.0000,  70, 95, 45
L 452.6903, 2124.3289, 0.0000,  464.0287, 2118.4417, 0.0000,  70, 95, 45
L 498.0440, 2124.3289, 0.0000,  486.7056, 2118.4417, 0.0000,  70, 95, 45
L 803.9749, -2273.9038, 0.0000,  803.9749, -2360.1533, 0.0000,  120, 80, 40
L 803.9749, -2347.6079, 0.0000,  785.1569, -2363.2896, 0.0000,  120, 80, 40
L 803.9749, -2347.6079, 0.0000,  822.7930, -2363.2896, 0.0000,  120, 80, 40
L 725.5663, -2350.7444, 0.0000,  751.7026, -2353.8806, 0.0000,  70, 95, 45
L 751.7026, -2353.8806, 0.0000,  777.8387, -2357.0168, 0.0000,  70, 95, 45
L 777.8387, -2357.0168, 0.0000,  803.9749, -2360.1533, 0.0000,  70, 95, 45
L 803.9749, -2360.1533, 0.0000,  830.1111, -2357.0168, 0.0000,  70, 95, 45
L 830.1111, -2357.0168, 0.0000,  856.2473, -2353.8806, 0.0000,  70, 95, 45
L 856.2473, -2353.8806, 0.0000,  882.3834, -2350.7444, 0.0000,  70, 95, 45
L 739.6800, -2363.2896, 0.0000,  761.1116, -2366.4260, 0.0000,  70, 95, 45
L 761.1116, -2366.4260, 0.0000,  782.5433, -2369.5623, 0.0000,  70, 95, 45
L 782.5433, -2369.5623, 0.0000,  803.9749, -2372.6985, 0.0000,  70, 95, 45
L 803.9749, -2372.6985, 0.0000,  825.4066, -2369.5623, 0.0000,  70, 95, 45
L 825.4066, -2369.5623, 0.0000,  846.8382, -2366.4260, 0.0000,  70, 95, 45
L 846.8382, -2366.4260, 0.0000,  868.2699, -2363.2896, 0.0000,  70, 95, 45
L 753.7935, -2375.8350, 0.0000,  770.5206, -2378.9712, 0.0000,  70, 95, 45
L 770.5206, -2378.9712, 0.0000,  787.2477, -2382.1077, 0.0000,  70, 95, 45
L 787.2477, -2382.1077, 0.0000,  803.9749, -2385.2439, 0.0000,  70, 95, 45
L 803.9749, -2385.2439, 0.0000,  820.7021, -2382.1077, 0.0000,  70, 95, 45
L 820.7021, -2382.1077, 0.0000,  837.4292, -2378.9712, 0.0000,  70, 95, 45
L 837.4292, -2378.9712, 0.0000,  854.1564, -2375.8350, 0.0000,  70, 95, 45
L 745.4882, -2083.1409, 0.0000,  745.4882, -2103.6626, 0.0000,  110, 75, 35
L 711.2855, -2095.6250, 0.0000,  745.4882, -2138.7202, 0.0000,  70, 95, 45
L 745.4882, -2138.7202, 0.0000,  779.6910, -2095.6250, 0.0000,  70, 95, 45
L 711.2855, -2095.6250, 0.0000,  728.3868, -2100.2422, 0.0000,  70, 95, 45
L 779.6910, -2095.6250, 0.0000,  762.5896, -2100.2422, 0.0000,  70, 95, 45
L 716.7579, -2121.0203, 0.0000,  745.4882, -2164.1160, 0.0000,  70, 95, 45
L 745.4882, -2164.1160, 0.0000,  774.2184, -2121.0203, 0.0000,  70, 95, 45
L 716.7579, -2121.0203, 0.0000,  731.1230, -2125.6377, 0.0000,  70, 95, 45
L 774.2184, -2121.0203, 0.0000,  759.8534, -2125.6377, 0.0000,  70, 95, 45
L 722.2303, -2146.4158, 0.0000,  745.4882, -2189.5115, 0.0000,  70, 95, 45
L 745.4882, -2189.5115, 0.0000,  768.7461, -2146.4158, 0.0000,  70, 95, 45
L 722.2303, -2146.4158, 0.0000,  733.8593, -2151.0332, 0.0000,  70, 95, 45
L 768.7461, -2146.4158, 0.0000,  757.1172, -2151.0332, 0.0000,  70, 95, 45
L 727.7028, -2171.8115, 0.0000,  745.4882, -2214.9070, 0.0000,  70, 95, 45
L 745.4882, -2214.9070, 0.0000,  763.2737, -2171.8115, 0.0000,  70, 95, 45
L 727.7028, -2171.8115, 0.0000,  736.5955, -2176.4287, 0.0000,  70, 95, 45
L 763.2737, -2171.8115, 0.0000,  754.3810, -2176.4287, 0.0000,  70, 95, 45
L 807.6888, -1332.4684, 0.0000,  807.6888, -1415.3928, 0.0000,  120, 80, 40
L 807.6888, -1403.3312, 0.0000,  789.5963, -1418.4082, 0.0000,  120, 80, 40
L 807.6888, -1403.3312, 0.0000,  825.7815, -1418.4082, 0.0000,  120, 80, 40
L 732.3030, -1406.3466, 0.0000,  757.4316, -1409.3619, 0.0000,  70, 95, 45
L 757.4316, -1409.3619, 0.0000,  782.5602, -1412.3774, 0.0000,  70, 95, 45
L 782.5602, -1412.3774, 0.0000,  807.6888, -1415.3928, 0.0000,  70, 95, 45
L 807.6888, -1415.3928, 0.0000,  832.8174, -1412.3774, 0.0000,  70, 95, 45
L 832.8174, -1412.3774, 0.0000,  857.9462, -1409.3619, 0.0000,  70, 95, 45
L 857.9462, -1409.3619, 0.0000,  883.0748, -1406.3466, 0.0000,  70, 95, 45
L 745.8724, -1418.4082, 0.0000,  766.4778, -1421.4237, 0.0000,  70, 95, 45
L 766.4778, -1421.4237, 0.0000,  787.0834, -1424.4391, 0.0000,  70, 95, 45
L 787.0834, -1424.4391, 0.0000,  807.6888, -1427.4546, 0.0000,  70, 95, 45
L 807.6888, -1427.4546, 0.0000,  828.2944, -1424.4391, 0.0000,  70, 95, 45
L 828.2944, -1424.4391, 0.0000,  848.8998, -1421.4237, 0.0000,  70, 95, 45
L 848.8998, -1421.4237, 0.0000,  869.5054, -1418.4082, 0.0000,  70, 95, 45
L 759.4419, -1430.4701, 0.0000,  775.5242, -1433.4855, 0.0000,  70, 95, 45
L 775.5242, -1433.4855, 0.0000,  791.6066, -1436.5010, 0.0000,  70, 95, 45
L 791.6066, -1436.5010, 0.0000,  807.6888, -1439.5164, 0.0000,  70, 95, 45
L 807.6888, -1439.5164, 0.0000,  823.7712, -1436.5010, 0.0000,  70, 95, 45
L 823.7712, -1436.5010, 0.0000,  839.8536, -1433.4855, 0.0000,  70, 95, 45
L 839.8536, -1433.4855, 0.0000,  855.9359, -1430.4701, 0.0000,  70, 95, 45
L 723.1569, -52.6793, 0.0000,  723.1569, -144.2856, 0.0000,  120, 80, 40
L 723.1569, -130.9611, 0.0000,  703.1700, -147.6168, 0.0000,  120, 80, 40
L 723.1569, -130.9611, 0.0000,  743.1437, -147.6168, 0.0000,  120, 80, 40
L 639.8784, -134.2922, 0.0000,  667.6379, -137.6233, 0.0000,  70, 95, 45
L 667.6379, -137.6233, 0.0000,  695.3974, -140.9545, 0.0000,  70, 95, 45
L 695.3974, -140.9545, 0.0000,  723.1569, -144.2856, 0.0000,  70, 95, 45
L 723.1569, -144.2856, 0.0000,  750.9164, -140.9545, 0.0000,  70, 95, 45
L 750.9164, -140.9545, 0.0000,  778.6758, -137.6233, 0.0000,  70, 95, 45
L 778.6758, -137.6233, 0.0000,  806.4352, -134.2922, 0.0000,  70, 95, 45
L 654.8685, -147.6168, 0.0000,  677.6313, -150.9479, 0.0000,  70, 95, 45
L 677.6313, -150.9479, 0.0000,  700.3940, -154.2790, 0.0000,  70, 95, 45
L 700.3940, -154.2790, 0.0000,  723.1569, -157.6102, 0.0000,  70, 95, 45
L 723.1569, -157.6102, 0.0000,  745.9196, -154.2790, 0.0000,  70, 95, 45
L 745.9196, -154.2790, 0.0000,  768.6824, -150.9479, 0.0000,  70, 95, 45
L 768.6824, -150.9479, 0.0000,  791.4452, -147.6168, 0.0000,  70, 95, 45
L 669.8586, -160.9413, 0.0000,  687.6247, -164.2724, 0.0000,  70, 95, 45
L 687.6247, -164.2724, 0.0000,  705.3907, -167.6036, 0.0000,  70, 95, 45
L 705.3907, -167.6036, 0.0000,  723.1569, -170.9347, 0.0000,  70, 95, 45
L 723.1569, -170.9347, 0.0000,  740.9229, -167.6036, 0.0000,  70, 95, 45
L 740.9229, -167.6036, 0.0000,  758.6890, -164.2724, 0.0000,  70, 95, 45
L 758.6890, -164.2724, 0.0000,  776.4551, -160.9413, 0.0000,  70, 95, 45
L 689.1260, 275.9724, 0.0000,  689.1260, 152.0872, 0.0000,  120, 80, 40
L 689.1260, 152.0872, 0.0000,  671.0496, 163.7291, 0.0000,  70, 95, 45
L 671.0496, 163.7291, 0.0000,  652.9731, 195.7153, 0.0000,  70, 95, 45
L 689.1260, 152.0872, 0.0000,  655.4017, 158.4932, 0.0000,  70, 95, 45
L 655.4017, 158.4932, 0.0000,  621.6774, 188.2717, 0.0000,  70, 95, 45
L 689.1260, 152.0872, 0.0000,  653.6396, 149.3687, 0.0000,  70, 95, 45
L 653.6396, 149.3687, 0.0000,  618.1532, 166.9690, 0.0000,  70, 95, 45
L 689.1260, 152.0872, 0.0000,  656.9106, 141.3796, 0.0000,  70, 95, 45
L 656.9106, 141.3796, 0.0000,  624.6954, 149.1177, 0.0000,  70, 95, 45
L 689.1260, 152.0872, 0.0000,  658.6948, 131.2423, 0.0000,  70, 95, 45
L 658.6948, 131.2423, 0.0000,  628.2635, 131.4876, 0.0000,  70, 95, 45
L 689.1260, 152.0872, 0.0000,  668.9427, 122.8630, 0.0000,  70, 95, 45
L 668.9427, 122.8630, 0.0000,  648.7594, 116.3544, 0.0000,  70, 95, 45
L 766.5583, 407.3445, 0.0000,  766.5583, 323.7048, 0.0000,  120, 80, 40
L 766.5583, 335.8706, 0.0000,  748.3097, 320.6634, 0.0000,  120, 80, 40
L 766.5583, 335.8706, 0.0000,  784.8071, 320.6634, 0.0000,  120, 80, 40
L 690.5223, 332.8292, 0.0000,  715.8677, 329.7877, 0.0000,  70, 95, 45
L 715.8677, 329.7877, 0.0000,  741.2130, 326.7463, 0.0000,  70, 95, 45
L 741.2130, 326.7463, 0.0000,  766.5583, 323.7048, 0.0000,  70, 95, 45
L 766.5583, 323.7048, 0.0000,  791.9037, 326.7463, 0.0000,  70, 95, 45
L 791.9037, 326.7463, 0.0000,  817.2491, 329.7877, 0.0000,  70, 95, 45
L 817.2491, 329.7877, 0.0000,  842.5945, 332.8292, 0.0000,  70, 95, 45
L 704.2087, 320.6634, 0.0000,  724.9919, 317.6219, 0.0000,  70, 95, 45
L 724.9919, 317.6219, 0.0000,  745.7751, 314.5805, 0.0000,  70, 95, 45
L 745.7751, 314.5805, 0.0000,  766.5583, 311.5391, 0.0000,  70, 95, 45
L 766.5583, 311.5391, 0.0000,  787.3416, 314.5805, 0.0000,  70, 95, 45
L 787.3416, 314.5805, 0.0000,  808.1248, 317.6219, 0.0000,  70, 95, 45
L 808.1248, 317.6219, 0.0000,  828.9080, 320.6634, 0.0000,  70, 95, 45
L 717.8953, 308.4976, 0.0000,  734.1163, 305.4562, 0.0000,  70, 95, 45
L 734.1163, 305.4562, 0.0000,  750.3373, 302.4147, 0.0000,  70, 95, 45
L 750.3373, 302.4147, 0.0000,  766.5583, 299.3733, 0.0000,  70, 95, 45
L 766.5583, 299.3733, 0.0000,  782.7794, 302.4147, 0.0000,  70, 95, 45
L 782.7794, 302.4147, 0.0000,  799.0005, 305.4562, 0.0000,  70, 95, 45
L 799.0005, 305.4562, 0.0000,  815.2215, 308.4976, 0.0000,  70, 95, 45
L 722.6365, 679.0121, 0.0000,  722.6365, 571.4361, 0.0000,  120, 80, 40
L 722.6365, 587.0835, 0.0000,  699.1653, 567.5243, 0.0000,  120, 80, 40
L 722.6365, 587.0835, 0.0000,  746.1075, 567.5243, 0.0000,  120, 80, 40
L 624.8401, 583.1717, 0.0000,  657.4388, 579.2598, 0.0000,  70, 95, 45
L 657.4388, 579.2598, 0.0000,  690.0377, 575.3480, 0.0000,  70, 95, 45
L 690.0377, 575.3480, 0.0000,  722.6365, 571.4361, 0.0000,  70, 95, 45
L 722.6365, 571.4361, 0.0000,  755.2353, 575.3480, 0.0000,  70, 95, 45
L 755.2353, 575.3480, 0.0000,  787.8340, 579.2598, 0.0000,  70, 95, 45
L 787.8340, 579.2598, 0.0000,  820.4327, 583.1717, 0.0000,  70, 95, 45
L 642.4435, 567.5243, 0.0000,  669.1745, 563.6124, 0.0000,  70, 95, 45
L 669.1745, 563.6124, 0.0000,  695.9055, 559.7006, 0.0000,  70, 95, 45
L 695.9055, 559.7006, 0.0000,  722.6365, 555.7887, 0.0000,  70, 95, 45
L 722.6365, 555.7887, 0.0000,  749.3675, 559.7006, 0.0000,  70, 95, 45
L 749.3675, 559.7006, 0.0000,  776.0984, 563.6124, 0.0000,  70, 95, 45
L 776.0984, 563.6124, 0.0000,  802.8295, 567.5243, 0.0000,  70, 95, 45
L 660.0468, 551.8769, 0.0000,  680.9101, 547.9650, 0.0000,  70, 95, 45
L 680.9101, 547.9650, 0.0000,  701.7733, 544.0530, 0.0000,  70, 95, 45
L 701.7733, 544.0530, 0.0000,  722.6365, 540.1413, 0.0000,  70, 95, 45
L 722.6365, 540.1413, 0.0000,  743.4997, 544.0530, 0.0000,  70, 95, 45
L 743.4997, 544.0530, 0.0000,  764.3629, 547.9650, 0.0000,  70, 95, 45
L 764.3629, 547.9650, 0.0000,  785.2261, 551.8769, 0.0000,  70, 95, 45
L 770.8821, 1264.1133, 0.0000,  770.8821, 1148.3934, 0.0000,  120, 80, 40
L 770.8821, 1148.3934, 0.0000,  752.8074, 1160.0342, 0.0000,  70, 95, 45
L 752.8074, 1160.0342, 0.0000,  734.7327, 1192.0176, 0.0000,  70, 95, 45
L 770.8821, 1148.3934, 0.0000,  744.8514, 1153.3380, 0.0000,  70, 95, 45
L 744.8514, 1153.3380, 0.0000,  718.8207, 1176.3231, 0.0000,  70, 95, 45
L 770.8821, 1148.3934, 0.0000,  731.3577, 1145.3655, 0.0000,  70, 95, 45
L 731.3577, 1145.3655, 0.0000,  691.8332, 1164.9686, 0.0000,  70, 95, 45
L 770.8821, 1148.3934, 0.0000,  731.7870, 1135.3992, 0.0000,  70, 95, 45
L 731.7870, 1135.3992, 0.0000,  692.6922, 1144.7898, 0.0000,  70, 95, 45
L 770.8821, 1148.3934, 0.0000,  742.5099, 1128.9589, 0.0000,  70, 95, 45
L 742.5099, 1128.9589, 0.0000,  714.1376, 1129.1875, 0.0000,  70, 95, 45
L 770.8821, 1148.3934, 0.0000,  752.3716, 1121.5913, 0.0000,  70, 95, 45
L 752.3716, 1121.5913, 0.0000,  733.8611, 1115.6222, 0.0000,  70, 95, 45
L 704.1636, 1757.7876, 0.0000,  704.1636, 1656.4065, 0.0000,  120, 80, 40
L 704.1636, 1656.4065, 0.0000,  690.3365, 1665.3118, 0.0000,  70, 95, 45
L 690.3365, 1665.3118, 0.0000,  676.5094, 1689.7787, 0.0000,  70, 95, 45
L 704.1636, 1656.4065, 0.0000,  678.1861, 1661.3411, 0.0000,  70, 95, 45
L 678.1861, 1661.3411, 0.0000,  652.2087, 1684.2792, 0.0000,  70, 95, 45
L 704.1636, 1656.4065, 0.0000,  676.7888, 1654.3094, 0.0000,  70, 95, 45
L 676.7888, 1654.3094, 0.0000,  649.4139, 1667.8866, 0.0000,  70, 95, 45
L 704.1636, 1656.4065, 0.0000,  671.8406, 1645.6631, 0.0000,  70, 95, 45
L 671.8406, 1645.6631, 0.0000,  639.5176, 1653.4271, 0.0000,  70, 95, 45
L 704.1636, 1656.4065, 0.0000,  678.2474, 1638.6543, 0.0000,  70, 95, 45
L 678.2474, 1638.6543, 0.0000,  652.3312, 1638.8633, 0.0000,  70, 95, 45
L 704.1636, 1656.4065, 0.0000,  689.2413, 1634.7999, 0.0000,  70, 95, 45
L 689.2413, 1634.7999, 0.0000,  674.3188, 1629.9878, 0.0000,  70, 95, 45
L 756.7996, 1987.6003, 0.0000,  756.7996, 1962.7389, 0.0000,  110, 75, 35
L 715.3636, 1972.4762, 0.0000,  756.7996, 1920.2671, 0.0000,  70, 95, 45
L 756.7996, 1920.2671, 0.0000,  798.2355, 1972.4762, 0.0000,  70, 95, 45
L 715.3636, 1972.4762, 0.0000,  736.0817, 1966.8823, 0.0000,  70, 95, 45
L 798.2355, 1972.4762, 0.0000,  777.5176, 1966.8823, 0.0000,  70, 95, 45
L 721.9935, 1941.7101, 0.0000,  756.7996, 1889.5009, 0.0000,  70, 95, 45
L 756.7996, 1889.5009, 0.0000,  791.6058, 1941.7101, 0.0000,  70, 95, 45
L 721.9935, 1941.7101, 0.0000,  739.3965, 1936.1162, 0.0000,  70, 95, 45
L 791.6058, 1941.7101, 0.0000,  774.2027, 1936.1162, 0.0000,  70, 95, 45
L 728.6232, 1910.9440, 0.0000,  756.7996, 1858.7346, 0.0000,  70, 95, 45
L 756.7996, 1858.7346, 0.0000,  784.9760, 1910.9440, 0.0000,  70, 95, 45
L 728.6232, 1910.9440, 0.0000,  742.7114, 1905.3501, 0.0000,  70, 95, 45
L 784.9760, 1910.9440, 0.0000,  770.8878, 1905.3501, 0.0000,  70, 95, 45
L 735.2530, 1880.1777, 0.0000,  756.7996, 1827.9685, 0.0000,  70, 95, 45
L 756.7996, 1827.9685, 0.0000,  778.3463, 1880.1777, 0.0000,  70, 95, 45
L 735.2530, 1880.1777, 0.0000,  746.0262, 1874.5840, 0.0000,  70, 95, 45
L 778.3463, 1880.1777, 0.0000,  767.5730, 1874.5840, 0.0000,  70, 95, 45
L  -2364.2833, 2454.7750, 0.0000, -2369.5629, 2494.8773, 0.0000,  60, 45, 30
L  -2369.5629, 2494.8773, 0.0000, -2385.0419, 2532.2469, 0.0000,  60, 45, 30
L  -2385.0419, 2532.2469, 0.0000, -2409.6653, 2564.3368, 0.0000,  60, 45, 30
L  -2409.6653, 2564.3368, 0.0000, -2441.7553, 2588.9602, 0.0000,  60, 45, 30
L  -2441.7553, 2588.9602, 0.0000, -2479.1247, 2604.4392, 0.0000,  60, 45, 30
L  -2479.1247, 2604.4392, 0.0000, -2519.2272, 2609.7189, 0.0000,  60, 45, 30
L  -2519.2272, 2609.7189, 0.0000, -2559.3295, 2604.4392, 0.0000,  60, 45, 30
L  -2559.3295, 2604.4392, 0.0000, -2596.6991, 2588.9602, 0.0000,  60, 45, 30
L  -2596.6991, 2588.9602, 0.0000, -2628.7890, 2564.3368, 0.0000,  60, 45, 30
L  -2628.7890, 2564.3368, 0.0000, -2653.4124, 2532.2469, 0.0000,  60, 45, 30
L  -2653.4124, 2532.2469, 0.0000, -2668.8914, 2494.8773, 0.0000,  60, 45, 30
L  -2668.8914, 2494.8773, 0.0000, -2674.1711, 2454.7750, 0.0000,  60, 45, 30
L  -2674.1711, 2454.7750, 0.0000, -2668.8914, 2414.6725, 0.0000,  60, 45, 30
L  -2668.8914, 2414.6725, 0.0000, -2653.4124, 2377.3031, 0.0000,  60, 45, 30
L  -2653.4124, 2377.3031, 0.0000, -2628.7890, 2345.2131, 0.0000,  60, 45, 30
L  -2628.7890, 2345.2131, 0.0000, -2596.6991, 2320.5897, 0.0000,  60, 45, 30
L  -2596.6991, 2320.5897, 0.0000, -2559.3295, 2305.1107, 0.0000,  60, 45, 30
L  -2559.3295, 2305.1107, 0.0000, -2519.2272, 2299.8311, 0.0000,  60, 45, 30
L  -2519.2272, 2299.8311, 0.0000, -2479.1247, 2305.1107, 0.0000,  60, 45, 30
L  -2479.1247, 2305.1107, 0.0000, -2441.7553, 2320.5897, 0.0000,  60, 45, 30
L  -2441.7553, 2320.5897, 0.0000, -2409.6653, 2345.2131, 0.0000,  60, 45, 30
L  -2409.6653, 2345.2131, 0.0000, -2385.0419, 2377.3031, 0.0000,  60, 45, 30
L  -2385.0419, 2377.3031, 0.0000, -2369.5629, 2414.6725, 0.0000,  60, 45, 30
L  -2369.5629, 2414.6725, 0.0000, -2364.2833, 2454.7750, 0.0000,  60, 45, 30
L  -2423.1620, 2454.7750, 0.0000, -2426.4353, 2479.6384, 0.0000,  60, 45, 30
L  -2426.4353, 2479.6384, 0.0000, -2436.0322, 2502.8076, 0.0000,  60, 45, 30
L  -2436.0322, 2502.8076, 0.0000, -2451.2988, 2522.7033, 0.0000,  60, 45, 30
L  -2451.2988, 2522.7033, 0.0000, -2471.1946, 2537.9699, 0.0000,  60, 45, 30
L  -2471.1946, 2537.9699, 0.0000, -2494.3637, 2547.5668, 0.0000,  60, 45, 30
L  -2494.3637, 2547.5668, 0.0000, -2519.2272, 2550.8402, 0.0000,  60, 45, 30
L  -2519.2272, 2550.8402, 0.0000, -2544.0906, 2547.5668, 0.0000,  60, 45, 30
L  -2544.0906, 2547.5668, 0.0000, -2567.2598, 2537.9699, 0.0000,  60, 45, 30
L  -2567.2598, 2537.9699, 0.0000, -2587.1555, 2522.7033, 0.0000,  60, 45, 30
L  -2587.1555, 2522.7033, 0.0000, -2602.4221, 2502.8076, 0.0000,  60, 45, 30
L  -2602.4221, 2502.8076, 0.0000, -2612.0190, 2479.6384, 0.0000,  60, 45, 30
L  -2612.0190, 2479.6384, 0.0000, -2615.2924, 2454.7750, 0.0000,  60, 45, 30
L  -2615.2924, 2454.7750, 0.0000, -2612.0190, 2429.9115, 0.0000,  60, 45, 30
L  -2612.0190, 2429.9115, 0.0000, -2602.4221, 2406.7424, 0.0000,  60, 45, 30
L  -2602.4221, 2406.7424, 0.0000, -2587.1555, 2386.8466, 0.0000,  60, 45, 30
L  -2587.1555, 2386.8466, 0.0000, -2567.2598, 2371.5800, 0.0000,  60, 45, 30
L  -2567.2598, 2371.5800, 0.0000, -2544.0906, 2361.9831, 0.0000,  60, 45, 30
L  -2544.0906, 2361.9831, 0.0000, -2519.2272, 2358.7098, 0.0000,  60, 45, 30
L  -2519.2272, 2358.7098, 0.0000, -2494.3637, 2361.9831, 0.0000,  60, 45, 30
L  -2494.3637, 2361.9831, 0.0000, -2471.1946, 2371.5800, 0.0000,  60, 45, 30
L  -2471.1946, 2371.5800, 0.0000, -2451.2988, 2386.8466, 0.0000,  60, 45, 30
L  -2451.2988, 2386.8466, 0.0000, -2436.0322, 2406.7424, 0.0000,  60, 45, 30
L  -2436.0322, 2406.7424, 0.0000, -2426.4353, 2429.9115, 0.0000,  60, 45, 30
L  -2426.4353, 2429.9115, 0.0000, -2423.1620, 2454.7750, 0.0000,  60, 45, 30
L  -2519.2272, 2454.7750, 0.0000, -2500.6339, 2400.5446, 0.0000,  60, 45, 30
L  -2500.6339, 2400.5446, 0.0000, -2519.2272, 2299.8311, 0.0000,  60, 45, 30
L  -2519.2272, 2454.7750, 0.0000, -2537.8205, 2400.5446, 0.0000,  60, 45, 30
L  -2537.8205, 2400.5446, 0.0000, -2519.2272, 2299.8311, 0.0000,  60, 45, 30
L  -2519.2272, 2454.7750, 0.0000, -2537.8205, 2509.0054, 0.0000,  60, 45, 30
L  -2537.8205, 2509.0054, 0.0000, -2519.2272, 2609.7189, 0.0000,  60, 45, 30
L  -2519.2272, 2454.7750, 0.0000, -2500.6339, 2509.0054, 0.0000,  60, 45, 30
L  -2500.6339, 2509.0054, 0.0000, -2519.2272, 2609.7189, 0.0000,  60, 45, 30
L  -2519.2272, 2454.7750, 0.0000, -2464.9968, 2473.3683, 0.0000,  60, 45, 30
L  -2464.9968, 2473.3683, 0.0000, -2364.2833, 2454.7750, 0.0000,  60, 45, 30
L  -2519.2272, 2454.7750, 0.0000, -2464.9968, 2436.1817, 0.0000,  60, 45, 30
L  -2464.9968, 2436.1817, 0.0000, -2364.2833, 2454.7750, 0.0000,  60, 45, 30
L  -2519.2272, 2454.7750, 0.0000, -2573.4576, 2436.1817, 0.0000,  60, 45, 30
L  -2573.4576, 2436.1817, 0.0000, -2674.1711, 2454.7750, 0.0000,  60, 45, 30
L  -2519.2272, 2454.7750, 0.0000, -2573.4576, 2473.3683, 0.0000,  60, 45, 30
L  -2573.4576, 2473.3683, 0.0000, -2674.1711, 2454.7750, 0.0000,  60, 45, 30
L  -2519.2272, 2454.7750, 0.0000, -2442.5339, 2531.4682, 0.0000,  60, 45, 30
L  -2519.2272, 2454.7750, 0.0000, -2595.9204, 2531.4682, 0.0000,  60, 45, 30
L  -2519.2272, 2454.7750, 0.0000, -2595.9204, 2378.0817, 0.0000,  60, 45, 30
L  -2519.2272, 2454.7750, 0.0000, -2442.5339, 2378.0817, 0.0000,  60, 45, 30
L -653.8772, -1316.7064, 0.0000,  -650.7585, -1322.1082, 0.0000,  210, 200, 175
L -650.7585, -1322.1082, 0.0000,  -645.7123, -1325.7743, 0.0000,  210, 200, 175
L -645.7123, -1325.7743, 0.0000,  -639.6114, -1327.0712, 0.0000,  210, 200, 175
L -639.6114, -1327.0712, 0.0000,  -633.5103, -1325.7743, 0.0000,  210, 200, 175
L -633.5103, -1325.7743, 0.0000,  -628.4642, -1322.1082, 0.0000,  210, 200, 175
L -628.4642, -1322.1082, 0.0000,  -625.3455, -1316.7064, 0.0000,  210, 200, 175
L -646.2114, -1312.0712, 0.0000,  -642.0114, -1312.0712, 0.0000,  210, 200, 175
L -637.2114, -1312.0712, 0.0000,  -633.0114, -1312.0712, 0.0000,  210, 200, 175
L -647.1114, -1311.4712, 0.0000,  -644.1114, -1303.0712, 0.0000,  210, 200, 175
L -644.1114, -1303.0712, 0.0000,  -635.1114, -1303.0712, 0.0000,  210, 200, 175
L -635.1114, -1303.0712, 0.0000,  -632.1114, -1311.4712, 0.0000,  210, 200, 175
L 749.6222, 1190.0718, 0.0000,  752.7408, 1184.6700, 0.0000,  210, 200, 175
L 752.7408, 1184.6700, 0.0000,  757.7870, 1181.0038, 0.0000,  210, 200, 175
L 757.7870, 1181.0038, 0.0000,  763.8879, 1179.7070, 0.0000,  210, 200, 175
L 763.8879, 1179.7070, 0.0000,  769.9891, 1181.0038, 0.0000,  210, 200, 175
L 769.9891, 1181.0038, 0.0000,  775.0352, 1184.6700, 0.0000,  210, 200, 175
L 775.0352, 1184.6700, 0.0000,  778.1539, 1190.0718, 0.0000,  210, 200, 175
L 757.2880, 1194.7070, 0.0000,  761.4880, 1194.7070, 0.0000,  210, 200, 175
L 766.2880, 1194.7070, 0.0000,  770.4880, 1194.7070, 0.0000,  210, 200, 175
L 756.3879, 1195.3070, 0.0000,  759.3879, 1203.7070, 0.0000,  210, 200, 175
L 759.3879, 1203.7070, 0.0000,  768.3879, 1203.7070, 0.0000,  210, 200, 175
L 768.3879, 1203.7070, 0.0000,  771.3879, 1195.3070, 0.0000,  210, 200, 175
L 22.9944, 1710.6012, 0.0000,  19.2444, 1717.0964, 0.0000,  50, 45, 55
L 19.2444, 1717.0964, 0.0000,  11.7444, 1717.0964, 0.0000,  50, 45, 55
L 11.7444, 1717.0964, 0.0000,  7.9944, 1710.6012, 0.0000,  50, 45, 55
L 7.9944, 1710.6012, 0.0000,  11.7444, 1704.1061, 0.0000,  50, 45, 55
L 11.7444, 1704.1061, 0.0000,  19.2444, 1704.1061, 0.0000,  50, 45, 55
L 19.2444, 1704.1061, 0.0000,  22.9944, 1710.6012, 0.0000,  50, 45, 55
L 9.4944, 1706.1012, 0.0000,  -1.0056, 1702.5012, 0.0000,  50, 45, 55
L 21.4944, 1706.1012, 0.0000,  31.9944, 1702.5012, 0.0000,  50, 45, 55
L 9.4944, 1709.1012, 0.0000,  -1.0056, 1705.5012, 0.0000,  50, 45, 55
L 21.4944, 1709.1012, 0.0000,  31.9944, 1705.5012, 0.0000,  50, 45, 55
L 9.4944, 1712.1012, 0.0000,  -1.0056, 1708.5012, 0.0000,  50, 45, 55
L 21.4944, 1712.1012, 0.0000,  31.9944, 1708.5012, 0.0000,  50, 45, 55
L 9.4944, 1715.1012, 0.0000,  -1.0056, 1711.5012, 0.0000,  50, 45, 55
L 21.4944, 1715.1012, 0.0000,  31.9944, 1711.5012, 0.0000,  50, 45, 55
L -619.5660, -1773.8378, 0.0000,  -623.3160, -1767.3427, 0.0000,  50, 45, 55
L -623.3160, -1767.3427, 0.0000,  -630.8160, -1767.3427, 0.0000,  50, 45, 55
L -630.8160, -1767.3427, 0.0000,  -634.5660, -1773.8378, 0.0000,  50, 45, 55
L -634.5660, -1773.8378, 0.0000,  -630.8160, -1780.3329, 0.0000,  50, 45, 55
L -630.8160, -1780.3329, 0.0000,  -623.3160, -1780.3329, 0.0000,  50, 45, 55
L -623.3160, -1780.3329, 0.0000,  -619.5660, -1773.8378, 0.0000,  50, 45, 55
L -633.0660, -1778.3378, 0.0000,  -643.5660, -1781.9377, 0.0000,  50, 45, 55
L -621.0660, -1778.3378, 0.0000,  -610.5660, -1781.9377, 0.0000,  50, 45, 55
L -633.0660, -1775.3378, 0.0000,  -643.5660, -1778.9377, 0.0000,  50, 45, 55
L -621.0660, -1775.3378, 0.0000,  -610.5660, -1778.9377, 0.0000,  50, 45, 55
L -633.0660, -1772.3378, 0.0000,  -643.5660, -1775.9377, 0.0000,  50, 45, 55
L -621.0660, -1772.3378, 0.0000,  -610.5660, -1775.9377, 0.0000,  50, 45, 55
L -633.0660, -1769.3378, 0.0000,  -643.5660, -1772.9377, 0.0000,  50, 45, 55
L -621.0660, -1769.3378, 0.0000,  -610.5660, -1772.9377, 0.0000,  50, 45, 55
L -911.5171, 1368.8342, 0.0000,  -915.2671, 1375.3295, 0.0000,  50, 45, 55
L -915.2671, 1375.3295, 0.0000,  -922.7671, 1375.3295, 0.0000,  50, 45, 55
L -922.7671, 1375.3295, 0.0000,  -926.5171, 1368.8342, 0.0000,  50, 45, 55
L -926.5171, 1368.8342, 0.0000,  -922.7671, 1362.3390, 0.0000,  50, 45, 55
L -922.7671, 1362.3390, 0.0000,  -915.2671, 1362.3390, 0.0000,  50, 45, 55
L -915.2671, 1362.3390, 0.0000,  -911.5171, 1368.8342, 0.0000,  50, 45, 55
L -925.0171, 1364.3342, 0.0000,  -935.5171, 1360.7343, 0.0000,  50, 45, 55
L -913.0171, 1364.3342, 0.0000,  -902.5171, 1360.7343, 0.0000,  50, 45, 55
L -925.0171, 1367.3342, 0.0000,  -935.5171, 1363.7343, 0.0000,  50, 45, 55
L -913.0171, 1367.3342, 0.0000,  -902.5171, 1363.7343, 0.0000,  50, 45, 55
L -925.0171, 1370.3342, 0.0000,  -935.5171, 1366.7343, 0.0000,  50, 45, 55
L -913.0171, 1370.3342, 0.0000,  -902.5171, 1366.7343, 0.0000,  50, 45, 55
L -925.0171, 1373.3342, 0.0000,  -935.5171, 1369.7343, 0.0000,  50, 45, 55
L -913.0171, 1373.3342, 0.0000,  -902.5171, 1369.7343, 0.0000,  50, 45, 55
L -575.4668, -1703.5016, 0.0000,  -579.2168, -1697.0063, 0.0000,  50, 45, 55
L -579.2168, -1697.0063, 0.0000,  -586.7168, -1697.0063, 0.0000,  50, 45, 55
L -586.7168, -1697.0063, 0.0000,  -590.4668, -1703.5016, 0.0000,  50, 45, 55
L -590.4668, -1703.5016, 0.0000,  -586.7168, -1709.9967, 0.0000,  50, 45, 55
L -586.7168, -1709.9967, 0.0000,  -579.2168, -1709.9967, 0.0000,  50, 45, 55
L -579.2168, -1709.9967, 0.0000,  -575.4668, -1703.5016, 0.0000,  50, 45, 55
L -588.9668, -1708.0016, 0.0000,  -599.4668, -1711.6016, 0.0000,  50, 45, 55
L -576.9668, -1708.0016, 0.0000,  -566.4668, -1711.6016, 0.0000,  50, 45, 55
L -588.9668, -1705.0016, 0.0000,  -599.4668, -1708.6016, 0.0000,  50, 45, 55
L -576.9668, -1705.0016, 0.0000,  -566.4668, -1708.6016, 0.0000,  50, 45, 55
L -588.9668, -1702.0016, 0.0000,  -599.4668, -1705.6016, 0.0000,  50, 45, 55
L -576.9668, -1702.0016, 0.0000,  -566.4668, -1705.6016, 0.0000,  50, 45, 55
L -588.9668, -1699.0016, 0.0000,  -599.4668, -1702.6016, 0.0000,  50, 45, 55
L -576.9668, -1699.0016, 0.0000,  -566.4668, -1702.6016, 0.0000,  50, 45, 55
L 629.7230, -2008.6261, 0.0000,  625.9730, -2002.1310, 0.0000,  50, 45, 55
L 625.9730, -2002.1310, 0.0000,  618.4730, -2002.1310, 0.0000,  50, 45, 55
L 618.4730, -2002.1310, 0.0000,  614.7230, -2008.6261, 0.0000,  50, 45, 55
L 614.7230, -2008.6261, 0.0000,  618.4730, -2015.1213, 0.0000,  50, 45, 55
L 618.4730, -2015.1213, 0.0000,  625.9730, -2015.1213, 0.0000,  50, 45, 55
L 625.9730, -2015.1213, 0.0000,  629.7230, -2008.6261, 0.0000,  50, 45, 55
L 616.2230, -2013.1261, 0.0000,  605.7230, -2016.7262, 0.0000,  50, 45, 55
L 628.2230, -2013.1261, 0.0000,  638.7230, -2016.7262, 0.0000,  50, 45, 55
L 616.2230, -2010.1261, 0.0000,  605.7230, -2013.7262, 0.0000,  50, 45, 55
L 628.2230, -2010.1261, 0.0000,  638.7230, -2013.7262, 0.0000,  50, 45, 55
L 616.2230, -2007.1261, 0.0000,  605.7230, -2010.7262, 0.0000,  50, 45, 55
L 628.2230, -2007.1261, 0.0000,  638.7230, -2010.7262, 0.0000,  50, 45, 55
L 616.2230, -2004.1261, 0.0000,  605.7230, -2007.7262, 0.0000,  50, 45, 55
L 628.2230, -2004.1261, 0.0000,  638.7230, -2007.7262, 0.0000,  50, 45, 55
L 26.3142, 2161.2239, 0.0000,  40.3142, 2154.2239, 0.0000,  40, 40, 45
L 40.3142, 2154.2239, 0.0000,  54.3142, 2161.2239, 0.0000,  40, 40, 45
L 54.3142, 2161.2239, 0.0000,  40.3142, 2168.2239, 0.0000,  40, 40, 45
L 40.3142, 2168.2239, 0.0000,  26.3142, 2161.2239, 0.0000,  40, 40, 45
L 26.3142, 2161.2239, 0.0000,  15.8142, 2140.2239, 0.0000,  40, 40, 45
L 15.8142, 2140.2239, 0.0000,  24.5642, 2143.7239, 0.0000,  40, 40, 45
L -663.0069, -1245.5817, 0.0000,  -649.0069, -1252.5817, 0.0000,  40, 40, 45
L -649.0069, -1252.5817, 0.0000,  -635.0069, -1245.5817, 0.0000,  40, 40, 45
L -635.0069, -1245.5817, 0.0000,  -649.0069, -1238.5817, 0.0000,  40, 40, 45
L -649.0069, -1238.5817, 0.0000,  -663.0069, -1245.5817, 0.0000,  40, 40, 45
L -663.0069, -1245.5817, 0.0000,  -673.5069, -1266.5817, 0.0000,  40, 40, 45
L -673.5069, -1266.5817, 0.0000,  -664.7569, -1263.0817, 0.0000,  40, 40, 45
L -846.7912, 1187.4447, 0.0000,  -832.7912, 1180.4447, 0.0000,  40, 40, 45
L -832.7912, 1180.4447, 0.0000,  -818.7912, 1187.4447, 0.0000,  40, 40, 45
L -818.7912, 1187.4447, 0.0000,  -832.7912, 1194.4447, 0.0000,  40, 40, 45
L -832.7912, 1194.4447, 0.0000,  -846.7912, 1187.4447, 0.0000,  40, 40, 45
L -846.7912, 1187.4447, 0.0000,  -857.2912, 1166.4447, 0.0000,  40, 40, 45
L -857.2912, 1166.4447, 0.0000,  -848.5412, 1169.9447, 0.0000,  40, 40, 45
L 640.7627, -2108.4653, 0.0000,  654.7627, -2115.4653, 0.0000,  40, 40, 45
L 654.7627, -2115.4653, 0.0000,  668.7627, -2108.4653, 0.0000,  40, 40, 45
L 668.7627, -2108.4653, 0.0000,  654.7627, -2101.4653, 0.0000,  40, 40, 45
L 654.7627, -2101.4653, 0.0000,  640.7627, -2108.4653, 0.0000,  40, 40, 45
L 640.7627, -2108.4653, 0.0000,  630.2627, -2129.4653, 0.0000,  40, 40, 45
L 630.2627, -2129.4653, 0.0000,  639.0127, -2125.9653, 0.0000,  40, 40, 45
L -773.1158, -2088.0242, 0.0000,  -759.1158, -2095.0242, 0.0000,  40, 40, 45
L -759.1158, -2095.0242, 0.0000,  -745.1158, -2088.0242, 0.0000,  40, 40, 45
L -745.1158, -2088.0242, 0.0000,  -759.1158, -2081.0242, 0.0000,  40, 40, 45
L -759.1158, -2081.0242, 0.0000,  -773.1158, -2088.0242, 0.0000,  40, 40, 45
L -773.1158, -2088.0242, 0.0000,  -783.6158, -2109.0242, 0.0000,  40, 40, 45
L -783.6158, -2109.0242, 0.0000,  -774.8658, -2105.5242, 0.0000,  40, 40, 45
L -158.7959, -1826.7421, 0.0000,  -144.7959, -1833.7421, 0.0000,  40, 40, 45
L -144.7959, -1833.7421, 0.0000,  -130.7959, -1826.7421, 0.0000,  40, 40, 45
L -130.7959, -1826.7421, 0.0000,  -144.7959, -1819.7421, 0.0000,  40, 40, 45
L -144.7959, -1819.7421, 0.0000,  -158.7959, -1826.7421, 0.0000,  40, 40, 45
L -158.7959, -1826.7421, 0.0000,  -169.2959, -1847.7421, 0.0000,  40, 40, 45
L -169.2959, -1847.7421, 0.0000,  -160.5459, -1844.2421, 0.0000,  40, 40, 45
L 315.8603, 2017.7375, 0.0000,  329.8603, 2010.7375, 0.0000,  40, 40, 45
L 329.8603, 2010.7375, 0.0000,  343.8603, 2017.7375, 0.0000,  40, 40, 45
L 343.8603, 2017.7375, 0.0000,  329.8603, 2024.7375, 0.0000,  40, 40, 45
L 329.8603, 2024.7375, 0.0000,  315.8603, 2017.7375, 0.0000,  40, 40, 45
L 315.8603, 2017.7375, 0.0000,  305.3603, 1996.7375, 0.0000,  40, 40, 45
L 305.3603, 1996.7375, 0.0000,  314.1103, 2000.2375, 0.0000,  40, 40, 45
L 567.4131, 1264.5638, 0.0000,  580.9131, 1233.0638, 0.0000,  120, 95, 55
L 580.9131, 1233.0638, 0.0000,  594.4131, 1264.5638, 0.0000,  120, 95, 55
L 567.4131, 1264.5638, 0.0000,  594.4131, 1264.5638, 0.0000,  120, 95, 55
L 574.1631, 1230.8138, 0.0000,  569.6631, 1219.5638, 0.0000,  120, 95, 55
L 587.6631, 1230.8138, 0.0000,  592.1631, 1219.5638, 0.0000,  120, 95, 55
L -522.7729, -1963.4146, 0.0000,  -509.2729, -1994.9146, 0.0000,  120, 95, 55
L -509.2729, -1994.9146, 0.0000,  -495.7729, -1963.4146, 0.0000,  120, 95, 55
L -522.7729, -1963.4146, 0.0000,  -495.7729, -1963.4146, 0.0000,  120, 95, 55
L -516.0229, -1997.1646, 0.0000,  -520.5229, -2008.4146, 0.0000,  120, 95, 55
L -502.5229, -1997.1646, 0.0000,  -498.0229, -2008.4146, 0.0000,  120, 95, 55
L -817.6823, 1310.8267, 0.0000,  -804.1823, 1279.3267, 0.0000,  120, 95, 55
L -804.1823, 1279.3267, 0.0000,  -790.6823, 1310.8267, 0.0000,  120, 95, 55
L -817.6823, 1310.8267, 0.0000,  -790.6823, 1310.8267, 0.0000,  120, 95, 55
L -810.9323, 1277.0767, 0.0000,  -815.4323, 1265.8267, 0.0000,  120, 95, 55
L -797.4323, 1277.0767, 0.0000,  -792.9323, 1265.8267, 0.0000,  120, 95, 55
L 42.2076, -2129.7029, 0.0000,  55.7076, -2161.2029, 0.0000,  120, 95, 55
L 55.7076, -2161.2029, 0.0000,  69.2076, -2129.7029, 0.0000,  120, 95, 55
L 42.2076, -2129.7029, 0.0000,  69.2076, -2129.7029, 0.0000,  120, 95, 55
L 48.9576, -2163.4529, 0.0000,  44.4576, -2174.7029, 0.0000,  120, 95, 55
L 62.4576, -2163.4529, 0.0000,  66.9576, -2174.7029, 0.0000,  120, 95, 55
L 569.5353, -1723.1200, 0.0000,  583.0353, -1754.6200, 0.0000,  120, 95, 55
L 583.0353, -1754.6200, 0.0000,  596.5353, -1723.1200, 0.0000,  120, 95, 55
L 569.5353, -1723.1200, 0.0000,  596.5353, -1723.1200, 0.0000,  120, 95, 55
L 576.2853, -1756.8700, 0.0000,  571.7853, -1768.1200, 0.0000,  120, 95, 55
L 589.7853, -1756.8700, 0.0000,  594.2853, -1768.1200, 0.0000,  120, 95, 55
L 442.4303, -1619.1910, 0.0000,  455.9303, -1650.6910, 0.0000,  120, 95, 55
L 455.9303, -1650.6910, 0.0000,  469.4303, -1619.1910, 0.0000,  120, 95, 55
L 442.4303, -1619.1910, 0.0000,  469.4303, -1619.1910, 0.0000,  120, 95, 55
L 449.1803, -1652.9410, 0.0000,  444.6803, -1664.1910, 0.0000,  120, 95, 55
L 462.6803, -1652.9410, 0.0000,  467.1803, -1664.1910, 0.0000,  120, 95, 55
L -95.3545, 562.9946, 0.0000,  -81.8545, 531.4946, 0.0000,  120, 95, 55
L -81.8545, 531.4946, 0.0000,  -68.3545, 562.9946, 0.0000,  120, 95, 55
L -95.3545, 562.9946, 0.0000,  -68.3545, 562.9946, 0.0000,  120, 95, 55
L -88.6045, 529.2446, 0.0000,  -93.1045, 517.9946, 0.0000,  120, 95, 55
L -75.1045, 529.2446, 0.0000,  -70.6045, 517.9946, 0.0000,  120, 95, 55
L -792.3221, -999.5276, 0.0000,  -778.8221, -1031.0276, 0.0000,  120, 95, 55
L -778.8221, -1031.0276, 0.0000,  -765.3221, -999.5276, 0.0000,  120, 95, 55
L -792.3221, -999.5276, 0.0000,  -765.3221, -999.5276, 0.0000,  120, 95, 55
L -785.5721, -1033.2776, 0.0000,  -790.0721, -1044.5276, 0.0000,  120, 95, 55
L -772.0721, -1033.2776, 0.0000,  -767.5721, -1044.5276, 0.0000,  120, 95, 55
L 302.9040, -1771.8749, 0.0000,  316.4040, -1803.3749, 0.0000,  120, 95, 55
L 316.4040, -1803.3749, 0.0000,  329.9040, -1771.8749, 0.0000,  120, 95, 55
L 302.9040, -1771.8749, 0.0000,  329.9040, -1771.8749, 0.0000,  120, 95, 55
L 309.6540, -1805.6249, 0.0000,  305.1540, -1816.8749, 0.0000,  120, 95, 55
L 323.1540, -1805.6249, 0.0000,  327.6540, -1816.8749, 0.0000,  120, 95, 55
L -732.0000, 2063.0000, 0.0000,  -743.1949, 2047.7140, 0.0000,  70, 95, 45
L -743.1949, 2047.7140, 0.0000,  -746.0905, 2032.4281, 0.0000,  70, 95, 45
L -732.0000, 2063.0000, 0.0000,  -734.6432, 2047.4365, 0.0000,  70, 95, 45
L -734.6432, 2047.4365, 0.0000,  -733.5215, 2031.8730, 0.0000,  70, 95, 45
L -732.0000, 2063.0000, 0.0000,  -729.5641, 2045.2328, 0.0000,  70, 95, 45
L -729.5641, 2045.2328, 0.0000,  -724.9467, 2027.4656, 0.0000,  70, 95, 45
L -499.0000, 2141.0000, 0.0000,  -511.7022, 2125.5579, 0.0000,  70, 95, 45
L -511.7022, 2125.5579, 0.0000,  -522.9050, 2110.1160, 0.0000,  70, 95, 45
L -499.0000, 2141.0000, 0.0000,  -502.6029, 2123.0652, 0.0000,  70, 95, 45
L -502.6029, 2123.0652, 0.0000,  -499.0383, 2105.1304, 0.0000,  70, 95, 45
L -499.0000, 2141.0000, 0.0000,  -493.2937, 2118.2651, 0.0000,  70, 95, 45
L -493.2937, 2118.2651, 0.0000,  -486.8197, 2095.5303, 0.0000,  70, 95, 45
L -383.0000, 2063.0000, 0.0000,  -389.0922, 2047.5189, 0.0000,  70, 95, 45
L -389.0922, 2047.5189, 0.0000,  -399.9681, 2032.0380, 0.0000,  70, 95, 45
L -383.0000, 2063.0000, 0.0000,  -383.8871, 2042.1479, 0.0000,  70, 95, 45
L -383.8871, 2042.1479, 0.0000,  -389.4340, 2021.2959, 0.0000,  70, 95, 45
L -383.0000, 2063.0000, 0.0000,  -378.3568, 2045.1660, 0.0000,  70, 95, 45
L -378.3568, 2045.1660, 0.0000,  -375.9915, 2027.3320, 0.0000,  70, 95, 45
L -228.0000, 2089.0000, 0.0000,  -238.7243, 2072.2583, 0.0000,  70, 95, 45
L -238.7243, 2072.2583, 0.0000,  -245.9160, 2055.5168, 0.0000,  70, 95, 45
L -228.0000, 2089.0000, 0.0000,  -234.2701, 2070.9832, 0.0000,  70, 95, 45
L -234.2701, 2070.9832, 0.0000,  -241.9330, 2052.9666, 0.0000,  70, 95, 45
L -228.0000, 2089.0000, 0.0000,  -227.2344, 2070.5586, 0.0000,  70, 95, 45
L -227.2344, 2070.5586, 0.0000,  -222.5537, 2052.1174, 0.0000,  70, 95, 45
L -72.0000, 2063.0000, 0.0000,  -82.8369, 2045.3130, 0.0000,  70, 95, 45
L -82.8369, 2045.3130, 0.0000,  -100.9024, 2027.6261, 0.0000,  70, 95, 45
L -72.0000, 2063.0000, 0.0000,  -76.6143, 2046.7914, 0.0000,  70, 95, 45
L -76.6143, 2046.7914, 0.0000,  -84.3629, 2030.5828, 0.0000,  70, 95, 45
L -72.0000, 2063.0000, 0.0000,  -73.6357, 2040.0132, 0.0000,  70, 95, 45
L -73.6357, 2040.0132, 0.0000,  -70.8773, 2017.0265, 0.0000,  70, 95, 45
L -72.0000, 2063.0000, 0.0000,  -65.5242, 2043.4520, 0.0000,  70, 95, 45
L -65.5242, 2043.4520, 0.0000,  -63.8307, 2023.9042, 0.0000,  70, 95, 45
L 44.0000, 2089.0000, 0.0000,  33.5017, 2076.1387, 0.0000,  70, 95, 45
L 33.5017, 2076.1387, 0.0000,  27.6954, 2063.2771, 0.0000,  70, 95, 45
L 44.0000, 2089.0000, 0.0000,  40.0452, 2071.5427, 0.0000,  70, 95, 45
L 40.0452, 2071.5427, 0.0000,  35.4513, 2054.0857, 0.0000,  70, 95, 45
L 44.0000, 2089.0000, 0.0000,  47.7027, 2071.1616, 0.0000,  70, 95, 45
L 47.7027, 2071.1616, 0.0000,  47.9596, 2053.3235, 0.0000,  70, 95, 45
L -600.0000, 2100.0000, 0.0000,  -612.8145, 2085.5562, 0.0000,  70, 95, 45
L -612.8145, 2085.5562, 0.0000,  -622.7784, 2071.1123, 0.0000,  70, 95, 45
L -600.0000, 2100.0000, 0.0000,  -605.4164, 2082.8828, 0.0000,  70, 95, 45
L -605.4164, 2082.8828, 0.0000,  -613.4668, 2065.7656, 0.0000,  70, 95, 45
L -600.0000, 2100.0000, 0.0000,  -603.0265, 2082.2827, 0.0000,  70, 95, 45
L -603.0265, 2082.2827, 0.0000,  -603.3494, 2064.5657, 0.0000,  70, 95, 45
L -600.0000, 2100.0000, 0.0000,  -592.4673, 2081.9087, 0.0000,  70, 95, 45
L -592.4673, 2081.9087, 0.0000,  -589.2590, 2063.8174, 0.0000,  70, 95, 45
L -300.0000, 2150.0000, 0.0000,  -311.1453, 2134.8557, 0.0000,  70, 95, 45
L -311.1453, 2134.8557, 0.0000,  -314.9583, 2119.7117, 0.0000,  70, 95, 45
L -300.0000, 2150.0000, 0.0000,  -305.0194, 2129.9954, 0.0000,  70, 95, 45
L -305.0194, 2129.9954, 0.0000,  -309.3208, 2109.9907, 0.0000,  70, 95, 45
L -300.0000, 2150.0000, 0.0000,  -299.1585, 2131.5518, 0.0000,  70, 95, 45
L -299.1585, 2131.5518, 0.0000,  -296.4177, 2113.1035, 0.0000,  70, 95, 45
L -700.0000, 2025.6139, 0.0000,  -719.8358, 2062.3467, 0.0000,  140, 130, 115
L -719.8358, 2062.3467, 0.0000,  -725.8768, 2097.5803, 0.0000,  140, 130, 115
L -725.8768, 2097.5803, 0.0000,  -712.4089, 2130.6943, 0.0000,  140, 130, 115
L -712.4089, 2130.6943, 0.0000,  -685.1462, 2162.3091, 0.0000,  140, 130, 115
L -685.1462, 2162.3091, 0.0000,  -657.8835, 2193.9241, 0.0000,  140, 130, 115
L -657.8835, 2193.9241, 0.0000,  -644.4156, 2227.0378, 0.0000,  140, 130, 115
L -644.4156, 2227.0378, 0.0000,  -650.4565, 2262.2717, 0.0000,  140, 130, 115
L -650.4565, 2262.2717, 0.0000,  -670.2925, 2299.0044, 0.0000,  140, 130, 115
L -550.0000, 2047.9303, 0.0000,  -573.6229, 2079.9954, 0.0000,  140, 130, 115
L -573.6229, 2079.9954, 0.0000,  -585.5287, 2113.3018, 0.0000,  140, 130, 115
L -585.5287, 2113.3018, 0.0000,  -580.8640, 2148.3630, 0.0000,  140, 130, 115
L -580.8640, 2148.3630, 0.0000,  -564.4822, 2184.6653, 0.0000,  140, 130, 115
L -564.4822, 2184.6653, 0.0000,  -548.1003, 2220.9678, 0.0000,  140, 130, 115
L -548.1003, 2220.9678, 0.0000,  -543.4355, 2256.0291, 0.0000,  140, 130, 115
L -543.4355, 2256.0291, 0.0000,  -555.3414, 2289.3354, 0.0000,  140, 130, 115
L -555.3414, 2289.3354, 0.0000,  -578.9644, 2321.4006, 0.0000,  140, 130, 115
L -400.0000, 2044.0509, 0.0000,  -418.7996, 2079.9397, 0.0000,  140, 130, 115
L -418.7996, 2079.9397, 0.0000,  -425.0739, 2114.8848, 0.0000,  140, 130, 115
L -425.0739, 2114.8848, 0.0000,  -413.6346, 2148.4954, 0.0000,  140, 130, 115
L -413.6346, 2148.4954, 0.0000,  -389.6701, 2181.1624, 0.0000,  140, 130, 115
L -389.6701, 2181.1624, 0.0000,  -365.7056, 2213.8293, 0.0000,  140, 130, 115
L -365.7056, 2213.8293, 0.0000,  -354.2663, 2247.4399, 0.0000,  140, 130, 115
L -354.2663, 2247.4399, 0.0000,  -360.5406, 2282.3850, 0.0000,  140, 130, 115
L -360.5406, 2282.3850, 0.0000,  -379.3402, 2318.2737, 0.0000,  140, 130, 115
L -250.0000, 2056.9712, 0.0000,  -267.7776, 2094.0229, 0.0000,  140, 130, 115
L -267.7776, 2094.0229, 0.0000,  -272.4782, 2129.3296, 0.0000,  140, 130, 115
L -272.4782, 2129.3296, 0.0000,  -258.6852, 2162.1689, 0.0000,  140, 130, 115
L -258.6852, 2162.1689, 0.0000,  -231.8152, 2193.2634, 0.0000,  140, 130, 115
L -231.8152, 2193.2634, 0.0000,  -204.9451, 2224.3579, 0.0000,  140, 130, 115
L -204.9451, 2224.3579, 0.0000,  -191.1521, 2257.1973, 0.0000,  140, 130, 115
L -191.1521, 2257.1973, 0.0000,  -195.8527, 2292.5039, 0.0000,  140, 130, 115
L -195.8527, 2292.5039, 0.0000,  -213.6303, 2329.5557, 0.0000,  140, 130, 115
L -100.0000, 2026.9275, 0.0000,  -123.0747, 2060.0884, 0.0000,  140, 130, 115
L -123.0747, 2060.0884, 0.0000,  -133.7354, 2093.9304, 0.0000,  140, 130, 115
L -133.7354, 2093.9304, 0.0000,  -126.8400, 2128.7354, 0.0000,  140, 130, 115
L -126.8400, 2128.7354, 0.0000,  -107.5307, 2164.2212, 0.0000,  140, 130, 115
L -107.5307, 2164.2212, 0.0000,  -88.2214, 2199.7068, 0.0000,  140, 130, 115
L -88.2214, 2199.7068, 0.0000,  -81.3260, 2234.5117, 0.0000,  140, 130, 115
L -81.3260, 2234.5117, 0.0000,  -91.9867, 2268.3538, 0.0000,  140, 130, 115
L -91.9867, 2268.3538, 0.0000,  -115.0614, 2301.5146, 0.0000,  140, 130, 115
L 50.0000, 2045.4268, 0.0000,  21.2663, 2079.4673, 0.0000,  140, 130, 115
L 21.2663, 2079.4673, 0.0000,  9.1285, 2113.7024, 0.0000,  140, 130, 115
L 9.1285, 2113.7024, 0.0000,  20.4605, 2148.2124, 0.0000,  140, 130, 115
L 20.4605, 2148.2124, 0.0000,  48.3884, 2182.9172, 0.0000,  140, 130, 115
L 48.3884, 2182.9172, 0.0000,  76.3163, 2217.6221, 0.0000,  140, 130, 115
L 76.3163, 2217.6221, 0.0000,  87.6484, 2252.1321, 0.0000,  140, 130, 115
L 87.6484, 2252.1321, 0.0000,  75.5105, 2286.3672, 0.0000,  140, 130, 115
L 75.5105, 2286.3672, 0.0000,  46.7769, 2320.4077, 0.0000,  140, 130, 115
L -899.0768, -581.2931, 0.0000,  -907.5588, -590.5784, 0.0000,  70, 95, 45
L -907.5588, -590.5784, 0.0000,  -913.1478, -599.8638, 0.0000,  70, 95, 45
L -899.0768, -581.2931, 0.0000,  -901.3214, -592.1833, 0.0000,  70, 95, 45
L -901.3214, -592.1833, 0.0000,  -906.9717, -603.0735, 0.0000,  70, 95, 45
L -899.0768, -581.2931, 0.0000,  -899.0439, -593.1706, 0.0000,  70, 95, 45
L -899.0439, -593.1706, 0.0000,  -900.0117, -605.0482, 0.0000,  70, 95, 45
L -899.0768, -581.2931, 0.0000,  -895.3633, -592.1976, 0.0000,  70, 95, 45
L -895.3633, -592.1976, 0.0000,  -889.0318, -603.1021, 0.0000,  70, 95, 45
L -1020.5317, 2146.4543, 0.0000,  -1032.4907, 2129.8059, 0.0000,  70, 95, 45
L -1032.4907, 2129.8059, 0.0000,  -1039.2070, 2113.1577, 0.0000,  70, 95, 45
L -1020.5317, 2146.4543, 0.0000,  -1025.3844, 2128.2097, 0.0000,  70, 95, 45
L -1025.3844, 2128.2097, 0.0000,  -1029.9039, 2109.9653, 0.0000,  70, 95, 45
L -1020.5317, 2146.4543, 0.0000,  -1018.2768, 2131.1479, 0.0000,  70, 95, 45
L -1018.2768, 2131.1479, 0.0000,  -1015.8762, 2115.8413, 0.0000,  70, 95, 45
L  -839.1902, -2387.8159, 0.0000, -850.2144, -2400.8400, 0.0000,  70, 95, 45
L  -850.2144, -2400.8400, 0.0000, -857.2676, -2413.8642, 0.0000,  70, 95, 45
L  -839.1902, -2387.8159, 0.0000, -842.7991, -2406.4484, 0.0000,  70, 95, 45
L  -842.7991, -2406.4484, 0.0000, -843.4270, -2425.0812, 0.0000,  70, 95, 45
L  -839.1902, -2387.8159, 0.0000, -836.4693, -2401.6589, 0.0000,  70, 95, 45
L  -836.4693, -2401.6589, 0.0000, -835.9236, -2415.5021, 0.0000,  70, 95, 45
L -693.0665, -1556.8470, 0.0000,  -696.2637, -1567.1094, 0.0000,  70, 95, 45
L -696.2637, -1567.1094, 0.0000,  -704.4523, -1577.3717, 0.0000,  70, 95, 45
L -693.0665, -1556.8470, 0.0000,  -694.9206, -1570.5034, 0.0000,  70, 95, 45
L -694.9206, -1570.5034, 0.0000,  -698.0420, -1584.1598, 0.0000,  70, 95, 45
L -693.0665, -1556.8470, 0.0000,  -689.3716, -1569.7588, 0.0000,  70, 95, 45
L -689.3716, -1569.7588, 0.0000,  -686.2863, -1582.6708, 0.0000,  70, 95, 45
L -742.4070, -1543.2323, 0.0000,  -751.2516, -1557.0043, 0.0000,  70, 95, 45
L -751.2516, -1557.0043, 0.0000,  -759.8427, -1570.7761, 0.0000,  70, 95, 45
L -742.4070, -1543.2323, 0.0000,  -745.3021, -1555.3766, 0.0000,  70, 95, 45
L -745.3021, -1555.3766, 0.0000,  -748.7899, -1567.5208, 0.0000,  70, 95, 45
L -742.4070, -1543.2323, 0.0000,  -742.7046, -1560.8097, 0.0000,  70, 95, 45
L -742.7046, -1560.8097, 0.0000,  -737.7083, -1578.3868, 0.0000,  70, 95, 45
L -867.0961, -1222.9708, 0.0000,  -872.8337, -1233.9728, 0.0000,  70, 95, 45
L -872.8337, -1233.9728, 0.0000,  -883.8807, -1244.9747, 0.0000,  70, 95, 45
L -867.0961, -1222.9708, 0.0000,  -874.2053, -1236.7188, 0.0000,  70, 95, 45
L -874.2053, -1236.7188, 0.0000,  -875.6625, -1250.4668, 0.0000,  70, 95, 45
L -867.0961, -1222.9708, 0.0000,  -866.3019, -1237.4633, 0.0000,  70, 95, 45
L -866.3019, -1237.4633, 0.0000,  -867.2953, -1251.9557, 0.0000,  70, 95, 45
L -867.0961, -1222.9708, 0.0000,  -862.7690, -1232.8059, 0.0000,  70, 95, 45
L -862.7690, -1232.8059, 0.0000,  -858.0707, -1242.6410, 0.0000,  70, 95, 45
L -871.3115, -1204.4160, 0.0000,  -881.3752, -1216.5323, 0.0000,  70, 95, 45
L -881.3752, -1216.5323, 0.0000,  -885.4446, -1228.6487, 0.0000,  70, 95, 45
L -871.3115, -1204.4160, 0.0000,  -871.9043, -1219.4167, 0.0000,  70, 95, 45
L -871.9043, -1219.4167, 0.0000,  -875.6139, -1234.4175, 0.0000,  70, 95, 45
L -871.3115, -1204.4160, 0.0000,  -870.1746, -1221.0037, 0.0000,  70, 95, 45
L -870.1746, -1221.0037, 0.0000,  -866.3100, -1237.5913, 0.0000,  70, 95, 45
L -795.6924, -375.4869, 0.0000,  -807.6147, -388.6555, 0.0000,  70, 95, 45
L -807.6147, -388.6555, 0.0000,  -814.1167, -401.8241, 0.0000,  70, 95, 45
L -795.6924, -375.4869, 0.0000,  -799.2264, -389.2067, 0.0000,  70, 95, 45
L -799.2264, -389.2067, 0.0000,  -803.7537, -402.9265, 0.0000,  70, 95, 45
L -795.6924, -375.4869, 0.0000,  -796.9482, -390.4464, 0.0000,  70, 95, 45
L -796.9482, -390.4464, 0.0000,  -793.2353, -405.4059, 0.0000,  70, 95, 45
L -795.6924, -375.4869, 0.0000,  -790.4206, -389.8136, 0.0000,  70, 95, 45
L -790.4206, -389.8136, 0.0000,  -785.7614, -404.1403, 0.0000,  70, 95, 45
L -637.2341, -247.4696, 0.0000,  -646.7667, -259.9885, 0.0000,  70, 95, 45
L -646.7667, -259.9885, 0.0000,  -652.6166, -272.5074, 0.0000,  70, 95, 45
L -637.2341, -247.4696, 0.0000,  -638.8920, -260.3965, 0.0000,  70, 95, 45
L -638.8920, -260.3965, 0.0000,  -644.2849, -273.3233, 0.0000,  70, 95, 45
L -637.2341, -247.4696, 0.0000,  -637.4517, -262.0701, 0.0000,  70, 95, 45
L -637.4517, -262.0701, 0.0000,  -632.0329, -276.6705, 0.0000,  70, 95, 45
L -836.1570, -16.4233, 0.0000,  -847.7278, -28.4682, 0.0000,  70, 95, 45
L -847.7278, -28.4682, 0.0000,  -855.5325, -40.5131, 0.0000,  70, 95, 45
L -836.1570, -16.4233, 0.0000,  -841.2898, -31.5241, 0.0000,  70, 95, 45
L -841.2898, -31.5241, 0.0000,  -845.9872, -46.6249, 0.0000,  70, 95, 45
L -836.1570, -16.4233, 0.0000,  -833.2067, -32.2748, 0.0000,  70, 95, 45
L -833.2067, -32.2748, 0.0000,  -835.4930, -48.1264, 0.0000,  70, 95, 45
L -836.1570, -16.4233, 0.0000,  -831.2215, -33.2546, 0.0000,  70, 95, 45
L -831.2215, -33.2546, 0.0000,  -822.3190, -50.0860, 0.0000,  70, 95, 45
L -772.9844, 21.5288, 0.0000,  -782.3531, 8.8187, 0.0000,  70, 95, 45
L -782.3531, 8.8187, 0.0000,  -788.1951, -3.8913, 0.0000,  70, 95, 45
L -772.9844, 21.5288, 0.0000,  -773.8640, 5.5694, 0.0000,  70, 95, 45
L -773.8640, 5.5694, 0.0000,  -776.5851, -10.3900, 0.0000,  70, 95, 45
L -772.9844, 21.5288, 0.0000,  -772.4665, 7.0923, 0.0000,  70, 95, 45
L -772.4665, 7.0923, 0.0000,  -769.8819, -7.3441, 0.0000,  70, 95, 45
L -751.1882, 1339.7853, 0.0000,  -759.7311, 1325.6611, 0.0000,  70, 95, 45
L -759.7311, 1325.6611, 0.0000,  -771.6486, 1311.5370, 0.0000,  70, 95, 45
L -751.1882, 1339.7853, 0.0000,  -759.1829, 1323.4705, 0.0000,  70, 95, 45
L -759.1829, 1323.4705, 0.0000,  -763.4565, 1307.1556, 0.0000,  70, 95, 45
L -751.1882, 1339.7853, 0.0000,  -749.5717, 1324.4572, 0.0000,  70, 95, 45
L -749.5717, 1324.4572, 0.0000,  -749.3226, 1309.1290, 0.0000,  70, 95, 45
L -751.1882, 1339.7853, 0.0000,  -749.0320, 1325.2108, 0.0000,  70, 95, 45
L -749.0320, 1325.2108, 0.0000,  -742.5775, 1310.6365, 0.0000,  70, 95, 45
L -682.0090, 1341.2963, 0.0000,  -693.6606, 1329.6682, 0.0000,  70, 95, 45
L -693.6606, 1329.6682, 0.0000,  -703.5099, 1318.0402, 0.0000,  70, 95, 45
L -682.0090, 1341.2963, 0.0000,  -688.8387, 1324.1450, 0.0000,  70, 95, 45
L -688.8387, 1324.1450, 0.0000,  -695.4587, 1306.9939, 0.0000,  70, 95, 45
L -682.0090, 1341.2963, 0.0000,  -679.3797, 1325.8478, 0.0000,  70, 95, 45
L -679.3797, 1325.8478, 0.0000,  -681.1226, 1310.3992, 0.0000,  70, 95, 45
L -682.0090, 1341.2963, 0.0000,  -677.5013, 1328.9382, 0.0000,  70, 95, 45
L -677.5013, 1328.9382, 0.0000,  -674.4844, 1316.5802, 0.0000,  70, 95, 45
L -774.4623, 1476.0601, 0.0000,  -785.6202, 1461.9081, 0.0000,  70, 95, 45
L -785.6202, 1461.9081, 0.0000,  -800.4023, 1447.7562, 0.0000,  70, 95, 45
L -774.4623, 1476.0601, 0.0000,  -778.2130, 1459.0380, 0.0000,  70, 95, 45
L -778.2130, 1459.0380, 0.0000,  -783.9578, 1442.0159, 0.0000,  70, 95, 45
L -774.4623, 1476.0601, 0.0000,  -775.0392, 1458.5016, 0.0000,  70, 95, 45
L -775.0392, 1458.5016, 0.0000,  -771.8644, 1440.9432, 0.0000,  70, 95, 45
L -774.4623, 1476.0601, 0.0000,  -768.0804, 1457.8939, 0.0000,  70, 95, 45
L -768.0804, 1457.8939, 0.0000,  -764.6349, 1439.7279, 0.0000,  70, 95, 45
L -897.1022, 1479.4336, 0.0000,  -905.3138, 1464.1709, 0.0000,  70, 95, 45
L -905.3138, 1464.1709, 0.0000,  -913.8509, 1448.9081, 0.0000,  70, 95, 45
L -897.1022, 1479.4336, 0.0000,  -902.2253, 1462.5758, 0.0000,  70, 95, 45
L -902.2253, 1462.5758, 0.0000,  -904.8407, 1445.7180, 0.0000,  70, 95, 45
L -897.1022, 1479.4336, 0.0000,  -895.9000, 1463.8091, 0.0000,  70, 95, 45
L -895.9000, 1463.8091, 0.0000,  -894.2971, 1448.1844, 0.0000,  70, 95, 45
L -718.3520, 2251.6348, 0.0000,  -729.1086, 2239.5103, 0.0000,  70, 95, 45
L -729.1086, 2239.5103, 0.0000,  -735.7616, 2227.3857, 0.0000,  70, 95, 45
L -718.3520, 2251.6348, 0.0000,  -716.9625, 2240.2405, 0.0000,  70, 95, 45
L -716.9625, 2240.2405, 0.0000,  -720.1270, 2228.8462, 0.0000,  70, 95, 45
L -718.3520, 2251.6348, 0.0000,  -712.0994, 2236.4639, 0.0000,  70, 95, 45
L -712.0994, 2236.4639, 0.0000,  -711.8445, 2221.2930, 0.0000,  70, 95, 45
L -761.8539, 2113.1709, 0.0000,  -772.0297, 2103.1628, 0.0000,  70, 95, 45
L -772.0297, 2103.1628, 0.0000,  -778.9250, 2093.1548, 0.0000,  70, 95, 45
L -761.8539, 2113.1709, 0.0000,  -767.5363, 2098.7439, 0.0000,  70, 95, 45
L -767.5363, 2098.7439, 0.0000,  -775.7505, 2084.3167, 0.0000,  70, 95, 45
L -761.8539, 2113.1709, 0.0000,  -763.7473, 2100.3489, 0.0000,  70, 95, 45
L -763.7473, 2100.3489, 0.0000,  -763.1996, 2087.5271, 0.0000,  70, 95, 45
L -761.8539, 2113.1709, 0.0000,  -753.0951, 2099.3665, 0.0000,  70, 95, 45
L -753.0951, 2099.3665, 0.0000,  -749.7563, 2085.5620, 0.0000,  70, 95, 45
L -742.8451, 2096.4932, 0.0000,  -753.2627, 2084.1619, 0.0000,  70, 95, 45
L -753.2627, 2084.1619, 0.0000,  -761.1559, 2071.8311, 0.0000,  70, 95, 45
L -742.8451, 2096.4932, 0.0000,  -746.0187, 2082.9490, 0.0000,  70, 95, 45
L -746.0187, 2082.9490, 0.0000,  -751.1290, 2069.4048, 0.0000,  70, 95, 45
L -742.8451, 2096.4932, 0.0000,  -744.3973, 2085.5212, 0.0000,  70, 95, 45
L -744.3973, 2085.5212, 0.0000,  -744.5594, 2074.5493, 0.0000,  70, 95, 45
L -742.8451, 2096.4932, 0.0000,  -738.1485, 2085.3848, 0.0000,  70, 95, 45
L -738.1485, 2085.3848, 0.0000,  -733.4709, 2074.2766, 0.0000,  70, 95, 45
L -638.2090, -1274.1284, 0.0000,  -646.8360, -1284.4440, 0.0000,  70, 95, 45
L -646.8360, -1284.4440, 0.0000,  -652.3368, -1294.7594, 0.0000,  70, 95, 45
L -638.2090, -1274.1284, 0.0000,  -641.2360, -1287.3892, 0.0000,  70, 95, 45
L -641.2360, -1287.3892, 0.0000,  -640.4587, -1300.6498, 0.0000,  70, 95, 45
L -638.2090, -1274.1284, 0.0000,  -638.0978, -1288.4692, 0.0000,  70, 95, 45
L -638.0978, -1288.4692, 0.0000,  -634.3398, -1302.8101, 0.0000,  70, 95, 45
L -531.5721, -1295.7876, 0.0000,  -538.3219, -1309.2771, 0.0000,  70, 95, 45
L -538.3219, -1309.2771, 0.0000,  -545.2094, -1322.7667, 0.0000,  70, 95, 45
L -531.5721, -1295.7876, 0.0000,  -536.2759, -1313.0868, 0.0000,  70, 95, 45
L -536.2759, -1313.0868, 0.0000,  -538.4521, -1330.3860, 0.0000,  70, 95, 45
L -531.5721, -1295.7876, 0.0000,  -531.5742, -1309.4535, 0.0000,  70, 95, 45
L -531.5742, -1309.4535, 0.0000,  -528.7014, -1323.1194, 0.0000,  70, 95, 45
L -599.3604, -1387.6061, 0.0000,  -606.7248, -1402.7845, 0.0000,  70, 95, 45
L -606.7248, -1402.7845, 0.0000,  -618.9485, -1417.9631, 0.0000,  70, 95, 45
L -599.3604, -1387.6061, 0.0000,  -603.1194, -1405.1989, 0.0000,  70, 95, 45
L -603.1194, -1405.1989, 0.0000,  -602.9112, -1422.7915, 0.0000,  70, 95, 45
L -599.3604, -1387.6061, 0.0000,  -598.5698, -1407.5990, 0.0000,  70, 95, 45
L -598.5698, -1407.5990, 0.0000,  -593.0181, -1427.5920, 0.0000,  70, 95, 45
L -671.5121, -1378.7690, 0.0000,  -680.1179, -1390.8975, 0.0000,  70, 95, 45
L -680.1179, -1390.8975, 0.0000,  -686.0986, -1403.0258, 0.0000,  70, 95, 45
L -671.5121, -1378.7690, 0.0000,  -673.4786, -1395.7654, 0.0000,  70, 95, 45
L -673.4786, -1395.7654, 0.0000,  -675.1407, -1412.7618, 0.0000,  70, 95, 45
L -671.5121, -1378.7690, 0.0000,  -667.9231, -1391.2545, 0.0000,  70, 95, 45
L -667.9231, -1391.2545, 0.0000,  -664.6647, -1403.7400, 0.0000,  70, 95, 45
L -586.2262, -906.5743, 0.0000,  -594.0720, -918.1543, 0.0000,  70, 95, 45
L -594.0720, -918.1543, 0.0000,  -601.2834, -929.7341, 0.0000,  70, 95, 45
L -586.2262, -906.5743, 0.0000,  -585.8877, -920.8492, 0.0000,  70, 95, 45
L -585.8877, -920.8492, 0.0000,  -590.0926, -935.1238, 0.0000,  70, 95, 45
L -586.2262, -906.5743, 0.0000,  -584.9932, -917.5789, 0.0000,  70, 95, 45
L -584.9932, -917.5789, 0.0000,  -580.9913, -928.5833, 0.0000,  70, 95, 45
L -588.9706, -897.4567, 0.0000,  -594.8585, -906.4485, 0.0000,  70, 95, 45
L -594.8585, -906.4485, 0.0000,  -601.8506, -915.4404, 0.0000,  70, 95, 45
L -588.9706, -897.4567, 0.0000,  -595.8693, -909.6959, 0.0000,  70, 95, 45
L -595.8693, -909.6959, 0.0000,  -598.3314, -921.9351, 0.0000,  70, 95, 45
L -588.9706, -897.4567, 0.0000,  -591.4271, -910.1448, 0.0000,  70, 95, 45
L -591.4271, -910.1448, 0.0000,  -590.5359, -922.8329, 0.0000,  70, 95, 45
L -588.9706, -897.4567, 0.0000,  -587.8470, -907.6265, 0.0000,  70, 95, 45
L -587.8470, -907.6265, 0.0000,  -581.7529, -917.7961, 0.0000,  70, 95, 45
L -512.9979, -588.4083, 0.0000,  -518.6954, -600.2721, 0.0000,  70, 95, 45
L -518.6954, -600.2721, 0.0000,  -530.3723, -612.1359, 0.0000,  70, 95, 45
L -512.9979, -588.4083, 0.0000,  -522.4651, -604.5030, 0.0000,  70, 95, 45
L -522.4651, -604.5030, 0.0000,  -527.0337, -620.5977, 0.0000,  70, 95, 45
L -512.9979, -588.4083, 0.0000,  -511.0103, -602.9105, 0.0000,  70, 95, 45
L -511.0103, -602.9105, 0.0000,  -511.5015, -617.4127, 0.0000,  70, 95, 45
L -512.9979, -588.4083, 0.0000,  -506.3812, -605.1280, 0.0000,  70, 95, 45
L -506.3812, -605.1280, 0.0000,  -499.0609, -621.8477, 0.0000,  70, 95, 45
L -442.0493, -541.8906, 0.0000,  -453.4573, -553.1580, 0.0000,  70, 95, 45
L -453.4573, -553.1580, 0.0000,  -459.0493, -564.4255, 0.0000,  70, 95, 45
L -442.0493, -541.8906, 0.0000,  -445.2640, -553.2054, 0.0000,  70, 95, 45
L -445.2640, -553.2054, 0.0000,  -448.1616, -564.5203, 0.0000,  70, 95, 45
L -442.0493, -541.8906, 0.0000,  -443.8585, -555.5865, 0.0000,  70, 95, 45
L -443.8585, -555.5865, 0.0000,  -440.0844, -569.2827, 0.0000,  70, 95, 45
L -442.0493, -541.8906, 0.0000,  -436.0654, -551.9810, 0.0000,  70, 95, 45
L -436.0654, -551.9810, 0.0000,  -434.3851, -562.0714, 0.0000,  70, 95, 45
L -284.4561, 671.9816, 0.0000,  -290.6769, 659.9141, 0.0000,  70, 95, 45
L -290.6769, 659.9141, 0.0000,  -297.4258, 647.8466, 0.0000,  70, 95, 45
L -284.4561, 671.9816, 0.0000,  -288.6086, 656.2162, 0.0000,  70, 95, 45
L -288.6086, 656.2162, 0.0000,  -292.4880, 640.4507, 0.0000,  70, 95, 45
L -284.4561, 671.9816, 0.0000,  -283.2156, 657.6924, 0.0000,  70, 95, 45
L -283.2156, 657.6924, 0.0000,  -278.0345, 643.4034, 0.0000,  70, 95, 45
L -339.7862, 675.0572, 0.0000,  -353.2445, 660.0550, 0.0000,  70, 95, 45
L -353.2445, 660.0550, 0.0000,  -363.0596, 645.0527, 0.0000,  70, 95, 45
L -339.7862, 675.0572, 0.0000,  -348.4977, 658.5488, 0.0000,  70, 95, 45
L -348.4977, 658.5488, 0.0000,  -355.2061, 642.0403, 0.0000,  70, 95, 45
L -339.7862, 675.0572, 0.0000,  -342.1498, 656.8972, 0.0000,  70, 95, 45
L -342.1498, 656.8972, 0.0000,  -340.7134, 638.7372, 0.0000,  70, 95, 45
L -339.7862, 675.0572, 0.0000,  -335.5353, 660.2560, 0.0000,  70, 95, 45
L -335.5353, 660.2560, 0.0000,  -326.1404, 645.4548, 0.0000,  70, 95, 45
L -160.6822, -1548.1162, 0.0000,  -166.7796, -1562.3933, 0.0000,  70, 95, 45
L -166.7796, -1562.3933, 0.0000,  -175.4221, -1576.6704, 0.0000,  70, 95, 45
L -160.6822, -1548.1162, 0.0000,  -162.8760, -1564.2627, 0.0000,  70, 95, 45
L -162.8760, -1564.2627, 0.0000,  -168.2338, -1580.4092, 0.0000,  70, 95, 45
L -160.6822, -1548.1162, 0.0000,  -161.0883, -1561.8488, 0.0000,  70, 95, 45
L -161.0883, -1561.8488, 0.0000,  -157.4489, -1575.5813, 0.0000,  70, 95, 45
L -135.4266, -1554.8047, 0.0000,  -144.4470, -1567.2844, 0.0000,  70, 95, 45
L -144.4470, -1567.2844, 0.0000,  -150.9305, -1579.7642, 0.0000,  70, 95, 45
L -135.4266, -1554.8047, 0.0000,  -138.0631, -1566.9954, 0.0000,  70, 95, 45
L -138.0631, -1566.9954, 0.0000,  -139.6855, -1579.1862, 0.0000,  70, 95, 45
L -135.4266, -1554.8047, 0.0000,  -132.7560, -1565.6627, 0.0000,  70, 95, 45
L -132.7560, -1565.6627, 0.0000,  -129.4218, -1576.5208, 0.0000,  70, 95, 45
L -341.4470, -1101.8418, 0.0000,  -350.8383, -1115.9452, 0.0000,  70, 95, 45
L -350.8383, -1115.9452, 0.0000,  -364.1543, -1130.0486, 0.0000,  70, 95, 45
L -341.4470, -1101.8418, 0.0000,  -345.8654, -1115.9639, 0.0000,  70, 95, 45
L -345.8654, -1115.9639, 0.0000,  -348.7979, -1130.0858, 0.0000,  70, 95, 45
L -341.4470, -1101.8418, 0.0000,  -345.4831, -1116.5958, 0.0000,  70, 95, 45
L -345.4831, -1116.5958, 0.0000,  -343.6104, -1131.3501, 0.0000,  70, 95, 45
L -341.4470, -1101.8418, 0.0000,  -337.3472, -1120.6058, 0.0000,  70, 95, 45
L -337.3472, -1120.6058, 0.0000,  -327.5576, -1139.3700, 0.0000,  70, 95, 45
L -213.4346, -1081.3094, 0.0000,  -224.8664, -1097.1034, 0.0000,  70, 95, 45
L -224.8664, -1097.1034, 0.0000,  -231.9885, -1112.8972, 0.0000,  70, 95, 45
L -213.4346, -1081.3094, 0.0000,  -218.3345, -1100.0432, 0.0000,  70, 95, 45
L -218.3345, -1100.0432, 0.0000,  -223.6569, -1118.7771, 0.0000,  70, 95, 45
L -213.4346, -1081.3094, 0.0000,  -207.3914, -1095.5898, 0.0000,  70, 95, 45
L -207.3914, -1095.5898, 0.0000,  -207.1287, -1109.8704, 0.0000,  70, 95, 45
L -408.1090, -1340.3990, 0.0000,  -412.3408, -1351.9249, 0.0000,  70, 95, 45
L -412.3408, -1351.9249, 0.0000,  -418.9529, -1363.4508, 0.0000,  70, 95, 45
L -408.1090, -1340.3990, 0.0000,  -413.6104, -1352.2059, 0.0000,  70, 95, 45
L -413.6104, -1352.2059, 0.0000,  -413.5743, -1364.0128, 0.0000,  70, 95, 45
L -408.1090, -1340.3990, 0.0000,  -408.8568, -1353.9573, 0.0000,  70, 95, 45
L -408.8568, -1353.9573, 0.0000,  -404.2893, -1367.5154, 0.0000,  70, 95, 45
L -259.8774, 1046.9116, 0.0000,  -269.2000, 1032.2423, 0.0000,  70, 95, 45
L -269.2000, 1032.2423, 0.0000,  -275.8501, 1017.5731, 0.0000,  70, 95, 45
L -259.8774, 1046.9116, 0.0000,  -259.8880, 1029.9965, 0.0000,  70, 95, 45
L -259.8880, 1029.9965, 0.0000,  -264.8046, 1013.0812, 0.0000,  70, 95, 45
L -259.8774, 1046.9116, 0.0000,  -257.4011, 1031.1852, 0.0000,  70, 95, 45
L -257.4011, 1031.1852, 0.0000,  -256.3302, 1015.4587, 0.0000,  70, 95, 45
L -304.3584, 927.9561, 0.0000,  -313.0610, 914.3162, 0.0000,  70, 95, 45
L -313.0610, 914.3162, 0.0000,  -326.5474, 900.6764, 0.0000,  70, 95, 45
L -304.3584, 927.9561, 0.0000,  -305.6997, 913.5782, 0.0000,  70, 95, 45
L -305.6997, 913.5782, 0.0000,  -312.4272, 899.2004, 0.0000,  70, 95, 45
L -304.3584, 927.9561, 0.0000,  -307.0131, 913.3484, 0.0000,  70, 95, 45
L -307.0131, 913.3484, 0.0000,  -304.8021, 898.7410, 0.0000,  70, 95, 45
L -304.3584, 927.9561, 0.0000,  -300.9606, 915.0306, 0.0000,  70, 95, 45
L -300.9606, 915.0306, 0.0000,  -294.8536, 902.1050, 0.0000,  70, 95, 45
L -281.2121, 919.5969, 0.0000,  -289.7974, 905.4191, 0.0000,  70, 95, 45
L -289.7974, 905.4191, 0.0000,  -302.7632, 891.2414, 0.0000,  70, 95, 45
L -281.2121, 919.5969, 0.0000,  -288.1113, 901.9797, 0.0000,  70, 95, 45
L -288.1113, 901.9797, 0.0000,  -295.8115, 884.3625, 0.0000,  70, 95, 45
L -281.2121, 919.5969, 0.0000,  -277.7539, 901.7668, 0.0000,  70, 95, 45
L -277.7539, 901.7668, 0.0000,  -279.4462, 883.9370, 0.0000,  70, 95, 45
L -281.2121, 919.5969, 0.0000,  -275.2239, 904.7090, 0.0000,  70, 95, 45
L -275.2239, 904.7090, 0.0000,  -271.8438, 889.8212, 0.0000,  70, 95, 45
L -387.1374, 1751.2979, 0.0000,  -394.9042, 1741.7787, 0.0000,  70, 95, 45
L -394.9042, 1741.7787, 0.0000,  -406.2874, 1732.2595, 0.0000,  70, 95, 45
L -387.1374, 1751.2979, 0.0000,  -393.6432, 1736.8207, 0.0000,  70, 95, 45
L -393.6432, 1736.8207, 0.0000,  -395.0922, 1722.3434, 0.0000,  70, 95, 45
L -387.1374, 1751.2979, 0.0000,  -388.5136, 1736.9037, 0.0000,  70, 95, 45
L -388.5136, 1736.9037, 0.0000,  -387.1229, 1722.5096, 0.0000,  70, 95, 45
L -387.1374, 1751.2979, 0.0000,  -382.7830, 1736.9316, 0.0000,  70, 95, 45
L -382.7830, 1736.9316, 0.0000,  -375.6456, 1722.5654, 0.0000,  70, 95, 45
L 100.9405, -2011.3219, 0.0000,  96.1574, -2024.6989, 0.0000,  70, 95, 45
L 96.1574, -2024.6989, 0.0000,  88.4126, -2038.0757, 0.0000,  70, 95, 45
L 100.9405, -2011.3219, 0.0000,  102.1210, -2022.8619, 0.0000,  70, 95, 45
L 102.1210, -2022.8619, 0.0000,  97.4968, -2034.4020, 0.0000,  70, 95, 45
L 100.9405, -2011.3219, 0.0000,  106.3245, -2026.4993, 0.0000,  70, 95, 45
L 106.3245, -2026.4993, 0.0000,  105.9185, -2041.6765, 0.0000,  70, 95, 45
L 49.0725, -2020.6223, 0.0000,  34.1666, -2034.8153, 0.0000,  70, 95, 45
L 34.1666, -2034.8153, 0.0000,  24.4660, -2049.0083, 0.0000,  70, 95, 45
L 49.0725, -2020.6223, 0.0000,  44.6386, -2036.4642, 0.0000,  70, 95, 45
L 44.6386, -2036.4642, 0.0000,  38.9084, -2052.3059, 0.0000,  70, 95, 45
L 49.0725, -2020.6223, 0.0000,  46.5896, -2037.0371, 0.0000,  70, 95, 45
L 46.5896, -2037.0371, 0.0000,  46.9032, -2053.4517, 0.0000,  70, 95, 45
L 49.0725, -2020.6223, 0.0000,  54.7505, -2038.4896, 0.0000,  70, 95, 45
L 54.7505, -2038.4896, 0.0000,  60.7519, -2056.3567, 0.0000,  70, 95, 45
L 21.4055, -1320.6244, 0.0000,  12.9407, -1331.1437, 0.0000,  70, 95, 45
L 12.9407, -1331.1437, 0.0000,  7.8294, -1341.6627, 0.0000,  70, 95, 45
L 21.4055, -1320.6244, 0.0000,  21.5997, -1332.9308, 0.0000,  70, 95, 45
L 21.5997, -1332.9308, 0.0000,  18.2069, -1345.2372, 0.0000,  70, 95, 45
L 21.4055, -1320.6244, 0.0000,  27.5311, -1336.4197, 0.0000,  70, 95, 45
L 27.5311, -1336.4197, 0.0000,  28.1500, -1352.2148, 0.0000,  70, 95, 45
L 34.8354, -1040.5493, 0.0000,  24.4039, -1051.4672, 0.0000,  70, 95, 45
L 24.4039, -1051.4672, 0.0000,  17.0290, -1062.3850, 0.0000,  70, 95, 45
L 34.8354, -1040.5493, 0.0000,  28.5069, -1054.4647, 0.0000,  70, 95, 45
L 28.5069, -1054.4647, 0.0000,  25.7023, -1068.3801, 0.0000,  70, 95, 45
L 34.8354, -1040.5493, 0.0000,  36.9689, -1053.4023, 0.0000,  70, 95, 45
L 36.9689, -1053.4023, 0.0000,  36.1836, -1066.2554, 0.0000,  70, 95, 45
L 34.8354, -1040.5493, 0.0000,  41.9264, -1053.4641, 0.0000,  70, 95, 45
L 41.9264, -1053.4641, 0.0000,  46.1778, -1066.3789, 0.0000,  70, 95, 45
L -34.5475, -1125.6687, 0.0000,  -45.9863, -1141.0356, 0.0000,  70, 95, 45
L -45.9863, -1141.0356, 0.0000,  -62.2492, -1156.4026, 0.0000,  70, 95, 45
L -34.5475, -1125.6687, 0.0000,  -43.1653, -1144.3778, 0.0000,  70, 95, 45
L -43.1653, -1144.3778, 0.0000,  -49.1845, -1163.0869, 0.0000,  70, 95, 45
L -34.5475, -1125.6687, 0.0000,  -33.8522, -1145.4620, 0.0000,  70, 95, 45
L -33.8522, -1145.4620, 0.0000,  -36.3160, -1165.2555, 0.0000,  70, 95, 45
L -34.5475, -1125.6687, 0.0000,  -27.5574, -1141.2250, 0.0000,  70, 95, 45
L -27.5574, -1141.2250, 0.0000,  -26.5414, -1156.7811, 0.0000,  70, 95, 45
L 226.5480, -1099.7035, 0.0000,  217.5071, -1110.0413, 0.0000,  70, 95, 45
L 217.5071, -1110.0413, 0.0000,  211.7877, -1120.3790, 0.0000,  70, 95, 45
L 226.5480, -1099.7035, 0.0000,  227.0343, -1114.2419, 0.0000,  70, 95, 45
L 227.0343, -1114.2419, 0.0000,  222.8144, -1128.7804, 0.0000,  70, 95, 45
L 226.5480, -1099.7035, 0.0000,  224.9646, -1113.0635, 0.0000,  70, 95, 45
L 224.9646, -1113.0635, 0.0000,  229.0237, -1126.4233, 0.0000,  70, 95, 45
L -0.5618, 882.6673, 0.0000,  -7.2501, 867.8600, 0.0000,  70, 95, 45
L -7.2501, 867.8600, 0.0000,  -19.4513, 853.0527, 0.0000,  70, 95, 45
L -0.5618, 882.6673, 0.0000,  -6.4182, 865.8149, 0.0000,  70, 95, 45
L -6.4182, 865.8149, 0.0000,  -7.4300, 848.9628, 0.0000,  70, 95, 45
L -0.5618, 882.6673, 0.0000,  2.7530, 866.2917, 0.0000,  70, 95, 45
L 2.7530, 866.2917, 0.0000,  5.8988, 849.9161, 0.0000,  70, 95, 45
L -38.3370, 1394.6776, 0.0000,  -50.3455, 1383.0573, 0.0000,  70, 95, 45
L -50.3455, 1383.0573, 0.0000,  -57.7539, 1371.4369, 0.0000,  70, 95, 45
L -38.3370, 1394.6776, 0.0000,  -44.7709, 1382.4962, 0.0000,  70, 95, 45
L -44.7709, 1382.4962, 0.0000,  -47.9011, 1370.3148, 0.0000,  70, 95, 45
L -38.3370, 1394.6776, 0.0000,  -36.5235, 1382.5372, 0.0000,  70, 95, 45
L -36.5235, 1382.5372, 0.0000,  -38.0034, 1370.3969, 0.0000,  70, 95, 45
L -38.3370, 1394.6776, 0.0000,  -32.5593, 1382.5009, 0.0000,  70, 95, 45
L -32.5593, 1382.5009, 0.0000,  -28.3899, 1370.3240, 0.0000,  70, 95, 45
L 81.3149, 2116.9995, 0.0000,  72.5873, 2108.3335, 0.0000,  70, 95, 45
L 72.5873, 2108.3335, 0.0000,  66.2213, 2099.6670, 0.0000,  70, 95, 45
L 81.3149, 2116.9995, 0.0000,  73.6170, 2105.7236, 0.0000,  70, 95, 45
L 73.6170, 2105.7236, 0.0000,  70.5410, 2094.4478, 0.0000,  70, 95, 45
L 81.3149, 2116.9995, 0.0000,  84.3446, 2102.4368, 0.0000,  70, 95, 45
L 84.3446, 2102.4368, 0.0000,  83.1093, 2087.8740, 0.0000,  70, 95, 45
L 81.3149, 2116.9995, 0.0000,  84.0306, 2103.6848, 0.0000,  70, 95, 45
L 84.0306, 2103.6848, 0.0000,  91.9467, 2090.3701, 0.0000,  70, 95, 45
L 1.5237, 2130.9429, 0.0000,  -3.1700, 2119.6399, 0.0000,  70, 95, 45
L -3.1700, 2119.6399, 0.0000,  -12.1812, 2108.3369, 0.0000,  70, 95, 45
L 1.5237, 2130.9429, 0.0000,  -0.9033, 2118.3921, 0.0000,  70, 95, 45
L -0.9033, 2118.3921, 0.0000,  -4.3350, 2105.8411, 0.0000,  70, 95, 45
L 1.5237, 2130.9429, 0.0000,  1.7342, 2120.6140, 0.0000,  70, 95, 45
L 1.7342, 2120.6140, 0.0000,  7.1174, 2110.2852, 0.0000,  70, 95, 45
L 243.7393, -1808.2865, 0.0000,  231.6220, -1820.7762, 0.0000,  70, 95, 45
L 231.6220, -1820.7762, 0.0000,  218.6551, -1833.2659, 0.0000,  70, 95, 45
L 243.7393, -1808.2865, 0.0000,  237.9617, -1823.6555, 0.0000,  70, 95, 45
L 237.9617, -1823.6555, 0.0000,  230.7973, -1839.0245, 0.0000,  70, 95, 45
L 243.7393, -1808.2865, 0.0000,  247.5655, -1826.5984, 0.0000,  70, 95, 45
L 247.5655, -1826.5984, 0.0000,  245.9033, -1844.9103, 0.0000,  70, 95, 45
L 243.7393, -1808.2865, 0.0000,  250.4644, -1827.7467, 0.0000,  70, 95, 45
L 250.4644, -1827.7467, 0.0000,  253.6825, -1847.2068, 0.0000,  70, 95, 45
L 246.0316, -1282.0487, 0.0000,  233.5715, -1293.5911, 0.0000,  70, 95, 45
L 233.5715, -1293.5911, 0.0000,  223.4844, -1305.1333, 0.0000,  70, 95, 45
L 246.0316, -1282.0487, 0.0000,  244.1323, -1294.9760, 0.0000,  70, 95, 45
L 244.1323, -1294.9760, 0.0000,  239.0891, -1307.9032, 0.0000,  70, 95, 45
L 246.0316, -1282.0487, 0.0000,  247.1050, -1299.4928, 0.0000,  70, 95, 45
L 247.1050, -1299.4928, 0.0000,  243.6951, -1316.9369, 0.0000,  70, 95, 45
L 246.0316, -1282.0487, 0.0000,  248.5784, -1297.2744, 0.0000,  70, 95, 45
L 248.5784, -1297.2744, 0.0000,  254.5087, -1312.5001, 0.0000,  70, 95, 45
L 238.1962, -1251.0355, 0.0000,  229.3333, -1263.5905, 0.0000,  70, 95, 45
L 229.3333, -1263.5905, 0.0000,  222.5884, -1276.1454, 0.0000,  70, 95, 45
L 238.1962, -1251.0355, 0.0000,  236.9528, -1265.0588, 0.0000,  70, 95, 45
L 236.9528, -1265.0588, 0.0000,  233.5511, -1279.0823, 0.0000,  70, 95, 45
L 238.1962, -1251.0355, 0.0000,  240.5787, -1262.5413, 0.0000,  70, 95, 45
L 240.5787, -1262.5413, 0.0000,  243.5034, -1274.0470, 0.0000,  70, 95, 45
L 210.9630, -1377.5017, 0.0000,  204.7334, -1389.2903, 0.0000,  70, 95, 45
L 204.7334, -1389.2903, 0.0000,  193.8139, -1401.0786, 0.0000,  70, 95, 45
L 210.9630, -1377.5017, 0.0000,  204.8087, -1393.4493, 0.0000,  70, 95, 45
L 204.8087, -1393.4493, 0.0000,  200.6937, -1409.3970, 0.0000,  70, 95, 45
L 210.9630, -1377.5017, 0.0000,  211.4096, -1391.3235, 0.0000,  70, 95, 45
L 211.4096, -1391.3235, 0.0000,  211.1759, -1405.1451, 0.0000,  70, 95, 45
L 210.9630, -1377.5017, 0.0000,  214.6724, -1390.6320, 0.0000,  70, 95, 45
L 214.6724, -1390.6320, 0.0000,  223.1996, -1403.7621, 0.0000,  70, 95, 45
L 195.4062, 434.1109, 0.0000,  187.6514, 421.4482, 0.0000,  70, 95, 45
L 187.6514, 421.4482, 0.0000,  182.9437, 408.7855, 0.0000,  70, 95, 45
L 195.4062, 434.1109, 0.0000,  192.7613, 418.6722, 0.0000,  70, 95, 45
L 192.7613, 418.6722, 0.0000,  193.0463, 403.2335, 0.0000,  70, 95, 45
L 195.4062, 434.1109, 0.0000,  198.6535, 420.4504, 0.0000,  70, 95, 45
L 198.6535, 420.4504, 0.0000,  202.3374, 406.7899, 0.0000,  70, 95, 45
L 150.9638, 399.5017, 0.0000,  137.2045, 385.9399, 0.0000,  70, 95, 45
L 137.2045, 385.9399, 0.0000,  123.6389, 372.3781, 0.0000,  70, 95, 45
L 150.9638, 399.5017, 0.0000,  149.0185, 382.8443, 0.0000,  70, 95, 45
L 149.0185, 382.8443, 0.0000,  142.0423, 366.1869, 0.0000,  70, 95, 45
L 150.9638, 399.5017, 0.0000,  149.0150, 378.6061, 0.0000,  70, 95, 45
L 149.0150, 378.6061, 0.0000,  148.1105, 357.7106, 0.0000,  70, 95, 45
L 150.9638, 399.5017, 0.0000,  156.5158, 383.3276, 0.0000,  70, 95, 45
L 156.5158, 383.3276, 0.0000,  160.4983, 367.1536, 0.0000,  70, 95, 45
L 73.7020, 400.8498, 0.0000,  69.7822, 389.7792, 0.0000,  70, 95, 45
L 69.7822, 389.7792, 0.0000,  60.6187, 378.7086, 0.0000,  70, 95, 45
L 73.7020, 400.8498, 0.0000,  72.8673, 388.0848, 0.0000,  70, 95, 45
L 72.8673, 388.0848, 0.0000,  69.2963, 375.3199, 0.0000,  70, 95, 45
L 73.7020, 400.8498, 0.0000,  74.1616, 391.1429, 0.0000,  70, 95, 45
L 74.1616, 391.1429, 0.0000,  78.5897, 381.4360, 0.0000,  70, 95, 45
L 120.4320, 1199.5780, 0.0000,  115.8688, 1187.9902, 0.0000,  70, 95, 45
L 115.8688, 1187.9902, 0.0000,  106.6276, 1176.4026, 0.0000,  70, 95, 45
L 120.4320, 1199.5780, 0.0000,  117.1024, 1186.7004, 0.0000,  70, 95, 45
L 117.1024, 1186.7004, 0.0000,  115.8120, 1173.8230, 0.0000,  70, 95, 45
L 120.4320, 1199.5780, 0.0000,  126.9123, 1183.5267, 0.0000,  70, 95, 45
L 126.9123, 1183.5267, 0.0000,  127.6532, 1167.4755, 0.0000,  70, 95, 45
L 46.4354, 1114.4354, 0.0000,  43.8160, 1102.1135, 0.0000,  70, 95, 45
L 43.8160, 1102.1135, 0.0000,  35.2099, 1089.7915, 0.0000,  70, 95, 45
L 46.4354, 1114.4354, 0.0000,  41.7892, 1101.8153, 0.0000,  70, 95, 45
L 41.7892, 1101.8153, 0.0000,  40.9378, 1089.1952, 0.0000,  70, 95, 45
L 46.4354, 1114.4354, 0.0000,  50.5794, 1097.1176, 0.0000,  70, 95, 45
L 50.5794, 1097.1176, 0.0000,  49.6554, 1079.7997, 0.0000,  70, 95, 45
L 173.7674, 1347.9622, 0.0000,  167.1236, 1333.8906, 0.0000,  70, 95, 45
L 167.1236, 1333.8906, 0.0000,  157.2678, 1319.8191, 0.0000,  70, 95, 45
L 173.7674, 1347.9622, 0.0000,  170.9390, 1332.2841, 0.0000,  70, 95, 45
L 170.9390, 1332.2841, 0.0000,  171.3394, 1316.6060, 0.0000,  70, 95, 45
L 173.7674, 1347.9622, 0.0000,  176.6747, 1334.4059, 0.0000,  70, 95, 45
L 176.6747, 1334.4059, 0.0000,  177.8633, 1320.8495, 0.0000,  70, 95, 45
L 258.4248, 1338.0359, 0.0000,  247.8534, 1323.5334, 0.0000,  70, 95, 45
L 247.8534, 1323.5334, 0.0000,  240.5837, 1309.0309, 0.0000,  70, 95, 45
L 258.4248, 1338.0359, 0.0000,  257.9227, 1322.1111, 0.0000,  70, 95, 45
L 257.9227, 1322.1111, 0.0000,  251.6111, 1306.1863, 0.0000,  70, 95, 45
L 258.4248, 1338.0359, 0.0000,  260.6594, 1319.9293, 0.0000,  70, 95, 45
L 260.6594, 1319.9293, 0.0000,  264.3584, 1301.8226, 0.0000,  70, 95, 45
L 406.2450, -2163.0081, 0.0000,  399.7785, -2176.8503, 0.0000,  70, 95, 45
L 399.7785, -2176.8503, 0.0000,  387.9542, -2190.6924, 0.0000,  70, 95, 45
L 406.2450, -2163.0081, 0.0000,  401.2754, -2177.9761, 0.0000,  70, 95, 45
L 401.2754, -2177.9761, 0.0000,  398.0644, -2192.9441, 0.0000,  70, 95, 45
L 406.2450, -2163.0081, 0.0000,  411.4118, -2180.7517, 0.0000,  70, 95, 45
L 411.4118, -2180.7517, 0.0000,  410.9778, -2198.4951, 0.0000,  70, 95, 45
L 465.8732, -2190.9053, 0.0000,  455.3497, -2205.6748, 0.0000,  70, 95, 45
L 455.3497, -2205.6748, 0.0000,  445.3120, -2220.4446, 0.0000,  70, 95, 45
L 465.8732, -2190.9053, 0.0000,  459.1182, -2206.3010, 0.0000,  70, 95, 45
L 459.1182, -2206.3010, 0.0000,  458.0840, -2221.6968, 0.0000,  70, 95, 45
L 465.8732, -2190.9053, 0.0000,  469.6758, -2210.1760, 0.0000,  70, 95, 45
L 469.6758, -2210.1760, 0.0000,  473.6593, -2229.4468, 0.0000,  70, 95, 45
L 459.9086, -2309.5098, 0.0000,  450.0184, -2318.5049, 0.0000,  70, 95, 45
L 450.0184, -2318.5049, 0.0000,  443.3723, -2327.4998, 0.0000,  70, 95, 45
L 459.9086, -2309.5098, 0.0000,  457.2906, -2324.3420, 0.0000,  70, 95, 45
L 457.2906, -2324.3420, 0.0000,  448.9691, -2339.1746, 0.0000,  70, 95, 45
L 459.9086, -2309.5098, 0.0000,  455.9973, -2325.4231, 0.0000,  70, 95, 45
L 455.9973, -2325.4231, 0.0000,  456.9798, -2341.3364, 0.0000,  70, 95, 45
L 459.9086, -2309.5098, 0.0000,  462.1860, -2320.6575, 0.0000,  70, 95, 45
L 462.1860, -2320.6575, 0.0000,  469.9061, -2331.8054, 0.0000,  70, 95, 45
L 442.7697, -2300.9661, 0.0000,  436.2773, -2310.2981, 0.0000,  70, 95, 45
L 436.2773, -2310.2981, 0.0000,  424.9005, -2319.6296, 0.0000,  70, 95, 45
L 442.7697, -2300.9661, 0.0000,  433.8736, -2315.6587, 0.0000,  70, 95, 45
L 433.8736, -2315.6587, 0.0000,  430.6449, -2330.3513, 0.0000,  70, 95, 45
L 442.7697, -2300.9661, 0.0000,  442.1912, -2313.1123, 0.0000,  70, 95, 45
L 442.1912, -2313.1123, 0.0000,  442.0768, -2325.2583, 0.0000,  70, 95, 45
L 442.7697, -2300.9661, 0.0000,  445.6238, -2313.1675, 0.0000,  70, 95, 45
L 445.6238, -2313.1675, 0.0000,  454.4021, -2325.3684, 0.0000,  70, 95, 45
L 490.6214, -1066.5524, 0.0000,  478.6582, -1078.7174, 0.0000,  70, 95, 45
L 478.6582, -1078.7174, 0.0000,  469.6599, -1090.8826, 0.0000,  70, 95, 45
L 490.6214, -1066.5524, 0.0000,  483.9080, -1079.2632, 0.0000,  70, 95, 45
L 483.9080, -1079.2632, 0.0000,  482.2522, -1091.9740, 0.0000,  70, 95, 45
L 490.6214, -1066.5524, 0.0000,  492.9920, -1079.4557, 0.0000,  70, 95, 45
L 492.9920, -1079.4557, 0.0000,  491.4444, -1092.3591, 0.0000,  70, 95, 45
L 490.6214, -1066.5524, 0.0000,  492.6237, -1080.9745, 0.0000,  70, 95, 45
L 492.6237, -1080.9745, 0.0000,  499.9052, -1095.3967, 0.0000,  70, 95, 45
L 510.6296, -1058.2280, 0.0000,  501.6335, -1067.6342, 0.0000,  70, 95, 45
L 501.6335, -1067.6342, 0.0000,  492.2036, -1077.0402, 0.0000,  70, 95, 45
L 510.6296, -1058.2280, 0.0000,  505.7548, -1069.0150, 0.0000,  70, 95, 45
L 505.7548, -1069.0150, 0.0000,  503.6563, -1079.8020, 0.0000,  70, 95, 45
L 510.6296, -1058.2280, 0.0000,  513.3094, -1071.4368, 0.0000,  70, 95, 45
L 513.3094, -1071.4368, 0.0000,  512.8149, -1084.6454, 0.0000,  70, 95, 45
L 510.6296, -1058.2280, 0.0000,  518.7625, -1071.0901, 0.0000,  70, 95, 45
L 518.7625, -1071.0901, 0.0000,  521.1954, -1083.9519, 0.0000,  70, 95, 45
L 411.8553, -169.2654, 0.0000,  401.7528, -178.4480, 0.0000,  70, 95, 45
L 401.7528, -178.4480, 0.0000,  395.0109, -187.6306, 0.0000,  70, 95, 45
L 411.8553, -169.2654, 0.0000,  410.1557, -180.6426, 0.0000,  70, 95, 45
L 410.1557, -180.6426, 0.0000,  403.3343, -192.0199, 0.0000,  70, 95, 45
L 411.8553, -169.2654, 0.0000,  410.9979, -181.3594, 0.0000,  70, 95, 45
L 410.9979, -181.3594, 0.0000,  413.4341, -193.4535, 0.0000,  70, 95, 45
L 411.8553, -169.2654, 0.0000,  415.1121, -180.4187, 0.0000,  70, 95, 45
L 415.1121, -180.4187, 0.0000,  422.0069, -191.5720, 0.0000,  70, 95, 45
L 416.5172, -170.5749, 0.0000,  410.0051, -183.6323, 0.0000,  70, 95, 45
L 410.0051, -183.6323, 0.0000,  400.0496, -196.6898, 0.0000,  70, 95, 45
L 416.5172, -170.5749, 0.0000,  414.8501, -185.9052, 0.0000,  70, 95, 45
L 414.8501, -185.9052, 0.0000,  409.7834, -201.2356, 0.0000,  70, 95, 45
L 416.5172, -170.5749, 0.0000,  420.0015, -185.6696, 0.0000,  70, 95, 45
L 420.0015, -185.6696, 0.0000,  419.3646, -200.7644, 0.0000,  70, 95, 45
L 560.1799, 294.3082, 0.0000,  551.1381, 281.4249, 0.0000,  70, 95, 45
L 551.1381, 281.4249, 0.0000,  542.4846, 268.5417, 0.0000,  70, 95, 45
L 560.1799, 294.3082, 0.0000,  556.4355, 278.0164, 0.0000,  70, 95, 45
L 556.4355, 278.0164, 0.0000,  552.8378, 261.7246, 0.0000,  70, 95, 45
L 560.1799, 294.3082, 0.0000,  563.4351, 276.0946, 0.0000,  70, 95, 45
L 563.4351, 276.0946, 0.0000,  564.9647, 257.8810, 0.0000,  70, 95, 45
L 466.8917, 2182.6719, 0.0000,  461.5537, 2171.5742, 0.0000,  70, 95, 45
L 461.5537, 2171.5742, 0.0000,  451.3180, 2160.4766, 0.0000,  70, 95, 45
L 466.8917, 2182.6719, 0.0000,  461.1645, 2171.0078, 0.0000,  70, 95, 45
L 461.1645, 2171.0078, 0.0000,  456.2548, 2159.3438, 0.0000,  70, 95, 45
L 466.8917, 2182.6719, 0.0000,  465.2092, 2168.6331, 0.0000,  70, 95, 45
L 465.2092, 2168.6331, 0.0000,  465.5738, 2154.5940, 0.0000,  70, 95, 45
L 466.8917, 2182.6719, 0.0000,  472.3149, 2171.9675, 0.0000,  70, 95, 45
L 472.3149, 2171.9675, 0.0000,  477.0945, 2161.2632, 0.0000,  70, 95, 45
L 690.3378, -2136.9932, 0.0000,  684.7095, -2146.0283, 0.0000,  70, 95, 45
L 684.7095, -2146.0283, 0.0000,  677.8198, -2155.0635, 0.0000,  70, 95, 45
L 690.3378, -2136.9932, 0.0000,  689.0981, -2150.9595, 0.0000,  70, 95, 45
L 689.0981, -2150.9595, 0.0000,  684.4018, -2164.9263, 0.0000,  70, 95, 45
L 690.3378, -2136.9932, 0.0000,  695.2753, -2148.7036, 0.0000,  70, 95, 45
L 695.2753, -2148.7036, 0.0000,  696.2668, -2160.4141, 0.0000,  70, 95, 45
L 754.8746, -2112.5852, 0.0000,  745.3903, -2124.0742, 0.0000,  70, 95, 45
L 745.3903, -2124.0742, 0.0000,  740.2697, -2135.5635, 0.0000,  70, 95, 45
L 754.8746, -2112.5852, 0.0000,  754.9975, -2124.6780, 0.0000,  70, 95, 45
L 754.9975, -2124.6780, 0.0000,  753.0331, -2136.7705, 0.0000,  70, 95, 45
L 754.8746, -2112.5852, 0.0000,  757.2108, -2127.1621, 0.0000,  70, 95, 45
L 757.2108, -2127.1621, 0.0000,  760.6208, -2141.7388, 0.0000,  70, 95, 45
L 753.2209, -2061.8689, 0.0000,  742.9102, -2075.8325, 0.0000,  70, 95, 45
L 757.2296, -2064.3354, 0.0000,  751.7154, -2080.7659, 0.0000,  70, 95, 45
L 765.5518, -2064.4124, 0.0000,  763.6176, -2080.9197, 0.0000,  70, 95, 45
L 772.8083, -2065.1008, 0.0000,  778.9435, -2082.2966, 0.0000,  70, 95, 45
L 797.7433, -2062.5444, 0.0000,  793.4206, -2074.8037, 0.0000,  70, 95, 45
L 802.8915, -2063.3743, 0.0000,  802.2693, -2076.4636, 0.0000,  70, 95, 45
L 806.8237, -2064.7786, 0.0000,  812.2686, -2079.2720, 0.0000,  70, 95, 45
L 785.2676, 380.4714, 0.0000,  774.1750, 371.0972, 0.0000,  70, 95, 45
L 774.1750, 371.0972, 0.0000,  766.8846, 361.7230, 0.0000,  70, 95, 45
L 785.2676, 380.4714, 0.0000,  780.4184, 370.0854, 0.0000,  70, 95, 45
L 780.4184, 370.0854, 0.0000,  776.7179, 359.6994, 0.0000,  70, 95, 45
L 785.2676, 380.4714, 0.0000,  782.4016, 367.4797, 0.0000,  70, 95, 45
L 782.4016, 367.4797, 0.0000,  785.2704, 354.4880, 0.0000,  70, 95, 45
L 785.2676, 380.4714, 0.0000,  789.6138, 366.4114, 0.0000,  70, 95, 45
L 789.6138, 366.4114, 0.0000,  794.9725, 352.3513, 0.0000,  70, 95, 45
L 721.8057, 420.1436, 0.0000,  711.9656, 407.5251, 0.0000,  70, 95, 45
L 711.9656, 407.5251, 0.0000,  705.9431, 394.9066, 0.0000,  70, 95, 45
L 721.8057, 420.1436, 0.0000,  718.2700, 408.0797, 0.0000,  70, 95, 45
L 718.2700, 408.0797, 0.0000,  719.2931, 396.0157, 0.0000,  70, 95, 45
L 721.8057, 420.1436, 0.0000,  723.6418, 406.9267, 0.0000,  70, 95, 45
L 723.6418, 406.9267, 0.0000,  728.1440, 393.7098, 0.0000,  70, 95, 45
L 720.4789, 431.3032, 0.0000,  712.1541, 419.3853, 0.0000,  70, 95, 45
L 712.1541, 419.3853, 0.0000,  701.0837, 407.4674, 0.0000,  70, 95, 45
L 720.4789, 431.3032, 0.0000,  717.0620, 414.7945, 0.0000,  70, 95, 45
L 717.0620, 414.7945, 0.0000,  708.5318, 398.2859, 0.0000,  70, 95, 45
L 720.4789, 431.3032, 0.0000,  723.9203, 414.7540, 0.0000,  70, 95, 45
L 723.9203, 414.7540, 0.0000,  723.1974, 398.2049, 0.0000,  70, 95, 45
L 720.4789, 431.3032, 0.0000,  727.0319, 419.0259, 0.0000,  70, 95, 45
L 727.0319, 419.0259, 0.0000,  731.2773, 406.7487, 0.0000,  70, 95, 45
L 835.3657, 617.4601, 0.0000,  828.8671, 606.9910, 0.0000,  70, 95, 45
L 828.8671, 606.9910, 0.0000,  817.4650, 596.5219, 0.0000,  70, 95, 45
L 835.3657, 617.4601, 0.0000,  827.2220, 602.9241, 0.0000,  70, 95, 45
L 827.2220, 602.9241, 0.0000,  821.6988, 588.3881, 0.0000,  70, 95, 45
L 835.3657, 617.4601, 0.0000,  834.4599, 603.4589, 0.0000,  70, 95, 45
L 834.4599, 603.4589, 0.0000,  836.7816, 589.4576, 0.0000,  70, 95, 45
L 835.3657, 617.4601, 0.0000,  838.5165, 604.7941, 0.0000,  70, 95, 45
L 838.5165, 604.7941, 0.0000,  843.6743, 592.1280, 0.0000,  70, 95, 45
L 825.0095, 593.5530, 0.0000,  818.2006, 583.8763, 0.0000,  70, 95, 45
L 818.2006, 583.8763, 0.0000,  807.5211, 574.1996, 0.0000,  70, 95, 45
L 825.0095, 593.5530, 0.0000,  819.4610, 580.5945, 0.0000,  70, 95, 45
L 819.4610, 580.5945, 0.0000,  813.2177, 567.6360, 0.0000,  70, 95, 45
L 825.0095, 593.5530, 0.0000,  826.0730, 580.9955, 0.0000,  70, 95, 45
L 826.0730, 580.9955, 0.0000,  825.5688, 568.4379, 0.0000,  70, 95, 45
L 825.0095, 593.5530, 0.0000,  827.7146, 578.3957, 0.0000,  70, 95, 45
L 827.7146, 578.3957, 0.0000,  836.0795, 563.2383, 0.0000,  70, 95, 45
L 693.7162, 1196.5745, 0.0000,  686.5954, 1184.2983, 0.0000,  70, 95, 45
L 686.5954, 1184.2983, 0.0000,  676.7095, 1172.0222, 0.0000,  70, 95, 45
L 693.7162, 1196.5745, 0.0000,  688.1157, 1184.2336, 0.0000,  70, 95, 45
L 688.1157, 1184.2336, 0.0000,  688.1053, 1171.8927, 0.0000,  70, 95, 45
L 693.7162, 1196.5745, 0.0000,  696.7761, 1182.9667, 0.0000,  70, 95, 45
L 696.7761, 1182.9667, 0.0000,  696.5696, 1169.3589, 0.0000,  70, 95, 45
L 718.2892, 1917.4741, 0.0000,  707.8091, 1902.4995, 0.0000,  70, 95, 45
L 707.8091, 1902.4995, 0.0000,  700.4383, 1887.5249, 0.0000,  70, 95, 45
L 718.2892, 1917.4741, 0.0000,  713.5002, 1900.7874, 0.0000,  70, 95, 45
L 713.5002, 1900.7874, 0.0000,  713.9173, 1884.1006, 0.0000,  70, 95, 45
L 718.2892, 1917.4741, 0.0000,  720.8195, 1902.9811, 0.0000,  70, 95, 45
L 720.8195, 1902.9811, 0.0000,  720.6406, 1888.4880, 0.0000,  70, 95, 45
L 765.6904, 1898.8132, 0.0000,  756.7483, 1886.1663, 0.0000,  70, 95, 45
L 756.7483, 1886.1663, 0.0000,  743.4515, 1873.5193, 0.0000,  70, 95, 45
L 765.6904, 1898.8132, 0.0000,  760.0681, 1885.6832, 0.0000,  70, 95, 45
L 760.0681, 1885.6832, 0.0000,  755.6305, 1872.5531, 0.0000,  70, 95, 45
L 765.6904, 1898.8132, 0.0000,  766.8701, 1882.7594, 0.0000,  70, 95, 45
L 766.8701, 1882.7594, 0.0000,  762.6301, 1866.7056, 0.0000,  70, 95, 45
L 765.6904, 1898.8132, 0.0000,  770.6677, 1886.2124, 0.0000,  70, 95, 45
L 770.6677, 1886.2124, 0.0000,  774.2288, 1873.6116, 0.0000,  70, 95, 45
L 736.7613, 1668.1312, 0.0000,  728.0071, 1658.5366, 0.0000,  70, 95, 45
L 728.0071, 1658.5366, 0.0000,  719.5060, 1648.9420, 0.0000,  70, 95, 45
L 736.7613, 1668.1312, 0.0000,  732.9705, 1658.0477, 0.0000,  70, 95, 45
L 732.9705, 1658.0477, 0.0000,  727.1057, 1647.9644, 0.0000,  70, 95, 45
L 736.7613, 1668.1312, 0.0000,  736.3842, 1657.6403, 0.0000,  70, 95, 45
L 736.3842, 1657.6403, 0.0000,  738.2013, 1647.1493, 0.0000,  70, 95, 45
L 736.7613, 1668.1312, 0.0000,  742.2751, 1657.5061, 0.0000,  70, 95, 45
L 742.2751, 1657.5061, 0.0000,  745.5984, 1646.8810, 0.0000,  70, 95, 45
L -446.4690, 2178.9526, 0.0000,  -454.6072, 2165.4246, 0.0000,  70, 95, 45
L -454.6072, 2165.4246, 0.0000,  -460.2509, 2151.8962, 0.0000,  70, 95, 45
L -446.4690, 2178.9526, 0.0000,  -449.7308, 2167.5195, 0.0000,  70, 95, 45
L -449.7308, 2167.5195, 0.0000,  -448.9965, 2156.0864, 0.0000,  70, 95, 45
L -446.4690, 2178.9526, 0.0000,  -447.4718, 2164.8936, 0.0000,  70, 95, 45
L -447.4718, 2164.8936, 0.0000,  -442.8750, 2150.8345, 0.0000,  70, 95, 45
L -502.9814, 2192.9739, 0.0000,  -512.8207, 2182.5662, 0.0000,  70, 95, 45
L -512.8207, 2182.5662, 0.0000,  -518.1974, 2172.1587, 0.0000,  70, 95, 45
L -502.9814, 2192.9739, 0.0000,  -511.2097, 2179.2747, 0.0000,  70, 95, 45
L -511.2097, 2179.2747, 0.0000,  -515.9846, 2165.5754, 0.0000,  70, 95, 45
L -502.9814, 2192.9739, 0.0000,  -500.8457, 2181.8467, 0.0000,  70, 95, 45
L -500.8457, 2181.8467, 0.0000,  -504.4352, 2170.7195, 0.0000,  70, 95, 45
L -502.9814, 2192.9739, 0.0000,  -498.5746, 2181.2537, 0.0000,  70, 95, 45
L -498.5746, 2181.2537, 0.0000,  -494.8968, 2169.5334, 0.0000,  70, 95, 45
L -255.0168, 2208.2698, 0.0000,  -263.8807, 2199.9697, 0.0000,  70, 95, 45
L -263.8807, 2199.9697, 0.0000,  -266.7973, 2191.6697, 0.0000,  70, 95, 45
L -255.0168, 2208.2698, 0.0000,  -259.6681, 2197.2424, 0.0000,  70, 95, 45
L -259.6681, 2197.2424, 0.0000,  -260.6790, 2186.2151, 0.0000,  70, 95, 45
L -255.0168, 2208.2698, 0.0000,  -253.5843, 2195.8848, 0.0000,  70, 95, 45
L -253.5843, 2195.8848, 0.0000,  -255.0231, 2183.5000, 0.0000,  70, 95, 45
L -255.0168, 2208.2698, 0.0000,  -248.9920, 2196.7568, 0.0000,  70, 95, 45
L -248.9920, 2196.7568, 0.0000,  -246.0404, 2185.2439, 0.0000,  70, 95, 45
L -242.1958, 2143.7559, 0.0000,  -250.4611, 2130.1023, 0.0000,  70, 95, 45
L -250.4611, 2130.1023, 0.0000,  -256.5769, 2116.4490, 0.0000,  70, 95, 45
L -242.1958, 2143.7559, 0.0000,  -241.6045, 2131.2949, 0.0000,  70, 95, 45
L -241.6045, 2131.2949, 0.0000,  -244.3416, 2118.8342, 0.0000,  70, 95, 45
L -242.1958, 2143.7559, 0.0000,  -240.6889, 2131.0332, 0.0000,  70, 95, 45
L -240.6889, 2131.0332, 0.0000,  -235.8520, 2118.3108, 0.0000,  70, 95, 45
L -245.2818, 2141.4700, 0.0000,  -252.5292, 2126.0415, 0.0000,  70, 95, 45
L -252.5292, 2126.0415, 0.0000,  -262.6945, 2110.6133, 0.0000,  70, 95, 45
L -245.2818, 2141.4700, 0.0000,  -245.7993, 2125.3865, 0.0000,  70, 95, 45
L -245.7993, 2125.3865, 0.0000,  -249.2019, 2109.3030, 0.0000,  70, 95, 45
L -245.2818, 2141.4700, 0.0000,  -243.8088, 2125.3435, 0.0000,  70, 95, 45
L -243.8088, 2125.3435, 0.0000,  -240.8767, 2109.2170, 0.0000,  70, 95, 45
L -628.3174, 2110.1565, 0.0000,  -634.9811, 2093.6426, 0.0000,  70, 95, 45
L -634.9811, 2093.6426, 0.0000,  -645.4037, 2077.1287, 0.0000,  70, 95, 45
L -628.3174, 2110.1565, 0.0000,  -631.9547, 2092.8413, 0.0000,  70, 95, 45
L -631.9547, 2092.8413, 0.0000,  -637.3284, 2075.5264, 0.0000,  70, 95, 45
L -628.3174, 2110.1565, 0.0000,  -621.8754, 2091.9636, 0.0000,  70, 95, 45
L -621.8754, 2091.9636, 0.0000,  -620.3315, 2073.7710, 0.0000,  70, 95, 45
L -567.3882, 2081.8762, 0.0000,  -576.8773, 2070.8931, 0.0000,  70, 95, 45
L -576.8773, 2070.8931, 0.0000,  -582.5862, 2059.9099, 0.0000,  70, 95, 45
L -567.3882, 2081.8762, 0.0000,  -577.0594, 2067.8657, 0.0000,  70, 95, 45
L -577.0594, 2067.8657, 0.0000,  -580.8243, 2053.8552, 0.0000,  70, 95, 45
L -567.3882, 2081.8762, 0.0000,  -569.4880, 2067.8704, 0.0000,  70, 95, 45
L -569.4880, 2067.8704, 0.0000,  -568.2771, 2053.8647, 0.0000,  70, 95, 45
L -567.3882, 2081.8762, 0.0000,  -560.3250, 2068.1841, 0.0000,  70, 95, 45
L -560.3250, 2068.1841, 0.0000,  -554.4824, 2054.4919, 0.0000,  70, 95, 45
L -799.4000, 1715.0000, 0.0000,  -785.0000, 1707.7999, 0.0000,  40, 40, 45
L -785.0000, 1707.7999, 0.0000,  -770.6000, 1715.0000, 0.0000,  40, 40, 45
L -770.6000, 1715.0000, 0.0000,  -785.0000, 1722.2000, 0.0000,  40, 40, 45
L -785.0000, 1722.2000, 0.0000,  -799.4000, 1715.0000, 0.0000,  40, 40, 45
L -799.4000, 1715.0000, 0.0000,  -810.2000, 1693.3999, 0.0000,  40, 40, 45
L -810.2000, 1693.3999, 0.0000,  -801.2000, 1697.0000, 0.0000,  40, 40, 45
L -717.8000, 1735.0000, 0.0000,  -705.0000, 1728.6000, 0.0000,  40, 40, 45
L -705.0000, 1728.6000, 0.0000,  -692.2000, 1735.0000, 0.0000,  40, 40, 45
L -692.2000, 1735.0000, 0.0000,  -705.0000, 1741.3999, 0.0000,  40, 40, 45
L -705.0000, 1741.3999, 0.0000,  -717.8000, 1735.0000, 0.0000,  40, 40, 45
L -717.8000, 1735.0000, 0.0000,  -727.4000, 1715.7999, 0.0000,  40, 40, 45
L -727.4000, 1715.7999, 0.0000,  -719.4000, 1719.0000, 0.0000,  40, 40, 45
L -840.0000, 1750.0000, 0.0000,  -840.0000, 1730.8267, 0.0000,  110, 75, 35
L -871.9554, 1738.3362, 0.0000,  -840.0000, 1698.0724, 0.0000,  70, 95, 45
L -840.0000, 1698.0724, 0.0000,  -808.0446, 1738.3362, 0.0000,  70, 95, 45
L -871.9554, 1738.3362, 0.0000,  -855.9777, 1734.0222, 0.0000,  70, 95, 45
L -808.0446, 1738.3362, 0.0000,  -824.0223, 1734.0222, 0.0000,  70, 95, 45
L -866.8426, 1714.6094, 0.0000,  -840.0000, 1674.3455, 0.0000,  70, 95, 45
L -840.0000, 1674.3455, 0.0000,  -813.1573, 1714.6094, 0.0000,  70, 95, 45
L -866.8426, 1714.6094, 0.0000,  -853.4213, 1710.2953, 0.0000,  70, 95, 45
L -813.1573, 1714.6094, 0.0000,  -826.5787, 1710.2953, 0.0000,  70, 95, 45
L -861.7297, 1690.8823, 0.0000,  -840.0000, 1650.6185, 0.0000,  70, 95, 45
L -840.0000, 1650.6185, 0.0000,  -818.2703, 1690.8823, 0.0000,  70, 95, 45
L -861.7297, 1690.8823, 0.0000,  -850.8647, 1686.5685, 0.0000,  70, 95, 45
L -818.2703, 1690.8823, 0.0000,  -829.1352, 1686.5685, 0.0000,  70, 95, 45
L -856.6168, 1667.1554, 0.0000,  -840.0000, 1626.8916, 0.0000,  70, 95, 45
L -840.0000, 1626.8916, 0.0000,  -823.3832, 1667.1554, 0.0000,  70, 95, 45
L -856.6168, 1667.1554, 0.0000,  -848.3083, 1662.8414, 0.0000,  70, 95, 45
L -823.3832, 1667.1554, 0.0000,  -831.6916, 1662.8414, 0.0000,  70, 95, 45
L -870.0000, 1780.0000, 0.0000,  -870.0000, 1698.8124, 0.0000,  120, 80, 40
L -870.0000, 1710.6215, 0.0000,  -887.7137, 1695.8600, 0.0000,  120, 80, 40
L -870.0000, 1710.6215, 0.0000,  -852.2863, 1695.8600, 0.0000,  120, 80, 40
L -943.8069, 1707.6692, 0.0000,  -919.2046, 1704.7168, 0.0000,  70, 95, 45
L -919.2046, 1704.7168, 0.0000,  -894.6023, 1701.7645, 0.0000,  70, 95, 45
L -894.6023, 1701.7645, 0.0000,  -870.0000, 1698.8124, 0.0000,  70, 95, 45
L -870.0000, 1698.8124, 0.0000,  -845.3976, 1701.7645, 0.0000,  70, 95, 45
L -845.3976, 1701.7645, 0.0000,  -820.7953, 1704.7168, 0.0000,  70, 95, 45
L -820.7953, 1704.7168, 0.0000,  -796.1931, 1707.6692, 0.0000,  70, 95, 45
L -930.5217, 1695.8600, 0.0000,  -910.3478, 1692.9077, 0.0000,  70, 95, 45
L -910.3478, 1692.9077, 0.0000,  -890.1739, 1689.9554, 0.0000,  70, 95, 45
L -890.1739, 1689.9554, 0.0000,  -870.0000, 1687.0033, 0.0000,  70, 95, 45
L -870.0000, 1687.0033, 0.0000,  -849.8260, 1689.9554, 0.0000,  70, 95, 45
L -849.8260, 1689.9554, 0.0000,  -829.6522, 1692.9077, 0.0000,  70, 95, 45
L -829.6522, 1692.9077, 0.0000,  -809.4783, 1695.8600, 0.0000,  70, 95, 45
L -917.2364, 1684.0509, 0.0000,  -901.4910, 1681.0986, 0.0000,  70, 95, 45
L -901.4910, 1681.0986, 0.0000,  -885.7455, 1678.1464, 0.0000,  70, 95, 45
L -885.7455, 1678.1464, 0.0000,  -870.0000, 1675.1941, 0.0000,  70, 95, 45
L -870.0000, 1675.1941, 0.0000,  -854.2545, 1678.1464, 0.0000,  70, 95, 45
L -854.2545, 1678.1464, 0.0000,  -838.5090, 1681.0986, 0.0000,  70, 95, 45
L -838.5090, 1681.0986, 0.0000,  -822.7635, 1684.0509, 0.0000,  70, 95, 45
L -640.0000, 1755.0000, 0.0000,  -640.0000, 1675.3942, 0.0000,  120, 80, 40
L -640.0000, 1686.9731, 0.0000,  -657.3685, 1672.4994, 0.0000,  120, 80, 40
L -640.0000, 1686.9731, 0.0000,  -622.6315, 1672.4994, 0.0000,  120, 80, 40
L -712.3689, 1684.0785, 0.0000,  -688.2458, 1681.1836, 0.0000,  70, 95, 45
L -688.2458, 1681.1836, 0.0000,  -664.1230, 1678.2889, 0.0000,  70, 95, 45
L -664.1230, 1678.2889, 0.0000,  -640.0000, 1675.3942, 0.0000,  70, 95, 45
L -640.0000, 1675.3942, 0.0000,  -615.8770, 1678.2889, 0.0000,  70, 95, 45
L -615.8770, 1678.2889, 0.0000,  -591.7541, 1681.1836, 0.0000,  70, 95, 45
L -591.7541, 1681.1836, 0.0000,  -567.6310, 1684.0785, 0.0000,  70, 95, 45
L -699.3425, 1672.4994, 0.0000,  -679.5616, 1669.6046, 0.0000,  70, 95, 45
L -679.5616, 1669.6046, 0.0000,  -659.7808, 1666.7098, 0.0000,  70, 95, 45
L -659.7808, 1666.7098, 0.0000,  -640.0000, 1663.8152, 0.0000,  70, 95, 45
L -640.0000, 1663.8152, 0.0000,  -620.2192, 1666.7098, 0.0000,  70, 95, 45
L -620.2192, 1666.7098, 0.0000,  -600.4383, 1669.6046, 0.0000,  70, 95, 45
L -600.4383, 1669.6046, 0.0000,  -580.6575, 1672.4994, 0.0000,  70, 95, 45
L -686.3160, 1660.9203, 0.0000,  -670.8774, 1658.0256, 0.0000,  70, 95, 45
L -670.8774, 1658.0256, 0.0000,  -655.4387, 1655.1309, 0.0000,  70, 95, 45
L -655.4387, 1655.1309, 0.0000,  -640.0000, 1652.2361, 0.0000,  70, 95, 45
L -640.0000, 1652.2361, 0.0000,  -624.5613, 1655.1309, 0.0000,  70, 95, 45
L -624.5613, 1655.1309, 0.0000,  -609.1226, 1658.0256, 0.0000,  70, 95, 45
L -609.1226, 1658.0256, 0.0000,  -593.6839, 1660.9203, 0.0000,  70, 95, 45
L -393.6000, 2297.0000, 0.0000, -342.0000, 2245.0000, 0.0000, 104, 96, 96
L -342.0000, 2245.0000, 0.0000, -311.9000, 2255.4000, 0.0000, 104, 96, 96
L -311.9000, 2255.4000, 0.0000, -273.2000, 2182.6000, 0.0000, 104, 96, 96
L -273.2000, 2182.6000, 0.0000, -234.5000, 2193.0000, 0.0000, 104, 96, 96
L -234.5000, 2193.0000, 0.0000, -195.8000, 2094.2000, 0.0000, 104, 96, 96
L -195.8000, 2094.2000, 0.0000, -174.3000, 2055.2000, 0.0000, 104, 96, 96
L -174.3000, 2055.2000, 0.0000, -157.1000, 2037.0000, 0.0000, 104, 96, 96
L -157.1000, 2037.0000, 0.0000, -127.0000, 2089.0000, 0.0000, 104, 96, 96
L -127.0000, 2089.0000, 0.0000, -101.2000, 2081.2000, 0.0000, 104, 96, 96
L -101.2000, 2081.2000, 0.0000, -58.2000, 2161.8000, 0.0000, 104, 96, 96
L -58.2000, 2161.8000, 0.0000, -23.8000, 2154.0000, 0.0000, 104, 96, 96
L -23.8000, 2154.0000, 0.0000, 19.2000, 2239.8000, 0.0000, 104, 96, 96
L 19.2000, 2239.8000, 0.0000, 70.8000, 2297.0000, 0.0000, 104, 96, 96
L -428.0000, 2297.0000, 0.0000, -385.0000, 2219.0000, 0.0000, 132, 124, 120
L -385.0000, 2219.0000, 0.0000, -359.2000, 2229.4000, 0.0000, 132, 124, 120
L -359.2000, 2229.4000, 0.0000, -324.8000, 2161.8000, 0.0000, 132, 124, 120
L -324.8000, 2161.8000, 0.0000, -286.1000, 2219.0000, 0.0000, 132, 124, 120
L -161.4000, 2073.4000, 0.0000, -143.8219, 2116.1792, 0.0000, 132, 124, 120
L -143.8219, 2116.1792, 0.0000, -118.7014, 2148.2034, 0.0000, 132, 124, 120
L -118.7014, 2148.2034, 0.0000, -96.9243, 2188.8511, 0.0000, 132, 124, 120
L -96.9243, 2188.8511, 0.0000, -76.9485, 2217.1425, 0.0000, 132, 124, 120
L -109.8000, 2146.2000, 0.0000, -100.7367, 2180.1908, 0.0000, 132, 124, 120
L -100.7367, 2180.1908, 0.0000, -79.2987, 2211.4403, 0.0000, 132, 124, 120
L -79.2987, 2211.4403, 0.0000, -62.0711, 2244.0430, 0.0000, 132, 124, 120
L -221.6000, 2135.8000, 0.0000, -237.1074, 2182.5677, 0.0000, 132, 124, 120
L -237.1074, 2182.5677, 0.0000, -246.7771, 2225.4700, 0.0000, 132, 124, 120
L -246.7771, 2225.4700, 0.0000, -270.4325, 2254.6090, 0.0000, 132, 124, 120
L -130.5833, 2057.5833, 0.0000, -106.9333, 2077.0833, 0.0000, 132, 124, 120
L -112.6667, 2078.1667, 0.0000, -89.0167, 2097.6667, 0.0000, 132, 124, 120
L -94.7500, 2098.7500, 0.0000, -71.1000, 2118.2500, 0.0000, 132, 124, 120
L -76.8333, 2119.3333, 0.0000, -53.1833, 2138.8333, 0.0000, 132, 124, 120
L -58.9167, 2139.9167, 0.0000, -35.2667, 2159.4167, 0.0000, 132, 124, 120
L -41.0000, 2160.5000, 0.0000, -17.3500, 2180.0000, 0.0000, 132, 124, 120
L -23.0833, 2181.0833, 0.0000, 0.5667, 2200.5833, 0.0000, 132, 124, 120
L -5.1667, 2201.6667, 0.0000, 18.4833, 2221.1667, 0.0000, 132, 124, 120
L 12.7500, 2222.2500, 0.0000, 36.4000, 2241.7500, 0.0000, 132, 124, 120
L 30.6667, 2242.8333, 0.0000, 54.3167, 2262.3333, 0.0000, 132, 124, 120
L 48.5833, 2263.4167, 0.0000, 72.2333, 2282.9167, 0.0000, 132, 124, 120
L -200.5778, 2074.5556, 0.0000, -222.0778, 2092.7556, 0.0000, 132, 124, 120
L -222.5556, 2099.1111, 0.0000, -244.0556, 2117.3111, 0.0000, 132, 124, 120
L -244.5333, 2123.6667, 0.0000, -266.0333, 2141.8667, 0.0000, 132, 124, 120
L -266.5111, 2148.2222, 0.0000, -288.0111, 2166.4222, 0.0000, 132, 124, 120
L -288.4889, 2172.7778, 0.0000, -309.9889, 2190.9778, 0.0000, 132, 124, 120
L -310.4667, 2197.3333, 0.0000, -331.9667, 2215.5333, 0.0000, 132, 124, 120
L -332.4444, 2221.8889, 0.0000, -353.9444, 2240.0889, 0.0000, 132, 124, 120
L -354.4222, 2246.4444, 0.0000, -375.9222, 2264.6444, 0.0000, 132, 124, 120
L -412.5270, 2295.8901, 0.0000, -403.8473, 2287.4778, 0.0000, 132, 124, 120
L -403.8473, 2290.3350, 0.0000, -393.9276, 2295.8901, 0.0000, 132, 124, 120
L -378.2690, 2294.7368, 0.0000, -366.7905, 2288.3663, 0.0000, 132, 124, 120
L -366.7905, 2287.7515, 0.0000, -353.6723, 2294.7368, 0.0000, 132, 124, 120
L -332.0513, 2301.3098, 0.0000, -321.4576, 2292.7100, 0.0000, 132, 124, 120
L -321.4576, 2298.2385, 0.0000, -309.3506, 2301.3098, 0.0000, 132, 124, 120
L -280.9096, 2294.4650, 0.0000, -270.7454, 2288.6918, 0.0000, 132, 124, 120
L -270.7454, 2287.6270, 0.0000, -259.1291, 2294.4650, 0.0000, 132, 124, 120
L -234.7303, 2300.9694, 0.0000, -223.7558, 2295.7746, 0.0000, 132, 124, 120
L -223.7558, 2295.7421, 0.0000, -211.2135, 2300.9694, 0.0000, 132, 124, 120
L -174.1936, 2298.7423, 0.0000, -166.7756, 2293.4063, 0.0000, 132, 124, 120
L -166.7756, 2292.5964, 0.0000, -158.2980, 2298.7423, 0.0000, 132, 124, 120
L -139.5570, 2299.4351, 0.0000, -130.7682, 2292.6677, 0.0000, 132, 124, 120
L -130.7682, 2295.9171, 0.0000, -120.7238, 2299.4351, 0.0000, 132, 124, 120
L -83.3689, 2302.2488, 0.0000, -76.2367, 2296.5884, 0.0000, 132, 124, 120
L -76.2367, 2295.6126, 0.0000, -68.0857, 2302.2488, 0.0000, 132, 124, 120
L -34.1008, 2296.4532, 0.0000, -29.1325, 2288.6869, 0.0000, 132, 124, 120
L -29.1325, 2292.0612, 0.0000, -23.4544, 2296.4532, 0.0000, 132, 124, 120
L 5.4092, 2296.4525, 0.0000, 14.7409, 2288.8076, 0.0000, 132, 124, 120
L 14.7409, 2292.2134, 0.0000, 25.4057, 2296.4525, 0.0000, 132, 124, 120
L 44.4500, 2302.8811, 0.0000, 55.7203, 2298.7778, 0.0000, 132, 124, 120
L 55.7203, 2297.6244, 0.0000, 68.6006, 2302.8811, 0.0000, 132, 124, 120
L -923.7600, 1802.7500, 0.0000, -880.2000, 1753.7500, 0.0000, 104, 96, 96
L -880.2000, 1753.7500, 0.0000, -854.7900, 1763.5500, 0.0000, 104, 96, 96
L -854.7900, 1763.5500, 0.0000, -822.1200, 1694.9500, 0.0000, 104, 96, 96
L -822.1200, 1694.9500, 0.0000, -789.4500, 1704.7500, 0.0000, 104, 96, 96
L -789.4500, 1704.7500, 0.0000, -756.7800, 1611.6500, 0.0000, 104, 96, 96
L -756.7800, 1611.6500, 0.0000, -738.6300, 1574.9000, 0.0000, 104, 96, 96
L -738.6300, 1574.9000, 0.0000, -724.1100, 1557.7500, 0.0000, 104, 96, 96
L -724.1100, 1557.7500, 0.0000, -698.7000, 1606.7500, 0.0000, 104, 96, 96
L -698.7000, 1606.7500, 0.0000, -676.9200, 1599.4000, 0.0000, 104, 96, 96
L -676.9200, 1599.4000, 0.0000, -640.6200, 1675.3500, 0.0000, 104, 96, 96
L -640.6200, 1675.3500, 0.0000, -611.5800, 1668.0000, 0.0000, 104, 96, 96
L -611.5800, 1668.0000, 0.0000, -575.2800, 1748.8500, 0.0000, 104, 96, 96
L -575.2800, 1748.8500, 0.0000, -531.7200, 1802.7500, 0.0000, 104, 96, 96
L -952.8000, 1802.7500, 0.0000, -916.5000, 1729.2500, 0.0000, 132, 124, 120
L -916.5000, 1729.2500, 0.0000, -894.7200, 1739.0500, 0.0000, 132, 124, 120
L -894.7200, 1739.0500, 0.0000, -865.6800, 1675.3500, 0.0000, 132, 124, 120
L -865.6800, 1675.3500, 0.0000, -833.0100, 1729.2500, 0.0000, 132, 124, 120
L -727.7400, 1592.0500, 0.0000, -707.0510, 1635.1427, 0.0000, 132, 124, 120
L -707.0510, 1635.1427, 0.0000, -686.8328, 1661.2803, 0.0000, 132, 124, 120
L -686.8328, 1661.2803, 0.0000, -670.9766, 1694.0857, 0.0000, 132, 124, 120
L -670.9766, 1694.0857, 0.0000, -656.0197, 1721.1397, 0.0000, 132, 124, 120
L -684.1800, 1660.6500, 0.0000, -674.1322, 1693.8636, 0.0000, 132, 124, 120
L -674.1322, 1693.8636, 0.0000, -663.6627, 1727.2823, 0.0000, 132, 124, 120
L -663.6627, 1727.2823, 0.0000, -656.0431, 1753.4635, 0.0000, 132, 124, 120
L -656.0431, 1753.4635, 0.0000, -638.4738, 1786.2199, 0.0000, 132, 124, 120
L -778.5600, 1650.8500, 0.0000, -793.2634, 1689.7405, 0.0000, 132, 124, 120
L -793.2634, 1689.7405, 0.0000, -805.7361, 1715.3686, 0.0000, 132, 124, 120
L -805.7361, 1715.3686, 0.0000, -824.3667, 1751.4154, 0.0000, 132, 124, 120
L -824.3667, 1751.4154, 0.0000, -841.1796, 1788.0868, 0.0000, 132, 124, 120
L -701.7250, 1577.1458, 0.0000, -681.7600, 1595.5208, 0.0000, 132, 124, 120
L -686.6000, 1596.5417, 0.0000, -666.6350, 1614.9167, 0.0000, 132, 124, 120
L -671.4750, 1615.9375, 0.0000, -651.5100, 1634.3125, 0.0000, 132, 124, 120
L -656.3500, 1635.3333, 0.0000, -636.3850, 1653.7083, 0.0000, 132, 124, 120
L -641.2250, 1654.7292, 0.0000, -621.2600, 1673.1042, 0.0000, 132, 124, 120
L -626.1000, 1674.1250, 0.0000, -606.1350, 1692.5000, 0.0000, 132, 124, 120
L -610.9750, 1693.5208, 0.0000, -591.0100, 1711.8958, 0.0000, 132, 124, 120
L -595.8500, 1712.9167, 0.0000, -575.8850, 1731.2917, 0.0000, 132, 124, 120
L -580.7250, 1732.3125, 0.0000, -560.7600, 1750.6875, 0.0000, 132, 124, 120
L -565.6000, 1751.7083, 0.0000, -545.6350, 1770.0833, 0.0000, 132, 124, 120
L -550.4750, 1771.1042, 0.0000, -530.5100, 1789.4792, 0.0000, 132, 124, 120
L -760.8133, 1593.1389, 0.0000, -778.9633, 1610.2889, 0.0000, 132, 124, 120
L -779.3667, 1616.2778, 0.0000, -797.5167, 1633.4278, 0.0000, 132, 124, 120
L -797.9200, 1639.4167, 0.0000, -816.0700, 1656.5667, 0.0000, 132, 124, 120
L -816.4733, 1662.5556, 0.0000, -834.6233, 1679.7056, 0.0000, 132, 124, 120
L -835.0267, 1685.6944, 0.0000, -853.1767, 1702.8444, 0.0000, 132, 124, 120
L -853.5800, 1708.8333, 0.0000, -871.7300, 1725.9833, 0.0000, 132, 124, 120
L -872.1333, 1731.9722, 0.0000, -890.2833, 1749.1222, 0.0000, 132, 124, 120
L -890.6867, 1755.1111, 0.0000, -908.8367, 1772.2611, 0.0000, 132, 124, 120
L -942.6576, 1803.0151, 0.0000, -932.4391, 1797.1717, 0.0000, 132, 124, 120
L -932.4391, 1797.7269, 0.0000, -920.7608, 1803.0151, 0.0000, 132, 124, 120
L -900.3299, 1802.5795, 0.0000, -894.8298, 1796.2092, 0.0000, 132, 124, 120
L -894.8298, 1796.7079, 0.0000, -888.5439, 1802.5795, 0.0000, 132, 124, 120
L -866.9452, 1803.7771, 0.0000, -857.5486, 1798.8669, 0.0000, 132, 124, 120
L -857.5486, 1800.0629, 0.0000, -846.8096, 1803.7771, 0.0000, 132, 124, 120
L -826.2883, 1807.0929, 0.0000, -820.0191, 1802.5214, 0.0000, 132, 124, 120
L -820.0191, 1803.6984, 0.0000, -812.8542, 1807.0929, 0.0000, 132, 124, 120
L -794.1132, 1802.2301, 0.0000, -785.2034, 1794.1268, 0.0000, 132, 124, 120
L -785.2034, 1797.9069, 0.0000, -775.0208, 1802.2301, 0.0000, 132, 124, 120
L -746.8727, 1802.3464, 0.0000, -739.8392, 1794.4584, 0.0000, 132, 124, 120
L -739.8392, 1797.1504, 0.0000, -731.8009, 1802.3464, 0.0000, 132, 124, 120
L -713.2902, 1800.7141, 0.0000, -702.9036, 1793.1784, 0.0000, 132, 124, 120
L -702.9036, 1794.3999, 0.0000, -691.0331, 1800.7141, 0.0000, 132, 124, 120
L -674.9951, 1804.6593, 0.0000, -663.6639, 1797.6958, 0.0000, 132, 124, 120
L -663.6639, 1797.8774, 0.0000, -650.7139, 1804.6593, 0.0000, 132, 124, 120
L -627.4276, 1808.5251, 0.0000, -622.1361, 1802.4439, 0.0000, 132, 124, 120
L -622.1361, 1805.4316, 0.0000, -616.0888, 1808.5251, 0.0000, 132, 124, 120
L -587.6835, 1805.9348, 0.0000, -575.9673, 1797.9100, 0.0000, 132, 124, 120
L -575.9673, 1799.1395, 0.0000, -562.5774, 1805.9348, 0.0000, 132, 124, 120
L -549.2998, 1808.6440, 0.0000, -539.1567, 1802.9132, 0.0000, 132, 124, 120
L -539.1567, 1801.7464, 0.0000, -527.5646, 1808.6440, 0.0000, 132, 124, 120
L -899.5055, -708.2915, 0.0000, -900.0203, -738.1383, 0.0000, 104, 88, 70
L -900.0203, -738.1383, 0.0000, -878.3983, -738.1383, 0.0000, 104, 88, 70
L -878.3983, -738.1383, 0.0000, -878.9131, -708.2915, 0.0000, 104, 88, 70
L -878.9131, -708.2915, 0.0000, -899.5055, -708.2915, 0.0000, 104, 88, 70
L -894.3574, -708.2915, 0.0000, -895.3870, -691.2362, 0.0000, 104, 88, 70
L -884.0612, -708.2915, 0.0000, -882.5168, -691.2362, 0.0000, 104, 88, 70
L -885.5754, -741.7723, 0.0000, -896.4772, -742.9836, 0.0000, 104, 88, 70
L -896.4772, -742.9836, 0.0000, -897.6885, -750.2515, 0.0000, 104, 88, 70
L -897.6885, -750.2515, 0.0000, -885.5754, -755.0967, 0.0000, 104, 88, 70
L -885.5754, -755.0967, 0.0000, -871.0396, -749.0402, 0.0000, 104, 88, 70
L -871.0396, -749.0402, 0.0000, -869.8283, -744.1949, 0.0000, 104, 88, 70
L -869.8283, -744.1949, 0.0000, -885.5754, -741.7723, 0.0000, 104, 88, 70
L -892.8433, -753.8854, 0.0000, -900.1112, -764.7873, 0.0000, 104, 88, 70
L -900.1112, -764.7873, 0.0000, -887.9980, -757.5194, 0.0000, 104, 88, 70
L -899.5055, -730.8704, 0.0000, -907.3791, -701.5081, 0.0000, 104, 88, 70
L -878.9131, -730.8704, 0.0000, -868.6170, -709.9873, 0.0000, 104, 88, 70
L -871.0396, -712.4100, 0.0000, -862.5604, -728.1571, 0.0000, 104, 88, 70
L 257.4440, 1875.0019, 0.0000, 256.9291, 1845.1550, 0.0000, 104, 88, 70
L 256.9291, 1845.1550, 0.0000, 278.5511, 1845.1550, 0.0000, 104, 88, 70
L 278.5511, 1845.1550, 0.0000, 278.0363, 1875.0019, 0.0000, 104, 88, 70
L 278.0363, 1875.0019, 0.0000, 257.4440, 1875.0019, 0.0000, 104, 88, 70
L 262.5920, 1875.0019, 0.0000, 261.5624, 1892.0572, 0.0000, 104, 88, 70
L 272.8882, 1875.0019, 0.0000, 274.4327, 1892.0572, 0.0000, 104, 88, 70
L 271.3741, 1841.5211, 0.0000, 260.4722, 1840.3098, 0.0000, 104, 88, 70
L 260.4722, 1840.3098, 0.0000, 259.2609, 1833.0419, 0.0000, 104, 88, 70
L 259.2609, 1833.0419, 0.0000, 271.3741, 1828.1966, 0.0000, 104, 88, 70
L 271.3741, 1828.1966, 0.0000, 285.9099, 1834.2532, 0.0000, 104, 88, 70
L 285.9099, 1834.2532, 0.0000, 287.1212, 1839.0985, 0.0000, 104, 88, 70
L 287.1212, 1839.0985, 0.0000, 271.3741, 1841.5211, 0.0000, 104, 88, 70
L 264.1062, 1829.4079, 0.0000, 256.8383, 1818.5061, 0.0000, 104, 88, 70
L 256.8383, 1818.5061, 0.0000, 268.9515, 1825.7740, 0.0000, 104, 88, 70
L 257.4440, 1852.4229, 0.0000, 249.5704, 1881.7852, 0.0000, 104, 88, 70
L 278.0363, 1852.4229, 0.0000, 288.3325, 1873.3060, 0.0000, 104, 88, 70
L 285.9099, 1870.8834, 0.0000, 294.3891, 1855.1363, 0.0000, 104, 88, 70
L -1028.6369, -2089.7679, 0.0000, -1029.1517, -2119.6147, 0.0000, 104, 88, 70
L -1029.1517, -2119.6147, 0.0000, -1007.5297, -2119.6147, 0.0000, 104, 88, 70
L -1007.5297, -2119.6147, 0.0000, -1008.0445, -2089.7679, 0.0000, 104, 88, 70
L -1008.0445, -2089.7679, 0.0000, -1028.6369, -2089.7679, 0.0000, 104, 88, 70
L -1023.4888, -2089.7679, 0.0000, -1024.5184, -2072.7126, 0.0000, 104, 88, 70
L -1013.1926, -2089.7679, 0.0000, -1011.6481, -2072.7126, 0.0000, 104, 88, 70
L -1014.7067, -2123.2487, 0.0000, -1025.6086, -2124.4600, 0.0000, 104, 88, 70
L -1025.6086, -2124.4600, 0.0000, -1026.8199, -2131.7279, 0.0000, 104, 88, 70
L -1026.8199, -2131.7279, 0.0000, -1014.7067, -2136.5731, 0.0000, 104, 88, 70
L -1014.7067, -2136.5731, 0.0000, -1000.1709, -2130.5166, 0.0000, 104, 88, 70
L -1000.1709, -2130.5166, 0.0000, -998.9596, -2125.6713, 0.0000, 104, 88, 70
L -998.9596, -2125.6713, 0.0000, -1014.7067, -2123.2487, 0.0000, 104, 88, 70
L -1021.9746, -2135.3618, 0.0000, -1029.2425, -2146.2637, 0.0000, 104, 88, 70
L -1029.2425, -2146.2637, 0.0000, -1017.1294, -2138.9958, 0.0000, 104, 88, 70
L -1028.6369, -2112.3468, 0.0000, -1036.5104, -2082.9845, 0.0000, 104, 88, 70
L -1008.0445, -2112.3468, 0.0000, -997.7483, -2091.4637, 0.0000, 104, 88, 70
L -1000.1709, -2093.8864, 0.0000, -991.6917, -2109.6335, 0.0000, 104, 88, 70
L -2074.7241, 2011.2834, 0.0000, -2075.2389, 1981.4366, 0.0000, 104, 88, 70
L -2075.2389, 1981.4366, 0.0000, -2053.6169, 1981.4366, 0.0000, 104, 88, 70
L -2053.6169, 1981.4366, 0.0000, -2054.1317, 2011.2834, 0.0000, 104, 88, 70
L -2054.1317, 2011.2834, 0.0000, -2074.7241, 2011.2834, 0.0000, 104, 88, 70
L -2069.5760, 2011.2834, 0.0000, -2070.6056, 2028.3388, 0.0000, 104, 88, 70
L -2059.2798, 2011.2834, 0.0000, -2057.7354, 2028.3388, 0.0000, 104, 88, 70
L -2060.7940, 1977.8027, 0.0000, -2071.6958, 1976.5913, 0.0000, 104, 88, 70
L -2071.6958, 1976.5913, 0.0000, -2072.9071, 1969.3235, 0.0000, 104, 88, 70
L -2072.9071, 1969.3235, 0.0000, -2060.7940, 1964.4782, 0.0000, 104, 88, 70
L -2060.7940, 1964.4782, 0.0000, -2046.2582, 1970.5348, 0.0000, 104, 88, 70
L -2046.2582, 1970.5348, 0.0000, -2045.0469, 1975.3800, 0.0000, 104, 88, 70
L -2045.0469, 1975.3800, 0.0000, -2060.7940, 1977.8027, 0.0000, 104, 88, 70
L -2068.0619, 1965.6895, 0.0000, -2075.3298, 1954.7877, 0.0000, 104, 88, 70
L -2075.3298, 1954.7877, 0.0000, -2063.2166, 1962.0556, 0.0000, 104, 88, 70
L -2074.7241, 1988.7045, 0.0000, -2082.5977, 2018.0668, 0.0000, 104, 88, 70
L -2054.1317, 1988.7045, 0.0000, -2043.8356, 2009.5876, 0.0000, 104, 88, 70
L -2046.2582, 2007.1650, 0.0000, -2037.7790, 1991.4178, 0.0000, 104, 88, 70
L -202.6956, -1411.8093, 0.0000, -203.2104, -1441.6561, 0.0000, 104, 88, 70
L -203.2104, -1441.6561, 0.0000, -181.5884, -1441.6561, 0.0000, 104, 88, 70
L -181.5884, -1441.6561, 0.0000, -182.1032, -1411.8093, 0.0000, 104, 88, 70
L -182.1032, -1411.8093, 0.0000, -202.6956, -1411.8093, 0.0000, 104, 88, 70
L -197.5475, -1411.8093, 0.0000, -198.5771, -1394.7539, 0.0000, 104, 88, 70
L -187.2513, -1411.8093, 0.0000, -185.7069, -1394.7539, 0.0000, 104, 88, 70
L -188.7654, -1445.2900, 0.0000, -199.6673, -1446.5013, 0.0000, 104, 88, 70
L -199.6673, -1446.5013, 0.0000, -200.8786, -1453.7692, 0.0000, 104, 88, 70
L -200.8786, -1453.7692, 0.0000, -188.7654, -1458.6145, 0.0000, 104, 88, 70
L -188.7654, -1458.6145, 0.0000, -174.2297, -1452.5579, 0.0000, 104, 88, 70
L -174.2297, -1452.5579, 0.0000, -173.0183, -1447.7127, 0.0000, 104, 88, 70
L -173.0183, -1447.7127, 0.0000, -188.7654, -1445.2900, 0.0000, 104, 88, 70
L -196.0333, -1457.4032, 0.0000, -203.3012, -1468.3050, 0.0000, 104, 88, 70
L -203.3012, -1468.3050, 0.0000, -191.1881, -1461.0371, 0.0000, 104, 88, 70
L -202.6956, -1434.3882, 0.0000, -210.5691, -1405.0259, 0.0000, 104, 88, 70
L -182.1032, -1434.3882, 0.0000, -171.8070, -1413.5051, 0.0000, 104, 88, 70
L -174.2297, -1415.9277, 0.0000, -165.7504, -1431.6748, 0.0000, 104, 88, 70
L 262.3103, 891.9449, 0.0000, 261.7955, 862.0981, 0.0000, 104, 88, 70
L 261.7955, 862.0981, 0.0000, 283.4175, 862.0981, 0.0000, 104, 88, 70
L 283.4175, 862.0981, 0.0000, 282.9027, 891.9449, 0.0000, 104, 88, 70
L 282.9027, 891.9449, 0.0000, 262.3103, 891.9449, 0.0000, 104, 88, 70
L 267.4584, 891.9449, 0.0000, 266.4288, 909.0002, 0.0000, 104, 88, 70
L 277.7546, 891.9449, 0.0000, 279.2990, 909.0002, 0.0000, 104, 88, 70
L 276.2404, 858.4641, 0.0000, 265.3386, 857.2528, 0.0000, 104, 88, 70
L 265.3386, 857.2528, 0.0000, 264.1273, 849.9849, 0.0000, 104, 88, 70
L 264.1273, 849.9849, 0.0000, 276.2404, 845.1397, 0.0000, 104, 88, 70
L 276.2404, 845.1397, 0.0000, 290.7762, 851.1962, 0.0000, 104, 88, 70
L 290.7762, 851.1962, 0.0000, 291.9875, 856.0415, 0.0000, 104, 88, 70
L 291.9875, 856.0415, 0.0000, 276.2404, 858.4641, 0.0000, 104, 88, 70
L 268.9725, 846.3510, 0.0000, 261.7046, 835.4491, 0.0000, 104, 88, 70
L 261.7046, 835.4491, 0.0000, 273.8178, 842.7170, 0.0000, 104, 88, 70
L 262.3103, 869.3660, 0.0000, 254.4368, 898.7283, 0.0000, 104, 88, 70
L 282.9027, 869.3660, 0.0000, 293.1989, 890.2491, 0.0000, 104, 88, 70
L 290.7762, 887.8264, 0.0000, 299.2554, 872.0793, 0.0000, 104, 88, 70
L -691.6823, -1059.5400, 0.0000, -692.1971, -1089.3868, 0.0000, 104, 88, 70
L -692.1971, -1089.3868, 0.0000, -670.5751, -1089.3868, 0.0000, 104, 88, 70
L -670.5751, -1089.3868, 0.0000, -671.0899, -1059.5400, 0.0000, 104, 88, 70
L -671.0899, -1059.5400, 0.0000, -691.6823, -1059.5400, 0.0000, 104, 88, 70
L -686.5342, -1059.5400, 0.0000, -687.5638, -1042.4847, 0.0000, 104, 88, 70
L -676.2380, -1059.5400, 0.0000, -674.6936, -1042.4847, 0.0000, 104, 88, 70
L -677.7522, -1093.0208, 0.0000, -688.6540, -1094.2321, 0.0000, 104, 88, 70
L -688.6540, -1094.2321, 0.0000, -689.8653, -1101.5000, 0.0000, 104, 88, 70
L -689.8653, -1101.5000, 0.0000, -677.7522, -1106.3452, 0.0000, 104, 88, 70
L -677.7522, -1106.3452, 0.0000, -663.2164, -1100.2887, 0.0000, 104, 88, 70
L -663.2164, -1100.2887, 0.0000, -662.0051, -1095.4434, 0.0000, 104, 88, 70
L -662.0051, -1095.4434, 0.0000, -677.7522, -1093.0208, 0.0000, 104, 88, 70
L -685.0201, -1105.1339, 0.0000, -692.2879, -1116.0358, 0.0000, 104, 88, 70
L -692.2879, -1116.0358, 0.0000, -680.1748, -1108.7679, 0.0000, 104, 88, 70
L -691.6823, -1082.1189, 0.0000, -699.5558, -1052.7566, 0.0000, 104, 88, 70
L -671.0899, -1082.1189, 0.0000, -660.7937, -1061.2358, 0.0000, 104, 88, 70
L -663.2164, -1063.6585, 0.0000, -654.7372, -1079.4056, 0.0000, 104, 88, 70
L -324.5171, -433.9723, 0.0000, -317.6924, -441.7720, 0.0000, 72, 68, 72
L -317.6924, -441.7720, 0.0000, -302.0930, -442.7469, 0.0000, 72, 68, 72
L -302.0930, -442.7469, 0.0000, -292.3434, -435.9222, 0.0000, 72, 68, 72
L -292.3434, -435.9222, 0.0000, -297.2182, -430.0724, 0.0000, 72, 68, 72
L -297.2182, -430.0724, 0.0000, -317.6924, -429.0975, 0.0000, 72, 68, 72
L -317.6924, -429.0975, 0.0000, -324.5171, -433.9723, 0.0000, 72, 68, 72
L -316.7174, -440.3095, 0.0000, -300.1431, -441.2845, 0.0000, 72, 68, 72
L -315.7425, -430.0724, 0.0000, -316.7174, -422.2727, 0.0000, 72, 68, 72
L -307.9428, -430.0724, 0.0000, -308.9178, -422.2727, 0.0000, 72, 68, 72
L -300.1431, -430.0724, 0.0000, -301.1181, -422.2727, 0.0000, 72, 68, 72
L -311.1592, -438.4338, 0.0000, -312.3236, -442.5806, 0.0000, 72, 68, 72
L -312.3236, -442.5806, 0.0000, -314.3067, -446.2528, 0.0000, 72, 68, 72
L -314.3067, -446.2528, 0.0000, -316.9853, -449.2221, 0.0000, 72, 68, 72
L -316.9853, -449.2221, 0.0000, -320.1928, -451.3039, 0.0000, 72, 68, 72
L -320.1928, -451.3039, 0.0000, -323.7298, -452.3687, 0.0000, 72, 68, 72
L -323.7298, -452.3687, 0.0000, -327.3764, -452.3503, 0.0000, 72, 68, 72
L -327.3764, -452.3503, 0.0000, -330.9058, -451.2498, 0.0000, 72, 68, 72
L -330.9058, -451.2498, 0.0000, -334.0986, -449.1358, 0.0000, 72, 68, 72
L -913.2279, -1139.5338, 0.0000, -906.4032, -1147.3335, 0.0000, 72, 68, 72
L -906.4032, -1147.3335, 0.0000, -890.8038, -1148.3085, 0.0000, 72, 68, 72
L -890.8038, -1148.3085, 0.0000, -881.0542, -1141.4837, 0.0000, 72, 68, 72
L -881.0542, -1141.4837, 0.0000, -885.9290, -1135.6340, 0.0000, 72, 68, 72
L -885.9290, -1135.6340, 0.0000, -906.4032, -1134.6590, 0.0000, 72, 68, 72
L -906.4032, -1134.6590, 0.0000, -913.2279, -1139.5338, 0.0000, 72, 68, 72
L -905.4283, -1145.8711, 0.0000, -888.8539, -1146.8460, 0.0000, 72, 68, 72
L -904.4533, -1135.6340, 0.0000, -905.4283, -1127.8343, 0.0000, 72, 68, 72
L -896.6536, -1135.6340, 0.0000, -897.6286, -1127.8343, 0.0000, 72, 68, 72
L -888.8539, -1135.6340, 0.0000, -889.8289, -1127.8343, 0.0000, 72, 68, 72
L -899.8700, -1143.9953, 0.0000, -901.0344, -1148.1421, 0.0000, 72, 68, 72
L -901.0344, -1148.1421, 0.0000, -903.0175, -1151.8144, 0.0000, 72, 68, 72
L -903.0175, -1151.8144, 0.0000, -905.6961, -1154.7837, 0.0000, 72, 68, 72
L -905.6961, -1154.7837, 0.0000, -908.9036, -1156.8654, 0.0000, 72, 68, 72
L -908.9036, -1156.8654, 0.0000, -912.4406, -1157.9302, 0.0000, 72, 68, 72
L -912.4406, -1157.9302, 0.0000, -916.0872, -1157.9118, 0.0000, 72, 68, 72
L -916.0872, -1157.9118, 0.0000, -919.6166, -1156.8114, 0.0000, 72, 68, 72
L -919.6166, -1156.8114, 0.0000, -922.8094, -1154.6973, 0.0000, 72, 68, 72
L 327.5214, -1157.4981, 0.0000, 334.3461, -1165.2978, 0.0000, 72, 68, 72
L 334.3461, -1165.2978, 0.0000, 349.9455, -1166.2727, 0.0000, 72, 68, 72
L 349.9455, -1166.2727, 0.0000, 359.6951, -1159.4480, 0.0000, 72, 68, 72
L 359.6951, -1159.4480, 0.0000, 354.8203, -1153.5982, 0.0000, 72, 68, 72
L 354.8203, -1153.5982, 0.0000, 334.3461, -1152.6233, 0.0000, 72, 68, 72
L 334.3461, -1152.6233, 0.0000, 327.5214, -1157.4981, 0.0000, 72, 68, 72
L 335.3210, -1163.8353, 0.0000, 351.8954, -1164.8103, 0.0000, 72, 68, 72
L 336.2960, -1153.5982, 0.0000, 335.3210, -1145.7985, 0.0000, 72, 68, 72
L 344.0957, -1153.5982, 0.0000, 343.1207, -1145.7985, 0.0000, 72, 68, 72
L 351.8954, -1153.5982, 0.0000, 350.9204, -1145.7985, 0.0000, 72, 68, 72
L 340.8793, -1161.9595, 0.0000, 339.7149, -1166.1064, 0.0000, 72, 68, 72
L 339.7149, -1166.1064, 0.0000, 337.7318, -1169.7786, 0.0000, 72, 68, 72
L 337.7318, -1169.7786, 0.0000, 335.0532, -1172.7479, 0.0000, 72, 68, 72
L 335.0532, -1172.7479, 0.0000, 331.8457, -1174.8297, 0.0000, 72, 68, 72
L 331.8457, -1174.8297, 0.0000, 328.3087, -1175.8945, 0.0000, 72, 68, 72
L 328.3087, -1175.8945, 0.0000, 324.6621, -1175.8761, 0.0000, 72, 68, 72
L 324.6621, -1175.8761, 0.0000, 321.1327, -1174.7756, 0.0000, 72, 68, 72
L 321.1327, -1174.7756, 0.0000, 317.9399, -1172.6616, 0.0000, 72, 68, 72
L 377.1303, 1670.5274, 0.0000, 383.9550, 1662.7277, 0.0000, 72, 68, 72
L 383.9550, 1662.7277, 0.0000, 399.5544, 1661.7528, 0.0000, 72, 68, 72
L 399.5544, 1661.7528, 0.0000, 409.3040, 1668.5775, 0.0000, 72, 68, 72
L 409.3040, 1668.5775, 0.0000, 404.4292, 1674.4273, 0.0000, 72, 68, 72
L 404.4292, 1674.4273, 0.0000, 383.9550, 1675.4022, 0.0000, 72, 68, 72
L 383.9550, 1675.4022, 0.0000, 377.1303, 1670.5274, 0.0000, 72, 68, 72
L 384.9300, 1664.1902, 0.0000, 401.5043, 1663.2152, 0.0000, 72, 68, 72
L 385.9049, 1674.4273, 0.0000, 384.9300, 1682.2270, 0.0000, 72, 68, 72
L 393.7046, 1674.4273, 0.0000, 392.7296, 1682.2270, 0.0000, 72, 68, 72
L 401.5043, 1674.4273, 0.0000, 400.5293, 1682.2270, 0.0000, 72, 68, 72
L 390.4882, 1666.0660, 0.0000, 389.3238, 1661.9191, 0.0000, 72, 68, 72
L 389.3238, 1661.9191, 0.0000, 387.3407, 1658.2469, 0.0000, 72, 68, 72
L 387.3407, 1658.2469, 0.0000, 384.6621, 1655.2776, 0.0000, 72, 68, 72
L 384.6621, 1655.2776, 0.0000, 381.4546, 1653.1958, 0.0000, 72, 68, 72
L 381.4546, 1653.1958, 0.0000, 377.9176, 1652.1310, 0.0000, 72, 68, 72
L 377.9176, 1652.1310, 0.0000, 374.2710, 1652.1494, 0.0000, 72, 68, 72
L 374.2710, 1652.1494, 0.0000, 370.7416, 1653.2499, 0.0000, 72, 68, 72
L 370.7416, 1653.2499, 0.0000, 367.5488, 1655.3639, 0.0000, 72, 68, 72
L 325.2747, -6.9112, 0.0000, 332.0994, -14.7109, 0.0000, 72, 68, 72
L 332.0994, -14.7109, 0.0000, 347.6988, -15.6859, 0.0000, 72, 68, 72
L 347.6988, -15.6859, 0.0000, 357.4484, -8.8611, 0.0000, 72, 68, 72
L 357.4484, -8.8611, 0.0000, 352.5736, -3.0114, 0.0000, 72, 68, 72
L 352.5736, -3.0114, 0.0000, 332.0994, -2.0364, 0.0000, 72, 68, 72
L 332.0994, -2.0364, 0.0000, 325.2747, -6.9112, 0.0000, 72, 68, 72
L 333.0744, -13.2485, 0.0000, 349.6487, -14.2234, 0.0000, 72, 68, 72
L 334.0493, -3.0114, 0.0000, 333.0744, 4.7883, 0.0000, 72, 68, 72
L 341.8490, -3.0114, 0.0000, 340.8741, 4.7883, 0.0000, 72, 68, 72
L 349.6487, -3.0114, 0.0000, 348.6738, 4.7883, 0.0000, 72, 68, 72
L 338.6326, -11.3727, 0.0000, 337.4682, -15.5195, 0.0000, 72, 68, 72
L 337.4682, -15.5195, 0.0000, 335.4851, -19.1918, 0.0000, 72, 68, 72
L 335.4851, -19.1918, 0.0000, 332.8065, -22.1611, 0.0000, 72, 68, 72
L 332.8065, -22.1611, 0.0000, 329.5990, -24.2428, 0.0000, 72, 68, 72
L 329.5990, -24.2428, 0.0000, 326.0620, -25.3076, 0.0000, 72, 68, 72
L 326.0620, -25.3076, 0.0000, 322.4155, -25.2892, 0.0000, 72, 68, 72
L 322.4155, -25.2892, 0.0000, 318.8860, -24.1888, 0.0000, 72, 68, 72
L 318.8860, -24.1888, 0.0000, 315.6932, -22.0747, 0.0000, 72, 68, 72
L 86.2672, 1354.0111, 0.0000, 93.0919, 1346.2114, 0.0000, 72, 68, 72
L 93.0919, 1346.2114, 0.0000, 108.6913, 1345.2365, 0.0000, 72, 68, 72
L 108.6913, 1345.2365, 0.0000, 118.4409, 1352.0612, 0.0000, 72, 68, 72
L 118.4409, 1352.0612, 0.0000, 113.5661, 1357.9110, 0.0000, 72, 68, 72
L 113.5661, 1357.9110, 0.0000, 93.0919, 1358.8859, 0.0000, 72, 68, 72
L 93.0919, 1358.8859, 0.0000, 86.2672, 1354.0111, 0.0000, 72, 68, 72
L 94.0669, 1347.6739, 0.0000, 110.6412, 1346.6989, 0.0000, 72, 68, 72
L 95.0418, 1357.9110, 0.0000, 94.0669, 1365.7107, 0.0000, 72, 68, 72
L 102.8415, 1357.9110, 0.0000, 101.8666, 1365.7107, 0.0000, 72, 68, 72
L 110.6412, 1357.9110, 0.0000, 109.6663, 1365.7107, 0.0000, 72, 68, 72
L 99.6251, 1349.5497, 0.0000, 98.4607, 1345.4028, 0.0000, 72, 68, 72
L 98.4607, 1345.4028, 0.0000, 96.4776, 1341.7306, 0.0000, 72, 68, 72
L 96.4776, 1341.7306, 0.0000, 93.7990, 1338.7613, 0.0000, 72, 68, 72
L 93.7990, 1338.7613, 0.0000, 90.5915, 1336.6795, 0.0000, 72, 68, 72
L 90.5915, 1336.6795, 0.0000, 87.0545, 1335.6147, 0.0000, 72, 68, 72
L 87.0545, 1335.6147, 0.0000, 83.4080, 1335.6331, 0.0000, 72, 68, 72
L 83.4080, 1335.6331, 0.0000, 79.8786, 1336.7336, 0.0000, 72, 68, 72
L 79.8786, 1336.7336, 0.0000, 76.6857, 1338.8476, 0.0000, 72, 68, 72
L 328.6486, 514.0530, 0.0000, 325.6799, 522.9163, 0.0000, 64, 58, 66
L 325.6799, 522.9163, 0.0000, 317.5695, 529.4046, 0.0000, 64, 58, 66
L 317.5695, 529.4046, 0.0000, 306.4904, 531.7795, 0.0000, 64, 58, 66
L 306.4904, 531.7795, 0.0000, 295.4113, 529.4046, 0.0000, 64, 58, 66
L 295.4113, 529.4046, 0.0000, 287.3008, 522.9163, 0.0000, 64, 58, 66
L 287.3008, 522.9163, 0.0000, 284.3321, 514.0530, 0.0000, 64, 58, 66
L 284.3321, 514.0530, 0.0000, 287.3008, 505.1897, 0.0000, 64, 58, 66
L 287.3008, 505.1897, 0.0000, 295.4113, 498.7013, 0.0000, 64, 58, 66
L 295.4113, 498.7013, 0.0000, 306.4904, 496.3264, 0.0000, 64, 58, 66
L 306.4904, 496.3264, 0.0000, 317.5695, 498.7013, 0.0000, 64, 58, 66
L 317.5695, 498.7013, 0.0000, 325.6799, 505.1897, 0.0000, 64, 58, 66
L 325.6799, 505.1897, 0.0000, 328.6486, 514.0530, 0.0000, 64, 58, 66
L 290.9796, 514.0530, 0.0000, 288.1673, 520.3203, 0.0000, 64, 58, 66
L 288.1673, 520.3203, 0.0000, 281.3777, 522.9163, 0.0000, 64, 58, 66
L 281.3777, 522.9163, 0.0000, 274.5882, 520.3203, 0.0000, 64, 58, 66
L 274.5882, 520.3203, 0.0000, 271.7758, 514.0530, 0.0000, 64, 58, 66
L 271.7758, 514.0530, 0.0000, 274.5882, 507.7857, 0.0000, 64, 58, 66
L 274.5882, 507.7857, 0.0000, 281.3777, 505.1897, 0.0000, 64, 58, 66
L 281.3777, 505.1897, 0.0000, 288.1673, 507.7857, 0.0000, 64, 58, 66
L 288.1673, 507.7857, 0.0000, 290.9796, 514.0530, 0.0000, 64, 58, 66
L 290.2410, 506.6669, 0.0000, 282.8549, 481.5543, 0.0000, 64, 58, 66
L 282.8549, 481.5543, 0.0000, 299.1043, 469.7365, 0.0000, 64, 58, 66
L 290.2410, 521.4390, 0.0000, 282.8549, 546.5517, 0.0000, 64, 58, 66
L 282.8549, 546.5517, 0.0000, 299.1043, 558.3694, 0.0000, 64, 58, 66
L 300.5815, 506.6669, 0.0000, 296.8885, 477.8612, 0.0000, 64, 58, 66
L 296.8885, 477.8612, 0.0000, 317.5695, 463.0891, 0.0000, 64, 58, 66
L 300.5815, 521.4390, 0.0000, 296.8885, 550.2447, 0.0000, 64, 58, 66
L 296.8885, 550.2447, 0.0000, 317.5695, 565.0169, 0.0000, 64, 58, 66
L 310.9220, 506.6669, 0.0000, 310.9220, 474.1682, 0.0000, 64, 58, 66
L 310.9220, 474.1682, 0.0000, 336.0346, 456.4416, 0.0000, 64, 58, 66
L 310.9220, 521.4390, 0.0000, 310.9220, 553.9378, 0.0000, 64, 58, 66
L 310.9220, 553.9378, 0.0000, 336.0346, 571.6643, 0.0000, 64, 58, 66
L 321.2625, 506.6669, 0.0000, 324.9555, 470.4752, 0.0000, 64, 58, 66
L 324.9555, 470.4752, 0.0000, 354.4998, 449.7942, 0.0000, 64, 58, 66
L 321.2625, 521.4390, 0.0000, 324.9555, 557.6308, 0.0000, 64, 58, 66
L 324.9555, 557.6308, 0.0000, 354.4998, 578.3118, 0.0000, 64, 58, 66
L -550.4572, -684.9277, 0.0000, -553.4258, -676.0644, 0.0000, 64, 58, 66
L -553.4258, -676.0644, 0.0000, -561.5363, -669.5760, 0.0000, 64, 58, 66
L -561.5363, -669.5760, 0.0000, -572.6154, -667.2011, 0.0000, 64, 58, 66
L -572.6154, -667.2011, 0.0000, -583.6945, -669.5760, 0.0000, 64, 58, 66
L -583.6945, -669.5760, 0.0000, -591.8050, -676.0644, 0.0000, 64, 58, 66
L -591.8050, -676.0644, 0.0000, -594.7736, -684.9277, 0.0000, 64, 58, 66
L -594.7736, -684.9277, 0.0000, -591.8050, -693.7910, 0.0000, 64, 58, 66
L -591.8050, -693.7910, 0.0000, -583.6945, -700.2794, 0.0000, 64, 58, 66
L -583.6945, -700.2794, 0.0000, -572.6154, -702.6543, 0.0000, 64, 58, 66
L -572.6154, -702.6543, 0.0000, -561.5363, -700.2794, 0.0000, 64, 58, 66
L -561.5363, -700.2794, 0.0000, -553.4258, -693.7910, 0.0000, 64, 58, 66
L -553.4258, -693.7910, 0.0000, -550.4572, -684.9277, 0.0000, 64, 58, 66
L -588.1261, -684.9277, 0.0000, -590.9385, -678.6604, 0.0000, 64, 58, 66
L -590.9385, -678.6604, 0.0000, -597.7280, -676.0644, 0.0000, 64, 58, 66
L -597.7280, -676.0644, 0.0000, -604.5176, -678.6604, 0.0000, 64, 58, 66
L -604.5176, -678.6604, 0.0000, -607.3299, -684.9277, 0.0000, 64, 58, 66
L -607.3299, -684.9277, 0.0000, -604.5176, -691.1950, 0.0000, 64, 58, 66
L -604.5176, -691.1950, 0.0000, -597.7280, -693.7910, 0.0000, 64, 58, 66
L -597.7280, -693.7910, 0.0000, -590.9385, -691.1950, 0.0000, 64, 58, 66
L -590.9385, -691.1950, 0.0000, -588.1261, -684.9277, 0.0000, 64, 58, 66
L -588.8647, -692.3138, 0.0000, -596.2508, -717.4264, 0.0000, 64, 58, 66
L -596.2508, -717.4264, 0.0000, -580.0015, -729.2441, 0.0000, 64, 58, 66
L -588.8647, -677.5416, 0.0000, -596.2508, -652.4290, 0.0000, 64, 58, 66
L -596.2508, -652.4290, 0.0000, -580.0015, -640.6113, 0.0000, 64, 58, 66
L -578.5242, -692.3138, 0.0000, -582.2173, -721.1194, 0.0000, 64, 58, 66
L -582.2173, -721.1194, 0.0000, -561.5363, -735.8916, 0.0000, 64, 58, 66
L -578.5242, -677.5416, 0.0000, -582.2173, -648.7359, 0.0000, 64, 58, 66
L -582.2173, -648.7359, 0.0000, -561.5363, -633.9638, 0.0000, 64, 58, 66
L -568.1837, -692.3138, 0.0000, -568.1837, -724.8125, 0.0000, 64, 58, 66
L -568.1837, -724.8125, 0.0000, -543.0711, -742.5391, 0.0000, 64, 58, 66
L -568.1837, -677.5416, 0.0000, -568.1837, -645.0429, 0.0000, 64, 58, 66
L -568.1837, -645.0429, 0.0000, -543.0711, -627.3163, 0.0000, 64, 58, 66
L -557.8432, -692.3138, 0.0000, -554.1502, -728.5055, 0.0000, 64, 58, 66
L -554.1502, -728.5055, 0.0000, -524.6059, -749.1865, 0.0000, 64, 58, 66
L -557.8432, -677.5416, 0.0000, -554.1502, -641.3499, 0.0000, 64, 58, 66
L -554.1502, -641.3499, 0.0000, -524.6059, -620.6689, 0.0000, 64, 58, 66
L -1743.1559, 2117.6979, 0.0000, -1746.1245, 2126.5612, 0.0000, 64, 58, 66
L -1746.1245, 2126.5612, 0.0000, -1754.2350, 2133.0495, 0.0000, 64, 58, 66
L -1754.2350, 2133.0495, 0.0000, -1765.3141, 2135.4244, 0.0000, 64, 58, 66
L -1765.3141, 2135.4244, 0.0000, -1776.3932, 2133.0495, 0.0000, 64, 58, 66
L -1776.3932, 2133.0495, 0.0000, -1784.5037, 2126.5612, 0.0000, 64, 58, 66
L -1784.5037, 2126.5612, 0.0000, -1787.4723, 2117.6979, 0.0000, 64, 58, 66
L -1787.4723, 2117.6979, 0.0000, -1784.5037, 2108.8346, 0.0000, 64, 58, 66
L -1784.5037, 2108.8346, 0.0000, -1776.3932, 2102.3462, 0.0000, 64, 58, 66
L -1776.3932, 2102.3462, 0.0000, -1765.3141, 2099.9713, 0.0000, 64, 58, 66
L -1765.3141, 2099.9713, 0.0000, -1754.2350, 2102.3462, 0.0000, 64, 58, 66
L -1754.2350, 2102.3462, 0.0000, -1746.1245, 2108.8346, 0.0000, 64, 58, 66
L -1746.1245, 2108.8346, 0.0000, -1743.1559, 2117.6979, 0.0000, 64, 58, 66
L -1780.8249, 2117.6979, 0.0000, -1783.6372, 2123.9652, 0.0000, 64, 58, 66
L -1783.6372, 2123.9652, 0.0000, -1790.4267, 2126.5612, 0.0000, 64, 58, 66
L -1790.4267, 2126.5612, 0.0000, -1797.2163, 2123.9652, 0.0000, 64, 58, 66
L -1797.2163, 2123.9652, 0.0000, -1800.0286, 2117.6979, 0.0000, 64, 58, 66
L -1800.0286, 2117.6979, 0.0000, -1797.2163, 2111.4306, 0.0000, 64, 58, 66
L -1797.2163, 2111.4306, 0.0000, -1790.4267, 2108.8346, 0.0000, 64, 58, 66
L -1790.4267, 2108.8346, 0.0000, -1783.6372, 2111.4306, 0.0000, 64, 58, 66
L -1783.6372, 2111.4306, 0.0000, -1780.8249, 2117.6979, 0.0000, 64, 58, 66
L -1781.5635, 2110.3118, 0.0000, -1788.9495, 2085.1992, 0.0000, 64, 58, 66
L -1788.9495, 2085.1992, 0.0000, -1772.7002, 2073.3814, 0.0000, 64, 58, 66
L -1781.5635, 2125.0839, 0.0000, -1788.9495, 2150.1966, 0.0000, 64, 58, 66
L -1788.9495, 2150.1966, 0.0000, -1772.7002, 2162.0143, 0.0000, 64, 58, 66
L -1771.2230, 2110.3118, 0.0000, -1774.9160, 2081.5061, 0.0000, 64, 58, 66
L -1774.9160, 2081.5061, 0.0000, -1754.2350, 2066.7340, 0.0000, 64, 58, 66
L -1771.2230, 2125.0839, 0.0000, -1774.9160, 2153.8896, 0.0000, 64, 58, 66
L -1774.9160, 2153.8896, 0.0000, -1754.2350, 2168.6618, 0.0000, 64, 58, 66
L -1760.8825, 2110.3118, 0.0000, -1760.8825, 2077.8131, 0.0000, 64, 58, 66
L -1760.8825, 2077.8131, 0.0000, -1735.7698, 2060.0865, 0.0000, 64, 58, 66
L -1760.8825, 2125.0839, 0.0000, -1760.8825, 2157.5827, 0.0000, 64, 58, 66
L -1760.8825, 2157.5827, 0.0000, -1735.7698, 2175.3092, 0.0000, 64, 58, 66
L -1750.5420, 2110.3118, 0.0000, -1746.8489, 2074.1201, 0.0000, 64, 58, 66
L -1746.8489, 2074.1201, 0.0000, -1717.3046, 2053.4391, 0.0000, 64, 58, 66
L -1750.5420, 2125.0839, 0.0000, -1746.8489, 2161.2757, 0.0000, 64, 58, 66
L -1746.8489, 2161.2757, 0.0000, -1717.3046, 2181.9567, 0.0000, 64, 58, 66
L -50.4979, 944.6471, 0.0000, -53.4665, 953.5104, 0.0000, 64, 58, 66
L -53.4665, 953.5104, 0.0000, -61.5770, 959.9987, 0.0000, 64, 58, 66
L -61.5770, 959.9987, 0.0000, -72.6561, 962.3736, 0.0000, 64, 58, 66
L -72.6561, 962.3736, 0.0000, -83.7352, 959.9987, 0.0000, 64, 58, 66
L -83.7352, 959.9987, 0.0000, -91.8457, 953.5104, 0.0000, 64, 58, 66
L -91.8457, 953.5104, 0.0000, -94.8143, 944.6471, 0.0000, 64, 58, 66
L -94.8143, 944.6471, 0.0000, -91.8457, 935.7838, 0.0000, 64, 58, 66
L -91.8457, 935.7838, 0.0000, -83.7352, 929.2954, 0.0000, 64, 58, 66
L -83.7352, 929.2954, 0.0000, -72.6561, 926.9205, 0.0000, 64, 58, 66
L -72.6561, 926.9205, 0.0000, -61.5770, 929.2954, 0.0000, 64, 58, 66
L -61.5770, 929.2954, 0.0000, -53.4665, 935.7838, 0.0000, 64, 58, 66
L -53.4665, 935.7838, 0.0000, -50.4979, 944.6471, 0.0000, 64, 58, 66
L -88.1668, 944.6471, 0.0000, -90.9792, 950.9144, 0.0000, 64, 58, 66
L -90.9792, 950.9144, 0.0000, -97.7687, 953.5104, 0.0000, 64, 58, 66
L -97.7687, 953.5104, 0.0000, -104.5583, 950.9144, 0.0000, 64, 58, 66
L -104.5583, 950.9144, 0.0000, -107.3706, 944.6471, 0.0000, 64, 58, 66
L -107.3706, 944.6471, 0.0000, -104.5583, 938.3798, 0.0000, 64, 58, 66
L -104.5583, 938.3798, 0.0000, -97.7687, 935.7838, 0.0000, 64, 58, 66
L -97.7687, 935.7838, 0.0000, -90.9792, 938.3798, 0.0000, 64, 58, 66
L -90.9792, 938.3798, 0.0000, -88.1668, 944.6471, 0.0000, 64, 58, 66
L -88.9054, 937.2610, 0.0000, -96.2915, 912.1484, 0.0000, 64, 58, 66
L -96.2915, 912.1484, 0.0000, -80.0422, 900.3306, 0.0000, 64, 58, 66
L -88.9054, 952.0331, 0.0000, -96.2915, 977.1458, 0.0000, 64, 58, 66
L -96.2915, 977.1458, 0.0000, -80.0422, 988.9635, 0.0000, 64, 58, 66
L -78.5649, 937.2610, 0.0000, -82.2580, 908.4553, 0.0000, 64, 58, 66
L -82.2580, 908.4553, 0.0000, -61.5770, 893.6832, 0.0000, 64, 58, 66
L -78.5649, 952.0331, 0.0000, -82.2580, 980.8388, 0.0000, 64, 58, 66
L -82.2580, 980.8388, 0.0000, -61.5770, 995.6110, 0.0000, 64, 58, 66
L -68.2244, 937.2610, 0.0000, -68.2244, 904.7623, 0.0000, 64, 58, 66
L -68.2244, 904.7623, 0.0000, -43.1118, 887.0357, 0.0000, 64, 58, 66
L -68.2244, 952.0331, 0.0000, -68.2244, 984.5319, 0.0000, 64, 58, 66
L -68.2244, 984.5319, 0.0000, -43.1118, 1002.2584, 0.0000, 64, 58, 66
L -57.8839, 937.2610, 0.0000, -54.1909, 901.0692, 0.0000, 64, 58, 66
L -54.1909, 901.0692, 0.0000, -24.6466, 880.3882, 0.0000, 64, 58, 66
L -57.8839, 952.0331, 0.0000, -54.1909, 988.2249, 0.0000, 64, 58, 66
L -54.1909, 988.2249, 0.0000, -24.6466, 1008.9059, 0.0000, 64, 58, 66
L 763.0646, 904.6097, 0.0000, 760.0959, 913.4730, 0.0000, 64, 58, 66
L 760.0959, 913.4730, 0.0000, 751.9855, 919.9614, 0.0000, 64, 58, 66
L 751.9855, 919.9614, 0.0000, 740.9064, 922.3363, 0.0000, 64, 58, 66
L 740.9064, 922.3363, 0.0000, 729.8273, 919.9614, 0.0000, 64, 58, 66
L 729.8273, 919.9614, 0.0000, 721.7168, 913.4730, 0.0000, 64, 58, 66
L 721.7168, 913.4730, 0.0000, 718.7482, 904.6097, 0.0000, 64, 58, 66
L 718.7482, 904.6097, 0.0000, 721.7168, 895.7464, 0.0000, 64, 58, 66
L 721.7168, 895.7464, 0.0000, 729.8273, 889.2581, 0.0000, 64, 58, 66
L 729.8273, 889.2581, 0.0000, 740.9064, 886.8832, 0.0000, 64, 58, 66
L 740.9064, 886.8832, 0.0000, 751.9855, 889.2581, 0.0000, 64, 58, 66
L 751.9855, 889.2581, 0.0000, 760.0959, 895.7464, 0.0000, 64, 58, 66
L 760.0959, 895.7464, 0.0000, 763.0646, 904.6097, 0.0000, 64, 58, 66
L 725.3956, 904.6097, 0.0000, 722.5833, 910.8770, 0.0000, 64, 58, 66
L 722.5833, 910.8770, 0.0000, 715.7937, 913.4730, 0.0000, 64, 58, 66
L 715.7937, 913.4730, 0.0000, 709.0042, 910.8770, 0.0000, 64, 58, 66
L 709.0042, 910.8770, 0.0000, 706.1918, 904.6097, 0.0000, 64, 58, 66
L 706.1918, 904.6097, 0.0000, 709.0042, 898.3424, 0.0000, 64, 58, 66
L 709.0042, 898.3424, 0.0000, 715.7937, 895.7464, 0.0000, 64, 58, 66
L 715.7937, 895.7464, 0.0000, 722.5833, 898.3424, 0.0000, 64, 58, 66
L 722.5833, 898.3424, 0.0000, 725.3956, 904.6097, 0.0000, 64, 58, 66
L 724.6570, 897.2237, 0.0000, 717.2709, 872.1110, 0.0000, 64, 58, 66
L 717.2709, 872.1110, 0.0000, 733.5203, 860.2933, 0.0000, 64, 58, 66
L 724.6570, 911.9958, 0.0000, 717.2709, 937.1084, 0.0000, 64, 58, 66
L 717.2709, 937.1084, 0.0000, 733.5203, 948.9262, 0.0000, 64, 58, 66
L 734.9975, 897.2237, 0.0000, 731.3045, 868.4180, 0.0000, 64, 58, 66
L 731.3045, 868.4180, 0.0000, 751.9855, 853.6458, 0.0000, 64, 58, 66
L 734.9975, 911.9958, 0.0000, 731.3045, 940.8015, 0.0000, 64, 58, 66
L 731.3045, 940.8015, 0.0000, 751.9855, 955.5736, 0.0000, 64, 58, 66
L 745.3380, 897.2237, 0.0000, 745.3380, 864.7249, 0.0000, 64, 58, 66
L 745.3380, 864.7249, 0.0000, 770.4507, 846.9984, 0.0000, 64, 58, 66
L 745.3380, 911.9958, 0.0000, 745.3380, 944.4945, 0.0000, 64, 58, 66
L 745.3380, 944.4945, 0.0000, 770.4507, 962.2211, 0.0000, 64, 58, 66
L 755.6785, 897.2237, 0.0000, 759.3715, 861.0319, 0.0000, 64, 58, 66
L 759.3715, 861.0319, 0.0000, 788.9158, 840.3509, 0.0000, 64, 58, 66
L 755.6785, 911.9958, 0.0000, 759.3715, 948.1876, 0.0000, 64, 58, 66
L 759.3715, 948.1876, 0.0000, 788.9158, 968.8686, 0.0000, 64, 58, 66
L -863.5525, -1752.7555, 0.0000, -866.5212, -1743.8922, 0.0000, 64, 58, 66
L -866.5212, -1743.8922, 0.0000, -874.6316, -1737.4038, 0.0000, 64, 58, 66
L -874.6316, -1737.4038, 0.0000, -885.7107, -1735.0289, 0.0000, 64, 58, 66
L -885.7107, -1735.0289, 0.0000, -896.7898, -1737.4038, 0.0000, 64, 58, 66
L -896.7898, -1737.4038, 0.0000, -904.9003, -1743.8922, 0.0000, 64, 58, 66
L -904.9003, -1743.8922, 0.0000, -907.8689, -1752.7555, 0.0000, 64, 58, 66
L -907.8689, -1752.7555, 0.0000, -904.9003, -1761.6187, 0.0000, 64, 58, 66
L -904.9003, -1761.6187, 0.0000, -896.7898, -1768.1071, 0.0000, 64, 58, 66
L -896.7898, -1768.1071, 0.0000, -885.7107, -1770.4820, 0.0000, 64, 58, 66
L -885.7107, -1770.4820, 0.0000, -874.6316, -1768.1071, 0.0000, 64, 58, 66
L -874.6316, -1768.1071, 0.0000, -866.5212, -1761.6187, 0.0000, 64, 58, 66
L -866.5212, -1761.6187, 0.0000, -863.5525, -1752.7555, 0.0000, 64, 58, 66
L -901.2215, -1752.7555, 0.0000, -904.0338, -1746.4882, 0.0000, 64, 58, 66
L -904.0338, -1746.4882, 0.0000, -910.8234, -1743.8922, 0.0000, 64, 58, 66
L -910.8234, -1743.8922, 0.0000, -917.6129, -1746.4882, 0.0000, 64, 58, 66
L -917.6129, -1746.4882, 0.0000, -920.4253, -1752.7555, 0.0000, 64, 58, 66
L -920.4253, -1752.7555, 0.0000, -917.6129, -1759.0228, 0.0000, 64, 58, 66
L -917.6129, -1759.0228, 0.0000, -910.8234, -1761.6187, 0.0000, 64, 58, 66
L -910.8234, -1761.6187, 0.0000, -904.0338, -1759.0228, 0.0000, 64, 58, 66
L -904.0338, -1759.0228, 0.0000, -901.2215, -1752.7555, 0.0000, 64, 58, 66
L -901.9601, -1760.1415, 0.0000, -909.3462, -1785.2542, 0.0000, 64, 58, 66
L -909.3462, -1785.2542, 0.0000, -893.0968, -1797.0719, 0.0000, 64, 58, 66
L -901.9601, -1745.3694, 0.0000, -909.3462, -1720.2567, 0.0000, 64, 58, 66
L -909.3462, -1720.2567, 0.0000, -893.0968, -1708.4390, 0.0000, 64, 58, 66
L -891.6196, -1760.1415, 0.0000, -895.3126, -1788.9472, 0.0000, 64, 58, 66
L -895.3126, -1788.9472, 0.0000, -874.6316, -1803.7194, 0.0000, 64, 58, 66
L -891.6196, -1745.3694, 0.0000, -895.3126, -1716.5637, 0.0000, 64, 58, 66
L -895.3126, -1716.5637, 0.0000, -874.6316, -1701.7916, 0.0000, 64, 58, 66
L -881.2791, -1760.1415, 0.0000, -881.2791, -1792.6402, 0.0000, 64, 58, 66
L -881.2791, -1792.6402, 0.0000, -856.1664, -1810.3668, 0.0000, 64, 58, 66
L -881.2791, -1745.3694, 0.0000, -881.2791, -1712.8707, 0.0000, 64, 58, 66
L -881.2791, -1712.8707, 0.0000, -856.1664, -1695.1441, 0.0000, 64, 58, 66
L -870.9386, -1760.1415, 0.0000, -867.2456, -1796.3333, 0.0000, 64, 58, 66
L -867.2456, -1796.3333, 0.0000, -837.7013, -1817.0143, 0.0000, 64, 58, 66
L -870.9386, -1745.3694, 0.0000, -867.2456, -1709.1776, 0.0000, 64, 58, 66
L -867.2456, -1709.1776, 0.0000, -837.7013, -1688.4966, 0.0000, 64, 58, 66
L -2712.0000, -2589.0000, 0.0000, -2621.7209, -2614.2221, 0.0000, 45, 95, 55
L -2621.7209, -2614.2221, 0.0000, -2531.4417, -2589.0000, 0.0000, 45, 95, 55
L -2531.4417, -2589.0000, 0.0000, -2441.1626, -2609.1623, 0.0000, 45, 95, 55
L -2375.0419, 2681.0000, 0.0000, -2294.2087, 2721.9079, 0.0000, 150, 60, 25
L -2294.2087, 2721.9079, 0.0000, -2213.3754, 2681.0000, 0.0000, 150, 60, 25
L -2213.3754, 2681.0000, 0.0000, -2132.5422, 2713.7014, 0.0000, 150, 60, 25
L -2132.5422, 2713.7014, 0.0000, -2051.7089, 2681.0000, 0.0000, 150, 60, 25
L -2051.7089, 2681.0000, 0.0000, -1970.8757, 2737.4259, 0.0000, 150, 60, 25
L -1970.8757, 2737.4259, 0.0000, -1890.0424, 2681.0000, 0.0000, 150, 60, 25
L -1890.0424, 2681.0000, 0.0000, -1809.2092, 2709.9815, 0.0000, 150, 60, 25
L -2337.6361, 2681.0000, 0.0000, -2257.0755, 2731.9677, 0.0000, 45, 95, 55
L -2257.0755, 2731.9677, 0.0000, -2176.5149, 2681.0000, 0.0000, 45, 95, 55
L -2176.5149, 2681.0000, 0.0000, -2095.9543, 2723.8936, 0.0000, 45, 95, 55
L -2095.9543, 2723.8936, 0.0000, -2015.3938, 2681.0000, 0.0000, 45, 95, 55
L -2015.3938, 2681.0000, 0.0000, -1934.8332, 2709.2966, 0.0000, 45, 95, 55
L -1934.8332, 2709.2966, 0.0000, -1854.2726, 2681.0000, 0.0000, 45, 95, 55
L -913.2679, -1877.3410, 0.0000,  -914.2215, -1872.9903, 0.0000,  70, 95, 45
L -914.2215, -1872.9903, 0.0000,  -913.3533, -1867.5253, 0.0000,  70, 95, 45
L -913.3533, -1867.5253, 0.0000,  -917.8580, -1864.3038, 0.0000,  70, 95, 45
L -917.8580, -1864.3038, 0.0000,  -923.4490, -1863.2818, 0.0000,  70, 95, 45
L -923.4490, -1863.2818, 0.0000,  -927.2117, -1859.4051, 0.0000,  70, 95, 45
L -927.2117, -1859.4051, 0.0000,  -932.6730, -1857.7776, 0.0000,  70, 95, 45
L -932.6730, -1857.7776, 0.0000,  -937.5888, -1861.1965, 0.0000,  70, 95, 45
L -937.5888, -1861.1965, 0.0000,  -942.4424, -1862.4504, 0.0000,  70, 95, 45
L -942.4424, -1862.4504, 0.0000,  -948.5789, -1863.3438, 0.0000,  70, 95, 45
L -948.5789, -1863.3438, 0.0000,  -950.3563, -1868.3567, 0.0000,  70, 95, 45
L -950.3563, -1868.3567, 0.0000,  -950.5790, -1873.1189, 0.0000,  70, 95, 45
L -950.5790, -1873.1189, 0.0000,  -954.2600, -1877.3410, 0.0000,  70, 95, 45
L -954.2600, -1877.3410, 0.0000,  -953.8169, -1882.3267, 0.0000,  70, 95, 45
L -953.8169, -1882.3267, 0.0000,  -948.8536, -1885.5619, 0.0000,  70, 95, 45
L -948.8536, -1885.5619, 0.0000,  -946.8438, -1889.8113, 0.0000,  70, 95, 45
L -946.8438, -1889.8113, 0.0000,  -943.9451, -1894.5220, 0.0000,  70, 95, 45
L -943.9451, -1894.5220, 0.0000,  -937.8213, -1894.2490, 0.0000,  70, 95, 45
L -937.8213, -1894.2490, 0.0000,  -932.6730, -1893.8506, 0.0000,  70, 95, 45
L -932.6730, -1893.8506, 0.0000,  -926.9793, -1896.0404, 0.0000,  70, 95, 45
L -926.9793, -1896.0404, 0.0000,  -921.9464, -1893.6906, 0.0000,  70, 95, 45
L -921.9464, -1893.6906, 0.0000,  -919.5931, -1888.8513, 0.0000,  70, 95, 45
L -919.5931, -1888.8513, 0.0000,  -914.8560, -1886.3933, 0.0000,  70, 95, 45
L -914.8560, -1886.3933, 0.0000,  -910.9837, -1882.4553, 0.0000,  70, 95, 45
L -910.9837, -1882.4553, 0.0000,  -913.2679, -1877.3410, 0.0000,  70, 95, 45
L -932.6730, -1860.5343, 0.0000,  -932.6730, -1845.9941, 0.0000,  120, 80, 40
L 1085.4295, 713.6379, 0.0000,  1085.0840, 703.8799, 0.0000,  120, 80, 40
L 1085.0840, 703.8799, 0.0000,  1084.0476, 694.1218, 0.0000,  120, 80, 40
L 1084.0476, 694.1218, 0.0000,  1082.3203, 684.3638, 0.0000,  120, 80, 40
L 1082.3203, 684.3638, 0.0000,  1079.9021, 674.6058, 0.0000,  120, 80, 40
L 1079.9021, 674.6058, 0.0000,  1076.7929, 664.8478, 0.0000,  120, 80, 40
L 1076.7929, 664.8478, 0.0000,  1087.0572, 658.3832, 0.0000,  96, 110, 48
L 1087.0572, 658.3832, 0.0000,  1097.3215, 665.4714, 0.0000,  96, 110, 48
L 1076.7929, 664.8478, 0.0000,  1083.8536, 656.1052, 0.0000,  96, 110, 48
L 1083.8536, 656.1052, 0.0000,  1090.9142, 660.9154, 0.0000,  96, 110, 48
L 1076.7929, 664.8478, 0.0000,  1079.3059, 654.8464, 0.0000,  96, 110, 48
L 1079.3059, 654.8464, 0.0000,  1081.8189, 658.3978, 0.0000,  96, 110, 48
L 1076.7929, 664.8478, 0.0000,  1074.2800, 654.8464, 0.0000,  96, 110, 48
L 1074.2800, 654.8464, 0.0000,  1071.7670, 658.3978, 0.0000,  96, 110, 48
L 1076.7929, 664.8478, 0.0000,  1069.7323, 656.1052, 0.0000,  96, 110, 48
L 1069.7323, 656.1052, 0.0000,  1062.6717, 660.9154, 0.0000,  96, 110, 48
L 1076.7929, 664.8478, 0.0000,  1066.5287, 658.3832, 0.0000,  96, 110, 48
L 1066.5287, 658.3832, 0.0000,  1056.2644, 665.4714, 0.0000,  96, 110, 48
L -384.0964, 997.0509, 0.0000,  -384.1495, 985.6727, 0.0000,  120, 80, 40
L -384.1495, 985.6727, 0.0000,  -384.3089, 974.2946, 0.0000,  120, 80, 40
L -384.3089, 974.2946, 0.0000,  -384.5745, 962.9164, 0.0000,  120, 80, 40
L -384.5745, 962.9164, 0.0000,  -384.9464, 951.5382, 0.0000,  120, 80, 40
L -384.9464, 951.5382, 0.0000,  -385.4246, 940.1601, 0.0000,  120, 80, 40
L -385.4246, 940.1601, 0.0000,  -373.4561, 932.6221, 0.0000,  96, 110, 48
L -373.4561, 932.6221, 0.0000,  -361.4876, 940.8872, 0.0000,  96, 110, 48
L -385.4246, 940.1601, 0.0000,  -377.1917, 929.9659, 0.0000,  96, 110, 48
L -377.1917, 929.9659, 0.0000,  -368.9587, 935.5748, 0.0000,  96, 110, 48
L -385.4246, 940.1601, 0.0000,  -382.4943, 928.4981, 0.0000,  96, 110, 48
L -382.4943, 928.4981, 0.0000,  -379.5641, 932.6392, 0.0000,  96, 110, 48
L -385.4246, 940.1601, 0.0000,  -388.3548, 928.4981, 0.0000,  96, 110, 48
L -388.3548, 928.4981, 0.0000,  -391.2850, 932.6392, 0.0000,  96, 110, 48
L -385.4246, 940.1601, 0.0000,  -393.6575, 929.9659, 0.0000,  96, 110, 48
L -393.6575, 929.9659, 0.0000,  -401.8904, 935.5748, 0.0000,  96, 110, 48
L -385.4246, 940.1601, 0.0000,  -397.3930, 932.6221, 0.0000,  96, 110, 48
L -397.3930, 932.6221, 0.0000,  -409.3615, 940.8872, 0.0000,  96, 110, 48
L 900.0913, 867.7195, 0.0000,  900.1966, 855.9326, 0.0000,  120, 80, 40
L 900.1966, 855.9326, 0.0000,  900.5124, 844.1457, 0.0000,  120, 80, 40
L 900.5124, 844.1457, 0.0000,  901.0389, 832.3588, 0.0000,  120, 80, 40
L 901.0389, 832.3588, 0.0000,  901.7758, 820.5719, 0.0000,  120, 80, 40
L 901.7758, 820.5719, 0.0000,  902.7234, 808.7850, 0.0000,  120, 80, 40
L 902.7234, 808.7850, 0.0000,  915.1218, 800.9762, 0.0000,  96, 110, 48
L 915.1218, 800.9762, 0.0000,  927.5203, 809.5382, 0.0000,  96, 110, 48
L 902.7234, 808.7850, 0.0000,  911.2521, 798.2246, 0.0000,  96, 110, 48
L 911.2521, 798.2246, 0.0000,  919.7807, 804.0349, 0.0000,  96, 110, 48
L 902.7234, 808.7850, 0.0000,  905.7589, 796.7040, 0.0000,  96, 110, 48
L 905.7589, 796.7040, 0.0000,  908.7944, 800.9939, 0.0000,  96, 110, 48
L 902.7234, 808.7850, 0.0000,  899.6879, 796.7040, 0.0000,  96, 110, 48
L 899.6879, 796.7040, 0.0000,  896.6524, 800.9939, 0.0000,  96, 110, 48
L 902.7234, 808.7850, 0.0000,  894.1947, 798.2246, 0.0000,  96, 110, 48
L 894.1947, 798.2246, 0.0000,  885.6660, 804.0349, 0.0000,  96, 110, 48
L 902.7234, 808.7850, 0.0000,  890.3249, 800.9762, 0.0000,  96, 110, 48
L 890.3249, 800.9762, 0.0000,  877.9265, 809.5382, 0.0000,  96, 110, 48
L 916.5165, -1678.2001, 0.0000,  916.5165, -1692.4110, 0.0000,  120, 80, 40
L 889.8710, -1689.7465, 0.0000,  916.5165, -1710.8409, 0.0000,  70, 95, 45
L 916.5165, -1710.8409, 0.0000,  943.1621, -1689.7465, 0.0000,  70, 95, 45
L 889.8710, -1689.7465, 0.0000,  943.1621, -1689.7465, 0.0000,  70, 95, 45
L 894.0010, -1707.5102, 0.0000,  916.5165, -1728.6046, 0.0000,  70, 95, 45
L 916.5165, -1728.6046, 0.0000,  939.0320, -1707.5102, 0.0000,  70, 95, 45
L 894.0010, -1707.5102, 0.0000,  939.0320, -1707.5102, 0.0000,  70, 95, 45
L 898.1311, -1725.2739, 0.0000,  916.5165, -1746.3683, 0.0000,  70, 95, 45
L 916.5165, -1746.3683, 0.0000,  934.9020, -1725.2739, 0.0000,  70, 95, 45
L 898.1311, -1725.2739, 0.0000,  934.9020, -1725.2739, 0.0000,  70, 95, 45
L 902.2611, -1743.0376, 0.0000,  916.5165, -1764.1321, 0.0000,  70, 95, 45
L 916.5165, -1764.1321, 0.0000,  930.7719, -1743.0376, 0.0000,  70, 95, 45
L 902.2611, -1743.0376, 0.0000,  930.7719, -1743.0376, 0.0000,  70, 95, 45
L -360.3118, -963.9927, 0.0000,  -357.4873, -957.7456, 0.0000,  70, 95, 45
L -357.4873, -957.7456, 0.0000,  -359.5742, -951.5924, 0.0000,  70, 95, 45
L -359.5742, -951.5924, 0.0000,  -366.9871, -949.0380, 0.0000,  70, 95, 45
L -366.9871, -949.0380, 0.0000,  -371.2676, -944.6150, 0.0000,  70, 95, 45
L -371.2676, -944.6150, 0.0000,  -376.5128, -939.4657, 0.0000,  70, 95, 45
L -376.5128, -939.4657, 0.0000,  -383.9810, -941.3884, 0.0000,  70, 95, 45
L -383.9810, -941.3884, 0.0000,  -390.1664, -943.6786, 0.0000,  70, 95, 45
L -390.1664, -943.6786, 0.0000,  -397.9771, -942.6597, 0.0000,  70, 95, 45
L -397.9771, -942.6597, 0.0000,  -403.5405, -946.7803, 0.0000,  70, 95, 45
L -403.5405, -946.7803, 0.0000,  -404.5395, -953.5476, 0.0000,  70, 95, 45
L -404.5395, -953.5476, 0.0000,  -409.1919, -958.0481, 0.0000,  70, 95, 45
L -409.1919, -958.0481, 0.0000,  -412.7814, -963.9927, 0.0000,  70, 95, 45
L -412.7814, -963.9927, 0.0000,  -408.1691, -969.6961, 0.0000,  70, 95, 45
L -408.1691, -969.6961, 0.0000,  -405.0142, -974.6790, 0.0000,  70, 95, 45
L -405.0142, -974.6790, 0.0000,  -404.0887, -981.6875, 0.0000,  70, 95, 45
L -404.0887, -981.6875, 0.0000,  -397.5024, -984.6022, 0.0000,  70, 95, 45
L -397.5024, -984.6022, 0.0000,  -390.0930, -984.0656, 0.0000,  70, 95, 45
L -390.0930, -984.0656, 0.0000,  -383.9810, -987.5617, 0.0000,  70, 95, 45
L -383.9810, -987.5617, 0.0000,  -376.5863, -988.2786, 0.0000,  70, 95, 45
L -376.5863, -988.2786, 0.0000,  -371.7423, -982.6469, 0.0000,  70, 95, 45
L -371.7423, -982.6469, 0.0000,  -366.4389, -979.4297, 0.0000,  70, 95, 45
L -366.4389, -979.4297, 0.0000,  -359.0995, -976.6342, 0.0000,  70, 95, 45
L -359.0995, -976.6342, 0.0000,  -358.5101, -969.9986, 0.0000,  70, 95, 45
L -358.5101, -969.9986, 0.0000,  -360.3118, -963.9927, 0.0000,  70, 95, 45
L -383.9810, -942.4802, 0.0000,  -383.9810, -923.8689, 0.0000,  120, 80, 40
L -501.0186, -1911.7243, 0.0000,  -498.4449, -1906.5320, 0.0000,  70, 95, 45
L -498.4449, -1906.5320, 0.0000,  -501.4846, -1902.0809, 0.0000,  70, 95, 45
L -501.4846, -1902.0809, 0.0000,  -507.0145, -1899.8879, 0.0000,  70, 95, 45
L -507.0145, -1899.8879, 0.0000,  -509.7647, -1895.4149, 0.0000,  70, 95, 45
L -509.7647, -1895.4149, 0.0000,  -514.4956, -1892.1194, 0.0000,  70, 95, 45
L -514.4956, -1892.1194, 0.0000,  -520.4650, -1894.2789, 0.0000,  70, 95, 45
L -520.4650, -1894.2789, 0.0000,  -525.5994, -1894.8619, 0.0000,  70, 95, 45
L -525.5994, -1894.8619, 0.0000,  -532.0003, -1894.1421, 0.0000,  70, 95, 45
L -532.0003, -1894.1421, 0.0000,  -535.5855, -1898.4182, 0.0000,  70, 95, 45
L -535.5855, -1898.4182, 0.0000,  -536.9402, -1903.3537, 0.0000,  70, 95, 45
L -536.9402, -1903.3537, 0.0000,  -541.6500, -1906.7289, 0.0000,  70, 95, 45
L -541.6500, -1906.7289, 0.0000,  -543.2515, -1911.7243, 0.0000,  70, 95, 45
L -543.2515, -1911.7243, 0.0000,  -539.2387, -1916.1510, 0.0000,  70, 95, 45
L -539.2387, -1916.1510, 0.0000,  -538.0593, -1920.6634, 0.0000,  70, 95, 45
L -538.0593, -1920.6634, 0.0000,  -536.8777, -1926.1675, 0.0000,  70, 95, 45
L -536.8777, -1926.1675, 0.0000,  -530.8812, -1927.6007, 0.0000,  70, 95, 45
L -530.8812, -1927.6007, 0.0000,  -525.4262, -1928.0180, 0.0000,  70, 95, 45
L -525.4262, -1928.0180, 0.0000,  -520.4650, -1931.4439, 0.0000,  70, 95, 45
L -520.4650, -1931.4439, 0.0000,  -514.6687, -1930.7605, 0.0000,  70, 95, 45
L -514.6687, -1930.7605, 0.0000,  -510.8838, -1926.3279, 0.0000,  70, 95, 45
L -510.8838, -1926.3279, 0.0000,  -505.7223, -1924.6978, 0.0000,  70, 95, 45
L -505.7223, -1924.6978, 0.0000,  -500.3655, -1921.9362, 0.0000,  70, 95, 45
L -500.3655, -1921.9362, 0.0000,  -500.8562, -1916.3479, 0.0000,  70, 95, 45
L -500.8562, -1916.3479, 0.0000,  -501.0186, -1911.7243, 0.0000,  70, 95, 45
L -520.4650, -1894.4088, 0.0000,  -520.4650, -1879.4285, 0.0000,  120, 80, 40
L -1033.1368, 503.4012, 0.0000,  -1032.7883, 495.2098, 0.0000,  120, 80, 40
L -1032.7883, 495.2098, 0.0000,  -1031.7431, 487.0183, 0.0000,  120, 80, 40
L -1031.7431, 487.0183, 0.0000,  -1030.0010, 478.8269, 0.0000,  120, 80, 40
L -1030.0010, 478.8269, 0.0000,  -1027.5620, 470.6355, 0.0000,  120, 80, 40
L -1027.5620, 470.6355, 0.0000,  -1024.4263, 462.4440, 0.0000,  120, 80, 40
L -1024.4263, 462.4440, 0.0000,  -1015.8098, 457.0172, 0.0000,  96, 110, 48
L -1015.8098, 457.0172, 0.0000,  -1007.1934, 462.9675, 0.0000,  96, 110, 48
L -1024.4263, 462.4440, 0.0000,  -1018.4992, 455.1050, 0.0000,  96, 110, 48
L -1018.4992, 455.1050, 0.0000,  -1012.5721, 459.1429, 0.0000,  96, 110, 48
L -1024.4263, 462.4440, 0.0000,  -1022.3167, 454.0483, 0.0000,  96, 110, 48
L -1022.3167, 454.0483, 0.0000,  -1020.2072, 457.0295, 0.0000,  96, 110, 48
L -1024.4263, 462.4440, 0.0000,  -1026.5358, 454.0483, 0.0000,  96, 110, 48
L -1026.5358, 454.0483, 0.0000,  -1028.6454, 457.0295, 0.0000,  96, 110, 48
L -1024.4263, 462.4440, 0.0000,  -1030.3534, 455.1050, 0.0000,  96, 110, 48
L -1030.3534, 455.1050, 0.0000,  -1036.2805, 459.1429, 0.0000,  96, 110, 48
L -1024.4263, 462.4440, 0.0000,  -1033.0427, 457.0172, 0.0000,  96, 110, 48
L -1033.0427, 457.0172, 0.0000,  -1041.6591, 462.9675, 0.0000,  96, 110, 48
L 394.1873, 531.6372, 0.0000,  394.5333, 523.3318, 0.0000,  120, 80, 40
L 394.5333, 523.3318, 0.0000,  395.5713, 515.0264, 0.0000,  120, 80, 40
L 395.5713, 515.0264, 0.0000,  397.3013, 506.7210, 0.0000,  120, 80, 40
L 397.3013, 506.7210, 0.0000,  399.7233, 498.4156, 0.0000,  120, 80, 40
L 399.7233, 498.4156, 0.0000,  402.8373, 490.1102, 0.0000,  120, 80, 40
L 402.8373, 490.1102, 0.0000,  411.5736, 484.6080, 0.0000,  96, 110, 48
L 411.5736, 484.6080, 0.0000,  420.3099, 490.6410, 0.0000,  96, 110, 48
L 402.8373, 490.1102, 0.0000,  408.8469, 482.6691, 0.0000,  96, 110, 48
L 408.8469, 482.6691, 0.0000,  414.8564, 486.7632, 0.0000,  96, 110, 48
L 402.8373, 490.1102, 0.0000,  404.9762, 481.5977, 0.0000,  96, 110, 48
L 404.9762, 481.5977, 0.0000,  407.1151, 484.6204, 0.0000,  96, 110, 48
L 402.8373, 490.1102, 0.0000,  400.6984, 481.5977, 0.0000,  96, 110, 48
L 400.6984, 481.5977, 0.0000,  398.5595, 484.6204, 0.0000,  96, 110, 48
L 402.8373, 490.1102, 0.0000,  396.8278, 482.6691, 0.0000,  96, 110, 48
L 396.8278, 482.6691, 0.0000,  390.8183, 486.7632, 0.0000,  96, 110, 48
L 402.8373, 490.1102, 0.0000,  394.1010, 484.6080, 0.0000,  96, 110, 48
L 394.1010, 484.6080, 0.0000,  385.3647, 490.6410, 0.0000,  96, 110, 48
L 574.3935, 1878.0640, 0.0000,  574.3935, 1867.5637, 0.0000,  120, 80, 40
L 554.7055, 1869.5325, 0.0000,  574.3935, 1853.9462, 0.0000,  70, 95, 45
L 574.3935, 1853.9462, 0.0000,  594.0815, 1869.5325, 0.0000,  70, 95, 45
L 554.7055, 1869.5325, 0.0000,  594.0815, 1869.5325, 0.0000,  70, 95, 45
L 557.7571, 1856.4072, 0.0000,  574.3935, 1840.8209, 0.0000,  70, 95, 45
L 574.3935, 1840.8209, 0.0000,  591.0299, 1856.4072, 0.0000,  70, 95, 45
L 557.7571, 1856.4072, 0.0000,  591.0299, 1856.4072, 0.0000,  70, 95, 45
L 560.8088, 1843.2819, 0.0000,  574.3935, 1827.6955, 0.0000,  70, 95, 45
L 574.3935, 1827.6955, 0.0000,  587.9782, 1843.2819, 0.0000,  70, 95, 45
L 560.8088, 1843.2819, 0.0000,  587.9782, 1843.2819, 0.0000,  70, 95, 45
L 563.8604, 1830.1565, 0.0000,  574.3935, 1814.5702, 0.0000,  70, 95, 45
L 574.3935, 1814.5702, 0.0000,  584.9266, 1830.1565, 0.0000,  70, 95, 45
L 563.8604, 1830.1565, 0.0000,  584.9266, 1830.1565, 0.0000,  70, 95, 45
L 5.6387, -1994.5190, 0.0000,  4.4474, -1991.1327, 0.0000,  70, 95, 45
L 4.4474, -1991.1327, 0.0000,  5.1823, -1986.8490, 0.0000,  70, 95, 45
L 5.1823, -1986.8490, 0.0000,  1.9578, -1984.0718, 0.0000,  70, 95, 45
L 1.9578, -1984.0718, 0.0000,  -2.6350, -1983.4242, 0.0000,  70, 95, 45
L -2.6350, -1983.4242, 0.0000,  -5.6809, -1980.6166, 0.0000,  70, 95, 45
L -5.6809, -1980.6166, 0.0000,  -9.9140, -1978.9814, 0.0000,  70, 95, 45
L -9.9140, -1978.9814, 0.0000,  -13.8444, -1981.6110, 0.0000,  70, 95, 45
L -13.8444, -1981.6110, 0.0000,  -17.4959, -1982.9627, 0.0000,  70, 95, 45
L -17.4959, -1982.9627, 0.0000,  -22.3915, -1983.5389, 0.0000,  70, 95, 45
L -22.3915, -1983.5389, 0.0000,  -24.1020, -1987.3106, 0.0000,  70, 95, 45
L -24.1020, -1987.3106, 0.0000,  -23.9726, -1991.2041, 0.0000,  70, 95, 45
L -23.9726, -1991.2041, 0.0000,  -26.6779, -1994.5190, 0.0000,  70, 95, 45
L -26.6779, -1994.5190, 0.0000,  -26.7680, -1998.4931, 0.0000,  70, 95, 45
L -26.7680, -1998.4931, 0.0000,  -22.8046, -2001.0683, 0.0000,  70, 95, 45
L -22.8046, -2001.0683, 0.0000,  -20.8934, -2004.1809, 0.0000,  70, 95, 45
L -20.8934, -2004.1809, 0.0000,  -18.7932, -2008.0528, 0.0000,  70, 95, 45
L -18.7932, -2008.0528, 0.0000,  -14.0451, -2008.0862, 0.0000,  70, 95, 45
L -14.0451, -2008.0862, 0.0000,  -9.9140, -2007.4200, 0.0000,  70, 95, 45
L -9.9140, -2007.4200, 0.0000,  -5.4802, -2009.0806, 0.0000,  70, 95, 45
L -5.4802, -2009.0806, 0.0000,  -1.3376, -2007.5912, 0.0000,  70, 95, 45
L -1.3376, -2007.5912, 0.0000,  0.4598, -2003.6480, 0.0000,  70, 95, 45
L 0.4598, -2003.6480, 0.0000,  3.8850, -2001.5298, 0.0000,  70, 95, 45
L 3.8850, -2001.5298, 0.0000,  7.2428, -1998.5645, 0.0000,  70, 95, 45
L 7.2428, -1998.5645, 0.0000,  5.6387, -1994.5190, 0.0000,  70, 95, 45
L -9.9140, -1981.2692, 0.0000,  -9.9140, -1969.8064, 0.0000,  120, 80, 40
L -1080.0557, -2243.0564, 0.0000,  -1082.4881, -2238.1824, 0.0000,  70, 95, 45
L -1082.4881, -2238.1824, 0.0000,  -1086.6617, -2234.6750, 0.0000,  70, 95, 45
L -1086.6617, -2234.6750, 0.0000,  -1087.6241, -2229.3863, 0.0000,  70, 95, 45
L -1087.6241, -2229.3863, 0.0000,  -1091.7543, -2225.6744, 0.0000,  70, 95, 45
L -1091.7543, -2225.6744, 0.0000,  -1098.1234, -2226.5207, 0.0000,  70, 95, 45
L -1098.1234, -2226.5207, 0.0000,  -1103.1583, -2225.1479, 0.0000,  70, 95, 45
L -1103.1583, -2225.1479, 0.0000,  -1109.1735, -2223.3015, 0.0000,  70, 95, 45
L -1109.1735, -2223.3015, 0.0000,  -1113.5821, -2227.1684, 0.0000,  70, 95, 45
L -1113.5821, -2227.1684, 0.0000,  -1116.7321, -2231.1115, 0.0000,  70, 95, 45
L -1116.7321, -2231.1115, 0.0000,  -1122.5955, -2233.1810, 0.0000,  70, 95, 45
L -1122.5955, -2233.1810, 0.0000,  -1124.8088, -2237.9513, 0.0000,  70, 95, 45
L -1124.8088, -2237.9513, 0.0000,  -1122.3401, -2243.0564, 0.0000,  70, 95, 45
L -1122.3401, -2243.0564, 0.0000,  -1123.3316, -2247.8132, 0.0000,  70, 95, 45
L -1123.3316, -2247.8132, 0.0000,  -1123.2811, -2253.2801, 0.0000,  70, 95, 45
L -1123.2811, -2253.2801, 0.0000,  -1117.5237, -2255.6979, 0.0000,  70, 95, 45
L -1117.5237, -2255.6979, 0.0000,  -1112.8965, -2257.8994, 0.0000,  70, 95, 45
L -1112.8965, -2257.8994, 0.0000,  -1109.0674, -2262.4630, 0.0000,  70, 95, 45
L -1109.0674, -2262.4630, 0.0000,  -1103.1583, -2262.3581, 0.0000,  70, 95, 45
L -1103.1583, -2262.3581, 0.0000,  -1098.2295, -2259.2438, 0.0000,  70, 95, 45
L -1098.2295, -2259.2438, 0.0000,  -1092.4399, -2259.3935, 0.0000,  70, 95, 45
L -1092.4399, -2259.3935, 0.0000,  -1086.8325, -2257.4231, 0.0000,  70, 95, 45
L -1086.8325, -2257.4231, 0.0000,  -1085.9762, -2251.7861, 0.0000,  70, 95, 45
L -1085.9762, -2251.7861, 0.0000,  -1083.9652, -2247.5820, 0.0000,  70, 95, 45
L -1083.9652, -2247.5820, 0.0000,  -1080.0557, -2243.0564, 0.0000,  70, 95, 45
L -1103.1583, -2225.7198, 0.0000,  -1103.1583, -2210.7213, 0.0000,  120, 80, 40
L -198.6183, 2472.7890, 0.0000,  -198.6522, 2460.9476, 0.0000,  120, 80, 40
L -198.6522, 2460.9476, 0.0000,  -198.7537, 2449.1063, 0.0000,  120, 80, 40
L -198.7537, 2449.1063, 0.0000,  -198.9230, 2437.2650, 0.0000,  120, 80, 40
L -198.9230, 2437.2650, 0.0000,  -199.1600, 2425.4237, 0.0000,  120, 80, 40
L -199.1600, 2425.4237, 0.0000,  -199.4647, 2413.5824, 0.0000,  120, 80, 40
L -199.4647, 2413.5824, 0.0000,  -187.0091, 2405.7376, 0.0000,  96, 110, 48
L -187.0091, 2405.7376, 0.0000,  -174.5534, 2414.3391, 0.0000,  96, 110, 48
L -199.4647, 2413.5824, 0.0000,  -190.8967, 2402.9733, 0.0000,  96, 110, 48
L -190.8967, 2402.9733, 0.0000,  -182.3287, 2408.8105, 0.0000,  96, 110, 48
L -199.4647, 2413.5824, 0.0000,  -196.4153, 2401.4458, 0.0000,  96, 110, 48
L -196.4153, 2401.4458, 0.0000,  -193.3658, 2405.7554, 0.0000,  96, 110, 48
L -199.4647, 2413.5824, 0.0000,  -202.5142, 2401.4458, 0.0000,  96, 110, 48
L -202.5142, 2401.4458, 0.0000,  -205.5637, 2405.7554, 0.0000,  96, 110, 48
L -199.4647, 2413.5824, 0.0000,  -208.0328, 2402.9733, 0.0000,  96, 110, 48
L -208.0328, 2402.9733, 0.0000,  -216.6008, 2408.8105, 0.0000,  96, 110, 48
L -199.4647, 2413.5824, 0.0000,  -211.9204, 2405.7376, 0.0000,  96, 110, 48
L -211.9204, 2405.7376, 0.0000,  -224.3761, 2414.3391, 0.0000,  96, 110, 48
L 582.7386, 802.9032, 0.0000,  584.3652, 808.2344, 0.0000,  70, 95, 45
L 584.3652, 808.2344, 0.0000,  583.8119, 814.1091, 0.0000,  70, 95, 45
L 583.8119, 814.1091, 0.0000,  577.2960, 816.5784, 0.0000,  70, 95, 45
L 577.2960, 816.5784, 0.0000,  572.6174, 819.4582, 0.0000,  70, 95, 45
L 572.6174, 819.4582, 0.0000,  568.3159, 824.4472, 0.0000,  70, 95, 45
L 568.3159, 824.4472, 0.0000,  561.7560, 823.7806, 0.0000,  70, 95, 45
L 561.7560, 823.7806, 0.0000,  556.3361, 820.7032, 0.0000,  70, 95, 45
L 556.3361, 820.7032, 0.0000,  549.7546, 821.1958, 0.0000,  70, 95, 45
L 549.7546, 821.1958, 0.0000,  543.9360, 818.5848, 0.0000,  70, 95, 45
L 543.9360, 818.5848, 0.0000,  543.1201, 812.3715, 0.0000,  70, 95, 45
L 543.1201, 812.3715, 0.0000,  540.2868, 807.9656, 0.0000,  70, 95, 45
L 540.2868, 807.9656, 0.0000,  536.2134, 802.9032, 0.0000,  70, 95, 45
L 536.2134, 802.9032, 0.0000,  539.4253, 797.6378, 0.0000,  70, 95, 45
L 539.4253, 797.6378, 0.0000,  543.5199, 793.6381, 0.0000,  70, 95, 45
L 543.5199, 793.6381, 0.0000,  544.3977, 787.6280, 0.0000,  70, 95, 45
L 544.3977, 787.6280, 0.0000,  549.3548, 784.0013, 0.0000,  70, 95, 45
L 549.3548, 784.0013, 0.0000,  556.2743, 784.9001, 0.0000,  70, 95, 45
L 556.2743, 784.9001, 0.0000,  561.7560, 782.8385, 0.0000,  70, 95, 45
L 561.7560, 782.8385, 0.0000,  568.3777, 781.1562, 0.0000,  70, 95, 45
L 568.3777, 781.1562, 0.0000,  573.0172, 785.7389, 0.0000,  70, 95, 45
L 573.0172, 785.7389, 0.0000,  576.8343, 789.6343, 0.0000,  70, 95, 45
L 576.8343, 789.6343, 0.0000,  583.4120, 791.9005, 0.0000,  70, 95, 45
L 583.4120, 791.9005, 0.0000,  585.2267, 797.3690, 0.0000,  70, 95, 45
L 585.2267, 797.3690, 0.0000,  582.7386, 802.9032, 0.0000,  70, 95, 45
L 561.7560, 821.9785, 0.0000,  561.7560, 838.4813, 0.0000,  120, 80, 40
L 381.7004, -160.6381, 0.0000,  380.7679, -155.1889, 0.0000,  70, 95, 45
L 380.7679, -155.1889, 0.0000,  375.4049, -151.6216, 0.0000,  70, 95, 45
L 375.4049, -151.6216, 0.0000,  373.4877, -146.7081, 0.0000,  70, 95, 45
L 373.4877, -146.7081, 0.0000,  370.0775, -141.7085, 0.0000,  70, 95, 45
L 370.0775, -141.7085, 0.0000,  363.2680, -142.2139, 0.0000,  70, 95, 45
L 363.2680, -142.2139, 0.0000,  357.6581, -142.2810, 0.0000,  70, 95, 45
L 357.6581, -142.2810, 0.0000,  351.3311, -139.8589, 0.0000,  70, 95, 45
L 351.3311, -139.8589, 0.0000,  345.9558, -142.8015, 0.0000,  70, 95, 45
L 345.9558, -142.8015, 0.0000,  343.2627, -147.9702, 0.0000,  70, 95, 45
L 343.2627, -147.9702, 0.0000,  337.7600, -150.5286, 0.0000,  70, 95, 45
L 337.7600, -150.5286, 0.0000,  333.8312, -155.0199, 0.0000,  70, 95, 45
L 333.8312, -155.0199, 0.0000,  336.4842, -160.6381, 0.0000,  70, 95, 45
L 336.4842, -160.6381, 0.0000,  337.0924, -165.4874, 0.0000,  70, 95, 45
L 337.0924, -165.4874, 0.0000,  336.2465, -171.5167, 0.0000,  70, 95, 45
L 336.2465, -171.5167, 0.0000,  341.5150, -174.8441, 0.0000,  70, 95, 45
L 341.5150, -174.8441, 0.0000,  347.4694, -176.1679, 0.0000,  70, 95, 45
L 347.4694, -176.1679, 0.0000,  351.5652, -180.6484, 0.0000,  70, 95, 45
L 351.5652, -180.6484, 0.0000,  357.6581, -182.0712, 0.0000,  70, 95, 45
L 357.6581, -182.0712, 0.0000,  363.0339, -178.2933, 0.0000,  70, 95, 45
L 363.0339, -178.2933, 0.0000,  368.5639, -177.2608, 0.0000,  70, 95, 45
L 368.5639, -177.2608, 0.0000,  375.2354, -176.1061, 0.0000,  70, 95, 45
L 375.2354, -176.1061, 0.0000,  376.9184, -170.4237, 0.0000,  70, 95, 45
L 376.9184, -170.4237, 0.0000,  377.5067, -165.3183, 0.0000,  70, 95, 45
L 377.5067, -165.3183, 0.0000,  381.7004, -160.6381, 0.0000,  70, 95, 45
L 357.6581, -142.0995, 0.0000,  357.6581, -126.0610, 0.0000,  120, 80, 40
L -1160.5878, 2227.7613, 0.0000,  -1163.2241, 2232.1925, 0.0000,  70, 95, 45
L -1163.2241, 2232.1925, 0.0000,  -1162.3959, 2237.7299, 0.0000,  70, 95, 45
L -1162.3959, 2237.7299, 0.0000,  -1165.7724, 2242.0561, 0.0000,  70, 95, 45
L -1165.7724, 2242.0561, 0.0000,  -1172.2124, 2242.7046, 0.0000,  70, 95, 45
L -1172.2124, 2242.7046, 0.0000,  -1176.5727, 2245.6397, 0.0000,  70, 95, 45
L -1176.5727, 2245.6397, 0.0000,  -1182.0164, 2248.5820, 0.0000,  70, 95, 45
L -1182.0164, 2248.5820, 0.0000,  -1187.4193, 2245.5055, 0.0000,  70, 95, 45
L -1187.4193, 2245.5055, 0.0000,  -1191.8613, 2242.7669, 0.0000,  70, 95, 45
L -1191.8613, 2242.7669, 0.0000,  -1198.3421, 2242.1280, 0.0000,  70, 95, 45
L -1198.3421, 2242.1280, 0.0000,  -1201.5144, 2237.6676, 0.0000,  70, 95, 45
L -1201.5144, 2237.6676, 0.0000,  -1200.7679, 2232.1829, 0.0000,  70, 95, 45
L -1200.7679, 2232.1829, 0.0000,  -1203.6085, 2227.7613, 0.0000,  70, 95, 45
L -1203.6085, 2227.7613, 0.0000,  -1204.7789, 2222.3941, 0.0000,  70, 95, 45
L -1204.7789, 2222.3941, 0.0000,  -1199.6529, 2218.8008, 0.0000,  70, 95, 45
L -1199.6529, 2218.8008, 0.0000,  -1196.1926, 2215.2863, 0.0000,  70, 95, 45
L -1196.1926, 2215.2863, 0.0000,  -1193.7228, 2209.9185, 0.0000,  70, 95, 45
L -1193.7228, 2209.9185, 0.0000,  -1187.7073, 2209.0714, 0.0000,  70, 95, 45
L -1187.7073, 2209.0714, 0.0000,  -1182.0164, 2210.7238, 0.0000,  70, 95, 45
L -1182.0164, 2210.7238, 0.0000,  -1176.2847, 2208.9373, 0.0000,  70, 95, 45
L -1176.2847, 2208.9373, 0.0000,  -1170.3509, 2209.9807, 0.0000,  70, 95, 45
L -1170.3509, 2209.9807, 0.0000,  -1167.9219, 2215.3582, 0.0000,  70, 95, 45
L -1167.9219, 2215.3582, 0.0000,  -1164.2574, 2218.7385, 0.0000,  70, 95, 45
L -1164.2574, 2218.7385, 0.0000,  -1159.2131, 2222.3844, 0.0000,  70, 95, 45
L -1159.2131, 2222.3844, 0.0000,  -1160.5878, 2227.7613, 0.0000,  70, 95, 45
L -1182.0164, 2245.3998, 0.0000,  -1182.0164, 2260.6595, 0.0000,  120, 80, 40
L -945.9786, -117.1679, 0.0000,  -945.9786, -126.0681, 0.0000,  120, 80, 40
L -962.6666, -124.3993, 0.0000,  -945.9786, -137.6106, 0.0000,  70, 95, 45
L -945.9786, -137.6106, 0.0000,  -929.2906, -124.3993, 0.0000,  70, 95, 45
L -962.6666, -124.3993, 0.0000,  -929.2906, -124.3993, 0.0000,  70, 95, 45
L -960.0799, -135.5246, 0.0000,  -945.9786, -148.7360, 0.0000,  70, 95, 45
L -945.9786, -148.7360, 0.0000,  -931.8772, -135.5246, 0.0000,  70, 95, 45
L -960.0799, -135.5246, 0.0000,  -931.8772, -135.5246, 0.0000,  70, 95, 45
L -957.4933, -146.6500, 0.0000,  -945.9786, -159.8613, 0.0000,  70, 95, 45
L -945.9786, -159.8613, 0.0000,  -934.4639, -146.6500, 0.0000,  70, 95, 45
L -957.4933, -146.6500, 0.0000,  -934.4639, -146.6500, 0.0000,  70, 95, 45
L -954.9066, -157.7753, 0.0000,  -945.9786, -170.9866, 0.0000,  70, 95, 45
L -945.9786, -170.9866, 0.0000,  -937.0505, -157.7753, 0.0000,  70, 95, 45
L -954.9066, -157.7753, 0.0000,  -937.0505, -157.7753, 0.0000,  70, 95, 45
L 478.9370, -182.0132, 0.0000,  479.2874, -189.4882, 0.0000,  120, 80, 40
L 479.2874, -189.4882, 0.0000,  480.3385, -196.9633, 0.0000,  120, 80, 40
L 480.3385, -196.9633, 0.0000,  482.0903, -204.4383, 0.0000,  120, 80, 40
L 482.0903, -204.4383, 0.0000,  484.5428, -211.9134, 0.0000,  120, 80, 40
L 484.5428, -211.9134, 0.0000,  487.6961, -219.3884, 0.0000,  120, 80, 40
L 487.6961, -219.3884, 0.0000,  495.5589, -224.3406, 0.0000,  96, 110, 48
L 495.5589, -224.3406, 0.0000,  503.4218, -218.9107, 0.0000,  96, 110, 48
L 487.6961, -219.3884, 0.0000,  493.1048, -226.0856, 0.0000,  96, 110, 48
L 493.1048, -226.0856, 0.0000,  498.5135, -222.4008, 0.0000,  96, 110, 48
L 487.6961, -219.3884, 0.0000,  489.6211, -227.0499, 0.0000,  96, 110, 48
L 489.6211, -227.0499, 0.0000,  491.5462, -224.3294, 0.0000,  96, 110, 48
L 487.6961, -219.3884, 0.0000,  485.7710, -227.0499, 0.0000,  96, 110, 48
L 485.7710, -227.0499, 0.0000,  483.8460, -224.3294, 0.0000,  96, 110, 48
L 487.6961, -219.3884, 0.0000,  482.2873, -226.0856, 0.0000,  96, 110, 48
L 482.2873, -226.0856, 0.0000,  476.8786, -222.4008, 0.0000,  96, 110, 48
L 487.6961, -219.3884, 0.0000,  479.8332, -224.3406, 0.0000,  96, 110, 48
L 479.8332, -224.3406, 0.0000,  471.9703, -218.9107, 0.0000,  96, 110, 48
L -755.5364, 925.8824, 0.0000,  -756.0629, 931.4828, 0.0000,  70, 95, 45
L -756.0629, 931.4828, 0.0000,  -761.6357, 935.1184, 0.0000,  70, 95, 45
L -761.6357, 935.1184, 0.0000,  -763.8746, 939.9094, 0.0000,  70, 95, 45
L -763.8746, 939.9094, 0.0000,  -767.1455, 945.1922, 0.0000,  70, 95, 45
L -767.1455, 945.1922, 0.0000,  -774.0325, 944.8711, 0.0000,  70, 95, 45
L -774.0325, 944.8711, 0.0000,  -779.8143, 944.4468, 0.0000,  70, 95, 45
L -779.8143, 944.4468, 0.0000,  -786.2170, 946.9099, 0.0000,  70, 95, 45
L -786.2170, 946.9099, 0.0000,  -791.8623, 944.2460, 0.0000,  70, 95, 45
L -791.8623, 944.2460, 0.0000,  -794.5125, 938.8167, 0.0000,  70, 95, 45
L -794.5125, 938.8167, 0.0000,  -799.8554, 936.0646, 0.0000,  70, 95, 45
L -799.8554, 936.0646, 0.0000,  -804.1866, 931.6292, 0.0000,  70, 95, 45
L -804.1866, 931.6292, 0.0000,  -801.6091, 925.8824, 0.0000,  70, 95, 45
L -801.6091, 925.8824, 0.0000,  -800.5657, 920.9893, 0.0000,  70, 95, 45
L -800.5657, 920.9893, 0.0000,  -801.5358, 914.8464, 0.0000,  70, 95, 45
L -801.5358, 914.8464, 0.0000,  -796.4529, 911.2404, 0.0000,  70, 95, 45
L -796.4529, 911.2404, 0.0000,  -790.1819, 910.0801, 0.0000,  70, 95, 45
L -790.1819, 910.0801, 0.0000,  -785.9570, 905.7086, 0.0000,  70, 95, 45
L -785.9570, 905.7086, 0.0000,  -779.8143, 903.9028, 0.0000,  70, 95, 45
L -779.8143, 903.9028, 0.0000,  -774.2925, 907.7474, 0.0000,  70, 95, 45
L -774.2925, 907.7474, 0.0000,  -768.8260, 909.1339, 0.0000,  70, 95, 45
L -768.8260, 909.1339, 0.0000,  -761.9342, 910.1478, 0.0000,  70, 95, 45
L -761.9342, 910.1478, 0.0000,  -759.9552, 915.7926, 0.0000,  70, 95, 45
L -759.9552, 915.7926, 0.0000,  -759.6837, 921.1357, 0.0000,  70, 95, 45
L -759.6837, 921.1357, 0.0000,  -755.5364, 925.8824, 0.0000,  70, 95, 45
L -779.8143, 944.7722, 0.0000,  -779.8143, 961.1144, 0.0000,  120, 80, 40
L 663.3669, -80.1547, 0.0000,  661.4754, -75.3614, 0.0000,  70, 95, 45
L 661.4754, -75.3614, 0.0000,  662.5203, -69.2956, 0.0000,  70, 95, 45
L 662.5203, -69.2956, 0.0000,  658.0985, -65.2374, 0.0000,  70, 95, 45
L 658.0985, -65.2374, 0.0000,  651.4993, -64.3757, 0.0000,  70, 95, 45
L 651.4993, -64.3757, 0.0000,  647.1266, -60.5167, 0.0000,  70, 95, 45
L 647.1266, -60.5167, 0.0000,  641.1470, -58.0403, 0.0000,  70, 95, 45
L 641.1470, -58.0403, 0.0000,  635.5353, -61.7245, 0.0000,  70, 95, 45
L 635.5353, -61.7245, 0.0000,  630.4270, -63.8152, 0.0000,  70, 95, 45
L 630.4270, -63.8152, 0.0000,  623.4600, -64.5901, 0.0000,  70, 95, 45
L 623.4600, -64.5901, 0.0000,  620.8771, -69.8562, 0.0000,  70, 95, 45
L 620.8771, -69.8562, 0.0000,  621.1865, -75.4481, 0.0000,  70, 95, 45
L 621.1865, -75.4481, 0.0000,  617.4560, -80.1547, 0.0000,  70, 95, 45
L 617.4560, -80.1547, 0.0000,  617.1288, -85.8181, 0.0000,  70, 95, 45
L 617.1288, -85.8181, 0.0000,  622.7603, -89.4964, 0.0000,  70, 95, 45
L 622.7603, -89.4964, 0.0000,  625.6345, -93.8057, 0.0000,  70, 95, 45
L 625.6345, -93.8057, 0.0000,  628.5438, -99.3646, 0.0000,  70, 95, 45
L 628.5438, -99.3646, 0.0000,  635.2439, -99.5416, 0.0000,  70, 95, 45
L 635.2439, -99.5416, 0.0000,  641.1470, -98.4420, 0.0000,  70, 95, 45
L 641.1470, -98.4420, 0.0000,  647.4179, -100.7495, 0.0000,  70, 95, 45
L 647.4179, -100.7495, 0.0000,  653.3825, -98.8040, 0.0000,  70, 95, 45
L 653.3825, -98.8040, 0.0000,  655.9240, -93.1584, 0.0000,  70, 95, 45
L 655.9240, -93.1584, 0.0000,  660.6371, -90.0570, 0.0000,  70, 95, 45
L 660.6371, -90.0570, 0.0000,  665.5330, -85.9048, 0.0000,  70, 95, 45
L 665.5330, -85.9048, 0.0000,  663.3669, -80.1547, 0.0000,  70, 95, 45
L 641.1470, -61.3312, 0.0000,  641.1470, -45.0463, 0.0000,  120, 80, 40
L 502.6904, 1306.6373, 0.0000,  502.6904, 1292.6431, 0.0000,  120, 80, 40
L 476.4513, 1295.2670, 0.0000,  502.6904, 1274.4945, 0.0000,  70, 95, 45
L 502.6904, 1274.4945, 0.0000,  528.9294, 1295.2670, 0.0000,  70, 95, 45
L 476.4513, 1295.2670, 0.0000,  528.9294, 1295.2670, 0.0000,  70, 95, 45
L 480.5184, 1277.7744, 0.0000,  502.6904, 1257.0018, 0.0000,  70, 95, 45
L 502.6904, 1257.0018, 0.0000,  524.8624, 1277.7744, 0.0000,  70, 95, 45
L 480.5184, 1277.7744, 0.0000,  524.8624, 1277.7744, 0.0000,  70, 95, 45
L 484.5854, 1260.2817, 0.0000,  502.6904, 1239.5091, 0.0000,  70, 95, 45
L 502.6904, 1239.5091, 0.0000,  520.7953, 1260.2817, 0.0000,  70, 95, 45
L 484.5854, 1260.2817, 0.0000,  520.7953, 1260.2817, 0.0000,  70, 95, 45
L 488.6525, 1242.7890, 0.0000,  502.6904, 1222.0164, 0.0000,  70, 95, 45
L 502.6904, 1222.0164, 0.0000,  516.7282, 1242.7890, 0.0000,  70, 95, 45
L 488.6525, 1242.7890, 0.0000,  516.7282, 1242.7890, 0.0000,  70, 95, 45
L 710.5846, 2485.6165, 0.0000,  710.5424, 2475.4895, 0.0000,  120, 80, 40
L 710.5424, 2475.4895, 0.0000,  710.4156, 2465.3625, 0.0000,  120, 80, 40
L 710.4156, 2465.3625, 0.0000,  710.2044, 2455.2355, 0.0000,  120, 80, 40
L 710.2044, 2455.2355, 0.0000,  709.9087, 2445.1084, 0.0000,  120, 80, 40
L 709.9087, 2445.1084, 0.0000,  709.5285, 2434.9814, 0.0000,  120, 80, 40
L 709.5285, 2434.9814, 0.0000,  720.1810, 2428.2723, 0.0000,  96, 110, 48
L 720.1810, 2428.2723, 0.0000,  730.8334, 2435.6286, 0.0000,  96, 110, 48
L 709.5285, 2434.9814, 0.0000,  716.8561, 2425.9082, 0.0000,  96, 110, 48
L 716.8561, 2425.9082, 0.0000,  724.1838, 2430.9003, 0.0000,  96, 110, 48
L 709.5285, 2434.9814, 0.0000,  712.1365, 2424.6018, 0.0000,  96, 110, 48
L 712.1365, 2424.6018, 0.0000,  714.7446, 2428.2875, 0.0000,  96, 110, 48
L 709.5285, 2434.9814, 0.0000,  706.9205, 2424.6018, 0.0000,  96, 110, 48
L 706.9205, 2424.6018, 0.0000,  704.3125, 2428.2875, 0.0000,  96, 110, 48
L 709.5285, 2434.9814, 0.0000,  702.2009, 2425.9082, 0.0000,  96, 110, 48
L 702.2009, 2425.9082, 0.0000,  694.8733, 2430.9003, 0.0000,  96, 110, 48
L 709.5285, 2434.9814, 0.0000,  698.8761, 2428.2723, 0.0000,  96, 110, 48
L 698.8761, 2428.2723, 0.0000,  688.2237, 2435.6286, 0.0000,  96, 110, 48
L -838.5735, -470.6274, 0.0000,  -838.2958, -479.6725, 0.0000,  120, 80, 40
L -838.2958, -479.6725, 0.0000,  -837.4626, -488.7177, 0.0000,  120, 80, 40
L -837.4626, -488.7177, 0.0000,  -836.0739, -497.7628, 0.0000,  120, 80, 40
L -836.0739, -497.7628, 0.0000,  -834.1298, -506.8079, 0.0000,  120, 80, 40
L -834.1298, -506.8079, 0.0000,  -831.6302, -515.8531, 0.0000,  120, 80, 40
L -831.6302, -515.8531, 0.0000,  -822.1158, -521.8454, 0.0000,  96, 110, 48
L -822.1158, -521.8454, 0.0000,  -812.6014, -515.2751, 0.0000,  96, 110, 48
L -831.6302, -515.8531, 0.0000,  -825.0854, -523.9570, 0.0000,  96, 110, 48
L -825.0854, -523.9570, 0.0000,  -818.5406, -519.4982, 0.0000,  96, 110, 48
L -831.6302, -515.8531, 0.0000,  -829.3008, -525.1238, 0.0000,  96, 110, 48
L -829.3008, -525.1238, 0.0000,  -826.9714, -521.8319, 0.0000,  96, 110, 48
L -831.6302, -515.8531, 0.0000,  -833.9596, -525.1238, 0.0000,  96, 110, 48
L -833.9596, -525.1238, 0.0000,  -836.2890, -521.8319, 0.0000,  96, 110, 48
L -831.6302, -515.8531, 0.0000,  -838.1750, -523.9570, 0.0000,  96, 110, 48
L -838.1750, -523.9570, 0.0000,  -844.7198, -519.4982, 0.0000,  96, 110, 48
L -831.6302, -515.8531, 0.0000,  -841.1447, -521.8454, 0.0000,  96, 110, 48
L -841.1447, -521.8454, 0.0000,  -850.6591, -515.2751, 0.0000,  96, 110, 48
L -927.0433, 954.2889, 0.0000,  -927.0433, 942.6070, 0.0000,  120, 80, 40
L -948.9469, 944.7974, 0.0000,  -927.0433, 927.4570, 0.0000,  70, 95, 45
L -927.0433, 927.4570, 0.0000,  -905.1397, 944.7974, 0.0000,  70, 95, 45
L -948.9469, 944.7974, 0.0000,  -905.1397, 944.7974, 0.0000,  70, 95, 45
L -945.5519, 930.1950, 0.0000,  -927.0433, 912.8546, 0.0000,  70, 95, 45
L -927.0433, 912.8546, 0.0000,  -908.5348, 930.1950, 0.0000,  70, 95, 45
L -945.5519, 930.1950, 0.0000,  -908.5348, 930.1950, 0.0000,  70, 95, 45
L -942.1568, 915.5926, 0.0000,  -927.0433, 898.2522, 0.0000,  70, 95, 45
L -927.0433, 898.2522, 0.0000,  -911.9298, 915.5926, 0.0000,  70, 95, 45
L -942.1568, 915.5926, 0.0000,  -911.9298, 915.5926, 0.0000,  70, 95, 45
L -938.7617, 900.9902, 0.0000,  -927.0433, 883.6498, 0.0000,  70, 95, 45
L -927.0433, 883.6498, 0.0000,  -915.3249, 900.9902, 0.0000,  70, 95, 45
L -938.7617, 900.9902, 0.0000,  -915.3249, 900.9902, 0.0000,  70, 95, 45
L -23.6752, -1802.8638, 0.0000,  -24.1887, -1814.2800, 0.0000,  120, 80, 40
L -24.1887, -1814.2800, 0.0000,  -25.7294, -1825.6962, 0.0000,  120, 80, 40
L -25.7294, -1825.6962, 0.0000,  -28.2972, -1837.1123, 0.0000,  120, 80, 40
L -28.2972, -1837.1123, 0.0000,  -31.8921, -1848.5285, 0.0000,  120, 80, 40
L -31.8921, -1848.5285, 0.0000,  -36.5141, -1859.9446, 0.0000,  120, 80, 40
L -36.5141, -1859.9446, 0.0000,  -24.5057, -1867.5078, 0.0000,  96, 110, 48
L -24.5057, -1867.5078, 0.0000,  -12.4972, -1859.2151, 0.0000,  96, 110, 48
L -36.5141, -1859.9446, 0.0000,  -28.2537, -1870.1728, 0.0000,  96, 110, 48
L -28.2537, -1870.1728, 0.0000,  -19.9933, -1864.5453, 0.0000,  96, 110, 48
L -36.5141, -1859.9446, 0.0000,  -33.5741, -1871.6455, 0.0000,  96, 110, 48
L -33.5741, -1871.6455, 0.0000,  -30.6341, -1867.4907, 0.0000,  96, 110, 48
L -36.5141, -1859.9446, 0.0000,  -39.4541, -1871.6455, 0.0000,  96, 110, 48
L -39.4541, -1871.6455, 0.0000,  -42.3941, -1867.4907, 0.0000,  96, 110, 48
L -36.5141, -1859.9446, 0.0000,  -44.7745, -1870.1728, 0.0000,  96, 110, 48
L -44.7745, -1870.1728, 0.0000,  -53.0349, -1864.5453, 0.0000,  96, 110, 48
L -36.5141, -1859.9446, 0.0000,  -48.5226, -1867.5078, 0.0000,  96, 110, 48
L -48.5226, -1867.5078, 0.0000,  -60.5310, -1859.2151, 0.0000,  96, 110, 48
L 353.1878, 2170.9810, 0.0000,  353.1878, 2158.1250, 0.0000,  120, 80, 40
L 329.0827, 2160.5355, 0.0000,  353.1878, 2141.4523, 0.0000,  70, 95, 45
L 353.1878, 2141.4523, 0.0000,  377.2928, 2160.5355, 0.0000,  70, 95, 45
L 329.0827, 2160.5355, 0.0000,  377.2928, 2160.5355, 0.0000,  70, 95, 45
L 332.8190, 2144.4654, 0.0000,  353.1878, 2125.3823, 0.0000,  70, 95, 45
L 353.1878, 2125.3823, 0.0000,  373.5565, 2144.4654, 0.0000,  70, 95, 45
L 332.8190, 2144.4654, 0.0000,  373.5565, 2144.4654, 0.0000,  70, 95, 45
L 336.5553, 2128.3954, 0.0000,  353.1878, 2109.3123, 0.0000,  70, 95, 45
L 353.1878, 2109.3123, 0.0000,  369.8202, 2128.3954, 0.0000,  70, 95, 45
L 336.5553, 2128.3954, 0.0000,  369.8202, 2128.3954, 0.0000,  70, 95, 45
L 340.2916, 2112.3254, 0.0000,  353.1878, 2093.2423, 0.0000,  70, 95, 45
L 353.1878, 2093.2423, 0.0000,  366.0839, 2112.3254, 0.0000,  70, 95, 45
L 340.2916, 2112.3254, 0.0000,  366.0839, 2112.3254, 0.0000,  70, 95, 45
L -898.9280, -786.0351, 0.0000,  -898.9280, -800.6396, 0.0000,  120, 80, 40
L -926.3113, -797.9012, 0.0000,  -898.9280, -819.5797, 0.0000,  70, 95, 45
L -898.9280, -819.5797, 0.0000,  -871.5447, -797.9012, 0.0000,  70, 95, 45
L -926.3113, -797.9012, 0.0000,  -871.5447, -797.9012, 0.0000,  70, 95, 45
L -922.0669, -816.1568, 0.0000,  -898.9280, -837.8352, 0.0000,  70, 95, 45
L -898.9280, -837.8352, 0.0000,  -875.7891, -816.1568, 0.0000,  70, 95, 45
L -922.0669, -816.1568, 0.0000,  -875.7891, -816.1568, 0.0000,  70, 95, 45
L -917.8225, -834.4123, 0.0000,  -898.9280, -856.0908, 0.0000,  70, 95, 45
L -898.9280, -856.0908, 0.0000,  -880.0335, -834.4123, 0.0000,  70, 95, 45
L -917.8225, -834.4123, 0.0000,  -880.0335, -834.4123, 0.0000,  70, 95, 45
L -913.5781, -852.6679, 0.0000,  -898.9280, -874.3463, 0.0000,  70, 95, 45
L -898.9280, -874.3463, 0.0000,  -884.2779, -852.6679, 0.0000,  70, 95, 45
L -913.5781, -852.6679, 0.0000,  -884.2779, -852.6679, 0.0000,  70, 95, 45
L -223.8861, -1911.9242, 0.0000,  -223.7380, -1906.9559, 0.0000,  70, 95, 45
L -223.7380, -1906.9559, 0.0000,  -228.6907, -1903.7352, 0.0000,  70, 95, 45
L -228.6907, -1903.7352, 0.0000,  -231.1065, -1899.8664, 0.0000,  70, 95, 45
L -231.1065, -1899.8664, 0.0000,  -233.7168, -1895.0182, 0.0000,  70, 95, 45
L -233.7168, -1895.0182, 0.0000,  -239.6412, -1894.9539, 0.0000,  70, 95, 45
L -239.6412, -1894.9539, 0.0000,  -244.8085, -1895.8137, 0.0000,  70, 95, 45
L -244.8085, -1895.8137, 0.0000,  -250.3431, -1893.7475, 0.0000,  70, 95, 45
L -250.3431, -1893.7475, 0.0000,  -255.5328, -1895.5781, 0.0000,  70, 95, 45
L -255.5328, -1895.5781, 0.0000,  -257.7758, -1900.5129, 0.0000,  70, 95, 45
L -257.7758, -1900.5129, 0.0000,  -262.0283, -1903.1753, 0.0000,  70, 95, 45
L -262.0283, -1903.1753, 0.0000,  -266.2463, -1906.8692, 0.0000,  70, 95, 45
L -266.2463, -1906.8692, 0.0000,  -264.2615, -1911.9242, 0.0000,  70, 95, 45
L -264.2615, -1911.9242, 0.0000,  -262.7376, -1916.1518, 0.0000,  70, 95, 45
L -262.7376, -1916.1518, 0.0000,  -263.6567, -1921.5004, 0.0000,  70, 95, 45
L -263.6567, -1921.5004, 0.0000,  -259.6561, -1924.9901, 0.0000,  70, 95, 45
L -259.6561, -1924.9901, 0.0000,  -253.9044, -1925.7883, 0.0000,  70, 95, 45
L -253.9044, -1925.7883, 0.0000,  -250.0911, -1929.2735, 0.0000,  70, 95, 45
L -250.0911, -1929.2735, 0.0000,  -244.8085, -1931.3440, 0.0000,  70, 95, 45
L -244.8085, -1931.3440, 0.0000,  -239.8932, -1928.0671, 0.0000,  70, 95, 45
L -239.8932, -1928.0671, 0.0000,  -235.3452, -1926.3482, 0.0000,  70, 95, 45
L -235.3452, -1926.3482, 0.0000,  -229.2261, -1925.6366, 0.0000,  70, 95, 45
L -229.2261, -1925.6366, 0.0000,  -227.0623, -1920.9405, 0.0000,  70, 95, 45
L -227.0623, -1920.9405, 0.0000,  -227.2467, -1916.0652, 0.0000,  70, 95, 45
L -227.2467, -1916.0652, 0.0000,  -223.8861, -1911.9242, 0.0000,  70, 95, 45
L -244.8085, -1895.3703, 0.0000,  -244.8085, -1881.0489, 0.0000,  120, 80, 40
L 501.6887, 1.7890, 0.0000,  500.0589, 5.8098, 0.0000,  70, 95, 45
L 500.0589, 5.8098, 0.0000,  496.4114, 8.5993, 0.0000,  70, 95, 45
L 496.4114, 8.5993, 0.0000,  495.4750, 12.7608, 0.0000,  70, 95, 45
L 495.4750, 12.7608, 0.0000,  492.3534, 16.0346, 0.0000,  70, 95, 45
L 492.3534, 16.0346, 0.0000,  487.1455, 15.3802, 0.0000,  70, 95, 45
L 487.1455, 15.3802, 0.0000,  483.0071, 16.1580, 0.0000,  70, 95, 45
L 483.0071, 16.1580, 0.0000,  478.1268, 17.8169, 0.0000,  70, 95, 45
L 478.1268, 17.8169, 0.0000,  474.4028, 14.9037, 0.0000,  70, 95, 45
L 474.4028, 14.9037, 0.0000,  472.0231, 11.4550, 0.0000,  70, 95, 45
L 472.0231, 11.4550, 0.0000,  467.3770, 9.7302, 0.0000,  70, 95, 45
L 467.3770, 9.7302, 0.0000,  465.2134, 5.9847, 0.0000,  70, 95, 45
L 465.2134, 5.9847, 0.0000,  467.2933, 1.7890, 0.0000,  70, 95, 45
L 467.2933, 1.7890, 0.0000,  466.8355, -2.0242, 0.0000,  70, 95, 45
L 466.8355, -2.0242, 0.0000,  466.6241, -6.5347, 0.0000,  70, 95, 45
L 466.6241, -6.5347, 0.0000,  471.1538, -8.6419, 0.0000,  70, 95, 45
L 471.1538, -8.6419, 0.0000,  475.1557, -10.1782, 0.0000,  70, 95, 45
L 475.1557, -10.1782, 0.0000,  478.2433, -13.8564, 0.0000,  70, 95, 45
L 478.2433, -13.8564, 0.0000,  483.0071, -14.1100, 0.0000,  70, 95, 45
L 483.0071, -14.1100, 0.0000,  487.0290, -11.4197, 0.0000,  70, 95, 45
L 487.0290, -11.4197, 0.0000,  491.6005, -11.3091, 0.0000,  70, 95, 45
L 491.6005, -11.3091, 0.0000,  496.3443, -9.9477, 0.0000,  70, 95, 45
L 496.3443, -9.9477, 0.0000,  497.1643, -5.4038, 0.0000,  70, 95, 45
L 497.1643, -5.4038, 0.0000,  498.4368, -1.8492, 0.0000,  70, 95, 45
L 498.4368, -1.8492, 0.0000,  501.6887, 1.7890, 0.0000,  70, 95, 45
L 483.0071, 15.8911, 0.0000,  483.0071, 28.0914, 0.0000,  120, 80, 40
L -930.4937, -1677.1969, 0.0000,  -930.0008, -1687.7939, 0.0000,  120, 80, 40
L -930.0008, -1687.7939, 0.0000,  -928.5220, -1698.3910, 0.0000,  120, 80, 40
L -928.5220, -1698.3910, 0.0000,  -926.0573, -1708.9880, 0.0000,  120, 80, 40
L -926.0573, -1708.9880, 0.0000,  -922.6068, -1719.5851, 0.0000,  120, 80, 40
L -922.6068, -1719.5851, 0.0000,  -918.1704, -1730.1821, 0.0000,  120, 80, 40
L -918.1704, -1730.1821, 0.0000,  -907.0236, -1737.2026, 0.0000,  96, 110, 48
L -907.0236, -1737.2026, 0.0000,  -895.8767, -1729.5049, 0.0000,  96, 110, 48
L -918.1704, -1730.1821, 0.0000,  -910.5027, -1739.6764, 0.0000,  96, 110, 48
L -910.5027, -1739.6764, 0.0000,  -902.8350, -1734.4526, 0.0000,  96, 110, 48
L -918.1704, -1730.1821, 0.0000,  -915.4413, -1741.0435, 0.0000,  96, 110, 48
L -915.4413, -1741.0435, 0.0000,  -912.7123, -1737.1867, 0.0000,  96, 110, 48
L -918.1704, -1730.1821, 0.0000,  -920.8995, -1741.0435, 0.0000,  96, 110, 48
L -920.8995, -1741.0435, 0.0000,  -923.6285, -1737.1867, 0.0000,  96, 110, 48
L -918.1704, -1730.1821, 0.0000,  -925.8381, -1739.6764, 0.0000,  96, 110, 48
L -925.8381, -1739.6764, 0.0000,  -933.5058, -1734.4526, 0.0000,  96, 110, 48
L -918.1704, -1730.1821, 0.0000,  -929.3172, -1737.2026, 0.0000,  96, 110, 48
L -929.3172, -1737.2026, 0.0000,  -940.4641, -1729.5049, 0.0000,  96, 110, 48
L -854.9761, 1184.1286, 0.0000,  -855.2095, 1173.8413, 0.0000,  120, 80, 40
L -855.2095, 1173.8413, 0.0000,  -855.9097, 1163.5540, 0.0000,  120, 80, 40
L -855.9097, 1163.5540, 0.0000,  -857.0768, 1153.2667, 0.0000,  120, 80, 40
L -857.0768, 1153.2667, 0.0000,  -858.7107, 1142.9794, 0.0000,  120, 80, 40
L -858.7107, 1142.9794, 0.0000,  -860.8114, 1132.6921, 0.0000,  120, 80, 40
L -860.8114, 1132.6921, 0.0000,  -849.9904, 1125.8769, 0.0000,  96, 110, 48
L -849.9904, 1125.8769, 0.0000,  -839.1694, 1133.3495, 0.0000,  96, 110, 48
L -860.8114, 1132.6921, 0.0000,  -853.3678, 1123.4753, 0.0000,  96, 110, 48
L -853.3678, 1123.4753, 0.0000,  -845.9243, 1128.5464, 0.0000,  96, 110, 48
L -860.8114, 1132.6921, 0.0000,  -858.1621, 1122.1483, 0.0000,  96, 110, 48
L -858.1621, 1122.1483, 0.0000,  -855.5128, 1125.8923, 0.0000,  96, 110, 48
L -860.8114, 1132.6921, 0.0000,  -863.4607, 1122.1483, 0.0000,  96, 110, 48
L -863.4607, 1122.1483, 0.0000,  -866.1100, 1125.8923, 0.0000,  96, 110, 48
L -860.8114, 1132.6921, 0.0000,  -868.2550, 1123.4753, 0.0000,  96, 110, 48
L -868.2550, 1123.4753, 0.0000,  -875.6986, 1128.5464, 0.0000,  96, 110, 48
L -860.8114, 1132.6921, 0.0000,  -871.6325, 1125.8769, 0.0000,  96, 110, 48
L -871.6325, 1125.8769, 0.0000,  -882.4535, 1133.3495, 0.0000,  96, 110, 48
L 389.3448, 1694.2203, 0.0000,  389.6608, 1685.2371, 0.0000,  120, 80, 40
L 389.6608, 1685.2371, 0.0000,  390.6088, 1676.2539, 0.0000,  120, 80, 40
L 390.6088, 1676.2539, 0.0000,  392.1889, 1667.2707, 0.0000,  120, 80, 40
L 392.1889, 1667.2707, 0.0000,  394.4009, 1658.2875, 0.0000,  120, 80, 40
L 394.4009, 1658.2875, 0.0000,  397.2449, 1649.3044, 0.0000,  120, 80, 40
L 397.2449, 1649.3044, 0.0000,  406.6942, 1643.3530, 0.0000,  96, 110, 48
L 406.6942, 1643.3530, 0.0000,  416.1435, 1649.8784, 0.0000,  96, 110, 48
L 397.2449, 1649.3044, 0.0000,  403.7449, 1641.2559, 0.0000,  96, 110, 48
L 403.7449, 1641.2559, 0.0000,  410.2449, 1645.6842, 0.0000,  96, 110, 48
L 397.2449, 1649.3044, 0.0000,  399.5584, 1640.0971, 0.0000,  96, 110, 48
L 399.5584, 1640.0971, 0.0000,  401.8718, 1643.3665, 0.0000,  96, 110, 48
L 397.2449, 1649.3044, 0.0000,  394.9315, 1640.0971, 0.0000,  96, 110, 48
L 394.9315, 1640.0971, 0.0000,  392.6180, 1643.3665, 0.0000,  96, 110, 48
L 397.2449, 1649.3044, 0.0000,  390.7450, 1641.2559, 0.0000,  96, 110, 48
L 390.7450, 1641.2559, 0.0000,  384.2450, 1645.6842, 0.0000,  96, 110, 48
L 397.2449, 1649.3044, 0.0000,  387.7957, 1643.3530, 0.0000,  96, 110, 48
L 387.7957, 1643.3530, 0.0000,  378.3464, 1649.8784, 0.0000,  96, 110, 48
L 1082.7862, -775.4609, 0.0000,  1084.6526, -771.2869, 0.0000,  70, 95, 45
L 1084.6526, -771.2869, 0.0000,  1081.4961, -768.0709, 0.0000,  70, 95, 45
L 1081.4961, -768.0709, 0.0000,  1077.6260, -766.0667, 0.0000,  70, 95, 45
L 1077.6260, -766.0667, 0.0000,  1075.7043, -762.1188, 0.0000,  70, 95, 45
L 1075.7043, -762.1188, 0.0000,  1071.5987, -760.1963, 0.0000,  70, 95, 45
L 1071.5987, -760.1963, 0.0000,  1066.9508, -761.9840, 0.0000,  70, 95, 45
L 1066.9508, -761.9840, 0.0000,  1062.7497, -761.6635, 0.0000,  70, 95, 45
L 1062.7497, -761.6635, 0.0000,  1057.7506, -761.4379, 0.0000,  70, 95, 45
L 1057.7506, -761.4379, 0.0000,  1055.3821, -765.2804, 0.0000,  70, 95, 45
L 1055.3821, -765.2804, 0.0000,  1053.7457, -768.7518, 0.0000,  70, 95, 45
L 1053.7457, -768.7518, 0.0000,  1049.6957, -771.3922, 0.0000,  70, 95, 45
L 1049.6957, -771.3922, 0.0000,  1049.3284, -775.4609, 0.0000,  70, 95, 45
L 1049.3284, -775.4609, 0.0000,  1052.3349, -778.9073, 0.0000,  70, 95, 45
L 1052.3349, -778.9073, 0.0000,  1052.5208, -782.7923, 0.0000,  70, 95, 45
L 1052.5208, -782.7923, 0.0000,  1053.9678, -786.8860, 0.0000,  70, 95, 45
L 1053.9678, -786.8860, 0.0000,  1058.9754, -787.6171, 0.0000,  70, 95, 45
L 1058.9754, -787.6171, 0.0000,  1062.9391, -788.6360, 0.0000,  70, 95, 45
L 1062.9391, -788.6360, 0.0000,  1066.9508, -791.4269, 0.0000,  70, 95, 45
L 1066.9508, -791.4269, 0.0000,  1071.4092, -790.1032, 0.0000,  70, 95, 45
L 1071.4092, -790.1032, 0.0000,  1074.4795, -786.9361, 0.0000,  70, 95, 45
L 1074.4795, -786.9361, 0.0000,  1079.0403, -786.0997, 0.0000,  70, 95, 45
L 1079.0403, -786.0997, 0.0000,  1082.7210, -783.4732, 0.0000,  70, 95, 45
L 1082.7210, -783.4732, 0.0000,  1082.0135, -779.0126, 0.0000,  70, 95, 45
L 1082.0135, -779.0126, 0.0000,  1082.7862, -775.4609, 0.0000,  70, 95, 45
L 1066.9508, -761.7432, 0.0000,  1066.9508, -749.8755, 0.0000,  120, 80, 40
L -415.6825, 2400.0307, 0.0000,  -415.6825, 2387.0938, 0.0000,  120, 80, 40
L -439.9392, 2389.5195, 0.0000,  -415.6825, 2370.3162, 0.0000,  70, 95, 45
L -415.6825, 2370.3162, 0.0000,  -391.4258, 2389.5195, 0.0000,  70, 95, 45
L -439.9392, 2389.5195, 0.0000,  -391.4258, 2389.5195, 0.0000,  70, 95, 45
L -436.1794, 2373.3483, 0.0000,  -415.6825, 2354.1451, 0.0000,  70, 95, 45
L -415.6825, 2354.1451, 0.0000,  -395.1856, 2373.3483, 0.0000,  70, 95, 45
L -436.1794, 2373.3483, 0.0000,  -395.1856, 2373.3483, 0.0000,  70, 95, 45
L -432.4196, 2357.1772, 0.0000,  -415.6825, 2337.9740, 0.0000,  70, 95, 45
L -415.6825, 2337.9740, 0.0000,  -398.9454, 2357.1772, 0.0000,  70, 95, 45
L -432.4196, 2357.1772, 0.0000,  -398.9454, 2357.1772, 0.0000,  70, 95, 45
L -428.6598, 2341.0060, 0.0000,  -415.6825, 2321.8028, 0.0000,  70, 95, 45
L -415.6825, 2321.8028, 0.0000,  -402.7051, 2341.0060, 0.0000,  70, 95, 45
L -428.6598, 2341.0060, 0.0000,  -402.7051, 2341.0060, 0.0000,  70, 95, 45
L -797.4153, 1244.2616, 0.0000,  -797.6152, 1234.8550, 0.0000,  120, 80, 40
L -797.6152, 1234.8550, 0.0000,  -798.2149, 1225.4485, 0.0000,  120, 80, 40
L -798.2149, 1225.4485, 0.0000,  -799.2145, 1216.0419, 0.0000,  120, 80, 40
L -799.2145, 1216.0419, 0.0000,  -800.6139, 1206.6354, 0.0000,  120, 80, 40
L -800.6139, 1206.6354, 0.0000,  -802.4131, 1197.2288, 0.0000,  120, 80, 40
L -802.4131, 1197.2288, 0.0000,  -792.5185, 1190.9970, 0.0000,  96, 110, 48
L -792.5185, 1190.9970, 0.0000,  -782.6239, 1197.8299, 0.0000,  96, 110, 48
L -802.4131, 1197.2288, 0.0000,  -795.6068, 1188.8011, 0.0000,  96, 110, 48
L -795.6068, 1188.8011, 0.0000,  -788.8005, 1193.4380, 0.0000,  96, 110, 48
L -802.4131, 1197.2288, 0.0000,  -799.9906, 1187.5876, 0.0000,  96, 110, 48
L -799.9906, 1187.5876, 0.0000,  -797.5682, 1191.0111, 0.0000,  96, 110, 48
L -802.4131, 1197.2288, 0.0000,  -804.8356, 1187.5876, 0.0000,  96, 110, 48
L -804.8356, 1187.5876, 0.0000,  -807.2580, 1191.0111, 0.0000,  96, 110, 48
L -802.4131, 1197.2288, 0.0000,  -809.2194, 1188.8011, 0.0000,  96, 110, 48
L -809.2194, 1188.8011, 0.0000,  -816.0257, 1193.4380, 0.0000,  96, 110, 48
L -802.4131, 1197.2288, 0.0000,  -812.3077, 1190.9970, 0.0000,  96, 110, 48
L -812.3077, 1190.9970, 0.0000,  -822.2023, 1197.8299, 0.0000,  96, 110, 48
L 1046.8835, -1888.7776, 0.0000,  1046.8835, -1897.8087, 0.0000,  120, 80, 40
L 1029.9503, -1896.1153, 0.0000,  1046.8835, -1909.5208, 0.0000,  70, 95, 45
L 1046.8835, -1909.5208, 0.0000,  1063.8168, -1896.1153, 0.0000,  70, 95, 45
L 1029.9503, -1896.1153, 0.0000,  1063.8168, -1896.1153, 0.0000,  70, 95, 45
L 1032.5749, -1907.4042, 0.0000,  1046.8835, -1920.8097, 0.0000,  70, 95, 45
L 1046.8835, -1920.8097, 0.0000,  1061.1921, -1907.4042, 0.0000,  70, 95, 45
L 1032.5749, -1907.4042, 0.0000,  1061.1921, -1907.4042, 0.0000,  70, 95, 45
L 1035.1996, -1918.6930, 0.0000,  1046.8835, -1932.0985, 0.0000,  70, 95, 45
L 1046.8835, -1932.0985, 0.0000,  1058.5675, -1918.6930, 0.0000,  70, 95, 45
L 1035.1996, -1918.6930, 0.0000,  1058.5675, -1918.6930, 0.0000,  70, 95, 45
L 1037.8243, -1929.9819, 0.0000,  1046.8835, -1943.3874, 0.0000,  70, 95, 45
L 1046.8835, -1943.3874, 0.0000,  1055.9428, -1929.9819, 0.0000,  70, 95, 45
L 1037.8243, -1929.9819, 0.0000,  1055.9428, -1929.9819, 0.0000,  70, 95, 45
L 973.6610, 1586.6180, 0.0000,  973.3317, 1577.8962, 0.0000,  120, 80, 40
L 973.3317, 1577.8962, 0.0000,  972.3438, 1569.1744, 0.0000,  120, 80, 40
L 972.3438, 1569.1744, 0.0000,  970.6973, 1560.4525, 0.0000,  120, 80, 40
L 970.6973, 1560.4525, 0.0000,  968.3923, 1551.7307, 0.0000,  120, 80, 40
L 968.3923, 1551.7307, 0.0000,  965.4286, 1543.0089, 0.0000,  120, 80, 40
L 965.4286, 1543.0089, 0.0000,  974.6029, 1537.2308, 0.0000,  96, 110, 48
L 974.6029, 1537.2308, 0.0000,  983.7772, 1543.5662, 0.0000,  96, 110, 48
L 965.4286, 1543.0089, 0.0000,  971.7394, 1535.1947, 0.0000,  96, 110, 48
L 971.7394, 1535.1947, 0.0000,  978.0503, 1539.4941, 0.0000,  96, 110, 48
L 965.4286, 1543.0089, 0.0000,  967.6747, 1534.0695, 0.0000,  96, 110, 48
L 967.6747, 1534.0695, 0.0000,  969.9208, 1537.2438, 0.0000,  96, 110, 48
L 965.4286, 1543.0089, 0.0000,  963.1824, 1534.0695, 0.0000,  96, 110, 48
L 963.1824, 1534.0695, 0.0000,  960.9363, 1537.2438, 0.0000,  96, 110, 48
L 965.4286, 1543.0089, 0.0000,  959.1177, 1535.1947, 0.0000,  96, 110, 48
L 959.1177, 1535.1947, 0.0000,  952.8069, 1539.4941, 0.0000,  96, 110, 48
L 965.4286, 1543.0089, 0.0000,  956.2542, 1537.2308, 0.0000,  96, 110, 48
L 956.2542, 1537.2308, 0.0000,  947.0799, 1543.5662, 0.0000,  96, 110, 48
L 711.4595, 2361.1744, 0.0000,  711.4595, 2352.2678, 0.0000,  120, 80, 40
L 694.7596, 2353.9378, 0.0000,  711.4595, 2340.7170, 0.0000,  70, 95, 45
L 711.4595, 2340.7170, 0.0000,  728.1593, 2353.9378, 0.0000,  70, 95, 45
L 694.7596, 2353.9378, 0.0000,  728.1593, 2353.9378, 0.0000,  70, 95, 45
L 697.3481, 2342.8045, 0.0000,  711.4595, 2329.5838, 0.0000,  70, 95, 45
L 711.4595, 2329.5838, 0.0000,  725.5708, 2342.8045, 0.0000,  70, 95, 45
L 697.3481, 2342.8045, 0.0000,  725.5708, 2342.8045, 0.0000,  70, 95, 45
L 699.9366, 2331.6713, 0.0000,  711.4595, 2318.4506, 0.0000,  70, 95, 45
L 711.4595, 2318.4506, 0.0000,  722.9823, 2331.6713, 0.0000,  70, 95, 45
L 699.9366, 2331.6713, 0.0000,  722.9823, 2331.6713, 0.0000,  70, 95, 45
L 702.5250, 2320.5381, 0.0000,  711.4595, 2307.3173, 0.0000,  70, 95, 45
L 711.4595, 2307.3173, 0.0000,  720.3939, 2320.5381, 0.0000,  70, 95, 45
L 702.5250, 2320.5381, 0.0000,  720.3939, 2320.5381, 0.0000,  70, 95, 45
L 339.2921, -537.5190, 0.0000,  340.6596, -532.1854, 0.0000,  70, 95, 45
L 340.6596, -532.1854, 0.0000,  335.6580, -528.5679, 0.0000,  70, 95, 45
L 335.6580, -528.5679, 0.0000,  332.0190, -525.2176, 0.0000,  70, 95, 45
L 332.0190, -525.2176, 0.0000,  329.6104, -519.8837, 0.0000,  70, 95, 45
L 329.6104, -519.8837, 0.0000,  323.7264, -518.8446, 0.0000,  70, 95, 45
L 323.7264, -518.8446, 0.0000,  318.0403, -520.6193, 0.0000,  70, 95, 45
L 318.0403, -520.6193, 0.0000,  312.3963, -518.9832, 0.0000,  70, 95, 45
L 312.3963, -518.9832, 0.0000,  306.4279, -519.8194, 0.0000,  70, 95, 45
L 306.4279, -519.8194, 0.0000,  303.9771, -525.1434, 0.0000,  70, 95, 45
L 303.9771, -525.1434, 0.0000,  300.5490, -528.6322, 0.0000,  70, 95, 45
L 300.5490, -528.6322, 0.0000,  295.4631, -532.1954, 0.0000,  70, 95, 45
L 295.4631, -532.1954, 0.0000,  296.6197, -537.5190, 0.0000,  70, 95, 45
L 296.6197, -537.5190, 0.0000,  299.4413, -541.9045, 0.0000,  70, 95, 45
L 299.4413, -541.9045, 0.0000,  298.7027, -547.3438, 0.0000,  70, 95, 45
L 298.7027, -547.3438, 0.0000,  301.8452, -551.7707, 0.0000,  70, 95, 45
L 301.8452, -551.7707, 0.0000,  308.2742, -552.4044, 0.0000,  70, 95, 45
L 308.2742, -552.4044, 0.0000,  312.6820, -555.1167, 0.0000,  70, 95, 45
L 312.6820, -555.1167, 0.0000,  318.0403, -558.1709, 0.0000,  70, 95, 45
L 318.0403, -558.1709, 0.0000,  323.4407, -555.2553, 0.0000,  70, 95, 45
L 323.4407, -555.2553, 0.0000,  327.7641, -552.3401, 0.0000,  70, 95, 45
L 327.7641, -552.3401, 0.0000,  334.1510, -551.6964, 0.0000,  70, 95, 45
L 334.1510, -551.6964, 0.0000,  337.5044, -547.4081, 0.0000,  70, 95, 45
L 337.5044, -547.4081, 0.0000,  336.6814, -541.9145, 0.0000,  70, 95, 45
L 336.6814, -541.9145, 0.0000,  339.2921, -537.5190, 0.0000,  70, 95, 45
L 318.0403, -520.0233, 0.0000,  318.0403, -504.8872, 0.0000,  120, 80, 40
L -1127.4771, 75.2314, 0.0000,  -1129.3226, 79.0004, 0.0000,  70, 95, 45
L -1129.3226, 79.0004, 0.0000,  -1132.5716, 81.7019, 0.0000,  70, 95, 45
L -1132.5716, 81.7019, 0.0000,  -1133.3279, 85.7731, 0.0000,  70, 95, 45
L -1133.3279, 85.7731, 0.0000,  -1136.4938, 88.6647, 0.0000,  70, 95, 45
L -1136.4938, 88.6647, 0.0000,  -1141.4154, 88.0125, 0.0000,  70, 95, 45
L -1141.4154, 88.0125, 0.0000,  -1145.3071, 89.0401, 0.0000,  70, 95, 45
L -1145.3071, 89.0401, 0.0000,  -1149.9510, 90.4830, 0.0000,  70, 95, 45
L -1149.9510, 90.4830, 0.0000,  -1153.3682, 87.5181, 0.0000,  70, 95, 45
L -1153.3682, 87.5181, 0.0000,  -1155.7818, 84.4491, 0.0000,  70, 95, 45
L -1155.7818, 84.4491, 0.0000,  -1160.2993, 82.8484, 0.0000,  70, 95, 45
L -1160.2993, 82.8484, 0.0000,  -1162.0439, 79.1778, 0.0000,  70, 95, 45
L -1162.0439, 79.1778, 0.0000,  -1160.1281, 75.2314, 0.0000,  70, 95, 45
L -1160.1281, 75.2314, 0.0000,  -1160.8611, 71.5638, 0.0000,  70, 95, 45
L -1160.8611, 71.5638, 0.0000,  -1160.8483, 67.3354, 0.0000,  70, 95, 45
L -1160.8483, 67.3354, 0.0000,  -1156.4157, 65.4558, 0.0000,  70, 95, 45
L -1156.4157, 65.4558, 0.0000,  -1152.8193, 63.7813, 0.0000,  70, 95, 45
L -1152.8193, 63.7813, 0.0000,  -1149.8661, 60.2586, 0.0000,  70, 95, 45
L -1149.8661, 60.2586, 0.0000,  -1145.3071, 60.3071, 0.0000,  70, 95, 45
L -1145.3071, 60.3071, 0.0000,  -1141.5003, 62.7291, 0.0000,  70, 95, 45
L -1141.5003, 62.7291, 0.0000,  -1137.0427, 62.6347, 0.0000,  70, 95, 45
L -1137.0427, 62.6347, 0.0000,  -1132.6940, 64.1319, 0.0000,  70, 95, 45
L -1132.6940, 64.1319, 0.0000,  -1132.0227, 68.4820, 0.0000,  70, 95, 45
L -1132.0227, 68.4820, 0.0000,  -1130.5054, 71.7412, 0.0000,  70, 95, 45
L -1130.5054, 71.7412, 0.0000,  -1127.4771, 75.2314, 0.0000,  70, 95, 45
L -1145.3071, 88.6183, 0.0000,  -1145.3071, 100.1998, 0.0000,  120, 80, 40
L 474.3834, 1748.7321, 0.0000,  477.5892, 1755.1874, 0.0000,  70, 95, 45
L 477.5892, 1755.1874, 0.0000,  473.9188, 1760.7765, 0.0000,  70, 95, 45
L 473.9188, 1760.7765, 0.0000,  466.9735, 1763.4817, 0.0000,  70, 95, 45
L 466.9735, 1763.4817, 0.0000,  463.4986, 1768.9827, 0.0000,  70, 95, 45
L 463.4986, 1768.9827, 0.0000,  457.6555, 1773.1762, 0.0000,  70, 95, 45
L 457.6555, 1773.1762, 0.0000,  450.2126, 1770.5188, 0.0000,  70, 95, 45
L 450.2126, 1770.5188, 0.0000,  443.8346, 1769.6788, 0.0000,  70, 95, 45
L 443.8346, 1769.6788, 0.0000,  435.8617, 1770.6058, 0.0000,  70, 95, 45
L 435.8617, 1770.6058, 0.0000,  431.3219, 1765.3560, 0.0000,  70, 95, 45
L 431.3219, 1765.3560, 0.0000,  429.7012, 1759.1533, 0.0000,  70, 95, 45
L 429.7012, 1759.1533, 0.0000,  423.9010, 1754.9363, 0.0000,  70, 95, 45
L 423.9010, 1754.9363, 0.0000,  421.7822, 1748.7321, 0.0000,  70, 95, 45
L 421.7822, 1748.7321, 0.0000,  426.7803, 1743.2069, 0.0000,  70, 95, 45
L 426.7803, 1743.2069, 0.0000,  428.3649, 1737.6320, 0.0000,  70, 95, 45
L 428.3649, 1737.6320, 0.0000,  429.7789, 1730.7504, 0.0000,  70, 95, 45
L 429.7789, 1730.7504, 0.0000,  437.1980, 1728.8952, 0.0000,  70, 95, 45
L 437.1980, 1728.8952, 0.0000,  444.0413, 1728.4644, 0.0000,  70, 95, 45
L 444.0413, 1728.4644, 0.0000,  450.2126, 1724.2297, 0.0000,  70, 95, 45
L 450.2126, 1724.2297, 0.0000,  457.4488, 1724.9670, 0.0000,  70, 95, 45
L 457.4488, 1724.9670, 0.0000,  462.1623, 1730.5184, 0.0000,  70, 95, 45
L 462.1623, 1730.5184, 0.0000,  468.5165, 1732.6247, 0.0000,  70, 95, 45
L 468.5165, 1732.6247, 0.0000,  475.2551, 1736.0088, 0.0000,  70, 95, 45
L 475.2551, 1736.0088, 0.0000,  474.7098, 1742.9558, 0.0000,  70, 95, 45
L 474.7098, 1742.9558, 0.0000,  474.3834, 1748.7321, 0.0000,  70, 95, 45
L 450.2126, 1770.2986, 0.0000,  450.2126, 1788.9566, 0.0000,  120, 80, 40
L -1133.9721, -895.1402, 0.0000,  -1133.8863, -905.2376, 0.0000,  120, 80, 40
L -1133.8863, -905.2376, 0.0000,  -1133.6290, -915.3350, 0.0000,  120, 80, 40
L -1133.6290, -915.3350, 0.0000,  -1133.2002, -925.4323, 0.0000,  120, 80, 40
L -1133.2002, -925.4323, 0.0000,  -1132.5998, -935.5297, 0.0000,  120, 80, 40
L -1132.5998, -935.5297, 0.0000,  -1131.8279, -945.6271, 0.0000,  120, 80, 40
L -1131.8279, -945.6271, 0.0000,  -1121.2066, -952.3166, 0.0000,  96, 110, 48
L -1121.2066, -952.3166, 0.0000,  -1110.5853, -944.9819, 0.0000,  96, 110, 48
L -1131.8279, -945.6271, 0.0000,  -1124.5217, -954.6738, 0.0000,  96, 110, 48
L -1124.5217, -954.6738, 0.0000,  -1117.2155, -949.6963, 0.0000,  96, 110, 48
L -1131.8279, -945.6271, 0.0000,  -1129.2275, -955.9763, 0.0000,  96, 110, 48
L -1129.2275, -955.9763, 0.0000,  -1126.6271, -952.3014, 0.0000,  96, 110, 48
L -1131.8279, -945.6271, 0.0000,  -1134.4282, -955.9763, 0.0000,  96, 110, 48
L -1134.4282, -955.9763, 0.0000,  -1137.0286, -952.3014, 0.0000,  96, 110, 48
L -1131.8279, -945.6271, 0.0000,  -1139.1340, -954.6738, 0.0000,  96, 110, 48
L -1139.1340, -954.6738, 0.0000,  -1146.4402, -949.6963, 0.0000,  96, 110, 48
L -1131.8279, -945.6271, 0.0000,  -1142.4491, -952.3166, 0.0000,  96, 110, 48
L -1142.4491, -952.3166, 0.0000,  -1153.0704, -944.9819, 0.0000,  96, 110, 48
L 401.7935, -1373.4944, 0.0000,  399.5916, -1369.4998, 0.0000,  70, 95, 45
L 399.5916, -1369.4998, 0.0000,  396.3076, -1366.5558, 0.0000,  70, 95, 45
L 396.3076, -1366.5558, 0.0000,  395.5834, -1362.1137, 0.0000,  70, 95, 45
L 395.5834, -1362.1137, 0.0000,  392.0278, -1359.2020, 0.0000,  70, 95, 45
L 392.0278, -1359.2020, 0.0000,  386.7903, -1359.8997, 0.0000,  70, 95, 45
L 386.7903, -1359.8997, 0.0000,  382.6508, -1358.5714, 0.0000,  70, 95, 45
L 382.6508, -1358.5714, 0.0000,  377.6766, -1357.1579, 0.0000,  70, 95, 45
L 377.6766, -1357.1579, 0.0000,  374.1087, -1360.4745, 0.0000,  70, 95, 45
L 374.1087, -1360.4745, 0.0000,  371.3879, -1363.5830, 0.0000,  70, 95, 45
L 371.3879, -1363.5830, 0.0000,  366.4895, -1365.2834, 0.0000,  70, 95, 45
L 366.4895, -1365.2834, 0.0000,  364.8752, -1369.3030, 0.0000,  70, 95, 45
L 364.8752, -1369.3030, 0.0000,  366.8475, -1373.4944, 0.0000,  70, 95, 45
L 366.8475, -1373.4944, 0.0000,  365.8363, -1377.4592, 0.0000,  70, 95, 45
L 365.8363, -1377.4592, 0.0000,  366.0435, -1381.9321, 0.0000,  70, 95, 45
L 366.0435, -1381.9321, 0.0000,  370.8729, -1383.8590, 0.0000,  70, 95, 45
L 370.8729, -1383.8590, 0.0000,  374.5548, -1385.8345, 0.0000,  70, 95, 45
L 374.5548, -1385.8345, 0.0000,  377.7456, -1389.6043, 0.0000,  70, 95, 45
L 377.7456, -1389.6043, 0.0000,  382.6508, -1389.3239, 0.0000,  70, 95, 45
L 382.6508, -1389.3239, 0.0000,  386.7213, -1386.8625, 0.0000,  70, 95, 45
L 386.7213, -1386.8625, 0.0000,  391.5817, -1387.1069, 0.0000,  70, 95, 45
L 391.5817, -1387.1069, 0.0000,  396.0985, -1385.3283, 0.0000,  70, 95, 45
L 396.0985, -1385.3283, 0.0000,  396.7537, -1380.6596, 0.0000,  70, 95, 45
L 396.7537, -1380.6596, 0.0000,  398.6305, -1377.2623, 0.0000,  70, 95, 45
L 398.6305, -1377.2623, 0.0000,  401.7935, -1373.4944, 0.0000,  70, 95, 45
L 382.6508, -1359.1665, 0.0000,  382.6508, -1346.7710, 0.0000,  120, 80, 40
L 844.7206, -2311.5518, 0.0000,  845.6985, -2307.6779, 0.0000,  70, 95, 45
L 845.6985, -2307.6779, 0.0000,  845.5057, -2303.3026, 0.0000,  70, 95, 45
L 845.5057, -2303.3026, 0.0000,  840.7883, -2301.4150, 0.0000,  70, 95, 45
L 840.7883, -2301.4150, 0.0000,  837.1809, -2299.4929, 0.0000,  70, 95, 45
L 837.1809, -2299.4929, 0.0000,  834.0634, -2295.8071, 0.0000,  70, 95, 45
L 834.0634, -2295.8071, 0.0000,  829.2693, -2296.0703, 0.0000,  70, 95, 45
L 829.2693, -2296.0703, 0.0000,  825.2901, -2298.4833, 0.0000,  70, 95, 45
L 825.2901, -2298.4833, 0.0000,  820.5428, -2298.2509, 0.0000,  70, 95, 45
L 820.5428, -2298.2509, 0.0000,  816.1205, -2299.9809, 0.0000,  70, 95, 45
L 816.1205, -2299.9809, 0.0000,  815.4774, -2304.5446, 0.0000,  70, 95, 45
L 815.4774, -2304.5446, 0.0000,  813.6550, -2307.8700, 0.0000,  70, 95, 45
L 813.6550, -2307.8700, 0.0000,  810.5585, -2311.5518, 0.0000,  70, 95, 45
L 810.5585, -2311.5518, 0.0000,  812.7004, -2315.4587, 0.0000,  70, 95, 45
L 812.7004, -2315.4587, 0.0000,  815.9204, -2318.3339, 0.0000,  70, 95, 45
L 815.9204, -2318.3339, 0.0000,  816.6321, -2322.6726, 0.0000,  70, 95, 45
L 816.6321, -2322.6726, 0.0000,  820.0998, -2325.5279, 0.0000,  70, 95, 45
L 820.0998, -2325.5279, 0.0000,  825.2216, -2324.8454, 0.0000,  70, 95, 45
L 825.2216, -2324.8454, 0.0000,  829.2693, -2326.1330, 0.0000,  70, 95, 45
L 829.2693, -2326.1330, 0.0000,  834.1319, -2327.5216, 0.0000,  70, 95, 45
L 834.1319, -2327.5216, 0.0000,  837.6239, -2324.2859, 0.0000,  70, 95, 45
L 837.6239, -2324.2859, 0.0000,  840.2768, -2321.2384, 0.0000,  70, 95, 45
L 840.2768, -2321.2384, 0.0000,  845.0627, -2319.5759, 0.0000,  70, 95, 45
L 845.0627, -2319.5759, 0.0000,  846.6530, -2315.6508, 0.0000,  70, 95, 45
L 846.6530, -2315.6508, 0.0000,  844.7206, -2311.5518, 0.0000,  70, 95, 45
L 829.2693, -2297.5453, 0.0000,  829.2693, -2285.4278, 0.0000,  120, 80, 40
L 489.3243, -2043.6030, 0.0000,  489.8181, -2038.7923, 0.0000,  70, 95, 45
L 489.8181, -2038.7923, 0.0000,  490.1393, -2033.0742, 0.0000,  70, 95, 45
L 490.1393, -2033.0742, 0.0000,  484.4509, -2030.3724, 0.0000,  70, 95, 45
L 484.4509, -2030.3724, 0.0000,  479.3338, -2028.4864, 0.0000,  70, 95, 45
L 479.3338, -2028.4864, 0.0000,  475.4312, -2023.8480, 0.0000,  70, 95, 45
L 475.4312, -2023.8480, 0.0000,  469.4161, -2023.4466, 0.0000,  70, 95, 45
L 469.4161, -2023.4466, 0.0000,  464.3242, -2026.8803, 0.0000,  70, 95, 45
L 464.3242, -2026.8803, 0.0000,  458.5750, -2027.0791, 0.0000,  70, 95, 45
L 458.5750, -2027.0791, 0.0000,  452.5347, -2028.7474, 0.0000,  70, 95, 45
L 452.5347, -2028.7474, 0.0000,  451.4627, -2034.4815, 0.0000,  70, 95, 45
L 451.4627, -2034.4815, 0.0000,  449.9373, -2039.0100, 0.0000,  70, 95, 45
L 449.9373, -2039.0100, 0.0000,  445.8147, -2043.6030, 0.0000,  70, 95, 45
L 445.8147, -2043.6030, 0.0000,  447.7910, -2048.7021, 0.0000,  70, 95, 45
L 447.7910, -2048.7021, 0.0000,  452.4588, -2052.2185, 0.0000,  70, 95, 45
L 452.4588, -2052.2185, 0.0000,  453.6849, -2057.4465, 0.0000,  70, 95, 45
L 453.6849, -2057.4465, 0.0000,  457.5790, -2061.6452, 0.0000,  70, 95, 45
L 457.5790, -2061.6452, 0.0000,  464.1701, -2060.8319, 0.0000,  70, 95, 45
L 464.1701, -2060.8319, 0.0000,  469.4161, -2061.7351, 0.0000,  70, 95, 45
L 469.4161, -2061.7351, 0.0000,  475.5853, -2063.8641, 0.0000,  70, 95, 45
L 475.5853, -2063.8641, 0.0000,  480.3299, -2060.2379, 0.0000,  70, 95, 45
L 480.3299, -2060.2379, 0.0000,  483.3007, -2055.8215, 0.0000,  70, 95, 45
L 483.3007, -2055.8215, 0.0000,  489.1432, -2053.6258, 0.0000,  70, 95, 45
L 489.1432, -2053.6258, 0.0000,  491.9644, -2048.9198, 0.0000,  70, 95, 45
L 491.9644, -2048.9198, 0.0000,  489.3243, -2043.6030, 0.0000,  70, 95, 45
L 469.4161, -2025.7641, 0.0000,  469.4161, -2010.3309, 0.0000,  120, 80, 40
L -318.8659, -1733.4618, 0.0000,  -318.8659, -1747.2010, 0.0000,  120, 80, 40
L -344.6269, -1744.6249, 0.0000,  -318.8659, -1765.0190, 0.0000,  70, 95, 45
L -318.8659, -1765.0190, 0.0000,  -293.1048, -1744.6249, 0.0000,  70, 95, 45
L -344.6269, -1744.6249, 0.0000,  -293.1048, -1744.6249, 0.0000,  70, 95, 45
L -340.6339, -1761.7989, 0.0000,  -318.8659, -1782.1930, 0.0000,  70, 95, 45
L -318.8659, -1782.1930, 0.0000,  -297.0978, -1761.7989, 0.0000,  70, 95, 45
L -340.6339, -1761.7989, 0.0000,  -297.0978, -1761.7989, 0.0000,  70, 95, 45
L -336.6410, -1778.9729, 0.0000,  -318.8659, -1799.3670, 0.0000,  70, 95, 45
L -318.8659, -1799.3670, 0.0000,  -301.0908, -1778.9729, 0.0000,  70, 95, 45
L -336.6410, -1778.9729, 0.0000,  -301.0908, -1778.9729, 0.0000,  70, 95, 45
L -332.6480, -1796.1469, 0.0000,  -318.8659, -1816.5411, 0.0000,  70, 95, 45
L -318.8659, -1816.5411, 0.0000,  -305.0837, -1796.1469, 0.0000,  70, 95, 45
L -332.6480, -1796.1469, 0.0000,  -305.0837, -1796.1469, 0.0000,  70, 95, 45
L 513.7262, 1041.7957, 0.0000,  513.7262, 1031.5434, 0.0000,  120, 80, 40
L 494.5031, 1033.4657, 0.0000,  513.7262, 1018.2474, 0.0000,  70, 95, 45
L 513.7262, 1018.2474, 0.0000,  532.9492, 1033.4657, 0.0000,  70, 95, 45
L 494.5031, 1033.4657, 0.0000,  532.9492, 1033.4657, 0.0000,  70, 95, 45
L 497.4827, 1020.6503, 0.0000,  513.7262, 1005.4320, 0.0000,  70, 95, 45
L 513.7262, 1005.4320, 0.0000,  529.9696, 1020.6503, 0.0000,  70, 95, 45
L 497.4827, 1020.6503, 0.0000,  529.9696, 1020.6503, 0.0000,  70, 95, 45
L 500.4622, 1007.8349, 0.0000,  513.7262, 992.6167, 0.0000,  70, 95, 45
L 513.7262, 992.6167, 0.0000,  526.9901, 1007.8349, 0.0000,  70, 95, 45
L 500.4622, 1007.8349, 0.0000,  526.9901, 1007.8349, 0.0000,  70, 95, 45
L 503.4418, 995.0195, 0.0000,  513.7262, 979.8013, 0.0000,  70, 95, 45
L 513.7262, 979.8013, 0.0000,  524.0105, 995.0195, 0.0000,  70, 95, 45
L 503.4418, 995.0195, 0.0000,  524.0105, 995.0195, 0.0000,  70, 95, 45
L 1115.9119, -381.8071, 0.0000,  1116.7907, -375.2485, 0.0000,  70, 95, 45
L 1116.7907, -375.2485, 0.0000,  1110.3537, -370.9456, 0.0000,  70, 95, 45
L 1110.3537, -370.9456, 0.0000,  1106.6203, -366.2799, 0.0000,  70, 95, 45
L 1106.6203, -366.2799, 0.0000,  1103.4385, -359.7630, 0.0000,  70, 95, 45
L 1103.4385, -359.7630, 0.0000,  1095.8607, -359.1957, 0.0000,  70, 95, 45
L 1095.8607, -359.1957, 0.0000,  1088.9759, -360.8350, 0.0000,  70, 95, 45
L 1088.9759, -360.8350, 0.0000,  1081.8352, -358.3556, 0.0000,  70, 95, 45
L 1081.8352, -358.3556, 0.0000,  1074.7691, -360.1530, 0.0000,  70, 95, 45
L 1074.7691, -360.1530, 0.0000,  1071.8431, -366.7302, 0.0000,  70, 95, 45
L 1071.8431, -366.7302, 0.0000,  1066.8305, -370.5557, 0.0000,  70, 95, 45
L 1066.8305, -370.5557, 0.0000,  1060.9052, -375.1881, 0.0000,  70, 95, 45
L 1060.9052, -375.1881, 0.0000,  1063.0632, -381.8071, 0.0000,  70, 95, 45
L 1063.0632, -381.8071, 0.0000,  1065.7428, -387.2853, 0.0000,  70, 95, 45
L 1065.7428, -387.2853, 0.0000,  1064.5854, -394.1991, 0.0000,  70, 95, 45
L 1064.5854, -394.1991, 0.0000,  1069.2507, -399.1652, 0.0000,  70, 95, 45
L 1069.2507, -399.1652, 0.0000,  1077.0142, -400.0391, 0.0000,  70, 95, 45
L 1077.0142, -400.0391, 0.0000,  1082.1825, -404.1179, 0.0000,  70, 95, 45
L 1082.1825, -404.1179, 0.0000,  1088.9759, -407.3418, 0.0000,  70, 95, 45
L 1088.9759, -407.3418, 0.0000,  1095.5134, -403.2777, 0.0000,  70, 95, 45
L 1095.5134, -403.2777, 0.0000,  1101.1934, -400.4291, 0.0000,  70, 95, 45
L 1101.1934, -400.4291, 0.0000,  1109.2127, -399.6155, 0.0000,  70, 95, 45
L 1109.2127, -399.6155, 0.0000,  1112.5988, -393.8091, 0.0000,  70, 95, 45
L 1112.5988, -393.8091, 0.0000,  1111.9531, -387.2250, 0.0000,  70, 95, 45
L 1111.9531, -387.2250, 0.0000,  1115.9119, -381.8071, 0.0000,  70, 95, 45
L 1088.9759, -360.1391, 0.0000,  1088.9759, -341.3934, 0.0000,  120, 80, 40
L 612.3950, 2264.1278, 0.0000,  612.6585, 2253.4769, 0.0000,  120, 80, 40
L 612.6585, 2253.4769, 0.0000,  613.4487, 2242.8260, 0.0000,  120, 80, 40
L 613.4487, 2242.8260, 0.0000,  614.7658, 2232.1751, 0.0000,  120, 80, 40
L 614.7658, 2232.1751, 0.0000,  616.6097, 2221.5242, 0.0000,  120, 80, 40
L 616.6097, 2221.5242, 0.0000,  618.9804, 2210.8732, 0.0000,  120, 80, 40
L 618.9804, 2210.8732, 0.0000,  630.1840, 2203.8171, 0.0000,  96, 110, 48
L 630.1840, 2203.8171, 0.0000,  641.3875, 2211.5539, 0.0000,  96, 110, 48
L 618.9804, 2210.8732, 0.0000,  626.6871, 2201.3306, 0.0000,  96, 110, 48
L 626.6871, 2201.3306, 0.0000,  634.3938, 2206.5810, 0.0000,  96, 110, 48
L 618.9804, 2210.8732, 0.0000,  621.7234, 2199.9567, 0.0000,  96, 110, 48
L 621.7234, 2199.9567, 0.0000,  624.4663, 2203.8330, 0.0000,  96, 110, 48
L 618.9804, 2210.8732, 0.0000,  616.2375, 2199.9567, 0.0000,  96, 110, 48
L 616.2375, 2199.9567, 0.0000,  613.4946, 2203.8330, 0.0000,  96, 110, 48
L 618.9804, 2210.8732, 0.0000,  611.2737, 2201.3306, 0.0000,  96, 110, 48
L 611.2737, 2201.3306, 0.0000,  603.5671, 2206.5810, 0.0000,  96, 110, 48
L 618.9804, 2210.8732, 0.0000,  607.7769, 2203.8171, 0.0000,  96, 110, 48
L 607.7769, 2203.8171, 0.0000,  596.5734, 2211.5539, 0.0000,  96, 110, 48
L 1075.4624, 1953.6164, 0.0000,  1075.4624, 1942.2246, 0.0000,  120, 80, 40
L 1054.1028, 1944.3606, 0.0000,  1075.4624, 1927.4508, 0.0000,  70, 95, 45
L 1075.4624, 1927.4508, 0.0000,  1096.8221, 1944.3606, 0.0000,  70, 95, 45
L 1054.1028, 1944.3606, 0.0000,  1096.8221, 1944.3606, 0.0000,  70, 95, 45
L 1057.4135, 1930.1208, 0.0000,  1075.4624, 1913.2110, 0.0000,  70, 95, 45
L 1075.4624, 1913.2110, 0.0000,  1093.5114, 1930.1208, 0.0000,  70, 95, 45
L 1057.4135, 1930.1208, 0.0000,  1093.5114, 1930.1208, 0.0000,  70, 95, 45
L 1060.7243, 1915.8810, 0.0000,  1075.4624, 1898.9713, 0.0000,  70, 95, 45
L 1075.4624, 1898.9713, 0.0000,  1090.2006, 1915.8810, 0.0000,  70, 95, 45
L 1060.7243, 1915.8810, 0.0000,  1090.2006, 1915.8810, 0.0000,  70, 95, 45
L 1064.0350, 1901.6412, 0.0000,  1075.4624, 1884.7315, 0.0000,  70, 95, 45
L 1075.4624, 1884.7315, 0.0000,  1086.8899, 1901.6412, 0.0000,  70, 95, 45
L 1064.0350, 1901.6412, 0.0000,  1086.8899, 1901.6412, 0.0000,  70, 95, 45
L 237.5892, -2183.3150, 0.0000,  237.5892, -2192.4572, 0.0000,  120, 80, 40
L 220.4477, -2190.7430, 0.0000,  237.5892, -2204.3134, 0.0000,  70, 95, 45
L 237.5892, -2204.3134, 0.0000,  254.7308, -2190.7430, 0.0000,  70, 95, 45
L 220.4477, -2190.7430, 0.0000,  254.7308, -2190.7430, 0.0000,  70, 95, 45
L 223.1046, -2202.1708, 0.0000,  237.5892, -2215.7412, 0.0000,  70, 95, 45
L 237.5892, -2215.7412, 0.0000,  252.0738, -2202.1708, 0.0000,  70, 95, 45
L 223.1046, -2202.1708, 0.0000,  252.0738, -2202.1708, 0.0000,  70, 95, 45
L 225.7615, -2213.5985, 0.0000,  237.5892, -2227.1689, 0.0000,  70, 95, 45
L 237.5892, -2227.1689, 0.0000,  249.4169, -2213.5985, 0.0000,  70, 95, 45
L 225.7615, -2213.5985, 0.0000,  249.4169, -2213.5985, 0.0000,  70, 95, 45
L 228.4185, -2225.0262, 0.0000,  237.5892, -2238.5966, 0.0000,  70, 95, 45
L 237.5892, -2238.5966, 0.0000,  246.7600, -2225.0262, 0.0000,  70, 95, 45
L 228.4185, -2225.0262, 0.0000,  246.7600, -2225.0262, 0.0000,  70, 95, 45
L -591.9159, -398.4488, 0.0000,  -591.6261, -408.7075, 0.0000,  120, 80, 40
L -591.6261, -408.7075, 0.0000,  -590.7569, -418.9662, 0.0000,  120, 80, 40
L -590.7569, -418.9662, 0.0000,  -589.3082, -429.2250, 0.0000,  120, 80, 40
L -589.3082, -429.2250, 0.0000,  -587.2800, -439.4837, 0.0000,  120, 80, 40
L -587.2800, -439.4837, 0.0000,  -584.6723, -449.7424, 0.0000,  120, 80, 40
L -584.6723, -449.7424, 0.0000,  -573.8813, -456.5387, 0.0000,  96, 110, 48
L -573.8813, -456.5387, 0.0000,  -563.0903, -449.0868, 0.0000,  96, 110, 48
L -584.6723, -449.7424, 0.0000,  -577.2493, -458.9336, 0.0000,  96, 110, 48
L -577.2493, -458.9336, 0.0000,  -569.8264, -453.8766, 0.0000,  96, 110, 48
L -584.6723, -449.7424, 0.0000,  -582.0303, -460.2570, 0.0000,  96, 110, 48
L -582.0303, -460.2570, 0.0000,  -579.3884, -456.5234, 0.0000,  96, 110, 48
L -584.6723, -449.7424, 0.0000,  -587.3142, -460.2570, 0.0000,  96, 110, 48
L -587.3142, -460.2570, 0.0000,  -589.9561, -456.5234, 0.0000,  96, 110, 48
L -584.6723, -449.7424, 0.0000,  -592.0952, -458.9336, 0.0000,  96, 110, 48
L -592.0952, -458.9336, 0.0000,  -599.5181, -453.8766, 0.0000,  96, 110, 48
L -584.6723, -449.7424, 0.0000,  -595.4632, -456.5387, 0.0000,  96, 110, 48
L -595.4632, -456.5387, 0.0000,  -606.2542, -449.0868, 0.0000,  96, 110, 48
L -187.2974, -1446.4944, 0.0000,  -184.6245, -1440.3065, 0.0000,  70, 95, 45
L -184.6245, -1440.3065, 0.0000,  -189.4653, -1435.6206, 0.0000,  70, 95, 45
L -189.4653, -1435.6206, 0.0000,  -195.0384, -1432.5648, 0.0000,  70, 95, 45
L -195.0384, -1432.5648, 0.0000,  -197.8445, -1426.6447, 0.0000,  70, 95, 45
L -197.8445, -1426.6447, 0.0000,  -204.0143, -1423.9871, 0.0000,  70, 95, 45
L -204.0143, -1423.9871, 0.0000,  -210.8675, -1426.6113, 0.0000,  70, 95, 45
L -210.8675, -1426.6113, 0.0000,  -217.1238, -1425.9476, 0.0000,  70, 95, 45
L -217.1238, -1425.9476, 0.0000,  -224.4875, -1425.7348, 0.0000,  70, 95, 45
L -224.4875, -1425.7348, 0.0000,  -227.8905, -1431.5142, 0.0000,  70, 95, 45
L -227.8905, -1431.5142, 0.0000,  -230.4790, -1436.5305, 0.0000,  70, 95, 45
L -230.4790, -1436.5305, 0.0000,  -236.5136, -1440.4472, 0.0000,  70, 95, 45
L -236.5136, -1440.4472, 0.0000,  -236.8255, -1446.4944, 0.0000,  70, 95, 45
L -236.8255, -1446.4944, 0.0000,  -232.4650, -1451.5870, 0.0000,  70, 95, 45
L -232.4650, -1451.5870, 0.0000,  -232.3579, -1457.4130, 0.0000,  70, 95, 45
L -232.3579, -1457.4130, 0.0000,  -230.0601, -1463.3839, 0.0000,  70, 95, 45
L -230.0601, -1463.3839, 0.0000,  -222.6086, -1464.3902, 0.0000,  70, 95, 45
L -222.6086, -1464.3902, 0.0000,  -216.8331, -1466.0867, 0.0000,  70, 95, 45
L -216.8331, -1466.0867, 0.0000,  -210.8675, -1470.1961, 0.0000,  70, 95, 45
L -210.8675, -1470.1961, 0.0000,  -204.3050, -1468.0472, 0.0000,  70, 95, 45
L -204.3050, -1468.0472, 0.0000,  -199.7234, -1463.4803, 0.0000,  70, 95, 45
L -199.7234, -1463.4803, 0.0000,  -192.8688, -1462.3333, 0.0000,  70, 95, 45
L -192.8688, -1462.3333, 0.0000,  -187.5863, -1458.3229, 0.0000,  70, 95, 45
L -187.5863, -1458.3229, 0.0000,  -188.6731, -1451.7278, 0.0000,  70, 95, 45
L -188.6731, -1451.7278, 0.0000,  -187.2974, -1446.4944, 0.0000,  70, 95, 45
L -210.8675, -1426.1879, 0.0000,  -210.8675, -1408.6200, 0.0000,  120, 80, 40
L -642.1119, -497.1025, 0.0000,  -645.2121, -493.1491, 0.0000,  70, 95, 45
L -645.2121, -493.1491, 0.0000,  -644.9184, -488.4348, 0.0000,  70, 95, 45
L -644.9184, -488.4348, 0.0000,  -647.1321, -484.0376, 0.0000,  70, 95, 45
L -647.1321, -484.0376, 0.0000,  -652.9869, -483.3973, 0.0000,  70, 95, 45
L -652.9869, -483.3973, 0.0000,  -657.2561, -481.5930, 0.0000,  70, 95, 45
L -657.2561, -481.5930, 0.0000,  -661.9786, -478.5143, 0.0000,  70, 95, 45
L -661.9786, -478.5143, 0.0000,  -666.9922, -480.6368, 0.0000,  70, 95, 45
L -666.9922, -480.6368, 0.0000,  -670.6792, -483.8410, 0.0000,  70, 95, 45
L -670.6792, -483.8410, 0.0000,  -676.2429, -484.5500, 0.0000,  70, 95, 45
L -676.2429, -484.5500, 0.0000,  -679.9122, -487.9910, 0.0000,  70, 95, 45
L -679.9122, -487.9910, 0.0000,  -679.0363, -493.0804, 0.0000,  70, 95, 45
L -679.0363, -493.0804, 0.0000,  -680.6808, -497.1025, 0.0000,  70, 95, 45
L -680.6808, -497.1025, 0.0000,  -682.4668, -501.9336, 0.0000,  70, 95, 45
L -682.4668, -501.9336, 0.0000,  -678.3201, -505.4051, 0.0000,  70, 95, 45
L -678.3201, -505.4051, 0.0000,  -674.4044, -508.0373, 0.0000,  70, 95, 45
L -674.4044, -508.0373, 0.0000,  -672.2714, -512.7908, 0.0000,  70, 95, 45
L -672.2714, -512.7908, 0.0000,  -667.2385, -514.3771, 0.0000,  70, 95, 45
L -667.2385, -514.3771, 0.0000,  -661.9786, -512.4550, 0.0000,  70, 95, 45
L -661.9786, -512.4550, 0.0000,  -657.0098, -513.4210, 0.0000,  70, 95, 45
L -657.0098, -513.4210, 0.0000,  -651.3947, -513.2345, 0.0000,  70, 95, 45
L -651.3947, -513.2345, 0.0000,  -648.9705, -508.5497, 0.0000,  70, 95, 45
L -648.9705, -508.5497, 0.0000,  -646.5105, -504.9614, 0.0000,  70, 95, 45
L -646.5105, -504.9614, 0.0000,  -641.7815, -501.8649, 0.0000,  70, 95, 45
L -641.7815, -501.8649, 0.0000,  -642.1119, -497.1025, 0.0000,  70, 95, 45
L -661.9786, -481.2893, 0.0000,  -661.9786, -467.6086, 0.0000,  120, 80, 40
L 576.3834, -189.7545, 0.0000,  576.7248, -199.3266, 0.0000,  120, 80, 40
L 576.7248, -199.3266, 0.0000,  577.7492, -208.8987, 0.0000,  120, 80, 40
L 577.7492, -208.8987, 0.0000,  579.4563, -218.4708, 0.0000,  120, 80, 40
L 579.4563, -218.4708, 0.0000,  581.8464, -228.0429, 0.0000,  120, 80, 40
L 581.8464, -228.0429, 0.0000,  584.9194, -237.6150, 0.0000,  120, 80, 40
L 584.9194, -237.6150, 0.0000,  594.9881, -243.9565, 0.0000,  96, 110, 48
L 594.9881, -243.9565, 0.0000,  605.0568, -237.0034, 0.0000,  96, 110, 48
L 584.9194, -237.6150, 0.0000,  591.8455, -246.1911, 0.0000,  96, 110, 48
L 591.8455, -246.1911, 0.0000,  598.7716, -241.4725, 0.0000,  96, 110, 48
L 584.9194, -237.6150, 0.0000,  587.3845, -247.4259, 0.0000,  96, 110, 48
L 587.3845, -247.4259, 0.0000,  589.8496, -243.9421, 0.0000,  96, 110, 48
L 584.9194, -237.6150, 0.0000,  582.4543, -247.4259, 0.0000,  96, 110, 48
L 582.4543, -247.4259, 0.0000,  579.9892, -243.9421, 0.0000,  96, 110, 48
L 584.9194, -237.6150, 0.0000,  577.9933, -246.1911, 0.0000,  96, 110, 48
L 577.9933, -246.1911, 0.0000,  571.0672, -241.4725, 0.0000,  96, 110, 48
L 584.9194, -237.6150, 0.0000,  574.8506, -243.9565, 0.0000,  96, 110, 48
L 574.8506, -243.9565, 0.0000,  564.7819, -237.0034, 0.0000,  96, 110, 48
L 285.0934, 2146.4800, 0.0000,  285.3800, 2139.2958, 0.0000,  120, 80, 40
L 285.3800, 2139.2958, 0.0000,  286.2398, 2132.1117, 0.0000,  120, 80, 40
L 286.2398, 2132.1117, 0.0000,  287.6728, 2124.9275, 0.0000,  120, 80, 40
L 287.6728, 2124.9275, 0.0000,  289.6789, 2117.7433, 0.0000,  120, 80, 40
L 289.6789, 2117.7433, 0.0000,  292.2582, 2110.5591, 0.0000,  120, 80, 40
L 292.2582, 2110.5591, 0.0000,  299.8151, 2105.7997, 0.0000,  96, 110, 48
L 299.8151, 2105.7997, 0.0000,  307.3720, 2111.0182, 0.0000,  96, 110, 48
L 292.2582, 2110.5591, 0.0000,  297.4565, 2104.1225, 0.0000,  96, 110, 48
L 297.4565, 2104.1225, 0.0000,  302.6547, 2107.6640, 0.0000,  96, 110, 48
L 292.2582, 2110.5591, 0.0000,  294.1084, 2103.1958, 0.0000,  96, 110, 48
L 294.1084, 2103.1958, 0.0000,  295.9585, 2105.8104, 0.0000,  96, 110, 48
L 292.2582, 2110.5591, 0.0000,  290.4081, 2103.1958, 0.0000,  96, 110, 48
L 290.4081, 2103.1958, 0.0000,  288.5579, 2105.8104, 0.0000,  96, 110, 48
L 292.2582, 2110.5591, 0.0000,  287.0600, 2104.1225, 0.0000,  96, 110, 48
L 287.0600, 2104.1225, 0.0000,  281.8617, 2107.6640, 0.0000,  96, 110, 48
L 292.2582, 2110.5591, 0.0000,  284.7013, 2105.7997, 0.0000,  96, 110, 48
L 284.7013, 2105.7997, 0.0000,  277.1444, 2111.0182, 0.0000,  96, 110, 48
L 750.4996, -1247.7670, 0.0000,  750.4681, -1255.7762, 0.0000,  120, 80, 40
L 750.4681, -1255.7762, 0.0000,  750.3738, -1263.7854, 0.0000,  120, 80, 40
L 750.3738, -1263.7854, 0.0000,  750.2165, -1271.7947, 0.0000,  120, 80, 40
L 750.2165, -1271.7947, 0.0000,  749.9964, -1279.8039, 0.0000,  120, 80, 40
L 749.9964, -1279.8039, 0.0000,  749.7133, -1287.8131, 0.0000,  120, 80, 40
L 749.7133, -1287.8131, 0.0000,  758.1381, -1293.1191, 0.0000,  96, 110, 48
L 758.1381, -1293.1191, 0.0000,  766.5628, -1287.3013, 0.0000,  96, 110, 48
L 749.7133, -1287.8131, 0.0000,  755.5086, -1294.9888, 0.0000,  96, 110, 48
L 755.5086, -1294.9888, 0.0000,  761.3038, -1291.0407, 0.0000,  96, 110, 48
L 749.7133, -1287.8131, 0.0000,  751.7760, -1296.0220, 0.0000,  96, 110, 48
L 751.7760, -1296.0220, 0.0000,  753.8386, -1293.1071, 0.0000,  96, 110, 48
L 749.7133, -1287.8131, 0.0000,  747.6507, -1296.0220, 0.0000,  96, 110, 48
L 747.6507, -1296.0220, 0.0000,  745.5881, -1293.1071, 0.0000,  96, 110, 48
L 749.7133, -1287.8131, 0.0000,  743.9181, -1294.9888, 0.0000,  96, 110, 48
L 743.9181, -1294.9888, 0.0000,  738.1229, -1291.0407, 0.0000,  96, 110, 48
L 749.7133, -1287.8131, 0.0000,  741.2886, -1293.1191, 0.0000,  96, 110, 48
L 741.2886, -1293.1191, 0.0000,  732.8638, -1287.3013, 0.0000,  96, 110, 48
L -617.1174, 1414.6634, 0.0000,  -616.1291, 1420.3654, 0.0000,  70, 95, 45
L -616.1291, 1420.3654, 0.0000,  -616.0296, 1427.0001, 0.0000,  70, 95, 45
L -616.0296, 1427.0001, 0.0000,  -622.8864, 1429.9971, 0.0000,  70, 95, 45
L -622.8864, 1429.9971, 0.0000,  -628.6125, 1432.4943, 0.0000,  70, 95, 45
L -628.6125, 1432.4943, 0.0000,  -633.2097, 1437.9855, 0.0000,  70, 95, 45
L -633.2097, 1437.9855, 0.0000,  -640.3110, 1438.0634, 0.0000,  70, 95, 45
L -640.3110, 1438.0634, 0.0000,  -646.2609, 1434.2042, 0.0000,  70, 95, 45
L -646.2609, 1434.2042, 0.0000,  -653.1608, 1434.2492, 0.0000,  70, 95, 45
L -653.1608, 1434.2492, 0.0000,  -660.0383, 1432.0234, 0.0000,  70, 95, 45
L -660.0383, 1432.0234, 0.0000,  -661.1384, 1425.2452, 0.0000,  70, 95, 45
L -661.1384, 1425.2452, 0.0000,  -663.3416, 1420.0939, 0.0000,  70, 95, 45
L -663.3416, 1420.0939, 0.0000,  -668.1100, 1414.6634, 0.0000,  70, 95, 45
L -668.1100, 1414.6634, 0.0000,  -665.3842, 1408.7513, 0.0000,  70, 95, 45
L -665.3842, 1408.7513, 0.0000,  -660.1904, 1404.5633, 0.0000,  70, 95, 45
L -660.1904, 1404.5633, 0.0000,  -658.9436, 1398.2667, 0.0000,  70, 95, 45
L -658.9436, 1398.2667, 0.0000,  -654.1088, 1393.6327, 0.0000,  70, 95, 45
L -654.1088, 1393.6327, 0.0000,  -646.4076, 1394.6410, 0.0000,  70, 95, 45
L -646.4076, 1394.6410, 0.0000,  -640.3110, 1393.1900, 0.0000,  70, 95, 45
L -640.3110, 1393.1900, 0.0000,  -633.0631, 1390.8598, 0.0000,  70, 95, 45
L -633.0631, 1390.8598, 0.0000,  -627.6646, 1395.3876, 0.0000,  70, 95, 45
L -627.6646, 1395.3876, 0.0000,  -623.9811, 1400.2931, 0.0000,  70, 95, 45
L -623.9811, 1400.2931, 0.0000,  -616.9776, 1402.8084, 0.0000,  70, 95, 45
L -616.9776, 1402.8084, 0.0000,  -614.0865, 1408.4798, 0.0000,  70, 95, 45
L -614.0865, 1408.4798, 0.0000,  -617.1174, 1414.6634, 0.0000,  70, 95, 45
L -640.3110, 1435.5704, 0.0000,  -640.3110, 1453.6577, 0.0000,  120, 80, 40
L 978.0715, 2334.7644, 0.0000,  973.2924, 2340.0574, 0.0000,  70, 95, 45
L 973.2924, 2340.0574, 0.0000,  971.7023, 2345.3613, 0.0000,  70, 95, 45
L 971.7023, 2345.3613, 0.0000,  970.3851, 2351.9597, 0.0000,  70, 95, 45
L 970.3851, 2351.9597, 0.0000,  963.3208, 2353.7801, 0.0000,  70, 95, 45
L 963.3208, 2353.7801, 0.0000,  956.7435, 2354.1363, 0.0000,  70, 95, 45
L 956.7435, 2354.1363, 0.0000,  950.8450, 2358.1647, 0.0000,  70, 95, 45
L 950.8450, 2358.1647, 0.0000,  943.9125, 2357.5322, 0.0000,  70, 95, 45
L 943.9125, 2357.5322, 0.0000,  939.4031, 2352.2041, 0.0000,  70, 95, 45
L 939.4031, 2352.2041, 0.0000,  933.3729, 2350.1398, 0.0000,  70, 95, 45
L 933.3729, 2350.1398, 0.0000,  926.8857, 2346.9373, 0.0000,  70, 95, 45
L 926.8857, 2346.9373, 0.0000,  927.3635, 2340.3012, 0.0000,  70, 95, 45
L 927.3635, 2340.3012, 0.0000,  927.7545, 2334.7644, 0.0000,  70, 95, 45
L 927.7545, 2334.7644, 0.0000,  924.6899, 2328.5971, 0.0000,  70, 95, 45
L 924.6899, 2328.5971, 0.0000,  928.1265, 2323.2218, 0.0000,  70, 95, 45
L 928.1265, 2323.2218, 0.0000,  934.8056, 2320.6497, 0.0000,  70, 95, 45
L 934.8056, 2320.6497, 0.0000,  938.1623, 2315.4334, 0.0000,  70, 95, 45
L 938.1623, 2315.4334, 0.0000,  943.7205, 2311.3661, 0.0000,  70, 95, 45
L 943.7205, 2311.3661, 0.0000,  950.8450, 2313.8857, 0.0000,  70, 95, 45
L 950.8450, 2313.8857, 0.0000,  956.9355, 2314.7620, 0.0000,  70, 95, 45
L 956.9355, 2314.7620, 0.0000,  964.5616, 2313.8574, 0.0000,  70, 95, 45
L 964.5616, 2313.8574, 0.0000,  968.9523, 2318.8299, 0.0000,  70, 95, 45
L 968.9523, 2318.8299, 0.0000,  970.4615, 2324.7979, 0.0000,  70, 95, 45
L 970.4615, 2324.7979, 0.0000,  975.9660, 2328.8409, 0.0000,  70, 95, 45
L 975.9660, 2328.8409, 0.0000,  978.0715, 2334.7644, 0.0000,  70, 95, 45
L 950.8450, 2355.3943, 0.0000,  950.8450, 2373.2421, 0.0000,  120, 80, 40
L 399.6927, 1519.5858, 0.0000,  399.3232, 1511.0960, 0.0000,  120, 80, 40
L 399.3232, 1511.0960, 0.0000,  398.2149, 1502.6062, 0.0000,  120, 80, 40
L 398.2149, 1502.6062, 0.0000,  396.3677, 1494.1164, 0.0000,  120, 80, 40
L 396.3677, 1494.1164, 0.0000,  393.7816, 1485.6266, 0.0000,  120, 80, 40
L 393.7816, 1485.6266, 0.0000,  390.4567, 1477.1368, 0.0000,  120, 80, 40
L 390.4567, 1477.1368, 0.0000,  399.3869, 1471.5124, 0.0000,  96, 110, 48
L 399.3869, 1471.5124, 0.0000,  408.3172, 1477.6793, 0.0000,  96, 110, 48
L 390.4567, 1477.1368, 0.0000,  396.5996, 1469.5305, 0.0000,  96, 110, 48
L 396.5996, 1469.5305, 0.0000,  402.7426, 1473.7155, 0.0000,  96, 110, 48
L 390.4567, 1477.1368, 0.0000,  392.6430, 1468.4353, 0.0000,  96, 110, 48
L 392.6430, 1468.4353, 0.0000,  394.8294, 1471.5251, 0.0000,  96, 110, 48
L 390.4567, 1477.1368, 0.0000,  388.2703, 1468.4353, 0.0000,  96, 110, 48
L 388.2703, 1468.4353, 0.0000,  386.0839, 1471.5251, 0.0000,  96, 110, 48
L 390.4567, 1477.1368, 0.0000,  384.3137, 1469.5305, 0.0000,  96, 110, 48
L 384.3137, 1469.5305, 0.0000,  378.1707, 1473.7155, 0.0000,  96, 110, 48
L 390.4567, 1477.1368, 0.0000,  381.5264, 1471.5124, 0.0000,  96, 110, 48
L 381.5264, 1471.5124, 0.0000,  372.5961, 1477.6793, 0.0000,  96, 110, 48
L -1191.2367, -2180.5361, 0.0000,  -1189.0892, -2175.7901, 0.0000,  70, 95, 45
L -1189.0892, -2175.7901, 0.0000,  -1192.6292, -2172.1084, 0.0000,  70, 95, 45
L -1192.6292, -2172.1084, 0.0000,  -1197.0773, -2169.8533, 0.0000,  70, 95, 45
L -1197.0773, -2169.8533, 0.0000,  -1199.2770, -2165.3856, 0.0000,  70, 95, 45
L -1199.2770, -2165.3856, 0.0000,  -1203.9210, -2163.1432, 0.0000,  70, 95, 45
L -1203.9210, -2163.1432, 0.0000,  -1209.2169, -2165.1812, 0.0000,  70, 95, 45
L -1209.2169, -2165.1812, 0.0000,  -1213.9860, -2164.8734, 0.0000,  70, 95, 45
L -1213.9860, -2164.8734, 0.0000,  -1219.6837, -2164.5826, 0.0000,  70, 95, 45
L -1219.6837, -2164.5826, 0.0000,  -1222.4102, -2168.9260, 0.0000,  70, 95, 45
L -1222.4102, -2168.9260, 0.0000,  -1224.2241, -2172.9114, 0.0000,  70, 95, 45
L -1224.2241, -2172.9114, 0.0000,  -1228.8178, -2175.9143, 0.0000,  70, 95, 45
L -1228.8178, -2175.9143, 0.0000,  -1229.3045, -2180.5361, 0.0000,  70, 95, 45
L -1229.3045, -2180.5361, 0.0000,  -1225.8599, -2184.4604, 0.0000,  70, 95, 45
L -1225.8599, -2184.4604, 0.0000,  -1225.5969, -2188.8583, 0.0000,  70, 95, 45
L -1225.5969, -2188.8583, 0.0000,  -1223.9953, -2193.5411, 0.0000,  70, 95, 45
L -1223.9953, -2193.5411, 0.0000,  -1218.3109, -2194.3972, 0.0000,  70, 95, 45
L -1218.3109, -2194.3972, 0.0000,  -1213.7737, -2195.5014, 0.0000,  70, 95, 45
L -1213.7737, -2195.5014, 0.0000,  -1209.2169, -2198.6809, 0.0000,  70, 95, 45
L -1209.2169, -2198.6809, 0.0000,  -1204.1334, -2197.2316, 0.0000,  70, 95, 45
L -1204.1334, -2197.2316, 0.0000,  -1200.6498, -2193.5942, 0.0000,  70, 95, 45
L -1200.6498, -2193.5942, 0.0000,  -1195.4922, -2192.6139, 0.0000,  70, 95, 45
L -1195.4922, -2192.6139, 0.0000,  -1191.2564, -2189.6613, 0.0000,  70, 95, 45
L -1191.2564, -2189.6613, 0.0000,  -1192.0471, -2184.5847, 0.0000,  70, 95, 45
L -1192.0471, -2184.5847, 0.0000,  -1191.2367, -2180.5361, 0.0000,  70, 95, 45
L -1209.2169, -2164.9283, 0.0000,  -1209.2169, -2151.4254, 0.0000,  120, 80, 40
L 309.6269, -2023.9824, 0.0000,  306.0447, -2019.4175, 0.0000,  70, 95, 45
L 306.0447, -2019.4175, 0.0000,  306.3813, -2013.9754, 0.0000,  70, 95, 45
L 306.3813, -2013.9754, 0.0000,  303.8286, -2008.8962, 0.0000,  70, 95, 45
L 303.8286, -2008.8962, 0.0000,  297.0685, -2008.1561, 0.0000,  70, 95, 45
L 297.0685, -2008.1561, 0.0000,  292.1373, -2006.0763, 0.0000,  70, 95, 45
L 292.1373, -2006.0763, 0.0000,  286.6852, -2002.5204, 0.0000,  70, 95, 45
L 286.6852, -2002.5204, 0.0000,  280.8955, -2004.9680, 0.0000,  70, 95, 45
L 280.8955, -2004.9680, 0.0000,  276.6393, -2008.6705, 0.0000,  70, 95, 45
L 276.6393, -2008.6705, 0.0000,  270.2167, -2009.4902, 0.0000,  70, 95, 45
L 270.2167, -2009.4902, 0.0000,  265.9765, -2013.4610, 0.0000,  70, 95, 45
L 265.9765, -2013.4610, 0.0000,  266.9881, -2019.3379, 0.0000,  70, 95, 45
L 266.9881, -2019.3379, 0.0000,  265.0933, -2023.9824, 0.0000,  70, 95, 45
L 265.0933, -2023.9824, 0.0000,  263.0286, -2029.5605, 0.0000,  70, 95, 45
L 263.0286, -2029.5605, 0.0000,  267.8142, -2033.5702, 0.0000,  70, 95, 45
L 267.8142, -2033.5702, 0.0000,  272.3386, -2036.6074, 0.0000,  70, 95, 45
L 272.3386, -2036.6074, 0.0000,  274.8017, -2042.0952, 0.0000,  70, 95, 45
L 274.8017, -2042.0952, 0.0000,  280.6112, -2043.9305, 0.0000,  70, 95, 45
L 280.6112, -2043.9305, 0.0000,  286.6852, -2041.7099, 0.0000,  70, 95, 45
L 286.6852, -2041.7099, 0.0000,  292.4216, -2042.8221, 0.0000,  70, 95, 45
L 292.4216, -2042.8221, 0.0000,  298.9061, -2042.6096, 0.0000,  70, 95, 45
L 298.9061, -2042.6096, 0.0000,  301.7067, -2037.2013, 0.0000,  70, 95, 45
L 301.7067, -2037.2013, 0.0000,  304.5437, -2033.0558, 0.0000,  70, 95, 45
L 304.5437, -2033.0558, 0.0000,  310.0042, -2029.4809, 0.0000,  70, 95, 45
L 310.0042, -2029.4809, 0.0000,  309.6269, -2023.9824, 0.0000,  70, 95, 45
L 286.6852, -2005.7236, 0.0000,  286.6852, -1989.9273, 0.0000,  120, 80, 40
L -903.1314, 234.8437, 0.0000,  -902.8520, 224.1510, 0.0000,  120, 80, 40
L -902.8520, 224.1510, 0.0000,  -902.0137, 213.4583, 0.0000,  120, 80, 40
L -902.0137, 213.4583, 0.0000,  -900.6165, 202.7656, 0.0000,  120, 80, 40
L -900.6165, 202.7656, 0.0000,  -898.6604, 192.0729, 0.0000,  120, 80, 40
L -898.6604, 192.0729, 0.0000,  -896.1455, 181.3802, 0.0000,  120, 80, 40
L -896.1455, 181.3802, 0.0000,  -884.8980, 174.2964, 0.0000,  96, 110, 48
L -884.8980, 174.2964, 0.0000,  -873.6506, 182.0635, 0.0000,  96, 110, 48
L -896.1455, 181.3802, 0.0000,  -888.4086, 171.8002, 0.0000,  96, 110, 48
L -888.4086, 171.8002, 0.0000,  -880.6717, 177.0711, 0.0000,  96, 110, 48
L -896.1455, 181.3802, 0.0000,  -893.3918, 170.4208, 0.0000,  96, 110, 48
L -893.3918, 170.4208, 0.0000,  -890.6381, 174.3124, 0.0000,  96, 110, 48
L -896.1455, 181.3802, 0.0000,  -898.8992, 170.4208, 0.0000,  96, 110, 48
L -898.8992, 170.4208, 0.0000,  -901.6529, 174.3124, 0.0000,  96, 110, 48
L -896.1455, 181.3802, 0.0000,  -903.8824, 171.8002, 0.0000,  96, 110, 48
L -903.8824, 171.8002, 0.0000,  -911.6194, 177.0711, 0.0000,  96, 110, 48
L -896.1455, 181.3802, 0.0000,  -907.3930, 174.2964, 0.0000,  96, 110, 48
L -907.3930, 174.2964, 0.0000,  -918.6404, 182.0635, 0.0000,  96, 110, 48
L 418.5009, 2296.2206, 0.0000,  420.4385, 2300.3006, 0.0000,  70, 95, 45
L 420.4385, 2300.3006, 0.0000,  417.6173, 2303.5785, 0.0000,  70, 95, 45
L 417.6173, 2303.5785, 0.0000,  413.5941, 2305.4245, 0.0000,  70, 95, 45
L 413.5941, 2305.4245, 0.0000,  411.6262, 2309.1627, 0.0000,  70, 95, 45
L 411.6262, 2309.1627, 0.0000,  407.7367, 2311.3334, 0.0000,  70, 95, 45
L 407.7367, 2311.3334, 0.0000,  403.1351, 2309.5753, 0.0000,  70, 95, 45
L 403.1351, 2309.5753, 0.0000,  399.0648, 2309.5881, 0.0000,  70, 95, 45
L 399.0648, 2309.5881, 0.0000,  394.1126, 2309.9727, 0.0000,  70, 95, 45
L 394.1126, 2309.9727, 0.0000,  391.6133, 2306.3597, 0.0000,  70, 95, 45
L 391.6133, 2306.3597, 0.0000,  390.2470, 2302.7686, 0.0000,  70, 95, 45
L 390.2470, 2302.7686, 0.0000,  386.3631, 2300.1753, 0.0000,  70, 95, 45
L 386.3631, 2300.1753, 0.0000,  385.6437, 2296.2206, 0.0000,  70, 95, 45
L 385.6437, 2296.2206, 0.0000,  388.7008, 2292.8170, 0.0000,  70, 95, 45
L 388.7008, 2292.8170, 0.0000,  389.1621, 2289.1213, 0.0000,  70, 95, 45
L 389.1621, 2289.1213, 0.0000,  390.3605, 2284.9789, 0.0000,  70, 95, 45
L 390.3605, 2284.9789, 0.0000,  395.1975, 2284.1221, 0.0000,  70, 95, 45
L 395.1975, 2284.1221, 0.0000,  399.2327, 2283.4042, 0.0000,  70, 95, 45
L 399.2327, 2283.4042, 0.0000,  403.1351, 2280.6609, 0.0000,  70, 95, 45
L 403.1351, 2280.6609, 0.0000,  407.5689, 2281.6590, 0.0000,  70, 95, 45
L 407.5689, 2281.6590, 0.0000,  410.5412, 2284.9321, 0.0000,  70, 95, 45
L 410.5412, 2284.9321, 0.0000,  414.8469, 2285.9142, 0.0000,  70, 95, 45
L 414.8469, 2285.9142, 0.0000,  418.7023, 2288.3114, 0.0000,  70, 95, 45
L 418.7023, 2288.3114, 0.0000,  418.1008, 2292.6917, 0.0000,  70, 95, 45
L 418.1008, 2292.6917, 0.0000,  418.5009, 2296.2206, 0.0000,  70, 95, 45
L 403.1351, 2309.6920, 0.0000,  403.1351, 2321.3467, 0.0000,  120, 80, 40
L -437.2704, 773.5750, 0.0000,  -437.2286, 763.6262, 0.0000,  120, 80, 40
L -437.2286, 763.6262, 0.0000,  -437.1031, 753.6774, 0.0000,  120, 80, 40
L -437.1031, 753.6774, 0.0000,  -436.8940, 743.7287, 0.0000,  120, 80, 40
L -436.8940, 743.7287, 0.0000,  -436.6013, 733.7799, 0.0000,  120, 80, 40
L -436.6013, 733.7799, 0.0000,  -436.2249, 723.8311, 0.0000,  120, 80, 40
L -436.2249, 723.8311, 0.0000,  -425.7600, 717.2401, 0.0000,  96, 110, 48
L -425.7600, 717.2401, 0.0000,  -415.2950, 724.4669, 0.0000,  96, 110, 48
L -436.2249, 723.8311, 0.0000,  -429.0263, 714.9176, 0.0000,  96, 110, 48
L -429.0263, 714.9176, 0.0000,  -421.8276, 719.8218, 0.0000,  96, 110, 48
L -436.2249, 723.8311, 0.0000,  -433.6628, 713.6342, 0.0000,  96, 110, 48
L -433.6628, 713.6342, 0.0000,  -431.1007, 717.2550, 0.0000,  96, 110, 48
L -436.2249, 723.8311, 0.0000,  -438.7870, 713.6342, 0.0000,  96, 110, 48
L -438.7870, 713.6342, 0.0000,  -441.3491, 717.2550, 0.0000,  96, 110, 48
L -436.2249, 723.8311, 0.0000,  -443.4236, 714.9176, 0.0000,  96, 110, 48
L -443.4236, 714.9176, 0.0000,  -450.6222, 719.8218, 0.0000,  96, 110, 48
L -436.2249, 723.8311, 0.0000,  -446.6899, 717.2401, 0.0000,  96, 110, 48
L -446.6899, 717.2401, 0.0000,  -457.1548, 724.4669, 0.0000,  96, 110, 48
L -970.3049, 1338.0973, 0.0000,  -970.3049, 1323.5339, 0.0000,  120, 80, 40
L -997.6113, 1326.2645, 0.0000,  -970.3049, 1304.6469, 0.0000,  70, 95, 45
L -970.3049, 1304.6469, 0.0000,  -942.9985, 1326.2645, 0.0000,  70, 95, 45
L -997.6113, 1326.2645, 0.0000,  -942.9985, 1326.2645, 0.0000,  70, 95, 45
L -993.3788, 1308.0602, 0.0000,  -970.3049, 1286.4427, 0.0000,  70, 95, 45
L -970.3049, 1286.4427, 0.0000,  -947.2310, 1308.0602, 0.0000,  70, 95, 45
L -993.3788, 1308.0602, 0.0000,  -947.2310, 1308.0602, 0.0000,  70, 95, 45
L -989.1463, 1289.8560, 0.0000,  -970.3049, 1268.2384, 0.0000,  70, 95, 45
L -970.3049, 1268.2384, 0.0000,  -951.4635, 1289.8560, 0.0000,  70, 95, 45
L -989.1463, 1289.8560, 0.0000,  -951.4635, 1289.8560, 0.0000,  70, 95, 45
L -984.9138, 1271.6517, 0.0000,  -970.3049, 1250.0341, 0.0000,  70, 95, 45
L -970.3049, 1250.0341, 0.0000,  -955.6960, 1271.6517, 0.0000,  70, 95, 45
L -984.9138, 1271.6517, 0.0000,  -955.6960, 1271.6517, 0.0000,  70, 95, 45
L 187.7878, 2517.8917, 0.0000,  187.7878, 2505.5305, 0.0000,  120, 80, 40
L 164.6104, 2507.8482, 0.0000,  187.7878, 2489.4995, 0.0000,  70, 95, 45
L 187.7878, 2489.4995, 0.0000,  210.9651, 2507.8482, 0.0000,  70, 95, 45
L 164.6104, 2507.8482, 0.0000,  210.9651, 2507.8482, 0.0000,  70, 95, 45
L 168.2029, 2492.3966, 0.0000,  187.7878, 2474.0479, 0.0000,  70, 95, 45
L 187.7878, 2474.0479, 0.0000,  207.3726, 2492.3966, 0.0000,  70, 95, 45
L 168.2029, 2492.3966, 0.0000,  207.3726, 2492.3966, 0.0000,  70, 95, 45
L 171.7954, 2476.9450, 0.0000,  187.7878, 2458.5963, 0.0000,  70, 95, 45
L 187.7878, 2458.5963, 0.0000,  203.7801, 2476.9450, 0.0000,  70, 95, 45
L 171.7954, 2476.9450, 0.0000,  203.7801, 2476.9450, 0.0000,  70, 95, 45
L 175.3879, 2461.4935, 0.0000,  187.7878, 2443.1447, 0.0000,  70, 95, 45
L 187.7878, 2443.1447, 0.0000,  200.1877, 2461.4935, 0.0000,  70, 95, 45
L 175.3879, 2461.4935, 0.0000,  200.1877, 2461.4935, 0.0000,  70, 95, 45
L 263.0822, 600.5160, 0.0000,  262.5225, 605.5205, 0.0000,  70, 95, 45
L 262.5225, 605.5205, 0.0000,  257.5521, 608.7739, 0.0000,  70, 95, 45
L 257.5521, 608.7739, 0.0000,  255.6089, 613.1090, 0.0000,  70, 95, 45
L 255.6089, 613.1090, 0.0000,  252.6394, 617.8017, 0.0000,  70, 95, 45
L 252.6394, 617.8017, 0.0000,  246.4612, 617.4710, 0.0000,  70, 95, 45
L 246.4612, 617.4710, 0.0000,  241.2986, 617.1644, 0.0000,  70, 95, 45
L 241.2986, 617.1644, 0.0000,  235.5565, 619.3742, 0.0000,  70, 95, 45
L 235.5565, 619.3742, 0.0000,  230.5372, 616.9184, 0.0000,  70, 95, 45
L 230.5372, 616.9184, 0.0000,  228.1472, 612.0891, 0.0000,  70, 95, 45
L 228.1472, 612.0891, 0.0000,  223.3066, 609.6571, 0.0000,  70, 95, 45
L 223.3066, 609.6571, 0.0000,  219.4952, 605.6571, 0.0000,  70, 95, 45
L 219.4952, 605.6571, 0.0000,  221.8329, 600.5160, 0.0000,  70, 95, 45
L 221.8329, 600.5160, 0.0000,  222.6787, 596.1255, 0.0000,  70, 95, 45
L 222.6787, 596.1255, 0.0000,  221.8291, 590.6242, 0.0000,  70, 95, 45
L 221.8291, 590.6242, 0.0000,  226.4412, 587.4415, 0.0000,  70, 95, 45
L 226.4412, 587.4415, 0.0000,  232.0147, 586.3655, 0.0000,  70, 95, 45
L 232.0147, 586.3655, 0.0000,  235.7850, 582.4084, 0.0000,  70, 95, 45
L 235.7850, 582.4084, 0.0000,  241.2986, 580.8649, 0.0000,  70, 95, 45
L 241.2986, 580.8649, 0.0000,  246.2326, 584.3116, 0.0000,  70, 95, 45
L 246.2326, 584.3116, 0.0000,  251.1619, 585.4822, 0.0000,  70, 95, 45
L 251.1619, 585.4822, 0.0000,  257.3149, 586.4216, 0.0000,  70, 95, 45
L 257.3149, 586.4216, 0.0000,  259.0296, 591.5074, 0.0000,  70, 95, 45
L 259.0296, 591.5074, 0.0000,  259.3390, 596.2621, 0.0000,  70, 95, 45
L 259.3390, 596.2621, 0.0000,  263.0822, 600.5160, 0.0000,  70, 95, 45
L 241.2986, 617.4282, 0.0000,  241.2986, 632.0596, 0.0000,  120, 80, 40
L 1063.3868, 2044.7528, 0.0000,  1063.3868, 2035.2594, 0.0000,  120, 80, 40
L 1045.5866, 2037.0394, 0.0000,  1063.3868, 2022.9476, 0.0000,  70, 95, 45
L 1063.3868, 2022.9476, 0.0000,  1081.1870, 2037.0394, 0.0000,  70, 95, 45
L 1045.5866, 2037.0394, 0.0000,  1081.1870, 2037.0394, 0.0000,  70, 95, 45
L 1048.3456, 2025.1726, 0.0000,  1063.3868, 2011.0808, 0.0000,  70, 95, 45
L 1063.3868, 2011.0808, 0.0000,  1078.4280, 2025.1726, 0.0000,  70, 95, 45
L 1048.3456, 2025.1726, 0.0000,  1078.4280, 2025.1726, 0.0000,  70, 95, 45
L 1051.1047, 2013.3058, 0.0000,  1063.3868, 1999.2140, 0.0000,  70, 95, 45
L 1063.3868, 1999.2140, 0.0000,  1075.6689, 2013.3058, 0.0000,  70, 95, 45
L 1051.1047, 2013.3058, 0.0000,  1075.6689, 2013.3058, 0.0000,  70, 95, 45
L 1053.8637, 2001.4390, 0.0000,  1063.3868, 1987.3472, 0.0000,  70, 95, 45
L 1063.3868, 1987.3472, 0.0000,  1072.9099, 2001.4390, 0.0000,  70, 95, 45
L 1053.8637, 2001.4390, 0.0000,  1072.9099, 2001.4390, 0.0000,  70, 95, 45
L 157.0884, -879.7250, 0.0000,  155.0745, -874.4213, 0.0000,  70, 95, 45
L 155.0745, -874.4213, 0.0000,  156.2303, -867.7099, 0.0000,  70, 95, 45
L 156.2303, -867.7099, 0.0000,  151.2820, -863.2688, 0.0000,  70, 95, 45
L 151.2820, -863.2688, 0.0000,  144.0173, -862.2951, 0.0000,  70, 95, 45
L 144.0173, -862.2951, 0.0000,  139.2031, -857.9796, 0.0000,  70, 95, 45
L 139.2031, -857.9796, 0.0000,  132.5819, -855.3015, 0.0000,  70, 95, 45
L 132.5819, -855.3015, 0.0000,  126.3914, -859.3941, 0.0000,  70, 95, 45
L 126.3914, -859.3941, 0.0000,  120.7158, -861.6386, 0.0000,  70, 95, 45
L 120.7158, -861.6386, 0.0000,  113.0204, -862.5108, 0.0000,  70, 95, 45
L 113.0204, -862.5108, 0.0000,  110.2255, -868.3664, 0.0000,  70, 95, 45
L 110.2255, -868.3664, 0.0000,  110.5200, -874.5229, 0.0000,  70, 95, 45
L 110.5200, -874.5229, 0.0000,  106.3526, -879.7250, 0.0000,  70, 95, 45
L 106.3526, -879.7250, 0.0000,  106.0675, -885.9769, 0.0000,  70, 95, 45
L 106.0675, -885.9769, 0.0000,  112.2919, -890.0337, 0.0000,  70, 95, 45
L 112.2919, -890.0337, 0.0000,  115.4064, -894.8394, 0.0000,  70, 95, 45
L 115.4064, -894.8394, 0.0000,  118.6494, -900.9609, 0.0000,  70, 95, 45
L 118.6494, -900.9609, 0.0000,  126.0717, -901.1057, 0.0000,  70, 95, 45
L 126.0717, -901.1057, 0.0000,  132.5819, -899.9489, 0.0000,  70, 95, 45
L 132.5819, -899.9489, 0.0000,  139.5227, -902.5202, 0.0000,  70, 95, 45
L 139.5227, -902.5202, 0.0000,  146.0837, -900.3044, 0.0000,  70, 95, 45
L 146.0837, -900.3044, 0.0000,  148.8960, -894.0813, 0.0000,  70, 95, 45
L 148.8960, -894.0813, 0.0000,  154.1639, -890.6901, 0.0000,  70, 95, 45
L 154.1639, -890.6901, 0.0000,  159.5269, -886.0785, 0.0000,  70, 95, 45
L 159.5269, -886.0785, 0.0000,  157.0884, -879.7250, 0.0000,  70, 95, 45
L 132.5819, -858.9233, 0.0000,  132.5819, -840.9270, 0.0000,  120, 80, 40
L 896.0912, 1602.3149, 0.0000,  897.5143, 1606.8818, 0.0000,  70, 95, 45
L 897.5143, 1606.8818, 0.0000,  897.0070, 1611.8975, 0.0000,  70, 95, 45
L 897.0070, 1611.8975, 0.0000,  891.4243, 1613.9998, 0.0000,  70, 95, 45
L 891.4243, 1613.9998, 0.0000,  887.4481, 1616.4932, 0.0000,  70, 95, 45
L 887.4481, 1616.4932, 0.0000,  883.7610, 1620.7558, 0.0000,  70, 95, 45
L 883.7610, 1620.7558, 0.0000,  878.1460, 1620.1517, 0.0000,  70, 95, 45
L 878.1460, 1620.1517, 0.0000,  873.5088, 1617.5442, 0.0000,  70, 95, 45
L 873.5088, 1617.5442, 0.0000,  867.8659, 1617.9837, 0.0000,  70, 95, 45
L 867.8659, 1617.9837, 0.0000,  862.9119, 1615.7209, 0.0000,  70, 95, 45
L 862.9119, 1615.7209, 0.0000,  862.2186, 1610.4071, 0.0000,  70, 95, 45
L 862.2186, 1610.4071, 0.0000,  859.7555, 1606.6512, 0.0000,  70, 95, 45
L 859.7555, 1606.6512, 0.0000,  856.2892, 1602.3149, 0.0000,  70, 95, 45
L 856.2892, 1602.3149, 0.0000,  859.0685, 1597.8165, 0.0000,  70, 95, 45
L 859.0685, 1597.8165, 0.0000,  862.5374, 1594.3846, 0.0000,  70, 95, 45
L 862.5374, 1594.3846, 0.0000,  863.2800, 1589.2328, 0.0000,  70, 95, 45
L 863.2800, 1589.2328, 0.0000,  867.5471, 1586.1600, 0.0000,  70, 95, 45
L 867.5471, 1586.1600, 0.0000,  873.4595, 1586.9235, 0.0000,  70, 95, 45
L 873.4595, 1586.9235, 0.0000,  878.1460, 1585.1259, 0.0000,  70, 95, 45
L 878.1460, 1585.1259, 0.0000,  883.8103, 1583.7119, 0.0000,  70, 95, 45
L 883.8103, 1583.7119, 0.0000,  887.7670, 1587.6505, 0.0000,  70, 95, 45
L 887.7670, 1587.6505, 0.0000,  891.0562, 1590.9539, 0.0000,  70, 95, 45
L 891.0562, 1590.9539, 0.0000,  896.6882, 1592.8942, 0.0000,  70, 95, 45
L 896.6882, 1592.8942, 0.0000,  898.2013, 1597.5859, 0.0000,  70, 95, 45
L 898.2013, 1597.5859, 0.0000,  896.0912, 1602.3149, 0.0000,  70, 95, 45
L 878.1460, 1618.6337, 0.0000,  878.1460, 1632.7517, 0.0000,  120, 80, 40
L 632.2385, 2371.6900, 0.0000,  632.2385, 2362.3351, 0.0000,  120, 80, 40
L 614.6980, 2364.0891, 0.0000,  632.2385, 2350.2029, 0.0000,  70, 95, 45
L 632.2385, 2350.2029, 0.0000,  649.7790, 2364.0891, 0.0000,  70, 95, 45
L 614.6980, 2364.0891, 0.0000,  649.7790, 2364.0891, 0.0000,  70, 95, 45
L 617.4167, 2352.3954, 0.0000,  632.2385, 2338.5092, 0.0000,  70, 95, 45
L 632.2385, 2338.5092, 0.0000,  647.0602, 2352.3954, 0.0000,  70, 95, 45
L 617.4167, 2352.3954, 0.0000,  647.0602, 2352.3954, 0.0000,  70, 95, 45
L 620.1355, 2340.7018, 0.0000,  632.2385, 2326.8155, 0.0000,  70, 95, 45
L 632.2385, 2326.8155, 0.0000,  644.3414, 2340.7018, 0.0000,  70, 95, 45
L 620.1355, 2340.7018, 0.0000,  644.3414, 2340.7018, 0.0000,  70, 95, 45
L 622.8543, 2329.0081, 0.0000,  632.2385, 2315.1219, 0.0000,  70, 95, 45
L 632.2385, 2315.1219, 0.0000,  641.6226, 2329.0081, 0.0000,  70, 95, 45
L 622.8543, 2329.0081, 0.0000,  641.6226, 2329.0081, 0.0000,  70, 95, 45
L 801.0139, 1215.3653, 0.0000,  801.0139, 1204.8488, 0.0000,  120, 80, 40
L 781.2954, 1206.8206, 0.0000,  801.0139, 1191.2101, 0.0000,  70, 95, 45
L 801.0139, 1191.2101, 0.0000,  820.7323, 1206.8206, 0.0000,  70, 95, 45
L 781.2954, 1206.8206, 0.0000,  820.7323, 1206.8206, 0.0000,  70, 95, 45
L 784.3518, 1193.6749, 0.0000,  801.0139, 1178.0645, 0.0000,  70, 95, 45
L 801.0139, 1178.0645, 0.0000,  817.6760, 1193.6749, 0.0000,  70, 95, 45
L 784.3518, 1193.6749, 0.0000,  817.6760, 1193.6749, 0.0000,  70, 95, 45
L 787.4081, 1180.5293, 0.0000,  801.0139, 1164.9188, 0.0000,  70, 95, 45
L 801.0139, 1164.9188, 0.0000,  814.6196, 1180.5293, 0.0000,  70, 95, 45
L 787.4081, 1180.5293, 0.0000,  814.6196, 1180.5293, 0.0000,  70, 95, 45
L 790.4645, 1167.3837, 0.0000,  801.0139, 1151.7732, 0.0000,  70, 95, 45
L 801.0139, 1151.7732, 0.0000,  811.5633, 1167.3837, 0.0000,  70, 95, 45
L 790.4645, 1167.3837, 0.0000,  811.5633, 1167.3837, 0.0000,  70, 95, 45
L 322.9678, -1680.1465, 0.0000,  324.2536, -1675.4755, 0.0000,  70, 95, 45
L 324.2536, -1675.4755, 0.0000,  323.9167, -1670.2530, 0.0000,  70, 95, 45
L 323.9167, -1670.2530, 0.0000,  318.2165, -1668.0267, 0.0000,  70, 95, 45
L 318.2165, -1668.0267, 0.0000,  313.9728, -1665.6227, 0.0000,  70, 95, 45
L 313.9728, -1665.6227, 0.0000,  310.2112, -1661.2059, 0.0000,  70, 95, 45
L 310.2112, -1661.2059, 0.0000,  304.4441, -1661.6376, 0.0000,  70, 95, 45
L 304.4441, -1661.6376, 0.0000,  299.6676, -1664.4597, 0.0000,  70, 95, 45
L 299.6676, -1664.4597, 0.0000,  293.9246, -1664.1126, 0.0000,  70, 95, 45
L 293.9246, -1664.1126, 0.0000,  288.6901, -1666.2830, 0.0000,  70, 95, 45
L 288.6901, -1666.2830, 0.0000,  287.9437, -1671.7631, 0.0000,  70, 95, 45
L 287.9437, -1671.7631, 0.0000,  285.6252, -1675.7091, 0.0000,  70, 95, 45
L 285.6252, -1675.7091, 0.0000,  281.9574, -1680.1465, 0.0000,  70, 95, 45
L 281.9574, -1680.1465, 0.0000,  284.6406, -1684.8160, 0.0000,  70, 95, 45
L 284.6406, -1684.8160, 0.0000,  288.4006, -1688.2976, 0.0000,  70, 95, 45
L 288.4006, -1688.2976, 0.0000,  289.2178, -1693.5456, 0.0000,  70, 95, 45
L 289.2178, -1693.5456, 0.0000,  293.4676, -1696.8768, 0.0000,  70, 95, 45
L 293.4676, -1696.8768, 0.0000,  299.5969, -1696.0654, 0.0000,  70, 95, 45
L 299.5969, -1696.0654, 0.0000,  304.4441, -1697.7267, 0.0000,  70, 95, 45
L 304.4441, -1697.7267, 0.0000,  310.2819, -1699.3192, 0.0000,  70, 95, 45
L 310.2819, -1699.3192, 0.0000,  314.4298, -1695.3667, 0.0000,  70, 95, 45
L 314.4298, -1695.3667, 0.0000,  317.6889, -1691.8019, 0.0000,  70, 95, 45
L 317.6889, -1691.8019, 0.0000,  323.4597, -1689.8077, 0.0000,  70, 95, 45
L 323.4597, -1689.8077, 0.0000,  325.2382, -1685.0496, 0.0000,  70, 95, 45
L 325.2382, -1685.0496, 0.0000,  322.9678, -1680.1465, 0.0000,  70, 95, 45
L 304.4441, -1663.3322, 0.0000,  304.4441, -1648.7856, 0.0000,  120, 80, 40
L 161.7661, 1900.3790, 0.0000,  161.7661, 1890.5405, 0.0000,  120, 80, 40
L 143.3190, 1892.3853, 0.0000,  161.7661, 1877.7813, 0.0000,  70, 95, 45
L 161.7661, 1877.7813, 0.0000,  180.2132, 1892.3853, 0.0000,  70, 95, 45
L 143.3190, 1892.3853, 0.0000,  180.2132, 1892.3853, 0.0000,  70, 95, 45
L 146.1783, 1880.0872, 0.0000,  161.7661, 1865.4832, 0.0000,  70, 95, 45
L 161.7661, 1865.4832, 0.0000,  177.3539, 1880.0872, 0.0000,  70, 95, 45
L 146.1783, 1880.0872, 0.0000,  177.3539, 1880.0872, 0.0000,  70, 95, 45
L 149.0376, 1867.7891, 0.0000,  161.7661, 1853.1852, 0.0000,  70, 95, 45
L 161.7661, 1853.1852, 0.0000,  174.4946, 1867.7891, 0.0000,  70, 95, 45
L 149.0376, 1867.7891, 0.0000,  174.4946, 1867.7891, 0.0000,  70, 95, 45
L 151.8969, 1855.4911, 0.0000,  161.7661, 1840.8871, 0.0000,  70, 95, 45
L 161.7661, 1840.8871, 0.0000,  171.6353, 1855.4911, 0.0000,  70, 95, 45
L 151.8969, 1855.4911, 0.0000,  171.6353, 1855.4911, 0.0000,  70, 95, 45
L 988.3962, 1946.3494, 0.0000,  988.3962, 1935.1323, 0.0000,  120, 80, 40
L 967.3641, 1937.2355, 0.0000,  988.3962, 1920.5851, 0.0000,  70, 95, 45
L 988.3962, 1920.5851, 0.0000,  1009.4282, 1937.2355, 0.0000,  70, 95, 45
L 967.3641, 1937.2355, 0.0000,  1009.4282, 1937.2355, 0.0000,  70, 95, 45
L 970.6241, 1923.2141, 0.0000,  988.3962, 1906.5638, 0.0000,  70, 95, 45
L 988.3962, 1906.5638, 0.0000,  1006.1682, 1923.2141, 0.0000,  70, 95, 45
L 970.6241, 1923.2141, 0.0000,  1006.1682, 1923.2141, 0.0000,  70, 95, 45
L 973.8840, 1909.1928, 0.0000,  988.3962, 1892.5424, 0.0000,  70, 95, 45
L 988.3962, 1892.5424, 0.0000,  1002.9083, 1909.1928, 0.0000,  70, 95, 45
L 973.8840, 1909.1928, 0.0000,  1002.9083, 1909.1928, 0.0000,  70, 95, 45
L 977.1440, 1895.1714, 0.0000,  988.3962, 1878.5210, 0.0000,  70, 95, 45
L 988.3962, 1878.5210, 0.0000,  999.6483, 1895.1714, 0.0000,  70, 95, 45
L 977.1440, 1895.1714, 0.0000,  999.6483, 1895.1714, 0.0000,  70, 95, 45
L -1064.5060, -1627.6418, 0.0000,  -1068.5111, -1623.0463, 0.0000,  70, 95, 45
L -1068.5111, -1623.0463, 0.0000,  -1070.4615, -1618.7308, 0.0000,  70, 95, 45
L -1070.4615, -1618.7308, 0.0000,  -1071.3616, -1612.9997, 0.0000,  70, 95, 45
L -1071.3616, -1612.9997, 0.0000,  -1077.1212, -1611.0598, 0.0000,  70, 95, 45
L -1077.1212, -1611.0598, 0.0000,  -1082.9800, -1611.1539, 0.0000,  70, 95, 45
L -1082.9800, -1611.1539, 0.0000,  -1088.0003, -1607.9369, 0.0000,  70, 95, 45
L -1088.0003, -1607.9369, 0.0000,  -1094.0057, -1607.9191, 0.0000,  70, 95, 45
L -1094.0057, -1607.9191, 0.0000,  -1097.8945, -1612.5611, 0.0000,  70, 95, 45
L -1097.8945, -1612.5611, 0.0000,  -1102.6692, -1614.7332, 0.0000,  70, 95, 45
L -1102.6692, -1614.7332, 0.0000,  -1108.4941, -1617.2295, 0.0000,  70, 95, 45
L -1108.4941, -1617.2295, 0.0000,  -1108.4745, -1622.8140, 0.0000,  70, 95, 45
L -1108.4745, -1622.8140, 0.0000,  -1107.5549, -1627.6418, 0.0000,  70, 95, 45
L -1107.5549, -1627.6418, 0.0000,  -1110.0931, -1632.8511, 0.0000,  70, 95, 45
L -1110.0931, -1632.8511, 0.0000,  -1107.7429, -1637.6723, 0.0000,  70, 95, 45
L -1107.7429, -1637.6723, 0.0000,  -1101.8018, -1639.7870, 0.0000,  70, 95, 45
L -1101.8018, -1639.7870, 0.0000,  -1098.6457, -1643.8674, 0.0000,  70, 95, 45
L -1098.6457, -1643.8674, 0.0000,  -1094.1219, -1647.7461, 0.0000,  70, 95, 45
L -1094.1219, -1647.7461, 0.0000,  -1088.0003, -1645.8199, 0.0000,  70, 95, 45
L -1088.0003, -1645.8199, 0.0000,  -1082.8638, -1644.5113, 0.0000,  70, 95, 45
L -1082.8638, -1644.5113, 0.0000,  -1076.3700, -1645.3687, 0.0000,  70, 95, 45
L -1076.3700, -1645.3687, 0.0000,  -1072.2290, -1641.5205, 0.0000,  70, 95, 45
L -1072.2290, -1641.5205, 0.0000,  -1071.2127, -1636.1710, 0.0000,  70, 95, 45
L -1071.2127, -1636.1710, 0.0000,  -1066.8925, -1632.6189, 0.0000,  70, 95, 45
L -1066.8925, -1632.6189, 0.0000,  -1064.5060, -1627.6418, 0.0000,  70, 95, 45
L -1088.0003, -1609.9917, 0.0000,  -1088.0003, -1594.7220, 0.0000,  120, 80, 40
L 768.6648, 598.9531, 0.0000,  768.1992, 604.8886, 0.0000,  70, 95, 45
L 768.1992, 604.8886, 0.0000,  762.2853, 608.7376, 0.0000,  70, 95, 45
L 762.2853, 608.7376, 0.0000,  759.8519, 613.7590, 0.0000,  70, 95, 45
L 759.8519, 613.7590, 0.0000,  756.4325, 619.3857, 0.0000,  70, 95, 45
L 756.4325, 619.3857, 0.0000,  749.1592, 619.0923, 0.0000,  70, 95, 45
L 749.1592, 619.0923, 0.0000,  743.0271, 618.5682, 0.0000,  70, 95, 45
L 743.0271, 618.5682, 0.0000,  736.2631, 621.1675, 0.0000,  70, 95, 45
L 736.2631, 621.1675, 0.0000,  730.2535, 618.4226, 0.0000,  70, 95, 45
L 730.2535, 618.4226, 0.0000,  727.4660, 612.6469, 0.0000,  70, 95, 45
L 727.4660, 612.6469, 0.0000,  721.8732, 609.7007, 0.0000,  70, 95, 45
L 721.8732, 609.7007, 0.0000,  717.2231, 605.0376, 0.0000,  70, 95, 45
L 717.2231, 605.0376, 0.0000,  719.9168, 598.9531, 0.0000,  70, 95, 45
L 719.9168, 598.9531, 0.0000,  721.1122, 593.7857, 0.0000,  70, 95, 45
L 721.1122, 593.7857, 0.0000,  720.0683, 587.2885, 0.0000,  70, 95, 45
L 720.0683, 587.2885, 0.0000,  725.3818, 583.4253, 0.0000,  70, 95, 45
L 725.3818, 583.4253, 0.0000,  732.0585, 582.2348, 0.0000,  70, 95, 45
L 732.0585, 582.2348, 0.0000,  736.5423, 577.6558, 0.0000,  70, 95, 45
L 736.5423, 577.6558, 0.0000,  743.0271, 575.6699, 0.0000,  70, 95, 45
L 743.0271, 575.6699, 0.0000,  748.8800, 579.7310, 0.0000,  70, 95, 45
L 748.8800, 579.7310, 0.0000,  754.6275, 581.2716, 0.0000,  70, 95, 45
L 754.6275, 581.2716, 0.0000,  761.9361, 582.3132, 0.0000,  70, 95, 45
L 761.9361, 582.3132, 0.0000,  764.0902, 588.2516, 0.0000,  70, 95, 45
L 764.0902, 588.2516, 0.0000,  764.3100, 593.9347, 0.0000,  70, 95, 45
L 764.3100, 593.9347, 0.0000,  768.6648, 598.9531, 0.0000,  70, 95, 45
L 743.0271, 618.9398, 0.0000,  743.0271, 636.2310, 0.0000,  120, 80, 40
L -726.0289, -568.5552, 0.0000,  -729.9148, -563.0079, 0.0000,  70, 95, 45
L -729.9148, -563.0079, 0.0000,  -733.7622, -558.5571, 0.0000,  70, 95, 45
L -733.7622, -558.5571, 0.0000,  -734.6147, -551.9882, 0.0000,  70, 95, 45
L -734.6147, -551.9882, 0.0000,  -740.3219, -548.5594, 0.0000,  70, 95, 45
L -740.3219, -548.5594, 0.0000,  -747.6079, -549.3988, 0.0000,  70, 95, 45
L -747.6079, -549.3988, 0.0000,  -753.4408, -546.6970, 0.0000,  70, 95, 45
L -753.4408, -546.6970, 0.0000,  -760.5190, -545.3088, 0.0000,  70, 95, 45
L -760.5190, -545.3088, 0.0000,  -765.3143, -550.4576, 0.0000,  70, 95, 45
L -765.3143, -550.4576, 0.0000,  -769.7761, -554.1801, 0.0000,  70, 95, 45
L -769.7761, -554.1801, 0.0000,  -776.8555, -556.6589, 0.0000,  70, 95, 45
L -776.8555, -556.6589, 0.0000,  -778.2122, -562.7142, 0.0000,  70, 95, 45
L -778.2122, -562.7142, 0.0000,  -775.8711, -568.5552, 0.0000,  70, 95, 45
L -775.8711, -568.5552, 0.0000,  -778.0586, -574.3600, 0.0000,  70, 95, 45
L -778.0586, -574.3600, 0.0000,  -776.9268, -580.4877, 0.0000,  70, 95, 45
L -776.9268, -580.4877, 0.0000,  -769.8584, -583.0027, 0.0000,  70, 95, 45
L -769.8584, -583.0027, 0.0000,  -765.2430, -586.5442, 0.0000,  70, 95, 45
L -765.2430, -586.5442, 0.0000,  -760.5080, -591.7654, 0.0000,  70, 95, 45
L -760.5080, -591.7654, 0.0000,  -753.4408, -590.5581, 0.0000,  70, 95, 45
L -753.4408, -590.5581, 0.0000,  -747.6189, -587.6754, 0.0000,  70, 95, 45
L -747.6189, -587.6754, 0.0000,  -740.3932, -588.4424, 0.0000,  70, 95, 45
L -740.3932, -588.4424, 0.0000,  -734.5324, -585.1946, 0.0000,  70, 95, 45
L -734.5324, -585.1946, 0.0000,  -733.6909, -578.5895, 0.0000,  70, 95, 45
L -733.6909, -578.5895, 0.0000,  -730.0683, -574.0663, 0.0000,  70, 95, 45
L -730.0683, -574.0663, 0.0000,  -726.0289, -568.5552, 0.0000,  70, 95, 45
L -753.4408, -548.1199, 0.0000,  -753.4408, -530.4406, 0.0000,  120, 80, 40
L -79.9836, 1513.7637, 0.0000,  -79.7874, 1504.0971, 0.0000,  120, 80, 40
L -79.7874, 1504.0971, 0.0000,  -79.1985, 1494.4304, 0.0000,  120, 80, 40
L -79.1985, 1494.4304, 0.0000,  -78.2172, 1484.7638, 0.0000,  120, 80, 40
L -78.2172, 1484.7638, 0.0000,  -76.8433, 1475.0971, 0.0000,  120, 80, 40
L -76.8433, 1475.0971, 0.0000,  -75.0768, 1465.4305, 0.0000,  120, 80, 40
L -75.0768, 1465.4305, 0.0000,  -64.9087, 1459.0264, 0.0000,  96, 110, 48
L -64.9087, 1459.0264, 0.0000,  -54.7405, 1466.0482, 0.0000,  96, 110, 48
L -75.0768, 1465.4305, 0.0000,  -68.0823, 1456.7697, 0.0000,  96, 110, 48
L -68.0823, 1456.7697, 0.0000,  -61.0878, 1461.5349, 0.0000,  96, 110, 48
L -75.0768, 1465.4305, 0.0000,  -72.5874, 1455.5227, 0.0000,  96, 110, 48
L -72.5874, 1455.5227, 0.0000,  -70.0979, 1459.0409, 0.0000,  96, 110, 48
L -75.0768, 1465.4305, 0.0000,  -77.5663, 1455.5227, 0.0000,  96, 110, 48
L -77.5663, 1455.5227, 0.0000,  -80.0557, 1459.0409, 0.0000,  96, 110, 48
L -75.0768, 1465.4305, 0.0000,  -82.0713, 1456.7697, 0.0000,  96, 110, 48
L -82.0713, 1456.7697, 0.0000,  -89.0658, 1461.5349, 0.0000,  96, 110, 48
L -75.0768, 1465.4305, 0.0000,  -85.2450, 1459.0264, 0.0000,  96, 110, 48
L -85.2450, 1459.0264, 0.0000,  -95.4132, 1466.0482, 0.0000,  96, 110, 48
L -755.4421, -1831.7096, 0.0000,  -755.7134, -1840.5263, 0.0000,  120, 80, 40
L -755.7134, -1840.5263, 0.0000,  -756.5272, -1849.3429, 0.0000,  120, 80, 40
L -756.5272, -1849.3429, 0.0000,  -757.8836, -1858.1596, 0.0000,  120, 80, 40
L -757.8836, -1858.1596, 0.0000,  -759.7825, -1866.9763, 0.0000,  120, 80, 40
L -759.7825, -1866.9763, 0.0000,  -762.2240, -1875.7929, 0.0000,  120, 80, 40
L -762.2240, -1875.7929, 0.0000,  -752.9499, -1881.6339, 0.0000,  96, 110, 48
L -752.9499, -1881.6339, 0.0000,  -743.6758, -1875.2295, 0.0000,  96, 110, 48
L -762.2240, -1875.7929, 0.0000,  -755.8445, -1883.6921, 0.0000,  96, 110, 48
L -755.8445, -1883.6921, 0.0000,  -749.4651, -1879.3460, 0.0000,  96, 110, 48
L -762.2240, -1875.7929, 0.0000,  -759.9535, -1884.8295, 0.0000,  96, 110, 48
L -759.9535, -1884.8295, 0.0000,  -757.6829, -1881.6207, 0.0000,  96, 110, 48
L -762.2240, -1875.7929, 0.0000,  -764.4946, -1884.8295, 0.0000,  96, 110, 48
L -764.4946, -1884.8295, 0.0000,  -766.7651, -1881.6207, 0.0000,  96, 110, 48
L -762.2240, -1875.7929, 0.0000,  -768.6035, -1883.6921, 0.0000,  96, 110, 48
L -768.6035, -1883.6921, 0.0000,  -774.9830, -1879.3460, 0.0000,  96, 110, 48
L -762.2240, -1875.7929, 0.0000,  -771.4981, -1881.6339, 0.0000,  96, 110, 48
L -771.4981, -1881.6339, 0.0000,  -780.7722, -1875.2295, 0.0000,  96, 110, 48
L -303.9302, -964.1562, 0.0000,  -304.1673, -971.4230, 0.0000,  120, 80, 40
L -304.1673, -971.4230, 0.0000,  -304.8786, -978.6898, 0.0000,  120, 80, 40
L -304.8786, -978.6898, 0.0000,  -306.0640, -985.9566, 0.0000,  120, 80, 40
L -306.0640, -985.9566, 0.0000,  -307.7236, -993.2234, 0.0000,  120, 80, 40
L -307.7236, -993.2234, 0.0000,  -309.8574, -1000.4902, 0.0000,  120, 80, 40
L -309.8574, -1000.4902, 0.0000,  -302.2136, -1005.3044, 0.0000,  96, 110, 48
L -302.2136, -1005.3044, 0.0000,  -294.5698, -1000.0258, 0.0000,  96, 110, 48
L -309.8574, -1000.4902, 0.0000,  -304.5994, -1007.0008, 0.0000,  96, 110, 48
L -304.5994, -1007.0008, 0.0000,  -299.3413, -1003.4186, 0.0000,  96, 110, 48
L -309.8574, -1000.4902, 0.0000,  -307.9860, -1007.9382, 0.0000,  96, 110, 48
L -307.9860, -1007.9382, 0.0000,  -306.1146, -1005.2935, 0.0000,  96, 110, 48
L -309.8574, -1000.4902, 0.0000,  -311.7288, -1007.9382, 0.0000,  96, 110, 48
L -311.7288, -1007.9382, 0.0000,  -313.6003, -1005.2935, 0.0000,  96, 110, 48
L -309.8574, -1000.4902, 0.0000,  -315.1155, -1007.0008, 0.0000,  96, 110, 48
L -315.1155, -1007.0008, 0.0000,  -320.3735, -1003.4186, 0.0000,  96, 110, 48
L -309.8574, -1000.4902, 0.0000,  -317.5012, -1005.3044, 0.0000,  96, 110, 48
L -317.5012, -1005.3044, 0.0000,  -325.1451, -1000.0258, 0.0000,  96, 110, 48
L -568.5782, -1939.8507, 0.0000,  -568.8702, -1949.1910, 0.0000,  120, 80, 40
L -568.8702, -1949.1910, 0.0000,  -569.7461, -1958.5314, 0.0000,  120, 80, 40
L -569.7461, -1958.5314, 0.0000,  -571.2060, -1967.8717, 0.0000,  120, 80, 40
L -571.2060, -1967.8717, 0.0000,  -573.2498, -1977.2120, 0.0000,  120, 80, 40
L -573.2498, -1977.2120, 0.0000,  -575.8776, -1986.5524, 0.0000,  120, 80, 40
L -575.8776, -1986.5524, 0.0000,  -566.0527, -1992.7403, 0.0000,  96, 110, 48
L -566.0527, -1992.7403, 0.0000,  -556.2278, -1985.9555, 0.0000,  96, 110, 48
L -575.8776, -1986.5524, 0.0000,  -569.1192, -1994.9207, 0.0000,  96, 110, 48
L -569.1192, -1994.9207, 0.0000,  -562.3608, -1990.3164, 0.0000,  96, 110, 48
L -575.8776, -1986.5524, 0.0000,  -573.4722, -1996.1257, 0.0000,  96, 110, 48
L -573.4722, -1996.1257, 0.0000,  -571.0668, -1992.7263, 0.0000,  96, 110, 48
L -575.8776, -1986.5524, 0.0000,  -578.2830, -1996.1257, 0.0000,  96, 110, 48
L -578.2830, -1996.1257, 0.0000,  -580.6884, -1992.7263, 0.0000,  96, 110, 48
L -575.8776, -1986.5524, 0.0000,  -582.6360, -1994.9207, 0.0000,  96, 110, 48
L -582.6360, -1994.9207, 0.0000,  -589.3944, -1990.3164, 0.0000,  96, 110, 48
L -575.8776, -1986.5524, 0.0000,  -585.7025, -1992.7403, 0.0000,  96, 110, 48
L -585.7025, -1992.7403, 0.0000,  -595.5275, -1985.9555, 0.0000,  96, 110, 48
L 201.3672, 513.4963, 0.0000,  201.1566, 501.9299, 0.0000,  120, 80, 40
L 201.1566, 501.9299, 0.0000,  200.5251, 490.3634, 0.0000,  120, 80, 40
L 200.5251, 490.3634, 0.0000,  199.4726, 478.7970, 0.0000,  120, 80, 40
L 199.4726, 478.7970, 0.0000,  197.9990, 467.2306, 0.0000,  120, 80, 40
L 197.9990, 467.2306, 0.0000,  196.1044, 455.6641, 0.0000,  120, 80, 40
L 196.1044, 455.6641, 0.0000,  208.2710, 448.0014, 0.0000,  96, 110, 48
L 208.2710, 448.0014, 0.0000,  220.4375, 456.4032, 0.0000,  96, 110, 48
L 196.1044, 455.6641, 0.0000,  204.4736, 445.3013, 0.0000,  96, 110, 48
L 204.4736, 445.3013, 0.0000,  212.8427, 451.0029, 0.0000,  96, 110, 48
L 196.1044, 455.6641, 0.0000,  199.0831, 443.8092, 0.0000,  96, 110, 48
L 199.0831, 443.8092, 0.0000,  202.0618, 448.0188, 0.0000,  96, 110, 48
L 196.1044, 455.6641, 0.0000,  193.1257, 443.8092, 0.0000,  96, 110, 48
L 193.1257, 443.8092, 0.0000,  190.1470, 448.0188, 0.0000,  96, 110, 48
L 196.1044, 455.6641, 0.0000,  187.7353, 445.3013, 0.0000,  96, 110, 48
L 187.7353, 445.3013, 0.0000,  179.3662, 451.0029, 0.0000,  96, 110, 48
L 196.1044, 455.6641, 0.0000,  183.9379, 448.0014, 0.0000,  96, 110, 48
L 183.9379, 448.0014, 0.0000,  171.7714, 456.4032, 0.0000,  96, 110, 48
L 1074.3988, 1327.7077, 0.0000,  1074.3988, 1313.6721, 0.0000,  120, 80, 40
L 1048.0820, 1316.3038, 0.0000,  1074.3988, 1295.4697, 0.0000,  70, 95, 45
L 1074.3988, 1295.4697, 0.0000,  1100.7155, 1316.3038, 0.0000,  70, 95, 45
L 1048.0820, 1316.3038, 0.0000,  1100.7155, 1316.3038, 0.0000,  70, 95, 45
L 1052.1611, 1298.7593, 0.0000,  1074.3988, 1277.9251, 0.0000,  70, 95, 45
L 1074.3988, 1277.9251, 0.0000,  1096.6364, 1298.7593, 0.0000,  70, 95, 45
L 1052.1611, 1298.7593, 0.0000,  1096.6364, 1298.7593, 0.0000,  70, 95, 45
L 1056.2402, 1281.2147, 0.0000,  1074.3988, 1260.3806, 0.0000,  70, 95, 45
L 1074.3988, 1260.3806, 0.0000,  1092.5573, 1281.2147, 0.0000,  70, 95, 45
L 1056.2402, 1281.2147, 0.0000,  1092.5573, 1281.2147, 0.0000,  70, 95, 45
L 1060.3193, 1263.6702, 0.0000,  1074.3988, 1242.8361, 0.0000,  70, 95, 45
L 1074.3988, 1242.8361, 0.0000,  1088.4782, 1263.6702, 0.0000,  70, 95, 45
L 1060.3193, 1263.6702, 0.0000,  1088.4782, 1263.6702, 0.0000,  70, 95, 45
L -1079.6703, 1075.2802, 0.0000,  -1079.6703, 1060.6307, 0.0000,  120, 80, 40
L -1107.1380, 1063.3775, 0.0000,  -1079.6703, 1041.6322, 0.0000,  70, 95, 45
L -1079.6703, 1041.6322, 0.0000,  -1052.2025, 1063.3775, 0.0000,  70, 95, 45
L -1107.1380, 1063.3775, 0.0000,  -1052.2025, 1063.3775, 0.0000,  70, 95, 45
L -1102.8805, 1045.0656, 0.0000,  -1079.6703, 1023.3203, 0.0000,  70, 95, 45
L -1079.6703, 1023.3203, 0.0000,  -1056.4600, 1045.0656, 0.0000,  70, 95, 45
L -1102.8805, 1045.0656, 0.0000,  -1056.4600, 1045.0656, 0.0000,  70, 95, 45
L -1098.6230, 1026.7538, 0.0000,  -1079.6703, 1005.0085, 0.0000,  70, 95, 45
L -1079.6703, 1005.0085, 0.0000,  -1060.7175, 1026.7538, 0.0000,  70, 95, 45
L -1098.6230, 1026.7538, 0.0000,  -1060.7175, 1026.7538, 0.0000,  70, 95, 45
L -1094.3655, 1008.4419, 0.0000,  -1079.6703, 986.6966, 0.0000,  70, 95, 45
L -1079.6703, 986.6966, 0.0000,  -1064.9750, 1008.4419, 0.0000,  70, 95, 45
L -1094.3655, 1008.4419, 0.0000,  -1064.9750, 1008.4419, 0.0000,  70, 95, 45
L -52.4952, -1458.5656, 0.0000,  -52.4952, -1472.8763, 0.0000,  120, 80, 40
L -79.3277, -1470.1930, 0.0000,  -52.4952, -1491.4354, 0.0000,  70, 95, 45
L -52.4952, -1491.4354, 0.0000,  -25.6626, -1470.1930, 0.0000,  70, 95, 45
L -79.3277, -1470.1930, 0.0000,  -25.6626, -1470.1930, 0.0000,  70, 95, 45
L -75.1687, -1488.0814, 0.0000,  -52.4952, -1509.3238, 0.0000,  70, 95, 45
L -52.4952, -1509.3238, 0.0000,  -29.8217, -1488.0814, 0.0000,  70, 95, 45
L -75.1687, -1488.0814, 0.0000,  -29.8217, -1488.0814, 0.0000,  70, 95, 45
L -71.0097, -1505.9698, 0.0000,  -52.4952, -1527.2122, 0.0000,  70, 95, 45
L -52.4952, -1527.2122, 0.0000,  -33.9807, -1505.9698, 0.0000,  70, 95, 45
L -71.0097, -1505.9698, 0.0000,  -33.9807, -1505.9698, 0.0000,  70, 95, 45
L -66.8506, -1523.8581, 0.0000,  -52.4952, -1545.1006, 0.0000,  70, 95, 45
L -52.4952, -1545.1006, 0.0000,  -38.1398, -1523.8581, 0.0000,  70, 95, 45
L -66.8506, -1523.8581, 0.0000,  -38.1398, -1523.8581, 0.0000,  70, 95, 45
L 374.3093, -1536.4153, 0.0000,  374.0996, -1545.9246, 0.0000,  120, 80, 40
L 374.0996, -1545.9246, 0.0000,  373.4706, -1555.4339, 0.0000,  120, 80, 40
L 373.4706, -1555.4339, 0.0000,  372.4222, -1564.9432, 0.0000,  120, 80, 40
L 372.4222, -1564.9432, 0.0000,  370.9545, -1574.4526, 0.0000,  120, 80, 40
L 370.9545, -1574.4526, 0.0000,  369.0674, -1583.9619, 0.0000,  120, 80, 40
L 369.0674, -1583.9619, 0.0000,  379.0701, -1590.2617, 0.0000,  96, 110, 48
L 379.0701, -1590.2617, 0.0000,  389.0728, -1583.3542, 0.0000,  96, 110, 48
L 369.0674, -1583.9619, 0.0000,  375.9481, -1592.4817, 0.0000,  96, 110, 48
L 375.9481, -1592.4817, 0.0000,  382.8287, -1587.7941, 0.0000,  96, 110, 48
L 369.0674, -1583.9619, 0.0000,  371.5163, -1593.7084, 0.0000,  96, 110, 48
L 371.5163, -1593.7084, 0.0000,  373.9653, -1590.2475, 0.0000,  96, 110, 48
L 369.0674, -1583.9619, 0.0000,  366.6184, -1593.7084, 0.0000,  96, 110, 48
L 366.6184, -1593.7084, 0.0000,  364.1695, -1590.2475, 0.0000,  96, 110, 48
L 369.0674, -1583.9619, 0.0000,  362.1867, -1592.4817, 0.0000,  96, 110, 48
L 362.1867, -1592.4817, 0.0000,  355.3061, -1587.7941, 0.0000,  96, 110, 48
L 369.0674, -1583.9619, 0.0000,  359.0647, -1590.2617, 0.0000,  96, 110, 48
L 359.0647, -1590.2617, 0.0000,  349.0620, -1583.3542, 0.0000,  96, 110, 48
L 733.0396, -1316.4623, 0.0000,  733.0396, -1325.5595, 0.0000,  120, 80, 40
L 715.9825, -1323.8538, 0.0000,  733.0396, -1337.3574, 0.0000,  70, 95, 45
L 733.0396, -1337.3574, 0.0000,  750.0968, -1323.8538, 0.0000,  70, 95, 45
L 715.9825, -1323.8538, 0.0000,  750.0968, -1323.8538, 0.0000,  70, 95, 45
L 718.6263, -1335.2252, 0.0000,  733.0396, -1348.7288, 0.0000,  70, 95, 45
L 733.0396, -1348.7288, 0.0000,  747.4529, -1335.2252, 0.0000,  70, 95, 45
L 718.6263, -1335.2252, 0.0000,  747.4529, -1335.2252, 0.0000,  70, 95, 45
L 721.2702, -1346.5967, 0.0000,  733.0396, -1360.1003, 0.0000,  70, 95, 45
L 733.0396, -1360.1003, 0.0000,  744.8091, -1346.5967, 0.0000,  70, 95, 45
L 721.2702, -1346.5967, 0.0000,  744.8091, -1346.5967, 0.0000,  70, 95, 45
L 723.9140, -1357.9681, 0.0000,  733.0396, -1371.4717, 0.0000,  70, 95, 45
L 733.0396, -1371.4717, 0.0000,  742.1652, -1357.9681, 0.0000,  70, 95, 45
L 723.9140, -1357.9681, 0.0000,  742.1652, -1357.9681, 0.0000,  70, 95, 45
L 55.8694, 1226.9896, 0.0000,  55.6129, 1217.8624, 0.0000,  120, 80, 40
L 55.6129, 1217.8624, 0.0000,  54.8434, 1208.7353, 0.0000,  120, 80, 40
L 54.8434, 1208.7353, 0.0000,  53.5610, 1199.6082, 0.0000,  120, 80, 40
L 53.5610, 1199.6082, 0.0000,  51.7656, 1190.4811, 0.0000,  120, 80, 40
L 51.7656, 1190.4811, 0.0000,  49.4571, 1181.3540, 0.0000,  120, 80, 40
L 49.4571, 1181.3540, 0.0000,  59.0578, 1175.3073, 0.0000,  96, 110, 48
L 59.0578, 1175.3073, 0.0000,  68.6584, 1181.9372, 0.0000,  96, 110, 48
L 49.4571, 1181.3540, 0.0000,  56.0613, 1173.1766, 0.0000,  96, 110, 48
L 56.0613, 1173.1766, 0.0000,  62.6654, 1177.6758, 0.0000,  96, 110, 48
L 49.4571, 1181.3540, 0.0000,  51.8077, 1171.9992, 0.0000,  96, 110, 48
L 51.8077, 1171.9992, 0.0000,  54.1582, 1175.3210, 0.0000,  96, 110, 48
L 49.4571, 1181.3540, 0.0000,  47.1066, 1171.9992, 0.0000,  96, 110, 48
L 47.1066, 1171.9992, 0.0000,  44.7561, 1175.3210, 0.0000,  96, 110, 48
L 49.4571, 1181.3540, 0.0000,  42.8530, 1173.1766, 0.0000,  96, 110, 48
L 42.8530, 1173.1766, 0.0000,  36.2489, 1177.6758, 0.0000,  96, 110, 48
L 49.4571, 1181.3540, 0.0000,  39.8565, 1175.3073, 0.0000,  96, 110, 48
L 39.8565, 1175.3073, 0.0000,  30.2558, 1181.9372, 0.0000,  96, 110, 48
L 25.8798, 341.6773, 0.0000,  26.2734, 333.2994, 0.0000,  120, 80, 40
L 26.2734, 333.2994, 0.0000,  27.4544, 324.9214, 0.0000,  120, 80, 40
L 27.4544, 324.9214, 0.0000,  29.4227, 316.5435, 0.0000,  120, 80, 40
L 29.4227, 316.5435, 0.0000,  32.1783, 308.1655, 0.0000,  120, 80, 40
L 32.1783, 308.1655, 0.0000,  35.7212, 299.7875, 0.0000,  120, 80, 40
L 35.7212, 299.7875, 0.0000,  44.5338, 294.2372, 0.0000,  96, 110, 48
L 44.5338, 294.2372, 0.0000,  53.3465, 300.3229, 0.0000,  96, 110, 48
L 35.7212, 299.7875, 0.0000,  41.7833, 292.2814, 0.0000,  96, 110, 48
L 41.7833, 292.2814, 0.0000,  47.8453, 296.4113, 0.0000,  96, 110, 48
L 35.7212, 299.7875, 0.0000,  37.8788, 291.2006, 0.0000,  96, 110, 48
L 37.8788, 291.2006, 0.0000,  40.0364, 294.2497, 0.0000,  96, 110, 48
L 35.7212, 299.7875, 0.0000,  33.5636, 291.2006, 0.0000,  96, 110, 48
L 33.5636, 291.2006, 0.0000,  31.4061, 294.2497, 0.0000,  96, 110, 48
L 35.7212, 299.7875, 0.0000,  29.6592, 292.2814, 0.0000,  96, 110, 48
L 29.6592, 292.2814, 0.0000,  23.5971, 296.4113, 0.0000,  96, 110, 48
L 35.7212, 299.7875, 0.0000,  26.9086, 294.2372, 0.0000,  96, 110, 48
L 26.9086, 294.2372, 0.0000,  18.0959, 300.3229, 0.0000,  96, 110, 48
L 945.6015, -1919.3952, 0.0000,  945.6015, -1932.6094, 0.0000,  120, 80, 40
L 920.8249, -1930.1318, 0.0000,  945.6015, -1949.7466, 0.0000,  70, 95, 45
L 945.6015, -1949.7466, 0.0000,  970.3781, -1930.1318, 0.0000,  70, 95, 45
L 920.8249, -1930.1318, 0.0000,  970.3781, -1930.1318, 0.0000,  70, 95, 45
L 924.6653, -1946.6495, 0.0000,  945.6015, -1966.2643, 0.0000,  70, 95, 45
L 945.6015, -1966.2643, 0.0000,  966.5378, -1946.6495, 0.0000,  70, 95, 45
L 924.6653, -1946.6495, 0.0000,  966.5378, -1946.6495, 0.0000,  70, 95, 45
L 928.5057, -1963.1672, 0.0000,  945.6015, -1982.7820, 0.0000,  70, 95, 45
L 945.6015, -1982.7820, 0.0000,  962.6974, -1963.1672, 0.0000,  70, 95, 45
L 928.5057, -1963.1672, 0.0000,  962.6974, -1963.1672, 0.0000,  70, 95, 45
L 932.3461, -1979.6849, 0.0000,  945.6015, -1999.2997, 0.0000,  70, 95, 45
L 945.6015, -1999.2997, 0.0000,  958.8570, -1979.6849, 0.0000,  70, 95, 45
L 932.3461, -1979.6849, 0.0000,  958.8570, -1979.6849, 0.0000,  70, 95, 45
L 450.9073, -1452.3911, 0.0000,  463.8813, -1453.3068, 0.0000,  190, 150, 60
L 165.0188, 880.8205, 0.0000,  180.8695, 882.1730, 0.0000,  190, 150, 60
L 522.0284, 2059.5266, 0.0000,  535.0504, 2059.4963, 0.0000,  190, 150, 60
L -684.8062, -566.6711, 0.0000,  -669.4629, -565.5062, 0.0000,  190, 150, 60
L -95.5233, 1150.4396, 0.0000,  -79.3626, 1149.5481, 0.0000,  190, 150, 60
L -182.3038, 732.7956, 0.0000,  -165.8338, 732.2538, 0.0000,  190, 150, 60
L 27.9777, -1776.7925, 0.0000,  45.4531, -1776.2503, 0.0000,  190, 150, 60
L 746.3432, -370.7007, 0.0000,  762.2833, -371.9276, 0.0000,  190, 150, 60
L 677.0631, 1458.2589, 0.0000,  689.7900, 1458.1792, 0.0000,  190, 150, 60
L -589.6267, 1024.5165, 0.0000,  -576.1733, 1023.4116, 0.0000,  190, 150, 60
L -369.9075, -1533.8623, 0.0000,  -353.3488, -1532.4078, 0.0000,  190, 150, 60
L -6.1817, 622.6624, 0.0000,  11.9559, 621.4434, 0.0000,  190, 150, 60
L -1096.5541, 1335.9389, 0.0000,  -1083.9921, 1336.9603, 0.0000,  190, 150, 60
L 316.3544, 412.1355, 0.0000,  333.7663, 411.8924, 0.0000,  190, 150, 60
L -1051.7215, 1383.1095, 0.0000,  -1035.3835, 1382.3440, 0.0000,  190, 150, 60
L -994.8153, -1783.4663, 0.0000,  -976.1576, -1784.7108, 0.0000,  190, 150, 60
L -1242.0044, -2315.6052, 0.0000,  -1229.4325, -2316.9265, 0.0000,  190, 150, 60
L -1114.0480, -1300.0092, 0.0000,  -1099.4133, -1299.4384, 0.0000,  190, 150, 60
L 1012.2819, 1165.2454, 0.0000,  1024.5943, 1165.5243, 0.0000,  190, 150, 60
L 554.2941, 1311.7343, 0.0000,  566.5551, 1312.2410, 0.0000,  190, 150, 60
L 331.1574, -1868.3006, 0.0000,  348.3683, -1868.6603, 0.0000,  190, 150, 60
L 211.8564, -2108.1507, 0.0000,  227.6823, -2108.3289, 0.0000,  190, 150, 60
L -241.6995, -2013.8387, 0.0000,  -227.5576, -2014.4553, 0.0000,  190, 150, 60
L 320.2285, 3.5414, 0.0000,  339.1052, 4.3221, 0.0000,  190, 150, 60
L -395.1509, -1204.4812, 0.0000,  -377.6948, -1205.2923, 0.0000,  190, 150, 60
L 967.6003, -483.7687, 0.0000,  987.4872, -484.3807, 0.0000,  190, 150, 60
L 343.0852, 2114.5260, 0.0000,  361.5791, 2114.5411, 0.0000,  190, 150, 60
L 424.1785, -1679.5651, 0.0000,  443.8986, -1680.9938, 0.0000,  190, 150, 60
L 793.7746, -1589.2494, 0.0000,  808.7771, -1590.7332, 0.0000,  190, 150, 60
L -39.6026, 1329.7641, 0.0000,  -26.3406, 1331.2264, 0.0000,  190, 150, 60
L 815.1784, -994.3093, 0.0000,  831.9271, -993.4984, 0.0000,  190, 150, 60
L 1037.7892, -296.6811, 0.0000,  1049.9350, -297.5945, 0.0000,  190, 150, 60
L -722.1597, 1406.4441, 0.0000,  -706.9216, 1407.5962, 0.0000,  190, 150, 60
L 137.6756, -1627.4059, 0.0000,  154.8773, -1628.3999, 0.0000,  190, 150, 60
L -589.5715, -288.7536, 0.0000,  -570.6551, -290.2115, 0.0000,  190, 150, 60
L 610.0128, -2210.3351, 0.0000,  628.3475, -2210.1387, 0.0000,  190, 150, 60
L -1139.6713, -813.2823, 0.0000,  -1125.1290, -812.8472, 0.0000,  190, 150, 60
L -1115.6005, -1158.4035, 0.0000,  -1101.5477, -1159.4569, 0.0000,  190, 150, 60
L -223.5295, 728.3331, 0.0000,  -205.7482, 728.5182, 0.0000,  190, 150, 60
L 196.1348, 1091.8278, 0.0000,  209.3652, 1091.9000, 0.0000,  190, 150, 60
L 660.9865, -379.1511, 0.0000,  673.7519, -378.6749, 0.0000,  190, 150, 60
L 82.9843, 360.9345, 0.0000,  96.7518, 360.1319, 0.0000,  190, 150, 60
L -707.5253, -1379.4142, 0.0000,  -692.5715, -1378.5162, 0.0000,  190, 150, 60
L 158.3410, 2014.8586, 0.0000,  171.2776, 2015.9271, 0.0000,  190, 150, 60
L 235.9080, -1760.3495, 0.0000,  252.5394, -1758.9227, 0.0000,  190, 150, 60
L 256.7410, 2503.1850, 0.0000,  270.8759, 2501.8655, 0.0000,  190, 150, 60
L 331.5667, -1589.7671, 0.0000,  351.4777, -1590.2444, 0.0000,  190, 150, 60
L -164.5207, -944.8479, 0.0000,  -149.7118, -943.8691, 0.0000,  190, 150, 60
L -851.3144, -814.3767, 0.0000,  -836.4103, -814.6992, 0.0000,  190, 150, 60
L -1143.2521, 2185.5937, 0.0000,  -1126.7642, 2185.3879, 0.0000,  190, 150, 60
L 1082.9389, 2318.5299, 0.0000,  1095.4088, 2318.1955, 0.0000,  190, 150, 60
L -565.0389, -887.8088, 0.0000,  -546.8944, -887.7003, 0.0000,  190, 150, 60
L 701.7552, -75.2020, 0.0000,  713.9943, -74.2144, 0.0000,  190, 150, 60
L 207.8457, 894.0797, 0.0000,  225.7287, 893.9800, 0.0000,  190, 150, 60
L 741.4262, 2240.4548, 0.0000,  753.4458, 2239.3427, 0.0000,  190, 150, 60
L 756.6935, -2166.4450, 0.0000,  772.8216, -2165.7088, 0.0000,  190, 150, 60
L 308.3473, 1209.5041, 0.0000,  326.7293, 1208.5578, 0.0000,  190, 150, 60
L 77.6413, 2424.3713, 0.0000,  94.4696, 2424.7617, 0.0000,  190, 150, 60
L -1056.2634, -2381.2908, 0.0000,  -1043.7149, -2379.8666, 0.0000,  190, 150, 60
L 744.9607, 88.4406, 0.0000,  760.8909, 88.4806, 0.0000,  190, 150, 60
L 505.0551, 204.2925, 0.0000,  519.2633, 204.1199, 0.0000,  190, 150, 60
L -206.5286, -749.6420, 0.0000,  -189.7742, -750.5324, 0.0000,  190, 150, 60
L -871.8375, -588.7047, 0.0000,  -855.3292, -589.7262, 0.0000,  190, 150, 60
L -814.1895, -2345.5258, 0.0000,  -799.0943, -2345.6507, 0.0000,  190, 150, 60
L 446.2041, -1292.4511, 0.0000,  458.7213, -1293.2028, 0.0000,  190, 150, 60
L 1039.1205, -52.1452, 0.0000,  1051.9680, -51.4004, 0.0000,  190, 150, 60
L -1014.3689, -1186.1211, 0.0000,  -995.0810, -1184.6673, 0.0000,  190, 150, 60
L 82.3385, -2111.7153, 0.0000,  99.5461, -2111.0798, 0.0000,  190, 150, 60
L 776.8274, 2493.6596, 0.0000,  796.7725, 2494.2705, 0.0000,  190, 150, 60
L 906.9374, -131.8243, 0.0000,  926.8630, -132.5856, 0.0000,  190, 150, 60
L -1019.9062, -872.1113, 0.0000,  -1007.3232, -870.9888, 0.0000,  190, 150, 60
L 742.8509, 2237.3605, 0.0000,  756.7949, 2236.1661, 0.0000,  190, 150, 60
L 564.7717, 1605.7626, 0.0000,  578.0527, 1604.9011, 0.0000,  190, 150, 60
L 433.4547, -2184.6404, 0.0000,  452.4824, -2183.8350, 0.0000,  190, 150, 60
L 493.1702, 542.1615, 0.0000,  506.8278, 541.4805, 0.0000,  190, 150, 60
L -853.7873, 368.8693, 0.0000,  -838.5773, 369.2853, 0.0000,  190, 150, 60
L 103.7270, 890.8885, 0.0000,  119.5086, 889.5174, 0.0000,  190, 150, 60
L 1018.5578, 2505.5351, 0.0000,  1037.6033, 2504.1075, 0.0000,  190, 150, 60
L 1001.2474, 686.0200, 0.0000,  1015.8944, 686.0700, 0.0000,  190, 150, 60
L 268.5671, -1060.3978, 0.0000,  281.1446, -1061.5155, 0.0000,  190, 150, 60
L -1019.8320, 2502.2241, 0.0000,  -1001.4105, 2503.0297, 0.0000,  190, 150, 60
L 839.4827, 1458.9137, 0.0000,  856.7989, 1460.1824, 0.0000,  190, 150, 60
L -161.2857, -981.5006, 0.0000,  -143.1514, -981.0825, 0.0000,  190, 150, 60
L -1053.9859, -1417.4019, 0.0000,  -1041.9771, -1417.5551, 0.0000,  190, 150, 60
L 395.8814, 1404.8190, 0.0000,  413.7238, 1406.1037, 0.0000,  190, 150, 60
L 674.6746, 127.5598, 0.0000,  689.8163, 127.2705, 0.0000,  190, 150, 60
L 388.2781, -968.5056, 0.0000,  401.3914, -968.5980, 0.0000,  190, 150, 60
L 52.8581, -1287.3960, 0.0000,  68.6163, -1287.5543, 0.0000,  190, 150, 60
L 207.5512, 989.7087, 0.0000,  221.0639, 990.5459, 0.0000,  190, 150, 60
L -211.3724, -577.9120, 0.0000,  -192.5556, -577.2164, 0.0000,  190, 150, 60
L 417.7335, 1201.5268, 0.0000,  431.3102, 1202.4025, 0.0000,  190, 150, 60
L -1038.5351, 401.7019, 0.0000,  -1021.0697, 401.1360, 0.0000,  190, 150, 60
L 535.0887, -744.5820, 0.0000,  554.3254, -744.0676, 0.0000,  190, 150, 60
L 543.6039, -943.7681, 0.0000,  563.2133, -943.1306, 0.0000,  190, 150, 60
L -33.3149, -1571.9502, 0.0000,  -18.8457, -1571.7259, 0.0000,  190, 150, 60
L -1145.7958, -1988.6536, 0.0000,  -1132.6485, -1989.8754, 0.0000,  190, 150, 60
L -107.9750, -1893.5349, 0.0000,  -92.1377, -1893.6322, 0.0000,  190, 150, 60
L -1099.6644, 1156.7767, 0.0000,  -1087.4650, 1157.0626, 0.0000,  190, 150, 60
L -537.1116, 1475.9130, 0.0000,  -523.5616, 1476.7781, 0.0000,  190, 150, 60
L 470.5543, 119.3820, 0.0000,  487.3145, 118.0994, 0.0000,  190, 150, 60
L 164.2304, -253.2817, 0.0000,  179.6628, -252.6591, 0.0000,  190, 150, 60
L 1054.7010, 176.7877, 0.0000,  1071.2507, 176.1615, 0.0000,  190, 150, 60
L -538.2586, 1235.8550, 0.0000,  -526.2535, 1234.9195, 0.0000,  190, 150, 60
L 645.1016, -1663.1605, 0.0000,  663.6400, -1663.4139, 0.0000,  190, 150, 60
L -531.8073, -1024.3439, 0.0000,  -519.5663, -1023.4568, 0.0000,  190, 150, 60
L 947.9699, 892.0335, 0.0000,  964.4210, 893.4741, 0.0000,  190, 150, 60
L -997.6925, -1466.6141, 0.0000,  -977.8802, -1468.0067, 0.0000,  190, 150, 60
L 1006.0834, 2063.0315, 0.0000,  1023.7062, 2063.2190, 0.0000,  190, 150, 60
L -732.9745, -773.2352, 0.0000,  -719.4958, -773.5234, 0.0000,  190, 150, 60
L 731.4190, 1815.6166, 0.0000,  747.1565, 1814.5550, 0.0000,  190, 150, 60
L -1087.1333, 1299.5022, 0.0000,  -1068.3686, 1298.8818, 0.0000,  190, 150, 60
L -902.5483, 1320.2959, 0.0000,  -888.2435, 1319.0012, 0.0000,  190, 150, 60
L 235.6697, -1371.6406, 0.0000,  253.7424, -1371.3279, 0.0000,  190, 150, 60
L -575.3829, -109.2560, 0.0000,  -562.1953, -108.6760, 0.0000,  190, 150, 60
L 180.7572, -492.6951, 0.0000,  193.0776, -493.3448, 0.0000,  190, 150, 60
L -1146.0142, -1523.9761, 0.0000,  -1129.7715, -1523.4616, 0.0000,  190, 150, 60
L 999.2052, -1832.4180, 0.0000,  1017.5133, -1831.1500, 0.0000,  190, 150, 60
L 920.4554, -1966.0146, 0.0000,  940.2000, -1965.3934, 0.0000,  190, 150, 60
L -671.1882, 2475.2159, 0.0000,  -653.3134, 2475.0032, 0.0000,  190, 150, 60
L 280.3006, -1270.8460, 0.0000,  294.1583, -1270.3720, 0.0000,  190, 150, 60
L 533.4333, 553.9569, 0.0000,  547.6213, 552.8899, 0.0000,  190, 150, 60
L 413.0951, 452.6927, 0.0000,  432.1811, 452.8301, 0.0000,  190, 150, 60
L 900.5330, -83.4258, 0.0000,  918.2730, -83.1844, 0.0000,  190, 150, 60
L 989.7337, -1945.0640, 0.0000,  1003.1037, -1944.0040, 0.0000,  190, 150, 60
L 461.9616, -1320.6983, 0.0000,  481.0126, -1321.4767, 0.0000,  190, 150, 60
L 780.8607, -1686.1861, 0.0000,  795.4795, -1685.1301, 0.0000,  190, 150, 60
L 1034.9374, 1632.8568, 0.0000,  1051.4133, 1632.4643, 0.0000,  190, 150, 60
L 921.2346, -374.3064, 0.0000,  936.6750, -375.5509, 0.0000,  190, 150, 60
L -407.3590, -2002.6726, 0.0000,  -388.7891, -2002.6519, 0.0000,  190, 150, 60
L -145.2026, -1830.4352, 0.0000,  -129.8197, -1831.2543, 0.0000,  190, 150, 60
L -940.9208, -400.5633, 0.0000,  -927.9832, -399.1281, 0.0000,  190, 150, 60
L -743.8064, -1249.5395, 0.0000,  -730.9915, -1249.6904, 0.0000,  190, 150, 60
L -803.2506, -647.9978, 0.0000,  -786.9086, -649.2806, 0.0000,  190, 150, 60
L 649.8310, 1310.5266, 0.0000,  669.7364, 1309.5854, 0.0000,  190, 150, 60
L -1000.1938, 2125.9892, 0.0000,  -981.1807, 2124.6291, 0.0000,  190, 150, 60
L 486.6360, 2517.1252, 0.0000,  499.3666, 2517.3356, 0.0000,  190, 150, 60
L -872.8208, -324.7811, 0.0000,  -854.6567, -323.3029, 0.0000,  190, 150, 60
L -700.9827, -1108.5075, 0.0000,  -684.0596, -1107.1476, 0.0000,  190, 150, 60
L -268.3064, -440.7518, 0.0000,  -254.1988, -441.9314, 0.0000,  190, 150, 60
L 328.3339, 1668.5922, 0.0000,  343.8552, 1669.0360, 0.0000,  190, 150, 60
L -672.1394, -1526.7999, 0.0000,  -658.5395, -1527.5704, 0.0000,  190, 150, 60
L 161.3282, -185.2167, 0.0000,  178.8833, -183.8143, 0.0000,  190, 150, 60
L -41.5827, 820.5081, 0.0000,  -24.0968, 821.5614, 0.0000,  190, 150, 60
L 1023.5362, 2436.8550, 0.0000,  1038.5386, 2436.2544, 0.0000,  190, 150, 60
L -560.6187, 1058.7487, 0.0000,  -548.3379, 1058.0140, 0.0000,  190, 150, 60
L 494.4002, 234.3967, 0.0000,  514.2526, 233.4613, 0.0000,  190, 150, 60
L 623.7876, 1136.5330, 0.0000,  639.4808, 1137.5785, 0.0000,  190, 150, 60
L 467.8354, -2287.4500, 0.0000,  485.2176, -2286.0065, 0.0000,  190, 150, 60
L 320.0835, 1029.9716, 0.0000,  339.9163, 1031.2625, 0.0000,  190, 150, 60
L -45.5755, 1325.1339, 0.0000,  -26.0981, 1325.9732, 0.0000,  190, 150, 60
L -854.1767, 354.6186, 0.0000,  -837.5059, 353.7039, 0.0000,  190, 150, 60
L 238.0357, 184.6016, 0.0000,  257.3287, 183.1641, 0.0000,  190, 150, 60
L 307.8603, -812.1321, 0.0000,  321.0631, -813.5144, 0.0000,  190, 150, 60
L 550.0074, 2245.4986, 0.0000,  564.3075, 2246.7878, 0.0000,  190, 150, 60
L 394.5551, 1757.8499, 0.0000,  410.3612, 1758.7497, 0.0000,  190, 150, 60
L -252.1841, 504.2828, 0.0000,  -235.1516, 505.6800, 0.0000,  190, 150, 60
L -735.7583, -812.3654, 0.0000,  -716.2574, -813.0972, 0.0000,  190, 150, 60
L -203.7505, -1819.7956, 0.0000,  -189.9171, -1819.5872, 0.0000,  190, 150, 60
L -361.5239, -219.7365, 0.0000,  -344.0733, -219.5802, 0.0000,  190, 150, 60
L -1104.5566, 322.1294, 0.0000,  -1087.9002, 322.3315, 0.0000,  190, 150, 60
L 7.0394, -2260.2909, 0.0000,  26.6982, -2259.8546, 0.0000,  190, 150, 60
L -645.8876, -841.5473, 0.0000,  -629.4515, -841.3242, 0.0000,  190, 150, 60
L 421.7366, 1287.6508, 0.0000,  441.1494, 1287.3263, 0.0000,  190, 150, 60
L -754.4238, -1260.8186, 0.0000,  -737.1303, -1261.8489, 0.0000,  190, 150, 60
L 28.1177, 418.2429, 0.0000,  43.6082, 418.6994, 0.0000,  190, 150, 60
L -121.6396, -1194.8587, 0.0000,  -104.5929, -1194.5910, 0.0000,  190, 150, 60
L -544.1680, -531.8033, 0.0000,  -529.1905, -531.4148, 0.0000,  190, 150, 60
L -1031.0792, -1233.8306, 0.0000,  -1013.7336, -1234.4947, 0.0000,  190, 150, 60
L -863.4974, -555.5302, 0.0000,  -844.8829, -555.5538, 0.0000,  190, 150, 60
L -842.6038, -218.0505, 0.0000,  -823.5409, -217.8345, 0.0000,  190, 150, 60
L 828.4758, 40.5462, 0.0000,  847.1624, 39.0603, 0.0000,  190, 150, 60
L 192.3162, 1437.0117, 0.0000,  211.5112, 1436.5633, 0.0000,  190, 150, 60
L -1019.7780, 1984.0267, 0.0000,  -1003.2124, 1983.3335, 0.0000,  190, 150, 60
L 224.4495, -1615.5789, 0.0000,  241.3466, -1615.1309, 0.0000,  190, 150, 60
L 256.1242, -393.0274, 0.0000,  273.5162, -393.4062, 0.0000,  190, 150, 60
L 376.9893, 336.8216, 0.0000,  393.4674, 337.6492, 0.0000,  190, 150, 60
L 639.3010, -1295.4648, 0.0000,  652.9405, -1295.7604, 0.0000,  190, 150, 60
L 701.4543, 836.4834, 0.0000,  721.0771, 835.8052, 0.0000,  190, 150, 60
L 316.4869, 1021.0863, 0.0000,  330.8488, 1020.6453, 0.0000,  190, 150, 60
L -487.9787, -1427.5190, 0.0000,  -474.9918, -1426.4003, 0.0000,  190, 150, 60
L 902.4630, -475.8170, 0.0000,  916.7132, -474.4087, 0.0000,  190, 150, 60
L 228.2514, -1946.0420, 0.0000,  244.9641, -1947.0021, 0.0000,  190, 150, 60
L 140.1466, 934.4864, 0.0000,  158.3365, 933.7650, 0.0000,  190, 150, 60
L -336.7048, 850.9313, 0.0000,  -321.0253, 850.1254, 0.0000,  190, 150, 60
L 709.6010, -213.5476, 0.0000,  728.0479, -212.1362, 0.0000,  190, 150, 60
L 724.3210, 1425.0125, 0.0000,  738.3760, 1426.0494, 0.0000,  190, 150, 60
L 792.5628, -182.6599, 0.0000,  807.9694, -181.4284, 0.0000,  190, 150, 60
L 162.8835, 2192.7319, 0.0000,  175.4624, 2191.5122, 0.0000,  190, 150, 60
L -11.5530, -1347.3978, 0.0000,  3.6036, -1347.2475, 0.0000,  190, 150, 60
L -387.0066, 629.6925, 0.0000,  -373.2738, 630.9153, 0.0000,  190, 150, 60
L 480.5450, -1296.1494, 0.0000,  496.8483, -1295.2946, 0.0000,  190, 150, 60
L -368.0581, -1805.9322, 0.0000,  -355.5543, -1806.6747, 0.0000,  190, 150, 60
L 846.2861, -1922.9727, 0.0000,  860.6281, -1921.6485, 0.0000,  190, 150, 60
L -380.7449, 1136.2459, 0.0000,  -363.4035, 1135.3295, 0.0000,  190, 150, 60
L 611.7295, 1577.4198, 0.0000,  629.3083, 1578.5704, 0.0000,  190, 150, 60
L 85.1361, 152.7525, 0.0000,  104.1584, 154.0268, 0.0000,  190, 150, 60
L 987.9734, 278.0568, 0.0000,  1001.7769, 279.1808, 0.0000,  190, 150, 60
L -932.5400, -1581.7373, 0.0000,  -920.0153, -1582.2268, 0.0000,  190, 150, 60
L -441.2723, 1502.1524, 0.0000,  -424.1615, 1502.3378, 0.0000,  190, 150, 60
L -1091.8905, -839.5392, 0.0000,  -1073.1922, -840.6562, 0.0000,  190, 150, 60
L -432.9284, -1867.4081, 0.0000,  -417.8557, -1868.0724, 0.0000,  190, 150, 60
L -243.8653, 391.1021, 0.0000,  -227.9880, 390.7390, 0.0000,  190, 150, 60
L -81.0114, 2445.6098, 0.0000,  -66.6623, 2444.3837, 0.0000,  190, 150, 60
L -818.3903, 210.4826, 0.0000,  -802.0638, 211.1227, 0.0000,  190, 150, 60
L 963.0236, 202.2854, 0.0000,  980.5581, 202.3789, 0.0000,  190, 150, 60
L 755.9324, 1847.2561, 0.0000,  774.1218, 1846.0142, 0.0000,  190, 150, 60
L 164.7937, -195.2657, 0.0000,  184.0502, -193.9174, 0.0000,  190, 150, 60
L -687.3007, -88.3412, 0.0000,  -668.6690, -87.7287, 0.0000,  190, 150, 60
L -739.9727, -160.2764, 0.0000,  -725.2375, -159.6599, 0.0000,  190, 150, 60
L 135.3567, 2364.5116, 0.0000,  154.4666, 2364.9935, 0.0000,  190, 150, 60
L -2766.8000, -2042.0000, 0.0000,  -2726.0000, -2090.0000, 0.0000,  115, 105, 90
L -2726.0000, -2090.0000, 0.0000,  -2702.2000, -2080.4000, 0.0000,  115, 105, 90
L -2702.2000, -2080.4000, 0.0000,  -2671.6000, -2147.6000, 0.0000,  115, 105, 90
L -2671.6000, -2147.6000, 0.0000,  -2641.0000, -2138.0000, 0.0000,  115, 105, 90
L -2641.0000, -2138.0000, 0.0000,  -2610.4000, -2229.2000, 0.0000,  115, 105, 90
L -2610.4000, -2229.2000, 0.0000,  -2593.4000, -2265.2000, 0.0000,  115, 105, 90
L -2593.4000, -2265.2000, 0.0000,  -2579.8000, -2282.0000, 0.0000,  115, 105, 90
L -2579.8000, -2282.0000, 0.0000,  -2556.0000, -2234.0000, 0.0000,  115, 105, 90
L -2556.0000, -2234.0000, 0.0000,  -2535.6000, -2241.2000, 0.0000,  115, 105, 90
L -2535.6000, -2241.2000, 0.0000,  -2501.6000, -2166.8000, 0.0000,  115, 105, 90
L -2501.6000, -2166.8000, 0.0000,  -2474.4000, -2174.0000, 0.0000,  115, 105, 90
L -2474.4000, -2174.0000, 0.0000,  -2440.4000, -2094.8000, 0.0000,  115, 105, 90
L -2440.4000, -2094.8000, 0.0000,  -2399.6000, -2042.0000, 0.0000,  115, 105, 90
L -2794.0000, -2042.0000, 0.0000,  -2760.0000, -2114.0000, 0.0000,  140, 130, 115
L -2760.0000, -2114.0000, 0.0000,  -2739.6000, -2104.4000, 0.0000,  140, 130, 115
L -2739.6000, -2104.4000, 0.0000,  -2712.4000, -2166.8000, 0.0000,  140, 130, 115
L -2712.4000, -2166.8000, 0.0000,  -2681.8000, -2114.0000, 0.0000,  140, 130, 115
L -2583.2000, -2248.4000, 0.0000,  -2574.4189, -2215.6654, 0.0000,  140, 130, 115
L -2574.4189, -2215.6654, 0.0000,  -2557.1362, -2178.1195, 0.0000,  140, 130, 115
L -2557.1362, -2178.1195, 0.0000,  -2540.3816, -2145.7961, 0.0000,  140, 130, 115
L -2540.3816, -2145.7961, 0.0000,  -2522.7013, -2111.5644, 0.0000,  140, 130, 115
L -2542.4000, -2181.2000, 0.0000,  -2534.5099, -2148.4458, 0.0000,  140, 130, 115
L -2534.5099, -2148.4458, 0.0000,  -2527.0586, -2106.5330, 0.0000,  140, 130, 115
L -2527.0586, -2106.5330, 0.0000,  -2507.3784, -2076.0942, 0.0000,  140, 130, 115
L -2630.8000, -2190.8000, 0.0000,  -2640.3726, -2163.3736, 0.0000,  140, 130, 115
L -2640.3726, -2163.3736, 0.0000,  -2649.7375, -2132.7111, 0.0000,  140, 130, 115
L -2649.7375, -2132.7111, 0.0000,  -2665.0555, -2090.2154, 0.0000,  140, 130, 115
L -2558.8333, -2263.0000, 0.0000,  -2540.1333, -2245.0000, 0.0000,  140, 130, 115
L -2544.6667, -2244.0000, 0.0000,  -2525.9667, -2226.0000, 0.0000,  140, 130, 115
L -2530.5000, -2225.0000, 0.0000,  -2511.8000, -2207.0000, 0.0000,  140, 130, 115
L -2516.3333, -2206.0000, 0.0000,  -2497.6333, -2188.0000, 0.0000,  140, 130, 115
L -2502.1667, -2187.0000, 0.0000,  -2483.4667, -2169.0000, 0.0000,  140, 130, 115
L -2488.0000, -2168.0000, 0.0000,  -2469.3000, -2150.0000, 0.0000,  140, 130, 115
L -2473.8333, -2149.0000, 0.0000,  -2455.1333, -2131.0000, 0.0000,  140, 130, 115
L -2459.6667, -2130.0000, 0.0000,  -2440.9667, -2112.0000, 0.0000,  140, 130, 115
L -2445.5000, -2111.0000, 0.0000,  -2426.8000, -2093.0000, 0.0000,  140, 130, 115
L -2431.3333, -2092.0000, 0.0000,  -2412.6333, -2074.0000, 0.0000,  140, 130, 115
L -2417.1667, -2073.0000, 0.0000,  -2398.4667, -2055.0000, 0.0000,  140, 130, 115
L -2614.1778, -2247.3333, 0.0000,  -2631.1778, -2230.5333, 0.0000,  140, 130, 115
L -2631.5556, -2224.6667, 0.0000,  -2648.5556, -2207.8667, 0.0000,  140, 130, 115
L -2648.9333, -2202.0000, 0.0000,  -2665.9333, -2185.2000, 0.0000,  140, 130, 115
L -2666.3111, -2179.3333, 0.0000,  -2683.3111, -2162.5333, 0.0000,  140, 130, 115
L -2683.6889, -2156.6667, 0.0000,  -2700.6889, -2139.8667, 0.0000,  140, 130, 115
L -2701.0667, -2134.0000, 0.0000,  -2718.0667, -2117.2000, 0.0000,  140, 130, 115
L -2718.4444, -2111.3333, 0.0000,  -2735.4444, -2094.5333, 0.0000,  140, 130, 115
L -2735.8222, -2088.6667, 0.0000,  -2752.8222, -2071.8667, 0.0000,  140, 130, 115
L -2791.4046, -2036.8896, 0.0000,  -2780.7785, -2041.6917, 0.0000,  140, 130, 115
L -2780.7785, -2042.4838, 0.0000,  -2768.6343, -2036.8896, 0.0000,  140, 130, 115
L -2755.8179, -2044.9492, 0.0000,  -2748.1492, -2052.8167, 0.0000,  140, 130, 115
L -2748.1492, -2050.2138, 0.0000,  -2739.3851, -2044.9492, 0.0000,  140, 130, 115
L -2722.6408, -2037.4294, 0.0000,  -2711.3444, -2042.6156, 0.0000,  140, 130, 115
L -2711.3444, -2042.2222, 0.0000,  -2698.4341, -2037.4294, 0.0000,  140, 130, 115
L -2671.1370, -2036.8789, 0.0000,  -2665.3506, -2043.6487, 0.0000,  140, 130, 115
L -2665.3506, -2043.7530, 0.0000,  -2658.7377, -2036.8789, 0.0000,  140, 130, 115
L -2640.6222, -2038.5443, 0.0000,  -2630.2975, -2045.0798, 0.0000,  140, 130, 115
L -2630.2975, -2042.7037, 0.0000,  -2618.4978, -2038.5443, 0.0000,  140, 130, 115
L -2599.1674, -2040.2464, 0.0000,  -2591.8646, -2048.5172, 0.0000,  140, 130, 115
L -2591.8646, -2044.6984, 0.0000,  -2583.5184, -2040.2464, 0.0000,  140, 130, 115
L -2567.9683, -2038.1465, 0.0000,  -2557.3716, -2046.5988, 0.0000,  140, 130, 115
L -2557.3716, -2043.7525, 0.0000,  -2545.2610, -2038.1465, 0.0000,  140, 130, 115
L -2534.7575, -2037.3736, 0.0000,  -2523.4924, -2044.9474, 0.0000,  140, 130, 115
L -2523.4924, -2043.4415, 0.0000,  -2510.6181, -2037.3736, 0.0000,  140, 130, 115
L -2490.4367, -2040.5587, 0.0000,  -2481.4579, -2045.2946, 0.0000,  140, 130, 115
L -2481.4579, -2046.2626, 0.0000,  -2471.1965, -2040.5587, 0.0000,  140, 130, 115
L -2449.8800, -2043.5177, 0.0000,  -2439.7029, -2051.0486, 0.0000,  140, 130, 115
L -2439.7029, -2047.0017, 0.0000,  -2428.0718, -2043.5177, 0.0000,  140, 130, 115
L -2418.4814, -2039.6417, 0.0000,  -2412.0474, -2045.1910, 0.0000,  140, 130, 115
L -2412.0474, -2045.1264, 0.0000,  -2404.6942, -2039.6417, 0.0000,  140, 130, 115
L -2756.0000, -730.0000, 0.0000,  -2720.0000, -770.0000, 0.0000,  115, 105, 90
L -2720.0000, -770.0000, 0.0000,  -2699.0000, -762.0000, 0.0000,  115, 105, 90
L -2699.0000, -762.0000, 0.0000,  -2672.0000, -818.0000, 0.0000,  115, 105, 90
L -2672.0000, -818.0000, 0.0000,  -2645.0000, -810.0000, 0.0000,  115, 105, 90
L -2645.0000, -810.0000, 0.0000,  -2618.0000, -886.0000, 0.0000,  115, 105, 90
L -2618.0000, -886.0000, 0.0000,  -2603.0000, -916.0000, 0.0000,  115, 105, 90
L -2603.0000, -916.0000, 0.0000,  -2591.0000, -930.0000, 0.0000,  115, 105, 90
L -2591.0000, -930.0000, 0.0000,  -2570.0000, -890.0000, 0.0000,  115, 105, 90
L -2570.0000, -890.0000, 0.0000,  -2552.0000, -896.0000, 0.0000,  115, 105, 90
L -2552.0000, -896.0000, 0.0000,  -2522.0000, -834.0000, 0.0000,  115, 105, 90
L -2522.0000, -834.0000, 0.0000,  -2498.0000, -840.0000, 0.0000,  115, 105, 90
L -2498.0000, -840.0000, 0.0000,  -2468.0000, -774.0000, 0.0000,  115, 105, 90
L -2468.0000, -774.0000, 0.0000,  -2432.0000, -730.0000, 0.0000,  115, 105, 90
L -2780.0000, -730.0000, 0.0000,  -2750.0000, -790.0000, 0.0000,  140, 130, 115
L -2750.0000, -790.0000, 0.0000,  -2732.0000, -782.0000, 0.0000,  140, 130, 115
L -2732.0000, -782.0000, 0.0000,  -2708.0000, -834.0000, 0.0000,  140, 130, 115
L -2708.0000, -834.0000, 0.0000,  -2681.0000, -790.0000, 0.0000,  140, 130, 115
L -2594.0000, -902.0000, 0.0000,  -2581.0262, -878.8839, 0.0000,  140, 130, 115
L -2581.0262, -878.8839, 0.0000,  -2563.4432, -844.1003, 0.0000,  140, 130, 115
L -2563.4432, -844.1003, 0.0000,  -2551.8375, -813.4848, 0.0000,  140, 130, 115
L -2551.8375, -813.4848, 0.0000,  -2543.2632, -789.9376, 0.0000,  140, 130, 115
L -2558.0000, -846.0000, 0.0000,  -2548.5377, -814.9212, 0.0000,  140, 130, 115
L -2548.5377, -814.9212, 0.0000,  -2539.9892, -779.3835, 0.0000,  140, 130, 115
L -2539.9892, -779.3835, 0.0000,  -2533.1449, -756.2910, 0.0000,  140, 130, 115
L -2636.0000, -854.0000, 0.0000,  -2646.3982, -826.4531, 0.0000,  140, 130, 115
L -2646.3982, -826.4531, 0.0000,  -2656.3105, -796.2543, 0.0000,  140, 130, 115
L -2656.3105, -796.2543, 0.0000,  -2667.1573, -772.9220, 0.0000,  140, 130, 115
L -2667.1573, -772.9220, 0.0000,  -2678.3191, -748.0533, 0.0000,  140, 130, 115
L -2572.5000, -914.1667, 0.0000,  -2556.0000, -899.1667, 0.0000,  140, 130, 115
L -2560.0000, -898.3333, 0.0000,  -2543.5000, -883.3333, 0.0000,  140, 130, 115
L -2547.5000, -882.5000, 0.0000,  -2531.0000, -867.5000, 0.0000,  140, 130, 115
L -2535.0000, -866.6667, 0.0000,  -2518.5000, -851.6667, 0.0000,  140, 130, 115
L -2522.5000, -850.8333, 0.0000,  -2506.0000, -835.8333, 0.0000,  140, 130, 115
L -2510.0000, -835.0000, 0.0000,  -2493.5000, -820.0000, 0.0000,  140, 130, 115
L -2497.5000, -819.1667, 0.0000,  -2481.0000, -804.1667, 0.0000,  140, 130, 115
L -2485.0000, -803.3333, 0.0000,  -2468.5000, -788.3333, 0.0000,  140, 130, 115
L -2472.5000, -787.5000, 0.0000,  -2456.0000, -772.5000, 0.0000,  140, 130, 115
L -2460.0000, -771.6667, 0.0000,  -2443.5000, -756.6667, 0.0000,  140, 130, 115
L -2447.5000, -755.8333, 0.0000,  -2431.0000, -740.8333, 0.0000,  140, 130, 115
L -2621.3333, -901.1111, 0.0000,  -2636.3333, -887.1111, 0.0000,  140, 130, 115
L -2636.6667, -882.2222, 0.0000,  -2651.6667, -868.2222, 0.0000,  140, 130, 115
L -2652.0000, -863.3333, 0.0000,  -2667.0000, -849.3333, 0.0000,  140, 130, 115
L -2667.3333, -844.4444, 0.0000,  -2682.3333, -830.4444, 0.0000,  140, 130, 115
L -2682.6667, -825.5556, 0.0000,  -2697.6667, -811.5556, 0.0000,  140, 130, 115
L -2698.0000, -806.6667, 0.0000,  -2713.0000, -792.6667, 0.0000,  140, 130, 115
L -2713.3333, -787.7778, 0.0000,  -2728.3333, -773.7778, 0.0000,  140, 130, 115
L -2728.6667, -768.8889, 0.0000,  -2743.6667, -754.8889, 0.0000,  140, 130, 115
L -2784.2503, -725.5895, 0.0000,  -2774.5893, -732.9134, 0.0000,  140, 130, 115
L -2774.5893, -732.1193, 0.0000,  -2763.5481, -725.5895, 0.0000,  140, 130, 115
L -2744.7047, -729.5865, 0.0000,  -2736.8439, -735.6093, 0.0000,  140, 130, 115
L -2736.8439, -735.2622, 0.0000,  -2727.8602, -729.5865, 0.0000,  140, 130, 115
L -2718.2596, -728.8231, 0.0000,  -2709.6140, -734.5506, 0.0000,  140, 130, 115
L -2709.6140, -731.9105, 0.0000,  -2699.7333, -728.8231, 0.0000,  140, 130, 115
L -2675.7798, -732.9150, 0.0000,  -2666.9289, -737.6818, 0.0000,  140, 130, 115
L -2666.9289, -736.0533, 0.0000,  -2656.8136, -732.9150, 0.0000,  140, 130, 115
L -2645.9758, -732.4083, 0.0000,  -2640.0205, -739.8327, 0.0000,  140, 130, 115
L -2640.0205, -738.3215, 0.0000,  -2633.2144, -732.4083, 0.0000,  140, 130, 115
L -2613.6724, -727.1285, 0.0000,  -2605.4464, -733.6208, 0.0000,  140, 130, 115
L -2605.4464, -733.6321, 0.0000,  -2596.0453, -727.1285, 0.0000,  140, 130, 115
L -2583.5527, -725.1701, 0.0000,  -2573.8151, -732.5874, 0.0000,  140, 130, 115
L -2573.8151, -728.1939, 0.0000,  -2562.6865, -725.1701, 0.0000,  140, 130, 115
L -2550.2808, -732.7121, 0.0000,  -2542.9604, -741.4426, 0.0000,  140, 130, 115
L -2542.9604, -739.2149, 0.0000,  -2534.5943, -732.7121, 0.0000,  140, 130, 115
L -2510.3172, -731.9302, 0.0000,  -2500.4771, -739.8025, 0.0000,  140, 130, 115
L -2500.4771, -738.1672, 0.0000,  -2489.2313, -731.9302, 0.0000,  140, 130, 115
L -2472.6970, -731.7372, 0.0000,  -2466.5452, -739.7000, 0.0000,  140, 130, 115
L -2466.5452, -737.6900, 0.0000,  -2459.5146, -731.7372, 0.0000,  140, 130, 115
L -2445.4014, -728.9817, 0.0000,  -2434.2744, -733.6788, 0.0000,  140, 130, 115
L -2434.2744, -735.8102, 0.0000,  -2421.5578, -728.9817, 0.0000,  140, 130, 115
L -2757.2000, 32.5000, 0.0000,  -2714.0000, -17.5000, 0.0000,  115, 105, 90
L -2714.0000, -17.5000, 0.0000,  -2688.8000, -7.5000, 0.0000,  115, 105, 90
L -2688.8000, -7.5000, 0.0000,  -2656.4000, -77.5000, 0.0000,  115, 105, 90
L -2656.4000, -77.5000, 0.0000,  -2624.0000, -67.5000, 0.0000,  115, 105, 90
L -2624.0000, -67.5000, 0.0000,  -2591.6000, -162.5000, 0.0000,  115, 105, 90
L -2591.6000, -162.5000, 0.0000,  -2573.6000, -200.0000, 0.0000,  115, 105, 90
L -2573.6000, -200.0000, 0.0000,  -2559.2000, -217.5000, 0.0000,  115, 105, 90
L -2559.2000, -217.5000, 0.0000,  -2534.0000, -167.5000, 0.0000,  115, 105, 90
L -2534.0000, -167.5000, 0.0000,  -2512.4000, -175.0000, 0.0000,  115, 105, 90
L -2512.4000, -175.0000, 0.0000,  -2476.4000, -97.5000, 0.0000,  115, 105, 90
L -2476.4000, -97.5000, 0.0000,  -2447.6000, -105.0000, 0.0000,  115, 105, 90
L -2447.6000, -105.0000, 0.0000,  -2411.6000, -22.5000, 0.0000,  115, 105, 90
L -2411.6000, -22.5000, 0.0000,  -2368.4000, 32.5000, 0.0000,  115, 105, 90
L -2786.0000, 32.5000, 0.0000,  -2750.0000, -42.5000, 0.0000,  140, 130, 115
L -2750.0000, -42.5000, 0.0000,  -2728.4000, -32.5000, 0.0000,  140, 130, 115
L -2728.4000, -32.5000, 0.0000,  -2699.6000, -97.5000, 0.0000,  140, 130, 115
L -2699.6000, -97.5000, 0.0000,  -2667.2000, -42.5000, 0.0000,  140, 130, 115
L -2562.8000, -182.5000, 0.0000,  -2553.4663, -145.1807, 0.0000,  140, 130, 115
L -2553.4663, -145.1807, 0.0000,  -2543.8229, -105.9306, 0.0000,  140, 130, 115
L -2543.8229, -105.9306, 0.0000,  -2527.8701, -73.2438, 0.0000,  140, 130, 115
L -2527.8701, -73.2438, 0.0000,  -2511.7781, -36.9188, 0.0000,  140, 130, 115
L -2519.6000, -112.5000, 0.0000,  -2511.7776, -76.8976, 0.0000,  140, 130, 115
L -2511.7776, -76.8976, 0.0000,  -2495.6545, -41.5055, 0.0000,  140, 130, 115
L -2495.6545, -41.5055, 0.0000,  -2475.7903, -1.7992, 0.0000,  140, 130, 115
L -2613.2000, -122.5000, 0.0000,  -2622.2439, -81.2960, 0.0000,  140, 130, 115
L -2622.2439, -81.2960, 0.0000,  -2639.3768, -44.1096, 0.0000,  140, 130, 115
L -2639.3768, -44.1096, 0.0000,  -2652.9378, -9.0888, 0.0000,  140, 130, 115
L -2537.0000, -197.7083, 0.0000,  -2517.2000, -178.9583, 0.0000,  140, 130, 115
L -2522.0000, -177.9167, 0.0000,  -2502.2000, -159.1667, 0.0000,  140, 130, 115
L -2507.0000, -158.1250, 0.0000,  -2487.2000, -139.3750, 0.0000,  140, 130, 115
L -2492.0000, -138.3333, 0.0000,  -2472.2000, -119.5833, 0.0000,  140, 130, 115
L -2477.0000, -118.5417, 0.0000,  -2457.2000, -99.7917, 0.0000,  140, 130, 115
L -2462.0000, -98.7500, 0.0000,  -2442.2000, -80.0000, 0.0000,  140, 130, 115
L -2447.0000, -78.9583, 0.0000,  -2427.2000, -60.2083, 0.0000,  140, 130, 115
L -2432.0000, -59.1667, 0.0000,  -2412.2000, -40.4167, 0.0000,  140, 130, 115
L -2417.0000, -39.3750, 0.0000,  -2397.2000, -20.6250, 0.0000,  140, 130, 115
L -2402.0000, -19.5833, 0.0000,  -2382.2000, -0.8333, 0.0000,  140, 130, 115
L -2387.0000, 0.2083, 0.0000,  -2367.2000, 18.9583, 0.0000,  140, 130, 115
L -2595.6000, -181.3889, 0.0000,  -2613.6000, -163.8889, 0.0000,  140, 130, 115
L -2614.0000, -157.7778, 0.0000,  -2632.0000, -140.2778, 0.0000,  140, 130, 115
L -2632.4000, -134.1667, 0.0000,  -2650.4000, -116.6667, 0.0000,  140, 130, 115
L -2650.8000, -110.5556, 0.0000,  -2668.8000, -93.0556, 0.0000,  140, 130, 115
L -2669.2000, -86.9444, 0.0000,  -2687.2000, -69.4444, 0.0000,  140, 130, 115
L -2687.6000, -63.3333, 0.0000,  -2705.6000, -45.8333, 0.0000,  140, 130, 115
L -2706.0000, -39.7222, 0.0000,  -2724.0000, -22.2222, 0.0000,  140, 130, 115
L -2724.4000, -16.1111, 0.0000,  -2742.4000, 1.3889, 0.0000,  140, 130, 115
L -2786.2667, 35.0899, 0.0000,  -2776.9556, 27.7384, 0.0000,  140, 130, 115
L -2776.9556, 31.1042, 0.0000,  -2766.3142, 35.0899, 0.0000,  140, 130, 115
L -2747.9882, 32.4968, 0.0000,  -2738.2748, 25.9473, 0.0000,  140, 130, 115
L -2738.2748, 26.5064, 0.0000,  -2727.1738, 32.4968, 0.0000,  140, 130, 115
L -2705.8410, 33.0859, 0.0000,  -2694.5880, 28.2509, 0.0000,  140, 130, 115
L -2694.5880, 29.2565, 0.0000,  -2681.7274, 33.0859, 0.0000,  140, 130, 115
L -2659.2850, 35.1826, 0.0000,  -2651.3552, 28.3923, 0.0000,  140, 130, 115
L -2651.3552, 30.4202, 0.0000,  -2642.2925, 35.1826, 0.0000,  140, 130, 115
L -2622.4891, 37.4994, 0.0000,  -2611.8137, 30.3032, 0.0000,  140, 130, 115
L -2611.8137, 32.6188, 0.0000,  -2599.6132, 37.4994, 0.0000,  140, 130, 115
L -2576.9915, 33.5242, 0.0000,  -2567.7115, 25.1818, 0.0000,  140, 130, 115
L -2567.7115, 27.7906, 0.0000,  -2557.1057, 33.5242, 0.0000,  140, 130, 115
L -2544.9327, 36.1871, 0.0000,  -2535.8306, 27.6122, 0.0000,  140, 130, 115
L -2535.8306, 30.6948, 0.0000,  -2525.4283, 36.1871, 0.0000,  140, 130, 115
L -2502.6051, 38.2661, 0.0000,  -2494.0116, 32.2739, 0.0000,  140, 130, 115
L -2494.0116, 31.5153, 0.0000,  -2484.1904, 38.2661, 0.0000,  140, 130, 115
L -2452.7072, 31.0482, 0.0000,  -2447.3002, 22.7578, 0.0000,  140, 130, 115
L -2447.3002, 24.5172, 0.0000,  -2441.1209, 31.0482, 0.0000,  140, 130, 115
L -2427.0623, 31.7925, 0.0000,  -2417.3709, 23.0920, 0.0000,  140, 130, 115
L -2417.3709, 27.9401, 0.0000,  -2406.2950, 31.7925, 0.0000,  140, 130, 115
L -2381.9385, 35.4641, 0.0000,  -2375.4928, 29.3898, 0.0000,  140, 130, 115
L -2375.4928, 31.8924, 0.0000,  -2368.1263, 35.4641, 0.0000,  140, 130, 115
L -2745.6000, 983.2500, 0.0000,  -2712.0000, 946.2500, 0.0000,  115, 105, 90
L -2712.0000, 946.2500, 0.0000,  -2692.4000, 953.6500, 0.0000,  115, 105, 90
L -2692.4000, 953.6500, 0.0000,  -2667.2000, 901.8500, 0.0000,  115, 105, 90
L -2667.2000, 901.8500, 0.0000,  -2642.0000, 909.2500, 0.0000,  115, 105, 90
L -2642.0000, 909.2500, 0.0000,  -2616.8000, 838.9500, 0.0000,  115, 105, 90
L -2616.8000, 838.9500, 0.0000,  -2602.8000, 811.2000, 0.0000,  115, 105, 90
L -2602.8000, 811.2000, 0.0000,  -2591.6000, 798.2500, 0.0000,  115, 105, 90
L -2591.6000, 798.2500, 0.0000,  -2572.0000, 835.2500, 0.0000,  115, 105, 90
L -2572.0000, 835.2500, 0.0000,  -2555.2000, 829.7000, 0.0000,  115, 105, 90
L -2555.2000, 829.7000, 0.0000,  -2527.2000, 887.0500, 0.0000,  115, 105, 90
L -2527.2000, 887.0500, 0.0000,  -2504.8000, 881.5000, 0.0000,  115, 105, 90
L -2504.8000, 881.5000, 0.0000,  -2476.8000, 942.5500, 0.0000,  115, 105, 90
L -2476.8000, 942.5500, 0.0000,  -2443.2000, 983.2500, 0.0000,  115, 105, 90
L -2768.0000, 983.2500, 0.0000,  -2740.0000, 927.7500, 0.0000,  140, 130, 115
L -2740.0000, 927.7500, 0.0000,  -2723.2000, 935.1500, 0.0000,  140, 130, 115
L -2723.2000, 935.1500, 0.0000,  -2700.8000, 887.0500, 0.0000,  140, 130, 115
L -2700.8000, 887.0500, 0.0000,  -2675.6000, 927.7500, 0.0000,  140, 130, 115
L -2594.4000, 824.1500, 0.0000,  -2577.8346, 849.4032, 0.0000,  140, 130, 115
L -2577.8346, 849.4032, 0.0000,  -2564.1836, 878.7795, 0.0000,  140, 130, 115
L -2564.1836, 878.7795, 0.0000,  -2556.1767, 898.4345, 0.0000,  140, 130, 115
L -2556.1767, 898.4345, 0.0000,  -2543.8259, 918.7389, 0.0000,  140, 130, 115
L -2560.8000, 875.9500, 0.0000,  -2550.9191, 907.6176, 0.0000,  140, 130, 115
L -2550.9191, 907.6176, 0.0000,  -2535.5510, 927.8742, 0.0000,  140, 130, 115
L -2535.5510, 927.8742, 0.0000,  -2529.0300, 949.6670, 0.0000,  140, 130, 115
L -2529.0300, 949.6670, 0.0000,  -2514.1553, 968.5329, 0.0000,  140, 130, 115
L -2633.6000, 868.5500, 0.0000,  -2641.7220, 888.6371, 0.0000,  140, 130, 115
L -2641.7220, 888.6371, 0.0000,  -2648.7516, 914.8838, 0.0000,  140, 130, 115
L -2648.7516, 914.8838, 0.0000,  -2656.4060, 939.4436, 0.0000,  140, 130, 115
L -2656.4060, 939.4436, 0.0000,  -2670.2177, 968.6439, 0.0000,  140, 130, 115
L -2574.3333, 812.8958, 0.0000,  -2558.9333, 826.7708, 0.0000,  140, 130, 115
L -2562.6667, 827.5417, 0.0000,  -2547.2667, 841.4167, 0.0000,  140, 130, 115
L -2551.0000, 842.1875, 0.0000,  -2535.6000, 856.0625, 0.0000,  140, 130, 115
L -2539.3333, 856.8333, 0.0000,  -2523.9333, 870.7083, 0.0000,  140, 130, 115
L -2527.6667, 871.4792, 0.0000,  -2512.2667, 885.3542, 0.0000,  140, 130, 115
L -2516.0000, 886.1250, 0.0000,  -2500.6000, 900.0000, 0.0000,  140, 130, 115
L -2504.3333, 900.7708, 0.0000,  -2488.9333, 914.6458, 0.0000,  140, 130, 115
L -2492.6667, 915.4167, 0.0000,  -2477.2667, 929.2917, 0.0000,  140, 130, 115
L -2481.0000, 930.0625, 0.0000,  -2465.6000, 943.9375, 0.0000,  140, 130, 115
L -2469.3333, 944.7083, 0.0000,  -2453.9333, 958.5833, 0.0000,  140, 130, 115
L -2457.6667, 959.3542, 0.0000,  -2442.2667, 973.2292, 0.0000,  140, 130, 115
L -2619.9111, 824.9722, 0.0000,  -2633.9111, 837.9222, 0.0000,  140, 130, 115
L -2634.2222, 842.4444, 0.0000,  -2648.2222, 855.3944, 0.0000,  140, 130, 115
L -2648.5333, 859.9167, 0.0000,  -2662.5333, 872.8667, 0.0000,  140, 130, 115
L -2662.8444, 877.3889, 0.0000,  -2676.8444, 890.3389, 0.0000,  140, 130, 115
L -2677.1556, 894.8611, 0.0000,  -2691.1556, 907.8111, 0.0000,  140, 130, 115
L -2691.4667, 912.3333, 0.0000,  -2705.4667, 925.2833, 0.0000,  140, 130, 115
L -2705.7778, 929.8056, 0.0000,  -2719.7778, 942.7556, 0.0000,  140, 130, 115
L -2720.0889, 947.2778, 0.0000,  -2734.0889, 960.2278, 0.0000,  140, 130, 115
L -2767.9145, 987.3252, 0.0000,  -2759.0070, 979.1904, 0.0000,  140, 130, 115
L -2759.0070, 983.3297, 0.0000,  -2748.8269, 987.3252, 0.0000,  140, 130, 115
L -2741.4912, 985.4730, 0.0000,  -2729.9700, 978.3813, 0.0000,  140, 130, 115
L -2729.9700, 980.5742, 0.0000,  -2716.8028, 985.4730, 0.0000,  140, 130, 115
L -2705.0445, 982.7820, 0.0000,  -2698.6339, 973.8502, 0.0000,  140, 130, 115
L -2698.6339, 976.2357, 0.0000,  -2691.3077, 982.7820, 0.0000,  140, 130, 115
L -2670.1600, 985.0071, 0.0000,  -2660.3013, 979.5247, 0.0000,  140, 130, 115
L -2660.3013, 980.0808, 0.0000,  -2649.0342, 985.0071, 0.0000,  140, 130, 115
L -2645.2895, 984.0313, 0.0000,  -2638.6205, 979.5314, 0.0000,  140, 130, 115
L -2638.6205, 977.3535, 0.0000,  -2630.9989, 984.0313, 0.0000,  140, 130, 115
L -2619.6422, 987.5664, 0.0000,  -2609.8452, 983.1161, 0.0000,  140, 130, 115
L -2609.8452, 982.6258, 0.0000,  -2598.6485, 987.5664, 0.0000,  140, 130, 115
L -2574.8909, 989.1318, 0.0000,  -2566.0478, 981.2727, 0.0000,  140, 130, 115
L -2566.0478, 983.2971, 0.0000,  -2555.9414, 989.1318, 0.0000,  140, 130, 115
L -2554.2846, 985.1994, 0.0000,  -2545.2060, 979.2292, 0.0000,  140, 130, 115
L -2545.2060, 978.9234, 0.0000,  -2534.8305, 985.1994, 0.0000,  140, 130, 115
L -2516.0279, 986.9954, 0.0000,  -2510.6751, 980.7710, 0.0000,  140, 130, 115
L -2510.6751, 983.8177, 0.0000,  -2504.5576, 986.9954, 0.0000,  140, 130, 115
L -2487.1789, 988.1039, 0.0000,  -2478.4747, 981.2770, 0.0000,  140, 130, 115
L -2478.4747, 982.6140, 0.0000,  -2468.5270, 988.1039, 0.0000,  140, 130, 115
L -2462.5785, 983.7263, 0.0000,  -2453.6288, 976.4949, 0.0000,  140, 130, 115
L -2453.6288, 979.2061, 0.0000,  -2443.4007, 983.7263, 0.0000,  140, 130, 115
L -2751.6000, 2103.5000, 0.0000,  -2712.0000, 2057.5000, 0.0000,  115, 105, 90
L -2712.0000, 2057.5000, 0.0000,  -2688.9000, 2066.7000, 0.0000,  115, 105, 90
L -2688.9000, 2066.7000, 0.0000,  -2659.2000, 2002.3000, 0.0000,  115, 105, 90
L -2659.2000, 2002.3000, 0.0000,  -2629.5000, 2011.5000, 0.0000,  115, 105, 90
L -2629.5000, 2011.5000, 0.0000,  -2599.8000, 1924.1000, 0.0000,  115, 105, 90
L -2599.8000, 1924.1000, 0.0000,  -2583.3000, 1889.6000, 0.0000,  115, 105, 90
L -2583.3000, 1889.6000, 0.0000,  -2570.1000, 1873.5000, 0.0000,  115, 105, 90
L -2570.1000, 1873.5000, 0.0000,  -2547.0000, 1919.5000, 0.0000,  115, 105, 90
L -2547.0000, 1919.5000, 0.0000,  -2527.2000, 1912.6000, 0.0000,  115, 105, 90
L -2527.2000, 1912.6000, 0.0000,  -2494.2000, 1983.9000, 0.0000,  115, 105, 90
L -2494.2000, 1983.9000, 0.0000,  -2467.8000, 1977.0000, 0.0000,  115, 105, 90
L -2467.8000, 1977.0000, 0.0000,  -2434.8000, 2052.9000, 0.0000,  115, 105, 90
L -2434.8000, 2052.9000, 0.0000,  -2395.2000, 2103.5000, 0.0000,  115, 105, 90
L -2778.0000, 2103.5000, 0.0000,  -2745.0000, 2034.5000, 0.0000,  140, 130, 115
L -2745.0000, 2034.5000, 0.0000,  -2725.2000, 2043.7000, 0.0000,  140, 130, 115
L -2725.2000, 2043.7000, 0.0000,  -2698.8000, 1983.9000, 0.0000,  140, 130, 115
L -2698.8000, 1983.9000, 0.0000,  -2669.1000, 2034.5000, 0.0000,  140, 130, 115
L -2573.4000, 1905.7000, 0.0000,  -2554.1285, 1944.7423, 0.0000,  140, 130, 115
L -2554.1285, 1944.7423, 0.0000,  -2537.8674, 1971.9305, 0.0000,  140, 130, 115
L -2537.8674, 1971.9305, 0.0000,  -2526.9029, 2008.0647, 0.0000,  140, 130, 115
L -2526.9029, 2008.0647, 0.0000,  -2509.6543, 2031.3724, 0.0000,  140, 130, 115
L -2533.8000, 1970.1000, 0.0000,  -2524.9996, 2009.5755, 0.0000,  140, 130, 115
L -2524.9996, 2009.5755, 0.0000,  -2516.8405, 2044.6335, 0.0000,  140, 130, 115
L -2516.8405, 2044.6335, 0.0000,  -2505.8884, 2079.5107, 0.0000,  140, 130, 115
L -2619.6000, 1960.9000, 0.0000,  -2631.3631, 1989.8308, 0.0000,  140, 130, 115
L -2631.3631, 1989.8308, 0.0000,  -2646.1659, 2024.3917, 0.0000,  140, 130, 115
L -2646.1659, 2024.3917, 0.0000,  -2658.1724, 2055.9725, 0.0000,  140, 130, 115
L -2658.1724, 2055.9725, 0.0000,  -2671.8519, 2083.7261, 0.0000,  140, 130, 115
L -2549.7500, 1891.7083, 0.0000,  -2531.6000, 1908.9583, 0.0000,  140, 130, 115
L -2536.0000, 1909.9167, 0.0000,  -2517.8500, 1927.1667, 0.0000,  140, 130, 115
L -2522.2500, 1928.1250, 0.0000,  -2504.1000, 1945.3750, 0.0000,  140, 130, 115
L -2508.5000, 1946.3333, 0.0000,  -2490.3500, 1963.5833, 0.0000,  140, 130, 115
L -2494.7500, 1964.5417, 0.0000,  -2476.6000, 1981.7917, 0.0000,  140, 130, 115
L -2481.0000, 1982.7500, 0.0000,  -2462.8500, 2000.0000, 0.0000,  140, 130, 115
L -2467.2500, 2000.9583, 0.0000,  -2449.1000, 2018.2083, 0.0000,  140, 130, 115
L -2453.5000, 2019.1667, 0.0000,  -2435.3500, 2036.4167, 0.0000,  140, 130, 115
L -2439.7500, 2037.3750, 0.0000,  -2421.6000, 2054.6250, 0.0000,  140, 130, 115
L -2426.0000, 2055.5833, 0.0000,  -2407.8500, 2072.8333, 0.0000,  140, 130, 115
L -2412.2500, 2073.7917, 0.0000,  -2394.1000, 2091.0417, 0.0000,  140, 130, 115
L -2603.4667, 1906.7222, 0.0000,  -2619.9667, 1922.8222, 0.0000,  140, 130, 115
L -2620.3333, 1928.4444, 0.0000,  -2636.8333, 1944.5444, 0.0000,  140, 130, 115
L -2637.2000, 1950.1667, 0.0000,  -2653.7000, 1966.2667, 0.0000,  140, 130, 115
L -2654.0667, 1971.8889, 0.0000,  -2670.5667, 1987.9889, 0.0000,  140, 130, 115
L -2670.9333, 1993.6111, 0.0000,  -2687.4333, 2009.7111, 0.0000,  140, 130, 115
L -2687.8000, 2015.3333, 0.0000,  -2704.3000, 2031.4333, 0.0000,  140, 130, 115
L -2704.6667, 2037.0556, 0.0000,  -2721.1667, 2053.1556, 0.0000,  140, 130, 115
L -2721.5333, 2058.7778, 0.0000,  -2738.0333, 2074.8778, 0.0000,  140, 130, 115
L -2773.9868, 2105.6172, 0.0000,  -2768.3849, 2098.6284, 0.0000,  140, 130, 115
L -2768.3849, 2099.4100, 0.0000,  -2761.9826, 2105.6172, 0.0000,  140, 130, 115
L -2731.7550, 2102.7704, 0.0000,  -2723.9514, 2094.1535, 0.0000,  140, 130, 115
L -2723.9514, 2098.3709, 0.0000,  -2715.0331, 2102.7704, 0.0000,  140, 130, 115
L -2697.4256, 2102.2997, 0.0000,  -2686.6404, 2098.0948, 0.0000,  140, 130, 115
L -2686.6404, 2096.6294, 0.0000,  -2674.3145, 2102.2997, 0.0000,  140, 130, 115
L -2661.6494, 2105.4283, 0.0000,  -2652.3205, 2096.8594, 0.0000,  140, 130, 115
L -2652.3205, 2098.4430, 0.0000,  -2641.6588, 2105.4283, 0.0000,  140, 130, 115
L -2628.1881, 2105.2041, 0.0000,  -2623.0091, 2099.3115, 0.0000,  140, 130, 115
L -2623.0091, 2101.6238, 0.0000,  -2617.0901, 2105.2041, 0.0000,  140, 130, 115
L -2592.6013, 2106.1235, 0.0000,  -2587.1099, 2101.3535, 0.0000,  140, 130, 115
L -2587.1099, 2103.0843, 0.0000,  -2580.8340, 2106.1235, 0.0000,  140, 130, 115
L -2547.0333, 2102.6933, 0.0000,  -2541.6273, 2095.5882, 0.0000,  140, 130, 115
L -2541.6273, 2096.8230, 0.0000,  -2535.4490, 2102.6933, 0.0000,  140, 130, 115
L -2517.9183, 2105.4268, 0.0000,  -2509.2762, 2097.8289, 0.0000,  140, 130, 115
L -2509.2762, 2101.1857, 0.0000,  -2499.3995, 2105.4268, 0.0000,  140, 130, 115
L -2481.8851, 2106.7448, 0.0000,  -2470.9778, 2098.2920, 0.0000,  140, 130, 115
L -2470.9778, 2100.3862, 0.0000,  -2458.5123, 2106.7448, 0.0000,  140, 130, 115
L -2448.8686, 2105.2011, 0.0000,  -2438.8327, 2098.3057, 0.0000,  140, 130, 115
L -2438.8327, 2102.0894, 0.0000,  -2427.3632, 2105.2011, 0.0000,  140, 130, 115
L -2404.5073, 2102.2918, 0.0000,  -2396.2164, 2096.0299, 0.0000,  140, 130, 115
L -2396.2164, 2098.9186, 0.0000,  -2386.7410, 2102.2918, 0.0000,  140, 130, 115
L 1055.0000, -1621.2500, 0.0000,  1085.0000, -1656.2500, 0.0000,  115, 105, 90
L 1085.0000, -1656.2500, 0.0000,  1102.5000, -1649.2500, 0.0000,  115, 105, 90
L 1102.5000, -1649.2500, 0.0000,  1125.0000, -1698.2500, 0.0000,  115, 105, 90
L 1125.0000, -1698.2500, 0.0000,  1147.5000, -1691.2500, 0.0000,  115, 105, 90
L 1147.5000, -1691.2500, 0.0000,  1170.0000, -1757.7500, 0.0000,  115, 105, 90
L 1170.0000, -1757.7500, 0.0000,  1182.5000, -1784.0000, 0.0000,  115, 105, 90
L 1182.5000, -1784.0000, 0.0000,  1192.5000, -1796.2500, 0.0000,  115, 105, 90
L 1192.5000, -1796.2500, 0.0000,  1210.0000, -1761.2500, 0.0000,  115, 105, 90
L 1210.0000, -1761.2500, 0.0000,  1225.0000, -1766.5000, 0.0000,  115, 105, 90
L 1225.0000, -1766.5000, 0.0000,  1250.0000, -1712.2500, 0.0000,  115, 105, 90
L 1250.0000, -1712.2500, 0.0000,  1270.0000, -1717.5000, 0.0000,  115, 105, 90
L 1270.0000, -1717.5000, 0.0000,  1295.0000, -1659.7500, 0.0000,  115, 105, 90
L 1295.0000, -1659.7500, 0.0000,  1325.0000, -1621.2500, 0.0000,  115, 105, 90
L 1035.0000, -1621.2500, 0.0000,  1060.0000, -1673.7500, 0.0000,  140, 130, 115
L 1060.0000, -1673.7500, 0.0000,  1075.0000, -1666.7500, 0.0000,  140, 130, 115
L 1075.0000, -1666.7500, 0.0000,  1095.0000, -1712.2500, 0.0000,  140, 130, 115
L 1095.0000, -1712.2500, 0.0000,  1117.5000, -1673.7500, 0.0000,  140, 130, 115
L 1190.0000, -1771.7500, 0.0000,  1195.4561, -1751.4017, 0.0000,  140, 130, 115
L 1195.4561, -1751.4017, 0.0000,  1207.5473, -1731.9019, 0.0000,  140, 130, 115
L 1207.5473, -1731.9019, 0.0000,  1221.1474, -1710.6679, 0.0000,  140, 130, 115
L 1221.1474, -1710.6679, 0.0000,  1226.2622, -1687.0083, 0.0000,  140, 130, 115
L 1220.0000, -1722.7500, 0.0000,  1226.6721, -1705.0228, 0.0000,  140, 130, 115
L 1226.6721, -1705.0228, 0.0000,  1234.4535, -1681.0856, 0.0000,  140, 130, 115
L 1234.4535, -1681.0856, 0.0000,  1241.3820, -1651.6461, 0.0000,  140, 130, 115
L 1155.0000, -1729.7500, 0.0000,  1146.4905, -1710.8368, 0.0000,  140, 130, 115
L 1146.4905, -1710.8368, 0.0000,  1137.1446, -1683.7376, 0.0000,  140, 130, 115
L 1137.1446, -1683.7376, 0.0000,  1127.2745, -1657.2469, 0.0000,  140, 130, 115
L 1127.2745, -1657.2469, 0.0000,  1121.0572, -1637.7883, 0.0000,  140, 130, 115
L 1207.9167, -1782.3958, 0.0000,  1221.6667, -1769.2708, 0.0000,  140, 130, 115
L 1218.3333, -1768.5417, 0.0000,  1232.0833, -1755.4167, 0.0000,  140, 130, 115
L 1228.7500, -1754.6875, 0.0000,  1242.5000, -1741.5625, 0.0000,  140, 130, 115
L 1239.1667, -1740.8333, 0.0000,  1252.9167, -1727.7083, 0.0000,  140, 130, 115
L 1249.5833, -1726.9792, 0.0000,  1263.3333, -1713.8542, 0.0000,  140, 130, 115
L 1260.0000, -1713.1250, 0.0000,  1273.7500, -1700.0000, 0.0000,  140, 130, 115
L 1270.4167, -1699.2708, 0.0000,  1284.1667, -1686.1458, 0.0000,  140, 130, 115
L 1280.8333, -1685.4167, 0.0000,  1294.5833, -1672.2917, 0.0000,  140, 130, 115
L 1291.2500, -1671.5625, 0.0000,  1305.0000, -1658.4375, 0.0000,  140, 130, 115
L 1301.6667, -1657.7083, 0.0000,  1315.4167, -1644.5833, 0.0000,  140, 130, 115
L 1312.0833, -1643.8542, 0.0000,  1325.8333, -1630.7292, 0.0000,  140, 130, 115
L 1167.2222, -1770.9722, 0.0000,  1154.7222, -1758.7222, 0.0000,  140, 130, 115
L 1154.4444, -1754.4444, 0.0000,  1141.9444, -1742.1944, 0.0000,  140, 130, 115
L 1141.6667, -1737.9167, 0.0000,  1129.1667, -1725.6667, 0.0000,  140, 130, 115
L 1128.8889, -1721.3889, 0.0000,  1116.3889, -1709.1389, 0.0000,  140, 130, 115
L 1116.1111, -1704.8611, 0.0000,  1103.6111, -1692.6111, 0.0000,  140, 130, 115
L 1103.3333, -1688.3333, 0.0000,  1090.8333, -1676.0833, 0.0000,  140, 130, 115
L 1090.5556, -1671.8056, 0.0000,  1078.0556, -1659.5556, 0.0000,  140, 130, 115
L 1077.7778, -1655.2778, 0.0000,  1065.2778, -1643.0278, 0.0000,  140, 130, 115
L 1026.7120, -1619.8250, 0.0000,  1037.6389, -1625.7408, 0.0000,  140, 130, 115
L 1037.6389, -1626.1061, 0.0000,  1050.1268, -1619.8250, 0.0000,  140, 130, 115
L 1055.8240, -1622.2215, 0.0000,  1065.4370, -1630.1495, 0.0000,  140, 130, 115
L 1065.4370, -1628.3961, 0.0000,  1076.4233, -1622.2215, 0.0000,  140, 130, 115
L 1088.1644, -1619.3765, 0.0000,  1094.7269, -1627.1233, 0.0000,  140, 130, 115
L 1094.7269, -1624.6969, 0.0000,  1102.2268, -1619.3765, 0.0000,  140, 130, 115
L 1115.7790, -1617.1964, 0.0000,  1127.5812, -1623.5276, 0.0000,  140, 130, 115
L 1127.5812, -1624.1755, 0.0000,  1141.0695, -1617.1964, 0.0000,  140, 130, 115
L 1146.5005, -1616.3168, 0.0000,  1152.1399, -1623.8985, 0.0000,  140, 130, 115
L 1152.1399, -1622.9038, 0.0000,  1158.5850, -1616.3168, 0.0000,  140, 130, 115
L 1170.5147, -1621.0004, 0.0000,  1181.1941, -1629.0721, 0.0000,  140, 130, 115
L 1181.1941, -1626.8586, 0.0000,  1193.3992, -1621.0004, 0.0000,  140, 130, 115
L 1203.3113, -1619.6129, 0.0000,  1208.2248, -1626.2579, 0.0000,  140, 130, 115
L 1208.2248, -1623.8440, 0.0000,  1213.8403, -1619.6129, 0.0000,  140, 130, 115
L 1230.9761, -1624.0732, 0.0000,  1239.0115, -1628.6621, 0.0000,  140, 130, 115
L 1239.0115, -1628.4555, 0.0000,  1248.1949, -1624.0732, 0.0000,  140, 130, 115
L 1260.7539, -1617.4168, 0.0000,  1270.1682, -1623.2332, 0.0000,  140, 130, 115
L 1270.1682, -1620.8124, 0.0000,  1280.9274, -1617.4168, 0.0000,  140, 130, 115
L 1271.5872, -1619.3379, 0.0000,  1283.3799, -1627.0159, 0.0000,  140, 130, 115
L 1283.3799, -1623.1858, 0.0000,  1296.8572, -1619.3379, 0.0000,  140, 130, 115
L 1321.6415, -1622.2222, 0.0000,  1326.8662, -1628.7668, 0.0000,  140, 130, 115
L 1326.8662, -1627.0172, 0.0000,  1332.8373, -1622.2222, 0.0000,  140, 130, 115
L 1049.4000, -812.2500, 0.0000,  1083.0000, -851.2500, 0.0000,  115, 105, 90
L 1083.0000, -851.2500, 0.0000,  1102.6000, -843.4500, 0.0000,  115, 105, 90
L 1102.6000, -843.4500, 0.0000,  1127.8000, -898.0500, 0.0000,  115, 105, 90
L 1127.8000, -898.0500, 0.0000,  1153.0000, -890.2500, 0.0000,  115, 105, 90
L 1153.0000, -890.2500, 0.0000,  1178.2000, -964.3500, 0.0000,  115, 105, 90
L 1178.2000, -964.3500, 0.0000,  1192.2000, -993.6000, 0.0000,  115, 105, 90
L 1192.2000, -993.6000, 0.0000,  1203.4000, -1007.2500, 0.0000,  115, 105, 90
L 1203.4000, -1007.2500, 0.0000,  1223.0000, -968.2500, 0.0000,  115, 105, 90
L 1223.0000, -968.2500, 0.0000,  1239.8000, -974.1000, 0.0000,  115, 105, 90
L 1239.8000, -974.1000, 0.0000,  1267.8000, -913.6500, 0.0000,  115, 105, 90
L 1267.8000, -913.6500, 0.0000,  1290.2000, -919.5000, 0.0000,  115, 105, 90
L 1290.2000, -919.5000, 0.0000,  1318.2000, -855.1500, 0.0000,  115, 105, 90
L 1318.2000, -855.1500, 0.0000,  1351.8000, -812.2500, 0.0000,  115, 105, 90
L 1027.0000, -812.2500, 0.0000,  1055.0000, -870.7500, 0.0000,  140, 130, 115
L 1055.0000, -870.7500, 0.0000,  1071.8000, -862.9500, 0.0000,  140, 130, 115
L 1071.8000, -862.9500, 0.0000,  1094.2000, -913.6500, 0.0000,  140, 130, 115
L 1094.2000, -913.6500, 0.0000,  1119.4000, -870.7500, 0.0000,  140, 130, 115
L 1200.6000, -979.9500, 0.0000,  1206.9515, -955.3706, 0.0000,  140, 130, 115
L 1206.9515, -955.3706, 0.0000,  1212.5927, -931.4590, 0.0000,  140, 130, 115
L 1212.5927, -931.4590, 0.0000,  1226.6229, -901.1345, 0.0000,  140, 130, 115
L 1226.6229, -901.1345, 0.0000,  1237.4854, -869.8769, 0.0000,  140, 130, 115
L 1234.2000, -925.3500, 0.0000,  1244.8514, -892.3612, 0.0000,  140, 130, 115
L 1244.8514, -892.3612, 0.0000,  1257.2837, -870.6830, 0.0000,  140, 130, 115
L 1257.2837, -870.6830, 0.0000,  1269.2309, -843.7452, 0.0000,  140, 130, 115
L 1161.4000, -933.1500, 0.0000,  1148.0127, -910.7041, 0.0000,  140, 130, 115
L 1148.0127, -910.7041, 0.0000,  1139.0582, -887.4660, 0.0000,  140, 130, 115
L 1139.0582, -887.4660, 0.0000,  1130.4693, -865.1463, 0.0000,  140, 130, 115
L 1130.4693, -865.1463, 0.0000,  1116.4340, -835.2638, 0.0000,  140, 130, 115
L 1220.6667, -991.8125, 0.0000,  1236.0667, -977.1875, 0.0000,  140, 130, 115
L 1232.3333, -976.3750, 0.0000,  1247.7333, -961.7500, 0.0000,  140, 130, 115
L 1244.0000, -960.9375, 0.0000,  1259.4000, -946.3125, 0.0000,  140, 130, 115
L 1255.6667, -945.5000, 0.0000,  1271.0667, -930.8750, 0.0000,  140, 130, 115
L 1267.3333, -930.0625, 0.0000,  1282.7333, -915.4375, 0.0000,  140, 130, 115
L 1279.0000, -914.6250, 0.0000,  1294.4000, -900.0000, 0.0000,  140, 130, 115
L 1290.6667, -899.1875, 0.0000,  1306.0667, -884.5625, 0.0000,  140, 130, 115
L 1302.3333, -883.7500, 0.0000,  1317.7333, -869.1250, 0.0000,  140, 130, 115
L 1314.0000, -868.3125, 0.0000,  1329.4000, -853.6875, 0.0000,  140, 130, 115
L 1325.6667, -852.8750, 0.0000,  1341.0667, -838.2500, 0.0000,  140, 130, 115
L 1337.3333, -837.4375, 0.0000,  1352.7333, -822.8125, 0.0000,  140, 130, 115
L 1175.0889, -979.0833, 0.0000,  1161.0889, -965.4333, 0.0000,  140, 130, 115
L 1160.7778, -960.6667, 0.0000,  1146.7778, -947.0167, 0.0000,  140, 130, 115
L 1146.4667, -942.2500, 0.0000,  1132.4667, -928.6000, 0.0000,  140, 130, 115
L 1132.1556, -923.8333, 0.0000,  1118.1556, -910.1833, 0.0000,  140, 130, 115
L 1117.8444, -905.4167, 0.0000,  1103.8444, -891.7667, 0.0000,  140, 130, 115
L 1103.5333, -887.0000, 0.0000,  1089.5333, -873.3500, 0.0000,  140, 130, 115
L 1089.2222, -868.5833, 0.0000,  1075.2222, -854.9333, 0.0000,  140, 130, 115
L 1074.9111, -850.1667, 0.0000,  1060.9111, -836.5167, 0.0000,  140, 130, 115
L 1026.6448, -810.0706, 0.0000,  1032.0916, -817.2882, 0.0000,  140, 130, 115
L 1032.0916, -814.7001, 0.0000,  1038.3165, -810.0706, 0.0000,  140, 130, 115
L 1057.5520, -808.3953, 0.0000,  1067.9036, -815.8092, 0.0000,  140, 130, 115
L 1067.9036, -812.5691, 0.0000,  1079.7341, -808.3953, 0.0000,  140, 130, 115
L 1084.5772, -809.9970, 0.0000,  1093.2193, -818.4623, 0.0000,  140, 130, 115
L 1093.2193, -816.5238, 0.0000,  1103.0960, -809.9970, 0.0000,  140, 130, 115
L 1114.9211, -811.5497, 0.0000,  1124.7942, -817.6435, 0.0000,  140, 130, 115
L 1124.7942, -818.4143, 0.0000,  1136.0778, -811.5497, 0.0000,  140, 130, 115
L 1141.9591, -811.5267, 0.0000,  1152.7592, -820.2684, 0.0000,  140, 130, 115
L 1152.7592, -816.5501, 0.0000,  1165.1022, -811.5267, 0.0000,  140, 130, 115
L 1181.3365, -809.9254, 0.0000,  1188.4681, -817.4082, 0.0000,  140, 130, 115
L 1188.4681, -814.2948, 0.0000,  1196.6186, -809.9254, 0.0000,  140, 130, 115
L 1206.7736, -809.9615, 0.0000,  1217.0726, -816.4112, 0.0000,  140, 130, 115
L 1217.0726, -815.3331, 0.0000,  1228.8429, -809.9615, 0.0000,  140, 130, 115
L 1250.5280, -810.5313, 0.0000,  1255.4698, -816.3945, 0.0000,  140, 130, 115
L 1255.4698, -817.0253, 0.0000,  1261.1175, -810.5313, 0.0000,  140, 130, 115
L 1271.0169, -808.1992, 0.0000,  1282.5995, -812.3860, 0.0000,  140, 130, 115
L 1282.5995, -814.1115, 0.0000,  1295.8367, -808.1992, 0.0000,  140, 130, 115
L 1308.8583, -815.2279, 0.0000,  1315.2903, -821.6949, 0.0000,  140, 130, 115
L 1315.2903, -820.0727, 0.0000,  1322.6412, -815.2279, 0.0000,  140, 130, 115
L 1339.3118, -812.0534, 0.0000,  1349.7252, -818.1094, 0.0000,  140, 130, 115
L 1349.7252, -818.8258, 0.0000,  1361.6261, -812.0534, 0.0000,  140, 130, 115
L 1055.2000, 694.2500, 0.0000,  1084.0000, 661.2500, 0.0000,  115, 105, 90
L 1084.0000, 661.2500, 0.0000,  1100.8000, 667.8500, 0.0000,  115, 105, 90
L 1100.8000, 667.8500, 0.0000,  1122.4000, 621.6500, 0.0000,  115, 105, 90
L 1122.4000, 621.6500, 0.0000,  1144.0000, 628.2500, 0.0000,  115, 105, 90
L 1144.0000, 628.2500, 0.0000,  1165.6000, 565.5500, 0.0000,  115, 105, 90
L 1165.6000, 565.5500, 0.0000,  1177.6000, 540.8000, 0.0000,  115, 105, 90
L 1177.6000, 540.8000, 0.0000,  1187.2000, 529.2500, 0.0000,  115, 105, 90
L 1187.2000, 529.2500, 0.0000,  1204.0000, 562.2500, 0.0000,  115, 105, 90
L 1204.0000, 562.2500, 0.0000,  1218.4000, 557.3000, 0.0000,  115, 105, 90
L 1218.4000, 557.3000, 0.0000,  1242.4000, 608.4500, 0.0000,  115, 105, 90
L 1242.4000, 608.4500, 0.0000,  1261.6000, 603.5000, 0.0000,  115, 105, 90
L 1261.6000, 603.5000, 0.0000,  1285.6000, 657.9500, 0.0000,  115, 105, 90
L 1285.6000, 657.9500, 0.0000,  1314.4000, 694.2500, 0.0000,  115, 105, 90
L 1036.0000, 694.2500, 0.0000,  1060.0000, 644.7500, 0.0000,  140, 130, 115
L 1060.0000, 644.7500, 0.0000,  1074.4000, 651.3500, 0.0000,  140, 130, 115
L 1074.4000, 651.3500, 0.0000,  1093.6000, 608.4500, 0.0000,  140, 130, 115
L 1093.6000, 608.4500, 0.0000,  1115.2000, 644.7500, 0.0000,  140, 130, 115
L 1184.8000, 552.3500, 0.0000,  1196.9333, 577.3611, 0.0000,  140, 130, 115
L 1196.9333, 577.3611, 0.0000,  1205.6639, 596.4759, 0.0000,  140, 130, 115
L 1205.6639, 596.4759, 0.0000,  1216.9602, 625.7704, 0.0000,  140, 130, 115
L 1216.9602, 625.7704, 0.0000,  1225.8666, 653.5020, 0.0000,  140, 130, 115
L 1213.6000, 598.5500, 0.0000,  1218.7464, 622.0168, 0.0000,  140, 130, 115
L 1218.7464, 622.0168, 0.0000,  1225.4813, 645.0411, 0.0000,  140, 130, 115
L 1225.4813, 645.0411, 0.0000,  1236.1493, 672.8391, 0.0000,  140, 130, 115
L 1151.2000, 591.9500, 0.0000,  1143.2629, 610.1450, 0.0000,  140, 130, 115
L 1143.2629, 610.1450, 0.0000,  1133.9994, 636.0863, 0.0000,  140, 130, 115
L 1133.9994, 636.0863, 0.0000,  1122.4032, 653.0713, 0.0000,  140, 130, 115
L 1122.4032, 653.0713, 0.0000,  1115.2169, 672.9287, 0.0000,  140, 130, 115
L 1202.0000, 542.3125, 0.0000,  1215.2000, 554.6875, 0.0000,  140, 130, 115
L 1212.0000, 555.3750, 0.0000,  1225.2000, 567.7500, 0.0000,  140, 130, 115
L 1222.0000, 568.4375, 0.0000,  1235.2000, 580.8125, 0.0000,  140, 130, 115
L 1232.0000, 581.5000, 0.0000,  1245.2000, 593.8750, 0.0000,  140, 130, 115
L 1242.0000, 594.5625, 0.0000,  1255.2000, 606.9375, 0.0000,  140, 130, 115
L 1252.0000, 607.6250, 0.0000,  1265.2000, 620.0000, 0.0000,  140, 130, 115
L 1262.0000, 620.6875, 0.0000,  1275.2000, 633.0625, 0.0000,  140, 130, 115
L 1272.0000, 633.7500, 0.0000,  1285.2000, 646.1250, 0.0000,  140, 130, 115
L 1282.0000, 646.8125, 0.0000,  1295.2000, 659.1875, 0.0000,  140, 130, 115
L 1292.0000, 659.8750, 0.0000,  1305.2000, 672.2500, 0.0000,  140, 130, 115
L 1302.0000, 672.9375, 0.0000,  1315.2000, 685.3125, 0.0000,  140, 130, 115
L 1162.9333, 553.0833, 0.0000,  1150.9333, 564.6333, 0.0000,  140, 130, 115
L 1150.6667, 568.6667, 0.0000,  1138.6667, 580.2167, 0.0000,  140, 130, 115
L 1138.4000, 584.2500, 0.0000,  1126.4000, 595.8000, 0.0000,  140, 130, 115
L 1126.1333, 599.8333, 0.0000,  1114.1333, 611.3833, 0.0000,  140, 130, 115
L 1113.8667, 615.4167, 0.0000,  1101.8667, 626.9667, 0.0000,  140, 130, 115
L 1101.6000, 631.0000, 0.0000,  1089.6000, 642.5500, 0.0000,  140, 130, 115
L 1089.3333, 646.5833, 0.0000,  1077.3333, 658.1333, 0.0000,  140, 130, 115
L 1077.0667, 662.1667, 0.0000,  1065.0667, 673.7167, 0.0000,  140, 130, 115
L 1037.8930, 699.0053, 0.0000,  1044.6894, 694.7759, 0.0000,  140, 130, 115
L 1044.6894, 692.4131, 0.0000,  1052.4567, 699.0053, 0.0000,  140, 130, 115
L 1072.1819, 698.1863, 0.0000,  1077.3527, 692.8827, 0.0000,  140, 130, 115
L 1077.3527, 694.4791, 0.0000,  1083.2622, 698.1863, 0.0000,  140, 130, 115
L 1098.3348, 692.3730, 0.0000,  1104.1273, 687.2698, 0.0000,  140, 130, 115
L 1104.1273, 686.2090, 0.0000,  1110.7473, 692.3730, 0.0000,  140, 130, 115
L 1112.8908, 700.1004, 0.0000,  1119.9479, 692.8500, 0.0000,  140, 130, 115
L 1119.9479, 696.3329, 0.0000,  1128.0131, 700.1004, 0.0000,  140, 130, 115
L 1133.7132, 699.0387, 0.0000,  1145.5961, 693.8269, 0.0000,  140, 130, 115
L 1145.5961, 694.6407, 0.0000,  1159.1766, 699.0387, 0.0000,  140, 130, 115
L 1162.9638, 693.0014, 0.0000,  1170.5515, 686.3957, 0.0000,  140, 130, 115
L 1170.5515, 687.7101, 0.0000,  1179.2232, 693.0014, 0.0000,  140, 130, 115
L 1191.7353, 692.6724, 0.0000,  1200.5252, 686.9278, 0.0000,  140, 130, 115
L 1200.5252, 688.2920, 0.0000,  1210.5708, 692.6724, 0.0000,  140, 130, 115
L 1232.2736, 696.5353, 0.0000,  1237.2795, 687.7499, 0.0000,  140, 130, 115
L 1237.2795, 689.6565, 0.0000,  1243.0006, 696.5353, 0.0000,  140, 130, 115
L 1249.6085, 700.0667, 0.0000,  1255.2437, 691.4734, 0.0000,  140, 130, 115
L 1255.2437, 696.3913, 0.0000,  1261.6840, 700.0667, 0.0000,  140, 130, 115
L 1274.1131, 697.3465, 0.0000,  1285.7214, 691.8351, 0.0000,  140, 130, 115
L 1285.7214, 691.7308, 0.0000,  1298.9881, 697.3465, 0.0000,  140, 130, 115
L 1309.3170, 692.4096, 0.0000,  1315.5127, 685.6243, 0.0000,  140, 130, 115
L 1315.5127, 688.8749, 0.0000,  1322.5935, 692.4096, 0.0000,  140, 130, 115
L 1044.2000, 1440.0000, 0.0000,  1079.0000, 1400.0000, 0.0000,  115, 105, 90
L 1079.0000, 1400.0000, 0.0000,  1099.3000, 1408.0000, 0.0000,  115, 105, 90
L 1099.3000, 1408.0000, 0.0000,  1125.4000, 1352.0000, 0.0000,  115, 105, 90
L 1125.4000, 1352.0000, 0.0000,  1151.5000, 1360.0000, 0.0000,  115, 105, 90
L 1151.5000, 1360.0000, 0.0000,  1177.6000, 1284.0000, 0.0000,  115, 105, 90
L 1177.6000, 1284.0000, 0.0000,  1192.1000, 1254.0000, 0.0000,  115, 105, 90
L 1192.1000, 1254.0000, 0.0000,  1203.7000, 1240.0000, 0.0000,  115, 105, 90
L 1203.7000, 1240.0000, 0.0000,  1224.0000, 1280.0000, 0.0000,  115, 105, 90
L 1224.0000, 1280.0000, 0.0000,  1241.4000, 1274.0000, 0.0000,  115, 105, 90
L 1241.4000, 1274.0000, 0.0000,  1270.4000, 1336.0000, 0.0000,  115, 105, 90
L 1270.4000, 1336.0000, 0.0000,  1293.6000, 1330.0000, 0.0000,  115, 105, 90
L 1293.6000, 1330.0000, 0.0000,  1322.6000, 1396.0000, 0.0000,  115, 105, 90
L 1322.6000, 1396.0000, 0.0000,  1357.4000, 1440.0000, 0.0000,  115, 105, 90
L 1021.0000, 1440.0000, 0.0000,  1050.0000, 1380.0000, 0.0000,  140, 130, 115
L 1050.0000, 1380.0000, 0.0000,  1067.4000, 1388.0000, 0.0000,  140, 130, 115
L 1067.4000, 1388.0000, 0.0000,  1090.6000, 1336.0000, 0.0000,  140, 130, 115
L 1090.6000, 1336.0000, 0.0000,  1116.7000, 1380.0000, 0.0000,  140, 130, 115
L 1200.8000, 1268.0000, 0.0000,  1207.6528, 1301.4737, 0.0000,  140, 130, 115
L 1207.6528, 1301.4737, 0.0000,  1220.4180, 1324.8758, 0.0000,  140, 130, 115
L 1220.4180, 1324.8758, 0.0000,  1235.2624, 1354.3895, 0.0000,  140, 130, 115
L 1235.2624, 1354.3895, 0.0000,  1250.6677, 1384.1779, 0.0000,  140, 130, 115
L 1235.6000, 1324.0000, 0.0000,  1249.7899, 1356.4007, 0.0000,  140, 130, 115
L 1249.7899, 1356.4007, 0.0000,  1259.5816, 1377.9354, 0.0000,  140, 130, 115
L 1259.5816, 1377.9354, 0.0000,  1275.7961, 1399.8144, 0.0000,  140, 130, 115
L 1160.2000, 1316.0000, 0.0000,  1150.3342, 1340.1830, 0.0000,  140, 130, 115
L 1150.3342, 1340.1830, 0.0000,  1140.0978, 1363.4183, 0.0000,  140, 130, 115
L 1140.0978, 1363.4183, 0.0000,  1125.5995, 1388.1879, 0.0000,  140, 130, 115
L 1125.5995, 1388.1879, 0.0000,  1118.9502, 1417.7152, 0.0000,  140, 130, 115
L 1221.5833, 1255.8333, 0.0000,  1237.5333, 1270.8333, 0.0000,  140, 130, 115
L 1233.6667, 1271.6667, 0.0000,  1249.6167, 1286.6667, 0.0000,  140, 130, 115
L 1245.7500, 1287.5000, 0.0000,  1261.7000, 1302.5000, 0.0000,  140, 130, 115
L 1257.8333, 1303.3333, 0.0000,  1273.7833, 1318.3333, 0.0000,  140, 130, 115
L 1269.9167, 1319.1667, 0.0000,  1285.8667, 1334.1667, 0.0000,  140, 130, 115
L 1282.0000, 1335.0000, 0.0000,  1297.9500, 1350.0000, 0.0000,  140, 130, 115
L 1294.0833, 1350.8333, 0.0000,  1310.0333, 1365.8333, 0.0000,  140, 130, 115
L 1306.1667, 1366.6667, 0.0000,  1322.1167, 1381.6667, 0.0000,  140, 130, 115
L 1318.2500, 1382.5000, 0.0000,  1334.2000, 1397.5000, 0.0000,  140, 130, 115
L 1330.3333, 1398.3333, 0.0000,  1346.2833, 1413.3333, 0.0000,  140, 130, 115
L 1342.4167, 1414.1667, 0.0000,  1358.3667, 1429.1667, 0.0000,  140, 130, 115
L 1174.3778, 1268.8889, 0.0000,  1159.8778, 1282.8889, 0.0000,  140, 130, 115
L 1159.5556, 1287.7778, 0.0000,  1145.0556, 1301.7778, 0.0000,  140, 130, 115
L 1144.7333, 1306.6667, 0.0000,  1130.2333, 1320.6667, 0.0000,  140, 130, 115
L 1129.9111, 1325.5556, 0.0000,  1115.4111, 1339.5556, 0.0000,  140, 130, 115
L 1115.0889, 1344.4444, 0.0000,  1100.5889, 1358.4444, 0.0000,  140, 130, 115
L 1100.2667, 1363.3333, 0.0000,  1085.7667, 1377.3333, 0.0000,  140, 130, 115
L 1085.4444, 1382.2222, 0.0000,  1070.9444, 1396.2222, 0.0000,  140, 130, 115
L 1070.6222, 1401.1111, 0.0000,  1056.1222, 1415.1111, 0.0000,  140, 130, 115
L 1024.9608, 1438.6110, 0.0000,  1029.9783, 1430.4168, 0.0000,  140, 130, 115
L 1029.9783, 1434.1001, 0.0000,  1035.7127, 1438.6110, 0.0000,  140, 130, 115
L 1053.1068, 1441.3262, 0.0000,  1064.0917, 1436.9896, 0.0000,  140, 130, 115
L 1064.0917, 1435.7904, 0.0000,  1076.6459, 1441.3262, 0.0000,  140, 130, 115
L 1092.5792, 1439.5380, 0.0000,  1100.5150, 1433.8551, 0.0000,  140, 130, 115
L 1100.5150, 1435.2424, 0.0000,  1109.5846, 1439.5380, 0.0000,  140, 130, 115
L 1123.0572, 1439.0574, 0.0000,  1133.1219, 1434.8363, 0.0000,  140, 130, 115
L 1133.1219, 1432.9312, 0.0000,  1144.6244, 1439.0574, 0.0000,  140, 130, 115
L 1149.5677, 1444.1042, 0.0000,  1154.9286, 1439.0275, 0.0000,  140, 130, 115
L 1154.9286, 1440.0490, 0.0000,  1161.0553, 1444.1042, 0.0000,  140, 130, 115
L 1179.8957, 1443.9920, 0.0000,  1188.3277, 1439.7631, 0.0000,  140, 130, 115
L 1188.3277, 1440.2613, 0.0000,  1197.9643, 1443.9920, 0.0000,  140, 130, 115
L 1212.3590, 1443.3955, 0.0000,  1221.7437, 1436.9953, 0.0000,  140, 130, 115
L 1221.7437, 1437.1652, 0.0000,  1232.4690, 1443.3955, 0.0000,  140, 130, 115
L 1248.1337, 1445.5453, 0.0000,  1259.9742, 1436.9488, 0.0000,  140, 130, 115
L 1259.9742, 1438.6007, 0.0000,  1273.5062, 1445.5453, 0.0000,  140, 130, 115
L 1280.8960, 1443.2312, 0.0000,  1289.8797, 1437.2757, 0.0000,  140, 130, 115
L 1289.8797, 1436.8828, 0.0000,  1300.1469, 1443.2312, 0.0000,  140, 130, 115
L 1309.5327, 1445.1514, 0.0000,  1317.5226, 1441.0407, 0.0000,  140, 130, 115
L 1317.5226, 1438.7609, 0.0000,  1326.6540, 1445.1514, 0.0000,  140, 130, 115
L 1339.1067, 1437.0413, 0.0000,  1349.7325, 1429.0696, 0.0000,  140, 130, 115
L 1349.7325, 1430.5359, 0.0000,  1361.8763, 1437.0413, 0.0000,  140, 130, 115
L 1049.8000, 2331.0000, 0.0000,  1081.0000, 2295.0000, 0.0000,  115, 105, 90
L 1081.0000, 2295.0000, 0.0000,  1099.2000, 2302.2000, 0.0000,  115, 105, 90
L 1099.2000, 2302.2000, 0.0000,  1122.6000, 2251.8000, 0.0000,  115, 105, 90
L 1122.6000, 2251.8000, 0.0000,  1146.0000, 2259.0000, 0.0000,  115, 105, 90
L 1146.0000, 2259.0000, 0.0000,  1169.4000, 2190.6000, 0.0000,  115, 105, 90
L 1169.4000, 2190.6000, 0.0000,  1182.4000, 2163.6000, 0.0000,  115, 105, 90
L 1182.4000, 2163.6000, 0.0000,  1192.8000, 2151.0000, 0.0000,  115, 105, 90
L 1192.8000, 2151.0000, 0.0000,  1211.0000, 2187.0000, 0.0000,  115, 105, 90
L 1211.0000, 2187.0000, 0.0000,  1226.6000, 2181.6000, 0.0000,  115, 105, 90
L 1226.6000, 2181.6000, 0.0000,  1252.6000, 2237.4000, 0.0000,  115, 105, 90
L 1252.6000, 2237.4000, 0.0000,  1273.4000, 2232.0000, 0.0000,  115, 105, 90
L 1273.4000, 2232.0000, 0.0000,  1299.4000, 2291.4000, 0.0000,  115, 105, 90
L 1299.4000, 2291.4000, 0.0000,  1330.6000, 2331.0000, 0.0000,  115, 105, 90
L 1029.0000, 2331.0000, 0.0000,  1055.0000, 2277.0000, 0.0000,  140, 130, 115
L 1055.0000, 2277.0000, 0.0000,  1070.6000, 2284.2000, 0.0000,  140, 130, 115
L 1070.6000, 2284.2000, 0.0000,  1091.4000, 2237.4000, 0.0000,  140, 130, 115
L 1091.4000, 2237.4000, 0.0000,  1114.8000, 2277.0000, 0.0000,  140, 130, 115
L 1190.2000, 2176.2000, 0.0000,  1199.5278, 2195.4306, 0.0000,  140, 130, 115
L 1199.5278, 2195.4306, 0.0000,  1210.8005, 2215.3414, 0.0000,  140, 130, 115
L 1210.8005, 2215.3414, 0.0000,  1221.0139, 2238.1246, 0.0000,  140, 130, 115
L 1221.0139, 2238.1246, 0.0000,  1233.4557, 2258.3990, 0.0000,  140, 130, 115
L 1221.4000, 2226.6000, 0.0000,  1236.6600, 2245.6432, 0.0000,  140, 130, 115
L 1236.6600, 2245.6432, 0.0000,  1242.5659, 2273.3535, 0.0000,  140, 130, 115
L 1242.5659, 2273.3535, 0.0000,  1257.9997, 2303.7604, 0.0000,  140, 130, 115
L 1153.8000, 2219.4000, 0.0000,  1146.5391, 2241.6337, 0.0000,  140, 130, 115
L 1146.5391, 2241.6337, 0.0000,  1138.8733, 2262.0880, 0.0000,  140, 130, 115
L 1138.8733, 2262.0880, 0.0000,  1130.5060, 2285.5219, 0.0000,  140, 130, 115
L 1130.5060, 2285.5219, 0.0000,  1121.9424, 2315.1509, 0.0000,  140, 130, 115
L 1208.8333, 2165.2500, 0.0000,  1223.1333, 2178.7500, 0.0000,  140, 130, 115
L 1219.6667, 2179.5000, 0.0000,  1233.9667, 2193.0000, 0.0000,  140, 130, 115
L 1230.5000, 2193.7500, 0.0000,  1244.8000, 2207.2500, 0.0000,  140, 130, 115
L 1241.3333, 2208.0000, 0.0000,  1255.6333, 2221.5000, 0.0000,  140, 130, 115
L 1252.1667, 2222.2500, 0.0000,  1266.4667, 2235.7500, 0.0000,  140, 130, 115
L 1263.0000, 2236.5000, 0.0000,  1277.3000, 2250.0000, 0.0000,  140, 130, 115
L 1273.8333, 2250.7500, 0.0000,  1288.1333, 2264.2500, 0.0000,  140, 130, 115
L 1284.6667, 2265.0000, 0.0000,  1298.9667, 2278.5000, 0.0000,  140, 130, 115
L 1295.5000, 2279.2500, 0.0000,  1309.8000, 2292.7500, 0.0000,  140, 130, 115
L 1306.3333, 2293.5000, 0.0000,  1320.6333, 2307.0000, 0.0000,  140, 130, 115
L 1317.1667, 2307.7500, 0.0000,  1331.4667, 2321.2500, 0.0000,  140, 130, 115
L 1166.5111, 2177.0000, 0.0000,  1153.5111, 2189.6000, 0.0000,  140, 130, 115
L 1153.2222, 2194.0000, 0.0000,  1140.2222, 2206.6000, 0.0000,  140, 130, 115
L 1139.9333, 2211.0000, 0.0000,  1126.9333, 2223.6000, 0.0000,  140, 130, 115
L 1126.6444, 2228.0000, 0.0000,  1113.6444, 2240.6000, 0.0000,  140, 130, 115
L 1113.3556, 2245.0000, 0.0000,  1100.3556, 2257.6000, 0.0000,  140, 130, 115
L 1100.0667, 2262.0000, 0.0000,  1087.0667, 2274.6000, 0.0000,  140, 130, 115
L 1086.7778, 2279.0000, 0.0000,  1073.7778, 2291.6000, 0.0000,  140, 130, 115
L 1073.4889, 2296.0000, 0.0000,  1060.4889, 2308.6000, 0.0000,  140, 130, 115
L 1034.4604, 2329.2088, 0.0000,  1043.0127, 2321.5596, 0.0000,  140, 130, 115
L 1043.0127, 2326.0683, 0.0000,  1052.7867, 2329.2088, 0.0000,  140, 130, 115
L 1065.3394, 2333.1011, 0.0000,  1073.3764, 2327.0787, 0.0000,  140, 130, 115
L 1073.3764, 2326.4921, 0.0000,  1082.5616, 2333.1011, 0.0000,  140, 130, 115
L 1083.0749, 2331.9520, 0.0000,  1094.6468, 2327.0358, 0.0000,  140, 130, 115
L 1094.6468, 2327.0939, 0.0000,  1107.8719, 2331.9520, 0.0000,  140, 130, 115
L 1118.9851, 2335.5483, 0.0000,  1129.3352, 2327.2867, 0.0000,  140, 130, 115
L 1129.3352, 2331.9573, 0.0000,  1141.1639, 2335.5483, 0.0000,  140, 130, 115
L 1141.8388, 2332.5499, 0.0000,  1153.7276, 2323.6743, 0.0000,  140, 130, 115
L 1153.7276, 2327.9698, 0.0000,  1167.3149, 2332.5499, 0.0000,  140, 130, 115
L 1178.2419, 2331.2674, 0.0000,  1185.9937, 2323.6721, 0.0000,  140, 130, 115
L 1185.9937, 2324.7361, 0.0000,  1194.8528, 2331.2674, 0.0000,  140, 130, 115
L 1209.8940, 2329.7351, 0.0000,  1215.2546, 2321.0171, 0.0000,  140, 130, 115
L 1215.2546, 2324.5865, 0.0000,  1221.3811, 2329.7351, 0.0000,  140, 130, 115
L 1226.8684, 2334.3206, 0.0000,  1238.3702, 2326.6860, 0.0000,  140, 130, 115
L 1238.3702, 2328.8553, 0.0000,  1251.5151, 2334.3206, 0.0000,  140, 130, 115
L 1255.8383, 2334.2015, 0.0000,  1265.8737, 2327.3760, 0.0000,  140, 130, 115
L 1265.8737, 2327.3369, 0.0000,  1277.3427, 2334.2015, 0.0000,  140, 130, 115
L 1280.5772, 2336.0703, 0.0000,  1292.4596, 2328.3817, 0.0000,  140, 130, 115
L 1292.4596, 2331.4552, 0.0000,  1306.0394, 2336.0703, 0.0000,  140, 130, 115
L 1313.3996, 2331.3513, 0.0000,  1323.9122, 2323.5126, 0.0000,  140, 130, 115
L 1323.9122, 2327.6359, 0.0000,  1335.9266, 2331.3513, 0.0000,  140, 130, 115
L -1717.6428, -2959.0000, 0.0000,  -1735.6428, -2959.0000, 0.0000,  120, 105, 85
L -1731.6428, -2973.0000, 0.0000,  -1717.6428, -2959.0000, 0.0000,  120, 105, 85
L -1749.6428, -2973.0000, 0.0000,  -1735.6428, -2959.0000, 0.0000,  120, 105, 85
L -1731.6428, -2693.0000, 0.0000,  -1731.6428, -2973.0000, 0.0000,  60, 45, 30
L -1731.6428, -2973.0000, 0.0000,  -1749.6428, -2973.0000, 0.0000,  60, 45, 30
L -1749.6428, -2973.0000, 0.0000,  -1749.6428, -2693.0000, 0.0000,  60, 45, 30
L -1740.6428, -2693.0000, 0.0000,  -1740.6428, -2973.0000, 0.0000,  60, 45, 30
L -1754.5000, -2950.0000, 0.0000,  -1698.7856, -2950.0000, 0.0000,  120, 105, 85
L -1698.7856, -2950.0000, 0.0000,  -1698.7856, -2968.0000, 0.0000,  120, 105, 85
L -1698.7856, -2968.0000, 0.0000,  -1754.5000, -2968.0000, 0.0000,  120, 105, 85
L -1754.5000, -2968.0000, 0.0000,  -1754.5000, -2950.0000, 0.0000,  120, 105, 85
L -1768.5000, -2964.0000, 0.0000,  -1754.5000, -2950.0000, 0.0000,  120, 105, 85
L -1712.7856, -2964.0000, 0.0000,  -1698.7856, -2950.0000, 0.0000,  120, 105, 85
L -1712.7856, -2982.0000, 0.0000,  -1698.7856, -2968.0000, 0.0000,  120, 105, 85
L -1768.5000, -2982.0000, 0.0000,  -1754.5000, -2968.0000, 0.0000,  120, 105, 85
L -1768.5000, -2964.0000, 0.0000,  -1712.7856, -2964.0000, 0.0000,  60, 45, 30
L -1712.7856, -2964.0000, 0.0000,  -1712.7856, -2982.0000, 0.0000,  60, 45, 30
L -1712.7856, -2982.0000, 0.0000,  -1768.5000, -2982.0000, 0.0000,  60, 45, 30
L -1768.5000, -2982.0000, 0.0000,  -1768.5000, -2964.0000, 0.0000,  60, 45, 30
L -1768.5000, -2973.0000, 0.0000,  -1712.7856, -2973.0000, 0.0000,  60, 45, 30
L -1607.6428, -2959.0000, 0.0000,  -1625.6428, -2959.0000, 0.0000,  120, 105, 85
L -1621.6428, -2973.0000, 0.0000,  -1607.6428, -2959.0000, 0.0000,  120, 105, 85
L -1639.6428, -2973.0000, 0.0000,  -1625.6428, -2959.0000, 0.0000,  120, 105, 85
L -1621.6428, -2693.0000, 0.0000,  -1621.6428, -2973.0000, 0.0000,  60, 45, 30
L -1621.6428, -2973.0000, 0.0000,  -1639.6428, -2973.0000, 0.0000,  60, 45, 30
L -1639.6428, -2973.0000, 0.0000,  -1639.6428, -2693.0000, 0.0000,  60, 45, 30
L -1630.6428, -2693.0000, 0.0000,  -1630.6428, -2973.0000, 0.0000,  60, 45, 30
L -1616.6428, -2950.0000, 0.0000,  -1560.9286, -2950.0000, 0.0000,  120, 105, 85
L -1560.9286, -2950.0000, 0.0000,  -1560.9286, -2968.0000, 0.0000,  120, 105, 85
L -1560.9286, -2968.0000, 0.0000,  -1616.6428, -2968.0000, 0.0000,  120, 105, 85
L -1616.6428, -2968.0000, 0.0000,  -1616.6428, -2950.0000, 0.0000,  120, 105, 85
L -1630.6428, -2964.0000, 0.0000,  -1616.6428, -2950.0000, 0.0000,  120, 105, 85
L -1574.9286, -2964.0000, 0.0000,  -1560.9286, -2950.0000, 0.0000,  120, 105, 85
L -1574.9286, -2982.0000, 0.0000,  -1560.9286, -2968.0000, 0.0000,  120, 105, 85
L -1630.6428, -2982.0000, 0.0000,  -1616.6428, -2968.0000, 0.0000,  120, 105, 85
L -1630.6428, -2964.0000, 0.0000,  -1574.9286, -2964.0000, 0.0000,  60, 45, 30
L -1574.9286, -2964.0000, 0.0000,  -1574.9286, -2982.0000, 0.0000,  60, 45, 30
L -1574.9286, -2982.0000, 0.0000,  -1630.6428, -2982.0000, 0.0000,  60, 45, 30
L -1630.6428, -2982.0000, 0.0000,  -1630.6428, -2964.0000, 0.0000,  60, 45, 30
L -1630.6428, -2973.0000, 0.0000,  -1574.9286, -2973.0000, 0.0000,  60, 45, 30
L -1551.9286, -2959.0000, 0.0000,  -1569.9286, -2959.0000, 0.0000,  120, 105, 85
L -1583.9286, -2973.0000, 0.0000,  -1569.9286, -2959.0000, 0.0000,  120, 105, 85
L -1565.9286, -2973.0000, 0.0000,  -1551.9286, -2959.0000, 0.0000,  120, 105, 85
L -1583.9286, -2973.0000, 0.0000,  -1583.9286, -2693.0000, 0.0000,  60, 45, 30
L -1565.9286, -2693.0000, 0.0000,  -1565.9286, -2973.0000, 0.0000,  60, 45, 30
L -1565.9286, -2973.0000, 0.0000,  -1583.9286, -2973.0000, 0.0000,  60, 45, 30
L -1574.9286, -2973.0000, 0.0000,  -1574.9286, -2693.0000, 0.0000,  60, 45, 30
L -1405.0188, -2956.9646, 0.0000,  -1422.5525, -2961.0352, 0.0000,  120, 105, 85
L -1419.0188, -2970.9646, 0.0000,  -1405.0188, -2956.9646, 0.0000,  120, 105, 85
L -1436.5525, -2975.0352, 0.0000,  -1422.5525, -2961.0352, 0.0000,  120, 105, 85
L -1484.0188, -2690.9646, 0.0000,  -1419.0188, -2970.9646, 0.0000,  60, 45, 30
L -1419.0188, -2970.9646, 0.0000,  -1436.5525, -2975.0352, 0.0000,  60, 45, 30
L -1436.5525, -2975.0352, 0.0000,  -1501.5525, -2695.0352, 0.0000,  60, 45, 30
L -1492.7856, -2693.0000, 0.0000,  -1427.7856, -2973.0000, 0.0000,  60, 45, 30
L -1470.0188, -2961.0352, 0.0000,  -1487.5525, -2956.9646, 0.0000,  120, 105, 85
L -1501.5525, -2970.9646, 0.0000,  -1487.5525, -2956.9646, 0.0000,  120, 105, 85
L -1484.0188, -2975.0352, 0.0000,  -1470.0188, -2961.0352, 0.0000,  120, 105, 85
L -1501.5525, -2970.9646, 0.0000,  -1436.5525, -2690.9646, 0.0000,  60, 45, 30
L -1419.0188, -2695.0352, 0.0000,  -1484.0188, -2975.0352, 0.0000,  60, 45, 30
L -1484.0188, -2975.0352, 0.0000,  -1501.5525, -2970.9646, 0.0000,  60, 45, 30
L -1492.7856, -2973.0000, 0.0000,  -1427.7856, -2693.0000, 0.0000,  60, 45, 30
L -1267.1616, -2956.9646, 0.0000,  -1284.6953, -2961.0352, 0.0000,  120, 105, 85
L -1281.1616, -2970.9646, 0.0000,  -1267.1616, -2956.9646, 0.0000,  120, 105, 85
L -1298.6953, -2975.0352, 0.0000,  -1284.6953, -2961.0352, 0.0000,  120, 105, 85
L -1346.1616, -2690.9646, 0.0000,  -1281.1616, -2970.9646, 0.0000,  60, 45, 30
L -1281.1616, -2970.9646, 0.0000,  -1298.6953, -2975.0352, 0.0000,  60, 45, 30
L -1298.6953, -2975.0352, 0.0000,  -1363.6953, -2695.0352, 0.0000,  60, 45, 30
L -1354.9286, -2693.0000, 0.0000,  -1289.9286, -2973.0000, 0.0000,  60, 45, 30
L -1332.1616, -2961.0352, 0.0000,  -1349.6953, -2956.9646, 0.0000,  120, 105, 85
L -1363.6953, -2970.9646, 0.0000,  -1349.6953, -2956.9646, 0.0000,  120, 105, 85
L -1346.1616, -2975.0352, 0.0000,  -1332.1616, -2961.0352, 0.0000,  120, 105, 85
L -1363.6953, -2970.9646, 0.0000,  -1298.6953, -2690.9646, 0.0000,  60, 45, 30
L -1281.1616, -2695.0352, 0.0000,  -1346.1616, -2975.0352, 0.0000,  60, 45, 30
L -1346.1616, -2975.0352, 0.0000,  -1363.6953, -2970.9646, 0.0000,  60, 45, 30
L -1354.9286, -2973.0000, 0.0000,  -1289.9286, -2693.0000, 0.0000,  60, 45, 30
L -1212.0713, -2959.0000, 0.0000,  -1212.0713, -2749.0000, 0.0000,  120, 105, 85
L -1194.0713, -2749.0000, 0.0000,  -1194.0713, -2959.0000, 0.0000,  120, 105, 85
L -1194.0713, -2959.0000, 0.0000,  -1212.0713, -2959.0000, 0.0000,  120, 105, 85
L -1226.0713, -2973.0000, 0.0000,  -1212.0713, -2959.0000, 0.0000,  120, 105, 85
L -1208.0713, -2973.0000, 0.0000,  -1194.0713, -2959.0000, 0.0000,  120, 105, 85
L -1226.0713, -2973.0000, 0.0000,  -1226.0713, -2763.0000, 0.0000,  60, 45, 30
L -1208.0713, -2763.0000, 0.0000,  -1208.0713, -2973.0000, 0.0000,  60, 45, 30
L -1208.0713, -2973.0000, 0.0000,  -1226.0713, -2973.0000, 0.0000,  60, 45, 30
L -1217.0713, -2973.0000, 0.0000,  -1217.0713, -2763.0000, 0.0000,  60, 45, 30
L -1129.1313, -2957.9622, 0.0000,  -1147.0114, -2960.0376, 0.0000,  120, 105, 85
L -1143.1313, -2971.9622, 0.0000,  -1129.1313, -2957.9622, 0.0000,  120, 105, 85
L -1161.0114, -2974.0376, 0.0000,  -1147.0114, -2960.0376, 0.0000,  120, 105, 85
L -1175.6313, -2691.9622, 0.0000,  -1143.1313, -2971.9622, 0.0000,  60, 45, 30
L -1143.1313, -2971.9622, 0.0000,  -1161.0114, -2974.0376, 0.0000,  60, 45, 30
L -1161.0114, -2974.0376, 0.0000,  -1193.5114, -2694.0376, 0.0000,  60, 45, 30
L -1184.5713, -2693.0000, 0.0000,  -1152.0713, -2973.0000, 0.0000,  60, 45, 30
L -1056.2142, -2959.0000, 0.0000,  -1074.2142, -2959.0000, 0.0000,  120, 105, 85
L -1088.2142, -2973.0000, 0.0000,  -1074.2142, -2959.0000, 0.0000,  120, 105, 85
L -1070.2142, -2973.0000, 0.0000,  -1056.2142, -2959.0000, 0.0000,  120, 105, 85
L -1088.2142, -2973.0000, 0.0000,  -1088.2142, -2693.0000, 0.0000,  60, 45, 30
L -1070.2142, -2693.0000, 0.0000,  -1070.2142, -2973.0000, 0.0000,  60, 45, 30
L -1070.2142, -2973.0000, 0.0000,  -1088.2142, -2973.0000, 0.0000,  60, 45, 30
L -1079.2142, -2973.0000, 0.0000,  -1079.2142, -2693.0000, 0.0000,  60, 45, 30
L -890.5000, -2959.0000, 0.0000,  -908.5000, -2959.0000, 0.0000,  120, 105, 85
L -904.5000, -2973.0000, 0.0000,  -890.5000, -2959.0000, 0.0000,  120, 105, 85
L -922.5000, -2973.0000, 0.0000,  -908.5000, -2959.0000, 0.0000,  120, 105, 85
L -904.5000, -2693.0000, 0.0000,  -904.5000, -2973.0000, 0.0000,  60, 45, 30
L -904.5000, -2973.0000, 0.0000,  -922.5000, -2973.0000, 0.0000,  60, 45, 30
L -922.5000, -2973.0000, 0.0000,  -922.5000, -2693.0000, 0.0000,  60, 45, 30
L -913.5000, -2693.0000, 0.0000,  -913.5000, -2973.0000, 0.0000,  60, 45, 30
L -748.0600, -2957.9622, 0.0000,  -765.9399, -2960.0376, 0.0000,  120, 105, 85
L -762.0600, -2971.9622, 0.0000,  -748.0600, -2957.9622, 0.0000,  120, 105, 85
L -779.9399, -2974.0376, 0.0000,  -765.9399, -2960.0376, 0.0000,  120, 105, 85
L -794.5600, -2691.9622, 0.0000,  -762.0600, -2971.9622, 0.0000,  60, 45, 30
L -762.0600, -2971.9622, 0.0000,  -779.9399, -2974.0376, 0.0000,  60, 45, 30
L -779.9399, -2974.0376, 0.0000,  -812.4399, -2694.0376, 0.0000,  60, 45, 30
L -803.5000, -2693.0000, 0.0000,  -771.0000, -2973.0000, 0.0000,  60, 45, 30
L -748.0600, -2960.0376, 0.0000,  -765.9399, -2957.9622, 0.0000,  120, 105, 85
L -779.9399, -2971.9622, 0.0000,  -765.9399, -2957.9622, 0.0000,  120, 105, 85
L -762.0600, -2974.0376, 0.0000,  -748.0600, -2960.0376, 0.0000,  120, 105, 85
L -779.9399, -2971.9622, 0.0000,  -747.4399, -2691.9622, 0.0000,  60, 45, 30
L -729.5600, -2694.0376, 0.0000,  -762.0600, -2974.0376, 0.0000,  60, 45, 30
L -762.0600, -2974.0376, 0.0000,  -779.9399, -2971.9622, 0.0000,  60, 45, 30
L -771.0000, -2973.0000, 0.0000,  -738.5000, -2693.0000, 0.0000,  60, 45, 30
L -532.6429, -2959.0000, 0.0000,  -550.6429, -2959.0000, 0.0000,  120, 105, 85
L -546.6429, -2973.0000, 0.0000,  -532.6429, -2959.0000, 0.0000,  120, 105, 85
L -564.6429, -2973.0000, 0.0000,  -550.6429, -2959.0000, 0.0000,  120, 105, 85
L -546.6429, -2693.0000, 0.0000,  -546.6429, -2973.0000, 0.0000,  60, 45, 30
L -546.6429, -2973.0000, 0.0000,  -564.6429, -2973.0000, 0.0000,  60, 45, 30
L -564.6429, -2973.0000, 0.0000,  -564.6429, -2693.0000, 0.0000,  60, 45, 30
L -555.6429, -2693.0000, 0.0000,  -555.6429, -2973.0000, 0.0000,  60, 45, 30
L -541.6429, -2950.0000, 0.0000,  -485.9286, -2950.0000, 0.0000,  120, 105, 85
L -485.9286, -2950.0000, 0.0000,  -485.9286, -2968.0000, 0.0000,  120, 105, 85
L -485.9286, -2968.0000, 0.0000,  -541.6429, -2968.0000, 0.0000,  120, 105, 85
L -541.6429, -2968.0000, 0.0000,  -541.6429, -2950.0000, 0.0000,  120, 105, 85
L -555.6429, -2964.0000, 0.0000,  -541.6429, -2950.0000, 0.0000,  120, 105, 85
L -499.9286, -2964.0000, 0.0000,  -485.9286, -2950.0000, 0.0000,  120, 105, 85
L -499.9286, -2982.0000, 0.0000,  -485.9286, -2968.0000, 0.0000,  120, 105, 85
L -555.6429, -2982.0000, 0.0000,  -541.6429, -2968.0000, 0.0000,  120, 105, 85
L -555.6429, -2964.0000, 0.0000,  -499.9286, -2964.0000, 0.0000,  60, 45, 30
L -499.9286, -2964.0000, 0.0000,  -499.9286, -2982.0000, 0.0000,  60, 45, 30
L -499.9286, -2982.0000, 0.0000,  -555.6429, -2982.0000, 0.0000,  60, 45, 30
L -555.6429, -2982.0000, 0.0000,  -555.6429, -2964.0000, 0.0000,  60, 45, 30
L -555.6429, -2973.0000, 0.0000,  -499.9286, -2973.0000, 0.0000,  60, 45, 30
L -495.2143, -2828.0000, 0.0000,  -541.6429, -2828.0000, 0.0000,  120, 105, 85
L -509.2143, -2842.0000, 0.0000,  -495.2143, -2828.0000, 0.0000,  120, 105, 85
L -555.6429, -2842.0000, 0.0000,  -541.6429, -2828.0000, 0.0000,  120, 105, 85
L -555.6429, -2824.0000, 0.0000,  -509.2143, -2824.0000, 0.0000,  60, 45, 30
L -509.2143, -2824.0000, 0.0000,  -509.2143, -2842.0000, 0.0000,  60, 45, 30
L -509.2143, -2842.0000, 0.0000,  -555.6429, -2842.0000, 0.0000,  60, 45, 30
L -555.6429, -2842.0000, 0.0000,  -555.6429, -2824.0000, 0.0000,  60, 45, 30
L -555.6429, -2833.0000, 0.0000,  -509.2143, -2833.0000, 0.0000,  60, 45, 30
L -394.7857, -2959.0000, 0.0000,  -412.7857, -2959.0000, 0.0000,  120, 105, 85
L -408.7857, -2973.0000, 0.0000,  -394.7857, -2959.0000, 0.0000,  120, 105, 85
L -426.7857, -2973.0000, 0.0000,  -412.7857, -2959.0000, 0.0000,  120, 105, 85
L -408.7857, -2693.0000, 0.0000,  -408.7857, -2973.0000, 0.0000,  60, 45, 30
L -408.7857, -2973.0000, 0.0000,  -426.7857, -2973.0000, 0.0000,  60, 45, 30
L -426.7857, -2973.0000, 0.0000,  -426.7857, -2693.0000, 0.0000,  60, 45, 30
L -417.7857, -2693.0000, 0.0000,  -417.7857, -2973.0000, 0.0000,  60, 45, 30
L -403.7857, -2950.0000, 0.0000,  -348.0714, -2950.0000, 0.0000,  120, 105, 85
L -348.0714, -2950.0000, 0.0000,  -348.0714, -2968.0000, 0.0000,  120, 105, 85
L -348.0714, -2968.0000, 0.0000,  -403.7857, -2968.0000, 0.0000,  120, 105, 85
L -403.7857, -2968.0000, 0.0000,  -403.7857, -2950.0000, 0.0000,  120, 105, 85
L -417.7857, -2964.0000, 0.0000,  -403.7857, -2950.0000, 0.0000,  120, 105, 85
L -362.0714, -2964.0000, 0.0000,  -348.0714, -2950.0000, 0.0000,  120, 105, 85
L -362.0714, -2982.0000, 0.0000,  -348.0714, -2968.0000, 0.0000,  120, 105, 85
L -417.7857, -2982.0000, 0.0000,  -403.7857, -2968.0000, 0.0000,  120, 105, 85
L -417.7857, -2964.0000, 0.0000,  -362.0714, -2964.0000, 0.0000,  60, 45, 30
L -362.0714, -2964.0000, 0.0000,  -362.0714, -2982.0000, 0.0000,  60, 45, 30
L -362.0714, -2982.0000, 0.0000,  -417.7857, -2982.0000, 0.0000,  60, 45, 30
L -417.7857, -2982.0000, 0.0000,  -417.7857, -2964.0000, 0.0000,  60, 45, 30
L -417.7857, -2973.0000, 0.0000,  -362.0714, -2973.0000, 0.0000,  60, 45, 30
L -339.0714, -2959.0000, 0.0000,  -357.0714, -2959.0000, 0.0000,  120, 105, 85
L -371.0714, -2973.0000, 0.0000,  -357.0714, -2959.0000, 0.0000,  120, 105, 85
L -353.0714, -2973.0000, 0.0000,  -339.0714, -2959.0000, 0.0000,  120, 105, 85
L -371.0714, -2973.0000, 0.0000,  -371.0714, -2693.0000, 0.0000,  60, 45, 30
L -353.0714, -2693.0000, 0.0000,  -353.0714, -2973.0000, 0.0000,  60, 45, 30
L -353.0714, -2973.0000, 0.0000,  -371.0714, -2973.0000, 0.0000,  60, 45, 30
L -362.0714, -2973.0000, 0.0000,  -362.0714, -2693.0000, 0.0000,  60, 45, 30
L -256.9286, -2959.0000, 0.0000,  -274.9286, -2959.0000, 0.0000,  120, 105, 85
L -270.9286, -2973.0000, 0.0000,  -256.9286, -2959.0000, 0.0000,  120, 105, 85
L -288.9286, -2973.0000, 0.0000,  -274.9286, -2959.0000, 0.0000,  120, 105, 85
L -270.9286, -2693.0000, 0.0000,  -270.9286, -2973.0000, 0.0000,  60, 45, 30
L -270.9286, -2973.0000, 0.0000,  -288.9286, -2973.0000, 0.0000,  60, 45, 30
L -288.9286, -2973.0000, 0.0000,  -288.9286, -2693.0000, 0.0000,  60, 45, 30
L -279.9286, -2693.0000, 0.0000,  -279.9286, -2973.0000, 0.0000,  60, 45, 30
L -265.9286, -2950.0000, 0.0000,  -214.8571, -2950.0000, 0.0000,  120, 105, 85
L -214.8571, -2950.0000, 0.0000,  -214.8571, -2968.0000, 0.0000,  120, 105, 85
L -214.8571, -2968.0000, 0.0000,  -265.9286, -2968.0000, 0.0000,  120, 105, 85
L -265.9286, -2968.0000, 0.0000,  -265.9286, -2950.0000, 0.0000,  120, 105, 85
L -279.9286, -2964.0000, 0.0000,  -265.9286, -2950.0000, 0.0000,  120, 105, 85
L -228.8571, -2964.0000, 0.0000,  -214.8571, -2950.0000, 0.0000,  120, 105, 85
L -228.8571, -2982.0000, 0.0000,  -214.8571, -2968.0000, 0.0000,  120, 105, 85
L -279.9286, -2982.0000, 0.0000,  -265.9286, -2968.0000, 0.0000,  120, 105, 85
L -279.9286, -2964.0000, 0.0000,  -228.8571, -2964.0000, 0.0000,  60, 45, 30
L -228.8571, -2964.0000, 0.0000,  -228.8571, -2982.0000, 0.0000,  60, 45, 30
L -228.8571, -2982.0000, 0.0000,  -279.9286, -2982.0000, 0.0000,  60, 45, 30
L -279.9286, -2982.0000, 0.0000,  -279.9286, -2964.0000, 0.0000,  60, 45, 30
L -279.9286, -2973.0000, 0.0000,  -228.8571, -2973.0000, 0.0000,  60, 45, 30
L -223.8571, -2959.0000, 0.0000,  -223.8571, -2819.0000, 0.0000,  120, 105, 85
L -205.8571, -2819.0000, 0.0000,  -205.8571, -2959.0000, 0.0000,  120, 105, 85
L -205.8571, -2959.0000, 0.0000,  -223.8571, -2959.0000, 0.0000,  120, 105, 85
L -237.8571, -2973.0000, 0.0000,  -223.8571, -2959.0000, 0.0000,  120, 105, 85
L -237.8571, -2833.0000, 0.0000,  -223.8571, -2819.0000, 0.0000,  120, 105, 85
L -219.8571, -2833.0000, 0.0000,  -205.8571, -2819.0000, 0.0000,  120, 105, 85
L -219.8571, -2973.0000, 0.0000,  -205.8571, -2959.0000, 0.0000,  120, 105, 85
L -237.8571, -2973.0000, 0.0000,  -237.8571, -2833.0000, 0.0000,  60, 45, 30
L -237.8571, -2833.0000, 0.0000,  -219.8571, -2833.0000, 0.0000,  60, 45, 30
L -219.8571, -2833.0000, 0.0000,  -219.8571, -2973.0000, 0.0000,  60, 45, 30
L -219.8571, -2973.0000, 0.0000,  -237.8571, -2973.0000, 0.0000,  60, 45, 30
L -228.8571, -2973.0000, 0.0000,  -228.8571, -2833.0000, 0.0000,  60, 45, 30
L -214.8571, -2828.0000, 0.0000,  -265.9286, -2828.0000, 0.0000,  120, 105, 85
L -228.8571, -2842.0000, 0.0000,  -214.8571, -2828.0000, 0.0000,  120, 105, 85
L -279.9286, -2842.0000, 0.0000,  -265.9286, -2828.0000, 0.0000,  120, 105, 85
L -228.8571, -2842.0000, 0.0000,  -279.9286, -2842.0000, 0.0000,  60, 45, 30
L -279.9286, -2842.0000, 0.0000,  -279.9286, -2824.0000, 0.0000,  60, 45, 30
L -279.9286, -2824.0000, 0.0000,  -228.8571, -2824.0000, 0.0000,  60, 45, 30
L -228.8571, -2824.0000, 0.0000,  -228.8571, -2842.0000, 0.0000,  60, 45, 30
L -228.8571, -2833.0000, 0.0000,  -279.9286, -2833.0000, 0.0000,  60, 45, 30
L -269.9812, -2830.4258, 0.0000,  -255.9812, -2816.4258, 0.0000,  120, 105, 85
L -252.7331, -2835.5740, 0.0000,  -238.7331, -2821.5740, 0.0000,  120, 105, 85
L -252.7331, -2835.5740, 0.0000,  -269.9812, -2830.4258, 0.0000,  60, 45, 30
L -119.0714, -2959.0000, 0.0000,  -137.0714, -2959.0000, 0.0000,  120, 105, 85
L -133.0714, -2973.0000, 0.0000,  -119.0714, -2959.0000, 0.0000,  120, 105, 85
L -151.0714, -2973.0000, 0.0000,  -137.0714, -2959.0000, 0.0000,  120, 105, 85
L -133.0714, -2693.0000, 0.0000,  -133.0714, -2973.0000, 0.0000,  60, 45, 30
L -133.0714, -2973.0000, 0.0000,  -151.0714, -2973.0000, 0.0000,  60, 45, 30
L -151.0714, -2973.0000, 0.0000,  -151.0714, -2693.0000, 0.0000,  60, 45, 30
L -142.0714, -2693.0000, 0.0000,  -142.0714, -2973.0000, 0.0000,  60, 45, 30
L -128.0714, -2950.0000, 0.0000,  -72.3571, -2950.0000, 0.0000,  120, 105, 85
L -72.3571, -2950.0000, 0.0000,  -72.3571, -2968.0000, 0.0000,  120, 105, 85
L -72.3571, -2968.0000, 0.0000,  -128.0714, -2968.0000, 0.0000,  120, 105, 85
L -128.0714, -2968.0000, 0.0000,  -128.0714, -2950.0000, 0.0000,  120, 105, 85
L -142.0714, -2964.0000, 0.0000,  -128.0714, -2950.0000, 0.0000,  120, 105, 85
L -86.3571, -2964.0000, 0.0000,  -72.3571, -2950.0000, 0.0000,  120, 105, 85
L -86.3571, -2982.0000, 0.0000,  -72.3571, -2968.0000, 0.0000,  120, 105, 85
L -142.0714, -2982.0000, 0.0000,  -128.0714, -2968.0000, 0.0000,  120, 105, 85
L -142.0714, -2964.0000, 0.0000,  -86.3571, -2964.0000, 0.0000,  60, 45, 30
L -86.3571, -2964.0000, 0.0000,  -86.3571, -2982.0000, 0.0000,  60, 45, 30
L -86.3571, -2982.0000, 0.0000,  -142.0714, -2982.0000, 0.0000,  60, 45, 30
L -142.0714, -2982.0000, 0.0000,  -142.0714, -2964.0000, 0.0000,  60, 45, 30
L -142.0714, -2973.0000, 0.0000,  -86.3571, -2973.0000, 0.0000,  60, 45, 30
L -81.6429, -2828.0000, 0.0000,  -128.0714, -2828.0000, 0.0000,  120, 105, 85
L -95.6429, -2842.0000, 0.0000,  -81.6429, -2828.0000, 0.0000,  120, 105, 85
L -142.0714, -2842.0000, 0.0000,  -128.0714, -2828.0000, 0.0000,  120, 105, 85
L -142.0714, -2824.0000, 0.0000,  -95.6429, -2824.0000, 0.0000,  60, 45, 30
L -95.6429, -2824.0000, 0.0000,  -95.6429, -2842.0000, 0.0000,  60, 45, 30
L -95.6429, -2842.0000, 0.0000,  -142.0714, -2842.0000, 0.0000,  60, 45, 30
L -142.0714, -2842.0000, 0.0000,  -142.0714, -2824.0000, 0.0000,  60, 45, 30
L -142.0714, -2833.0000, 0.0000,  -95.6429, -2833.0000, 0.0000,  60, 45, 30
L 63.2912, -2934.5603, 0.0000,  42.8626, -2960.5603, 0.0000,  120, 105, 85
L 42.8626, -2960.5603, 0.0000,  28.7088, -2949.4395, 0.0000,  120, 105, 85
L 28.7088, -2949.4395, 0.0000,  49.1374, -2923.4395, 0.0000,  120, 105, 85
L 49.1374, -2923.4395, 0.0000,  63.2912, -2934.5603, 0.0000,  120, 105, 85
L 49.2912, -2948.5603, 0.0000,  63.2912, -2934.5603, 0.0000,  120, 105, 85
L 28.8626, -2974.5603, 0.0000,  42.8626, -2960.5603, 0.0000,  120, 105, 85
L 14.7088, -2963.4395, 0.0000,  28.7088, -2949.4395, 0.0000,  120, 105, 85
L 35.1374, -2937.4395, 0.0000,  49.1374, -2923.4395, 0.0000,  120, 105, 85
L 49.2912, -2948.5603, 0.0000,  28.8626, -2974.5603, 0.0000,  60, 45, 30
L 28.8626, -2974.5603, 0.0000,  14.7088, -2963.4395, 0.0000,  60, 45, 30
L 14.7088, -2963.4395, 0.0000,  35.1374, -2937.4395, 0.0000,  60, 45, 30
L 35.1374, -2937.4395, 0.0000,  49.2912, -2948.5603, 0.0000,  60, 45, 30
L 42.2143, -2943.0000, 0.0000,  21.7857, -2969.0000, 0.0000,  60, 45, 30
L 28.1997, -2959.8428, 0.0000,  7.7712, -2927.8428, 0.0000,  120, 105, 85
L 7.7712, -2927.8428, 0.0000,  22.9431, -2918.1570, 0.0000,  120, 105, 85
L 22.9431, -2918.1570, 0.0000,  43.3717, -2950.1570, 0.0000,  120, 105, 85
L 43.3717, -2950.1570, 0.0000,  28.1997, -2959.8428, 0.0000,  120, 105, 85
L 14.1997, -2973.8428, 0.0000,  28.1997, -2959.8428, 0.0000,  120, 105, 85
L -6.2288, -2941.8428, 0.0000,  7.7712, -2927.8428, 0.0000,  120, 105, 85
L 8.9431, -2932.1570, 0.0000,  22.9431, -2918.1570, 0.0000,  120, 105, 85
L 29.3717, -2964.1570, 0.0000,  43.3717, -2950.1570, 0.0000,  120, 105, 85
L 14.1997, -2973.8428, 0.0000,  -6.2288, -2941.8428, 0.0000,  60, 45, 30
L -6.2288, -2941.8428, 0.0000,  8.9431, -2932.1570, 0.0000,  60, 45, 30
L 8.9431, -2932.1570, 0.0000,  29.3717, -2964.1570, 0.0000,  60, 45, 30
L 29.3717, -2964.1570, 0.0000,  14.1997, -2973.8428, 0.0000,  60, 45, 30
L 21.7857, -2969.0000, 0.0000,  1.3571, -2937.0000, 0.0000,  60, 45, 30
L 6.3784, -2922.3823, 0.0000,  10.0926, -2868.3823, 0.0000,  120, 105, 85
L 10.0926, -2868.3823, 0.0000,  28.0502, -2869.6174, 0.0000,  120, 105, 85
L 28.0502, -2869.6174, 0.0000,  24.3359, -2923.6174, 0.0000,  120, 105, 85
L 24.3359, -2923.6174, 0.0000,  6.3784, -2922.3823, 0.0000,  120, 105, 85
L -7.6216, -2936.3823, 0.0000,  6.3784, -2922.3823, 0.0000,  120, 105, 85
L -3.9074, -2882.3823, 0.0000,  10.0926, -2868.3823, 0.0000,  120, 105, 85
L 14.0502, -2883.6174, 0.0000,  28.0502, -2869.6174, 0.0000,  120, 105, 85
L 10.3359, -2937.6174, 0.0000,  24.3359, -2923.6174, 0.0000,  120, 105, 85
L -7.6216, -2936.3823, 0.0000,  -3.9074, -2882.3823, 0.0000,  60, 45, 30
L -3.9074, -2882.3823, 0.0000,  14.0502, -2883.6174, 0.0000,  60, 45, 30
L 14.0502, -2883.6174, 0.0000,  10.3359, -2937.6174, 0.0000,  60, 45, 30
L 10.3359, -2937.6174, 0.0000,  -7.6216, -2936.3823, 0.0000,  60, 45, 30
L 1.3571, -2937.0000, 0.0000,  5.0714, -2883.0000, 0.0000,  60, 45, 30
L 11.9536, -2863.4922, 0.0000,  35.1679, -2833.4922, 0.0000,  120, 105, 85
L 35.1679, -2833.4922, 0.0000,  49.4036, -2844.5076, 0.0000,  120, 105, 85
L 49.4036, -2844.5076, 0.0000,  26.1893, -2874.5076, 0.0000,  120, 105, 85
L 26.1893, -2874.5076, 0.0000,  11.9536, -2863.4922, 0.0000,  120, 105, 85
L -2.0464, -2877.4922, 0.0000,  11.9536, -2863.4922, 0.0000,  120, 105, 85
L 21.1679, -2847.4922, 0.0000,  35.1679, -2833.4922, 0.0000,  120, 105, 85
L 35.4036, -2858.5076, 0.0000,  49.4036, -2844.5076, 0.0000,  120, 105, 85
L 12.1893, -2888.5076, 0.0000,  26.1893, -2874.5076, 0.0000,  120, 105, 85
L -2.0464, -2877.4922, 0.0000,  21.1679, -2847.4922, 0.0000,  60, 45, 30
L 21.1679, -2847.4922, 0.0000,  35.4036, -2858.5076, 0.0000,  60, 45, 30
L 35.4036, -2858.5076, 0.0000,  12.1893, -2888.5076, 0.0000,  60, 45, 30
L 12.1893, -2888.5076, 0.0000,  -2.0464, -2877.4922, 0.0000,  60, 45, 30
L 5.0714, -2883.0000, 0.0000,  28.2857, -2853.0000, 0.0000,  60, 45, 30
L 64.6079, -2806.2473, 0.0000,  50.6794, -2842.2473, 0.0000,  120, 105, 85
L 50.6794, -2842.2473, 0.0000,  33.8921, -2835.7524, 0.0000,  120, 105, 85
L 19.8921, -2849.7524, 0.0000,  33.8921, -2835.7524, 0.0000,  120, 105, 85
L 36.6794, -2856.2473, 0.0000,  50.6794, -2842.2473, 0.0000,  120, 105, 85
L 19.8921, -2849.7524, 0.0000,  33.8206, -2813.7524, 0.0000,  60, 45, 30
L 50.6079, -2820.2473, 0.0000,  36.6794, -2856.2473, 0.0000,  60, 45, 30
L 36.6794, -2856.2473, 0.0000,  19.8921, -2849.7524, 0.0000,  60, 45, 30
L 28.2857, -2853.0000, 0.0000,  42.2143, -2817.0000, 0.0000,  60, 45, 30
L 184.5000, -2959.0000, 0.0000,  166.5000, -2959.0000, 0.0000,  120, 105, 85
L 170.5000, -2973.0000, 0.0000,  184.5000, -2959.0000, 0.0000,  120, 105, 85
L 152.5000, -2973.0000, 0.0000,  166.5000, -2959.0000, 0.0000,  120, 105, 85
L 170.5000, -2693.0000, 0.0000,  170.5000, -2973.0000, 0.0000,  60, 45, 30
L 170.5000, -2973.0000, 0.0000,  152.5000, -2973.0000, 0.0000,  60, 45, 30
L 152.5000, -2973.0000, 0.0000,  152.5000, -2693.0000, 0.0000,  60, 45, 30
L 161.5000, -2693.0000, 0.0000,  161.5000, -2973.0000, 0.0000,  60, 45, 30
L 147.6429, -2950.0000, 0.0000,  203.3571, -2950.0000, 0.0000,  120, 105, 85
L 203.3571, -2950.0000, 0.0000,  203.3571, -2968.0000, 0.0000,  120, 105, 85
L 203.3571, -2968.0000, 0.0000,  147.6429, -2968.0000, 0.0000,  120, 105, 85
L 147.6429, -2968.0000, 0.0000,  147.6429, -2950.0000, 0.0000,  120, 105, 85
L 133.6429, -2964.0000, 0.0000,  147.6429, -2950.0000, 0.0000,  120, 105, 85
L 189.3571, -2964.0000, 0.0000,  203.3571, -2950.0000, 0.0000,  120, 105, 85
L 189.3571, -2982.0000, 0.0000,  203.3571, -2968.0000, 0.0000,  120, 105, 85
L 133.6429, -2982.0000, 0.0000,  147.6429, -2968.0000, 0.0000,  120, 105, 85
L 133.6429, -2964.0000, 0.0000,  189.3571, -2964.0000, 0.0000,  60, 45, 30
L 189.3571, -2964.0000, 0.0000,  189.3571, -2982.0000, 0.0000,  60, 45, 30
L 189.3571, -2982.0000, 0.0000,  133.6429, -2982.0000, 0.0000,  60, 45, 30
L 133.6429, -2982.0000, 0.0000,  133.6429, -2964.0000, 0.0000,  60, 45, 30
L 133.6429, -2973.0000, 0.0000,  189.3571, -2973.0000, 0.0000,  60, 45, 30
L -2022.8999, -2819.0000, 0.0000,  -1977.1399, -2824.2000, 0.0000,  70, 95, 45
L -1977.1399, -2824.2000, 0.0000,  -1931.3799, -2829.3999, 0.0000,  70, 95, 45
L -1931.3799, -2829.3999, 0.0000,  -1885.6200, -2829.3999, 0.0000,  70, 95, 45
L -1885.6200, -2829.3999, 0.0000,  -1839.8600, -2824.2000, 0.0000,  70, 95, 45
L -1839.8600, -2824.2000, 0.0000,  -1794.1000, -2819.0000, 0.0000,  70, 95, 45
L 252.1000, -2819.0000, 0.0000,  297.8600, -2824.2000, 0.0000,  70, 95, 45
L 297.8600, -2824.2000, 0.0000,  343.6200, -2829.3999, 0.0000,  70, 95, 45
L 343.6200, -2829.3999, 0.0000,  389.3800, -2829.3999, 0.0000,  70, 95, 45
L 389.3800, -2829.3999, 0.0000,  435.1400, -2824.2000, 0.0000,  70, 95, 45
L 435.1400, -2824.2000, 0.0000,  480.9000, -2819.0000, 0.0000,  70, 95, 45
