P -392.8330, 33.6582, 0.0000, 70, 84, 72, 3, N
P -392.8330, 151.7791, 0.0000, 64, 70, 64, 1, S
P -333.7660, 92.7186, 0.0000, 64, 70, 64, 1, E
P -451.8935, 92.7186, 0.0000, 64, 70, 64, 1, W
L  -240.3534, -999.7454, 0.0000, -240.3534, 159.2729, 0.0000, 120, 124, 112
L  -120.1767, -999.7454, 0.0000, -120.1767, 159.2729, 0.0000, 120, 124, 112
L  0.0000, -999.7454, 0.0000, 0.0000, 159.2729, 0.0000, 120, 124, 112
L  120.1767, -999.7454, 0.0000, 120.1767, 159.2729, 0.0000, 120, 124, 112
L  240.3534, -999.7454, 0.0000, 240.3534, 159.2729, 0.0000, 120, 124, 112
L  -340.3803, -724.2230, 0.0000, 340.3803, -724.2230, 0.0000, 120, 124, 112
L  -340.3803, -609.7500, 0.0000, 340.3803, -609.7500, 0.0000, 120, 124, 112
L  -340.3803, -467.7700, 0.0000, 340.3803, -467.7700, 0.0000, 120, 124, 112
L  -340.3803, -325.7899, 0.0000, 340.3803, -325.7899, 0.0000, 120, 124, 112
L  -340.3803, -183.8099, 0.0000, 340.3803, -183.8099, 0.0000, 120, 124, 112
L  -340.3803, -41.8299, 0.0000, 340.3803, -41.8299, 0.0000, 120, 124, 112
L  -340.3803, 100.1500, 0.0000, 340.3803, 100.1500, 0.0000, 120, 124, 112
L  -340.3803, 159.2729, 0.0000, 340.3803, 159.2729, 0.0000, 120, 124, 112
L  -340.3803, -999.7454, 0.0000, -340.3803, 159.2729, 0.0000, 120, 124, 112
L  340.3803, -999.7454, 0.0000, 340.3803, 159.2729, 0.0000, 120, 124, 112
L  496.6100, -878.6955, 0.0000, 481.9084, -725.8778, 0.0000, 64, 70, 64
L  481.9084, -725.8778, 0.0000, 496.6100, -573.0600, 0.0000, 64, 70, 64
L  496.6100, -573.0600, 0.0000, 479.3947, -420.2422, 0.0000, 64, 70, 64
L  479.3947, -420.2422, 0.0000, 496.6100, -267.4243, 0.0000, 64, 70, 64
L  496.6100, -267.4243, 0.0000, 485.1832, -114.6065, 0.0000, 64, 70, 64
L  485.1832, -114.6065, 0.0000, 496.6100, 38.2113, 0.0000, 64, 70, 64
L  496.6100, 38.2113, 0.0000, 475.1685, 191.0291, 0.0000, 64, 70, 64
L  475.1685, 191.0291, 0.0000, 496.6100, 343.8469, 0.0000, 64, 70, 64
L  496.6100, 343.8469, 0.0000, 372.4575, 315.2735, 0.0000, 64, 70, 64
L  372.4575, 315.2735, 0.0000, 248.3050, 343.8469, 0.0000, 64, 70, 64
L  248.3050, 343.8469, 0.0000, 124.1524, 309.0145, 0.0000, 64, 70, 64
L  124.1524, 309.0145, 0.0000, 0.0000, 343.8469, 0.0000, 64, 70, 64
L  0.0000, 343.8469, 0.0000, -124.1524, 312.1262, 0.0000, 64, 70, 64
L  -124.1524, 312.1262, 0.0000, -248.3050, 343.8469, 0.0000, 64, 70, 64
L  -248.3050, 343.8469, 0.0000, -372.4575, 316.7524, 0.0000, 64, 70, 64
L  -372.4575, 316.7524, 0.0000, -496.6100, 343.8469, 0.0000, 64, 70, 64
L  -496.6100, 343.8469, 0.0000, -486.0245, 191.0291, 0.0000, 64, 70, 64
L  -486.0245, 191.0291, 0.0000, -496.6100, 38.2113, 0.0000, 64, 70, 64
L  -496.6100, 38.2113, 0.0000, -472.6548, -114.6065, 0.0000, 64, 70, 64
L  -472.6548, -114.6065, 0.0000, -496.6100, -267.4243, 0.0000, 64, 70, 64
L  -496.6100, -267.4243, 0.0000, -473.1155, -420.2422, 0.0000, 64, 70, 64
L  -473.1155, -420.2422, 0.0000, -496.6100, -573.0600, 0.0000, 64, 70, 64
L  -496.6100, -573.0600, 0.0000, -470.5016, -725.8778, 0.0000, 64, 70, 64
L  -470.5016, -725.8778, 0.0000, -496.6100, -878.6955, 0.0000, 64, 70, 64
L  438.9753, -925.4543, 0.0000, 448.5393, -723.3695, 0.0000, 120, 128, 110
L  448.5393, -723.3695, 0.0000, 441.2787, -521.2846, 0.0000, 120, 128, 110
L  441.2787, -521.2846, 0.0000, 448.5393, -319.1997, 0.0000, 120, 128, 110
L  448.5393, -319.1997, 0.0000, 434.4687, -117.1149, 0.0000, 120, 128, 110
L  434.4687, -117.1149, 0.0000, 448.5393, 84.9701, 0.0000, 120, 128, 110
L  448.5393, 84.9701, 0.0000, 436.4515, 287.0550, 0.0000, 120, 128, 110
L  448.5393, 287.0550, 0.0000, 269.1256, 277.2110, 0.0000, 120, 128, 110
L  269.1256, 277.2110, 0.0000, 89.7019, 287.0550, 0.0000, 120, 128, 110
L  89.7019, 287.0550, 0.0000, -89.7119, 270.3723, 0.0000, 120, 128, 110
L  -89.7119, 270.3723, 0.0000, -269.1256, 287.0550, 0.0000, 120, 128, 110
L  -269.1256, 287.0550, 0.0000, -448.5393, 270.9402, 0.0000, 120, 128, 110
L  -448.5393, 287.0550, 0.0000, -435.5503, 84.9701, 0.0000, 120, 128, 110
L  -435.5503, 84.9701, 0.0000, -448.5393, -117.1149, 0.0000, 120, 128, 110
L  -448.5393, -117.1149, 0.0000, -438.5747, -319.1997, 0.0000, 120, 128, 110
L  -438.5747, -319.1997, 0.0000, -448.5393, -521.2846, 0.0000, 120, 128, 110
L  -448.5393, -521.2846, 0.0000, -437.8937, -723.3695, 0.0000, 120, 128, 110
L  -437.8937, -723.3695, 0.0000, -448.5393, -925.4543, 0.0000, 120, 128, 110
L  -347.2024, 209.8517, 0.0000, -347.9023, 219.3274, 0.0000, 64, 70, 64
L  -347.9023, 219.3274, 0.0000, -349.9882, 228.5222, 0.0000, 64, 70, 64
L  -349.9882, 228.5222, 0.0000, -353.3879, 237.1479, 0.0000, 64, 70, 64
L  -353.3879, 237.1479, 0.0000, -358.0087, 244.9390, 0.0000, 64, 70, 64
L  -358.0087, 244.9390, 0.0000, -363.7056, 251.6695, 0.0000, 64, 70, 64
L  -363.7056, 251.6695, 0.0000, -370.3069, 257.1288, 0.0000, 64, 70, 64
L  -370.3069, 257.1288, 0.0000, -377.6012, 261.1529, 0.0000, 64, 70, 64
L  -377.6012, 261.1529, 0.0000, -385.3842, 263.6175, 0.0000, 64, 70, 64
L  -385.3842, 263.6175, 0.0000, -393.4113, 264.4442, 0.0000, 64, 70, 64
L  -393.4113, 264.4442, 0.0000, -401.4319, 263.6175, 0.0000, 64, 70, 64
L  -401.4319, 263.6175, 0.0000, -409.2148, 261.1529, 0.0000, 64, 70, 64
L  -409.2148, 261.1529, 0.0000, -416.5158, 257.1288, 0.0000, 64, 70, 64
L  -416.5158, 257.1288, 0.0000, -423.1104, 251.6695, 0.0000, 64, 70, 64
L  -423.1104, 251.6695, 0.0000, -428.8074, 244.9390, 0.0000, 64, 70, 64
L  -428.8074, 244.9390, 0.0000, -433.4282, 237.1479, 0.0000, 64, 70, 64
L  -433.4282, 237.1479, 0.0000, -436.8279, 228.5222, 0.0000, 64, 70, 64
L  -436.8279, 228.5222, 0.0000, -438.9139, 219.3274, 0.0000, 64, 70, 64
L  -438.9139, 219.3274, 0.0000, -439.6202, 209.8517, 0.0000, 64, 70, 64
L  -439.6202, 209.8517, 0.0000, -438.9139, 200.3682, 0.0000, 64, 70, 64
L  -438.9139, 200.3682, 0.0000, -436.8279, 191.1811, 0.0000, 64, 70, 64
L  -436.8279, 191.1811, 0.0000, -433.4282, 182.5554, 0.0000, 64, 70, 64
L  -433.4282, 182.5554, 0.0000, -428.8074, 174.7564, 0.0000, 64, 70, 64
L  -428.8074, 174.7564, 0.0000, -423.1104, 168.0338, 0.0000, 64, 70, 64
L  -423.1104, 168.0338, 0.0000, -416.5158, 162.5746, 0.0000, 64, 70, 64
L  -416.5158, 162.5746, 0.0000, -409.2148, 158.5504, 0.0000, 64, 70, 64
L  -409.2148, 158.5504, 0.0000, -401.4319, 156.0858, 0.0000, 64, 70, 64
L  -401.4319, 156.0858, 0.0000, -393.4113, 155.2591, 0.0000, 64, 70, 64
L  -393.4113, 155.2591, 0.0000, -385.3842, 156.0858, 0.0000, 64, 70, 64
L  -385.3842, 156.0858, 0.0000, -377.6012, 158.5504, 0.0000, 64, 70, 64
L  -377.6012, 158.5504, 0.0000, -370.3069, 162.5746, 0.0000, 64, 70, 64
L  -370.3069, 162.5746, 0.0000, -363.7056, 168.0338, 0.0000, 64, 70, 64
L  -363.7056, 168.0338, 0.0000, -358.0087, 174.7564, 0.0000, 64, 70, 64
L  -358.0087, 174.7564, 0.0000, -353.3879, 182.5554, 0.0000, 64, 70, 64
L  -353.3879, 182.5554, 0.0000, -349.9882, 191.1811, 0.0000, 64, 70, 64
L  -349.9882, 191.1811, 0.0000, -347.9023, 200.3682, 0.0000, 64, 70, 64
L  -347.9023, 200.3682, 0.0000, -347.2024, 209.8517, 0.0000, 64, 70, 64
L  -341.1888, 209.8517, 0.0000, -341.9874, 220.5596, 0.0000, 120, 128, 110
L  -341.9874, 220.5596, 0.0000, -344.3441, 230.9477, 0.0000, 120, 128, 110
L  -344.3441, 230.9477, 0.0000, -348.1860, 240.6965, 0.0000, 120, 128, 110
L  -348.1860, 240.6965, 0.0000, -353.4076, 249.5013, 0.0000, 120, 128, 110
L  -353.4076, 249.5013, 0.0000, -359.8438, 257.1053, 0.0000, 120, 128, 110
L  -359.8438, 257.1053, 0.0000, -367.2968, 263.2742, 0.0000, 120, 128, 110
L  -367.2968, 263.2742, 0.0000, -375.5484, 267.8211, 0.0000, 120, 128, 110
L  -375.5484, 267.8211, 0.0000, -384.3412, 270.6053, 0.0000, 120, 128, 110
L  -384.3412, 270.6053, 0.0000, -393.4113, 271.5412, 0.0000, 120, 128, 110
L  -393.4113, 271.5412, 0.0000, -402.4749, 270.6053, 0.0000, 120, 128, 110
L  -402.4749, 270.6053, 0.0000, -411.2677, 267.8211, 0.0000, 120, 128, 110
L  -411.2677, 267.8211, 0.0000, -419.5127, 263.2742, 0.0000, 120, 128, 110
L  -419.5127, 263.2742, 0.0000, -426.9723, 257.1053, 0.0000, 120, 128, 110
L  -426.9723, 257.1053, 0.0000, -433.4085, 249.5013, 0.0000, 120, 128, 110
L  -433.4085, 249.5013, 0.0000, -438.6300, 240.6965, 0.0000, 120, 128, 110
L  -438.6300, 240.6965, 0.0000, -442.4720, 230.9477, 0.0000, 120, 128, 110
L  -442.4720, 230.9477, 0.0000, -444.8287, 220.5596, 0.0000, 120, 128, 110
L  -444.8287, 220.5596, 0.0000, -445.6274, 209.8517, 0.0000, 120, 128, 110
L  -445.6274, 209.8517, 0.0000, -444.8287, 199.1360, 0.0000, 120, 128, 110
L  -444.8287, 199.1360, 0.0000, -442.4720, 188.7556, 0.0000, 120, 128, 110
L  -442.4720, 188.7556, 0.0000, -438.6300, 179.0068, 0.0000, 120, 128, 110
L  -438.6300, 179.0068, 0.0000, -433.4085, 170.1941, 0.0000, 120, 128, 110
L  -433.4085, 170.1941, 0.0000, -426.9723, 162.5902, 0.0000, 120, 128, 110
L  -426.9723, 162.5902, 0.0000, -419.5194, 156.4291, 0.0000, 120, 128, 110
L  -419.5194, 156.4291, 0.0000, -411.2677, 151.8823, 0.0000, 120, 128, 110
L  -411.2677, 151.8823, 0.0000, -402.4749, 149.0980, 0.0000, 120, 128, 110
L  -402.4749, 149.0980, 0.0000, -393.4113, 148.1621, 0.0000, 120, 128, 110
L  -393.4113, 148.1621, 0.0000, -384.3412, 149.0980, 0.0000, 120, 128, 110
L  -384.3412, 149.0980, 0.0000, -375.5484, 151.8823, 0.0000, 120, 128, 110
L  -375.5484, 151.8823, 0.0000, -367.2968, 156.4291, 0.0000, 120, 128, 110
L  -367.2968, 156.4291, 0.0000, -359.8438, 162.5902, 0.0000, 120, 128, 110
L  -359.8438, 162.5902, 0.0000, -353.4076, 170.1941, 0.0000, 120, 128, 110
L  -353.4076, 170.1941, 0.0000, -348.1860, 179.0068, 0.0000, 120, 128, 110
L  -348.1860, 179.0068, 0.0000, -344.3441, 188.7556, 0.0000, 120, 128, 110
L  -344.3441, 188.7556, 0.0000, -341.9874, 199.1360, 0.0000, 120, 128, 110
L  -341.9874, 199.1360, 0.0000, -341.1888, 209.8517, 0.0000, 120, 128, 110
L  -393.4113, 209.8517, 0.0000, -393.4113, 155.2591, 0.0000, 120, 128, 110
L  -393.4113, 209.8517, 0.0000, -373.8056, 186.6888, 0.0000, 120, 124, 112
L  -393.4113, 209.8517, 0.0000, -347.2024, 209.8517, 0.0000, 120, 128, 110
L  -393.4113, 209.8517, 0.0000, -373.8056, 233.0146, 0.0000, 120, 124, 112
L  -393.4113, 209.8517, 0.0000, -393.4113, 264.4442, 0.0000, 120, 128, 110
L  -393.4113, 209.8517, 0.0000, -413.0106, 233.0146, 0.0000, 120, 124, 112
L  -393.4113, 209.8517, 0.0000, -439.6202, 209.8517, 0.0000, 120, 128, 110
L  -393.4113, 209.8517, 0.0000, -413.0106, 186.6888, 0.0000, 120, 124, 112
L  -402.2769, 204.6108, 0.0000, -401.7421, 201.3274, 0.0000, 60, 66, 58
L  -401.7421, 201.3274, 0.0000, -400.2041, 198.4340, 0.0000, 60, 66, 58
L  -400.2041, 198.4340, 0.0000, -397.8475, 196.2893, 0.0000, 60, 66, 58
L  -397.8475, 196.2893, 0.0000, -394.9495, 195.1507, 0.0000, 60, 66, 58
L  -394.9495, 195.1507, 0.0000, -391.8666, 195.1507, 0.0000, 60, 66, 58
L  -391.8666, 195.1507, 0.0000, -388.9753, 196.2893, 0.0000, 60, 66, 58
L  -388.9753, 196.2893, 0.0000, -386.6120, 198.4340, 0.0000, 60, 66, 58
L  -386.6120, 198.4340, 0.0000, -385.0740, 201.3274, 0.0000, 60, 66, 58
L  -385.0740, 201.3274, 0.0000, -384.5392, 204.6108, 0.0000, 60, 66, 58
L  -402.2769, 204.6108, 0.0000, -397.5504, 218.5865, 0.0000, 60, 66, 58
L  -384.5392, 204.6108, 0.0000, -389.2657, 218.5865, 0.0000, 60, 66, 58
L  -397.5504, 218.5865, 0.0000, -389.2657, 218.5865, 0.0000, 60, 66, 58
L  -399.7683, 207.7538, 0.0000, -395.3323, 207.7538, 0.0000, 150, 150, 140
L  -395.3323, 207.7538, 0.0000, -397.5504, 210.8968, 0.0000, 150, 150, 140
L  -397.5504, 210.8968, 0.0000, -399.7683, 207.7538, 0.0000, 150, 150, 140
L  -391.4838, 207.7538, 0.0000, -387.0478, 207.7538, 0.0000, 150, 150, 140
L  -387.0478, 207.7538, 0.0000, -389.2657, 210.8968, 0.0000, 150, 150, 140
L  -389.2657, 210.8968, 0.0000, -391.4838, 207.7538, 0.0000, 150, 150, 140
L  -393.4113, 182.5554, 0.0000, -393.4113, 160.7184, 0.0000, 70, 84, 72
L  -398.6924, 166.1776, 0.0000, -393.4113, 158.5348, 0.0000, 70, 84, 72
L  -388.1303, 166.1776, 0.0000, -393.4113, 158.5348, 0.0000, 70, 84, 72
L  -378.0557, -1173.9444, 0.0000, -369.4990, -1173.9444, 0.0000, 72, 62, 54
L  -269.4330, -1173.9444, 0.0000, -245.8738, -1173.9444, 0.0000, 72, 62, 54
L  -243.9640, -1173.9444, 0.0000, -234.9794, -1173.9444, 0.0000, 72, 62, 54
L  -144.2137, -1173.9444, 0.0000, -119.6832, -1173.9444, 0.0000, 72, 62, 54
L  -117.9525, -1173.9444, 0.0000, -100.9671, -1173.9444, 0.0000, 72, 62, 54
L  -13.1456, -1173.9444, 0.0000, 11.2146, -1173.9444, 0.0000, 72, 62, 54
L  67.6178, -1173.9444, 0.0000, 94.6299, -1173.9444, 0.0000, 72, 62, 54
L  99.2231, -1173.9444, 0.0000, 114.2315, -1173.9444, 0.0000, 72, 62, 54
L  117.8305, -1173.9444, 0.0000, 128.0462, -1173.9444, 0.0000, 72, 62, 54
L  130.6201, -1173.9444, 0.0000, 143.0473, -1173.9444, 0.0000, 72, 62, 54
L  147.6868, -1173.9444, 0.0000, 167.5008, -1173.9444, 0.0000, 72, 62, 54
L  170.8392, -1173.9444, 0.0000, 185.2365, -1173.9444, 0.0000, 72, 62, 54
L  246.6553, -1173.9444, 0.0000, 256.7555, -1173.9444, 0.0000, 72, 62, 54
L  260.0824, -1173.9444, 0.0000, 285.0329, -1173.9444, 0.0000, 72, 62, 54
L  363.2052, -1173.9444, 0.0000, 373.8326, -1173.9444, 0.0000, 72, 62, 54
L  -478.6125, -1168.3950, 0.0000, -452.4032, -1168.3950, 0.0000, 72, 62, 54
L  -450.2566, -1168.3950, 0.0000, -435.3337, -1168.3950, 0.0000, 72, 62, 54
L  -306.3721, -1168.3950, 0.0000, -289.9401, -1168.3950, 0.0000, 72, 62, 54
L  -286.7014, -1168.3950, 0.0000, -261.9345, -1168.3950, 0.0000, 72, 62, 54
L  -257.5179, -1168.3950, 0.0000, -233.5310, -1168.3950, 0.0000, 72, 62, 54
L  -229.9516, -1168.3950, 0.0000, -210.1564, -1168.3950, 0.0000, 72, 62, 54
L  -34.9620, -1168.3950, 0.0000, -22.6949, -1168.3950, 0.0000, 72, 62, 54
L  -18.2858, -1168.3950, 0.0000, 11.2971, -1168.3950, 0.0000, 72, 62, 54
L  13.9257, -1168.3950, 0.0000, 23.9610, -1168.3950, 0.0000, 72, 62, 54
L  101.2737, -1168.3950, 0.0000, 128.7554, -1168.3950, 0.0000, 72, 62, 54
L  133.4258, -1168.3950, 0.0000, 142.7364, -1168.3950, 0.0000, 72, 62, 54
L  145.6386, -1168.3950, 0.0000, 158.4155, -1168.3950, 0.0000, 72, 62, 54
L  220.5252, -1168.3950, 0.0000, 230.0268, -1168.3950, 0.0000, 72, 62, 54
L  234.7702, -1168.3950, 0.0000, 243.6741, -1168.3950, 0.0000, 72, 62, 54
L  247.1193, -1168.3950, 0.0000, 256.4467, -1168.3950, 0.0000, 72, 62, 54
L  259.4599, -1168.3950, 0.0000, 289.5587, -1168.3950, 0.0000, 72, 62, 54
L  293.7372, -1168.3950, 0.0000, 310.5749, -1168.3950, 0.0000, 72, 62, 54
L  437.2648, -1168.3950, 0.0000, 448.6377, -1168.3950, 0.0000, 72, 62, 54
L  452.3149, -1168.3950, 0.0000, 476.6281, -1168.3950, 0.0000, 72, 62, 54
L  -468.7200, -1162.8457, 0.0000, -449.5853, -1162.8457, 0.0000, 72, 62, 54
L  -446.8436, -1162.8457, 0.0000, -433.0502, -1162.8457, 0.0000, 72, 62, 54
L  -429.8366, -1162.8457, 0.0000, -399.4819, -1162.8457, 0.0000, 72, 62, 54
L  -337.3620, -1162.8457, 0.0000, -313.9061, -1162.8457, 0.0000, 72, 62, 54
L  -312.0338, -1162.8457, 0.0000, -301.9232, -1162.8457, 0.0000, 72, 62, 54
L  -297.1402, -1162.8457, 0.0000, -288.1544, -1162.8457, 0.0000, 72, 62, 54
L  -286.0211, -1162.8457, 0.0000, -255.8806, -1162.8457, 0.0000, 72, 62, 54
L  -253.9097, -1162.8457, 0.0000, -231.0477, -1162.8457, 0.0000, 72, 62, 54
L  -227.1800, -1162.8457, 0.0000, -209.1770, -1162.8457, 0.0000, 72, 62, 54
L  -206.7913, -1162.8457, 0.0000, -183.8365, -1162.8457, 0.0000, 72, 62, 54
L  -71.6301, -1162.8457, 0.0000, -41.0183, -1162.8457, 0.0000, 72, 62, 54
L  -38.1736, -1162.8457, 0.0000, -8.5147, -1162.8457, 0.0000, 72, 62, 54
L  -4.3350, -1162.8457, 0.0000, 23.1191, -1162.8457, 0.0000, 72, 62, 54
L  24.9675, -1162.8457, 0.0000, 51.5647, -1162.8457, 0.0000, 72, 62, 54
L  112.8256, -1162.8457, 0.0000, 137.4968, -1162.8457, 0.0000, 72, 62, 54
L  204.8222, -1162.8457, 0.0000, 234.6558, -1162.8457, 0.0000, 72, 62, 54
L  236.9237, -1162.8457, 0.0000, 250.1191, -1162.8457, 0.0000, 72, 62, 54
L  254.9809, -1162.8457, 0.0000, 264.9033, -1162.8457, 0.0000, 72, 62, 54
L  268.6708, -1162.8457, 0.0000, 278.3973, -1162.8457, 0.0000, 72, 62, 54
L  283.2358, -1162.8457, 0.0000, 310.9202, -1162.8457, 0.0000, 72, 62, 54
L  313.5688, -1162.8457, 0.0000, 330.7168, -1162.8457, 0.0000, 72, 62, 54
L  334.0501, -1162.8457, 0.0000, 349.6524, -1162.8457, 0.0000, 72, 62, 54
L  409.5146, -1162.8457, 0.0000, 421.9073, -1162.8457, 0.0000, 72, 62, 54
L  424.4058, -1162.8457, 0.0000, 438.9424, -1162.8457, 0.0000, 72, 62, 54
L  442.7137, -1162.8457, 0.0000, 459.6871, -1162.8457, 0.0000, 72, 62, 54
L  463.4112, -1162.8457, 0.0000, 480.4681, -1162.8457, 0.0000, 72, 62, 54
L  -473.3345, -1157.2964, 0.0000, -457.8719, -1157.2964, 0.0000, 72, 62, 54
L  -453.3236, -1157.2964, 0.0000, -431.8282, -1157.2964, 0.0000, 72, 62, 54
L  -429.5293, -1157.2964, 0.0000, -420.9300, -1157.2964, 0.0000, 72, 62, 54
L  -417.5637, -1157.2964, 0.0000, -391.4016, -1157.2964, 0.0000, 72, 62, 54
L  -388.5119, -1157.2964, 0.0000, -363.4784, -1157.2964, 0.0000, 72, 62, 54
L  -361.4709, -1157.2964, 0.0000, -349.9785, -1157.2964, 0.0000, 72, 62, 54
L  -345.8494, -1157.2964, 0.0000, -323.9480, -1157.2964, 0.0000, 72, 62, 54
L  -321.4607, -1157.2964, 0.0000, -309.9122, -1157.2964, 0.0000, 72, 62, 54
L  -306.0359, -1157.2964, 0.0000, -280.7604, -1157.2964, 0.0000, 72, 62, 54
L  -275.8927, -1157.2964, 0.0000, -255.8767, -1157.2964, 0.0000, 72, 62, 54
L  -252.4168, -1157.2964, 0.0000, -234.3260, -1157.2964, 0.0000, 72, 62, 54
L  -230.0741, -1157.2964, 0.0000, -210.0405, -1157.2964, 0.0000, 72, 62, 54
L  -206.7066, -1157.2964, 0.0000, -182.8637, -1157.2964, 0.0000, 72, 62, 54
L  -179.0216, -1157.2964, 0.0000, -150.5341, -1157.2964, 0.0000, 72, 62, 54
L  -93.6853, -1157.2964, 0.0000, -78.0991, -1157.2964, 0.0000, 72, 62, 54
L  -73.3613, -1157.2964, 0.0000, -49.8863, -1157.2964, 0.0000, 72, 62, 54
L  -47.3582, -1157.2964, 0.0000, -33.1024, -1157.2964, 0.0000, 72, 62, 54
L  -30.1730, -1157.2964, 0.0000, -20.9232, -1157.2964, 0.0000, 72, 62, 54
L  -17.0533, -1157.2964, 0.0000, -8.8481, -1157.2964, 0.0000, 72, 62, 54
L  -4.9265, -1157.2964, 0.0000, 4.7000, -1157.2964, 0.0000, 72, 62, 54
L  8.8614, -1157.2964, 0.0000, 38.5642, -1157.2964, 0.0000, 72, 62, 54
L  41.0262, -1157.2964, 0.0000, 52.2292, -1157.2964, 0.0000, 72, 62, 54
L  176.3146, -1157.2964, 0.0000, 195.8533, -1157.2964, 0.0000, 72, 62, 54
L  198.1678, -1157.2964, 0.0000, 224.3986, -1157.2964, 0.0000, 72, 62, 54
L  228.8991, -1157.2964, 0.0000, 243.3022, -1157.2964, 0.0000, 72, 62, 54
L  246.6560, -1157.2964, 0.0000, 266.4363, -1157.2964, 0.0000, 72, 62, 54
L  268.6985, -1157.2964, 0.0000, 279.8648, -1157.2964, 0.0000, 72, 62, 54
L  282.8736, -1157.2964, 0.0000, 291.6565, -1157.2964, 0.0000, 72, 62, 54
L  296.5085, -1157.2964, 0.0000, 317.3744, -1157.2964, 0.0000, 72, 62, 54
L  321.5921, -1157.2964, 0.0000, 345.2353, -1157.2964, 0.0000, 72, 62, 54
L  349.0143, -1157.2964, 0.0000, 372.4881, -1157.2964, 0.0000, 72, 62, 54
L  376.3456, -1157.2964, 0.0000, 390.3896, -1157.2964, 0.0000, 72, 62, 54
L  394.2341, -1157.2964, 0.0000, 410.8191, -1157.2964, 0.0000, 72, 62, 54
L  412.6728, -1157.2964, 0.0000, 424.0588, -1157.2964, 0.0000, 72, 62, 54
L  427.2031, -1157.2964, 0.0000, 457.2856, -1157.2964, 0.0000, 72, 62, 54
L  459.9586, -1157.2964, 0.0000, 468.6339, -1157.2964, 0.0000, 72, 62, 54
L  472.9709, -1157.2964, 0.0000, 485.4280, -1157.2964, 0.0000, 72, 62, 54
L  -471.7974, -1151.7469, 0.0000, -443.1314, -1151.7469, 0.0000, 72, 62, 54
L  -439.9787, -1151.7469, 0.0000, -416.3519, -1151.7469, 0.0000, 72, 62, 54
L  -413.9980, -1151.7469, 0.0000, -385.5378, -1151.7469, 0.0000, 72, 62, 54
L  -382.0557, -1151.7469, 0.0000, -364.1695, -1151.7469, 0.0000, 72, 62, 54
L  -359.3494, -1151.7469, 0.0000, -348.7565, -1151.7469, 0.0000, 72, 62, 54
L  -346.2909, -1151.7469, 0.0000, -334.0077, -1151.7469, 0.0000, 72, 62, 54
L  -332.3267, -1151.7469, 0.0000, -305.0996, -1151.7469, 0.0000, 72, 62, 54
L  -301.9718, -1151.7469, 0.0000, -275.8658, -1151.7469, 0.0000, 72, 62, 54
L  -272.9353, -1151.7469, 0.0000, -258.0152, -1151.7469, 0.0000, 72, 62, 54
L  -254.2248, -1151.7469, 0.0000, -228.0362, -1151.7469, 0.0000, 72, 62, 54
L  -224.1579, -1151.7469, 0.0000, -214.8600, -1151.7469, 0.0000, 72, 62, 54
L  -210.8652, -1151.7469, 0.0000, -202.5677, -1151.7469, 0.0000, 72, 62, 54
L  -199.0238, -1151.7469, 0.0000, -187.6205, -1151.7469, 0.0000, 72, 62, 54
L  -184.8976, -1151.7469, 0.0000, -167.5596, -1151.7469, 0.0000, 72, 62, 54
L  -163.8898, -1151.7469, 0.0000, -141.9201, -1151.7469, 0.0000, 72, 62, 54
L  -137.1719, -1151.7469, 0.0000, -123.0178, -1151.7469, 0.0000, 72, 62, 54
L  -118.6952, -1151.7469, 0.0000, -101.4572, -1151.7469, 0.0000, 72, 62, 54
L  -99.0560, -1151.7469, 0.0000, -76.1908, -1151.7469, 0.0000, 72, 62, 54
L  -73.7310, -1151.7469, 0.0000, -65.2823, -1151.7469, 0.0000, 72, 62, 54
L  -60.9368, -1151.7469, 0.0000, -51.6373, -1151.7469, 0.0000, 72, 62, 54
L  -49.5089, -1151.7469, 0.0000, -37.5171, -1151.7469, 0.0000, 72, 62, 54
L  -35.2717, -1151.7469, 0.0000, -13.7169, -1151.7469, 0.0000, 72, 62, 54
L  -10.8532, -1151.7469, 0.0000, 7.3409, -1151.7469, 0.0000, 72, 62, 54
L  11.9603, -1151.7469, 0.0000, 28.0555, -1151.7469, 0.0000, 72, 62, 54
L  32.8012, -1151.7469, 0.0000, 59.6719, -1151.7469, 0.0000, 72, 62, 54
L  63.3447, -1151.7469, 0.0000, 75.7225, -1151.7469, 0.0000, 72, 62, 54
L  79.2961, -1151.7469, 0.0000, 91.7368, -1151.7469, 0.0000, 72, 62, 54
L  161.8939, -1151.7469, 0.0000, 180.9113, -1151.7469, 0.0000, 72, 62, 54
L  184.3826, -1151.7469, 0.0000, 206.9035, -1151.7469, 0.0000, 72, 62, 54
L  210.3148, -1151.7469, 0.0000, 221.4519, -1151.7469, 0.0000, 72, 62, 54
L  226.0166, -1151.7469, 0.0000, 242.6868, -1151.7469, 0.0000, 72, 62, 54
L  246.9798, -1151.7469, 0.0000, 272.3968, -1151.7469, 0.0000, 72, 62, 54
L  276.6276, -1151.7469, 0.0000, 291.3963, -1151.7469, 0.0000, 72, 62, 54
L  293.9929, -1151.7469, 0.0000, 318.0018, -1151.7469, 0.0000, 72, 62, 54
L  320.4896, -1151.7469, 0.0000, 350.7139, -1151.7469, 0.0000, 72, 62, 54
L  355.0626, -1151.7469, 0.0000, 364.6605, -1151.7469, 0.0000, 72, 62, 54
L  367.1249, -1151.7469, 0.0000, 386.9270, -1151.7469, 0.0000, 72, 62, 54
L  389.6609, -1151.7469, 0.0000, 416.9155, -1151.7469, 0.0000, 72, 62, 54
L  420.0378, -1151.7469, 0.0000, 436.5355, -1151.7469, 0.0000, 72, 62, 54
L  438.7740, -1151.7469, 0.0000, 450.2435, -1151.7469, 0.0000, 72, 62, 54
L  452.6143, -1151.7469, 0.0000, 478.5838, -1151.7469, 0.0000, 72, 62, 54
L  -480.2093, -1146.1976, 0.0000, -464.5388, -1146.1976, 0.0000, 72, 62, 54
L  -460.9201, -1146.1976, 0.0000, -432.8550, -1146.1976, 0.0000, 72, 62, 54
L  -429.2308, -1146.1976, 0.0000, -418.9247, -1146.1976, 0.0000, 72, 62, 54
L  -415.2622, -1146.1976, 0.0000, -401.8493, -1146.1976, 0.0000, 72, 62, 54
L  -398.7065, -1146.1976, 0.0000, -375.1607, -1146.1976, 0.0000, 72, 62, 54
L  -370.7795, -1146.1976, 0.0000, -350.6761, -1146.1976, 0.0000, 72, 62, 54
L  -347.5576, -1146.1976, 0.0000, -333.0674, -1146.1976, 0.0000, 72, 62, 54
L  -330.7236, -1146.1976, 0.0000, -307.8057, -1146.1976, 0.0000, 72, 62, 54
L  -305.4845, -1146.1976, 0.0000, -277.4441, -1146.1976, 0.0000, 72, 62, 54
L  -273.6465, -1146.1976, 0.0000, -252.8028, -1146.1976, 0.0000, 72, 62, 54
L  -248.2681, -1146.1976, 0.0000, -219.7610, -1146.1976, 0.0000, 72, 62, 54
L  -217.7435, -1146.1976, 0.0000, -195.2990, -1146.1976, 0.0000, 72, 62, 54
L  -193.2159, -1146.1976, 0.0000, -183.2021, -1146.1976, 0.0000, 72, 62, 54
L  -181.2780, -1146.1976, 0.0000, -163.8429, -1146.1976, 0.0000, 72, 62, 54
L  -159.5263, -1146.1976, 0.0000, -146.6132, -1146.1976, 0.0000, 72, 62, 54
L  -143.3074, -1146.1976, 0.0000, -128.0165, -1146.1976, 0.0000, 72, 62, 54
L  -125.1561, -1146.1976, 0.0000, -109.6885, -1146.1976, 0.0000, 72, 62, 54
L  -106.9338, -1146.1976, 0.0000, -85.0092, -1146.1976, 0.0000, 72, 62, 54
L  -80.4795, -1146.1976, 0.0000, -63.1574, -1146.1976, 0.0000, 72, 62, 54
L  -59.5919, -1146.1976, 0.0000, -44.2365, -1146.1976, 0.0000, 72, 62, 54
L  -40.9643, -1146.1976, 0.0000, -10.7778, -1146.1976, 0.0000, 72, 62, 54
L  -7.2816, -1146.1976, 0.0000, 17.4156, -1146.1976, 0.0000, 72, 62, 54
L  19.7049, -1146.1976, 0.0000, 39.3790, -1146.1976, 0.0000, 72, 62, 54
L  44.2674, -1146.1976, 0.0000, 57.6271, -1146.1976, 0.0000, 72, 62, 54
L  59.9840, -1146.1976, 0.0000, 73.1819, -1146.1976, 0.0000, 72, 62, 54
L  77.3702, -1146.1976, 0.0000, 95.8261, -1146.1976, 0.0000, 72, 62, 54
L  100.3840, -1146.1976, 0.0000, 108.8719, -1146.1976, 0.0000, 72, 62, 54
L  113.5694, -1146.1976, 0.0000, 127.6687, -1146.1976, 0.0000, 72, 62, 54
L  130.6206, -1146.1976, 0.0000, 159.5894, -1146.1976, 0.0000, 72, 62, 54
L  163.8987, -1146.1976, 0.0000, 190.1455, -1146.1976, 0.0000, 72, 62, 54
L  192.5481, -1146.1976, 0.0000, 200.8645, -1146.1976, 0.0000, 72, 62, 54
L  203.0471, -1146.1976, 0.0000, 231.8716, -1146.1976, 0.0000, 72, 62, 54
L  236.0734, -1146.1976, 0.0000, 254.0116, -1146.1976, 0.0000, 72, 62, 54
L  257.2368, -1146.1976, 0.0000, 282.4544, -1146.1976, 0.0000, 72, 62, 54
L  286.7683, -1146.1976, 0.0000, 305.9875, -1146.1976, 0.0000, 72, 62, 54
L  310.1791, -1146.1976, 0.0000, 335.7070, -1146.1976, 0.0000, 72, 62, 54
L  337.5372, -1146.1976, 0.0000, 350.9171, -1146.1976, 0.0000, 72, 62, 54
L  352.9502, -1146.1976, 0.0000, 377.9431, -1146.1976, 0.0000, 72, 62, 54
L  379.8583, -1146.1976, 0.0000, 393.6426, -1146.1976, 0.0000, 72, 62, 54
L  398.3399, -1146.1976, 0.0000, 412.3468, -1146.1976, 0.0000, 72, 62, 54
L  414.1956, -1146.1976, 0.0000, 427.9644, -1146.1976, 0.0000, 72, 62, 54
L  430.7159, -1146.1976, 0.0000, 444.1438, -1146.1976, 0.0000, 72, 62, 54
L  446.0426, -1146.1976, 0.0000, 473.0337, -1146.1976, 0.0000, 72, 62, 54
L  -460.5582, -1140.6483, 0.0000, -451.4371, -1140.6483, 0.0000, 72, 62, 54
L  -449.6202, -1140.6483, 0.0000, -430.0550, -1140.6483, 0.0000, 72, 62, 54
L  -428.1253, -1140.6483, 0.0000, -412.1567, -1140.6483, 0.0000, 72, 62, 54
L  -409.0249, -1140.6483, 0.0000, -396.1575, -1140.6483, 0.0000, 72, 62, 54
L  -391.6148, -1140.6483, 0.0000, -371.0602, -1140.6483, 0.0000, 72, 62, 54
L  -367.1939, -1140.6483, 0.0000, -344.8591, -1140.6483, 0.0000, 72, 62, 54
L  -342.3162, -1140.6483, 0.0000, -312.1634, -1140.6483, 0.0000, 72, 62, 54
L  -309.1820, -1140.6483, 0.0000, -285.8419, -1140.6483, 0.0000, 72, 62, 54
L  -281.8825, -1140.6483, 0.0000, -263.0488, -1140.6483, 0.0000, 72, 62, 54
L  -261.2310, -1140.6483, 0.0000, -233.4306, -1140.6483, 0.0000, 72, 62, 54
L  -231.2666, -1140.6483, 0.0000, -203.4027, -1140.6483, 0.0000, 72, 62, 54
L  -201.2329, -1140.6483, 0.0000, -171.2245, -1140.6483, 0.0000, 72, 62, 54
L  -169.0159, -1140.6483, 0.0000, -160.6375, -1140.6483, 0.0000, 72, 62, 54
L  -157.7726, -1140.6483, 0.0000, -130.1014, -1140.6483, 0.0000, 72, 62, 54
L  -126.7507, -1140.6483, 0.0000, -109.5858, -1140.6483, 0.0000, 72, 62, 54
L  -106.8921, -1140.6483, 0.0000, -95.2004, -1140.6483, 0.0000, 72, 62, 54
L  -93.5265, -1140.6483, 0.0000, -75.7153, -1140.6483, 0.0000, 72, 62, 54
L  -73.6915, -1140.6483, 0.0000, -50.2348, -1140.6483, 0.0000, 72, 62, 54
L  -47.3756, -1140.6483, 0.0000, -27.0864, -1140.6483, 0.0000, 72, 62, 54
L  -22.8078, -1140.6483, 0.0000, 4.3964, -1140.6483, 0.0000, 72, 62, 54
L  7.5165, -1140.6483, 0.0000, 37.2481, -1140.6483, 0.0000, 72, 62, 54
L  41.7223, -1140.6483, 0.0000, 60.9956, -1140.6483, 0.0000, 72, 62, 54
L  62.7826, -1140.6483, 0.0000, 93.2180, -1140.6483, 0.0000, 72, 62, 54
L  97.8324, -1140.6483, 0.0000, 118.1683, -1140.6483, 0.0000, 72, 62, 54
L  120.3839, -1140.6483, 0.0000, 143.3189, -1140.6483, 0.0000, 72, 62, 54
L  147.5223, -1140.6483, 0.0000, 168.5715, -1140.6483, 0.0000, 72, 62, 54
L  171.9261, -1140.6483, 0.0000, 194.8053, -1140.6483, 0.0000, 72, 62, 54
L  198.7559, -1140.6483, 0.0000, 221.8978, -1140.6483, 0.0000, 72, 62, 54
L  225.4445, -1140.6483, 0.0000, 243.2511, -1140.6483, 0.0000, 72, 62, 54
L  246.8239, -1140.6483, 0.0000, 260.9666, -1140.6483, 0.0000, 72, 62, 54
L  263.2965, -1140.6483, 0.0000, 287.2147, -1140.6483, 0.0000, 72, 62, 54
L  289.3536, -1140.6483, 0.0000, 316.0563, -1140.6483, 0.0000, 72, 62, 54
L  318.2664, -1140.6483, 0.0000, 335.3390, -1140.6483, 0.0000, 72, 62, 54
L  339.5642, -1140.6483, 0.0000, 351.2178, -1140.6483, 0.0000, 72, 62, 54
L  354.3475, -1140.6483, 0.0000, 376.2874, -1140.6483, 0.0000, 72, 62, 54
L  381.0519, -1140.6483, 0.0000, 400.1500, -1140.6483, 0.0000, 72, 62, 54
L  404.6049, -1140.6483, 0.0000, 420.7826, -1140.6483, 0.0000, 72, 62, 54
L  423.7234, -1140.6483, 0.0000, 433.3737, -1140.6483, 0.0000, 72, 62, 54
L  436.1936, -1140.6483, 0.0000, 465.7478, -1140.6483, 0.0000, 72, 62, 54
L  -463.7970, -1135.0988, 0.0000, -444.6503, -1135.0988, 0.0000, 72, 62, 54
L  -440.9193, -1135.0988, 0.0000, -427.4393, -1135.0988, 0.0000, 72, 62, 54
L  -424.1447, -1135.0988, 0.0000, -396.6707, -1135.0988, 0.0000, 72, 62, 54
L  -393.0225, -1135.0988, 0.0000, -366.2763, -1135.0988, 0.0000, 72, 62, 54
L  -362.5777, -1135.0988, 0.0000, -339.3596, -1135.0988, 0.0000, 72, 62, 54
L  -336.8248, -1135.0988, 0.0000, -323.4898, -1135.0988, 0.0000, 72, 62, 54
L  -318.7760, -1135.0988, 0.0000, -291.4204, -1135.0988, 0.0000, 72, 62, 54
L  -286.5582, -1135.0988, 0.0000, -263.8859, -1135.0988, 0.0000, 72, 62, 54
L  -259.3787, -1135.0988, 0.0000, -231.9289, -1135.0988, 0.0000, 72, 62, 54
L  -228.8900, -1135.0988, 0.0000, -198.8691, -1135.0988, 0.0000, 72, 62, 54
L  -194.9603, -1135.0988, 0.0000, -183.1876, -1135.0988, 0.0000, 72, 62, 54
L  -180.3776, -1135.0988, 0.0000, -166.7265, -1135.0988, 0.0000, 72, 62, 54
L  -164.3713, -1135.0988, 0.0000, -139.1538, -1135.0988, 0.0000, 72, 62, 54
L  -136.8581, -1135.0988, 0.0000, -111.7432, -1135.0988, 0.0000, 72, 62, 54
L  -108.6345, -1135.0988, 0.0000, -89.4788, -1135.0988, 0.0000, 72, 62, 54
L  -86.9799, -1135.0988, 0.0000, -60.4756, -1135.0988, 0.0000, 72, 62, 54
L  -58.5560, -1135.0988, 0.0000, -42.5129, -1135.0988, 0.0000, 72, 62, 54
L  -37.6902, -1135.0988, 0.0000, -20.5080, -1135.0988, 0.0000, 72, 62, 54
L  -17.1894, -1135.0988, 0.0000, 8.3743, -1135.0988, 0.0000, 72, 62, 54
L  10.8065, -1135.0988, 0.0000, 25.7398, -1135.0988, 0.0000, 72, 62, 54
L  29.3899, -1135.0988, 0.0000, 42.2357, -1135.0988, 0.0000, 72, 62, 54
L  46.6200, -1135.0988, 0.0000, 75.4833, -1135.0988, 0.0000, 72, 62, 54
L  79.3058, -1135.0988, 0.0000, 88.4262, -1135.0988, 0.0000, 72, 62, 54
L  91.7365, -1135.0988, 0.0000, 117.3675, -1135.0988, 0.0000, 72, 62, 54
L  119.3414, -1135.0988, 0.0000, 136.6892, -1135.0988, 0.0000, 72, 62, 54
L  141.2440, -1135.0988, 0.0000, 151.0982, -1135.0988, 0.0000, 72, 62, 54
L  155.6477, -1135.0988, 0.0000, 172.6044, -1135.0988, 0.0000, 72, 62, 54
L  175.2428, -1135.0988, 0.0000, 195.1555, -1135.0988, 0.0000, 72, 62, 54
L  197.3067, -1135.0988, 0.0000, 225.9027, -1135.0988, 0.0000, 72, 62, 54
L  230.3496, -1135.0988, 0.0000, 251.0038, -1135.0988, 0.0000, 72, 62, 54
L  253.0941, -1135.0988, 0.0000, 261.8734, -1135.0988, 0.0000, 72, 62, 54
L  265.7422, -1135.0988, 0.0000, 295.9777, -1135.0988, 0.0000, 72, 62, 54
L  298.6294, -1135.0988, 0.0000, 309.9390, -1135.0988, 0.0000, 72, 62, 54
L  313.5123, -1135.0988, 0.0000, 343.8611, -1135.0988, 0.0000, 72, 62, 54
L  346.6606, -1135.0988, 0.0000, 375.5153, -1135.0988, 0.0000, 72, 62, 54
L  379.5448, -1135.0988, 0.0000, 401.8550, -1135.0988, 0.0000, 72, 62, 54
L  404.0504, -1135.0988, 0.0000, 421.1750, -1135.0988, 0.0000, 72, 62, 54
L  423.2614, -1135.0988, 0.0000, 438.9938, -1135.0988, 0.0000, 72, 62, 54
L  443.4377, -1135.0988, 0.0000, 473.0452, -1135.0988, 0.0000, 72, 62, 54
L  -478.9818, -1129.5494, 0.0000, -454.4458, -1129.5494, 0.0000, 72, 62, 54
L  -413.9058, -1129.5494, 0.0000, -396.9039, -1129.5494, 0.0000, 72, 62, 54
L  -392.6486, -1129.5494, 0.0000, -377.3697, -1129.5494, 0.0000, 72, 62, 54
L  -375.6402, -1129.5494, 0.0000, -352.8246, -1129.5494, 0.0000, 72, 62, 54
L  -348.2513, -1129.5494, 0.0000, -319.6806, -1129.5494, 0.0000, 72, 62, 54
L  -316.8873, -1129.5494, 0.0000, -307.0751, -1129.5494, 0.0000, 72, 62, 54
L  -304.1262, -1129.5494, 0.0000, -285.4389, -1129.5494, 0.0000, 72, 62, 54
L  -281.0363, -1129.5494, 0.0000, -268.7695, -1129.5494, 0.0000, 72, 62, 54
L  -265.7287, -1129.5494, 0.0000, -254.2633, -1129.5494, 0.0000, 72, 62, 54
L  -250.7474, -1129.5494, 0.0000, -232.1569, -1129.5494, 0.0000, 72, 62, 54
L  -229.2321, -1129.5494, 0.0000, -216.3256, -1129.5494, 0.0000, 72, 62, 54
L  -212.3960, -1129.5494, 0.0000, -190.7170, -1129.5494, 0.0000, 72, 62, 54
L  -187.1725, -1129.5494, 0.0000, -159.1415, -1129.5494, 0.0000, 72, 62, 54
L  -156.2085, -1129.5494, 0.0000, -140.7804, -1129.5494, 0.0000, 72, 62, 54
L  -138.7392, -1129.5494, 0.0000, -121.3989, -1129.5494, 0.0000, 72, 62, 54
L  -116.6122, -1129.5494, 0.0000, -105.7766, -1129.5494, 0.0000, 72, 62, 54
L  -103.5882, -1129.5494, 0.0000, -95.3068, -1129.5494, 0.0000, 72, 62, 54
L  -93.1857, -1129.5494, 0.0000, -69.5740, -1129.5494, 0.0000, 72, 62, 54
L  -67.3293, -1129.5494, 0.0000, -58.8507, -1129.5494, 0.0000, 72, 62, 54
L  -56.3940, -1129.5494, 0.0000, -37.7037, -1129.5494, 0.0000, 72, 62, 54
L  -35.4198, -1129.5494, 0.0000, -18.5919, -1129.5494, 0.0000, 72, 62, 54
L  -16.5773, -1129.5494, 0.0000, 13.1116, -1129.5494, 0.0000, 72, 62, 54
L  14.9668, -1129.5494, 0.0000, 24.0662, -1129.5494, 0.0000, 72, 62, 54
L  26.8498, -1129.5494, 0.0000, 45.0255, -1129.5494, 0.0000, 72, 62, 54
L  49.0537, -1129.5494, 0.0000, 64.5331, -1129.5494, 0.0000, 72, 62, 54
L  66.7354, -1129.5494, 0.0000, 93.9292, -1129.5494, 0.0000, 72, 62, 54
L  95.8975, -1129.5494, 0.0000, 126.4631, -1129.5494, 0.0000, 72, 62, 54
L  129.0029, -1129.5494, 0.0000, 159.5005, -1129.5494, 0.0000, 72, 62, 54
L  163.5227, -1129.5494, 0.0000, 187.1783, -1129.5494, 0.0000, 72, 62, 54
L  191.8059, -1129.5494, 0.0000, 213.2906, -1129.5494, 0.0000, 72, 62, 54
L  215.0159, -1129.5494, 0.0000, 242.2761, -1129.5494, 0.0000, 72, 62, 54
L  247.0800, -1129.5494, 0.0000, 264.9564, -1129.5494, 0.0000, 72, 62, 54
L  269.5106, -1129.5494, 0.0000, 297.2148, -1129.5494, 0.0000, 72, 62, 54
L  298.9986, -1129.5494, 0.0000, 328.4255, -1129.5494, 0.0000, 72, 62, 54
L  330.1291, -1129.5494, 0.0000, 351.7812, -1129.5494, 0.0000, 72, 62, 54
L  355.0197, -1129.5494, 0.0000, 372.9183, -1129.5494, 0.0000, 72, 62, 54
L  375.2431, -1129.5494, 0.0000, 393.5175, -1129.5494, 0.0000, 72, 62, 54
L  396.7480, -1129.5494, 0.0000, 414.3279, -1129.5494, 0.0000, 72, 62, 54
L  416.6515, -1129.5494, 0.0000, 434.2488, -1129.5494, 0.0000, 72, 62, 54
L  453.8148, -1129.5494, 0.0000, 469.3571, -1129.5494, 0.0000, 72, 62, 54
L  -478.4346, -1124.0001, 0.0000, -457.3124, -1124.0001, 0.0000, 72, 62, 54
L  -415.8808, -1124.0001, 0.0000, -407.6069, -1124.0001, 0.0000, 72, 62, 54
L  -404.4155, -1124.0001, 0.0000, -376.4643, -1124.0001, 0.0000, 72, 62, 54
L  -371.5902, -1124.0001, 0.0000, -351.6092, -1124.0001, 0.0000, 72, 62, 54
L  -349.8499, -1124.0001, 0.0000, -328.1733, -1124.0001, 0.0000, 72, 62, 54
L  -325.1550, -1124.0001, 0.0000, -299.6798, -1124.0001, 0.0000, 72, 62, 54
L  -295.4735, -1124.0001, 0.0000, -277.7624, -1124.0001, 0.0000, 72, 62, 54
L  -275.0961, -1124.0001, 0.0000, -253.1136, -1124.0001, 0.0000, 72, 62, 54
L  -249.1093, -1124.0001, 0.0000, -233.3451, -1124.0001, 0.0000, 72, 62, 54
L  -229.1005, -1124.0001, 0.0000, -200.0212, -1124.0001, 0.0000, 72, 62, 54
L  -198.0904, -1124.0001, 0.0000, -188.3914, -1124.0001, 0.0000, 72, 62, 54
L  -185.9757, -1124.0001, 0.0000, -170.1270, -1124.0001, 0.0000, 72, 62, 54
L  -165.2284, -1124.0001, 0.0000, -134.8039, -1124.0001, 0.0000, 72, 62, 54
L  -132.9410, -1124.0001, 0.0000, -118.9044, -1124.0001, 0.0000, 72, 62, 54
L  -116.1674, -1124.0001, 0.0000, -103.2699, -1124.0001, 0.0000, 72, 62, 54
L  -100.7880, -1124.0001, 0.0000, -72.5416, -1124.0001, 0.0000, 72, 62, 54
L  -68.0892, -1124.0001, 0.0000, -37.5023, -1124.0001, 0.0000, 72, 62, 54
L  -35.0140, -1124.0001, 0.0000, -12.7267, -1124.0001, 0.0000, 72, 62, 54
L  -8.6584, -1124.0001, 0.0000, 9.3444, -1124.0001, 0.0000, 72, 62, 54
L  11.5062, -1124.0001, 0.0000, 34.7993, -1124.0001, 0.0000, 72, 62, 54
L  39.3086, -1124.0001, 0.0000, 54.6374, -1124.0001, 0.0000, 72, 62, 54
L  58.0706, -1124.0001, 0.0000, 77.5309, -1124.0001, 0.0000, 72, 62, 54
L  79.4378, -1124.0001, 0.0000, 92.4307, -1124.0001, 0.0000, 72, 62, 54
L  96.7334, -1124.0001, 0.0000, 125.5191, -1124.0001, 0.0000, 72, 62, 54
L  129.7613, -1124.0001, 0.0000, 149.0411, -1124.0001, 0.0000, 72, 62, 54
L  151.6154, -1124.0001, 0.0000, 170.7396, -1124.0001, 0.0000, 72, 62, 54
L  173.7391, -1124.0001, 0.0000, 197.1809, -1124.0001, 0.0000, 72, 62, 54
L  201.3663, -1124.0001, 0.0000, 231.7674, -1124.0001, 0.0000, 72, 62, 54
L  234.4650, -1124.0001, 0.0000, 264.2853, -1124.0001, 0.0000, 72, 62, 54
L  267.4082, -1124.0001, 0.0000, 289.9982, -1124.0001, 0.0000, 72, 62, 54
L  293.4190, -1124.0001, 0.0000, 315.8961, -1124.0001, 0.0000, 72, 62, 54
L  319.8145, -1124.0001, 0.0000, 350.2208, -1124.0001, 0.0000, 72, 62, 54
L  354.6569, -1124.0001, 0.0000, 368.9618, -1124.0001, 0.0000, 72, 62, 54
L  373.4968, -1124.0001, 0.0000, 398.4875, -1124.0001, 0.0000, 72, 62, 54
L  401.7534, -1124.0001, 0.0000, 429.6264, -1124.0001, 0.0000, 72, 62, 54
L  433.9573, -1124.0001, 0.0000, 457.0929, -1124.0001, 0.0000, 72, 62, 54
L  -415.3687, -1118.4507, 0.0000, -385.2012, -1118.4507, 0.0000, 72, 62, 54
L  -380.3396, -1118.4507, 0.0000, -353.0126, -1118.4507, 0.0000, 72, 62, 54
L  -349.4976, -1118.4507, 0.0000, -334.2751, -1118.4507, 0.0000, 72, 62, 54
L  -330.0233, -1118.4507, 0.0000, -305.0209, -1118.4507, 0.0000, 72, 62, 54
L  -301.5641, -1118.4507, 0.0000, -289.4075, -1118.4507, 0.0000, 72, 62, 54
L  -287.0939, -1118.4507, 0.0000, -266.2971, -1118.4507, 0.0000, 72, 62, 54
L  -263.3767, -1118.4507, 0.0000, -248.3143, -1118.4507, 0.0000, 72, 62, 54
L  -246.2905, -1118.4507, 0.0000, -228.2899, -1118.4507, 0.0000, 72, 62, 54
L  -224.6911, -1118.4507, 0.0000, -198.6810, -1118.4507, 0.0000, 72, 62, 54
L  -194.9693, -1118.4507, 0.0000, -178.4451, -1118.4507, 0.0000, 72, 62, 54
L  -173.9036, -1118.4507, 0.0000, -161.0805, -1118.4507, 0.0000, 72, 62, 54
L  -159.3225, -1118.4507, 0.0000, -146.9871, -1118.4507, 0.0000, 72, 62, 54
L  -144.1591, -1118.4507, 0.0000, -116.6785, -1118.4507, 0.0000, 72, 62, 54
L  -114.5666, -1118.4507, 0.0000, -94.3150, -1118.4507, 0.0000, 72, 62, 54
L  -90.0393, -1118.4507, 0.0000, -76.4334, -1118.4507, 0.0000, 72, 62, 54
L  -73.9958, -1118.4507, 0.0000, -63.6956, -1118.4507, 0.0000, 72, 62, 54
L  -59.4943, -1118.4507, 0.0000, -50.0975, -1118.4507, 0.0000, 72, 62, 54
L  -47.7742, -1118.4507, 0.0000, -39.4347, -1118.4507, 0.0000, 72, 62, 54
L  -36.6258, -1118.4507, 0.0000, -26.6196, -1118.4507, 0.0000, 72, 62, 54
L  -23.6293, -1118.4507, 0.0000, 0.3854, -1118.4507, 0.0000, 72, 62, 54
L  2.1292, -1118.4507, 0.0000, 24.4636, -1118.4507, 0.0000, 72, 62, 54
L  29.1137, -1118.4507, 0.0000, 51.0216, -1118.4507, 0.0000, 72, 62, 54
L  53.0492, -1118.4507, 0.0000, 72.8528, -1118.4507, 0.0000, 72, 62, 54
L  77.0929, -1118.4507, 0.0000, 94.9773, -1118.4507, 0.0000, 72, 62, 54
L  98.3717, -1118.4507, 0.0000, 107.8295, -1118.4507, 0.0000, 72, 62, 54
L  111.6353, -1118.4507, 0.0000, 132.1354, -1118.4507, 0.0000, 72, 62, 54
L  136.5743, -1118.4507, 0.0000, 151.3790, -1118.4507, 0.0000, 72, 62, 54
L  154.1841, -1118.4507, 0.0000, 172.0602, -1118.4507, 0.0000, 72, 62, 54
L  176.3601, -1118.4507, 0.0000, 196.6181, -1118.4507, 0.0000, 72, 62, 54
L  200.0357, -1118.4507, 0.0000, 229.7473, -1118.4507, 0.0000, 72, 62, 54
L  233.9093, -1118.4507, 0.0000, 259.6099, -1118.4507, 0.0000, 72, 62, 54
L  263.5238, -1118.4507, 0.0000, 282.2252, -1118.4507, 0.0000, 72, 62, 54
L  287.1187, -1118.4507, 0.0000, 306.3199, -1118.4507, 0.0000, 72, 62, 54
L  311.1799, -1118.4507, 0.0000, 326.0696, -1118.4507, 0.0000, 72, 62, 54
L  330.2638, -1118.4507, 0.0000, 350.7638, -1118.4507, 0.0000, 72, 62, 54
L  354.6598, -1118.4507, 0.0000, 366.0066, -1118.4507, 0.0000, 72, 62, 54
L  368.6339, -1118.4507, 0.0000, 384.7008, -1118.4507, 0.0000, 72, 62, 54
L  386.9523, -1118.4507, 0.0000, 407.7468, -1118.4507, 0.0000, 72, 62, 54
L  409.5033, -1118.4507, 0.0000, 421.8369, -1118.4507, 0.0000, 72, 62, 54
L  426.3453, -1118.4507, 0.0000, 441.2357, -1118.4507, 0.0000, 72, 62, 54
L  -476.2761, -1112.9014, 0.0000, -459.6442, -1112.9014, 0.0000, 72, 62, 54
L  -457.3546, -1112.9014, 0.0000, -430.6087, -1112.9014, 0.0000, 72, 62, 54
L  -426.5417, -1112.9014, 0.0000, -409.0293, -1112.9014, 0.0000, 72, 62, 54
L  -407.2688, -1112.9014, 0.0000, -381.8867, -1112.9014, 0.0000, 72, 62, 54
L  -379.3441, -1112.9014, 0.0000, -349.3286, -1112.9014, 0.0000, 72, 62, 54
L  -344.9910, -1112.9014, 0.0000, -326.8048, -1112.9014, 0.0000, 72, 62, 54
L  -324.3196, -1112.9014, 0.0000, -293.8685, -1112.9014, 0.0000, 72, 62, 54
L  -289.5295, -1112.9014, 0.0000, -261.6331, -1112.9014, 0.0000, 72, 62, 54
L  -258.6400, -1112.9014, 0.0000, -232.0197, -1112.9014, 0.0000, 72, 62, 54
L  -230.3221, -1112.9014, 0.0000, -202.9495, -1112.9014, 0.0000, 72, 62, 54
L  -200.7100, -1112.9014, 0.0000, -184.5682, -1112.9014, 0.0000, 72, 62, 54
L  -180.2213, -1112.9014, 0.0000, -169.0942, -1112.9014, 0.0000, 72, 62, 54
L  -167.3309, -1112.9014, 0.0000, -144.3071, -1112.9014, 0.0000, 72, 62, 54
L  -139.4806, -1112.9014, 0.0000, -113.8729, -1112.9014, 0.0000, 72, 62, 54
L  -109.9857, -1112.9014, 0.0000, -88.4342, -1112.9014, 0.0000, 72, 62, 54
L  -85.2160, -1112.9014, 0.0000, -73.6247, -1112.9014, 0.0000, 72, 62, 54
L  -69.0456, -1112.9014, 0.0000, -51.6892, -1112.9014, 0.0000, 72, 62, 54
L  -46.9848, -1112.9014, 0.0000, -32.7384, -1112.9014, 0.0000, 72, 62, 54
L  -28.4184, -1112.9014, 0.0000, -12.6879, -1112.9014, 0.0000, 72, 62, 54
L  -8.2428, -1112.9014, 0.0000, 13.6022, -1112.9014, 0.0000, 72, 62, 54
L  16.7851, -1112.9014, 0.0000, 42.3692, -1112.9014, 0.0000, 72, 62, 54
L  44.7302, -1112.9014, 0.0000, 73.0005, -1112.9014, 0.0000, 72, 62, 54
L  77.2559, -1112.9014, 0.0000, 103.0212, -1112.9014, 0.0000, 72, 62, 54
L  106.5515, -1112.9014, 0.0000, 124.5763, -1112.9014, 0.0000, 72, 62, 54
L  128.4112, -1112.9014, 0.0000, 158.2685, -1112.9014, 0.0000, 72, 62, 54
L  160.2938, -1112.9014, 0.0000, 168.7271, -1112.9014, 0.0000, 72, 62, 54
L  172.0686, -1112.9014, 0.0000, 181.4110, -1112.9014, 0.0000, 72, 62, 54
L  184.0760, -1112.9014, 0.0000, 205.5635, -1112.9014, 0.0000, 72, 62, 54
L  210.1049, -1112.9014, 0.0000, 231.2944, -1112.9014, 0.0000, 72, 62, 54
L  235.1447, -1112.9014, 0.0000, 265.3163, -1112.9014, 0.0000, 72, 62, 54
L  269.0137, -1112.9014, 0.0000, 284.9358, -1112.9014, 0.0000, 72, 62, 54
L  289.5755, -1112.9014, 0.0000, 304.3887, -1112.9014, 0.0000, 72, 62, 54
L  307.2672, -1112.9014, 0.0000, 334.2886, -1112.9014, 0.0000, 72, 62, 54
L  337.2311, -1112.9014, 0.0000, 347.7477, -1112.9014, 0.0000, 72, 62, 54
L  352.1338, -1112.9014, 0.0000, 364.2247, -1112.9014, 0.0000, 72, 62, 54
L  366.9695, -1112.9014, 0.0000, 393.0025, -1112.9014, 0.0000, 72, 62, 54
L  396.3638, -1112.9014, 0.0000, 418.9754, -1112.9014, 0.0000, 72, 62, 54
L  422.0355, -1112.9014, 0.0000, 435.4662, -1112.9014, 0.0000, 72, 62, 54
L  -474.2936, -1107.3519, 0.0000, -455.5472, -1107.3519, 0.0000, 72, 62, 54
L  -428.1156, -1107.3519, 0.0000, -398.8866, -1107.3519, 0.0000, 72, 62, 54
L  -395.3572, -1107.3519, 0.0000, -378.0077, -1107.3519, 0.0000, 72, 62, 54
L  -375.6997, -1107.3519, 0.0000, -366.9609, -1107.3519, 0.0000, 72, 62, 54
L  -364.7321, -1107.3519, 0.0000, -341.1266, -1107.3519, 0.0000, 72, 62, 54
L  -337.0253, -1107.3519, 0.0000, -315.3283, -1107.3519, 0.0000, 72, 62, 54
L  -313.4983, -1107.3519, 0.0000, -294.6100, -1107.3519, 0.0000, 72, 62, 54
L  -291.9863, -1107.3519, 0.0000, -279.3139, -1107.3519, 0.0000, 72, 62, 54
L  -275.3882, -1107.3519, 0.0000, -263.2904, -1107.3519, 0.0000, 72, 62, 54
L  -260.8641, -1107.3519, 0.0000, -250.8535, -1107.3519, 0.0000, 72, 62, 54
L  -248.1370, -1107.3519, 0.0000, -228.0946, -1107.3519, 0.0000, 72, 62, 54
L  -224.4754, -1107.3519, 0.0000, -203.8484, -1107.3519, 0.0000, 72, 62, 54
L  -200.4304, -1107.3519, 0.0000, -185.7292, -1107.3519, 0.0000, 72, 62, 54
L  -181.4077, -1107.3519, 0.0000, -171.2752, -1107.3519, 0.0000, 72, 62, 54
L  -169.4248, -1107.3519, 0.0000, -159.4339, -1107.3519, 0.0000, 72, 62, 54
L  -155.6129, -1107.3519, 0.0000, -133.6388, -1107.3519, 0.0000, 72, 62, 54
L  -130.8959, -1107.3519, 0.0000, -117.2430, -1107.3519, 0.0000, 72, 62, 54
L  -114.3359, -1107.3519, 0.0000, -90.3548, -1107.3519, 0.0000, 72, 62, 54
L  -86.1899, -1107.3519, 0.0000, -56.1137, -1107.3519, 0.0000, 72, 62, 54
L  -52.6445, -1107.3519, 0.0000, -42.3872, -1107.3519, 0.0000, 72, 62, 54
L  -40.6499, -1107.3519, 0.0000, -30.9344, -1107.3519, 0.0000, 72, 62, 54
L  -27.8641, -1107.3519, 0.0000, -11.8572, -1107.3519, 0.0000, 72, 62, 54
L  -7.6825, -1107.3519, 0.0000, 14.5524, -1107.3519, 0.0000, 72, 62, 54
L  17.8306, -1107.3519, 0.0000, 35.2885, -1107.3519, 0.0000, 72, 62, 54
L  37.6872, -1107.3519, 0.0000, 60.5922, -1107.3519, 0.0000, 72, 62, 54
L  63.4519, -1107.3519, 0.0000, 90.5482, -1107.3519, 0.0000, 72, 62, 54
L  92.3104, -1107.3519, 0.0000, 108.4376, -1107.3519, 0.0000, 72, 62, 54
L  112.5818, -1107.3519, 0.0000, 132.2407, -1107.3519, 0.0000, 72, 62, 54
L  134.4279, -1107.3519, 0.0000, 153.4555, -1107.3519, 0.0000, 72, 62, 54
L  157.0197, -1107.3519, 0.0000, 169.1362, -1107.3519, 0.0000, 72, 62, 54
L  171.4994, -1107.3519, 0.0000, 181.7692, -1107.3519, 0.0000, 72, 62, 54
L  186.5005, -1107.3519, 0.0000, 198.0137, -1107.3519, 0.0000, 72, 62, 54
L  201.2283, -1107.3519, 0.0000, 216.6133, -1107.3519, 0.0000, 72, 62, 54
L  220.6206, -1107.3519, 0.0000, 247.1394, -1107.3519, 0.0000, 72, 62, 54
L  249.7328, -1107.3519, 0.0000, 276.1259, -1107.3519, 0.0000, 72, 62, 54
L  278.7838, -1107.3519, 0.0000, 294.1373, -1107.3519, 0.0000, 72, 62, 54
L  297.6891, -1107.3519, 0.0000, 311.7336, -1107.3519, 0.0000, 72, 62, 54
L  313.5367, -1107.3519, 0.0000, 341.9809, -1107.3519, 0.0000, 72, 62, 54
L  344.3591, -1107.3519, 0.0000, 362.7518, -1107.3519, 0.0000, 72, 62, 54
L  365.3380, -1107.3519, 0.0000, 390.3898, -1107.3519, 0.0000, 72, 62, 54
L  392.0825, -1107.3519, 0.0000, 418.0534, -1107.3519, 0.0000, 72, 62, 54
L  421.5093, -1107.3519, 0.0000, 431.8297, -1107.3519, 0.0000, 72, 62, 54
L  -463.5554, -1101.8026, 0.0000, -448.9809, -1101.8026, 0.0000, 72, 62, 54
L  -447.0353, -1101.8026, 0.0000, -426.3583, -1101.8026, 0.0000, 72, 62, 54
L  -424.5602, -1101.8026, 0.0000, -406.3302, -1101.8026, 0.0000, 72, 62, 54
L  -401.8354, -1101.8026, 0.0000, -374.3853, -1101.8026, 0.0000, 72, 62, 54
L  -370.6171, -1101.8026, 0.0000, -344.8669, -1101.8026, 0.0000, 72, 62, 54
L  -340.7495, -1101.8026, 0.0000, -329.9862, -1101.8026, 0.0000, 72, 62, 54
L  -326.9064, -1101.8026, 0.0000, -302.5507, -1101.8026, 0.0000, 72, 62, 54
L  -298.1899, -1101.8026, 0.0000, -271.2926, -1101.8026, 0.0000, 72, 62, 54
L  -266.6902, -1101.8026, 0.0000, -242.5551, -1101.8026, 0.0000, 72, 62, 54
L  -238.7737, -1101.8026, 0.0000, -226.4849, -1101.8026, 0.0000, 72, 62, 54
L  -223.2252, -1101.8026, 0.0000, -193.6517, -1101.8026, 0.0000, 72, 62, 54
L  -190.1210, -1101.8026, 0.0000, -167.1856, -1101.8026, 0.0000, 72, 62, 54
L  -165.2679, -1101.8026, 0.0000, -147.3302, -1101.8026, 0.0000, 72, 62, 54
L  -144.0054, -1101.8026, 0.0000, -122.4309, -1101.8026, 0.0000, 72, 62, 54
L  -118.3727, -1101.8026, 0.0000, -94.0937, -1101.8026, 0.0000, 72, 62, 54
L  -92.1835, -1101.8026, 0.0000, -69.5097, -1101.8026, 0.0000, 72, 62, 54
L  -64.8577, -1101.8026, 0.0000, -52.7774, -1101.8026, 0.0000, 72, 62, 54
L  -51.1180, -1101.8026, 0.0000, -23.0339, -1101.8026, 0.0000, 72, 62, 54
L  -18.5807, -1101.8026, 0.0000, 6.6111, -1101.8026, 0.0000, 72, 62, 54
L  8.6301, -1101.8026, 0.0000, 17.2408, -1101.8026, 0.0000, 72, 62, 54
L  20.7045, -1101.8026, 0.0000, 40.1574, -1101.8026, 0.0000, 72, 62, 54
L  43.4088, -1101.8026, 0.0000, 54.8156, -1101.8026, 0.0000, 72, 62, 54
L  59.4519, -1101.8026, 0.0000, 80.0412, -1101.8026, 0.0000, 72, 62, 54
L  82.4468, -1101.8026, 0.0000, 107.5229, -1101.8026, 0.0000, 72, 62, 54
L  109.1675, -1101.8026, 0.0000, 126.5085, -1101.8026, 0.0000, 72, 62, 54
L  128.7887, -1101.8026, 0.0000, 144.8537, -1101.8026, 0.0000, 72, 62, 54
L  146.5656, -1101.8026, 0.0000, 158.4181, -1101.8026, 0.0000, 72, 62, 54
L  160.5358, -1101.8026, 0.0000, 179.5962, -1101.8026, 0.0000, 72, 62, 54
L  181.8840, -1101.8026, 0.0000, 197.0209, -1101.8026, 0.0000, 72, 62, 54
L  199.9789, -1101.8026, 0.0000, 214.9424, -1101.8026, 0.0000, 72, 62, 54
L  218.2827, -1101.8026, 0.0000, 227.6791, -1101.8026, 0.0000, 72, 62, 54
L  231.2050, -1101.8026, 0.0000, 260.5032, -1101.8026, 0.0000, 72, 62, 54
L  263.6397, -1101.8026, 0.0000, 293.6214, -1101.8026, 0.0000, 72, 62, 54
L  295.5691, -1101.8026, 0.0000, 310.9083, -1101.8026, 0.0000, 72, 62, 54
L  315.7814, -1101.8026, 0.0000, 327.0201, -1101.8026, 0.0000, 72, 62, 54
L  329.5297, -1101.8026, 0.0000, 350.3807, -1101.8026, 0.0000, 72, 62, 54
L  352.7266, -1101.8026, 0.0000, 368.2850, -1101.8026, 0.0000, 72, 62, 54
L  372.2776, -1101.8026, 0.0000, 392.2835, -1101.8026, 0.0000, 72, 62, 54
L  394.0447, -1101.8026, 0.0000, 419.2586, -1101.8026, 0.0000, 72, 62, 54
L  -477.0245, -1096.2532, 0.0000, -460.2134, -1096.2532, 0.0000, 72, 62, 54
L  -419.6962, -1096.2532, 0.0000, -400.0062, -1096.2532, 0.0000, 72, 62, 54
L  -395.3480, -1096.2532, 0.0000, -374.3282, -1096.2532, 0.0000, 72, 62, 54
L  350.9892, -1096.2532, 0.0000, 370.7876, -1096.2532, 0.0000, 72, 62, 54
L  373.4192, -1096.2532, 0.0000, 383.8527, -1096.2532, 0.0000, 72, 62, 54
L  387.8723, -1096.2532, 0.0000, 403.2172, -1096.2532, 0.0000, 72, 62, 54
L  408.0545, -1096.2532, 0.0000, 421.6106, -1096.2532, 0.0000, 72, 62, 54
L  432.7278, -1090.7038, 0.0000, 453.2224, -1090.7038, 0.0000, 72, 62, 54
L  -429.5087, -1085.1543, 0.0000, -404.3677, -1085.1543, 0.0000, 72, 62, 54
L  439.9853, -1085.1543, 0.0000, 468.6149, -1085.1543, 0.0000, 72, 62, 54
L  -464.7827, -1079.6051, 0.0000, -446.2893, -1079.6051, 0.0000, 72, 62, 54
L  423.6895, -1079.6051, 0.0000, 452.9194, -1079.6051, 0.0000, 72, 62, 54
L  -444.4455, -1074.0557, 0.0000, -425.8647, -1074.0557, 0.0000, 72, 62, 54
L  -422.4760, -1074.0557, 0.0000, -396.9449, -1074.0557, 0.0000, 72, 62, 54
L  452.8756, -1074.0557, 0.0000, 465.9177, -1074.0557, 0.0000, 72, 62, 54
L  -468.5972, -1068.5063, 0.0000, -459.5757, -1068.5063, 0.0000, 72, 62, 54
L  -455.6205, -1068.5063, 0.0000, -443.8883, -1068.5063, 0.0000, 72, 62, 54
L  -431.4584, -1062.9569, 0.0000, -402.9380, -1062.9569, 0.0000, 72, 62, 54
L  466.0537, -1062.9569, 0.0000, 478.9947, -1062.9569, 0.0000, 72, 62, 54
L  -462.6746, -1057.4076, 0.0000, -432.7041, -1057.4076, 0.0000, 72, 62, 54
L  -429.4610, -1057.4076, 0.0000, -401.8854, -1057.4076, 0.0000, 72, 62, 54
L  436.8759, -1057.4076, 0.0000, 452.7006, -1057.4076, 0.0000, 72, 62, 54
L  457.4247, -1057.4076, 0.0000, 481.3995, -1057.4076, 0.0000, 72, 62, 54
L  -446.6899, -1046.3088, 0.0000, -427.7286, -1046.3088, 0.0000, 72, 62, 54
L  -424.8492, -1046.3088, 0.0000, -411.3825, -1046.3088, 0.0000, 72, 62, 54
L  -466.0673, -1040.7593, 0.0000, -449.7213, -1040.7593, 0.0000, 72, 62, 54
L  -446.6202, -1040.7593, 0.0000, -426.2888, -1040.7593, 0.0000, 72, 62, 54
L  -423.6823, -1040.7593, 0.0000, -406.9104, -1040.7593, 0.0000, 72, 62, 54
L  -480.8382, -1035.2101, 0.0000, -463.5681, -1035.2101, 0.0000, 72, 62, 54
L  437.3399, -1035.2101, 0.0000, 450.5736, -1035.2101, 0.0000, 72, 62, 54
L  -477.9938, -1029.6607, 0.0000, -447.3771, -1029.6607, 0.0000, 72, 62, 54
L  -432.0049, -1029.6607, 0.0000, -416.4413, -1029.6607, 0.0000, 72, 62, 54
L  431.1225, -1029.6607, 0.0000, 457.4893, -1029.6607, 0.0000, 72, 62, 54
L  460.3835, -1029.6607, 0.0000, 477.5733, -1029.6607, 0.0000, 72, 62, 54
L  -466.6442, -1024.1113, 0.0000, -447.8667, -1024.1113, 0.0000, 72, 62, 54
L  -425.6660, -1024.1113, 0.0000, -406.6091, -1024.1113, 0.0000, 72, 62, 54
L  -467.4487, -1018.5619, 0.0000, -455.6280, -1018.5619, 0.0000, 72, 62, 54
L  -451.0400, -1018.5619, 0.0000, -421.7242, -1018.5619, 0.0000, 72, 62, 54
L  -434.2589, -1013.0124, 0.0000, -404.2800, -1013.0124, 0.0000, 72, 62, 54
L  421.8929, -1013.0124, 0.0000, 434.7303, -1013.0124, 0.0000, 72, 62, 54
L  436.6057, -1013.0124, 0.0000, 462.0434, -1013.0124, 0.0000, 72, 62, 54
L  -467.3769, -1007.4632, 0.0000, -451.7933, -1007.4632, 0.0000, 72, 62, 54
L  -448.0772, -1007.4632, 0.0000, -422.1206, -1007.4632, 0.0000, 72, 62, 54
L  448.2184, -1007.4632, 0.0000, 457.3913, -1007.4632, 0.0000, 72, 62, 54
L  459.2179, -1007.4632, 0.0000, 481.1083, -1007.4632, 0.0000, 72, 62, 54
L  466.8470, -1001.9138, 0.0000, 484.8273, -1001.9138, 0.0000, 72, 62, 54
L  -456.9869, -996.3643, 0.0000, -429.6936, -996.3643, 0.0000, 72, 62, 54
L  -426.7467, -996.3643, 0.0000, -415.6972, -996.3643, 0.0000, 72, 62, 54
L  -470.3401, -990.8150, 0.0000, -454.5372, -990.8150, 0.0000, 72, 62, 54
L  -452.8257, -990.8150, 0.0000, -433.4721, -990.8150, 0.0000, 72, 62, 54
L  -428.7144, -990.8150, 0.0000, -400.7798, -990.8150, 0.0000, 72, 62, 54
L  426.9011, -985.2656, 0.0000, 451.1004, -985.2656, 0.0000, 72, 62, 54
L  454.3063, -985.2656, 0.0000, 470.0996, -985.2656, 0.0000, 72, 62, 54
L  -427.4640, -979.7163, 0.0000, -413.3220, -979.7163, 0.0000, 72, 62, 54
L  453.2565, -979.7163, 0.0000, 468.6682, -979.7163, 0.0000, 72, 62, 54
L  -438.8139, -974.1669, 0.0000, -425.0225, -974.1669, 0.0000, 72, 62, 54
L  -423.0862, -974.1669, 0.0000, -402.0017, -974.1669, 0.0000, 72, 62, 54
L  435.3868, -974.1669, 0.0000, 464.5861, -974.1669, 0.0000, 72, 62, 54
L  469.4443, -974.1669, 0.0000, 484.9125, -974.1669, 0.0000, 72, 62, 54
L  -468.4097, -968.6174, 0.0000, -441.4932, -968.6174, 0.0000, 72, 62, 54
L  -438.9275, -968.6174, 0.0000, -411.6344, -968.6174, 0.0000, 72, 62, 54
L  -463.7098, -963.0682, 0.0000, -438.2052, -963.0682, 0.0000, 72, 62, 54
L  -433.6979, -963.0682, 0.0000, -405.3193, -963.0682, 0.0000, 72, 62, 54
L  -440.2293, -951.9693, 0.0000, -416.7611, -951.9693, 0.0000, 72, 62, 54
L  449.5817, -951.9693, 0.0000, 476.6052, -951.9693, 0.0000, 72, 62, 54
L  -469.1728, -946.4200, 0.0000, -460.4014, -946.4200, 0.0000, 72, 62, 54
L  427.9970, -946.4200, 0.0000, 453.6033, -946.4200, 0.0000, 72, 62, 54
L  456.3272, -946.4200, 0.0000, 469.2164, -946.4200, 0.0000, 72, 62, 54
L  -479.6004, -940.8706, 0.0000, -462.3733, -940.8706, 0.0000, 72, 62, 54
L  -458.6322, -940.8706, 0.0000, -435.7836, -940.8706, 0.0000, 72, 62, 54
L  -433.3908, -940.8706, 0.0000, -403.1814, -940.8706, 0.0000, 72, 62, 54
L  430.1461, -940.8706, 0.0000, 457.3208, -940.8706, 0.0000, 72, 62, 54
L  -477.5966, -935.3213, 0.0000, -459.5944, -935.3213, 0.0000, 72, 62, 54
L  -456.9134, -935.3213, 0.0000, -433.7205, -935.3213, 0.0000, 72, 62, 54
L  -431.5030, -935.3213, 0.0000, -421.9427, -935.3213, 0.0000, 72, 62, 54
L  451.5144, -935.3213, 0.0000, 479.0341, -935.3213, 0.0000, 72, 62, 54
L  -471.3894, -929.7718, 0.0000, -442.9984, -929.7718, 0.0000, 72, 62, 54
L  -440.8589, -929.7718, 0.0000, -418.8175, -929.7718, 0.0000, 72, 62, 54
L  450.3355, -929.7718, 0.0000, 466.5581, -929.7718, 0.0000, 72, 62, 54
L  -428.4796, -924.2224, 0.0000, -414.6842, -924.2224, 0.0000, 72, 62, 54
L  462.2953, -924.2224, 0.0000, 479.2100, -924.2224, 0.0000, 72, 62, 54
L  -423.3462, -918.6732, 0.0000, -396.8834, -918.6732, 0.0000, 72, 62, 54
L  456.7282, -918.6732, 0.0000, 476.0646, -918.6732, 0.0000, 72, 62, 54
L  -478.0662, -913.1237, 0.0000, -462.3745, -913.1237, 0.0000, 72, 62, 54
L  -460.4893, -913.1237, 0.0000, -432.9020, -913.1237, 0.0000, 72, 62, 54
L  -428.0460, -913.1237, 0.0000, -404.6043, -913.1237, 0.0000, 72, 62, 54
L  456.6977, -913.1237, 0.0000, 465.8045, -913.1237, 0.0000, 72, 62, 54
L  -463.8538, -907.5743, 0.0000, -433.4823, -907.5743, 0.0000, 72, 62, 54
L  -430.5789, -907.5743, 0.0000, -405.2627, -907.5743, 0.0000, 72, 62, 54
L  470.6038, -907.5743, 0.0000, 484.5345, -907.5743, 0.0000, 72, 62, 54
L  -433.4098, -902.0249, 0.0000, -417.5840, -902.0249, 0.0000, 72, 62, 54
L  460.8179, -902.0249, 0.0000, 479.4487, -902.0249, 0.0000, 72, 62, 54
L  -422.2921, -896.4756, 0.0000, -400.1208, -896.4756, 0.0000, 72, 62, 54
L  430.9084, -896.4756, 0.0000, 456.8265, -896.4756, 0.0000, 72, 62, 54
L  460.8764, -896.4756, 0.0000, 481.5443, -896.4756, 0.0000, 72, 62, 54
L  -439.5245, -890.9263, 0.0000, -410.9490, -890.9263, 0.0000, 72, 62, 54
L  428.4429, -890.9263, 0.0000, 446.9349, -890.9263, 0.0000, 72, 62, 54
L  448.6414, -890.9263, 0.0000, 460.8582, -890.9263, 0.0000, 72, 62, 54
L  463.5392, -890.9263, 0.0000, 487.3845, -890.9263, 0.0000, 72, 62, 54
L  -476.1273, -885.3768, 0.0000, -467.4689, -885.3768, 0.0000, 72, 62, 54
L  433.3683, -885.3768, 0.0000, 463.7226, -885.3768, 0.0000, 72, 62, 54
L  465.6907, -885.3768, 0.0000, 483.1780, -885.3768, 0.0000, 72, 62, 54
L  -461.8910, -879.8274, 0.0000, -438.9810, -879.8274, 0.0000, 72, 62, 54
L  -435.4494, -879.8274, 0.0000, -424.0073, -879.8274, 0.0000, 72, 62, 54
L  -480.2104, -874.2781, 0.0000, -463.2641, -874.2781, 0.0000, 72, 62, 54
L  -440.0143, -874.2781, 0.0000, -420.3954, -874.2781, 0.0000, 72, 62, 54
L  435.2862, -874.2781, 0.0000, 455.9429, -874.2781, 0.0000, 72, 62, 54
L  458.3920, -874.2781, 0.0000, 469.2743, -874.2781, 0.0000, 72, 62, 54
L  473.0254, -874.2781, 0.0000, 486.9282, -874.2781, 0.0000, 72, 62, 54
L  433.6660, -868.7287, 0.0000, 463.4386, -868.7287, 0.0000, 72, 62, 54
L  467.2451, -868.7287, 0.0000, 486.9567, -868.7287, 0.0000, 72, 62, 54
L  -459.0309, -863.1793, 0.0000, -438.7500, -863.1793, 0.0000, 72, 62, 54
L  -433.9413, -863.1793, 0.0000, -417.3000, -863.1793, 0.0000, 72, 62, 54
L  422.6218, -863.1793, 0.0000, 435.1368, -863.1793, 0.0000, 72, 62, 54
L  453.7415, -863.1793, 0.0000, 467.7373, -863.1793, 0.0000, 72, 62, 54
L  -412.6555, -857.6299, 0.0000, -385.4352, -857.6299, 0.0000, 96, 84, 74
L  -381.4529, -857.6299, 0.0000, -365.8550, -857.6299, 0.0000, 96, 84, 74
L  -362.2889, -857.6299, 0.0000, -351.4361, -857.6299, 0.0000, 122, 108, 96
L  351.5374, -857.6299, 0.0000, 359.9314, -857.6299, 0.0000, 122, 108, 96
L  362.8719, -857.6299, 0.0000, 393.4507, -857.6299, 0.0000, 122, 108, 96
L  395.1240, -857.6299, 0.0000, 423.5189, -857.6299, 0.0000, 96, 84, 74
L  448.8416, -857.6299, 0.0000, 458.9443, -857.6299, 0.0000, 72, 62, 54
L  463.2300, -857.6299, 0.0000, 475.8440, -857.6299, 0.0000, 72, 62, 54
L  -464.5646, -852.0806, 0.0000, -439.8606, -852.0806, 0.0000, 72, 62, 54
L  -435.7396, -852.0806, 0.0000, -419.0338, -852.0806, 0.0000, 72, 62, 54
L  -414.9170, -852.0806, 0.0000, -384.7037, -852.0806, 0.0000, 96, 84, 74
L  -380.0710, -852.0806, 0.0000, -351.4268, -852.0806, 0.0000, 96, 84, 74
L  346.3536, -852.0806, 0.0000, 372.4435, -852.0806, 0.0000, 122, 108, 96
L  375.0127, -852.0806, 0.0000, 404.5128, -852.0806, 0.0000, 122, 108, 96
L  408.3777, -852.0806, 0.0000, 425.3698, -852.0806, 0.0000, 96, 84, 74
L  -461.2450, -846.5312, 0.0000, -433.9900, -846.5312, 0.0000, 72, 62, 54
L  -429.3355, -846.5312, 0.0000, -410.2598, -846.5312, 0.0000, 72, 62, 54
L  -407.3735, -846.5312, 0.0000, -393.0625, -846.5312, 0.0000, 96, 84, 74
L  -390.6901, -846.5312, 0.0000, -376.0372, -846.5312, 0.0000, 96, 84, 74
L  -373.0177, -846.5312, 0.0000, -352.7196, -846.5312, 0.0000, 122, 108, 96
L  356.6095, -846.5312, 0.0000, 382.0260, -846.5312, 0.0000, 122, 108, 96
L  384.0882, -846.5312, 0.0000, 404.9410, -846.5312, 0.0000, 96, 84, 74
L  409.7856, -846.5312, 0.0000, 418.5724, -846.5312, 0.0000, 96, 84, 74
L  422.8544, -846.5312, 0.0000, 434.7090, -846.5312, 0.0000, 72, 62, 54
L  437.0024, -846.5312, 0.0000, 464.9236, -846.5312, 0.0000, 72, 62, 54
L  -481.5605, -840.9818, 0.0000, -467.3768, -840.9818, 0.0000, 72, 62, 54
L  -464.4237, -840.9818, 0.0000, -436.1266, -840.9818, 0.0000, 72, 62, 54
L  -433.9677, -840.9818, 0.0000, -414.9163, -840.9818, 0.0000, 72, 62, 54
L  -411.4765, -840.9818, 0.0000, -397.1485, -840.9818, 0.0000, 96, 84, 74
L  -392.8220, -840.9818, 0.0000, -374.6823, -840.9818, 0.0000, 96, 84, 74
L  -371.3910, -840.9818, 0.0000, -355.8412, -840.9818, 0.0000, 122, 108, 96
L  354.2549, -840.9818, 0.0000, 373.6305, -840.9818, 0.0000, 122, 108, 96
L  376.9419, -840.9818, 0.0000, 394.0005, -840.9818, 0.0000, 96, 84, 74
L  398.7837, -840.9818, 0.0000, 407.9433, -840.9818, 0.0000, 96, 84, 74
L  412.1589, -840.9818, 0.0000, 428.7884, -840.9818, 0.0000, 96, 84, 74
L  -460.5883, -835.4324, 0.0000, -432.2481, -835.4324, 0.0000, 72, 62, 54
L  -428.9849, -835.4324, 0.0000, -408.7455, -835.4324, 0.0000, 72, 62, 54
L  -406.3047, -835.4324, 0.0000, -388.2717, -835.4324, 0.0000, 96, 84, 74
L  -384.3017, -835.4324, 0.0000, -363.1432, -835.4324, 0.0000, 96, 84, 74
L  -360.1807, -835.4324, 0.0000, -350.3458, -835.4324, 0.0000, 122, 108, 96
L  354.5010, -835.4324, 0.0000, 369.0194, -835.4324, 0.0000, 122, 108, 96
L  371.7839, -835.4324, 0.0000, 380.3370, -835.4324, 0.0000, 122, 108, 96
L  382.3765, -835.4324, 0.0000, 412.9527, -835.4324, 0.0000, 96, 84, 74
L  416.1154, -835.4324, 0.0000, 435.7443, -835.4324, 0.0000, 96, 84, 74
L  437.5324, -835.4324, 0.0000, 455.9889, -835.4324, 0.0000, 72, 62, 54
L  458.2670, -835.4324, 0.0000, 471.1965, -835.4324, 0.0000, 72, 62, 54
L  -459.3234, -829.8831, 0.0000, -433.1920, -829.8831, 0.0000, 72, 62, 54
L  -431.4330, -829.8831, 0.0000, -422.0670, -829.8831, 0.0000, 72, 62, 54
L  -417.3036, -829.8831, 0.0000, -408.0949, -829.8831, 0.0000, 96, 84, 74
L  -406.4329, -829.8831, 0.0000, -390.9297, -829.8831, 0.0000, 96, 84, 74
L  -386.3778, -829.8831, 0.0000, -367.8839, -829.8831, 0.0000, 96, 84, 74
L  -365.8209, -829.8831, 0.0000, -353.7595, -829.8831, 0.0000, 122, 108, 96
L  358.2286, -829.8831, 0.0000, 375.9032, -829.8831, 0.0000, 122, 108, 96
L  380.6774, -829.8831, 0.0000, 391.8533, -829.8831, 0.0000, 96, 84, 74
L  395.2027, -829.8831, 0.0000, 423.2262, -829.8831, 0.0000, 96, 84, 74
L  -409.0959, -824.3337, 0.0000, -386.8466, -824.3337, 0.0000, 96, 84, 74
L  -382.7409, -824.3337, 0.0000, -364.3671, -824.3337, 0.0000, 96, 84, 74
L  375.9946, -824.3337, 0.0000, 388.3211, -824.3337, 0.0000, 122, 108, 96
L  391.8537, -824.3337, 0.0000, 403.9615, -824.3337, 0.0000, 96, 84, 74
L  407.7166, -824.3337, 0.0000, 424.1349, -824.3337, 0.0000, 96, 84, 74
L  428.7059, -824.3337, 0.0000, 449.1709, -824.3337, 0.0000, 72, 62, 54
L  450.9007, -824.3337, 0.0000, 462.9422, -824.3337, 0.0000, 72, 62, 54
L  464.9292, -824.3337, 0.0000, 480.2159, -824.3337, 0.0000, 72, 62, 54
L  -476.5941, -818.7842, 0.0000, -464.0961, -818.7842, 0.0000, 72, 62, 54
L  -462.3218, -818.7842, 0.0000, -450.8737, -818.7842, 0.0000, 72, 62, 54
L  -448.6776, -818.7842, 0.0000, -436.4031, -818.7842, 0.0000, 72, 62, 54
L  -434.1117, -818.7842, 0.0000, -420.2477, -818.7842, 0.0000, 72, 62, 54
L  -417.8189, -818.7842, 0.0000, -393.1804, -818.7842, 0.0000, 96, 84, 74
L  -390.0192, -818.7842, 0.0000, -378.0269, -818.7842, 0.0000, 96, 84, 74
L  -374.3516, -818.7842, 0.0000, -347.7578, -818.7842, 0.0000, 122, 108, 96
L  352.7643, -818.7842, 0.0000, 364.9791, -818.7842, 0.0000, 122, 108, 96
L  369.1173, -818.7842, 0.0000, 380.7490, -818.7842, 0.0000, 122, 108, 96
L  383.7466, -818.7842, 0.0000, 411.2862, -818.7842, 0.0000, 96, 84, 74
L  -422.7630, -813.2349, 0.0000, -403.1327, -813.2349, 0.0000, 72, 62, 54
L  -400.3871, -813.2349, 0.0000, -370.6261, -813.2349, 0.0000, 96, 84, 74
L  -368.9385, -813.2349, 0.0000, -353.2569, -813.2349, 0.0000, 122, 108, 96
L  357.1009, -813.2349, 0.0000, 382.3827, -813.2349, 0.0000, 122, 108, 96
L  386.7727, -813.2349, 0.0000, 401.6367, -813.2349, 0.0000, 96, 84, 74
L  403.8288, -813.2349, 0.0000, 427.6108, -813.2349, 0.0000, 96, 84, 74
L  431.9603, -813.2349, 0.0000, 456.1882, -813.2349, 0.0000, 72, 62, 54
L  460.0108, -813.2349, 0.0000, 477.8221, -813.2349, 0.0000, 72, 62, 54
L  -467.6661, -807.6856, 0.0000, -453.2241, -807.6856, 0.0000, 72, 62, 54
L  -449.8437, -807.6856, 0.0000, -430.0528, -807.6856, 0.0000, 72, 62, 54
L  -428.0733, -807.6856, 0.0000, -416.2398, -807.6856, 0.0000, 72, 62, 54
L  -412.4607, -807.6856, 0.0000, -382.5453, -807.6856, 0.0000, 96, 84, 74
L  -378.7344, -807.6856, 0.0000, -369.4237, -807.6856, 0.0000, 96, 84, 74
L  -366.4515, -807.6856, 0.0000, -347.4163, -807.6856, 0.0000, 122, 108, 96
L  372.7010, -807.6856, 0.0000, 396.6250, -807.6856, 0.0000, 122, 108, 96
L  399.6602, -807.6856, 0.0000, 424.6885, -807.6856, 0.0000, 96, 84, 74
L  458.8294, -807.6856, 0.0000, 468.6490, -807.6856, 0.0000, 72, 62, 54
L  -409.2799, -802.1362, 0.0000, -385.7010, -802.1362, 0.0000, 96, 84, 74
L  -382.7180, -802.1362, 0.0000, -357.7146, -802.1362, 0.0000, 96, 84, 74
L  364.0993, -802.1362, 0.0000, 379.0970, -802.1362, 0.0000, 122, 108, 96
L  383.7508, -802.1362, 0.0000, 413.3468, -802.1362, 0.0000, 96, 84, 74
L  416.2406, -802.1362, 0.0000, 429.0507, -802.1362, 0.0000, 96, 84, 74
L  -463.8955, -796.5868, 0.0000, -451.4184, -796.5868, 0.0000, 72, 62, 54
L  -449.3362, -796.5868, 0.0000, -434.2512, -796.5868, 0.0000, 72, 62, 54
L  -430.0688, -796.5868, 0.0000, -401.9847, -796.5868, 0.0000, 72, 62, 54
L  -398.6016, -796.5868, 0.0000, -374.7029, -796.5868, 0.0000, 96, 84, 74
L  365.2873, -796.5868, 0.0000, 379.4522, -796.5868, 0.0000, 122, 108, 96
L  381.2986, -796.5868, 0.0000, 393.0833, -796.5868, 0.0000, 96, 84, 74
L  397.5822, -796.5868, 0.0000, 424.8178, -796.5868, 0.0000, 96, 84, 74
L  -414.5864, -791.0373, 0.0000, -396.9558, -791.0373, 0.0000, 96, 84, 74
L  -395.2826, -791.0373, 0.0000, -366.0813, -791.0373, 0.0000, 96, 84, 74
L  361.6667, -791.0373, 0.0000, 372.5207, -791.0373, 0.0000, 122, 108, 96
L  376.8988, -791.0373, 0.0000, 398.8450, -791.0373, 0.0000, 96, 84, 74
L  402.8905, -791.0373, 0.0000, 421.1451, -791.0373, 0.0000, 96, 84, 74
L  424.0686, -791.0373, 0.0000, 437.0680, -791.0373, 0.0000, 72, 62, 54
L  -469.0203, -785.4881, 0.0000, -457.6871, -785.4881, 0.0000, 72, 62, 54
L  -453.2158, -785.4881, 0.0000, -423.4487, -785.4881, 0.0000, 72, 62, 54
L  -420.2601, -785.4881, 0.0000, -408.3046, -785.4881, 0.0000, 96, 84, 74
L  -405.6559, -785.4881, 0.0000, -387.2279, -785.4881, 0.0000, 96, 84, 74
L  -382.7526, -785.4881, 0.0000, -372.3768, -785.4881, 0.0000, 96, 84, 74
L  361.8033, -785.4881, 0.0000, 379.6589, -785.4881, 0.0000, 122, 108, 96
L  382.7006, -785.4881, 0.0000, 391.6678, -785.4881, 0.0000, 96, 84, 74
L  394.3474, -785.4881, 0.0000, 421.4002, -785.4881, 0.0000, 96, 84, 74
L  424.2979, -785.4881, 0.0000, 440.6185, -785.4881, 0.0000, 72, 62, 54
L  -460.5596, -779.9387, 0.0000, -452.2519, -779.9387, 0.0000, 72, 62, 54
L  -432.9275, -779.9387, 0.0000, -403.6203, -779.9387, 0.0000, 72, 62, 54
L  -401.7236, -779.9387, 0.0000, -387.0007, -779.9387, 0.0000, 96, 84, 74
L  -383.1432, -779.9387, 0.0000, -370.4044, -779.9387, 0.0000, 96, 84, 74
L  354.0791, -779.9387, 0.0000, 374.3580, -779.9387, 0.0000, 122, 108, 96
L  377.2526, -779.9387, 0.0000, 390.1577, -779.9387, 0.0000, 96, 84, 74
L  392.3386, -779.9387, 0.0000, 406.4930, -779.9387, 0.0000, 96, 84, 74
L  410.0962, -779.9387, 0.0000, 423.2518, -779.9387, 0.0000, 96, 84, 74
L  428.0611, -779.9387, 0.0000, 455.6661, -779.9387, 0.0000, 72, 62, 54
L  459.0135, -779.9387, 0.0000, 479.1212, -779.9387, 0.0000, 72, 62, 54
L  -456.1269, -774.3892, 0.0000, -427.8267, -774.3892, 0.0000, 72, 62, 54
L  -425.5950, -774.3892, 0.0000, -413.5367, -774.3892, 0.0000, 72, 62, 54
L  -411.2830, -774.3892, 0.0000, -387.9613, -774.3892, 0.0000, 96, 84, 74
L  -383.1425, -774.3892, 0.0000, -362.5232, -774.3892, 0.0000, 96, 84, 74
L  -360.3136, -774.3892, 0.0000, -348.5488, -774.3892, 0.0000, 122, 108, 96
L  346.8719, -774.3892, 0.0000, 356.4662, -774.3892, 0.0000, 122, 108, 96
L  360.1033, -774.3892, 0.0000, 389.6395, -774.3892, 0.0000, 122, 108, 96
L  391.4170, -774.3892, 0.0000, 402.9747, -774.3892, 0.0000, 96, 84, 74
L  405.9560, -774.3892, 0.0000, 430.6476, -774.3892, 0.0000, 96, 84, 74
L  454.3142, -774.3892, 0.0000, 473.1959, -774.3892, 0.0000, 72, 62, 54
L  -470.7598, -768.8399, 0.0000, -458.0629, -768.8399, 0.0000, 72, 62, 54
L  -422.2992, -768.8399, 0.0000, -394.7771, -768.8399, 0.0000, 72, 62, 54
L  -392.8009, -768.8399, 0.0000, -383.3363, -768.8399, 0.0000, 96, 84, 74
L  -378.5335, -768.8399, 0.0000, -362.8822, -768.8399, 0.0000, 96, 84, 74
L  353.8735, -768.8399, 0.0000, 368.9291, -768.8399, 0.0000, 122, 108, 96
L  372.7745, -768.8399, 0.0000, 387.7204, -768.8399, 0.0000, 122, 108, 96
L  391.5718, -768.8399, 0.0000, 407.2737, -768.8399, 0.0000, 96, 84, 74
L  411.1880, -768.8399, 0.0000, 427.1651, -768.8399, 0.0000, 96, 84, 74
L  429.2950, -768.8399, 0.0000, 439.3946, -768.8399, 0.0000, 72, 62, 54
L  -406.3322, -763.2905, 0.0000, -380.2656, -763.2905, 0.0000, 96, 84, 74
L  -378.3474, -763.2905, 0.0000, -349.7650, -763.2905, 0.0000, 96, 84, 74
L  349.6100, -763.2905, 0.0000, 370.6089, -763.2905, 0.0000, 122, 108, 96
L  373.1544, -763.2905, 0.0000, 401.9467, -763.2905, 0.0000, 122, 108, 96
L  406.2456, -763.2905, 0.0000, 421.5822, -763.2905, 0.0000, 96, 84, 74
L  424.9228, -763.2905, 0.0000, 434.8810, -763.2905, 0.0000, 72, 62, 54
L  439.6787, -763.2905, 0.0000, 462.0360, -763.2905, 0.0000, 72, 62, 54
L  -411.3161, -757.7412, 0.0000, -394.3233, -757.7412, 0.0000, 96, 84, 74
L  -391.0392, -757.7412, 0.0000, -371.2943, -757.7412, 0.0000, 96, 84, 74
L  371.5809, -757.7412, 0.0000, 388.8243, -757.7412, 0.0000, 122, 108, 96
L  390.6433, -757.7412, 0.0000, 400.2889, -757.7412, 0.0000, 96, 84, 74
L  404.4115, -757.7412, 0.0000, 425.2189, -757.7412, 0.0000, 96, 84, 74
L  428.4952, -757.7412, 0.0000, 437.0359, -757.7412, 0.0000, 72, 62, 54
L  440.2830, -757.7412, 0.0000, 469.1554, -757.7412, 0.0000, 72, 62, 54
L  -454.4451, -752.1918, 0.0000, -432.9073, -752.1918, 0.0000, 72, 62, 54
L  -430.9205, -752.1918, 0.0000, -405.4333, -752.1918, 0.0000, 72, 62, 54
L  -403.7420, -752.1918, 0.0000, -374.4327, -752.1918, 0.0000, 96, 84, 74
L  -371.9120, -752.1918, 0.0000, -356.6766, -752.1918, 0.0000, 122, 108, 96
L  363.5812, -752.1918, 0.0000, 373.1004, -752.1918, 0.0000, 122, 108, 96
L  377.8450, -752.1918, 0.0000, 395.9053, -752.1918, 0.0000, 96, 84, 74
L  397.5911, -752.1918, 0.0000, 417.3897, -752.1918, 0.0000, 96, 84, 74
L  464.5082, -752.1918, 0.0000, 477.2802, -752.1918, 0.0000, 72, 62, 54
L  -461.2186, -746.6423, 0.0000, -450.6882, -746.6423, 0.0000, 72, 62, 54
L  -446.0438, -746.6423, 0.0000, -421.7380, -746.6423, 0.0000, 72, 62, 54
L  -419.2636, -746.6423, 0.0000, -389.3299, -746.6423, 0.0000, 96, 84, 74
L  -385.4218, -746.6423, 0.0000, -368.8120, -746.6423, 0.0000, 96, 84, 74
L  346.9528, -746.6423, 0.0000, 366.9642, -746.6423, 0.0000, 122, 108, 96
L  369.5624, -746.6423, 0.0000, 389.7037, -746.6423, 0.0000, 122, 108, 96
L  392.1810, -746.6423, 0.0000, 411.2069, -746.6423, 0.0000, 96, 84, 74
L  414.4682, -746.6423, 0.0000, 428.6805, -746.6423, 0.0000, 96, 84, 74
L  453.4680, -746.6423, 0.0000, 462.4549, -746.6423, 0.0000, 72, 62, 54
L  -468.9311, -741.0931, 0.0000, -459.8798, -741.0931, 0.0000, 72, 62, 54
L  -456.2661, -741.0931, 0.0000, -446.0367, -741.0931, 0.0000, 72, 62, 54
L  -426.4197, -741.0931, 0.0000, -398.7597, -741.0931, 0.0000, 72, 62, 54
L  -396.7869, -741.0931, 0.0000, -370.7776, -741.0931, 0.0000, 96, 84, 74
L  367.1930, -741.0931, 0.0000, 388.5079, -741.0931, 0.0000, 122, 108, 96
L  393.2126, -741.0931, 0.0000, 409.2963, -741.0931, 0.0000, 96, 84, 74
L  413.3748, -741.0931, 0.0000, 426.8962, -741.0931, 0.0000, 96, 84, 74
L  431.1177, -741.0931, 0.0000, 458.8006, -741.0931, 0.0000, 72, 62, 54
L  -433.1411, -735.5436, 0.0000, -422.2291, -735.5436, 0.0000, 72, 62, 54
L  -419.7045, -735.5436, 0.0000, -408.0885, -735.5436, 0.0000, 96, 84, 74
L  -406.1560, -735.5436, 0.0000, -394.7551, -735.5436, 0.0000, 96, 84, 74
L  -392.0425, -735.5436, 0.0000, -382.9287, -735.5436, 0.0000, 96, 84, 74
L  -381.0306, -735.5436, 0.0000, -350.6424, -735.5436, 0.0000, 96, 84, 74
L  356.6107, -735.5436, 0.0000, 376.6762, -735.5436, 0.0000, 122, 108, 96
L  380.1300, -735.5436, 0.0000, 406.8639, -735.5436, 0.0000, 96, 84, 74
L  410.5701, -735.5436, 0.0000, 426.4841, -735.5436, 0.0000, 96, 84, 74
L  -475.2543, -729.9942, 0.0000, -452.5593, -729.9942, 0.0000, 72, 62, 54
L  -450.8381, -729.9942, 0.0000, -426.2726, -729.9942, 0.0000, 72, 62, 54
L  -422.0429, -729.9942, 0.0000, -407.0464, -729.9942, 0.0000, 72, 62, 54
L  -402.4465, -729.9942, 0.0000, -378.7146, -729.9942, 0.0000, 96, 84, 74
L  -376.1540, -729.9942, 0.0000, -349.6809, -729.9942, 0.0000, 122, 108, 96
L  356.6301, -729.9942, 0.0000, 364.9012, -729.9942, 0.0000, 122, 108, 96
L  366.7215, -729.9942, 0.0000, 379.0522, -729.9942, 0.0000, 122, 108, 96
L  383.3726, -729.9942, 0.0000, 406.6920, -729.9942, 0.0000, 96, 84, 74
L  409.4970, -729.9942, 0.0000, 438.7045, -729.9942, 0.0000, 96, 84, 74
L  441.3947, -729.9942, 0.0000, 465.6183, -729.9942, 0.0000, 72, 62, 54
L  -413.6497, -724.4449, 0.0000, -397.2915, -724.4449, 0.0000, 96, 84, 74
L  -394.1112, -724.4449, 0.0000, -385.4663, -724.4449, 0.0000, 96, 84, 74
L  -383.1471, -724.4449, 0.0000, -373.2593, -724.4449, 0.0000, 96, 84, 74
L  -369.6527, -724.4449, 0.0000, -357.7111, -724.4449, 0.0000, 122, 108, 96
L  356.1280, -724.4449, 0.0000, 375.1056, -724.4449, 0.0000, 122, 108, 96
L  378.7565, -724.4449, 0.0000, 398.2336, -724.4449, 0.0000, 96, 84, 74
L  402.8610, -724.4449, 0.0000, 431.1135, -724.4449, 0.0000, 96, 84, 74
L  433.7434, -724.4449, 0.0000, 454.6919, -724.4449, 0.0000, 72, 62, 54
L  -445.0952, -718.8955, 0.0000, -422.0977, -718.8955, 0.0000, 72, 62, 54
L  -418.9676, -718.8955, 0.0000, -401.0170, -718.8955, 0.0000, 96, 84, 74
L  -399.1262, -718.8955, 0.0000, -379.1378, -718.8955, 0.0000, 96, 84, 74
L  -376.6044, -718.8955, 0.0000, -347.1639, -718.8955, 0.0000, 122, 108, 96
L  357.7756, -718.8955, 0.0000, 379.0771, -718.8955, 0.0000, 122, 108, 96
L  382.3740, -718.8955, 0.0000, 397.4225, -718.8955, 0.0000, 96, 84, 74
L  401.9341, -718.8955, 0.0000, 426.8356, -718.8955, 0.0000, 96, 84, 74
L  429.5327, -718.8955, 0.0000, 455.5109, -718.8955, 0.0000, 72, 62, 54
L  458.0857, -718.8955, 0.0000, 473.0488, -718.8955, 0.0000, 72, 62, 54
L  -460.7380, -713.3462, 0.0000, -444.9060, -713.3462, 0.0000, 72, 62, 54
L  -415.7094, -713.3462, 0.0000, -386.0073, -713.3462, 0.0000, 96, 84, 74
L  -383.0013, -713.3462, 0.0000, -360.7223, -713.3462, 0.0000, 96, 84, 74
L  359.0440, -713.3462, 0.0000, 372.3444, -713.3462, 0.0000, 122, 108, 96
L  376.2046, -713.3462, 0.0000, 385.1697, -713.3462, 0.0000, 122, 108, 96
L  390.0044, -713.3462, 0.0000, 400.5104, -713.3462, 0.0000, 96, 84, 74
L  404.0671, -713.3462, 0.0000, 426.1736, -713.3462, 0.0000, 96, 84, 74
L  427.8364, -713.3462, 0.0000, 454.5383, -713.3462, 0.0000, 72, 62, 54
L  459.0139, -713.3462, 0.0000, 473.0014, -713.3462, 0.0000, 72, 62, 54
L  -468.2927, -707.7967, 0.0000, -453.2520, -707.7967, 0.0000, 72, 62, 54
L  -449.7783, -707.7967, 0.0000, -419.3631, -707.7967, 0.0000, 72, 62, 54
L  -414.6980, -707.7967, 0.0000, -392.3384, -707.7967, 0.0000, 96, 84, 74
L  -388.4104, -707.7967, 0.0000, -376.0036, -707.7967, 0.0000, 96, 84, 74
L  -373.5907, -707.7967, 0.0000, -356.4291, -707.7967, 0.0000, 122, 108, 96
L  353.3950, -707.7967, 0.0000, 366.0327, -707.7967, 0.0000, 122, 108, 96
L  370.6354, -707.7967, 0.0000, 387.3349, -707.7967, 0.0000, 122, 108, 96
L  390.0057, -707.7967, 0.0000, 419.7340, -707.7967, 0.0000, 96, 84, 74
L  -405.8788, -702.2473, 0.0000, -383.8062, -702.2473, 0.0000, 96, 84, 74
L  -379.9828, -702.2473, 0.0000, -364.3269, -702.2473, 0.0000, 96, 84, 74
L  375.5731, -702.2473, 0.0000, 399.8883, -702.2473, 0.0000, 122, 108, 96
L  402.9002, -702.2473, 0.0000, 421.6280, -702.2473, 0.0000, 96, 84, 74
L  -427.2118, -696.6981, 0.0000, -405.3890, -696.6981, 0.0000, 72, 62, 54
L  -403.2521, -696.6981, 0.0000, -379.7303, -696.6981, 0.0000, 96, 84, 74
L  -376.3062, -696.6981, 0.0000, -361.2785, -696.6981, 0.0000, 122, 108, 96
L  369.8376, -696.6981, 0.0000, 389.1144, -696.6981, 0.0000, 122, 108, 96
L  390.9696, -696.6981, 0.0000, 399.3553, -696.6981, 0.0000, 96, 84, 74
L  403.8866, -696.6981, 0.0000, 416.3094, -696.6981, 0.0000, 96, 84, 74
L  -464.1058, -691.1486, 0.0000, -452.9209, -691.1486, 0.0000, 72, 62, 54
L  -433.3556, -691.1486, 0.0000, -405.0725, -691.1486, 0.0000, 72, 62, 54
L  -400.8902, -691.1486, 0.0000, -378.2667, -691.1486, 0.0000, 96, 84, 74
L  -374.9070, -691.1486, 0.0000, -360.0689, -691.1486, 0.0000, 122, 108, 96
L  358.2727, -691.1486, 0.0000, 369.3507, -691.1486, 0.0000, 122, 108, 96
L  373.2350, -691.1486, 0.0000, 390.7633, -691.1486, 0.0000, 122, 108, 96
L  394.3681, -691.1486, 0.0000, 412.6764, -691.1486, 0.0000, 96, 84, 74
L  415.4374, -691.1486, 0.0000, 441.8001, -691.1486, 0.0000, 96, 84, 74
L  -432.4330, -685.5992, 0.0000, -405.7650, -685.5992, 0.0000, 72, 62, 54
L  -402.9849, -685.5992, 0.0000, -394.1298, -685.5992, 0.0000, 96, 84, 74
L  -390.4149, -685.5992, 0.0000, -364.3143, -685.5992, 0.0000, 96, 84, 74
L  -360.8095, -685.5992, 0.0000, -351.7127, -685.5992, 0.0000, 122, 108, 96
L  348.2315, -685.5992, 0.0000, 363.9093, -685.5992, 0.0000, 122, 108, 96
L  365.6289, -685.5992, 0.0000, 384.0858, -685.5992, 0.0000, 122, 108, 96
L  386.6408, -685.5992, 0.0000, 394.8886, -685.5992, 0.0000, 96, 84, 74
L  397.0854, -685.5992, 0.0000, 407.6719, -685.5992, 0.0000, 96, 84, 74
L  409.8434, -685.5992, 0.0000, 427.0372, -685.5992, 0.0000, 96, 84, 74
L  431.0350, -685.5992, 0.0000, 459.2961, -685.5992, 0.0000, 72, 62, 54
L  -450.7051, -680.0498, 0.0000, -421.4968, -680.0498, 0.0000, 72, 62, 54
L  -417.1984, -680.0498, 0.0000, -403.7471, -680.0498, 0.0000, 96, 84, 74
L  -399.0525, -680.0498, 0.0000, -372.2993, -680.0498, 0.0000, 96, 84, 74
L  369.6036, -680.0498, 0.0000, 384.8535, -680.0498, 0.0000, 122, 108, 96
L  389.5560, -680.0498, 0.0000, 405.9175, -680.0498, 0.0000, 96, 84, 74
L  408.7541, -680.0498, 0.0000, 427.9241, -680.0498, 0.0000, 96, 84, 74
L  451.5291, -680.0498, 0.0000, 470.7589, -680.0498, 0.0000, 72, 62, 54
L  -471.3279, -674.5005, 0.0000, -449.5479, -674.5005, 0.0000, 72, 62, 54
L  -446.4736, -674.5005, 0.0000, -427.0580, -674.5005, 0.0000, 72, 62, 54
L  -425.3931, -674.5005, 0.0000, -403.9059, -674.5005, 0.0000, 72, 62, 54
L  -401.5862, -674.5005, 0.0000, -385.3190, -674.5005, 0.0000, 96, 84, 74
L  -382.0328, -674.5005, 0.0000, -361.7984, -674.5005, 0.0000, 96, 84, 74
L  366.2654, -674.5005, 0.0000, 382.2128, -674.5005, 0.0000, 122, 108, 96
L  385.8861, -674.5005, 0.0000, 407.8377, -674.5005, 0.0000, 96, 84, 74
L  412.5764, -674.5005, 0.0000, 439.8477, -674.5005, 0.0000, 96, 84, 74
L  462.9158, -674.5005, 0.0000, 481.1134, -674.5005, 0.0000, 72, 62, 54
L  -432.8011, -668.9512, 0.0000, -424.4415, -668.9512, 0.0000, 72, 62, 54
L  -421.7246, -668.9512, 0.0000, -395.5207, -668.9512, 0.0000, 96, 84, 74
L  -392.7477, -668.9512, 0.0000, -383.3869, -668.9512, 0.0000, 96, 84, 74
L  -381.6479, -668.9512, 0.0000, -352.8015, -668.9512, 0.0000, 96, 84, 74
L  348.8285, -668.9512, 0.0000, 365.5133, -668.9512, 0.0000, 122, 108, 96
L  369.3763, -668.9512, 0.0000, 391.7677, -668.9512, 0.0000, 122, 108, 96
L  394.4924, -668.9512, 0.0000, 406.4665, -668.9512, 0.0000, 96, 84, 74
L  410.7874, -668.9512, 0.0000, 435.9201, -668.9512, 0.0000, 96, 84, 74
L  439.4978, -668.9512, 0.0000, 467.8398, -668.9512, 0.0000, 72, 62, 54
L  -407.7603, -663.4017, 0.0000, -394.7963, -663.4017, 0.0000, 96, 84, 74
L  -391.4542, -663.4017, 0.0000, -365.4386, -663.4017, 0.0000, 96, 84, 74
L  349.3512, -663.4017, 0.0000, 366.6379, -663.4017, 0.0000, 122, 108, 96
L  370.6853, -663.4017, 0.0000, 390.6244, -663.4017, 0.0000, 122, 108, 96
L  395.3776, -663.4017, 0.0000, 407.2976, -663.4017, 0.0000, 96, 84, 74
L  408.9884, -663.4017, 0.0000, 436.6889, -663.4017, 0.0000, 96, 84, 74
L  439.5655, -663.4017, 0.0000, 455.0077, -663.4017, 0.0000, 72, 62, 54
L  457.1322, -663.4017, 0.0000, 474.2429, -663.4017, 0.0000, 72, 62, 54
L  -471.9563, -657.8523, 0.0000, -453.1943, -657.8523, 0.0000, 72, 62, 54
L  -449.7977, -657.8523, 0.0000, -424.0946, -657.8523, 0.0000, 72, 62, 54
L  -419.3335, -657.8523, 0.0000, -406.9355, -657.8523, 0.0000, 96, 84, 74
L  -402.5864, -657.8523, 0.0000, -373.0386, -657.8523, 0.0000, 96, 84, 74
L  -371.3990, -657.8523, 0.0000, -349.7705, -657.8523, 0.0000, 122, 108, 96
L  354.7916, -657.8523, 0.0000, 371.5033, -657.8523, 0.0000, 122, 108, 96
L  375.0649, -657.8523, 0.0000, 385.2863, -657.8523, 0.0000, 122, 108, 96
L  388.9617, -657.8523, 0.0000, 415.4712, -657.8523, 0.0000, 96, 84, 74
L  466.7159, -657.8523, 0.0000, 475.4775, -657.8523, 0.0000, 72, 62, 54
L  -409.5244, -652.3031, 0.0000, -381.9059, -652.3031, 0.0000, 96, 84, 74
L  -379.9414, -652.3031, 0.0000, -350.3950, -652.3031, 0.0000, 96, 84, 74
L  377.4358, -652.3031, 0.0000, 386.8517, -652.3031, 0.0000, 96, 84, 74
L  388.9781, -652.3031, 0.0000, 397.6999, -652.3031, 0.0000, 96, 84, 74
L  400.5728, -652.3031, 0.0000, 420.7754, -652.3031, 0.0000, 96, 84, 74
L  425.0072, -652.3031, 0.0000, 441.1294, -652.3031, 0.0000, 72, 62, 54
L  463.1515, -652.3031, 0.0000, 472.2153, -652.3031, 0.0000, 72, 62, 54
L  -472.8891, -646.7536, 0.0000, -452.8464, -646.7536, 0.0000, 72, 62, 54
L  -421.9598, -646.7536, 0.0000, -394.8723, -646.7536, 0.0000, 72, 62, 54
L  -392.4835, -646.7536, 0.0000, -372.9496, -646.7536, 0.0000, 96, 84, 74
L  -369.9431, -646.7536, 0.0000, -349.5095, -646.7536, 0.0000, 122, 108, 96
L  370.3430, -646.7536, 0.0000, 400.1796, -646.7536, 0.0000, 122, 108, 96
L  403.3548, -646.7536, 0.0000, 428.7672, -646.7536, 0.0000, 96, 84, 74
L  430.7368, -646.7536, 0.0000, 459.7485, -646.7536, 0.0000, 72, 62, 54
L  461.9094, -646.7536, 0.0000, 470.3210, -646.7536, 0.0000, 72, 62, 54
L  -464.3899, -641.2042, 0.0000, -436.3502, -641.2042, 0.0000, 72, 62, 54
L  -432.2693, -641.2042, 0.0000, -411.7276, -641.2042, 0.0000, 72, 62, 54
L  -407.8872, -641.2042, 0.0000, -389.0117, -641.2042, 0.0000, 96, 84, 74
L  -385.9077, -641.2042, 0.0000, -364.9902, -641.2042, 0.0000, 96, 84, 74
L  367.9276, -641.2042, 0.0000, 379.1860, -641.2042, 0.0000, 122, 108, 96
L  383.8108, -641.2042, 0.0000, 403.5843, -641.2042, 0.0000, 96, 84, 74
L  405.7702, -641.2042, 0.0000, 423.3952, -641.2042, 0.0000, 96, 84, 74
L  -435.1361, -635.6548, 0.0000, -418.3887, -635.6548, 0.0000, 72, 62, 54
L  -415.4009, -635.6548, 0.0000, -387.4103, -635.6548, 0.0000, 96, 84, 74
L  -384.0505, -635.6548, 0.0000, -360.4516, -635.6548, 0.0000, 96, 84, 74
L  351.7992, -635.6548, 0.0000, 365.1495, -635.6548, 0.0000, 122, 108, 96
L  369.5968, -635.6548, 0.0000, 390.2425, -635.6548, 0.0000, 122, 108, 96
L  394.5427, -635.6548, 0.0000, 424.8072, -635.6548, 0.0000, 96, 84, 74
L  -475.9601, -630.1055, 0.0000, -460.4290, -630.1055, 0.0000, 72, 62, 54
L  -457.8842, -630.1055, 0.0000, -436.9354, -630.1055, 0.0000, 72, 62, 54
L  -432.7667, -630.1055, 0.0000, -420.0330, -630.1055, 0.0000, 72, 62, 54
L  -416.8924, -630.1055, 0.0000, -390.8542, -630.1055, 0.0000, 96, 84, 74
L  -386.2115, -630.1055, 0.0000, -371.2811, -630.1055, 0.0000, 96, 84, 74
L  356.6632, -630.1055, 0.0000, 383.7843, -630.1055, 0.0000, 122, 108, 96
L  386.3424, -630.1055, 0.0000, 403.3768, -630.1055, 0.0000, 96, 84, 74
L  408.1460, -630.1055, 0.0000, 425.9135, -630.1055, 0.0000, 96, 84, 74
L  451.4377, -630.1055, 0.0000, 480.8081, -630.1055, 0.0000, 72, 62, 54
L  -458.4791, -624.5560, 0.0000, -427.9053, -624.5560, 0.0000, 72, 62, 54
L  -425.8676, -624.5560, 0.0000, -396.8608, -624.5560, 0.0000, 72, 62, 54
L  -394.4111, -624.5560, 0.0000, -370.9810, -624.5560, 0.0000, 96, 84, 74
L  -368.4688, -624.5560, 0.0000, -357.1848, -624.5560, 0.0000, 122, 108, 96
L  358.7960, -624.5560, 0.0000, 380.5378, -624.5560, 0.0000, 122, 108, 96
L  382.4009, -624.5560, 0.0000, 392.3311, -624.5560, 0.0000, 96, 84, 74
L  395.9697, -624.5560, 0.0000, 424.4566, -624.5560, 0.0000, 96, 84, 74
L  450.4023, -624.5560, 0.0000, 469.7665, -624.5560, 0.0000, 72, 62, 54
L  -465.0312, -619.0067, 0.0000, -437.0677, -619.0067, 0.0000, 72, 62, 54
L  -435.0656, -619.0067, 0.0000, -424.3575, -619.0067, 0.0000, 72, 62, 54
L  -420.8104, -619.0067, 0.0000, -408.3207, -619.0067, 0.0000, 96, 84, 74
L  -405.3381, -619.0067, 0.0000, -378.4881, -619.0067, 0.0000, 96, 84, 74
L  -375.5644, -619.0067, 0.0000, -355.2049, -619.0067, 0.0000, 122, 108, 96
L  347.4880, -619.0067, 0.0000, 368.7420, -619.0067, 0.0000, 122, 108, 96
L  370.9901, -619.0067, 0.0000, 392.9156, -619.0067, 0.0000, 122, 108, 96
L  397.4728, -619.0067, 0.0000, 417.4562, -619.0067, 0.0000, 96, 84, 74
L  -475.9302, -613.4573, 0.0000, -462.7054, -613.4573, 0.0000, 72, 62, 54
L  -458.6696, -613.4573, 0.0000, -430.3476, -613.4573, 0.0000, 72, 62, 54
L  -425.7855, -613.4573, 0.0000, -405.9297, -613.4573, 0.0000, 72, 62, 54
L  -402.1905, -613.4573, 0.0000, -392.4706, -613.4573, 0.0000, 96, 84, 74
L  -389.5614, -613.4573, 0.0000, -375.7488, -613.4573, 0.0000, 96, 84, 74
L  -370.9138, -613.4573, 0.0000, -351.4960, -613.4573, 0.0000, 122, 108, 96
L  358.3695, -613.4573, 0.0000, 370.2014, -613.4573, 0.0000, 122, 108, 96
L  372.7558, -613.4573, 0.0000, 390.4573, -613.4573, 0.0000, 122, 108, 96
L  392.6210, -613.4573, 0.0000, 409.7425, -613.4573, 0.0000, 96, 84, 74
L  411.7641, -613.4573, 0.0000, 437.8603, -613.4573, 0.0000, 96, 84, 74
L  468.7794, -613.4573, 0.0000, 482.7600, -613.4573, 0.0000, 72, 62, 54
L  -477.0677, -607.9080, 0.0000, -464.8531, -607.9080, 0.0000, 72, 62, 54
L  -462.2619, -607.9080, 0.0000, -432.5863, -607.9080, 0.0000, 72, 62, 54
L  -429.4847, -607.9080, 0.0000, -404.8831, -607.9080, 0.0000, 72, 62, 54
L  -401.6476, -607.9080, 0.0000, -382.2420, -607.9080, 0.0000, 96, 84, 74
L  -380.3438, -607.9080, 0.0000, -357.4455, -607.9080, 0.0000, 96, 84, 74
L  373.1538, -607.9080, 0.0000, 398.8388, -607.9080, 0.0000, 122, 108, 96
L  400.9295, -607.9080, 0.0000, 413.8981, -607.9080, 0.0000, 96, 84, 74
L  463.3957, -607.9080, 0.0000, 475.4071, -607.9080, 0.0000, 72, 62, 54
L  -415.1832, -602.3586, 0.0000, -397.2220, -602.3586, 0.0000, 96, 84, 74
L  -395.3993, -602.3586, 0.0000, -386.3526, -602.3586, 0.0000, 96, 84, 74
L  -381.7386, -602.3586, 0.0000, -367.6709, -602.3586, 0.0000, 96, 84, 74
L  367.2596, -602.3586, 0.0000, 387.1100, -602.3586, 0.0000, 122, 108, 96
L  389.5738, -602.3586, 0.0000, 416.4870, -602.3586, 0.0000, 96, 84, 74
L  468.8058, -602.3586, 0.0000, 482.1962, -602.3586, 0.0000, 72, 62, 54
L  -437.6551, -596.8091, 0.0000, -412.1155, -596.8091, 0.0000, 72, 62, 54
L  -408.5971, -596.8091, 0.0000, -388.5756, -596.8091, 0.0000, 96, 84, 74
L  -386.9215, -596.8091, 0.0000, -364.6192, -596.8091, 0.0000, 96, 84, 74
L  367.4736, -596.8091, 0.0000, 384.0537, -596.8091, 0.0000, 122, 108, 96
L  388.7692, -596.8091, 0.0000, 397.9542, -596.8091, 0.0000, 96, 84, 74
L  402.0529, -596.8091, 0.0000, 423.1303, -596.8091, 0.0000, 96, 84, 74
L  449.8934, -596.8091, 0.0000, 467.9202, -596.8091, 0.0000, 72, 62, 54
L  -470.5305, -591.2598, 0.0000, -461.6479, -591.2598, 0.0000, 72, 62, 54
L  -459.5451, -591.2598, 0.0000, -450.3283, -591.2598, 0.0000, 72, 62, 54
L  -421.5043, -591.2598, 0.0000, -409.7502, -591.2598, 0.0000, 96, 84, 74
L  -407.3585, -591.2598, 0.0000, -396.7745, -591.2598, 0.0000, 96, 84, 74
L  -394.6768, -591.2598, 0.0000, -370.2080, -591.2598, 0.0000, 96, 84, 74
L  -366.2866, -591.2598, 0.0000, -349.6859, -591.2598, 0.0000, 122, 108, 96
L  357.0321, -591.2598, 0.0000, 378.2781, -591.2598, 0.0000, 122, 108, 96
L  380.7894, -591.2598, 0.0000, 401.1166, -591.2598, 0.0000, 96, 84, 74
L  402.8685, -591.2598, 0.0000, 431.2798, -591.2598, 0.0000, 96, 84, 74
L  434.0503, -591.2598, 0.0000, 449.7738, -591.2598, 0.0000, 72, 62, 54
L  452.8140, -591.2598, 0.0000, 461.9562, -591.2598, 0.0000, 72, 62, 54
L  463.7986, -591.2598, 0.0000, 482.8600, -591.2598, 0.0000, 72, 62, 54
L  -462.7316, -585.7105, 0.0000, -438.7777, -585.7105, 0.0000, 72, 62, 54
L  -434.1458, -585.7105, 0.0000, -423.1071, -585.7105, 0.0000, 72, 62, 54
L  -419.0592, -585.7105, 0.0000, -388.7876, -585.7105, 0.0000, 96, 84, 74
L  -385.6068, -585.7105, 0.0000, -357.7868, -585.7105, 0.0000, 96, 84, 74
L  347.3563, -585.7105, 0.0000, 373.8208, -585.7105, 0.0000, 122, 108, 96
L  375.6964, -585.7105, 0.0000, 403.6530, -585.7105, 0.0000, 122, 108, 96
L  405.7520, -585.7105, 0.0000, 433.6376, -585.7105, 0.0000, 96, 84, 74
L  436.5490, -585.7105, 0.0000, 450.5861, -585.7105, 0.0000, 72, 62, 54
L  453.9426, -585.7105, 0.0000, 467.9427, -585.7105, 0.0000, 72, 62, 54
L  469.6081, -585.7105, 0.0000, 484.5481, -585.7105, 0.0000, 72, 62, 54
L  -439.4784, -580.1610, 0.0000, -423.7989, -580.1610, 0.0000, 72, 62, 54
L  -421.7516, -580.1610, 0.0000, -395.9442, -580.1610, 0.0000, 72, 62, 54
L  -393.0408, -580.1610, 0.0000, -373.5517, -580.1610, 0.0000, 96, 84, 74
L  360.8653, -580.1610, 0.0000, 387.3473, -580.1610, 0.0000, 122, 108, 96
L  391.2836, -580.1610, 0.0000, 421.1804, -580.1610, 0.0000, 96, 84, 74
L  -465.8135, -574.6117, 0.0000, -437.0442, -574.6117, 0.0000, 72, 62, 54
L  -433.4312, -574.6117, 0.0000, -412.8027, -574.6117, 0.0000, 72, 62, 54
L  -408.9042, -574.6117, 0.0000, -380.0216, -574.6117, 0.0000, 96, 84, 74
L  -376.8540, -574.6117, 0.0000, -360.3473, -574.6117, 0.0000, 96, 84, 74
L  359.8522, -574.6117, 0.0000, 370.2375, -574.6117, 0.0000, 122, 108, 96
L  373.4735, -574.6117, 0.0000, 381.6524, -574.6117, 0.0000, 122, 108, 96
L  385.1669, -574.6117, 0.0000, 405.8746, -574.6117, 0.0000, 96, 84, 74
L  409.5504, -574.6117, 0.0000, 425.7552, -574.6117, 0.0000, 96, 84, 74
L  475.4715, -574.6117, 0.0000, 485.0170, -574.6117, 0.0000, 72, 62, 54
L  -475.8376, -569.0622, 0.0000, -462.6133, -569.0622, 0.0000, 72, 62, 54
L  -458.3654, -569.0622, 0.0000, -435.4517, -569.0622, 0.0000, 72, 62, 54
L  -431.7130, -569.0622, 0.0000, -406.8136, -569.0622, 0.0000, 72, 62, 54
L  -402.3817, -569.0622, 0.0000, -392.4510, -569.0622, 0.0000, 96, 84, 74
L  -388.2241, -569.0622, 0.0000, -366.9552, -569.0622, 0.0000, 96, 84, 74
L  -362.8783, -569.0622, 0.0000, -352.6859, -569.0622, 0.0000, 122, 108, 96
L  346.8210, -569.0622, 0.0000, 359.0619, -569.0622, 0.0000, 122, 108, 96
L  362.7542, -569.0622, 0.0000, 388.4041, -569.0622, 0.0000, 122, 108, 96
L  390.0567, -569.0622, 0.0000, 408.6762, -569.0622, 0.0000, 96, 84, 74
L  462.5140, -569.0622, 0.0000, 474.7502, -569.0622, 0.0000, 72, 62, 54
L  -420.6464, -563.5130, 0.0000, -401.1019, -563.5130, 0.0000, 96, 84, 74
L  -399.4349, -563.5130, 0.0000, -374.9387, -563.5130, 0.0000, 96, 84, 74
L  368.5697, -563.5130, 0.0000, 393.6564, -563.5130, 0.0000, 122, 108, 96
L  396.9055, -563.5130, 0.0000, 417.9679, -563.5130, 0.0000, 96, 84, 74
L  422.5666, -563.5130, 0.0000, 449.4365, -563.5130, 0.0000, 72, 62, 54
L  454.1782, -563.5130, 0.0000, 470.0619, -563.5130, 0.0000, 72, 62, 54
L  474.6606, -563.5130, 0.0000, 485.5298, -563.5130, 0.0000, 72, 62, 54
L  -419.9921, -557.9636, 0.0000, -399.0741, -557.9636, 0.0000, 96, 84, 74
L  -395.9802, -557.9636, 0.0000, -381.7727, -557.9636, 0.0000, 96, 84, 74
L  -378.9719, -557.9636, 0.0000, -363.0818, -557.9636, 0.0000, 96, 84, 74
L  375.5133, -557.9636, 0.0000, 389.0272, -557.9636, 0.0000, 122, 108, 96
L  391.6641, -557.9636, 0.0000, 413.9665, -557.9636, 0.0000, 96, 84, 74
L  417.8534, -557.9636, 0.0000, 436.6865, -557.9636, 0.0000, 96, 84, 74
L  454.0606, -557.9636, 0.0000, 479.1407, -557.9636, 0.0000, 72, 62, 54
L  -474.9392, -552.4141, 0.0000, -453.3073, -552.4141, 0.0000, 72, 62, 54
L  -430.1734, -552.4141, 0.0000, -421.0166, -552.4141, 0.0000, 72, 62, 54
L  -417.9506, -552.4141, 0.0000, -397.7602, -552.4141, 0.0000, 96, 84, 74
L  -394.9932, -552.4141, 0.0000, -371.2420, -552.4141, 0.0000, 96, 84, 74
L  365.8603, -552.4141, 0.0000, 387.5907, -552.4141, 0.0000, 122, 108, 96
L  390.2785, -552.4141, 0.0000, 406.6126, -552.4141, 0.0000, 96, 84, 74
L  409.5970, -552.4141, 0.0000, 420.3255, -552.4141, 0.0000, 96, 84, 74
L  422.0535, -552.4141, 0.0000, 435.4219, -552.4141, 0.0000, 72, 62, 54
L  -460.2328, -546.8648, 0.0000, -436.4650, -546.8648, 0.0000, 72, 62, 54
L  -434.4716, -546.8648, 0.0000, -406.7373, -546.8648, 0.0000, 72, 62, 54
L  -402.9045, -546.8648, 0.0000, -388.2695, -546.8648, 0.0000, 96, 84, 74
L  -383.6902, -546.8648, 0.0000, -360.2851, -546.8648, 0.0000, 96, 84, 74
L  372.2153, -546.8648, 0.0000, 400.0063, -546.8648, 0.0000, 122, 108, 96
L  403.4147, -546.8648, 0.0000, 422.6915, -546.8648, 0.0000, 96, 84, 74
L  424.8828, -546.8648, 0.0000, 437.1947, -546.8648, 0.0000, 72, 62, 54
L  453.8110, -546.8648, 0.0000, 471.5455, -546.8648, 0.0000, 72, 62, 54
L  -471.5734, -541.3155, 0.0000, -458.1896, -541.3155, 0.0000, 72, 62, 54
L  -453.3950, -541.3155, 0.0000, -440.9436, -541.3155, 0.0000, 72, 62, 54
L  -438.7047, -541.3155, 0.0000, -428.0386, -541.3155, 0.0000, 72, 62, 54
L  -423.6318, -541.3155, 0.0000, -397.7172, -541.3155, 0.0000, 72, 62, 54
L  -393.2792, -541.3155, 0.0000, -373.4941, -541.3155, 0.0000, 96, 84, 74
L  -369.9819, -541.3155, 0.0000, -349.4479, -541.3155, 0.0000, 122, 108, 96
L  366.6318, -541.3155, 0.0000, 386.2191, -541.3155, 0.0000, 122, 108, 96
L  390.4281, -541.3155, 0.0000, 410.4189, -541.3155, 0.0000, 96, 84, 74
L  415.2368, -541.3155, 0.0000, 430.6774, -541.3155, 0.0000, 96, 84, 74
L  448.7909, -541.3155, 0.0000, 478.9755, -541.3155, 0.0000, 72, 62, 54
L  -479.7569, -535.7660, 0.0000, -467.3047, -535.7660, 0.0000, 72, 62, 54
L  -425.3394, -535.7660, 0.0000, -399.4780, -535.7660, 0.0000, 72, 62, 54
L  -397.4763, -535.7660, 0.0000, -373.6755, -535.7660, 0.0000, 96, 84, 74
L  -369.3373, -535.7660, 0.0000, -358.3128, -535.7660, 0.0000, 122, 108, 96
L  364.0355, -535.7660, 0.0000, 374.4550, -535.7660, 0.0000, 122, 108, 96
L  378.1227, -535.7660, 0.0000, 408.4117, -535.7660, 0.0000, 96, 84, 74
L  412.0177, -535.7660, 0.0000, 424.5615, -535.7660, 0.0000, 96, 84, 74
L  426.3148, -535.7660, 0.0000, 454.6239, -535.7660, 0.0000, 72, 62, 54
L  459.2226, -535.7660, 0.0000, 476.8162, -535.7660, 0.0000, 72, 62, 54
L  -434.4334, -530.2167, 0.0000, -407.9252, -530.2167, 0.0000, 72, 62, 54
L  -403.6191, -530.2167, 0.0000, -373.8800, -530.2167, 0.0000, 96, 84, 74
L  -370.7114, -530.2167, 0.0000, -353.2062, -530.2167, 0.0000, 122, 108, 96
L  358.1218, -530.2167, 0.0000, 369.4152, -530.2167, 0.0000, 122, 108, 96
L  372.3557, -530.2167, 0.0000, 392.4670, -530.2167, 0.0000, 122, 108, 96
L  396.8641, -530.2167, 0.0000, 407.6670, -530.2167, 0.0000, 96, 84, 74
L  451.9132, -530.2167, 0.0000, 470.6659, -530.2167, 0.0000, 72, 62, 54
L  -461.8542, -524.6672, 0.0000, -443.1820, -524.6672, 0.0000, 72, 62, 54
L  -440.2714, -524.6672, 0.0000, -411.3875, -524.6672, 0.0000, 72, 62, 54
L  -408.2962, -524.6672, 0.0000, -396.3704, -524.6672, 0.0000, 96, 84, 74
L  -391.8587, -524.6672, 0.0000, -368.5507, -524.6672, 0.0000, 96, 84, 74
L  348.3383, -524.6672, 0.0000, 378.6759, -524.6672, 0.0000, 122, 108, 96
L  382.7036, -524.6672, 0.0000, 410.0810, -524.6672, 0.0000, 96, 84, 74
L  414.6728, -524.6672, 0.0000, 435.4040, -524.6672, 0.0000, 96, 84, 74
L  453.2780, -524.6672, 0.0000, 472.4175, -524.6672, 0.0000, 72, 62, 54
L  -472.3848, -519.1180, 0.0000, -463.3336, -519.1180, 0.0000, 72, 62, 54
L  -461.1720, -519.1180, 0.0000, -433.6851, -519.1180, 0.0000, 72, 62, 54
L  -430.8914, -519.1180, 0.0000, -419.7339, -519.1180, 0.0000, 72, 62, 54
L  -417.1820, -519.1180, 0.0000, -406.2729, -519.1180, 0.0000, 96, 84, 74
L  -402.5001, -519.1180, 0.0000, -391.5905, -519.1180, 0.0000, 96, 84, 74
L  -388.5569, -519.1180, 0.0000, -368.3539, -519.1180, 0.0000, 96, 84, 74
L  363.3235, -519.1180, 0.0000, 384.4127, -519.1180, 0.0000, 122, 108, 96
L  386.6637, -519.1180, 0.0000, 416.3681, -519.1180, 0.0000, 96, 84, 74
L  -430.9408, -513.5686, 0.0000, -414.4375, -513.5686, 0.0000, 72, 62, 54
L  -412.5255, -513.5686, 0.0000, -389.1061, -513.5686, 0.0000, 96, 84, 74
L  -385.1635, -513.5686, 0.0000, -363.1131, -513.5686, 0.0000, 96, 84, 74
L  354.9628, -513.5686, 0.0000, 372.4996, -513.5686, 0.0000, 122, 108, 96
L  376.9438, -513.5686, 0.0000, 396.4967, -513.5686, 0.0000, 96, 84, 74
L  400.1323, -513.5686, 0.0000, 419.8114, -513.5686, 0.0000, 96, 84, 74
L  -476.8382, -508.0191, 0.0000, -462.9880, -508.0191, 0.0000, 72, 62, 54
L  -421.1400, -508.0191, 0.0000, -405.4402, -508.0191, 0.0000, 96, 84, 74
L  -401.6514, -508.0191, 0.0000, -384.2105, -508.0191, 0.0000, 96, 84, 74
L  -379.5360, -508.0191, 0.0000, -356.9875, -508.0191, 0.0000, 96, 84, 74
L  357.8325, -508.0191, 0.0000, 386.7600, -508.0191, 0.0000, 122, 108, 96
L  391.2122, -508.0191, 0.0000, 416.7406, -508.0191, 0.0000, 96, 84, 74
L  418.4056, -508.0191, 0.0000, 434.5609, -508.0191, 0.0000, 96, 84, 74
L  465.5872, -508.0191, 0.0000, 473.9138, -508.0191, 0.0000, 72, 62, 54
L  -475.8659, -502.4698, 0.0000, -462.9304, -502.4698, 0.0000, 72, 62, 54
L  -458.9987, -502.4698, 0.0000, -435.8574, -502.4698, 0.0000, 72, 62, 54
L  -433.8797, -502.4698, 0.0000, -405.7218, -502.4698, 0.0000, 72, 62, 54
L  -401.2272, -502.4698, 0.0000, -373.3287, -502.4698, 0.0000, 96, 84, 74
L  -369.2663, -502.4698, 0.0000, -346.5606, -502.4698, 0.0000, 122, 108, 96
L  366.8852, -502.4698, 0.0000, 395.3698, -502.4698, 0.0000, 122, 108, 96
L  399.6098, -502.4698, 0.0000, 427.4464, -502.4698, 0.0000, 96, 84, 74
L  449.4661, -502.4698, 0.0000, 465.6248, -502.4698, 0.0000, 72, 62, 54
L  470.5078, -502.4698, 0.0000, 480.8979, -502.4698, 0.0000, 72, 62, 54
L  -462.7763, -496.9204, 0.0000, -453.3913, -496.9204, 0.0000, 72, 62, 54
L  -419.7909, -496.9204, 0.0000, -399.3123, -496.9204, 0.0000, 96, 84, 74
L  -397.0775, -496.9204, 0.0000, -380.9483, -496.9204, 0.0000, 96, 84, 74
L  -379.3128, -496.9204, 0.0000, -359.1436, -496.9204, 0.0000, 96, 84, 74
L  366.7596, -496.9204, 0.0000, 395.2111, -496.9204, 0.0000, 122, 108, 96
L  399.8877, -496.9204, 0.0000, 430.1629, -496.9204, 0.0000, 96, 84, 74
L  432.0568, -496.9204, 0.0000, 446.3082, -496.9204, 0.0000, 72, 62, 54
L  448.5972, -496.9204, 0.0000, 473.8455, -496.9204, 0.0000, 72, 62, 54
L  -441.5424, -491.3710, 0.0000, -430.6454, -491.3710, 0.0000, 72, 62, 54
L  -427.9543, -491.3710, 0.0000, -413.1961, -491.3710, 0.0000, 72, 62, 54
L  -410.9853, -491.3710, 0.0000, -381.6810, -491.3710, 0.0000, 96, 84, 74
L  -378.9224, -491.3710, 0.0000, -350.5707, -491.3710, 0.0000, 96, 84, 74
L  352.5523, -491.3710, 0.0000, 372.0553, -491.3710, 0.0000, 122, 108, 96
L  376.0285, -491.3710, 0.0000, 403.6918, -491.3710, 0.0000, 122, 108, 96
L  405.3657, -491.3710, 0.0000, 428.0039, -491.3710, 0.0000, 96, 84, 74
L  467.1522, -491.3710, 0.0000, 479.6714, -491.3710, 0.0000, 72, 62, 54
L  -451.5341, -485.8217, 0.0000, -440.2233, -485.8217, 0.0000, 72, 62, 54
L  -437.9713, -485.8217, 0.0000, -424.9152, -485.8217, 0.0000, 72, 62, 54
L  -421.0236, -485.8217, 0.0000, -394.8942, -485.8217, 0.0000, 96, 84, 74
L  -391.1688, -485.8217, 0.0000, -365.7929, -485.8217, 0.0000, 96, 84, 74
L  357.5667, -485.8217, 0.0000, 376.9196, -485.8217, 0.0000, 122, 108, 96
L  378.6928, -485.8217, 0.0000, 397.3873, -485.8217, 0.0000, 96, 84, 74
L  400.5536, -485.8217, 0.0000, 419.2760, -485.8217, 0.0000, 96, 84, 74
L  422.5069, -485.8217, 0.0000, 435.0811, -485.8217, 0.0000, 72, 62, 54
L  -456.4006, -480.2722, 0.0000, -439.4808, -480.2722, 0.0000, 72, 62, 54
L  -436.8530, -480.2722, 0.0000, -420.1345, -480.2722, 0.0000, 72, 62, 54
L  -415.6741, -480.2722, 0.0000, -403.4951, -480.2722, 0.0000, 96, 84, 74
L  -401.6502, -480.2722, 0.0000, -373.5464, -480.2722, 0.0000, 96, 84, 74
L  -370.9907, -480.2722, 0.0000, -362.0323, -480.2722, 0.0000, 122, 108, 96
L  -360.2460, -480.2722, 0.0000, -349.0020, -480.2722, 0.0000, 122, 108, 96
L  362.9598, -480.2722, 0.0000, 375.9473, -480.2722, 0.0000, 122, 108, 96
L  379.0526, -480.2722, 0.0000, 388.9813, -480.2722, 0.0000, 96, 84, 74
L  391.5395, -480.2722, 0.0000, 420.1099, -480.2722, 0.0000, 96, 84, 74
L  -434.1838, -474.7230, 0.0000, -408.8098, -474.7230, 0.0000, 72, 62, 54
L  -405.2140, -474.7230, 0.0000, -396.1886, -474.7230, 0.0000, 96, 84, 74
L  -393.3891, -474.7230, 0.0000, -376.1676, -474.7230, 0.0000, 96, 84, 74
L  -373.8796, -474.7230, 0.0000, -348.6159, -474.7230, 0.0000, 122, 108, 96
L  353.2882, -474.7230, 0.0000, 368.9590, -474.7230, 0.0000, 122, 108, 96
L  370.8914, -474.7230, 0.0000, 382.9925, -474.7230, 0.0000, 122, 108, 96
L  386.7437, -474.7230, 0.0000, 415.2458, -474.7230, 0.0000, 96, 84, 74
L  450.1124, -474.7230, 0.0000, 478.7472, -474.7230, 0.0000, 72, 62, 54
L  -440.5083, -469.1735, 0.0000, -426.3460, -469.1735, 0.0000, 72, 62, 54
L  -424.5303, -469.1735, 0.0000, -416.0778, -469.1735, 0.0000, 72, 62, 54
L  -413.8893, -469.1735, 0.0000, -399.2653, -469.1735, 0.0000, 96, 84, 74
L  -395.9659, -469.1735, 0.0000, -382.9326, -469.1735, 0.0000, 96, 84, 74
L  -378.1449, -469.1735, 0.0000, -348.1159, -469.1735, 0.0000, 96, 84, 74
L  349.3383, -469.1735, 0.0000, 370.1864, -469.1735, 0.0000, 122, 108, 96
L  374.8228, -469.1735, 0.0000, 390.9529, -469.1735, 0.0000, 122, 108, 96
L  394.4014, -469.1735, 0.0000, 419.1881, -469.1735, 0.0000, 96, 84, 74
L  422.1149, -469.1735, 0.0000, 438.2578, -469.1735, 0.0000, 72, 62, 54
L  463.7680, -469.1735, 0.0000, 476.6668, -469.1735, 0.0000, 72, 62, 54
L  -473.8716, -463.6241, 0.0000, -458.1575, -463.6241, 0.0000, 72, 62, 54
L  -437.2510, -463.6241, 0.0000, -415.7815, -463.6241, 0.0000, 72, 62, 54
L  -411.4800, -463.6241, 0.0000, -401.7978, -463.6241, 0.0000, 96, 84, 74
L  -399.0732, -463.6241, 0.0000, -378.0566, -463.6241, 0.0000, 96, 84, 74
L  -375.9090, -463.6241, 0.0000, -350.5834, -463.6241, 0.0000, 122, 108, 96
L  373.3952, -463.6241, 0.0000, 393.6553, -463.6241, 0.0000, 122, 108, 96
L  397.3003, -463.6241, 0.0000, 423.8309, -463.6241, 0.0000, 96, 84, 74
L  425.6212, -463.6241, 0.0000, 454.0581, -463.6241, 0.0000, 72, 62, 54
L  -462.1131, -458.0748, 0.0000, -437.2424, -458.0748, 0.0000, 72, 62, 54
L  -434.0173, -458.0748, 0.0000, -405.5266, -458.0748, 0.0000, 72, 62, 54
L  -403.6602, -458.0748, 0.0000, -382.9373, -458.0748, 0.0000, 96, 84, 74
L  -380.0189, -458.0748, 0.0000, -360.4289, -458.0748, 0.0000, 96, 84, 74
L  356.6785, -458.0748, 0.0000, 367.2065, -458.0748, 0.0000, 122, 108, 96
L  369.1393, -458.0748, 0.0000, 383.7462, -458.0748, 0.0000, 122, 108, 96
L  387.1966, -458.0748, 0.0000, 409.9610, -458.0748, 0.0000, 96, 84, 74
L  411.6993, -458.0748, 0.0000, 437.5081, -458.0748, 0.0000, 96, 84, 74
L  456.1061, -458.0748, 0.0000, 476.7329, -458.0748, 0.0000, 72, 62, 54
L  -467.1831, -452.5254, 0.0000, -458.8468, -452.5254, 0.0000, 72, 62, 54
L  -455.4185, -452.5254, 0.0000, -429.1934, -452.5254, 0.0000, 72, 62, 54
L  -426.2946, -452.5254, 0.0000, -411.9337, -452.5254, 0.0000, 72, 62, 54
L  -408.8968, -452.5254, 0.0000, -388.7680, -452.5254, 0.0000, 96, 84, 74
L  -384.2882, -452.5254, 0.0000, -356.1895, -452.5254, 0.0000, 96, 84, 74
L  348.0998, -452.5254, 0.0000, 377.6136, -452.5254, 0.0000, 122, 108, 96
L  381.2375, -452.5254, 0.0000, 390.6938, -452.5254, 0.0000, 96, 84, 74
L  392.6391, -452.5254, 0.0000, 418.7250, -452.5254, 0.0000, 96, 84, 74
L  -469.0559, -446.9760, 0.0000, -456.1350, -446.9760, 0.0000, 72, 62, 54
L  -453.7292, -446.9760, 0.0000, -439.1618, -446.9760, 0.0000, 72, 62, 54
L  -436.6664, -446.9760, 0.0000, -412.9309, -446.9760, 0.0000, 72, 62, 54
L  -411.1101, -446.9760, 0.0000, -389.6565, -446.9760, 0.0000, 96, 84, 74
L  -386.1602, -446.9760, 0.0000, -358.4261, -446.9760, 0.0000, 96, 84, 74
L  351.0519, -446.9760, 0.0000, 365.0852, -446.9760, 0.0000, 122, 108, 96
L  367.2961, -446.9760, 0.0000, 377.4364, -446.9760, 0.0000, 122, 108, 96
L  381.3690, -446.9760, 0.0000, 396.4080, -446.9760, 0.0000, 96, 84, 74
L  398.9234, -446.9760, 0.0000, 413.7290, -446.9760, 0.0000, 96, 84, 74
L  453.3828, -446.9760, 0.0000, 472.6435, -446.9760, 0.0000, 72, 62, 54
L  -450.3445, -441.4266, 0.0000, -439.7232, -441.4266, 0.0000, 72, 62, 54
L  -435.1169, -441.4266, 0.0000, -418.7983, -441.4266, 0.0000, 72, 62, 54
L  -416.6169, -441.4266, 0.0000, -397.6512, -441.4266, 0.0000, 96, 84, 74
L  -394.9130, -441.4266, 0.0000, -375.7381, -441.4266, 0.0000, 96, 84, 74
L  -373.2979, -441.4266, 0.0000, -361.0111, -441.4266, 0.0000, 122, 108, 96
L  366.1607, -441.4266, 0.0000, 394.6026, -441.4266, 0.0000, 122, 108, 96
L  396.3398, -441.4266, 0.0000, 409.5726, -441.4266, 0.0000, 96, 84, 74
L  411.3789, -441.4266, 0.0000, 430.8872, -441.4266, 0.0000, 96, 84, 74
L  434.9662, -441.4266, 0.0000, 450.6640, -441.4266, 0.0000, 72, 62, 54
L  455.4254, -441.4266, 0.0000, 466.9883, -441.4266, 0.0000, 72, 62, 54
L  -464.5590, -435.8772, 0.0000, -450.7828, -435.8772, 0.0000, 72, 62, 54
L  -427.7263, -435.8772, 0.0000, -405.7833, -435.8772, 0.0000, 72, 62, 54
L  -403.1264, -435.8772, 0.0000, -390.8474, -435.8772, 0.0000, 96, 84, 74
L  -388.9549, -435.8772, 0.0000, -359.8826, -435.8772, 0.0000, 96, 84, 74
L  365.0125, -435.8772, 0.0000, 377.7721, -435.8772, 0.0000, 122, 108, 96
L  379.9914, -435.8772, 0.0000, 397.3690, -435.8772, 0.0000, 96, 84, 74
L  401.3337, -435.8772, 0.0000, 422.6872, -435.8772, 0.0000, 96, 84, 74
L  460.4683, -435.8772, 0.0000, 472.1726, -435.8772, 0.0000, 72, 62, 54
L  -463.0741, -430.3280, 0.0000, -435.8294, -430.3280, 0.0000, 72, 62, 54
L  -431.3985, -430.3280, 0.0000, -410.9559, -430.3280, 0.0000, 72, 62, 54
L  -408.8391, -430.3280, 0.0000, -391.2526, -430.3280, 0.0000, 96, 84, 74
L  -386.8234, -430.3280, 0.0000, -360.9550, -430.3280, 0.0000, 96, 84, 74
L  -358.9966, -430.3280, 0.0000, -350.2400, -430.3280, 0.0000, 122, 108, 96
L  352.8956, -430.3280, 0.0000, 379.7828, -430.3280, 0.0000, 122, 108, 96
L  381.9359, -430.3280, 0.0000, 406.2353, -430.3280, 0.0000, 96, 84, 74
L  410.0837, -430.3280, 0.0000, 432.1419, -430.3280, 0.0000, 96, 84, 74
L  435.1592, -430.3280, 0.0000, 458.5590, -430.3280, 0.0000, 72, 62, 54
L  -411.0666, -424.7785, 0.0000, -398.3055, -424.7785, 0.0000, 96, 84, 74
L  -395.2748, -424.7785, 0.0000, -375.8010, -424.7785, 0.0000, 96, 84, 74
L  347.6232, -424.7785, 0.0000, 376.8159, -424.7785, 0.0000, 122, 108, 96
L  381.4279, -424.7785, 0.0000, 397.4448, -424.7785, 0.0000, 96, 84, 74
L  400.9548, -424.7785, 0.0000, 428.8164, -424.7785, 0.0000, 96, 84, 74
L  -417.6703, -419.2291, 0.0000, -408.6136, -419.2291, 0.0000, 96, 84, 74
L  -404.9763, -419.2291, 0.0000, -379.1968, -419.2291, 0.0000, 96, 84, 74
L  -377.0429, -419.2291, 0.0000, -366.0463, -419.2291, 0.0000, 96, 84, 74
L  350.4346, -419.2291, 0.0000, 368.3767, -419.2291, 0.0000, 122, 108, 96
L  370.3173, -419.2291, 0.0000, 384.3191, -419.2291, 0.0000, 122, 108, 96
L  387.5908, -419.2291, 0.0000, 415.0565, -419.2291, 0.0000, 96, 84, 74
L  418.2964, -419.2291, 0.0000, 427.8569, -419.2291, 0.0000, 96, 84, 74
L  -418.9729, -413.6797, 0.0000, -400.0193, -413.6797, 0.0000, 96, 84, 74
L  -398.3212, -413.6797, 0.0000, -383.8292, -413.6797, 0.0000, 96, 84, 74
L  -380.1721, -413.6797, 0.0000, -367.6134, -413.6797, 0.0000, 96, 84, 74
L  346.6503, -413.6797, 0.0000, 374.5669, -413.6797, 0.0000, 122, 108, 96
L  377.1433, -413.6797, 0.0000, 405.1987, -413.6797, 0.0000, 96, 84, 74
L  407.8468, -413.6797, 0.0000, 428.1372, -413.6797, 0.0000, 96, 84, 74
L  429.8950, -413.6797, 0.0000, 460.4147, -413.6797, 0.0000, 72, 62, 54
L  -462.0113, -408.1304, 0.0000, -434.1668, -408.1304, 0.0000, 72, 62, 54
L  -430.5978, -408.1304, 0.0000, -410.8295, -408.1304, 0.0000, 72, 62, 54
L  -407.9064, -408.1304, 0.0000, -378.9402, -408.1304, 0.0000, 96, 84, 74
L  -375.6992, -408.1304, 0.0000, -358.0732, -408.1304, 0.0000, 122, 108, 96
L  349.3499, -408.1304, 0.0000, 378.6387, -408.1304, 0.0000, 122, 108, 96
L  382.4694, -408.1304, 0.0000, 395.6833, -408.1304, 0.0000, 96, 84, 74
L  398.8116, -408.1304, 0.0000, 418.6033, -408.1304, 0.0000, 96, 84, 74
L  423.2381, -408.1304, 0.0000, 452.2796, -408.1304, 0.0000, 72, 62, 54
L  454.1293, -408.1304, 0.0000, 474.4709, -408.1304, 0.0000, 72, 62, 54
L  -418.1673, -402.5810, 0.0000, -394.7969, -402.5810, 0.0000, 96, 84, 74
L  -392.6925, -402.5810, 0.0000, -363.2964, -402.5810, 0.0000, 96, 84, 74
L  -359.5769, -402.5810, 0.0000, -350.7564, -402.5810, 0.0000, 122, 108, 96
L  352.1364, -402.5810, 0.0000, 369.9810, -402.5810, 0.0000, 122, 108, 96
L  373.9312, -402.5810, 0.0000, 386.3847, -402.5810, 0.0000, 122, 108, 96
L  388.0483, -402.5810, 0.0000, 408.1160, -402.5810, 0.0000, 96, 84, 74
L  412.8157, -402.5810, 0.0000, 436.8866, -402.5810, 0.0000, 96, 84, 74
L  439.6809, -402.5810, 0.0000, 458.5870, -402.5810, 0.0000, 72, 62, 54
L  -471.6815, -397.0316, 0.0000, -452.1439, -397.0316, 0.0000, 72, 62, 54
L  -450.2826, -397.0316, 0.0000, -421.7682, -397.0316, 0.0000, 72, 62, 54
L  -417.4293, -397.0316, 0.0000, -395.8567, -397.0316, 0.0000, 96, 84, 74
L  -391.8065, -397.0316, 0.0000, -377.9912, -397.0316, 0.0000, 96, 84, 74
L  -375.9089, -397.0316, 0.0000, -363.9438, -397.0316, 0.0000, 122, 108, 96
L  -361.5149, -397.0316, 0.0000, -348.7745, -397.0316, 0.0000, 122, 108, 96
L  355.6739, -397.0316, 0.0000, 384.8706, -397.0316, 0.0000, 122, 108, 96
L  389.5461, -397.0316, 0.0000, 398.7528, -397.0316, 0.0000, 96, 84, 74
L  400.9376, -397.0316, 0.0000, 411.9362, -397.0316, 0.0000, 96, 84, 74
L  415.5033, -397.0316, 0.0000, 424.0834, -397.0316, 0.0000, 96, 84, 74
L  427.1861, -397.0316, 0.0000, 451.3317, -397.0316, 0.0000, 72, 62, 54
L  -408.1224, -391.4822, 0.0000, -389.4559, -391.4822, 0.0000, 96, 84, 74
L  -387.4825, -391.4822, 0.0000, -363.5376, -391.4822, 0.0000, 96, 84, 74
L  370.6237, -391.4822, 0.0000, 398.2128, -391.4822, 0.0000, 122, 108, 96
L  402.6900, -391.4822, 0.0000, 416.4432, -391.4822, 0.0000, 96, 84, 74
L  420.8521, -391.4822, 0.0000, 451.2393, -391.4822, 0.0000, 96, 84, 74
L  -435.4850, -385.9329, 0.0000, -414.8720, -385.9329, 0.0000, 72, 62, 54
L  -412.1026, -385.9329, 0.0000, -385.2142, -385.9329, 0.0000, 96, 84, 74
L  -381.4469, -385.9329, 0.0000, -364.2286, -385.9329, 0.0000, 96, 84, 74
L  -359.7385, -385.9329, 0.0000, -346.1462, -385.9329, 0.0000, 122, 108, 96
L  349.3828, -385.9329, 0.0000, 378.9451, -385.9329, 0.0000, 122, 108, 96
L  380.8650, -385.9329, 0.0000, 392.4094, -385.9329, 0.0000, 96, 84, 74
L  395.5832, -385.9329, 0.0000, 411.0469, -385.9329, 0.0000, 96, 84, 74
L  -463.8157, -380.3835, 0.0000, -451.0283, -380.3835, 0.0000, 72, 62, 54
L  -446.3303, -380.3835, 0.0000, -419.0156, -380.3835, 0.0000, 72, 62, 54
L  -416.7077, -380.3835, 0.0000, -391.5171, -380.3835, 0.0000, 96, 84, 74
L  -388.1038, -380.3835, 0.0000, -360.4951, -380.3835, 0.0000, 96, 84, 74
L  362.0739, -380.3835, 0.0000, 389.6457, -380.3835, 0.0000, 122, 108, 96
L  391.6301, -380.3835, 0.0000, 400.5838, -380.3835, 0.0000, 96, 84, 74
L  405.4184, -380.3835, 0.0000, 423.5080, -380.3835, 0.0000, 96, 84, 74
L  426.4780, -380.3835, 0.0000, 438.1337, -380.3835, 0.0000, 72, 62, 54
L  454.8367, -380.3835, 0.0000, 478.3894, -380.3835, 0.0000, 72, 62, 54
L  -415.9286, -374.8341, 0.0000, -405.1245, -374.8341, 0.0000, 96, 84, 74
L  -402.1760, -374.8341, 0.0000, -378.4000, -374.8341, 0.0000, 96, 84, 74
L  358.4510, -374.8341, 0.0000, 371.7000, -374.8341, 0.0000, 122, 108, 96
L  376.3071, -374.8341, 0.0000, 406.3464, -374.8341, 0.0000, 122, 108, 96
L  408.2967, -374.8341, 0.0000, 422.3375, -374.8341, 0.0000, 96, 84, 74
L  -419.9631, -369.2847, 0.0000, -398.3846, -369.2847, 0.0000, 96, 84, 74
L  -394.6863, -369.2847, 0.0000, -375.6493, -369.2847, 0.0000, 96, 84, 74
L  -371.6247, -369.2847, 0.0000, -346.9628, -369.2847, 0.0000, 122, 108, 96
L  365.6011, -369.2847, 0.0000, 385.1897, -369.2847, 0.0000, 122, 108, 96
L  388.3290, -369.2847, 0.0000, 401.3291, -369.2847, 0.0000, 96, 84, 74
L  406.0653, -369.2847, 0.0000, 433.5434, -369.2847, 0.0000, 96, 84, 74
L  435.8484, -369.2847, 0.0000, 453.8628, -369.2847, 0.0000, 72, 62, 54
L  456.7121, -369.2847, 0.0000, 466.8219, -369.2847, 0.0000, 72, 62, 54
L  -457.2538, -363.7354, 0.0000, -433.9328, -363.7354, 0.0000, 72, 62, 54
L  -431.4719, -363.7354, 0.0000, -413.2239, -363.7354, 0.0000, 72, 62, 54
L  -410.5638, -363.7354, 0.0000, -384.6352, -363.7354, 0.0000, 96, 84, 74
L  -379.9065, -363.7354, 0.0000, -351.1907, -363.7354, 0.0000, 96, 84, 74
L  350.4260, -363.7354, 0.0000, 358.6270, -363.7354, 0.0000, 122, 108, 96
L  360.4031, -363.7354, 0.0000, 370.9743, -363.7354, 0.0000, 122, 108, 96
L  373.3932, -363.7354, 0.0000, 398.0225, -363.7354, 0.0000, 122, 108, 96
L  402.4433, -363.7354, 0.0000, 429.4397, -363.7354, 0.0000, 96, 84, 74
L  -447.8874, -358.1859, 0.0000, -426.8967, -358.1859, 0.0000, 72, 62, 54
L  -424.8876, -358.1859, 0.0000, -395.0200, -358.1859, 0.0000, 72, 62, 54
L  -392.5495, -358.1859, 0.0000, -376.1161, -358.1859, 0.0000, 96, 84, 74
L  -372.7814, -358.1859, 0.0000, -354.8316, -358.1859, 0.0000, 122, 108, 96
L  367.1947, -358.1859, 0.0000, 380.3553, -358.1859, 0.0000, 122, 108, 96
L  384.5340, -358.1859, 0.0000, 396.0128, -358.1859, 0.0000, 96, 84, 74
L  398.7845, -358.1859, 0.0000, 410.5877, -358.1859, 0.0000, 96, 84, 74
L  -463.2916, -352.6366, 0.0000, -446.1371, -352.6366, 0.0000, 72, 62, 54
L  -412.2705, -352.6366, 0.0000, -388.2347, -352.6366, 0.0000, 96, 84, 74
L  -385.9115, -352.6366, 0.0000, -375.0614, -352.6366, 0.0000, 96, 84, 74
L  -371.3925, -352.6366, 0.0000, -348.0035, -352.6366, 0.0000, 122, 108, 96
L  362.5928, -352.6366, 0.0000, 380.2892, -352.6366, 0.0000, 122, 108, 96
L  384.3353, -352.6366, 0.0000, 403.7152, -352.6366, 0.0000, 96, 84, 74
L  406.4258, -352.6366, 0.0000, 430.3894, -352.6366, 0.0000, 96, 84, 74
L  461.8770, -352.6366, 0.0000, 480.8738, -352.6366, 0.0000, 72, 62, 54
L  -472.5372, -347.0872, 0.0000, -458.5110, -347.0872, 0.0000, 72, 62, 54
L  -455.5912, -347.0872, 0.0000, -431.8309, -347.0872, 0.0000, 72, 62, 54
L  -428.1094, -347.0872, 0.0000, -419.0627, -347.0872, 0.0000, 72, 62, 54
L  -417.2660, -347.0872, 0.0000, -401.9497, -347.0872, 0.0000, 96, 84, 74
L  -399.6969, -347.0872, 0.0000, -370.2656, -347.0872, 0.0000, 96, 84, 74
L  370.8306, -347.0872, 0.0000, 394.4687, -347.0872, 0.0000, 122, 108, 96
L  397.6982, -347.0872, 0.0000, 409.1192, -347.0872, 0.0000, 96, 84, 74
L  412.2965, -347.0872, 0.0000, 432.5144, -347.0872, 0.0000, 96, 84, 74
L  435.6466, -347.0872, 0.0000, 455.3697, -347.0872, 0.0000, 72, 62, 54
L  -433.0379, -341.5379, 0.0000, -417.0622, -341.5379, 0.0000, 72, 62, 54
L  -413.3905, -341.5379, 0.0000, -397.2427, -341.5379, 0.0000, 96, 84, 74
L  -394.7081, -341.5379, 0.0000, -381.7829, -341.5379, 0.0000, 96, 84, 74
L  -376.9388, -341.5379, 0.0000, -349.4712, -341.5379, 0.0000, 96, 84, 74
L  345.7293, -341.5379, 0.0000, 358.6896, -341.5379, 0.0000, 122, 108, 96
L  361.1951, -341.5379, 0.0000, 369.6275, -341.5379, 0.0000, 122, 108, 96
L  373.8138, -341.5379, 0.0000, 400.2830, -341.5379, 0.0000, 122, 108, 96
L  403.7272, -341.5379, 0.0000, 429.0954, -341.5379, 0.0000, 96, 84, 74
L  454.7098, -341.5379, 0.0000, 467.4455, -341.5379, 0.0000, 72, 62, 54
L  -460.9407, -335.9885, 0.0000, -446.0902, -335.9885, 0.0000, 72, 62, 54
L  -415.0110, -335.9885, 0.0000, -401.7661, -335.9885, 0.0000, 96, 84, 74
L  -398.5062, -335.9885, 0.0000, -385.4664, -335.9885, 0.0000, 96, 84, 74
L  -381.8289, -335.9885, 0.0000, -354.5668, -335.9885, 0.0000, 96, 84, 74
L  353.2061, -335.9885, 0.0000, 366.9514, -335.9885, 0.0000, 122, 108, 96
L  370.3800, -335.9885, 0.0000, 398.8209, -335.9885, 0.0000, 122, 108, 96
L  401.5706, -335.9885, 0.0000, 410.0381, -335.9885, 0.0000, 96, 84, 74
L  414.6266, -335.9885, 0.0000, 434.4845, -335.9885, 0.0000, 96, 84, 74
L  439.3091, -335.9885, 0.0000, 464.3356, -335.9885, 0.0000, 72, 62, 54
L  -417.4958, -330.4390, 0.0000, -391.4127, -330.4390, 0.0000, 96, 84, 74
L  -387.7744, -330.4390, 0.0000, -374.7467, -330.4390, 0.0000, 96, 84, 74
L  -372.9426, -330.4390, 0.0000, -359.7271, -330.4390, 0.0000, 122, 108, 96
L  352.8201, -330.4390, 0.0000, 364.2310, -330.4390, 0.0000, 122, 108, 96
L  367.3351, -330.4390, 0.0000, 385.2658, -330.4390, 0.0000, 122, 108, 96
L  387.5065, -330.4390, 0.0000, 407.5237, -330.4390, 0.0000, 96, 84, 74
L  409.6997, -330.4390, 0.0000, 429.4664, -330.4390, 0.0000, 96, 84, 74
L  431.6676, -330.4390, 0.0000, 442.1601, -330.4390, 0.0000, 72, 62, 54
L  -467.4489, -324.8897, 0.0000, -446.6378, -324.8897, 0.0000, 72, 62, 54
L  -444.8713, -324.8897, 0.0000, -427.7266, -324.8897, 0.0000, 72, 62, 54
L  -423.8600, -324.8897, 0.0000, -413.7442, -324.8897, 0.0000, 72, 62, 54
L  -408.9473, -324.8897, 0.0000, -392.2083, -324.8897, 0.0000, 96, 84, 74
L  -388.8741, -324.8897, 0.0000, -378.1626, -324.8897, 0.0000, 96, 84, 74
L  -374.1346, -324.8897, 0.0000, -364.7694, -324.8897, 0.0000, 122, 108, 96
L  -360.9444, -324.8897, 0.0000, -349.1012, -324.8897, 0.0000, 122, 108, 96
L  362.0052, -324.8897, 0.0000, 385.2930, -324.8897, 0.0000, 122, 108, 96
L  389.6441, -324.8897, 0.0000, 404.5760, -324.8897, 0.0000, 96, 84, 74
L  408.8933, -324.8897, 0.0000, 433.2042, -324.8897, 0.0000, 96, 84, 74
L  436.1689, -324.8897, 0.0000, 463.8375, -324.8897, 0.0000, 72, 62, 54
L  466.8682, -324.8897, 0.0000, 483.8855, -324.8897, 0.0000, 72, 62, 54
L  -469.1831, -319.3404, 0.0000, -445.4179, -319.3404, 0.0000, 72, 62, 54
L  -421.3420, -319.3404, 0.0000, -392.3061, -319.3404, 0.0000, 96, 84, 74
L  -390.4614, -319.3404, 0.0000, -371.1097, -319.3404, 0.0000, 96, 84, 74
L  -367.8477, -319.3404, 0.0000, -352.2293, -319.3404, 0.0000, 122, 108, 96
L  352.8363, -319.3404, 0.0000, 366.0401, -319.3404, 0.0000, 122, 108, 96
L  368.1204, -319.3404, 0.0000, 392.0932, -319.3404, 0.0000, 122, 108, 96
L  395.9957, -319.3404, 0.0000, 405.9831, -319.3404, 0.0000, 96, 84, 74
L  408.2682, -319.3404, 0.0000, 419.6412, -319.3404, 0.0000, 96, 84, 74
L  454.3632, -319.3404, 0.0000, 468.5108, -319.3404, 0.0000, 72, 62, 54
L  -472.1002, -313.7909, 0.0000, -456.0329, -313.7909, 0.0000, 72, 62, 54
L  -403.8624, -313.7909, 0.0000, -387.5143, -313.7909, 0.0000, 96, 84, 74
L  -385.3792, -313.7909, 0.0000, -365.4235, -313.7909, 0.0000, 96, 84, 74
L  348.4935, -313.7909, 0.0000, 366.2234, -313.7909, 0.0000, 122, 108, 96
L  367.9596, -313.7909, 0.0000, 398.0838, -313.7909, 0.0000, 122, 108, 96
L  402.9731, -313.7909, 0.0000, 430.3448, -313.7909, 0.0000, 96, 84, 74
L  453.2819, -313.7909, 0.0000, 480.3847, -313.7909, 0.0000, 72, 62, 54
L  -473.1627, -308.2416, 0.0000, -453.3309, -308.2416, 0.0000, 72, 62, 54
L  -421.6009, -308.2416, 0.0000, -400.2476, -308.2416, 0.0000, 96, 84, 74
L  -395.3891, -308.2416, 0.0000, -373.9251, -308.2416, 0.0000, 96, 84, 74
L  369.2189, -308.2416, 0.0000, 384.1585, -308.2416, 0.0000, 122, 108, 96
L  388.5907, -308.2416, 0.0000, 417.0532, -308.2416, 0.0000, 96, 84, 74
L  418.7218, -308.2416, 0.0000, 430.0324, -308.2416, 0.0000, 96, 84, 74
L  457.7226, -308.2416, 0.0000, 486.3130, -308.2416, 0.0000, 72, 62, 54
L  -466.2366, -302.6921, 0.0000, -445.7814, -302.6921, 0.0000, 72, 62, 54
L  -419.9987, -302.6921, 0.0000, -393.2132, -302.6921, 0.0000, 96, 84, 74
L  -390.9304, -302.6921, 0.0000, -365.1497, -302.6921, 0.0000, 96, 84, 74
L  345.0967, -302.6921, 0.0000, 374.7961, -302.6921, 0.0000, 122, 108, 96
L  378.9734, -302.6921, 0.0000, 405.3832, -302.6921, 0.0000, 96, 84, 74
L  409.4056, -302.6921, 0.0000, 434.8690, -302.6921, 0.0000, 96, 84, 74
L  453.1465, -302.6921, 0.0000, 478.3498, -302.6921, 0.0000, 72, 62, 54
L  -473.3932, -297.1429, 0.0000, -455.6937, -297.1429, 0.0000, 72, 62, 54
L  -433.6512, -297.1429, 0.0000, -403.5764, -297.1429, 0.0000, 72, 62, 54
L  -399.3658, -297.1429, 0.0000, -388.8482, -297.1429, 0.0000, 96, 84, 74
L  -384.1287, -297.1429, 0.0000, -358.8447, -297.1429, 0.0000, 96, 84, 74
L  356.3516, -297.1429, 0.0000, 369.2566, -297.1429, 0.0000, 122, 108, 96
L  374.0124, -297.1429, 0.0000, 386.8010, -297.1429, 0.0000, 122, 108, 96
L  390.0513, -297.1429, 0.0000, 413.4657, -297.1429, 0.0000, 96, 84, 74
L  -473.0805, -291.5935, 0.0000, -460.0138, -291.5935, 0.0000, 72, 62, 54
L  -457.3325, -291.5935, 0.0000, -433.3472, -291.5935, 0.0000, 72, 62, 54
L  -430.7424, -291.5935, 0.0000, -409.0215, -291.5935, 0.0000, 72, 62, 54
L  -405.9703, -291.5935, 0.0000, -383.8082, -291.5935, 0.0000, 96, 84, 74
L  -379.3448, -291.5935, 0.0000, -358.2556, -291.5935, 0.0000, 96, 84, 74
L  358.9861, -291.5935, 0.0000, 384.7471, -291.5935, 0.0000, 122, 108, 96
L  389.1791, -291.5935, 0.0000, 411.2965, -291.5935, 0.0000, 96, 84, 74
L  414.4935, -291.5935, 0.0000, 425.6107, -291.5935, 0.0000, 96, 84, 74
L  430.2239, -291.5935, 0.0000, 454.8029, -291.5935, 0.0000, 72, 62, 54
L  457.8906, -291.5935, 0.0000, 486.1137, -291.5935, 0.0000, 72, 62, 54
L  -464.5645, -286.0440, 0.0000, -451.4371, -286.0440, 0.0000, 72, 62, 54
L  -447.5004, -286.0440, 0.0000, -435.3749, -286.0440, 0.0000, 72, 62, 54
L  -431.0197, -286.0440, 0.0000, -409.1068, -286.0440, 0.0000, 72, 62, 54
L  -405.7433, -286.0440, 0.0000, -385.6406, -286.0440, 0.0000, 96, 84, 74
L  -381.6898, -286.0440, 0.0000, -373.0234, -286.0440, 0.0000, 96, 84, 74
L  -368.8760, -286.0440, 0.0000, -347.9897, -286.0440, 0.0000, 122, 108, 96
L  355.3774, -286.0440, 0.0000, 368.2974, -286.0440, 0.0000, 122, 108, 96
L  373.0346, -286.0440, 0.0000, 393.5877, -286.0440, 0.0000, 122, 108, 96
L  398.3089, -286.0440, 0.0000, 414.7480, -286.0440, 0.0000, 96, 84, 74
L  416.9437, -286.0440, 0.0000, 432.1654, -286.0440, 0.0000, 96, 84, 74
L  435.9234, -286.0440, 0.0000, 463.7064, -286.0440, 0.0000, 72, 62, 54
L  466.6116, -286.0440, 0.0000, 479.1626, -286.0440, 0.0000, 72, 62, 54
L  -461.6822, -280.4947, 0.0000, -432.5858, -280.4947, 0.0000, 72, 62, 54
L  -427.9190, -280.4947, 0.0000, -400.5231, -280.4947, 0.0000, 72, 62, 54
L  -396.3414, -280.4947, 0.0000, -380.5027, -280.4947, 0.0000, 96, 84, 74
L  -378.2754, -280.4947, 0.0000, -357.5344, -280.4947, 0.0000, 96, 84, 74
L  353.4485, -280.4947, 0.0000, 376.7015, -280.4947, 0.0000, 122, 108, 96
L  380.1688, -280.4947, 0.0000, 394.2966, -280.4947, 0.0000, 96, 84, 74
L  396.1089, -280.4947, 0.0000, 407.7676, -280.4947, 0.0000, 96, 84, 74
L  410.0513, -280.4947, 0.0000, 432.4324, -280.4947, 0.0000, 96, 84, 74
L  435.7574, -280.4947, 0.0000, 454.9724, -280.4947, 0.0000, 72, 62, 54
L  458.6054, -280.4947, 0.0000, 477.4192, -280.4947, 0.0000, 72, 62, 54
L  -474.6756, -274.9453, 0.0000, -459.4937, -274.9453, 0.0000, 72, 62, 54
L  -457.6270, -274.9453, 0.0000, -435.0187, -274.9453, 0.0000, 72, 62, 54
L  -431.7214, -274.9453, 0.0000, -412.6645, -274.9453, 0.0000, 72, 62, 54
L  -408.6216, -274.9453, 0.0000, -393.8897, -274.9453, 0.0000, 96, 84, 74
L  -389.3388, -274.9453, 0.0000, -359.1929, -274.9453, 0.0000, 96, 84, 74
L  359.5965, -274.9453, 0.0000, 381.6744, -274.9453, 0.0000, 122, 108, 96
L  385.0779, -274.9453, 0.0000, 414.0248, -274.9453, 0.0000, 96, 84, 74
L  -462.9027, -269.3959, 0.0000, -434.1315, -269.3959, 0.0000, 72, 62, 54
L  -431.7341, -269.3959, 0.0000, -408.6132, -269.3959, 0.0000, 72, 62, 54
L  -405.8375, -269.3959, 0.0000, -386.3270, -269.3959, 0.0000, 96, 84, 74
L  -384.3129, -269.3959, 0.0000, -359.0443, -269.3959, 0.0000, 96, 84, 74
L  354.4876, -269.3959, 0.0000, 373.5604, -269.3959, 0.0000, 122, 108, 96
L  378.1092, -269.3959, 0.0000, 388.3576, -269.3959, 0.0000, 96, 84, 74
L  392.8087, -269.3959, 0.0000, 422.1199, -269.3959, 0.0000, 96, 84, 74
L  424.5554, -269.3959, 0.0000, 434.1448, -269.3959, 0.0000, 72, 62, 54
L  437.9718, -269.3959, 0.0000, 459.5284, -269.3959, 0.0000, 72, 62, 54
L  463.6232, -269.3959, 0.0000, 483.6556, -269.3959, 0.0000, 72, 62, 54
L  -469.6226, -263.8466, 0.0000, -451.5470, -263.8466, 0.0000, 72, 62, 54
L  -449.5994, -263.8466, 0.0000, -426.4694, -263.8466, 0.0000, 72, 62, 54
L  -422.1913, -263.8466, 0.0000, -396.2063, -263.8466, 0.0000, 72, 62, 54
L  -391.3655, -263.8466, 0.0000, -368.3581, -263.8466, 0.0000, 96, 84, 74
L  353.7774, -263.8466, 0.0000, 381.2907, -263.8466, 0.0000, 122, 108, 96
L  386.0471, -263.8466, 0.0000, 410.0917, -263.8466, 0.0000, 96, 84, 74
L  413.9530, -263.8466, 0.0000, 427.2566, -263.8466, 0.0000, 96, 84, 74
L  429.4150, -263.8466, 0.0000, 457.7789, -263.8466, 0.0000, 72, 62, 54
L  461.1559, -263.8466, 0.0000, 475.9176, -263.8466, 0.0000, 72, 62, 54
L  -471.8347, -258.2971, 0.0000, -459.1994, -258.2971, 0.0000, 72, 62, 54
L  -409.7936, -258.2971, 0.0000, -384.5961, -258.2971, 0.0000, 96, 84, 74
L  -379.7799, -258.2971, 0.0000, -370.9555, -258.2971, 0.0000, 96, 84, 74
L  -367.1028, -258.2971, 0.0000, -353.8196, -258.2971, 0.0000, 122, 108, 96
L  348.9484, -258.2971, 0.0000, 369.3172, -258.2971, 0.0000, 122, 108, 96
L  373.9651, -258.2971, 0.0000, 397.2523, -258.2971, 0.0000, 122, 108, 96
L  401.3342, -258.2971, 0.0000, 410.7388, -258.2971, 0.0000, 96, 84, 74
L  -422.7369, -252.7479, 0.0000, -408.6696, -252.7479, 0.0000, 72, 62, 54
L  -404.7342, -252.7479, 0.0000, -391.7588, -252.7479, 0.0000, 96, 84, 74
L  -389.2423, -252.7479, 0.0000, -363.6084, -252.7479, 0.0000, 96, 84, 74
L  353.5305, -252.7479, 0.0000, 363.3770, -252.7479, 0.0000, 122, 108, 96
L  366.8120, -252.7479, 0.0000, 396.5425, -252.7479, 0.0000, 122, 108, 96
L  398.9604, -252.7479, 0.0000, 409.7362, -252.7479, 0.0000, 96, 84, 74
L  456.0887, -252.7479, 0.0000, 465.3757, -252.7479, 0.0000, 72, 62, 54
L  468.0616, -252.7479, 0.0000, 481.0834, -252.7479, 0.0000, 72, 62, 54
L  -463.7823, -247.1984, 0.0000, -433.1824, -247.1984, 0.0000, 72, 62, 54
L  -430.8355, -247.1984, 0.0000, -403.2792, -247.1984, 0.0000, 72, 62, 54
L  -399.6986, -247.1984, 0.0000, -387.8143, -247.1984, 0.0000, 96, 84, 74
L  -385.6532, -247.1984, 0.0000, -369.0964, -247.1984, 0.0000, 96, 84, 74
L  -366.0447, -247.1984, 0.0000, -349.4156, -247.1984, 0.0000, 122, 108, 96
L  353.1641, -247.1984, 0.0000, 363.9207, -247.1984, 0.0000, 122, 108, 96
L  365.6086, -247.1984, 0.0000, 377.6204, -247.1984, 0.0000, 122, 108, 96
L  380.2389, -247.1984, 0.0000, 403.1432, -247.1984, 0.0000, 96, 84, 74
L  406.6000, -247.1984, 0.0000, 416.6000, -247.1984, 0.0000, 96, 84, 74
L  419.1238, -247.1984, 0.0000, 436.8467, -247.1984, 0.0000, 96, 84, 74
L  456.7717, -247.1984, 0.0000, 485.4125, -247.1984, 0.0000, 72, 62, 54
L  -413.4952, -241.6490, 0.0000, -394.3513, -241.6490, 0.0000, 96, 84, 74
L  -390.7864, -241.6490, 0.0000, -370.4768, -241.6490, 0.0000, 96, 84, 74
L  353.7158, -241.6490, 0.0000, 373.8958, -241.6490, 0.0000, 122, 108, 96
L  378.2114, -241.6490, 0.0000, 396.1444, -241.6490, 0.0000, 96, 84, 74
L  400.8471, -241.6490, 0.0000, 409.8285, -241.6490, 0.0000, 96, 84, 74
L  414.6272, -241.6490, 0.0000, 424.9551, -241.6490, 0.0000, 96, 84, 74
L  -471.9932, -236.0997, 0.0000, -456.5050, -236.0997, 0.0000, 72, 62, 54
L  -452.4336, -236.0997, 0.0000, -431.9511, -236.0997, 0.0000, 72, 62, 54
L  -429.4788, -236.0997, 0.0000, -411.6353, -236.0997, 0.0000, 72, 62, 54
L  -408.4371, -236.0997, 0.0000, -397.7407, -236.0997, 0.0000, 96, 84, 74
L  -393.1400, -236.0997, 0.0000, -377.2877, -236.0997, 0.0000, 96, 84, 74
L  -374.6228, -236.0997, 0.0000, -363.7916, -236.0997, 0.0000, 122, 108, 96
L  346.5836, -236.0997, 0.0000, 355.7548, -236.0997, 0.0000, 122, 108, 96
L  359.3659, -236.0997, 0.0000, 376.9127, -236.0997, 0.0000, 122, 108, 96
L  381.4045, -236.0997, 0.0000, 405.3616, -236.0997, 0.0000, 96, 84, 74
L  408.3568, -236.0997, 0.0000, 422.0812, -236.0997, 0.0000, 96, 84, 74
L  424.5897, -236.0997, 0.0000, 433.8639, -236.0997, 0.0000, 72, 62, 54
L  437.7982, -236.0997, 0.0000, 459.8967, -236.0997, 0.0000, 72, 62, 54
L  461.7284, -236.0997, 0.0000, 476.7665, -236.0997, 0.0000, 72, 62, 54
L  -471.2734, -230.5503, 0.0000, -450.5911, -230.5503, 0.0000, 72, 62, 54
L  -436.5238, -230.5503, 0.0000, -422.3841, -230.5503, 0.0000, 72, 62, 54
L  -420.4301, -230.5503, 0.0000, -407.0096, -230.5503, 0.0000, 96, 84, 74
L  -404.2677, -230.5503, 0.0000, -380.2292, -230.5503, 0.0000, 96, 84, 74
L  -377.1562, -230.5503, 0.0000, -359.4997, -230.5503, 0.0000, 96, 84, 74
L  350.4656, -230.5503, 0.0000, 364.2331, -230.5503, 0.0000, 122, 108, 96
L  367.8743, -230.5503, 0.0000, 395.0719, -230.5503, 0.0000, 122, 108, 96
L  397.6499, -230.5503, 0.0000, 423.7679, -230.5503, 0.0000, 96, 84, 74
L  463.0029, -230.5503, 0.0000, 477.1612, -230.5503, 0.0000, 72, 62, 54
L  -431.1684, -225.0009, 0.0000, -409.0726, -225.0009, 0.0000, 72, 62, 54
L  -406.6925, -225.0009, 0.0000, -378.6421, -225.0009, 0.0000, 96, 84, 74
L  -375.0741, -225.0009, 0.0000, -362.8477, -225.0009, 0.0000, 122, 108, 96
L  369.4382, -225.0009, 0.0000, 400.0304, -225.0009, 0.0000, 122, 108, 96
L  403.9956, -225.0009, 0.0000, 428.9724, -225.0009, 0.0000, 96, 84, 74
L  432.3099, -225.0009, 0.0000, 462.1024, -225.0009, 0.0000, 72, 62, 54
L  465.7266, -225.0009, 0.0000, 483.9763, -225.0009, 0.0000, 72, 62, 54
L  -417.1696, -219.4515, 0.0000, -387.6113, -219.4515, 0.0000, 96, 84, 74
L  -383.8589, -219.4515, 0.0000, -354.9008, -219.4515, 0.0000, 96, 84, 74
L  346.7900, -219.4515, 0.0000, 367.6388, -219.4515, 0.0000, 122, 108, 96
L  370.2475, -219.4515, 0.0000, 384.4414, -219.4515, 0.0000, 122, 108, 96
L  387.7807, -219.4515, 0.0000, 411.2417, -219.4515, 0.0000, 96, 84, 74
L  -409.2659, -213.9021, 0.0000, -389.3799, -213.9021, 0.0000, 96, 84, 74
L  -387.5752, -213.9021, 0.0000, -369.9092, -213.9021, 0.0000, 96, 84, 74
L  -366.0079, -213.9021, 0.0000, -348.8280, -213.9021, 0.0000, 122, 108, 96
L  355.3250, -213.9021, 0.0000, 367.8209, -213.9021, 0.0000, 122, 108, 96
L  370.9444, -213.9021, 0.0000, 398.4517, -213.9021, 0.0000, 122, 108, 96
L  402.4059, -213.9021, 0.0000, 426.8851, -213.9021, 0.0000, 96, 84, 74
L  430.8230, -213.9021, 0.0000, 449.1949, -213.9021, 0.0000, 72, 62, 54
L  452.8260, -213.9021, 0.0000, 471.2307, -213.9021, 0.0000, 72, 62, 54
L  -479.6550, -208.3529, 0.0000, -450.3496, -208.3529, 0.0000, 72, 62, 54
L  -430.5989, -208.3529, 0.0000, -404.8245, -208.3529, 0.0000, 72, 62, 54
L  -400.4910, -208.3529, 0.0000, -381.4467, -208.3529, 0.0000, 96, 84, 74
L  -378.2749, -208.3529, 0.0000, -354.0081, -208.3529, 0.0000, 96, 84, 74
L  348.7207, -208.3529, 0.0000, 372.9917, -208.3529, 0.0000, 122, 108, 96
L  375.6171, -208.3529, 0.0000, 405.5691, -208.3529, 0.0000, 122, 108, 96
L  410.2674, -208.3529, 0.0000, 428.3946, -208.3529, 0.0000, 96, 84, 74
L  461.7368, -208.3529, 0.0000, 483.3770, -208.3529, 0.0000, 72, 62, 54
L  -480.8372, -202.8034, 0.0000, -462.8373, -202.8034, 0.0000, 72, 62, 54
L  -458.5383, -202.8034, 0.0000, -430.6256, -202.8034, 0.0000, 72, 62, 54
L  -428.5277, -202.8034, 0.0000, -407.4830, -202.8034, 0.0000, 72, 62, 54
L  -404.9690, -202.8034, 0.0000, -391.5297, -202.8034, 0.0000, 96, 84, 74
L  -389.0492, -202.8034, 0.0000, -363.5662, -202.8034, 0.0000, 96, 84, 74
L  -359.2422, -202.8034, 0.0000, -347.3083, -202.8034, 0.0000, 122, 108, 96
L  353.8904, -202.8034, 0.0000, 380.1753, -202.8034, 0.0000, 122, 108, 96
L  384.4906, -202.8034, 0.0000, 410.0969, -202.8034, 0.0000, 96, 84, 74
L  412.1749, -202.8034, 0.0000, 427.6273, -202.8034, 0.0000, 96, 84, 74
L  429.7576, -202.8034, 0.0000, 454.3176, -202.8034, 0.0000, 72, 62, 54
L  456.6296, -202.8034, 0.0000, 476.1975, -202.8034, 0.0000, 72, 62, 54
L  -480.3343, -197.2540, 0.0000, -453.5123, -197.2540, 0.0000, 72, 62, 54
L  -450.4465, -197.2540, 0.0000, -437.4063, -197.2540, 0.0000, 72, 62, 54
L  -433.2240, -197.2540, 0.0000, -409.7398, -197.2540, 0.0000, 72, 62, 54
L  -405.9438, -197.2540, 0.0000, -396.7468, -197.2540, 0.0000, 96, 84, 74
L  -393.8521, -197.2540, 0.0000, -374.3385, -197.2540, 0.0000, 96, 84, 74
L  353.2375, -197.2540, 0.0000, 382.1084, -197.2540, 0.0000, 122, 108, 96
L  386.2810, -197.2540, 0.0000, 394.8284, -197.2540, 0.0000, 96, 84, 74
L  399.5858, -197.2540, 0.0000, 429.5225, -197.2540, 0.0000, 96, 84, 74
L  464.0854, -197.2540, 0.0000, 481.6407, -197.2540, 0.0000, 72, 62, 54
L  -478.3852, -191.7046, 0.0000, -453.5713, -191.7046, 0.0000, 72, 62, 54
L  -450.9766, -191.7046, 0.0000, -423.1758, -191.7046, 0.0000, 72, 62, 54
L  -421.3816, -191.7046, 0.0000, -391.0096, -191.7046, 0.0000, 96, 84, 74
L  -389.0170, -191.7046, 0.0000, -359.1872, -191.7046, 0.0000, 96, 84, 74
L  357.3753, -191.7046, 0.0000, 385.7456, -191.7046, 0.0000, 122, 108, 96
L  389.2262, -191.7046, 0.0000, 405.8853, -191.7046, 0.0000, 96, 84, 74
L  -467.9753, -186.1553, 0.0000, -455.9353, -186.1553, 0.0000, 72, 62, 54
L  -451.3921, -186.1553, 0.0000, -426.1064, -186.1553, 0.0000, 72, 62, 54
L  -421.8613, -186.1553, 0.0000, -406.9629, -186.1553, 0.0000, 72, 62, 54
L  -404.8714, -186.1553, 0.0000, -384.1822, -186.1553, 0.0000, 96, 84, 74
L  -382.3251, -186.1553, 0.0000, -356.9466, -186.1553, 0.0000, 96, 84, 74
L  347.7419, -186.1553, 0.0000, 360.5849, -186.1553, 0.0000, 122, 108, 96
L  364.8303, -186.1553, 0.0000, 390.1075, -186.1553, 0.0000, 122, 108, 96
L  394.7006, -186.1553, 0.0000, 418.8167, -186.1553, 0.0000, 96, 84, 74
L  461.0624, -186.1553, 0.0000, 478.3919, -186.1553, 0.0000, 72, 62, 54
L  -426.3268, -180.6059, 0.0000, -398.1200, -180.6059, 0.0000, 72, 62, 54
L  -395.9995, -180.6059, 0.0000, -370.0251, -180.6059, 0.0000, 96, 84, 74
L  353.5960, -180.6059, 0.0000, 368.0922, -180.6059, 0.0000, 122, 108, 96
L  372.3299, -180.6059, 0.0000, 385.0577, -180.6059, 0.0000, 122, 108, 96
L  388.8790, -180.6059, 0.0000, 405.8975, -180.6059, 0.0000, 96, 84, 74
L  466.5100, -180.6059, 0.0000, 483.2870, -180.6059, 0.0000, 72, 62, 54
L  -475.8490, -175.0565, 0.0000, -453.8906, -175.0565, 0.0000, 72, 62, 54
L  -420.4893, -175.0565, 0.0000, -395.5585, -175.0565, 0.0000, 96, 84, 74
L  -391.4173, -175.0565, 0.0000, -374.7936, -175.0565, 0.0000, 96, 84, 74
L  -371.4139, -175.0565, 0.0000, -347.4308, -175.0565, 0.0000, 122, 108, 96
L  364.5296, -175.0565, 0.0000, 378.6638, -175.0565, 0.0000, 122, 108, 96
L  380.3230, -175.0565, 0.0000, 403.5563, -175.0565, 0.0000, 96, 84, 74
L  407.2972, -175.0565, 0.0000, 419.1402, -175.0565, 0.0000, 96, 84, 74
L  445.2080, -175.0565, 0.0000, 465.6976, -175.0565, 0.0000, 72, 62, 54
L  -466.8021, -169.5071, 0.0000, -441.3291, -169.5071, 0.0000, 72, 62, 54
L  -439.5070, -169.5071, 0.0000, -417.9407, -169.5071, 0.0000, 72, 62, 54
L  -413.7660, -169.5071, 0.0000, -384.7167, -169.5071, 0.0000, 96, 84, 74
L  -382.1564, -169.5071, 0.0000, -361.1212, -169.5071, 0.0000, 96, 84, 74
L  -357.3648, -169.5071, 0.0000, -346.0736, -169.5071, 0.0000, 122, 108, 96
L  370.6853, -169.5071, 0.0000, 398.5255, -169.5071, 0.0000, 122, 108, 96
L  401.5418, -169.5071, 0.0000, 430.1950, -169.5071, 0.0000, 96, 84, 74
L  433.2997, -169.5071, 0.0000, 457.0103, -169.5071, 0.0000, 72, 62, 54
L  459.6847, -169.5071, 0.0000, 469.6258, -169.5071, 0.0000, 72, 62, 54
L  472.4236, -169.5071, 0.0000, 482.4090, -169.5071, 0.0000, 72, 62, 54
L  -423.8881, -163.9579, 0.0000, -409.0944, -163.9579, 0.0000, 72, 62, 54
L  -407.1224, -163.9579, 0.0000, -389.2961, -163.9579, 0.0000, 96, 84, 74
L  -385.3445, -163.9579, 0.0000, -365.1930, -163.9579, 0.0000, 96, 84, 74
L  363.1306, -163.9579, 0.0000, 376.4861, -163.9579, 0.0000, 122, 108, 96
L  380.8958, -163.9579, 0.0000, 399.7470, -163.9579, 0.0000, 96, 84, 74
L  450.1528, -163.9579, 0.0000, 475.5224, -163.9579, 0.0000, 72, 62, 54
L  -439.8210, -158.4084, 0.0000, -419.6067, -158.4084, 0.0000, 72, 62, 54
L  -414.9339, -158.4084, 0.0000, -389.4901, -158.4084, 0.0000, 96, 84, 74
L  -387.0174, -158.4084, 0.0000, -370.6389, -158.4084, 0.0000, 96, 84, 74
L  375.0811, -158.4084, 0.0000, 398.3132, -158.4084, 0.0000, 122, 108, 96
L  402.5940, -158.4084, 0.0000, 431.1683, -158.4084, 0.0000, 96, 84, 74
L  457.8225, -158.4084, 0.0000, 480.7959, -158.4084, 0.0000, 72, 62, 54
L  -460.9860, -152.8590, 0.0000, -438.1124, -152.8590, 0.0000, 72, 62, 54
L  -435.1462, -152.8590, 0.0000, -426.4708, -152.8590, 0.0000, 72, 62, 54
L  -424.0665, -152.8590, 0.0000, -411.8977, -152.8590, 0.0000, 72, 62, 54
L  -409.4446, -152.8590, 0.0000, -397.2074, -152.8590, 0.0000, 96, 84, 74
L  -394.3610, -152.8590, 0.0000, -382.9848, -152.8590, 0.0000, 96, 84, 74
L  -380.2638, -152.8590, 0.0000, -358.0069, -152.8590, 0.0000, 96, 84, 74
L  357.8286, -152.8590, 0.0000, 380.0452, -152.8590, 0.0000, 122, 108, 96
L  383.4829, -152.8590, 0.0000, 391.8558, -152.8590, 0.0000, 96, 84, 74
L  395.7737, -152.8590, 0.0000, 417.9611, -152.8590, 0.0000, 96, 84, 74
L  420.8194, -152.8590, 0.0000, 431.8544, -152.8590, 0.0000, 96, 84, 74
L  448.9327, -152.8590, 0.0000, 471.7931, -152.8590, 0.0000, 72, 62, 54
L  -425.1729, -147.3096, 0.0000, -414.4312, -147.3096, 0.0000, 72, 62, 54
L  -412.4258, -147.3096, 0.0000, -395.3421, -147.3096, 0.0000, 96, 84, 74
L  -391.0822, -147.3096, 0.0000, -364.6498, -147.3096, 0.0000, 96, 84, 74
L  366.0166, -147.3096, 0.0000, 391.8745, -147.3096, 0.0000, 122, 108, 96
L  395.7819, -147.3096, 0.0000, 413.6398, -147.3096, 0.0000, 96, 84, 74
L  415.4991, -147.3096, 0.0000, 442.6428, -147.3096, 0.0000, 96, 84, 74
L  446.9841, -147.3096, 0.0000, 460.7905, -147.3096, 0.0000, 72, 62, 54
L  -454.8279, -141.7603, 0.0000, -439.7493, -141.7603, 0.0000, 72, 62, 54
L  -438.0001, -141.7603, 0.0000, -429.3638, -141.7603, 0.0000, 72, 62, 54
L  -427.4093, -141.7603, 0.0000, -409.6991, -141.7603, 0.0000, 72, 62, 54
L  -406.0472, -141.7603, 0.0000, -375.6280, -141.7603, 0.0000, 96, 84, 74
L  -373.3204, -141.7603, 0.0000, -352.5257, -141.7603, 0.0000, 122, 108, 96
L  353.3868, -141.7603, 0.0000, 380.5243, -141.7603, 0.0000, 122, 108, 96
L  384.6950, -141.7603, 0.0000, 405.1848, -141.7603, 0.0000, 96, 84, 74
L  408.0242, -141.7603, 0.0000, 427.3518, -141.7603, 0.0000, 96, 84, 74
L  429.8310, -141.7603, 0.0000, 448.8766, -141.7603, 0.0000, 72, 62, 54
L  450.9193, -141.7603, 0.0000, 464.2035, -141.7603, 0.0000, 72, 62, 54
L  468.6672, -141.7603, 0.0000, 481.7861, -141.7603, 0.0000, 72, 62, 54
L  -426.6117, -136.2108, 0.0000, -418.3513, -136.2108, 0.0000, 72, 62, 54
L  -413.7924, -136.2108, 0.0000, -403.3686, -136.2108, 0.0000, 96, 84, 74
L  -401.0823, -136.2108, 0.0000, -376.9878, -136.2108, 0.0000, 96, 84, 74
L  -372.6282, -136.2108, 0.0000, -357.6411, -136.2108, 0.0000, 122, 108, 96
L  371.2150, -136.2108, 0.0000, 393.2734, -136.2108, 0.0000, 122, 108, 96
L  395.5671, -136.2108, 0.0000, 422.7993, -136.2108, 0.0000, 96, 84, 74
L  -457.8248, -130.6615, 0.0000, -434.7702, -130.6615, 0.0000, 72, 62, 54
L  -432.5353, -130.6615, 0.0000, -419.2493, -130.6615, 0.0000, 72, 62, 54
L  -417.2315, -130.6615, 0.0000, -396.2399, -130.6615, 0.0000, 96, 84, 74
L  -392.1894, -130.6615, 0.0000, -369.0196, -130.6615, 0.0000, 96, 84, 74
L  -364.4810, -130.6615, 0.0000, -355.5274, -130.6615, 0.0000, 122, 108, 96
L  354.7709, -130.6615, 0.0000, 380.1520, -130.6615, 0.0000, 122, 108, 96
L  384.1508, -130.6615, 0.0000, 392.4394, -130.6615, 0.0000, 96, 84, 74
L  397.0669, -130.6615, 0.0000, 425.8802, -130.6615, 0.0000, 96, 84, 74
L  429.1970, -130.6615, 0.0000, 458.9268, -130.6615, 0.0000, 72, 62, 54
L  -465.0445, -125.1121, 0.0000, -442.7694, -125.1121, 0.0000, 72, 62, 54
L  -439.4045, -125.1121, 0.0000, -429.7925, -125.1121, 0.0000, 72, 62, 54
L  -426.2190, -125.1121, 0.0000, -417.2474, -125.1121, 0.0000, 72, 62, 54
L  -415.0182, -125.1121, 0.0000, -393.9741, -125.1121, 0.0000, 96, 84, 74
L  -390.5937, -125.1121, 0.0000, -380.7733, -125.1121, 0.0000, 96, 84, 74
L  -375.9530, -125.1121, 0.0000, -362.5591, -125.1121, 0.0000, 122, 108, 96
L  346.6215, -125.1121, 0.0000, 371.5917, -125.1121, 0.0000, 122, 108, 96
L  373.9808, -125.1121, 0.0000, 396.8479, -125.1121, 0.0000, 122, 108, 96
L  401.3033, -125.1121, 0.0000, 412.3648, -125.1121, 0.0000, 96, 84, 74
L  415.7583, -125.1121, 0.0000, 426.9960, -125.1121, 0.0000, 96, 84, 74
L  456.9366, -125.1121, 0.0000, 470.3093, -125.1121, 0.0000, 72, 62, 54
L  -417.5656, -119.5628, 0.0000, -391.5202, -119.5628, 0.0000, 96, 84, 74
L  -387.6657, -119.5628, 0.0000, -377.0150, -119.5628, 0.0000, 96, 84, 74
L  -375.3351, -119.5628, 0.0000, -358.8750, -119.5628, 0.0000, 122, 108, 96
L  355.2090, -119.5628, 0.0000, 370.1447, -119.5628, 0.0000, 122, 108, 96
L  374.7433, -119.5628, 0.0000, 383.5198, -119.5628, 0.0000, 122, 108, 96
L  387.9695, -119.5628, 0.0000, 403.1410, -119.5628, 0.0000, 96, 84, 74
L  405.8612, -119.5628, 0.0000, 429.3155, -119.5628, 0.0000, 96, 84, 74
L  -459.3988, -114.0134, 0.0000, -438.5554, -114.0134, 0.0000, 72, 62, 54
L  -436.7405, -114.0134, 0.0000, -424.1973, -114.0134, 0.0000, 72, 62, 54
L  -419.5042, -114.0134, 0.0000, -389.1199, -114.0134, 0.0000, 96, 84, 74
L  -384.3756, -114.0134, 0.0000, -375.3729, -114.0134, 0.0000, 96, 84, 74
L  -372.1202, -114.0134, 0.0000, -352.5820, -114.0134, 0.0000, 122, 108, 96
L  351.6304, -114.0134, 0.0000, 379.4490, -114.0134, 0.0000, 122, 108, 96
L  381.3434, -114.0134, 0.0000, 397.7704, -114.0134, 0.0000, 96, 84, 74
L  402.5825, -114.0134, 0.0000, 424.7851, -114.0134, 0.0000, 96, 84, 74
L  429.4805, -114.0134, 0.0000, 444.9382, -114.0134, 0.0000, 72, 62, 54
L  447.3603, -114.0134, 0.0000, 456.1883, -114.0134, 0.0000, 72, 62, 54
L  -422.5439, -108.4639, 0.0000, -411.6766, -108.4639, 0.0000, 72, 62, 54
L  -407.6664, -108.4639, 0.0000, -390.3596, -108.4639, 0.0000, 96, 84, 74
L  -385.9053, -108.4639, 0.0000, -356.2631, -108.4639, 0.0000, 96, 84, 74
L  347.5222, -108.4639, 0.0000, 356.3147, -108.4639, 0.0000, 122, 108, 96
L  360.3234, -108.4639, 0.0000, 369.6150, -108.4639, 0.0000, 122, 108, 96
L  372.8283, -108.4639, 0.0000, 390.1998, -108.4639, 0.0000, 122, 108, 96
L  393.5414, -108.4639, 0.0000, 416.4009, -108.4639, 0.0000, 96, 84, 74
L  -426.6076, -102.9146, 0.0000, -417.0800, -102.9146, 0.0000, 72, 62, 54
L  -414.3096, -102.9146, 0.0000, -396.4240, -102.9146, 0.0000, 96, 84, 74
L  -393.2729, -102.9146, 0.0000, -369.5547, -102.9146, 0.0000, 96, 84, 74
L  350.7803, -102.9146, 0.0000, 367.7718, -102.9146, 0.0000, 122, 108, 96
L  370.0074, -102.9146, 0.0000, 396.7465, -102.9146, 0.0000, 122, 108, 96
L  401.0015, -102.9146, 0.0000, 429.4647, -102.9146, 0.0000, 96, 84, 74
L  465.5450, -102.9146, 0.0000, 476.0446, -102.9146, 0.0000, 72, 62, 54
L  -467.6201, -97.3653, 0.0000, -457.5170, -97.3653, 0.0000, 72, 62, 54
L  -453.8139, -97.3653, 0.0000, -429.9064, -97.3653, 0.0000, 72, 62, 54
L  -425.6048, -97.3653, 0.0000, -413.7199, -97.3653, 0.0000, 72, 62, 54
L  -409.9641, -97.3653, 0.0000, -394.1154, -97.3653, 0.0000, 96, 84, 74
L  -390.6651, -97.3653, 0.0000, -361.9650, -97.3653, 0.0000, 96, 84, 74
L  357.1336, -97.3653, 0.0000, 385.5610, -97.3653, 0.0000, 122, 108, 96
L  387.6782, -97.3653, 0.0000, 402.1161, -97.3653, 0.0000, 96, 84, 74
L  404.6902, -97.3653, 0.0000, 430.2010, -97.3653, 0.0000, 96, 84, 74
L  467.3502, -97.3653, 0.0000, 476.3751, -97.3653, 0.0000, 72, 62, 54
L  -428.4288, -91.8158, 0.0000, -399.0390, -91.8158, 0.0000, 72, 62, 54
L  -396.0385, -91.8158, 0.0000, -369.0100, -91.8158, 0.0000, 96, 84, 74
L  -365.6512, -91.8158, 0.0000, -348.2804, -91.8158, 0.0000, 122, 108, 96
L  352.1157, -91.8158, 0.0000, 380.7406, -91.8158, 0.0000, 122, 108, 96
L  384.5611, -91.8158, 0.0000, 407.7738, -91.8158, 0.0000, 96, 84, 74
L  409.4797, -91.8158, 0.0000, 421.1675, -91.8158, 0.0000, 96, 84, 74
L  424.4904, -91.8158, 0.0000, 441.4037, -91.8158, 0.0000, 72, 62, 54
L  445.4511, -91.8158, 0.0000, 466.9817, -91.8158, 0.0000, 72, 62, 54
L  -411.6943, -86.2665, 0.0000, -402.1970, -86.2665, 0.0000, 96, 84, 74
L  -399.5918, -86.2665, 0.0000, -386.3891, -86.2665, 0.0000, 96, 84, 74
L  -383.6487, -86.2665, 0.0000, -353.4456, -86.2665, 0.0000, 96, 84, 74
L  354.7095, -86.2665, 0.0000, 378.8325, -86.2665, 0.0000, 122, 108, 96
L  382.4707, -86.2665, 0.0000, 412.3825, -86.2665, 0.0000, 96, 84, 74
L  445.2177, -86.2665, 0.0000, 460.3510, -86.2665, 0.0000, 72, 62, 54
L  -470.6404, -80.7170, 0.0000, -451.4948, -80.7170, 0.0000, 72, 62, 54
L  -430.4304, -80.7170, 0.0000, -409.4087, -80.7170, 0.0000, 72, 62, 54
L  -404.7244, -80.7170, 0.0000, -380.6047, -80.7170, 0.0000, 96, 84, 74
L  -377.1283, -80.7170, 0.0000, -357.1906, -80.7170, 0.0000, 96, 84, 74
L  345.7984, -80.7170, 0.0000, 373.2078, -80.7170, 0.0000, 122, 108, 96
L  375.1243, -80.7170, 0.0000, 390.6314, -80.7170, 0.0000, 122, 108, 96
L  393.1846, -80.7170, 0.0000, 419.1441, -80.7170, 0.0000, 96, 84, 74
L  443.3968, -80.7170, 0.0000, 465.5278, -80.7170, 0.0000, 72, 62, 54
L  -461.6115, -75.1678, 0.0000, -432.1168, -75.1678, 0.0000, 72, 62, 54
L  -428.9257, -75.1678, 0.0000, -403.8567, -75.1678, 0.0000, 72, 62, 54
L  -399.8315, -75.1678, 0.0000, -380.6596, -75.1678, 0.0000, 96, 84, 74
L  -376.3201, -75.1678, 0.0000, -345.9027, -75.1678, 0.0000, 122, 108, 96
L  357.3811, -75.1678, 0.0000, 387.2492, -75.1678, 0.0000, 122, 108, 96
L  391.5127, -75.1678, 0.0000, 406.1242, -75.1678, 0.0000, 96, 84, 74
L  462.9308, -75.1678, 0.0000, 482.6099, -75.1678, 0.0000, 72, 62, 54
L  -416.5096, -69.6184, 0.0000, -403.5589, -69.6184, 0.0000, 96, 84, 74
L  -398.9950, -69.6184, 0.0000, -371.6799, -69.6184, 0.0000, 96, 84, 74
L  365.5310, -69.6184, 0.0000, 387.5162, -69.6184, 0.0000, 122, 108, 96
L  389.3425, -69.6184, 0.0000, 397.6378, -69.6184, 0.0000, 96, 84, 74
L  401.1197, -69.6184, 0.0000, 410.9000, -69.6184, 0.0000, 96, 84, 74
L  413.8461, -69.6184, 0.0000, 426.7733, -69.6184, 0.0000, 96, 84, 74
L  430.9301, -69.6184, 0.0000, 447.4740, -69.6184, 0.0000, 72, 62, 54
L  449.7911, -69.6184, 0.0000, 477.4268, -69.6184, 0.0000, 72, 62, 54
L  -466.4236, -64.0689, 0.0000, -436.4687, -64.0689, 0.0000, 72, 62, 54
L  -431.9987, -64.0689, 0.0000, -402.0867, -64.0689, 0.0000, 72, 62, 54
L  -397.2517, -64.0689, 0.0000, -389.0460, -64.0689, 0.0000, 96, 84, 74
L  -386.8913, -64.0689, 0.0000, -377.5247, -64.0689, 0.0000, 96, 84, 74
L  -374.2048, -64.0689, 0.0000, -347.9445, -64.0689, 0.0000, 122, 108, 96
L  355.2228, -64.0689, 0.0000, 367.1373, -64.0689, 0.0000, 122, 108, 96
L  370.9574, -64.0689, 0.0000, 396.7582, -64.0689, 0.0000, 122, 108, 96
L  400.3204, -64.0689, 0.0000, 424.7314, -64.0689, 0.0000, 96, 84, 74
L  444.3743, -64.0689, 0.0000, 471.5399, -64.0689, 0.0000, 72, 62, 54
L  -437.0703, -58.5196, 0.0000, -409.3041, -58.5196, 0.0000, 72, 62, 54
L  -405.0009, -58.5196, 0.0000, -392.1752, -58.5196, 0.0000, 96, 84, 74
L  -389.5905, -58.5196, 0.0000, -378.5504, -58.5196, 0.0000, 96, 84, 74
L  -374.0827, -58.5196, 0.0000, -354.7210, -58.5196, 0.0000, 122, 108, 96
L  355.0450, -58.5196, 0.0000, 383.0464, -58.5196, 0.0000, 122, 108, 96
L  385.7519, -58.5196, 0.0000, 395.9578, -58.5196, 0.0000, 96, 84, 74
L  400.1275, -58.5196, 0.0000, 430.2379, -58.5196, 0.0000, 96, 84, 74
L  454.8655, -58.5196, 0.0000, 478.3260, -58.5196, 0.0000, 72, 62, 54
L  -476.9096, -52.9703, 0.0000, -459.6562, -52.9703, 0.0000, 72, 62, 54
L  -410.9183, -52.9703, 0.0000, -388.9565, -52.9703, 0.0000, 96, 84, 74
L  -384.7521, -52.9703, 0.0000, -358.4516, -52.9703, 0.0000, 96, 84, 74
L  353.1654, -52.9703, 0.0000, 377.5349, -52.9703, 0.0000, 122, 108, 96
L  379.4664, -52.9703, 0.0000, 402.3338, -52.9703, 0.0000, 96, 84, 74
L  406.1127, -52.9703, 0.0000, 414.7580, -52.9703, 0.0000, 96, 84, 74
L  416.5542, -52.9703, 0.0000, 431.9793, -52.9703, 0.0000, 96, 84, 74
L  449.6997, -52.9703, 0.0000, 470.9751, -52.9703, 0.0000, 72, 62, 54
L  -472.2324, -47.4208, 0.0000, -453.4231, -47.4208, 0.0000, 72, 62, 54
L  -451.1870, -47.4208, 0.0000, -435.2781, -47.4208, 0.0000, 72, 62, 54
L  -431.2257, -47.4208, 0.0000, -417.6954, -47.4208, 0.0000, 72, 62, 54
L  -415.3735, -47.4208, 0.0000, -397.4633, -47.4208, 0.0000, 96, 84, 74
L  -392.7603, -47.4208, 0.0000, -365.5052, -47.4208, 0.0000, 96, 84, 74
L  -362.6540, -47.4208, 0.0000, -353.2991, -47.4208, 0.0000, 122, 108, 96
L  359.4790, -47.4208, 0.0000, 381.1234, -47.4208, 0.0000, 122, 108, 96
L  382.9156, -47.4208, 0.0000, 409.1278, -47.4208, 0.0000, 96, 84, 74
L  411.3474, -47.4208, 0.0000, 422.8990, -47.4208, 0.0000, 96, 84, 74
L  426.8426, -47.4208, 0.0000, 447.7685, -47.4208, 0.0000, 72, 62, 54
L  449.4694, -47.4208, 0.0000, 476.2504, -47.4208, 0.0000, 72, 62, 54
L  -419.0041, -41.8715, 0.0000, -399.4830, -41.8715, 0.0000, 96, 84, 74
L  -397.6610, -41.8715, 0.0000, -374.3844, -41.8715, 0.0000, 96, 84, 74
L  -370.3965, -41.8715, 0.0000, -356.0584, -41.8715, 0.0000, 122, 108, 96
L  353.6259, -41.8715, 0.0000, 374.7180, -41.8715, 0.0000, 122, 108, 96
L  377.9557, -41.8715, 0.0000, 395.2588, -41.8715, 0.0000, 96, 84, 74
L  399.9533, -41.8715, 0.0000, 413.1721, -41.8715, 0.0000, 96, 84, 74
L  415.8451, -41.8715, 0.0000, 428.9581, -41.8715, 0.0000, 96, 84, 74
L  431.5364, -41.8715, 0.0000, 452.2412, -41.8715, 0.0000, 72, 62, 54
L  454.5947, -41.8715, 0.0000, 472.6512, -41.8715, 0.0000, 72, 62, 54
L  -467.4830, -36.3220, 0.0000, -437.8048, -36.3220, 0.0000, 72, 62, 54
L  -433.8460, -36.3220, 0.0000, -418.2449, -36.3220, 0.0000, 72, 62, 54
L  -416.1247, -36.3220, 0.0000, -394.5784, -36.3220, 0.0000, 96, 84, 74
L  -392.3255, -36.3220, 0.0000, -373.6678, -36.3220, 0.0000, 96, 84, 74
L  -369.0979, -36.3220, 0.0000, -352.5309, -36.3220, 0.0000, 122, 108, 96
L  367.5758, -36.3220, 0.0000, 397.3886, -36.3220, 0.0000, 122, 108, 96
L  401.5498, -36.3220, 0.0000, 414.6959, -36.3220, 0.0000, 96, 84, 74
L  417.1028, -36.3220, 0.0000, 433.7510, -36.3220, 0.0000, 96, 84, 74
L  447.5118, -36.3220, 0.0000, 468.8338, -36.3220, 0.0000, 72, 62, 54
L  -463.3858, -30.7728, 0.0000, -454.3163, -30.7728, 0.0000, 72, 62, 54
L  -449.7392, -30.7728, 0.0000, -427.1341, -30.7728, 0.0000, 72, 62, 54
L  -422.4757, -30.7728, 0.0000, -405.4222, -30.7728, 0.0000, 72, 62, 54
L  -402.8141, -30.7728, 0.0000, -388.2365, -30.7728, 0.0000, 96, 84, 74
L  -384.8749, -30.7728, 0.0000, -368.6035, -30.7728, 0.0000, 96, 84, 74
L  357.6658, -30.7728, 0.0000, 366.2147, -30.7728, 0.0000, 122, 108, 96
L  370.1774, -30.7728, 0.0000, 386.0154, -30.7728, 0.0000, 122, 108, 96
L  389.2749, -30.7728, 0.0000, 410.4063, -30.7728, 0.0000, 96, 84, 74
L  412.8879, -30.7728, 0.0000, 434.7273, -30.7728, 0.0000, 96, 84, 74
L  -461.1304, -25.2234, 0.0000, -434.4372, -25.2234, 0.0000, 72, 62, 54
L  -432.4788, -25.2234, 0.0000, -417.8707, -25.2234, 0.0000, 72, 62, 54
L  -415.7415, -25.2234, 0.0000, -401.1442, -25.2234, 0.0000, 96, 84, 74
L  -397.0311, -25.2234, 0.0000, -385.1253, -25.2234, 0.0000, 96, 84, 74
L  -381.1899, -25.2234, 0.0000, -359.0099, -25.2234, 0.0000, 96, 84, 74
L  364.3105, -25.2234, 0.0000, 393.0560, -25.2234, 0.0000, 122, 108, 96
L  397.8198, -25.2234, 0.0000, 421.8847, -25.2234, 0.0000, 96, 84, 74
L  426.0805, -25.2234, 0.0000, 450.5306, -25.2234, 0.0000, 72, 62, 54
L  452.2591, -25.2234, 0.0000, 480.1015, -25.2234, 0.0000, 72, 62, 54
L  -423.6853, -19.6739, 0.0000, -413.5018, -19.6739, 0.0000, 72, 62, 54
L  -409.4825, -19.6739, 0.0000, -384.7177, -19.6739, 0.0000, 96, 84, 74
L  -380.0849, -19.6739, 0.0000, -364.4335, -19.6739, 0.0000, 96, 84, 74
L  362.0554, -19.6739, 0.0000, 374.2417, -19.6739, 0.0000, 122, 108, 96
L  376.9996, -19.6739, 0.0000, 394.9021, -19.6739, 0.0000, 96, 84, 74
L  398.3361, -19.6739, 0.0000, 414.1174, -19.6739, 0.0000, 96, 84, 74
L  -461.9102, -14.1246, 0.0000, -450.5029, -14.1246, 0.0000, 72, 62, 54
L  -427.2495, -14.1246, 0.0000, -400.1618, -14.1246, 0.0000, 72, 62, 54
L  -397.8249, -14.1246, 0.0000, -382.7439, -14.1246, 0.0000, 96, 84, 74
L  -379.4456, -14.1246, 0.0000, -360.4570, -14.1246, 0.0000, 96, 84, 74
L  358.0217, -14.1246, 0.0000, 366.8639, -14.1246, 0.0000, 122, 108, 96
L  370.2445, -14.1246, 0.0000, 382.2820, -14.1246, 0.0000, 122, 108, 96
L  386.7888, -14.1246, 0.0000, 402.7542, -14.1246, 0.0000, 96, 84, 74
L  404.4363, -14.1246, 0.0000, 433.9193, -14.1246, 0.0000, 96, 84, 74
L  467.8742, -14.1246, 0.0000, 488.1744, -14.1246, 0.0000, 72, 62, 54
L  -410.5153, -8.5752, 0.0000, -397.0122, -8.5752, 0.0000, 96, 84, 74
L  -394.3884, -8.5752, 0.0000, -365.8293, -8.5752, 0.0000, 96, 84, 74
L  -363.5707, -8.5752, 0.0000, -354.5405, -8.5752, 0.0000, 122, 108, 96
L  357.3663, -8.5752, 0.0000, 381.6376, -8.5752, 0.0000, 122, 108, 96
L  385.2330, -8.5752, 0.0000, 407.1893, -8.5752, 0.0000, 96, 84, 74
L  410.1634, -8.5752, 0.0000, 426.1341, -8.5752, 0.0000, 96, 84, 74
L  428.1425, -8.5752, 0.0000, 452.7584, -8.5752, 0.0000, 72, 62, 54
L  455.7111, -8.5752, 0.0000, 479.1830, -8.5752, 0.0000, 72, 62, 54
L  -433.4587, -3.0258, 0.0000, -415.5010, -3.0258, 0.0000, 72, 62, 54
L  -411.8567, -3.0258, 0.0000, -388.0284, -3.0258, 0.0000, 96, 84, 74
L  -384.5799, -3.0258, 0.0000, -376.1922, -3.0258, 0.0000, 96, 84, 74
L  -372.7116, -3.0258, 0.0000, -348.2895, -3.0258, 0.0000, 122, 108, 96
L  374.2405, -3.0258, 0.0000, 384.4622, -3.0258, 0.0000, 122, 108, 96
L  386.5723, -3.0258, 0.0000, 403.4227, -3.0258, 0.0000, 96, 84, 74
L  407.0117, -3.0258, 0.0000, 424.4742, -3.0258, 0.0000, 96, 84, 74
L  428.4090, -3.0258, 0.0000, 454.3940, -3.0258, 0.0000, 72, 62, 54
L  458.3532, -3.0258, 0.0000, 484.1698, -3.0258, 0.0000, 72, 62, 54
L  -466.3094, 2.5235, 0.0000, -451.7591, 2.5235, 0.0000, 72, 62, 54
L  -449.4396, 2.5235, 0.0000, -435.7217, 2.5235, 0.0000, 72, 62, 54
L  -432.4151, 2.5235, 0.0000, -419.9742, 2.5235, 0.0000, 72, 62, 54
L  -417.2102, 2.5235, 0.0000, -394.9719, 2.5235, 0.0000, 96, 84, 74
L  -393.1894, 2.5235, 0.0000, -368.7456, 2.5235, 0.0000, 96, 84, 74
L  -366.6878, 2.5235, 0.0000, -355.4772, 2.5235, 0.0000, 122, 108, 96
L  350.2043, 2.5235, 0.0000, 378.6780, 2.5235, 0.0000, 122, 108, 96
L  381.1031, 2.5235, 0.0000, 391.9175, 2.5235, 0.0000, 96, 84, 74
L  395.3450, 2.5235, 0.0000, 407.4843, 2.5235, 0.0000, 96, 84, 74
L  410.4755, 2.5235, 0.0000, 427.0654, 2.5235, 0.0000, 96, 84, 74
L  430.6431, 2.5235, 0.0000, 454.5583, 2.5235, 0.0000, 72, 62, 54
L  458.7200, 2.5235, 0.0000, 470.4930, 2.5235, 0.0000, 72, 62, 54
L  -463.4873, 8.0730, 0.0000, -447.1323, 8.0730, 0.0000, 72, 62, 54
L  -422.8135, 8.0730, 0.0000, -397.5441, 8.0730, 0.0000, 72, 62, 54
L  -394.4980, 8.0730, 0.0000, -371.1412, 8.0730, 0.0000, 96, 84, 74
L  354.6583, 8.0730, 0.0000, 364.9054, 8.0730, 0.0000, 122, 108, 96
L  367.2986, 8.0730, 0.0000, 393.0507, 8.0730, 0.0000, 122, 108, 96
L  394.9774, 8.0730, 0.0000, 421.9372, 8.0730, 0.0000, 96, 84, 74
L  -463.3534, 13.6222, 0.0000, -453.0797, 13.6222, 0.0000, 72, 62, 54
L  -449.5744, 13.6222, 0.0000, -422.6374, 13.6222, 0.0000, 72, 62, 54
L  -418.2750, 13.6222, 0.0000, -409.2526, 13.6222, 0.0000, 96, 84, 74
L  -405.2763, 13.6222, 0.0000, -391.3286, 13.6222, 0.0000, 96, 84, 74
L  -388.6958, 13.6222, 0.0000, -380.4381, 13.6222, 0.0000, 96, 84, 74
L  -378.6089, 13.6222, 0.0000, -358.7575, 13.6222, 0.0000, 96, 84, 74
L  348.8909, 13.6222, 0.0000, 358.5877, 13.6222, 0.0000, 122, 108, 96
L  362.5356, 13.6222, 0.0000, 382.6544, 13.6222, 0.0000, 122, 108, 96
L  386.3955, 13.6222, 0.0000, 413.9493, 13.6222, 0.0000, 96, 84, 74
L  417.0671, 13.6222, 0.0000, 432.8620, 13.6222, 0.0000, 96, 84, 74
L  435.6804, 13.6222, 0.0000, 451.0480, 13.6222, 0.0000, 72, 62, 54
L  454.5209, 13.6222, 0.0000, 468.5743, 13.6222, 0.0000, 72, 62, 54
L  -465.9732, 19.1717, 0.0000, -456.2445, 19.1717, 0.0000, 72, 62, 54
L  -451.8324, 19.1717, 0.0000, -431.7724, 19.1717, 0.0000, 72, 62, 54
L  -428.4687, 19.1717, 0.0000, -406.7088, 19.1717, 0.0000, 72, 62, 54
L  -403.2430, 19.1717, 0.0000, -373.0748, 19.1717, 0.0000, 96, 84, 74
L  -370.3630, 19.1717, 0.0000, -351.2422, 19.1717, 0.0000, 122, 108, 96
L  356.1231, 19.1717, 0.0000, 385.1737, 19.1717, 0.0000, 122, 108, 96
L  388.2847, 19.1717, 0.0000, 418.2171, 19.1717, 0.0000, 96, 84, 74
L  421.7045, 19.1717, 0.0000, 430.1560, 19.1717, 0.0000, 96, 84, 74
L  434.1252, 19.1717, 0.0000, 461.6470, 19.1717, 0.0000, 72, 62, 54
L  463.7677, 19.1717, 0.0000, 481.4372, 19.1717, 0.0000, 72, 62, 54
L  -407.6791, 24.7211, 0.0000, -398.9057, 24.7211, 0.0000, 96, 84, 74
L  -394.3284, 24.7211, 0.0000, -366.4923, 24.7211, 0.0000, 96, 84, 74
L  366.6904, 24.7211, 0.0000, 395.0920, 24.7211, 0.0000, 122, 108, 96
L  398.3849, 24.7211, 0.0000, 410.4140, 24.7211, 0.0000, 96, 84, 74
L  413.2547, 24.7211, 0.0000, 422.5239, 24.7211, 0.0000, 96, 84, 74
L  424.3760, 24.7211, 0.0000, 437.8083, 24.7211, 0.0000, 72, 62, 54
L  -480.9489, 30.2704, 0.0000, -459.2606, 30.2704, 0.0000, 72, 62, 54
L  -457.5687, 30.2704, 0.0000, -427.7226, 30.2704, 0.0000, 72, 62, 54
L  -424.8176, 30.2704, 0.0000, -405.7213, 30.2704, 0.0000, 72, 62, 54
L  -402.9802, 30.2704, 0.0000, -382.5450, 30.2704, 0.0000, 96, 84, 74
L  -377.9183, 30.2704, 0.0000, -357.1080, 30.2704, 0.0000, 96, 84, 74
L  352.8127, 30.2704, 0.0000, 366.6334, 30.2704, 0.0000, 122, 108, 96
L  370.5894, 30.2704, 0.0000, 393.7525, 30.2704, 0.0000, 122, 108, 96
L  397.8049, 30.2704, 0.0000, 424.8332, 30.2704, 0.0000, 96, 84, 74
L  429.0140, 30.2704, 0.0000, 456.2956, 30.2704, 0.0000, 72, 62, 54
L  458.2526, 30.2704, 0.0000, 480.8269, 30.2704, 0.0000, 72, 62, 54
L  -478.9418, 35.8198, 0.0000, -451.0789, 35.8198, 0.0000, 72, 62, 54
L  -448.4401, 35.8198, 0.0000, -426.6737, 35.8198, 0.0000, 72, 62, 54
L  -422.4451, 35.8198, 0.0000, -410.6602, 35.8198, 0.0000, 72, 62, 54
L  -406.8918, 35.8198, 0.0000, -386.4070, 35.8198, 0.0000, 96, 84, 74
L  -384.0842, 35.8198, 0.0000, -361.3894, 35.8198, 0.0000, 96, 84, 74
L  353.2512, 35.8198, 0.0000, 381.3343, 35.8198, 0.0000, 122, 108, 96
L  384.2501, 35.8198, 0.0000, 399.6023, 35.8198, 0.0000, 96, 84, 74
L  403.4377, 35.8198, 0.0000, 425.3926, 35.8198, 0.0000, 96, 84, 74
L  430.1313, 35.8198, 0.0000, 453.2087, 35.8198, 0.0000, 72, 62, 54
L  457.2657, 35.8198, 0.0000, 477.9404, 35.8198, 0.0000, 72, 62, 54
L  -473.1819, 41.3692, 0.0000, -461.7773, 41.3692, 0.0000, 72, 62, 54
L  -459.6443, 41.3692, 0.0000, -433.5074, 41.3692, 0.0000, 72, 62, 54
L  -431.7686, 41.3692, 0.0000, -422.9526, 41.3692, 0.0000, 72, 62, 54
L  -421.2234, 41.3692, 0.0000, -393.8284, 41.3692, 0.0000, 96, 84, 74
L  -389.4112, 41.3692, 0.0000, -380.2815, 41.3692, 0.0000, 96, 84, 74
L  -376.2496, 41.3692, 0.0000, -354.9364, 41.3692, 0.0000, 122, 108, 96
L  351.1451, 41.3692, 0.0000, 373.4433, 41.3692, 0.0000, 122, 108, 96
L  377.9039, 41.3692, 0.0000, 386.1144, 41.3692, 0.0000, 96, 84, 74
L  390.2320, 41.3692, 0.0000, 408.4771, 41.3692, 0.0000, 96, 84, 74
L  410.2342, 41.3692, 0.0000, 431.3070, 41.3692, 0.0000, 96, 84, 74
L  -468.2002, 46.9186, 0.0000, -458.3780, 46.9186, 0.0000, 72, 62, 54
L  -420.6545, 46.9186, 0.0000, -402.1845, 46.9186, 0.0000, 96, 84, 74
L  -399.8777, 46.9186, 0.0000, -372.3728, 46.9186, 0.0000, 96, 84, 74
L  -368.0491, 46.9186, 0.0000, -357.5422, 46.9186, 0.0000, 122, 108, 96
L  345.6784, 46.9186, 0.0000, 362.2959, 46.9186, 0.0000, 122, 108, 96
L  364.6871, 46.9186, 0.0000, 374.0250, 46.9186, 0.0000, 122, 108, 96
L  378.3375, 46.9186, 0.0000, 405.1624, 46.9186, 0.0000, 96, 84, 74
L  408.6074, 46.9186, 0.0000, 438.0580, 46.9186, 0.0000, 96, 84, 74
L  469.6494, 46.9186, 0.0000, 483.4171, 46.9186, 0.0000, 72, 62, 54
L  -418.5696, 52.4680, 0.0000, -390.8731, 52.4680, 0.0000, 96, 84, 74
L  -387.2147, 52.4680, 0.0000, -360.3907, 52.4680, 0.0000, 96, 84, 74
L  375.8583, 52.4680, 0.0000, 399.6277, 52.4680, 0.0000, 122, 108, 96
L  401.5039, 52.4680, 0.0000, 413.4404, 52.4680, 0.0000, 96, 84, 74
L  417.9320, 52.4680, 0.0000, 439.1221, 52.4680, 0.0000, 96, 84, 74
L  -459.0017, 58.0172, 0.0000, -449.5727, 58.0172, 0.0000, 72, 62, 54
L  -445.5957, 58.0172, 0.0000, -418.6509, 58.0172, 0.0000, 72, 62, 54
L  -415.5284, 58.0172, 0.0000, -390.7995, 58.0172, 0.0000, 96, 84, 74
L  -385.9812, 58.0172, 0.0000, -363.0825, 58.0172, 0.0000, 96, 84, 74
L  -359.6186, 58.0172, 0.0000, -350.7768, 58.0172, 0.0000, 122, 108, 96
L  363.7128, 58.0172, 0.0000, 393.0069, 58.0172, 0.0000, 122, 108, 96
L  395.0873, 58.0172, 0.0000, 412.2356, 58.0172, 0.0000, 96, 84, 74
L  415.5584, 58.0172, 0.0000, 430.0030, 58.0172, 0.0000, 96, 84, 74
L  434.5843, 58.0172, 0.0000, 452.6204, 58.0172, 0.0000, 72, 62, 54
L  454.7292, 58.0172, 0.0000, 469.8953, 58.0172, 0.0000, 72, 62, 54
L  -474.3344, 63.5667, 0.0000, -460.4370, 63.5667, 0.0000, 72, 62, 54
L  -457.8808, 63.5667, 0.0000, -427.6205, 63.5667, 0.0000, 72, 62, 54
L  -424.3170, 63.5667, 0.0000, -413.6591, 63.5667, 0.0000, 72, 62, 54
L  -409.9989, 63.5667, 0.0000, -396.0785, 63.5667, 0.0000, 96, 84, 74
L  -394.3109, 63.5667, 0.0000, -384.9329, 63.5667, 0.0000, 96, 84, 74
L  -383.2742, 63.5667, 0.0000, -364.4781, 63.5667, 0.0000, 96, 84, 74
L  -361.1717, 63.5667, 0.0000, -347.5455, 63.5667, 0.0000, 122, 108, 96
L  352.1479, 63.5667, 0.0000, 362.2521, 63.5667, 0.0000, 122, 108, 96
L  364.5368, 63.5667, 0.0000, 373.5156, 63.5667, 0.0000, 122, 108, 96
L  375.8618, 63.5667, 0.0000, 397.3575, 63.5667, 0.0000, 122, 108, 96
L  400.4121, 63.5667, 0.0000, 419.6925, 63.5667, 0.0000, 96, 84, 74
L  454.3614, 63.5667, 0.0000, 478.5309, 63.5667, 0.0000, 72, 62, 54
L  -468.8546, 69.1161, 0.0000, -459.1458, 69.1161, 0.0000, 72, 62, 54
L  -454.8521, 69.1161, 0.0000, -446.4558, 69.1161, 0.0000, 72, 62, 54
L  -443.9435, 69.1161, 0.0000, -425.5722, 69.1161, 0.0000, 72, 62, 54
L  -421.4886, 69.1161, 0.0000, -393.4172, 69.1161, 0.0000, 96, 84, 74
L  -390.2293, 69.1161, 0.0000, -374.2389, 69.1161, 0.0000, 96, 84, 74
L  -371.2472, 69.1161, 0.0000, -353.9536, 69.1161, 0.0000, 122, 108, 96
L  367.2798, 69.1161, 0.0000, 380.2091, 69.1161, 0.0000, 122, 108, 96
L  382.4057, 69.1161, 0.0000, 399.0328, 69.1161, 0.0000, 96, 84, 74
L  403.7310, 69.1161, 0.0000, 430.0875, 69.1161, 0.0000, 96, 84, 74
L  -478.3972, 74.6655, 0.0000, -452.9869, 74.6655, 0.0000, 72, 62, 54
L  -416.3091, 74.6655, 0.0000, -393.9546, 74.6655, 0.0000, 96, 84, 74
L  -390.8960, 74.6655, 0.0000, -368.2435, 74.6655, 0.0000, 96, 84, 74
L  350.1123, 74.6655, 0.0000, 371.0748, 74.6655, 0.0000, 122, 108, 96
L  374.2542, 74.6655, 0.0000, 390.6357, 74.6655, 0.0000, 122, 108, 96
L  393.0791, 74.6655, 0.0000, 417.2133, 74.6655, 0.0000, 96, 84, 74
L  419.1217, 74.6655, 0.0000, 434.2572, 74.6655, 0.0000, 96, 84, 74
L  437.3797, 74.6655, 0.0000, 459.3604, 74.6655, 0.0000, 72, 62, 54
L  461.4403, 74.6655, 0.0000, 485.9901, 74.6655, 0.0000, 72, 62, 54
L  -417.5042, 80.2148, 0.0000, -402.4044, 80.2148, 0.0000, 96, 84, 74
L  -399.1396, 80.2148, 0.0000, -390.8178, 80.2148, 0.0000, 96, 84, 74
L  -385.9248, 80.2148, 0.0000, -375.4057, 80.2148, 0.0000, 96, 84, 74
L  -372.8485, 80.2148, 0.0000, -346.3149, 80.2148, 0.0000, 122, 108, 96
L  350.0097, 80.2148, 0.0000, 375.2708, 80.2148, 0.0000, 122, 108, 96
L  377.4225, 80.2148, 0.0000, 388.7255, 80.2148, 0.0000, 96, 84, 74
L  392.5055, 80.2148, 0.0000, 405.6590, 80.2148, 0.0000, 96, 84, 74
L  408.2371, 80.2148, 0.0000, 434.6699, 80.2148, 0.0000, 96, 84, 74
L  436.5068, 80.2148, 0.0000, 453.8581, 80.2148, 0.0000, 72, 62, 54
L  456.9053, 80.2148, 0.0000, 474.1014, 80.2148, 0.0000, 72, 62, 54
L  -472.8583, 85.7642, 0.0000, -462.5370, 85.7642, 0.0000, 72, 62, 54
L  -458.0202, 85.7642, 0.0000, -448.1553, 85.7642, 0.0000, 72, 62, 54
L  -418.2356, 85.7642, 0.0000, -406.8804, 85.7642, 0.0000, 96, 84, 74
L  -403.9814, 85.7642, 0.0000, -395.2718, 85.7642, 0.0000, 96, 84, 74
L  -392.6366, 85.7642, 0.0000, -365.7795, 85.7642, 0.0000, 96, 84, 74
L  -362.3210, 85.7642, 0.0000, -346.6554, 85.7642, 0.0000, 122, 108, 96
L  350.4745, 85.7642, 0.0000, 378.2527, 85.7642, 0.0000, 122, 108, 96
L  381.8573, 85.7642, 0.0000, 402.8133, 85.7642, 0.0000, 96, 84, 74
L  404.4734, 85.7642, 0.0000, 413.9256, 85.7642, 0.0000, 96, 84, 74
L  416.2995, 85.7642, 0.0000, 434.9566, 85.7642, 0.0000, 96, 84, 74
L  437.5878, 85.7642, 0.0000, 457.8564, 85.7642, 0.0000, 72, 62, 54
L  462.7503, 85.7642, 0.0000, 479.5542, 85.7642, 0.0000, 72, 62, 54
L  -478.2819, 91.3136, 0.0000, -456.6161, 91.3136, 0.0000, 72, 62, 54
L  -452.9420, 91.3136, 0.0000, -424.9386, 91.3136, 0.0000, 72, 62, 54
L  -422.3241, 91.3136, 0.0000, -398.2820, 91.3136, 0.0000, 72, 62, 54
L  -393.5812, 91.3136, 0.0000, -367.5257, 91.3136, 0.0000, 96, 84, 74
L  -364.0221, 91.3136, 0.0000, -345.6876, 91.3136, 0.0000, 122, 108, 96
L  357.0704, 91.3136, 0.0000, 368.8771, 91.3136, 0.0000, 122, 108, 96
L  372.0783, 91.3136, 0.0000, 398.2036, 91.3136, 0.0000, 122, 108, 96
L  401.3324, 91.3136, 0.0000, 431.5132, 91.3136, 0.0000, 96, 84, 74
L  434.3601, 91.3136, 0.0000, 456.2664, 91.3136, 0.0000, 72, 62, 54
L  459.8382, 91.3136, 0.0000, 480.5204, 91.3136, 0.0000, 72, 62, 54
L  -475.5337, 96.8630, 0.0000, -445.6625, 96.8630, 0.0000, 72, 62, 54
L  -430.0915, 96.8630, 0.0000, -418.7690, 96.8630, 0.0000, 72, 62, 54
L  -416.3261, 96.8630, 0.0000, -402.7357, 96.8630, 0.0000, 96, 84, 74
L  -398.2075, 96.8630, 0.0000, -389.1812, 96.8630, 0.0000, 96, 84, 74
L  -384.5248, 96.8630, 0.0000, -360.4339, 96.8630, 0.0000, 96, 84, 74
L  351.1832, 96.8630, 0.0000, 362.3414, 96.8630, 0.0000, 122, 108, 96
L  365.5309, 96.8630, 0.0000, 379.3276, 96.8630, 0.0000, 122, 108, 96
L  383.3294, 96.8630, 0.0000, 412.4215, 96.8630, 0.0000, 96, 84, 74
L  415.2517, 96.8630, 0.0000, 424.8566, 96.8630, 0.0000, 96, 84, 74
L  427.2872, 96.8630, 0.0000, 440.1519, 96.8630, 0.0000, 72, 62, 54
L  442.5148, 96.8630, 0.0000, 463.3734, 96.8630, 0.0000, 72, 62, 54
L  467.7066, 96.8630, 0.0000, 481.3349, 96.8630, 0.0000, 72, 62, 54
L  -473.3665, 102.4123, 0.0000, -460.1436, 102.4123, 0.0000, 72, 62, 54
L  -427.7158, 102.4123, 0.0000, -418.6178, 102.4123, 0.0000, 72, 62, 54
L  -414.9273, 102.4123, 0.0000, -392.6510, 102.4123, 0.0000, 96, 84, 74
L  -389.6329, 102.4123, 0.0000, -369.9669, 102.4123, 0.0000, 96, 84, 74
L  -367.0312, 102.4123, 0.0000, -349.4799, 102.4123, 0.0000, 122, 108, 96
L  357.6461, 102.4123, 0.0000, 382.0238, 102.4123, 0.0000, 122, 108, 96
L  383.8303, 102.4123, 0.0000, 405.2885, 102.4123, 0.0000, 96, 84, 74
L  408.1477, 102.4123, 0.0000, 421.4370, 102.4123, 0.0000, 96, 84, 74
L  -458.8725, 107.9617, 0.0000, -447.6953, 107.9617, 0.0000, 72, 62, 54
L  -444.0251, 107.9617, 0.0000, -418.9914, 107.9617, 0.0000, 72, 62, 54
L  -415.9909, 107.9617, 0.0000, -400.4659, 107.9617, 0.0000, 96, 84, 74
L  -396.7217, 107.9617, 0.0000, -369.0268, 107.9617, 0.0000, 96, 84, 74
L  346.6138, 107.9617, 0.0000, 371.3378, 107.9617, 0.0000, 122, 108, 96
L  373.4630, 107.9617, 0.0000, 381.8045, 107.9617, 0.0000, 122, 108, 96
L  384.0943, 107.9617, 0.0000, 394.3611, 107.9617, 0.0000, 96, 84, 74
L  397.3031, 107.9617, 0.0000, 427.5926, 107.9617, 0.0000, 96, 84, 74
L  -474.8057, 113.5111, 0.0000, -451.1292, 113.5111, 0.0000, 72, 62, 54
L  -415.4427, 113.5111, 0.0000, -393.9223, 113.5111, 0.0000, 96, 84, 74
L  -390.9125, 113.5111, 0.0000, -370.0594, 113.5111, 0.0000, 96, 84, 74
L  -368.4238, 113.5111, 0.0000, -349.6245, 113.5111, 0.0000, 122, 108, 96
L  359.3297, 113.5111, 0.0000, 385.9129, 113.5111, 0.0000, 122, 108, 96
L  388.7410, 113.5111, 0.0000, 404.0683, 113.5111, 0.0000, 96, 84, 74
L  408.8492, 113.5111, 0.0000, 420.6683, 113.5111, 0.0000, 96, 84, 74
L  423.3383, 113.5111, 0.0000, 452.6108, 113.5111, 0.0000, 72, 62, 54
L  456.1597, 113.5111, 0.0000, 468.1139, 113.5111, 0.0000, 72, 62, 54
L  -479.6606, 119.0605, 0.0000, -455.1905, 119.0605, 0.0000, 72, 62, 54
L  -451.4508, 119.0605, 0.0000, -427.4085, 119.0605, 0.0000, 72, 62, 54
L  -423.5322, 119.0605, 0.0000, -406.5139, 119.0605, 0.0000, 72, 62, 54
L  -402.1559, 119.0605, 0.0000, -376.4473, 119.0605, 0.0000, 96, 84, 74
L  -374.2244, 119.0605, 0.0000, -356.6857, 119.0605, 0.0000, 122, 108, 96
L  354.4431, 119.0605, 0.0000, 375.2508, 119.0605, 0.0000, 122, 108, 96
L  377.5215, 119.0605, 0.0000, 393.2981, 119.0605, 0.0000, 96, 84, 74
L  395.9752, 119.0605, 0.0000, 420.2381, 119.0605, 0.0000, 96, 84, 74
L  422.0568, 119.0605, 0.0000, 439.8274, 119.0605, 0.0000, 72, 62, 54
L  -471.6798, 124.6098, 0.0000, -445.5985, 124.6098, 0.0000, 72, 62, 54
L  -417.6683, 124.6098, 0.0000, -395.6453, 124.6098, 0.0000, 96, 84, 74
L  -393.2947, 124.6098, 0.0000, -364.2933, 124.6098, 0.0000, 96, 84, 74
L  366.3180, 124.6098, 0.0000, 374.8488, 124.6098, 0.0000, 122, 108, 96
L  378.7462, 124.6098, 0.0000, 398.7506, 124.6098, 0.0000, 96, 84, 74
L  400.7193, 124.6098, 0.0000, 416.1557, 124.6098, 0.0000, 96, 84, 74
L  -473.6910, 130.1593, 0.0000, -465.3727, 130.1593, 0.0000, 72, 62, 54
L  -463.1981, 130.1593, 0.0000, -449.6938, 130.1593, 0.0000, 72, 62, 54
L  -445.4366, 130.1593, 0.0000, -418.6550, 130.1593, 0.0000, 72, 62, 54
L  -414.1128, 130.1593, 0.0000, -386.5822, 130.1593, 0.0000, 96, 84, 74
L  -382.7680, 130.1593, 0.0000, -366.8214, 130.1593, 0.0000, 96, 84, 74
L  -364.6218, 130.1593, 0.0000, -355.1095, 130.1593, 0.0000, 122, 108, 96
L  357.0153, 130.1593, 0.0000, 375.5026, 130.1593, 0.0000, 122, 108, 96
L  378.2641, 130.1593, 0.0000, 405.7841, 130.1593, 0.0000, 96, 84, 74
L  408.0915, 130.1593, 0.0000, 416.6491, 130.1593, 0.0000, 96, 84, 74
L  421.0531, 130.1593, 0.0000, 439.9481, 130.1593, 0.0000, 96, 84, 74
L  -469.8329, 135.7086, 0.0000, -449.3782, 135.7086, 0.0000, 72, 62, 54
L  -446.8082, 135.7086, 0.0000, -420.5340, 135.7086, 0.0000, 72, 62, 54
L  -415.8226, 135.7086, 0.0000, -404.3715, 135.7086, 0.0000, 96, 84, 74
L  -401.1478, 135.7086, 0.0000, -385.5668, 135.7086, 0.0000, 96, 84, 74
L  -381.8489, 135.7086, 0.0000, -373.4753, 135.7086, 0.0000, 96, 84, 74
L  -371.2717, 135.7086, 0.0000, -348.5409, 135.7086, 0.0000, 122, 108, 96
L  358.4887, 135.7086, 0.0000, 384.9141, 135.7086, 0.0000, 122, 108, 96
L  387.8446, 135.7086, 0.0000, 414.1168, 135.7086, 0.0000, 96, 84, 74
L  416.1048, 135.7086, 0.0000, 438.5663, 135.7086, 0.0000, 96, 84, 74
L  -473.0549, 141.2580, 0.0000, -455.7872, 141.2580, 0.0000, 72, 62, 54
L  -452.3656, 141.2580, 0.0000, -433.8802, 141.2580, 0.0000, 72, 62, 54
L  -430.7053, 141.2580, 0.0000, -415.4660, 141.2580, 0.0000, 72, 62, 54
L  -412.6547, 141.2580, 0.0000, -402.5388, 141.2580, 0.0000, 96, 84, 74
L  -400.8740, 141.2580, 0.0000, -391.5342, 141.2580, 0.0000, 96, 84, 74
L  -389.3497, 141.2580, 0.0000, -378.7202, 141.2580, 0.0000, 96, 84, 74
L  -374.4384, 141.2580, 0.0000, -349.1781, 141.2580, 0.0000, 122, 108, 96
L  361.5034, 141.2580, 0.0000, 380.0866, 141.2580, 0.0000, 122, 108, 96
L  382.6001, 141.2580, 0.0000, 394.9738, 141.2580, 0.0000, 96, 84, 74
L  397.5800, 141.2580, 0.0000, 412.8454, 141.2580, 0.0000, 96, 84, 74
L  -476.3541, 146.8073, 0.0000, -453.8810, 146.8073, 0.0000, 72, 62, 54
L  356.7918, 146.8073, 0.0000, 374.6400, 146.8073, 0.0000, 122, 108, 96
L  378.7669, 146.8073, 0.0000, 398.7630, 146.8073, 0.0000, 96, 84, 74
L  401.4888, 146.8073, 0.0000, 413.8532, 146.8073, 0.0000, 96, 84, 74
L  451.0451, 146.8073, 0.0000, 470.1698, 146.8073, 0.0000, 72, 62, 54
L  472.6000, 146.8073, 0.0000, 486.7348, 146.8073, 0.0000, 72, 62, 54
L  -471.8090, 152.3567, 0.0000, -460.6529, 152.3567, 0.0000, 72, 62, 54
L  359.3176, 152.3567, 0.0000, 377.9302, 152.3567, 0.0000, 122, 108, 96
L  379.6305, 152.3567, 0.0000, 398.9756, 152.3567, 0.0000, 96, 84, 74
L  402.5605, 152.3567, 0.0000, 432.1027, 152.3567, 0.0000, 96, 84, 74
L  436.4347, 152.3567, 0.0000, 462.1089, 152.3567, 0.0000, 72, 62, 54
L  -462.7881, 157.9062, 0.0000, -434.2959, 157.9062, 0.0000, 72, 62, 54
L  350.8687, 157.9062, 0.0000, 376.9030, 157.9062, 0.0000, 122, 108, 96
L  381.5035, 157.9062, 0.0000, 408.9217, 157.9062, 0.0000, 96, 84, 74
L  412.7812, 157.9062, 0.0000, 425.5416, 157.9062, 0.0000, 96, 84, 74
L  -461.8270, 163.4555, 0.0000, -449.7983, 163.4555, 0.0000, 72, 62, 54
L  358.0769, 163.4555, 0.0000, 370.4192, 163.4555, 0.0000, 122, 108, 96
L  373.9296, 163.4555, 0.0000, 390.0174, 163.4555, 0.0000, 122, 108, 96
L  393.7688, 163.4555, 0.0000, 415.3031, 163.4555, 0.0000, 96, 84, 74
L  419.8545, 163.4555, 0.0000, 428.6042, 163.4555, 0.0000, 96, 84, 74
L  433.0648, 163.4555, 0.0000, 461.7654, 163.4555, 0.0000, 72, 62, 54
L  465.3479, 163.4555, 0.0000, 488.3884, 163.4555, 0.0000, 72, 62, 54
L  -335.3665, 169.0048, 0.0000, -307.0104, 169.0048, 0.0000, 122, 108, 96
L  -303.9553, 169.0048, 0.0000, -288.7550, 169.0048, 0.0000, 122, 108, 96
L  -284.4966, 169.0048, 0.0000, -259.4411, 169.0048, 0.0000, 122, 108, 96
L  -255.6257, 169.0048, 0.0000, -234.2609, 169.0048, 0.0000, 122, 108, 96
L  -230.5487, 169.0048, 0.0000, -202.7273, 169.0048, 0.0000, 122, 108, 96
L  -199.2574, 169.0048, 0.0000, -188.7117, 169.0048, 0.0000, 122, 108, 96
L  -185.0215, 169.0048, 0.0000, -165.1658, 169.0048, 0.0000, 122, 108, 96
L  -163.1332, 169.0048, 0.0000, -154.4882, 169.0048, 0.0000, 122, 108, 96
L  -152.5753, 169.0048, 0.0000, -140.4101, 169.0048, 0.0000, 122, 108, 96
L  -135.7574, 169.0048, 0.0000, -115.7124, 169.0048, 0.0000, 122, 108, 96
L  -113.9193, 169.0048, 0.0000, -91.4934, 169.0048, 0.0000, 122, 108, 96
L  -86.7721, 169.0048, 0.0000, -62.9206, 169.0048, 0.0000, 122, 108, 96
L  -59.4682, 169.0048, 0.0000, -50.2217, 169.0048, 0.0000, 122, 108, 96
L  -45.7230, 169.0048, 0.0000, -29.3642, 169.0048, 0.0000, 122, 108, 96
L  -25.6780, 169.0048, 0.0000, -0.5390, 169.0048, 0.0000, 122, 108, 96
L  2.4965, 169.0048, 0.0000, 29.9530, 169.0048, 0.0000, 122, 108, 96
L  33.7075, 169.0048, 0.0000, 50.9502, 169.0048, 0.0000, 122, 108, 96
L  54.6806, 169.0048, 0.0000, 77.2551, 169.0048, 0.0000, 122, 108, 96
L  81.6207, 169.0048, 0.0000, 100.9686, 169.0048, 0.0000, 122, 108, 96
L  102.7658, 169.0048, 0.0000, 122.2415, 169.0048, 0.0000, 122, 108, 96
L  124.6467, 169.0048, 0.0000, 138.4185, 169.0048, 0.0000, 122, 108, 96
L  142.1309, 169.0048, 0.0000, 153.7729, 169.0048, 0.0000, 122, 108, 96
L  157.7590, 169.0048, 0.0000, 172.8847, 169.0048, 0.0000, 122, 108, 96
L  177.1284, 169.0048, 0.0000, 203.6767, 169.0048, 0.0000, 122, 108, 96
L  207.2915, 169.0048, 0.0000, 221.1132, 169.0048, 0.0000, 122, 108, 96
L  225.7765, 169.0048, 0.0000, 239.1776, 169.0048, 0.0000, 122, 108, 96
L  243.0479, 169.0048, 0.0000, 254.7365, 169.0048, 0.0000, 122, 108, 96
L  258.9631, 169.0048, 0.0000, 273.9722, 169.0048, 0.0000, 122, 108, 96
L  276.6441, 169.0048, 0.0000, 284.8363, 169.0048, 0.0000, 122, 108, 96
L  287.3545, 169.0048, 0.0000, 302.0815, 169.0048, 0.0000, 122, 108, 96
L  304.6917, 169.0048, 0.0000, 319.4493, 169.0048, 0.0000, 122, 108, 96
L  323.0742, 169.0048, 0.0000, 345.9458, 169.0048, 0.0000, 122, 108, 96
L  350.3378, 169.0048, 0.0000, 369.5479, 169.0048, 0.0000, 122, 108, 96
L  374.1019, 169.0048, 0.0000, 392.0252, 169.0048, 0.0000, 122, 108, 96
L  395.8805, 169.0048, 0.0000, 407.6027, 169.0048, 0.0000, 96, 84, 74
L  411.2367, 169.0048, 0.0000, 421.4088, 169.0048, 0.0000, 96, 84, 74
L  449.2827, 169.0048, 0.0000, 467.3171, 169.0048, 0.0000, 72, 62, 54
L  470.8679, 169.0048, 0.0000, 484.9325, 169.0048, 0.0000, 72, 62, 54
L  -417.5347, 174.5543, 0.0000, -401.5995, 174.5543, 0.0000, 96, 84, 74
L  -342.3049, 174.5543, 0.0000, -332.6474, 174.5543, 0.0000, 122, 108, 96
L  -330.9785, 174.5543, 0.0000, -321.1261, 174.5543, 0.0000, 122, 108, 96
L  -319.0894, 174.5543, 0.0000, -295.0777, 174.5543, 0.0000, 122, 108, 96
L  -291.7023, 174.5543, 0.0000, -275.0454, 174.5543, 0.0000, 122, 108, 96
L  -270.3916, 174.5543, 0.0000, -241.2339, 174.5543, 0.0000, 122, 108, 96
L  -239.2682, 174.5543, 0.0000, -212.9914, 174.5543, 0.0000, 122, 108, 96
L  -209.2819, 174.5543, 0.0000, -197.4885, 174.5543, 0.0000, 122, 108, 96
L  -193.5734, 174.5543, 0.0000, -175.3823, 174.5543, 0.0000, 122, 108, 96
L  -173.0561, 174.5543, 0.0000, -159.3355, 174.5543, 0.0000, 122, 108, 96
L  -155.6485, 174.5543, 0.0000, -130.2483, 174.5543, 0.0000, 122, 108, 96
L  -125.5974, 174.5543, 0.0000, -111.5375, 174.5543, 0.0000, 122, 108, 96
L  -108.6236, 174.5543, 0.0000, -92.8535, 174.5543, 0.0000, 122, 108, 96
L  -87.9579, 174.5543, 0.0000, -71.8926, 174.5543, 0.0000, 122, 108, 96
L  -67.0898, 174.5543, 0.0000, -43.6996, 174.5543, 0.0000, 122, 108, 96
L  -39.8781, 174.5543, 0.0000, -13.2136, 174.5543, 0.0000, 122, 108, 96
L  -11.5448, 174.5543, 0.0000, -0.0708, 174.5543, 0.0000, 122, 108, 96
L  3.1582, 174.5543, 0.0000, 11.7888, 174.5543, 0.0000, 122, 108, 96
L  13.9401, 174.5543, 0.0000, 36.2981, 174.5543, 0.0000, 122, 108, 96
L  37.9850, 174.5543, 0.0000, 46.8549, 174.5543, 0.0000, 122, 108, 96
L  49.5732, 174.5543, 0.0000, 57.9095, 174.5543, 0.0000, 122, 108, 96
L  61.9431, 174.5543, 0.0000, 87.9419, 174.5543, 0.0000, 122, 108, 96
L  90.1581, 174.5543, 0.0000, 118.1994, 174.5543, 0.0000, 122, 108, 96
L  122.6982, 174.5543, 0.0000, 146.6238, 174.5543, 0.0000, 122, 108, 96
L  150.0658, 174.5543, 0.0000, 161.2901, 174.5543, 0.0000, 122, 108, 96
L  165.7426, 174.5543, 0.0000, 183.2626, 174.5543, 0.0000, 122, 108, 96
L  186.5108, 174.5543, 0.0000, 210.0735, 174.5543, 0.0000, 122, 108, 96
L  212.4017, 174.5543, 0.0000, 223.2324, 174.5543, 0.0000, 122, 108, 96
L  225.7908, 174.5543, 0.0000, 246.5854, 174.5543, 0.0000, 122, 108, 96
L  250.8557, 174.5543, 0.0000, 276.6473, 174.5543, 0.0000, 122, 108, 96
L  279.8341, 174.5543, 0.0000, 305.6090, 174.5543, 0.0000, 122, 108, 96
L  309.3187, 174.5543, 0.0000, 332.7395, 174.5543, 0.0000, 122, 108, 96
L  335.7442, 174.5543, 0.0000, 356.0677, 174.5543, 0.0000, 122, 108, 96
L  360.8157, 174.5543, 0.0000, 380.9393, 174.5543, 0.0000, 122, 108, 96
L  384.4207, 174.5543, 0.0000, 402.9411, 174.5543, 0.0000, 96, 84, 74
L  405.3462, 174.5543, 0.0000, 416.9910, 174.5543, 0.0000, 96, 84, 74
L  419.4305, 174.5543, 0.0000, 432.9332, 174.5543, 0.0000, 96, 84, 74
L  437.1586, 174.5543, 0.0000, 466.3015, 174.5543, 0.0000, 72, 62, 54
L  -475.0031, 180.1036, 0.0000, -451.2668, 180.1036, 0.0000, 72, 62, 54
L  -423.4092, 180.1036, 0.0000, -409.3551, 180.1036, 0.0000, 72, 62, 54
L  -406.8771, 180.1036, 0.0000, -376.9820, 180.1036, 0.0000, 96, 84, 74
L  -374.7258, 180.1036, 0.0000, -361.8253, 180.1036, 0.0000, 122, 108, 96
L  -323.7024, 180.1036, 0.0000, -307.7457, 180.1036, 0.0000, 122, 108, 96
L  -305.2713, 180.1036, 0.0000, -280.2259, 180.1036, 0.0000, 122, 108, 96
L  -277.7435, 180.1036, 0.0000, -257.8457, 180.1036, 0.0000, 122, 108, 96
L  -253.4657, 180.1036, 0.0000, -236.4076, 180.1036, 0.0000, 122, 108, 96
L  -233.6794, 180.1036, 0.0000, -212.1316, 180.1036, 0.0000, 122, 108, 96
L  -209.0453, 180.1036, 0.0000, -191.8706, 180.1036, 0.0000, 122, 108, 96
L  -188.2982, 180.1036, 0.0000, -175.3162, 180.1036, 0.0000, 122, 108, 96
L  -171.6382, 180.1036, 0.0000, -162.4450, 180.1036, 0.0000, 122, 108, 96
L  -160.4337, 180.1036, 0.0000, -146.2962, 180.1036, 0.0000, 122, 108, 96
L  -142.5969, 180.1036, 0.0000, -118.6301, 180.1036, 0.0000, 122, 108, 96
L  -113.9066, 180.1036, 0.0000, -101.7623, 180.1036, 0.0000, 122, 108, 96
L  -98.5057, 180.1036, 0.0000, -88.0667, 180.1036, 0.0000, 122, 108, 96
L  -83.8646, 180.1036, 0.0000, -66.7374, 180.1036, 0.0000, 122, 108, 96
L  -62.8989, 180.1036, 0.0000, -36.0730, 180.1036, 0.0000, 122, 108, 96
L  -34.3956, 180.1036, 0.0000, -19.3174, 180.1036, 0.0000, 122, 108, 96
L  -15.8357, 180.1036, 0.0000, 4.3626, 180.1036, 0.0000, 122, 108, 96
L  8.0650, 180.1036, 0.0000, 36.3463, 180.1036, 0.0000, 122, 108, 96
L  39.9164, 180.1036, 0.0000, 69.3627, 180.1036, 0.0000, 122, 108, 96
L  72.4480, 180.1036, 0.0000, 81.0693, 180.1036, 0.0000, 122, 108, 96
L  85.2141, 180.1036, 0.0000, 107.9170, 180.1036, 0.0000, 122, 108, 96
L  111.6074, 180.1036, 0.0000, 139.6455, 180.1036, 0.0000, 122, 108, 96
L  144.1946, 180.1036, 0.0000, 172.5787, 180.1036, 0.0000, 122, 108, 96
L  177.2100, 180.1036, 0.0000, 186.1716, 180.1036, 0.0000, 122, 108, 96
L  188.5478, 180.1036, 0.0000, 202.2684, 180.1036, 0.0000, 122, 108, 96
L  204.0515, 180.1036, 0.0000, 222.2898, 180.1036, 0.0000, 122, 108, 96
L  225.4549, 180.1036, 0.0000, 253.5589, 180.1036, 0.0000, 122, 108, 96
L  255.3937, 180.1036, 0.0000, 274.0826, 180.1036, 0.0000, 122, 108, 96
L  278.1619, 180.1036, 0.0000, 307.7758, 180.1036, 0.0000, 122, 108, 96
L  311.8623, 180.1036, 0.0000, 326.7859, 180.1036, 0.0000, 122, 108, 96
L  328.4906, 180.1036, 0.0000, 353.6740, 180.1036, 0.0000, 122, 108, 96
L  355.7487, 180.1036, 0.0000, 380.2309, 180.1036, 0.0000, 122, 108, 96
L  382.6869, 180.1036, 0.0000, 403.9230, 180.1036, 0.0000, 96, 84, 74
L  408.1922, 180.1036, 0.0000, 426.3377, 180.1036, 0.0000, 96, 84, 74
L  -478.6478, 185.6531, 0.0000, -450.4493, 185.6531, 0.0000, 72, 62, 54
L  -421.0656, 185.6531, 0.0000, -402.1465, 185.6531, 0.0000, 96, 84, 74
L  -323.4079, 185.6531, 0.0000, -311.3929, 185.6531, 0.0000, 122, 108, 96
L  -307.7188, 185.6531, 0.0000, -280.5158, 185.6531, 0.0000, 122, 108, 96
L  -278.3804, 185.6531, 0.0000, -251.9567, 185.6531, 0.0000, 122, 108, 96
L  -250.0962, 185.6531, 0.0000, -234.4136, 185.6531, 0.0000, 122, 108, 96
L  -232.5867, 185.6531, 0.0000, -202.4762, 185.6531, 0.0000, 122, 108, 96
L  -199.7909, 185.6531, 0.0000, -187.8912, 185.6531, 0.0000, 122, 108, 96
L  -186.1226, 185.6531, 0.0000, -173.3857, 185.6531, 0.0000, 122, 108, 96
L  -168.4846, 185.6531, 0.0000, -158.6046, 185.6531, 0.0000, 122, 108, 96
L  -155.6854, 185.6531, 0.0000, -140.4766, 185.6531, 0.0000, 122, 108, 96
L  -138.6965, 185.6531, 0.0000, -111.9492, 185.6531, 0.0000, 122, 108, 96
L  -108.1423, 185.6531, 0.0000, -79.2873, 185.6531, 0.0000, 122, 108, 96
L  -76.0618, 185.6531, 0.0000, -46.7464, 185.6531, 0.0000, 122, 108, 96
L  -43.9178, 185.6531, 0.0000, -27.9975, 185.6531, 0.0000, 122, 108, 96
L  -26.2981, 185.6531, 0.0000, 2.1743, 185.6531, 0.0000, 122, 108, 96
L  5.1364, 185.6531, 0.0000, 31.1897, 185.6531, 0.0000, 122, 108, 96
L  35.3119, 185.6531, 0.0000, 65.3911, 185.6531, 0.0000, 122, 108, 96
L  67.8309, 185.6531, 0.0000, 91.1230, 185.6531, 0.0000, 122, 108, 96
L  95.3909, 185.6531, 0.0000, 115.9815, 185.6531, 0.0000, 122, 108, 96
L  120.5427, 185.6531, 0.0000, 138.3349, 185.6531, 0.0000, 122, 108, 96
L  142.8868, 185.6531, 0.0000, 162.3531, 185.6531, 0.0000, 122, 108, 96
L  165.9339, 185.6531, 0.0000, 177.3765, 185.6531, 0.0000, 122, 108, 96
L  179.2273, 185.6531, 0.0000, 198.7555, 185.6531, 0.0000, 122, 108, 96
L  203.3128, 185.6531, 0.0000, 211.9298, 185.6531, 0.0000, 122, 108, 96
L  214.5861, 185.6531, 0.0000, 223.7328, 185.6531, 0.0000, 122, 108, 96
L  227.0096, 185.6531, 0.0000, 251.1339, 185.6531, 0.0000, 122, 108, 96
L  254.5634, 185.6531, 0.0000, 281.1470, 185.6531, 0.0000, 122, 108, 96
L  283.6531, 185.6531, 0.0000, 311.0419, 185.6531, 0.0000, 122, 108, 96
L  314.9597, 185.6531, 0.0000, 341.6580, 185.6531, 0.0000, 122, 108, 96
L  346.5218, 185.6531, 0.0000, 357.2569, 185.6531, 0.0000, 122, 108, 96
L  360.6115, 185.6531, 0.0000, 384.6650, 185.6531, 0.0000, 122, 108, 96
L  387.1780, 185.6531, 0.0000, 396.8514, 185.6531, 0.0000, 96, 84, 74
L  398.9783, 185.6531, 0.0000, 424.7878, 185.6531, 0.0000, 96, 84, 74
L  -465.3071, 191.2023, 0.0000, -450.3565, 191.2023, 0.0000, 72, 62, 54
L  -316.3212, 191.2023, 0.0000, -304.6679, 191.2023, 0.0000, 122, 108, 96
L  -300.6338, 191.2023, 0.0000, -274.2651, 191.2023, 0.0000, 122, 108, 96
L  -269.8744, 191.2023, 0.0000, -256.5186, 191.2023, 0.0000, 122, 108, 96
L  -254.4023, 191.2023, 0.0000, -228.7492, 191.2023, 0.0000, 122, 108, 96
L  -225.2256, 191.2023, 0.0000, -213.6721, 191.2023, 0.0000, 122, 108, 96
L  -210.5737, 191.2023, 0.0000, -186.8231, 191.2023, 0.0000, 122, 108, 96
L  -184.3871, 191.2023, 0.0000, -163.5554, 191.2023, 0.0000, 122, 108, 96
L  -158.9336, 191.2023, 0.0000, -128.6473, 191.2023, 0.0000, 122, 108, 96
L  -126.6513, 191.2023, 0.0000, -101.3423, 191.2023, 0.0000, 122, 108, 96
L  -99.2566, 191.2023, 0.0000, -72.5230, 191.2023, 0.0000, 122, 108, 96
L  -69.4663, 191.2023, 0.0000, -47.9167, 191.2023, 0.0000, 122, 108, 96
L  -43.7318, 191.2023, 0.0000, -20.1139, 191.2023, 0.0000, 122, 108, 96
L  -16.9913, 191.2023, 0.0000, 11.4639, 191.2023, 0.0000, 122, 108, 96
L  14.0776, 191.2023, 0.0000, 42.4211, 191.2023, 0.0000, 122, 108, 96
L  46.8254, 191.2023, 0.0000, 59.5040, 191.2023, 0.0000, 122, 108, 96
L  63.3537, 191.2023, 0.0000, 76.2121, 191.2023, 0.0000, 122, 108, 96
L  80.1611, 191.2023, 0.0000, 101.8435, 191.2023, 0.0000, 122, 108, 96
L  104.6733, 191.2023, 0.0000, 113.8793, 191.2023, 0.0000, 122, 108, 96
L  117.3955, 191.2023, 0.0000, 130.2540, 191.2023, 0.0000, 122, 108, 96
L  134.6922, 191.2023, 0.0000, 156.2959, 191.2023, 0.0000, 122, 108, 96
L  159.0098, 191.2023, 0.0000, 187.7168, 191.2023, 0.0000, 122, 108, 96
L  191.1614, 191.2023, 0.0000, 199.4303, 191.2023, 0.0000, 122, 108, 96
L  202.9442, 191.2023, 0.0000, 215.9964, 191.2023, 0.0000, 122, 108, 96
L  217.7345, 191.2023, 0.0000, 240.1782, 191.2023, 0.0000, 122, 108, 96
L  241.9305, 191.2023, 0.0000, 263.8516, 191.2023, 0.0000, 122, 108, 96
L  267.1781, 191.2023, 0.0000, 296.7064, 191.2023, 0.0000, 122, 108, 96
L  301.2693, 191.2023, 0.0000, 318.7876, 191.2023, 0.0000, 122, 108, 96
L  321.7494, 191.2023, 0.0000, 340.5155, 191.2023, 0.0000, 122, 108, 96
L  343.5614, 191.2023, 0.0000, 362.9244, 191.2023, 0.0000, 122, 108, 96
L  365.7949, 191.2023, 0.0000, 388.6466, 191.2023, 0.0000, 122, 108, 96
L  393.3147, 191.2023, 0.0000, 419.2271, 191.2023, 0.0000, 96, 84, 74
L  421.1931, 191.2023, 0.0000, 436.2020, 191.2023, 0.0000, 96, 84, 74
L  -332.9426, 196.7517, 0.0000, -306.2577, 196.7517, 0.0000, 122, 108, 96
L  -302.3389, 196.7517, 0.0000, -280.7639, 196.7517, 0.0000, 122, 108, 96
L  -278.2556, 196.7517, 0.0000, -247.8798, 196.7517, 0.0000, 122, 108, 96
L  -243.1370, 196.7517, 0.0000, -225.4408, 196.7517, 0.0000, 122, 108, 96
L  -221.1724, 196.7517, 0.0000, -196.8246, 196.7517, 0.0000, 122, 108, 96
L  -192.5102, 196.7517, 0.0000, -183.5709, 196.7517, 0.0000, 122, 108, 96
L  -179.4767, 196.7517, 0.0000, -167.3309, 196.7517, 0.0000, 122, 108, 96
L  -165.0385, 196.7517, 0.0000, -149.4553, 196.7517, 0.0000, 122, 108, 96
L  -144.7486, 196.7517, 0.0000, -131.9932, 196.7517, 0.0000, 122, 108, 96
L  -129.5645, 196.7517, 0.0000, -106.7728, 196.7517, 0.0000, 122, 108, 96
L  -104.6282, 196.7517, 0.0000, -94.5334, 196.7517, 0.0000, 122, 108, 96
L  -91.2732, 196.7517, 0.0000, -61.9654, 196.7517, 0.0000, 122, 108, 96
L  -58.0761, 196.7517, 0.0000, -37.8049, 196.7517, 0.0000, 122, 108, 96
L  -34.4183, 196.7517, 0.0000, -23.2248, 196.7517, 0.0000, 122, 108, 96
L  -19.9863, 196.7517, 0.0000, 9.1738, 196.7517, 0.0000, 122, 108, 96
L  13.6341, 196.7517, 0.0000, 30.3493, 196.7517, 0.0000, 122, 108, 96
L  34.4074, 196.7517, 0.0000, 64.5045, 196.7517, 0.0000, 122, 108, 96
L  67.6845, 196.7517, 0.0000, 96.8953, 196.7517, 0.0000, 122, 108, 96
L  99.5298, 196.7517, 0.0000, 122.4906, 196.7517, 0.0000, 122, 108, 96
L  126.0799, 196.7517, 0.0000, 149.5673, 196.7517, 0.0000, 122, 108, 96
L  151.6285, 196.7517, 0.0000, 163.9935, 196.7517, 0.0000, 122, 108, 96
L  168.1780, 196.7517, 0.0000, 184.8800, 196.7517, 0.0000, 122, 108, 96
L  186.6187, 196.7517, 0.0000, 201.7852, 196.7517, 0.0000, 122, 108, 96
L  204.1136, 196.7517, 0.0000, 214.9219, 196.7517, 0.0000, 122, 108, 96
L  217.4792, 196.7517, 0.0000, 226.6663, 196.7517, 0.0000, 122, 108, 96
L  228.6480, 196.7517, 0.0000, 258.6179, 196.7517, 0.0000, 122, 108, 96
L  261.1070, 196.7517, 0.0000, 286.5852, 196.7517, 0.0000, 122, 108, 96
L  289.0643, 196.7517, 0.0000, 298.3170, 196.7517, 0.0000, 122, 108, 96
L  301.3117, 196.7517, 0.0000, 320.3725, 196.7517, 0.0000, 122, 108, 96
L  323.2565, 196.7517, 0.0000, 348.6198, 196.7517, 0.0000, 122, 108, 96
L  350.4857, 196.7517, 0.0000, 362.9254, 196.7517, 0.0000, 122, 108, 96
L  365.5777, 196.7517, 0.0000, 392.4415, 196.7517, 0.0000, 122, 108, 96
L  395.8065, 196.7517, 0.0000, 415.6435, 196.7517, 0.0000, 96, 84, 74
L  418.3813, 196.7517, 0.0000, 431.5210, 196.7517, 0.0000, 96, 84, 74
L  434.2343, 196.7517, 0.0000, 453.2377, 196.7517, 0.0000, 72, 62, 54
L  456.4850, 196.7517, 0.0000, 465.0791, 196.7517, 0.0000, 72, 62, 54
L  -460.1084, 202.3012, 0.0000, -449.6223, 202.3012, 0.0000, 72, 62, 54
L  -377.2473, 202.3012, 0.0000, -364.9162, 202.3012, 0.0000, 96, 84, 74
L  -360.9727, 202.3012, 0.0000, -330.7239, 202.3012, 0.0000, 96, 84, 74
L  -328.9464, 202.3012, 0.0000, -319.6943, 202.3012, 0.0000, 96, 84, 74
L  -317.9782, 202.3012, 0.0000, -294.2841, 202.3012, 0.0000, 96, 84, 74
L  -291.5101, 202.3012, 0.0000, -263.4980, 202.3012, 0.0000, 96, 84, 74
L  -261.3680, 202.3012, 0.0000, -236.0115, 202.3012, 0.0000, 96, 84, 74
L  -231.2244, 202.3012, 0.0000, -215.9182, 202.3012, 0.0000, 96, 84, 74
L  -212.9517, 202.3012, 0.0000, -202.9475, 202.3012, 0.0000, 96, 84, 74
L  -199.2584, 202.3012, 0.0000, -185.8297, 202.3012, 0.0000, 96, 84, 74
L  -182.1697, 202.3012, 0.0000, -158.5147, 202.3012, 0.0000, 96, 84, 74
L  -154.3995, 202.3012, 0.0000, -143.9957, 202.3012, 0.0000, 96, 84, 74
L  -141.1426, 202.3012, 0.0000, -118.0041, 202.3012, 0.0000, 96, 84, 74
L  -113.8115, 202.3012, 0.0000, -86.4069, 202.3012, 0.0000, 96, 84, 74
L  -83.7626, 202.3012, 0.0000, -65.3006, 202.3012, 0.0000, 96, 84, 74
L  -63.0614, 202.3012, 0.0000, -33.6896, 202.3012, 0.0000, 96, 84, 74
L  -29.6820, 202.3012, 0.0000, -8.1046, 202.3012, 0.0000, 96, 84, 74
L  -5.1109, 202.3012, 0.0000, 8.3938, 202.3012, 0.0000, 96, 84, 74
L  12.9861, 202.3012, 0.0000, 36.5986, 202.3012, 0.0000, 96, 84, 74
L  39.7679, 202.3012, 0.0000, 62.1338, 202.3012, 0.0000, 96, 84, 74
L  65.4558, 202.3012, 0.0000, 84.5930, 202.3012, 0.0000, 96, 84, 74
L  87.4849, 202.3012, 0.0000, 113.0651, 202.3012, 0.0000, 96, 84, 74
L  115.5959, 202.3012, 0.0000, 128.4381, 202.3012, 0.0000, 96, 84, 74
L  131.0584, 202.3012, 0.0000, 154.4895, 202.3012, 0.0000, 96, 84, 74
L  158.3681, 202.3012, 0.0000, 169.6623, 202.3012, 0.0000, 96, 84, 74
L  173.9318, 202.3012, 0.0000, 202.3135, 202.3012, 0.0000, 96, 84, 74
L  204.3692, 202.3012, 0.0000, 221.0893, 202.3012, 0.0000, 96, 84, 74
L  224.4349, 202.3012, 0.0000, 235.5832, 202.3012, 0.0000, 96, 84, 74
L  239.2223, 202.3012, 0.0000, 250.2465, 202.3012, 0.0000, 96, 84, 74
L  253.4655, 202.3012, 0.0000, 270.9231, 202.3012, 0.0000, 96, 84, 74
L  274.1855, 202.3012, 0.0000, 303.6810, 202.3012, 0.0000, 96, 84, 74
L  307.6999, 202.3012, 0.0000, 329.9755, 202.3012, 0.0000, 96, 84, 74
L  331.6732, 202.3012, 0.0000, 357.3507, 202.3012, 0.0000, 96, 84, 74
L  359.7102, 202.3012, 0.0000, 386.1759, 202.3012, 0.0000, 96, 84, 74
L  388.7451, 202.3012, 0.0000, 398.9485, 202.3012, 0.0000, 96, 84, 74
L  401.9930, 202.3012, 0.0000, 411.2475, 202.3012, 0.0000, 96, 84, 74
L  414.6517, 202.3012, 0.0000, 425.8351, 202.3012, 0.0000, 96, 84, 74
L  470.8166, 202.3012, 0.0000, 484.9190, 202.3012, 0.0000, 72, 62, 54
L  -317.9030, 207.8505, 0.0000, -291.5393, 207.8505, 0.0000, 96, 84, 74
L  -288.0653, 207.8505, 0.0000, -277.5446, 207.8505, 0.0000, 96, 84, 74
L  -273.7065, 207.8505, 0.0000, -257.5901, 207.8505, 0.0000, 96, 84, 74
L  -254.9068, 207.8505, 0.0000, -226.4671, 207.8505, 0.0000, 96, 84, 74
L  -224.7958, 207.8505, 0.0000, -196.1124, 207.8505, 0.0000, 96, 84, 74
L  -191.5804, 207.8505, 0.0000, -173.7793, 207.8505, 0.0000, 96, 84, 74
L  -171.1486, 207.8505, 0.0000, -145.4907, 207.8505, 0.0000, 96, 84, 74
L  -141.1123, 207.8505, 0.0000, -111.7887, 207.8505, 0.0000, 96, 84, 74
L  -107.6367, 207.8505, 0.0000, -97.9901, 207.8505, 0.0000, 96, 84, 74
L  -94.0518, 207.8505, 0.0000, -70.9696, 207.8505, 0.0000, 96, 84, 74
L  -68.3385, 207.8505, 0.0000, -53.5096, 207.8505, 0.0000, 96, 84, 74
L  -51.4401, 207.8505, 0.0000, -33.0622, 207.8505, 0.0000, 96, 84, 74
L  -29.0661, 207.8505, 0.0000, -9.8208, 207.8505, 0.0000, 96, 84, 74
L  -6.4053, 207.8505, 0.0000, 21.9633, 207.8505, 0.0000, 96, 84, 74
L  26.5127, 207.8505, 0.0000, 43.7894, 207.8505, 0.0000, 96, 84, 74
L  45.9556, 207.8505, 0.0000, 74.1335, 207.8505, 0.0000, 96, 84, 74
L  78.6802, 207.8505, 0.0000, 109.1646, 207.8505, 0.0000, 96, 84, 74
L  113.2035, 207.8505, 0.0000, 142.3020, 207.8505, 0.0000, 96, 84, 74
L  147.1882, 207.8505, 0.0000, 156.3912, 207.8505, 0.0000, 96, 84, 74
L  160.0234, 207.8505, 0.0000, 187.9318, 207.8505, 0.0000, 96, 84, 74
L  190.7239, 207.8505, 0.0000, 200.7136, 207.8505, 0.0000, 96, 84, 74
L  203.6618, 207.8505, 0.0000, 212.9721, 207.8505, 0.0000, 96, 84, 74
L  214.7295, 207.8505, 0.0000, 224.3860, 207.8505, 0.0000, 96, 84, 74
L  228.3178, 207.8505, 0.0000, 252.8674, 207.8505, 0.0000, 96, 84, 74
L  256.8230, 207.8505, 0.0000, 265.7044, 207.8505, 0.0000, 96, 84, 74
L  268.3090, 207.8505, 0.0000, 297.9726, 207.8505, 0.0000, 96, 84, 74
L  302.6944, 207.8505, 0.0000, 318.5944, 207.8505, 0.0000, 96, 84, 74
L  321.9227, 207.8505, 0.0000, 350.1524, 207.8505, 0.0000, 96, 84, 74
L  352.0401, 207.8505, 0.0000, 368.8904, 207.8505, 0.0000, 96, 84, 74
L  371.3456, 207.8505, 0.0000, 385.2455, 207.8505, 0.0000, 96, 84, 74
L  387.6940, 207.8505, 0.0000, 411.8854, 207.8505, 0.0000, 96, 84, 74
L  414.2394, 207.8505, 0.0000, 433.8799, 207.8505, 0.0000, 96, 84, 74
L  455.5154, 207.8505, 0.0000, 466.4769, 207.8505, 0.0000, 72, 62, 54
L  470.8029, 207.8505, 0.0000, 487.2290, 207.8505, 0.0000, 72, 62, 54
L  -478.5074, 213.3999, 0.0000, -463.5344, 213.3999, 0.0000, 72, 62, 54
L  -312.0333, 213.3999, 0.0000, -297.7833, 213.3999, 0.0000, 96, 84, 74
L  -295.2911, 213.3999, 0.0000, -276.7976, 213.3999, 0.0000, 96, 84, 74
L  -273.7646, 213.3999, 0.0000, -260.1165, 213.3999, 0.0000, 96, 84, 74
L  -256.0320, 213.3999, 0.0000, -232.1757, 213.3999, 0.0000, 96, 84, 74
L  -228.9326, 213.3999, 0.0000, -210.3152, 213.3999, 0.0000, 96, 84, 74
L  -207.8141, 213.3999, 0.0000, -184.2373, 213.3999, 0.0000, 96, 84, 74
L  -181.5676, 213.3999, 0.0000, -151.8577, 213.3999, 0.0000, 96, 84, 74
L  -149.2341, 213.3999, 0.0000, -136.2927, 213.3999, 0.0000, 96, 84, 74
L  -131.5620, 213.3999, 0.0000, -104.4027, 213.3999, 0.0000, 96, 84, 74
L  -101.4772, 213.3999, 0.0000, -78.9533, 213.3999, 0.0000, 96, 84, 74
L  -76.4823, 213.3999, 0.0000, -67.4472, 213.3999, 0.0000, 96, 84, 74
L  -63.5699, 213.3999, 0.0000, -42.7876, 213.3999, 0.0000, 96, 84, 74
L  -38.2879, 213.3999, 0.0000, -22.6664, 213.3999, 0.0000, 96, 84, 74
L  -17.9602, 213.3999, 0.0000, -6.1843, 213.3999, 0.0000, 96, 84, 74
L  -3.0532, 213.3999, 0.0000, 23.9212, 213.3999, 0.0000, 96, 84, 74
L  26.5460, 213.3999, 0.0000, 51.6851, 213.3999, 0.0000, 96, 84, 74
L  55.5390, 213.3999, 0.0000, 85.4284, 213.3999, 0.0000, 96, 84, 74
L  88.3231, 213.3999, 0.0000, 98.1362, 213.3999, 0.0000, 96, 84, 74
L  99.8606, 213.3999, 0.0000, 130.1913, 213.3999, 0.0000, 96, 84, 74
L  133.2210, 213.3999, 0.0000, 160.7258, 213.3999, 0.0000, 96, 84, 74
L  165.3741, 213.3999, 0.0000, 187.9924, 213.3999, 0.0000, 96, 84, 74
L  190.5276, 213.3999, 0.0000, 203.8380, 213.3999, 0.0000, 96, 84, 74
L  206.9969, 213.3999, 0.0000, 222.6664, 213.3999, 0.0000, 96, 84, 74
L  225.8198, 213.3999, 0.0000, 249.8060, 213.3999, 0.0000, 96, 84, 74
L  254.5118, 213.3999, 0.0000, 262.9693, 213.3999, 0.0000, 96, 84, 74
L  267.1366, 213.3999, 0.0000, 288.0293, 213.3999, 0.0000, 96, 84, 74
L  290.5722, 213.3999, 0.0000, 307.7676, 213.3999, 0.0000, 96, 84, 74
L  310.5320, 213.3999, 0.0000, 327.7868, 213.3999, 0.0000, 96, 84, 74
L  331.9279, 213.3999, 0.0000, 348.9841, 213.3999, 0.0000, 96, 84, 74
L  351.9620, 213.3999, 0.0000, 366.2618, 213.3999, 0.0000, 96, 84, 74
L  368.2603, 213.3999, 0.0000, 393.8286, 213.3999, 0.0000, 96, 84, 74
L  395.9502, 213.3999, 0.0000, 418.1593, 213.3999, 0.0000, 96, 84, 74
L  421.9249, 213.3999, 0.0000, 430.9787, 213.3999, 0.0000, 72, 62, 54
L  434.7090, 213.3999, 0.0000, 458.0425, 213.3999, 0.0000, 72, 62, 54
L  -473.6689, 218.9493, 0.0000, -458.8982, 218.9493, 0.0000, 72, 62, 54
L  -355.1641, 218.9493, 0.0000, -331.4869, 218.9493, 0.0000, 96, 84, 74
L  -327.7092, 218.9493, 0.0000, -316.5734, 218.9493, 0.0000, 96, 84, 74
L  -314.7556, 218.9493, 0.0000, -301.2641, 218.9493, 0.0000, 96, 84, 74
L  -298.8676, 218.9493, 0.0000, -281.2790, 218.9493, 0.0000, 96, 84, 74
L  -278.7154, 218.9493, 0.0000, -266.4404, 218.9493, 0.0000, 96, 84, 74
L  -261.7410, 218.9493, 0.0000, -246.3735, 218.9493, 0.0000, 96, 84, 74
L  -242.5162, 218.9493, 0.0000, -231.9788, 218.9493, 0.0000, 96, 84, 74
L  -229.7807, 218.9493, 0.0000, -205.5082, 218.9493, 0.0000, 96, 84, 74
L  -202.9396, 218.9493, 0.0000, -172.8045, 218.9493, 0.0000, 96, 84, 74
L  -170.8156, 218.9493, 0.0000, -153.9692, 218.9493, 0.0000, 96, 84, 74
L  -150.0080, 218.9493, 0.0000, -135.7909, 218.9493, 0.0000, 96, 84, 74
L  -132.6295, 218.9493, 0.0000, -102.8086, 218.9493, 0.0000, 96, 84, 74
L  -99.7395, 218.9493, 0.0000, -86.6406, 218.9493, 0.0000, 96, 84, 74
L  -84.4097, 218.9493, 0.0000, -55.2922, 218.9493, 0.0000, 96, 84, 74
L  -50.7465, 218.9493, 0.0000, -41.7697, 218.9493, 0.0000, 96, 84, 74
L  -37.9829, 218.9493, 0.0000, -26.9469, 218.9493, 0.0000, 96, 84, 74
L  -23.8380, 218.9493, 0.0000, -13.4516, 218.9493, 0.0000, 96, 84, 74
L  -10.1195, 218.9493, 0.0000, 2.2454, 218.9493, 0.0000, 96, 84, 74
L  5.5894, 218.9493, 0.0000, 16.2170, 218.9493, 0.0000, 96, 84, 74
L  18.1623, 218.9493, 0.0000, 42.1633, 218.9493, 0.0000, 96, 84, 74
L  44.7288, 218.9493, 0.0000, 73.3249, 218.9493, 0.0000, 96, 84, 74
L  75.6229, 218.9493, 0.0000, 90.7078, 218.9493, 0.0000, 96, 84, 74
L  94.2976, 218.9493, 0.0000, 108.7711, 218.9493, 0.0000, 96, 84, 74
L  113.5661, 218.9493, 0.0000, 124.8058, 218.9493, 0.0000, 96, 84, 74
L  129.6486, 218.9493, 0.0000, 148.7870, 218.9493, 0.0000, 96, 84, 74
L  151.1596, 218.9493, 0.0000, 164.0402, 218.9493, 0.0000, 96, 84, 74
L  167.3623, 218.9493, 0.0000, 192.1859, 218.9493, 0.0000, 96, 84, 74
L  194.9872, 218.9493, 0.0000, 215.9717, 218.9493, 0.0000, 96, 84, 74
L  219.2963, 218.9493, 0.0000, 239.3878, 218.9493, 0.0000, 96, 84, 74
L  243.6255, 218.9493, 0.0000, 266.7282, 218.9493, 0.0000, 96, 84, 74
L  271.2780, 218.9493, 0.0000, 299.4935, 218.9493, 0.0000, 96, 84, 74
L  303.1293, 218.9493, 0.0000, 320.0037, 218.9493, 0.0000, 96, 84, 74
L  323.1250, 218.9493, 0.0000, 332.4306, 218.9493, 0.0000, 96, 84, 74
L  334.6228, 218.9493, 0.0000, 351.2693, 218.9493, 0.0000, 96, 84, 74
L  355.1655, 218.9493, 0.0000, 384.2734, 218.9493, 0.0000, 96, 84, 74
L  387.5965, 218.9493, 0.0000, 405.7922, 218.9493, 0.0000, 96, 84, 74
L  407.7825, 218.9493, 0.0000, 417.2047, 218.9493, 0.0000, 96, 84, 74
L  -480.6730, 224.4986, 0.0000, -457.2961, 224.4986, 0.0000, 72, 62, 54
L  -454.0397, 224.4986, 0.0000, -426.2995, 224.4986, 0.0000, 72, 62, 54
L  -332.7976, 224.4986, 0.0000, -321.9186, 224.4986, 0.0000, 96, 84, 74
L  -319.5348, 224.4986, 0.0000, -299.3145, 224.4986, 0.0000, 96, 84, 74
L  -295.2466, 224.4986, 0.0000, -281.3573, 224.4986, 0.0000, 96, 84, 74
L  -276.9290, 224.4986, 0.0000, -261.8325, 224.4986, 0.0000, 96, 84, 74
L  -257.4418, 224.4986, 0.0000, -247.5584, 224.4986, 0.0000, 96, 84, 74
L  -244.2540, 224.4986, 0.0000, -225.7132, 224.4986, 0.0000, 96, 84, 74
L  -222.3025, 224.4986, 0.0000, -203.0666, 224.4986, 0.0000, 96, 84, 74
L  -198.7260, 224.4986, 0.0000, -173.9163, 224.4986, 0.0000, 96, 84, 74
L  -171.1348, 224.4986, 0.0000, -154.0195, 224.4986, 0.0000, 96, 84, 74
L  -150.8169, 224.4986, 0.0000, -127.2260, 224.4986, 0.0000, 96, 84, 74
L  -123.9932, 224.4986, 0.0000, -99.5200, 224.4986, 0.0000, 96, 84, 74
L  -95.7284, 224.4986, 0.0000, -83.3845, 224.4986, 0.0000, 96, 84, 74
L  -79.8053, 224.4986, 0.0000, -58.1765, 224.4986, 0.0000, 96, 84, 74
L  -55.6673, 224.4986, 0.0000, -41.7648, 224.4986, 0.0000, 96, 84, 74
L  -38.8947, 224.4986, 0.0000, -15.8471, 224.4986, 0.0000, 96, 84, 74
L  -11.2141, 224.4986, 0.0000, 7.6481, 224.4986, 0.0000, 96, 84, 74
L  11.5554, 224.4986, 0.0000, 32.4761, 224.4986, 0.0000, 96, 84, 74
L  35.4983, 224.4986, 0.0000, 48.0608, 224.4986, 0.0000, 96, 84, 74
L  51.6521, 224.4986, 0.0000, 69.6478, 224.4986, 0.0000, 96, 84, 74
L  73.1383, 224.4986, 0.0000, 103.1725, 224.4986, 0.0000, 96, 84, 74
L  106.1092, 224.4986, 0.0000, 133.6164, 224.4986, 0.0000, 96, 84, 74
L  135.9718, 224.4986, 0.0000, 153.8903, 224.4986, 0.0000, 96, 84, 74
L  155.8815, 224.4986, 0.0000, 164.6997, 224.4986, 0.0000, 96, 84, 74
L  167.0622, 224.4986, 0.0000, 194.8170, 224.4986, 0.0000, 96, 84, 74
L  196.8365, 224.4986, 0.0000, 205.2705, 224.4986, 0.0000, 96, 84, 74
L  208.0414, 224.4986, 0.0000, 222.9118, 224.4986, 0.0000, 96, 84, 74
L  225.3244, 224.4986, 0.0000, 234.6661, 224.4986, 0.0000, 96, 84, 74
L  239.4250, 224.4986, 0.0000, 252.1892, 224.4986, 0.0000, 96, 84, 74
L  255.0434, 224.4986, 0.0000, 270.0029, 224.4986, 0.0000, 96, 84, 74
L  274.4707, 224.4986, 0.0000, 295.2273, 224.4986, 0.0000, 96, 84, 74
L  299.0369, 224.4986, 0.0000, 320.9409, 224.4986, 0.0000, 96, 84, 74
L  323.0391, 224.4986, 0.0000, 348.4356, 224.4986, 0.0000, 96, 84, 74
L  351.6641, 224.4986, 0.0000, 370.8106, 224.4986, 0.0000, 96, 84, 74
L  373.0862, 224.4986, 0.0000, 381.9574, 224.4986, 0.0000, 96, 84, 74
L  384.0365, 224.4986, 0.0000, 414.5799, 224.4986, 0.0000, 96, 84, 74
L  416.6532, 224.4986, 0.0000, 434.6804, 224.4986, 0.0000, 96, 84, 74
L  460.6291, 224.4986, 0.0000, 475.2183, 224.4986, 0.0000, 72, 62, 54
L  -324.3878, 230.0481, 0.0000, -294.4105, 230.0481, 0.0000, 96, 84, 74
L  -292.2311, 230.0481, 0.0000, -266.0797, 230.0481, 0.0000, 96, 84, 74
L  -263.3099, 230.0481, 0.0000, -235.0408, 230.0481, 0.0000, 96, 84, 74
L  -230.8350, 230.0481, 0.0000, -214.6280, 230.0481, 0.0000, 96, 84, 74
L  -210.3481, 230.0481, 0.0000, -187.6268, 230.0481, 0.0000, 96, 84, 74
L  -183.3552, 230.0481, 0.0000, -163.9184, 230.0481, 0.0000, 96, 84, 74
L  -162.1449, 230.0481, 0.0000, -134.4592, 230.0481, 0.0000, 96, 84, 74
L  -131.9246, 230.0481, 0.0000, -101.7490, 230.0481, 0.0000, 96, 84, 74
L  -98.7657, 230.0481, 0.0000, -89.0201, 230.0481, 0.0000, 96, 84, 74
L  -84.1494, 230.0481, 0.0000, -61.1155, 230.0481, 0.0000, 96, 84, 74
L  -57.2713, 230.0481, 0.0000, -37.6107, 230.0481, 0.0000, 96, 84, 74
L  -34.2004, 230.0481, 0.0000, -21.5045, 230.0481, 0.0000, 96, 84, 74
L  -18.2260, 230.0481, 0.0000, -6.4145, 230.0481, 0.0000, 96, 84, 74
L  -2.9015, 230.0481, 0.0000, 10.7593, 230.0481, 0.0000, 96, 84, 74
L  12.6514, 230.0481, 0.0000, 21.8978, 230.0481, 0.0000, 96, 84, 74
L  23.7160, 230.0481, 0.0000, 49.2390, 230.0481, 0.0000, 96, 84, 74
L  53.9112, 230.0481, 0.0000, 80.0519, 230.0481, 0.0000, 96, 84, 74
L  83.6313, 230.0481, 0.0000, 95.0500, 230.0481, 0.0000, 96, 84, 74
L  97.1558, 230.0481, 0.0000, 126.2822, 230.0481, 0.0000, 96, 84, 74
L  130.5830, 230.0481, 0.0000, 160.7165, 230.0481, 0.0000, 96, 84, 74
L  164.4946, 230.0481, 0.0000, 174.2714, 230.0481, 0.0000, 96, 84, 74
L  178.4920, 230.0481, 0.0000, 203.1404, 230.0481, 0.0000, 96, 84, 74
L  206.1918, 230.0481, 0.0000, 215.9855, 230.0481, 0.0000, 96, 84, 74
L  220.0300, 230.0481, 0.0000, 235.5197, 230.0481, 0.0000, 96, 84, 74
L  239.9132, 230.0481, 0.0000, 263.2689, 230.0481, 0.0000, 96, 84, 74
L  267.3251, 230.0481, 0.0000, 280.8378, 230.0481, 0.0000, 96, 84, 74
L  285.0276, 230.0481, 0.0000, 298.5397, 230.0481, 0.0000, 96, 84, 74
L  300.5376, 230.0481, 0.0000, 325.2051, 230.0481, 0.0000, 96, 84, 74
L  329.1505, 230.0481, 0.0000, 353.8444, 230.0481, 0.0000, 96, 84, 74
L  355.6778, 230.0481, 0.0000, 376.1364, 230.0481, 0.0000, 96, 84, 74
L  380.2889, 230.0481, 0.0000, 406.4399, 230.0481, 0.0000, 96, 84, 74
L  408.8607, 230.0481, 0.0000, 417.8349, 230.0481, 0.0000, 96, 84, 74
L  422.3445, 230.0481, 0.0000, 450.9921, 230.0481, 0.0000, 72, 62, 54
L  455.6941, 230.0481, 0.0000, 472.0634, 230.0481, 0.0000, 72, 62, 54
L  -462.9691, 235.5973, 0.0000, -450.6353, 235.5973, 0.0000, 72, 62, 54
L  -331.9885, 235.5973, 0.0000, -318.3989, 235.5973, 0.0000, 96, 84, 74
L  -315.7681, 235.5973, 0.0000, -292.5075, 235.5973, 0.0000, 96, 84, 74
L  -288.4177, 235.5973, 0.0000, -269.4598, 235.5973, 0.0000, 96, 84, 74
L  -267.8113, 235.5973, 0.0000, -248.4075, 235.5973, 0.0000, 96, 84, 74
L  -246.6594, 235.5973, 0.0000, -232.5146, 235.5973, 0.0000, 96, 84, 74
L  -227.6296, 235.5973, 0.0000, -206.9058, 235.5973, 0.0000, 96, 84, 74
L  -202.5360, 235.5973, 0.0000, -188.9645, 235.5973, 0.0000, 96, 84, 74
L  -184.9182, 235.5973, 0.0000, -157.4424, 235.5973, 0.0000, 96, 84, 74
L  -153.2208, 235.5973, 0.0000, -129.0643, 235.5973, 0.0000, 96, 84, 74
L  -126.0013, 235.5973, 0.0000, -109.3126, 235.5973, 0.0000, 96, 84, 74
L  -105.5900, 235.5973, 0.0000, -85.5477, 235.5973, 0.0000, 96, 84, 74
L  -81.2943, 235.5973, 0.0000, -63.2791, 235.5973, 0.0000, 96, 84, 74
L  -58.6936, 235.5973, 0.0000, -31.2863, 235.5973, 0.0000, 96, 84, 74
L  -27.4114, 235.5973, 0.0000, -12.9938, 235.5973, 0.0000, 96, 84, 74
L  -9.5084, 235.5973, 0.0000, 5.5708, 235.5973, 0.0000, 96, 84, 74
L  9.5191, 235.5973, 0.0000, 23.2607, 235.5973, 0.0000, 96, 84, 74
L  25.3470, 235.5973, 0.0000, 41.1669, 235.5973, 0.0000, 96, 84, 74
L  43.6190, 235.5973, 0.0000, 51.9254, 235.5973, 0.0000, 96, 84, 74
L  56.8061, 235.5973, 0.0000, 71.6098, 235.5973, 0.0000, 96, 84, 74
L  74.8887, 235.5973, 0.0000, 91.7490, 235.5973, 0.0000, 96, 84, 74
L  93.8364, 235.5973, 0.0000, 111.3705, 235.5973, 0.0000, 96, 84, 74
L  113.8535, 235.5973, 0.0000, 139.3638, 235.5973, 0.0000, 96, 84, 74
L  143.7657, 235.5973, 0.0000, 172.0879, 235.5973, 0.0000, 96, 84, 74
L  175.7180, 235.5973, 0.0000, 194.8445, 235.5973, 0.0000, 96, 84, 74
L  198.2026, 235.5973, 0.0000, 219.6247, 235.5973, 0.0000, 96, 84, 74
L  222.8643, 235.5973, 0.0000, 231.3800, 235.5973, 0.0000, 96, 84, 74
L  233.2530, 235.5973, 0.0000, 252.3240, 235.5973, 0.0000, 96, 84, 74
L  256.1042, 235.5973, 0.0000, 282.0569, 235.5973, 0.0000, 96, 84, 74
L  285.7622, 235.5973, 0.0000, 306.0151, 235.5973, 0.0000, 96, 84, 74
L  307.8085, 235.5973, 0.0000, 327.3288, 235.5973, 0.0000, 96, 84, 74
L  329.1234, 235.5973, 0.0000, 344.6687, 235.5973, 0.0000, 96, 84, 74
L  347.3443, 235.5973, 0.0000, 362.0596, 235.5973, 0.0000, 96, 84, 74
L  366.6540, 235.5973, 0.0000, 396.9402, 235.5973, 0.0000, 96, 84, 74
L  401.0051, 235.5973, 0.0000, 422.4076, 235.5973, 0.0000, 96, 84, 74
L  424.4684, 235.5973, 0.0000, 455.0408, 235.5973, 0.0000, 72, 62, 54
L  -399.6145, 241.1468, 0.0000, -377.5598, 241.1468, 0.0000, 96, 84, 74
L  -335.1765, 241.1468, 0.0000, -321.4894, 241.1468, 0.0000, 96, 84, 74
L  -319.4022, 241.1468, 0.0000, -308.5401, 241.1468, 0.0000, 96, 84, 74
L  -306.7490, 241.1468, 0.0000, -281.9846, 241.1468, 0.0000, 96, 84, 74
L  -280.3394, 241.1468, 0.0000, -264.6127, 241.1468, 0.0000, 96, 84, 74
L  -260.5700, 241.1468, 0.0000, -247.7730, 241.1468, 0.0000, 96, 84, 74
L  -244.5896, 241.1468, 0.0000, -217.0307, 241.1468, 0.0000, 96, 84, 74
L  -213.7288, 241.1468, 0.0000, -201.6920, 241.1468, 0.0000, 96, 84, 74
L  -198.9681, 241.1468, 0.0000, -169.7168, 241.1468, 0.0000, 96, 84, 74
L  -166.2570, 241.1468, 0.0000, -157.5645, 241.1468, 0.0000, 96, 84, 74
L  -155.1401, 241.1468, 0.0000, -144.6498, 241.1468, 0.0000, 96, 84, 74
L  -142.9886, 241.1468, 0.0000, -112.5535, 241.1468, 0.0000, 96, 84, 74
L  -107.9667, 241.1468, 0.0000, -95.6381, 241.1468, 0.0000, 96, 84, 74
L  -92.5853, 241.1468, 0.0000, -70.6715, 241.1468, 0.0000, 96, 84, 74
L  -67.7895, 241.1468, 0.0000, -37.4526, 241.1468, 0.0000, 96, 84, 74
L  -35.4261, 241.1468, 0.0000, -17.0019, 241.1468, 0.0000, 96, 84, 74
L  -13.8015, 241.1468, 0.0000, 0.4650, 241.1468, 0.0000, 96, 84, 74
L  4.5894, 241.1468, 0.0000, 24.1524, 241.1468, 0.0000, 96, 84, 74
L  28.1245, 241.1468, 0.0000, 55.8936, 241.1468, 0.0000, 96, 84, 74
L  59.8918, 241.1468, 0.0000, 72.2706, 241.1468, 0.0000, 96, 84, 74
L  77.0807, 241.1468, 0.0000, 95.0543, 241.1468, 0.0000, 96, 84, 74
L  99.4531, 241.1468, 0.0000, 112.0895, 241.1468, 0.0000, 96, 84, 74
L  115.7684, 241.1468, 0.0000, 140.5730, 241.1468, 0.0000, 96, 84, 74
L  142.4804, 241.1468, 0.0000, 170.5831, 241.1468, 0.0000, 96, 84, 74
L  175.1047, 241.1468, 0.0000, 194.1681, 241.1468, 0.0000, 96, 84, 74
L  196.0710, 241.1468, 0.0000, 214.7879, 241.1468, 0.0000, 96, 84, 74
L  217.6145, 241.1468, 0.0000, 231.9231, 241.1468, 0.0000, 96, 84, 74
L  234.9754, 241.1468, 0.0000, 264.6104, 241.1468, 0.0000, 96, 84, 74
L  266.6244, 241.1468, 0.0000, 278.6092, 241.1468, 0.0000, 96, 84, 74
L  282.1896, 241.1468, 0.0000, 298.2568, 241.1468, 0.0000, 96, 84, 74
L  301.0384, 241.1468, 0.0000, 320.0546, 241.1468, 0.0000, 96, 84, 74
L  322.6502, 241.1468, 0.0000, 349.1380, 241.1468, 0.0000, 96, 84, 74
L  353.7442, 241.1468, 0.0000, 379.1990, 241.1468, 0.0000, 96, 84, 74
L  383.7097, 241.1468, 0.0000, 413.2000, 241.1468, 0.0000, 96, 84, 74
L  -400.4423, 246.6962, 0.0000, -381.2896, 246.6962, 0.0000, 96, 84, 74
L  -333.4024, 246.6962, 0.0000, -320.2192, 246.6962, 0.0000, 96, 84, 74
L  -315.6167, 246.6962, 0.0000, -299.9586, 246.6962, 0.0000, 96, 84, 74
L  -295.7799, 246.6962, 0.0000, -287.5037, 246.6962, 0.0000, 96, 84, 74
L  -283.9790, 246.6962, 0.0000, -264.7248, 246.6962, 0.0000, 96, 84, 74
L  -262.0029, 246.6962, 0.0000, -244.6178, 246.6962, 0.0000, 96, 84, 74
L  -241.8618, 246.6962, 0.0000, -213.4261, 246.6962, 0.0000, 96, 84, 74
L  -209.0054, 246.6962, 0.0000, -199.8411, 246.6962, 0.0000, 96, 84, 74
L  -195.5125, 246.6962, 0.0000, -167.3675, 246.6962, 0.0000, 96, 84, 74
L  -165.2865, 246.6962, 0.0000, -152.8061, 246.6962, 0.0000, 96, 84, 74
L  -150.5820, 246.6962, 0.0000, -136.4060, 246.6962, 0.0000, 96, 84, 74
L  -132.0827, 246.6962, 0.0000, -110.5329, 246.6962, 0.0000, 96, 84, 74
L  -106.9198, 246.6962, 0.0000, -93.5396, 246.6962, 0.0000, 96, 84, 74
L  -91.0016, 246.6962, 0.0000, -75.9797, 246.6962, 0.0000, 96, 84, 74
L  -73.4200, 246.6962, 0.0000, -47.5074, 246.6962, 0.0000, 96, 84, 74
L  -45.2047, 246.6962, 0.0000, -16.4663, 246.6962, 0.0000, 96, 84, 74
L  -14.1607, 246.6962, 0.0000, -5.2473, 246.6962, 0.0000, 96, 84, 74
L  -1.7508, 246.6962, 0.0000, 8.3134, 246.6962, 0.0000, 96, 84, 74
L  11.4351, 246.6962, 0.0000, 25.3623, 246.6962, 0.0000, 96, 84, 74
L  29.6823, 246.6962, 0.0000, 47.9087, 246.6962, 0.0000, 96, 84, 74
L  50.4385, 246.6962, 0.0000, 70.2643, 246.6962, 0.0000, 96, 84, 74
L  72.7194, 246.6962, 0.0000, 95.9770, 246.6962, 0.0000, 96, 84, 74
L  99.0133, 246.6962, 0.0000, 124.6646, 246.6962, 0.0000, 96, 84, 74
L  126.6617, 246.6962, 0.0000, 152.3015, 246.6962, 0.0000, 96, 84, 74
L  154.6453, 246.6962, 0.0000, 176.5579, 246.6962, 0.0000, 96, 84, 74
L  179.4102, 246.6962, 0.0000, 194.4555, 246.6962, 0.0000, 96, 84, 74
L  198.9949, 246.6962, 0.0000, 220.9143, 246.6962, 0.0000, 96, 84, 74
L  225.3761, 246.6962, 0.0000, 247.7032, 246.6962, 0.0000, 96, 84, 74
L  251.9770, 246.6962, 0.0000, 268.4980, 246.6962, 0.0000, 96, 84, 74
L  270.4126, 246.6962, 0.0000, 286.6638, 246.6962, 0.0000, 96, 84, 74
L  289.3217, 246.6962, 0.0000, 317.0661, 246.6962, 0.0000, 96, 84, 74
L  320.8377, 246.6962, 0.0000, 351.3032, 246.6962, 0.0000, 96, 84, 74
L  354.7464, 246.6962, 0.0000, 376.0734, 246.6962, 0.0000, 96, 84, 74
L  379.5940, 246.6962, 0.0000, 397.0406, 246.6962, 0.0000, 96, 84, 74
L  401.2765, 246.6962, 0.0000, 430.1998, 246.6962, 0.0000, 96, 84, 74
L  -467.7181, 252.2455, 0.0000, -453.3019, 252.2455, 0.0000, 72, 62, 54
L  -410.1293, 252.2455, 0.0000, -384.9291, 252.2455, 0.0000, 96, 84, 74
L  -339.8606, 252.2455, 0.0000, -313.7928, 252.2455, 0.0000, 96, 84, 74
L  -310.4603, 252.2455, 0.0000, -283.8684, 252.2455, 0.0000, 96, 84, 74
L  -280.3211, 252.2455, 0.0000, -265.0092, 252.2455, 0.0000, 96, 84, 74
L  -263.0084, 252.2455, 0.0000, -248.4534, 252.2455, 0.0000, 96, 84, 74
L  -243.8249, 252.2455, 0.0000, -233.1601, 252.2455, 0.0000, 96, 84, 74
L  -229.0409, 252.2455, 0.0000, -217.3335, 252.2455, 0.0000, 96, 84, 74
L  -212.8611, 252.2455, 0.0000, -190.5675, 252.2455, 0.0000, 96, 84, 74
L  -185.7737, 252.2455, 0.0000, -173.8813, 252.2455, 0.0000, 96, 84, 74
L  -169.1695, 252.2455, 0.0000, -153.0314, 252.2455, 0.0000, 96, 84, 74
L  -150.3131, 252.2455, 0.0000, -130.1162, 252.2455, 0.0000, 96, 84, 74
L  -128.0769, 252.2455, 0.0000, -102.7096, 252.2455, 0.0000, 96, 84, 74
L  -99.8188, 252.2455, 0.0000, -74.0654, 252.2455, 0.0000, 96, 84, 74
L  -71.4432, 252.2455, 0.0000, -60.8938, 252.2455, 0.0000, 96, 84, 74
L  -56.7211, 252.2455, 0.0000, -48.0321, 252.2455, 0.0000, 96, 84, 74
L  -45.8788, 252.2455, 0.0000, -29.9107, 252.2455, 0.0000, 96, 84, 74
L  -27.3377, 252.2455, 0.0000, -0.2005, 252.2455, 0.0000, 96, 84, 74
L  1.8533, 252.2455, 0.0000, 27.2420, 252.2455, 0.0000, 96, 84, 74
L  32.0248, 252.2455, 0.0000, 54.1347, 252.2455, 0.0000, 96, 84, 74
L  58.7240, 252.2455, 0.0000, 79.6607, 252.2455, 0.0000, 96, 84, 74
L  83.0345, 252.2455, 0.0000, 112.1283, 252.2455, 0.0000, 96, 84, 74
L  115.0578, 252.2455, 0.0000, 143.8225, 252.2455, 0.0000, 96, 84, 74
L  148.3633, 252.2455, 0.0000, 167.5958, 252.2455, 0.0000, 96, 84, 74
L  171.5614, 252.2455, 0.0000, 189.0563, 252.2455, 0.0000, 96, 84, 74
L  191.8247, 252.2455, 0.0000, 200.0851, 252.2455, 0.0000, 96, 84, 74
L  202.1998, 252.2455, 0.0000, 228.2421, 252.2455, 0.0000, 96, 84, 74
L  231.1173, 252.2455, 0.0000, 257.4380, 252.2455, 0.0000, 96, 84, 74
L  259.7345, 252.2455, 0.0000, 288.5853, 252.2455, 0.0000, 96, 84, 74
L  291.7579, 252.2455, 0.0000, 309.2796, 252.2455, 0.0000, 96, 84, 74
L  314.0384, 252.2455, 0.0000, 340.5051, 252.2455, 0.0000, 96, 84, 74
L  342.9764, 252.2455, 0.0000, 371.9635, 252.2455, 0.0000, 96, 84, 74
L  376.8373, 252.2455, 0.0000, 406.8136, 252.2455, 0.0000, 96, 84, 74
L  411.2385, 252.2455, 0.0000, 424.1019, 252.2455, 0.0000, 96, 84, 74
L  -337.5785, 257.7949, 0.0000, -325.8398, 257.7949, 0.0000, 72, 62, 54
L  -324.1923, 257.7949, 0.0000, -315.2913, 257.7949, 0.0000, 72, 62, 54
L  -310.9834, 257.7949, 0.0000, -281.0880, 257.7949, 0.0000, 72, 62, 54
L  -277.6381, 257.7949, 0.0000, -263.9247, 257.7949, 0.0000, 72, 62, 54
L  -259.8702, 257.7949, 0.0000, -247.9208, 257.7949, 0.0000, 72, 62, 54
L  -244.5363, 257.7949, 0.0000, -229.9829, 257.7949, 0.0000, 72, 62, 54
L  -227.3435, 257.7949, 0.0000, -201.1592, 257.7949, 0.0000, 72, 62, 54
L  -197.4676, 257.7949, 0.0000, -184.5370, 257.7949, 0.0000, 72, 62, 54
L  -181.3807, 257.7949, 0.0000, -157.4812, 257.7949, 0.0000, 72, 62, 54
L  -154.4394, 257.7949, 0.0000, -144.8182, 257.7949, 0.0000, 72, 62, 54
L  -143.0579, 257.7949, 0.0000, -129.0522, 257.7949, 0.0000, 72, 62, 54
L  -124.1753, 257.7949, 0.0000, -97.2634, 257.7949, 0.0000, 72, 62, 54
L  -93.4347, 257.7949, 0.0000, -78.4468, 257.7949, 0.0000, 72, 62, 54
L  -74.5311, 257.7949, 0.0000, -63.7675, 257.7949, 0.0000, 72, 62, 54
L  -60.0417, 257.7949, 0.0000, -36.1722, 257.7949, 0.0000, 72, 62, 54
L  -34.4860, 257.7949, 0.0000, -16.8379, 257.7949, 0.0000, 72, 62, 54
L  -15.2029, 257.7949, 0.0000, 6.0722, 257.7949, 0.0000, 72, 62, 54
L  9.9082, 257.7949, 0.0000, 39.3103, 257.7949, 0.0000, 72, 62, 54
L  41.7617, 257.7949, 0.0000, 67.4784, 257.7949, 0.0000, 72, 62, 54
L  71.2745, 257.7949, 0.0000, 99.9962, 257.7949, 0.0000, 72, 62, 54
L  102.3333, 257.7949, 0.0000, 115.5729, 257.7949, 0.0000, 72, 62, 54
L  118.7298, 257.7949, 0.0000, 130.9008, 257.7949, 0.0000, 72, 62, 54
L  133.8401, 257.7949, 0.0000, 148.5661, 257.7949, 0.0000, 72, 62, 54
L  150.9868, 257.7949, 0.0000, 174.8992, 257.7949, 0.0000, 72, 62, 54
L  178.8046, 257.7949, 0.0000, 192.5793, 257.7949, 0.0000, 72, 62, 54
L  196.7791, 257.7949, 0.0000, 226.1515, 257.7949, 0.0000, 72, 62, 54
L  228.0572, 257.7949, 0.0000, 247.5894, 257.7949, 0.0000, 72, 62, 54
L  250.9249, 257.7949, 0.0000, 276.6400, 257.7949, 0.0000, 72, 62, 54
L  281.2075, 257.7949, 0.0000, 309.9147, 257.7949, 0.0000, 72, 62, 54
L  311.7392, 257.7949, 0.0000, 322.8263, 257.7949, 0.0000, 72, 62, 54
L  325.0480, 257.7949, 0.0000, 346.9894, 257.7949, 0.0000, 72, 62, 54
L  350.4644, 257.7949, 0.0000, 380.8406, 257.7949, 0.0000, 72, 62, 54
L  383.7073, 257.7949, 0.0000, 408.9820, 257.7949, 0.0000, 72, 62, 54
L  443.7228, 257.7949, 0.0000, 468.6787, 257.7949, 0.0000, 72, 62, 54
L  -465.4078, 263.3443, 0.0000, -455.6942, 263.3443, 0.0000, 72, 62, 54
L  -349.7262, 263.3443, 0.0000, -332.9961, 263.3443, 0.0000, 72, 62, 54
L  -331.0640, 263.3443, 0.0000, -310.1742, 263.3443, 0.0000, 72, 62, 54
L  -305.2777, 263.3443, 0.0000, -289.6771, 263.3443, 0.0000, 72, 62, 54
L  -287.1400, 263.3443, 0.0000, -261.6363, 263.3443, 0.0000, 72, 62, 54
L  -258.5048, 263.3443, 0.0000, -246.9055, 263.3443, 0.0000, 72, 62, 54
L  -245.1751, 263.3443, 0.0000, -236.1434, 263.3443, 0.0000, 72, 62, 54
L  -232.6669, 263.3443, 0.0000, -212.8029, 263.3443, 0.0000, 72, 62, 54
L  -208.7609, 263.3443, 0.0000, -184.1872, 263.3443, 0.0000, 72, 62, 54
L  -182.1613, 263.3443, 0.0000, -153.7734, 263.3443, 0.0000, 72, 62, 54
L  -150.8136, 263.3443, 0.0000, -129.3546, 263.3443, 0.0000, 72, 62, 54
L  -126.5578, 263.3443, 0.0000, -112.6570, 263.3443, 0.0000, 72, 62, 54
L  -110.0421, 263.3443, 0.0000, -85.8072, 263.3443, 0.0000, 72, 62, 54
L  -83.0471, 263.3443, 0.0000, -55.6025, 263.3443, 0.0000, 72, 62, 54
L  -53.4335, 263.3443, 0.0000, -44.6341, 263.3443, 0.0000, 72, 62, 54
L  -42.4573, 263.3443, 0.0000, -27.1209, 263.3443, 0.0000, 72, 62, 54
L  -22.7852, 263.3443, 0.0000, -0.0506, 263.3443, 0.0000, 72, 62, 54
L  1.6783, 263.3443, 0.0000, 17.1046, 263.3443, 0.0000, 72, 62, 54
L  19.3163, 263.3443, 0.0000, 35.1175, 263.3443, 0.0000, 72, 62, 54
L  39.2089, 263.3443, 0.0000, 50.2231, 263.3443, 0.0000, 72, 62, 54
L  51.8644, 263.3443, 0.0000, 72.2780, 263.3443, 0.0000, 72, 62, 54
L  74.8769, 263.3443, 0.0000, 102.3429, 263.3443, 0.0000, 72, 62, 54
L  104.3794, 263.3443, 0.0000, 128.8078, 263.3443, 0.0000, 72, 62, 54
L  131.7378, 263.3443, 0.0000, 152.3047, 263.3443, 0.0000, 72, 62, 54
L  153.9899, 263.3443, 0.0000, 177.0722, 263.3443, 0.0000, 72, 62, 54
L  181.0101, 263.3443, 0.0000, 190.6149, 263.3443, 0.0000, 72, 62, 54
L  195.2515, 263.3443, 0.0000, 205.5227, 263.3443, 0.0000, 72, 62, 54
L  209.9128, 263.3443, 0.0000, 220.1417, 263.3443, 0.0000, 72, 62, 54
L  223.4059, 263.3443, 0.0000, 252.2463, 263.3443, 0.0000, 72, 62, 54
L  256.6801, 263.3443, 0.0000, 284.2529, 263.3443, 0.0000, 72, 62, 54
L  286.3227, 263.3443, 0.0000, 311.1540, 263.3443, 0.0000, 72, 62, 54
L  315.9881, 263.3443, 0.0000, 337.9113, 263.3443, 0.0000, 72, 62, 54
L  339.9932, 263.3443, 0.0000, 350.3245, 263.3443, 0.0000, 72, 62, 54
L  353.4243, 263.3443, 0.0000, 375.8711, 263.3443, 0.0000, 72, 62, 54
L  378.1405, 263.3443, 0.0000, 404.8682, 263.3443, 0.0000, 72, 62, 54
L  407.4850, 263.3443, 0.0000, 423.8097, 263.3443, 0.0000, 72, 62, 54
L  426.9244, 263.3443, 0.0000, 447.0788, 263.3443, 0.0000, 72, 62, 54
L  451.1458, 263.3443, 0.0000, 468.0825, 263.3443, 0.0000, 72, 62, 54
L  -343.1817, 268.8937, 0.0000, -319.2881, 268.8937, 0.0000, 72, 62, 54
L  -314.6333, 268.8937, 0.0000, -289.0546, 268.8937, 0.0000, 72, 62, 54
L  -286.6259, 268.8937, 0.0000, -274.0483, 268.8937, 0.0000, 72, 62, 54
L  -271.3538, 268.8937, 0.0000, -252.5956, 268.8937, 0.0000, 72, 62, 54
L  -250.5340, 268.8937, 0.0000, -230.4212, 268.8937, 0.0000, 72, 62, 54
L  -228.0042, 268.8937, 0.0000, -217.9894, 268.8937, 0.0000, 72, 62, 54
L  -213.6747, 268.8937, 0.0000, -195.0508, 268.8937, 0.0000, 72, 62, 54
L  -191.6106, 268.8937, 0.0000, -171.0547, 268.8937, 0.0000, 72, 62, 54
L  -168.3655, 268.8937, 0.0000, -152.8635, 268.8937, 0.0000, 72, 62, 54
L  -148.0803, 268.8937, 0.0000, -134.2044, 268.8937, 0.0000, 72, 62, 54
L  -37.9399, 268.8937, 0.0000, -15.9574, 268.8937, 0.0000, 72, 62, 54
L  -12.5593, 268.8937, 0.0000, -3.0941, 268.8937, 0.0000, 72, 62, 54
L  0.8511, 268.8937, 0.0000, 31.0327, 268.8937, 0.0000, 72, 62, 54
L  35.1280, 268.8937, 0.0000, 51.1077, 268.8937, 0.0000, 72, 62, 54
L  54.0652, 268.8937, 0.0000, 82.5711, 268.8937, 0.0000, 72, 62, 54
L  87.2305, 268.8937, 0.0000, 98.5257, 268.8937, 0.0000, 72, 62, 54
L  102.7127, 268.8937, 0.0000, 125.3501, 268.8937, 0.0000, 72, 62, 54
L  128.1109, 268.8937, 0.0000, 153.8332, 268.8937, 0.0000, 72, 62, 54
L  157.9024, 268.8937, 0.0000, 171.9537, 268.8937, 0.0000, 72, 62, 54
L  174.3814, 268.8937, 0.0000, 194.1872, 268.8937, 0.0000, 72, 62, 54
L  198.6545, 268.8937, 0.0000, 228.1407, 268.8937, 0.0000, 72, 62, 54
L  232.4793, 268.8937, 0.0000, 256.0984, 268.8937, 0.0000, 72, 62, 54
L  258.6964, 268.8937, 0.0000, 275.5895, 268.8937, 0.0000, 72, 62, 54
L  279.5245, 268.8937, 0.0000, 306.2225, 268.8937, 0.0000, 72, 62, 54
L  310.9315, 268.8937, 0.0000, 327.4301, 268.8937, 0.0000, 72, 62, 54
L  330.6535, 268.8937, 0.0000, 355.7914, 268.8937, 0.0000, 72, 62, 54
L  360.6668, 268.8937, 0.0000, 383.8025, 268.8937, 0.0000, 72, 62, 54
L  387.8455, 268.8937, 0.0000, 416.3202, 268.8937, 0.0000, 72, 62, 54
L  -328.1044, 274.4431, 0.0000, -304.6134, 274.4431, 0.0000, 72, 62, 54
L  -302.6781, 274.4431, 0.0000, -282.7809, 274.4431, 0.0000, 72, 62, 54
L  -278.4247, 274.4431, 0.0000, -252.6837, 274.4431, 0.0000, 72, 62, 54
L  -249.9511, 274.4431, 0.0000, -234.3176, 274.4431, 0.0000, 72, 62, 54
L  -230.8873, 274.4431, 0.0000, -213.1858, 274.4431, 0.0000, 72, 62, 54
L  44.0182, 274.4431, 0.0000, 65.2871, 274.4431, 0.0000, 72, 62, 54
L  67.2380, 274.4431, 0.0000, 95.9021, 274.4431, 0.0000, 72, 62, 54
L  98.3403, 274.4431, 0.0000, 123.0637, 274.4431, 0.0000, 72, 62, 54
L  127.0843, 274.4431, 0.0000, 143.3020, 274.4431, 0.0000, 72, 62, 54
L  145.2672, 274.4431, 0.0000, 159.6422, 274.4431, 0.0000, 72, 62, 54
L  161.9942, 274.4431, 0.0000, 178.7781, 274.4431, 0.0000, 72, 62, 54
L  182.1814, 274.4431, 0.0000, 190.9734, 274.4431, 0.0000, 72, 62, 54
L  328.7148, 274.4431, 0.0000, 357.5647, 274.4431, 0.0000, 72, 62, 54
L  361.0606, 274.4431, 0.0000, 380.6964, 274.4431, 0.0000, 72, 62, 54
L  385.4599, 274.4431, 0.0000, 408.1975, 274.4431, 0.0000, 72, 62, 54
L  410.6305, 274.4431, 0.0000, 423.3711, 274.4431, 0.0000, 72, 62, 54
L  444.2190, 274.4431, 0.0000, 466.2782, 274.4431, 0.0000, 72, 62, 54
L  -457.3009, 279.9923, 0.0000, -429.0298, 279.9923, 0.0000, 72, 62, 54
L  -119.5494, 279.9923, 0.0000, -91.8217, 279.9923, 0.0000, 72, 62, 54
L  -87.2083, 279.9923, 0.0000, -76.2323, 279.9923, 0.0000, 72, 62, 54
L  442.8341, 279.9923, 0.0000, 465.4072, 279.9923, 0.0000, 72, 62, 54
L  -439.7913, 285.5418, 0.0000, -410.4369, 285.5418, 0.0000, 72, 62, 54
L  -405.7510, 285.5418, 0.0000, -390.1793, 285.5418, 0.0000, 72, 62, 54
L  -386.0176, 285.5418, 0.0000, -365.5327, 285.5418, 0.0000, 72, 62, 54
L  -363.4627, 285.5418, 0.0000, -346.7597, 285.5418, 0.0000, 72, 62, 54
L  -191.2420, 285.5418, 0.0000, -174.9743, 285.5418, 0.0000, 72, 62, 54
L  -171.0652, 285.5418, 0.0000, -147.4117, 285.5418, 0.0000, 72, 62, 54
L  -144.8099, 285.5418, 0.0000, -125.8424, 285.5418, 0.0000, 72, 62, 54
L  -122.5340, 285.5418, 0.0000, -97.7019, 285.5418, 0.0000, 72, 62, 54
L  -95.7178, 285.5418, 0.0000, -83.0069, 285.5418, 0.0000, 72, 62, 54
L  -81.1124, 285.5418, 0.0000, -59.4662, 285.5418, 0.0000, 72, 62, 54
L  -56.3956, 285.5418, 0.0000, -47.8769, 285.5418, 0.0000, 72, 62, 54
L  -43.9378, 285.5418, 0.0000, -33.3914, 285.5418, 0.0000, 72, 62, 54
L  -31.7258, 285.5418, 0.0000, -2.3977, 285.5418, 0.0000, 72, 62, 54
L  237.2908, 285.5418, 0.0000, 267.7478, 285.5418, 0.0000, 72, 62, 54
L  270.2123, 285.5418, 0.0000, 293.4774, 285.5418, 0.0000, 72, 62, 54
L  454.8408, 285.5418, 0.0000, 466.9306, 285.5418, 0.0000, 72, 62, 54
L  -426.5780, 291.0912, 0.0000, -412.3830, 291.0912, 0.0000, 72, 62, 54
L  -407.5874, 291.0912, 0.0000, -393.0688, 291.0912, 0.0000, 72, 62, 54
L  -388.3837, 291.0912, 0.0000, -376.0178, 291.0912, 0.0000, 72, 62, 54
L  -372.2649, 291.0912, 0.0000, -344.2025, 291.0912, 0.0000, 72, 62, 54
L  -342.3261, 291.0912, 0.0000, -332.1471, 291.0912, 0.0000, 72, 62, 54
L  -328.7430, 291.0912, 0.0000, -310.7837, 291.0912, 0.0000, 72, 62, 54
L  -308.8373, 291.0912, 0.0000, -282.2889, 291.0912, 0.0000, 72, 62, 54
L  -255.7426, 291.0912, 0.0000, -225.4601, 291.0912, 0.0000, 72, 62, 54
L  -221.1548, 291.0912, 0.0000, -195.1608, 291.0912, 0.0000, 72, 62, 54
L  -190.5955, 291.0912, 0.0000, -164.8691, 291.0912, 0.0000, 72, 62, 54
L  -160.6952, 291.0912, 0.0000, -134.0158, 291.0912, 0.0000, 72, 62, 54
L  -130.9365, 291.0912, 0.0000, -115.3579, 291.0912, 0.0000, 72, 62, 54
L  -112.8196, 291.0912, 0.0000, -94.8507, 291.0912, 0.0000, 72, 62, 54
L  -92.4549, 291.0912, 0.0000, -83.1883, 291.0912, 0.0000, 72, 62, 54
L  -81.1902, 291.0912, 0.0000, -60.5637, 291.0912, 0.0000, 72, 62, 54
L  -58.7901, 291.0912, 0.0000, -31.3994, 291.0912, 0.0000, 72, 62, 54
L  -26.5486, 291.0912, 0.0000, 3.9997, 291.0912, 0.0000, 72, 62, 54
L  8.7891, 291.0912, 0.0000, 26.9950, 291.0912, 0.0000, 72, 62, 54
L  29.5177, 291.0912, 0.0000, 43.2533, 291.0912, 0.0000, 72, 62, 54
L  45.9165, 291.0912, 0.0000, 68.9684, 291.0912, 0.0000, 72, 62, 54
L  128.4410, 291.0912, 0.0000, 149.6705, 291.0912, 0.0000, 72, 62, 54
L  152.4024, 291.0912, 0.0000, 173.4274, 291.0912, 0.0000, 72, 62, 54
L  176.1498, 291.0912, 0.0000, 196.3266, 291.0912, 0.0000, 72, 62, 54
L  200.3460, 291.0912, 0.0000, 227.0168, 291.0912, 0.0000, 72, 62, 54
L  231.2440, 291.0912, 0.0000, 249.4837, 291.0912, 0.0000, 72, 62, 54
L  251.1871, 291.0912, 0.0000, 274.8041, 291.0912, 0.0000, 72, 62, 54
L  277.9246, 291.0912, 0.0000, 286.5675, 291.0912, 0.0000, 72, 62, 54
L  290.7030, 291.0912, 0.0000, 311.2838, 291.0912, 0.0000, 72, 62, 54
L  313.4774, 291.0912, 0.0000, 333.9734, 291.0912, 0.0000, 72, 62, 54
L  338.8010, 291.0912, 0.0000, 364.8118, 291.0912, 0.0000, 72, 62, 54
L  369.5263, 291.0912, 0.0000, 387.9661, 291.0912, 0.0000, 72, 62, 54
L  -478.1110, 296.6406, 0.0000, -461.6715, 296.6406, 0.0000, 72, 62, 54
L  -458.5928, 296.6406, 0.0000, -429.6912, 296.6406, 0.0000, 72, 62, 54
L  -427.5698, 296.6406, 0.0000, -404.4938, 296.6406, 0.0000, 72, 62, 54
L  -399.7209, 296.6406, 0.0000, -387.4538, 296.6406, 0.0000, 72, 62, 54
L  -382.6794, 296.6406, 0.0000, -365.0159, 296.6406, 0.0000, 72, 62, 54
L  -360.6984, 296.6406, 0.0000, -331.5428, 296.6406, 0.0000, 72, 62, 54
L  -327.0948, 296.6406, 0.0000, -318.8898, 296.6406, 0.0000, 72, 62, 54
L  -316.4295, 296.6406, 0.0000, -301.7271, 296.6406, 0.0000, 72, 62, 54
L  -296.8387, 296.6406, 0.0000, -287.4518, 296.6406, 0.0000, 72, 62, 54
L  -285.1227, 296.6406, 0.0000, -261.6428, 296.6406, 0.0000, 72, 62, 54
L  -258.4627, 296.6406, 0.0000, -228.5419, 296.6406, 0.0000, 72, 62, 54
L  -225.8991, 296.6406, 0.0000, -211.5980, 296.6406, 0.0000, 72, 62, 54
L  -209.2876, 296.6406, 0.0000, -194.8924, 296.6406, 0.0000, 72, 62, 54
L  -190.7067, 296.6406, 0.0000, -175.9742, 296.6406, 0.0000, 72, 62, 54
L  -173.3581, 296.6406, 0.0000, -151.7892, 296.6406, 0.0000, 72, 62, 54
L  -148.8024, 296.6406, 0.0000, -123.4205, 296.6406, 0.0000, 72, 62, 54
L  -119.1511, 296.6406, 0.0000, -109.9590, 296.6406, 0.0000, 72, 62, 54
L  -106.3751, 296.6406, 0.0000, -76.5666, 296.6406, 0.0000, 72, 62, 54
L  -73.8041, 296.6406, 0.0000, -55.6643, 296.6406, 0.0000, 72, 62, 54
L  -51.7930, 296.6406, 0.0000, -22.3133, 296.6406, 0.0000, 72, 62, 54
L  -20.0063, 296.6406, 0.0000, -4.6848, 296.6406, 0.0000, 72, 62, 54
L  -0.1113, 296.6406, 0.0000, 30.1723, 296.6406, 0.0000, 72, 62, 54
L  31.9387, 296.6406, 0.0000, 44.3880, 296.6406, 0.0000, 72, 62, 54
L  46.1649, 296.6406, 0.0000, 69.2973, 296.6406, 0.0000, 72, 62, 54
L  71.2083, 296.6406, 0.0000, 95.9591, 296.6406, 0.0000, 72, 62, 54
L  99.1052, 296.6406, 0.0000, 112.2430, 296.6406, 0.0000, 72, 62, 54
L  116.5457, 296.6406, 0.0000, 143.9793, 296.6406, 0.0000, 72, 62, 54
L  148.7523, 296.6406, 0.0000, 170.2920, 296.6406, 0.0000, 72, 62, 54
L  173.9655, 296.6406, 0.0000, 197.2772, 296.6406, 0.0000, 72, 62, 54
L  200.0850, 296.6406, 0.0000, 213.7293, 296.6406, 0.0000, 72, 62, 54
L  217.8522, 296.6406, 0.0000, 247.9913, 296.6406, 0.0000, 72, 62, 54
L  250.1890, 296.6406, 0.0000, 277.6494, 296.6406, 0.0000, 72, 62, 54
L  281.3290, 296.6406, 0.0000, 301.6504, 296.6406, 0.0000, 72, 62, 54
L  304.4947, 296.6406, 0.0000, 315.8447, 296.6406, 0.0000, 72, 62, 54
L  319.7726, 296.6406, 0.0000, 349.0049, 296.6406, 0.0000, 72, 62, 54
L  350.9970, 296.6406, 0.0000, 361.5833, 296.6406, 0.0000, 72, 62, 54
L  363.4122, 296.6406, 0.0000, 391.5194, 296.6406, 0.0000, 72, 62, 54
L  396.1016, 296.6406, 0.0000, 420.3625, 296.6406, 0.0000, 72, 62, 54
L  424.3607, 296.6406, 0.0000, 444.4782, 296.6406, 0.0000, 72, 62, 54
L  447.2067, 296.6406, 0.0000, 456.0755, 296.6406, 0.0000, 72, 62, 54
L  457.9107, 296.6406, 0.0000, 474.0200, 296.6406, 0.0000, 72, 62, 54
L  -473.7536, 302.1899, 0.0000, -454.8128, 302.1899, 0.0000, 72, 62, 54
L  -450.9523, 302.1899, 0.0000, -436.7593, 302.1899, 0.0000, 72, 62, 54
L  -432.1281, 302.1899, 0.0000, -421.5004, 302.1899, 0.0000, 72, 62, 54
L  -417.8482, 302.1899, 0.0000, -409.0090, 302.1899, 0.0000, 72, 62, 54
L  -405.2696, 302.1899, 0.0000, -382.9994, 302.1899, 0.0000, 72, 62, 54
L  -378.9558, 302.1899, 0.0000, -355.8971, 302.1899, 0.0000, 72, 62, 54
L  -353.8825, 302.1899, 0.0000, -342.1810, 302.1899, 0.0000, 72, 62, 54
L  -337.3675, 302.1899, 0.0000, -308.7019, 302.1899, 0.0000, 72, 62, 54
L  -304.1034, 302.1899, 0.0000, -287.0863, 302.1899, 0.0000, 72, 62, 54
L  -282.2394, 302.1899, 0.0000, -272.8211, 302.1899, 0.0000, 72, 62, 54
L  -270.1778, 302.1899, 0.0000, -261.0633, 302.1899, 0.0000, 72, 62, 54
L  -257.8185, 302.1899, 0.0000, -237.4581, 302.1899, 0.0000, 72, 62, 54
L  -233.6492, 302.1899, 0.0000, -214.3099, 302.1899, 0.0000, 72, 62, 54
L  -211.9331, 302.1899, 0.0000, -189.1485, 302.1899, 0.0000, 72, 62, 54
L  -185.0908, 302.1899, 0.0000, -161.7962, 302.1899, 0.0000, 72, 62, 54
L  -158.4484, 302.1899, 0.0000, -135.3383, 302.1899, 0.0000, 72, 62, 54
L  -131.8577, 302.1899, 0.0000, -123.4739, 302.1899, 0.0000, 72, 62, 54
L  -120.8280, 302.1899, 0.0000, -94.5372, 302.1899, 0.0000, 72, 62, 54
L  -89.9822, 302.1899, 0.0000, -61.2367, 302.1899, 0.0000, 72, 62, 54
L  -58.6562, 302.1899, 0.0000, -28.9150, 302.1899, 0.0000, 72, 62, 54
L  -25.8921, 302.1899, 0.0000, -17.6873, 302.1899, 0.0000, 72, 62, 54
L  -12.9240, 302.1899, 0.0000, 1.5753, 302.1899, 0.0000, 72, 62, 54
L  3.4032, 302.1899, 0.0000, 12.6638, 302.1899, 0.0000, 72, 62, 54
L  16.9222, 302.1899, 0.0000, 43.5976, 302.1899, 0.0000, 72, 62, 54
L  45.9809, 302.1899, 0.0000, 58.6220, 302.1899, 0.0000, 72, 62, 54
L  61.7728, 302.1899, 0.0000, 87.0729, 302.1899, 0.0000, 72, 62, 54
L  90.8399, 302.1899, 0.0000, 114.6878, 302.1899, 0.0000, 72, 62, 54
L  116.7461, 302.1899, 0.0000, 134.9125, 302.1899, 0.0000, 72, 62, 54
L  136.7847, 302.1899, 0.0000, 150.7695, 302.1899, 0.0000, 72, 62, 54
L  155.3282, 302.1899, 0.0000, 166.3641, 302.1899, 0.0000, 72, 62, 54
L  171.1176, 302.1899, 0.0000, 189.0730, 302.1899, 0.0000, 72, 62, 54
L  191.4923, 302.1899, 0.0000, 214.1427, 302.1899, 0.0000, 72, 62, 54
L  216.1485, 302.1899, 0.0000, 230.5565, 302.1899, 0.0000, 72, 62, 54
L  232.4156, 302.1899, 0.0000, 260.1388, 302.1899, 0.0000, 72, 62, 54
L  261.7913, 302.1899, 0.0000, 272.2379, 302.1899, 0.0000, 72, 62, 54
L  275.1846, 302.1899, 0.0000, 298.1719, 302.1899, 0.0000, 72, 62, 54
L  300.6448, 302.1899, 0.0000, 317.9440, 302.1899, 0.0000, 72, 62, 54
L  320.2523, 302.1899, 0.0000, 339.3183, 302.1899, 0.0000, 72, 62, 54
L  341.1862, 302.1899, 0.0000, 360.5750, 302.1899, 0.0000, 72, 62, 54
L  364.0875, 302.1899, 0.0000, 385.0124, 302.1899, 0.0000, 72, 62, 54
L  387.6354, 302.1899, 0.0000, 399.8506, 302.1899, 0.0000, 72, 62, 54
L  402.9172, 302.1899, 0.0000, 427.1506, 302.1899, 0.0000, 72, 62, 54
L  430.2508, 302.1899, 0.0000, 448.9626, 302.1899, 0.0000, 72, 62, 54
L  451.3791, 302.1899, 0.0000, 477.0421, 302.1899, 0.0000, 72, 62, 54
L  -467.6938, 307.7393, 0.0000, -444.6378, 307.7393, 0.0000, 72, 62, 54
L  -441.4363, 307.7393, 0.0000, -423.0590, 307.7393, 0.0000, 72, 62, 54
L  -421.3184, 307.7393, 0.0000, -391.0541, 307.7393, 0.0000, 72, 62, 54
L  -388.7234, 307.7393, 0.0000, -362.7557, 307.7393, 0.0000, 72, 62, 54
L  -359.2473, 307.7393, 0.0000, -347.5799, 307.7393, 0.0000, 72, 62, 54
L  -343.9421, 307.7393, 0.0000, -322.1312, 307.7393, 0.0000, 72, 62, 54
L  -318.1646, 307.7393, 0.0000, -300.9831, 307.7393, 0.0000, 72, 62, 54
L  -297.2533, 307.7393, 0.0000, -285.9063, 307.7393, 0.0000, 72, 62, 54
L  -281.5160, 307.7393, 0.0000, -264.4822, 307.7393, 0.0000, 72, 62, 54
L  -260.6735, 307.7393, 0.0000, -235.7206, 307.7393, 0.0000, 72, 62, 54
L  -232.0358, 307.7393, 0.0000, -201.5881, 307.7393, 0.0000, 72, 62, 54
L  -197.9878, 307.7393, 0.0000, -181.1850, 307.7393, 0.0000, 72, 62, 54
L  -177.9946, 307.7393, 0.0000, -169.0815, 307.7393, 0.0000, 72, 62, 54
L  -167.2828, 307.7393, 0.0000, -139.3714, 307.7393, 0.0000, 72, 62, 54
L  -135.2006, 307.7393, 0.0000, -116.9546, 307.7393, 0.0000, 72, 62, 54
L  -114.6114, 307.7393, 0.0000, -85.8043, 307.7393, 0.0000, 72, 62, 54
L  -84.0045, 307.7393, 0.0000, -64.8283, 307.7393, 0.0000, 72, 62, 54
L  -61.8776, 307.7393, 0.0000, -38.6485, 307.7393, 0.0000, 72, 62, 54
L  -34.7215, 307.7393, 0.0000, -12.9501, 307.7393, 0.0000, 72, 62, 54
L  -9.0507, 307.7393, 0.0000, 2.5589, 307.7393, 0.0000, 72, 62, 54
L  6.8250, 307.7393, 0.0000, 32.6911, 307.7393, 0.0000, 72, 62, 54
L  36.8752, 307.7393, 0.0000, 64.3545, 307.7393, 0.0000, 72, 62, 54
L  66.3839, 307.7393, 0.0000, 78.4174, 307.7393, 0.0000, 72, 62, 54
L  82.7401, 307.7393, 0.0000, 100.4780, 307.7393, 0.0000, 72, 62, 54
L  155.0109, 307.7393, 0.0000, 168.1874, 307.7393, 0.0000, 72, 62, 54
L  172.3692, 307.7393, 0.0000, 195.6651, 307.7393, 0.0000, 72, 62, 54
L  199.0028, 307.7393, 0.0000, 218.9071, 307.7393, 0.0000, 72, 62, 54
L  222.8677, 307.7393, 0.0000, 231.8067, 307.7393, 0.0000, 72, 62, 54
L  235.7966, 307.7393, 0.0000, 249.9127, 307.7393, 0.0000, 72, 62, 54
L  251.6573, 307.7393, 0.0000, 267.3131, 307.7393, 0.0000, 72, 62, 54
L  269.3680, 307.7393, 0.0000, 279.6098, 307.7393, 0.0000, 72, 62, 54
L  282.3289, 307.7393, 0.0000, 308.4439, 307.7393, 0.0000, 72, 62, 54
L  311.2570, 307.7393, 0.0000, 332.8565, 307.7393, 0.0000, 72, 62, 54
L  336.5495, 307.7393, 0.0000, 360.2957, 307.7393, 0.0000, 72, 62, 54
L  364.3790, 307.7393, 0.0000, 393.0828, 307.7393, 0.0000, 72, 62, 54
L  394.9542, 307.7393, 0.0000, 419.8700, 307.7393, 0.0000, 72, 62, 54
L  423.1052, 307.7393, 0.0000, 436.6218, 307.7393, 0.0000, 72, 62, 54
L  440.4976, 307.7393, 0.0000, 455.3020, 307.7393, 0.0000, 72, 62, 54
L  458.9739, 307.7393, 0.0000, 471.6338, 307.7393, 0.0000, 72, 62, 54
L  473.8150, 307.7393, 0.0000, 484.0385, 307.7393, 0.0000, 72, 62, 54
L  -459.6710, 313.2887, 0.0000, -438.6390, 313.2887, 0.0000, 72, 62, 54
L  -434.1294, 313.2887, 0.0000, -418.5050, 313.2887, 0.0000, 72, 62, 54
L  -414.8787, 313.2887, 0.0000, -385.7487, 313.2887, 0.0000, 72, 62, 54
L  -360.5976, 313.2887, 0.0000, -347.2521, 313.2887, 0.0000, 72, 62, 54
L  -343.1529, 313.2887, 0.0000, -320.7199, 313.2887, 0.0000, 72, 62, 54
L  -316.6288, 313.2887, 0.0000, -299.5208, 313.2887, 0.0000, 72, 62, 54
L  -296.0135, 313.2887, 0.0000, -277.1270, 313.2887, 0.0000, 72, 62, 54
L  -273.3540, 313.2887, 0.0000, -257.4498, 313.2887, 0.0000, 72, 62, 54
L  -255.1028, 313.2887, 0.0000, -244.7912, 313.2887, 0.0000, 72, 62, 54
L  -240.3571, 313.2887, 0.0000, -226.3052, 313.2887, 0.0000, 72, 62, 54
L  -222.6992, 313.2887, 0.0000, -207.3464, 313.2887, 0.0000, 72, 62, 54
L  -204.8205, 313.2887, 0.0000, -189.2926, 313.2887, 0.0000, 72, 62, 54
L  -186.5159, 313.2887, 0.0000, -170.3481, 313.2887, 0.0000, 72, 62, 54
L  -165.6513, 313.2887, 0.0000, -156.1275, 313.2887, 0.0000, 72, 62, 54
L  -91.7129, 313.2887, 0.0000, -77.3065, 313.2887, 0.0000, 72, 62, 54
L  -73.0084, 313.2887, 0.0000, -47.0436, 313.2887, 0.0000, 72, 62, 54
L  -43.6679, 313.2887, 0.0000, -14.7061, 313.2887, 0.0000, 72, 62, 54
L  -10.0282, 313.2887, 0.0000, 10.1709, 313.2887, 0.0000, 72, 62, 54
L  12.4372, 313.2887, 0.0000, 28.9432, 313.2887, 0.0000, 72, 62, 54
L  33.3773, 313.2887, 0.0000, 58.2117, 313.2887, 0.0000, 72, 62, 54
L  61.8551, 313.2887, 0.0000, 74.7909, 313.2887, 0.0000, 72, 62, 54
L  171.1177, 313.2887, 0.0000, 189.8331, 313.2887, 0.0000, 72, 62, 54
L  192.7527, 313.2887, 0.0000, 208.1451, 313.2887, 0.0000, 72, 62, 54
L  210.7574, 313.2887, 0.0000, 222.8937, 313.2887, 0.0000, 72, 62, 54
L  227.3676, 313.2887, 0.0000, 243.3886, 313.2887, 0.0000, 72, 62, 54
L  247.7229, 313.2887, 0.0000, 255.9228, 313.2887, 0.0000, 72, 62, 54
L  259.6353, 313.2887, 0.0000, 271.3327, 313.2887, 0.0000, 72, 62, 54
L  275.4352, 313.2887, 0.0000, 300.9296, 313.2887, 0.0000, 72, 62, 54
L  305.2055, 313.2887, 0.0000, 330.5242, 313.2887, 0.0000, 72, 62, 54
L  334.1424, 313.2887, 0.0000, 352.9034, 313.2887, 0.0000, 72, 62, 54
L  415.1388, 313.2887, 0.0000, 424.8706, 313.2887, 0.0000, 72, 62, 54
L  428.2592, 313.2887, 0.0000, 444.7477, 313.2887, 0.0000, 72, 62, 54
L  449.5035, 313.2887, 0.0000, 468.6337, 313.2887, 0.0000, 72, 62, 54
L  -463.6274, 318.8381, 0.0000, -437.0533, 318.8381, 0.0000, 72, 62, 54
L  -334.3676, 318.8381, 0.0000, -305.2746, 318.8381, 0.0000, 72, 62, 54
L  -302.6646, 318.8381, 0.0000, -277.5737, 318.8381, 0.0000, 72, 62, 54
L  -274.0873, 318.8381, 0.0000, -243.5950, 318.8381, 0.0000, 72, 62, 54
L  -238.7257, 318.8381, 0.0000, -208.4421, 318.8381, 0.0000, 72, 62, 54
L  -206.2622, 318.8381, 0.0000, -197.6689, 318.8381, 0.0000, 72, 62, 54
L  -195.2774, 318.8381, 0.0000, -169.8970, 318.8381, 0.0000, 72, 62, 54
L  -49.4311, 318.8381, 0.0000, -29.4419, 318.8381, 0.0000, 72, 62, 54
L  -25.0064, 318.8381, 0.0000, -0.8725, 318.8381, 0.0000, 72, 62, 54
L  3.2871, 318.8381, 0.0000, 19.5909, 318.8381, 0.0000, 72, 62, 54
L  21.7114, 318.8381, 0.0000, 46.2905, 318.8381, 0.0000, 72, 62, 54
L  49.7166, 318.8381, 0.0000, 64.9370, 318.8381, 0.0000, 72, 62, 54
L  186.4533, 318.8381, 0.0000, 203.6132, 318.8381, 0.0000, 72, 62, 54
L  206.0280, 318.8381, 0.0000, 230.4276, 318.8381, 0.0000, 72, 62, 54
L  232.9181, 318.8381, 0.0000, 246.8000, 318.8381, 0.0000, 72, 62, 54
L  248.9097, 318.8381, 0.0000, 265.6527, 318.8381, 0.0000, 72, 62, 54
L  267.3101, 318.8381, 0.0000, 290.7921, 318.8381, 0.0000, 72, 62, 54
L  295.0190, 318.8381, 0.0000, 319.9415, 318.8381, 0.0000, 72, 62, 54
L  436.6895, 318.8381, 0.0000, 463.0780, 318.8381, 0.0000, 72, 62, 54
L  467.3953, 318.8381, 0.0000, 481.8777, 318.8381, 0.0000, 72, 62, 54
L  -471.6580, 324.3873, 0.0000, -463.2722, 324.3873, 0.0000, 72, 62, 54
L  -459.5608, 324.3873, 0.0000, -440.4378, 324.3873, 0.0000, 72, 62, 54
L  -310.8408, 324.3873, 0.0000, -289.2467, 324.3873, 0.0000, 72, 62, 54
L  -286.9415, 324.3873, 0.0000, -259.2488, 324.3873, 0.0000, 72, 62, 54
L  -255.1582, 324.3873, 0.0000, -236.8213, 324.3873, 0.0000, 72, 62, 54
L  -232.8368, 324.3873, 0.0000, -216.9820, 324.3873, 0.0000, 72, 62, 54
L  -131.7024, 324.3873, 0.0000, -114.9555, 324.3873, 0.0000, 72, 62, 54
L  -110.5802, 324.3873, 0.0000, -96.0460, 324.3873, 0.0000, 72, 62, 54
L  -45.6933, 324.3873, 0.0000, -36.7571, 324.3873, 0.0000, 72, 62, 54
L  -34.0524, 324.3873, 0.0000, -12.1969, 324.3873, 0.0000, 72, 62, 54
L  -7.4857, 324.3873, 0.0000, 6.1784, 324.3873, 0.0000, 72, 62, 54
L  7.9522, 324.3873, 0.0000, 17.2952, 324.3873, 0.0000, 72, 62, 54
L  20.3094, 324.3873, 0.0000, 41.4846, 324.3873, 0.0000, 72, 62, 54
L  119.2770, 324.3873, 0.0000, 146.6302, 324.3873, 0.0000, 72, 62, 54
L  209.0156, 324.3873, 0.0000, 232.9956, 324.3873, 0.0000, 72, 62, 54
L  237.1057, 324.3873, 0.0000, 248.4924, 324.3873, 0.0000, 72, 62, 54
L  253.2237, 324.3873, 0.0000, 266.3698, 324.3873, 0.0000, 72, 62, 54
L  269.4673, 324.3873, 0.0000, 280.5890, 324.3873, 0.0000, 72, 62, 54
L  284.2585, 324.3873, 0.0000, 308.6428, 324.3873, 0.0000, 72, 62, 54
L  367.8196, 324.3873, 0.0000, 384.7716, 324.3873, 0.0000, 72, 62, 54
L  455.4270, 324.3873, 0.0000, 467.1851, 324.3873, 0.0000, 72, 62, 54
L  470.5740, 324.3873, 0.0000, 478.7990, 324.3873, 0.0000, 72, 62, 54
L  -376.4940, 329.9368, 0.0000, -346.1355, 329.9368, 0.0000, 72, 62, 54
L  -276.0009, 329.9368, 0.0000, -260.0609, 329.9368, 0.0000, 72, 62, 54
L  -256.3412, 329.9368, 0.0000, -240.4918, 329.9368, 0.0000, 72, 62, 54
L  -143.0170, 329.9368, 0.0000, -122.2610, 329.9368, 0.0000, 72, 62, 54
L  -119.9244, 329.9368, 0.0000, -109.7871, 329.9368, 0.0000, 72, 62, 54
L  -105.8323, 329.9368, 0.0000, -96.6097, 329.9368, 0.0000, 72, 62, 54
L  -92.5934, 329.9368, 0.0000, -81.0807, 329.9368, 0.0000, 72, 62, 54
L  2.0593, 329.9368, 0.0000, 27.6990, 329.9368, 0.0000, 72, 62, 54
L  89.8693, 329.9368, 0.0000, 102.7945, 329.9368, 0.0000, 72, 62, 54
L  106.4455, 329.9368, 0.0000, 133.3903, 329.9368, 0.0000, 72, 62, 54
L  136.3308, 329.9368, 0.0000, 162.1037, 329.9368, 0.0000, 72, 62, 54
L  221.9500, 329.9368, 0.0000, 246.6664, 329.9368, 0.0000, 72, 62, 54
L  250.7704, 329.9368, 0.0000, 268.1115, 329.9368, 0.0000, 72, 62, 54
L  339.3430, 329.9368, 0.0000, 352.2606, 329.9368, 0.0000, 72, 62, 54
L  355.0354, 329.9368, 0.0000, 380.5516, 329.9368, 0.0000, 72, 62, 54
L  382.9356, 329.9368, 0.0000, 392.2936, 329.9368, 0.0000, 72, 62, 54
L  -383.6986, -896.7105, 0.0000, -382.0698, -886.1823, 0.0000, 72, 62, 54
L  -467.9962, -1006.1688, 0.0000, -466.8882, -995.9939, 0.0000, 72, 62, 54
L  -249.1362, -1154.9136, 0.0000, -250.4379, -1143.4262, 0.0000, 72, 62, 54
L  -415.2142, -923.5070, 0.0000, -414.7240, -917.7795, 0.0000, 72, 62, 54
L  394.4441, 140.9138, 0.0000, 395.9634, 149.3349, 0.0000, 72, 62, 54
L  55.8347, 238.1237, 0.0000, 54.7405, 245.8228, 0.0000, 72, 62, 54
L  -102.0061, -1109.5341, 0.0000, -101.8427, -1101.4535, 0.0000, 72, 62, 54
L  476.1050, -137.8484, 0.0000, 475.8767, -126.3766, 0.0000, 72, 62, 54
L  355.7060, -431.3808, 0.0000, 355.3021, -421.4217, 0.0000, 72, 62, 54
L  -434.8064, -634.2971, 0.0000, -436.6437, -627.3564, 0.0000, 72, 62, 54
L  -465.2631, 180.5337, 0.0000, -465.5854, 188.5572, 0.0000, 72, 62, 54
L  -446.1116, -1052.9669, 0.0000, -447.2730, -1041.6283, 0.0000, 72, 62, 54
L  -443.2856, -1090.7387, 0.0000, -443.5018, -1083.8025, 0.0000, 72, 62, 54
L  18.4098, 320.0976, 0.0000, 16.5248, 330.3930, 0.0000, 72, 62, 54
L  -467.3684, 197.3394, 0.0000, -466.3666, 208.2493, 0.0000, 72, 62, 54
L  366.5137, 233.0431, 0.0000, 366.1674, 241.1996, 0.0000, 72, 62, 54
L  395.5882, -833.4774, 0.0000, 397.5462, -825.7169, 0.0000, 72, 62, 54
L  -483.3392, -1050.6874, 0.0000, -484.1477, -1039.5476, 0.0000, 72, 62, 54
L  348.9614, -1146.8677, 0.0000, 350.2820, -1139.7656, 0.0000, 72, 62, 54
L  398.3013, -360.0766, 0.0000, 398.1025, -349.5595, 0.0000, 72, 62, 54
L  -423.4425, -131.7855, 0.0000, -422.2816, -126.0258, 0.0000, 72, 62, 54
L  -464.5866, -970.3557, 0.0000, -463.9221, -959.1482, 0.0000, 72, 62, 54
L  466.2290, -170.2435, 0.0000, 467.2200, -164.3965, 0.0000, 72, 62, 54
L  -427.7920, -523.7637, 0.0000, -428.0363, -516.4541, 0.0000, 72, 62, 54
L  403.1117, -923.9104, 0.0000, 404.8213, -912.6217, 0.0000, 72, 62, 54
L  -465.5696, -5.1306, 0.0000, -465.3931, 4.2407, 0.0000, 72, 62, 54
L  432.8670, -927.8519, 0.0000, 431.1353, -920.8002, 0.0000, 72, 62, 54
L  455.0626, -552.0233, 0.0000, 453.4749, -541.0064, 0.0000, 72, 62, 54
L  -369.0385, -142.8021, 0.0000, -368.7473, -136.1240, 0.0000, 72, 62, 54
L  -258.6650, 316.6262, 0.0000, -257.9442, 322.3690, 0.0000, 72, 62, 54
L  384.6706, -475.0812, 0.0000, 385.7155, -470.2301, 0.0000, 72, 62, 54
L  36.9358, 220.6233, 0.0000, 36.9933, 231.6018, 0.0000, 72, 62, 54
L  -237.2859, 251.2045, 0.0000, -236.5105, 256.8714, 0.0000, 72, 62, 54
L  -426.5566, -776.8665, 0.0000, -425.7835, -765.5081, 0.0000, 72, 62, 54
L  89.3000, 189.6886, 0.0000, 90.9117, 199.8066, 0.0000, 72, 62, 54
L  377.9641, -390.7023, 0.0000, 377.9154, -384.2071, 0.0000, 72, 62, 54
L  -407.8905, -897.3527, 0.0000, -406.3063, -886.9231, 0.0000, 72, 62, 54
L  67.4803, 199.5156, 0.0000, 67.5065, 207.4749, 0.0000, 72, 62, 54
L  -471.3776, -1126.8878, 0.0000, -469.4049, -1116.7281, 0.0000, 72, 62, 54
L  -404.6232, -764.9391, 0.0000, -406.2948, -758.7647, 0.0000, 72, 62, 54
L  -233.2302, 300.6528, 0.0000, -231.5284, 309.1309, 0.0000, 72, 62, 54
L  -471.7730, -871.6026, 0.0000, -470.1802, -860.0806, 0.0000, 72, 62, 54
L  -60.7535, 178.3381, 0.0000, -62.0230, 188.8259, 0.0000, 72, 62, 54
L  486.4024, 46.3865, 0.0000, 486.2178, 57.7250, 0.0000, 72, 62, 54
L  417.7739, -1009.8747, 0.0000, 417.7602, -1000.8248, 0.0000, 72, 62, 54
L  482.4426, -52.6161, 0.0000, 481.4013, -43.1855, 0.0000, 72, 62, 54
L  336.7502, -1115.2185, 0.0000, 335.3497, -1106.0927, 0.0000, 72, 62, 54
L  -254.2151, 237.0578, 0.0000, -254.6547, 242.5853, 0.0000, 72, 62, 54
L  451.3597, -608.6198, 0.0000, 451.4421, -602.1777, 0.0000, 72, 62, 54
L  -374.3455, -250.9668, 0.0000, -372.7195, -243.9569, 0.0000, 72, 62, 54
L  -459.1726, -870.7082, 0.0000, -458.6663, -863.4033, 0.0000, 72, 62, 54
L  350.5459, -840.1200, 0.0000, 349.8293, -831.1467, 0.0000, 72, 62, 54
L  -195.0054, -1136.8138, 0.0000, -195.5912, -1130.0285, 0.0000, 72, 62, 54
L  -472.8139, -879.1661, 0.0000, -470.8884, -872.7014, 0.0000, 72, 62, 54
L  464.3062, -1150.5428, 0.0000, 462.4666, -1143.5317, 0.0000, 72, 62, 54
L  469.7309, -12.3593, 0.0000, 469.2765, -3.1458, 0.0000, 72, 62, 54
L  -80.8088, 237.7093, 0.0000, -79.0418, 243.3795, 0.0000, 72, 62, 54
L  -297.9567, -1169.6800, 0.0000, -296.2719, -1162.1974, 0.0000, 72, 62, 54
L  347.2869, -989.2114, 0.0000, 349.2546, -982.6873, 0.0000, 72, 62, 54
L  -416.7003, 13.9524, 0.0000, -417.7255, 20.6861, 0.0000, 72, 62, 54
L  -355.9409, -410.0604, 0.0000, -357.3450, -402.9891, 0.0000, 72, 62, 54
L  419.9530, -491.2250, 0.0000, 419.5476, -479.7599, 0.0000, 72, 62, 54
L  463.6069, -792.7849, 0.0000, 464.2169, -784.6160, 0.0000, 72, 62, 54
L  -115.6257, -1083.6176, 0.0000, -114.2350, -1078.2310, 0.0000, 72, 62, 54
L  356.1918, -1060.6189, 0.0000, 355.7589, -1050.2707, 0.0000, 72, 62, 54
L  186.7775, -1115.5442, 0.0000, 185.3140, -1110.1776, 0.0000, 72, 62, 54
L  378.8941, -704.6753, 0.0000, 378.5328, -694.5365, 0.0000, 72, 62, 54
L  -343.3867, -1022.1412, 0.0000, -343.3669, -1011.7090, 0.0000, 72, 62, 54
L  165.8757, 193.6693, 0.0000, 165.1997, 200.0828, 0.0000, 72, 62, 54
L  -188.7904, -1079.6276, 0.0000, -188.6727, -1074.4435, 0.0000, 72, 62, 54
L  -394.7099, -1078.5913, 0.0000, -396.2460, -1069.9991, 0.0000, 72, 62, 54
L  456.8081, -721.1530, 0.0000, 455.4673, -715.5717, 0.0000, 72, 62, 54
L  -243.2604, -1129.6620, 0.0000, -244.3804, -1118.7355, 0.0000, 72, 62, 54
L  426.6563, -164.3995, 0.0000, 425.0579, -156.8499, 0.0000, 72, 62, 54
L  360.9365, -127.3595, 0.0000, 362.7688, -119.1879, 0.0000, 72, 62, 54
L  249.8365, 253.7934, 0.0000, 248.5591, 262.3963, 0.0000, 72, 62, 54
L  -373.6696, -1046.3479, 0.0000, -374.5941, -1040.0634, 0.0000, 72, 62, 54
L  -367.7468, -364.0138, 0.0000, -368.1927, -352.6971, 0.0000, 72, 62, 54
L  240.2663, 171.8437, 0.0000, 238.8049, 179.8784, 0.0000, 72, 62, 54
L  -221.6100, 216.4587, 0.0000, -220.8887, 226.8526, 0.0000, 72, 62, 54
L  -469.1086, 90.7894, 0.0000, -467.6374, 101.4383, 0.0000, 72, 62, 54
L  -408.5045, -37.5282, 0.0000, -409.8412, -27.0440, 0.0000, 72, 62, 54
L  -449.0711, -1046.8290, 0.0000, -450.5964, -1036.2568, 0.0000, 72, 62, 54
L  379.3126, -854.1577, 0.0000, 380.5939, -846.7546, 0.0000, 72, 62, 54
L  482.8586, -852.1937, 0.0000, 480.9544, -845.9316, 0.0000, 72, 62, 54
L  371.7783, 242.1834, 0.0000, 370.9179, 251.1545, 0.0000, 72, 62, 54
L  -366.1217, -1107.8788, 0.0000, -367.1768, -1097.3744, 0.0000, 72, 62, 54
L  359.6156, -100.4256, 0.0000, 360.8409, -94.1362, 0.0000, 72, 62, 54
L  -349.0822, -603.6289, 0.0000, -350.3355, -596.1037, 0.0000, 72, 62, 54
L  -347.8786, -279.2971, 0.0000, -346.1440, -268.6001, 0.0000, 72, 62, 54
L  98.1208, -1078.9049, 0.0000, 99.5695, -1071.9801, 0.0000, 72, 62, 54
L  254.5743, 180.3501, 0.0000, 253.6115, 191.4372, 0.0000, 72, 62, 54
L  13.2462, 220.2227, 0.0000, 12.6637, 226.7201, 0.0000, 72, 62, 54
L  -70.4528, 232.2815, 0.0000, -68.6400, 238.1590, 0.0000, 72, 62, 54
L  124.2106, 189.2942, 0.0000, 123.3188, 195.9876, 0.0000, 72, 62, 54
L  451.4333, -13.6479, 0.0000, 451.4405, -5.2500, 0.0000, 72, 62, 54
L  -462.5192, -101.2897, 0.0000, -463.9624, -90.3926, 0.0000, 72, 62, 54
L  -386.3175, 99.5732, 0.0000, -387.0796, 105.0281, 0.0000, 72, 62, 54
L  -198.9149, 189.2659, 0.0000, -198.7452, 198.5961, 0.0000, 72, 62, 54
L  422.0274, -384.8122, 0.0000, 420.6880, -374.0988, 0.0000, 72, 62, 54
L  403.5699, -522.8490, 0.0000, 403.3688, -513.7554, 0.0000, 72, 62, 54
L  -371.2667, -386.4289, 0.0000, -370.2295, -377.0283, 0.0000, 72, 62, 54
L  351.0762, -645.9527, 0.0000, 349.7401, -639.0877, 0.0000, 72, 62, 54
L  421.4481, -342.8919, 0.0000, 419.6540, -336.0624, 0.0000, 72, 62, 54
L  389.4538, 53.8979, 0.0000, 389.5044, 63.7891, 0.0000, 72, 62, 54
L  -367.6809, -143.1992, 0.0000, -367.2302, -137.2305, 0.0000, 72, 62, 54
L  385.4617, 71.5786, 0.0000, 385.9029, 76.5824, 0.0000, 72, 62, 54
L  -388.6629, -420.4360, 0.0000, -390.1867, -413.8307, 0.0000, 72, 62, 54
L  144.4173, 207.7797, 0.0000, 143.7648, 215.4300, 0.0000, 72, 62, 54
L  466.9957, -205.6315, 0.0000, 468.0289, -197.2800, 0.0000, 72, 62, 54
L  -352.0543, -531.1559, 0.0000, -352.4002, -520.9618, 0.0000, 72, 62, 54
L  -320.8852, 298.8679, 0.0000, -321.9464, 306.5853, 0.0000, 72, 62, 54
L  -353.7300, -622.0117, 0.0000, -353.8464, -615.4321, 0.0000, 72, 62, 54
L  -477.2316, -234.9859, 0.0000, -477.4722, -225.1159, 0.0000, 72, 62, 54
L  -484.4914, 111.9480, 0.0000, -483.9669, 122.1505, 0.0000, 72, 62, 54
L  -445.7932, -360.9767, 0.0000, -443.8968, -354.9951, 0.0000, 72, 62, 54
L  474.8452, -659.0916, 0.0000, 476.7624, -651.1736, 0.0000, 72, 62, 54
L  177.4667, 262.3010, 0.0000, 175.8455, 272.1998, 0.0000, 72, 62, 54
L  411.1711, -36.8602, 0.0000, 409.5977, -28.9274, 0.0000, 72, 62, 54
L  -469.7592, -79.2208, 0.0000, -470.0055, -71.4969, 0.0000, 72, 62, 54
L  -399.9321, -826.4112, 0.0000, -400.8707, -814.9584, 0.0000, 72, 62, 54
L  434.3934, -809.5347, 0.0000, 434.2871, -801.2475, 0.0000, 72, 62, 54
L  -370.4917, -571.5183, 0.0000, -368.7023, -563.9011, 0.0000, 72, 62, 54
L  -25.9473, 250.7153, 0.0000, -26.8502, 259.2149, 0.0000, 72, 62, 54
L  -472.9243, -996.4836, 0.0000, -473.4020, -985.3714, 0.0000, 72, 62, 54
L  -354.5811, -804.0356, 0.0000, -354.0525, -792.7657, 0.0000, 72, 62, 54
L  -432.7210, -488.5125, 0.0000, -433.3580, -481.0298, 0.0000, 72, 62, 54
L  30.6508, 205.1735, 0.0000, 30.2194, 212.3375, 0.0000, 72, 62, 54
L  403.8908, -311.0671, 0.0000, 402.1079, -302.5863, 0.0000, 72, 62, 54
L  -319.5690, 192.5794, 0.0000, -320.0851, 202.6478, 0.0000, 72, 62, 54
L  473.2094, -537.4731, 0.0000, 474.9967, -527.1082, 0.0000, 72, 62, 54
L  -450.8637, -60.6771, 0.0000, -449.6964, -55.0805, 0.0000, 72, 62, 54
L  -453.5899, -366.4148, 0.0000, -454.2161, -357.5130, 0.0000, 72, 62, 54
L  -214.3068, -1166.5303, 0.0000, -215.2287, -1159.4363, 0.0000, 72, 62, 54
L  404.4439, 109.3498, 0.0000, 406.2575, 117.8033, 0.0000, 72, 62, 54
L  428.8255, -754.3590, 0.0000, 428.2256, -749.1154, 0.0000, 72, 62, 54
L  -167.9981, 206.9052, 0.0000, -168.5942, 212.8891, 0.0000, 72, 62, 54
L  -419.4495, -114.4008, 0.0000, -417.5805, -107.3075, 0.0000, 72, 62, 54
L  -482.7444, -526.5668, 0.0000, -481.3319, -519.9325, 0.0000, 72, 62, 54
L  372.3798, -817.1607, 0.0000, 374.1959, -808.7695, 0.0000, 72, 62, 54
L  485.4283, -1025.5975, 0.0000, 485.4621, -1019.3478, 0.0000, 72, 62, 54
L  353.2133, -274.9073, 0.0000, 354.8642, -266.5235, 0.0000, 72, 62, 54
L  267.8198, 247.7646, 0.0000, 266.8962, 256.6267, 0.0000, 72, 62, 54
L  -411.0370, -436.6441, 0.0000, -410.6434, -425.5584, 0.0000, 72, 62, 54
L  198.1313, -1137.8864, 0.0000, 197.4395, -1133.0117, 0.0000, 72, 62, 54
L  -426.8043, -1052.7864, 0.0000, -426.0825, -1045.9169, 0.0000, 72, 62, 54
L  -419.9841, -849.4842, 0.0000, -420.1185, -843.9024, 0.0000, 72, 62, 54
L  -92.4039, 182.0866, 0.0000, -92.8340, 187.9888, 0.0000, 72, 62, 54
L  -393.1161, -351.2940, 0.0000, -392.8654, -341.7976, 0.0000, 72, 62, 54
L  416.2551, -603.0421, 0.0000, 418.1122, -595.3629, 0.0000, 72, 62, 54
L  -391.8763, -102.9714, 0.0000, -393.1839, -93.2032, 0.0000, 72, 62, 54
L  -376.5596, -415.5692, 0.0000, -377.2795, -410.6369, 0.0000, 72, 62, 54
L  -405.6831, -881.8134, 0.0000, -404.3219, -873.8393, 0.0000, 72, 62, 54
L  -453.1753, -726.3997, 0.0000, -453.0427, -715.5354, 0.0000, 72, 62, 54
L  376.2035, -815.2180, 0.0000, 377.8433, -809.5402, 0.0000, 72, 62, 54
L  -470.1541, -1124.8334, 0.0000, -468.2361, -1114.5627, 0.0000, 72, 62, 54
L  -124.8638, -1134.7824, 0.0000, -123.7726, -1124.9532, 0.0000, 72, 62, 54
L  -368.2624, -15.2060, 0.0000, -369.3671, -4.8984, 0.0000, 72, 62, 54
L  -446.4147, -1052.7379, 0.0000, -445.3611, -1043.5279, 0.0000, 72, 62, 54
L  466.5164, 37.9481, 0.0000, 465.9372, 48.2602, 0.0000, 72, 62, 54
L  255.1825, -1132.7716, 0.0000, 256.7815, -1127.7292, 0.0000, 72, 62, 54
L  -474.4283, -898.4265, 0.0000, -473.8679, -891.3779, 0.0000, 72, 62, 54
L  -405.2373, -1004.6775, 0.0000, -406.7928, -996.2052, 0.0000, 72, 62, 54
L  -426.7927, -88.9115, 0.0000, -426.2567, -79.7844, 0.0000, 72, 62, 54
L  427.2290, -1152.7064, 0.0000, 426.8943, -1147.3289, 0.0000, 72, 62, 54
L  -0.1747, -1082.6650, 0.0000, -1.4973, -1072.0758, 0.0000, 72, 62, 54
L  382.4391, -224.9737, 0.0000, 384.0812, -218.9727, 0.0000, 72, 62, 54
L  457.1297, -967.3383, 0.0000, 457.7799, -960.9934, 0.0000, 72, 62, 54
L  426.2539, -5.1648, 0.0000, 427.6577, 3.7854, 0.0000, 72, 62, 54
L  -229.9203, 181.8334, 0.0000, -228.5370, 190.4496, 0.0000, 72, 62, 54
L  374.7802, -756.4498, 0.0000, 375.7585, -748.8142, 0.0000, 72, 62, 54
L  -19.4556, 243.4084, 0.0000, -19.2424, 254.0876, 0.0000, 72, 62, 54
L  450.4352, -950.2036, 0.0000, 450.3547, -942.9894, 0.0000, 72, 62, 54
L  399.1052, -674.6328, 0.0000, 400.5710, -663.5040, 0.0000, 72, 62, 54
L  -271.4856, -1159.6065, 0.0000, -272.3091, -1150.7574, 0.0000, 72, 62, 54
L  -391.1207, -29.9698, 0.0000, -392.6125, -20.5625, 0.0000, 72, 62, 54
L  -359.3027, -363.6802, 0.0000, -358.1758, -357.9774, 0.0000, 72, 62, 54
L  -114.1145, 244.2393, 0.0000, -115.5685, 252.3153, 0.0000, 72, 62, 54
L  323.3235, 247.5854, 0.0000, 324.5764, 253.4307, 0.0000, 72, 62, 54
L  -6.3477, -1114.1850, 0.0000, -4.6111, -1105.9517, 0.0000, 72, 62, 54
L  -356.5184, -668.3634, 0.0000, -358.3423, -660.9213, 0.0000, 72, 62, 54
L  128.1197, -1115.4190, 0.0000, 127.6322, -1105.9220, 0.0000, 72, 62, 54
L  -383.5811, -503.7839, 0.0000, -385.3982, -494.6005, 0.0000, 72, 62, 54
L  -325.8813, 204.3458, 0.0000, -326.1397, 210.6539, 0.0000, 72, 62, 54
L  407.2170, -599.9020, 0.0000, 406.7607, -594.9873, 0.0000, 72, 62, 54
L  401.7867, -285.0570, 0.0000, 400.2718, -276.3064, 0.0000, 72, 62, 54
L  -444.1298, 113.8263, 0.0000, -445.3704, 125.1068, 0.0000, 72, 62, 54
L  265.5419, -1124.3111, 0.0000, 264.6210, -1119.1414, 0.0000, 72, 62, 54
L  419.1218, -40.0127, 0.0000, 421.0880, -30.4132, 0.0000, 72, 62, 54
L  384.4861, -73.0183, 0.0000, 384.1523, -63.5022, 0.0000, 72, 62, 54
L  -465.1089, -606.8525, 0.0000, -466.0965, -600.1749, 0.0000, 72, 62, 54
L  -377.9456, -51.3497, 0.0000, -376.4813, -46.2009, 0.0000, 72, 62, 54
L  470.2097, 229.5644, 0.0000, 470.1807, 241.1152, 0.0000, 72, 62, 54
L  -384.4031, -1067.7561, 0.0000, -385.8634, -1057.7325, 0.0000, 72, 62, 54
L  -162.1444, 229.2244, 0.0000, -161.4105, 236.3377, 0.0000, 72, 62, 54
L  151.3705, 166.8505, 0.0000, 151.0325, 171.8961, 0.0000, 72, 62, 54
L  -35.6560, 197.2977, 0.0000, -36.3284, 203.8662, 0.0000, 72, 62, 54
L  -407.1861, 29.2463, 0.0000, -408.6596, 36.7825, 0.0000, 72, 62, 54
L  -260.3557, 234.6366, 0.0000, -258.7273, 242.0274, 0.0000, 72, 62, 54
L  407.8693, -1035.6673, 0.0000, 408.4898, -1026.4945, 0.0000, 72, 62, 54
L  385.9179, -862.6232, 0.0000, 384.1225, -855.7339, 0.0000, 72, 62, 54
L  -54.5542, 290.7059, 0.0000, -54.6008, 295.7902, 0.0000, 72, 62, 54
L  279.7069, 184.6721, 0.0000, 281.5206, 194.1053, 0.0000, 72, 62, 54
L  -459.7370, -661.3827, 0.0000, -460.4268, -650.0023, 0.0000, 72, 62, 54
L  -459.9093, -574.1979, 0.0000, -459.3052, -564.2627, 0.0000, 72, 62, 54
L  468.2706, 200.1012, 0.0000, 466.3897, 209.8740, 0.0000, 72, 62, 54
L  -233.0420, 204.5947, 0.0000, -231.4818, 215.4608, 0.0000, 72, 62, 54
L  -62.7566, -1157.4757, 0.0000, -61.2131, -1151.0925, 0.0000, 72, 62, 54
L  -463.6486, -1051.1619, 0.0000, -462.3531, -1043.1611, 0.0000, 72, 62, 54
L  415.1012, -531.9386, 0.0000, 413.4399, -527.0432, 0.0000, 72, 62, 54
L  -464.1657, -506.1271, 0.0000, -462.4501, -495.7297, 0.0000, 72, 62, 54
L  -348.5394, -330.5152, 0.0000, -347.6822, -321.9938, 0.0000, 72, 62, 54
L  476.9746, -155.6115, 0.0000, 475.3004, -146.9824, 0.0000, 72, 62, 54
L  427.6957, -521.1959, 0.0000, 425.9623, -514.5509, 0.0000, 72, 62, 54
L  129.9511, 317.6890, 0.0000, 129.5099, 326.1193, 0.0000, 72, 62, 54
L  465.5973, -383.0673, 0.0000, 466.1586, -376.8603, 0.0000, 72, 62, 54
L  453.3764, -995.6591, 0.0000, 453.1662, -990.2609, 0.0000, 72, 62, 54
L  -467.5553, -383.5725, 0.0000, -468.0946, -375.5991, 0.0000, 72, 62, 54
L  478.7215, -489.4646, 0.0000, 477.0178, -484.1692, 0.0000, 72, 62, 54
L  422.8288, -161.1445, 0.0000, 421.9292, -155.2971, 0.0000, 72, 62, 54
L  399.4120, -859.4349, 0.0000, 398.2386, -853.6221, 0.0000, 72, 62, 54
L  49.3106, -1081.8969, 0.0000, 47.9518, -1075.1579, 0.0000, 72, 62, 54
L  421.2246, -13.5901, 0.0000, 420.4334, -3.6121, 0.0000, 72, 62, 54
L  -114.8779, -1141.4022, 0.0000, -116.0966, -1134.9876, 0.0000, 72, 62, 54
L  8.3110, -1130.3439, 0.0000, 8.8501, -1121.1226, 0.0000, 72, 62, 54
L  -258.6520, -1165.2282, 0.0000, -260.1728, -1157.9022, 0.0000, 72, 62, 54
L  473.7397, -921.4584, 0.0000, 475.7141, -911.8021, 0.0000, 72, 62, 54
L  -141.1249, 213.8842, 0.0000, -143.0555, 224.7255, 0.0000, 72, 62, 54
L  -414.0631, -884.2583, 0.0000, -412.3012, -877.3008, 0.0000, 72, 62, 54
L  -266.4829, 250.3853, 0.0000, -267.8353, 258.3016, 0.0000, 72, 62, 54
L  373.0422, 150.4363, 0.0000, 373.9212, 157.2939, 0.0000, 72, 62, 54
L  -348.8936, 46.7473, 0.0000, -349.1806, 53.6901, 0.0000, 72, 62, 54
L  314.3767, 201.4803, 0.0000, 315.1248, 209.8802, 0.0000, 72, 62, 54
L  -351.1265, -204.3697, 0.0000, -349.1326, -194.0510, 0.0000, 72, 62, 54
L  -472.1410, -877.9509, 0.0000, -472.4022, -866.8799, 0.0000, 72, 62, 54
L  182.3655, -1116.9137, 0.0000, 183.6249, -1108.4987, 0.0000, 72, 62, 54
L  348.2939, -169.9232, 0.0000, 349.7974, -162.4869, 0.0000, 72, 62, 54
L  353.1530, -932.4881, 0.0000, 354.0821, -924.1713, 0.0000, 72, 62, 54
L  107.6015, 190.9665, 0.0000, 108.0451, 200.2678, 0.0000, 72, 62, 54
L  478.4587, -255.5949, 0.0000, 477.8910, -244.4851, 0.0000, 72, 62, 54
L  -175.8949, -664.9192, 0.0000, -177.1091, -661.3481, 0.0000, 108, 104, 96
L  -177.1091, -661.3481, 0.0000, -180.0402, -659.8688, 0.0000, 108, 104, 96
L  -180.0402, -659.8688, 0.0000, -182.9714, -661.3481, 0.0000, 108, 104, 96
L  -182.9714, -661.3481, 0.0000, -184.1855, -664.9192, 0.0000, 108, 104, 96
L  -184.1855, -664.9192, 0.0000, -182.9714, -668.4904, 0.0000, 108, 104, 96
L  -182.9714, -668.4904, 0.0000, -180.0402, -669.9696, 0.0000, 108, 104, 96
L  -180.0402, -669.9696, 0.0000, -177.1091, -668.4904, 0.0000, 108, 104, 96
L  -177.1091, -668.4904, 0.0000, -175.8949, -664.9192, 0.0000, 108, 104, 96
L  -180.0402, -659.8688, 0.0000, -180.0402, -646.0645, 0.0000, 108, 104, 96
L  -184.1855, -657.5120, 0.0000, -175.8949, -657.5120, 0.0000, 108, 104, 96
L  -184.1855, -653.8084, 0.0000, -175.8949, -653.8084, 0.0000, 108, 104, 96
L  -184.1855, -650.1048, 0.0000, -175.8949, -650.1048, 0.0000, 108, 104, 96
L  -184.8233, -658.1854, 0.0000, -189.6063, -650.1048, 0.0000, 108, 104, 96
L  -189.6063, -650.1048, 0.0000, -187.6931, -642.0242, 0.0000, 108, 104, 96
L  -175.2572, -658.1854, 0.0000, -169.8364, -652.1249, 0.0000, 108, 104, 96
L  -169.8364, -652.1249, 0.0000, -167.2854, -655.4919, 0.0000, 108, 104, 96
L  -183.8666, -646.0645, 0.0000, -176.2138, -646.0645, 0.0000, 108, 104, 96
L  -182.5912, -646.0645, 0.0000, -186.4176, -636.6372, 0.0000, 108, 104, 96
L  -186.4176, -636.6372, 0.0000, -184.5044, -627.2098, 0.0000, 108, 104, 96
L  -177.4893, -646.0645, 0.0000, -174.3006, -637.3106, 0.0000, 108, 104, 96
L  -174.3006, -637.3106, 0.0000, -170.4741, -628.5566, 0.0000, 108, 104, 96
L  -135.2302, -179.0629, 0.0000, -136.4443, -175.4918, 0.0000, 108, 104, 96
L  -136.4443, -175.4918, 0.0000, -139.3755, -174.0126, 0.0000, 108, 104, 96
L  -139.3755, -174.0126, 0.0000, -142.3067, -175.4918, 0.0000, 108, 104, 96
L  -142.3067, -175.4918, 0.0000, -143.5208, -179.0629, 0.0000, 108, 104, 96
L  -143.5208, -179.0629, 0.0000, -142.3067, -182.6340, 0.0000, 108, 104, 96
L  -142.3067, -182.6340, 0.0000, -139.3755, -184.1133, 0.0000, 108, 104, 96
L  -139.3755, -184.1133, 0.0000, -136.4443, -182.6340, 0.0000, 108, 104, 96
L  -136.4443, -182.6340, 0.0000, -135.2302, -179.0629, 0.0000, 108, 104, 96
L  -139.3755, -174.0126, 0.0000, -139.3755, -160.2082, 0.0000, 108, 104, 96
L  -143.5208, -171.6557, 0.0000, -135.2302, -171.6557, 0.0000, 108, 104, 96
L  -143.5208, -167.9521, 0.0000, -135.2302, -167.9521, 0.0000, 108, 104, 96
L  -143.5208, -164.2485, 0.0000, -135.2302, -164.2485, 0.0000, 108, 104, 96
L  -144.1585, -172.3291, 0.0000, -148.9416, -164.2485, 0.0000, 108, 104, 96
L  -148.9416, -164.2485, 0.0000, -147.0284, -156.1680, 0.0000, 108, 104, 96
L  -134.5925, -172.3291, 0.0000, -129.1717, -166.2687, 0.0000, 108, 104, 96
L  -129.1717, -166.2687, 0.0000, -126.6207, -169.6356, 0.0000, 108, 104, 96
L  -143.2019, -160.2082, 0.0000, -135.5491, -160.2082, 0.0000, 108, 104, 96
L  -141.9265, -160.2082, 0.0000, -145.7529, -150.7809, 0.0000, 108, 104, 96
L  -145.7529, -150.7809, 0.0000, -143.8397, -141.3536, 0.0000, 108, 104, 96
L  -136.8245, -160.2082, 0.0000, -133.6358, -151.4543, 0.0000, 108, 104, 96
L  -133.6358, -151.4543, 0.0000, -129.8094, -142.7003, 0.0000, 108, 104, 96
L  -207.3704, -460.7351, 0.0000, -208.5846, -457.1639, 0.0000, 108, 104, 96
L  -208.5846, -457.1639, 0.0000, -211.5157, -455.6847, 0.0000, 108, 104, 96
L  -211.5157, -455.6847, 0.0000, -214.4469, -457.1639, 0.0000, 108, 104, 96
L  -214.4469, -457.1639, 0.0000, -215.6610, -460.7351, 0.0000, 108, 104, 96
L  -215.6610, -460.7351, 0.0000, -214.4469, -464.3062, 0.0000, 108, 104, 96
L  -214.4469, -464.3062, 0.0000, -211.5157, -465.7854, 0.0000, 108, 104, 96
L  -211.5157, -465.7854, 0.0000, -208.5846, -464.3062, 0.0000, 108, 104, 96
L  -208.5846, -464.3062, 0.0000, -207.3704, -460.7351, 0.0000, 108, 104, 96
L  -211.5157, -455.6847, 0.0000, -211.5157, -441.8804, 0.0000, 108, 104, 96
L  -215.6610, -453.3279, 0.0000, -207.3704, -453.3279, 0.0000, 108, 104, 96
L  -215.6610, -449.6243, 0.0000, -207.3704, -449.6243, 0.0000, 108, 104, 96
L  -215.6610, -445.9207, 0.0000, -207.3704, -445.9207, 0.0000, 108, 104, 96
L  -216.2988, -454.0012, 0.0000, -221.0818, -445.9207, 0.0000, 108, 104, 96
L  -221.0818, -445.9207, 0.0000, -219.1686, -437.8401, 0.0000, 108, 104, 96
L  -206.7327, -454.0012, 0.0000, -201.3119, -447.9408, 0.0000, 108, 104, 96
L  -201.3119, -447.9408, 0.0000, -198.7609, -451.3077, 0.0000, 108, 104, 96
L  -215.3422, -441.8804, 0.0000, -207.6893, -441.8804, 0.0000, 108, 104, 96
L  -214.0667, -441.8804, 0.0000, -217.8931, -432.4530, 0.0000, 108, 104, 96
L  -217.8931, -432.4530, 0.0000, -215.9799, -423.0257, 0.0000, 108, 104, 96
L  -208.9648, -441.8804, 0.0000, -205.7761, -433.1264, 0.0000, 108, 104, 96
L  -205.7761, -433.1264, 0.0000, -201.9496, -424.3725, 0.0000, 108, 104, 96
L  -170.8852, -558.3308, 0.0000, -172.0994, -554.7596, 0.0000, 108, 104, 96
L  -172.0994, -554.7596, 0.0000, -175.0306, -553.2804, 0.0000, 108, 104, 96
L  -175.0306, -553.2804, 0.0000, -177.9618, -554.7596, 0.0000, 108, 104, 96
L  -177.9618, -554.7596, 0.0000, -179.1759, -558.3308, 0.0000, 108, 104, 96
L  -179.1759, -558.3308, 0.0000, -177.9618, -561.9020, 0.0000, 108, 104, 96
L  -177.9618, -561.9020, 0.0000, -175.0306, -563.3811, 0.0000, 108, 104, 96
L  -175.0306, -563.3811, 0.0000, -172.0994, -561.9020, 0.0000, 108, 104, 96
L  -172.0994, -561.9020, 0.0000, -170.8852, -558.3308, 0.0000, 108, 104, 96
L  -175.0306, -553.2804, 0.0000, -175.0306, -539.4761, 0.0000, 108, 104, 96
L  -179.1759, -550.9236, 0.0000, -170.8852, -550.9236, 0.0000, 108, 104, 96
L  -179.1759, -547.2200, 0.0000, -170.8852, -547.2200, 0.0000, 108, 104, 96
L  -179.1759, -543.5164, 0.0000, -170.8852, -543.5164, 0.0000, 108, 104, 96
L  -179.8136, -551.5970, 0.0000, -184.5966, -543.5164, 0.0000, 108, 104, 96
L  -184.5966, -543.5164, 0.0000, -182.6834, -535.4358, 0.0000, 108, 104, 96
L  -170.2475, -551.5970, 0.0000, -164.8267, -545.5365, 0.0000, 108, 104, 96
L  -164.8267, -545.5365, 0.0000, -162.2758, -548.9035, 0.0000, 108, 104, 96
L  -178.8570, -539.4761, 0.0000, -171.2041, -539.4761, 0.0000, 108, 104, 96
L  -177.5815, -539.4761, 0.0000, -181.4079, -530.0488, 0.0000, 108, 104, 96
L  -181.4079, -530.0488, 0.0000, -179.4947, -520.6214, 0.0000, 108, 104, 96
L  -172.4796, -539.4761, 0.0000, -169.2909, -530.7222, 0.0000, 108, 104, 96
L  -169.2909, -530.7222, 0.0000, -165.4645, -521.9682, 0.0000, 108, 104, 96
L  50.4762, -382.0042, 0.0000, 49.2621, -378.4331, 0.0000, 108, 104, 96
L  49.2621, -378.4331, 0.0000, 46.3309, -376.9539, 0.0000, 108, 104, 96
L  46.3309, -376.9539, 0.0000, 43.3997, -378.4331, 0.0000, 108, 104, 96
L  43.3997, -378.4331, 0.0000, 42.1856, -382.0042, 0.0000, 108, 104, 96
L  42.1856, -382.0042, 0.0000, 43.3997, -385.5753, 0.0000, 108, 104, 96
L  43.3997, -385.5753, 0.0000, 46.3309, -387.0546, 0.0000, 108, 104, 96
L  46.3309, -387.0546, 0.0000, 49.2621, -385.5753, 0.0000, 108, 104, 96
L  49.2621, -385.5753, 0.0000, 50.4762, -382.0042, 0.0000, 108, 104, 96
L  46.3309, -376.9539, 0.0000, 46.3309, -363.1495, 0.0000, 108, 104, 96
L  42.1856, -374.5970, 0.0000, 50.4762, -374.5970, 0.0000, 108, 104, 96
L  42.1856, -370.8934, 0.0000, 50.4762, -370.8934, 0.0000, 108, 104, 96
L  42.1856, -367.1898, 0.0000, 50.4762, -367.1898, 0.0000, 108, 104, 96
L  41.5479, -375.2704, 0.0000, 36.7648, -367.1898, 0.0000, 108, 104, 96
L  36.7648, -367.1898, 0.0000, 38.6780, -359.1093, 0.0000, 108, 104, 96
L  51.1140, -375.2704, 0.0000, 56.5347, -369.2100, 0.0000, 108, 104, 96
L  56.5347, -369.2100, 0.0000, 59.0857, -372.5769, 0.0000, 108, 104, 96
L  42.5045, -363.1495, 0.0000, 50.1574, -363.1495, 0.0000, 108, 104, 96
L  43.7800, -363.1495, 0.0000, 39.9535, -353.7222, 0.0000, 108, 104, 96
L  39.9535, -353.7222, 0.0000, 41.8667, -344.2949, 0.0000, 108, 104, 96
L  48.8819, -363.1495, 0.0000, 52.0706, -354.3956, 0.0000, 108, 104, 96
L  52.0706, -354.3956, 0.0000, 55.8970, -345.6416, 0.0000, 108, 104, 96
L  -85.7620, -773.0886, 0.0000, -86.9761, -769.5174, 0.0000, 108, 104, 96
L  -86.9761, -769.5174, 0.0000, -89.9073, -768.0382, 0.0000, 108, 104, 96
L  -89.9073, -768.0382, 0.0000, -92.8385, -769.5174, 0.0000, 108, 104, 96
L  -92.8385, -769.5174, 0.0000, -94.0526, -773.0886, 0.0000, 108, 104, 96
L  -94.0526, -773.0886, 0.0000, -92.8385, -776.6597, 0.0000, 108, 104, 96
L  -92.8385, -776.6597, 0.0000, -89.9073, -778.1389, 0.0000, 108, 104, 96
L  -89.9073, -778.1389, 0.0000, -86.9761, -776.6597, 0.0000, 108, 104, 96
L  -86.9761, -776.6597, 0.0000, -85.7620, -773.0886, 0.0000, 108, 104, 96
L  -89.9073, -768.0382, 0.0000, -89.9073, -754.2339, 0.0000, 108, 104, 96
L  -94.0526, -765.6814, 0.0000, -85.7620, -765.6814, 0.0000, 108, 104, 96
L  -94.0526, -761.9778, 0.0000, -85.7620, -761.9778, 0.0000, 108, 104, 96
L  -94.0526, -758.2742, 0.0000, -85.7620, -758.2742, 0.0000, 108, 104, 96
L  -94.6904, -766.3548, 0.0000, -99.4734, -758.2742, 0.0000, 108, 104, 96
L  -99.4734, -758.2742, 0.0000, -97.5602, -750.1936, 0.0000, 108, 104, 96
L  -85.1243, -766.3548, 0.0000, -79.7035, -760.2943, 0.0000, 108, 104, 96
L  -79.7035, -760.2943, 0.0000, -77.1525, -763.6612, 0.0000, 108, 104, 96
L  -93.7338, -754.2339, 0.0000, -86.0809, -754.2339, 0.0000, 108, 104, 96
L  -92.4583, -754.2339, 0.0000, -96.2847, -744.8066, 0.0000, 108, 104, 96
L  -96.2847, -744.8066, 0.0000, -94.3715, -735.3792, 0.0000, 108, 104, 96
L  -87.3564, -754.2339, 0.0000, -84.1677, -745.4799, 0.0000, 108, 104, 96
L  -84.1677, -745.4799, 0.0000, -80.3412, -736.7260, 0.0000, 108, 104, 96
L  -279.0168, -583.1869, 0.0000, -280.2310, -579.6158, 0.0000, 108, 104, 96
L  -280.2310, -579.6158, 0.0000, -283.1621, -578.1365, 0.0000, 108, 104, 96
L  -283.1621, -578.1365, 0.0000, -286.0933, -579.6158, 0.0000, 108, 104, 96
L  -286.0933, -579.6158, 0.0000, -287.3074, -583.1869, 0.0000, 108, 104, 96
L  -287.3074, -583.1869, 0.0000, -286.0933, -586.7580, 0.0000, 108, 104, 96
L  -286.0933, -586.7580, 0.0000, -283.1621, -588.2372, 0.0000, 108, 104, 96
L  -283.1621, -588.2372, 0.0000, -280.2310, -586.7580, 0.0000, 108, 104, 96
L  -280.2310, -586.7580, 0.0000, -279.0168, -583.1869, 0.0000, 108, 104, 96
L  -283.1621, -578.1365, 0.0000, -283.1621, -564.3322, 0.0000, 108, 104, 96
L  -287.3074, -575.7797, 0.0000, -279.0168, -575.7797, 0.0000, 108, 104, 96
L  -287.3074, -572.0761, 0.0000, -279.0168, -572.0761, 0.0000, 108, 104, 96
L  -287.3074, -568.3725, 0.0000, -279.0168, -568.3725, 0.0000, 108, 104, 96
L  -287.9452, -576.4531, 0.0000, -292.7282, -568.3725, 0.0000, 108, 104, 96
L  -292.7282, -568.3725, 0.0000, -290.8150, -560.2919, 0.0000, 108, 104, 96
L  -278.3791, -576.4531, 0.0000, -272.9583, -570.3926, 0.0000, 108, 104, 96
L  -272.9583, -570.3926, 0.0000, -270.4074, -573.7595, 0.0000, 108, 104, 96
L  -286.9886, -564.3322, 0.0000, -279.3357, -564.3322, 0.0000, 108, 104, 96
L  -285.7131, -564.3322, 0.0000, -289.5395, -554.9048, 0.0000, 108, 104, 96
L  -289.5395, -554.9048, 0.0000, -287.6263, -545.4775, 0.0000, 108, 104, 96
L  -280.6112, -564.3322, 0.0000, -277.4225, -555.5782, 0.0000, 108, 104, 96
L  -277.4225, -555.5782, 0.0000, -273.5960, -546.8243, 0.0000, 108, 104, 96
L  -288.4429, -540.8322, 0.0000, -281.4278, -545.5459, 0.0000, 64, 58, 66
L  -281.4278, -545.5459, 0.0000, -275.6882, -539.4854, 0.0000, 64, 58, 66
L  -275.6882, -539.4854, 0.0000, -272.4995, -542.1790, 0.0000, 64, 58, 66
L  -272.4995, -542.1790, 0.0000, -269.3108, -539.4854, 0.0000, 64, 58, 66
L  -269.3108, -539.4854, 0.0000, -263.5711, -545.5459, 0.0000, 64, 58, 66
L  -263.5711, -545.5459, 0.0000, -256.5560, -540.8322, 0.0000, 64, 58, 66
L  -288.4429, -540.8322, 0.0000, -282.0655, -535.4451, 0.0000, 64, 58, 66
L  -282.0655, -535.4451, 0.0000, -275.0504, -536.7919, 0.0000, 64, 58, 66
L  -256.5560, -540.8322, 0.0000, -262.9334, -535.4451, 0.0000, 64, 58, 66
L  -262.9334, -535.4451, 0.0000, -269.9485, -536.7919, 0.0000, 64, 58, 66
L  -272.4995, -542.1790, 0.0000, -272.4995, -535.4451, 0.0000, 64, 58, 66
L  -235.7693, -392.8371, 0.0000, -228.7541, -397.5508, 0.0000, 64, 58, 66
L  -228.7541, -397.5508, 0.0000, -223.0145, -391.4904, 0.0000, 64, 58, 66
L  -223.0145, -391.4904, 0.0000, -219.8258, -394.1839, 0.0000, 64, 58, 66
L  -219.8258, -394.1839, 0.0000, -216.6371, -391.4904, 0.0000, 64, 58, 66
L  -216.6371, -391.4904, 0.0000, -210.8974, -397.5508, 0.0000, 64, 58, 66
L  -210.8974, -397.5508, 0.0000, -203.8823, -392.8371, 0.0000, 64, 58, 66
L  -235.7693, -392.8371, 0.0000, -229.3919, -387.4501, 0.0000, 64, 58, 66
L  -229.3919, -387.4501, 0.0000, -222.3768, -388.7968, 0.0000, 64, 58, 66
L  -203.8823, -392.8371, 0.0000, -210.2597, -387.4501, 0.0000, 64, 58, 66
L  -210.2597, -387.4501, 0.0000, -217.2748, -388.7968, 0.0000, 64, 58, 66
L  -219.8258, -394.1839, 0.0000, -219.8258, -387.4501, 0.0000, 64, 58, 66
L  84.9729, -774.2471, 0.0000, 91.9881, -778.9608, 0.0000, 64, 58, 66
L  91.9881, -778.9608, 0.0000, 97.7277, -772.9004, 0.0000, 64, 58, 66
L  97.7277, -772.9004, 0.0000, 100.9164, -775.5939, 0.0000, 64, 58, 66
L  100.9164, -775.5939, 0.0000, 104.1051, -772.9004, 0.0000, 64, 58, 66
L  104.1051, -772.9004, 0.0000, 109.8448, -778.9608, 0.0000, 64, 58, 66
L  109.8448, -778.9608, 0.0000, 116.8599, -774.2471, 0.0000, 64, 58, 66
L  84.9729, -774.2471, 0.0000, 91.3503, -768.8601, 0.0000, 64, 58, 66
L  91.3503, -768.8601, 0.0000, 98.3655, -770.2068, 0.0000, 64, 58, 66
L  116.8599, -774.2471, 0.0000, 110.4825, -768.8601, 0.0000, 64, 58, 66
L  110.4825, -768.8601, 0.0000, 103.4674, -770.2068, 0.0000, 64, 58, 66
L  100.9164, -775.5939, 0.0000, 100.9164, -768.8601, 0.0000, 64, 58, 66
L  -281.1468, -636.4282, 0.0000, -274.1316, -641.1419, 0.0000, 64, 58, 66
L  -274.1316, -641.1419, 0.0000, -268.3920, -635.0814, 0.0000, 64, 58, 66
L  -268.3920, -635.0814, 0.0000, -265.2033, -637.7750, 0.0000, 64, 58, 66
L  -265.2033, -637.7750, 0.0000, -262.0146, -635.0814, 0.0000, 64, 58, 66
L  -262.0146, -635.0814, 0.0000, -256.2749, -641.1419, 0.0000, 64, 58, 66
L  -256.2749, -641.1419, 0.0000, -249.2598, -636.4282, 0.0000, 64, 58, 66
L  -281.1468, -636.4282, 0.0000, -274.7694, -631.0412, 0.0000, 64, 58, 66
L  -274.7694, -631.0412, 0.0000, -267.7542, -632.3879, 0.0000, 64, 58, 66
L  -249.2598, -636.4282, 0.0000, -255.6372, -631.0412, 0.0000, 64, 58, 66
L  -255.6372, -631.0412, 0.0000, -262.6523, -632.3879, 0.0000, 64, 58, 66
L  -265.2033, -637.7750, 0.0000, -265.2033, -631.0412, 0.0000, 64, 58, 66
L  -281.0907, -102.3165, 0.0000, -274.0755, -107.0302, 0.0000, 64, 58, 66
L  -274.0755, -107.0302, 0.0000, -268.3359, -100.9698, 0.0000, 64, 58, 66
L  -268.3359, -100.9698, 0.0000, -265.1472, -103.6633, 0.0000, 64, 58, 66
L  -265.1472, -103.6633, 0.0000, -261.9585, -100.9698, 0.0000, 64, 58, 66
L  -261.9585, -100.9698, 0.0000, -256.2188, -107.0302, 0.0000, 64, 58, 66
L  -256.2188, -107.0302, 0.0000, -249.2037, -102.3165, 0.0000, 64, 58, 66
L  -281.0907, -102.3165, 0.0000, -274.7133, -96.9295, 0.0000, 64, 58, 66
L  -274.7133, -96.9295, 0.0000, -267.6981, -98.2762, 0.0000, 64, 58, 66
L  -249.2037, -102.3165, 0.0000, -255.5811, -96.9295, 0.0000, 64, 58, 66
L  -255.5811, -96.9295, 0.0000, -262.5962, -98.2762, 0.0000, 64, 58, 66
L  -265.1472, -103.6633, 0.0000, -265.1472, -96.9295, 0.0000, 64, 58, 66
L -284.4729, -1053.9444, 0.0000, -316.6100, -1053.9444, 0.0000, 72, 62, 54
L -316.6100, -1053.9444, 0.0000, -316.6100, -1005.2518, 0.0000, 72, 62, 54
L -316.6100, -1005.2518, 0.0000, -284.4729, -1005.2518, 0.0000, 72, 62, 54
L -316.6100, -1029.5981, 0.0000, -294.1140, -1029.5981, 0.0000, 72, 62, 54
L -244.4007, -1046.6405, 0.0000, -250.8281, -1053.9444, 0.0000, 72, 62, 54
L -250.8281, -1053.9444, 0.0000, -270.1104, -1053.9444, 0.0000, 72, 62, 54
L -270.1104, -1053.9444, 0.0000, -276.5378, -1045.1797, 0.0000, 72, 62, 54
L -276.5378, -1045.1797, 0.0000, -276.5378, -1034.4674, 0.0000, 72, 62, 54
L -276.5378, -1034.4674, 0.0000, -270.1104, -1029.5981, 0.0000, 72, 62, 54
L -270.1104, -1029.5981, 0.0000, -250.8281, -1029.5981, 0.0000, 72, 62, 54
L -250.8281, -1029.5981, 0.0000, -244.4007, -1023.7550, 0.0000, 72, 62, 54
L -244.4007, -1023.7550, 0.0000, -244.4007, -1013.0426, 0.0000, 72, 62, 54
L -244.4007, -1013.0426, 0.0000, -250.8281, -1005.2518, 0.0000, 72, 62, 54
L -250.8281, -1005.2518, 0.0000, -270.1104, -1005.2518, 0.0000, 72, 62, 54
L -270.1104, -1005.2518, 0.0000, -276.5378, -1013.0426, 0.0000, 72, 62, 54
L -236.4656, -1053.9444, 0.0000, -204.3285, -1053.9444, 0.0000, 72, 62, 54
L -220.3971, -1053.9444, 0.0000, -220.3971, -1005.2518, 0.0000, 72, 62, 54
L -196.3934, -1005.2518, 0.0000, -180.3249, -1053.9444, 0.0000, 72, 62, 54
L -180.3249, -1053.9444, 0.0000, -164.2563, -1005.2518, 0.0000, 72, 62, 54
L -188.3591, -1024.7288, 0.0000, -172.2906, -1024.7288, 0.0000, 72, 62, 54
L -156.3212, -1053.9444, 0.0000, -124.1841, -1053.9444, 0.0000, 72, 62, 54
L -140.2527, -1053.9444, 0.0000, -140.2527, -1005.2518, 0.0000, 72, 62, 54
L -84.1119, -1053.9444, 0.0000, -116.2490, -1053.9444, 0.0000, 72, 62, 54
L -116.2490, -1053.9444, 0.0000, -116.2490, -1005.2518, 0.0000, 72, 62, 54
L -116.2490, -1005.2518, 0.0000, -84.1119, -1005.2518, 0.0000, 72, 62, 54
L -116.2490, -1029.5981, 0.0000, -93.7531, -1029.5981, 0.0000, 72, 62, 54
L -28.0704, -1005.2518, 0.0000, -12.0018, -1005.2518, 0.0000, 72, 62, 54
L -12.0018, -1005.2518, 0.0000, -3.9675, -1019.8596, 0.0000, 72, 62, 54
L -3.9675, -1019.8596, 0.0000, -3.9675, -1039.3366, 0.0000, 72, 62, 54
L -3.9675, -1039.3366, 0.0000, -12.0018, -1053.9444, 0.0000, 72, 62, 54
L -12.0018, -1053.9444, 0.0000, -28.0704, -1053.9444, 0.0000, 72, 62, 54
L -28.0704, -1053.9444, 0.0000, -36.1046, -1039.3366, 0.0000, 72, 62, 54
L -36.1046, -1039.3366, 0.0000, -36.1046, -1019.8596, 0.0000, 72, 62, 54
L -36.1046, -1019.8596, 0.0000, -28.0704, -1005.2518, 0.0000, 72, 62, 54
L 3.9675, -1005.2518, 0.0000, 3.9675, -1053.9444, 0.0000, 72, 62, 54
L 3.9675, -1053.9444, 0.0000, 36.1046, -1053.9444, 0.0000, 72, 62, 54
L 3.9675, -1032.0327, 0.0000, 26.4635, -1032.0327, 0.0000, 72, 62, 54
L 84.1119, -1053.9444, 0.0000, 84.1119, -1014.9903, 0.0000, 72, 62, 54
L 84.1119, -1014.9903, 0.0000, 90.5394, -1005.2518, 0.0000, 72, 62, 54
L 90.5394, -1005.2518, 0.0000, 109.8216, -1005.2518, 0.0000, 72, 62, 54
L 109.8216, -1005.2518, 0.0000, 116.2490, -1014.9903, 0.0000, 72, 62, 54
L 116.2490, -1014.9903, 0.0000, 116.2490, -1053.9444, 0.0000, 72, 62, 54
L 124.1841, -1005.2518, 0.0000, 124.1841, -1053.9444, 0.0000, 72, 62, 54
L 124.1841, -1053.9444, 0.0000, 156.3212, -1005.2518, 0.0000, 72, 62, 54
L 156.3212, -1005.2518, 0.0000, 156.3212, -1053.9444, 0.0000, 72, 62, 54
L 164.2563, -1005.2518, 0.0000, 164.2563, -1053.9444, 0.0000, 72, 62, 54
L 164.2563, -1053.9444, 0.0000, 186.7523, -1053.9444, 0.0000, 72, 62, 54
L 186.7523, -1053.9444, 0.0000, 194.7866, -1044.2059, 0.0000, 72, 62, 54
L 194.7866, -1044.2059, 0.0000, 186.7523, -1032.0327, 0.0000, 72, 62, 54
L 186.7523, -1032.0327, 0.0000, 164.2563, -1032.0327, 0.0000, 72, 62, 54
L 175.5043, -1032.0327, 0.0000, 196.3934, -1005.2518, 0.0000, 72, 62, 54
L 236.4656, -1053.9444, 0.0000, 204.3285, -1053.9444, 0.0000, 72, 62, 54
L 204.3285, -1053.9444, 0.0000, 204.3285, -1005.2518, 0.0000, 72, 62, 54
L 204.3285, -1005.2518, 0.0000, 236.4656, -1005.2518, 0.0000, 72, 62, 54
L 204.3285, -1029.5981, 0.0000, 226.8245, -1029.5981, 0.0000, 72, 62, 54
L 276.5378, -1046.6405, 0.0000, 270.1104, -1053.9444, 0.0000, 72, 62, 54
L 270.1104, -1053.9444, 0.0000, 250.8281, -1053.9444, 0.0000, 72, 62, 54
L 250.8281, -1053.9444, 0.0000, 244.4007, -1045.1797, 0.0000, 72, 62, 54
L 244.4007, -1045.1797, 0.0000, 244.4007, -1034.4674, 0.0000, 72, 62, 54
L 244.4007, -1034.4674, 0.0000, 250.8281, -1029.5981, 0.0000, 72, 62, 54
L 250.8281, -1029.5981, 0.0000, 270.1104, -1029.5981, 0.0000, 72, 62, 54
L 270.1104, -1029.5981, 0.0000, 276.5378, -1023.7550, 0.0000, 72, 62, 54
L 276.5378, -1023.7550, 0.0000, 276.5378, -1013.0426, 0.0000, 72, 62, 54
L 276.5378, -1013.0426, 0.0000, 270.1104, -1005.2518, 0.0000, 72, 62, 54
L 270.1104, -1005.2518, 0.0000, 250.8281, -1005.2518, 0.0000, 72, 62, 54
L 250.8281, -1005.2518, 0.0000, 244.4007, -1013.0426, 0.0000, 72, 62, 54
L 284.4729, -1053.9444, 0.0000, 316.6100, -1053.9444, 0.0000, 72, 62, 54
L 300.5414, -1053.9444, 0.0000, 300.5414, -1005.2518, 0.0000, 72, 62, 54
