L 2.9331, -511.7571, -1.0000, 387.9407, -511.7571, -1.0000, 188, 180, 160
L 2.9331, -506.0953, -1.0000, 387.9407, -506.0953, -1.0000, 198, 190, 170
L 2.9331, -500.4334, -1.0000, 387.9407, -500.4334, -1.0000, 188, 180, 160
L 2.9331, -494.7715, -1.0000, 387.9407, -494.7715, -1.0000, 198, 190, 170
L 433.2357, -494.7715, -1.0000, 450.2213, -494.7715, -1.0000, 198, 190, 170
L 2.9331, -489.1096, -1.0000, 387.9407, -489.1096, -1.0000, 188, 180, 160
L 404.9263, -489.1096, -1.0000, 455.8832, -489.1096, -1.0000, 188, 180, 160
L 2.9331, -483.4478, -1.0000, 387.9407, -483.4478, -1.0000, 198, 190, 170
L 399.2644, -483.4478, -1.0000, 461.5450, -483.4478, -1.0000, 198, 190, 170
L 2.9331, -477.7859, -1.0000, 387.9407, -477.7859, -1.0000, 188, 180, 160
L 393.6025, -477.7859, -1.0000, 467.2069, -477.7859, -1.0000, 188, 180, 160
L 8.5950, -472.1240, -1.0000, 472.8688, -472.1240, -1.0000, 198, 190, 170
L 14.2569, -466.4621, -1.0000, 472.8688, -466.4621, -1.0000, 188, 180, 160
L 14.2569, -460.8003, -1.0000, 472.8688, -460.8003, -1.0000, 198, 190, 170
L 8.5950, -455.1384, -1.0000, 472.8688, -455.1384, -1.0000, 188, 180, 160
L 2.9331, -449.4765, -1.0000, 303.0125, -449.4765, -1.0000, 198, 190, 170
L 325.6600, -449.4765, -1.0000, 472.8688, -449.4765, -1.0000, 198, 190, 170
L 2.9331, -443.8146, -1.0000, 297.3507, -443.8146, -1.0000, 188, 180, 160
L 331.3219, -443.8146, -1.0000, 467.2069, -443.8146, -1.0000, 188, 180, 160
L 2.9331, -438.1528, -1.0000, 291.6888, -438.1528, -1.0000, 198, 190, 170
L 336.9838, -438.1528, -1.0000, 461.5450, -438.1528, -1.0000, 198, 190, 170
L 2.9331, -432.4909, -1.0000, 286.0269, -432.4909, -1.0000, 188, 180, 160
L 342.6457, -432.4909, -1.0000, 461.5450, -432.4909, -1.0000, 188, 180, 160
L -919.9525, -426.8290, -1.0000, 286.0269, -426.8290, -1.0000, 198, 190, 170
L 348.3075, -426.8290, -1.0000, 467.2069, -426.8290, -1.0000, 198, 190, 170
L -919.9525, -421.1671, -1.0000, 280.3650, -421.1671, -1.0000, 188, 180, 160
L 348.3075, -421.1671, -1.0000, 472.8688, -421.1671, -1.0000, 188, 180, 160
L -42.3619, -415.5053, -1.0000, 280.3650, -415.5053, -1.0000, 198, 190, 170
L 348.3075, -415.5053, -1.0000, 506.8400, -415.5053, -1.0000, 198, 190, 170
L 557.7969, -415.5053, -1.0000, 603.0919, -415.5053, -1.0000, 198, 190, 170
L -36.7000, -409.8434, -1.0000, 280.3650, -409.8434, -1.0000, 188, 180, 160
L 348.3075, -409.8434, -1.0000, 518.1638, -409.8434, -1.0000, 188, 180, 160
L 552.1350, -409.8434, -1.0000, 614.4157, -409.8434, -1.0000, 188, 180, 160
L -31.0381, -404.1815, -1.0000, 286.0269, -404.1815, -1.0000, 198, 190, 170
L 348.3075, -404.1815, -1.0000, 523.8257, -404.1815, -1.0000, 198, 190, 170
L 546.4732, -404.1815, -1.0000, 620.0775, -404.1815, -1.0000, 198, 190, 170
L -31.0381, -398.5196, -1.0000, 286.0269, -398.5196, -1.0000, 188, 180, 160
L 342.6457, -398.5196, -1.0000, 625.7394, -398.5196, -1.0000, 188, 180, 160
L -31.0381, -392.8578, -1.0000, 291.6888, -392.8578, -1.0000, 198, 190, 170
L 336.9838, -392.8578, -1.0000, 625.7394, -392.8578, -1.0000, 198, 190, 170
L -31.0381, -387.1959, -1.0000, 297.3507, -387.1959, -1.0000, 188, 180, 160
L 331.3219, -387.1959, -1.0000, 523.8257, -387.1959, -1.0000, 188, 180, 160
L 540.8113, -387.1959, -1.0000, 625.7394, -387.1959, -1.0000, 188, 180, 160
L -25.3762, -381.5340, -1.0000, 303.0125, -381.5340, -1.0000, 198, 190, 170
L 325.6600, -381.5340, -1.0000, 518.1638, -381.5340, -1.0000, 198, 190, 170
L 546.4732, -381.5340, -1.0000, 625.7394, -381.5340, -1.0000, 198, 190, 170
L -31.0381, -375.8721, -1.0000, 512.5019, -375.8721, -1.0000, 188, 180, 160
L 552.1350, -375.8721, -1.0000, 625.7394, -375.8721, -1.0000, 188, 180, 160
L -31.0381, -370.2103, -1.0000, 512.5019, -370.2103, -1.0000, 198, 190, 170
L 552.1350, -370.2103, -1.0000, 625.7394, -370.2103, -1.0000, 198, 190, 170
L -36.7000, -364.5484, -1.0000, 512.5019, -364.5484, -1.0000, 188, 180, 160
L 552.1350, -364.5484, -1.0000, 625.7394, -364.5484, -1.0000, 188, 180, 160
L -36.7000, -358.8865, -1.0000, 512.5019, -358.8865, -1.0000, 198, 190, 170
L 552.1350, -358.8865, -1.0000, 625.7394, -358.8865, -1.0000, 198, 190, 170
L -36.7000, -353.2246, -1.0000, 512.5019, -353.2246, -1.0000, 188, 180, 160
L 552.1350, -353.2246, -1.0000, 625.7394, -353.2246, -1.0000, 188, 180, 160
L -42.3619, -347.5628, -1.0000, 512.5019, -347.5628, -1.0000, 198, 190, 170
L 552.1350, -347.5628, -1.0000, 625.7394, -347.5628, -1.0000, 198, 190, 170
L -42.3619, -341.9009, -1.0000, 512.5019, -341.9009, -1.0000, 188, 180, 160
L 552.1350, -341.9009, -1.0000, 625.7394, -341.9009, -1.0000, 188, 180, 160
L -42.3619, -336.2390, -1.0000, 512.5019, -336.2390, -1.0000, 198, 190, 170
L 552.1350, -336.2390, -1.0000, 625.7394, -336.2390, -1.0000, 198, 190, 170
L -48.0237, -330.5771, -1.0000, 512.5019, -330.5771, -1.0000, 188, 180, 160
L 552.1350, -330.5771, -1.0000, 625.7394, -330.5771, -1.0000, 188, 180, 160
L -48.0237, -324.9153, -1.0000, 512.5019, -324.9153, -1.0000, 198, 190, 170
L 552.1350, -324.9153, -1.0000, 625.7394, -324.9153, -1.0000, 198, 190, 170
L -53.6856, -319.2534, -1.0000, 512.5019, -319.2534, -1.0000, 188, 180, 160
L 552.1350, -319.2534, -1.0000, 625.7394, -319.2534, -1.0000, 188, 180, 160
L -53.6856, -313.5915, -1.0000, 512.5019, -313.5915, -1.0000, 198, 190, 170
L 552.1350, -313.5915, -1.0000, 625.7394, -313.5915, -1.0000, 198, 190, 170
L -53.6856, -307.9296, -1.0000, 512.5019, -307.9296, -1.0000, 188, 180, 160
L 552.1350, -307.9296, -1.0000, 625.7394, -307.9296, -1.0000, 188, 180, 160
L -53.6856, -302.2678, -1.0000, 512.5019, -302.2678, -1.0000, 198, 190, 170
L 552.1350, -302.2678, -1.0000, 625.7394, -302.2678, -1.0000, 198, 190, 170
L -53.6856, -296.6059, -1.0000, 512.5019, -296.6059, -1.0000, 188, 180, 160
L 552.1350, -296.6059, -1.0000, 625.7394, -296.6059, -1.0000, 188, 180, 160
L -48.0237, -290.9440, -1.0000, 512.5019, -290.9440, -1.0000, 198, 190, 170
L 552.1350, -290.9440, -1.0000, 625.7394, -290.9440, -1.0000, 198, 190, 170
L -48.0237, -285.2821, -1.0000, 512.5019, -285.2821, -1.0000, 188, 180, 160
L 552.1350, -285.2821, -1.0000, 625.7394, -285.2821, -1.0000, 188, 180, 160
L -48.0237, -279.6203, -1.0000, 512.5019, -279.6203, -1.0000, 198, 190, 170
L 557.7969, -279.6203, -1.0000, 625.7394, -279.6203, -1.0000, 198, 190, 170
L -42.3619, -273.9584, -1.0000, 512.5019, -273.9584, -1.0000, 188, 180, 160
L 557.7969, -273.9584, -1.0000, 625.7394, -273.9584, -1.0000, 188, 180, 160
L -42.3619, -268.2965, -1.0000, 512.5019, -268.2965, -1.0000, 198, 190, 170
L 557.7969, -268.2965, -1.0000, 625.7394, -268.2965, -1.0000, 198, 190, 170
L -42.3619, -262.6346, -1.0000, 518.1638, -262.6346, -1.0000, 188, 180, 160
L 552.1350, -262.6346, -1.0000, 563.4588, -262.6346, -1.0000, 188, 180, 160
L 574.7825, -262.6346, -1.0000, 625.7394, -262.6346, -1.0000, 188, 180, 160
L -42.3619, -256.9728, -1.0000, 467.2069, -256.9728, -1.0000, 198, 190, 170
L 512.5019, -256.9728, -1.0000, 523.8257, -256.9728, -1.0000, 198, 190, 170
L 546.4732, -256.9728, -1.0000, 557.7969, -256.9728, -1.0000, 198, 190, 170
L -36.7000, -251.3109, -1.0000, 467.2069, -251.3109, -1.0000, 188, 180, 160
L 518.1638, -251.3109, -1.0000, 552.1350, -251.3109, -1.0000, 188, 180, 160
L -36.7000, -245.6490, -1.0000, 472.8688, -245.6490, -1.0000, 198, 190, 170
L 523.8257, -245.6490, -1.0000, 546.4732, -245.6490, -1.0000, 198, 190, 170
L -36.7000, -239.9871, -1.0000, 387.9407, -239.9871, -1.0000, 188, 180, 160
L 393.6025, -239.9871, -1.0000, 478.5307, -239.9871, -1.0000, 188, 180, 160
L -36.7000, -234.3253, -1.0000, 382.2788, -234.3253, -1.0000, 198, 190, 170
L 399.2644, -234.3253, -1.0000, 495.5163, -234.3253, -1.0000, 198, 190, 170
L -31.0381, -228.6634, -1.0000, 376.6169, -228.6634, -1.0000, 188, 180, 160
L 404.9263, -228.6634, -1.0000, 501.1782, -228.6634, -1.0000, 188, 180, 160
L -31.0381, -223.0015, -1.0000, 370.9550, -223.0015, -1.0000, 198, 190, 170
L 410.5882, -223.0015, -1.0000, 478.5307, -223.0015, -1.0000, 198, 190, 170
L 495.5163, -223.0015, -1.0000, 506.8400, -223.0015, -1.0000, 198, 190, 170
L -31.0381, -217.3396, -1.0000, 370.9550, -217.3396, -1.0000, 188, 180, 160
L 416.2500, -217.3396, -1.0000, 455.8832, -217.3396, -1.0000, 188, 180, 160
L 501.1782, -217.3396, -1.0000, 512.5019, -217.3396, -1.0000, 188, 180, 160
L -25.3762, -211.6778, -1.0000, 365.2932, -211.6778, -1.0000, 198, 190, 170
L 506.8400, -211.6778, -1.0000, 518.1638, -211.6778, -1.0000, 198, 190, 170
L -31.0381, -206.0159, -1.0000, 365.2932, -206.0159, -1.0000, 188, 180, 160
L 512.5019, -206.0159, -1.0000, 523.8257, -206.0159, -1.0000, 188, 180, 160
L -31.0381, -200.3540, -1.0000, 365.2932, -200.3540, -1.0000, 198, 190, 170
L 512.5019, -200.3540, -1.0000, 523.8257, -200.3540, -1.0000, 198, 190, 170
L -31.0381, -194.6921, -1.0000, 365.2932, -194.6921, -1.0000, 188, 180, 160
L 518.1638, -194.6921, -1.0000, 625.7394, -194.6921, -1.0000, 188, 180, 160
L -36.7000, -189.0303, -1.0000, 365.2932, -189.0303, -1.0000, 198, 190, 170
L 518.1638, -189.0303, -1.0000, 625.7394, -189.0303, -1.0000, 198, 190, 170
L -36.7000, -183.3684, -1.0000, 365.2932, -183.3684, -1.0000, 188, 180, 160
L 523.8257, -183.3684, -1.0000, 625.7394, -183.3684, -1.0000, 188, 180, 160
L -42.3619, -177.7065, -1.0000, 365.2932, -177.7065, -1.0000, 198, 190, 170
L 518.1638, -177.7065, -1.0000, 625.7394, -177.7065, -1.0000, 198, 190, 170
L -42.3619, -172.0446, -1.0000, 365.2932, -172.0446, -1.0000, 188, 180, 160
L 518.1638, -172.0446, -1.0000, 625.7394, -172.0446, -1.0000, 188, 180, 160
L -48.0237, -166.3828, -1.0000, 370.9550, -166.3828, -1.0000, 198, 190, 170
L 518.1638, -166.3828, -1.0000, 625.7394, -166.3828, -1.0000, 198, 190, 170
L -48.0237, -160.7209, -1.0000, 376.6169, -160.7209, -1.0000, 188, 180, 160
L 512.5019, -160.7209, -1.0000, 625.7394, -160.7209, -1.0000, 188, 180, 160
L -53.6856, -155.0590, -1.0000, 382.2788, -155.0590, -1.0000, 198, 190, 170
L 421.9119, -155.0590, -1.0000, 438.8975, -155.0590, -1.0000, 198, 190, 170
L 512.5019, -155.0590, -1.0000, 625.7394, -155.0590, -1.0000, 198, 190, 170
L -53.6856, -149.3971, -1.0000, 393.6025, -149.3971, -1.0000, 188, 180, 160
L 416.2500, -149.3971, -1.0000, 444.5594, -149.3971, -1.0000, 188, 180, 160
L 506.8400, -149.3971, -1.0000, 625.7394, -149.3971, -1.0000, 188, 180, 160
L -59.3475, -143.7352, -1.0000, 404.9263, -143.7352, -1.0000, 198, 190, 170
L 410.5882, -143.7352, -1.0000, 450.2213, -143.7352, -1.0000, 198, 190, 170
L 501.1782, -143.7352, -1.0000, 625.7394, -143.7352, -1.0000, 198, 190, 170
L -65.0094, -138.0734, -1.0000, 467.2069, -138.0734, -1.0000, 188, 180, 160
L 484.1925, -138.0734, -1.0000, 625.7394, -138.0734, -1.0000, 188, 180, 160
L -65.0094, -132.4115, -1.0000, 625.7394, -132.4115, -1.0000, 198, 190, 170
L -70.6712, -126.7496, -1.0000, 625.7394, -126.7496, -1.0000, 188, 180, 160
L -76.3331, -121.0877, -1.0000, 625.7394, -121.0877, -1.0000, 198, 190, 170
L -81.9950, -115.4259, -1.0000, 625.7394, -115.4259, -1.0000, 188, 180, 160
L -81.9950, -109.7640, -1.0000, 625.7394, -109.7640, -1.0000, 198, 190, 170
L -76.3331, -104.1021, -1.0000, 625.7394, -104.1021, -1.0000, 188, 180, 160
L -70.6712, -98.4402, -1.0000, 625.7394, -98.4402, -1.0000, 198, 190, 170
L -65.0094, -92.7784, -1.0000, 625.7394, -92.7784, -1.0000, 188, 180, 160
L -59.3475, -87.1165, -1.0000, 625.7394, -87.1165, -1.0000, 198, 190, 170
L -53.6856, -81.4546, -1.0000, 625.7394, -81.4546, -1.0000, 188, 180, 160
L -53.6856, -75.7927, -1.0000, 625.7394, -75.7927, -1.0000, 198, 190, 170
L -48.0237, -70.1309, -1.0000, 625.7394, -70.1309, -1.0000, 188, 180, 160
L -42.3619, -64.4690, -1.0000, 625.7394, -64.4690, -1.0000, 198, 190, 170
L -42.3619, -58.8071, -1.0000, 625.7394, -58.8071, -1.0000, 188, 180, 160
L -42.3619, -53.1452, -1.0000, 625.7394, -53.1452, -1.0000, 198, 190, 170
L -42.3619, -47.4834, -1.0000, 625.7394, -47.4834, -1.0000, 188, 180, 160
L -42.3619, -41.8215, -1.0000, 625.7394, -41.8215, -1.0000, 198, 190, 170
L -48.0237, -36.1596, -1.0000, 625.7394, -36.1596, -1.0000, 188, 180, 160
L -48.0237, -30.4977, -1.0000, 625.7394, -30.4977, -1.0000, 198, 190, 170
L -48.0237, -24.8359, -1.0000, 625.7394, -24.8359, -1.0000, 188, 180, 160
L -48.0237, -19.1740, -1.0000, 625.7394, -19.1740, -1.0000, 198, 190, 170
L -48.0237, -13.5121, -1.0000, 625.7394, -13.5121, -1.0000, 188, 180, 160
L -48.0237, -7.8502, -1.0000, 625.7394, -7.8502, -1.0000, 198, 190, 170
L -53.6856, -2.1884, -1.0000, 625.7394, -2.1884, -1.0000, 188, 180, 160
L -53.6856, 3.4735, -1.0000, 625.7394, 3.4735, -1.0000, 198, 190, 170
L -53.6856, 9.1354, -1.0000, 625.7394, 9.1354, -1.0000, 188, 180, 160
L -53.6856, 14.7973, -1.0000, 625.7394, 14.7973, -1.0000, 198, 190, 170
L -53.6856, 20.4591, -1.0000, 625.7394, 20.4591, -1.0000, 188, 180, 160
L -53.6856, 26.1210, -1.0000, 625.7394, 26.1210, -1.0000, 198, 190, 170
L -59.3475, 31.7829, -1.0000, 625.7394, 31.7829, -1.0000, 188, 180, 160
L -59.3475, 37.4448, -1.0000, 625.7394, 37.4448, -1.0000, 198, 190, 170
L -59.3475, 43.1066, -1.0000, 625.7394, 43.1066, -1.0000, 188, 180, 160
L -65.0094, 48.7685, -1.0000, 625.7394, 48.7685, -1.0000, 198, 190, 170
L -65.0094, 54.4304, -1.0000, 625.7394, 54.4304, -1.0000, 188, 180, 160
L -70.6712, 60.0923, -1.0000, 625.7394, 60.0923, -1.0000, 198, 190, 170
L -70.6712, 65.7541, -1.0000, 625.7394, 65.7541, -1.0000, 188, 180, 160
L -76.3331, 71.4160, -1.0000, 625.7394, 71.4160, -1.0000, 198, 190, 170
L -81.9950, 77.0779, -1.0000, 620.0775, 77.0779, -1.0000, 188, 180, 160
L -81.9950, 82.7398, -1.0000, 620.0775, 82.7398, -1.0000, 198, 190, 170
L -76.3331, 88.4016, -1.0000, 614.4157, 88.4016, -1.0000, 188, 180, 160
L -70.6712, 94.0635, -1.0000, 608.7538, 94.0635, -1.0000, 198, 190, 170
L -65.0094, 99.7254, -1.0000, 603.0919, 99.7254, -1.0000, 188, 180, 160
L -59.3475, 105.3873, -1.0000, 597.4300, 105.3873, -1.0000, 198, 190, 170
L -53.6856, 111.0491, -1.0000, 591.7682, 111.0491, -1.0000, 188, 180, 160
L -48.0237, 116.7110, -1.0000, 608.7538, 116.7110, -1.0000, 198, 190, 170
L -42.3619, 122.3729, -1.0000, 614.4157, 122.3729, -1.0000, 188, 180, 160
L -36.7000, 128.0348, -1.0000, 620.0775, 128.0348, -1.0000, 198, 190, 170
L -31.0381, 133.6966, -1.0000, 625.7394, 133.6966, -1.0000, 188, 180, 160
L -25.3762, 139.3585, -1.0000, 625.7394, 139.3585, -1.0000, 198, 190, 170
L -25.3762, 145.0204, -1.0000, 427.5738, 145.0204, -1.0000, 188, 180, 160
L 450.2213, 145.0204, -1.0000, 625.7394, 145.0204, -1.0000, 188, 180, 160
L -19.7144, 150.6823, -1.0000, 421.9119, 150.6823, -1.0000, 198, 190, 170
L 455.8832, 150.6823, -1.0000, 625.7394, 150.6823, -1.0000, 198, 190, 170
L -19.7144, 156.3441, -1.0000, 416.2500, 156.3441, -1.0000, 188, 180, 160
L 461.5450, 156.3441, -1.0000, 625.7394, 156.3441, -1.0000, 188, 180, 160
L -19.7144, 162.0060, -1.0000, 416.2500, 162.0060, -1.0000, 198, 190, 170
L 461.5450, 162.0060, -1.0000, 625.7394, 162.0060, -1.0000, 198, 190, 170
L -19.7144, 167.6679, -1.0000, 421.9119, 167.6679, -1.0000, 188, 180, 160
L 455.8832, 167.6679, -1.0000, 625.7394, 167.6679, -1.0000, 188, 180, 160
L -14.0525, 173.3298, -1.0000, 427.5738, 173.3298, -1.0000, 198, 190, 170
L 450.2213, 173.3298, -1.0000, 625.7394, 173.3298, -1.0000, 198, 190, 170
L -14.0525, 178.9916, -1.0000, 433.2357, 178.9916, -1.0000, 188, 180, 160
L 444.5594, 178.9916, -1.0000, 625.7394, 178.9916, -1.0000, 188, 180, 160
L -14.0525, 184.6535, -1.0000, 620.0775, 184.6535, -1.0000, 198, 190, 170
L -14.0525, 190.3154, -1.0000, 614.4157, 190.3154, -1.0000, 188, 180, 160
L -14.0525, 195.9773, -1.0000, 608.7538, 195.9773, -1.0000, 198, 190, 170
L -14.0525, 201.6391, -1.0000, 603.0919, 201.6391, -1.0000, 188, 180, 160
L -14.0525, 207.3010, -1.0000, 597.4300, 207.3010, -1.0000, 198, 190, 170
L -14.0525, 212.9629, -1.0000, 597.4300, 212.9629, -1.0000, 188, 180, 160
L -14.0525, 218.6248, -1.0000, 597.4300, 218.6248, -1.0000, 198, 190, 170
L -14.0525, 224.2866, -1.0000, 591.7682, 224.2866, -1.0000, 188, 180, 160
L -14.0525, 229.9485, -1.0000, 586.1063, 229.9485, -1.0000, 198, 190, 170
L -14.0525, 235.6104, -1.0000, 580.4444, 235.6104, -1.0000, 188, 180, 160
L -14.0525, 241.2723, -1.0000, 348.3075, 241.2723, -1.0000, 198, 190, 170
L 353.9694, 241.2723, -1.0000, 574.7825, 241.2723, -1.0000, 198, 190, 170
L -19.7144, 246.9341, -1.0000, 348.3075, 246.9341, -1.0000, 188, 180, 160
L 393.6025, 246.9341, -1.0000, 569.1207, 246.9341, -1.0000, 188, 180, 160
L -25.3762, 252.5960, -1.0000, 348.3075, 252.5960, -1.0000, 198, 190, 170
L 393.6025, 252.5960, -1.0000, 569.1207, 252.5960, -1.0000, 198, 190, 170
L -25.3762, 258.2579, -1.0000, 348.3075, 258.2579, -1.0000, 188, 180, 160
L 393.6025, 258.2579, -1.0000, 569.1207, 258.2579, -1.0000, 188, 180, 160
L -25.3762, 263.9198, -1.0000, 348.3075, 263.9198, -1.0000, 198, 190, 170
L 393.6025, 263.9198, -1.0000, 569.1207, 263.9198, -1.0000, 198, 190, 170
L -31.0381, 269.5817, -1.0000, 348.3075, 269.5817, -1.0000, 188, 180, 160
L 393.6025, 269.5817, -1.0000, 569.1207, 269.5817, -1.0000, 188, 180, 160
L -36.7000, 275.2435, -1.0000, 348.3075, 275.2435, -1.0000, 198, 190, 170
L 393.6025, 275.2435, -1.0000, 569.1207, 275.2435, -1.0000, 198, 190, 170
L -36.7000, 280.9054, -1.0000, 348.3075, 280.9054, -1.0000, 188, 180, 160
L 399.2644, 280.9054, -1.0000, 569.1207, 280.9054, -1.0000, 188, 180, 160
L -42.3619, 286.5673, -1.0000, 348.3075, 286.5673, -1.0000, 198, 190, 170
L 404.9263, 286.5673, -1.0000, 569.1207, 286.5673, -1.0000, 198, 190, 170
L -42.3619, 292.2292, -1.0000, 348.3075, 292.2292, -1.0000, 188, 180, 160
L 410.5882, 292.2292, -1.0000, 569.1207, 292.2292, -1.0000, 188, 180, 160
L -48.0237, 297.8910, -1.0000, 348.3075, 297.8910, -1.0000, 198, 190, 170
L 416.2500, 297.8910, -1.0000, 563.4588, 297.8910, -1.0000, 198, 190, 170
L -48.0237, 303.5529, -1.0000, 348.3075, 303.5529, -1.0000, 188, 180, 160
L 421.9119, 303.5529, -1.0000, 557.7969, 303.5529, -1.0000, 188, 180, 160
L -53.6856, 309.2148, -1.0000, 348.3075, 309.2148, -1.0000, 198, 190, 170
L 427.5738, 309.2148, -1.0000, 552.1350, 309.2148, -1.0000, 198, 190, 170
L -59.3475, 314.8767, -1.0000, 348.3075, 314.8767, -1.0000, 188, 180, 160
L 433.2357, 314.8767, -1.0000, 546.4732, 314.8767, -1.0000, 188, 180, 160
L -65.0094, 320.5385, -1.0000, 348.3075, 320.5385, -1.0000, 198, 190, 170
L -65.0094, 326.2004, -1.0000, 342.6457, 326.2004, -1.0000, 188, 180, 160
L -70.6712, 331.8623, -1.0000, 336.9838, 331.8623, -1.0000, 198, 190, 170
L -70.6712, 337.5242, -1.0000, 331.3219, 337.5242, -1.0000, 188, 180, 160
L -70.6712, 343.1860, -1.0000, 325.6600, 343.1860, -1.0000, 198, 190, 170
L -70.6712, 348.8479, -1.0000, 291.6888, 348.8479, -1.0000, 188, 180, 160
L 297.3507, 348.8479, -1.0000, 314.3363, 348.8479, -1.0000, 188, 180, 160
L -70.6712, 354.5098, -1.0000, 286.0269, 354.5098, -1.0000, 198, 190, 170
L 303.0125, 354.5098, -1.0000, 308.6744, 354.5098, -1.0000, 198, 190, 170
L -70.6712, 360.1717, -1.0000, 167.1275, 360.1717, -1.0000, 188, 180, 160
L -76.3331, 365.8335, -1.0000, 161.4656, 365.8335, -1.0000, 198, 190, 170
L -81.9950, 371.4954, -1.0000, 155.8038, 371.4954, -1.0000, 188, 180, 160
L -121.6281, 377.1573, -1.0000, 150.1419, 377.1573, -1.0000, 198, 190, 170
L -115.9662, 382.8192, -1.0000, 144.4800, 382.8192, -1.0000, 188, 180, 160
L -110.3044, 388.4810, -1.0000, 25.5806, 388.4810, -1.0000, 198, 190, 170
L -110.3044, 394.1429, -1.0000, 25.5806, 394.1429, -1.0000, 188, 180, 160
L -104.6425, 399.8048, -1.0000, 25.5806, 399.8048, -1.0000, 198, 190, 170
L -98.9806, 405.4667, -1.0000, 25.5806, 405.4667, -1.0000, 188, 180, 160
L -98.9806, 411.1285, -1.0000, 25.5806, 411.1285, -1.0000, 198, 190, 170
L -93.3187, 416.7904, -1.0000, 25.5806, 416.7904, -1.0000, 188, 180, 160
L -93.3187, 422.4523, -1.0000, 25.5806, 422.4523, -1.0000, 198, 190, 170
L -87.6569, 428.1142, -1.0000, 25.5806, 428.1142, -1.0000, 188, 180, 160
L -81.9950, 433.7760, -1.0000, 25.5806, 433.7760, -1.0000, 198, 190, 170
L -76.3331, 439.4379, -1.0000, 25.5806, 439.4379, -1.0000, 188, 180, 160
L -76.3331, 445.0998, -1.0000, 25.5806, 445.0998, -1.0000, 198, 190, 170
L -70.6712, 450.7617, -1.0000, 25.5806, 450.7617, -1.0000, 188, 180, 160
L -70.6712, 456.4235, -1.0000, 25.5806, 456.4235, -1.0000, 198, 190, 170
L -65.0094, 462.0854, -1.0000, 25.5806, 462.0854, -1.0000, 188, 180, 160
L -65.0094, 467.7473, -1.0000, 25.5806, 467.7473, -1.0000, 198, 190, 170
L -59.3475, 473.4092, -1.0000, 25.5806, 473.4092, -1.0000, 188, 180, 160
L -59.3475, 479.0710, -1.0000, 25.5806, 479.0710, -1.0000, 198, 190, 170
L -53.6856, 484.7329, -1.0000, 25.5806, 484.7329, -1.0000, 188, 180, 160
L -53.6856, 490.3948, -1.0000, 25.5806, 490.3948, -1.0000, 198, 190, 170
L -53.6856, 496.0567, -1.0000, 25.5806, 496.0567, -1.0000, 188, 180, 160
L -53.6856, 501.7185, -1.0000, 25.5806, 501.7185, -1.0000, 198, 190, 170
L -53.6856, 507.3804, -1.0000, 25.5806, 507.3804, -1.0000, 188, 180, 160
L -53.6856, 513.0423, -1.0000, 25.5806, 513.0423, -1.0000, 198, 190, 170
L -48.0237, 518.7042, -1.0000, 25.5806, 518.7042, -1.0000, 188, 180, 160
L 303.0125, -449.4765, -1.0000, 325.6600, -449.4765, -1.0000, 96, 164, 212
L 297.3507, -443.8146, -1.0000, 331.3219, -443.8146, -1.0000, 112, 178, 222
L 291.6888, -438.1528, -1.0000, 336.9838, -438.1528, -1.0000, 96, 164, 212
L 286.0269, -432.4909, -1.0000, 342.6457, -432.4909, -1.0000, 112, 178, 222
L 286.0269, -426.8290, -1.0000, 348.3075, -426.8290, -1.0000, 96, 164, 212
L 280.3650, -421.1671, -1.0000, 348.3075, -421.1671, -1.0000, 112, 178, 222
L -919.9525, -415.5053, -1.0000, -42.3619, -415.5053, -1.0000, 96, 164, 212
L 280.3650, -415.5053, -1.0000, 348.3075, -415.5053, -1.0000, 96, 164, 212
L -919.9525, -409.8434, -1.0000, -36.7000, -409.8434, -1.0000, 112, 178, 222
L 280.3650, -409.8434, -1.0000, 348.3075, -409.8434, -1.0000, 112, 178, 222
L -919.9525, -404.1815, -1.0000, -31.0381, -404.1815, -1.0000, 96, 164, 212
L 286.0269, -404.1815, -1.0000, 348.3075, -404.1815, -1.0000, 96, 164, 212
L -919.9525, -398.5196, -1.0000, -31.0381, -398.5196, -1.0000, 112, 178, 222
L 286.0269, -398.5196, -1.0000, 342.6457, -398.5196, -1.0000, 112, 178, 222
L -919.9525, -392.8578, -1.0000, -31.0381, -392.8578, -1.0000, 96, 164, 212
L 291.6888, -392.8578, -1.0000, 336.9838, -392.8578, -1.0000, 96, 164, 212
L -919.9525, -387.1959, -1.0000, -31.0381, -387.1959, -1.0000, 112, 178, 222
L 297.3507, -387.1959, -1.0000, 331.3219, -387.1959, -1.0000, 112, 178, 222
L 523.8257, -387.1959, -1.0000, 540.8113, -387.1959, -1.0000, 112, 178, 222
L -919.9525, -381.5340, -1.0000, -25.3762, -381.5340, -1.0000, 96, 164, 212
L 303.0125, -381.5340, -1.0000, 325.6600, -381.5340, -1.0000, 96, 164, 212
L 518.1638, -381.5340, -1.0000, 546.4732, -381.5340, -1.0000, 96, 164, 212
L -919.9525, -375.8721, -1.0000, -31.0381, -375.8721, -1.0000, 112, 178, 222
L 512.5019, -375.8721, -1.0000, 552.1350, -375.8721, -1.0000, 112, 178, 222
L -919.9525, -370.2103, -1.0000, -31.0381, -370.2103, -1.0000, 96, 164, 212
L 512.5019, -370.2103, -1.0000, 552.1350, -370.2103, -1.0000, 96, 164, 212
L -919.9525, -364.5484, -1.0000, -36.7000, -364.5484, -1.0000, 112, 178, 222
L 512.5019, -364.5484, -1.0000, 552.1350, -364.5484, -1.0000, 112, 178, 222
L -919.9525, -358.8865, -1.0000, -36.7000, -358.8865, -1.0000, 96, 164, 212
L 512.5019, -358.8865, -1.0000, 552.1350, -358.8865, -1.0000, 96, 164, 212
L -919.9525, -353.2246, -1.0000, -36.7000, -353.2246, -1.0000, 112, 178, 222
L 512.5019, -353.2246, -1.0000, 552.1350, -353.2246, -1.0000, 112, 178, 222
L -919.9525, -347.5628, -1.0000, -42.3619, -347.5628, -1.0000, 96, 164, 212
L 512.5019, -347.5628, -1.0000, 552.1350, -347.5628, -1.0000, 96, 164, 212
L -919.9525, -341.9009, -1.0000, -42.3619, -341.9009, -1.0000, 112, 178, 222
L 512.5019, -341.9009, -1.0000, 552.1350, -341.9009, -1.0000, 112, 178, 222
L -919.9525, -336.2390, -1.0000, -42.3619, -336.2390, -1.0000, 96, 164, 212
L 512.5019, -336.2390, -1.0000, 552.1350, -336.2390, -1.0000, 96, 164, 212
L -919.9525, -330.5771, -1.0000, -48.0237, -330.5771, -1.0000, 112, 178, 222
L 512.5019, -330.5771, -1.0000, 552.1350, -330.5771, -1.0000, 112, 178, 222
L -919.9525, -324.9153, -1.0000, -48.0237, -324.9153, -1.0000, 96, 164, 212
L 512.5019, -324.9153, -1.0000, 552.1350, -324.9153, -1.0000, 96, 164, 212
L -919.9525, -319.2534, -1.0000, -53.6856, -319.2534, -1.0000, 112, 178, 222
L 512.5019, -319.2534, -1.0000, 552.1350, -319.2534, -1.0000, 112, 178, 222
L -919.9525, -313.5915, -1.0000, -53.6856, -313.5915, -1.0000, 96, 164, 212
L 512.5019, -313.5915, -1.0000, 552.1350, -313.5915, -1.0000, 96, 164, 212
L -919.9525, -307.9296, -1.0000, -53.6856, -307.9296, -1.0000, 112, 178, 222
L 512.5019, -307.9296, -1.0000, 552.1350, -307.9296, -1.0000, 112, 178, 222
L -919.9525, -302.2678, -1.0000, -53.6856, -302.2678, -1.0000, 96, 164, 212
L 512.5019, -302.2678, -1.0000, 552.1350, -302.2678, -1.0000, 96, 164, 212
L -919.9525, -296.6059, -1.0000, -53.6856, -296.6059, -1.0000, 112, 178, 222
L 512.5019, -296.6059, -1.0000, 552.1350, -296.6059, -1.0000, 112, 178, 222
L -919.9525, -290.9440, -1.0000, -48.0237, -290.9440, -1.0000, 96, 164, 212
L 512.5019, -290.9440, -1.0000, 552.1350, -290.9440, -1.0000, 96, 164, 212
L -919.9525, -285.2821, -1.0000, -48.0237, -285.2821, -1.0000, 112, 178, 222
L 512.5019, -285.2821, -1.0000, 552.1350, -285.2821, -1.0000, 112, 178, 222
L -919.9525, -279.6203, -1.0000, -48.0237, -279.6203, -1.0000, 96, 164, 212
L 512.5019, -279.6203, -1.0000, 557.7969, -279.6203, -1.0000, 96, 164, 212
L -919.9525, -273.9584, -1.0000, -42.3619, -273.9584, -1.0000, 112, 178, 222
L 512.5019, -273.9584, -1.0000, 557.7969, -273.9584, -1.0000, 112, 178, 222
L -919.9525, -268.2965, -1.0000, -42.3619, -268.2965, -1.0000, 96, 164, 212
L 512.5019, -268.2965, -1.0000, 557.7969, -268.2965, -1.0000, 96, 164, 212
L -919.9525, -262.6346, -1.0000, -42.3619, -262.6346, -1.0000, 112, 178, 222
L 518.1638, -262.6346, -1.0000, 552.1350, -262.6346, -1.0000, 112, 178, 222
L -919.9525, -256.9728, -1.0000, -42.3619, -256.9728, -1.0000, 96, 164, 212
L 523.8257, -256.9728, -1.0000, 546.4732, -256.9728, -1.0000, 96, 164, 212
L -919.9525, -251.3109, -1.0000, -36.7000, -251.3109, -1.0000, 112, 178, 222
L -919.9525, -245.6490, -1.0000, -36.7000, -245.6490, -1.0000, 96, 164, 212
L -919.9525, -239.9871, -1.0000, -36.7000, -239.9871, -1.0000, 112, 178, 222
L 387.9407, -239.9871, -1.0000, 393.6025, -239.9871, -1.0000, 112, 178, 222
L -919.9525, -234.3253, -1.0000, -36.7000, -234.3253, -1.0000, 96, 164, 212
L 382.2788, -234.3253, -1.0000, 399.2644, -234.3253, -1.0000, 96, 164, 212
L -919.9525, -228.6634, -1.0000, -31.0381, -228.6634, -1.0000, 112, 178, 222
L 376.6169, -228.6634, -1.0000, 404.9263, -228.6634, -1.0000, 112, 178, 222
L -919.9525, -223.0015, -1.0000, -31.0381, -223.0015, -1.0000, 96, 164, 212
L 370.9550, -223.0015, -1.0000, 410.5882, -223.0015, -1.0000, 96, 164, 212
L 478.5307, -223.0015, -1.0000, 495.5163, -223.0015, -1.0000, 96, 164, 212
L -919.9525, -217.3396, -1.0000, -31.0381, -217.3396, -1.0000, 112, 178, 222
L 370.9550, -217.3396, -1.0000, 416.2500, -217.3396, -1.0000, 112, 178, 222
L 455.8832, -217.3396, -1.0000, 501.1782, -217.3396, -1.0000, 112, 178, 222
L -919.9525, -211.6778, -1.0000, -25.3762, -211.6778, -1.0000, 96, 164, 212
L 365.2932, -211.6778, -1.0000, 506.8400, -211.6778, -1.0000, 96, 164, 212
L -919.9525, -206.0159, -1.0000, -31.0381, -206.0159, -1.0000, 112, 178, 222
L 365.2932, -206.0159, -1.0000, 512.5019, -206.0159, -1.0000, 112, 178, 222
L -919.9525, -200.3540, -1.0000, -31.0381, -200.3540, -1.0000, 96, 164, 212
L 365.2932, -200.3540, -1.0000, 512.5019, -200.3540, -1.0000, 96, 164, 212
L -919.9525, -194.6921, -1.0000, -31.0381, -194.6921, -1.0000, 112, 178, 222
L 365.2932, -194.6921, -1.0000, 518.1638, -194.6921, -1.0000, 112, 178, 222
L -919.9525, -189.0303, -1.0000, -36.7000, -189.0303, -1.0000, 96, 164, 212
L 365.2932, -189.0303, -1.0000, 518.1638, -189.0303, -1.0000, 96, 164, 212
L -919.9525, -183.3684, -1.0000, -36.7000, -183.3684, -1.0000, 112, 178, 222
L 365.2932, -183.3684, -1.0000, 523.8257, -183.3684, -1.0000, 112, 178, 222
L -919.9525, -177.7065, -1.0000, -42.3619, -177.7065, -1.0000, 96, 164, 212
L 365.2932, -177.7065, -1.0000, 518.1638, -177.7065, -1.0000, 96, 164, 212
L -919.9525, -172.0446, -1.0000, -42.3619, -172.0446, -1.0000, 112, 178, 222
L 365.2932, -172.0446, -1.0000, 518.1638, -172.0446, -1.0000, 112, 178, 222
L -919.9525, -166.3828, -1.0000, -48.0237, -166.3828, -1.0000, 96, 164, 212
L 370.9550, -166.3828, -1.0000, 518.1638, -166.3828, -1.0000, 96, 164, 212
L -919.9525, -160.7209, -1.0000, -48.0237, -160.7209, -1.0000, 112, 178, 222
L 376.6169, -160.7209, -1.0000, 512.5019, -160.7209, -1.0000, 112, 178, 222
L -919.9525, -155.0590, -1.0000, -53.6856, -155.0590, -1.0000, 96, 164, 212
L 382.2788, -155.0590, -1.0000, 421.9119, -155.0590, -1.0000, 96, 164, 212
L 438.8975, -155.0590, -1.0000, 512.5019, -155.0590, -1.0000, 96, 164, 212
L -919.9525, -149.3971, -1.0000, -53.6856, -149.3971, -1.0000, 112, 178, 222
L 393.6025, -149.3971, -1.0000, 416.2500, -149.3971, -1.0000, 112, 178, 222
L 444.5594, -149.3971, -1.0000, 506.8400, -149.3971, -1.0000, 112, 178, 222
L -919.9525, -143.7352, -1.0000, -59.3475, -143.7352, -1.0000, 96, 164, 212
L 404.9263, -143.7352, -1.0000, 410.5882, -143.7352, -1.0000, 96, 164, 212
L 450.2213, -143.7352, -1.0000, 501.1782, -143.7352, -1.0000, 96, 164, 212
L -919.9525, -138.0734, -1.0000, -65.0094, -138.0734, -1.0000, 112, 178, 222
L 467.2069, -138.0734, -1.0000, 484.1925, -138.0734, -1.0000, 112, 178, 222
L -919.9525, -132.4115, -1.0000, -65.0094, -132.4115, -1.0000, 96, 164, 212
L -919.9525, -126.7496, -1.0000, -70.6712, -126.7496, -1.0000, 112, 178, 222
L -919.9525, -121.0877, -1.0000, -76.3331, -121.0877, -1.0000, 96, 164, 212
L -919.9525, -115.4259, -1.0000, -81.9950, -115.4259, -1.0000, 112, 178, 222
L -919.9525, -109.7640, -1.0000, -81.9950, -109.7640, -1.0000, 96, 164, 212
L -919.9525, -104.1021, -1.0000, -76.3331, -104.1021, -1.0000, 112, 178, 222
L -919.9525, -98.4402, -1.0000, -70.6712, -98.4402, -1.0000, 96, 164, 212
L -919.9525, -92.7784, -1.0000, -65.0094, -92.7784, -1.0000, 112, 178, 222
L -919.9525, -87.1165, -1.0000, -59.3475, -87.1165, -1.0000, 96, 164, 212
L -919.9525, -81.4546, -1.0000, -53.6856, -81.4546, -1.0000, 112, 178, 222
L -919.9525, -75.7927, -1.0000, -53.6856, -75.7927, -1.0000, 96, 164, 212
L -919.9525, -70.1309, -1.0000, -48.0237, -70.1309, -1.0000, 112, 178, 222
L -919.9525, -64.4690, -1.0000, -42.3619, -64.4690, -1.0000, 96, 164, 212
L -919.9525, -58.8071, -1.0000, -42.3619, -58.8071, -1.0000, 112, 178, 222
L -919.9525, -53.1452, -1.0000, -42.3619, -53.1452, -1.0000, 96, 164, 212
L -919.9525, -47.4834, -1.0000, -42.3619, -47.4834, -1.0000, 112, 178, 222
L -919.9525, -41.8215, -1.0000, -42.3619, -41.8215, -1.0000, 96, 164, 212
L -919.9525, -36.1596, -1.0000, -48.0237, -36.1596, -1.0000, 112, 178, 222
L -919.9525, -30.4977, -1.0000, -48.0237, -30.4977, -1.0000, 96, 164, 212
L -919.9525, -24.8359, -1.0000, -48.0237, -24.8359, -1.0000, 112, 178, 222
L -919.9525, -19.1740, -1.0000, -48.0237, -19.1740, -1.0000, 96, 164, 212
L -919.9525, -13.5121, -1.0000, -48.0237, -13.5121, -1.0000, 112, 178, 222
L -919.9525, -7.8502, -1.0000, -48.0237, -7.8502, -1.0000, 96, 164, 212
L -919.9525, -2.1884, -1.0000, -53.6856, -2.1884, -1.0000, 112, 178, 222
L -919.9525, 3.4735, -1.0000, -53.6856, 3.4735, -1.0000, 96, 164, 212
L -919.9525, 9.1354, -1.0000, -53.6856, 9.1354, -1.0000, 112, 178, 222
L -919.9525, 14.7973, -1.0000, -53.6856, 14.7973, -1.0000, 96, 164, 212
L -919.9525, 20.4591, -1.0000, -53.6856, 20.4591, -1.0000, 112, 178, 222
L -919.9525, 26.1210, -1.0000, -53.6856, 26.1210, -1.0000, 96, 164, 212
L -919.9525, 31.7829, -1.0000, -59.3475, 31.7829, -1.0000, 112, 178, 222
L -919.9525, 37.4448, -1.0000, -59.3475, 37.4448, -1.0000, 96, 164, 212
L -919.9525, 43.1066, -1.0000, -59.3475, 43.1066, -1.0000, 112, 178, 222
L -919.9525, 48.7685, -1.0000, -65.0094, 48.7685, -1.0000, 96, 164, 212
L -919.9525, 54.4304, -1.0000, -65.0094, 54.4304, -1.0000, 112, 178, 222
L -919.9525, 60.0923, -1.0000, -70.6712, 60.0923, -1.0000, 96, 164, 212
L -919.9525, 65.7541, -1.0000, -70.6712, 65.7541, -1.0000, 112, 178, 222
L -919.9525, 71.4160, -1.0000, -76.3331, 71.4160, -1.0000, 96, 164, 212
L -919.9525, 77.0779, -1.0000, -81.9950, 77.0779, -1.0000, 112, 178, 222
L -919.9525, 82.7398, -1.0000, -81.9950, 82.7398, -1.0000, 96, 164, 212
L -919.9525, 88.4016, -1.0000, -76.3331, 88.4016, -1.0000, 112, 178, 222
L -919.9525, 94.0635, -1.0000, -70.6712, 94.0635, -1.0000, 96, 164, 212
L -919.9525, 99.7254, -1.0000, -65.0094, 99.7254, -1.0000, 112, 178, 222
L -919.9525, 105.3873, -1.0000, -59.3475, 105.3873, -1.0000, 96, 164, 212
L -919.9525, 111.0491, -1.0000, -53.6856, 111.0491, -1.0000, 112, 178, 222
L -919.9525, 116.7110, -1.0000, -48.0237, 116.7110, -1.0000, 96, 164, 212
L -919.9525, 122.3729, -1.0000, -42.3619, 122.3729, -1.0000, 112, 178, 222
L -919.9525, 128.0348, -1.0000, -36.7000, 128.0348, -1.0000, 96, 164, 212
L -919.9525, 133.6966, -1.0000, -31.0381, 133.6966, -1.0000, 112, 178, 222
L -919.9525, 139.3585, -1.0000, -25.3762, 139.3585, -1.0000, 96, 164, 212
L -919.9525, 145.0204, -1.0000, -25.3762, 145.0204, -1.0000, 112, 178, 222
L 427.5738, 145.0204, -1.0000, 450.2213, 145.0204, -1.0000, 112, 178, 222
L -919.9525, 150.6823, -1.0000, -19.7144, 150.6823, -1.0000, 96, 164, 212
L 421.9119, 150.6823, -1.0000, 455.8832, 150.6823, -1.0000, 96, 164, 212
L -919.9525, 156.3441, -1.0000, -19.7144, 156.3441, -1.0000, 112, 178, 222
L 416.2500, 156.3441, -1.0000, 461.5450, 156.3441, -1.0000, 112, 178, 222
L -919.9525, 162.0060, -1.0000, -19.7144, 162.0060, -1.0000, 96, 164, 212
L 416.2500, 162.0060, -1.0000, 461.5450, 162.0060, -1.0000, 96, 164, 212
L -919.9525, 167.6679, -1.0000, -19.7144, 167.6679, -1.0000, 112, 178, 222
L 421.9119, 167.6679, -1.0000, 455.8832, 167.6679, -1.0000, 112, 178, 222
L -919.9525, 173.3298, -1.0000, -14.0525, 173.3298, -1.0000, 96, 164, 212
L 427.5738, 173.3298, -1.0000, 450.2213, 173.3298, -1.0000, 96, 164, 212
L -919.9525, 178.9916, -1.0000, -14.0525, 178.9916, -1.0000, 112, 178, 222
L 433.2357, 178.9916, -1.0000, 444.5594, 178.9916, -1.0000, 112, 178, 222
L -919.9525, 184.6535, -1.0000, -14.0525, 184.6535, -1.0000, 96, 164, 212
L -919.9525, 190.3154, -1.0000, -14.0525, 190.3154, -1.0000, 112, 178, 222
L -919.9525, 195.9773, -1.0000, -14.0525, 195.9773, -1.0000, 96, 164, 212
L -919.9525, 201.6391, -1.0000, -14.0525, 201.6391, -1.0000, 112, 178, 222
L -919.9525, 207.3010, -1.0000, -14.0525, 207.3010, -1.0000, 96, 164, 212
L -919.9525, 212.9629, -1.0000, -14.0525, 212.9629, -1.0000, 112, 178, 222
L -919.9525, 218.6248, -1.0000, -14.0525, 218.6248, -1.0000, 96, 164, 212
L -919.9525, 224.2866, -1.0000, -14.0525, 224.2866, -1.0000, 112, 178, 222
L -919.9525, 229.9485, -1.0000, -14.0525, 229.9485, -1.0000, 96, 164, 212
L -919.9525, 235.6104, -1.0000, -14.0525, 235.6104, -1.0000, 112, 178, 222
L -919.9525, 241.2723, -1.0000, -14.0525, 241.2723, -1.0000, 96, 164, 212
L -919.9525, 246.9341, -1.0000, -19.7144, 246.9341, -1.0000, 112, 178, 222
L -919.9525, 252.5960, -1.0000, -25.3762, 252.5960, -1.0000, 96, 164, 212
L -919.9525, 258.2579, -1.0000, -25.3762, 258.2579, -1.0000, 112, 178, 222
L -919.9525, 263.9198, -1.0000, -25.3762, 263.9198, -1.0000, 96, 164, 212
L -919.9525, 269.5817, -1.0000, -31.0381, 269.5817, -1.0000, 112, 178, 222
L -919.9525, 275.2435, -1.0000, -36.7000, 275.2435, -1.0000, 96, 164, 212
L -919.9525, 280.9054, -1.0000, -36.7000, 280.9054, -1.0000, 112, 178, 222
L -919.9525, 286.5673, -1.0000, -42.3619, 286.5673, -1.0000, 96, 164, 212
L -919.9525, 292.2292, -1.0000, -42.3619, 292.2292, -1.0000, 112, 178, 222
L -919.9525, 297.8910, -1.0000, -48.0237, 297.8910, -1.0000, 96, 164, 212
L -919.9525, 303.5529, -1.0000, -48.0237, 303.5529, -1.0000, 112, 178, 222
L -919.9525, 309.2148, -1.0000, -53.6856, 309.2148, -1.0000, 96, 164, 212
L -919.9525, 314.8767, -1.0000, -59.3475, 314.8767, -1.0000, 112, 178, 222
L -919.9525, 320.5385, -1.0000, -65.0094, 320.5385, -1.0000, 96, 164, 212
L -919.9525, 326.2004, -1.0000, -65.0094, 326.2004, -1.0000, 112, 178, 222
L -919.9525, 331.8623, -1.0000, -70.6712, 331.8623, -1.0000, 96, 164, 212
L -919.9525, 337.5242, -1.0000, -70.6712, 337.5242, -1.0000, 112, 178, 222
L -919.9525, 343.1860, -1.0000, -70.6712, 343.1860, -1.0000, 96, 164, 212
L -919.9525, 348.8479, -1.0000, -70.6712, 348.8479, -1.0000, 112, 178, 222
L -919.9525, 354.5098, -1.0000, -70.6712, 354.5098, -1.0000, 96, 164, 212
L -919.9525, 360.1717, -1.0000, -70.6712, 360.1717, -1.0000, 112, 178, 222
L -919.9525, 365.8335, -1.0000, -76.3331, 365.8335, -1.0000, 96, 164, 212
L -919.9525, 371.4954, -1.0000, -81.9950, 371.4954, -1.0000, 112, 178, 222
L -919.9525, 377.1573, -1.0000, -121.6281, 377.1573, -1.0000, 96, 164, 212
L -919.9525, 382.8192, -1.0000, -115.9662, 382.8192, -1.0000, 112, 178, 222
L -919.9525, 388.4810, -1.0000, -110.3044, 388.4810, -1.0000, 96, 164, 212
L -919.9525, 394.1429, -1.0000, -110.3044, 394.1429, -1.0000, 112, 178, 222
L -919.9525, 399.8048, -1.0000, -104.6425, 399.8048, -1.0000, 96, 164, 212
L -919.9525, 405.4667, -1.0000, -98.9806, 405.4667, -1.0000, 112, 178, 222
L -919.9525, 411.1285, -1.0000, -98.9806, 411.1285, -1.0000, 96, 164, 212
L -919.9525, 416.7904, -1.0000, -93.3187, 416.7904, -1.0000, 112, 178, 222
L -919.9525, 422.4523, -1.0000, -93.3187, 422.4523, -1.0000, 96, 164, 212
L -919.9525, 428.1142, -1.0000, -87.6569, 428.1142, -1.0000, 112, 178, 222
L -919.9525, 433.7760, -1.0000, -81.9950, 433.7760, -1.0000, 96, 164, 212
L -919.9525, 439.4379, -1.0000, -76.3331, 439.4379, -1.0000, 112, 178, 222
L -919.9525, 445.0998, -1.0000, -76.3331, 445.0998, -1.0000, 96, 164, 212
L -919.9525, 450.7617, -1.0000, -70.6712, 450.7617, -1.0000, 112, 178, 222
L -919.9525, 456.4235, -1.0000, -70.6712, 456.4235, -1.0000, 96, 164, 212
L -919.9525, 462.0854, -1.0000, -65.0094, 462.0854, -1.0000, 112, 178, 222
L -919.9525, 467.7473, -1.0000, -65.0094, 467.7473, -1.0000, 96, 164, 212
L -919.9525, 473.4092, -1.0000, -59.3475, 473.4092, -1.0000, 112, 178, 222
L -919.9525, 479.0710, -1.0000, -59.3475, 479.0710, -1.0000, 96, 164, 212
L -919.9525, 484.7329, -1.0000, -53.6856, 484.7329, -1.0000, 112, 178, 222
L -919.9525, 490.3948, -1.0000, -53.6856, 490.3948, -1.0000, 96, 164, 212
L -919.9525, 496.0567, -1.0000, -53.6856, 496.0567, -1.0000, 112, 178, 222
L -919.9525, 501.7185, -1.0000, -53.6856, 501.7185, -1.0000, 96, 164, 212
L -919.9525, 507.3804, -1.0000, -53.6856, 507.3804, -1.0000, 112, 178, 222
L -919.9525, 513.0423, -1.0000, -53.6856, 513.0423, -1.0000, 96, 164, 212
L -919.9525, 518.7042, -1.0000, -48.0237, 518.7042, -1.0000, 112, 178, 222
L 303.0125, -449.4765, -1.0000, 308.6744, -449.4765, -1.0000, 40, 92, 158
L 308.6744, -449.4765, -1.0000, 314.3363, -449.4765, -1.0000, 40, 92, 158
L 314.3363, -449.4765, -1.0000, 319.9982, -449.4765, -1.0000, 40, 92, 158
L 319.9982, -449.4765, -1.0000, 325.6600, -449.4765, -1.0000, 40, 92, 158
L 297.3507, -443.8146, -1.0000, 303.0125, -443.8146, -1.0000, 40, 92, 158
L 325.6600, -443.8146, -1.0000, 331.3219, -443.8146, -1.0000, 40, 92, 158
L 291.6888, -438.1528, -1.0000, 297.3507, -438.1528, -1.0000, 40, 92, 158
L 331.3219, -438.1528, -1.0000, 336.9838, -438.1528, -1.0000, 40, 92, 158
L 286.0269, -432.4909, -1.0000, 291.6888, -432.4909, -1.0000, 40, 92, 158
L 336.9838, -432.4909, -1.0000, 342.6457, -432.4909, -1.0000, 40, 92, 158
L 286.0269, -426.8290, -1.0000, 291.6888, -426.8290, -1.0000, 40, 92, 158
L 342.6457, -426.8290, -1.0000, 348.3075, -426.8290, -1.0000, 40, 92, 158
L 280.3650, -421.1671, -1.0000, 286.0269, -421.1671, -1.0000, 40, 92, 158
L 342.6457, -421.1671, -1.0000, 348.3075, -421.1671, -1.0000, 40, 92, 158
L -919.9525, -415.5053, -1.0000, -914.2907, -415.5053, -1.0000, 40, 92, 158
L -914.2907, -415.5053, -1.0000, -908.6288, -415.5053, -1.0000, 40, 92, 158
L -908.6288, -415.5053, -1.0000, -902.9669, -415.5053, -1.0000, 40, 92, 158
L -902.9669, -415.5053, -1.0000, -897.3050, -415.5053, -1.0000, 40, 92, 158
L -897.3050, -415.5053, -1.0000, -891.6432, -415.5053, -1.0000, 40, 92, 158
L -891.6432, -415.5053, -1.0000, -885.9813, -415.5053, -1.0000, 40, 92, 158
L -885.9813, -415.5053, -1.0000, -880.3194, -415.5053, -1.0000, 40, 92, 158
L -880.3194, -415.5053, -1.0000, -874.6575, -415.5053, -1.0000, 40, 92, 158
L -874.6575, -415.5053, -1.0000, -868.9957, -415.5053, -1.0000, 40, 92, 158
L -868.9957, -415.5053, -1.0000, -863.3338, -415.5053, -1.0000, 40, 92, 158
L -863.3338, -415.5053, -1.0000, -857.6719, -415.5053, -1.0000, 40, 92, 158
L -857.6719, -415.5053, -1.0000, -852.0100, -415.5053, -1.0000, 40, 92, 158
L -852.0100, -415.5053, -1.0000, -846.3482, -415.5053, -1.0000, 40, 92, 158
L -846.3482, -415.5053, -1.0000, -840.6863, -415.5053, -1.0000, 40, 92, 158
L -840.6863, -415.5053, -1.0000, -835.0244, -415.5053, -1.0000, 40, 92, 158
L -835.0244, -415.5053, -1.0000, -829.3625, -415.5053, -1.0000, 40, 92, 158
L -829.3625, -415.5053, -1.0000, -823.7007, -415.5053, -1.0000, 40, 92, 158
L -823.7007, -415.5053, -1.0000, -818.0388, -415.5053, -1.0000, 40, 92, 158
L -818.0388, -415.5053, -1.0000, -812.3769, -415.5053, -1.0000, 40, 92, 158
L -812.3769, -415.5053, -1.0000, -806.7150, -415.5053, -1.0000, 40, 92, 158
L -806.7150, -415.5053, -1.0000, -801.0532, -415.5053, -1.0000, 40, 92, 158
L -801.0532, -415.5053, -1.0000, -795.3913, -415.5053, -1.0000, 40, 92, 158
L -795.3913, -415.5053, -1.0000, -789.7294, -415.5053, -1.0000, 40, 92, 158
L -789.7294, -415.5053, -1.0000, -784.0675, -415.5053, -1.0000, 40, 92, 158
L -784.0675, -415.5053, -1.0000, -778.4057, -415.5053, -1.0000, 40, 92, 158
L -778.4057, -415.5053, -1.0000, -772.7438, -415.5053, -1.0000, 40, 92, 158
L -772.7438, -415.5053, -1.0000, -767.0819, -415.5053, -1.0000, 40, 92, 158
L -767.0819, -415.5053, -1.0000, -761.4200, -415.5053, -1.0000, 40, 92, 158
L -761.4200, -415.5053, -1.0000, -755.7582, -415.5053, -1.0000, 40, 92, 158
L -755.7582, -415.5053, -1.0000, -750.0963, -415.5053, -1.0000, 40, 92, 158
L -750.0963, -415.5053, -1.0000, -744.4344, -415.5053, -1.0000, 40, 92, 158
L -744.4344, -415.5053, -1.0000, -738.7725, -415.5053, -1.0000, 40, 92, 158
L -738.7725, -415.5053, -1.0000, -733.1107, -415.5053, -1.0000, 40, 92, 158
L -733.1107, -415.5053, -1.0000, -727.4488, -415.5053, -1.0000, 40, 92, 158
L -727.4488, -415.5053, -1.0000, -721.7869, -415.5053, -1.0000, 40, 92, 158
L -721.7869, -415.5053, -1.0000, -716.1250, -415.5053, -1.0000, 40, 92, 158
L -716.1250, -415.5053, -1.0000, -710.4632, -415.5053, -1.0000, 40, 92, 158
L -710.4632, -415.5053, -1.0000, -704.8013, -415.5053, -1.0000, 40, 92, 158
L -704.8013, -415.5053, -1.0000, -699.1394, -415.5053, -1.0000, 40, 92, 158
L -699.1394, -415.5053, -1.0000, -693.4775, -415.5053, -1.0000, 40, 92, 158
L -693.4775, -415.5053, -1.0000, -687.8157, -415.5053, -1.0000, 40, 92, 158
L -687.8157, -415.5053, -1.0000, -682.1538, -415.5053, -1.0000, 40, 92, 158
L -682.1538, -415.5053, -1.0000, -676.4919, -415.5053, -1.0000, 40, 92, 158
L -676.4919, -415.5053, -1.0000, -670.8300, -415.5053, -1.0000, 40, 92, 158
L -670.8300, -415.5053, -1.0000, -665.1682, -415.5053, -1.0000, 40, 92, 158
L -665.1682, -415.5053, -1.0000, -659.5063, -415.5053, -1.0000, 40, 92, 158
L -659.5063, -415.5053, -1.0000, -653.8444, -415.5053, -1.0000, 40, 92, 158
L -653.8444, -415.5053, -1.0000, -648.1825, -415.5053, -1.0000, 40, 92, 158
L -648.1825, -415.5053, -1.0000, -642.5207, -415.5053, -1.0000, 40, 92, 158
L -642.5207, -415.5053, -1.0000, -636.8588, -415.5053, -1.0000, 40, 92, 158
L -636.8588, -415.5053, -1.0000, -631.1969, -415.5053, -1.0000, 40, 92, 158
L -631.1969, -415.5053, -1.0000, -625.5350, -415.5053, -1.0000, 40, 92, 158
L -625.5350, -415.5053, -1.0000, -619.8732, -415.5053, -1.0000, 40, 92, 158
L -619.8732, -415.5053, -1.0000, -614.2113, -415.5053, -1.0000, 40, 92, 158
L -614.2113, -415.5053, -1.0000, -608.5494, -415.5053, -1.0000, 40, 92, 158
L -608.5494, -415.5053, -1.0000, -602.8875, -415.5053, -1.0000, 40, 92, 158
L -602.8875, -415.5053, -1.0000, -597.2257, -415.5053, -1.0000, 40, 92, 158
L -597.2257, -415.5053, -1.0000, -591.5638, -415.5053, -1.0000, 40, 92, 158
L -591.5638, -415.5053, -1.0000, -585.9019, -415.5053, -1.0000, 40, 92, 158
L -585.9019, -415.5053, -1.0000, -580.2400, -415.5053, -1.0000, 40, 92, 158
L -580.2400, -415.5053, -1.0000, -574.5781, -415.5053, -1.0000, 40, 92, 158
L -574.5782, -415.5053, -1.0000, -568.9163, -415.5053, -1.0000, 40, 92, 158
L -568.9163, -415.5053, -1.0000, -563.2544, -415.5053, -1.0000, 40, 92, 158
L -563.2544, -415.5053, -1.0000, -557.5925, -415.5053, -1.0000, 40, 92, 158
L -557.5925, -415.5053, -1.0000, -551.9306, -415.5053, -1.0000, 40, 92, 158
L -551.9306, -415.5053, -1.0000, -546.2688, -415.5053, -1.0000, 40, 92, 158
L -546.2688, -415.5053, -1.0000, -540.6069, -415.5053, -1.0000, 40, 92, 158
L -540.6069, -415.5053, -1.0000, -534.9450, -415.5053, -1.0000, 40, 92, 158
L -534.9450, -415.5053, -1.0000, -529.2831, -415.5053, -1.0000, 40, 92, 158
L -529.2831, -415.5053, -1.0000, -523.6213, -415.5053, -1.0000, 40, 92, 158
L -523.6213, -415.5053, -1.0000, -517.9594, -415.5053, -1.0000, 40, 92, 158
L -517.9594, -415.5053, -1.0000, -512.2975, -415.5053, -1.0000, 40, 92, 158
L -512.2975, -415.5053, -1.0000, -506.6356, -415.5053, -1.0000, 40, 92, 158
L -506.6356, -415.5053, -1.0000, -500.9738, -415.5053, -1.0000, 40, 92, 158
L -500.9738, -415.5053, -1.0000, -495.3119, -415.5053, -1.0000, 40, 92, 158
L -495.3119, -415.5053, -1.0000, -489.6500, -415.5053, -1.0000, 40, 92, 158
L -489.6500, -415.5053, -1.0000, -483.9881, -415.5053, -1.0000, 40, 92, 158
L -483.9881, -415.5053, -1.0000, -478.3263, -415.5053, -1.0000, 40, 92, 158
L -478.3263, -415.5053, -1.0000, -472.6644, -415.5053, -1.0000, 40, 92, 158
L -472.6644, -415.5053, -1.0000, -467.0025, -415.5053, -1.0000, 40, 92, 158
L -467.0025, -415.5053, -1.0000, -461.3406, -415.5053, -1.0000, 40, 92, 158
L -461.3406, -415.5053, -1.0000, -455.6788, -415.5053, -1.0000, 40, 92, 158
L -455.6788, -415.5053, -1.0000, -450.0169, -415.5053, -1.0000, 40, 92, 158
L -450.0169, -415.5053, -1.0000, -444.3550, -415.5053, -1.0000, 40, 92, 158
L -444.3550, -415.5053, -1.0000, -438.6931, -415.5053, -1.0000, 40, 92, 158
L -438.6931, -415.5053, -1.0000, -433.0313, -415.5053, -1.0000, 40, 92, 158
L -433.0313, -415.5053, -1.0000, -427.3694, -415.5053, -1.0000, 40, 92, 158
L -427.3694, -415.5053, -1.0000, -421.7075, -415.5053, -1.0000, 40, 92, 158
L -421.7075, -415.5053, -1.0000, -416.0456, -415.5053, -1.0000, 40, 92, 158
L -416.0456, -415.5053, -1.0000, -410.3838, -415.5053, -1.0000, 40, 92, 158
L -410.3838, -415.5053, -1.0000, -404.7219, -415.5053, -1.0000, 40, 92, 158
L -404.7219, -415.5053, -1.0000, -399.0600, -415.5053, -1.0000, 40, 92, 158
L -399.0600, -415.5053, -1.0000, -393.3981, -415.5053, -1.0000, 40, 92, 158
L -393.3981, -415.5053, -1.0000, -387.7363, -415.5053, -1.0000, 40, 92, 158
L -387.7363, -415.5053, -1.0000, -382.0744, -415.5053, -1.0000, 40, 92, 158
L -382.0744, -415.5053, -1.0000, -376.4125, -415.5053, -1.0000, 40, 92, 158
L -376.4125, -415.5053, -1.0000, -370.7506, -415.5053, -1.0000, 40, 92, 158
L -370.7506, -415.5053, -1.0000, -365.0888, -415.5053, -1.0000, 40, 92, 158
L -365.0888, -415.5053, -1.0000, -359.4269, -415.5053, -1.0000, 40, 92, 158
L -359.4269, -415.5053, -1.0000, -353.7650, -415.5053, -1.0000, 40, 92, 158
L -353.7650, -415.5053, -1.0000, -348.1031, -415.5053, -1.0000, 40, 92, 158
L -348.1031, -415.5053, -1.0000, -342.4413, -415.5053, -1.0000, 40, 92, 158
L -342.4413, -415.5053, -1.0000, -336.7794, -415.5053, -1.0000, 40, 92, 158
L -336.7794, -415.5053, -1.0000, -331.1175, -415.5053, -1.0000, 40, 92, 158
L -331.1175, -415.5053, -1.0000, -325.4556, -415.5053, -1.0000, 40, 92, 158
L -325.4556, -415.5053, -1.0000, -319.7938, -415.5053, -1.0000, 40, 92, 158
L -319.7938, -415.5053, -1.0000, -314.1319, -415.5053, -1.0000, 40, 92, 158
L -314.1319, -415.5053, -1.0000, -308.4700, -415.5053, -1.0000, 40, 92, 158
L -308.4700, -415.5053, -1.0000, -302.8081, -415.5053, -1.0000, 40, 92, 158
L -302.8081, -415.5053, -1.0000, -297.1463, -415.5053, -1.0000, 40, 92, 158
L -297.1463, -415.5053, -1.0000, -291.4844, -415.5053, -1.0000, 40, 92, 158
L -291.4844, -415.5053, -1.0000, -285.8225, -415.5053, -1.0000, 40, 92, 158
L -285.8225, -415.5053, -1.0000, -280.1606, -415.5053, -1.0000, 40, 92, 158
L -280.1606, -415.5053, -1.0000, -274.4988, -415.5053, -1.0000, 40, 92, 158
L -274.4988, -415.5053, -1.0000, -268.8369, -415.5053, -1.0000, 40, 92, 158
L -268.8369, -415.5053, -1.0000, -263.1750, -415.5053, -1.0000, 40, 92, 158
L -263.1750, -415.5053, -1.0000, -257.5131, -415.5053, -1.0000, 40, 92, 158
L -257.5131, -415.5053, -1.0000, -251.8513, -415.5053, -1.0000, 40, 92, 158
L -251.8513, -415.5053, -1.0000, -246.1894, -415.5053, -1.0000, 40, 92, 158
L -246.1894, -415.5053, -1.0000, -240.5275, -415.5053, -1.0000, 40, 92, 158
L -240.5275, -415.5053, -1.0000, -234.8656, -415.5053, -1.0000, 40, 92, 158
L -234.8656, -415.5053, -1.0000, -229.2038, -415.5053, -1.0000, 40, 92, 158
L -229.2038, -415.5053, -1.0000, -223.5419, -415.5053, -1.0000, 40, 92, 158
L -223.5419, -415.5053, -1.0000, -217.8800, -415.5053, -1.0000, 40, 92, 158
L -217.8800, -415.5053, -1.0000, -212.2181, -415.5053, -1.0000, 40, 92, 158
L -212.2181, -415.5053, -1.0000, -206.5563, -415.5053, -1.0000, 40, 92, 158
L -206.5563, -415.5053, -1.0000, -200.8944, -415.5053, -1.0000, 40, 92, 158
L -200.8944, -415.5053, -1.0000, -195.2325, -415.5053, -1.0000, 40, 92, 158
L -195.2325, -415.5053, -1.0000, -189.5706, -415.5053, -1.0000, 40, 92, 158
L -189.5706, -415.5053, -1.0000, -183.9088, -415.5053, -1.0000, 40, 92, 158
L -183.9088, -415.5053, -1.0000, -178.2469, -415.5053, -1.0000, 40, 92, 158
L -178.2469, -415.5053, -1.0000, -172.5850, -415.5053, -1.0000, 40, 92, 158
L -172.5850, -415.5053, -1.0000, -166.9231, -415.5053, -1.0000, 40, 92, 158
L -166.9231, -415.5053, -1.0000, -161.2613, -415.5053, -1.0000, 40, 92, 158
L -161.2613, -415.5053, -1.0000, -155.5994, -415.5053, -1.0000, 40, 92, 158
L -155.5994, -415.5053, -1.0000, -149.9375, -415.5053, -1.0000, 40, 92, 158
L -149.9375, -415.5053, -1.0000, -144.2756, -415.5053, -1.0000, 40, 92, 158
L -144.2756, -415.5053, -1.0000, -138.6137, -415.5053, -1.0000, 40, 92, 158
L -138.6137, -415.5053, -1.0000, -132.9519, -415.5053, -1.0000, 40, 92, 158
L -132.9519, -415.5053, -1.0000, -127.2900, -415.5053, -1.0000, 40, 92, 158
L -127.2900, -415.5053, -1.0000, -121.6281, -415.5053, -1.0000, 40, 92, 158
L -121.6281, -415.5053, -1.0000, -115.9662, -415.5053, -1.0000, 40, 92, 158
L -115.9662, -415.5053, -1.0000, -110.3044, -415.5053, -1.0000, 40, 92, 158
L -110.3044, -415.5053, -1.0000, -104.6425, -415.5053, -1.0000, 40, 92, 158
L -104.6425, -415.5053, -1.0000, -98.9806, -415.5053, -1.0000, 40, 92, 158
L -98.9806, -415.5053, -1.0000, -93.3187, -415.5053, -1.0000, 40, 92, 158
L -93.3187, -415.5053, -1.0000, -87.6569, -415.5053, -1.0000, 40, 92, 158
L -87.6569, -415.5053, -1.0000, -81.9950, -415.5053, -1.0000, 40, 92, 158
L -81.9950, -415.5053, -1.0000, -76.3331, -415.5053, -1.0000, 40, 92, 158
L -76.3331, -415.5053, -1.0000, -70.6712, -415.5053, -1.0000, 40, 92, 158
L -70.6712, -415.5053, -1.0000, -65.0094, -415.5053, -1.0000, 40, 92, 158
L -65.0094, -415.5053, -1.0000, -59.3475, -415.5053, -1.0000, 40, 92, 158
L -59.3475, -415.5053, -1.0000, -53.6856, -415.5053, -1.0000, 40, 92, 158
L -53.6856, -415.5053, -1.0000, -48.0237, -415.5053, -1.0000, 40, 92, 158
L -48.0237, -415.5053, -1.0000, -42.3619, -415.5053, -1.0000, 40, 92, 158
L 280.3650, -415.5053, -1.0000, 286.0269, -415.5053, -1.0000, 40, 92, 158
L 342.6457, -415.5053, -1.0000, 348.3075, -415.5053, -1.0000, 40, 92, 158
L -42.3619, -409.8434, -1.0000, -36.7000, -409.8434, -1.0000, 40, 92, 158
L 280.3650, -409.8434, -1.0000, 286.0269, -409.8434, -1.0000, 40, 92, 158
L 342.6457, -409.8434, -1.0000, 348.3075, -409.8434, -1.0000, 40, 92, 158
L -36.7000, -404.1815, -1.0000, -31.0381, -404.1815, -1.0000, 40, 92, 158
L 286.0269, -404.1815, -1.0000, 291.6888, -404.1815, -1.0000, 40, 92, 158
L 342.6457, -404.1815, -1.0000, 348.3075, -404.1815, -1.0000, 40, 92, 158
L -36.7000, -398.5196, -1.0000, -31.0381, -398.5196, -1.0000, 40, 92, 158
L 286.0269, -398.5196, -1.0000, 291.6888, -398.5196, -1.0000, 40, 92, 158
L 336.9838, -398.5196, -1.0000, 342.6457, -398.5196, -1.0000, 40, 92, 158
L -36.7000, -392.8578, -1.0000, -31.0381, -392.8578, -1.0000, 40, 92, 158
L 291.6888, -392.8578, -1.0000, 297.3507, -392.8578, -1.0000, 40, 92, 158
L 331.3219, -392.8578, -1.0000, 336.9838, -392.8578, -1.0000, 40, 92, 158
L -36.7000, -387.1959, -1.0000, -31.0381, -387.1959, -1.0000, 40, 92, 158
L 297.3507, -387.1959, -1.0000, 303.0125, -387.1959, -1.0000, 40, 92, 158
L 325.6600, -387.1959, -1.0000, 331.3219, -387.1959, -1.0000, 40, 92, 158
L 523.8257, -387.1959, -1.0000, 529.4875, -387.1959, -1.0000, 40, 92, 158
L 529.4875, -387.1959, -1.0000, 535.1494, -387.1959, -1.0000, 40, 92, 158
L 535.1494, -387.1959, -1.0000, 540.8113, -387.1959, -1.0000, 40, 92, 158
L -31.0381, -381.5340, -1.0000, -25.3762, -381.5340, -1.0000, 40, 92, 158
L 303.0125, -381.5340, -1.0000, 308.6744, -381.5340, -1.0000, 40, 92, 158
L 308.6744, -381.5340, -1.0000, 314.3363, -381.5340, -1.0000, 40, 92, 158
L 314.3363, -381.5340, -1.0000, 319.9982, -381.5340, -1.0000, 40, 92, 158
L 319.9982, -381.5340, -1.0000, 325.6600, -381.5340, -1.0000, 40, 92, 158
L 518.1638, -381.5340, -1.0000, 523.8257, -381.5340, -1.0000, 40, 92, 158
L 540.8113, -381.5340, -1.0000, 546.4732, -381.5340, -1.0000, 40, 92, 158
L -36.7000, -375.8721, -1.0000, -31.0381, -375.8721, -1.0000, 40, 92, 158
L 512.5019, -375.8721, -1.0000, 518.1638, -375.8721, -1.0000, 40, 92, 158
L 546.4732, -375.8721, -1.0000, 552.1350, -375.8721, -1.0000, 40, 92, 158
L -36.7000, -370.2103, -1.0000, -31.0381, -370.2103, -1.0000, 40, 92, 158
L 512.5019, -370.2103, -1.0000, 518.1638, -370.2103, -1.0000, 40, 92, 158
L 546.4732, -370.2103, -1.0000, 552.1350, -370.2103, -1.0000, 40, 92, 158
L -42.3619, -364.5484, -1.0000, -36.7000, -364.5484, -1.0000, 40, 92, 158
L 512.5019, -364.5484, -1.0000, 518.1638, -364.5484, -1.0000, 40, 92, 158
L 546.4732, -364.5484, -1.0000, 552.1350, -364.5484, -1.0000, 40, 92, 158
L -42.3619, -358.8865, -1.0000, -36.7000, -358.8865, -1.0000, 40, 92, 158
L 512.5019, -358.8865, -1.0000, 518.1638, -358.8865, -1.0000, 40, 92, 158
L 546.4732, -358.8865, -1.0000, 552.1350, -358.8865, -1.0000, 40, 92, 158
L -42.3619, -353.2246, -1.0000, -36.7000, -353.2246, -1.0000, 40, 92, 158
L 512.5019, -353.2246, -1.0000, 518.1638, -353.2246, -1.0000, 40, 92, 158
L 546.4732, -353.2246, -1.0000, 552.1350, -353.2246, -1.0000, 40, 92, 158
L -48.0237, -347.5628, -1.0000, -42.3619, -347.5628, -1.0000, 40, 92, 158
L 512.5019, -347.5628, -1.0000, 518.1638, -347.5628, -1.0000, 40, 92, 158
L 546.4732, -347.5628, -1.0000, 552.1350, -347.5628, -1.0000, 40, 92, 158
L -48.0237, -341.9009, -1.0000, -42.3619, -341.9009, -1.0000, 40, 92, 158
L 512.5019, -341.9009, -1.0000, 518.1638, -341.9009, -1.0000, 40, 92, 158
L 546.4732, -341.9009, -1.0000, 552.1350, -341.9009, -1.0000, 40, 92, 158
L -48.0237, -336.2390, -1.0000, -42.3619, -336.2390, -1.0000, 40, 92, 158
L 512.5019, -336.2390, -1.0000, 518.1638, -336.2390, -1.0000, 40, 92, 158
L 546.4732, -336.2390, -1.0000, 552.1350, -336.2390, -1.0000, 40, 92, 158
L -53.6856, -330.5771, -1.0000, -48.0237, -330.5771, -1.0000, 40, 92, 158
L 512.5019, -330.5771, -1.0000, 518.1638, -330.5771, -1.0000, 40, 92, 158
L 546.4732, -330.5771, -1.0000, 552.1350, -330.5771, -1.0000, 40, 92, 158
L -53.6856, -324.9153, -1.0000, -48.0237, -324.9153, -1.0000, 40, 92, 158
L 512.5019, -324.9153, -1.0000, 518.1638, -324.9153, -1.0000, 40, 92, 158
L 546.4732, -324.9153, -1.0000, 552.1350, -324.9153, -1.0000, 40, 92, 158
L -59.3475, -319.2534, -1.0000, -53.6856, -319.2534, -1.0000, 40, 92, 158
L 512.5019, -319.2534, -1.0000, 518.1638, -319.2534, -1.0000, 40, 92, 158
L 546.4732, -319.2534, -1.0000, 552.1350, -319.2534, -1.0000, 40, 92, 158
L -59.3475, -313.5915, -1.0000, -53.6856, -313.5915, -1.0000, 40, 92, 158
L 512.5019, -313.5915, -1.0000, 518.1638, -313.5915, -1.0000, 40, 92, 158
L 546.4732, -313.5915, -1.0000, 552.1350, -313.5915, -1.0000, 40, 92, 158
L -59.3475, -307.9296, -1.0000, -53.6856, -307.9296, -1.0000, 40, 92, 158
L 512.5019, -307.9296, -1.0000, 518.1638, -307.9296, -1.0000, 40, 92, 158
L 546.4732, -307.9296, -1.0000, 552.1350, -307.9296, -1.0000, 40, 92, 158
L -59.3475, -302.2678, -1.0000, -53.6856, -302.2678, -1.0000, 40, 92, 158
L 512.5019, -302.2678, -1.0000, 518.1638, -302.2678, -1.0000, 40, 92, 158
L 546.4732, -302.2678, -1.0000, 552.1350, -302.2678, -1.0000, 40, 92, 158
L -59.3475, -296.6059, -1.0000, -53.6856, -296.6059, -1.0000, 40, 92, 158
L 512.5019, -296.6059, -1.0000, 518.1638, -296.6059, -1.0000, 40, 92, 158
L 546.4732, -296.6059, -1.0000, 552.1350, -296.6059, -1.0000, 40, 92, 158
L -53.6856, -290.9440, -1.0000, -48.0237, -290.9440, -1.0000, 40, 92, 158
L 512.5019, -290.9440, -1.0000, 518.1638, -290.9440, -1.0000, 40, 92, 158
L 546.4732, -290.9440, -1.0000, 552.1350, -290.9440, -1.0000, 40, 92, 158
L -53.6856, -285.2821, -1.0000, -48.0237, -285.2821, -1.0000, 40, 92, 158
L 512.5019, -285.2821, -1.0000, 518.1638, -285.2821, -1.0000, 40, 92, 158
L 546.4732, -285.2821, -1.0000, 552.1350, -285.2821, -1.0000, 40, 92, 158
L -53.6856, -279.6203, -1.0000, -48.0237, -279.6203, -1.0000, 40, 92, 158
L 512.5019, -279.6203, -1.0000, 518.1638, -279.6203, -1.0000, 40, 92, 158
L 552.1350, -279.6203, -1.0000, 557.7969, -279.6203, -1.0000, 40, 92, 158
L -48.0237, -273.9584, -1.0000, -42.3619, -273.9584, -1.0000, 40, 92, 158
L 512.5019, -273.9584, -1.0000, 518.1638, -273.9584, -1.0000, 40, 92, 158
L 552.1350, -273.9584, -1.0000, 557.7969, -273.9584, -1.0000, 40, 92, 158
L -48.0237, -268.2965, -1.0000, -42.3619, -268.2965, -1.0000, 40, 92, 158
L 512.5019, -268.2965, -1.0000, 518.1638, -268.2965, -1.0000, 40, 92, 158
L 552.1350, -268.2965, -1.0000, 557.7969, -268.2965, -1.0000, 40, 92, 158
L -48.0237, -262.6346, -1.0000, -42.3619, -262.6346, -1.0000, 40, 92, 158
L 518.1638, -262.6346, -1.0000, 523.8257, -262.6346, -1.0000, 40, 92, 158
L 546.4732, -262.6346, -1.0000, 552.1350, -262.6346, -1.0000, 40, 92, 158
L -48.0237, -256.9728, -1.0000, -42.3619, -256.9728, -1.0000, 40, 92, 158
L 523.8257, -256.9728, -1.0000, 529.4875, -256.9728, -1.0000, 40, 92, 158
L 529.4875, -256.9728, -1.0000, 535.1494, -256.9728, -1.0000, 40, 92, 158
L 535.1494, -256.9728, -1.0000, 540.8113, -256.9728, -1.0000, 40, 92, 158
L 540.8113, -256.9728, -1.0000, 546.4732, -256.9728, -1.0000, 40, 92, 158
L -42.3619, -251.3109, -1.0000, -36.7000, -251.3109, -1.0000, 40, 92, 158
L -42.3619, -245.6490, -1.0000, -36.7000, -245.6490, -1.0000, 40, 92, 158
L -42.3619, -239.9871, -1.0000, -36.7000, -239.9871, -1.0000, 40, 92, 158
L 387.9407, -239.9871, -1.0000, 393.6025, -239.9871, -1.0000, 40, 92, 158
L -42.3619, -234.3253, -1.0000, -36.7000, -234.3253, -1.0000, 40, 92, 158
L 382.2788, -234.3253, -1.0000, 387.9407, -234.3253, -1.0000, 40, 92, 158
L 393.6025, -234.3253, -1.0000, 399.2644, -234.3253, -1.0000, 40, 92, 158
L -36.7000, -228.6634, -1.0000, -31.0381, -228.6634, -1.0000, 40, 92, 158
L 376.6169, -228.6634, -1.0000, 382.2788, -228.6634, -1.0000, 40, 92, 158
L 399.2644, -228.6634, -1.0000, 404.9263, -228.6634, -1.0000, 40, 92, 158
L -36.7000, -223.0015, -1.0000, -31.0381, -223.0015, -1.0000, 40, 92, 158
L 370.9550, -223.0015, -1.0000, 376.6169, -223.0015, -1.0000, 40, 92, 158
L 404.9263, -223.0015, -1.0000, 410.5882, -223.0015, -1.0000, 40, 92, 158
L 478.5307, -223.0015, -1.0000, 484.1925, -223.0015, -1.0000, 40, 92, 158
L 484.1925, -223.0015, -1.0000, 489.8544, -223.0015, -1.0000, 40, 92, 158
L 489.8544, -223.0015, -1.0000, 495.5163, -223.0015, -1.0000, 40, 92, 158
L -36.7000, -217.3396, -1.0000, -31.0381, -217.3396, -1.0000, 40, 92, 158
L 370.9550, -217.3396, -1.0000, 376.6169, -217.3396, -1.0000, 40, 92, 158
L 410.5882, -217.3396, -1.0000, 416.2500, -217.3396, -1.0000, 40, 92, 158
L 455.8832, -217.3396, -1.0000, 461.5450, -217.3396, -1.0000, 40, 92, 158
L 461.5450, -217.3396, -1.0000, 467.2069, -217.3396, -1.0000, 40, 92, 158
L 467.2069, -217.3396, -1.0000, 472.8688, -217.3396, -1.0000, 40, 92, 158
L 472.8688, -217.3396, -1.0000, 478.5307, -217.3396, -1.0000, 40, 92, 158
L 495.5163, -217.3396, -1.0000, 501.1782, -217.3396, -1.0000, 40, 92, 158
L -31.0381, -211.6778, -1.0000, -25.3762, -211.6778, -1.0000, 40, 92, 158
L 365.2932, -211.6778, -1.0000, 370.9550, -211.6778, -1.0000, 40, 92, 158
L 416.2500, -211.6778, -1.0000, 421.9119, -211.6778, -1.0000, 40, 92, 158
L 421.9119, -211.6778, -1.0000, 427.5738, -211.6778, -1.0000, 40, 92, 158
L 427.5738, -211.6778, -1.0000, 433.2357, -211.6778, -1.0000, 40, 92, 158
L 433.2357, -211.6778, -1.0000, 438.8975, -211.6778, -1.0000, 40, 92, 158
L 438.8975, -211.6778, -1.0000, 444.5594, -211.6778, -1.0000, 40, 92, 158
L 444.5594, -211.6778, -1.0000, 450.2213, -211.6778, -1.0000, 40, 92, 158
L 450.2213, -211.6778, -1.0000, 455.8832, -211.6778, -1.0000, 40, 92, 158
L 501.1782, -211.6778, -1.0000, 506.8400, -211.6778, -1.0000, 40, 92, 158
L -36.7000, -206.0159, -1.0000, -31.0381, -206.0159, -1.0000, 40, 92, 158
L 365.2932, -206.0159, -1.0000, 370.9550, -206.0159, -1.0000, 40, 92, 158
L 506.8400, -206.0159, -1.0000, 512.5019, -206.0159, -1.0000, 40, 92, 158
L -36.7000, -200.3540, -1.0000, -31.0381, -200.3540, -1.0000, 40, 92, 158
L 365.2932, -200.3540, -1.0000, 370.9550, -200.3540, -1.0000, 40, 92, 158
L 506.8400, -200.3540, -1.0000, 512.5019, -200.3540, -1.0000, 40, 92, 158
L -36.7000, -194.6921, -1.0000, -31.0381, -194.6921, -1.0000, 40, 92, 158
L 365.2932, -194.6921, -1.0000, 370.9550, -194.6921, -1.0000, 40, 92, 158
L 512.5019, -194.6921, -1.0000, 518.1638, -194.6921, -1.0000, 40, 92, 158
L -42.3619, -189.0303, -1.0000, -36.7000, -189.0303, -1.0000, 40, 92, 158
L 365.2932, -189.0303, -1.0000, 370.9550, -189.0303, -1.0000, 40, 92, 158
L 512.5019, -189.0303, -1.0000, 518.1638, -189.0303, -1.0000, 40, 92, 158
L -42.3619, -183.3684, -1.0000, -36.7000, -183.3684, -1.0000, 40, 92, 158
L 365.2932, -183.3684, -1.0000, 370.9550, -183.3684, -1.0000, 40, 92, 158
L 518.1638, -183.3684, -1.0000, 523.8257, -183.3684, -1.0000, 40, 92, 158
L -48.0237, -177.7065, -1.0000, -42.3619, -177.7065, -1.0000, 40, 92, 158
L 365.2932, -177.7065, -1.0000, 370.9550, -177.7065, -1.0000, 40, 92, 158
L 512.5019, -177.7065, -1.0000, 518.1638, -177.7065, -1.0000, 40, 92, 158
L -48.0237, -172.0446, -1.0000, -42.3619, -172.0446, -1.0000, 40, 92, 158
L 365.2932, -172.0446, -1.0000, 370.9550, -172.0446, -1.0000, 40, 92, 158
L 512.5019, -172.0446, -1.0000, 518.1638, -172.0446, -1.0000, 40, 92, 158
L -53.6856, -166.3828, -1.0000, -48.0237, -166.3828, -1.0000, 40, 92, 158
L 370.9550, -166.3828, -1.0000, 376.6169, -166.3828, -1.0000, 40, 92, 158
L 512.5019, -166.3828, -1.0000, 518.1638, -166.3828, -1.0000, 40, 92, 158
L -53.6856, -160.7209, -1.0000, -48.0237, -160.7209, -1.0000, 40, 92, 158
L 376.6169, -160.7209, -1.0000, 382.2788, -160.7209, -1.0000, 40, 92, 158
L 421.9119, -160.7209, -1.0000, 427.5738, -160.7209, -1.0000, 40, 92, 158
L 427.5738, -160.7209, -1.0000, 433.2357, -160.7209, -1.0000, 40, 92, 158
L 433.2357, -160.7209, -1.0000, 438.8975, -160.7209, -1.0000, 40, 92, 158
L 506.8400, -160.7209, -1.0000, 512.5019, -160.7209, -1.0000, 40, 92, 158
L -59.3475, -155.0590, -1.0000, -53.6856, -155.0590, -1.0000, 40, 92, 158
L 382.2788, -155.0590, -1.0000, 387.9407, -155.0590, -1.0000, 40, 92, 158
L 387.9407, -155.0590, -1.0000, 393.6025, -155.0590, -1.0000, 40, 92, 158
L 416.2500, -155.0590, -1.0000, 421.9119, -155.0590, -1.0000, 40, 92, 158
L 438.8975, -155.0590, -1.0000, 444.5594, -155.0590, -1.0000, 40, 92, 158
L 506.8400, -155.0590, -1.0000, 512.5019, -155.0590, -1.0000, 40, 92, 158
L -59.3475, -149.3971, -1.0000, -53.6856, -149.3971, -1.0000, 40, 92, 158
L 393.6025, -149.3971, -1.0000, 399.2644, -149.3971, -1.0000, 40, 92, 158
L 399.2644, -149.3971, -1.0000, 404.9263, -149.3971, -1.0000, 40, 92, 158
L 410.5882, -149.3971, -1.0000, 416.2500, -149.3971, -1.0000, 40, 92, 158
L 444.5594, -149.3971, -1.0000, 450.2213, -149.3971, -1.0000, 40, 92, 158
L 501.1782, -149.3971, -1.0000, 506.8400, -149.3971, -1.0000, 40, 92, 158
L -65.0094, -143.7352, -1.0000, -59.3475, -143.7352, -1.0000, 40, 92, 158
L 404.9263, -143.7352, -1.0000, 410.5882, -143.7352, -1.0000, 40, 92, 158
L 450.2213, -143.7352, -1.0000, 455.8832, -143.7352, -1.0000, 40, 92, 158
L 455.8832, -143.7352, -1.0000, 461.5450, -143.7352, -1.0000, 40, 92, 158
L 461.5450, -143.7352, -1.0000, 467.2069, -143.7352, -1.0000, 40, 92, 158
L 484.1925, -143.7352, -1.0000, 489.8544, -143.7352, -1.0000, 40, 92, 158
L 489.8544, -143.7352, -1.0000, 495.5163, -143.7352, -1.0000, 40, 92, 158
L 495.5163, -143.7352, -1.0000, 501.1782, -143.7352, -1.0000, 40, 92, 158
L -70.6712, -138.0734, -1.0000, -65.0094, -138.0734, -1.0000, 40, 92, 158
L 467.2069, -138.0734, -1.0000, 472.8688, -138.0734, -1.0000, 40, 92, 158
L 472.8688, -138.0734, -1.0000, 478.5307, -138.0734, -1.0000, 40, 92, 158
L 478.5307, -138.0734, -1.0000, 484.1925, -138.0734, -1.0000, 40, 92, 158
L -70.6712, -132.4115, -1.0000, -65.0094, -132.4115, -1.0000, 40, 92, 158
L -76.3331, -126.7496, -1.0000, -70.6712, -126.7496, -1.0000, 40, 92, 158
L -81.9950, -121.0877, -1.0000, -76.3331, -121.0877, -1.0000, 40, 92, 158
L -87.6569, -115.4259, -1.0000, -81.9950, -115.4259, -1.0000, 40, 92, 158
L -87.6569, -109.7640, -1.0000, -81.9950, -109.7640, -1.0000, 40, 92, 158
L -81.9950, -104.1021, -1.0000, -76.3331, -104.1021, -1.0000, 40, 92, 158
L -76.3331, -98.4402, -1.0000, -70.6712, -98.4402, -1.0000, 40, 92, 158
L -70.6712, -92.7784, -1.0000, -65.0094, -92.7784, -1.0000, 40, 92, 158
L -65.0094, -87.1165, -1.0000, -59.3475, -87.1165, -1.0000, 40, 92, 158
L -59.3475, -81.4546, -1.0000, -53.6856, -81.4546, -1.0000, 40, 92, 158
L -59.3475, -75.7927, -1.0000, -53.6856, -75.7927, -1.0000, 40, 92, 158
L -53.6856, -70.1309, -1.0000, -48.0237, -70.1309, -1.0000, 40, 92, 158
L -48.0237, -64.4690, -1.0000, -42.3619, -64.4690, -1.0000, 40, 92, 158
L -48.0237, -58.8071, -1.0000, -42.3619, -58.8071, -1.0000, 40, 92, 158
L -48.0237, -53.1452, -1.0000, -42.3619, -53.1452, -1.0000, 40, 92, 158
L -48.0237, -47.4834, -1.0000, -42.3619, -47.4834, -1.0000, 40, 92, 158
L -48.0237, -41.8215, -1.0000, -42.3619, -41.8215, -1.0000, 40, 92, 158
L -53.6856, -36.1596, -1.0000, -48.0237, -36.1596, -1.0000, 40, 92, 158
L -53.6856, -30.4977, -1.0000, -48.0237, -30.4977, -1.0000, 40, 92, 158
L -53.6856, -24.8359, -1.0000, -48.0237, -24.8359, -1.0000, 40, 92, 158
L -53.6856, -19.1740, -1.0000, -48.0237, -19.1740, -1.0000, 40, 92, 158
L -53.6856, -13.5121, -1.0000, -48.0237, -13.5121, -1.0000, 40, 92, 158
L -53.6856, -7.8502, -1.0000, -48.0237, -7.8502, -1.0000, 40, 92, 158
L -59.3475, -2.1884, -1.0000, -53.6856, -2.1884, -1.0000, 40, 92, 158
L -59.3475, 3.4735, -1.0000, -53.6856, 3.4735, -1.0000, 40, 92, 158
L -59.3475, 9.1354, -1.0000, -53.6856, 9.1354, -1.0000, 40, 92, 158
L -59.3475, 14.7973, -1.0000, -53.6856, 14.7973, -1.0000, 40, 92, 158
L -59.3475, 20.4591, -1.0000, -53.6856, 20.4591, -1.0000, 40, 92, 158
L -59.3475, 26.1210, -1.0000, -53.6856, 26.1210, -1.0000, 40, 92, 158
L -65.0094, 31.7829, -1.0000, -59.3475, 31.7829, -1.0000, 40, 92, 158
L -65.0094, 37.4448, -1.0000, -59.3475, 37.4448, -1.0000, 40, 92, 158
L -65.0094, 43.1066, -1.0000, -59.3475, 43.1066, -1.0000, 40, 92, 158
L -70.6712, 48.7685, -1.0000, -65.0094, 48.7685, -1.0000, 40, 92, 158
L -70.6712, 54.4304, -1.0000, -65.0094, 54.4304, -1.0000, 40, 92, 158
L -76.3331, 60.0923, -1.0000, -70.6712, 60.0923, -1.0000, 40, 92, 158
L -76.3331, 65.7541, -1.0000, -70.6712, 65.7541, -1.0000, 40, 92, 158
L -81.9950, 71.4160, -1.0000, -76.3331, 71.4160, -1.0000, 40, 92, 158
L -87.6569, 77.0779, -1.0000, -81.9950, 77.0779, -1.0000, 40, 92, 158
L -87.6569, 82.7398, -1.0000, -81.9950, 82.7398, -1.0000, 40, 92, 158
L -81.9950, 88.4016, -1.0000, -76.3331, 88.4016, -1.0000, 40, 92, 158
L -76.3331, 94.0635, -1.0000, -70.6712, 94.0635, -1.0000, 40, 92, 158
L -70.6712, 99.7254, -1.0000, -65.0094, 99.7254, -1.0000, 40, 92, 158
L -65.0094, 105.3873, -1.0000, -59.3475, 105.3873, -1.0000, 40, 92, 158
L -59.3475, 111.0491, -1.0000, -53.6856, 111.0491, -1.0000, 40, 92, 158
L -53.6856, 116.7110, -1.0000, -48.0237, 116.7110, -1.0000, 40, 92, 158
L -48.0237, 122.3729, -1.0000, -42.3619, 122.3729, -1.0000, 40, 92, 158
L -42.3619, 128.0348, -1.0000, -36.7000, 128.0348, -1.0000, 40, 92, 158
L -36.7000, 133.6966, -1.0000, -31.0381, 133.6966, -1.0000, 40, 92, 158
L -31.0381, 139.3585, -1.0000, -25.3762, 139.3585, -1.0000, 40, 92, 158
L -31.0381, 145.0204, -1.0000, -25.3762, 145.0204, -1.0000, 40, 92, 158
L 427.5738, 145.0204, -1.0000, 433.2357, 145.0204, -1.0000, 40, 92, 158
L 433.2357, 145.0204, -1.0000, 438.8975, 145.0204, -1.0000, 40, 92, 158
L 438.8975, 145.0204, -1.0000, 444.5594, 145.0204, -1.0000, 40, 92, 158
L 444.5594, 145.0204, -1.0000, 450.2213, 145.0204, -1.0000, 40, 92, 158
L -25.3762, 150.6823, -1.0000, -19.7144, 150.6823, -1.0000, 40, 92, 158
L 421.9119, 150.6823, -1.0000, 427.5738, 150.6823, -1.0000, 40, 92, 158
L 450.2213, 150.6823, -1.0000, 455.8832, 150.6823, -1.0000, 40, 92, 158
L -25.3762, 156.3441, -1.0000, -19.7144, 156.3441, -1.0000, 40, 92, 158
L 416.2500, 156.3441, -1.0000, 421.9119, 156.3441, -1.0000, 40, 92, 158
L 455.8832, 156.3441, -1.0000, 461.5450, 156.3441, -1.0000, 40, 92, 158
L -25.3762, 162.0060, -1.0000, -19.7144, 162.0060, -1.0000, 40, 92, 158
L 416.2500, 162.0060, -1.0000, 421.9119, 162.0060, -1.0000, 40, 92, 158
L 455.8832, 162.0060, -1.0000, 461.5450, 162.0060, -1.0000, 40, 92, 158
L -25.3762, 167.6679, -1.0000, -19.7144, 167.6679, -1.0000, 40, 92, 158
L 421.9119, 167.6679, -1.0000, 427.5738, 167.6679, -1.0000, 40, 92, 158
L 450.2213, 167.6679, -1.0000, 455.8832, 167.6679, -1.0000, 40, 92, 158
L -19.7144, 173.3298, -1.0000, -14.0525, 173.3298, -1.0000, 40, 92, 158
L 427.5738, 173.3298, -1.0000, 433.2357, 173.3298, -1.0000, 40, 92, 158
L 444.5594, 173.3298, -1.0000, 450.2213, 173.3298, -1.0000, 40, 92, 158
L -19.7144, 178.9916, -1.0000, -14.0525, 178.9916, -1.0000, 40, 92, 158
L 433.2357, 178.9916, -1.0000, 438.8975, 178.9916, -1.0000, 40, 92, 158
L 438.8975, 178.9916, -1.0000, 444.5594, 178.9916, -1.0000, 40, 92, 158
L -19.7144, 184.6535, -1.0000, -14.0525, 184.6535, -1.0000, 40, 92, 158
L -19.7144, 190.3154, -1.0000, -14.0525, 190.3154, -1.0000, 40, 92, 158
L -19.7144, 195.9773, -1.0000, -14.0525, 195.9773, -1.0000, 40, 92, 158
L -19.7144, 201.6391, -1.0000, -14.0525, 201.6391, -1.0000, 40, 92, 158
L -19.7144, 207.3010, -1.0000, -14.0525, 207.3010, -1.0000, 40, 92, 158
L -19.7144, 212.9629, -1.0000, -14.0525, 212.9629, -1.0000, 40, 92, 158
L -19.7144, 218.6248, -1.0000, -14.0525, 218.6248, -1.0000, 40, 92, 158
L -19.7144, 224.2866, -1.0000, -14.0525, 224.2866, -1.0000, 40, 92, 158
L -19.7144, 229.9485, -1.0000, -14.0525, 229.9485, -1.0000, 40, 92, 158
L -19.7144, 235.6104, -1.0000, -14.0525, 235.6104, -1.0000, 40, 92, 158
L -19.7144, 241.2723, -1.0000, -14.0525, 241.2723, -1.0000, 40, 92, 158
L -25.3762, 246.9341, -1.0000, -19.7144, 246.9341, -1.0000, 40, 92, 158
L -31.0381, 252.5960, -1.0000, -25.3762, 252.5960, -1.0000, 40, 92, 158
L -31.0381, 258.2579, -1.0000, -25.3762, 258.2579, -1.0000, 40, 92, 158
L -31.0381, 263.9198, -1.0000, -25.3762, 263.9198, -1.0000, 40, 92, 158
L -36.7000, 269.5817, -1.0000, -31.0381, 269.5817, -1.0000, 40, 92, 158
L -42.3619, 275.2435, -1.0000, -36.7000, 275.2435, -1.0000, 40, 92, 158
L -42.3619, 280.9054, -1.0000, -36.7000, 280.9054, -1.0000, 40, 92, 158
L -48.0237, 286.5673, -1.0000, -42.3619, 286.5673, -1.0000, 40, 92, 158
L -48.0237, 292.2292, -1.0000, -42.3619, 292.2292, -1.0000, 40, 92, 158
L -53.6856, 297.8910, -1.0000, -48.0237, 297.8910, -1.0000, 40, 92, 158
L -53.6856, 303.5529, -1.0000, -48.0237, 303.5529, -1.0000, 40, 92, 158
L -59.3475, 309.2148, -1.0000, -53.6856, 309.2148, -1.0000, 40, 92, 158
L -65.0094, 314.8767, -1.0000, -59.3475, 314.8767, -1.0000, 40, 92, 158
L -70.6712, 320.5385, -1.0000, -65.0094, 320.5385, -1.0000, 40, 92, 158
L -70.6712, 326.2004, -1.0000, -65.0094, 326.2004, -1.0000, 40, 92, 158
L -76.3331, 331.8623, -1.0000, -70.6712, 331.8623, -1.0000, 40, 92, 158
L -76.3331, 337.5242, -1.0000, -70.6712, 337.5242, -1.0000, 40, 92, 158
L -76.3331, 343.1860, -1.0000, -70.6712, 343.1860, -1.0000, 40, 92, 158
L -76.3331, 348.8479, -1.0000, -70.6712, 348.8479, -1.0000, 40, 92, 158
L -76.3331, 354.5098, -1.0000, -70.6712, 354.5098, -1.0000, 40, 92, 158
L -76.3331, 360.1717, -1.0000, -70.6712, 360.1717, -1.0000, 40, 92, 158
L -81.9950, 365.8335, -1.0000, -76.3331, 365.8335, -1.0000, 40, 92, 158
L -121.6281, 371.4954, -1.0000, -115.9662, 371.4954, -1.0000, 40, 92, 158
L -115.9662, 371.4954, -1.0000, -110.3044, 371.4954, -1.0000, 40, 92, 158
L -110.3044, 371.4954, -1.0000, -104.6425, 371.4954, -1.0000, 40, 92, 158
L -104.6425, 371.4954, -1.0000, -98.9806, 371.4954, -1.0000, 40, 92, 158
L -98.9806, 371.4954, -1.0000, -93.3187, 371.4954, -1.0000, 40, 92, 158
L -93.3187, 371.4954, -1.0000, -87.6569, 371.4954, -1.0000, 40, 92, 158
L -87.6569, 371.4954, -1.0000, -81.9950, 371.4954, -1.0000, 40, 92, 158
L -127.2900, 377.1573, -1.0000, -121.6281, 377.1573, -1.0000, 40, 92, 158
L -121.6281, 382.8192, -1.0000, -115.9662, 382.8192, -1.0000, 40, 92, 158
L -115.9662, 388.4810, -1.0000, -110.3044, 388.4810, -1.0000, 40, 92, 158
L -115.9662, 394.1429, -1.0000, -110.3044, 394.1429, -1.0000, 40, 92, 158
L -110.3044, 399.8048, -1.0000, -104.6425, 399.8048, -1.0000, 40, 92, 158
L -104.6425, 405.4667, -1.0000, -98.9806, 405.4667, -1.0000, 40, 92, 158
L -104.6425, 411.1285, -1.0000, -98.9806, 411.1285, -1.0000, 40, 92, 158
L -98.9806, 416.7904, -1.0000, -93.3187, 416.7904, -1.0000, 40, 92, 158
L -98.9806, 422.4523, -1.0000, -93.3187, 422.4523, -1.0000, 40, 92, 158
L -93.3187, 428.1142, -1.0000, -87.6569, 428.1142, -1.0000, 40, 92, 158
L -87.6569, 433.7760, -1.0000, -81.9950, 433.7760, -1.0000, 40, 92, 158
L -81.9950, 439.4379, -1.0000, -76.3331, 439.4379, -1.0000, 40, 92, 158
L -81.9950, 445.0998, -1.0000, -76.3331, 445.0998, -1.0000, 40, 92, 158
L -76.3331, 450.7617, -1.0000, -70.6712, 450.7617, -1.0000, 40, 92, 158
L -76.3331, 456.4235, -1.0000, -70.6712, 456.4235, -1.0000, 40, 92, 158
L -70.6712, 462.0854, -1.0000, -65.0094, 462.0854, -1.0000, 40, 92, 158
L -70.6712, 467.7473, -1.0000, -65.0094, 467.7473, -1.0000, 40, 92, 158
L -65.0094, 473.4092, -1.0000, -59.3475, 473.4092, -1.0000, 40, 92, 158
L -65.0094, 479.0710, -1.0000, -59.3475, 479.0710, -1.0000, 40, 92, 158
L -59.3475, 484.7329, -1.0000, -53.6856, 484.7329, -1.0000, 40, 92, 158
L -59.3475, 490.3948, -1.0000, -53.6856, 490.3948, -1.0000, 40, 92, 158
L -59.3475, 496.0567, -1.0000, -53.6856, 496.0567, -1.0000, 40, 92, 158
L -59.3475, 501.7185, -1.0000, -53.6856, 501.7185, -1.0000, 40, 92, 158
L -59.3475, 507.3804, -1.0000, -53.6856, 507.3804, -1.0000, 40, 92, 158
L -59.3475, 513.0423, -1.0000, -53.6856, 513.0423, -1.0000, 40, 92, 158
L -53.6856, 518.7042, -1.0000, -48.0237, 518.7042, -1.0000, 40, 92, 158
L 503.4496, 155.7608, 1.0010, 505.4496, 155.7737, 2.0010, 150, 144, 130
L 501.4496, 155.7402, 0.0010, 503.4496, 155.7608, 1.0010, 150, 144, 130
L 505.4375, 140.3125, 2.0010, 505.4496, 155.8343, 2.0010, 150, 144, 130
L 503.4496, 155.8115, 1.0010, 503.4503, 140.3125, 1.0033, 150, 144, 130
L 501.4838, 140.3124, 0.0867, 501.4496, 155.8397, 0.0010, 150, 144, 130
L 431.4775, 158.1061, 0.0010, 431.4775, 158.1061, 0.0010, 150, 144, 130
L 431.4375, 148.3001, 0.0010, 431.4775, 158.1061, 0.0010, 150, 144, 130
L 432.3043, 147.5747, 1.0010, 431.4375, 148.3001, 0.0010, 150, 144, 130
L 449.3932, 147.5747, 1.0010, 432.3043, 147.5747, 1.0010, 150, 144, 130
L 450.1875, 148.3003, 0.0011, 449.3932, 147.5747, 1.0010, 150, 144, 130
L 450.1426, 158.1153, 0.0162, 450.1875, 148.3003, 0.0011, 150, 144, 130
L 431.5338, 158.1884, 0.0010, 450.1426, 158.1153, 0.0162, 40, 92, 158
L 431.8377, 164.0498, 0.0010, 431.5338, 158.1884, 0.0010, 40, 92, 158
L 437.9814, 170.0526, 0.0010, 431.8377, 164.0498, 0.0010, 40, 92, 158
L 443.9974, 169.9001, 0.0010, 437.9814, 170.0526, 0.0010, 40, 92, 158
L 449.9510, 163.8918, 0.0010, 443.9974, 169.9001, 0.0010, 40, 92, 158
L 450.0104, 158.2560, 0.0010, 449.9510, 163.8918, 0.0010, 40, 92, 158
L 574.1562, -336.2500, 0.6260, 574.1562, -336.2500, 0.6260, 150, 144, 130
L 601.3749, -336.2494, 0.6260, 574.1562, -336.2500, 0.6260, 150, 144, 130
L 601.3750, -337.5894, 0.6260, 601.3749, -336.2494, 0.6260, 150, 144, 130
L 601.8217, -338.2500, 0.6260, 601.3750, -337.5894, 0.6260, 150, 144, 130
L 603.5534, -338.2500, 0.6260, 601.8217, -338.2500, 0.6260, 150, 144, 130
L 604.1249, -337.8240, 0.6260, 603.5534, -338.2500, 0.6260, 150, 144, 130
L 604.1249, -334.0911, 0.6260, 604.1249, -337.8240, 0.6260, 150, 144, 130
L 603.5627, -333.5000, 0.6260, 604.1249, -334.0911, 0.6260, 150, 144, 130
L 602.1249, -333.5000, 0.6260, 603.5627, -333.5000, 0.6260, 150, 144, 130
L 602.1249, -294.0682, 0.6260, 602.1249, -333.5000, 0.6260, 150, 144, 130
L 601.4483, -293.5000, 0.6260, 602.1249, -294.0682, 0.6260, 150, 144, 130
L 599.9059, -293.5000, 0.6260, 601.4483, -293.5000, 0.6260, 150, 144, 130
L 599.3750, -294.0918, 0.6260, 599.9059, -293.5000, 0.6260, 150, 144, 130
L 599.3750, -333.5000, 0.6260, 599.3750, -294.0918, 0.6260, 150, 144, 130
L 576.1562, -333.5000, 0.6260, 599.3750, -333.5000, 0.6260, 150, 144, 130
L 576.1562, -282.2500, 0.6260, 576.1562, -333.5000, 0.6260, 150, 144, 130
L 599.3750, -282.2500, 0.6260, 576.1562, -282.2500, 0.6260, 150, 144, 130
L 599.3750, -283.7145, 0.6260, 599.3750, -282.2500, 0.6260, 150, 144, 130
L 600.0554, -284.2500, 0.6260, 599.3750, -283.7145, 0.6260, 150, 144, 130
L 601.6323, -284.2500, 0.6260, 600.0554, -284.2500, 0.6260, 150, 144, 130
L 602.1249, -283.7607, 0.6260, 601.6323, -284.2500, 0.6260, 150, 144, 130
L 602.1249, -282.2500, 0.6260, 602.1249, -283.7607, 0.6260, 150, 144, 130
L 611.3750, -282.2496, 0.6260, 602.1249, -282.2500, 0.6260, 150, 144, 130
L 611.3750, -283.6371, 0.6260, 611.3750, -282.2496, 0.6260, 150, 144, 130
L 611.9803, -284.2500, 0.6260, 611.3750, -283.6371, 0.6260, 150, 144, 130
L 617.3105, -284.2500, 0.6260, 611.9803, -284.2500, 0.6260, 150, 144, 130
L 618.1249, -283.7006, 0.6260, 617.3105, -284.2500, 0.6260, 150, 144, 130
L 618.1249, -282.2500, 0.6260, 618.1249, -283.7006, 0.6260, 150, 144, 130
L 627.3750, -282.2500, 0.6260, 618.1249, -282.2500, 0.6260, 150, 144, 130
L 627.3750, -309.6563, 0.6260, 627.3750, -282.2500, 0.6260, 150, 144, 130
L 627.8501, -310.2500, 0.6260, 627.3750, -309.6563, 0.6260, 150, 144, 130
L 645.4761, -310.2500, 0.6260, 627.8501, -310.2500, 0.6260, 150, 144, 130
L 646.0886, -310.0667, 0.6260, 645.4761, -310.2500, 0.6260, 150, 144, 130
L 659.9053, -296.2500, 1.6260, 646.0886, -310.0667, 0.6260, 150, 144, 130
L 669.5634, -296.2499, 1.6260, 659.9053, -296.2500, 1.6260, 150, 144, 130
L 683.3438, -310.0298, 0.6260, 669.5634, -296.2499, 1.6260, 150, 144, 130
L 683.3438, -319.7197, 0.6260, 683.3438, -310.0298, 0.6260, 150, 144, 130
L 669.5634, -333.5000, 1.6260, 683.3438, -319.7197, 0.6260, 150, 144, 130
L 659.9036, -333.5000, 1.6260, 669.5634, -333.5000, 1.6260, 150, 144, 130
L 646.3248, -319.9195, 0.6260, 659.9036, -333.5000, 1.6260, 150, 144, 130
L 646.1710, -319.7657, 0.6260, 646.3248, -319.9195, 0.6260, 150, 144, 130
L 645.5357, -319.5000, 0.6260, 646.1710, -319.7657, 0.6260, 150, 144, 130
L 627.9875, -319.5000, 0.6260, 645.5357, -319.5000, 0.6260, 150, 144, 130
L 627.3750, -319.9612, 0.6260, 627.9875, -319.5000, 0.6260, 150, 144, 130
L 627.3750, -333.5000, 0.6260, 627.3750, -319.9612, 0.6260, 150, 144, 130
L 613.9730, -333.5000, 0.6260, 627.3750, -333.5000, 0.6260, 150, 144, 130
L 613.3750, -334.1246, 0.6260, 613.9730, -333.5000, 0.6260, 150, 144, 130
L 613.3750, -337.5696, 0.6260, 613.3750, -334.1246, 0.6260, 150, 144, 130
L 613.8124, -338.2500, 0.6260, 613.3750, -337.5696, 0.6260, 150, 144, 130
L 615.5086, -338.2500, 0.6260, 613.8124, -338.2500, 0.6260, 150, 144, 130
L 616.1249, -336.2500, -0.3740, 615.5086, -338.2500, 0.6260, 150, 144, 130
L 629.5187, -336.2500, -0.3740, 616.1249, -336.2500, -0.3740, 150, 144, 130
L 630.1250, -335.6910, -0.3740, 629.5187, -336.2500, -0.3740, 150, 144, 130
L 630.1250, -322.2500, -0.3740, 630.1250, -335.6910, -0.3740, 150, 144, 130
L 643.5946, -322.2499, -0.3740, 630.1250, -322.2500, -0.3740, 150, 144, 130
L 657.3245, -335.9798, -0.3740, 643.5946, -322.2499, -0.3740, 150, 144, 130
L 657.9913, -336.2500, -0.3740, 657.3245, -335.9798, -0.3740, 150, 144, 130
L 671.4980, -336.2500, -0.3740, 657.9913, -336.2500, -0.3740, 150, 144, 130
L 672.0054, -336.1186, -0.3740, 671.4980, -336.2500, -0.3740, 150, 144, 130
L 685.7943, -322.3297, -0.3740, 672.0054, -336.1186, -0.3740, 150, 144, 130
L 686.0937, -321.7050, -0.3740, 685.7943, -322.3297, -0.3740, 150, 144, 130
L 686.0937, -308.0996, -0.3740, 686.0937, -321.7050, -0.3740, 150, 144, 130
L 685.8907, -307.5167, -0.3740, 686.0937, -308.0996, -0.3740, 150, 144, 130
L 672.1992, -293.8251, -0.3740, 685.8907, -307.5167, -0.3740, 150, 144, 130
L 671.5004, -293.5000, -0.3740, 672.1992, -293.8251, -0.3740, 150, 144, 130
L 657.9254, -293.5000, -0.3740, 671.5004, -293.5000, -0.3740, 150, 144, 130
L 657.3169, -293.7777, -0.3740, 657.9254, -293.5000, -0.3740, 150, 144, 130
L 643.5946, -307.5000, -0.3740, 657.3169, -293.7777, -0.3740, 150, 144, 130
L 630.1250, -307.5000, -0.3740, 643.5946, -307.5000, -0.3740, 150, 144, 130
L 630.1250, -280.2500, -0.3740, 630.1250, -307.5000, -0.3740, 150, 144, 130
L 685.5634, -280.2500, -0.3740, 630.1250, -280.2500, -0.3740, 150, 144, 130
L 699.3438, -294.0298, -0.3740, 685.5634, -280.2500, -0.3740, 150, 144, 130
L 699.3438, -335.7197, -0.3740, 699.3438, -294.0298, -0.3740, 150, 144, 130
L 685.5633, -349.5001, -0.3740, 699.3438, -335.7197, -0.3740, 150, 144, 130
L 630.0995, -349.5000, -0.3740, 685.5633, -349.5001, -0.3740, 150, 144, 130
L 629.2922, -349.8019, -0.3740, 630.0995, -349.5000, -0.3740, 150, 144, 130
L 615.3750, -363.8993, 0.6260, 629.2922, -349.8019, -0.3740, 150, 144, 130
L 615.3750, -377.6884, 0.6260, 615.3750, -363.8993, 0.6260, 150, 144, 130
L 602.1249, -390.9385, -0.3740, 615.3750, -377.6884, 0.6260, 150, 144, 130
L 602.1249, -364.0479, 0.6260, 602.1249, -390.9385, -0.3740, 150, 144, 130
L 601.5689, -363.4688, 0.6260, 602.1249, -364.0479, 0.6260, 150, 144, 130
L 574.0730, -363.4688, 0.6260, 601.5689, -363.4688, 0.6260, 150, 144, 130
L 573.4062, -363.9393, 0.6260, 574.0730, -363.4688, 0.6260, 150, 144, 130
L 573.4063, -377.4687, 0.6260, 573.4062, -363.9393, 0.6260, 150, 144, 130
L 573.4063, -377.4687, 0.6260, 573.4063, -377.4687, 0.6260, 176, 150, 104
L 572.0391, -377.4688, 0.6260, 573.4063, -377.4687, 0.6260, 176, 150, 104
L 571.4063, -378.0355, 0.6260, 572.0391, -377.4688, 0.6260, 176, 150, 104
L 571.4063, -379.5664, 0.6260, 571.4063, -378.0355, 0.6260, 176, 150, 104
L 572.0006, -380.2187, 0.6260, 571.4063, -379.5664, 0.6260, 176, 150, 104
L 575.5916, -380.2188, 0.6260, 572.0006, -380.2187, 0.6260, 176, 150, 104
L 576.1562, -379.7245, 0.6260, 575.5916, -380.2188, 0.6260, 176, 150, 104
L 576.1562, -366.2187, 0.6260, 576.1562, -379.7245, 0.6260, 176, 150, 104
L 599.3750, -366.2187, 0.6260, 576.1562, -366.2187, 0.6260, 176, 150, 104
L 599.3750, -389.4688, 0.6260, 599.3750, -366.2187, 0.6260, 176, 150, 104
L 572.2455, -389.4688, 0.6260, 599.3750, -389.4688, 0.6260, 176, 150, 104
L 571.4063, -389.9415, 0.6260, 572.2455, -389.4688, 0.6260, 176, 150, 104
L 571.4063, -391.4688, 0.6260, 571.4063, -389.9415, 0.6260, 176, 150, 104
L 559.9360, -391.4688, 0.6260, 571.4063, -391.4688, 0.6260, 150, 144, 130
L 539.0543, -370.5865, 1.6260, 559.9360, -391.4688, 0.6260, 150, 144, 130
L 539.1562, -357.0303, 1.6260, 539.0543, -370.5865, 1.6260, 40, 92, 158
L 538.6358, -356.4688, 1.6260, 539.1562, -357.0303, 1.6260, 40, 92, 158
L 525.1416, -356.4688, 1.6260, 538.6358, -356.4688, 1.6260, 40, 92, 158
L 524.4063, -356.9952, 1.6260, 525.1416, -356.4688, 1.6260, 40, 92, 158
L 524.4063, -357.6801, 1.6260, 524.4063, -356.9952, 1.6260, 40, 92, 158
L 524.5519, -370.5470, 1.6260, 524.4063, -357.6801, 1.6260, 40, 92, 158
L 524.5519, -370.5470, 1.6260, 524.5519, -370.5470, 1.6260, 150, 144, 130
L 517.8159, -377.2786, 1.6260, 524.5519, -370.5470, 1.6260, 150, 144, 130
L 517.4062, -377.6888, -0.3740, 517.8159, -377.2786, 1.6260, 150, 144, 130
L 504.1867, -390.9378, -0.3740, 517.4062, -377.6888, -0.3740, 150, 144, 130
L 504.1875, -390.9370, -0.3740, 504.1867, -390.9378, -0.3740, 176, 150, 104
L 504.1875, -362.1472, 0.6260, 504.1875, -390.9370, -0.3740, 176, 150, 104
L 503.5697, -361.4688, 0.6260, 504.1875, -362.1472, 0.6260, 176, 150, 104
L 501.9964, -361.4688, 0.6260, 503.5697, -361.4688, 0.6260, 176, 150, 104
L 501.4375, -362.1187, 0.6260, 501.9964, -361.4688, 0.6260, 176, 150, 104
L 501.4375, -389.4688, 0.6260, 501.4375, -362.1187, 0.6260, 176, 150, 104
L 478.1791, -389.4682, 0.6260, 501.4375, -389.4688, 0.6260, 176, 150, 104
L 478.1875, -366.2187, 0.6260, 478.1791, -389.4682, 0.6260, 176, 150, 104
L 491.4941, -366.2187, 0.6260, 478.1875, -366.2187, 0.6260, 176, 150, 104
L 492.1875, -365.5941, 0.6260, 491.4941, -366.2187, 0.6260, 176, 150, 104
L 492.1875, -362.0971, 0.6260, 492.1875, -365.5941, 0.6260, 176, 150, 104
L 491.5443, -361.4688, 0.6260, 492.1875, -362.0971, 0.6260, 176, 150, 104
L 490.0406, -361.4688, 0.6260, 491.5443, -361.4688, 0.6260, 176, 150, 104
L 489.4375, -361.9547, 0.6260, 490.0406, -361.4688, 0.6260, 176, 150, 104
L 489.4375, -363.4688, 0.6260, 489.4375, -361.9547, 0.6260, 176, 150, 104
L 475.9382, -363.4688, 0.6260, 489.4375, -363.4688, 0.6260, 176, 150, 104
L 475.4375, -364.0045, -0.3740, 475.9382, -363.4688, 0.6260, 176, 150, 104
L 475.4375, -376.9384, -0.3740, 475.4375, -364.0045, -0.3740, 176, 150, 104
L 475.4375, -376.9384, -0.3740, 475.4375, -376.9384, -0.3740, 150, 144, 130
L 448.7192, -350.2500, -0.3740, 475.4375, -376.9384, -0.3740, 150, 144, 130
L 461.3055, -350.2500, -0.3740, 448.7192, -350.2500, -0.3740, 150, 144, 130
L 462.1875, -349.5000, 0.6260, 461.3055, -350.2500, -0.3740, 150, 144, 130
L 462.1875, -306.3624, 0.6260, 462.1875, -349.5000, 0.6260, 150, 144, 130
L 461.5199, -305.5000, 0.6260, 462.1875, -306.3624, 0.6260, 150, 144, 130
L 460.0179, -305.5000, 0.6260, 461.5199, -305.5000, 0.6260, 150, 144, 130
L 459.4375, -306.0748, 0.6260, 460.0179, -305.5000, 0.6260, 150, 144, 130
L 459.4375, -308.7197, 0.6260, 459.4375, -306.0748, 0.6260, 150, 144, 130
L 441.4375, -347.5000, 0.6260, 441.4375, -338.2681, 0.6260, 150, 144, 130
L 441.4375, -310.2481, 0.6260, 441.4375, -347.5000, 0.6260, 150, 144, 130
L 418.2187, -310.2500, 0.6260, 441.4375, -310.2481, 0.6260, 150, 144, 130
L 418.2187, -315.7196, 0.6260, 418.2187, -310.2500, 0.6260, 150, 144, 130
L 419.8695, -317.3704, 0.6260, 418.2187, -315.7196, 0.6260, 150, 144, 130
L 420.2187, -318.1500, 0.6260, 419.8695, -317.3704, 0.6260, 150, 144, 130
L 420.2187, -339.5285, 0.6260, 420.2187, -318.1500, 0.6260, 150, 144, 130
L 419.8858, -340.3632, 0.6260, 420.2187, -339.5285, 0.6260, 150, 144, 130
L 418.2187, -342.0303, 0.6260, 419.8858, -340.3632, 0.6260, 150, 144, 130
L 418.2187, -347.5000, 0.6260, 418.2187, -342.0303, 0.6260, 150, 144, 130
L 441.4375, -347.5000, 0.6260, 418.2187, -347.5000, 0.6260, 150, 144, 130
L 459.4375, -347.5000, 0.6260, 459.4375, -306.3341, 0.6260, 150, 144, 130
L 444.1869, -347.5000, 0.6260, 459.4375, -347.5000, 0.6260, 150, 144, 130
L 444.1875, -310.2500, 0.6260, 444.1869, -347.5000, 0.6260, 150, 144, 130
L 449.5674, -310.2500, 0.6260, 444.1875, -310.2500, 0.6260, 150, 144, 130
L 450.1875, -309.5622, 0.6260, 449.5674, -310.2500, 0.6260, 150, 144, 130
L 450.1875, -306.3559, 0.6260, 450.1875, -309.5622, 0.6260, 150, 144, 130
L 449.5648, -305.5000, 0.6260, 450.1875, -306.3559, 0.6260, 150, 144, 130
L 448.1062, -305.5000, 0.6260, 449.5648, -305.5000, 0.6260, 150, 144, 130
L 447.4375, -305.9658, 0.6260, 448.1062, -305.5000, 0.6260, 150, 144, 130
L 447.4375, -307.5000, 0.6260, 447.4375, -305.9658, 0.6260, 150, 144, 130
L 447.4375, -307.5000, 0.6260, 447.4375, -307.5000, 0.6260, 150, 144, 130
L 405.9982, -307.5000, 0.6260, 447.4375, -307.5000, 0.6260, 150, 144, 130
L 392.2187, -293.7197, 0.6260, 405.9982, -307.5000, 0.6260, 150, 144, 130
L 392.2187, -280.2500, 0.6260, 392.2187, -293.7197, 0.6260, 150, 144, 130
L 419.5040, -280.2500, 0.6260, 392.2187, -280.2500, 0.6260, 150, 144, 130
L 420.2187, -279.7005, 0.6260, 419.5040, -280.2500, 0.6260, 150, 144, 130
L 420.2187, -252.1690, 0.6260, 420.2187, -279.7005, 0.6260, 150, 144, 130
L 419.6787, -251.5313, 0.6260, 420.2187, -252.1690, 0.6260, 150, 144, 130
L 409.8033, -251.5313, 0.6800, 419.6787, -251.5313, 0.6260, 150, 144, 130
L 407.6697, -241.8722, 0.7345, 409.8033, -251.5313, 0.6800, 176, 150, 104
L 399.8579, -239.7757, 0.6723, 407.6697, -241.8722, 0.7345, 176, 150, 104
L 397.6447, -229.7247, 0.7397, 399.8579, -239.7757, 0.6723, 176, 150, 104
L 392.2187, -223.9444, 0.6260, 397.6447, -229.7247, 0.7397, 176, 150, 104
L 657.3750, -167.5625, 0.6260, 657.3750, -160.6536, 0.6260, 150, 144, 130
L 617.5447, -167.5625, 16.6155, 657.3750, -167.5625, 0.6260, 150, 144, 130
L 573.7901, -167.5625, 0.6400, 617.5447, -167.5625, 16.6155, 150, 144, 130
L 573.9603, -140.2670, 0.6260, 573.8499, -153.9230, 0.6573, 150, 144, 130
L 587.5412, -126.6775, 0.6905, 573.9603, -140.2670, 0.6260, 150, 144, 130
L 573.7094, -154.0628, 0.6260, 587.5412, -126.6775, 0.6905, 176, 150, 104
L 573.7457, -167.5625, 0.6260, 573.7094, -154.0628, 0.6260, 176, 150, 104
L 503.9678, -167.5625, 0.6260, 573.7457, -167.5625, 0.6260, 150, 144, 130
L 490.3431, -153.9378, 0.6260, 503.9678, -167.5625, 0.6260, 150, 144, 130
L 489.3895, -153.5625, 0.6260, 490.3431, -153.9378, 0.6260, 150, 144, 130
L 462.1367, -153.5625, 0.6260, 489.3895, -153.5625, 0.6260, 150, 144, 130
L 461.3459, -153.8737, 0.6260, 462.1367, -153.5625, 0.6260, 150, 144, 130
L 447.3511, -167.6948, 0.6260, 461.3459, -153.8737, 0.6260, 150, 144, 130
L 447.3511, -167.6948, 0.6260, 447.3511, -167.6948, 0.6260, 150, 144, 130
L 101.6058, -367.2188, 27.6260, 101.6056, -376.4687, 27.6260, 176, 150, 104
L 100.6059, -376.4688, 26.6260, 100.6054, -367.2188, 26.6260, 176, 150, 104
L 99.6059, -367.2188, 25.6260, 99.6059, -376.4688, 25.6260, 176, 150, 104
L 99.6059, -367.2188, 25.6260, 99.6059, -367.2188, 25.6260, 176, 150, 104
L 98.6059, -367.2188, 24.6260, 98.6059, -376.4688, 24.6260, 176, 150, 104
L 97.6059, -376.4688, 23.6260, 97.6059, -367.2188, 23.6260, 176, 150, 104
L 97.6059, -376.4688, 23.6260, 97.6059, -376.4688, 23.6260, 176, 150, 104
L 96.6059, -376.4687, 22.6260, 96.6059, -367.2187, 22.6260, 176, 150, 104
L 95.5938, -366.2963, 21.6260, 95.6051, -376.4688, 21.6260, 176, 150, 104
L 95.5937, -365.4809, 20.6260, 86.3437, -365.4941, 20.6667, 176, 150, 104
L 86.3437, -364.4811, 19.6266, 95.5937, -364.4807, 19.6260, 176, 150, 104
L 95.5937, -363.4791, 18.6260, 86.3437, -363.5032, 18.6882, 176, 150, 104
L 86.3437, -362.5009, 17.6833, 95.5937, -362.4808, 17.6260, 176, 150, 104
L 95.5937, -361.4803, 16.6260, 86.3437, -361.5447, 16.7576, 176, 150, 104
L 86.3437, -360.4963, 15.6723, 95.5937, -360.4808, 15.6260, 176, 150, 104
L 98.0032, -359.4688, 14.6260, 86.3437, -359.4893, 14.6537, 176, 150, 104
L 110.6050, -338.2500, 13.6260, 110.6056, -347.5000, 13.6260, 176, 150, 104
L 109.6039, -347.5000, 12.6260, 109.6059, -338.2500, 12.6260, 176, 150, 104
L 108.6054, -338.2500, 11.6260, 108.6058, -347.5000, 11.6260, 176, 150, 104
L 107.6050, -347.5000, 10.6260, 107.6059, -338.2500, 10.6260, 176, 150, 104
L 106.6059, -338.2500, 9.6260, 106.6059, -347.5000, 9.6260, 176, 150, 104
L 105.6059, -347.5000, 8.6260, 105.6055, -338.2500, 8.6260, 176, 150, 104
L 104.6059, -338.2491, 7.6260, 104.6059, -347.5000, 7.6260, 176, 150, 104
L 102.6059, -347.5000, 5.6260, 102.6059, -338.2500, 5.6260, 176, 150, 104
L 103.6059, -338.2500, 6.6260, 103.6059, -347.5000, 6.6260, 176, 150, 104
L 101.6048, -347.5000, 4.6260, 101.6059, -338.2500, 4.6260, 176, 150, 104
L 100.6059, -338.2500, 3.6260, 100.6041, -347.5000, 3.6260, 176, 150, 104
L 99.6059, -347.5000, 2.6260, 99.6059, -338.2500, 2.6260, 176, 150, 104
L 98.6059, -338.2500, 1.6260, 98.6058, -347.5000, 1.6260, 176, 150, 104
L 97.6059, -347.5000, 0.6260, 97.6059, -347.5000, 0.6260, 176, 150, 104
L 110.9927, -347.5000, 14.6260, 97.6059, -347.5000, 0.6260, 176, 150, 104
L 125.7746, -347.5000, 14.6260, 110.9927, -347.5000, 14.6260, 176, 150, 104
L 126.3125, -347.9616, 14.6260, 125.7746, -347.5000, 14.6260, 176, 150, 104
L 126.3125, -348.6424, 14.6260, 126.3125, -347.9616, 14.6260, 176, 150, 104
L 125.6604, -349.2500, 14.6260, 126.3125, -348.6424, 14.6260, 176, 150, 104
L 104.3437, -349.2499, 14.6260, 125.6604, -349.2500, 14.6260, 176, 150, 104
L 104.3437, -349.5980, 14.6260, 104.3437, -349.2499, 14.6260, 176, 150, 104
L 103.8306, -350.2500, 14.6260, 104.3437, -349.5980, 14.6260, 176, 150, 104
L 86.3437, -350.2500, 14.6260, 103.8306, -350.2500, 14.6260, 176, 150, 104
L 86.3437, -359.4809, 14.6260, 86.3437, -350.2500, 14.6260, 176, 150, 104
L 86.3437, -365.8351, 21.6258, 86.3437, -359.4809, 14.6260, 176, 150, 104
L 86.3437, -376.4688, 21.6260, 86.3437, -365.8351, 21.6258, 176, 150, 104
L 95.6059, -376.4688, 21.6260, 86.3437, -376.4688, 21.6260, 176, 150, 104
L 102.0461, -376.4688, 28.6260, 95.6059, -376.4688, 21.6260, 176, 150, 104
L 113.5938, -376.4688, 28.6260, 102.0461, -376.4688, 28.6260, 176, 150, 104
L 113.5938, -360.1274, 28.6260, 113.5938, -376.4688, 28.6260, 176, 150, 104
L 114.0895, -359.4688, 28.6260, 113.5938, -360.1274, 28.6260, 176, 150, 104
L 125.7458, -359.4688, 28.6260, 114.0895, -359.4688, 28.6260, 176, 150, 104
L 126.3125, -360.1130, 28.6260, 125.7458, -359.4688, 28.6260, 176, 150, 104
L 126.3125, -361.5361, 28.6260, 126.3125, -360.1130, 28.6260, 176, 150, 104
L 125.6610, -362.2187, 28.6260, 126.3125, -361.5361, 28.6260, 176, 150, 104
L 116.3437, -362.2187, 28.6260, 125.6610, -362.2187, 28.6260, 176, 150, 104
L 116.3431, -375.4688, 28.6260, 116.3437, -362.2187, 28.6260, 176, 150, 104
L 137.5625, -375.4688, 28.6260, 116.3431, -375.4688, 28.6260, 176, 150, 104
L 137.5625, -362.2187, 28.6260, 137.5625, -375.4688, 28.6260, 176, 150, 104
L 136.1927, -362.2187, 28.6260, 137.5625, -362.2187, 28.6260, 176, 150, 104
L 135.5625, -361.7043, 28.6260, 136.1927, -362.2187, 28.6260, 176, 150, 104
L 135.5625, -359.9902, 28.6260, 135.5625, -361.7043, 28.6260, 176, 150, 104
L 136.1957, -359.4688, 28.6260, 135.5625, -359.9902, 28.6260, 176, 150, 104
L 137.5625, -359.4688, 28.6260, 136.1957, -359.4688, 28.6260, 176, 150, 104
L 137.5625, -350.2494, 28.6260, 137.5625, -359.4688, 28.6260, 176, 150, 104
L 126.3406, -350.2500, 28.6260, 137.5625, -350.2494, 28.6260, 176, 150, 104
L 125.5625, -349.7877, 28.6260, 126.3406, -350.2500, 28.6260, 176, 150, 104
L 125.5625, -348.1931, 28.6260, 125.5625, -349.7877, 28.6260, 176, 150, 104
L 126.0704, -347.5000, 28.6260, 125.5625, -348.1931, 28.6260, 176, 150, 104
L 137.5625, -347.5000, 28.6260, 126.0704, -347.5000, 28.6260, 176, 150, 104
L 137.5625, -310.2493, 28.6260, 137.5625, -347.5000, 28.6260, 176, 150, 104
L 116.3437, -310.2500, 32.3961, 137.5625, -310.2493, 28.6260, 176, 150, 104
L 116.3436, -335.5000, 28.6260, 116.3437, -310.2500, 32.3961, 176, 150, 104
L 125.5625, -335.5000, 28.6260, 116.3436, -335.5000, 28.6260, 176, 150, 104
L 125.5625, -330.1672, 28.6260, 125.5625, -335.5000, 28.6260, 176, 150, 104
L 126.2674, -329.5000, 28.6260, 125.5625, -330.1672, 28.6260, 176, 150, 104
L 127.5859, -329.5000, 28.6260, 126.2674, -329.5000, 28.6260, 176, 150, 104
L 128.3125, -330.1072, 28.6260, 127.5859, -329.5000, 28.6260, 176, 150, 104
L 128.3125, -337.6642, 28.6260, 128.3125, -330.1072, 28.6260, 176, 150, 104
L 127.7300, -338.2500, 28.6260, 128.3125, -337.6642, 28.6260, 176, 150, 104
L 114.1419, -338.2500, 28.6260, 127.7300, -338.2500, 28.6260, 176, 150, 104
L 113.5938, -337.7214, 28.6260, 114.1419, -338.2500, 28.6260, 176, 150, 104
L 113.5938, -310.2495, 28.6260, 113.5938, -337.7214, 28.6260, 176, 150, 104
L 104.3437, -310.2500, 28.6260, 113.5938, -310.2495, 28.6260, 176, 150, 104
L 104.3437, -311.6181, 28.6260, 104.3437, -310.2500, 28.6260, 176, 150, 104
L 103.6738, -312.2500, 28.6260, 104.3437, -311.6181, 28.6260, 176, 150, 104
L 102.0591, -312.2500, 28.6260, 103.6738, -312.2500, 28.6260, 176, 150, 104
L 101.5938, -311.6046, 28.6260, 102.0591, -312.2500, 28.6260, 176, 150, 104
L 101.5938, -310.2495, 28.6260, 101.5938, -311.6046, 28.6260, 176, 150, 104
L 86.3438, -310.2500, 28.6260, 101.5938, -310.2495, 28.6260, 176, 150, 104
L 86.3436, -335.5000, 28.6260, 86.3438, -310.2500, 28.6260, 176, 150, 104
L 87.6841, -335.5000, 28.6260, 86.3436, -335.5000, 28.6260, 176, 150, 104
L 88.3437, -336.0129, 28.6260, 87.6841, -335.5000, 28.6260, 176, 150, 104
L 88.3437, -337.6478, 28.6260, 88.3437, -336.0129, 28.6260, 176, 150, 104
L 87.6400, -338.2500, 28.6260, 88.3437, -337.6478, 28.6260, 176, 150, 104
L 86.3437, -338.2499, 28.6260, 87.6400, -338.2500, 28.6260, 176, 150, 104
L 86.3437, -347.5000, 28.6260, 86.3437, -338.2499, 28.6260, 176, 150, 104
L 99.5938, -347.5000, 28.6260, 86.3437, -347.5000, 28.6260, 176, 150, 104
L 99.5938, -338.2500, 28.6260, 99.5938, -347.5000, 28.6260, 176, 150, 104
L 98.2356, -338.2500, 28.6260, 99.5938, -338.2500, 28.6260, 176, 150, 104
L 97.5938, -337.6304, 28.6260, 98.2356, -338.2500, 28.6260, 176, 150, 104
L 97.5938, -336.0211, 28.6260, 97.5938, -337.6304, 28.6260, 176, 150, 104
L 98.1041, -335.5000, 28.6260, 97.5938, -336.0211, 28.6260, 176, 150, 104
L 101.5938, -335.5000, 28.6260, 98.1041, -335.5000, 28.6260, 176, 150, 104
L 101.5938, -322.1322, 28.6260, 101.5938, -335.5000, 28.6260, 176, 150, 104
L 102.0883, -321.5000, 28.6260, 101.5938, -322.1322, 28.6260, 176, 150, 104
L 103.6052, -321.5000, 28.6260, 102.0883, -321.5000, 28.6260, 176, 150, 104
L 104.3437, -322.0052, 28.6260, 103.6052, -321.5000, 28.6260, 176, 150, 104
L 104.3436, -347.5000, 28.6260, 104.3437, -322.0052, 28.6260, 176, 150, 104
L 115.8193, -347.5000, 28.6260, 104.3436, -347.5000, 28.6260, 176, 150, 104
L 116.3437, -347.9696, 28.6260, 115.8193, -347.5000, 28.6260, 176, 150, 104
L 116.3437, -349.4256, 28.6260, 116.3437, -347.9696, 28.6260, 176, 150, 104
L 115.7656, -350.2500, 28.6260, 116.3437, -349.4256, 28.6260, 176, 150, 104
L 104.3437, -350.2500, 28.6260, 115.7656, -350.2500, 28.6260, 176, 150, 104
L 104.3437, -366.4628, 28.6260, 104.3437, -350.2500, 28.6260, 176, 150, 104
L 103.7224, -367.2188, 28.6260, 104.3437, -366.4628, 28.6260, 176, 150, 104
L 96.1082, -367.2187, 22.6260, 103.7224, -367.2188, 28.6260, 176, 150, 104
L 95.5938, -366.5659, 21.6260, 96.1082, -367.2187, 22.6260, 176, 150, 104
L 95.5938, -359.9340, 15.6260, 95.5938, -366.5659, 21.6260, 176, 150, 104
L 96.1755, -359.4688, 14.6260, 95.5938, -359.9340, 15.6260, 176, 150, 104
L 103.7623, -359.4688, 14.6260, 96.1755, -359.4688, 14.6260, 176, 150, 104
L 104.3437, -360.0930, 14.6260, 103.7623, -359.4688, 14.6260, 176, 150, 104
L 104.3437, -375.4688, 14.6260, 104.3437, -360.0930, 14.6260, 176, 150, 104
L 137.5625, -375.4688, 14.6260, 104.3437, -375.4688, 14.6260, 176, 150, 104
L 137.5625, -349.2496, 14.6260, 137.5625, -375.4688, 14.6260, 176, 150, 104
L 136.1687, -349.2500, 14.6260, 137.5625, -349.2496, 14.6260, 176, 150, 104
L 135.5625, -348.7654, 14.6260, 136.1687, -349.2500, 14.6260, 176, 150, 104
L 135.5625, -347.9351, 14.6260, 135.5625, -348.7654, 14.6260, 176, 150, 104
L 136.0540, -347.5000, 14.6260, 135.5625, -347.9351, 14.6260, 176, 150, 104
L 137.5625, -347.5000, 14.6260, 136.0540, -347.5000, 14.6260, 176, 150, 104
L 137.5625, -338.2500, 14.6260, 137.5625, -347.5000, 14.6260, 176, 150, 104
L 126.1563, -338.2500, 14.6260, 137.5625, -338.2500, 14.6260, 176, 150, 104
L 125.5625, -337.6413, 14.6260, 126.1563, -338.2500, 14.6260, 176, 150, 104
L 125.5625, -328.1869, 14.6260, 125.5625, -337.6413, 14.6260, 176, 150, 104
L 126.1490, -327.5000, 14.6260, 125.5625, -328.1869, 14.6260, 176, 150, 104
L 137.5625, -327.5000, 14.6260, 126.1490, -327.5000, 14.6260, 176, 150, 104
L 137.5625, -280.2500, 14.6260, 137.5625, -327.5000, 14.6260, 176, 150, 104
L 114.1442, -280.2500, 14.6260, 137.5625, -280.2500, 14.6260, 176, 150, 104
L 113.5938, -279.6135, 14.6260, 114.1442, -280.2500, 14.6260, 176, 150, 104
L 113.5938, -254.1093, 14.6260, 113.5938, -279.6135, 14.6260, 176, 150, 104
L 114.2467, -253.5313, 14.6260, 113.5938, -254.1093, 14.6260, 176, 150, 104
L 117.5584, -253.5313, 14.6260, 114.2467, -253.5313, 14.6260, 176, 150, 104
L 118.3125, -254.0939, 14.6260, 117.5584, -253.5313, 14.6260, 176, 150, 104
L 118.3125, -255.5636, 14.6260, 118.3125, -254.0939, 14.6260, 176, 150, 104
L 117.7980, -256.2812, 14.6260, 118.3125, -255.5636, 14.6260, 176, 150, 104
L 116.3437, -256.2812, 14.6260, 117.7980, -256.2812, 14.6260, 176, 150, 104
L 116.3428, -277.5000, 14.6260, 116.3437, -256.2812, 14.6260, 176, 150, 104
L 137.5625, -277.5001, 14.6260, 116.3428, -277.5000, 14.6260, 176, 150, 104
L 137.5626, -256.2812, 14.6260, 137.5625, -277.5001, 14.6260, 176, 150, 104
L 128.3138, -256.2812, 14.6260, 137.5626, -256.2812, 14.6260, 176, 150, 104
L 127.5625, -255.7220, 14.6260, 128.3138, -256.2812, 14.6260, 176, 150, 104
L 127.5625, -254.0937, 14.6260, 127.5625, -255.7220, 14.6260, 176, 150, 104
L 128.0632, -253.5313, 14.6260, 127.5625, -254.0937, 14.6260, 176, 150, 104
L 139.8147, -253.5313, 14.6260, 128.0632, -253.5313, 14.6260, 176, 150, 104
L 140.3125, -254.2548, 14.6260, 139.8147, -253.5313, 14.6260, 176, 150, 104
L 140.3122, -263.5313, 14.6260, 140.3125, -254.2548, 14.6260, 176, 150, 104
L 163.5625, -263.5313, 14.6260, 140.3122, -263.5313, 14.6260, 176, 150, 104
L 163.5625, -249.9555, 14.6260, 163.5625, -263.5313, 14.6260, 176, 150, 104
L 164.0986, -249.5313, 14.6260, 163.5625, -249.9555, 14.6260, 176, 150, 104
L 173.7614, -249.5313, 14.6260, 164.0986, -249.5313, 14.6260, 176, 150, 104
L 174.3125, -250.0058, 14.6260, 173.7614, -249.5313, 14.6260, 176, 150, 104
L 174.3122, -251.5313, 14.6260, 174.3125, -250.0058, 14.6260, 176, 150, 104
L 175.7160, -251.5313, 14.6260, 174.3122, -251.5313, 14.6260, 176, 150, 104
L 176.3125, -252.0911, 14.6260, 175.7160, -251.5313, 14.6260, 176, 150, 104
L 176.3125, -253.8377, 14.6260, 176.3125, -252.0911, 14.6260, 176, 150, 104
L 175.7543, -254.2812, 14.6260, 176.3125, -253.8377, 14.6260, 176, 150, 104
L 166.3125, -254.2812, 14.6260, 175.7543, -254.2812, 14.6260, 176, 150, 104
L 166.3125, -271.6959, 14.6260, 166.3125, -254.2812, 14.6260, 176, 150, 104
L 165.7069, -272.2813, 14.6260, 166.3125, -271.6959, 14.6260, 176, 150, 104
L 164.0803, -272.2813, 14.6260, 165.7069, -272.2813, 14.6260, 176, 150, 104
L 163.5625, -271.7495, 14.6260, 164.0803, -272.2813, 14.6260, 176, 150, 104
L 163.5625, -266.2804, 14.6260, 163.5625, -271.7495, 14.6260, 176, 150, 104
L 140.3125, -266.2812, 14.6260, 163.5625, -266.2804, 14.6260, 176, 150, 104
L 140.3115, -283.5000, 14.6260, 140.3125, -266.2812, 14.6260, 176, 150, 104
L 163.5625, -283.5000, 14.6260, 140.3115, -283.5000, 14.6260, 176, 150, 104
L 163.5625, -282.0234, 14.6260, 163.5625, -283.5000, 14.6260, 176, 150, 104
L 164.0128, -281.5000, 14.6260, 163.5625, -282.0234, 14.6260, 176, 150, 104
L 165.8062, -281.5000, 14.6260, 164.0128, -281.5000, 14.6260, 176, 150, 104
L 166.3125, -282.1409, 14.6260, 165.8062, -281.5000, 14.6260, 176, 150, 104
L 166.3122, -283.5000, 14.6260, 166.3125, -282.1409, 14.6260, 176, 150, 104
L 195.5313, -283.5000, 14.6260, 166.3122, -283.5000, 14.6260, 176, 150, 104
L 195.5313, -254.2812, 14.6260, 195.5313, -283.5000, 14.6260, 176, 150, 104
L 186.1383, -254.2812, 14.6260, 195.5313, -254.2812, 14.6260, 176, 150, 104
L 185.5625, -253.6904, 14.6260, 186.1383, -254.2812, 14.6260, 176, 150, 104
L 185.5625, -252.2522, 14.6260, 185.5625, -253.6904, 14.6260, 176, 150, 104
L 186.1121, -251.5313, 14.6260, 185.5625, -252.2522, 14.6260, 176, 150, 104
L 187.5625, -251.5313, 14.6260, 186.1121, -251.5313, 14.6260, 176, 150, 104
L 187.5625, -250.1801, 14.6260, 187.5625, -251.5313, 14.6260, 176, 150, 104
L 188.2584, -249.5313, 14.6260, 187.5625, -250.1801, 14.6260, 176, 150, 104
L 197.6893, -249.5313, 14.6260, 188.2584, -249.5313, 14.6260, 176, 150, 104
L 198.2812, -250.2442, 14.6260, 197.6893, -249.5313, 14.6260, 176, 150, 104
L 198.2812, -285.5993, 14.6260, 198.2812, -250.2442, 14.6260, 176, 150, 104
L 197.7467, -286.2500, 14.6260, 198.2812, -285.5993, 14.6260, 176, 150, 104
L 162.3125, -286.2499, 14.6260, 197.7467, -286.2500, 14.6260, 176, 150, 104
L 162.3125, -305.6448, 14.6260, 162.3125, -286.2499, 14.6260, 176, 150, 104
L 161.7692, -306.2500, 14.6260, 162.3125, -305.6448, 14.6260, 176, 150, 104
L 160.2289, -306.2500, 14.6260, 161.7692, -306.2500, 14.6260, 176, 150, 104
L 159.5625, -305.4013, 14.6260, 160.2289, -306.2500, 14.6260, 176, 150, 104
L 159.5625, -286.2492, 14.6260, 159.5625, -305.4013, 14.6260, 176, 150, 104
L 142.3125, -286.2500, 14.6260, 159.5625, -286.2492, 14.6260, 176, 150, 104
L 142.3120, -317.5000, 14.6260, 142.3125, -286.2500, 14.6260, 176, 150, 104
L 159.5625, -317.5000, 14.6260, 142.3120, -317.5000, 14.6260, 176, 150, 104
L 159.5625, -316.1566, 14.6260, 159.5625, -317.5000, 14.6260, 176, 150, 104
L 160.1816, -315.5000, 14.6260, 159.5625, -316.1566, 14.6260, 176, 150, 104
L 161.7587, -315.5000, 14.6260, 160.1816, -315.5000, 14.6260, 176, 150, 104
L 162.3125, -316.0492, 14.6260, 161.7587, -315.5000, 14.6260, 176, 150, 104
L 162.3123, -317.5000, 14.6260, 162.3125, -316.0492, 14.6260, 176, 150, 104
L 171.5625, -317.5000, 14.6260, 162.3123, -317.5000, 14.6260, 176, 150, 104
L 171.5625, -296.0610, 14.6260, 171.5625, -317.5000, 14.6260, 176, 150, 104
L 172.1320, -295.5000, 14.6260, 171.5625, -296.0610, 14.6260, 176, 150, 104
L 183.6414, -295.5000, 14.6260, 172.1320, -295.5000, 14.6260, 176, 150, 104
L 184.3125, -296.1308, 14.6260, 183.6414, -295.5000, 14.6260, 176, 150, 104
L 184.3125, -297.5768, 14.6260, 184.3125, -296.1308, 14.6260, 176, 150, 104
L 183.7096, -298.2500, 14.6260, 184.3125, -297.5768, 14.6260, 176, 150, 104
L 174.3125, -298.2500, 14.6260, 183.7096, -298.2500, 14.6260, 176, 150, 104
L 174.3125, -317.5000, 14.6260, 174.3125, -298.2500, 14.6260, 176, 150, 104
L 207.5313, -317.5000, 14.6260, 174.3125, -317.5000, 14.6260, 176, 150, 104
L 207.5313, -298.2464, 18.3558, 207.5313, -317.5000, 14.6260, 176, 150, 104
L 194.2388, -298.2500, 14.6260, 207.5313, -298.2464, 18.3558, 176, 150, 104
L 193.5625, -297.6698, 14.6260, 194.2388, -298.2500, 14.6260, 176, 150, 104
L 193.5625, -296.2049, 14.6260, 193.5625, -297.6698, 14.6260, 176, 150, 104
L 194.3066, -295.5000, 14.6260, 193.5625, -296.2049, 14.6260, 176, 150, 104
L 207.5313, -295.5000, 14.6260, 194.3066, -295.5000, 14.6260, 176, 150, 104
L 207.5313, -240.2813, 14.6260, 207.5313, -295.5000, 14.6260, 176, 150, 104
L 154.3125, -240.2813, 14.6260, 207.5313, -240.2813, 14.6260, 176, 150, 104
L 154.3125, -253.7532, 14.6260, 154.3125, -240.2813, 14.6260, 176, 150, 104
L 153.8064, -254.2813, 14.6260, 154.3125, -253.7532, 14.6260, 176, 150, 104
L 150.1138, -254.2813, 14.6260, 153.8064, -254.2813, 14.6260, 176, 150, 104
L 149.5625, -253.7472, 14.6260, 150.1138, -254.2813, 14.6260, 176, 150, 104
L 149.5625, -240.2812, 14.6260, 149.5625, -253.7472, 14.6260, 176, 150, 104
L 140.3125, -240.2812, 14.6260, 149.5625, -240.2812, 14.6260, 176, 150, 104
L 140.3125, -243.6257, 14.6260, 140.3125, -240.2812, 14.6260, 176, 150, 104
L 139.6545, -244.2812, 14.6260, 140.3125, -243.6257, 14.6260, 176, 150, 104
L 104.3437, -244.2812, 14.6260, 139.6545, -244.2812, 14.6260, 176, 150, 104
L 104.3437, -257.6833, 14.6260, 104.3437, -244.2812, 14.6260, 176, 150, 104
L 103.6300, -258.2813, 14.6260, 104.3437, -257.6833, 14.6260, 176, 150, 104
L 86.1834, -258.2812, 14.6260, 103.6300, -258.2813, 14.6260, 176, 150, 104
L 85.5938, -257.6117, 14.6260, 86.1834, -258.2812, 14.6260, 176, 150, 104
L 85.5938, -256.2813, 14.6260, 85.5938, -257.6117, 14.6260, 176, 150, 104
L 84.1754, -256.2813, 14.6260, 85.5938, -256.2813, 14.6260, 176, 150, 104
L 83.5938, -255.6145, 14.6260, 84.1754, -256.2813, 14.6260, 176, 150, 104
L 83.5938, -255.6145, 14.6260, 83.5938, -255.6145, 14.6260, 176, 150, 104
L 84.1447, -253.5313, 14.6260, 83.5938, -255.6145, 14.6260, 176, 150, 104
L 101.5937, -253.5313, 14.6260, 84.1447, -253.5313, 14.6260, 176, 150, 104
L 101.5938, -240.2465, 14.6260, 101.5937, -253.5313, 14.6260, 176, 150, 104
L 102.2154, -239.5313, 14.6260, 101.5938, -240.2465, 14.6260, 176, 150, 104
L 103.6774, -239.5313, 14.6260, 102.2154, -239.5313, 14.6260, 176, 150, 104
L 104.3437, -240.1179, 14.6260, 103.6774, -239.5313, 14.6260, 176, 150, 104
L 104.3437, -241.5313, 14.6260, 104.3437, -240.1179, 14.6260, 176, 150, 104
L 104.3437, -241.5313, 14.6260, 104.3437, -241.5313, 14.6260, 176, 150, 104
L 137.5625, -241.5313, 14.6260, 104.3437, -241.5313, 14.6260, 176, 150, 104
L 137.5625, -228.2810, 14.6260, 137.5625, -241.5313, 14.6260, 176, 150, 104
L 104.3437, -228.2812, 14.6260, 137.5625, -228.2810, 14.6260, 176, 150, 104
L 104.3437, -229.8273, 14.6260, 104.3437, -228.2812, 14.6260, 176, 150, 104
L 103.6343, -230.2813, 14.6260, 104.3437, -229.8273, 14.6260, 176, 150, 104
L 102.2814, -230.2813, 14.6260, 103.6343, -230.2813, 14.6260, 176, 150, 104
L 101.5938, -229.6838, 14.6260, 102.2814, -230.2813, 14.6260, 176, 150, 104
L 101.5938, -228.2807, 14.6260, 101.5938, -229.6838, 14.6260, 176, 150, 104
L 58.3437, -228.2812, 14.6260, 101.5938, -228.2807, 14.6260, 176, 150, 104
L 58.3436, -253.5313, 14.6260, 58.3437, -228.2812, 14.6260, 176, 150, 104
L 73.7120, -253.5313, 14.6260, 58.3436, -253.5313, 14.6260, 176, 150, 104
L 74.3437, -254.1184, 14.6260, 73.7120, -253.5313, 14.6260, 176, 150, 104
L 74.3437, -255.7185, 14.6260, 74.3437, -254.1184, 14.6260, 176, 150, 104
L 73.6831, -256.2813, 14.6260, 74.3437, -255.7185, 14.6260, 176, 150, 104
L 72.3437, -256.2813, 14.6260, 73.6831, -256.2813, 14.6260, 176, 150, 104
L 72.3435, -267.5313, 14.6260, 72.3437, -256.2813, 14.6260, 176, 150, 104
L 103.8111, -267.5313, 14.6260, 72.3435, -267.5313, 14.6260, 176, 150, 104
L 104.3437, -268.0826, 14.6260, 103.8111, -267.5313, 14.6260, 176, 150, 104
L 104.3437, -279.6796, 14.6260, 104.3437, -268.0826, 14.6260, 176, 150, 104
L 103.7674, -280.2500, 14.6260, 104.3437, -279.6796, 14.6260, 176, 150, 104
L 90.3437, -280.2499, 14.6260, 103.7674, -280.2500, 14.6260, 176, 150, 104
L 90.3437, -295.7082, 14.6260, 90.3437, -280.2499, 14.6260, 176, 150, 104
L 89.8548, -296.2500, 14.6260, 90.3437, -295.7082, 14.6260, 176, 150, 104
L 88.3620, -296.2500, 14.6260, 89.8548, -296.2500, 14.6260, 176, 150, 104
L 87.5938, -295.7309, 14.6260, 88.3620, -296.2500, 14.6260, 176, 150, 104
L 87.5938, -270.2812, 14.6260, 87.5938, -295.7309, 14.6260, 176, 150, 104
L 70.2062, -270.2812, 14.6260, 87.5938, -270.2812, 14.6260, 176, 150, 104
L 69.5938, -269.5878, 14.6260, 70.2062, -270.2812, 14.6260, 176, 150, 104
L 69.5938, -256.2806, 14.6260, 69.5938, -269.5878, 14.6260, 176, 150, 104
L 58.3437, -256.2812, 14.6260, 69.5938, -256.2806, 14.6260, 176, 150, 104
L 58.3434, -305.5000, 14.6260, 58.3437, -256.2812, 14.6260, 176, 150, 104
L 58.3437, -305.5000, 14.6260, 58.3434, -305.5000, 14.6260, 176, 150, 104
L 89.6474, -305.5000, 14.6260, 58.3437, -305.5000, 14.6260, 176, 150, 104
L 90.3437, -306.0146, 14.6260, 89.6474, -305.5000, 14.6260, 176, 150, 104
L 90.3437, -319.5435, 14.6260, 90.3437, -306.0146, 14.6260, 176, 150, 104
L 89.8068, -320.2500, 14.6260, 90.3437, -319.5435, 14.6260, 176, 150, 104
L 86.3437, -320.2500, 14.6260, 89.8068, -320.2500, 14.6260, 176, 150, 104
L 86.3437, -335.5000, 14.6260, 86.3437, -320.2500, 14.6260, 176, 150, 104
L 113.5938, -335.5000, 14.6260, 86.3437, -335.5000, 14.6260, 176, 150, 104
L 113.5938, -320.2490, 14.6260, 113.5938, -335.5000, 14.6260, 176, 150, 104
L 100.2773, -320.2500, 14.6260, 113.5938, -320.2490, 14.6260, 176, 150, 104
L 99.5938, -319.6528, 14.6260, 100.2773, -320.2500, 14.6260, 176, 150, 104
L 99.5938, -290.0723, 14.6260, 99.5938, -319.6528, 14.6260, 176, 150, 104
L 100.1078, -289.5000, 14.6260, 99.5938, -290.0723, 14.6260, 176, 150, 104
L 127.7523, -289.5000, 14.6260, 100.1078, -289.5000, 14.6260, 176, 150, 104
L 128.3125, -290.1046, 14.6260, 127.7523, -289.5000, 14.6260, 176, 150, 104
L 128.3125, -303.6902, 14.6260, 128.3125, -290.1046, 14.6260, 176, 150, 104
L 127.7635, -304.2500, 14.6260, 128.3125, -303.6902, 14.6260, 176, 150, 104
L 126.0749, -304.2500, 14.6260, 127.7635, -304.2500, 14.6260, 176, 150, 104
L 125.5625, -303.5341, 14.6260, 126.0749, -304.2500, 14.6260, 176, 150, 104
L 125.5625, -292.2490, 14.6260, 125.5625, -303.5341, 14.6260, 176, 150, 104
L 102.3437, -292.2500, 14.6260, 125.5625, -292.2490, 14.6260, 176, 150, 104
L 102.3436, -315.5000, 14.6260, 102.3437, -292.2500, 14.6260, 176, 150, 104
L 125.5625, -315.5000, 14.6260, 102.3436, -315.5000, 14.6260, 176, 150, 104
L 125.5625, -314.0819, 14.6260, 125.5625, -315.5000, 14.6260, 176, 150, 104
L 126.1333, -313.5000, 14.6260, 125.5625, -314.0819, 14.6260, 176, 150, 104
L 127.6379, -313.5000, 14.6260, 126.1333, -313.5000, 14.6260, 176, 150, 104
L 128.3125, -314.0084, 14.6260, 127.6379, -313.5000, 14.6260, 176, 150, 104
L 128.3125, -317.6690, 14.6260, 128.3125, -314.0084, 14.6260, 176, 150, 104
L 127.7053, -318.2500, 14.6260, 128.3125, -317.6690, 14.6260, 176, 150, 104
L 116.3437, -318.2499, 14.6260, 127.7053, -318.2500, 14.6260, 176, 150, 104
L 116.3437, -337.6142, 14.6260, 116.3437, -318.2499, 14.6260, 176, 150, 104
L 115.7023, -338.2500, 14.6260, 116.3437, -337.6142, 14.6260, 176, 150, 104
L 111.0049, -338.2500, 14.6260, 115.7023, -338.2500, 14.6260, 176, 150, 104
L 97.6059, -338.2500, 0.6260, 111.0049, -338.2500, 14.6260, 176, 150, 104
L 68.1568, -338.2500, 0.6260, 97.6059, -338.2500, 0.6260, 176, 150, 104
L 67.5938, -337.7212, 0.6260, 68.1568, -338.2500, 0.6260, 176, 150, 104
L 67.5938, -332.0786, 0.6260, 67.5938, -337.7212, 0.6260, 176, 150, 104
L 68.1524, -331.5000, 0.6260, 67.5938, -332.0786, 0.6260, 176, 150, 104
L 69.8223, -331.5000, 0.6260, 68.1524, -331.5000, 0.6260, 176, 150, 104
L 70.3437, -332.0208, 0.6260, 69.8223, -331.5000, 0.6260, 176, 150, 104
L 70.3437, -335.5000, 0.6260, 70.3437, -332.0208, 0.6260, 176, 150, 104
L 111.5938, -335.5000, 4.3368, 70.3437, -335.5000, 0.6260, 176, 150, 104
L 111.5938, -335.5000, 4.3368, 111.5938, -335.5000, 4.3368, 176, 150, 104
L 111.5938, -308.2470, 0.6260, 111.5938, -335.5000, 4.5102, 176, 150, 104
L 88.3437, -308.2500, 0.6260, 111.5938, -308.2470, 0.6260, 176, 150, 104
L 88.3437, -319.6622, 0.6260, 88.3437, -308.2500, 0.6260, 176, 150, 104
L 87.7167, -320.2500, 0.6260, 88.3437, -319.6622, 0.6260, 176, 150, 104
L 70.3437, -320.2499, 0.6260, 87.7167, -320.2500, 0.6260, 176, 150, 104
L 70.3437, -321.7094, 0.6260, 70.3437, -320.2499, 0.6260, 176, 150, 104
L 69.8837, -322.2500, 0.6260, 70.3437, -321.7094, 0.6260, 176, 150, 104
L 68.2686, -322.2500, 0.6260, 69.8837, -322.2500, 0.6260, 176, 150, 104
L 67.5938, -321.7929, 0.6260, 68.2686, -322.2500, 0.6260, 176, 150, 104
L 67.5938, -318.1154, 0.6260, 67.5938, -321.7929, 0.6260, 176, 150, 104
L 68.1995, -317.5000, 0.6260, 67.5938, -318.1154, 0.6260, 176, 150, 104
L 85.5938, -317.5000, 0.6260, 68.1995, -317.5000, 0.6260, 176, 150, 104
L 85.5938, -306.0502, 0.6260, 85.5938, -317.5000, 0.6260, 176, 150, 104
L 86.1898, -305.5000, 0.6260, 85.5938, -306.0502, 0.6260, 176, 150, 104
L 97.5938, -305.5000, 0.6260, 86.1898, -305.5000, 0.6260, 176, 150, 104
L 97.5938, -292.1214, 0.6260, 97.5938, -305.5000, 0.6260, 176, 150, 104
L 98.0668, -291.5000, 0.6260, 97.5938, -292.1214, 0.6260, 176, 150, 104
L 99.7430, -291.5000, 0.6260, 98.0668, -291.5000, 0.6260, 176, 150, 104
L 100.3437, -292.1226, 0.6260, 99.7430, -291.5000, 0.6260, 176, 150, 104
L 100.3437, -305.5000, 0.6260, 100.3437, -292.1226, 0.6260, 176, 150, 104
L 123.5625, -305.5000, 4.6114, 100.3437, -305.5000, 0.6260, 176, 150, 104
L 123.5625, -278.2500, 0.6260, 123.5625, -305.5000, 4.6114, 176, 150, 104
L 100.3437, -278.2499, 0.6260, 123.5625, -278.2500, 0.6260, 176, 150, 104
L 100.3437, -281.7130, 0.6260, 100.3437, -278.2499, 0.6260, 176, 150, 104
L 99.6539, -282.2500, 0.6260, 100.3437, -281.7130, 0.6260, 176, 150, 104
L 98.2061, -282.2500, 0.6260, 99.6539, -282.2500, 0.6260, 176, 150, 104
L 97.5938, -281.6006, 0.6260, 98.2061, -282.2500, 0.6260, 176, 150, 104
L 97.5938, -276.1571, 0.6260, 97.5938, -281.6006, 0.6260, 176, 150, 104
L 98.0542, -275.5000, 0.6260, 97.5938, -276.1571, 0.6260, 176, 150, 104
L 125.8435, -275.5000, 0.6260, 98.0542, -275.5000, 0.6260, 176, 150, 104
L 126.3125, -276.0765, 0.6260, 125.8435, -275.5000, 0.6260, 176, 150, 104
L 126.3125, -307.7228, 0.6260, 126.3125, -276.0765, 0.6260, 176, 150, 104
L 125.7977, -308.2500, 0.6260, 126.3125, -307.7228, 0.6260, 176, 150, 104
L 114.3437, -308.2500, 0.6260, 125.7977, -308.2500, 0.6260, 176, 150, 104
L 114.3437, -319.5000, 0.6260, 114.3437, -308.2500, 0.6260, 176, 150, 104
L 125.7939, -319.5000, 0.6260, 114.3437, -319.5000, 0.6260, 176, 150, 104
L 126.3124, -320.0662, 0.6260, 125.7939, -319.5000, 0.6260, 176, 150, 104
L 126.3125, -321.6424, 0.6260, 126.3124, -320.0662, 0.6260, 176, 150, 104
L 125.8079, -322.2500, 0.6260, 126.3125, -321.6424, 0.6260, 176, 150, 104
L 114.3437, -322.2500, 0.6260, 125.8079, -322.2500, 0.6260, 176, 150, 104
L 114.3435, -333.5000, 0.6260, 114.3437, -322.2500, 0.6260, 176, 150, 104
L 125.7519, -333.5000, 0.6260, 114.3435, -333.5000, 0.6260, 176, 150, 104
L 126.3125, -334.0441, 0.6260, 125.7519, -333.5000, 0.6260, 176, 150, 104
L 126.3125, -335.8255, 0.6260, 126.3125, -334.0441, 0.6260, 176, 150, 104
L 125.6823, -336.2500, 0.6260, 126.3125, -335.8255, 0.6260, 176, 150, 104
L 114.3438, -336.2500, 0.6260, 125.6823, -336.2500, 0.6260, 176, 150, 104
L 114.3437, -347.5000, 0.6260, 114.3438, -336.2500, 0.6260, 176, 150, 104
L 115.6237, -347.5000, 0.6260, 114.3437, -347.5000, 0.6260, 176, 150, 104
L 116.3437, -348.1440, 0.6260, 115.6237, -347.5000, 0.6260, 176, 150, 104
L 116.3437, -349.7243, 0.6260, 116.3437, -348.1440, 0.6260, 176, 150, 104
L 115.7942, -350.2500, 0.6260, 116.3437, -349.7243, 0.6260, 176, 150, 104
L 104.3437, -350.2500, 0.6260, 115.7942, -350.2500, 0.6260, 176, 150, 104
L 104.3436, -375.4688, 0.6260, 104.3437, -350.2500, 0.6260, 176, 150, 104
L 137.5625, -375.4688, 0.6260, 104.3436, -375.4688, 0.6260, 176, 150, 104
L 137.5625, -350.2500, 0.6260, 137.5625, -375.4688, 0.6260, 176, 150, 104
L 126.1141, -350.2500, 0.6260, 137.5625, -350.2500, 0.6260, 176, 150, 104
L 125.5625, -349.6751, 0.6260, 126.1141, -350.2500, 0.6260, 176, 150, 104
L 125.5625, -348.1283, 0.6260, 125.5625, -349.6751, 0.6260, 176, 150, 104
L 126.0266, -347.5000, 0.6260, 125.5625, -348.1283, 0.6260, 176, 150, 104
L 135.5625, -347.5000, 0.6260, 126.0266, -347.5000, 0.6260, 176, 150, 104
L 135.5625, -276.0594, 0.6260, 135.5625, -347.5000, 0.6260, 176, 150, 104
L 136.2112, -275.5000, 0.6260, 135.5625, -276.0594, 0.6260, 176, 150, 104
L 137.5625, -275.5000, 0.6260, 136.2112, -275.5000, 0.6260, 176, 150, 104
L 137.5625, -266.2813, 0.6260, 137.5625, -275.5000, 0.6260, 176, 150, 104
L 136.3109, -266.2813, 0.6260, 137.5625, -266.2813, 0.6260, 176, 150, 104
L 135.5625, -265.7846, 0.6260, 136.3109, -266.2813, 0.6260, 176, 150, 104
L 135.5625, -265.1086, 0.6260, 135.5625, -265.7846, 0.6260, 176, 150, 104
L 136.0318, -264.4398, 0.6260, 135.5625, -265.1086, 0.6260, 176, 150, 104
L 141.7249, -263.5313, -2.1755, 136.0318, -264.4398, 0.6260, 176, 150, 104
L 142.3125, -264.1888, -2.3740, 141.7249, -263.5313, -2.1755, 176, 150, 104
L 142.3125, -289.8763, 0.6260, 142.3125, -264.1888, -2.3740, 176, 150, 104
L 142.3125, -317.5000, 0.6260, 142.3125, -289.8763, 0.6260, 176, 150, 104
L 161.5625, -317.5000, 0.6260, 142.3125, -317.5000, 0.6260, 176, 150, 104
L 161.5625, -316.0797, 0.6260, 161.5625, -317.5000, 0.6260, 176, 150, 104
L 162.2503, -315.5000, 0.6260, 161.5625, -316.0797, 0.6260, 176, 150, 104
L 163.7319, -315.5000, 0.6260, 162.2503, -315.5000, 0.6260, 176, 150, 104
L 164.3125, -316.1756, 0.6260, 163.7319, -315.5000, 0.6260, 176, 150, 104
L 164.3125, -319.5000, 0.6260, 164.3125, -316.1756, 0.6260, 176, 150, 104
L 169.6850, -319.5000, 0.6260, 164.3125, -319.5000, 0.6260, 176, 150, 104
L 170.3125, -320.0219, 0.6260, 169.6850, -319.5000, 0.6260, 176, 150, 104
L 170.3125, -323.6375, 0.6260, 170.3125, -320.0219, 0.6260, 176, 150, 104
L 169.6192, -324.2500, 0.6260, 170.3125, -323.6375, 0.6260, 176, 150, 104
L 168.0744, -324.2500, 0.6260, 169.6192, -324.2500, 0.6260, 176, 150, 104
L 167.5625, -323.6194, -0.3740, 168.0744, -324.2500, 0.6260, 176, 150, 104
L 167.5625, -322.2495, -0.3740, 167.5625, -323.6194, -0.3740, 176, 150, 104
L 336.2500, -406.0710, -0.3740, 336.2500, -419.3282, -0.3740, 40, 92, 158
L 336.0717, -405.5101, -0.3740, 336.2500, -406.0710, -0.3740, 40, 92, 158
L 322.3943, -391.8328, -0.3740, 336.0717, -405.5101, -0.3740, 40, 92, 158
L 321.7486, -391.4688, -0.3740, 322.3943, -391.8328, -0.3740, 40, 92, 158
L 308.0156, -391.4688, -0.3740, 321.7486, -391.4688, -0.3740, 40, 92, 158
L 307.5737, -391.6147, -0.3740, 308.0156, -391.4688, -0.3740, 40, 92, 158
L 293.8211, -405.3673, -0.3740, 307.5737, -391.6147, -0.3740, 40, 92, 158
L 293.5000, -406.0034, -0.3740, 293.8211, -405.3673, -0.3740, 40, 92, 158
L 293.5000, -419.5662, -0.3740, 293.5000, -406.0034, -0.3740, 40, 92, 158
L 293.6976, -420.1965, -0.3740, 293.5000, -419.5662, -0.3740, 40, 92, 158
L 307.4924, -433.9605, -0.3740, 293.6976, -420.1965, -0.3740, 40, 92, 158
L 307.9745, -434.1875, -0.3740, 307.4924, -433.9605, -0.3740, 40, 92, 158
L 321.6412, -434.1875, -0.3740, 307.9745, -434.1875, -0.3740, 40, 92, 158
L 322.2109, -434.0070, -0.3740, 321.6412, -434.1875, -0.3740, 40, 92, 158
L 335.9380, -420.3107, -0.3740, 322.2109, -434.0070, -0.3740, 40, 92, 158
L 336.2500, -419.5910, -0.3740, 335.9380, -420.3107, -0.3740, 40, 92, 158
L 336.2500, -414.7757, -0.3740, 336.2500, -419.5910, -0.3740, 40, 92, 158
L 433.5934, -420.2187, 0.6260, 433.5934, -420.2187, 0.6260, 150, 144, 130
L 406.1099, -420.2187, 0.6260, 433.5934, -420.2187, 0.6260, 150, 144, 130
L 405.4688, -419.6862, 0.6260, 406.1099, -420.2187, 0.6260, 150, 144, 130
L 405.4688, -392.0339, 0.6260, 405.4688, -419.6862, 0.6260, 150, 144, 130
L 405.9789, -391.4688, 0.6260, 405.4688, -392.0339, 0.6260, 150, 144, 130
L 433.6405, -391.4688, 0.6260, 405.9789, -391.4688, 0.6260, 150, 144, 130
L 434.1875, -392.0265, 0.6260, 433.6405, -391.4688, 0.6260, 150, 144, 130
L 434.1875, -419.4610, 0.6260, 434.1875, -392.0265, 0.6260, 150, 144, 130
L 447.4375, -466.6709, -0.3740, 447.4375, -458.0476, -0.3740, 150, 144, 130
L 434.1875, -467.1216, -0.3740, 434.1875, -467.1216, -0.3740, 150, 144, 130
L 434.1875, -462.0019, -0.3740, 434.1875, -466.6326, -0.3740, 150, 144, 130
L 433.5168, -461.4375, -0.3740, 434.1875, -462.0019, -0.3740, 150, 144, 130
L 433.5168, -461.4375, -0.3740, 433.5168, -461.4375, -0.3740, 150, 144, 130
L 69.6657, -587.3750, -0.3740, 70.3437, -588.2977, -0.3740, 150, 144, 130
L 28.3749, -587.3749, -0.3740, 69.6657, -587.3750, -0.3740, 150, 144, 130
L 28.3750, -546.1562, 0.6260, 28.3749, -587.3749, -0.3740, 150, 144, 130
L 28.3750, -546.1562, 0.6260, 28.3750, -546.1562, 0.6260, 176, 150, 104
L 97.6795, -546.1562, 0.6260, 28.3750, -546.1562, 0.6260, 176, 150, 104
L 98.3437, -545.5117, 0.6260, 97.6795, -546.1562, 0.6260, 176, 150, 104
L 98.3437, -504.0049, 0.6260, 98.3437, -545.5117, 0.6260, 176, 150, 104
L 97.8405, -503.4375, 0.6260, 98.3437, -504.0049, 0.6260, 176, 150, 104
L 70.3437, -503.4375, 0.6260, 97.8405, -503.4375, 0.6260, 176, 150, 104
L 70.3437, -490.0077, 0.6260, 70.3437, -503.4375, 0.6260, 176, 150, 104
L 69.7781, -489.4375, 0.6260, 70.3437, -490.0077, 0.6260, 176, 150, 104
L 68.9613, -489.4375, 0.6260, 69.7781, -489.4375, 0.6260, 176, 150, 104
L 68.9613, -489.4375, 0.6260, 68.9613, -489.4375, 0.6260, 176, 150, 104
L 95.5938, -521.4184, 13.6260, 86.3437, -521.4333, 13.6711, 176, 150, 104
L 86.3437, -520.4234, 12.6434, 95.5938, -520.4184, 12.6260, 176, 150, 104
L 95.5938, -519.4184, 11.6260, 86.3437, -519.4312, 11.6658, 176, 150, 104
L 95.5938, -518.4184, 10.6260, 95.5938, -518.4184, 10.6260, 176, 150, 104
L 86.3437, -518.4184, 10.6260, 95.5938, -518.4184, 10.6260, 176, 150, 104
L 95.5937, -517.4184, 9.6260, 86.3437, -517.4426, 9.6922, 176, 150, 104
L 86.3437, -516.4184, 8.6260, 95.5937, -516.4182, 8.6260, 176, 150, 104
L 95.5937, -515.4184, 7.6260, 86.0689, -515.4185, 7.6260, 176, 150, 104
L 85.6056, -506.1875, 6.6260, 85.6059, -515.4062, 6.6260, 176, 150, 104
L 84.6059, -515.4063, 5.6260, 84.6059, -506.1875, 5.6260, 176, 150, 104
L 83.6051, -506.1875, 4.6260, 83.6059, -515.4063, 4.6260, 176, 150, 104
L 82.6060, -515.4063, 3.6260, 82.6059, -506.1875, 3.6260, 176, 150, 104
L 81.6059, -506.1875, 2.6260, 81.6058, -515.4063, 2.6260, 176, 150, 104
L 80.6059, -515.4062, 1.6260, 80.6059, -506.1875, 1.6260, 176, 150, 104
L 79.5938, -516.3390, 0.6260, 79.5938, -516.4776, 0.6260, 176, 150, 104
L 80.2154, -515.4063, 1.6260, 79.5938, -516.3390, 0.6260, 176, 150, 104
L 85.6059, -515.4061, 6.6260, 80.2154, -515.4063, 1.6260, 176, 150, 104
L 86.3437, -515.9396, 8.6260, 85.6059, -515.4061, 6.6260, 176, 150, 104
L 86.3437, -521.9662, 14.6260, 86.3437, -515.9396, 8.6260, 176, 150, 104
L 86.3437, -523.5579, 14.6260, 86.3437, -521.9662, 14.6260, 176, 150, 104
L 85.7848, -524.1562, 14.6260, 86.3437, -523.5579, 14.6260, 176, 150, 104
L 84.0979, -524.1562, 14.6260, 85.7848, -524.1562, 14.6260, 176, 150, 104
L 83.5938, -523.5482, 14.6260, 84.0979, -524.1562, 14.6260, 176, 150, 104
L 83.5938, -518.1537, 14.6260, 83.5938, -523.5482, 14.6260, 176, 150, 104
L 66.1900, -518.1561, 14.6260, 83.5938, -518.1537, 14.6260, 176, 150, 104
L 66.1900, -518.1561, 14.6260, 66.1900, -518.1561, 14.6260, 176, 150, 104
L 65.5938, -517.5665, 14.6260, 66.1900, -518.1561, 14.6260, 176, 150, 104
L 65.5938, -516.3126, 14.6260, 65.5938, -517.5665, 14.6260, 176, 150, 104
L 65.5938, -516.1563, 14.6260, 65.5938, -516.3126, 14.6260, 176, 150, 104
L 62.2678, -516.1563, 14.6260, 65.5938, -516.1563, 14.6260, 176, 150, 104
L 61.5938, -515.5455, 14.6260, 62.2678, -516.1563, 14.6260, 176, 150, 104
L 61.5938, -513.9685, 14.6260, 61.5938, -515.5455, 14.6260, 176, 150, 104
L 62.2624, -513.4063, 14.6260, 61.5938, -513.9685, 14.6260, 176, 150, 104
L 65.5938, -513.4063, 14.6260, 62.2624, -513.4063, 14.6260, 176, 150, 104
L 65.5938, -492.1866, 14.6260, 65.5938, -513.4063, 14.6260, 176, 150, 104
L 30.3750, -492.1875, 14.6260, 65.5938, -492.1866, 14.6260, 176, 150, 104
L 30.3748, -513.4062, 16.4444, 30.3750, -492.1875, 14.6260, 176, 150, 104
L 51.7015, -513.4063, 14.6260, 30.3748, -513.4062, 16.4444, 176, 150, 104
L 52.3438, -513.9449, 14.6260, 51.7015, -513.4063, 14.6260, 176, 150, 104
L 52.3438, -515.6046, 14.6260, 52.3438, -513.9449, 14.6260, 176, 150, 104
L 51.7906, -516.1562, 14.6260, 52.3438, -515.6046, 14.6260, 176, 150, 104
L 50.3437, -516.1562, 14.6260, 51.7906, -516.1562, 14.6260, 176, 150, 104
L 50.3437, -517.6058, 14.6260, 50.3437, -516.1562, 14.6260, 176, 150, 104
L 49.7811, -518.1563, 14.6260, 50.3437, -517.6058, 14.6260, 176, 150, 104
L 48.0960, -518.1563, 14.6260, 49.7811, -518.1563, 14.6260, 176, 150, 104
L 47.5938, -517.6768, 14.6260, 48.0960, -518.1563, 14.6260, 176, 150, 104
L 47.5938, -516.1529, 14.6260, 47.5938, -517.6768, 14.6260, 176, 150, 104
L 30.3750, -516.1562, 14.6260, 47.5938, -516.1529, 14.6260, 176, 150, 104
L 30.3750, -543.4063, 14.6260, 30.3750, -516.1562, 14.6260, 176, 150, 104
L 47.5938, -543.4063, 14.6260, 30.3750, -543.4063, 14.6260, 176, 150, 104
L 47.5938, -542.8765, 14.6260, 47.5938, -543.4063, 14.6260, 176, 150, 104
L 48.1498, -542.4063, 14.6260, 47.5938, -542.8765, 14.6260, 176, 150, 104
L 49.8143, -542.4063, 14.6260, 48.1498, -542.4063, 14.6260, 176, 150, 104
L 50.3437, -542.8480, 14.6260, 49.8143, -542.4063, 14.6260, 176, 150, 104
L 50.3437, -543.4063, 14.6260, 50.3437, -542.8480, 14.6260, 176, 150, 104
L 65.5938, -543.4063, 14.6260, 50.3437, -543.4063, 14.6260, 176, 150, 104
L 65.5938, -532.1547, 14.6260, 65.5938, -543.4063, 14.6260, 176, 150, 104
L 50.3437, -532.1562, 14.6260, 65.5938, -532.1547, 14.6260, 176, 150, 104
L 50.3437, -532.7625, 14.6260, 50.3437, -532.1562, 14.6260, 176, 150, 104
L 49.6763, -533.1563, 14.6260, 50.3437, -532.7625, 14.6260, 176, 150, 104
L 48.0980, -533.1563, 14.6260, 49.6763, -533.1563, 14.6260, 176, 150, 104
L 47.5938, -532.6058, 14.6260, 48.0980, -533.1563, 14.6260, 176, 150, 104
L 47.5938, -527.9816, 14.6260, 47.5938, -532.6058, 14.6260, 176, 150, 104
L 48.1271, -527.4063, 14.6260, 47.5938, -527.9816, 14.6260, 176, 150, 104
L 49.8585, -527.4063, 14.6260, 48.1271, -527.4063, 14.6260, 176, 150, 104
L 50.3437, -527.9467, 14.6260, 49.8585, -527.4063, 14.6260, 176, 150, 104
L 50.3437, -529.4063, 14.6260, 50.3437, -527.9467, 14.6260, 176, 150, 104
L 65.5938, -529.4063, 14.6260, 50.3437, -529.4063, 14.6260, 176, 150, 104
L 65.5938, -528.0751, 14.6260, 65.5938, -529.4063, 14.6260, 176, 150, 104
L 66.1462, -527.4063, 14.6260, 65.5938, -528.0751, 14.6260, 176, 150, 104
L 67.7198, -527.4063, 14.6260, 66.1462, -527.4063, 14.6260, 176, 150, 104
L 68.3438, -528.0226, 14.6260, 67.7198, -527.4063, 14.6260, 176, 150, 104
L 68.3438, -543.4063, 14.6260, 68.3438, -528.0226, 14.6260, 176, 150, 104
L 95.5938, -543.4063, 14.6260, 68.3438, -543.4063, 14.6260, 176, 150, 104
L 95.5938, -521.7800, 14.6260, 95.5938, -543.4063, 14.6260, 176, 150, 104
L 95.5937, -515.4184, 7.6260, 95.5938, -521.7800, 14.6260, 176, 150, 104
L 95.5938, -506.1867, 7.6260, 95.5937, -515.4184, 7.6260, 176, 150, 104
L 86.0774, -506.1875, 7.6260, 95.5938, -506.1867, 7.6260, 176, 150, 104
L 79.6059, -506.1875, 0.6260, 86.0774, -506.1875, 7.6260, 176, 150, 104
L 69.7813, -489.4375, 0.6260, 69.7813, -489.4375, 0.6260, 176, 150, 104
L 56.3437, -489.4375, 0.6260, 69.7813, -489.4375, 0.6260, 176, 150, 104
L 56.3437, -488.0775, 0.6260, 56.3437, -489.4375, 0.6260, 176, 150, 104
L 55.8148, -487.4375, 0.6260, 56.3437, -488.0775, 0.6260, 176, 150, 104
L 54.3729, -487.4375, 0.6260, 55.8148, -487.4375, 0.6260, 176, 150, 104
L 53.5938, -488.0477, 0.6260, 54.3729, -487.4375, 0.6260, 176, 150, 104
L 53.5938, -491.3548, 0.6260, 53.5938, -488.0477, 0.6260, 176, 150, 104
L 54.1790, -492.1875, 0.6260, 53.5938, -491.3548, 0.6260, 176, 150, 104
L 67.5938, -492.1867, 0.6260, 54.1790, -492.1875, 0.6260, 176, 150, 104
L 67.5938, -505.4097, 0.6260, 67.5938, -492.1867, 0.6260, 176, 150, 104
L 68.1425, -506.1875, 0.6260, 67.5938, -505.4097, 0.6260, 176, 150, 104
L 79.6059, -506.1875, 0.6260, 68.1425, -506.1875, 0.6260, 176, 150, 104
L 79.5938, -517.3443, 0.6260, 79.6059, -506.1875, 0.6260, 176, 150, 104
L 80.5519, -518.1563, 0.6260, 79.5938, -517.3443, 0.6260, 176, 150, 104
L 83.5938, -518.1563, 0.6260, 80.5519, -518.1563, 0.6260, 176, 150, 104
L 83.5938, -527.5571, 0.6260, 83.5938, -518.1563, 0.6260, 176, 150, 104
L 84.0828, -528.1562, 0.6260, 83.5938, -527.5571, 0.6260, 176, 150, 104
L 91.5938, -528.1562, 0.6260, 84.0828, -528.1562, 0.6260, 176, 150, 104
L 91.5938, -539.4063, 0.6260, 91.5938, -528.1562, 0.6260, 176, 150, 104
L 72.3434, -539.4063, 0.6260, 91.5938, -539.4063, 0.6260, 176, 150, 104
L 72.3437, -526.1099, 0.6260, 72.3434, -539.4063, 0.6260, 176, 150, 104
L 71.7676, -525.4063, 0.6260, 72.3437, -526.1099, 0.6260, 176, 150, 104
L 68.3118, -525.4063, 0.6260, 71.7676, -525.4063, 0.6260, 176, 150, 104
L 67.5938, -526.0361, 0.6260, 68.3118, -525.4063, 0.6260, 176, 150, 104
L 67.5937, -543.4063, 0.6260, 67.5938, -526.0361, 0.6260, 176, 150, 104
L 30.3749, -543.4063, 0.6260, 67.5937, -543.4063, 0.6260, 176, 150, 104
L 30.3750, -492.1875, 0.6260, 30.3749, -543.4063, 0.6260, 176, 150, 104
L 43.7492, -492.1875, 0.6260, 30.3750, -492.1875, 0.6260, 176, 150, 104
L 44.3437, -491.6344, 0.6260, 43.7492, -492.1875, 0.6260, 176, 150, 104
L 44.3437, -488.0519, 0.6260, 44.3437, -491.6344, 0.6260, 176, 150, 104
L 43.6964, -487.4375, 0.6260, 44.3437, -488.0519, 0.6260, 176, 150, 104
L 42.1970, -487.4375, 0.6260, 43.6964, -487.4375, 0.6260, 176, 150, 104
L 41.5937, -488.0232, 0.6260, 42.1970, -487.4375, 0.6260, 176, 150, 104
L 41.5938, -489.4375, 0.6260, 41.5937, -488.0232, 0.6260, 176, 150, 104
L 28.3750, -489.4375, 0.6260, 41.5938, -489.4375, 0.6260, 176, 150, 104
L 28.3750, -476.1875, 0.6260, 28.3750, -489.4375, 0.6260, 150, 144, 130
L 125.5815, -476.1875, 0.6260, 28.3750, -476.1875, 0.6260, 150, 144, 130
L 126.3256, -475.9547, 0.6260, 125.5815, -476.1875, 0.6260, 150, 144, 130
L 139.9776, -462.3026, 0.6260, 126.3256, -475.9547, 0.6260, 150, 144, 130
L 140.3125, -461.5322, -0.3740, 139.9776, -462.3026, 0.6260, 150, 144, 130
L 140.3125, -434.1673, -0.3740, 140.3125, -461.5322, -0.3740, 150, 144, 130
L 139.6467, -433.4375, -0.3740, 140.3125, -434.1673, -0.3740, 150, 144, 130
L 112.3315, -433.4375, -0.3740, 139.6467, -433.4375, -0.3740, 150, 144, 130
L 111.5937, -434.0216, 0.6260, 112.3315, -433.4375, -0.3740, 150, 144, 130
L 111.5938, -447.4375, 0.6260, 111.5937, -434.0216, 0.6260, 150, 144, 130
L 97.2412, -391.4688, 0.6260, 97.2412, -391.4688, 0.6260, 176, 150, 104
L 98.3437, -392.0652, 0.6260, 97.2412, -391.4688, 0.6260, 176, 150, 104
L 98.3437, -421.6251, 0.6260, 98.3437, -392.0652, 0.6260, 176, 150, 104
L 97.7875, -422.2187, 0.6260, 98.3437, -421.6251, 0.6260, 176, 150, 104
L 96.1328, -422.2187, 0.6260, 97.7875, -422.2187, 0.6260, 176, 150, 104
L 95.5938, -421.5581, 0.6260, 96.1328, -422.2187, 0.6260, 176, 150, 104
L 95.5938, -394.2187, 0.6260, 95.5938, -421.5581, 0.6260, 176, 150, 104
L 72.3437, -394.2187, 0.6260, 95.5938, -394.2187, 0.6260, 176, 150, 104
L 72.3435, -417.4688, 0.6260, 72.3437, -394.2187, 0.6260, 176, 150, 104
L 85.8649, -417.4688, 0.6260, 72.3435, -417.4688, 0.6260, 176, 150, 104
L 86.3437, -418.0446, 0.6260, 85.8649, -417.4688, 0.6260, 176, 150, 104
L 86.3437, -421.6922, 0.6260, 86.3437, -418.0446, 0.6260, 176, 150, 104
L 85.8244, -422.2187, 0.6260, 86.3437, -421.6922, 0.6260, 176, 150, 104
L 84.0645, -422.2187, 0.6260, 85.8244, -422.2187, 0.6260, 176, 150, 104
L 83.5938, -421.5640, 0.6260, 84.0645, -422.2187, 0.6260, 176, 150, 104
L 83.5938, -420.2188, 0.6260, 83.5938, -421.5640, 0.6260, 176, 150, 104
L 72.3437, -420.2187, 0.6260, 83.5938, -420.2188, 0.6260, 176, 150, 104
L 72.3437, -421.6526, 0.6260, 72.3437, -420.2187, 0.6260, 176, 150, 104
L 71.6461, -422.2188, 0.6260, 72.3437, -421.6526, 0.6260, 176, 150, 104
L 68.2029, -422.2188, 0.6260, 71.6461, -422.2188, 0.6260, 176, 150, 104
L 67.5938, -421.6570, 0.6260, 68.2029, -422.2188, 0.6260, 176, 150, 104
L 67.5938, -394.2181, 0.6260, 67.5938, -421.6570, 0.6260, 176, 150, 104
L 44.3437, -394.2187, 0.6260, 67.5938, -394.2181, 0.6260, 176, 150, 104
L 44.3437, -431.4375, 0.6260, 44.3437, -394.2187, 0.6260, 176, 150, 104
L 55.5938, -431.4375, 0.6260, 44.3437, -431.4375, 0.6260, 176, 150, 104
L 55.5938, -422.0061, 0.6260, 55.5938, -431.4375, 0.6260, 176, 150, 104
L 56.2335, -421.4688, 0.6260, 55.5938, -422.0061, 0.6260, 176, 150, 104
L 57.7523, -421.4688, 0.6260, 56.2335, -421.4688, 0.6260, 176, 150, 104
L 58.3437, -422.1914, 0.6260, 57.7523, -421.4688, 0.6260, 176, 150, 104
L 58.3436, -431.4375, 0.6260, 58.3437, -422.1914, 0.6260, 176, 150, 104
L 71.6504, -431.4375, 0.6260, 58.3436, -431.4375, 0.6260, 176, 150, 104
L 72.3437, -432.2589, 0.6260, 71.6504, -431.4375, 0.6260, 176, 150, 104
L 72.3437, -433.4692, 0.6260, 72.3437, -432.2589, 0.6260, 176, 150, 104
L 71.7225, -434.1875, 0.6260, 72.3437, -433.4692, 0.6260, 176, 150, 104
L 42.1438, -434.1875, 0.6260, 71.7225, -434.1875, 0.6260, 176, 150, 104
L 41.5937, -433.6356, 0.6260, 42.1438, -434.1875, 0.6260, 176, 150, 104
L 41.5938, -392.0262, 0.6260, 41.5937, -433.6356, 0.6260, 176, 150, 104
L 42.2051, -391.4688, 0.6260, 41.5938, -392.0262, 0.6260, 176, 150, 104
L 97.7130, -391.4688, 0.6260, 42.2051, -391.4688, 0.6260, 176, 150, 104
L 55.5938, -377.4956, 0.6260, 55.5938, -368.4726, 0.6260, 150, 144, 130
L 56.2713, -378.2187, 0.6260, 55.5938, -377.4956, 0.6260, 150, 144, 130
L 111.5938, -378.2187, 0.6260, 56.2713, -378.2187, 0.6260, 150, 144, 130
L 111.5938, -419.5771, 0.6260, 111.5938, -378.2187, 0.6260, 150, 144, 130
L 112.6899, -420.2187, -0.3740, 111.5938, -419.5771, 0.6260, 150, 144, 130
L 139.5983, -420.2187, -0.3740, 112.6899, -420.2187, -0.3740, 150, 144, 130
L 140.3125, -419.3969, -0.3740, 139.5983, -420.2187, -0.3740, 150, 144, 130
L 140.3125, -406.2187, -0.3740, 140.3125, -419.3969, -0.3740, 150, 144, 130
L 153.7821, -406.2187, -0.3740, 140.3125, -406.2187, -0.3740, 150, 144, 130
L 167.5625, -419.9983, -0.3740, 153.7821, -406.2187, -0.3740, 150, 144, 130
L 167.5625, -468.2973, -0.3740, 167.5625, -419.9983, -0.3740, 150, 144, 130
L 167.8453, -469.2506, 0.6260, 167.5625, -468.2973, -0.3740, 150, 144, 130
L 181.5600, -482.9653, 0.6260, 167.8453, -469.2506, 0.6260, 150, 144, 130
L 181.5625, -517.5364, 0.6260, 181.5600, -482.9653, 0.6260, 150, 144, 130
L 182.2171, -518.1562, 0.6260, 181.5625, -517.5364, 0.6260, 150, 144, 130
L 209.4371, -518.1562, 0.6260, 182.2171, -518.1562, 0.6260, 150, 144, 130
L 210.2812, -517.5222, 0.6260, 209.4371, -518.1562, 0.6260, 150, 144, 130
L 210.2812, -476.0699, 0.6260, 210.2812, -517.5222, 0.6260, 150, 144, 130
L 209.9289, -475.3047, 0.6260, 210.2812, -476.0699, 0.6260, 150, 144, 130
L 196.3036, -461.6795, 0.6260, 209.9289, -475.3047, 0.6260, 150, 144, 130
L 196.2812, -420.0796, 0.6260, 196.3036, -461.6795, 0.6260, 150, 144, 130
L 209.5313, -406.7484, 0.6260, 196.2812, -420.0796, 0.6260, 150, 144, 130
L 209.5313, -406.7484, 0.6260, 209.5313, -406.7484, 0.6260, 176, 150, 104
L 209.5313, -419.4687, 0.6260, 209.5313, -406.7484, 0.6260, 176, 150, 104
L 208.3010, -419.4688, 0.6260, 209.5313, -419.4687, 0.6260, 176, 150, 104
L 207.5313, -420.0768, 0.6260, 208.3010, -419.4688, 0.6260, 176, 150, 104
L 207.5313, -421.5362, 0.6260, 207.5313, -420.0768, 0.6260, 176, 150, 104
L 208.1263, -422.2188, 0.6260, 207.5313, -421.5362, 0.6260, 176, 150, 104
L 210.5555, -422.2188, 0.6260, 208.1263, -422.2188, 0.6260, 176, 150, 104
L 211.2812, -421.7027, 0.6260, 210.5555, -422.2188, 0.6260, 176, 150, 104
L 211.2812, -407.2187, 0.6260, 211.2812, -421.7027, 0.6260, 176, 150, 104
L 249.5313, -407.2187, 0.6260, 211.2812, -407.2187, 0.6260, 176, 150, 104
L 249.5313, -421.4667, 0.6260, 249.5313, -407.2187, 0.6260, 176, 150, 104
L 250.1755, -422.2187, 0.6260, 249.5313, -421.4667, 0.6260, 176, 150, 104
L 275.5000, -422.2187, 0.6260, 250.1755, -422.2187, 0.6260, 176, 150, 104
L 275.5000, -445.4375, 0.6260, 275.5000, -422.2187, 0.6260, 176, 150, 104
L 252.2812, -445.4375, 0.6260, 275.5000, -445.4375, 0.6260, 176, 150, 104
L 252.2812, -434.1465, 0.6260, 252.2812, -445.4375, 0.6260, 176, 150, 104
L 251.6942, -433.4375, 0.6260, 252.2812, -434.1465, 0.6260, 176, 150, 104
L 250.2140, -433.4375, 0.6260, 251.6942, -433.4375, 0.6260, 176, 150, 104
L 249.5313, -434.0249, 0.6260, 250.2140, -433.4375, 0.6260, 176, 150, 104
L 249.5313, -446.4375, 0.6260, 249.5313, -434.0249, 0.6260, 176, 150, 104
L 211.2812, -446.4375, 0.6260, 249.5313, -446.4375, 0.6260, 176, 150, 104
L 211.2812, -432.1469, 0.6260, 211.2812, -446.4375, 0.6260, 176, 150, 104
L 210.8237, -431.4375, 0.6260, 211.2812, -432.1469, 0.6260, 176, 150, 104
L 208.2578, -431.4375, 0.6260, 210.8237, -431.4375, 0.6260, 176, 150, 104
L 207.5313, -432.0430, 0.6260, 208.2578, -431.4375, 0.6260, 176, 150, 104
L 207.5313, -433.6133, 0.6260, 207.5313, -432.0430, 0.6260, 176, 150, 104
L 208.1316, -434.1875, 0.6260, 207.5313, -433.6133, 0.6260, 176, 150, 104
L 209.5312, -434.1869, 0.6260, 208.1316, -434.1875, 0.6260, 176, 150, 104
L 209.5313, -447.4466, 0.6260, 209.5312, -434.1869, 0.6260, 176, 150, 104
L 210.1104, -448.1875, 0.6260, 209.5313, -447.4466, 0.6260, 176, 150, 104
L 279.5471, -448.1875, 0.6260, 210.1104, -448.1875, 0.6260, 176, 150, 104
L 280.2500, -447.5780, 0.6260, 279.5471, -448.1875, 0.6260, 176, 150, 104
L 280.2500, -420.2207, 0.6260, 280.2500, -447.5780, 0.6260, 176, 150, 104
L 279.7244, -419.4688, 0.6260, 280.2500, -420.2207, 0.6260, 176, 150, 104
L 252.2812, -419.4688, 0.6260, 279.7244, -419.4688, 0.6260, 176, 150, 104
L 252.2812, -405.9991, 0.6260, 252.2812, -419.4688, 0.6260, 176, 150, 104
L 252.2812, -405.9991, 0.6260, 252.2812, -405.9991, 0.6260, 150, 144, 130
L 265.9737, -392.3066, 0.6260, 252.2812, -405.9991, 0.6260, 150, 144, 130
L 266.2812, -391.7821, 0.6260, 265.9737, -392.3066, 0.6260, 150, 144, 130
L 266.2812, -350.2500, 0.6260, 266.2812, -391.7821, 0.6260, 150, 144, 130
L 307.6921, -350.2500, 0.6260, 266.2812, -350.2500, 0.6260, 150, 144, 130
L 308.3814, -349.8989, 0.6260, 307.6921, -350.2500, 0.6260, 150, 144, 130
L 322.0303, -336.2500, 0.6260, 308.3814, -349.8989, 0.6260, 150, 144, 130
L 335.7016, -336.2500, 0.6260, 322.0303, -336.2500, 0.6260, 150, 144, 130
L 336.2499, -335.5121, -0.3740, 335.7016, -336.2500, 0.6260, 150, 144, 130
L 336.2500, -308.2378, -0.3740, 336.2499, -335.5121, -0.3740, 150, 144, 130
L 335.6849, -307.5000, 0.6260, 336.2500, -308.2378, -0.3740, 150, 144, 130
L 294.1359, -307.5000, 0.6260, 335.6849, -307.5000, 0.6260, 150, 144, 130
L 292.9821, -308.2375, -0.3740, 294.1359, -307.5000, 0.6260, 150, 144, 130
L 279.7196, -321.5000, -0.3740, 292.9821, -308.2375, -0.3740, 150, 144, 130
L 238.2689, -321.5000, -0.3740, 279.7196, -321.5000, -0.3740, 150, 144, 130
L 237.5313, -322.0665, 0.6260, 238.2689, -321.5000, -0.3740, 150, 144, 130
L 237.5313, -377.4687, 0.6260, 237.5313, -322.0665, 0.6260, 150, 144, 130
L 210.0611, -377.4688, 0.6260, 237.5313, -377.4687, 0.6260, 150, 144, 130
L 196.3687, -363.7758, 0.6260, 210.0611, -377.4688, 0.6260, 150, 144, 130
L 195.6728, -363.4687, 0.6260, 196.3687, -363.7758, 0.6260, 150, 144, 130
L 168.3703, -363.4687, 0.6260, 195.6728, -363.4687, 0.6260, 150, 144, 130
L 167.5170, -363.7339, -0.3740, 168.3703, -363.4687, 0.6260, 150, 144, 130
L 153.7821, -377.4688, -0.3740, 167.5170, -363.7339, -0.3740, 150, 144, 130
L 140.3121, -377.4688, -0.3740, 153.7821, -377.4688, -0.3740, 150, 144, 130
L 140.3125, -322.2500, -0.3740, 140.3121, -377.4688, -0.3740, 150, 144, 130
L 167.5625, -322.2500, -0.3740, 140.3125, -322.2500, -0.3740, 176, 150, 104
L 182.3125, -323.6462, 0.6260, 182.3125, -322.2499, 0.6260, 176, 150, 104
L 181.8312, -324.2500, 0.6260, 182.3125, -323.6462, 0.6260, 176, 150, 104
L 180.5098, -324.2500, 0.6260, 181.8312, -324.2500, 0.6260, 176, 150, 104
L 179.5625, -323.4705, 0.6260, 180.5098, -324.2500, 0.6260, 176, 150, 104
L 179.5625, -320.2842, 0.6260, 179.5625, -323.4705, 0.6260, 176, 150, 104
L 180.4028, -319.5000, 0.6260, 179.5625, -320.2842, 0.6260, 176, 150, 104
L 185.5625, -319.5000, 0.6260, 180.4028, -319.5000, 0.6260, 176, 150, 104
L 185.5625, -315.9892, 0.6260, 185.5625, -319.5000, 0.6260, 176, 150, 104
L 185.9953, -315.5000, 0.6260, 185.5625, -315.9892, 0.6260, 176, 150, 104
L 187.8124, -315.5000, 0.6260, 185.9953, -315.5000, 0.6260, 176, 150, 104
L 188.3125, -316.0611, 0.6260, 187.8124, -315.5000, 0.6260, 176, 150, 104
L 188.3125, -317.5000, 0.6260, 188.3125, -316.0611, 0.6260, 176, 150, 104
L 207.5313, -317.5000, 0.6260, 188.3125, -317.5000, 0.6260, 176, 150, 104
L 207.5313, -292.2499, 0.6260, 207.5313, -317.5000, 0.6260, 176, 150, 104
L 188.0271, -292.2500, 0.6260, 207.5313, -292.2499, 0.6260, 176, 150, 104
L 187.5625, -291.6042, 0.6260, 188.0271, -292.2500, 0.6260, 176, 150, 104
L 187.5625, -290.0213, 0.6260, 187.5625, -291.6042, 0.6260, 176, 150, 104
L 188.2844, -289.5000, 0.6260, 187.5625, -290.0213, 0.6260, 176, 150, 104
L 207.5313, -289.5000, 0.6260, 188.2844, -289.5000, 0.6260, 176, 150, 104
L 207.5313, -264.2812, 0.6260, 207.5313, -289.5000, 0.6260, 176, 150, 104
L 206.1374, -264.2812, 0.6260, 207.5313, -264.2812, 0.6260, 176, 150, 104
L 205.5313, -263.7222, 0.6260, 206.1374, -264.2812, 0.6260, 176, 150, 104
L 205.5313, -261.0534, 0.6260, 205.5313, -263.7222, 0.6260, 176, 150, 104
L 206.1542, -260.5313, 0.6260, 205.5313, -261.0534, 0.6260, 176, 150, 104
L 207.5313, -260.5313, 0.6260, 206.1542, -260.5313, 0.6260, 176, 150, 104
L 207.5313, -242.0611, 0.6260, 207.5313, -260.5313, 0.6260, 176, 150, 104
L 205.7509, -240.2812, 0.6260, 207.5313, -242.0611, 0.6260, 176, 150, 104
L 156.0928, -240.2813, 0.6260, 205.7509, -240.2812, 0.6260, 176, 150, 104
L 154.3149, -242.0592, 0.6260, 156.0928, -240.2813, 0.6260, 176, 150, 104
L 153.6723, -242.2812, 0.6260, 154.3149, -242.0592, 0.6260, 176, 150, 104
L 142.3125, -242.2812, 0.6260, 153.6723, -242.2812, 0.6260, 176, 150, 104
L 142.3119, -251.5313, 0.6260, 142.3125, -242.2812, 0.6260, 176, 150, 104
L 153.7782, -251.5313, 0.6260, 142.3119, -251.5313, 0.6260, 176, 150, 104
L 154.3125, -252.0900, 0.6260, 153.7782, -251.5313, 0.6260, 176, 150, 104
L 154.3125, -260.5313, 0.6260, 154.3125, -252.0900, 0.6260, 176, 150, 104
L 199.5430, -260.5313, 0.6260, 154.3125, -260.5313, 0.6260, 176, 150, 104
L 200.2812, -261.1785, 0.6260, 199.5430, -260.5313, 0.6260, 176, 150, 104
L 200.2812, -263.5956, 0.6260, 200.2812, -261.1785, 0.6260, 176, 150, 104
L 199.7817, -264.2812, 0.6260, 200.2812, -263.5956, 0.6260, 176, 150, 104
L 198.1416, -264.2812, 0.6260, 199.7817, -264.2812, 0.6260, 176, 150, 104
L 197.5313, -263.7265, 0.6260, 198.1416, -264.2812, 0.6260, 176, 150, 104
L 154.3125, -263.2813, 0.6260, 197.5313, -263.7265, 0.6260, 176, 150, 104
L 154.3118, -301.5000, 0.6260, 154.3125, -263.2813, 0.6260, 176, 150, 104
L 187.6871, -301.5000, 0.6260, 154.3118, -301.5000, 0.6260, 176, 150, 104
L 188.3125, -301.9987, 0.6260, 187.6871, -301.5000, 0.6260, 176, 150, 104
L 188.3125, -305.6657, 0.6260, 188.3125, -301.9987, 0.6260, 176, 150, 104
L 187.7906, -306.2500, 0.6260, 188.3125, -305.6657, 0.6260, 176, 150, 104
L 186.0900, -306.2500, 0.6260, 187.7906, -306.2500, 0.6260, 176, 150, 104
L 185.6124, -306.1317, 0.6260, 186.0900, -306.2500, 0.6260, 176, 150, 104
L 181.8490, -304.2500, 0.6260, 185.6124, -306.1317, 0.6260, 176, 150, 104
L 168.0261, -304.2500, 0.6260, 181.8490, -304.2500, 0.6260, 176, 150, 104
L 164.4559, -306.0351, 0.6260, 168.0261, -304.2500, 0.6260, 176, 150, 104
L 163.9648, -306.2490, 0.6260, 164.4559, -306.0351, 0.6260, 176, 150, 104
L 162.1048, -306.2500, 0.6260, 163.9648, -306.2490, 0.6260, 176, 150, 104
L 161.5625, -305.5840, 0.6260, 162.1048, -306.2500, 0.6260, 176, 150, 104
L 161.5625, -304.2491, 0.6260, 161.5625, -305.5840, 0.6260, 176, 150, 104
L 152.0958, -304.2500, 0.6260, 161.5625, -304.2491, 0.6260, 176, 150, 104
L 151.5625, -303.5791, 0.6260, 152.0958, -304.2500, 0.6260, 176, 150, 104
L 151.5625, -279.8506, -2.3740, 151.5625, -303.5791, 0.6260, 176, 150, 104
L 151.5625, -254.2808, -2.3740, 151.5625, -279.8506, -2.3740, 176, 150, 104
L 141.9654, -254.2812, -2.3559, 151.5625, -254.2808, -2.3740, 176, 150, 104
L 137.8330, -254.2664, 0.6260, 141.9654, -254.2812, -2.3559, 176, 150, 104
L 135.9464, -253.3300, 0.6260, 137.8330, -254.2664, 0.6260, 176, 150, 104
L 135.5625, -252.7056, 0.6260, 135.9464, -253.3300, 0.6260, 176, 150, 104
L 136.0271, -253.3703, 0.6260, 135.5625, -252.7056, 0.6260, 176, 150, 104
L 135.5625, -252.7789, 0.6260, 136.0271, -253.3703, 0.6260, 176, 150, 104
L 135.5625, -252.0706, 0.6260, 135.5625, -252.7789, 0.6260, 176, 150, 104
L 136.0764, -251.5313, 0.6260, 135.5625, -252.0706, 0.6260, 176, 150, 104
L 137.5625, -251.5313, 0.6260, 136.0764, -251.5313, 0.6260, 176, 150, 104
L 137.5625, -226.2808, 0.6260, 137.5625, -251.5313, 0.6260, 176, 150, 104
L 96.1656, -226.2812, 0.6260, 137.5625, -226.2808, 0.6260, 176, 150, 104
L 95.5938, -225.6972, 0.6260, 96.1656, -226.2812, 0.6260, 176, 150, 104
L 95.5938, -223.9119, 0.6260, 95.5938, -225.6972, 0.6260, 176, 150, 104
L 95.5938, -223.9119, 0.6260, 95.5938, -223.9119, 0.6260, 150, 144, 130
L 96.2311, -221.5313, 0.6260, 95.5938, -223.9119, 0.6260, 150, 144, 130
L 97.7505, -221.5313, 0.6260, 96.2311, -221.5313, 0.6260, 150, 144, 130
L 98.3437, -223.5313, -0.3740, 97.7505, -221.5313, 0.6260, 150, 144, 130
L 139.4636, -223.5312, -0.3740, 98.3437, -223.5313, -0.3740, 150, 144, 130
L 140.3125, -224.1479, -0.3740, 139.4636, -223.5312, -0.3740, 150, 144, 130
L 140.3125, -237.5313, -0.3740, 140.3125, -224.1479, -0.3740, 150, 144, 130
L 140.3125, -237.5313, -0.3740, 140.3125, -237.5313, -0.3740, 176, 150, 104
L 209.0181, -237.5313, -0.3740, 140.3125, -237.5313, -0.3740, 176, 150, 104
L 210.2812, -238.1883, 0.6260, 209.0181, -237.5313, -0.3740, 176, 150, 104
L 210.2812, -321.7243, 0.6260, 210.2812, -238.1883, 0.6260, 176, 150, 104
L 209.7381, -322.2500, 0.6260, 210.2812, -321.7243, 0.6260, 176, 150, 104
L 182.3125, -322.2500, 0.6260, 209.7381, -322.2500, 0.6260, 176, 150, 104
L 69.8174, -5.6250, 0.6260, 69.8174, -5.6250, 0.6260, 176, 150, 104
L 68.1781, -5.6250, 0.6260, 69.8174, -5.6250, 0.6260, 176, 150, 104
L 67.5938, -6.2253, 0.6260, 68.1781, -5.6250, 0.6260, 176, 150, 104
L 67.5938, -7.7374, 0.6260, 67.5938, -6.2253, 0.6260, 176, 150, 104
L 68.0542, -8.3750, 0.6260, 67.5938, -7.7374, 0.6260, 176, 150, 104
L 69.6566, -8.3750, 0.6260, 68.0542, -8.3750, 0.6260, 176, 150, 104
L 70.3437, -7.8381, 0.6260, 69.6566, -8.3750, 0.6260, 176, 150, 104
L 70.3437, -6.2734, 0.6260, 70.3437, -7.8381, 0.6260, 176, 150, 104
L 70.3437, -6.2734, 0.6260, 70.3437, -6.2734, 0.6260, 176, 150, 104
L 46.3315, 25.6250, 12.6264, 46.3316, 14.1123, 12.6261, 176, 150, 104
L 48.3313, 14.1054, 11.6271, 48.3315, 25.6250, 11.6260, 176, 150, 104
L 50.3315, 25.6250, 10.6260, 50.3313, 14.1151, 10.6272, 176, 150, 104
L 52.3313, 14.0669, 9.6272, 52.3313, 25.6250, 9.6268, 176, 150, 104
L 54.3315, 25.6250, 8.6260, 54.3311, 14.1007, 8.6280, 176, 150, 104
L 56.3316, 14.0774, 7.6261, 56.3315, 25.6251, 7.6263, 176, 150, 104
L 58.3315, 25.6250, 6.6260, 58.3311, 14.0835, 6.6279, 176, 150, 104
L 60.3313, 14.1002, 5.6272, 60.3314, 25.6250, 5.6262, 176, 150, 104
L 62.3315, 25.6250, 4.6261, 62.3313, 14.0537, 4.6270, 176, 150, 104
L 66.3315, 14.1067, 2.6263, 66.3306, 25.6250, 2.6296, 176, 150, 104
L 68.3315, 25.6250, 1.6260, 68.3316, 14.3750, 1.6260, 176, 150, 104
L 70.3437, 13.1950, 0.6260, 70.3437, 13.1950, 0.6260, 176, 150, 104
L 69.7893, 14.3750, 1.6260, 70.3437, 13.1950, 0.6260, 176, 150, 104
L 44.4212, 14.3750, 13.6260, 69.7893, 14.3750, 1.6260, 176, 150, 104
L 43.5938, 13.8348, 13.6260, 44.4212, 14.3750, 13.6260, 176, 150, 104
L 43.5938, 12.1791, 13.6260, 43.5938, 13.8348, 13.6260, 176, 150, 104
L 44.2837, 11.6250, 13.6260, 43.5938, 12.1791, 13.6260, 176, 150, 104
L 67.8211, 11.6553, 13.6260, 44.2837, 11.6250, 13.6260, 176, 150, 104
L 67.5938, -25.6250, 13.6260, 67.8211, 11.6553, 13.6260, 176, 150, 104
L 30.3749, -25.6250, 13.6260, 67.5938, -25.6250, 13.6260, 176, 150, 104
L 30.3750, 25.6250, 13.6260, 30.3749, -25.6250, 13.6260, 176, 150, 104
L 45.8982, 25.6250, 13.6260, 30.3750, 25.6250, 13.6260, 176, 150, 104
L 70.3314, 25.6250, 0.6260, 45.8982, 25.6250, 13.6260, 176, 150, 104
L 27.6250, 27.2221, 0.6260, 27.6250, -41.9109, 0.6260, 176, 150, 104
L 28.2293, 28.3750, 0.6260, 27.6250, 27.2221, 0.6260, 176, 150, 104
L 111.6511, 28.3750, 0.6260, 28.2293, 28.3750, 0.6260, 176, 150, 104
L 112.3437, 27.6504, 0.6260, 111.6511, 28.3750, 0.6260, 176, 150, 104
L 112.3437, -27.7946, 0.6260, 112.3437, 27.6504, 0.6260, 176, 150, 104
L 111.6809, -28.3750, 0.6260, 112.3437, -27.7946, 0.6260, 176, 150, 104
L 96.2384, -28.3750, 0.6260, 111.6809, -28.3750, 0.6260, 176, 150, 104
L 95.5938, -27.8049, 0.6260, 96.2384, -28.3750, 0.6260, 176, 150, 104
L 95.5938, -26.2071, 0.6260, 95.5938, -27.8049, 0.6260, 176, 150, 104
L 96.2691, -25.6250, 0.6260, 95.5938, -26.2071, 0.6260, 176, 150, 104
L 109.5938, -25.6250, 0.6260, 96.2691, -25.6250, 0.6260, 176, 150, 104
L 109.5938, 25.6250, 0.6260, 109.5938, -25.6250, 0.6260, 176, 150, 104
L 70.3314, 25.6250, 0.6260, 109.5938, 25.6250, 0.6260, 176, 150, 104
L 70.3437, 12.1935, 0.6260, 70.3314, 25.6250, 0.6260, 176, 150, 104
L 69.6936, 11.6250, 0.6260, 70.3437, 12.1935, 0.6260, 176, 150, 104
L 68.2303, 11.6250, 0.6260, 69.6936, 11.6250, 0.6260, 176, 150, 104
L 67.5937, 12.2247, 0.6260, 68.2303, 11.6250, 0.6260, 176, 150, 104
L 67.5937, 13.6253, 0.6260, 67.5937, 12.2247, 0.6260, 176, 150, 104
L 46.3438, 13.6250, 0.6260, 67.5937, 13.6253, 0.6260, 176, 150, 104
L 46.3438, 12.1692, 0.6260, 46.3438, 13.6250, 0.6260, 176, 150, 104
L 45.8172, 11.6250, 0.6260, 46.3438, 12.1692, 0.6260, 176, 150, 104
L 44.1889, 11.6250, 0.6260, 45.8172, 11.6250, 0.6260, 176, 150, 104
L 43.5938, 12.2295, 0.6260, 44.1889, 11.6250, 0.6260, 176, 150, 104
L 43.5938, 25.6250, 0.6260, 43.5938, 12.2295, 0.6260, 176, 150, 104
L 30.3749, 25.6250, 0.6260, 43.5938, 25.6250, 0.6260, 176, 150, 104
L 30.3749, -53.5938, 0.6260, 30.3749, 25.6250, 0.6260, 176, 150, 104
L 67.5938, -53.5938, 0.6260, 30.3749, -53.5938, 0.6260, 176, 150, 104
L 67.5938, -24.1927, 0.6260, 67.5938, -53.5938, 0.6260, 176, 150, 104
L 68.3332, -23.6250, 0.6260, 67.5938, -24.1927, 0.6260, 176, 150, 104
L 69.7954, -23.6250, 0.6260, 68.3332, -23.6250, 0.6260, 176, 150, 104
L 70.3437, -24.2173, 0.6260, 69.7954, -23.6250, 0.6260, 176, 150, 104
L 70.3435, -25.6250, 0.6260, 70.3437, -24.2173, 0.6260, 176, 150, 104
L 70.3437, -25.6250, 0.6260, 70.3435, -25.6250, 0.6260, 176, 150, 104
L 85.7108, -25.6250, 0.6260, 70.3437, -25.6250, 0.6260, 176, 150, 104
L 86.3437, -26.2217, 0.6260, 85.7108, -25.6250, 0.6260, 176, 150, 104
L 86.3437, -27.7305, 0.6260, 86.3437, -26.2217, 0.6260, 176, 150, 104
L 85.8948, -28.3750, 0.6260, 86.3437, -27.7305, 0.6260, 176, 150, 104
L 70.3437, -28.3750, 0.6260, 85.8948, -28.3750, 0.6260, 176, 150, 104
L 70.3437, -55.6395, 0.6260, 70.3437, -28.3750, 0.6260, 176, 150, 104
L 69.7531, -56.3437, 0.6260, 70.3437, -55.6395, 0.6260, 176, 150, 104
L 28.2049, -56.3437, 0.6260, 69.7531, -56.3437, 0.6260, 176, 150, 104
L 27.6250, -55.7756, 0.6260, 28.2049, -56.3437, 0.6260, 176, 150, 104
L 27.6250, 13.1339, 0.6260, 27.6250, -55.7756, 0.6260, 176, 150, 104
L 27.6250, 13.1339, 0.6260, 27.6250, 13.1339, 0.6260, 176, 150, 104
L 42.3436, 139.5625, 0.6260, 42.3437, 132.8365, 0.6260, 176, 150, 104
L 43.8727, 139.5625, 0.6260, 42.3436, 139.5625, 0.6260, 176, 150, 104
L 44.3437, 140.2167, 0.6260, 43.8727, 139.5625, 0.6260, 176, 150, 104
L 44.3437, 141.5949, 0.6260, 44.3437, 140.2167, 0.6260, 176, 150, 104
L 43.6833, 142.3125, 0.6260, 44.3437, 141.5949, 0.6260, 176, 150, 104
L 40.3310, 142.3125, 0.6260, 43.6833, 142.3125, 0.6260, 176, 150, 104
L 39.5938, 141.6112, 0.6260, 40.3310, 142.3125, 0.6260, 176, 150, 104
L 39.5938, 114.3437, 0.6260, 39.5938, 141.6112, 0.6260, 176, 150, 104
L 16.3750, 114.3437, 0.6260, 39.5938, 114.3437, 0.6260, 176, 150, 104
L 16.3749, 137.5625, 0.6260, 16.3750, 114.3437, 0.6260, 176, 150, 104
L 29.6736, 137.5625, 0.6260, 16.3749, 137.5625, 0.6260, 176, 150, 104
L 30.3750, 138.1213, 0.6260, 29.6736, 137.5625, 0.6260, 176, 150, 104
L 30.3750, 141.6927, 0.6260, 30.3750, 138.1213, 0.6260, 176, 150, 104
L 29.6726, 142.3125, 0.6260, 30.3750, 141.6927, 0.6260, 176, 150, 104
L 16.3750, 142.3125, 0.6260, 29.6726, 142.3125, 0.6260, 176, 150, 104
L 16.3749, 179.5625, 0.6260, 16.3750, 142.3125, 0.6260, 176, 150, 104
L 29.8594, 179.5625, 0.6260, 16.3749, 179.5625, 0.6260, 176, 150, 104
L 30.3750, 180.1966, 0.6260, 29.8594, 179.5625, 0.6260, 176, 150, 104
L 30.3750, 181.7548, 0.6260, 30.3750, 180.1966, 0.6260, 176, 150, 104
L 29.7520, 182.3125, 0.6260, 30.3750, 181.7548, 0.6260, 176, 150, 104
L 14.3113, 182.3125, 0.6260, 29.7520, 182.3125, 0.6260, 176, 150, 104
L 13.6250, 181.7578, 0.6260, 14.3113, 182.3125, 0.6260, 176, 150, 104
L 13.6250, 112.1759, 0.6260, 13.6250, 181.7578, 0.6260, 176, 150, 104
L 14.1610, 111.5938, 0.6260, 13.6250, 112.1759, 0.6260, 176, 150, 104
L 41.6731, 111.5938, 0.6260, 14.1610, 111.5938, 0.6260, 176, 150, 104
L 42.3437, 112.0967, 0.6260, 41.6731, 111.5938, 0.6260, 176, 150, 104
L 42.3436, 139.5625, 0.6260, 42.3437, 112.0967, 0.6260, 176, 150, 104
L 42.3436, 139.5625, 0.6260, 42.3436, 139.5625, 0.6260, 176, 150, 104
L 54.1821, 139.5625, 0.6260, 65.5653, 139.5625, 0.6260, 176, 150, 104
L 53.5938, 140.1481, 0.6260, 54.1821, 139.5625, 0.6260, 176, 150, 104
L 53.5938, 141.7565, 0.6260, 53.5938, 140.1481, 0.6260, 176, 150, 104
L 54.3013, 142.3125, 0.6260, 53.5938, 141.7565, 0.6260, 176, 150, 104
L 67.5938, 142.3121, 0.6260, 54.3013, 142.3125, 0.6260, 176, 150, 104
L 67.5938, 179.5625, 0.6260, 67.5938, 142.3121, 0.6260, 176, 150, 104
L 40.2090, 179.5625, 0.6260, 67.5938, 179.5625, 0.6260, 176, 150, 104
L 39.5938, 180.1643, 0.6260, 40.2090, 179.5625, 0.6260, 176, 150, 104
L 39.5938, 181.6680, 0.6260, 39.5938, 180.1643, 0.6260, 176, 150, 104
L 40.2742, 182.3125, 0.6260, 39.5938, 181.6680, 0.6260, 176, 150, 104
L 69.8531, 182.3125, 0.6260, 40.2742, 182.3125, 0.6260, 176, 150, 104
L 70.3437, 181.7723, 0.6260, 69.8531, 182.3125, 0.6260, 176, 150, 104
L 70.3437, 140.1608, 0.6260, 70.3437, 181.7723, 0.6260, 176, 150, 104
L 69.6650, 139.5625, 0.6260, 70.3437, 140.1608, 0.6260, 176, 150, 104
L 62.4264, 139.5625, 0.6260, 69.6650, 139.5625, 0.6260, 176, 150, 104
L 62.4264, 139.5625, 0.6260, 62.4264, 139.5625, 0.6260, 176, 150, 104
L 78.1512, 205.9835, 0.6430, 78.1512, 205.9835, 0.6430, 176, 150, 104
L 102.0342, 210.1603, 0.6306, 78.1512, 205.9835, 0.6430, 176, 150, 104
L 105.9219, 225.9904, 0.6278, 102.0342, 210.1603, 0.6306, 176, 150, 104
L 88.0923, 249.8150, 0.6260, 105.9219, 225.9904, 0.6278, 176, 150, 104
L 59.9688, 243.8260, 0.6352, 88.0923, 249.8150, 0.6260, 176, 150, 104
L 54.0356, 213.8587, 0.6260, 59.9688, 243.8260, 0.6352, 176, 150, 104
L 78.0583, 205.9711, 0.6438, 54.0356, 213.8587, 0.6260, 176, 150, 104
L 78.0583, 205.9711, 0.6438, 78.0583, 205.9711, 0.6438, 176, 150, 104
L 56.4632, 265.8704, 0.6260, 54.8027, 266.5419, 0.6260, 176, 150, 104
L 70.0744, 279.4503, 0.6260, 56.4632, 265.8704, 0.6260, 176, 150, 104
L 70.1532, 280.2209, 0.6260, 70.0744, 279.4503, 0.6260, 176, 150, 104
L 68.4273, 281.9468, 0.6260, 70.1532, 280.2209, 0.6260, 176, 150, 104
L 67.5485, 281.9850, 0.6260, 68.4273, 281.9468, 0.6260, 176, 150, 104
L 55.9688, 270.4357, 0.6260, 67.5485, 281.9850, 0.6260, 176, 150, 104
L 18.5301, 307.8748, 0.6260, 55.9688, 270.4357, 0.6260, 176, 150, 104
L 41.9713, 331.3421, 0.8271, 18.5301, 307.8748, 0.6260, 176, 150, 104
L 67.4384, 305.8750, 0.6260, 41.9713, 331.3421, 0.8271, 176, 150, 104
L 53.8679, 292.3044, 0.6260, 67.4384, 305.8750, 0.6260, 176, 150, 104
L 53.8182, 291.4952, 0.6260, 53.8679, 292.3044, 0.6260, 176, 150, 104
L 55.5273, 289.7861, 0.6260, 53.8182, 291.4952, 0.6260, 176, 150, 104
L 56.4953, 289.8712, 0.6260, 55.5273, 289.7861, 0.6260, 176, 150, 104
L 72.0427, 305.4186, 0.6848, 56.4953, 289.8712, 0.6260, 176, 150, 104
L 71.9652, 306.4088, 0.6970, 72.0427, 305.4186, 0.6848, 176, 150, 104
L 42.4843, 335.8897, 1.2813, 71.9652, 306.4088, 0.6970, 176, 150, 104
L 41.4511, 335.8876, 1.2208, 42.4843, 335.8897, 1.2813, 176, 150, 104
L 13.8893, 308.2946, 0.6260, 41.4511, 335.8876, 1.2208, 176, 150, 104
L 14.1278, 307.2169, 0.6260, 13.8893, 308.2946, 0.6260, 176, 150, 104
L 55.5121, 265.8326, 0.6260, 14.1278, 307.2169, 0.6260, 176, 150, 104
L 55.5121, 265.8326, 0.6260, 55.5121, 265.8326, 0.6260, 176, 150, 104
L 222.2093, 277.5000, 0.6260, 226.2041, 277.5545, 0.6260, 150, 144, 130
L 221.5313, 278.0441, 0.6260, 222.2093, 277.5000, 0.6260, 150, 144, 130
L 221.5313, 279.5000, 0.6260, 221.5313, 278.0441, 0.6260, 150, 144, 130
L 168.8433, 279.5000, -0.3740, 221.5313, 279.5000, 0.6260, 150, 144, 130
L 195.5434, 252.8041, -0.3740, 168.8433, 279.5000, -0.3740, 150, 144, 130
L 196.2812, 251.7066, 0.6260, 195.5434, 252.8041, -0.3740, 150, 144, 130
L 196.2812, 238.2793, 1.6260, 196.2812, 251.7066, 0.6260, 150, 144, 130
L 195.6669, 237.5313, 1.6260, 196.2812, 238.2793, 1.6260, 150, 144, 130
L 182.1837, 237.5312, 1.6260, 195.6669, 237.5313, 1.6260, 150, 144, 130
L 181.5625, 238.1430, 1.6260, 182.1837, 237.5312, 1.6260, 150, 144, 130
L 181.5625, 251.5312, 1.6260, 181.5625, 238.1430, 1.6260, 150, 144, 130
L 168.3125, 251.5313, 1.6260, 181.5625, 251.5312, 1.6260, 150, 144, 130
L 168.3125, 244.0878, 1.6260, 168.3125, 251.5313, 1.6260, 150, 144, 130
L 167.6651, 243.5313, 1.6260, 168.3125, 244.0878, 1.6260, 150, 144, 130
L 164.3121, 243.5313, 1.6260, 167.6651, 243.5313, 1.6260, 150, 144, 130
L 164.3125, 234.0940, 1.6260, 164.3121, 243.5313, 1.6260, 150, 144, 130
L 163.7684, 233.5313, 1.6260, 164.3125, 234.0940, 1.6260, 150, 144, 130
L 158.0641, 233.5313, 1.6260, 163.7684, 233.5313, 1.6260, 150, 144, 130
L 157.5625, 234.0818, 1.6260, 158.0641, 233.5313, 1.6260, 150, 144, 130
L 157.5625, 243.5313, 1.6260, 157.5625, 234.0818, 1.6260, 150, 144, 130
L 154.0179, 243.5313, 1.6260, 157.5625, 243.5313, 1.6260, 150, 144, 130
L 153.5625, 244.1747, 1.6260, 154.0179, 243.5313, 1.6260, 150, 144, 130
L 153.5625, 251.5312, 1.6260, 153.5625, 244.1747, 1.6260, 150, 144, 130
L 140.1208, 251.5313, 1.6260, 153.5625, 251.5312, 1.6260, 150, 144, 130
L 139.4679, 251.8454, 1.6308, 140.1208, 251.5313, 1.6260, 150, 144, 130
L 125.8680, 265.4454, 2.5770, 139.4679, 251.8454, 1.6308, 150, 144, 130
L 125.5625, 266.2985, 2.6527, 125.8680, 265.4454, 2.5770, 150, 144, 130
L 125.5625, 293.6130, 5.5772, 125.5625, 266.2985, 2.6527, 150, 144, 130
L 125.8632, 294.3310, 5.6528, 125.5625, 293.6130, 5.5772, 150, 144, 130
L 139.5625, 308.0304, 7.7627, 125.8632, 294.3310, 5.6528, 150, 144, 130
L 139.5625, 363.4688, 9.3897, 139.5625, 308.0304, 7.7627, 150, 144, 130
L 8.5630, 363.4688, 0.6260, 139.5625, 363.4688, 9.3897, 150, 144, 130
L 8.5630, 363.4688, 0.6260, 8.5630, 363.4688, 0.6260, 150, 144, 130
L -32.3625, 111.7942, -16.3740, -32.3473, 101.5582, -16.3274, 176, 150, 104
L -30.3628, 111.6599, -15.3740, -30.2303, 98.3437, -15.1728, 176, 150, 104
L -28.3573, 98.3437, -14.3549, -28.3628, 111.8155, -14.3740, 176, 150, 104
L -26.3628, 111.6623, -13.3739, -26.3589, 98.3437, -13.3602, 176, 150, 104
L -24.3628, 98.3437, -12.3740, -24.3628, 111.7431, -12.3740, 176, 150, 104
L -22.3625, 111.7079, -11.3727, -22.3558, 98.3437, -11.3502, 176, 150, 104
L -20.3628, 98.3437, -10.3740, -20.3628, 111.8780, -10.3740, 176, 150, 104
L -18.3628, 111.6921, -9.3740, -18.3430, 98.3437, -9.3172, 176, 150, 104
L -16.3626, 98.3437, -8.3730, -16.3628, 111.7251, -8.3740, 176, 150, 104
L -14.3628, 111.8435, -7.3739, -14.3581, 98.3437, -7.3574, 176, 150, 104
L -12.3628, 98.3437, -6.3740, -12.3628, 111.8861, -6.3740, 176, 150, 104
L -10.3628, 111.7471, -5.3740, -10.3524, 98.3437, -5.3405, 176, 150, 104
L -8.3623, 98.3437, -4.3719, -8.3628, 111.7508, -4.3740, 176, 150, 104
L -6.3628, 111.7093, -3.3740, -6.3496, 98.3437, -3.3330, 176, 150, 104
L -4.3626, 98.3437, -2.3731, -4.3628, 111.7831, -2.3740, 176, 150, 104
L -2.3628, 111.6933, -1.3740, -2.3548, 98.3437, -1.3475, 176, 150, 104
L -0.3750, 98.3436, -0.3740, -0.3750, 111.7672, -0.3740, 176, 150, 104
L -0.3750, 98.3436, -0.3740, -0.3750, 98.3436, -0.3740, 176, 150, 104
L -83.9722, 69.5938, -19.4326, -83.9722, 69.5938, -19.4326, 40, 92, 158
L -139.7822, 69.5937, -19.0549, -83.9722, 69.5938, -19.4326, 40, 92, 158
L -153.4901, 55.8858, -16.1666, -139.7822, 69.5937, -19.0549, 40, 92, 158
L -154.1776, 55.5937, -16.3461, -153.4901, 55.8858, -16.1666, 40, 92, 158
L -181.0746, 55.5937, -17.4198, -154.1776, 55.5937, -16.3461, 40, 92, 158
L -182.3176, 55.8188, -17.5399, -181.0746, 55.5937, -17.4198, 40, 92, 158
L -195.9483, 69.4800, -18.8297, -182.3176, 55.8188, -17.5399, 40, 92, 158
L -196.2812, 70.1405, -19.0577, -195.9483, 69.4800, -18.8297, 40, 92, 158
L -196.2812, 97.8902, -19.6165, -196.2812, 70.1405, -19.0577, 40, 92, 158
L -196.0349, 98.3708, -19.7872, -196.2812, 97.8902, -19.6165, 40, 92, 158
L -182.3028, 112.1335, -19.8350, -196.0349, 98.3708, -19.7872, 40, 92, 158
L -181.6939, 112.3437, -19.7845, -182.3028, 112.1335, -19.8350, 40, 92, 158
L -154.1434, 112.3437, -19.4840, -181.6939, 112.3437, -19.7845, 40, 92, 158
L -153.5940, 112.1556, -19.5829, -154.1434, 112.3437, -19.4840, 40, 92, 158
L -139.7822, 98.3437, -19.0987, -153.5940, 112.1556, -19.5829, 40, 92, 158
L -83.7625, 98.3438, -19.4294, -139.7822, 98.3437, -19.0987, 40, 92, 158
L -41.8735, 139.9168, -19.3671, -83.7625, 98.3438, -19.4294, 40, 92, 158
L -27.7720, 182.2633, -19.3594, -41.8735, 139.9168, -19.3671, 40, 92, 158
L -27.8819, 237.8284, -19.3663, -27.7720, 182.2633, -19.3594, 40, 92, 158
L -42.0555, 266.2025, -19.3688, -27.8819, 237.8284, -19.3663, 40, 92, 158
L -83.7608, 335.9815, -19.3607, -42.0555, 266.2025, -19.3688, 40, 92, 158
L -83.9462, 363.4688, -19.3723, -83.7608, 335.9815, -19.3607, 40, 92, 158
L -83.9462, 363.4688, -19.3723, -83.9462, 363.4688, -19.3723, 40, 92, 158
L -83.9555, 363.4687, -19.3729, -83.9555, 363.4687, -19.3729, 40, 92, 158
L -139.7824, 363.4688, -19.1677, -83.9555, 363.4687, -19.3729, 40, 92, 158
L -153.4856, 349.7961, -20.3702, -139.7824, 363.4688, -19.1677, 40, 92, 158
L -154.1236, 349.5000, -19.9888, -153.4856, 349.7961, -20.3702, 40, 92, 158
L -181.4870, 349.5000, -20.6715, -154.1236, 349.5000, -19.9888, 40, 92, 158
L -182.3856, 349.7927, -20.1183, -181.4870, 349.5000, -20.6715, 40, 92, 158
L -195.9851, 363.3922, -19.5554, -182.3856, 349.7927, -20.1183, 40, 92, 158
L -196.2812, 364.0268, -19.7683, -195.9851, 363.3922, -19.5554, 40, 92, 158
L -196.2812, 391.5817, -19.8409, -196.2812, 364.0268, -19.7683, 40, 92, 158
L -195.8738, 392.4071, -19.7549, -196.2812, 391.5817, -19.8409, 40, 92, 158
L -182.4149, 405.8962, -19.4430, -195.8738, 392.4071, -19.7549, 40, 92, 158
L -181.7320, 406.2187, -19.4430, -182.4149, 405.8962, -19.4430, 40, 92, 158
L -154.4294, 406.2187, -20.1094, -181.7320, 406.2187, -19.4430, 40, 92, 158
L -153.3703, 405.8069, -19.4781, -154.4294, 406.2187, -20.1094, 40, 92, 158
L -139.7821, 392.2187, -15.1210, -153.3703, 405.8069, -19.4781, 40, 92, 158
L -125.8261, 392.2187, -19.4244, -139.7821, 392.2187, -15.1210, 40, 92, 158
L -55.8110, 573.7380, -19.3539, -59.6189, 599.3750, -19.3712, 40, 92, 158
L -69.8793, 489.8988, -19.3642, -55.8110, 573.7380, -19.3539, 40, 92, 158
L -97.8851, 433.8486, -19.3661, -69.8793, 489.8988, -19.3642, 40, 92, 158
L -125.7382, 392.2187, -19.3797, -97.8851, 433.8486, -19.3661, 40, 92, 158
L -125.7382, 392.2187, -19.3797, -125.7382, 392.2187, -19.3797, 150, 144, 130
L -0.3750, 392.2187, -7.1528, -125.7382, 392.2187, -19.3797, 150, 144, 130
L -0.3750, 599.3750, -12.5163, -0.3750, 392.2187, -7.1528, 150, 144, 130
L -59.5024, 599.3750, -19.3576, -0.3750, 599.3750, -12.5163, 150, 144, 130
L -133.9150, 599.3750, -97.3427, -59.5024, 599.3750, -19.3576, 40, 92, 158
L -999.2188, 599.3749, -97.3427, -133.9150, 599.3750, -97.3427, 40, 92, 158
L -999.2187, -399.4688, -97.3427, -999.2188, 599.3749, -97.3427, 40, 92, 158
L -122.7220, -399.4688, -97.3427, -999.2187, -399.4688, -97.3427, 40, 92, 158
L -122.6886, -399.4688, -69.1100, -122.7220, -399.4688, -97.3427, 40, 92, 158
L -45.0727, -399.4687, -19.3722, -122.6886, -399.4688, -69.1100, 40, 92, 158
L -45.0727, -399.4687, -19.3722, -45.0727, -399.4687, -19.3722, 40, 92, 158
L -83.8577, -126.3125, -19.4252, -83.8577, -126.3125, -19.4252, 150, 144, 130
L -0.3750, -126.3125, -9.0745, -83.8577, -126.3125, -19.4252, 150, 144, 130
L -0.3750, -399.4688, -12.0981, -0.3750, -126.3125, -9.0745, 150, 144, 130
L -45.0420, -399.4687, -19.3672, -0.3750, -399.4688, -12.0981, 150, 144, 130
L -45.0420, -399.4687, -19.3672, -45.0420, -399.4687, -19.3672, 150, 144, 130
L -41.8812, -377.7725, -19.3542, -45.0420, -399.4687, -19.3672, 40, 92, 158
L -69.8251, -307.9038, -19.3517, -41.8812, -377.7725, -19.3542, 40, 92, 158
L -41.8294, -209.7026, -19.3396, -69.8251, -307.9038, -19.3517, 40, 92, 158
L -55.8531, -167.9541, -19.3547, -41.8294, -209.7026, -19.3396, 40, 92, 158
L -83.8356, -126.3125, -19.4079, -55.8531, -167.9541, -19.3547, 40, 92, 158
L -139.7822, -126.3125, -19.5715, -83.8356, -126.3125, -19.4079, 40, 92, 158
L -153.5188, -140.0491, -17.2942, -139.7822, -126.3125, -19.5715, 40, 92, 158
L -154.2673, -140.3125, -18.2218, -153.5188, -140.0491, -17.2942, 40, 92, 158
L -181.7422, -140.3125, -19.6413, -154.2673, -140.3125, -18.2218, 40, 92, 158
L -182.4465, -139.9583, -19.7547, -181.7422, -140.3125, -19.6413, 40, 92, 158
L -195.9761, -126.3984, -20.0945, -182.4465, -139.9583, -19.7547, 40, 92, 158
L -196.2812, -125.6641, -20.0489, -195.9761, -126.3984, -20.0945, 40, 92, 158
L -196.2812, -98.4001, -19.7998, -196.2812, -125.6641, -20.0489, 40, 92, 158
L -195.9807, -97.5124, -19.7998, -196.2812, -98.4001, -19.7998, 40, 92, 158
L -182.3812, -83.8825, -19.5370, -195.9807, -97.5124, -19.7998, 40, 92, 158
L -181.5872, -83.5937, -19.4932, -182.3812, -83.8825, -19.5370, 40, 92, 158
L -154.2553, -83.5937, -19.5009, -181.5872, -83.5937, -19.4932, 40, 92, 158
L -153.4577, -83.9182, -19.1359, -154.2553, -83.5937, -19.5009, 40, 92, 158
L -139.7822, -97.5937, -19.1622, -153.4577, -83.9182, -19.1359, 40, 92, 158
L -83.7646, -97.5937, -19.3788, -139.7822, -97.5937, -19.1622, 40, 92, 158
L -83.7646, -97.5937, -19.3788, -83.7646, -97.5937, -19.3788, 40, 92, 158
L 98.1229, 69.5938, -5.1427, 113.0363, 69.5937, -3.9767, 150, 144, 130
L 97.5938, 70.1618, -5.1841, 98.1229, 69.5938, -5.1427, 150, 144, 130
L 97.5938, 97.8163, -5.1841, 97.5938, 70.1618, -5.1841, 150, 144, 130
L 98.2322, 98.3437, -5.1341, 97.5938, 97.8163, -5.1841, 150, 144, 130
L 108.4450, 98.3437, -4.3357, 98.2322, 98.3437, -5.1341, 150, 144, 130
L 139.5625, 112.3207, -7.8196, 139.5625, 112.3207, -7.8196, 176, 150, 104
L 139.5620, 112.3210, -7.8196, 139.5625, 112.3208, -7.8196, 150, 144, 130
L 139.5625, 139.7821, -9.3235, 139.5620, 112.3210, -7.8196, 150, 144, 130
L 125.8320, 153.5126, -10.8558, 139.5625, 139.7821, -9.3235, 150, 144, 130
L 125.5625, 154.2351, -10.9103, 125.8320, 153.5126, -10.8558, 150, 144, 130
L 125.5625, 181.7557, -10.2672, 125.5625, 154.2351, -10.9103, 150, 144, 130
L 125.7920, 182.3221, -10.2646, 125.5625, 181.7557, -10.2672, 150, 144, 130
L 139.5625, 196.0618, -8.8971, 125.7920, 182.3221, -10.2646, 150, 144, 130
L 139.5625, 251.7509, -9.6173, 139.5625, 196.0618, -8.8971, 150, 144, 130
L 125.7771, 265.5363, -9.9871, 139.5625, 251.7509, -9.6173, 150, 144, 130
L 125.5625, 266.1432, -9.9820, 125.7771, 265.5363, -9.9871, 150, 144, 130
L 125.5625, 293.7251, -9.4924, 125.5625, 266.1432, -9.9820, 150, 144, 130
L 125.8164, 294.2842, -9.4610, 125.5625, 293.7251, -9.4924, 150, 144, 130
L 139.5625, 308.0303, -5.3971, 125.8164, 294.2842, -9.4610, 150, 144, 130
L 139.5625, 363.4688, -5.3971, 139.5625, 308.0303, -5.3971, 150, 144, 130
L -83.9081, 363.4687, -19.3699, 139.5625, 363.4688, -5.3971, 150, 144, 130
L -83.9081, 363.4687, -19.3699, -83.9081, 363.4687, -19.3699, 150, 144, 130
L 2.3750, 98.3437, -12.6255, 2.3750, 111.8648, -15.3674, 176, 150, 104
L 2.3750, 98.3437, -12.6255, 2.3750, 98.3437, -12.6255, 176, 150, 104
L 2.3750, 98.3437, -12.6255, 2.3750, 98.3437, -12.6255, 150, 144, 130
L 57.7492, 98.3437, -8.2970, 2.3750, 98.3437, -12.6255, 150, 144, 130
L 58.3437, 97.6554, -8.2505, 57.7492, 98.3437, -8.2970, 150, 144, 130
L 58.3437, 70.2186, -8.2505, 58.3437, 97.6554, -8.2505, 150, 144, 130
L 55.4981, 69.5938, -8.4730, 58.3437, 70.2186, -8.2505, 150, 144, 130
L 55.4981, 69.5938, -8.4730, 55.4981, 69.5938, -8.4730, 150, 144, 130
L 2.3750, 56.3388, -13.3051, 2.3750, 56.3388, -13.3051, 176, 150, 104
L 1.2807, 55.5938, -13.4074, 2.3750, 56.3388, -13.3051, 176, 150, 104
L 1.2807, 55.5938, -13.4074, 1.2807, 55.5938, -13.4074, 176, 150, 104
L 1.2807, 55.5938, -13.4074, 1.2807, 55.5938, -13.4074, 176, 150, 104
L 1.2807, 55.5938, -13.4074, 1.2807, 55.5938, -13.4074, 176, 150, 104
L 2.3750, 56.4940, -13.3012, 1.2807, 55.5938, -13.4074, 176, 150, 104
L 2.3750, 69.5938, -12.6255, 2.3750, 56.4940, -13.3012, 176, 150, 104
L 2.3750, 69.5938, -12.6255, 2.3750, 69.5938, -12.6255, 176, 150, 104
L 2.3750, 69.5938, -12.6255, 57.5607, 69.5938, -8.3117, 150, 144, 130
L 139.5625, -13.8447, -6.8641, 139.5625, 55.6165, -3.1600, 150, 144, 130
L 125.8348, -27.5724, -7.8749, 139.5625, -13.8447, -6.8641, 150, 144, 130
L 125.5625, -28.1218, -7.8980, 125.8348, -27.5724, -7.8749, 150, 144, 130
L 125.5625, -55.8136, -8.1765, 125.5625, -28.1218, -7.8980, 150, 144, 130
L 97.8134, -83.5938, -10.4258, 125.5625, -55.8136, -8.1765, 150, 144, 130
L 70.1020, -83.5938, -11.8493, 97.8134, -83.5938, -10.4258, 150, 144, 130
L 69.5511, -83.8561, -11.8680, 70.1020, -83.5938, -11.8493, 150, 144, 130
L 55.8134, -97.5938, -12.1123, 69.5511, -83.8561, -11.8680, 150, 144, 130
L -83.7136, -97.5937, -19.3734, 55.8134, -97.5938, -12.1123, 150, 144, 130
L -83.7136, -97.5937, -19.3734, -83.7136, -97.5937, -19.3734, 150, 144, 130
L -83.7136, -97.5937, -19.3734, -83.7136, -97.5937, -19.3734, 40, 92, 158
L -55.8017, -55.8764, -19.3624, -83.7136, -97.5937, -19.3734, 40, 92, 158
L -69.8974, 28.0532, -19.3663, -55.8017, -55.8764, -19.3624, 40, 92, 158
L -83.8349, 69.5938, -19.3728, -69.8974, 28.0532, -19.3663, 40, 92, 158
L -83.8349, 69.5938, -19.3728, -83.8349, 69.5938, -19.3728, 40, 92, 158
L -83.8349, 69.5938, -19.3728, -83.8349, 69.5938, -19.3728, 150, 144, 130
L -32.3453, 69.5938, -15.3381, -83.8349, 69.5938, -19.3728, 150, 144, 130
L -30.3628, 56.0342, -15.3739, -30.2301, 69.5936, -15.1727, 176, 150, 104
L -28.3628, 69.5937, -14.3739, -28.3628, 55.9950, -14.3740, 176, 150, 104
L -26.3628, 56.0331, -13.3740, -26.3628, 69.5938, -13.3740, 176, 150, 104
L -24.3635, 69.5937, -12.3740, -24.3628, 56.0400, -12.3740, 176, 150, 104
L -22.3628, 56.0376, -11.3739, -22.3628, 69.5937, -11.3738, 176, 150, 104
L -20.3629, 69.5937, -10.3740, -20.3628, 56.0684, -10.3740, 176, 150, 104
L -18.3624, 56.1145, -9.3723, -18.3628, 69.5938, -9.3739, 176, 150, 104
L -16.3628, 69.5937, -8.3738, -16.3628, 56.0005, -8.3739, 176, 150, 104
L -14.3628, 55.9772, -7.3739, -14.3629, 69.5937, -7.3740, 176, 150, 104
L -12.3628, 69.5937, -6.3739, -12.3628, 56.0416, -6.3739, 176, 150, 104
L -10.3628, 56.0862, -5.3740, -10.3628, 69.5937, -5.3739, 176, 150, 104
L -8.3628, 69.5937, -4.3740, -8.3628, 55.9955, -4.3739, 176, 150, 104
L -6.3628, 56.0804, -3.3740, -6.3628, 69.5938, -3.3740, 176, 150, 104
L -4.3628, 69.5937, -2.3739, -4.3628, 56.0730, -2.3740, 176, 150, 104
L -2.3628, 56.1310, -1.3740, -2.3628, 69.5938, -1.3740, 176, 150, 104
L -0.3750, 69.5938, -0.3740, -0.3750, 56.0369, -0.3740, 176, 150, 104
L 37.5473, 331.9526, 0.6268, 37.5473, 331.9526, 0.6268, 150, 100, 64
L 12.5042, 363.4688, 0.6260, 12.5042, 363.4688, 0.6260, 150, 100, 64
L 12.5042, 363.4688, 0.6260, 12.5042, 363.4688, 0.6260, 150, 144, 130
L 2.3750, 363.4688, 0.6260, 12.5042, 363.4688, 0.6260, 150, 144, 130
L 2.3750, 363.4688, 0.6260, 2.3750, 363.4688, 0.6260, 150, 144, 130
L 2.3750, 363.4688, 0.6260, 2.3750, 363.4688, 0.6260, 176, 150, 104
L 2.3750, 180.1017, 0.6260, 2.3750, 363.4688, 0.6260, 176, 150, 104
L 1.7812, 179.5625, 0.6260, 2.3750, 180.1017, 0.6260, 176, 150, 104
L -43.7477, 179.5625, 0.6260, 1.7812, 179.5625, 0.6260, 176, 150, 104
L -44.3437, 180.1013, 0.6260, -43.7477, 179.5625, 0.6260, 176, 150, 104
L -44.2485, 235.6565, 0.6260, -44.3437, 180.1013, 0.6260, 176, 150, 104
L -67.7222, 235.6237, 0.6260, -44.2485, 235.6565, 0.6260, 176, 150, 104
L -67.5938, 180.4004, 0.6260, -67.7222, 235.6237, 0.6260, 176, 150, 104
L -68.0582, 179.5625, 0.6260, -67.5938, 180.4004, 0.6260, 176, 150, 104
L -123.6900, 179.6557, 0.6260, -68.0582, 179.5625, 0.6260, 176, 150, 104
L -123.6761, 156.2064, 0.6260, -123.6900, 179.6557, 0.6260, 176, 150, 104
L 1.6757, 156.3125, 0.6260, -123.6761, 156.2064, 0.6260, 176, 150, 104
L 2.3750, 155.6886, 0.6260, 1.6757, 156.3125, 0.6260, 176, 150, 104
L 2.3750, 110.1972, 0.6260, 2.3750, 155.6886, 0.6260, 176, 150, 104
L 1.8132, 109.5938, 0.6260, 2.3750, 110.1972, 0.6260, 176, 150, 104
L 0.2035, 109.5938, 0.6260, 1.8132, 109.5938, 0.6260, 176, 150, 104
L -0.3750, 110.1786, -0.3740, 0.2035, 109.5938, 0.6260, 176, 150, 104
L -0.3750, 111.8655, -0.3740, -0.3750, 110.1786, -0.3740, 176, 150, 104
L -34.3663, 111.8744, -17.3886, 2.3750, 111.8648, -0.3740, 176, 150, 104
L -34.2396, 98.3437, -15.4862, -34.3663, 111.8744, -17.3886, 176, 150, 104
L -0.3750, 98.3437, -0.3740, -34.2396, 98.3437, -15.4862, 176, 150, 104
L -0.3750, 99.8033, -0.3740, -0.3750, 98.3437, -0.3740, 176, 150, 104
L 0.2675, 100.3437, 0.6260, -0.3750, 99.8033, -0.3740, 176, 150, 104
L 1.8102, 100.3437, 0.6260, 0.2675, 100.3437, 0.6260, 176, 150, 104
L 2.3750, 99.7344, 0.6260, 1.8102, 100.3437, 0.6260, 176, 150, 104
L 2.3750, 98.3437, 0.6260, 2.3750, 99.7344, 0.6260, 176, 150, 104
L 2.3750, 98.3437, 0.6260, 2.3750, 98.3437, 0.6260, 176, 150, 104
L 2.3750, 98.3437, 0.6260, 2.3750, 98.3437, 0.6260, 150, 144, 130
L 57.7737, 98.3437, 0.6260, 2.3750, 98.3437, 0.6260, 150, 144, 130
L 58.3437, 97.6991, 0.6260, 57.7737, 98.3437, 0.6260, 150, 144, 130
L 58.3437, 94.3438, 0.6260, 58.3437, 97.6991, 0.6260, 150, 144, 130
L 67.7359, 94.3438, 0.6260, 58.3437, 94.3438, 0.6260, 150, 144, 130
L 68.3437, 93.8265, 0.6260, 67.7359, 94.3438, 0.6260, 150, 144, 130
L 68.3437, 74.1224, 0.6260, 68.3437, 93.8265, 0.6260, 150, 144, 130
L 67.6425, 73.5938, 0.6260, 68.3437, 74.1224, 0.6260, 150, 144, 130
L 58.3436, 73.5938, 0.6260, 67.6425, 73.5938, 0.6260, 150, 144, 130
L 58.3437, 70.1588, 0.6260, 58.3436, 73.5938, 0.6260, 150, 144, 130
L 57.6894, 69.5938, 0.6260, 58.3437, 70.1588, 0.6260, 150, 144, 130
L 2.3750, 69.5938, 0.6260, 57.6894, 69.5938, 0.6260, 150, 144, 130
L 2.3750, 69.5938, 0.6260, 2.3750, 69.5938, 0.6260, 150, 144, 130
L 2.3750, 68.0758, 0.6260, 2.3750, 69.5938, 0.6260, 176, 150, 104
L 1.7761, 67.5938, 0.6260, 2.3750, 68.0758, 0.6260, 176, 150, 104
L 0.1695, 67.5938, 0.6260, 1.7761, 67.5938, 0.6260, 176, 150, 104
L -0.3750, 68.1391, -0.3740, 0.1695, 67.5938, 0.6260, 176, 150, 104
L -0.3750, 69.5938, -0.3740, -0.3750, 68.1391, -0.3740, 176, 150, 104
L -32.2672, 69.5938, -15.3320, -0.3750, 69.5938, -0.3740, 176, 150, 104
L -32.3460, 56.1451, -15.8947, -32.2672, 69.5938, -15.3320, 176, 150, 104
L -0.3750, 56.1118, -0.3740, -32.3460, 56.1451, -15.8947, 176, 150, 104
L -0.3750, 57.6768, -0.3740, -0.3750, 56.1118, -0.3740, 176, 150, 104
L 0.2424, 58.3437, 0.6260, -0.3750, 57.6768, -0.3740, 176, 150, 104
L 1.8056, 58.3437, 0.6260, 0.2424, 58.3437, 0.6260, 176, 150, 104
L 2.3750, 57.7254, 0.6260, 1.8056, 58.3437, 0.6260, 176, 150, 104
L 2.3750, -1.7740, 0.6260, 2.3750, 57.7254, 0.6260, 176, 150, 104
L 1.7619, -2.3750, 0.6260, 2.3750, -1.7740, 0.6260, 176, 150, 104
L -243.6552, -2.2786, 0.6260, 1.7619, -2.3750, 0.6260, 176, 150, 104
L -243.6851, -25.6971, 0.6260, -243.6552, -2.2786, 0.6260, 176, 150, 104
L 1.7732, -25.6250, 0.6260, -243.6851, -25.6971, 0.6260, 176, 150, 104
L 2.3750, -26.3638, 0.6260, 1.7732, -25.6250, 0.6260, 176, 150, 104
L 2.3750, -97.5938, 0.6260, 2.3750, -26.3638, 0.6260, 176, 150, 104
L 2.3750, -97.5938, 0.6260, 2.3750, -97.5938, 0.6260, 176, 150, 104
L 2.3750, -97.5938, 0.6260, 2.3750, -97.5938, 0.6260, 150, 144, 130
L 55.8134, -97.5938, 0.6260, 2.3750, -97.5938, 0.6260, 150, 144, 130
L 69.4974, -83.9097, 0.6260, 55.8134, -97.5938, 0.6260, 150, 144, 130
L 70.2403, -83.5938, 0.6260, 69.4974, -83.9097, 0.6260, 150, 144, 130
L 97.6620, -83.5938, 1.6260, 70.2403, -83.5938, 0.6260, 150, 144, 130
L 98.3775, -83.8471, 1.6260, 97.6620, -83.5938, 1.6260, 150, 144, 130
L 111.9898, -97.4595, 1.6260, 98.3775, -83.8471, 1.6260, 150, 144, 130
L 112.3437, -98.8569, 0.6260, 111.9898, -97.4595, 1.6260, 150, 144, 130
L 112.3438, -125.6986, 0.6260, 112.3437, -98.8569, 0.6260, 150, 144, 130
L 112.0157, -126.4208, 0.6260, 112.3438, -125.6986, 0.6260, 150, 144, 130
L 98.3526, -140.0839, 0.6260, 112.0157, -126.4208, 0.6260, 150, 144, 130
L 97.6768, -140.3125, 0.6260, 98.3526, -140.0839, 0.6260, 150, 144, 130
L 70.1614, -140.3125, 0.6260, 97.6768, -140.3125, 0.6260, 150, 144, 130
L 69.5337, -140.0327, 0.6260, 70.1614, -140.3125, 0.6260, 150, 144, 130
L 55.8134, -126.3125, 0.6260, 69.5337, -140.0327, 0.6260, 150, 144, 130
L 28.3750, -126.3125, 0.6260, 55.8134, -126.3125, 0.6260, 150, 144, 130
L 28.3750, -447.4375, 0.6260, 28.3750, -126.3125, 0.6260, 150, 144, 130
L 111.5938, -447.4375, 0.6260, 28.3750, -447.4375, 0.6260, 150, 144, 130
L 111.5938, -447.4375, 0.6260, 111.5938, -447.4375, 0.6260, 150, 144, 130
L 503.7258, 56.2984, 28.6260, 503.9604, 55.9274, 28.6260, 150, 144, 130
L 503.4375, 13.6372, 1.6260, 503.7258, 56.2984, 28.6260, 150, 144, 130
L 503.4375, 0.7602, 1.6260, 503.4375, 13.6372, 1.6260, 150, 144, 130
L 503.7524, -0.4707, 1.6260, 503.4375, 0.7602, 1.6260, 150, 144, 130
L 517.4062, -14.1551, 1.6260, 503.7524, -0.4707, 1.6260, 150, 144, 130
L 517.4062, -43.5948, 1.6260, 517.4062, -14.1551, 1.6260, 150, 144, 130
L 515.9362, -43.5938, 1.6260, 517.4062, -43.5948, 1.6260, 150, 144, 130
L 515.4062, -44.2727, 1.6260, 515.9362, -43.5938, 1.6260, 150, 144, 130
L 515.4062, -45.8484, 1.6260, 515.4062, -44.2727, 1.6260, 150, 144, 130
L 515.9720, -46.3437, 1.6260, 515.4062, -45.8484, 1.6260, 150, 144, 130
L 521.4993, -46.3437, 0.6260, 515.9720, -46.3437, 1.6260, 150, 144, 130
L 522.1561, -45.7953, 0.6260, 521.4993, -46.3437, 0.6260, 150, 144, 130
L 522.1562, -44.2755, 0.6260, 522.1561, -45.7953, 0.6260, 150, 144, 130
L 521.6307, -43.5938, 0.6260, 522.1562, -44.2755, 0.6260, 150, 144, 130
L 520.1550, -43.5938, 0.6260, 521.6307, -43.5938, 0.6260, 150, 144, 130
L 520.1563, -42.3438, 0.6260, 520.1550, -43.5938, 0.6260, 150, 144, 130
L 533.4223, -42.3437, 0.6260, 520.1563, -42.3438, 0.6260, 150, 144, 130
L 534.1562, -41.7932, 0.6260, 533.4223, -42.3437, 0.6260, 150, 144, 130
L 534.1562, -38.3065, 0.6260, 534.1562, -41.7932, 0.6260, 150, 144, 130
L 533.5294, -37.6250, 0.6260, 534.1562, -38.3065, 0.6260, 150, 144, 130
L 520.1523, -37.6250, 0.6260, 533.5294, -37.6250, 0.6260, 150, 144, 130
L 520.1562, -16.3750, 0.6260, 520.1523, -37.6250, 0.6260, 150, 144, 130
L 559.4063, -16.3750, 0.6260, 520.1562, -16.3750, 0.6260, 150, 144, 130
L 559.4063, -37.6250, 0.6260, 559.4063, -16.3750, 0.6260, 150, 144, 130
L 544.0514, -37.6250, 0.6260, 559.4063, -37.6250, 0.6260, 150, 144, 130
L 543.4063, -38.1142, 0.6260, 544.0514, -37.6250, 0.6260, 150, 144, 130
L 543.4063, -41.7166, 0.6260, 543.4063, -38.1142, 0.6260, 150, 144, 130
L 544.0124, -42.3437, 0.6260, 543.4063, -41.7166, 0.6260, 150, 144, 130
L 559.4063, -42.3437, 0.6260, 544.0124, -42.3437, 0.6260, 150, 144, 130
L 559.4063, -81.6532, 0.6260, 559.4063, -42.3437, 0.6260, 150, 144, 130
L 559.9280, -82.3438, 0.6260, 559.4063, -81.6532, 0.6260, 150, 144, 130
L 561.5138, -82.3438, 0.6260, 559.9280, -82.3438, 0.6260, 150, 144, 130
L 562.1562, -81.7638, 0.6260, 561.5138, -82.3438, 0.6260, 150, 144, 130
L 562.1562, -54.3437, 0.6260, 562.1562, -81.7638, 0.6260, 150, 144, 130
L 575.5654, -54.3437, 0.6260, 562.1562, -54.3437, 0.6260, 150, 144, 130
L 576.1562, -53.8408, 0.6260, 575.5654, -54.3437, 0.6260, 150, 144, 130
L 576.1562, -52.0882, 0.6260, 576.1562, -53.8408, 0.6260, 150, 144, 130
L 575.5734, -51.5938, 0.6260, 576.1562, -52.0882, 0.6260, 150, 144, 130
L 562.1535, -51.5938, 0.6260, 575.5734, -51.5938, 0.6260, 150, 144, 130
L 562.1562, -18.3750, 0.6260, 562.1535, -51.5938, 0.6260, 150, 144, 130
L 587.5947, -18.3750, 0.6260, 562.1562, -18.3750, 0.6260, 150, 144, 130
L 599.3750, -30.1553, 0.6260, 587.5947, -18.3750, 0.6260, 150, 144, 130
L 599.3750, -51.5938, 0.6260, 599.3750, -30.1553, 0.6260, 150, 144, 130
L 586.0486, -51.5938, 0.6260, 599.3750, -51.5938, 0.6260, 150, 144, 130
L 585.4063, -52.1224, 0.6260, 586.0486, -51.5938, 0.6260, 150, 144, 130
L 585.4063, -53.6772, 0.6260, 585.4063, -52.1224, 0.6260, 150, 144, 130
L 585.9976, -54.3437, 0.6260, 585.4063, -53.6772, 0.6260, 150, 144, 130
L 599.3750, -54.3437, 0.6260, 585.9976, -54.3437, 0.6260, 150, 144, 130
L 599.3750, -83.8134, 0.6260, 599.3750, -54.3437, 0.6260, 150, 144, 130
L 587.5946, -95.5938, 0.6260, 599.3750, -83.8134, 0.6260, 150, 144, 130
L 562.1545, -95.5938, 0.6260, 587.5946, -95.5938, 0.6260, 150, 144, 130
L 562.1562, -92.1944, 0.6260, 562.1545, -95.5938, 0.6260, 150, 144, 130
L 561.5811, -91.5938, 0.6260, 562.1562, -92.1944, 0.6260, 150, 144, 130
L 559.9899, -91.5938, 0.6260, 561.5811, -91.5938, 0.6260, 150, 144, 130
L 559.4063, -92.1168, 0.6260, 559.9899, -91.5938, 0.6260, 150, 144, 130
L 559.4062, -95.5938, 0.6260, 559.4063, -92.1168, 0.6260, 150, 144, 130
L 544.1547, -95.5938, 0.6260, 559.4062, -95.5938, 0.6260, 150, 144, 130
L 544.1562, -94.2132, 0.6260, 544.1547, -95.5938, 0.6260, 150, 144, 130
L 543.6179, -93.5938, 0.6260, 544.1562, -94.2132, 0.6260, 150, 144, 130
L 541.9224, -93.5938, 0.6260, 543.6179, -93.5938, 0.6260, 150, 144, 130
L 541.4063, -94.2851, 0.6260, 541.9224, -93.5938, 0.6260, 150, 144, 130
L 541.4063, -99.6134, 1.6260, 541.4063, -94.2851, 0.6260, 150, 144, 130
L 541.9478, -100.3438, 1.6260, 541.4063, -99.6134, 1.6260, 150, 144, 130
L 543.5490, -100.3438, 1.6260, 541.9478, -100.3438, 1.6260, 150, 144, 130
L 544.1563, -99.6947, 1.6260, 543.5490, -100.3438, 1.6260, 150, 144, 130
L 544.1563, -98.3438, 1.6260, 544.1563, -99.6947, 1.6260, 150, 144, 130
L 558.8759, -98.3438, 1.6260, 544.1563, -98.3438, 1.6260, 150, 144, 130
L 545.6259, -111.5938, 1.6260, 558.8759, -98.3438, 1.6260, 150, 144, 130
L 476.1867, -111.5938, 0.6260, 545.6259, -111.5938, 1.6260, 150, 144, 130
L 476.1875, -98.2462, 0.6260, 476.1867, -111.5938, 0.6260, 150, 144, 130
L 475.5175, -97.5938, 0.6260, 476.1875, -98.2462, 0.6260, 150, 144, 130
L 462.1260, -97.5938, 0.6260, 475.5175, -97.5938, 0.6260, 150, 144, 130
L 461.4375, -98.1112, 0.6260, 462.1260, -97.5938, 0.6260, 150, 144, 130
L 461.4375, -103.5938, 0.6260, 461.4375, -98.1112, 0.6260, 150, 144, 130
L 460.0043, -103.5938, 0.6260, 461.4375, -103.5938, 0.6260, 150, 144, 130
L 459.4375, -104.1641, 0.6260, 460.0043, -103.5938, 0.6260, 150, 144, 130
L 459.4375, -105.8368, 0.6260, 459.4375, -104.1641, 0.6260, 150, 144, 130
L 460.0281, -106.3438, 0.6260, 459.4375, -105.8368, 0.6260, 150, 144, 130
L 461.4375, -106.3437, 0.6260, 460.0281, -106.3438, 0.6260, 150, 144, 130
L 461.4375, -111.7931, 0.6260, 461.4375, -106.3437, 0.6260, 150, 144, 130
L 462.0080, -112.4146, 0.6260, 461.4375, -111.7931, 0.6260, 150, 144, 130
L 475.4093, -116.2436, 0.6260, 462.0080, -112.4146, 0.6260, 150, 144, 130
L 476.0106, -116.3438, 0.5505, 475.4093, -116.2436, 0.6260, 150, 144, 130
L 507.4553, -116.3437, -13.9436, 476.0106, -116.3438, 0.5505, 150, 144, 130
L 508.1013, -115.6352, -13.4514, 507.4553, -116.3437, -13.9436, 150, 144, 130
L 508.1013, -115.6352, -13.4514, 508.1013, -115.6352, -13.4514, 150, 144, 130
L 543.1563, -116.3437, -13.3740, 543.1563, -116.3437, -13.3740, 150, 144, 130
L 536.4063, -116.3436, -13.3740, 543.1563, -116.3437, -13.3740, 150, 144, 130
L 521.9550, -116.3437, -13.3740, 536.4063, -116.3436, -13.3740, 150, 144, 130
L 521.3878, -115.9612, -13.3742, 521.9550, -116.3437, -13.3740, 150, 144, 130
L 503.4429, -56.0322, -27.3875, 521.3878, -115.9612, -13.3742, 150, 144, 130
L 503.4375, -42.3436, -27.3740, 503.4429, -56.0322, -27.3875, 150, 144, 130
L 462.1875, -42.3437, -27.3740, 503.4375, -42.3436, -27.3740, 150, 144, 130
L 462.1875, -83.6061, -27.3740, 462.1875, -42.3437, -27.3740, 150, 144, 130
L 461.8796, -84.4319, -27.3740, 462.1875, -83.6061, -27.3740, 150, 144, 130
L 448.2473, -98.0643, -27.3740, 461.8796, -84.4319, -27.3740, 150, 144, 130
L 447.6473, -98.3437, -27.3740, 448.2473, -98.0643, -27.3740, 150, 144, 130
L 420.0381, -98.3437, -27.3740, 447.6473, -98.3437, -27.3740, 150, 144, 130
L 419.4688, -97.7064, -27.3740, 420.0381, -98.3437, -27.3740, 150, 144, 130
L 419.4688, -84.0884, -27.3740, 419.4688, -97.7064, -27.3740, 150, 144, 130
L 419.9939, -83.5938, -27.3740, 419.4688, -84.0884, -27.3740, 150, 144, 130
L 423.4688, -83.5938, -27.3740, 419.9939, -83.5938, -27.3740, 150, 144, 130
L 430.1875, -83.5938, -27.3740, 423.4688, -83.5938, -27.3740, 150, 144, 130
L 447.4375, -83.5938, -27.3740, 430.1875, -83.5938, -27.3740, 150, 144, 130
L 447.4375, -14.1427, -27.3740, 447.4375, -83.5938, -27.3740, 150, 144, 130
L 448.1989, -13.6250, -27.3740, 447.4375, -14.1427, -27.3740, 150, 144, 130
L 475.6572, -13.6250, -27.3740, 448.1989, -13.6250, -27.3740, 150, 144, 130
L 489.4401, 0.1579, -27.3740, 475.6572, -13.6250, -27.3740, 150, 144, 130
L 489.9914, 0.3750, -27.3740, 489.4401, 0.1579, -27.3740, 150, 144, 130
L 491.4375, 0.3750, -27.3740, 489.9914, 0.3750, -27.3740, 150, 144, 130
L 494.1874, 0.3750, -27.3740, 491.4375, 0.3750, -27.3740, 150, 144, 130
L 545.5975, 0.3750, -27.3740, 494.1874, 0.3750, -27.3740, 150, 144, 130
L 546.1934, 0.1181, -27.3740, 545.5975, 0.3750, -27.3740, 150, 144, 130
L 559.9365, -13.6250, -27.3740, 546.1934, 0.1181, -27.3740, 150, 144, 130
L 573.6255, -13.6251, -27.3740, 559.9365, -13.6250, -27.3740, 150, 144, 130
L 587.3750, 0.1550, -27.3740, 573.6255, -13.6251, -27.3740, 150, 144, 130
L 587.3750, 13.8449, -27.3740, 587.3750, 0.1550, -27.3740, 150, 144, 130
L 573.6256, 27.6251, -27.3740, 587.3750, 13.8449, -27.3740, 150, 144, 130
L 559.9353, 27.6250, -27.3740, 573.6256, 27.6251, -27.3740, 150, 144, 130
L 546.1625, 13.8510, -27.3740, 559.9353, 27.6250, -27.3740, 150, 144, 130
L 545.5258, 13.6250, -27.3740, 546.1625, 13.8510, -27.3740, 150, 144, 130
L 494.1875, 13.6250, -27.3740, 545.5258, 13.6250, -27.3740, 150, 144, 130
L 491.4375, 13.6250, -27.3740, 494.1875, 13.6250, -27.3740, 150, 144, 130
L 490.0326, 13.6250, -27.3740, 491.4375, 13.6250, -27.3740, 150, 144, 130
L 489.4375, 14.1994, -27.3740, 490.0326, 13.6250, -27.3740, 150, 144, 130
L 489.4375, 41.7114, -27.3740, 489.4375, 14.1994, -27.3740, 150, 144, 130
L 490.0014, 42.3437, -27.3740, 489.4375, 41.7114, -27.3740, 150, 144, 130
L 491.4375, 42.3437, -27.3740, 490.0014, 42.3437, -27.3740, 150, 144, 130
L 494.1875, 42.3437, -27.3740, 491.4375, 42.3437, -27.3740, 150, 144, 130
L 503.6341, 42.3437, -27.3740, 494.1875, 42.3437, -27.3740, 150, 144, 130
L 504.2846, 42.0270, -27.3740, 503.6341, 42.3437, -27.3740, 150, 144, 130
L 517.9365, 28.3750, -27.3740, 504.2846, 42.0270, -27.3740, 150, 144, 130
L 531.6262, 28.3750, -27.3740, 517.9365, 28.3750, -27.3740, 150, 144, 130
L 545.4063, 42.1243, -27.3740, 531.6262, 28.3750, -27.3740, 150, 144, 130
L 545.4063, 55.8134, -27.3740, 545.4063, 42.1243, -27.3740, 150, 144, 130
L 531.6259, 69.5938, -27.3740, 545.4063, 55.8134, -27.3740, 150, 144, 130
L 517.9364, 69.5938, -27.3740, 531.6259, 69.5938, -27.3740, 150, 144, 130
L 504.2327, 55.8590, -27.3740, 517.9364, 69.5938, -27.3740, 150, 144, 130
L 503.4828, 55.5938, -27.3740, 504.2327, 55.8590, -27.3740, 150, 144, 130
L 494.1875, 55.5938, -27.3740, 503.4828, 55.5938, -27.3740, 150, 144, 130
L 491.4375, 55.5938, -27.3740, 494.1875, 55.5938, -27.3740, 150, 144, 130
L 490.0832, 55.5937, -27.3740, 491.4375, 55.5938, -27.3740, 150, 144, 130
L 489.3394, 55.9115, -27.3740, 490.0832, 55.5937, -27.3740, 150, 144, 130
L 475.8282, 69.4226, -27.3740, 489.3394, 55.9115, -27.3740, 150, 144, 130
L 475.4375, 70.2039, -27.3740, 475.8282, 69.4226, -27.3740, 150, 144, 130
L 475.4375, 71.5938, -27.3740, 475.4375, 70.2039, -27.3740, 150, 144, 130
L 475.4375, 74.3437, -27.3740, 475.4375, 71.5938, -27.3740, 150, 144, 130
L 475.4375, 111.6720, -27.3740, 475.4375, 74.3437, -27.3740, 150, 144, 130
L 475.9854, 112.3437, -27.3740, 475.4375, 111.6720, -27.3740, 150, 144, 130
L 489.5817, 112.3437, -27.3740, 475.9854, 112.3437, -27.3740, 150, 144, 130
L 490.2555, 112.0560, -27.3740, 489.5817, 112.3437, -27.3740, 150, 144, 130
L 503.9678, 98.3437, -27.3740, 490.2555, 112.0560, -27.3740, 150, 144, 130
L 517.6260, 98.3437, -27.3740, 503.9678, 98.3437, -27.3740, 150, 144, 130
L 531.4063, 112.1241, -27.3740, 517.6260, 98.3437, -27.3740, 150, 144, 130
L 531.4063, 125.7822, -27.3740, 531.4063, 112.1241, -27.3740, 150, 144, 130
L 517.6792, 139.5092, -27.3740, 531.4063, 125.7822, -27.3740, 150, 144, 130
L 517.4063, 140.3654, -27.3740, 517.6792, 139.5092, -27.3740, 150, 144, 130
L 517.4062, 153.6396, -27.3740, 517.4063, 140.3654, -27.3740, 150, 144, 130
L 517.7905, 154.4770, -27.3740, 517.4062, 153.6396, -27.3740, 150, 144, 130
L 531.3579, 168.0445, -27.3740, 517.7905, 154.4770, -27.3740, 150, 144, 130
L 531.9683, 168.3125, -27.3740, 531.3579, 168.0445, -27.3740, 150, 144, 130
L 587.4808, 168.3125, -27.3740, 531.9683, 168.3125, -27.3740, 150, 144, 130
L 588.1249, 167.7041, -27.3740, 587.4808, 168.3125, -27.3740, 150, 144, 130
L 588.1249, 140.3125, -27.3740, 588.1249, 167.7041, -27.3740, 150, 144, 130
L 601.3750, 181.5625, -27.3740, 601.3750, 154.3467, -27.3740, 150, 144, 130
L 532.0115, 181.5625, -27.3740, 601.3750, 181.5625, -27.3740, 150, 144, 130
L 531.3273, 181.8607, -27.3740, 532.0115, 181.5625, -27.3740, 150, 144, 130
L 517.6261, 195.5313, -27.3740, 531.3273, 181.8607, -27.3740, 150, 144, 130
L 503.9667, 195.5313, -27.3740, 517.6261, 195.5313, -27.3740, 150, 144, 130
L 490.1875, 181.7820, -27.3740, 503.9667, 195.5313, -27.3740, 150, 144, 130
L 490.1875, 168.0928, -27.3740, 490.1875, 181.7820, -27.3740, 150, 144, 130
L 503.8316, 154.4487, -27.3740, 490.1875, 168.0928, -27.3740, 150, 144, 130
L 504.1875, 153.5649, -27.3740, 503.8316, 154.4487, -27.3740, 150, 144, 130
L 504.1875, 140.2809, -27.3740, 504.1875, 153.5649, -27.3740, 150, 144, 130
L 503.8937, 139.4884, -27.3740, 504.1875, 140.2809, -27.3740, 150, 144, 130
L 504.0518, 139.6465, -27.3740, 517.5584, 139.6299, -27.3740, 150, 144, 130
L 490.2267, 125.8214, -27.3740, 504.0518, 139.6465, -27.3740, 150, 144, 130
L 489.6203, 125.5625, -27.3740, 490.2267, 125.8214, -27.3740, 150, 144, 130
L 462.1867, 125.5625, -27.3740, 489.6203, 125.5625, -27.3740, 150, 144, 130
L 462.1875, 74.3437, -27.3740, 462.1867, 125.5625, -27.3740, 150, 144, 130
L 462.1875, 71.5938, -27.3740, 462.1875, 74.3437, -27.3740, 150, 144, 130
L 462.1875, 70.1411, -27.3740, 462.1875, 71.5938, -27.3740, 150, 144, 130
L 461.5354, 69.5938, -27.3740, 462.1875, 70.1411, -27.3740, 150, 144, 130
L 447.9952, 69.5938, -27.3740, 461.5354, 69.5938, -27.3740, 150, 144, 130
L 447.4375, 70.1164, -27.3740, 447.9952, 69.5938, -27.3740, 150, 144, 130
L 447.4375, 71.5938, -27.3740, 447.4375, 70.1164, -27.3740, 150, 144, 130
L 447.4375, 74.3437, -27.3740, 447.4375, 71.5938, -27.3740, 150, 144, 130
L 447.4375, 139.7031, -27.3740, 447.4375, 74.3437, -27.3740, 150, 144, 130
L 447.7086, 140.3640, -27.3740, 447.4375, 139.7031, -27.3740, 150, 144, 130
L 461.4375, 154.0928, -27.3740, 447.7086, 140.3640, -27.3740, 150, 144, 130
L 461.4375, 167.7822, -27.3740, 461.4375, 154.0928, -27.3740, 150, 144, 130
L 447.6572, 181.5625, -27.3740, 461.4375, 167.7822, -27.3740, 150, 144, 130
L 433.9680, 181.5625, -27.3740, 447.6572, 181.5625, -27.3740, 150, 144, 130
L 420.2187, 167.7824, -27.3740, 433.9680, 181.5625, -27.3740, 150, 144, 130
L 420.2187, 154.0926, -27.3740, 420.2187, 167.7824, -27.3740, 150, 144, 130
L 433.9568, 140.3238, -27.3740, 420.2187, 154.0926, -27.3740, 150, 144, 130
L 434.1875, 139.7290, -27.3740, 433.9568, 140.3238, -27.3740, 150, 144, 130
L 434.1875, 74.3437, -27.3740, 434.1875, 139.7290, -27.3740, 150, 144, 130
L 434.1875, 71.5938, -27.3740, 434.1875, 74.3437, -27.3740, 150, 144, 130
L 434.1875, 70.2065, -27.3740, 434.1875, 71.5938, -27.3740, 150, 144, 130
L 433.6018, 69.5938, -27.3740, 434.1875, 70.2065, -27.3740, 150, 144, 130
L 420.0949, 69.5938, -27.3740, 433.6018, 69.5938, -27.3740, 150, 144, 130
L 419.4688, 70.1536, -27.3740, 420.0949, 69.5938, -27.3740, 150, 144, 130
L 419.4688, 71.5938, -27.3740, 419.4688, 70.1536, -27.3740, 150, 144, 130
L 419.4688, 74.3436, -27.3740, 419.4688, 71.5938, -27.3740, 150, 144, 130
L 419.4688, 125.5625, -27.3740, 419.4688, 74.3436, -27.3740, 150, 144, 130
L 419.4688, 125.5625, -27.3740, 419.4688, 125.5625, -27.3740, 150, 144, 130
L 392.0852, 125.5625, -27.3740, 419.4688, 125.5625, -27.3740, 150, 144, 130
L 391.3702, 125.8807, -27.3740, 392.0852, 125.5625, -27.3740, 150, 144, 130
L 377.6884, 139.5625, -27.3740, 391.3702, 125.8807, -27.3740, 150, 144, 130
L 363.9980, 139.5625, -27.3740, 377.6884, 139.5625, -27.3740, 150, 144, 130
L 350.2500, 125.7824, -27.3740, 363.9980, 139.5625, -27.3740, 150, 144, 130
L 350.2499, 112.1239, -27.3740, 350.2500, 125.7824, -27.3740, 150, 144, 130
L 363.9992, 98.3437, -27.3740, 350.2499, 112.1239, -27.3740, 150, 144, 130
L 377.6884, 98.3437, -27.3740, 363.9992, 98.3437, -27.3740, 150, 144, 130
L 391.3945, 112.0499, -27.3740, 377.6884, 98.3437, -27.3740, 150, 144, 130
L 391.9754, 112.3437, -27.3740, 391.3945, 112.0499, -27.3740, 150, 144, 130
L 405.6209, 112.3437, -27.3740, 391.9754, 112.3437, -27.3740, 150, 144, 130
L 406.2187, 111.7024, -27.3740, 405.6209, 112.3437, -27.3740, 150, 144, 130
L 406.2187, 74.3437, -27.3740, 406.2187, 111.7024, -27.3740, 150, 144, 130
L 406.2184, 71.5938, -27.3740, 406.2187, 74.3437, -27.3740, 150, 144, 130
L 406.2187, 70.1558, -27.3740, 406.2184, 71.5938, -27.3740, 150, 144, 130
L 405.8884, 69.4830, -27.3740, 406.2187, 70.1558, -27.3740, 150, 144, 130
L 392.3130, 55.9076, -27.3740, 405.8884, 69.4830, -27.3740, 150, 144, 130
L 391.4955, 55.5938, -27.3740, 392.3130, 55.9076, -27.3740, 150, 144, 130
L 390.2188, 55.5938, -27.3740, 391.4955, 55.5938, -27.3740, 150, 144, 130
L 378.1073, 55.5938, -27.3740, 390.2188, 55.5938, -27.3740, 150, 144, 130
L 377.2934, 55.9888, -27.3740, 378.1073, 55.5938, -27.3740, 150, 144, 130
L 363.6884, 69.5938, -27.3740, 377.2934, 55.9888, -27.3740, 150, 144, 130
L 350.0295, 69.5938, -27.3740, 363.6884, 69.5938, -27.3740, 150, 144, 130
L 336.2499, 55.8134, -27.3740, 350.0295, 69.5938, -27.3740, 150, 144, 130
L 336.2499, 55.8134, -27.3740, 336.2499, 55.8134, -27.3740, 150, 144, 130
L 336.2500, 42.1243, -27.3740, 336.2499, 55.8134, -27.3740, 150, 144, 130
L 350.0300, 28.3750, -27.3740, 336.2500, 42.1243, -27.3740, 150, 144, 130
L 363.6887, 28.3750, -27.3740, 350.0300, 28.3750, -27.3740, 150, 144, 130
L 377.3976, 42.0533, -27.3740, 363.6887, 28.3750, -27.3740, 150, 144, 130
L 378.0602, 42.3437, -27.3740, 377.3976, 42.0533, -27.3740, 150, 144, 130
L 387.4688, 42.3437, -27.3740, 378.0602, 42.3437, -27.3740, 150, 144, 130
L 390.2188, 42.3437, -27.3740, 387.4688, 42.3437, -27.3740, 150, 144, 130
L 391.5569, 42.3437, -27.3740, 390.2188, 42.3437, -27.3740, 150, 144, 130
L 392.2187, 41.8332, -27.3740, 391.5569, 42.3437, -27.3740, 150, 144, 130
L 392.2187, 14.1650, -27.3740, 392.2187, 41.8332, -27.3740, 150, 144, 130
L 391.6810, 13.6250, -27.3740, 392.2187, 14.1650, -27.3740, 150, 144, 130
L 390.2186, 13.6250, -27.3740, 391.6810, 13.6250, -27.3740, 150, 144, 130
L 390.2187, 12.0040, -27.3740, 390.2186, 13.6250, -27.3740, 150, 144, 130
L 336.0779, 13.6250, -27.3740, 390.2187, 12.0040, -27.3740, 150, 144, 130
L 335.4228, 13.9218, -27.3740, 336.0779, 13.6250, -27.3740, 150, 144, 130
L 321.7196, 27.6251, -27.3740, 335.4228, 13.9218, -27.3740, 150, 144, 130
L 308.0292, 27.6250, -27.3740, 321.7196, 27.6251, -27.3740, 150, 144, 130
L 308.0292, 27.6250, -27.3740, 308.0292, 27.6250, -27.3740, 150, 144, 130
L 294.2500, 13.8447, -27.3740, 308.0292, 27.6250, -27.3740, 150, 144, 130
L 294.2500, 0.1554, -27.3740, 294.2500, 13.8447, -27.3740, 150, 144, 130
L 308.0303, -13.6250, -27.3740, 294.2500, 0.1554, -27.3740, 150, 144, 130
L 321.7196, -13.6250, -27.3740, 308.0303, -13.6250, -27.3740, 150, 144, 130
L 335.4836, 0.1390, -27.3740, 321.7196, -13.6250, -27.3740, 150, 144, 130
L 336.1312, 0.3750, -27.3740, 335.4836, 0.1390, -27.3740, 150, 144, 130
L 390.2186, 1.9928, -27.3740, 336.1312, 0.3750, -27.3740, 150, 144, 130
L 390.2187, 0.3750, -27.3740, 390.2186, 1.9928, -27.3740, 150, 144, 130
L 391.7121, 0.3750, -27.3740, 390.2187, 0.3750, -27.3740, 150, 144, 130
L 392.6709, -0.2968, -27.3740, 391.7121, 0.3750, -27.3740, 150, 144, 130
L 405.9989, -13.6250, -27.3740, 392.6709, -0.2968, -27.3740, 150, 144, 130
L 433.5591, -13.6250, -27.3740, 405.9989, -13.6250, -27.3740, 150, 144, 130
L 434.1875, -14.3151, -27.3740, 433.5591, -13.6250, -27.3740, 150, 144, 130
L 434.1875, -69.6212, -27.3740, 434.1875, -14.3151, -27.3740, 150, 144, 130
L 433.5604, -70.3437, -27.3740, 434.1875, -69.6212, -27.3740, 150, 144, 130
L 424.0429, -72.3438, -25.3740, 433.5604, -70.3437, -27.3740, 150, 144, 130
L 423.4688, -71.8263, -27.3740, 424.0429, -72.3438, -25.3740, 150, 144, 130
L 423.4688, -70.3435, -27.3740, 423.4688, -71.8263, -27.3740, 150, 144, 130
L 420.1729, -70.3437, -27.3740, 423.4688, -70.3435, -27.3740, 150, 144, 130
L 419.4688, -69.6617, -27.3740, 420.1729, -70.3437, -27.3740, 150, 144, 130
L 419.4688, -42.3436, -27.3740, 419.4688, -69.6617, -27.3740, 150, 144, 130
L 378.2187, -42.3437, -27.3740, 419.4688, -42.3436, -27.3740, 150, 144, 130
L 378.1227, -56.3437, -28.7410, 378.2187, -42.3437, -27.3740, 150, 144, 130
L 360.2187, -116.0245, -13.3740, 378.1227, -56.3437, -28.7410, 150, 144, 130
L 360.2187, -129.5625, -13.3740, 360.2187, -116.0245, -13.3740, 150, 144, 130
L 373.9823, -129.5625, -13.4580, 360.2187, -129.5625, -13.3740, 150, 144, 130
L 405.7913, -129.5625, 0.6169, 373.9823, -129.5625, -13.4580, 150, 144, 130
L 419.4864, -125.6496, 0.6260, 405.7913, -129.5625, 0.6169, 150, 144, 130
L 420.2017, -125.5625, 0.6260, 419.4864, -125.6496, 0.6260, 150, 144, 130
L 461.5008, -125.5625, 0.6260, 420.2017, -125.5625, 0.6260, 150, 144, 130
L 462.1284, -125.6377, 0.6260, 461.5008, -125.5625, 0.6260, 150, 144, 130
L 475.8649, -129.5625, 0.6170, 462.1284, -125.6377, 0.6260, 150, 144, 130
L 507.5858, -129.5624, -14.0037, 475.8649, -129.5625, 0.6170, 150, 144, 130
L 536.4063, -129.5625, -13.3740, 507.5858, -129.5624, -14.0037, 150, 144, 130
L 543.1558, -129.5625, -13.3740, 536.4063, -129.5625, -13.3740, 150, 144, 130
L 559.7108, -153.5625, -11.5087, 517.5435, -153.7352, 0.6260, 150, 144, 130
L 560.1562, -153.5625, -13.3740, 559.7108, -153.5625, -11.5087, 150, 144, 130
L 573.4063, -153.5625, -13.3740, 560.1562, -153.5625, -13.3740, 150, 144, 130
L 573.4063, -116.3434, -13.3740, 573.4063, -153.5625, -13.3740, 150, 144, 130
L 543.1563, -116.3437, -13.3740, 573.4063, -116.3434, -13.3740, 150, 144, 130
L 559.3253, -129.5625, -13.3740, 543.1563, -129.5625, -13.3740, 150, 144, 130
L 560.1562, -130.1293, -13.3740, 559.3253, -129.5625, -13.3740, 150, 144, 130
L 560.1562, -139.4219, -13.3740, 560.1562, -130.1293, -13.3740, 150, 144, 130
L 559.6647, -140.3125, -11.4976, 560.1562, -139.4219, -13.3740, 150, 144, 130
L 517.7490, -140.3125, 0.6260, 559.6647, -140.3125, -11.4976, 150, 144, 130
L 350.0805, -140.3125, 0.6260, 517.7490, -140.3125, 0.6260, 150, 144, 130
L 349.3301, -139.9228, 0.6260, 350.0805, -140.3125, 0.6260, 150, 144, 130
L 335.8344, -126.4273, 0.6260, 349.3301, -139.9228, 0.6260, 150, 144, 130
L 335.5000, -125.6109, 0.6260, 335.8344, -126.4273, 0.6260, 150, 144, 130
L 335.5000, -112.9382, 0.6260, 335.5000, -125.6109, 0.6260, 150, 144, 130
L 447.4375, -463.4001, -0.3740, 447.4375, -448.1875, -0.3740, 150, 144, 130
L 447.4375, -448.1875, -0.3740, 420.0028, -448.1875, -0.3740, 150, 144, 130
L 420.0028, -448.1875, -0.3740, 419.4687, -447.5376, -0.3740, 150, 144, 130
L 419.4687, -447.5376, -0.3740, 419.4688, -434.1745, -0.3739, 150, 144, 130
L 419.4688, -434.1745, -0.3739, 419.4688, -434.1855, -0.3740, 150, 144, 130
L 419.4688, -434.1855, -0.3740, 420.2850, -433.4375, 0.6260, 150, 144, 130
L 420.2850, -433.4375, 0.6260, 433.6574, -433.4375, 0.6260, 150, 144, 130
L 433.6574, -433.4375, 0.6260, 447.4375, -419.6882, 0.6260, 150, 144, 130
L 447.4375, -419.6882, 0.6260, 447.4375, -391.9991, 0.6260, 150, 144, 130
L 447.4375, -391.9991, 0.6260, 433.6572, -378.2187, 0.6260, 150, 144, 130
L 433.6572, -378.2187, 0.6260, 377.8678, -378.2187, 0.6260, 150, 144, 130
L 377.8678, -378.2187, 0.6260, 363.4997, -363.9931, 0.6260, 150, 144, 130
L 363.4997, -363.9931, 0.6260, 363.4688, -350.0303, 0.6260, 150, 144, 130
L 363.4688, -350.0303, 0.6260, 349.5000, -335.8704, 0.6259, 150, 144, 130
L 349.5000, -335.8704, 0.6259, 349.5000, -308.2375, -0.3739, 150, 144, 130
L 349.5000, -308.2375, -0.3739, 349.5767, -307.6477, 0.6260, 150, 144, 130
L 349.5767, -307.6477, 0.6260, 362.9412, -294.2486, 0.6260, 150, 144, 130
L 362.9412, -294.2486, 0.6260, 362.9412, -294.2486, 0.6260, 150, 144, 130
L 362.9412, -294.2486, 0.6260, 362.9412, -294.2486, 0.6260, 150, 144, 130
L 362.9398, -294.2500, 0.6260, 336.0435, -294.2500, 0.6260, 150, 144, 130
L 336.0435, -294.2500, 0.6260, 335.5000, -293.6056, 0.6260, 150, 144, 130
L 335.5000, -293.6056, 0.6260, 335.5000, -280.2492, 0.6260, 150, 144, 130
L 335.5000, -280.2492, 0.6260, 334.0545, -280.2500, 0.6260, 150, 144, 130
L 334.0545, -280.2500, 0.6260, 333.5000, -279.6762, 0.6260, 150, 144, 130
L 333.5000, -279.6762, 0.6260, 333.5000, -278.0382, 0.6260, 150, 144, 130
L 333.5000, -278.0382, 0.6260, 333.9857, -277.5000, 0.6260, 150, 144, 130
L 333.9857, -277.5000, 0.6260, 337.7600, -277.5000, 0.6260, 150, 144, 130
L 337.7600, -277.5000, 0.6260, 338.0187, -277.5286, 0.6260, 150, 144, 130
L 338.0187, -277.5286, 0.6260, 338.0187, -277.5286, 0.6260, 150, 144, 130
L 337.6467, -277.5000, 0.6260, 337.6467, -277.5000, 0.6260, 150, 144, 130
L 337.4914, -277.5000, 0.6260, 337.7983, -277.5000, 0.6260, 150, 144, 130
L 337.7983, -277.5000, 0.6260, 338.2500, -278.4041, 0.6260, 150, 144, 130
L 338.2500, -278.4041, 0.6260, 338.2495, -284.6549, 0.6260, 150, 144, 130
L 338.2500, -281.1778, 0.6260, 338.2487, -292.5000, 0.6260, 150, 144, 130
L 338.2487, -292.5000, 0.6260, 362.4688, -292.5000, 0.6260, 150, 144, 130
L 362.4688, -292.5000, 0.6260, 362.4688, -267.2812, 0.6260, 150, 144, 130
L 362.4688, -267.2812, 0.6260, 338.2500, -267.2812, 0.6260, 150, 144, 130
L 338.2500, -267.2812, 0.6260, 338.2500, -267.7242, 0.6260, 150, 144, 130
L 338.2500, -267.7242, 0.6260, 337.4773, -268.2813, 0.6260, 150, 144, 130
L 337.4773, -268.2813, 0.6260, 334.1673, -268.2813, 0.6260, 150, 144, 130
L 334.1673, -268.2813, 0.6260, 333.5000, -267.5294, 0.6260, 150, 144, 130
L 333.5000, -267.5294, 0.6260, 333.5000, -264.2109, 0.6260, 150, 144, 130
L 333.5000, -264.2109, 0.6260, 334.1886, -263.5313, 0.6260, 150, 144, 130
L 334.1886, -263.5313, 0.6260, 337.8021, -263.5312, 0.6260, 150, 144, 130
L 337.8021, -263.5312, 0.6260, 338.5126, -264.1104, 0.6260, 150, 144, 130
L 338.5126, -264.1104, 0.6260, 338.2500, -264.5313, 0.6260, 150, 144, 130
L 338.2500, -264.5313, 0.6260, 362.4688, -264.5313, 0.6260, 150, 144, 130
L 362.4688, -264.5313, 0.6260, 362.4688, -239.2812, 0.6260, 150, 144, 130
L 362.4688, -239.2812, 0.6260, 348.2500, -239.2812, 0.6260, 150, 144, 130
L 348.2500, -239.2812, 0.6260, 348.2500, -239.5981, 0.6260, 150, 144, 130
L 348.2500, -239.5981, 0.6260, 347.6105, -240.2813, 0.6260, 150, 144, 130
L 347.6105, -240.2813, 0.6260, 346.6739, -240.2228, 0.6260, 150, 144, 130
L 346.6739, -240.2228, 0.6260, 346.5000, -239.6056, 0.6260, 150, 144, 130
L 346.5000, -239.6056, 0.6260, 346.5000, -239.2810, 0.6260, 150, 144, 130
L 346.5000, -239.2810, 0.6260, 338.2500, -239.2812, 0.6260, 150, 144, 130
L 338.2500, -239.2812, 0.6260, 323.2500, -239.2812, 0.6260, 150, 144, 130
L 323.2500, -239.2812, 0.6260, 323.2499, -250.5312, 0.6260, 150, 144, 130
L 323.2499, -250.5312, 0.6260, 336.5000, -250.5313, 0.6260, 150, 144, 130
L 336.5000, -250.5313, 0.6260, 336.5000, -249.9976, 0.6260, 150, 144, 130
L 336.5000, -249.9976, 0.6260, 337.2921, -249.5313, 0.6260, 150, 144, 130
L 337.2921, -249.5313, 0.6260, 338.2500, -250.7357, 0.6260, 150, 144, 130
L 338.2500, -250.7357, 0.6260, 338.2500, -253.6233, 0.6260, 150, 144, 130
L 338.2500, -253.6233, 0.6260, 337.6832, -254.2813, 0.6260, 150, 144, 130
L 337.6832, -254.2813, 0.6260, 334.0457, -254.2813, 0.6260, 150, 144, 130
L 334.0457, -254.2813, 0.6260, 333.5000, -253.7630, 0.6260, 150, 144, 130
L 333.5000, -253.7630, 0.6260, 333.5000, -252.2812, 0.6260, 150, 144, 130
L 333.5000, -252.2812, 0.6260, 322.0407, -252.2812, 0.6260, 150, 144, 130
L 322.0407, -252.2812, 0.6260, 321.5000, -251.6229, 0.6260, 150, 144, 130
L 321.5000, -251.6229, 0.6260, 321.5000, -238.2812, 0.6260, 150, 144, 130
L 321.5000, -238.2812, 0.6260, 280.0306, -238.2812, 0.6260, 150, 144, 130
L 280.0306, -238.2812, 0.6260, 266.8091, -251.5313, 0.6260, 150, 144, 130
L 266.8073, -251.5313, 0.6260, 293.6916, -251.5313, 0.6260, 150, 144, 130
L 293.6916, -251.5313, 0.6260, 294.2500, -252.2741, 0.6260, 150, 144, 130
L 294.2500, -252.2741, 0.6260, 294.2494, -263.5313, 0.6260, 150, 144, 130
L 294.2494, -263.5313, 0.6260, 295.4341, -263.5313, 0.6260, 150, 144, 130
L 295.4341, -263.5313, 0.6260, 296.2500, -264.7113, 0.6260, 150, 144, 130
L 296.2500, -264.7113, 0.6260, 296.2500, -267.5786, 0.6260, 150, 144, 130
L 296.2500, -267.5786, 0.6260, 295.3644, -268.2813, 0.6260, 150, 144, 130
L 295.3644, -268.2813, 0.6260, 292.7399, -268.2813, 0.6260, 150, 144, 130
L 292.7399, -268.2813, 0.6260, 291.5000, -267.0919, 0.6260, 150, 144, 130
L 291.5000, -267.0919, 0.6260, 291.5000, -254.2812, 2.7647, 150, 144, 130
L 291.5000, -254.2812, 2.7647, 268.2812, -254.2812, 0.6260, 150, 144, 130
L 268.2812, -254.2812, 0.6260, 268.2805, -267.5313, 0.6260, 150, 144, 130
L 268.2805, -267.5313, 0.6260, 278.5908, -267.5313, 0.6260, 150, 144, 130
L 278.5908, -267.5313, 0.6260, 279.2500, -268.1951, 0.6260, 150, 144, 130
L 279.2500, -268.1951, 0.6260, 279.2500, -280.4885, 0.6260, 150, 144, 130
L 277.7715, -281.2354, 0.6348, 277.8379, -281.2481, 0.6260, 150, 144, 130
L 268.2812, -281.2376, 0.6269, 268.2807, -291.5000, 0.6260, 150, 144, 130
L 268.2807, -291.5000, 0.6260, 291.5000, -291.5000, 0.6260, 150, 144, 130
L 291.5000, -291.5000, 0.6260, 291.5000, -278.1568, 0.6260, 150, 144, 130
L 291.5000, -278.1568, 0.6260, 292.2564, -277.5000, 0.6260, 150, 144, 130
L 292.2564, -277.5000, 0.6260, 303.7197, -277.5000, 0.6260, 150, 144, 130
L 303.7197, -277.5000, 0.6260, 305.5000, -275.7197, 0.6260, 150, 144, 130
L 305.5000, -275.7197, 0.6260, 305.5000, -264.0880, 0.6260, 150, 144, 130
L 305.5000, -264.0880, 0.6260, 306.0661, -263.5313, 0.6260, 150, 144, 130
L 306.0661, -263.5313, 0.6260, 307.5241, -263.5313, 0.6260, 150, 144, 130
L 307.5241, -263.5313, 0.6260, 308.2500, -264.2600, 0.6260, 150, 144, 130
L 308.2500, -264.2600, 0.6260, 308.2500, -279.5421, 0.6260, 150, 144, 130
L 308.2500, -279.5421, 0.6260, 308.2500, -279.5274, 0.6260, 150, 144, 130
L 278.4972, -281.2500, 0.6260, 268.2812, -281.2395, 0.6260, 150, 144, 130
L 268.2812, -281.2395, 0.6260, 268.2812, -281.2395, 0.6260, 150, 144, 130
L 278.3900, -281.2500, 0.6260, 278.3900, -281.2500, 0.6260, 150, 144, 130
L 278.3900, -281.2500, 0.6260, 279.2500, -279.9512, 0.6260, 150, 144, 130
L 279.2500, -279.9512, 0.6260, 279.2500, -279.9512, 0.6260, 150, 144, 130
L 277.7551, -281.2365, 0.6308, 277.5000, -268.1908, 13.7743, 150, 144, 130
L 277.5000, -268.1908, 13.7743, 278.0383, -267.5313, 14.6260, 150, 144, 130
L 278.0383, -267.5313, 14.6260, 278.7257, -267.5313, 14.6260, 150, 144, 130
L 278.7257, -267.5313, 14.6260, 279.2500, -268.2281, 14.6260, 150, 144, 130
L 279.2500, -268.2281, 14.6260, 279.2488, -291.5000, 15.1259, 150, 144, 130
L 279.2488, -291.5000, 15.1259, 291.5000, -291.5000, 14.6260, 150, 144, 130
L 291.5000, -291.5000, 14.6260, 291.5000, -254.2812, 17.2043, 150, 144, 130
L 291.5000, -254.2812, 17.2043, 268.2812, -254.2812, 14.6260, 150, 144, 130
L 268.2812, -254.2812, 14.6260, 268.2812, -254.2812, 14.6260, 150, 144, 130
L 268.2812, -254.2812, 14.6260, 268.2812, -267.1407, 14.6260, 150, 144, 130
L 268.2812, -267.1407, 14.6260, 268.2812, -281.2378, 0.6260, 150, 144, 130
L 268.2812, -281.2378, 0.6260, 268.2812, -281.2378, 0.6262, 150, 144, 130
L 308.2500, -279.1286, 0.6260, 308.2500, -279.1286, 0.6260, 150, 144, 130
L 308.2500, -279.1286, 0.6260, 307.2693, -280.2500, 0.6260, 150, 144, 130
L 307.2693, -280.2500, 0.6260, 294.2500, -280.2500, 0.6260, 150, 144, 130
L 294.2500, -280.2500, 0.6260, 294.2500, -293.3818, 0.6260, 150, 144, 130
L 294.2500, -293.3818, 0.6260, 293.4720, -294.2500, 0.6260, 150, 144, 130
L 293.4720, -294.2500, 0.6260, 266.2812, -294.2500, 0.6260, 150, 144, 130
L 266.2812, -294.2500, 0.6260, 266.2812, -294.2500, 0.6260, 150, 144, 130
L 266.2812, -294.2500, 0.6260, 266.2812, -307.1044, 0.6260, 150, 144, 130
L 266.2812, -307.1044, 0.6260, 265.5815, -308.2500, -0.3740, 150, 144, 130
L 265.5815, -308.2500, -0.3740, 238.6202, -308.2500, -0.3740, 150, 144, 130
L 238.6202, -308.2500, -0.3740, 237.5313, -306.7718, 0.6260, 150, 144, 130
L 237.5313, -306.7718, 0.6260, 237.5312, -252.0616, 0.6260, 150, 144, 130
L 237.5312, -252.0616, 0.6260, 223.8931, -238.4234, 0.6260, 150, 144, 130
L 223.8931, -238.4234, 0.6260, 223.5313, -237.6811, 0.6260, 150, 144, 130
L 223.5313, -237.6811, 0.6260, 223.5313, -210.0700, 0.6260, 150, 144, 130
L 223.5313, -210.0700, 0.6260, 224.0951, -209.1870, -0.3740, 150, 144, 130
L 224.0951, -209.1870, -0.3740, 237.5313, -195.7509, -0.3740, 150, 144, 130
L 237.5313, -195.7509, -0.3740, 237.5313, -154.3507, 0.6260, 150, 144, 130
L 237.5313, -154.3507, 0.6260, 238.3973, -153.5625, 0.6260, 150, 144, 130
L 238.3973, -153.5625, 0.6260, 265.6976, -153.5625, 0.6260, 150, 144, 130
L 265.6976, -153.5625, 0.6260, 266.2812, -154.3790, 0.6260, 150, 144, 130
L 266.2812, -154.3790, 0.6260, 266.2812, -195.7511, 0.6260, 150, 144, 130
L 266.2812, -195.7511, 0.6260, 279.5000, -208.9995, 0.6260, 150, 144, 130
L 279.5000, -208.9995, 0.6260, 279.5000, -208.9995, 0.6260, 96, 90, 80
L 279.5000, -208.9995, 0.6260, 279.5000, -196.2812, 0.6260, 176, 150, 104
L 279.5000, -196.2812, 0.6260, 278.1834, -196.2812, 0.6260, 176, 150, 104
L 278.1834, -196.2812, 0.6260, 277.5000, -195.5542, 0.6260, 176, 150, 104
L 277.5000, -195.5542, 0.6260, 277.5000, -194.1280, 0.6260, 176, 150, 104
L 277.5000, -194.1280, 0.6260, 278.3222, -193.5625, 0.6260, 176, 150, 104
L 278.3222, -193.5625, 0.6260, 281.4734, -193.5625, 0.6260, 176, 150, 104
L 281.4734, -193.5625, 0.6260, 282.2500, -194.2734, 0.6260, 176, 150, 104
L 282.2500, -194.2734, 0.6260, 282.2486, -207.5313, 0.6260, 176, 150, 104
L 282.2486, -207.5313, 0.6260, 333.5000, -207.5313, 0.6260, 176, 150, 104
L 333.5000, -207.5313, 0.6260, 333.5000, -156.3125, 0.6260, 176, 150, 104
L 333.5000, -156.3125, 0.6260, 310.2500, -156.3125, 0.6260, 176, 150, 104
L 310.2500, -156.3125, 0.6260, 310.2500, -197.3745, 0.6260, 176, 150, 104
L 310.2500, -197.3745, 0.6260, 309.3736, -198.2813, 0.6260, 176, 150, 104
L 309.3736, -198.2813, 0.6260, 306.1384, -198.2813, 0.6260, 176, 150, 104
L 306.1384, -198.2813, 0.6260, 305.5000, -197.4689, 0.6260, 176, 150, 104
L 305.5000, -197.4689, 0.6260, 305.5000, -184.3125, 0.6260, 176, 150, 104
L 305.5000, -184.3125, 0.6260, 281.8777, -184.3125, 0.6260, 176, 150, 104
L 283.0709, -184.3125, 0.6260, 278.2378, -184.3125, 0.6260, 176, 150, 104
L 278.2378, -184.3125, 0.6260, 277.5000, -183.6635, 0.6260, 176, 150, 104
L 277.5000, -183.6635, 0.6260, 277.5000, -182.1936, 0.6260, 176, 150, 104
L 277.5000, -182.1936, 0.6260, 278.3621, -181.5625, 0.6260, 176, 150, 104
L 278.3621, -181.5625, 0.6260, 307.5000, -181.5625, 0.6260, 176, 150, 104
L 307.5000, -181.5625, 0.6260, 307.5000, -154.2941, 0.6260, 176, 150, 104
L 307.5000, -154.2941, 0.6260, 308.4044, -153.5625, 0.6260, 176, 150, 104
L 308.4044, -153.5625, 0.6260, 335.4893, -153.5625, 0.6260, 176, 150, 104
L 335.4893, -153.5625, 0.6260, 336.2500, -154.3331, 0.6260, 176, 150, 104
L 336.2500, -154.3331, 0.6260, 336.2492, -209.5313, 0.6260, 176, 150, 104
L 336.2492, -209.5313, 0.6260, 377.7677, -209.5313, 0.6260, 150, 144, 130
L 377.7677, -209.5313, 0.6260, 392.1941, -223.7726, 0.6260, 150, 144, 130
L 377.7123, -209.5313, 0.6260, 377.6355, -167.7326, 0.6260, 40, 92, 158
L 377.6355, -167.7326, 0.6260, 405.8391, -153.8087, 0.6260, 40, 92, 158
L 405.8391, -153.8087, 0.6260, 419.8740, -167.5625, 0.6260, 40, 92, 158
L 392.2184, -223.8908, 0.6260, 419.8530, -196.2812, 0.6260, 40, 92, 158
L 447.4502, -196.0032, 0.6260, 433.6980, -196.2812, 0.6260, 40, 92, 158
L 447.5456, -167.6740, 0.6260, 433.7864, -167.5625, 0.6260, 40, 92, 158
L 420.0869, -167.5625, 0.6260, 420.5520, -167.5625, 0.6260, 150, 144, 130
L 420.5520, -167.5625, 0.6260, 421.2187, -168.4318, 0.6260, 150, 144, 130
L 421.2187, -168.4318, 0.6260, 421.2187, -195.6041, 0.6260, 150, 144, 130
L 421.2187, -195.6041, 0.6260, 420.7451, -196.2812, 0.6260, 150, 144, 130
L 420.7451, -196.2812, 0.6260, 419.9575, -196.2812, 0.6260, 150, 144, 130
L 433.6268, -196.2812, 0.6260, 433.0134, -196.2812, 0.6260, 150, 144, 130
L 433.0134, -196.2812, 0.6260, 432.4375, -195.5364, 0.6260, 150, 144, 130
L 432.4375, -195.5364, 0.6260, 432.4375, -168.1353, 0.6260, 150, 144, 130
L 432.4375, -168.1353, 0.6260, 432.9552, -167.5625, 0.6260, 150, 144, 130
L 432.9552, -167.5625, 0.6260, 433.7870, -167.5625, 0.6260, 150, 144, 130
L 507.3867, -116.3437, -13.9119, 507.3867, -116.3437, -13.9119, 150, 144, 130
L 507.3867, -116.3437, -13.9119, 508.0804, -115.5681, -13.4679, 150, 144, 130
L 508.0804, -115.5681, -13.4679, 490.3163, -56.3437, -28.7410, 150, 144, 130
L 490.3163, -56.3437, -28.7410, 489.5865, -55.5938, -27.3740, 150, 144, 130
L 489.5865, -55.5938, -27.3740, 476.1862, -55.5938, -27.3740, 150, 144, 130
L 476.1862, -55.5938, -27.3740, 475.4375, -56.1942, -27.3740, 150, 144, 130
L 475.4375, -56.1942, -27.3740, 475.4375, -83.6733, -27.3740, 150, 144, 130
L 475.4375, -83.6733, -27.3740, 475.7943, -84.4809, -27.3740, 150, 144, 130
L 475.7943, -84.4809, -27.3740, 489.4375, -98.1238, -27.3740, 150, 144, 130
L 489.4375, -98.1238, -27.3740, 489.4375, -111.8131, -27.3740, 150, 144, 130
L 489.4375, -111.8131, -27.3740, 475.6574, -125.5625, -27.3740, 150, 144, 130
L 475.6574, -125.5625, -27.3740, 461.9676, -125.5625, -27.3740, 150, 144, 130
L 461.9676, -125.5625, -27.3740, 448.3561, -111.9815, -27.3740, 150, 144, 130
L 448.3561, -111.9815, -27.3740, 447.6096, -111.5938, -27.3740, 150, 144, 130
L 447.6096, -111.5938, -27.3740, 406.2180, -111.5938, -27.3740, 150, 144, 130
L 406.2180, -111.5938, -27.3740, 406.2187, -56.4140, -27.3740, 150, 144, 130
L 406.2187, -56.4140, -27.3740, 405.6335, -55.5938, -27.3740, 150, 144, 130
L 405.6335, -55.5938, -27.3740, 392.1370, -55.5938, -27.3740, 150, 144, 130
L 392.1370, -55.5938, -27.3740, 391.3828, -56.2006, -28.1747, 150, 144, 130
L 391.3828, -56.2006, -28.1747, 373.5233, -115.7336, -13.4295, 150, 144, 130
L 373.5233, -115.7336, -13.4295, 374.0394, -116.3437, -14.0180, 150, 144, 130
L 374.0394, -116.3437, -14.0180, 405.5429, -116.3438, 0.5031, 150, 144, 130
L 405.5429, -116.3438, 0.5031, 406.4129, -116.1961, 0.6260, 150, 144, 130
L 406.4129, -116.1961, 0.6260, 419.6062, -112.4266, 0.6260, 150, 144, 130
L 419.6062, -112.4266, 0.6260, 420.2187, -111.7372, 0.6260, 150, 144, 130
L 420.2187, -111.7372, 0.6260, 420.2187, -106.3438, 0.6260, 150, 144, 130
L 420.2187, -106.3438, 0.6260, 421.5986, -106.3438, 0.6260, 150, 144, 130
L 421.5986, -106.3438, 0.6260, 422.2187, -105.7610, 0.6260, 150, 144, 130
L 422.2187, -105.7610, 0.6260, 422.2187, -104.1501, 0.6260, 150, 144, 130
L 422.2187, -104.1501, 0.6260, 421.7119, -103.5938, 0.6260, 150, 144, 130
L 421.7119, -103.5938, 0.6260, 420.2187, -103.5938, 0.6260, 150, 144, 130
L 420.2187, -103.5938, 0.6260, 420.2187, -98.2441, 0.6260, 150, 144, 130
L 420.2187, -98.2441, 0.6260, 419.6996, -97.5938, 0.6260, 150, 144, 130
L 419.6996, -97.5938, 0.6260, 406.1792, -97.5938, 0.6260, 150, 144, 130
L 406.1792, -97.5938, 0.6260, 405.4688, -98.1919, 0.6260, 150, 144, 130
L 405.4688, -98.1919, 0.6260, 405.4688, -111.5937, 0.6260, 150, 144, 130
L 405.4688, -111.5937, 0.6260, 377.9991, -111.5938, 0.6260, 150, 144, 130
L 377.9991, -111.5938, 0.6260, 364.2187, -97.8134, 0.6260, 150, 144, 130
L 364.2187, -97.8134, 0.6260, 364.2187, -56.3437, 0.6260, 150, 144, 130
L 364.2187, -56.3437, 0.6260, 364.0198, -55.6143, 2.6260, 150, 144, 130
L 364.0198, -55.6143, 2.6260, 350.3751, -41.9391, 2.6260, 150, 144, 130
L 350.3751, -41.9391, 2.6260, 349.5121, -41.5938, 1.6260, 150, 144, 130
L 349.5121, -41.5938, 1.6260, 321.9630, -41.5938, 1.6260, 150, 144, 130
L 321.9630, -41.5938, 1.6260, 314.2330, -37.7590, 0.6260, 150, 144, 130
L 314.2330, -37.7590, 0.6260, 313.7715, -37.6250, 0.6260, 150, 144, 130
L 313.7715, -37.6250, 0.6260, 312.0724, -37.6250, 0.6260, 150, 144, 130
L 312.0724, -37.6250, 0.6260, 311.5279, -37.8161, 0.6260, 150, 144, 130
L 311.5279, -37.8161, 0.6260, 307.7205, -41.5938, 0.6260, 150, 144, 130
L 307.7205, -41.5938, 0.6260, 294.0927, -41.5937, 0.6260, 150, 144, 130
L 294.0927, -41.5937, 0.6260, 293.5000, -42.1330, 0.6260, 150, 144, 130
L 293.5000, -42.1330, 0.6260, 293.5000, -55.5818, 0.6260, 150, 144, 130
L 293.5000, -55.5818, 0.6260, 293.7012, -56.3253, 0.6260, 150, 144, 130
L 293.7012, -56.3253, 0.6260, 307.4360, -70.0602, 0.6260, 150, 144, 130
L 307.4360, -70.0602, 0.6260, 308.0024, -70.3437, 0.6260, 150, 144, 130
L 308.0024, -70.3437, 0.6260, 321.7197, -70.3437, 0.6260, 150, 144, 130
L 321.7197, -70.3437, 0.6260, 335.5000, -84.1237, 0.6260, 150, 144, 130
L 335.5000, -84.1237, 0.6260, 335.5000, -117.5448, 0.6260, 150, 144, 130
L 335.5000, -117.5448, 0.6260, 335.5000, -117.5448, 0.6260, 150, 144, 130
L 509.3179, -71.9049, 1.6260, 509.3179, -71.9049, 1.6260, 150, 144, 130
L 509.3179, -71.9049, 1.6260, 510.0222, -71.5938, 1.6260, 150, 144, 130
L 510.0222, -71.5938, 1.6260, 511.5485, -71.5937, 1.6260, 150, 144, 130
L 511.5485, -71.5937, 1.6260, 512.1690, -71.8262, 1.6260, 150, 144, 130
L 512.1690, -71.8262, 1.6260, 513.8998, -73.5570, 1.6260, 150, 144, 130
L 513.8998, -73.5570, 1.6260, 514.1562, -74.2088, 1.6260, 150, 144, 130
L 514.1562, -74.2088, 1.6260, 514.1562, -75.8206, 1.6260, 150, 144, 130
L 514.1562, -75.8206, 1.6260, 513.9089, -76.3714, 1.6260, 150, 144, 130
L 513.9089, -76.3714, 1.6260, 512.1771, -78.1032, 1.6260, 150, 144, 130
L 512.1771, -78.1032, 1.6260, 511.6188, -78.3437, 1.6260, 150, 144, 130
L 511.6188, -78.3437, 1.6260, 510.0511, -78.3437, 1.6260, 150, 144, 130
L 510.0511, -78.3437, 1.6260, 509.4250, -78.1415, 1.6260, 150, 144, 130
L 509.4250, -78.1415, 1.6260, 507.6783, -76.3669, 1.6260, 150, 144, 130
L 507.6783, -76.3669, 1.6260, 507.4375, -75.8265, 1.6260, 150, 144, 130
L 507.4375, -75.8265, 1.6260, 507.4375, -74.1099, 1.6260, 150, 144, 130
L 507.4375, -74.1099, 1.6260, 507.7022, -73.5462, 1.6260, 150, 144, 130
L 507.7022, -73.5462, 1.6260, 509.3991, -71.8223, 1.6260, 150, 144, 130
L 509.3991, -71.8223, 1.6260, 509.0494, -72.1776, 1.6260, 150, 144, 130
L 510.0435, -33.6250, 1.6260, 510.0435, -33.6250, 1.6260, 150, 144, 130
L 510.0435, -33.6250, 1.6260, 511.6954, -33.6250, 1.6260, 150, 144, 130
L 511.6954, -33.6250, 1.6260, 512.1268, -33.8152, 1.6260, 150, 144, 130
L 512.1268, -33.8152, 1.6260, 513.8572, -35.5457, 1.6260, 150, 144, 130
L 513.8572, -35.5457, 1.6260, 514.1562, -36.2102, 1.6260, 150, 144, 130
L 514.1562, -36.2102, 1.6260, 514.1562, -37.7993, 1.6260, 150, 144, 130
L 514.1562, -37.7993, 1.6260, 513.8357, -38.4726, 1.6260, 150, 144, 130
L 513.8357, -38.4726, 1.6260, 512.2095, -40.0733, 1.6260, 150, 144, 130
L 512.2095, -40.0733, 1.6260, 511.5890, -40.3437, 1.6260, 150, 144, 130
L 511.5890, -40.3437, 1.6260, 509.9782, -40.3437, 1.6260, 150, 144, 130
L 509.9782, -40.3437, 1.6260, 509.3731, -40.0909, 1.6260, 150, 144, 130
L 509.3731, -40.0909, 1.6260, 507.6621, -38.3800, 1.6260, 150, 144, 130
L 507.6621, -38.3800, 1.6260, 507.4375, -37.8320, 1.6260, 150, 144, 130
L 507.4375, -37.8320, 1.6260, 507.4375, -36.0782, 1.6260, 150, 144, 130
L 507.4375, -36.0782, 1.6260, 507.6661, -35.6141, 1.6260, 150, 144, 130
L 507.6661, -35.6141, 1.6260, 509.4339, -33.8183, 1.6260, 150, 144, 130
L 509.4339, -33.8183, 1.6260, 509.9744, -33.6250, 1.6260, 150, 144, 130
L 509.9744, -33.6250, 1.6260, 511.5209, -33.6250, 1.6260, 150, 144, 130
L 307.7197, -14.3750, 0.6260, 307.7197, -14.3750, 0.6260, 150, 144, 130
L 307.7197, -14.3750, 0.6260, 311.4856, -18.1410, 0.6260, 150, 144, 130
L 311.4856, -18.1410, 0.6260, 312.0418, -18.3750, 0.6260, 150, 144, 130
L 312.0418, -18.3750, 0.6260, 313.7685, -18.3750, 0.6260, 150, 144, 130
L 313.7685, -18.3750, 0.6260, 314.2233, -18.2451, 0.6260, 150, 144, 130
L 314.2233, -18.2451, 0.6260, 321.5121, -14.6005, 0.6260, 150, 144, 130
L 321.5121, -14.6005, 0.6260, 321.9528, -14.3803, 1.6260, 150, 144, 130
L 321.9528, -14.3803, 1.6260, 377.6958, -14.3750, 2.6260, 150, 144, 130
L 377.6958, -14.3750, 2.6260, 378.2310, -14.1431, 1.6260, 150, 144, 130
L 378.2310, -14.1431, 1.6260, 391.9352, -0.4389, 1.6260, 150, 144, 130
L 391.9352, -0.4389, 1.6260, 392.2187, 0.2104, 1.6260, 150, 144, 130
L 392.2187, 0.2104, 1.6260, 392.2187, 13.6372, 1.6260, 150, 144, 130
L 392.2187, 13.6372, 1.6260, 391.8684, 56.0237, 28.6260, 150, 144, 130
L 391.8684, 56.0237, 28.6260, 391.7658, 56.0252, 28.6260, 150, 144, 130
L 378.2187, 14.3586, 28.6260, 378.2187, 14.3586, 28.6260, 150, 144, 130
L 378.2187, 14.3586, 28.6260, 378.2181, 69.5938, 28.6260, 150, 144, 130
L 378.2181, 69.5938, 28.6260, 517.4063, 69.5938, 28.6260, 150, 144, 130
L 517.4063, 69.5938, 28.6260, 517.4063, 14.3583, 28.6260, 150, 144, 130
L 517.4063, 14.3583, 28.6260, 517.6293, 13.6216, 28.6260, 150, 144, 130
L 517.6293, 13.6216, 28.6260, 531.3356, -0.0847, 28.6260, 150, 144, 130
L 531.3356, -0.0847, 28.6260, 531.9893, -0.3750, 28.6260, 150, 144, 130
L 531.9893, -0.3750, 28.6260, 601.5947, -0.3750, 28.6260, 150, 144, 130
L 601.5947, -0.3750, 28.6260, 615.3750, -14.1552, 28.6260, 150, 144, 130
L 615.3750, -14.1552, 28.6260, 615.3750, -97.8134, 28.6260, 150, 144, 130
L 615.3750, -97.8134, 28.6260, 601.5947, -111.5938, 28.6260, 150, 144, 130
L 601.5947, -111.5938, 28.6260, 573.9252, -111.5938, 28.6260, 150, 144, 130
L 573.9252, -111.5938, 28.6260, 573.4467, -111.7727, 28.6260, 150, 144, 130
L 573.4467, -111.7727, 28.6260, 559.6261, -125.5626, 28.6260, 150, 144, 130
L 559.6261, -125.5626, 28.6260, 363.9991, -125.5625, 28.6260, 150, 144, 130
L 363.9991, -125.5625, 28.6260, 350.2499, -111.8133, 28.6260, 150, 144, 130
L 350.2499, -111.8133, 28.6260, 350.2500, -70.1335, 28.6260, 150, 144, 130
L 350.2500, -70.1335, 28.6260, 350.0104, -69.5739, 28.6260, 150, 144, 130
L 350.0104, -69.5739, 28.6260, 336.3530, -55.9164, 28.6260, 150, 144, 130
L 336.3530, -55.9164, 28.6260, 335.7863, -55.5938, 28.6260, 150, 144, 130
L 335.7863, -55.5938, 28.6260, 308.2490, -55.5938, 28.6260, 150, 144, 130
L 308.2490, -55.5938, 28.6260, 308.2496, -0.3750, 28.6260, 150, 144, 130
L 308.2496, -0.3750, 28.6260, 363.5006, -0.3750, 28.6260, 150, 144, 130
L 363.5006, -0.3750, 28.6260, 364.2838, -0.0903, 28.6260, 150, 144, 130
L 364.2838, -0.0903, 28.6260, 377.4860, 13.1120, 28.6260, 150, 144, 130
L 377.4860, 13.1120, 28.6260, 378.2187, 14.3568, 28.6260, 150, 144, 130
L 378.2187, 14.3568, 28.6260, 378.2187, 14.3568, 28.6260, 150, 144, 130
L 391.7946, 55.9747, 28.6260, 391.7950, -0.0759, 28.6260, 150, 144, 130
L 391.7950, -0.0759, 28.6260, 503.7766, -0.0459, 28.6260, 150, 144, 130
L 503.7766, -0.0459, 28.6260, 503.7125, 17.8953, 28.6260, 150, 144, 130
L 529.4062, -13.6275, 28.6260, 321.7774, -14.0202, 28.6260, 150, 144, 130
L 321.7774, -14.0202, 28.6260, 321.8302, -42.0144, 28.6260, 150, 144, 130
L 321.8302, -42.0144, 28.6260, 349.9258, -42.0911, 28.6260, 150, 144, 130
L 349.9258, -42.0911, 28.6260, 363.7176, -55.9565, 28.6260, 150, 144, 130
L 363.7176, -55.9565, 28.6260, 363.7386, -97.9109, 28.7151, 150, 144, 130
L 363.7386, -97.9109, 28.7151, 377.6977, -111.9479, 28.6260, 150, 144, 130
L 377.6977, -111.9479, 28.6260, 545.8216, -111.9600, 28.6260, 150, 144, 130
L 545.8216, -111.9600, 28.6260, 559.7910, -98.3437, 28.6260, 150, 144, 130
L 559.7910, -98.3437, 28.6260, 587.5247, -98.3437, 28.6260, 150, 144, 130
L 587.5247, -98.3437, 28.6260, 588.1276, -98.1215, 28.6260, 150, 144, 130
L 588.1276, -98.1215, 28.6260, 601.8837, -84.3653, 28.6260, 150, 144, 130
L 601.8837, -84.3653, 28.6260, 602.1249, -83.8367, 28.6260, 150, 144, 130
L 602.1249, -83.8367, 28.6260, 602.1249, -28.2718, 28.6260, 150, 144, 130
L 602.1249, -28.2718, 28.6260, 601.9404, -27.6601, 28.6260, 150, 144, 130
L 601.9404, -27.6601, 28.6260, 588.1801, -13.8998, 28.6260, 150, 144, 130
L 588.1801, -13.8998, 28.6260, 587.6345, -13.6250, 28.6260, 150, 144, 130
L 587.6345, -13.6250, 28.6260, 544.1550, -13.6250, 28.6260, 150, 144, 130
L 544.1550, -13.6250, 28.6260, 544.1563, -12.1537, 28.6260, 150, 144, 130
L 544.1563, -12.1537, 28.6260, 543.6782, -11.6250, 28.6260, 150, 144, 130
L 543.6782, -11.6250, 28.6260, 541.9495, -11.6250, 28.6260, 150, 144, 130
L 541.9495, -11.6250, 28.6260, 541.4063, -12.1472, 28.6260, 150, 144, 130
L 541.4063, -12.1472, 28.6260, 541.4063, -17.8338, 28.6260, 150, 144, 130
L 541.4063, -17.8338, 28.6260, 541.8997, -18.3750, 28.6260, 150, 144, 130
L 541.8997, -18.3750, 28.6260, 543.6071, -18.3750, 28.6260, 150, 144, 130
L 543.6071, -18.3750, 28.6260, 544.1563, -17.8538, 28.6260, 150, 144, 130
L 544.1563, -17.8538, 28.6260, 544.1563, -16.3750, 28.6260, 150, 144, 130
L 544.1563, -16.3750, 28.6260, 559.4063, -16.3750, 28.6260, 150, 144, 130
L 559.4063, -16.3750, 28.6260, 559.4063, -29.7806, 28.6260, 150, 144, 130
L 559.4063, -29.7806, 28.6260, 559.8769, -30.3750, 28.6260, 150, 144, 130
L 559.8769, -30.3750, 28.6260, 561.6401, -30.3750, 28.6260, 150, 144, 130
L 561.6401, -30.3750, 28.6260, 562.1562, -29.8934, 28.6260, 150, 144, 130
L 562.1562, -29.8934, 28.6260, 562.1562, -18.3749, 28.6260, 150, 144, 130
L 562.1562, -18.3749, 28.6260, 587.5947, -18.3750, 28.6260, 150, 144, 130
L 587.5947, -18.3750, 28.6260, 599.3750, -30.1552, 28.6260, 150, 144, 130
L 599.3750, -30.1552, 28.6260, 599.3750, -53.5938, 28.6260, 150, 144, 130
L 599.3750, -53.5938, 28.6260, 562.1562, -53.5938, 28.6260, 150, 144, 130
L 562.1562, -53.5938, 28.6260, 562.1562, -40.1748, 28.6260, 150, 144, 130
L 562.1562, -40.1748, 28.6260, 561.6357, -39.5938, 28.6260, 150, 144, 130
L 561.6357, -39.5938, 28.6260, 561.5906, -39.5938, 28.6260, 150, 144, 130
L 561.5906, -39.5938, 28.6260, 559.9117, -39.5938, 28.6260, 150, 144, 130
L 559.9117, -39.5938, 28.6260, 559.4063, -40.1668, 28.6260, 150, 144, 130
L 559.4063, -40.1668, 28.6260, 559.4063, -55.7321, 28.6260, 150, 144, 130
L 559.4063, -55.7321, 28.6260, 559.8853, -56.3437, 28.6260, 150, 144, 130
L 559.8853, -56.3437, 28.6260, 599.3750, -56.3436, 28.6260, 150, 144, 130
L 599.3750, -56.3436, 28.6260, 599.3750, -83.8135, 28.6260, 150, 144, 130
L 599.3750, -83.8135, 28.6260, 587.5946, -95.5938, 28.6260, 150, 144, 130
L 587.5946, -95.5938, 28.6260, 520.1539, -95.5938, 28.6260, 150, 144, 130
L 520.1539, -95.5938, 28.6260, 520.1563, -68.3437, 28.6260, 150, 144, 130
L 520.1563, -68.3437, 28.6260, 521.6154, -68.3438, 28.6260, 150, 144, 130
L 521.6154, -68.3438, 28.6260, 522.1563, -67.7808, 28.6260, 150, 144, 130
L 522.1563, -67.7808, 28.6260, 522.1563, -66.1189, 28.6260, 150, 144, 130
L 522.1563, -66.1189, 28.6260, 521.5862, -65.5938, 28.6260, 150, 144, 130
L 521.5862, -65.5938, 28.6260, 515.9141, -65.5938, 28.6260, 150, 144, 130
L 515.9141, -65.5938, 28.6260, 515.4062, -66.1531, 28.6260, 150, 144, 130
L 515.4062, -66.1531, 28.6260, 515.4062, -67.6758, 28.6260, 150, 144, 130
L 515.4062, -67.6758, 28.6260, 515.9566, -68.3438, 28.6260, 150, 144, 130
L 515.9566, -68.3438, 28.6260, 517.4062, -68.3438, 28.6260, 150, 144, 130
L 517.4062, -68.3438, 28.6260, 517.4063, -81.5938, 28.6260, 150, 144, 130
L 517.4063, -81.5938, 28.6260, 506.1865, -81.5938, 28.6260, 150, 144, 130
L 506.1865, -81.5938, 28.6260, 506.1875, -30.3750, 28.6260, 150, 144, 130
L 506.1875, -30.3750, 28.6260, 517.4062, -30.3741, 28.6260, 150, 144, 130
L 517.4062, -30.3741, 28.6260, 517.4063, -43.5938, 28.6260, 150, 144, 130
L 517.4063, -43.5938, 28.6260, 516.0259, -43.5938, 28.6260, 150, 144, 130
L 516.0259, -43.5938, 28.6260, 515.4062, -44.1272, 28.6260, 150, 144, 130
L 515.4062, -44.1272, 28.6260, 515.4063, -45.7009, 28.6260, 150, 144, 130
L 515.4063, -45.7009, 28.6260, 515.9280, -46.3437, 28.6260, 150, 144, 130
L 515.9280, -46.3437, 28.6260, 521.6227, -46.3437, 28.6260, 150, 144, 130
L 521.6227, -46.3437, 28.6260, 522.1563, -45.7981, 28.6260, 150, 144, 130
L 522.1563, -45.7981, 28.6260, 522.1562, -44.1841, 28.6260, 150, 144, 130
L 522.1562, -44.1841, 28.6260, 521.5967, -43.5938, 28.6260, 150, 144, 130
L 521.5967, -43.5938, 28.6260, 520.1548, -43.5938, 28.6260, 150, 144, 130
L 520.1548, -43.5938, 28.6260, 520.1563, -16.3750, 28.6260, 150, 144, 130
L 520.1563, -16.3750, 28.6260, 529.4062, -16.3737, 28.6260, 150, 144, 130
L 529.4062, -16.3737, 28.6260, 529.4062, -17.9290, 28.6260, 150, 144, 130
L 529.4062, -17.9290, 28.6260, 529.9103, -18.3750, 28.6260, 150, 144, 130
L 529.9103, -18.3750, 28.6260, 531.6362, -18.3750, 28.6260, 150, 144, 130
L 531.6362, -18.3750, 28.6260, 532.1562, -17.8357, 28.6260, 150, 144, 130
L 531.7209, -11.6250, 28.6260, 529.9446, -11.6250, 28.6260, 150, 144, 130
L 529.9446, -11.6250, 28.6260, 529.4062, -12.2299, 28.6260, 150, 144, 130
L 529.4062, -12.2299, 28.6260, 529.4062, -13.6250, 28.6260, 150, 144, 130
L 529.4062, -13.6250, 28.6260, 525.4816, -13.6250, 28.6260, 150, 144, 130
L 531.6317, -18.3750, 28.6260, 531.6317, -18.3750, 28.6260, 150, 144, 130
L 531.6317, -18.3750, 28.6260, 532.1562, -17.8424, 28.6260, 150, 144, 130
L 532.1562, -17.8424, 28.6260, 532.1562, -12.2136, 28.6260, 150, 144, 130
L 532.1562, -12.2136, 28.6260, 531.6215, -11.6250, 28.6260, 150, 144, 130
L 531.6215, -11.6250, 28.6260, 530.7988, -11.6250, 28.6260, 150, 144, 130
L 576.5997, -27.6250, 28.6260, 576.5997, -27.6250, 28.6260, 150, 144, 130
L 576.5997, -27.6250, 28.6260, 587.4036, -27.6250, 28.6260, 150, 144, 130
L 587.4036, -27.6250, 28.6260, 588.1250, -28.2410, 28.6260, 150, 144, 130
L 588.1250, -28.2410, 28.6260, 588.1250, -41.8020, 28.6260, 150, 144, 130
L 588.1250, -41.8020, 28.6260, 587.5764, -42.3438, 28.6260, 150, 144, 130
L 587.5764, -42.3438, 28.6260, 573.9778, -42.3438, 28.6260, 150, 144, 130
L 573.9778, -42.3438, 28.6260, 573.4062, -41.7397, 28.6260, 150, 144, 130
L 573.4062, -41.7397, 28.6260, 573.4062, -28.3316, 28.6260, 150, 144, 130
L 573.4062, -28.3316, 28.6260, 574.0775, -27.6250, 28.6260, 150, 144, 130
L 574.0775, -27.6250, 28.6260, 583.0384, -27.6250, 28.6260, 150, 144, 130
L 583.0384, -27.6250, 28.6260, 583.0384, -27.6250, 28.6260, 150, 144, 130
L 405.6768, 56.1150, 28.6260, 489.8864, 56.0751, 28.6260, 150, 144, 130
L 489.9180, 56.0751, 28.6260, 489.9180, 56.0751, 28.6260, 150, 144, 130
L 405.7148, 13.6372, 1.6260, 405.7148, 13.6372, 1.6260, 150, 144, 130
L 405.7148, 13.6372, 1.6260, 405.6773, 55.5937, 27.3662, 150, 144, 130
L 405.6773, 55.5938, 27.3662, 405.6773, 55.5938, 27.3662, 150, 144, 130
L 489.9066, 13.6372, 1.6260, 489.9066, 13.6372, 1.6260, 150, 144, 130
L 489.8866, 55.5938, 27.3662, 489.8866, 55.5938, 27.3662, 150, 144, 130
L 489.4375, 14.3628, 0.6260, 489.4375, 14.3628, 0.6260, 150, 144, 130
L 489.4375, 14.3628, 0.6260, 489.4375, 55.5938, 0.6260, 150, 144, 130
L 489.4375, 55.5938, 0.6260, 489.4375, 55.5938, 0.6260, 150, 144, 130
L 489.4375, 55.5938, 0.6260, 405.6773, 55.5937, 0.6260, 150, 144, 130
L 406.2178, 55.5937, 0.6260, 406.2178, 55.5937, 0.6260, 150, 144, 130
L 475.4375, -0.3628, 0.6260, 475.4375, -0.3628, 0.6260, 150, 144, 130
L 475.4375, -0.3628, 0.6260, 475.4375, -13.8271, 0.6260, 150, 144, 130
L 475.4375, -13.8271, 0.6260, 475.9422, -14.3750, 0.6260, 150, 144, 130
L 475.9422, -14.3750, 0.6260, 489.6743, -14.3750, 0.6260, 150, 144, 130
L 489.6743, -14.3750, 0.6260, 490.1875, -13.9270, 1.6260, 150, 144, 130
L 490.1875, -13.9270, 1.6260, 490.1875, -0.1172, 1.6260, 150, 144, 130
L 490.1875, -0.1172, 1.6260, 489.7162, 0.3750, 1.6260, 150, 144, 130
L 489.7162, 0.3750, 1.6260, 476.0806, 0.3750, 1.6260, 150, 144, 130
L 476.0806, 0.3750, 1.6260, 475.4375, -0.3628, 0.6260, 150, 144, 130
L 475.4375, -0.3628, 0.6260, 475.4375, -0.3628, 0.6260, 150, 144, 130
L 405.9818, -14.3750, 0.6260, 405.9818, -14.3750, 0.6260, 150, 144, 130
L 405.9818, -14.3750, 0.6260, 419.7481, -14.3750, 0.6260, 150, 144, 130
L 419.7481, -14.3750, 0.6260, 420.2187, -13.8805, 0.6260, 150, 144, 130
L 420.2187, -13.8805, 0.6260, 420.2187, -0.3628, 0.6260, 150, 144, 130
L 420.2187, -0.3628, 0.6260, 419.6993, 0.3750, 1.6260, 150, 144, 130
L 419.6993, 0.3750, 1.6260, 406.0506, 0.3750, 1.6260, 150, 144, 130
L 406.0506, 0.3750, 1.6260, 405.4688, -0.0842, 1.6260, 150, 144, 130
L 405.4688, -0.0842, 1.6260, 405.4687, -13.8632, 1.6260, 150, 144, 130
L 405.4687, -13.8632, 1.6260, 406.0671, -14.3750, 0.6260, 150, 144, 130
L 406.0671, -14.3750, 0.6260, 406.0671, -14.3750, 0.6260, 150, 144, 130
L 588.7615, -62.0531, 0.6260, 588.7615, -62.0531, 0.6260, 150, 144, 130
L 588.7615, -62.0531, 0.6260, 588.7616, -56.3258, 0.6260, 150, 144, 130
L 588.7616, -56.3258, 0.6260, 589.3662, -55.7136, 0.6260, 150, 144, 130
L 589.3662, -55.7136, 0.6260, 594.9188, -55.7136, 0.6260, 150, 144, 130
L 594.9188, -55.7136, 0.6260, 595.4955, -56.2173, 0.6260, 150, 144, 130
L 595.4955, -56.2173, 0.6260, 595.4955, -62.2690, 0.6260, 150, 144, 130
L 595.4955, -62.2690, 0.6260, 594.9086, -62.7502, 0.6260, 150, 144, 130
L 594.9086, -62.7502, 0.6260, 589.3495, -62.7502, 0.6260, 150, 144, 130
L 589.3495, -62.7502, 0.6260, 588.7616, -62.1999, 0.6260, 150, 144, 130
L 588.7616, -62.1999, 0.6260, 588.7615, -58.4461, 0.6260, 150, 144, 130
L 588.7615, -58.4461, 0.6260, 588.7615, -58.4461, 0.6260, 150, 144, 130
L 573.0657, -56.7626, 0.6260, 573.0657, -56.7626, 0.6260, 150, 144, 130
L 573.0657, -56.7626, 0.6260, 573.0657, -62.6325, 0.6260, 150, 144, 130
L 573.0657, -62.6325, 0.6260, 572.5399, -63.1664, 0.6260, 150, 144, 130
L 572.5399, -63.1664, 0.6260, 566.9135, -63.1664, 0.6260, 150, 144, 130
L 566.9135, -63.1664, 0.6260, 566.3318, -62.5681, 0.6260, 150, 144, 130
L 566.3318, -62.5681, 0.6260, 566.3317, -56.6386, 0.6260, 150, 144, 130
L 566.3317, -56.6386, 0.6260, 566.9489, -56.1298, 0.6260, 150, 144, 130
L 566.9489, -56.1298, 0.6260, 572.4232, -56.1298, 0.6260, 150, 144, 130
L 572.4232, -56.1298, 0.6260, 573.0657, -56.7773, 0.6260, 150, 144, 130
L 573.0657, -56.7773, 0.6260, 573.0657, -59.8984, 0.6260, 150, 144, 130
L 531.4062, -98.3425, 1.6260, 531.4062, -98.3425, 1.6260, 150, 144, 130
L 531.4062, -98.3425, 1.6260, 517.8490, -98.3437, 1.6260, 150, 144, 130
L 517.8490, -98.3437, 1.6260, 517.4063, -97.7564, 1.6260, 150, 144, 130
L 517.4063, -97.7564, 1.6260, 517.4063, -68.3437, 1.6260, 150, 144, 130
L 517.4063, -68.3437, 1.6260, 515.9189, -68.3438, 1.6260, 150, 144, 130
L 515.9189, -68.3438, 1.6260, 515.4062, -67.8452, 1.6260, 150, 144, 130
L 515.4062, -67.8452, 1.6260, 515.4062, -66.1152, 1.6260, 150, 144, 130
L 515.4062, -66.1152, 1.6260, 515.8694, -65.5938, 1.6260, 150, 144, 130
L 515.8694, -65.5938, 1.6260, 521.6462, -65.5938, 0.6260, 150, 144, 130
L 521.6462, -65.5938, 0.6260, 522.1562, -66.1144, 0.6260, 150, 144, 130
L 522.1562, -66.1144, 0.6260, 522.1563, -67.9107, 0.6260, 150, 144, 130
L 522.1563, -67.9107, 0.6260, 521.6225, -68.3438, 0.6260, 150, 144, 130
L 521.6225, -68.3438, 0.6260, 520.1562, -68.3438, 0.6260, 150, 144, 130
L 520.1562, -68.3438, 0.6260, 520.1540, -95.5938, 0.6260, 150, 144, 130
L 520.1540, -95.5938, 0.6260, 531.4062, -95.5938, 0.6260, 150, 144, 130
L 531.4062, -95.5938, 0.6260, 531.4063, -94.0964, 0.6260, 150, 144, 130
L 531.4063, -94.0964, 0.6260, 531.9860, -93.5937, 0.6260, 150, 144, 130
L 531.9860, -93.5937, 0.6260, 533.5809, -93.5938, 0.6260, 150, 144, 130
L 533.5809, -93.5938, 0.6260, 534.1563, -94.2608, 0.6260, 150, 144, 130
L 534.1563, -94.2608, 0.6260, 534.1563, -99.7795, 1.6260, 150, 144, 130
L 534.1563, -99.7795, 1.6260, 533.6551, -100.3438, 1.6260, 150, 144, 130
L 533.6551, -100.3438, 1.6260, 532.0074, -100.3437, 1.6260, 150, 144, 130
L 532.0074, -100.3437, 1.6260, 531.4062, -99.8451, 1.6260, 150, 144, 130
L 531.4062, -99.8451, 1.6260, 531.4062, -98.3418, 1.6260, 150, 144, 130
L 531.4062, -98.3418, 1.6260, 524.0527, -98.3437, 1.6260, 150, 144, 130
L 315.8900, -17.4118, 0.6260, 315.8900, -17.4118, 0.6260, 150, 144, 130
L 315.8900, -17.4118, 0.6260, 313.6012, -18.3750, 0.6260, 150, 144, 130
L 313.6012, -18.3750, 0.6260, 312.0829, -18.3750, 0.6260, 150, 144, 130
L 312.0829, -18.3750, 0.6260, 311.4896, -18.1449, 0.6260, 150, 144, 130
L 311.4896, -18.1449, 0.6260, 307.7196, -14.3749, 0.6260, 150, 144, 130
L 307.7196, -14.3749, 0.6260, 294.0526, -14.3750, 0.6260, 150, 144, 130
L 294.0526, -14.3750, 0.6260, 293.5000, -13.7944, 0.6260, 150, 144, 130
L 293.5000, -13.7944, 0.6260, 293.5000, -0.2077, 0.6260, 150, 144, 130
L 293.5000, -0.2077, 0.6260, 293.7696, 0.4249, 0.6260, 150, 144, 130
L 293.7696, 0.4249, 0.6260, 307.4934, 14.1488, 0.6260, 150, 144, 130
L 307.4934, 14.1488, 0.6260, 308.1254, 14.3750, 0.6260, 150, 144, 130
L 308.1254, 14.3750, 0.6260, 349.7194, 14.3750, 0.6260, 150, 144, 130
L 349.7194, 14.3750, 0.6260, 363.4687, 28.1550, 0.6260, 150, 144, 130
L 363.4687, 28.1550, 0.6260, 363.4687, 69.6991, 0.6260, 150, 144, 130
L 363.4687, 69.6991, 0.6260, 363.6934, 70.3487, 0.6260, 150, 144, 130
L 363.6934, 70.3487, 0.6260, 377.3564, 84.0117, 0.6260, 150, 144, 130
L 377.3564, 84.0117, 0.6260, 378.0027, 84.3437, 0.6260, 150, 144, 130
L 378.0027, 84.3437, 0.6260, 517.6051, 84.3437, 0.6260, 150, 144, 130
L 517.6051, 84.3437, 0.6260, 518.1543, 84.1260, 0.6260, 150, 144, 130
L 518.1543, 84.1260, 0.6260, 531.9749, 70.3054, 0.6260, 150, 144, 130
L 531.9749, 70.3054, 0.6260, 532.1562, 69.7727, 0.6260, 150, 144, 130
L 532.1562, 69.7727, 0.6260, 532.1611, 56.1662, 0.6260, 150, 144, 130
L 532.1611, 56.1662, 0.6260, 532.1611, 56.1662, 0.6260, 150, 144, 130
L 532.1611, 56.1662, 0.6260, 563.6042, 47.9495, 0.6812, 176, 150, 104
L 563.6042, 47.9495, 0.6812, 569.7875, 41.9137, 0.6462, 176, 150, 104
L 569.7875, 41.9137, 0.6462, 576.0407, 14.3750, 0.6260, 176, 150, 104
L 576.0407, 14.3750, 0.6260, 576.0407, 14.3750, 0.6260, 176, 150, 104
L 576.0407, 14.3750, 0.6260, 576.0407, 14.3750, 0.6260, 150, 144, 130
L 576.0407, 14.3750, 0.6260, 615.6181, 14.3750, 0.6260, 150, 144, 130
L 615.6181, 14.3750, 0.6260, 616.1659, 14.1144, 0.6260, 150, 144, 130
L 616.1659, 14.1144, 0.6260, 629.8655, 0.4147, 0.6260, 150, 144, 130
L 629.8655, 0.4147, 0.6260, 630.1249, -0.1210, 0.6260, 150, 144, 130
L 630.1249, -0.1210, 0.6260, 630.1249, -111.6589, 0.6260, 150, 144, 130
L 630.1249, -111.6589, 0.6260, 629.8995, -112.3493, 0.6260, 150, 144, 130
L 629.8995, -112.3493, 0.6260, 616.1653, -126.0528, 0.6260, 150, 144, 130
L 616.1653, -126.0528, 0.6260, 616.1653, -126.0528, 0.6260, 150, 144, 130
L 616.1653, -126.0528, 0.6260, 616.1653, -126.0528, 0.6260, 176, 150, 104
L 616.1653, -126.0528, 0.6260, 627.6089, -139.7518, 0.6667, 176, 150, 104
L 627.6089, -139.7518, 0.6667, 639.6678, -147.7288, 0.6260, 176, 150, 104
L 639.6678, -147.7288, 0.6260, 649.6695, -167.5625, 0.6260, 176, 150, 104
L 649.6695, -167.5625, 0.6260, 649.6695, -167.5625, 0.6260, 176, 150, 104
L 649.6695, -167.5625, 0.6260, 649.6695, -167.5625, 0.6260, 150, 144, 130
L 649.6695, -167.5625, 0.6260, 657.3750, -167.5625, 0.6260, 150, 144, 130
L 657.3750, -167.5625, 0.6260, 657.3749, -154.0816, 0.6260, 150, 144, 130
L 657.3749, -154.0816, 0.6260, 657.6256, -153.5312, 0.6260, 150, 144, 130
L 657.6256, -153.5312, 0.6260, 671.3438, -139.7824, 0.6260, 150, 144, 130
L 671.3438, -139.7824, 0.6260, 671.3438, 27.8447, 0.6260, 150, 144, 130
L 671.3438, 27.8447, 0.6260, 657.5947, 41.5938, 0.6260, 150, 144, 130
L 657.5947, 41.5938, 0.6260, 615.5212, 41.6716, 0.6260, 150, 144, 130
L 615.5212, 41.6716, 0.6260, 615.5212, 41.6716, 0.6260, 150, 144, 130
L 615.5212, 41.6716, 0.6260, 615.5212, 41.6716, 0.6260, 176, 150, 104
L 615.5212, 41.6716, 0.6260, 593.8264, 85.8453, 0.6431, 176, 150, 104
L 593.8264, 85.8453, 0.6431, 574.0644, 97.7216, 0.6260, 176, 150, 104
L 574.0644, 97.7216, 0.6260, 574.0644, 97.7216, 0.6260, 176, 150, 104
L 574.0644, 97.7216, 0.6260, 574.0644, 97.7216, 0.6260, 150, 144, 130
L 574.0644, 97.7216, 0.6260, 545.9109, 97.5938, 0.6260, 150, 144, 130
L 545.9109, 97.5938, 0.6260, 545.3700, 97.8496, 0.6260, 150, 144, 130
L 545.3700, 97.8496, 0.6260, 531.6259, 111.5938, 0.6260, 150, 144, 130
L 531.6259, 111.5938, 0.6260, 392.1092, 111.5937, 0.6260, 150, 144, 130
L 392.1092, 111.5937, 0.6260, 392.1092, 111.5937, 0.6260, 150, 144, 130
L 377.5539, 111.5937, 0.6260, 377.5539, 111.5937, 0.6260, 150, 144, 130
L 377.5539, 111.5937, 0.6260, 363.9987, 111.5938, 0.6260, 150, 144, 130
L 363.9987, 111.5938, 0.6260, 350.2757, 97.8394, 0.6260, 150, 144, 130
L 350.2757, 97.8394, 0.6260, 349.5369, 97.5938, 0.6260, 150, 144, 130
L 349.5369, 97.5938, 0.6260, 322.0964, 97.5937, 0.6260, 150, 144, 130
L 322.0964, 97.5937, 0.6260, 321.4927, 97.8207, 0.6260, 150, 144, 130
L 321.4927, 97.8207, 0.6260, 307.7198, 111.5938, 0.6260, 150, 144, 130
L 307.7198, 111.5938, 0.6260, 252.2812, 111.5938, 0.6260, 150, 144, 130
L 252.2812, 111.5938, 0.6260, 252.2812, 111.5938, 0.6260, 150, 144, 130
L 252.2812, 111.5938, 0.6260, 252.2812, 111.5938, 0.6260, 176, 150, 104
L 252.2812, 111.5938, 0.6260, 251.9040, 98.0748, 0.6430, 176, 150, 104
L 251.9040, 98.0748, 0.6430, 237.8712, 83.9482, 0.6260, 176, 150, 104
L 237.8712, 83.9482, 0.6260, 210.2812, 83.9277, 0.6260, 176, 150, 104
L 210.2812, 83.9277, 0.6260, 209.8315, 69.9963, 0.6423, 176, 150, 104
L 209.8315, 69.9963, 0.6423, 195.8642, 55.9642, 0.6336, 176, 150, 104
L 195.8642, 55.9642, 0.6336, 182.0928, 55.5938, 0.6260, 176, 150, 104
L 182.0928, 55.5938, 0.6260, 182.0928, 55.5938, 0.6260, 176, 150, 104
L 182.0928, 55.5938, 0.6260, 182.0928, 55.5938, 0.6260, 150, 144, 130
L 182.0928, 55.5938, 0.6260, 168.3125, 41.8134, 0.6260, 150, 144, 130
L 168.3125, 41.8134, 0.6260, 168.3125, -13.8447, 0.6260, 150, 144, 130
L 168.3125, -13.8447, 0.6260, 182.0923, -27.6250, 0.6260, 150, 144, 130
L 182.0923, -27.6250, 0.6260, 237.7486, -27.6250, 0.6260, 150, 144, 130
L 237.7486, -27.6250, 0.6260, 238.3653, -27.9285, 0.6260, 150, 144, 130
L 238.3653, -27.9285, 0.6260, 266.0525, -55.5848, 0.6260, 150, 144, 130
L 266.0525, -55.5848, 0.6260, 266.2812, -56.1894, 0.6260, 150, 144, 130
L 266.2812, -56.1894, 0.6260, 266.2812, -139.7912, 0.6260, 150, 144, 130
L 266.2812, -139.7912, 0.6260, 265.6388, -140.3125, 0.6260, 150, 144, 130
L 265.6388, -140.3125, 0.6260, 238.1143, -140.3125, 0.6260, 150, 144, 130
L 238.1143, -140.3125, 0.6260, 237.5313, -139.7187, 0.6260, 150, 144, 130
L 237.5313, -139.7187, 0.6260, 237.3184, -83.9112, -0.3740, 150, 144, 130
L 237.3184, -83.9112, -0.3740, 209.7509, -56.3437, -0.3740, 150, 144, 130
L 209.7509, -56.3437, -0.3740, 182.4783, -56.3438, -0.3740, 150, 144, 130
L 182.4783, -56.3438, -0.3740, 168.2900, -70.1466, 0.6260, 150, 144, 130
L 168.2900, -70.1466, 0.6260, 167.5895, -70.3437, 0.6260, 150, 144, 130
L 167.5895, -70.3437, 0.6260, 140.8256, -70.3437, 0.6260, 150, 144, 130
L 140.8256, -70.3437, 0.6260, 139.4759, -70.0375, 1.6260, 150, 144, 130
L 139.4759, -70.0375, 1.6260, 125.7650, -56.3266, 1.6260, 150, 144, 130
L 125.7650, -56.3266, 1.6260, 125.5625, -55.6867, 1.6260, 150, 144, 130
L 125.5625, -55.6867, 1.6260, 125.5625, -28.1999, 0.6260, 150, 144, 130
L 125.5625, -28.1999, 0.6260, 125.8468, -27.5603, 0.6260, 150, 144, 130
L 125.8468, -27.5603, 0.6260, 139.5625, -13.8447, 0.6260, 150, 144, 130
L 139.5625, -13.8447, 0.6260, 139.5625, 69.5937, 0.6260, 150, 144, 130
L 139.5625, 69.5937, 0.6260, 98.1722, 69.5938, 0.6260, 150, 144, 130
L 98.1722, 69.5938, 0.6260, 98.1722, 69.5938, 0.6260, 150, 144, 130
L 98.1722, 69.5938, 0.6260, 97.5938, 70.2028, 0.6260, 150, 144, 130
L 97.5938, 70.2028, 0.6260, 97.5938, 73.5938, 0.6260, 150, 144, 130
L 97.5938, 73.5938, 0.6260, 88.0816, 73.5938, 0.6260, 150, 144, 130
L 88.0816, 73.5938, 0.6260, 87.5938, 74.1741, 0.6260, 150, 144, 130
L 87.5938, 74.1741, 0.6260, 87.5938, 93.6465, 0.6260, 150, 144, 130
L 87.5938, 93.6465, 0.6260, 88.1835, 94.3438, 0.6260, 150, 144, 130
L 88.1835, 94.3438, 0.6260, 97.5938, 94.3435, 0.6260, 150, 144, 130
L 97.5938, 94.3435, 0.6260, 97.5938, 97.8361, 0.6260, 150, 144, 130
L 97.5938, 97.8361, 0.6260, 98.1398, 98.3437, 0.6260, 150, 144, 130
L 98.1398, 98.3437, 0.6260, 139.5625, 98.3434, 0.6260, 150, 144, 130
L 139.5625, 98.3434, 0.6260, 139.5625, 139.7822, 0.6260, 150, 144, 130
L 139.5625, 139.7822, 0.6260, 125.8471, 153.4976, 0.6260, 150, 144, 130
L 125.8471, 153.4976, 0.6260, 125.5625, 154.0898, 0.6260, 150, 144, 130
L 125.5625, 154.0898, 0.6260, 125.5625, 181.7003, 0.6260, 150, 144, 130
L 125.5625, 181.7003, 0.6260, 125.7606, 182.2910, 0.6260, 150, 144, 130
L 125.7606, 182.2910, 0.6260, 139.5349, 196.0364, 1.6260, 150, 144, 130
L 139.5349, 196.0364, 1.6260, 140.1850, 196.2812, 1.6260, 150, 144, 130
L 140.1850, 196.2812, 1.6260, 153.5625, 196.2804, 1.6260, 150, 144, 130
L 153.5625, 196.2804, 1.6260, 153.5625, 203.7357, 1.6260, 150, 144, 130
L 153.5625, 203.7357, 1.6260, 154.1029, 204.2812, 1.6260, 150, 144, 130
L 154.1029, 204.2812, 1.6260, 157.5625, 204.2807, 1.6260, 150, 144, 130
L 157.5625, 204.2807, 1.6260, 157.5625, 213.8371, 1.6260, 150, 144, 130
L 157.5625, 213.8371, 1.6260, 158.1419, 214.2812, 1.6260, 150, 144, 130
L 158.1419, 214.2812, 1.6260, 163.7851, 214.2812, 1.6260, 150, 144, 130
L 163.7851, 214.2812, 1.6260, 164.3125, 213.7016, 1.6260, 150, 144, 130
L 164.3125, 213.7016, 1.6260, 164.3125, 204.2812, 1.6260, 150, 144, 130
L 164.3125, 204.2812, 1.6260, 167.7932, 204.2812, 1.6260, 150, 144, 130
L 167.7932, 204.2812, 1.6260, 168.3125, 203.6409, 1.6260, 150, 144, 130
L 168.3125, 203.6409, 1.6260, 168.3125, 196.2812, 1.6260, 150, 144, 130
L 168.3125, 196.2812, 1.6260, 181.5625, 196.2807, 1.6260, 150, 144, 130
L 181.5625, 196.2807, 1.6260, 181.5625, 209.6877, 1.6260, 150, 144, 130
L 181.5625, 209.6877, 1.6260, 182.1686, 210.2812, 1.6260, 150, 144, 130
L 182.1686, 210.2812, 1.6260, 195.7797, 210.2812, 1.6260, 150, 144, 130
L 195.7797, 210.2812, 1.6260, 196.2812, 209.6842, 1.6260, 150, 144, 130
L 196.2812, 209.6842, 1.6260, 196.2812, 195.9670, 0.6260, 150, 144, 130
L 196.2812, 195.9670, 0.6260, 195.7771, 195.2468, 0.5578, 150, 144, 130
L 195.7771, 195.2468, 0.5578, 168.3125, 167.7822, -0.3740, 150, 144, 130
L 168.3125, 167.7822, -0.3740, 168.3125, 140.3125, -0.3740, 150, 144, 130
L 168.3125, 140.3125, -0.3740, 209.5313, 140.3118, 0.6260, 150, 144, 130
L 209.5313, 140.3118, 0.6260, 209.5313, 140.3118, 0.6260, 150, 144, 130
L 209.5313, 140.3118, 0.6260, 209.5313, 140.3118, 0.6260, 176, 150, 104
L 209.5313, 140.3118, 0.6260, 209.5313, 169.7016, 0.6260, 176, 150, 104
L 209.5313, 169.7016, 0.6260, 210.0782, 170.3125, 0.6260, 176, 150, 104
L 210.0782, 170.3125, 0.6260, 211.7339, 170.3125, 0.6260, 176, 150, 104
L 211.7339, 170.3125, 0.6260, 212.2812, 169.6447, 0.6260, 176, 150, 104
L 212.2812, 169.6447, 0.6260, 212.2812, 142.3125, 0.6260, 176, 150, 104
L 212.2812, 142.3125, 0.6260, 235.5313, 142.3124, 0.6260, 176, 150, 104
L 235.5313, 142.3124, 0.6260, 235.5313, 145.7765, 0.6260, 176, 150, 104
L 235.5313, 145.7765, 0.6260, 236.0818, 146.3125, 0.6260, 176, 150, 104
L 236.0818, 146.3125, 0.6260, 287.5000, 146.3121, 0.6260, 176, 150, 104
L 287.5000, 146.3121, 0.6260, 287.5000, 153.5625, 0.6260, 176, 150, 104
L 287.5000, 153.5625, 0.6260, 286.0325, 153.5625, 0.6260, 176, 150, 104
L 286.0325, 153.5625, 0.6260, 285.5000, 154.1220, 0.6260, 176, 150, 104
L 285.5000, 154.1220, 0.6260, 285.5000, 167.7921, 0.6260, 176, 150, 104
L 285.5000, 167.7921, 0.6260, 286.1567, 168.3125, 0.6260, 176, 150, 104
L 286.1567, 168.3125, 0.6260, 291.5000, 168.3118, 0.6260, 176, 150, 104
L 291.5000, 168.3118, 0.6260, 291.5000, 175.5625, 0.6260, 176, 150, 104
L 291.5000, 175.5625, 0.6260, 268.1842, 175.5625, 0.6260, 176, 150, 104
L 268.1842, 175.5625, 0.6260, 267.5313, 176.1519, 0.6260, 176, 150, 104
L 267.5313, 176.1519, 0.6260, 267.5313, 181.7808, 0.6260, 176, 150, 104
L 267.5313, 181.7808, 0.6260, 268.2197, 182.3125, 0.6260, 176, 150, 104
L 268.2197, 182.3125, 0.6260, 277.5000, 182.3125, 0.6260, 176, 150, 104
L 277.5000, 182.3125, 0.6260, 277.5000, 203.8438, 0.6260, 176, 150, 104
L 277.5000, 203.8438, 0.6260, 277.5000, 207.5313, 0.6260, 176, 150, 104
L 277.5000, 207.5313, 0.6260, 254.2812, 207.5313, 0.6260, 176, 150, 104
L 254.2812, 207.5313, 0.6260, 254.2812, 182.3125, 0.6260, 176, 150, 104
L 254.2812, 182.3125, 0.6260, 257.7834, 182.3125, 0.6260, 176, 150, 104
L 257.7834, 182.3125, 0.6260, 258.2812, 181.7206, 0.6260, 176, 150, 104
L 258.2812, 181.7206, 0.6260, 258.2812, 176.0885, 0.6260, 176, 150, 104
L 258.2812, 176.0885, 0.6260, 257.7314, 175.5625, 0.6260, 176, 150, 104
L 257.7314, 175.5625, 0.6260, 240.2809, 175.5625, 0.6260, 176, 150, 104
L 240.2809, 175.5625, 0.6260, 240.2812, 162.0877, 0.6260, 176, 150, 104
L 240.2812, 162.0877, 0.6260, 239.6591, 161.5625, 0.6260, 176, 150, 104
L 239.6591, 161.5625, 0.6260, 236.0560, 161.5625, 0.6260, 176, 150, 104
L 236.0560, 161.5625, 0.6260, 235.5313, 162.3826, 0.6260, 176, 150, 104
L 235.5313, 162.3826, 0.6260, 235.5313, 165.5625, 2.5987, 176, 150, 104
L 235.5313, 165.5625, 2.5987, 222.1023, 165.5625, 0.6260, 176, 150, 104
L 222.1023, 165.5625, 0.6260, 222.1023, 165.5625, 0.6260, 176, 150, 104
L 222.1023, 165.5625, 0.6260, 221.5313, 166.1716, 0.6260, 176, 150, 104
L 221.5313, 166.1716, 0.6260, 221.5313, 169.7408, 0.6260, 176, 150, 104
L 221.5313, 169.7408, 0.6260, 222.2210, 170.3125, 0.6260, 176, 150, 104
L 222.2210, 170.3125, 0.6260, 223.7333, 170.3125, 0.6260, 176, 150, 104
L 223.7333, 170.3125, 0.6260, 224.2812, 169.6587, -0.3740, 176, 150, 104
L 224.2812, 169.6587, -0.3740, 224.2812, 168.3125, -0.3740, 176, 150, 104
L 224.2812, 168.3125, -0.3740, 237.5313, 168.3120, -0.3740, 176, 150, 104
L 237.5313, 168.3120, -0.3740, 237.5313, 181.8412, -0.3740, 176, 150, 104
L 237.5313, 181.8412, -0.3740, 238.1626, 182.3125, -0.3740, 176, 150, 104
L 238.1626, 182.3125, -0.3740, 251.5313, 182.3121, -0.3740, 176, 150, 104
L 251.5313, 182.3121, -0.3740, 251.5313, 209.5434, -0.3740, 176, 150, 104
L 251.5313, 209.5434, -0.3740, 252.1522, 210.2813, 0.6260, 176, 150, 104
L 252.1522, 210.2813, 0.6260, 279.7479, 210.2813, 0.6260, 176, 150, 104
L 279.7479, 210.2813, 0.6260, 280.2500, 209.5434, -0.3740, 176, 150, 104
L 280.2500, 209.5434, -0.3740, 280.2500, 182.3125, -0.3740, 176, 150, 104
L 280.2500, 182.3125, -0.3740, 293.5124, 182.3123, -0.3732, 176, 150, 104
L 293.5124, 182.3123, -0.3732, 294.2500, 181.6993, 0.6260, 176, 150, 104
L 294.2500, 181.6993, 0.6260, 294.2500, 140.3125, 0.6260, 176, 150, 104
L 294.2500, 140.3125, 0.6260, 294.2500, 140.3125, 0.6260, 176, 150, 104
L 294.2500, 140.3125, 0.6260, 294.2500, 140.3125, 0.6260, 150, 144, 130
L 294.2500, 140.3125, 0.6260, 307.7196, 140.3124, 0.6260, 150, 144, 130
L 307.7196, 140.3124, 0.6260, 321.5000, 154.0927, 0.6260, 150, 144, 130
L 321.5000, 154.0927, 0.6260, 321.5000, 167.7901, 0.6260, 150, 144, 130
L 321.5000, 167.7901, 0.6260, 322.5248, 168.3125, -0.3740, 150, 144, 130
L 322.5248, 168.3125, -0.3740, 349.5121, 168.3125, -0.3740, 150, 144, 130
L 349.5121, 168.3125, -0.3740, 350.2500, 167.6894, 0.6260, 150, 144, 130
L 350.2500, 167.6894, 0.6260, 350.2500, 154.0926, 0.6260, 150, 144, 130
L 350.2500, 154.0926, 0.6260, 363.9993, 140.3125, 0.6260, 150, 144, 130
L 363.9993, 140.3125, 0.6260, 377.6313, 140.3125, 0.6260, 150, 144, 130
L 377.6313, 140.3125, 0.6260, 378.2187, 139.5747, -0.3740, 150, 144, 130
L 378.2187, 139.5747, -0.3740, 378.2187, 112.3316, -0.3740, 150, 144, 130
L 378.2187, 112.3316, -0.3740, 377.0299, 111.5938, 0.6260, 150, 144, 130
L 377.0299, 111.5938, 0.6260, 377.0299, 111.5938, 0.6260, 150, 144, 130
L 393.2662, 111.5937, 0.6260, 393.2662, 111.5937, 0.6260, 150, 144, 130
L 393.2662, 111.5937, 0.6260, 392.0589, 111.5937, 0.6260, 150, 144, 130
L 392.0589, 111.5937, 0.6260, 391.4688, 112.3530, -0.3740, 150, 144, 130
L 391.4688, 112.3530, -0.3740, 391.4687, 209.6557, 0.6260, 150, 144, 130
L 391.4687, 209.6557, 0.6260, 392.0978, 210.2812, 0.6260, 150, 144, 130
L 392.0978, 210.2812, 0.6260, 419.8265, 210.2812, 0.6260, 150, 144, 130
L 419.8265, 210.2812, 0.6260, 419.8265, 210.2812, 0.6260, 176, 150, 104
L 419.8265, 210.2812, 0.6260, 447.4375, 210.2811, 0.6260, 176, 150, 104
L 447.4375, 210.2811, 0.6260, 447.4375, 251.7070, 0.6260, 176, 150, 104
L 447.4375, 251.7070, 0.6260, 448.0988, 252.2812, 0.6260, 176, 150, 104
L 448.0988, 252.2812, 0.6260, 489.6042, 252.2812, 0.6260, 176, 150, 104
L 489.6042, 252.2812, 0.6260, 490.1875, 251.7148, 0.6260, 176, 150, 104
L 490.1875, 251.7148, 0.6260, 490.1875, 208.0053, 0.6260, 176, 150, 104
L 490.1875, 208.0053, 0.6260, 489.6803, 207.5312, 0.6260, 176, 150, 104
L 489.6803, 207.5312, 0.6260, 487.9804, 207.5313, 0.6260, 176, 150, 104
L 487.9804, 207.5313, 0.6260, 487.4375, 208.1161, 0.6260, 176, 150, 104
L 487.4375, 208.1161, 0.6260, 487.4375, 249.5313, 0.6260, 176, 150, 104
L 487.4375, 249.5313, 0.6260, 450.1875, 249.5313, 0.6260, 176, 150, 104
L 450.1875, 249.5313, 0.6260, 450.1875, 208.0380, 0.6260, 176, 150, 104
L 450.1875, 208.0380, 0.6260, 449.5869, 207.5313, 0.6260, 176, 150, 104
L 449.5869, 207.5313, 0.6260, 422.2187, 207.5313, 0.6260, 176, 150, 104
L 422.2187, 207.5313, 0.6260, 422.2187, 142.3125, 1.6260, 176, 150, 104
L 422.2187, 142.3125, 1.6260, 459.4375, 142.3117, 1.6260, 176, 150, 104
L 459.4375, 142.3117, 1.6260, 459.4375, 153.6739, 0.6260, 176, 150, 104
L 459.4375, 153.6739, 0.6260, 459.9675, 154.3125, 0.6260, 176, 150, 104
L 459.9675, 154.3125, 0.6260, 461.6868, 154.3125, 0.6260, 176, 150, 104
L 461.6868, 154.3125, 0.6260, 462.1875, 153.8337, 0.6260, 176, 150, 104
L 462.1875, 153.8337, 0.6260, 462.1875, 142.3125, 0.6260, 176, 150, 104
L 462.1875, 142.3125, 0.6260, 491.6861, 142.3125, 0.6260, 176, 150, 104
L 491.6861, 142.3125, 0.6260, 492.1875, 141.7089, 0.6260, 176, 150, 104
L 492.1875, 141.7089, 0.6260, 492.1875, 140.3125, 0.6260, 176, 150, 104
L 492.1875, 140.3125, 0.6260, 492.1875, 140.3125, 0.6260, 176, 150, 104
L 492.1875, 140.3125, 0.6260, 492.1875, 140.3125, 0.6260, 150, 144, 130
L 492.1875, 140.3125, 0.6260, 501.4499, 140.3123, 0.6270, 150, 144, 130
L 501.4499, 140.3123, 0.6270, 503.4506, 140.3117, 1.6294, 150, 144, 130
L 503.4506, 140.3117, 1.6294, 505.4375, 140.3125, 2.6260, 150, 144, 130
L 505.4375, 140.3125, 2.6260, 505.4496, 142.0341, 2.6260, 150, 144, 130
L 505.4496, 142.0341, 2.6260, 506.0534, 142.3125, 3.6260, 150, 144, 130
L 506.0534, 142.3125, 3.6260, 507.6748, 142.3125, 3.6260, 150, 144, 130
L 507.6748, 142.3125, 3.6260, 508.1875, 141.7897, 3.6260, 150, 144, 130
L 508.1875, 141.7897, 3.6260, 508.1875, 140.3125, 3.6260, 150, 144, 130
L 508.1875, 140.3125, 3.6260, 529.4062, 140.3104, 3.6260, 150, 144, 130
L 529.4062, 140.3104, 3.6260, 529.4063, 161.5625, 3.6260, 150, 144, 130
L 529.4063, 161.5625, 3.6260, 508.1869, 161.5625, 3.6260, 150, 144, 130
L 508.1869, 161.5625, 3.6260, 508.1875, 156.0731, 3.6260, 150, 144, 130
L 508.1875, 156.0731, 3.6260, 507.6096, 155.5625, 3.6260, 150, 144, 130
L 507.6096, 155.5625, 3.6260, 506.0060, 155.5625, 3.6260, 150, 144, 130
L 506.0060, 155.5625, 3.6260, 503.8430, 156.3125, -0.3740, 150, 144, 130
L 503.8430, 156.3125, -0.3740, 505.4375, 156.3120, -0.3740, 150, 144, 130
L 505.4375, 156.3120, -0.3740, 505.4375, 163.7275, -0.3740, 150, 144, 130
L 505.4375, 163.7275, -0.3740, 505.9329, 164.3125, -0.3740, 150, 144, 130
L 505.9329, 164.3125, -0.3740, 531.4186, 164.3122, -0.3734, 150, 144, 130
L 531.4186, 164.3122, -0.3734, 532.1562, 163.8021, 0.6260, 150, 144, 130
L 532.1562, 163.8021, 0.6260, 532.1562, 140.8428, 0.6260, 150, 144, 130
L 532.1562, 140.8428, 0.6260, 545.4062, 154.0925, 0.6260, 150, 144, 130
L 545.4062, 154.0925, 0.6260, 545.4063, 167.7708, 0.6260, 150, 144, 130
L 545.4063, 167.7708, 0.6260, 545.5923, 168.2788, 0.6260, 150, 144, 130
L 545.5923, 168.2788, 0.6260, 573.4063, 196.0612, 0.6260, 150, 144, 130
L 573.4063, 196.0612, 0.6260, 573.4062, 223.7509, 0.6260, 150, 144, 130
L 573.4062, 223.7509, 0.6260, 546.1547, 251.0024, 0.6260, 150, 144, 130
L 546.1547, 251.0024, 0.6260, 546.1547, 251.0024, 0.6260, 150, 144, 130
L 546.1547, 251.0024, 0.6260, 546.1547, 251.0024, 0.6260, 176, 150, 104
L 546.1547, 251.0024, 0.6260, 546.1562, 238.1976, 0.6260, 176, 150, 104
L 546.1562, 238.1976, 0.6260, 545.5368, 237.5313, 0.6260, 176, 150, 104
L 545.5368, 237.5313, 0.6260, 532.1562, 237.5313, 0.6260, 176, 150, 104
L 532.1562, 237.5313, 0.6260, 532.1562, 235.9929, 0.6260, 176, 150, 104
L 532.1562, 235.9929, 0.6260, 531.4184, 235.5313, -0.3740, 176, 150, 104
L 531.4184, 235.5313, -0.3740, 529.6351, 235.5434, -0.3740, 176, 150, 104
L 529.6351, 235.5434, -0.3740, 529.4063, 239.7439, 0.6260, 176, 150, 104
L 529.4063, 239.7439, 0.6260, 529.9740, 240.2812, 0.6260, 176, 150, 104
L 529.9740, 240.2812, 0.6260, 543.4063, 240.2765, 3.0331, 176, 150, 104
L 543.4063, 240.2765, 3.0331, 543.4063, 263.5313, 0.6260, 176, 150, 104
L 543.4063, 263.5313, 0.6260, 506.1875, 263.5313, 0.6260, 176, 150, 104
L 506.1875, 263.5313, 0.6260, 506.1875, 254.2812, 0.6260, 176, 150, 104
L 506.1875, 254.2812, 0.6260, 533.5880, 254.2812, 0.6260, 176, 150, 104
L 533.5880, 254.2812, 0.6260, 534.1562, 253.7424, 0.6260, 176, 150, 104
L 534.1562, 253.7424, 0.6260, 534.1562, 250.0224, 0.6260, 176, 150, 104
L 534.1562, 250.0224, 0.6260, 533.5911, 249.5313, 0.6260, 176, 150, 104
L 533.5911, 249.5313, 0.6260, 506.1875, 249.5313, 0.6260, 176, 150, 104
L 506.1875, 249.5313, 0.6260, 506.1875, 240.2812, 0.6260, 176, 150, 104
L 506.1875, 240.2812, 0.6260, 519.6627, 240.2812, 0.6260, 176, 150, 104
L 519.6627, 240.2812, 0.6260, 520.1562, 239.4707, 0.6260, 176, 150, 104
L 520.1562, 239.4707, 0.6260, 520.1562, 236.0665, 0.6260, 176, 150, 104
L 520.1562, 236.0665, 0.6260, 520.1562, 236.0665, 0.6260, 176, 150, 104
L 520.1562, 236.1695, 0.6260, 520.1562, 236.1695, 0.6260, 176, 150, 104
L 520.1562, 236.1695, 0.6260, 519.5360, 235.5313, -0.3740, 176, 150, 104
L 519.5360, 235.5313, -0.3740, 517.9738, 235.5312, -0.3740, 176, 150, 104
L 517.9738, 235.5312, -0.3740, 517.4062, 237.5313, 3.6625, 176, 150, 104
L 517.4062, 237.5313, 3.6625, 506.1875, 237.5313, 0.6260, 176, 150, 104
L 506.1875, 237.5313, 0.6260, 506.1875, 237.5313, 0.6260, 176, 150, 104
L 506.1875, 237.5313, 0.6260, 506.1875, 237.5313, 0.6260, 150, 144, 130
L 506.1875, 237.5313, 0.6260, 506.1875, 184.1771, -0.3740, 150, 144, 130
L 506.1875, 184.1771, -0.3740, 505.6140, 183.5625, -0.3740, 150, 144, 130
L 505.6140, 183.5625, -0.3740, 488.0036, 183.5625, 0.6260, 150, 144, 130
L 488.0036, 183.5625, 0.6260, 487.4375, 184.0536, 0.6260, 150, 144, 130
L 487.4375, 184.0536, 0.6260, 487.4375, 185.8428, 0.6260, 150, 144, 130
L 487.4375, 185.8428, 0.6260, 488.1179, 186.3125, 0.6260, 150, 144, 130
L 488.1179, 186.3125, 0.6260, 503.4375, 186.3121, 0.6260, 150, 144, 130
L 503.4375, 186.3121, 0.6260, 503.4375, 237.9754, 0.6260, 150, 144, 130
L 503.4375, 237.9754, 0.6260, 503.4375, 237.9754, 0.6260, 150, 144, 130
L 503.4375, 237.9754, 0.6260, 503.4375, 237.9754, 0.6260, 176, 150, 104
L 503.4375, 237.9754, 0.6260, 503.4375, 265.8083, 0.6260, 176, 150, 104
L 503.4375, 265.8083, 0.6260, 504.0681, 266.2812, 0.6260, 176, 150, 104
L 504.0681, 266.2812, 0.6260, 545.4063, 266.2788, 0.6260, 176, 150, 104
L 545.4063, 266.2788, 0.6260, 545.4063, 266.2788, 0.6260, 176, 150, 104
L 545.4063, 266.2788, 0.6260, 545.4063, 266.2788, 0.6260, 150, 144, 130
L 545.4063, 266.2788, 0.6260, 545.4063, 293.5000, 0.6260, 150, 144, 130
L 545.4063, 293.5000, 0.6260, 433.9680, 293.5000, 0.6260, 150, 144, 130
L 433.9680, 293.5000, 0.6260, 420.2186, 279.7198, 0.6260, 150, 144, 130
L 420.2186, 279.7198, 0.6260, 420.2187, 224.1752, 0.6260, 150, 144, 130
L 420.2187, 224.1752, 0.6260, 419.5456, 223.5313, 0.6260, 150, 144, 130
L 419.5456, 223.5313, 0.6260, 363.9984, 223.5313, -0.3740, 150, 144, 130
L 363.9984, 223.5313, -0.3740, 350.7789, 210.2812, -0.3740, 150, 144, 130
L 350.7789, 210.2812, -0.3740, 350.7789, 210.2812, -0.3740, 150, 144, 130
L 350.7789, 210.2812, -0.3740, 350.7789, 210.2812, -0.3740, 176, 150, 104
L 350.7789, 210.2812, -0.3740, 377.4812, 210.2812, -0.3730, 176, 150, 104
L 377.4812, 210.2812, -0.3730, 378.2187, 209.6919, 0.6260, 176, 150, 104
L 378.2187, 209.6919, 0.6260, 378.2187, 196.2812, 0.6260, 176, 150, 104
L 378.2187, 196.2812, 0.6260, 379.6873, 196.2812, 0.6260, 176, 150, 104
L 379.6873, 196.2812, 0.6260, 380.2187, 195.7278, 0.6260, 176, 150, 104
L 380.2187, 195.7278, 0.6260, 380.2187, 194.0572, 0.6260, 176, 150, 104
L 380.2187, 194.0572, 0.6260, 379.6938, 193.5625, 0.6260, 176, 150, 104
L 379.6938, 193.5625, 0.6260, 376.0215, 193.5625, 0.6260, 176, 150, 104
L 376.0215, 193.5625, 0.6260, 375.4688, 194.1018, 0.6260, 176, 150, 104
L 375.4688, 194.1018, 0.6260, 375.4688, 207.5313, 0.6260, 176, 150, 104
L 375.4688, 207.5313, 0.6260, 352.2187, 207.5313, 3.5003, 176, 150, 104
L 352.2187, 207.5313, 3.5003, 352.2187, 184.3125, 0.6260, 176, 150, 104
L 352.2187, 184.3125, 0.6260, 379.6250, 184.3125, 0.6260, 176, 150, 104
L 379.6250, 184.3125, 0.6260, 380.2187, 183.7289, 0.6260, 176, 150, 104
L 380.2187, 183.7289, 0.6260, 380.2187, 182.1197, 0.6260, 176, 150, 104
L 380.2187, 182.1197, 0.6260, 379.6588, 181.5625, 0.6260, 176, 150, 104
L 379.6588, 181.5625, 0.6260, 349.9419, 181.5625, 0.6260, 176, 150, 104
L 349.9419, 181.5625, 0.6260, 349.9419, 181.5625, 0.6260, 176, 150, 104
L 349.9419, 181.5625, 0.6260, 349.9419, 181.5625, 0.6260, 150, 144, 130
L 349.9419, 181.5625, 0.6260, 322.2378, 181.5625, -0.3740, 150, 144, 130
L 322.2378, 181.5625, -0.3740, 321.5000, 182.1356, 0.6260, 150, 144, 130
L 321.5000, 182.1356, 0.6260, 321.5000, 321.7196, -0.3740, 150, 144, 130
L 321.5000, 321.7196, -0.3740, 308.2500, 334.9697, -0.3740, 150, 144, 130
L 308.2500, 334.9697, -0.3740, 308.2500, 252.2688, -0.3731, 150, 144, 130
L 308.2500, 252.2688, -0.3731, 307.6929, 251.5312, 0.6260, 150, 144, 130
L 307.6929, 251.5312, 0.6260, 294.2500, 251.5313, 0.6260, 150, 144, 130
L 294.2500, 251.5313, 0.6260, 294.2500, 224.0833, 0.6260, 150, 144, 130
L 294.2500, 224.0833, 0.6260, 293.6572, 223.5313, 0.6260, 150, 144, 130
L 293.6572, 223.5313, 0.6260, 252.0946, 223.5313, 0.6260, 150, 144, 130
L 252.0946, 223.5313, 0.6260, 251.5313, 224.2687, -0.3740, 150, 144, 130
L 251.5313, 224.2687, -0.3740, 251.5313, 251.5312, -0.3740, 150, 144, 130
L 251.5313, 251.5312, -0.3740, 224.2688, 251.5313, -0.3740, 150, 144, 130
L 224.2688, 251.5313, -0.3740, 223.5313, 252.2455, 0.6260, 150, 144, 130
L 223.5313, 252.2455, 0.6260, 223.5313, 265.5313, 0.6260, 150, 144, 130
L 223.5313, 265.5313, 0.6260, 222.0550, 265.5313, 0.6260, 150, 144, 130
L 222.0550, 265.5313, 0.6260, 221.5313, 266.1386, 0.6260, 150, 144, 130
L 221.5313, 266.1386, 0.6260, 221.5313, 267.7004, 0.6260, 150, 144, 130
L 221.5313, 267.7004, 0.6260, 222.1268, 268.2812, 0.6260, 150, 144, 130
L 222.1268, 268.2812, 0.6260, 225.7529, 268.2812, 0.6260, 150, 144, 130
L 225.7529, 268.2812, 0.6260, 226.2014, 268.1375, 0.6260, 150, 144, 130
L 226.2014, 268.1375, 0.6260, 226.2014, 268.1375, 0.6260, 150, 144, 130
L 226.2014, 268.1375, 0.6260, 226.2014, 268.1375, 0.6260, 176, 150, 104
L 226.2014, 268.1375, 0.6260, 226.2812, 254.2812, 0.6260, 176, 150, 104
L 226.2812, 254.2812, 0.6260, 235.5313, 254.2807, 0.6260, 176, 150, 104
L 235.5313, 254.2807, 0.6260, 235.5313, 281.7083, 0.6260, 176, 150, 104
L 235.5313, 281.7083, 0.6260, 236.0378, 282.2500, 0.6260, 176, 150, 104
L 236.0378, 282.2500, 0.6260, 259.5313, 282.2492, 0.6260, 176, 150, 104
L 259.5313, 282.2492, 0.6260, 259.5313, 291.6658, 0.6260, 176, 150, 104
L 259.5313, 291.6658, 0.6260, 259.6800, 292.2795, 0.6260, 176, 150, 104
L 259.6800, 292.2795, 0.6260, 271.5313, 317.9573, 0.6260, 176, 150, 104
L 271.5313, 317.9573, 0.6260, 271.5313, 323.8257, 0.6260, 176, 150, 104
L 271.5313, 323.8257, 0.6260, 272.1114, 324.2500, 0.6260, 176, 150, 104
L 272.1114, 324.2500, 0.6260, 275.7898, 324.2500, 0.6260, 176, 150, 104
L 275.7898, 324.2500, 0.6260, 276.2500, 323.7242, 0.6260, 176, 150, 104
L 276.2500, 323.7242, 0.6260, 276.2441, 313.8089, 0.6260, 176, 150, 104
L 276.2441, 313.8089, 0.6260, 276.0476, 313.3518, 0.6260, 176, 150, 104
L 276.0476, 313.3518, 0.6260, 264.2812, 287.7928, 0.6260, 176, 150, 104
L 264.2812, 287.7928, 0.6260, 264.2812, 282.2500, 0.6260, 176, 150, 104
L 264.2812, 282.2500, 0.6260, 291.7583, 282.2500, 0.6260, 176, 150, 104
L 291.7583, 282.2500, 0.6260, 292.2500, 281.6957, 0.6260, 176, 150, 104
L 292.2500, 281.6957, 0.6260, 292.2500, 280.1089, 0.6260, 176, 150, 104
L 292.2500, 280.1089, 0.6260, 291.6391, 279.5000, 0.6260, 176, 150, 104
L 291.6391, 279.5000, 0.6260, 238.2812, 279.5000, 0.6260, 176, 150, 104
L 238.2812, 279.5000, 0.6260, 238.2812, 254.2812, 0.6260, 176, 150, 104
L 238.2812, 254.2812, 0.6260, 253.7914, 254.2812, 0.6260, 176, 150, 104
L 253.7914, 254.2812, 0.6260, 254.2812, 253.4695, 0.6260, 176, 150, 104
L 254.2812, 253.4695, 0.6260, 254.2812, 226.2812, 0.6260, 176, 150, 104
L 254.2812, 226.2812, 0.6260, 267.5313, 226.2803, 0.6260, 176, 150, 104
L 267.5313, 226.2803, 0.6260, 267.5313, 251.5313, 0.6260, 176, 150, 104
L 267.5313, 251.5313, 0.6260, 264.0632, 251.5313, 0.6260, 176, 150, 104
L 264.0632, 251.5313, 0.6260, 263.5313, 252.0971, 0.6260, 176, 150, 104
L 263.5313, 252.0971, 0.6260, 263.5313, 253.7858, 0.6260, 176, 150, 104
L 263.5313, 253.7858, 0.6260, 264.1622, 254.2812, 0.6260, 176, 150, 104
L 264.1622, 254.2812, 0.6260, 279.5000, 254.2805, 0.6260, 176, 150, 104
L 279.5000, 254.2805, 0.6260, 279.5000, 267.7532, 0.6260, 176, 150, 104
L 279.5000, 267.7532, 0.6260, 280.0137, 268.2812, 0.6260, 176, 150, 104
L 280.0137, 268.2812, 0.6260, 281.8018, 268.2812, 0.6260, 176, 150, 104
L 281.8018, 268.2812, 0.6260, 282.2500, 267.7150, 0.6260, 176, 150, 104
L 282.2500, 267.7150, 0.6260, 282.2500, 252.0175, 0.6260, 176, 150, 104
L 282.2500, 252.0175, 0.6260, 281.5832, 251.5313, 0.6260, 176, 150, 104
L 281.5832, 251.5313, 0.6260, 272.2812, 251.5313, 0.6260, 176, 150, 104
L 272.2812, 251.5313, 0.6260, 272.2812, 226.2812, 0.6260, 176, 150, 104
L 272.2812, 226.2812, 0.6260, 291.5000, 226.2767, 2.4735, 176, 150, 104
L 291.5000, 226.2767, 2.4735, 291.5000, 253.7699, 0.6260, 176, 150, 104
L 291.5000, 253.7699, 0.6260, 292.0249, 254.2812, 0.6260, 176, 150, 104
L 292.0249, 254.2812, 0.6260, 305.5000, 254.2778, 0.6260, 176, 150, 104
L 305.5000, 254.2778, 0.6260, 305.5000, 279.5000, 0.6260, 176, 150, 104
L 305.5000, 279.5000, 0.6260, 301.9667, 279.5000, 0.6260, 176, 150, 104
L 301.9667, 279.5000, 0.6260, 301.5000, 280.0298, 0.6260, 176, 150, 104
L 301.5000, 280.0298, 0.6260, 301.5000, 281.7282, 0.6260, 176, 150, 104
L 301.5000, 281.7282, 0.6260, 302.0717, 282.2500, 0.6260, 176, 150, 104
L 302.0717, 282.2500, 0.6260, 305.5000, 282.2484, 0.6260, 176, 150, 104
L 305.5000, 282.2484, 0.6260, 305.5000, 301.5000, 0.6260, 176, 150, 104
L 305.5000, 301.5000, 0.6260, 288.2500, 301.5000, 0.6260, 176, 150, 104
L 288.2500, 301.5000, 0.6260, 288.2500, 292.1968, 0.6260, 176, 150, 104
L 288.2500, 292.1968, 0.6260, 287.7576, 291.5000, 0.6260, 176, 150, 104
L 287.7576, 291.5000, 0.6260, 286.0056, 291.5000, 0.6260, 176, 150, 104
L 286.0056, 291.5000, 0.6260, 285.5000, 292.0481, 0.6260, 176, 150, 104
L 285.5000, 292.0481, 0.6260, 285.5000, 333.5000, 0.6260, 176, 150, 104
L 285.5000, 333.5000, 0.6260, 216.2812, 333.5000, 0.6260, 176, 150, 104
L 216.2812, 333.5000, 0.6260, 216.2812, 292.0501, 0.6260, 176, 150, 104
L 216.2812, 292.0501, 0.6260, 215.7147, 291.5000, 0.6260, 176, 150, 104
L 215.7147, 291.5000, 0.6260, 214.0225, 291.5000, 0.6260, 176, 150, 104
L 214.0225, 291.5000, 0.6260, 213.5313, 292.0896, 0.6260, 176, 150, 104
L 213.5313, 292.0896, 0.6260, 213.5313, 333.5000, 0.6260, 176, 150, 104
L 213.5313, 333.5000, 0.6260, 204.2812, 333.5000, 0.6260, 176, 150, 104
L 204.2812, 333.5000, 0.6260, 204.2812, 332.0008, 0.6260, 176, 150, 104
L 204.2812, 332.0008, 0.6260, 203.7495, 331.5000, 0.6260, 176, 150, 104
L 203.7495, 331.5000, 0.6260, 202.0109, 331.5000, 0.6260, 176, 150, 104
L 202.0109, 331.5000, 0.6260, 201.5313, 332.0511, 0.6260, 176, 150, 104
L 201.5313, 332.0511, 0.6260, 201.5313, 333.5000, 0.6260, 176, 150, 104
L 201.5313, 333.5000, 0.6260, 170.3125, 333.5000, 0.6260, 176, 150, 104
L 170.3125, 333.5000, 0.6260, 170.3125, 310.2500, 0.6260, 176, 150, 104
L 170.3125, 310.2500, 0.6260, 201.5313, 310.2478, 0.6260, 176, 150, 104
L 201.5313, 310.2478, 0.6260, 201.5313, 321.6747, 0.6260, 176, 150, 104
L 201.5313, 321.6747, 0.6260, 202.0982, 322.2500, 0.6260, 176, 150, 104
L 202.0982, 322.2500, 0.6260, 203.8249, 322.2500, 0.6260, 176, 150, 104
L 203.8249, 322.2500, 0.6260, 204.2812, 321.6781, 0.6260, 176, 150, 104
L 204.2812, 321.6781, 0.6260, 204.2812, 305.9999, 0.6260, 176, 150, 104
L 204.2812, 305.9999, 0.6260, 203.7273, 305.5000, 0.6260, 176, 150, 104
L 203.7273, 305.5000, 0.6260, 202.0897, 305.5000, 0.6260, 176, 150, 104
L 202.0897, 305.5000, 0.6260, 201.5313, 306.0926, 0.6260, 176, 150, 104
L 201.5313, 306.0926, 0.6260, 201.5313, 307.5000, 0.6260, 176, 150, 104
L 201.5313, 307.5000, 0.6260, 170.3125, 307.5000, 0.6260, 176, 150, 104
L 170.3125, 307.5000, 0.6260, 170.3125, 282.2500, 0.6260, 176, 150, 104
L 170.3125, 282.2500, 0.6260, 201.5313, 282.2482, 0.6260, 176, 150, 104
L 201.5313, 282.2482, 0.6260, 201.5313, 295.5865, 0.6260, 176, 150, 104
L 201.5313, 295.5865, 0.6260, 202.0559, 296.2500, 0.6260, 176, 150, 104
L 202.0559, 296.2500, 0.6260, 203.8000, 296.2500, 0.6260, 176, 150, 104
L 203.8000, 296.2500, 0.6260, 204.2812, 295.6284, 0.6260, 176, 150, 104
L 204.2812, 295.6284, 0.6260, 204.2812, 282.2500, 0.6260, 176, 150, 104
L 204.2812, 282.2500, 0.6260, 225.6794, 282.2500, 0.6260, 176, 150, 104
L 225.6794, 282.2500, 0.6260, 226.2812, 281.5823, 0.6260, 176, 150, 104
L 226.2812, 281.5823, 0.6260, 226.2812, 278.0262, 0.6260, 176, 150, 104
L 226.2812, 278.0262, 0.6260, 226.0869, 277.5464, 0.6260, 176, 150, 104
L 226.0869, 277.5464, 0.6260, 226.0869, 277.5464, 0.6260, 176, 150, 104
L 55.5938, -375.5545, 0.6260, 55.5938, -375.5545, 0.6260, 150, 144, 130
L 55.5938, -375.5545, 0.6260, 55.5938, -224.1751, 0.6260, 150, 144, 130
L 55.5938, -224.1751, 0.6260, 56.2024, -223.5313, 0.6260, 150, 144, 130
L 56.2024, -223.5313, 0.6260, 83.5938, -223.5313, 0.6260, 150, 144, 130
L 83.5938, -223.5313, 0.6260, 83.5938, -222.1292, 0.6260, 150, 144, 130
L 83.5938, -222.1292, 0.6260, 84.1473, -221.5313, 0.6260, 150, 144, 130
L 84.1473, -221.5313, 0.6260, 85.6562, -221.5313, 0.6260, 150, 144, 130
L 85.6562, -221.5313, 0.6260, 86.3437, -222.2149, 0.6260, 150, 144, 130
L 86.3437, -222.2149, 0.6260, 86.3437, -223.9286, 0.6260, 150, 144, 130
L 86.3437, -223.9286, 0.6260, 86.3437, -223.9286, 0.6260, 150, 144, 130
L 86.3437, -223.9286, 0.6260, 86.3437, -223.9286, 0.6260, 176, 150, 104
L 86.3437, -223.9286, 0.6260, 86.3437, -225.5992, 0.6260, 176, 150, 104
L 86.3437, -225.5992, 0.6260, 85.6541, -226.2812, 0.6260, 176, 150, 104
L 85.6541, -226.2812, 0.6260, 60.5886, -226.2812, 0.6260, 176, 150, 104
L 60.5886, -226.2812, 0.6260, 58.3437, -226.2812, 0.6260, 176, 150, 104
L 58.3437, -226.2812, 0.6260, 58.3437, -251.5438, 0.6274, 176, 150, 104
L 58.3437, -251.5438, 0.6274, 58.3437, -251.5436, 0.6267, 176, 150, 104
L 58.3437, -251.5436, 0.6267, 58.3436, -252.5313, 1.6260, 176, 150, 104
L 58.3436, -252.5313, 1.6260, 86.5938, -252.5313, 1.6260, 176, 150, 104
L 86.5938, -252.5313, 1.6260, 86.8460, -251.5434, 0.6260, 176, 150, 104
L 86.8460, -251.5434, 0.6260, 125.6692, -251.5313, 0.6260, 176, 150, 104
L 125.6692, -251.5313, 0.6260, 126.3125, -252.1539, 0.6260, 176, 150, 104
L 126.3125, -252.1539, 0.6260, 126.3125, -252.7711, 0.6260, 176, 150, 104
L 126.3125, -252.7711, 0.6260, 125.6685, -253.2812, 0.6260, 176, 150, 104
L 125.6685, -253.2812, 0.6260, 125.6161, -251.5313, 0.6260, 176, 150, 104
L 125.6161, -251.5313, 0.6260, 126.3125, -252.1679, 0.6260, 176, 150, 104
L 126.3125, -252.1679, 0.6260, 126.3125, -252.7309, 0.6260, 176, 150, 104
L 126.3125, -252.7309, 0.6260, 125.5839, -253.2812, 0.6260, 176, 150, 104
L 125.5839, -253.2812, 0.6260, 87.3437, -253.2812, 1.6260, 176, 150, 104
L 87.3437, -253.2812, 1.6260, 87.3437, -265.6252, 1.6260, 176, 150, 104
L 87.3437, -265.6252, 1.6260, 86.6416, -266.2813, 0.6260, 176, 150, 104
L 86.6416, -266.2813, 0.6260, 84.1126, -266.2813, 0.6260, 176, 150, 104
L 84.1126, -266.2813, 0.6260, 83.5938, -265.6855, 0.6260, 176, 150, 104
L 83.5938, -265.6855, 0.6260, 83.5938, -256.2802, 0.6260, 176, 150, 104
L 83.5938, -256.2802, 0.6260, 58.3437, -256.2812, 0.6260, 176, 150, 104
L 58.3437, -256.2812, 0.6260, 58.3437, -275.5000, 0.6260, 176, 150, 104
L 58.3437, -275.5000, 0.6260, 87.6693, -275.5000, 0.6260, 176, 150, 104
L 87.6693, -275.5000, 0.6260, 87.6693, -275.5000, 0.6260, 176, 150, 104
L 87.6693, -275.5000, 0.6260, 88.3437, -276.0785, 0.6260, 176, 150, 104
L 88.3437, -276.0785, 0.6260, 88.3437, -281.5757, 0.6260, 176, 150, 104
L 88.3437, -281.5757, 0.6260, 87.7251, -282.2500, 0.6260, 176, 150, 104
L 87.7251, -282.2500, 0.6260, 86.1231, -282.2500, 0.6260, 176, 150, 104
L 86.1231, -282.2500, 0.6260, 85.5938, -281.6708, 0.6260, 176, 150, 104
L 85.5938, -281.6708, 0.6260, 85.5938, -278.2500, 0.6260, 176, 150, 104
L 85.5938, -278.2500, 0.6260, 58.3437, -278.2500, 0.6260, 176, 150, 104
L 58.3437, -278.2500, 0.6260, 58.6666, -305.5000, 0.6260, 176, 150, 104
L 58.6666, -305.5000, 0.6260, 73.5938, -305.5000, 0.6260, 176, 150, 104
L 73.5938, -305.5000, 0.6260, 73.5938, -294.2249, 0.6260, 176, 150, 104
L 73.5938, -294.2249, 0.6260, 74.1754, -293.5000, 0.6260, 176, 150, 104
L 74.1754, -293.5000, 0.6260, 85.5938, -293.5000, 0.6260, 176, 150, 104
L 85.5938, -293.5000, 0.6260, 85.5938, -292.1094, 0.6260, 176, 150, 104
L 85.5938, -292.1094, 0.6260, 86.1966, -291.5000, 0.6260, 176, 150, 104
L 86.1966, -291.5000, 0.6260, 87.8108, -291.5000, 0.6260, 176, 150, 104
L 87.8108, -291.5000, 0.6260, 88.3437, -292.1857, 0.6260, 176, 150, 104
L 88.3437, -292.1857, 0.6260, 88.3437, -295.6407, 0.6260, 176, 150, 104
L 88.3437, -295.6407, 0.6260, 87.6462, -296.2500, 0.6260, 176, 150, 104
L 87.6462, -296.2500, 0.6260, 76.3437, -296.2500, 0.6260, 176, 150, 104
L 76.3437, -296.2500, 0.6260, 76.3437, -307.7345, 0.6260, 176, 150, 104
L 76.3437, -307.7345, 0.6260, 75.7024, -308.2500, 0.6260, 176, 150, 104
L 75.7024, -308.2500, 0.6260, 58.3437, -308.2500, 0.6260, 176, 150, 104
L 58.3437, -308.2500, 0.6260, 58.3437, -347.5000, 0.6260, 176, 150, 104
L 58.3437, -347.5000, 0.6260, 73.7396, -347.5000, 0.6260, 176, 150, 104
L 73.7396, -347.5000, 0.6260, 74.3437, -348.0905, 0.6260, 176, 150, 104
L 74.3437, -348.0905, 0.6260, 74.3437, -349.6811, 0.6260, 176, 150, 104
L 74.3437, -349.6811, 0.6260, 73.7495, -350.2500, 0.6260, 176, 150, 104
L 73.7495, -350.2500, 0.6260, 58.3437, -350.2500, 0.6260, 176, 150, 104
L 58.3437, -350.2500, 0.6260, 58.3437, -375.4688, 0.6260, 176, 150, 104
L 58.3437, -375.4688, 0.6260, 101.5938, -375.4688, 4.2793, 176, 150, 104
L 101.5938, -375.4688, 4.2793, 101.5938, -350.2500, 0.6260, 176, 150, 104
L 101.5938, -350.2500, 0.6260, 84.1690, -350.2500, 0.6260, 176, 150, 104
L 84.1690, -350.2500, 0.6260, 83.5938, -349.6065, 0.6260, 176, 150, 104
L 83.5938, -349.6065, 0.6260, 83.5938, -348.0900, 0.6260, 176, 150, 104
L 83.5938, -348.0900, 0.6260, 84.2136, -347.5000, 0.6260, 176, 150, 104
L 84.2136, -347.5000, 0.6260, 97.6059, -347.4999, 0.6260, 176, 150, 104
L 97.6059, -347.4999, 0.6260, 97.6059, -347.4999, 0.6260, 176, 150, 104
L 69.7532, -587.3750, -0.3740, 69.7532, -587.3750, -0.3740, 150, 144, 130
L 69.7532, -587.3750, -0.3740, 70.3437, -588.0350, -0.3740, 150, 144, 130
L 70.3437, -588.0350, -0.3740, 70.3437, -590.8785, -0.3740, 150, 144, 130
L 70.3437, -591.0234, -0.3740, 70.3437, -591.0234, -0.3740, 150, 144, 130
L 83.5938, -590.8755, -0.3740, 83.5938, -574.1562, -0.3740, 150, 144, 130
L 83.5938, -574.1562, -0.3740, 42.3236, -574.1562, -0.3740, 150, 144, 130
L 42.3236, -574.1562, -0.3740, 41.5937, -573.5209, -0.3740, 150, 144, 130
L 41.5937, -573.5209, -0.3740, 41.5938, -560.1419, -0.3740, 150, 144, 130
L 41.5938, -560.1419, -0.3740, 42.5463, -559.4063, 0.6260, 150, 144, 130
L 42.5463, -559.4063, 0.6260, 125.5625, -559.4063, 0.6260, 150, 144, 130
L 125.5625, -559.4063, 0.6260, 125.5625, -545.9421, 0.6260, 176, 150, 104
L 125.5625, -545.9421, 0.6260, 125.9635, -545.2248, 0.6260, 176, 150, 104
L 125.9635, -545.2248, 0.6260, 127.4769, -543.7114, 0.6260, 176, 150, 104
L 127.4769, -543.7114, 0.6260, 128.1147, -543.4063, 0.6260, 176, 150, 104
L 128.1147, -543.4063, 0.6260, 128.7844, -543.4063, 0.6260, 176, 150, 104
L 128.7844, -543.4063, 0.6260, 129.3125, -543.9613, 0.6260, 176, 150, 104
L 129.3125, -543.9613, 0.6260, 129.3114, -548.4063, 0.6260, 176, 150, 104
L 129.3114, -548.4063, 0.6260, 131.7519, -548.4063, 0.6260, 176, 150, 104
L 131.7519, -548.4063, 0.6260, 132.3125, -549.0589, 0.6260, 176, 150, 104
L 132.3125, -549.0589, 0.6260, 132.3125, -555.4063, 0.6260, 176, 150, 104
L 132.3125, -555.4063, 0.6260, 142.6246, -555.4063, 0.6260, 176, 150, 104
L 142.6246, -555.4063, 0.6260, 143.3125, -556.2241, 0.6260, 176, 150, 104
L 143.3125, -556.2241, 0.6260, 143.3125, -558.4063, 0.6260, 176, 150, 104
L 143.3125, -558.4063, 0.6260, 166.5625, -558.4063, 0.6260, 176, 150, 104
L 166.5625, -558.4063, 0.6260, 166.5625, -557.1545, 0.6260, 176, 150, 104
L 166.5625, -557.1545, 0.6260, 165.0702, -557.1563, 0.6260, 176, 150, 104
L 165.0702, -557.1563, 0.6260, 164.5625, -556.4645, 0.6260, 176, 150, 104
L 164.5625, -556.4645, 0.6260, 164.5625, -551.9594, 0.6260, 176, 150, 104
L 164.5625, -551.9594, 0.6260, 165.1837, -551.4063, 0.6260, 176, 150, 104
L 165.1837, -551.4063, 0.6260, 166.5625, -551.4063, 0.6260, 176, 150, 104
L 166.5625, -551.4063, 0.6260, 166.5625, -529.4063, 0.6260, 176, 150, 104
L 166.5625, -529.4063, 0.6260, 166.5625, -519.1543, 0.6260, 176, 150, 104
L 166.5625, -519.1543, 0.6260, 155.3125, -519.1562, 0.6260, 176, 150, 104
L 155.3125, -519.1562, 0.6260, 155.3125, -519.6218, 0.6260, 176, 150, 104
L 155.3125, -519.6218, 0.6260, 154.7574, -520.1563, 0.6260, 176, 150, 104
L 154.7574, -520.1563, 0.6260, 153.2041, -520.1563, 0.6260, 176, 150, 104
L 153.2041, -520.1563, 0.6260, 152.5625, -519.6007, 0.6260, 176, 150, 104
L 152.5625, -519.6007, 0.6260, 152.5625, -519.1562, 0.6260, 176, 150, 104
L 152.5625, -519.1562, 0.6260, 150.1354, -519.1562, 0.6260, 176, 150, 104
L 150.1354, -519.1562, 0.6260, 149.5625, -518.5086, 0.6260, 176, 150, 104
L 149.5625, -518.5086, 0.6260, 149.5625, -517.9386, 0.6260, 176, 150, 104
L 149.5625, -517.9386, 0.6260, 150.0614, -517.4063, 0.6260, 176, 150, 104
L 150.0614, -517.4063, 0.6260, 151.5625, -517.4063, 0.6260, 176, 150, 104
L 151.5625, -517.4063, 0.6260, 151.5625, -506.1875, 0.6260, 176, 150, 104
L 151.5625, -506.1875, 0.6260, 128.3125, -506.1875, 0.6260, 176, 150, 104
L 128.3125, -506.1875, 0.6260, 128.3121, -517.4063, 0.6260, 176, 150, 104
L 128.3121, -517.4063, 0.6260, 129.7542, -517.4063, 0.6260, 176, 150, 104
L 129.7542, -517.4063, 0.6260, 130.3125, -517.9343, 0.6260, 176, 150, 104
L 130.3125, -517.9343, 0.6260, 130.3125, -518.6099, 0.6260, 176, 150, 104
L 130.3125, -518.6099, 0.6260, 129.9526, -519.1559, 0.6260, 176, 150, 104
L 129.9526, -519.1559, 0.6260, 129.3125, -519.1562, 0.6260, 176, 150, 104
L 129.3125, -519.1562, 0.6260, 129.3125, -533.5292, 0.6260, 176, 150, 104
L 129.3125, -533.5292, 0.6260, 128.8184, -534.1563, 0.6260, 176, 150, 104
L 128.8184, -534.1563, 0.6260, 128.1207, -534.1563, 0.6260, 176, 150, 104
L 128.1207, -534.1563, 0.6260, 127.5193, -533.8934, 0.6260, 176, 150, 104
L 127.5193, -533.8934, 0.6260, 125.8102, -532.1843, 0.6260, 176, 150, 104
L 125.8102, -532.1843, 0.6260, 125.5625, -531.6445, 0.6260, 176, 150, 104
L 125.5625, -531.6445, 0.6260, 125.5625, -504.0684, 0.6260, 176, 150, 104
L 125.5625, -504.0684, 0.6260, 126.1827, -503.4375, 0.6260, 176, 150, 104
L 126.1827, -503.4375, 0.6260, 153.8187, -503.4375, 0.6260, 176, 150, 104
L 153.8187, -503.4375, 0.6260, 154.3125, -503.9879, 0.6260, 176, 150, 104
L 154.3125, -503.9879, 0.6260, 154.3121, -517.4062, 0.6260, 176, 150, 104
L 154.3121, -517.4062, 0.6260, 167.8464, -517.4063, 0.6260, 176, 150, 104
L 167.8464, -517.4063, 0.6260, 168.3125, -518.1357, 0.6260, 176, 150, 104
L 168.3125, -518.1357, 0.6260, 168.3120, -558.8764, 0.6260, 176, 150, 104
L 168.3120, -558.8764, 0.6260, 168.3120, -558.8764, 0.6260, 150, 144, 130
L 168.3120, -558.8764, 0.6260, 181.5625, -545.6259, 0.6260, 150, 144, 130
L 181.5625, -545.6259, 0.6260, 181.5625, -532.0352, 0.6260, 150, 144, 130
L 181.5625, -532.0352, 0.6260, 182.3456, -531.4062, 0.6260, 150, 144, 130
L 182.3456, -531.4062, 0.6260, 209.7316, -531.4062, 0.6260, 150, 144, 130
L 209.7316, -531.4062, 0.6260, 210.2812, -531.9478, 0.6260, 150, 144, 130
L 210.2812, -531.9478, 0.6260, 210.2812, -545.6259, 0.6260, 150, 144, 130
L 210.2812, -545.6259, 0.6260, 224.0611, -559.4063, 0.6260, 150, 144, 130
L 224.0611, -559.4063, 0.6260, 251.5312, -559.4063, -0.3740, 150, 144, 130
L 251.5312, -559.4063, -0.3740, 251.5313, -532.1562, -0.3740, 150, 144, 130
L 251.5313, -532.1562, -0.3740, 238.2691, -532.1562, -0.3740, 150, 144, 130
L 238.2691, -532.1562, -0.3740, 237.5313, -531.5651, 0.6260, 150, 144, 130
L 237.5313, -531.5651, 0.6260, 237.5313, -476.0230, 0.6260, 150, 144, 130
L 237.5313, -476.0230, 0.6260, 238.2516, -475.4375, 0.6260, 150, 144, 130
L 238.2516, -475.4375, 0.6260, 321.7268, -475.4375, 0.6260, 150, 144, 130
L 321.7268, -475.4375, 0.6260, 322.2500, -476.1026, 0.6260, 150, 144, 130
L 322.2500, -476.1026, 0.6260, 322.2500, -503.4375, 0.6260, 150, 144, 130
L 322.2500, -503.4375, 0.6260, 323.6591, -503.4375, 0.6260, 150, 144, 130
L 323.6591, -503.4375, 0.6260, 324.2500, -504.0337, 0.6260, 150, 144, 130
L 324.2500, -504.0337, 0.6260, 324.2500, -505.6205, 0.6260, 150, 144, 130
L 324.2500, -505.6205, 0.6260, 323.6073, -506.1875, 0.6260, 150, 144, 130
L 323.6073, -506.1875, 0.6260, 320.0338, -506.1875, 0.6260, 150, 144, 130
L 320.0338, -506.1875, 0.6260, 319.5724, -506.0340, 0.6260, 150, 144, 130
L 319.5724, -506.0340, 0.6260, 319.5724, -506.0340, 0.6260, 150, 144, 130
L 319.5724, -506.0340, 0.6260, 319.5000, -478.1875, 0.6260, 176, 150, 104
L 319.5000, -478.1875, 0.6260, 278.2500, -478.1875, 0.6260, 176, 150, 104
L 278.2500, -478.1875, 0.6260, 278.2500, -479.4949, 0.6260, 176, 150, 104
L 278.2500, -479.4949, 0.6260, 277.6049, -480.1875, 0.6260, 176, 150, 104
L 277.6049, -480.1875, 0.6260, 276.0547, -480.1875, 0.6260, 176, 150, 104
L 276.0547, -480.1875, 0.6260, 275.5000, -479.5306, 0.6260, 176, 150, 104
L 275.5000, -479.5306, 0.6260, 275.5000, -478.1865, 0.6260, 176, 150, 104
L 275.5000, -478.1865, 0.6260, 240.2812, -478.1875, 0.6260, 176, 150, 104
L 240.2812, -478.1875, 0.6260, 240.2803, -519.4063, 0.6260, 176, 150, 104
L 240.2803, -519.4063, 0.6260, 249.5313, -519.4063, 0.6260, 176, 150, 104
L 249.5313, -519.4063, 0.6260, 249.5313, -519.4063, 0.6260, 176, 150, 104
L 249.5313, -519.4063, 0.6260, 249.5313, -517.8768, 0.6260, 176, 150, 104
L 249.5313, -517.8768, 0.6260, 250.2939, -517.4063, 0.6260, 176, 150, 104
L 250.2939, -517.4063, 0.6260, 263.7010, -517.4063, 0.6260, 176, 150, 104
L 263.7010, -517.4063, 0.6260, 264.2812, -518.1274, 0.6260, 176, 150, 104
L 264.2812, -518.1274, 0.6260, 264.2690, -529.5094, 0.6263, 176, 150, 104
L 264.2690, -529.5094, 0.6263, 263.5717, -530.1407, 0.6382, 176, 150, 104
L 263.5717, -530.1407, 0.6382, 258.2812, -530.1562, 0.6260, 176, 150, 104
L 258.2812, -530.1562, 0.6260, 258.2803, -553.4063, 0.6260, 176, 150, 104
L 258.2803, -553.4063, 0.6260, 277.5000, -553.4063, 0.6260, 176, 150, 104
L 277.5000, -553.4063, 0.6260, 277.5832, -545.5457, 0.6260, 176, 150, 104
L 277.5832, -545.5457, 0.6260, 277.5832, -545.5457, 0.6260, 176, 150, 104
L 277.5432, -536.1483, 0.6260, 277.5000, -506.1875, 0.6260, 176, 150, 104
L 277.5000, -506.1875, 0.6260, 250.0118, -506.1875, 0.6260, 176, 150, 104
L 250.0118, -506.1875, 0.6260, 249.5313, -505.5632, 0.6260, 176, 150, 104
L 249.5313, -505.5632, 0.6260, 249.5313, -504.0583, 0.6260, 176, 150, 104
L 249.5313, -504.0583, 0.6260, 250.1974, -503.4375, 0.6260, 176, 150, 104
L 250.1974, -503.4375, 0.6260, 275.5000, -503.4375, 0.6260, 176, 150, 104
L 275.5000, -503.4375, 0.6260, 275.5000, -501.9888, 0.6260, 176, 150, 104
L 275.5000, -501.9888, 0.6260, 276.2068, -501.4375, 0.6260, 176, 150, 104
L 276.2068, -501.4375, 0.6260, 277.6996, -501.4375, 0.6260, 176, 150, 104
L 277.6996, -501.4375, 0.6260, 278.2500, -501.9423, 0.6260, 176, 150, 104
L 278.2500, -501.9423, 0.6260, 278.2500, -503.4375, 0.6260, 176, 150, 104
L 278.2500, -503.4375, 0.6260, 283.7775, -503.4375, 0.6260, 176, 150, 104
L 283.7775, -503.4375, 0.6260, 284.2500, -504.1333, 0.6260, 176, 150, 104
L 284.2500, -504.1333, 0.6260, 284.2488, -529.4063, 0.6260, 176, 150, 104
L 284.2488, -529.4063, 0.6260, 319.5000, -529.4063, 0.6260, 176, 150, 104
L 319.5000, -529.4063, 0.6260, 319.6426, -515.4869, 0.6260, 176, 150, 104
L 319.6426, -515.4869, 0.6260, 319.6426, -515.4869, 0.6260, 176, 150, 104
L 275.5000, -491.5908, 0.6260, 275.5000, -490.1774, 0.6260, 176, 150, 104
L 275.5000, -490.1774, 0.6260, 276.0748, -489.4375, 0.6260, 176, 150, 104
L 276.0748, -489.4375, 0.6260, 277.6979, -489.4375, 0.6260, 176, 150, 104
L 277.6979, -489.4375, 0.6260, 278.2500, -490.0461, 0.6260, 176, 150, 104
L 278.2500, -490.0461, 0.6260, 278.2500, -491.6331, 0.6260, 176, 150, 104
L 278.2500, -491.6331, 0.6260, 277.6035, -492.1875, 0.6260, 176, 150, 104
L 277.6035, -492.1875, 0.6260, 276.1450, -492.1875, 0.6260, 176, 150, 104
L 276.1450, -492.1875, 0.6260, 275.5000, -491.5874, 0.6260, 176, 150, 104
L 275.5000, -491.5874, 0.6260, 275.5000, -491.2478, 0.6260, 176, 150, 104
L 264.2812, -519.5521, 0.6260, 263.8900, -520.1563, 1.6260, 176, 150, 104
L 263.8900, -520.1563, 1.6260, 250.1761, -520.1563, 14.6260, 176, 150, 104
L 250.1761, -520.1563, 14.6260, 249.5313, -519.5062, 14.6260, 176, 150, 104
L 249.5313, -519.5062, 14.6260, 249.5313, -503.9320, 14.6260, 176, 150, 104
L 249.5313, -503.9320, 14.6260, 250.1561, -503.4375, 14.6260, 176, 150, 104
L 250.1561, -503.4375, 14.6260, 275.5000, -503.4375, 14.6260, 176, 150, 104
L 275.5000, -503.4375, 14.6260, 275.5000, -501.9336, 14.6260, 176, 150, 104
L 275.5000, -501.9336, 14.6260, 276.1984, -501.4375, 14.6260, 176, 150, 104
L 276.1984, -501.4375, 14.6260, 277.5000, -501.4375, 14.6260, 176, 150, 104
L 277.5000, -501.4375, 14.6260, 277.5000, -492.1875, 14.6260, 176, 150, 104
L 277.5000, -492.1875, 14.6260, 276.0799, -492.1875, 14.6260, 176, 150, 104
L 276.0799, -492.1875, 14.6260, 275.5000, -491.4997, 14.6260, 176, 150, 104
L 275.5000, -491.4997, 14.6260, 275.5000, -489.9496, 14.6260, 176, 150, 104
L 275.5000, -489.9496, 14.6260, 276.1997, -489.4375, 14.6260, 176, 150, 104
L 276.1997, -489.4375, 14.6260, 277.5000, -489.4375, 14.6260, 176, 150, 104
L 277.5000, -489.4375, 14.6260, 277.5000, -480.1875, 14.6260, 176, 150, 104
L 277.5000, -480.1875, 14.6260, 276.0236, -480.1875, 14.6260, 176, 150, 104
L 276.0236, -480.1875, 14.6260, 275.5000, -479.4758, 14.6260, 176, 150, 104
L 275.5000, -479.4758, 14.6260, 275.5000, -478.1866, 14.6260, 176, 150, 104
L 275.5000, -478.1866, 14.6260, 240.2812, -478.1875, 14.6260, 176, 150, 104
L 240.2812, -478.1875, 14.6260, 240.2803, -529.4063, 14.6260, 176, 150, 104
L 240.2803, -529.4063, 14.6260, 250.7940, -529.4063, 14.6260, 176, 150, 104
L 250.7940, -529.4063, 14.6260, 264.2673, -529.6751, 0.6326, 176, 150, 104
L 264.2673, -529.6751, 0.6326, 264.2673, -529.6751, 0.6326, 176, 150, 104
L 263.2654, -529.7159, 1.6390, 263.2651, -520.1563, 1.6401, 176, 150, 104
L 262.2690, -520.1563, 2.6260, 262.2662, -529.6082, 2.6362, 176, 150, 104
L 261.2681, -529.5444, 3.6295, 261.2407, -520.1563, 3.7008, 176, 150, 104
L 260.2444, -520.1562, 4.6933, 260.2690, -529.6951, 4.6262, 176, 150, 104
L 259.2686, -529.5827, 5.6279, 259.2556, -520.1563, 5.6675, 176, 150, 104
L 258.2603, -520.1563, 6.6548, 258.2681, -529.7053, 6.6296, 176, 150, 104
L 257.2680, -529.6805, 7.6301, 257.2661, -520.1562, 7.6366, 176, 150, 104
L 256.2568, -520.1563, 8.6643, 256.2685, -529.6409, 8.6280, 176, 150, 104
L 255.2688, -529.5549, 9.6272, 255.2571, -520.1563, 9.6636, 176, 150, 104
L 254.2664, -520.1563, 10.6358, 254.2682, -529.6681, 10.6294, 176, 150, 104
L 252.2688, -529.4063, 12.6260, 252.2483, -520.1562, 12.6850, 176, 150, 104
L 253.2556, -520.1563, 11.6675, 253.2682, -529.4063, 11.6260, 176, 150, 104
L 251.2425, -520.1563, 13.6972, 251.2687, -529.4063, 13.6263, 176, 150, 104
L 277.5432, -536.1483, 0.6260, 281.5217, -536.1563, 0.6260, 150, 144, 130
L 281.5217, -536.1563, 0.6260, 282.2500, -535.5189, -0.3740, 150, 144, 130
L 282.2500, -535.5189, -0.3740, 282.2500, -534.0195, -0.3740, 150, 144, 130
L 282.2500, -534.0195, -0.3740, 281.7319, -533.4063, -0.3740, 150, 144, 130
L 281.7319, -533.4063, -0.3740, 280.2500, -533.4063, -0.3740, 150, 144, 130
L 280.2500, -533.4063, -0.3740, 280.2500, -532.1562, -0.3740, 150, 144, 130
L 280.2500, -532.1562, -0.3740, 320.9697, -532.1562, -0.3740, 150, 144, 130
L 320.9697, -532.1562, -0.3740, 293.7196, -559.4063, -0.3740, 150, 144, 130
L 293.7196, -559.4063, -0.3740, 280.2500, -559.4063, -0.3740, 150, 144, 130
L 280.2500, -559.4063, -0.3740, 280.2500, -548.1562, -0.3740, 150, 144, 130
L 280.2500, -548.1562, -0.3740, 281.7157, -548.1562, -0.3740, 150, 144, 130
L 281.7157, -548.1562, -0.3740, 282.2500, -547.6597, -0.3740, 150, 144, 130
L 282.2500, -547.6597, -0.3740, 282.2500, -545.9675, -0.3740, 150, 144, 130
L 282.2500, -545.9675, -0.3740, 281.6847, -545.4063, 0.6260, 150, 144, 130
L 281.6847, -545.4063, 0.6260, 277.7181, -545.4406, 0.6260, 150, 144, 130
L 319.7050, -515.4469, 0.6260, 323.6393, -515.4063, 0.6260, 150, 144, 130
L 323.6393, -515.4063, 0.6260, 324.2500, -516.0236, 0.6260, 150, 144, 130
L 324.2500, -516.0236, 0.6260, 324.2500, -517.5699, 0.6260, 150, 144, 130
L 324.2500, -517.5699, 0.6260, 323.7139, -518.1562, 0.6260, 150, 144, 130
L 323.7139, -518.1562, 0.6260, 322.2500, -518.1562, 0.6260, 150, 144, 130
L 322.2500, -518.1562, 0.6260, 322.2500, -531.4063, 0.6260, 150, 144, 130
L 322.2500, -531.4063, 0.6260, 349.7194, -531.4063, 0.6260, 150, 144, 130
L 349.7194, -531.4063, 0.6260, 363.4688, -517.6262, 0.6260, 150, 144, 130
L 363.4688, -517.6262, 0.6260, 363.4688, -448.1592, 0.6260, 150, 144, 130
L 363.4688, -448.1592, 0.6260, 363.7680, -447.3578, 0.6260, 150, 144, 130
L 363.7680, -447.3578, 0.6260, 377.4855, -433.6404, 0.6260, 150, 144, 130
L 377.4855, -433.6404, 0.6260, 378.1262, -433.4375, 0.6260, 150, 144, 130
L 378.1262, -433.4375, 0.6260, 405.7195, -433.4375, 0.6260, 150, 144, 130
L 405.7195, -433.4375, 0.6260, 406.2187, -434.1753, -0.3740, 150, 144, 130
L 406.2187, -434.1753, -0.3740, 406.2178, -461.4375, -0.3740, 150, 144, 130
L 406.2178, -461.4375, -0.3740, 433.6552, -461.4375, -0.3740, 150, 144, 130
L 433.6552, -461.4375, -0.3740, 434.1875, -462.0627, -0.3740, 150, 144, 130
L 574.1562, -336.2500, 0.6260, 574.1562, -337.6609, 0.6260, 150, 144, 130
L 574.1562, -337.6609, 0.6260, 573.4058, -338.2500, 0.6260, 150, 144, 130
L 573.4058, -338.2500, 0.6260, 571.9342, -338.2500, 0.6260, 150, 144, 130
L 571.9342, -338.2500, 0.6260, 571.4063, -337.6436, 0.6260, 150, 144, 130
L 571.4063, -337.6436, 0.6260, 571.4063, -308.2500, 0.6260, 150, 144, 130
L 571.4063, -308.2500, 0.6260, 570.0343, -308.2500, 0.6260, 150, 144, 130
L 570.0343, -308.2500, 0.6260, 569.4063, -307.5889, 0.6260, 150, 144, 130
L 569.4063, -307.5889, 0.6260, 569.4063, -306.1641, 0.6260, 150, 144, 130
L 569.4063, -306.1641, 0.6260, 569.9924, -305.5000, 0.6260, 150, 144, 130
L 569.9924, -305.5000, 0.6260, 571.4063, -305.5000, 0.6260, 150, 144, 130
L 571.4063, -305.5000, 0.6260, 571.4063, -296.2500, 0.6260, 150, 144, 130
L 571.4063, -296.2500, 0.6260, 548.1562, -296.2500, 0.6260, 150, 144, 130
L 548.1562, -296.2500, 0.6260, 548.1544, -305.5000, 0.6260, 150, 144, 130
L 548.1544, -305.5000, 0.6260, 549.5571, -305.5000, 0.6260, 150, 144, 130
L 549.5571, -305.5000, 0.6260, 550.1562, -306.1472, 0.6260, 150, 144, 130
L 550.1562, -306.1472, 0.6260, 550.1562, -307.5327, 0.6260, 150, 144, 130
L 550.1562, -307.5327, 0.6260, 549.4229, -308.2500, 0.6260, 150, 144, 130
L 549.4229, -308.2500, 0.6260, 548.1562, -308.2500, 0.6260, 150, 144, 130
L 548.1562, -308.2500, 0.6260, 548.1562, -333.5000, 0.6260, 150, 144, 130
L 548.1562, -333.5000, 0.6260, 561.5615, -333.5000, 0.6260, 150, 144, 130
L 561.5615, -333.5000, 0.6260, 562.1562, -334.0855, 0.6260, 150, 144, 130
L 562.1562, -334.0855, 0.6260, 562.1562, -337.5525, 0.6260, 150, 144, 130
L 562.1562, -337.5525, 0.6260, 561.6265, -338.2500, 0.6260, 150, 144, 130
L 561.6265, -338.2500, 0.6260, 560.1427, -338.2500, 0.6260, 150, 144, 130
L 560.1427, -338.2500, 0.6260, 559.4063, -337.4652, 0.6260, 150, 144, 130
L 559.4063, -337.4652, 0.6260, 559.4062, -336.2492, 0.6260, 150, 144, 130
L 559.4062, -336.2492, 0.6260, 546.1465, -336.2500, 0.6260, 150, 144, 130
L 546.1465, -336.2500, 0.6260, 545.4063, -335.5811, 1.6260, 150, 144, 130
L 545.4063, -335.5811, 1.6260, 545.4063, -294.2500, 1.6260, 150, 144, 130
L 545.4063, -294.2500, 1.6260, 518.1641, -294.2500, 1.6260, 150, 144, 130
L 518.1641, -294.2500, 1.6260, 517.2559, -293.8793, 0.6260, 150, 144, 130
L 517.2559, -293.8793, 0.6260, 504.1870, -280.7812, 0.6260, 150, 144, 130
L 504.1870, -280.7812, 0.6260, 504.1875, -307.5000, 0.6260, 150, 144, 130
L 504.1875, -307.5000, 0.6260, 504.1875, -307.5000, 0.6260, 150, 144, 130
L 504.1875, -307.5000, 0.6260, 517.4184, -307.5000, 0.6260, 176, 150, 104
L 517.4184, -307.5000, 0.6260, 518.1562, -308.0903, 1.6260, 176, 150, 104
L 518.1562, -308.0903, 1.6260, 518.1562, -335.7486, 1.6260, 176, 150, 104
L 518.1562, -335.7486, 1.6260, 517.4184, -336.2500, 0.6260, 176, 150, 104
L 517.4184, -336.2500, 0.6260, 490.1875, -336.2500, 0.6260, 176, 150, 104
L 490.1875, -336.2500, 0.6260, 490.1875, -337.5353, 0.6260, 176, 150, 104
L 490.1875, -337.5353, 0.6260, 489.4821, -338.2500, 0.6260, 176, 150, 104
L 489.4821, -338.2500, 0.6260, 488.0870, -338.2500, 0.6260, 176, 150, 104
L 488.0870, -338.2500, 0.6260, 487.4375, -337.7426, 0.6260, 176, 150, 104
L 487.4375, -337.7426, 0.6260, 487.4375, -334.1292, 0.6260, 176, 150, 104
L 487.4375, -334.1292, 0.6260, 488.1244, -333.5000, 0.6260, 176, 150, 104
L 488.1244, -333.5000, 0.6260, 499.4375, -333.5000, 0.6260, 176, 150, 104
L 499.4375, -333.5000, 0.6260, 499.4375, -318.1111, 0.6260, 176, 150, 104
L 499.4375, -318.1111, 0.6260, 500.0241, -317.5000, 0.6260, 176, 150, 104
L 500.0241, -317.5000, 0.6260, 505.5125, -317.5000, 0.6260, 176, 150, 104
L 505.5125, -317.5000, 0.6260, 506.1875, -318.0791, 0.6260, 176, 150, 104
L 506.1875, -318.0791, 0.6260, 506.1875, -321.6663, 0.6260, 176, 150, 104
L 506.1875, -321.6663, 0.6260, 505.5825, -322.2500, 0.6260, 176, 150, 104
L 505.5825, -322.2500, 0.6260, 504.1875, -322.2500, 0.6260, 176, 150, 104
L 504.1875, -322.2500, 0.6260, 504.1868, -333.5000, 0.6260, 176, 150, 104
L 504.1868, -333.5000, 0.6260, 515.4063, -333.5000, 0.6260, 176, 150, 104
L 515.4063, -333.5000, 0.6260, 515.4063, -310.2500, 0.6260, 176, 150, 104
L 515.4063, -310.2500, 0.6260, 478.1875, -310.2500, 0.6260, 176, 150, 104
L 478.1875, -310.2500, 0.6260, 478.1875, -337.6760, 0.6260, 176, 150, 104
L 478.1875, -337.6760, 0.6260, 477.6436, -338.2500, 0.6260, 176, 150, 104
L 477.6436, -338.2500, 0.6260, 476.0339, -338.2500, 0.6260, 176, 150, 104
L 476.0339, -338.2500, 0.6260, 475.4375, -337.6394, 0.6260, 176, 150, 104
L 475.4375, -337.6394, 0.6260, 475.4375, -308.2492, 0.6260, 176, 150, 104
L 475.4375, -308.2492, 0.6260, 475.4375, -308.2492, 0.6260, 176, 150, 104
L 475.4375, -308.2492, 0.6260, 475.4375, -308.2492, 0.6260, 176, 150, 104
L 475.4375, -308.2492, 0.6260, 474.0716, -308.2498, 0.6260, 176, 150, 104
L 474.0716, -308.2498, 0.6260, 473.4375, -307.6465, 0.6260, 176, 150, 104
L 473.4375, -307.6465, 0.6260, 473.4375, -306.1187, 0.6260, 176, 150, 104
L 473.4375, -306.1187, 0.6260, 473.9338, -305.5000, 0.6260, 176, 150, 104
L 473.9338, -305.5000, 0.6260, 477.8173, -305.5000, 0.6260, 176, 150, 104
L 477.8173, -305.5000, 0.6260, 501.4375, -305.5000, 0.6260, 176, 150, 104
L 501.4375, -305.5000, 0.6260, 501.4375, -282.2500, 2.3841, 176, 150, 104
L 501.4375, -282.2500, 2.3841, 478.1874, -282.2500, 0.6260, 176, 150, 104
L 478.1874, -282.2500, 0.6260, 478.1875, -295.6329, 0.6260, 176, 150, 104
L 478.1875, -295.6329, 0.6260, 477.9822, -296.2094, 0.6260, 176, 150, 104
L 477.9822, -296.2094, 0.6260, 474.0655, -296.2500, 0.6260, 150, 144, 130
L 474.0655, -296.2500, 0.6260, 473.4375, -295.7035, 0.6260, 150, 144, 130
L 473.4375, -295.7035, 0.6260, 473.4375, -294.0784, 0.6260, 150, 144, 130
L 473.4375, -294.0784, 0.6260, 474.0694, -293.5000, 0.6260, 150, 144, 130
L 474.0694, -293.5000, 0.6260, 475.4375, -293.5000, 0.6260, 150, 144, 130
L 475.4375, -293.5000, 0.6260, 475.4375, -280.2500, 0.6260, 150, 144, 130
L 475.4375, -280.2500, 0.6260, 434.0333, -280.2500, 0.6260, 150, 144, 130
L 434.0333, -280.2500, 0.6260, 433.4375, -279.7473, 0.6260, 150, 144, 130
L 433.4375, -279.7473, 0.6260, 433.4375, -252.1569, 0.6260, 150, 144, 130
L 433.4375, -252.1569, 0.6260, 434.1351, -251.5313, 0.6260, 150, 144, 130
L 434.1351, -251.5313, 0.6260, 439.8869, -251.5313, 0.6260, 150, 144, 130
L 439.8869, -251.5313, 0.6260, 439.8869, -251.5313, 0.6260, 150, 144, 130
L 439.8869, -251.5313, 0.6260, 447.7438, -240.1014, 0.7957, 176, 150, 104
L 447.7438, -240.1014, 0.7957, 453.7875, -233.8175, 0.6395, 176, 150, 104
L 453.7875, -233.8175, 0.6395, 461.4375, -220.0497, 0.6260, 176, 150, 104
L 461.4375, -220.0497, 0.6260, 461.4375, -220.0497, 0.6260, 176, 150, 104
L 461.4375, -220.0497, 0.6260, 461.4375, -210.0616, 0.6260, 150, 144, 130
L 461.4375, -210.0616, 0.6260, 447.5356, -196.1591, 0.6260, 150, 144, 130
L 447.5356, -196.1591, 0.6260, 447.5356, -196.1591, 0.6260, 150, 144, 130
L 524.9899, -343.2500, 1.6260, 538.6111, -343.2500, 1.6260, 40, 92, 158
L 538.6111, -343.2500, 1.6260, 539.1562, -342.6432, 1.6260, 40, 92, 158
L 539.1562, -342.6432, 1.6260, 538.8416, -295.8963, 1.6260, 40, 92, 158
L 538.8416, -295.8963, 1.6260, 524.9097, -295.7813, 1.6260, 40, 92, 158
L 524.9097, -295.7813, 1.6260, 524.4063, -342.2500, 1.6260, 40, 92, 158
L 524.4063, -342.2500, 1.6260, 525.0569, -343.2500, 1.6260, 40, 92, 158
L 525.0569, -343.2500, 1.6260, 525.0569, -343.2500, 1.6260, 40, 92, 158
L 525.1458, -370.4688, -23.3740, 538.4063, -370.4688, -23.3740, 40, 92, 158
L 538.4063, -370.4688, -23.3740, 538.4063, -295.8926, -23.3740, 40, 92, 158
L 538.4063, -295.8926, -23.3740, 525.1562, -296.0406, -23.3740, 40, 92, 158
L 525.1562, -296.0406, -23.3740, 525.1467, -370.4688, -23.3740, 40, 92, 158
L 525.1467, -370.4688, -23.3740, 525.1467, -370.4688, -23.3740, 40, 92, 158
L 525.1513, -295.5000, -55.3427, 538.4063, -295.5000, -55.3427, 40, 92, 158
L 538.4063, -295.5000, -55.3427, 538.4063, -280.1556, -55.3427, 40, 92, 158
L 538.4063, -280.1556, -55.3427, 539.1072, -279.5000, -55.3427, 40, 92, 158
L 539.1072, -279.5000, -55.3427, 545.5313, -279.5000, -55.3427, 40, 92, 158
L 545.5313, -279.5000, -55.3427, 545.7457, -266.2812, -55.3427, 40, 92, 158
L 545.7457, -266.2812, -55.3427, 525.1562, -266.2812, -55.3427, 40, 92, 158
L 525.1562, -266.2812, -55.3427, 525.1562, -295.5000, -55.3427, 40, 92, 158
L 525.1562, -295.5000, -55.3427, 525.1562, -295.5000, -55.3427, 40, 92, 158
L 557.4063, -319.5657, 0.6260, 557.4063, -316.1017, 0.6260, 150, 144, 130
L 557.4063, -316.1017, 0.6260, 558.0214, -315.5000, 0.6260, 150, 144, 130
L 558.0214, -315.5000, 0.6260, 561.4330, -315.5000, 0.6260, 150, 144, 130
L 561.4330, -315.5000, 0.6260, 562.1562, -316.1181, 0.6260, 150, 144, 130
L 562.1562, -316.1181, 0.6260, 562.1562, -319.6510, 0.6260, 150, 144, 130
L 562.1562, -319.6510, 0.6260, 561.4582, -320.2500, 0.6260, 150, 144, 130
L 561.4582, -320.2500, 0.6260, 558.0575, -320.2500, 0.6260, 150, 144, 130
L 558.0575, -320.2500, 0.6260, 558.0575, -320.2500, 0.6260, 150, 144, 130
L 558.0575, -320.2500, 0.6260, 557.4063, -319.4223, 0.6260, 150, 144, 130
L 557.4063, -319.4223, 0.6260, 557.4063, -319.4223, 0.6260, 150, 144, 130
L 525.1562, -266.2812, -55.3427, 525.1562, -266.2812, -55.3427, 40, 92, 158
L 378.2187, -168.1693, -21.3740, 405.7697, -154.3938, -21.3740, 40, 92, 158
L 405.7697, -154.3938, -21.3740, 419.3551, -167.9791, -21.3740, 40, 92, 158
L 419.3551, -167.9791, -21.3740, 420.4016, -168.3125, -21.3740, 40, 92, 158
L 420.4016, -168.3125, -21.3740, 447.4375, -168.3125, -21.3740, 40, 92, 158
L 447.4375, -168.3125, -21.3740, 448.2759, -167.8081, -19.3740, 40, 92, 158
L 448.2759, -167.8081, -19.3740, 454.0960, -154.2280, -19.3740, 40, 92, 158
L 454.0960, -154.2280, -19.3740, 473.8287, -146.3349, -19.3740, 40, 92, 158
L 473.8287, -146.3349, -19.3740, 499.5124, -154.2374, -19.3740, 40, 92, 158
L 499.5124, -154.2374, -19.3740, 507.4098, -179.9041, -19.3740, 40, 92, 158
L 507.4098, -179.9041, -19.3740, 493.5957, -207.5012, -19.3740, 40, 92, 158
L 493.5957, -207.5012, -19.3740, 461.9333, -203.5434, -19.3740, 40, 92, 158
L 461.9333, -203.5434, -19.3740, 448.0742, -195.6239, -19.3740, 40, 92, 158
L 448.0742, -195.6239, -19.3740, 447.4375, -195.5313, -21.3740, 40, 92, 158
L 447.4375, -195.5313, -21.3740, 420.2094, -195.5312, -21.3740, 40, 92, 158
L 420.2094, -195.5312, -21.3740, 419.2340, -195.9856, -21.3740, 40, 92, 158
L 419.2340, -195.9856, -21.3740, 391.8437, -223.3759, -21.3740, 40, 92, 158
L 391.8437, -223.3759, -21.3740, 378.2187, -209.7509, -21.3740, 40, 92, 158
L 378.2187, -209.7509, -21.3740, 378.2187, -168.1692, -21.3740, 40, 92, 158
L 378.2187, -168.1692, -21.3740, 378.2187, -168.1692, -21.3740, 40, 92, 158
L 473.4375, -170.0677, -19.3740, 473.4375, -183.4087, -19.3740, 40, 92, 158
L 473.4375, -183.4087, -19.3740, 474.4133, -184.3125, -19.3740, 40, 92, 158
L 474.4133, -184.3125, -19.3740, 474.6004, -184.3125, -19.3740, 40, 92, 158
L 474.6004, -184.3125, -19.3740, 491.4148, -184.3125, -19.3740, 40, 92, 158
L 491.4148, -184.3125, -19.3740, 492.1875, -183.1402, -19.3740, 40, 92, 158
L 492.1875, -183.1402, -19.3740, 492.1875, -166.3747, -19.3740, 40, 92, 158
L 492.1875, -166.3747, -19.3740, 491.4272, -165.5625, -19.3740, 40, 92, 158
L 491.4272, -165.5625, -19.3740, 474.4393, -165.5625, -19.3740, 40, 92, 158
L 474.4393, -165.5625, -19.3740, 473.4375, -166.3232, -19.3740, 40, 92, 158
L 473.4375, -166.3232, -19.3740, 473.4375, -180.7185, -19.3740, 40, 92, 158
L 478.1875, 208.7894, 0.6260, 478.1875, 211.6423, 0.6260, 176, 150, 104
L 478.1875, 211.6423, 0.6260, 477.4718, 212.2812, 0.6260, 176, 150, 104
L 477.4718, 212.2812, 0.6260, 460.1538, 212.2812, 0.6260, 176, 150, 104
L 460.1538, 212.2812, 0.6260, 459.4375, 211.2023, 0.6260, 176, 150, 104
L 459.4375, 211.2023, 0.6260, 459.4375, 164.3703, 0.6260, 176, 150, 104
L 459.4375, 164.3703, 0.6260, 460.2404, 163.5625, 0.6260, 176, 150, 104
L 460.2404, 163.5625, 0.6260, 461.6184, 163.5625, 0.6260, 176, 150, 104
L 461.6184, 163.5625, 0.6260, 462.1875, 164.0735, 0.6260, 176, 150, 104
L 462.1875, 164.0735, 0.6260, 462.1875, 165.5625, 0.6260, 176, 150, 104
L 462.1875, 165.5625, 0.6260, 487.4375, 165.5625, 0.6260, 176, 150, 104
L 487.4375, 165.5625, 0.6260, 487.4375, 154.1736, 0.6260, 176, 150, 104
L 487.4375, 154.1736, 0.6260, 488.0794, 153.5625, 0.6260, 176, 150, 104
L 488.0794, 153.5625, 0.6260, 491.4512, 153.5625, 0.6260, 176, 150, 104
L 491.4512, 153.5625, 0.6260, 492.1875, 154.4689, 0.6260, 176, 150, 104
L 492.1875, 154.4689, 0.6260, 492.1875, 155.5051, 0.6260, 176, 150, 104
L 492.1875, 155.5051, 0.6260, 491.5880, 156.3125, -0.3740, 176, 150, 104
L 491.5880, 156.3125, -0.3740, 490.1875, 156.3125, -0.3740, 176, 150, 104
L 490.1875, 156.3125, -0.3740, 490.1875, 169.6309, -0.3740, 176, 150, 104
L 490.1875, 169.6309, -0.3740, 489.5826, 170.3125, 0.6260, 176, 150, 104
L 489.5826, 170.3125, 0.6260, 488.0457, 170.3125, 0.6260, 176, 150, 104
L 488.0457, 170.3125, 0.6260, 487.4375, 169.7899, 0.6260, 176, 150, 104
L 487.4375, 169.7899, 0.6260, 487.4375, 168.3121, 0.6260, 176, 150, 104
L 487.4375, 168.3121, 0.6260, 462.1875, 168.3125, 0.6260, 176, 150, 104
L 462.1875, 168.3125, 0.6260, 462.1869, 209.5313, 0.6260, 176, 150, 104
L 462.1869, 209.5313, 0.6260, 475.4375, 209.5313, 0.6260, 176, 150, 104
L 475.4375, 209.5313, 0.6260, 475.4375, 208.2451, 0.6260, 176, 150, 104
L 475.4375, 208.2451, 0.6260, 475.9612, 207.5312, 0.6260, 176, 150, 104
L 475.9612, 207.5312, 0.6260, 477.3432, 207.5313, 0.6260, 176, 150, 104
L 477.3432, 207.5313, 0.6260, 478.1875, 208.3464, 0.6260, 176, 150, 104
L 478.1875, 208.3464, 0.6260, 478.1875, 211.7457, 0.6260, 176, 150, 104
L 478.1875, 211.7457, 0.6260, 475.9453, 212.2812, 0.6260, 176, 150, 104
L 447.4375, -466.6709, -0.9990, 434.1875, -466.6326, -0.9990, 150, 0, 200
L 70.3437, -590.8785, -0.9990, 83.5938, -590.8755, -0.9990, 150, 0, 200
L 607.5883, 153.5000, -27.9990, 607.3810, 140.3750, -27.9990, 150, 0, 200
L 607.3810, 140.3750, -27.9990, 588.1874, 140.3750, -27.9990, 150, 144, 130
L 601.3125, 154.8373, -27.9990, 601.3125, 154.8373, -27.9990, 150, 144, 130
L 601.3125, 154.8373, -27.9990, 602.1014, 153.5000, -27.9990, 150, 144, 130
L 602.1014, 153.5000, -27.9990, 607.5303, 153.5000, -27.9990, 150, 144, 130
